mpx5500_pressure_hpa,rh_temp_c,humidity_pct,lpl_signal,mpl_signal,spl_signal,ch4_conc_mol_m3,co2_conc_mol_m3,ch4_ppm,co2_ppm
1282.07,14.25,7.24,37011764,1420862,1141066,220.73341120083353,43232.28248618214,2.2981,450.1
1325.51,14.27,7.29,37020158,1420639,1143109,224.8956984978653,44047.497451759795,2.2981,450.1
1417.83,14.27,7.33,37030514,1420639,1143109,233.77415994781543,45786.41024868881,2.2981,450.1
1499.29,14.42,7.37,37029592,1420639,1143109,241.4821838903973,47296.08414301721,2.2981,450.1
1580.75,14.47,7.37,37035954,1419637,1148761,249.2688067259648,48821.15221589869,2.2981,450.1
1662.21,14.54,7.37,37047906,1419659,1150411,257.03485265279454,50342.19014795824,2.2981,450.1
1732.81,14.58,7.49,37052844,1419073,1152631,263.7814426999572,51663.56005363159,2.2981,450.1
1792.55,14.58,7.53,37063404,1419241,1152631,269.5204790451142,52787.593063054665,2.2981,450.1
1835.99,14.67,7.54,37072678,1419161,1155304,273.6080422444152,53588.172757587265,2.2981,450.1
1884.87,14.72,7.57,37080019,1419458,1156935,278.25398556846966,54498.115358064584,2.2981,450.1
1912.02,14.77,7.58,37083658,1419233,1158173,280.8121592024032,54999.152716157565,2.2981,450.1
1977.19,14.78,7.59,37088326,1419304,1159098,287.05873724703946,56222.59154731842,2.2981,450.1
2020.64,14.83,7.62,37094686,1419174,1161105,291.17938020680515,57029.65015929812,2.2981,450.1
2031.5,14.88,7.62,37094686,1419671,1161760,292.1710333393742,57223.87281060543,2.2981,450.1
2102.1,14.91,7.66,37115179,1419671,1161760,298.915158234799,58544.7598979518,2.2981,450.1
2156.4,14.91,7.68,37115179,1419284,1163947,304.12561475052865,59565.2666112062,2.2981,450.1
2150.97,15.0,7.7,37116077,1419554,1163947,303.509742060195,59444.64335811922,2.2981,450.1
2140.11,15.02,7.7,37126170,1420255,1163947,302.4469839117915,59236.494259909225,2.2981,450.1
2140.11,15.04,7.7,37132412,1420958,1168037,302.4259944962037,59232.38332654859,2.2981,450.1
2172.69,15.06,7.7,37129876,1420958,1167805,305.5296548218785,59840.25831570756,2.2981,450.1
2188.99,15.08,7.69,37121383,1420305,1168154,307.0716284240668,60142.2653294776,2.2981,450.1
2183.56,15.1,7.69,37127428,1420642,1169034,306.5296202958426,60036.1090009829,2.2981,450.1
2199.85,15.12,7.69,37130482,1420771,1168973,308.0703516892253,60337.872718907056,2.2981,450.1
2227.0,15.14,7.69,37123805,1420220,1169859,310.6521292220109,60843.53307637923,2.2981,450.1
2216.14,15.16,7.77,37129357,1420220,1170925,309.58939167087266,60635.38801229703,2.2981,450.1
2205.28,15.19,7.81,37132991,1420397,1170925,308.5161014491402,60425.17612908839,2.2981,450.1
2183.56,15.2,7.81,37136104,1420761,1171778,306.42331558965367,60015.288432576104,2.2981,450.1
2140.11,15.21,7.81,37132921,1420621,1171663,302.2477020178283,59197.46341683327,2.2981,450.1
2080.37,15.22,7.82,37136462,1421420,1172338,296.51092147681425,58073.872223451595,2.2981,450.1
2031.5,15.23,7.82,37126214,1421247,1171189,291.81643225168165,57154.42154670463,2.2981,450.1
1971.76,15.23,7.89,37109925,1420823,1169796,286.09033152489053,56032.92207447598,2.2981,450.1
1933.75,15.23,7.98,37101425,1420554,1168703,282.44705920106514,55319.36005674228,2.2981,450.1
1879.44,15.22,8.03,37101425,1419650,1166992,277.25104003607606,54301.68100615198,2.2981,450.1
1835.99,15.22,8.11,37067618,1419335,1166464,273.08619731174383,53485.965541106096,2.2981,450.1
1803.41,15.22,8.14,37063732,1419246,1165432,269.9632841711514,52874.31974476099,2.2981,450.1
1754.53,15.21,8.15,37063732,1418842,1165432,265.28715546409745,51958.46511221891,2.2981,450.1
1727.38,15.2,8.16,37050849,1418706,1164142,262.69374752095223,51450.52685226083,2.2981,450.1
1683.94,15.2,8.16,37042990,1418706,1162768,258.529574525853,50634.94255867301,2.2981,450.1
1640.49,15.2,8.16,37036509,1418706,1162768,254.36444292739387,49819.170515478,2.2981,450.1
1591.62,15.2,8.15,37029273,1418194,1160761,249.6797483079072,48901.638185191696,2.2981,450.1
1564.46,15.18,8.15,37025924,1418344,1161146,247.09332001299097,48395.066941319885,2.2981,450.1
1542.74,15.18,8.14,37021560,1418174,1160771,245.01108909158685,47987.246508038486,2.2981,450.1
1526.45,15.18,8.13,37021777,1418169,1160948,243.44941590053375,47681.38118307744,2.2981,450.1
1493.86,15.18,8.13,37021589,1418132,1161189,240.32511084857433,47069.46277052492,2.2981,450.1
1444.99,15.17,8.13,37021589,1418258,1160219,235.64826414206595,46153.46751244241,2.2981,450.1
1423.26,15.17,8.11,37014352,1418160,1160101,233.56500229811743,45745.44516530294,2.2981,450.1
1385.25,15.17,8.09,37013061,1418083,1161216,229.9209718016386,45031.734653808606,2.2981,450.1
1363.53,15.17,8.08,37013354,1418083,1160245,227.8386686607936,44623.90007581185,2.2981,450.1
1325.51,15.17,8.07,37013354,1418041,1160182,224.1936794612113,43910.00179517481,2.2981,450.1
1309.22,15.17,8.08,37010236,1418033,1160182,222.6319521055775,43604.12586167724,2.2981,450.1
1282.07,15.17,8.08,37010526,1417957,1161203,220.0290731795212,43094.33263918128,2.2981,450.1
1260.35,15.17,8.09,37009969,1417966,1160695,217.9467700386762,42686.49806118453,2.2981,450.1
1238.62,15.17,8.09,37010664,1417953,1160295,215.8635081947276,42278.475714045046,2.2981,450.1
1303.79,15.17,8.09,37009528,1417953,1160949,222.11137632036625,43502.167217178045,2.2981,450.1
1320.08,15.17,8.13,37006192,1417079,1160856,223.67310367600004,43808.043150675614,2.2981,450.1
1320.08,15.18,8.17,36991529,1415258,1160759,223.66534613763508,43806.5237790129,2.2981,450.1
1428.7,15.19,8.2,37013479,1415995,1162676,234.07029994542597,45844.411472710606,2.2981,450.1
1472.14,15.19,8.28,37025309,1413889,1165066,238.23461735937096,46660.02405180492,2.2981,450.1
1493.86,15.23,8.33,37043528,1414408,1167054,240.2834427178356,47061.30175679815,2.2981,450.1
1510.16,15.24,8.33,37052775,1414577,1167054,241.8374175783647,47365.65930639309,2.2981,450.1
1618.77,15.27,8.33,37052775,1413934,1167054,252.22112709432628,49399.38614732008,2.2981,450.1
1656.78,15.29,8.38,37054938,1413173,1170505,255.84615292362483,50109.37445321072,2.2981,450.1
1711.09,15.31,8.42,37062900,1413173,1170505,261.03260371105273,51125.17946579559,2.2981,450.1
1770.83,15.33,8.42,37075025,1412074,1170505,266.7386224143174,52242.74572415659,2.2981,450.1
1830.56,15.35,8.42,37081999,1411633,1175824,272.44289188351985,53359.96938199917,2.2981,450.1
1928.32,15.38,8.48,37081999,1410717,1177762,281.7800246837801,55188.71637882139,2.2981,450.1
1939.18,15.42,8.51,37109311,1411066,1179880,282.78121545134724,55384.8070469742,2.2981,450.1
1971.76,15.45,8.47,37126289,1412298,1181843,285.8722446470823,55990.208135264686,2.2981,450.1
1988.05,15.45,8.45,37127868,1412236,1181570,287.43245681332047,56295.7873076348,2.2981,450.1
1998.91,15.49,8.45,37132060,1412236,1181570,288.43262145616853,56491.67700161938,2.2981,450.1
1993.48,15.5,8.45,37132060,1413057,1184373,287.90264835169364,56387.877822156275,2.2981,450.1
1988.05,15.52,8.44,37147494,1413681,1185177,287.3627569069327,56282.13606188174,2.2981,450.1
2015.21,15.53,8.44,37142184,1413145,1185592,289.9533930357615,56789.53144136298,2.2981,450.1
2020.64,15.54,8.44,37141503,1413052,1185449,290.46325786122054,56889.39226462528,2.2981,450.1
2009.78,15.55,8.45,37143334,1413052,1185449,289.41341562581056,56683.772844165775,2.2981,450.1
2004.34,15.56,8.45,37149393,1413507,1186024,288.88256128121856,56579.80106726273,2.2981,450.1
1998.91,15.57,8.48,37151483,1413615,1185203,288.35270108447105,56476.02400161892,2.2981,450.1
1998.91,15.58,8.48,37151483,1412771,1202227,288.3427141520053,56474.06798651826,2.2981,450.1
1998.91,15.58,8.48,37147928,1413408,1187016,288.3427141520053,56474.06798651826,2.2981,450.1
1993.48,15.59,8.5,37147928,1413375,1187720,287.81290935345424,56370.30177102379,2.2981,450.1
1993.48,15.6,8.5,37142354,1413060,1187356,287.80294180680994,56368.34955278064,2.2981,450.1
1998.91,15.6,8.5,37142645,1412964,1193191,288.32274236228045,56470.15636276161,2.2981,450.1
1993.48,15.6,8.56,37142220,1412964,1193191,287.80294180680994,56368.34955278064,2.2981,450.1
1998.91,15.61,8.58,37141793,1412945,1193191,288.3127575048777,56468.200754077494,2.2981,450.1
1998.91,15.62,8.6,37142127,1412582,1193191,288.3027733390189,56466.2452808374,2.2981,450.1
1998.91,15.63,8.6,37140919,1412582,1180298,288.2927898646322,56464.289943027274,2.2981,450.1
1998.91,15.64,8.65,37141966,1412127,1188273,288.28280708164584,56462.33474063304,2.2981,450.1
1993.48,15.65,8.67,37141966,1412111,1187464,287.75311442768833,56358.59048949242,2.2981,450.1
1993.48,15.66,8.7,37141154,1411829,1188114,287.74315102218196,56356.63908232197,2.2981,450.1
1993.48,15.66,8.7,37141890,1411545,1194269,287.74315102218196,56356.63908232197,2.2981,450.1
1998.91,15.66,8.71,37141890,1411512,1187116,288.2628435895865,56458.42474203599,2.2981,450.1
2004.34,15.67,8.74,37140403,1411377,1189084,288.7725374541257,56558.25208132893,2.2981,450.1
2004.34,15.68,8.74,37141964,1410925,1189084,288.76253944361946,56556.293896511525,2.2981,450.1
2004.34,15.68,8.77,37143542,1410893,1188567,288.76253944361946,56556.293896511525,2.2981,450.1
2004.34,15.68,8.79,37141917,1410893,1189800,288.76253944361946,56556.293896511525,2.2981,450.1
2004.34,15.7,8.82,37144430,1410682,1182722,288.7425454993963,56552.37793363138,2.2981,450.1
2004.34,15.71,8.83,37144054,1410674,1190297,288.7325495655356,56550.42015554048,2.2981,450.1
2004.34,15.71,8.83,37144426,1410674,1190037,288.7325495655356,56550.42015554048,2.2981,450.1
2004.34,15.72,8.84,37144218,1410465,1183580,288.7225543237463,56548.46251299692,2.2981,450.1
2004.34,15.72,8.84,37145573,1410404,1189452,288.7225543237463,56548.46251299692,2.2981,450.1
2004.34,15.72,8.85,37146364,1410378,1184148,288.7225543237463,56548.46251299692,2.2981,450.1
1998.91,15.72,8.86,37146979,1410013,1190669,288.2029696995482,56446.69799476379,2.2981,450.1
2004.34,15.73,8.89,37146979,1409902,1191419,288.7125597739566,56546.50500598663,2.2981,450.1
1998.91,15.75,8.91,37146979,1409893,1191419,288.17304208068015,56440.83644772384,2.2981,450.1
1998.91,15.76,8.94,37148009,1409770,1183381,288.1630675888979,56438.88286922369,2.2981,450.1
1998.91,15.76,8.95,37151001,1409624,1183381,288.1630675888979,56438.88286922369,2.2981,450.1
1998.91,15.77,8.95,37151001,1409374,1192374,288.1530937875831,56436.92942595673,2.2981,450.1
1998.91,15.77,8.95,37150840,1409299,1188507,288.1530937875831,56436.92942595673,2.2981,450.1
1998.91,15.77,9.01,37151729,1409121,1192620,288.1530937875831,56436.92942595673,2.2981,450.1
1998.91,15.79,9.03,37151189,1408978,1192739,288.1331482560687,56433.02294506616,2.2981,450.1
1998.91,15.79,9.05,37151535,1408903,1192313,288.1331482560687,56433.02294506616,2.2981,450.1
1993.48,15.79,9.06,37152377,1408903,1196117,287.61368950895127,56331.28308079674,2.2981,450.1
1998.91,15.8,9.06,37152377,1408687,1196117,288.12317652572585,56431.06990741448,2.2981,450.1
1993.48,15.8,9.08,37154169,1408664,1200956,287.6037357560698,56329.333564164765,2.2981,450.1
1993.48,15.81,9.09,37155658,1408650,1193110,287.5937826921248,56327.38418246612,2.2981,450.1
1993.48,15.81,9.1,37155658,1408416,1194740,287.5937826921248,56327.38418246612,2.2981,450.1
1993.48,15.82,9.11,37155216,1408258,1198721,287.5838303170446,56325.43493568678,2.2981,450.1
1993.48,15.83,9.12,37155697,1408217,1200079,287.5738786307578,56323.48582381275,2.2981,450.1
1993.48,15.83,9.14,37156278,1408304,1194018,287.5738786307578,56323.48582381275,2.2981,450.1
1993.48,15.83,9.14,37156278,1408129,1194018,287.5738786307578,56323.48582381275,2.2981,450.1
2004.34,15.83,9.15,37158105,1407969,1194018,288.61265232023186,56526.93738711822,2.2981,450.1
2026.07,15.84,9.15,37156635,1407911,1194850,290.68109734713266,56932.05775029129,2.2981,450.1
2015.21,15.85,9.15,37156534,1407181,1194995,289.63233737565264,56726.65029928257,2.2981,450.1
1993.48,15.86,9.19,37160207,1407429,1195213,287.5440277039424,56317.63929748248,2.2981,450.1
1982.62,15.86,9.19,37160207,1408687,1187804,286.50536184191606,56114.2088529857,2.2981,450.1
1982.62,15.86,9.18,37172417,1408539,1196729,286.50536184191606,56114.2088529857,2.2981,450.1
1982.62,15.86,9.18,37172417,1408255,1193535,286.50536184191606,56114.2088529857,2.2981,450.1
1977.19,15.87,9.17,37160928,1408023,1195388,285.9761338853368,56010.55561628742,2.2981,450.1
1977.19,15.87,9.18,37161602,1407906,1195388,285.9761338853368,56010.55561628742,2.2981,450.1
1977.19,15.87,9.18,37161910,1408039,1195665,285.9761338853368,56010.55561628742,2.2981,450.1
1982.62,15.87,9.18,37161910,1407849,1195665,286.49544884759587,56112.26731922149,2.2981,450.1
1977.19,15.88,9.21,37164704,1407492,1201387,285.96623954447654,56008.61773594226,2.2981,450.1
1977.19,15.89,9.22,37163784,1407719,1201387,285.95634588825095,56006.679989687895,2.2981,450.1
1977.19,15.89,9.22,37165519,1407662,1201387,285.95634588825095,56006.679989687895,2.2981,450.1
1977.19,15.9,9.24,37167041,1407785,1197255,285.946452916589,56004.74237751044,2.2981,450.1
1977.19,15.9,9.24,37167904,1407642,1197255,285.946452916589,56004.74237751044,2.2981,450.1
1977.19,15.91,9.26,37167904,1407370,1197649,285.93656062941966,56002.80489939594,2.2981,450.1
1977.19,15.91,9.26,37169935,1407591,1188775,285.93656062941966,56002.80489939594,2.2981,450.1
1977.19,15.91,9.27,37170835,1407448,1198461,285.93656062941966,56002.80489939594,2.2981,450.1
1977.19,15.92,9.27,37172681,1407511,1194813,285.9266690266719,56000.86755533051,2.2981,450.1
1977.19,15.92,9.3,37172314,1407511,1194813,285.9266690266719,56000.86755533051,2.2981,450.1
1977.19,15.94,9.3,37172593,1407191,1205193,285.906887874157,55996.99326929119,2.2981,450.1
1977.19,15.94,9.32,37174240,1407205,1199132,285.906887874157,55996.99326929119,2.2981,450.1
1977.19,15.94,9.33,37175749,1407028,1198359,285.906887874157,55996.99326929119,2.2981,450.1
1977.19,15.95,9.33,37174287,1406786,1198359,285.8969983242479,55995.056327289494,2.2981,450.1
1993.48,15.95,9.34,37174287,1407004,1199447,287.4545120951795,56300.10699884265,2.2981,450.1
2020.64,15.96,9.35,37175990,1406769,1199447,290.0412919371719,56806.74709582746,2.2981,450.1
2009.78,15.96,9.38,37175990,1405867,1200192,289.00298533835394,56603.387015705644,2.2981,450.1
1998.91,15.98,9.38,37191941,1406987,1191073,287.9438033310569,56395.938331364494,2.2981,450.1
1993.48,15.99,9.38,37195585,1407310,1201190,287.41474526774704,56292.318369528286,2.2981,450.1
1993.48,15.99,9.38,37194233,1407094,1201190,287.41474526774704,56292.318369528286,2.2981,450.1
1988.05,15.99,9.37,37189917,1407045,1200683,286.8956458335902,56190.64887937817,2.2981,450.1
1988.05,16.0,9.36,37188827,1407045,1201984,286.8857237984585,56188.705574903695,2.2981,450.1
1993.48,16.0,9.36,37190213,1407119,1201244,287.4048052800152,56290.37154890337,2.2981,450.1
1993.48,16.01,9.36,37190719,1407130,1201244,287.39486597979106,56288.42486293197,2.2981,450.1
1993.48,16.02,9.36,37192497,1407087,1202314,287.38492736700346,56286.478311600134,2.2981,450.1
1993.48,16.02,9.36,37193766,1407126,1203315,287.38492736700346,56286.478311600134,2.2981,450.1
1993.48,16.02,9.36,37193766,1406981,1201555,287.38492736700346,56286.478311600134,2.2981,450.1
1988.05,16.03,9.36,37196393,1407105,1202871,286.8559618103751,56182.876467886446,2.2981,450.1
2026.07,16.04,9.36,37198161,1407104,1202671,290.4800661238212,56892.68428803443,2.2981,450.1
2036.93,16.04,9.39,37196172,1407104,1203268,291.5180854909646,57095.98811169366,2.2981,450.1
2031.5,16.06,9.41,37205893,1406492,1201089,290.97895208581986,56990.39481912342,2.2981,450.1
2026.07,16.06,9.41,37207742,1406699,1203925,290.4599782937929,56888.749936920154,2.2981,450.1
2020.64,16.07,9.41,37213842,1407051,1205889,289.9309795724907,56785.141597658105,2.2981,450.1
2020.64,16.07,9.41,37216335,1407281,1203750,289.9309795724907,56785.141597658105,2.2981,450.1
2004.34,16.08,9.4,37216335,1407253,1203750,288.3631859333423,56478.07753735581,2.2981,450.1
2004.34,16.08,9.4,37216335,1407519,1205257,288.3631859333423,56478.07753735581,2.2981,450.1
2004.34,16.08,9.38,37214420,1407475,1205257,288.3631859333423,56478.07753735581,2.2981,450.1
2004.34,16.09,9.38,37216565,1407423,1205437,288.35321624775486,56476.1249001847,2.2981,450.1
2004.34,16.09,9.38,37215465,1407471,1205622,288.35321624775486,56476.1249001847,2.2981,450.1
2004.34,16.09,9.38,37216644,1407575,1205464,288.35321624775486,56476.1249001847,2.2981,450.1
2004.34,16.1,9.38,37217500,1407658,1205904,288.3432472515146,56474.17239802738,2.2981,450.1
2004.34,16.11,9.4,37218245,1407556,1207056,288.3332789445502,56472.22003086988,2.2981,450.1
2004.34,16.11,9.4,37220089,1407556,1206047,288.3332789445502,56472.22003086988,2.2981,450.1
2004.34,16.12,9.43,37219627,1407322,1205461,288.3233113267902,56470.26779869817,2.2981,450.1
1998.91,16.12,9.43,37219486,1407374,1208493,287.80444517961934,56368.64399954165,2.2981,450.1
2004.34,16.13,9.43,37220223,1407577,1206063,288.31334439816305,56468.31570149828,2.2981,450.1
2004.34,16.13,9.43,37220897,1407447,1207193,288.31334439816305,56468.31570149828,2.2981,450.1
1998.91,16.14,9.43,37220897,1407447,1207322,287.7845478831225,56364.746965838494,2.2981,450.1
1998.91,16.15,9.43,37226562,1407510,1208844,287.7746002665347,56362.79865104534,2.2981,450.1
2004.34,16.15,9.43,37228360,1407471,1207432,288.2934126080214,56464.411911957905,2.2981,450.1
2004.34,16.15,9.41,37228360,1407404,1207719,288.2934126080214,56464.411911957905,2.2981,450.1
2004.34,16.15,9.43,37230454,1407299,1207437,288.2934126080214,56464.411911957905,2.2981,450.1
1998.91,16.16,9.43,37230127,1407265,1207437,287.7646533376257,56360.850470939185,2.2981,450.1
2004.34,16.16,9.43,37232252,1407450,1208600,288.2834477463641,56462.46021958945,2.2981,450.1
2004.34,16.18,9.44,37233402,1407422,1207805,288.26352008951926,56458.55723958602,2.2981,450.1
1998.91,16.18,9.44,37234680,1407332,1209063,287.74476154255865,56356.954514732024,2.2981,450.1
1998.91,16.18,9.44,37235276,1407341,1209215,287.74476154255865,56356.954514732024,2.2981,450.1
1998.91,16.19,9.44,37238140,1407341,1208417,287.734816676258,56355.00673860308,2.2981,450.1
1998.91,16.2,9.44,37239326,1407370,1210373,287.72487249735093,56353.059097105295,2.2981,450.1
1998.91,16.2,9.44,37240587,1407341,1210373,287.72487249735093,56353.059097105295,2.2981,450.1
1998.91,16.21,9.45,37242501,1407444,1212282,287.7149290057662,56351.1115902247,2.2981,450.1
1998.91,16.21,9.45,37243840,1407529,1210159,287.7149290057662,56351.1115902247,2.2981,450.1
1998.91,16.22,9.45,37245288,1407393,1211662,287.70498620143235,56349.16421794731,2.2981,450.1
1998.91,16.23,9.45,37247031,1407423,1211505,287.69504408427844,56347.216980259225,2.2981,450.1
1998.91,16.23,9.45,37248923,1407593,1211930,287.69504408427844,56347.216980259225,2.2981,450.1
1993.48,16.24,9.45,37248923,1407554,1209022,287.1664516628646,56243.68821785621,2.2981,450.1
1998.91,16.25,9.45,37253321,1407542,1212063,287.67516191122496,56343.32290859508,2.2981,450.1
1998.91,16.25,9.46,37257423,1407584,1210646,287.67516191122496,56343.32290859508,2.2981,450.1
1998.91,16.26,9.46,37257423,1407721,1204187,287.6652218551829,56341.37607459111,2.2981,450.1
1998.91,16.28,9.46,37257423,1407794,1210810,287.6453438037125,56337.482810169706,2.2981,450.1
1993.48,16.29,9.46,37264815,1407828,1214351,287.11684441236997,56233.97226839901,2.2981,450.1
1993.48,16.3,9.46,37265351,1408011,1214351,287.1069250188854,56232.0294813108,2.2981,450.1
1998.91,16.31,9.46,37269834,1407962,1214686,287.61553187697257,56331.643922294665,2.2981,450.1
1993.48,16.32,9.46,37269834,1407816,1214644,287.0870882879621,56228.14430982627,2.2981,450.1
1998.91,16.32,9.48,37271424,1407906,1215683,287.60559594123225,56329.69789528247,2.2981,450.1
1998.91,16.33,9.48,37275107,1408163,1215885,287.59566069195967,56327.7520027201,2.2981,450.1
1993.48,16.34,9.48,37275107,1408074,1215885,287.06725429795983,56224.25967517155,2.2981,450.1
1993.48,16.35,9.48,37279076,1407996,1223361,287.0573383306265,56222.31755912059,2.2981,450.1
1993.48,16.35,9.46,37281721,1408051,1216545,287.0573383306265,56222.31755912059,2.2981,450.1
1998.91,16.35,9.48,37281198,1408161,1216537,287.57579225253363,56323.86062088917,2.2981,450.1
1998.91,16.36,9.48,37281198,1408288,1217420,287.56585906223785,56321.91513159274,2.2981,450.1
1993.48,16.36,9.48,37285126,1408364,1217678,287.0474230483105,56220.37557723536,2.2981,450.1
1993.48,16.37,9.48,37287264,1408410,1217428,287.03750845094083,56218.43372950197,2.2981,450.1
1993.48,16.37,9.48,37287264,1408373,1217560,287.03750845094083,56218.43372950197,2.2981,450.1
1993.48,16.38,9.48,37291006,1408519,1217892,287.02759453844635,56216.4920159065,2.2981,450.1
1993.48,16.38,9.48,37291000,1408433,1225531,287.02759453844635,56216.4920159065,2.2981,450.1
1993.48,16.38,9.48,37293058,1408472,1217695,287.02759453844635,56216.4920159065,2.2981,450.1
1993.48,16.39,9.48,37295807,1408462,1217977,287.01768131075636,56214.55043643507,2.2981,450.1
1993.48,16.4,9.48,37299070,1408462,1219439,287.00776876779963,56212.608991073765,2.2981,450.1
1993.48,16.41,9.48,37299981,1408445,1227778,286.99785690950534,56210.6676798087,2.2981,450.1
1998.91,16.41,9.47,37302328,1408445,1218941,287.51620340208757,56312.18970074394,2.2981,450.1
1998.91,16.43,9.47,37302328,1408710,1218941,287.4963459393207,56308.30046877345,2.2981,450.1
1998.91,16.44,9.47,37312658,1408975,1216162,287.4864182365016,56306.35605424019,2.2981,450.1
1998.91,16.45,9.47,37313229,1408951,1220512,287.47649121929726,56304.4117739897,2.2981,450.1
1998.91,16.46,9.47,37315189,1408892,1221183,287.4665648876368,56302.467628008075,2.2981,450.1
1998.91,16.47,9.46,37318430,1409202,1213546,287.45663924144907,56300.52361628138,2.2981,450.1
1998.91,16.47,9.45,37322287,1409253,1213546,287.45663924144907,56300.52361628138,2.2981,450.1
1998.91,16.48,9.45,37324139,1409185,1213546,287.44671428066323,56298.57973879576,2.2981,450.1
1998.91,16.49,9.43,37326826,1409291,1222479,287.43679000520814,56296.63599553727,2.2981,450.1
1998.91,16.5,9.43,37329273,1409464,1222510,287.4268664150129,56294.69238649203,2.2981,450.1
1998.91,16.5,9.43,37329366,1409384,1234638,287.4268664150129,56294.69238649203,2.2981,450.1
1998.91,16.51,9.43,37329366,1409475,1224340,287.41694351000655,56292.74891164613,2.2981,450.1
1998.91,16.52,9.43,37335236,1409573,1224340,287.40702129011805,56290.80557098566,2.2981,450.1
1998.91,16.53,9.42,37335236,1409573,1224835,287.39709975527654,56288.86236449675,2.2981,450.1
1998.91,16.54,9.42,37339038,1409801,1224835,287.3871789054109,56286.91929216547,2.2981,450.1
1998.91,16.55,9.41,37342515,1409915,1226337,287.37725874045043,56284.97635397796,2.2981,450.1
1998.91,16.56,9.41,37344019,1410013,1225993,287.36733926032406,56283.033549920314,2.2981,450.1
1998.91,16.57,9.41,37345896,1409972,1227005,287.35742046496097,56281.090879978656,2.2981,450.1
1998.91,16.57,9.41,37345896,1410159,1227277,287.35742046496097,56281.090879978656,2.2981,450.1
1998.91,16.58,9.41,37350261,1410085,1235348,287.3475023542902,56279.14834413909,2.2981,450.1
1993.48,16.59,9.41,37351153,1410329,1227009,286.81956045667283,56175.746991666354,2.2981,450.1
1998.91,16.6,9.41,37351903,1410219,1227242,287.32766818674196,56275.263674710666,2.2981,450.1
1998.91,16.61,9.4,37353626,1410179,1237337,287.3177521297228,56273.32154109406,2.2981,450.1
1998.91,16.61,9.4,37353626,1410179,1228277,287.3177521297228,56273.32154109406,2.2981,450.1
1993.48,16.62,9.4,37360649,1410626,1228003,286.7898659168181,56169.93109488701,2.2981,450.1
1998.91,16.63,9.4,37362034,1410647,1228003,287.2979220688401,56269.43767598666,2.2981,450.1
1998.91,16.64,9.39,37365680,1410843,1228921,287.28800806483486,56267.49594446812,2.2981,450.1
1993.48,16.65,9.39,37367184,1410785,1228921,286.7601775249013,56164.1164022271,2.2981,450.1
1993.48,16.66,9.38,37371440,1410785,1228921,286.7502827601407,56162.1784388579,2.2981,450.1
1993.48,16.66,9.38,37372113,1410941,1241230,286.7502827601407,56162.1784388579,2.2981,450.1
1993.48,16.68,9.38,37372113,1411073,1239957,286.73049527901316,56158.30291331266,2.2981,450.1
1993.48,16.7,9.37,37379598,1411294,1231301,286.7107105286058,56154.42792259931,2.2981,450.1
1998.91,16.71,9.37,37380781,1411132,1231301,287.2186291903281,56253.90757519982,2.2981,450.1
1993.48,16.72,9.37,37384822,1411594,1231301,286.6909285083533,56150.553466607125,2.2981,450.1
1993.48,16.73,9.36,37385043,1411637,1231301,286.6810385218586,56148.61643909689,2.2981,450.1
1993.48,16.73,9.36,37388302,1411812,1234026,286.6810385218586,56148.61643909689,2.2981,450.1
1993.48,16.74,9.35,37388302,1411767,1241381,286.6711492176908,56146.67954522547,2.2981,450.1
1993.48,16.74,9.34,37392369,1411767,1241381,286.6711492176908,56146.67954522547,2.2981,450.1
1993.48,16.76,9.35,37395310,1411978,1234243,286.65137265605324,56142.806158343665,2.2981,450.1
1993.48,16.77,9.34,37399092,1411978,1235315,286.6414853984422,56140.86966530563,2.2981,450.1
1993.48,16.79,9.33,37402483,1412494,1233517,286.6217129292832,56136.997079966226,2.2981,450.1
1993.48,16.8,9.33,37403330,1412464,1236322,286.611827717594,56135.06098763721,2.2981,450.1
1993.48,16.8,9.32,37406199,1412479,1236385,286.611827717594,56135.06098763721,2.2981,450.1
1993.48,16.8,9.32,37407668,1412847,1228819,286.611827717594,56135.06098763721,2.2981,450.1
1993.48,16.81,9.3,37407792,1412714,1236935,286.60194318773756,56133.12502885023,2.2981,450.1
1993.48,16.82,9.3,37409008,1412675,1230865,286.59205933964336,56131.18920359144,2.2981,450.1
1993.48,16.83,9.3,37412398,1412798,1238794,286.5821761732409,56129.25351184706,2.2981,450.1
1993.48,16.84,9.29,37413825,1412864,1238106,286.5722936884595,56127.31795360326,2.2981,450.1
1993.48,16.84,9.29,37417156,1412864,1238106,286.5722936884595,56127.31795360326,2.2981,450.1
1993.48,16.85,9.29,37417621,1413215,1238197,286.56241188522887,56125.38252884624,2.2981,450.1
1993.48,16.87,9.28,37420678,1413394,1239097,286.54265032313765,56121.512079737295,2.2981,450.1
1993.48,16.88,9.28,37422509,1413464,1238919,286.53277056413606,56119.57705535776,2.2981,450.1
1993.48,16.88,9.28,37422509,1413977,1229107,286.53277056413606,56119.57705535776,2.2981,450.1
1993.48,16.9,9.28,37427940,1414001,1240595,286.51301308986865,56115.70740687955,2.2981,450.1
1993.48,16.9,9.28,37429994,1413820,1240595,286.51301308986865,56115.70740687955,2.2981,450.1
1993.48,16.92,9.27,37433261,1414114,1241078,286.4932583401123,56111.83829201713,2.2981,450.1
1993.48,16.93,9.27,37435520,1414227,1241432,286.48338198674975,56109.90393465736,2.2981,450.1
1993.48,16.94,9.27,37439297,1414309,1242576,286.47350631430373,56107.969710660174,2.2981,450.1
1993.48,16.94,9.26,37440777,1414417,1242576,286.47350631430373,56107.969710660174,2.2981,450.1
1993.48,16.96,9.26,37441855,1414634,1242962,286.4537570118796,56104.101662698326,2.2981,450.1
1993.48,16.96,9.26,37443177,1414779,1235849,286.4537570118796,56104.101662698326,2.2981,450.1
1993.48,16.98,9.26,37445430,1414808,1235849,286.43401043227647,56100.234148021256,2.2981,450.1
1988.05,16.99,9.26,37445430,1414950,1234145,285.90682786352886,55996.981515762745,2.2981,450.1
1988.05,17.0,9.25,37452323,1415006,1245140,285.8969741041677,55995.05158360642,2.2981,450.1
1988.05,17.02,9.25,37452323,1415261,1245089,285.87726862295995,55991.19211835616,2.2981,450.1
1993.48,17.03,9.24,37460405,1415310,1240645,286.38465589191674,56090.56769372601,2.2981,450.1
1988.05,17.04,9.23,37462972,1415310,1240645,285.85756585796986,55987.33318509736,2.2981,450.1
1988.05,17.06,9.22,37467008,1415380,1256583,285.8378658086361,55983.47478372008,2.2981,450.1
1988.05,17.08,9.22,37467008,1415552,1258926,285.8181684743971,55979.61691411434,2.2981,450.1
1988.05,17.09,9.22,37473971,1415552,1249217,285.8083208252628,55977.68817869144,2.2981,450.1
1988.05,17.1,9.21,37475465,1415732,1249217,285.7984738546917,55975.7595761702,2.2981,450.1
1988.05,17.11,9.21,37476107,1416075,1249401,285.7886275626138,55973.83110653691,2.2981,450.1
1988.05,17.12,9.21,37479905,1416096,1251447,285.7787819489588,55971.9027697778,2.2981,450.1
1988.05,17.13,9.21,37482547,1416265,1250648,285.76893701365674,55969.974565879165,2.2981,450.1
1988.05,17.14,9.21,37482890,1416343,1251177,285.7590927566374,55968.04649482725,2.2981,450.1
1988.05,17.15,9.18,37482890,1416558,1251516,285.7492491778308,55966.11855660835,2.2981,450.1
1988.05,17.17,9.18,37488530,1416452,1251332,285.7295640545752,55962.26307861464,2.2981,450.1
1988.05,17.17,9.18,37490718,1416548,1252669,285.7295640545752,55962.26307861464,2.2981,450.1
1988.05,17.18,9.16,37492155,1416780,1253077,285.7197225099861,55960.3355388124,2.2981,450.1
1988.05,17.19,9.15,37493971,1416806,1252981,285.7098816433295,55958.40813178826,2.2981,450.1
1988.05,17.19,9.15,37499751,1416818,1253937,285.7098816433295,55958.40813178826,2.2981,450.1
1988.05,17.2,9.15,37496990,1416938,1253970,285.70004145453515,55956.48085752852,2.2981,450.1
1988.05,17.21,9.14,37501709,1417069,1254735,285.6902019435331,55954.55371601944,2.2981,450.1
1988.05,17.22,9.13,37504173,1417188,1254430,285.6803631102533,55952.62670724731,2.2981,450.1
1988.05,17.23,9.13,37504173,1417200,1255522,285.6705249546259,55950.699831198435,2.2981,450.1
1988.05,17.25,9.13,37509566,1417422,1256338,285.6508506760478,55946.84647721558,2.2981,450.1
1988.05,17.26,9.13,37508927,1417743,1247450,285.64101455295713,55944.919999254176,2.2981,450.1
1988.05,17.27,9.1,37514636,1417526,1257014,285.6311791072388,55942.99365396118,2.2981,450.1
1988.05,17.28,9.09,37514636,1417754,1257731,285.6213443388227,55941.06744132288,2.2981,450.1
1982.62,17.3,9.09,37520941,1417853,1258451,285.08491866390824,55836.00447788396,2.2981,450.1
1988.05,17.31,9.08,37522676,1417868,1258626,285.591844096689,55935.28959919922,2.2981,450.1
1988.05,17.32,9.07,37524458,1417892,1258741,285.58201203678266,55933.36391704273,2.2981,450.1
1988.05,17.33,9.07,37527767,1418098,1259654,285.5721806538291,55931.438367472474,2.2981,450.1
1988.05,17.35,9.04,37529551,1418221,1259947,285.5525199185,55927.587666035804,2.2981,450.1
1988.05,17.35,9.03,37533800,1418231,1260999,285.5525199185,55927.587666035804,2.2981,450.1
1988.05,17.37,9.02,37534586,1418304,1260645,285.5328618901427,55923.737494779714,2.2981,450.1
1988.05,17.38,9.02,37535341,1418442,1260645,285.5230338909038,55921.81260793517,2.2981,450.1
1988.05,17.39,9.01,37535341,1418546,1260645,285.5132065681981,55919.88785359469,2.2981,450.1
1982.62,17.39,9.0,37542894,1418810,1261834,284.99660847364277,55818.708269434144,2.2981,450.1
1988.05,17.41,8.99,37545109,1418747,1261834,285.4935539521072,55916.03874237129,2.2981,450.1
1988.05,17.43,8.98,37547773,1418759,1263910,285.4739040413114,55912.190161000086,2.2981,450.1
1988.05,17.43,8.98,37551950,1419140,1267405,285.4739040413114,55912.190161000086,2.2981,450.1
1993.48,17.45,8.95,37553796,1419164,1267405,285.97074826812246,56009.50080304684,2.2981,450.1
1993.48,17.46,8.94,37555920,1419072,1265149,285.960907906529,56007.573494943084,2.2981,450.1
1993.48,17.48,8.94,37559289,1419336,1265910,285.9412292148656,56003.71927662461,2.2981,450.1
1993.48,17.48,8.94,37563282,1419418,1267414,285.9412292148656,56003.71927662461,2.2981,450.1
1998.91,17.48,8.94,37564338,1419491,1258381,286.45766733340844,56104.8675282917,2.2981,450.1
1993.48,17.51,8.94,37570073,1419542,1268745,285.911716255131,55997.93894366411,2.2981,450.1
1998.91,17.52,8.94,37572703,1419605,1278883,286.41824700556816,56097.146763503006,2.2981,450.1
1998.91,17.54,8.94,37576818,1419605,1269878,286.3985409099332,56093.28717791261,2.2981,450.1
1998.91,17.55,8.91,37577392,1419781,1278636,286.38868887894216,56091.35758427044,2.2981,450.1
1998.91,17.55,8.9,37578110,1419831,1269989,286.38868887894216,56091.35758427044,2.2981,450.1
1998.91,17.55,8.89,37580021,1419935,1271333,286.38868887894216,56091.35758427044,2.2981,450.1
1998.91,17.57,8.89,37582513,1420035,1271911,286.3689868502631,56087.49879522364,2.2981,450.1
1998.91,17.59,8.86,37582513,1420125,1272746,286.34928753218855,56083.640537068924,2.2981,450.1
1998.91,17.59,8.82,37585676,1420208,1273225,286.34928753218855,56083.640537068924,2.2981,450.1
1998.91,17.62,8.82,37585676,1420278,1273296,286.31974363623647,56077.854145019825,2.2981,450.1
1998.91,17.64,8.79,37588553,1420458,1266829,286.30005109222634,56073.99721361607,2.2981,450.1
1998.91,17.65,8.79,37589607,1420461,1273609,286.29020583599896,56072.068946861815,2.2981,450.1
1998.91,17.66,8.74,37589033,1420499,1273609,286.28036125686356,56070.140812721074,2.2981,450.1
1993.48,17.66,8.73,37590844,1420493,1274543,285.76424279328904,55969.05516786015,2.2981,450.1
1998.91,17.68,8.72,37590938,1420458,1289543,286.2606741295894,56066.28494222541,2.2981,450.1
1998.91,17.69,8.7,37593351,1420458,1276358,286.250831581311,56064.35720584312,2.2981,450.1
1993.48,17.7,8.7,37596009,1420826,1281078,285.7249422269774,55961.35785925876,2.2981,450.1
1998.91,17.72,8.68,37596009,1420939,1277833,286.22130799707253,56058.57479199441,2.2981,450.1
1993.48,17.73,8.68,37596009,1420939,1277609,285.6954738954771,55955.586267070306,2.2981,450.1
1993.48,17.73,8.68,37600434,1420921,1278037,285.6954738954771,55955.586267070306,2.2981,450.1
1993.48,17.76,8.61,37602000,1421051,1279476,285.66601164180116,55949.81586526901,2.2981,450.1
1998.91,17.77,8.61,37605111,1421073,1291713,286.17211555447716,56048.94008575353,2.2981,450.1
1993.48,17.79,8.58,37606188,1421275,1280330,285.6365554640695,55944.04665348666,2.2981,450.1
1993.48,17.79,8.56,37608383,1421603,1272983,285.6365554640695,55944.04665348666,2.2981,450.1
1993.48,17.81,8.56,37608383,1421397,1272983,285.61692138684487,55940.20117323828,2.2981,450.1
1993.48,17.83,8.56,37612835,1421654,1282156,285.5972900086479,55936.35622161457,2.2981,450.1
1993.48,17.84,8.56,37615334,1421452,1295886,285.587475331511,55934.43394400292,2.2981,450.1
1993.48,17.84,8.5,37616390,1421844,1282763,285.587475331511,55934.43394400292,2.2981,450.1
1993.48,17.86,8.49,37616930,1422049,1281384,285.56784800081226,55930.589785111886,2.2981,450.1
1993.48,17.87,8.46,37619373,1421886,1283915,285.55803534711146,55928.667903805275,2.2981,450.1
1993.48,17.88,8.45,37622657,1422187,1274962,285.5482233677503,55926.7461545731,2.2981,450.1
1993.48,17.9,8.45,37622657,1422187,1285083,285.52860143176906,55922.90305227765,2.2981,450.1
1993.48,17.92,8.42,37626245,1422309,1284922,285.5089821923124,55919.060478116626,2.2981,450.1
1993.48,17.93,8.41,37626245,1422366,1284922,285.4991735836072,55917.13938905253,2.2981,450.1
1993.48,17.94,8.4,37626245,1422402,1287683,285.48936564882473,55915.21843198121,2.2981,450.1
1993.48,17.96,8.36,37632083,1422402,1287683,285.4697518007502,55911.376913762535,2.2981,450.1
1993.48,17.97,8.36,37635377,1422650,1289047,285.45994588731924,55909.45635258797,2.2981,450.1
1993.48,17.99,8.34,37635377,1422885,1289047,285.440336081323,55905.61562604042,2.2981,450.1
1993.48,17.99,8.31,37641366,1422899,1289142,285.440336081323,55905.61562604042,2.2981,450.1
1993.48,18.01,8.29,37641294,1422864,1287885,285.4207289693515,55901.7754271377,2.2981,450.1
1993.48,18.02,8.28,37644283,1423172,1290927,285.41092642345154,55899.855525519146,2.2981,450.1
1993.48,18.04,8.27,37644283,1423290,1291042,285.3913233514763,55896.01611787976,2.2981,450.1
1993.48,18.05,8.25,37648890,1423359,1291891,285.3815228252623,55894.09661183177,2.2981,450.1
1993.48,18.06,8.24,37652595,1423437,1293633,285.37172297213823,55892.17723761344,2.2981,450.1
1993.48,18.07,8.24,37652595,1423844,1296193,285.3619237920348,55890.257995211214,2.2981,450.1
1993.48,18.09,8.24,37657058,1423724,1293855,285.3423274506125,55886.41990580075,2.2981,450.1
1993.48,18.1,8.19,37658358,1423888,1290927,285.33253028915493,55884.50105876535,2.2981,450.1
1993.48,18.11,8.18,37658358,1423888,1295959,285.32273380044074,55882.582343491755,2.2981,450.1
1993.48,18.12,8.18,37664342,1423888,1295959,285.31293798440066,55880.66375996639,2.2981,450.1
1993.48,18.14,8.14,37664342,1424318,1293601,285.29334837006553,55876.82698810605,2.2981,450.1
1993.48,18.16,8.1,37674309,1424457,1297244,285.2737614455953,55872.99074307579,2.2981,450.1
1993.48,18.16,8.09,37674309,1424551,1297352,285.2737614455953,55872.99074307579,2.2981,450.1
1993.48,18.18,8.07,37675212,1424703,1298307,285.2541772104362,55869.15502476713,2.2981,450.1
1993.48,18.19,8.06,37678323,1424749,1298307,285.2443861011752,55867.23736309951,2.2981,450.1
1993.48,18.2,8.04,37679092,1424791,1299429,285.23459566403426,55865.31983307159,2.2981,450.1
1993.48,18.21,8.04,37680178,1424832,1299670,285.2248058989442,55863.40243466986,2.2981,450.1
1993.48,18.21,8.04,37680178,1424897,1300635,285.2248058989442,55863.40243466986,2.2981,450.1
1993.48,18.23,8.01,37680178,1425047,1300635,285.2052283846399,55859.56803269067,2.2981,450.1
1993.48,18.25,7.98,37688241,1425047,1300635,285.1856535577089,55855.734157053565,2.2981,450.1
1993.48,18.25,7.97,37690570,1425298,1300635,285.1856535577089,55855.734157053565,2.2981,450.1
1993.48,18.28,7.95,37690570,1425505,1303467,285.15629635492706,55849.98433025224,2.2981,450.1
1993.48,18.3,7.92,37690570,1425530,1302673,285.13672824400885,55846.15176999626,2.2981,450.1
1993.48,18.31,7.91,37698798,1425654,1303853,285.12694519562336,55844.23568711113,2.2981,450.1
1988.05,18.32,7.9,37700091,1425519,1304091,284.60221304533667,55741.46298755756,2.2981,450.1
1993.48,18.33,7.88,37700091,1425797,1304810,285.10738111265397,55840.40391575892,2.2981,450.1
1993.48,18.35,7.86,37704568,1425883,1306751,285.0878197142929,55836.572670207235,2.2981,450.1
1993.48,18.36,7.83,37706817,1425902,1303350,285.0780400216678,55834.65724457277,2.2981,450.1
1993.48,18.38,7.84,37706817,1425918,1310473,285.05848264918325,55830.82678751899,2.2981,450.1
1993.48,18.39,7.81,37706817,1425918,1308835,285.0487049691856,55828.911756072615,2.2981,450.1
1993.48,18.4,7.79,37711221,1426101,1308263,285.03892795992584,55826.99685599523,2.2981,450.1
1993.48,18.4,7.78,37713748,1426054,1308263,285.03892795992584,55826.99685599523,2.2981,450.1
1993.48,18.4,7.77,37714849,1426298,1306535,285.03892795992584,55826.99685599523,2.2981,450.1
1993.48,18.44,7.77,37717658,1426260,1309196,284.9998266288843,55819.33856910528,2.2981,450.1
1993.48,18.45,7.75,37718047,1426380,1308110,284.9900529722785,55817.42432567014,2.2981,450.1
1993.48,18.46,7.73,37718047,1426312,1311137,284.98027998599633,55815.510213522895,2.2981,450.1
1993.48,18.48,7.71,37724072,1426741,1310096,284.96073602412775,55811.682383038125,2.2981,450.1
1993.48,18.49,7.71,37723528,1426321,1312370,284.9509650484035,55809.7686646736,2.2981,450.1
1993.48,18.5,7.71,37724987,1426617,1309900,284.94119474272713,55807.855077542976,2.2981,450.1
1993.48,18.51,7.71,37724987,1426536,1316707,284.93142510703007,55805.94162163276,2.2981,450.1
1993.48,18.52,7.67,37728983,1426520,1313934,284.92165614124315,55804.02829692945,2.2981,450.1
1993.48,18.53,7.67,37731960,1426649,1313830,284.91188784529754,55802.115103419535,2.2981,450.1
1993.48,18.54,7.66,37731311,1426628,1317749,284.90212021912436,55800.20204108955,2.2981,450.1
1993.48,18.54,7.66,37734908,1426777,1317749,284.90212021912436,55800.20204108955,2.2981,450.1
1993.48,18.54,7.65,37735423,1426603,1317132,284.90212021912436,55800.20204108955,2.2981,450.1
1993.48,18.58,7.63,37736665,1426564,1316093,284.8630564107784,55792.551103298974,2.2981,450.1
1998.91,18.59,7.62,37737671,1426676,1313895,285.36776532908925,55891.40210374791,2.2981,450.1
1998.91,18.6,7.62,37737590,1426624,1316456,285.35798408606166,55889.48637445558,2.2981,450.1
1998.91,18.61,7.61,37737590,1426648,1316456,285.34820351353335,55887.570776485525,2.2981,450.1
2004.34,18.62,7.62,37741271,1426763,1317958,285.85284390958833,55986.40835634034,2.2981,450.1
2004.34,18.62,7.63,37744059,1426698,1317958,285.85284390958833,55986.40835634034,2.2981,450.1
1998.91,18.65,7.61,37745655,1426856,1317958,285.30908792703394,55879.909697557974,2.2981,450.1
1998.91,18.67,7.61,37745655,1426926,1320236,285.2895341549876,55876.07994567683,2.2981,450.1
2004.34,18.67,7.57,37749324,1426769,1320236,285.80386631314025,55976.81572931746,2.2981,450.1
2004.34,18.7,7.57,37749683,1426922,1321567,285.7744878105212,55971.061730784386,2.2981,450.1
2004.34,18.7,7.57,37752620,1426999,1321567,285.7744878105212,55971.061730784386,2.2981,450.1
1998.91,18.7,7.52,37752620,1426914,1323274,285.2602085218725,55870.33630202987,2.2981,450.1
2004.34,18.73,7.51,37755330,1427055,1325951,285.74511534706244,55965.30891506585,2.2981,450.1
1998.91,18.73,7.5,37755815,1427092,1323281,285.23088891704975,55864.593839068846,2.2981,450.1
1998.91,18.76,7.5,37755930,1427045,1324295,285.20157533866086,55858.852556429774,2.2981,450.1
2004.34,18.76,7.49,37758583,1427133,1324498,285.71574892090234,55959.557281797206,2.2981,450.1
1998.91,18.77,7.48,37759111,1427227,1325309,285.19180548475094,55856.93905778096,2.2981,450.1
2004.34,18.78,7.45,37762922,1427217,1326297,285.6961746565978,55955.72351635468,2.2981,450.1
1998.91,18.8,7.44,37762922,1427420,1326719,285.1624999387172,55851.199348338465,2.2981,450.1
1998.91,18.82,7.43,37765923,1427393,1327331,285.1429662537538,55847.37353066212,2.2981,450.1
1998.91,18.83,7.42,37766721,1427395,1327942,285.1332004147835,55845.46081836912,2.2981,450.1
1998.91,18.84,7.4,37766719,1427372,1327370,285.12343524472925,55843.54823708832,2.2981,450.1
1998.91,18.85,7.4,37769395,1427372,1325969,285.1136707435222,55841.63578680621,2.2981,450.1
1998.91,18.86,7.39,37771867,1427636,1330255,285.10390691109376,55839.723467509386,2.2981,450.1
1998.91,18.88,7.39,37773526,1427623,1330318,285.0843812522977,55835.89922181768,2.2981,450.1
1998.91,18.89,7.37,37773526,1427491,1337795,285.07461942579266,55833.98729539589,2.2981,450.1
1998.91,18.91,7.34,37777021,1427718,1330689,285.05509777822533,55830.16383533321,2.2981,450.1
1998.91,18.91,7.33,37777021,1427927,1330689,285.05509777822533,55830.16383533321,2.2981,450.1
1998.91,18.94,7.33,37777021,1427720,1334284,285.02582031945116,55824.42962698967,2.2981,450.1
1998.91,18.95,7.31,37779978,1427839,1333125,285.01606250293906,55822.51848595487,2.2981,450.1
1998.91,18.96,7.3,37781274,1427944,1332719,285.0063053545188,55820.60747577083,2.2981,450.1
1998.91,18.96,7.29,37781414,1427889,1332635,285.0063053545188,55820.60747577083,2.2981,450.1
1998.91,18.97,7.28,37782904,1427807,1344303,284.99654887412186,55818.69659642412,2.2981,450.1
1998.91,18.98,7.28,37786103,1428013,1333851,284.9867930616797,55816.78584790133,2.2981,450.1
1998.91,18.98,7.26,37786413,1428041,1334796,284.9867930616797,55816.78584790133,2.2981,450.1
1998.91,18.99,7.26,37788355,1428041,1334796,284.9770379171236,55814.875230189005,2.2981,450.1
1998.91,18.99,7.24,37788626,1428302,1334665,284.9770379171236,55814.875230189005,2.2981,450.1
1998.91,19.01,7.24,37790744,1428302,1334665,284.95752963139546,55811.05438714203,2.2981,450.1
1998.91,19.02,7.23,37791108,1428198,1335837,284.94777649008626,55809.14416178053,2.2981,450.1
1998.91,19.03,7.22,37789894,1428432,1330420,284.93802401638885,55807.23406717577,2.2981,450.1
1998.91,19.03,7.21,37791282,1428354,1336422,284.93802401638885,55807.23406717577,2.2981,450.1
1998.91,19.05,7.2,37792749,1428323,1336552,284.9185210715554,55803.41427018281,2.2981,450.1
1998.91,19.06,7.19,37793598,1428149,1336552,284.90877060028225,55801.50456776775,2.2981,450.1
1998.91,19.07,7.17,37796661,1428413,1336552,284.8990207963469,55799.59499605577,2.2981,450.1
1998.91,19.07,7.17,37796815,1428848,1332575,284.8990207963469,55799.59499605577,2.2981,450.1
1998.91,19.07,7.16,37797372,1428461,1338811,284.8990207963469,55799.59499605577,2.2981,450.1
1998.91,19.09,7.15,37799215,1428392,1339961,284.87952319021525,55795.7762446873,2.2981,450.1
1998.91,19.11,7.14,37799235,1428452,1341682,284.8600282526124,55791.95801597008,2.2981,450.1
1998.91,19.12,7.13,37801007,1428524,1346170,284.8502817843381,55790.04909757217,2.2981,450.1
1998.91,19.13,7.12,37801840,1428648,1348310,284.84053598299056,55788.14030979682,2.2981,450.1
1998.91,19.13,7.12,37801689,1428615,1340982,284.84053598299056,55788.14030979682,2.2981,450.1
1998.91,19.14,7.11,37804160,1428808,1332625,284.83079084850147,55786.23165263067,2.2981,450.1
1998.91,19.14,7.11,37803511,1428916,1331103,284.83079084850147,55786.23165263067,2.2981,450.1
1998.91,19.15,7.1,37803092,1428756,1343408,284.8210463808022,55784.32312606027,2.2981,450.1
1998.91,19.16,7.1,37803092,1428553,1353098,284.8113025798245,55782.41473007224,2.2981,450.1
1998.91,19.17,7.06,37806097,1428707,1344133,284.8015594454997,55780.50646465317,2.2981,450.1
1998.91,19.18,7.05,37807460,1428707,1344133,284.79181697775965,55778.598329789675,2.2981,450.1
1993.48,19.2,7.04,37807151,1428784,1344871,284.25893431406325,55674.22929148422,2.2981,450.1
1998.91,19.21,7.04,37806790,1428754,1343312,284.76259357336335,55772.874708398616,2.2981,450.1
1998.91,19.22,7.02,37810607,1428754,1346468,284.7528537712778,55770.96709562341,2.2981,450.1
1998.91,19.23,7.01,37808450,1428754,1346468,284.743114635435,55769.05961333681,2.2981,450.1
1998.91,19.23,6.98,37812300,1428390,1346468,284.743114635435,55769.05961333681,2.2981,450.1
1998.91,19.25,6.98,37809584,1428666,1346468,284.72363836220416,55765.24504017585,2.2981,450.1
1998.91,19.26,6.97,37809620,1428969,1346468,284.7139012246793,55763.3379492747,2.2981,450.1
1998.91,19.28,6.96,37810157,1429015,1346468,284.6944289474695,55759.52415876421,2.2981,450.1
1998.91,19.29,6.94,37810366,1429003,1346468,284.68469380764765,55757.61745912807,2.2981,450.1
1998.91,19.3,6.94,37810366,1429003,1349636,284.6749593335903,55755.71088988688,2.2981,450.1
1998.91,19.32,6.93,37807019,1428730,1349819,284.65549238249565,55751.898142535705,2.2981,450.1
1998.91,19.32,6.92,37810850,1428570,1350667,284.65549238249565,55751.898142535705,2.2981,450.1
1998.91,19.34,6.91,37810850,1428375,1351916,284.6360280936391,55748.085916603704,2.2981,450.1
1998.91,19.34,6.88,37810260,1428450,1351712,284.6360280936391,55748.085916603704,2.2981,450.1
1993.48,19.38,6.86,37811371,1428480,1352570,284.08402367865307,55639.97174089977,2.2981,450.1
1998.91,19.39,6.85,37813688,1428541,1352213,284.58737901520647,55738.55763228077,2.2981,450.1
1998.91,19.39,6.85,37809293,1428473,1352946,284.58737901520647,55738.55763228077,2.2981,450.1
1998.91,19.4,6.85,37809293,1428558,1352946,284.5776511950384,55736.652366253344,2.2981,450.1
1998.91,19.42,6.83,37809220,1428340,1353574,284.55819754967524,55732.84222492878,2.2981,450.1
1993.48,19.43,6.83,37809220,1428149,1353574,284.03547558519506,55630.4632352362,2.2981,450.1
1993.48,19.45,6.83,37809644,1428227,1355412,284.01606099356246,55626.66074287563,2.2981,450.1
1998.91,19.46,6.79,37809510,1428172,1355457,284.5192982369314,55725.223504826965,2.2981,450.1
1998.91,19.47,6.78,37809378,1428167,1355631,284.50957507042745,55723.319150254305,2.2981,450.1
1998.91,19.47,6.78,37806423,1428052,1357174,284.50957507042745,55723.319150254305,2.2981,450.1
1998.91,19.5,6.76,37807642,1428028,1357082,284.4804095578626,55717.60686740959,2.2981,450.1
1993.48,19.51,6.75,37806016,1427934,1357456,283.9578331398769,55615.256384081906,2.2981,450.1
1998.91,19.52,6.75,37806016,1427818,1357929,284.4609692045939,55713.79932944072,2.2981,450.1
1998.91,19.54,6.73,37805895,1427767,1358069,284.44153150810916,55709.9923118228,2.2981,450.1
1998.91,19.54,6.7,37806454,1427690,1359920,284.44153150810916,55709.9923118228,2.2981,450.1
1998.91,19.57,6.7,37805535,1427524,1359603,284.41237994366116,55704.282760820635,2.2981,450.1
1998.91,19.59,6.69,37805303,1427551,1361910,284.3929488867544,55700.47704361351,2.2981,450.1
1998.91,19.6,6.69,37805303,1427530,1361910,284.3832343539146,55698.57438000826,2.2981,450.1
1998.91,19.6,6.67,37804385,1427393,1362175,284.3832343539146,55698.57438000826,2.2981,450.1
1993.48,19.63,6.66,37804385,1427280,1362864,283.84144902901966,55592.461689204894,2.2981,450.1
1998.91,19.65,6.66,37802680,1427506,1364724,284.33467164313015,55689.06301143244,2.2981,450.1
1993.48,19.66,6.65,37804433,1427338,1364529,283.8123679065482,55586.76593478846,2.2981,450.1
1998.91,19.68,6.62,37803643,1427338,1364529,284.3055419769439,55683.35774936794,2.2981,450.1
1998.91,19.7,6.62,37803643,1427157,1365127,284.2861255151391,55679.55489072022,2.2981,450.1
1998.91,19.71,6.6,37803643,1427157,1366239,284.2764182787287,55677.653656175025,2.2981,450.1
1993.48,19.73,6.6,37802808,1427021,1366568,283.7445351226317,55573.4803788767,2.2981,450.1
1993.48,19.74,6.58,37805047,1427339,1358813,283.73484737176545,55571.58296072044,2.2981,450.1
1960.9,19.74,6.58,37803782,1427107,1367919,280.6601283224546,54969.37633607625,2.2981,450.1
1917.45,19.76,6.58,37815497,1428150,1365167,276.54067559300825,54162.55083956879,2.2981,450.1
1825.13,19.77,6.58,37815497,1428998,1369351,267.81947937321917,52454.4396091928,2.2981,450.1
1781.69,19.77,6.5,37814469,1429258,1368426,263.7202738456455,51651.57967796226,2.2981,450.1
1732.81,19.78,6.5,37809061,1429278,1366234,259.0988785991831,50746.44500130208,2.2981,450.1
1694.8,19.78,6.43,37804606,1429576,1367543,255.51219620835673,50043.96654339731,2.2981,450.1
1651.35,19.78,6.43,37801678,1429447,1365783,251.41218700337367,49240.9492059608,2.2981,450.1
1602.48,19.78,6.43,37799896,1429788,1356310,246.80073821516837,48337.76261722609,2.2981,450.1
1569.89,19.76,6.43,37795681,1429670,1364119,243.74213707192587,47738.7128045228,2.2981,450.1
1515.59,19.75,6.47,37795681,1429639,1364119,238.62610196591567,46736.69922756131,2.2981,450.1
1488.43,19.74,6.51,37794593,1429679,1371788,236.0710396414263,46236.27124259431,2.2981,450.1
1444.99,19.74,6.52,37796614,1430036,1362743,231.9714142423451,45433.32907640205,2.2981,450.1
1423.26,19.73,6.55,37798894,1430383,1359945,229.9285081350492,45033.21070083359,2.2981,450.1
1396.11,19.73,6.54,37802125,1430520,1359945,227.3661547754461,44531.35471233989,2.2981,450.1
1379.82,19.73,6.55,37802125,1430520,1349124,225.82874275968425,44230.24111924368,2.2981,450.1
1493.86,19.72,6.54,37798886,1429990,1361501,236.59964902847483,46339.803327843234,2.2981,450.1
1564.46,19.73,6.54,37782623,1428302,1361295,243.2546331581046,47643.23153233667,2.2981,450.1
1597.05,19.73,6.64,37790150,1427115,1358031,246.330400966188,48245.64356419705,2.2981,450.1
1640.49,19.74,6.66,37790150,1427101,1373796,250.4216160268839,49046.93850298092,2.2981,450.1
1689.37,19.76,6.67,37843138,1427588,1369264,255.01722448848392,49947.02264577983,2.2981,450.1
1776.26,19.76,6.67,37861142,1427716,1382552,263.21685911875454,51552.98215454133,2.2981,450.1
1895.73,19.79,6.7,37863249,1427049,1372934,274.462892218132,53755.60149139778,2.2981,450.1
1944.61,19.83,6.73,37874930,1426756,1372934,279.0370255757642,54651.47957514968,2.2981,450.1
1977.19,19.85,6.71,37891771,1426756,1377280,282.0915433977476,55249.72963897402,2.2981,450.1
2031.5,19.88,6.66,37919734,1426756,1377280,287.1856899728354,56247.45618414048,2.2981,450.1
2074.94,19.9,6.64,37932233,1429801,1374613,291.26347727649494,57046.121196706146,2.2981,450.1
2102.1,19.91,6.62,37935658,1430010,1385001,293.8152613154855,57545.90710504331,2.2981,450.1
2118.39,19.92,6.59,37949373,1430733,1387064,295.3416511833095,57844.86192837894,2.2981,450.1
2123.82,19.93,6.53,37949373,1432281,1387064,295.8436949729924,57943.190943537666,2.2981,450.1
2129.25,19.94,6.47,37971079,1432791,1380854,296.34570450399787,58041.51324887927,2.2981,450.1
2140.11,19.94,6.49,37957200,1432687,1380854,297.3699114738168,58242.11181165525,2.2981,450.1
2156.4,19.95,6.54,37936930,1431560,1380854,298.8960238315841,58541.01228257953,2.2981,450.1
2167.26,19.95,6.54,37930139,1430887,1380854,299.92019585746,58741.60400132403,2.2981,450.1
2183.56,19.96,6.61,37911489,1430348,1390138,301.4471121772599,59040.66193419986,2.2981,450.1
2183.56,19.97,6.62,37906401,1430152,1389254,301.4368280918281,59038.64771947776,2.2981,450.1
2194.42,19.97,6.62,37906401,1429430,1389254,302.4609302369707,59239.22575156022,2.2981,450.1
2199.85,19.98,6.62,37891850,1429494,1390454,302.96264552059824,59337.490426361466,2.2981,450.1
2205.28,19.98,6.61,37892888,1429494,1390454,303.47467912477424,59437.776021087375,2.2981,450.1
2210.71,19.98,6.61,37892888,1429074,1400320,303.98671272895024,59538.06161581329,2.2981,450.1
2210.71,19.99,6.61,37879904,1428923,1398201,303.9763427107771,59536.03057052381,2.2981,450.1
2178.13,19.99,6.61,37877466,1428947,1391001,300.9042458889422,58934.33752865973,2.2981,450.1
2156.4,19.99,6.58,37883570,1429434,1392013,298.85523840157356,58533.024152364254,2.2981,450.1
2102.1,19.99,6.57,37883570,1431358,1392013,293.7350770318489,57530.20241592412,2.2981,450.1
2074.94,19.98,6.54,37909411,1431607,1392013,291.1839866812569,57030.552371626014,2.2981,450.1
1993.48,19.98,6.49,37909411,1431870,1392013,283.5025396469702,55526.08376271759,2.2981,450.1
1922.88,19.96,6.49,37909411,1432691,1386564,276.8640500096897,54225.88612739278,2.2981,450.1
1890.3,19.93,6.18,37884260,1432745,1386974,273.819664378284,53629.620528552136,2.2981,450.1
1879.44,19.92,6.15,37881038,1433257,1375998,272.80473066231025,53430.838201603874,2.2981,450.1
1852.29,19.92,6.15,37879304,1433221,1384561,270.24403850016284,52929.30757100357,2.2981,450.1
1814.27,19.92,6.13,37878978,1433367,1383905,266.6581263084558,52226.97996233235,2.2981,450.1
1743.67,19.89,6.13,37878978,1433548,1374131,260.02600098567746,50928.02882540074,2.2981,450.1
1689.37,19.86,6.13,37885063,1433873,1382596,254.93019086352615,49929.976462152714,2.2981,450.1
1624.2,19.85,6.12,37885063,1433956,1379109,248.79081872674985,48727.534706457554,2.2981,450.1
1586.18,19.83,6.08,37874487,1434253,1379708,245.2207884528437,48028.31768966753,2.2981,450.1
1559.03,19.82,6.08,37872810,1433990,1386655,242.66759241203383,47528.25523025823,2.2981,450.1
1526.45,19.81,6.08,37873490,1434401,1386655,239.60189133875244,46927.814843380394,2.2981,450.1
1537.31,19.8,6.12,37870324,1434203,1387458,240.6347667089439,47130.11117692689,2.2981,450.1
1531.88,19.79,6.12,37854837,1434203,1390760,240.13061547413463,47031.369402945056,2.2981,450.1
1515.59,19.78,6.15,37864066,1433414,1376463,238.60166342066944,46731.91275646984,2.2981,450.1
1499.29,19.78,6.17,37875871,1433941,1377955,237.0635702091338,46430.66574610815,2.2981,450.1
1499.29,19.78,6.19,37880882,1434096,1377955,237.0635702091338,46430.66574610815,2.2981,450.1
1504.72,19.77,6.22,37879150,1433968,1371097,237.58406401663825,46532.60833466294,2.2981,450.1
1548.17,19.77,6.24,37883187,1433598,1378918,241.6842131918932,47335.65308631963,2.2981,450.1
1613.34,19.77,6.24,37883187,1431731,1379054,247.83396513093496,48540.1278035916,2.2981,450.1
1640.49,19.79,6.35,37893557,1431731,1379054,250.37887320992016,49038.5670039533,2.2981,450.1
1673.07,19.8,6.35,37903727,1432101,1379107,253.4444157039313,49638.97633190005,2.2981,450.1
1705.66,19.81,6.35,37906718,1431738,1383308,256.51069243616246,50239.529465870386,2.2981,450.1
1770.83,19.82,6.35,37906718,1431738,1385615,262.6506392944065,51442.0837850452,2.2981,450.1
1808.84,19.84,6.4,37936886,1432064,1388557,266.21865820276133,52140.90686091245,2.2981,450.1
1868.58,19.86,6.41,37948553,1432278,1390178,271.8361065984746,53241.12596491599,2.2981,450.1
1901.16,19.88,6.39,37950103,1432185,1390622,274.8908031831953,53839.41104075376,2.2981,450.1
1933.75,19.89,6.41,37956425,1432201,1390622,277.9555109623368,54439.65688357678,2.2981,450.1
1950.04,19.91,6.41,37982083,1433272,1394687,279.47300949832623,54736.8702733548,2.2981,450.1
1960.9,19.91,6.39,38000921,1434547,1395893,280.4973213142828,54937.489371027674,2.2981,450.1
1988.05,19.94,6.39,38000921,1434508,1397384,283.0291276956712,55433.36250634072,2.2981,450.1
1993.48,19.94,6.39,37990115,1433810,1396858,283.54123118058067,55533.66178772872,2.2981,450.1
2004.34,19.95,6.39,37985202,1433810,1397415,284.55572933299425,55732.35880630987,2.2981,450.1
2009.78,19.96,6.4,37966890,1432733,1399603,285.0590327562059,55830.93453007629,2.2981,450.1
2009.78,19.96,6.4,37963785,1432733,1397778,285.0590327562059,55830.93453007629,2.2981,450.1
2009.78,19.96,6.41,37957840,1432559,1393910,285.0590327562059,55830.93453007629,2.2981,450.1
2009.78,19.98,6.42,37955875,1432422,1393910,285.0395834311449,55827.125234915075,2.2981,450.1
2004.34,19.98,6.42,37955875,1432447,1393910,284.5266068553222,55726.65495216942,2.2981,450.1
2004.34,19.99,6.42,37960944,1432597,1398566,284.5169006873869,55724.75392689303,2.2981,450.1
2009.78,19.99,6.42,37960944,1432374,1399312,285.02985976383815,55825.22078225646,2.2981,450.1
2009.78,20.0,6.4,37952720,1432386,1399312,285.0201367599233,55823.31645952808,2.2981,450.1
2004.34,20.0,6.4,37952155,1432705,1399113,284.50719518164965,55722.853031313054,2.2981,450.1
2009.78,20.01,6.4,37952155,1433278,1399000,285.0104144193325,55821.41226671667,2.2981,450.1
2004.34,20.02,6.38,37963825,1433513,1400050,284.4877861564983,55719.05162918929,2.2981,450.1
2009.78,20.02,6.38,37972840,1433513,1400050,285.0006927419979,55819.50820380893,2.2981,450.1
2009.78,20.02,6.38,37972840,1434913,1400659,285.0006927419979,55819.50820380893,2.2981,450.1
2009.78,20.03,6.34,37972840,1435268,1398229,284.99097172785156,55817.60427079153,2.2981,450.1
2004.34,20.03,6.33,37981650,1435158,1401258,284.47808263694867,55717.15112261895,2.2981,450.1
2009.78,20.05,6.33,37981650,1435176,1401258,284.97153168885234,55813.796794374684,2.2981,450.1
2004.34,20.06,6.33,37986816,1435176,1401258,284.4489760495911,55711.45038071492,2.2981,450.1
2004.34,20.07,6.33,37993739,1435896,1402107,284.4392751773433,55709.55039263836,2.2981,450.1
2004.34,20.08,6.28,37998152,1436162,1402088,284.4295749667517,55707.65053415211,2.2981,450.1
2004.34,20.08,6.27,38005031,1436450,1405357,284.4295749667517,55707.65053415211,2.2981,450.1
2004.34,20.09,6.25,38004627,1436505,1403380,284.41987541774864,55705.75080524288,2.2981,450.1
1998.91,20.09,6.25,38004627,1436617,1401076,283.9080338872885,55605.5028295847,2.2981,450.1
1998.91,20.1,6.25,38001641,1436617,1406556,283.8983524539079,55603.606648755034,2.2981,450.1
2004.34,20.11,6.24,38001641,1436552,1404334,284.4004783042372,55701.951736102514,2.2981,450.1
2004.34,20.13,6.2,38005607,1436676,1405539,284.38108383626775,55698.15318511124,2.2981,450.1
2004.34,20.14,6.2,38013560,1437192,1404162,284.3713875941921,55696.25410388838,2.2981,450.1
2004.34,20.15,6.19,38016368,1437179,1406792,284.36169201329903,55694.35515216305,2.2981,450.1
2004.34,20.15,6.19,38016368,1437051,1405105,284.36169201329903,55694.35515216305,2.2981,450.1
2004.34,20.16,6.19,38008567,1436891,1407251,284.3519970935208,55692.456329921995,2.2981,450.1
2004.34,20.17,6.19,38001216,1436427,1405360,284.34230283478996,55690.557637151986,2.2981,450.1
2004.34,20.18,6.15,38003462,1436780,1407099,284.33260923703887,55688.65907383978,2.2981,450.1
2009.78,20.19,6.13,38003462,1436780,1410924,284.8355256397747,55787.15899676368,2.2981,450.1
2004.34,20.2,6.13,38011537,1437056,1407848,284.3132240242052,55684.86233553579,2.2981,450.1
2004.34,20.2,6.13,38023265,1437604,1410315,284.3132240242052,55684.86233553579,2.2981,450.1
2004.34,20.2,6.13,38024879,1437452,1410207,284.3132240242052,55684.86233553579,2.2981,450.1
2004.34,20.22,6.13,38024125,1437452,1412403,284.2938414544793,55681.06611490412,2.2981,450.1
2004.34,20.24,6.1,38018678,1437452,1412403,284.2744615273206,55677.27041183892,2.2981,450.1
2004.34,20.25,6.06,38008877,1436592,1411955,284.26477255453517,55675.37275436068,2.2981,450.1
2004.34,20.26,6.07,38008877,1436922,1411955,284.25508424218873,55673.47522623435,2.2981,450.1
2004.34,20.26,6.05,38008736,1436668,1410922,284.25508424218873,55673.47522623435,2.2981,450.1
2004.34,20.28,6.05,38008736,1437324,1410922,284.23570959854345,55669.68055798461,2.2981,450.1
2004.34,20.3,6.03,38021392,1437192,1412366,284.2163375958446,55665.88640698388,2.2981,450.1
2004.34,20.31,6.01,38021144,1437141,1413774,284.20665258468136,55663.98952541887,2.2981,450.1
2004.34,20.31,5.99,38022713,1437209,1413774,284.20665258468136,55663.98952541887,2.2981,450.1
2004.34,20.32,5.99,38022713,1436784,1413774,284.19696823355235,55662.09277312647,2.2981,450.1
2004.34,20.33,5.99,38014540,1436936,1412641,284.18728454238993,55660.196150093434,2.2981,450.1
2004.34,20.34,5.95,38013799,1437023,1414078,284.1776015111268,55658.299656306604,2.2981,450.1
2004.34,20.35,5.94,38017890,1436946,1417886,284.16791913969536,55656.40329175271,2.2981,450.1
2004.34,20.36,5.91,38015097,1436737,1414863,284.1582374280283,55654.507056418595,2.2981,450.1
2004.34,20.37,5.91,38015097,1436737,1416351,284.14855637605814,55652.61095029102,2.2981,450.1
1998.91,20.38,5.89,38024157,1437150,1415130,283.62754013936734,55550.56604008932,2.2981,450.1
2004.34,20.39,5.9,38022607,1437028,1413175,284.12919625093883,55648.81912560271,2.2981,450.1
2004.34,20.4,5.9,38022607,1436769,1413175,284.1195171776549,55646.92340701558,2.2981,450.1
2004.34,20.4,5.85,38018055,1436561,1420613,284.1195171776549,55646.92340701558,2.2981,450.1
2004.34,20.43,5.85,38007502,1436395,1420613,284.09048391409704,55641.23702612379,2.2981,450.1
2004.34,20.44,5.85,38012613,1436558,1418146,284.0808074781178,55639.34182407242,2.2981,450.1
2004.34,20.44,5.81,38015284,1436529,1417836,284.0808074781178,55639.34182407242,2.2981,450.1
2009.78,20.46,5.81,38019353,1436464,1419040,284.5735945341491,55735.85783900636,2.2981,450.1
2004.34,20.48,5.81,38016607,1436438,1419173,284.04210832510506,55631.76230674462,2.2981,450.1
2004.34,20.48,5.81,38014818,1436433,1420548,284.04210832510506,55631.76230674462,2.2981,450.1
2004.34,20.48,5.79,38020685,1436516,1420548,284.04210832510506,55631.76230674462,2.2981,450.1
2004.34,20.48,5.77,38015238,1436287,1420575,284.04210832510506,55631.76230674462,2.2981,450.1
2004.34,20.52,5.75,38013174,1436270,1421016,284.00341971430726,55624.18485418811,2.2981,450.1
2004.34,20.53,5.72,38010472,1436037,1423417,283.99374920832406,55622.29081357063,2.2981,450.1
2004.34,20.54,5.71,38006195,1436037,1423417,283.98407936089274,55620.39690193544,2.2981,450.1
2004.34,20.56,5.7,38011765,1435983,1432796,283.96474164141705,55616.6094655593,2.2981,450.1
2004.34,20.56,5.69,38011952,1436035,1423444,283.96474164141705,55616.6094655593,2.2981,450.1
2004.34,20.57,5.68,38014268,1436148,1423293,283.9550737692381,55614.71594079199,2.2981,450.1
1998.91,20.58,5.68,38015381,1435945,1432648,283.4344188782504,55512.74180283736,2.2981,450.1
1998.91,20.58,5.68,38017776,1436197,1422747,283.4344188782504,55512.74180283736,2.2981,450.1
1998.91,20.58,5.67,38014621,1435946,1433453,283.4344188782504,55512.74180283736,2.2981,450.1
1998.91,20.61,5.63,38016535,1435830,1421314,283.40547336978653,55507.07260943428,2.2981,450.1
2004.34,20.62,5.63,38010428,1435606,1425467,283.9067442812425,55605.250250636294,2.2981,450.1
2004.34,20.64,5.61,38009384,1435677,1423389,283.8874170921427,55601.4648767127,2.2981,450.1
1998.91,20.65,5.59,38009400,1435641,1427121,283.366888553807,55499.51548586595,2.2981,450.1
1998.91,20.66,5.59,38009150,1435497,1431695,283.3572439913838,55497.62652648792,2.2981,450.1
1998.91,20.67,5.59,38009150,1435497,1427294,283.3476000854553,55495.73769568924,2.2981,450.1
2004.34,20.68,5.58,38008997,1435497,1427294,283.8487706071558,55593.89567481,2.2981,450.1
1998.91,20.69,5.58,38010348,1435637,1428863,283.3283142428141,55491.96041977748,2.2981,450.1
1998.91,20.7,5.54,38010752,1435489,1427939,283.3186723059673,55490.07197463814,2.2981,450.1
1998.91,20.71,5.54,38008334,1435203,1429008,283.3090310253471,55488.18365802565,2.2981,450.1
2004.34,20.72,5.52,38013314,1435203,1429008,283.8101346428713,55586.3285334652,2.2981,450.1
2004.34,20.72,5.52,38007415,1435114,1430089,283.8101346428713,55586.3285334652,2.2981,450.1
1998.91,20.75,5.52,38007415,1435559,1421069,283.2704724637921,55480.631676581885,2.2981,450.1
1998.91,20.77,5.5,38018367,1435559,1421069,283.2511971186326,55476.85645668011,2.2981,450.1
1998.91,20.78,5.49,38015467,1435559,1433746,283.24156042972305,55474.96903938835,2.2981,450.1
1998.91,20.79,5.49,38014234,1434978,1442009,283.2319243965043,55473.08175051852,2.2981,450.1
1998.91,20.81,5.45,38017272,1435327,1434071,283.21265429687196,55469.307557992295,2.2981,450.1
1998.91,20.82,5.45,38012771,1434964,1434366,283.2030202303245,55467.42065430968,2.2981,450.1
1998.91,20.83,5.44,38013643,1434773,1434366,283.19338681920027,55465.53387899658,2.2981,450.1
1998.91,20.84,5.43,38015671,1435329,1435906,283.18375406343245,55463.647232039926,2.2981,450.1
1998.91,20.85,5.42,38012251,1434660,1449392,283.174121962954,55461.760713426585,2.2981,450.1
1998.91,20.87,5.41,38008120,1434547,1443818,283.1548597275985,55457.98806117753,2.2981,450.1
1998.91,20.88,5.39,38012538,1434682,1436612,283.14522959258744,55456.101927515614,2.2981,450.1
1998.91,20.9,5.38,38012538,1434689,1436612,283.125971287565,55452.33004505158,2.2981,450.1
1998.91,20.92,5.37,38014604,1434667,1437552,283.1067156020964,55448.55867564667,2.2981,450.1
1998.91,20.93,5.36,38016664,1435012,1439158,283.0970887415278,55446.67318330868,2.2981,450.1
1998.91,20.95,5.36,38009805,1434555,1432907,283.07783698438794,55442.902583296214,2.2981,450.1
1998.91,20.96,5.34,38013615,1434783,1440212,283.06821208768315,55441.01747559558,2.2981,450.1
2004.34,20.97,5.34,38012741,1434441,1440832,283.5688979583183,55539.08053219577,2.2981,450.1
1998.91,20.98,5.33,38014055,1434547,1440623,283.04896425767004,55437.24764474013,2.2981,450.1
1998.91,20.98,5.33,38022713,1435090,1440623,283.04896425767004,55437.24764474013,2.2981,450.1
1998.91,21.0,5.33,38016163,1435090,1440623,283.02971904507393,55433.4783265253,2.2981,450.1
1998.91,21.02,5.29,38016163,1434244,1440623,283.0104764493609,55429.7095208465,2.2981,450.1
1998.91,21.03,5.28,38013560,1434053,1441056,283.0008561326688,55427.82531017546,2.2981,450.1
1993.48,21.04,5.27,38015455,1434264,1443730,282.48104778108154,55326.01697326696,2.2981,450.1
1998.91,21.06,5.27,38016447,1434426,1443264,282.9719991064494,55422.17344667895,2.2981,450.1
1998.91,21.06,5.27,38014901,1434185,1444245,282.9719991064494,55422.17344667895,2.2981,450.1
1998.91,21.08,5.26,38018405,1434260,1444140,282.9527643581841,55418.40617798123,2.2981,450.1
1998.91,21.09,5.26,38016851,1433720,1444140,282.9431479646156,55416.52273568317,2.2981,450.1
1998.91,21.1,5.23,38012500,1433890,1444140,282.9335322246678,55414.63942140158,2.2981,450.1
1998.91,21.11,5.23,38013260,1433855,1444140,282.9239171382739,55412.75623512341,2.2981,450.1
1998.91,21.12,5.23,38013580,1433830,1446403,282.9143027053675,55410.873176835616,2.2981,450.1
1998.91,21.12,5.21,38013865,1434183,1436741,282.9143027053675,55410.873176835616,2.2981,450.1
1998.91,21.12,5.2,38016336,1433853,1447665,282.9143027053675,55410.873176835616,2.2981,450.1
1993.48,21.15,5.19,38015486,1433726,1436088,282.37546533033094,55305.33786396674,2.2981,450.1
1998.91,21.17,5.19,38014964,1433253,1449161,282.8662403408144,55401.459804795515,2.2981,450.1
1998.91,21.19,5.18,38009218,1433298,1449161,282.8470199670738,55397.69535145551,2.2981,450.1
1998.91,21.2,5.18,38013503,1433419,1450193,282.8374107596687,55395.81331662108,2.2981,450.1
1998.91,21.22,5.16,38014336,1433314,1446547,282.81819430345644,55392.049630558184,2.2981,450.1
1998.91,21.23,5.16,38016501,1433314,1451248,282.80858705451624,55390.167979303675,2.2981,450.1
1998.91,21.24,5.15,38013467,1432928,1451445,282.7989804582645,55388.28645588307,2.2981,450.1
1993.48,21.25,5.15,38013467,1432836,1451445,282.2795497510747,55286.552083442286,2.2981,450.1
1993.48,21.25,5.12,38016522,1433101,1453953,282.2795497510747,55286.552083442286,2.2981,450.1
1993.48,21.28,5.11,38016522,1433033,1450748,282.25078778221103,55280.918837636826,2.2981,450.1
1993.48,21.3,5.11,38015515,1432852,1453882,282.2316163923124,55277.16397814709,2.2981,450.1
1993.48,21.3,5.1,38011629,1432638,1454120,282.2316163923124,55277.16397814709,2.2981,450.1
1993.48,21.31,5.1,38013838,1432526,1452260,282.22203167396725,55275.286739677416,2.2981,450.1
1993.48,21.32,5.1,38010655,1432585,1455877,282.212447606603,55273.4096287072,2.2981,450.1
1993.48,21.34,5.07,38014060,1432806,1451834,282.1932814245522,55269.65578921325,2.2981,450.1
1993.48,21.34,5.07,38013542,1432614,1451834,282.1932814245522,55269.65578921325,2.2981,450.1
1993.48,21.36,5.07,38013542,1432414,1459158,282.1741178456296,55265.90245956133,2.2981,450.1
1993.48,21.38,5.06,38010478,1432414,1459158,282.15495686930495,55262.149639647614,2.2981,450.1
1993.48,21.4,5.06,38007639,1431950,1459158,282.135798495048,55258.39732936823,2.2981,450.1
1993.48,21.41,5.05,38009673,1431794,1470207,282.1262202835292,55256.52136530897,2.2981,450.1
1993.48,21.41,5.05,38009857,1431970,1460273,282.1262202835292,55256.52136530897,2.2981,450.1
1993.48,21.43,5.03,38006425,1431830,1459665,282.1070658113802,55252.76981928647,2.2981,450.1
2020.64,21.43,5.03,38006425,1431759,1461645,284.6555703440686,55751.9134118904,2.2981,450.1
2026.07,21.46,5.03,38006425,1432015,1461645,285.1360453560566,55846.01802130504,2.2981,450.1
1998.91,21.47,5.03,38006425,1432015,1465647,282.5782087336518,55345.04666942983,2.2981,450.1
1993.48,21.48,5.08,38006425,1433702,1465445,282.05919100809956,55243.39318251844,2.2981,450.1
1998.91,21.51,5.08,38026598,1432648,1466053,282.53984883292094,55337.533597188,2.2981,450.1
1998.91,21.51,4.98,38020281,1432475,1458646,282.53984883292094,55337.533597188,2.2981,450.1
1998.91,21.51,4.95,38020981,1432225,1467751,282.53984883292094,55337.533597188,2.2981,450.1
1998.91,21.55,4.97,38021146,1432303,1467546,282.5014993454648,55330.02256446357,2.2981,450.1
1998.91,21.56,4.98,38019166,1432208,1453025,282.4919136001781,55328.145124859744,2.2981,450.1
1993.48,21.57,4.97,38019166,1431890,1457664,281.9730572974904,55226.52325381857,2.2981,450.1
1998.91,21.57,4.97,38014551,1431589,1469569,282.48232850538983,55326.26781266088,2.2981,450.1
1993.48,21.57,4.96,38013674,1431629,1465036,281.9730572974904,55226.52325381857,2.2981,450.1
1998.91,21.62,4.94,38015408,1431578,1471077,282.43441278660816,55316.88316228725,2.2981,450.1
1993.48,21.62,4.95,38014605,1431260,1471682,281.9252279632133,55217.1555224935,2.2981,450.1
1993.48,21.63,4.95,38014037,1431230,1472530,281.91566404340995,55215.28235757314,2.2981,450.1
1993.48,21.64,4.95,38012756,1431116,1473310,281.9061007724698,55213.40931973747,2.2981,450.1
1993.48,21.65,4.95,38013343,1431116,1485506,281.896538150327,55211.53640897358,2.2981,450.1
1993.48,21.66,4.92,38010740,1430863,1485506,281.8869761769152,55209.6636252685,2.2981,450.1
1993.48,21.66,4.91,38011456,1430808,1481889,281.8869761769152,55209.6636252685,2.2981,450.1
1993.48,21.66,4.91,38015917,1430643,1483910,281.8869761769152,55209.6636252685,2.2981,450.1
1993.48,21.66,4.91,38011728,1430643,1483910,281.8869761769152,55209.6636252685,2.2981,450.1
1993.48,21.69,4.9,38011728,1430713,1475945,281.8582941484072,55204.046036377054,2.2981,450.1
1993.48,21.71,4.9,38009494,1430570,1477079,281.8391760385145,55200.301612173265,2.2981,450.1
1993.48,21.71,4.89,38008515,1430513,1476932,281.8391760385145,55200.301612173265,2.2981,450.1
1993.48,21.73,4.88,38007981,1430389,1482624,281.8200605219627,55196.557695894626,2.2981,450.1
1993.48,21.74,4.88,38007630,1430286,1483493,281.8105037360249,55194.68592819495,2.2981,450.1
1993.48,21.76,4.87,38007485,1430286,1483493,281.7913921084954,55190.94277361029,2.2981,450.1
1993.48,21.77,4.87,38008799,1430206,1478810,281.781837266772,55189.071386699485,2.2981,450.1
1993.48,21.78,4.87,38007666,1430624,1469145,281.7722830729881,55187.20012669247,2.2981,450.1
1993.48,21.79,4.87,38009415,1430241,1480179,281.76272952707797,55185.32899357635,2.2981,450.1
1993.48,21.79,4.84,38008383,1430462,1473332,281.76272952707797,55185.32899357635,2.2981,450.1
1993.48,21.79,4.84,38012788,1430170,1480251,281.76272952707797,55185.32899357635,2.2981,450.1
1993.48,21.82,4.83,38012708,1430123,1480251,281.7340727759311,55179.716355444325,2.2981,450.1
1993.48,21.83,4.83,38009165,1430347,1480251,281.724521820857,55177.84572976273,2.2981,450.1
1993.48,21.84,4.83,38009165,1430347,1483208,281.7149715133272,55175.975230907534,2.2981,450.1
1993.48,21.85,4.82,38014104,1430372,1471415,281.7054218532758,55174.10485886579,2.2981,450.1
1993.48,21.85,4.82,38014104,1429924,1484651,281.7054218532758,55174.10485886579,2.2981,450.1
1993.48,21.87,4.81,38014104,1430185,1485070,281.6863244753453,55170.3644951712,2.2981,450.1
1993.48,21.89,4.81,38017167,1429923,1485972,281.6672296865387,55166.62463857581,2.2981,450.1
1993.48,21.9,4.81,38018608,1429894,1487493,281.6576832628923,55164.7549004081,2.2981,450.1
1993.48,21.91,4.79,38020228,1430033,1487493,281.6481374863295,55162.88528897651,2.2981,450.1
1993.48,21.93,4.79,38024760,1429983,1488355,281.6290478741914,55159.1464462702,2.2981,450.1
1993.48,21.93,4.79,38024760,1429859,1488735,281.6290478741914,55159.1464462702,2.2981,450.1
1988.05,21.95,4.78,38022541,1429768,1489255,281.1013454297671,55055.79199248866,2.2981,450.1
1988.05,21.96,4.78,38021170,1429767,1489803,281.0918201224095,55053.92639010336,2.2981,450.1
1993.48,21.97,4.78,38021170,1429595,1490732,281.59087641202353,55151.67028112432,2.2981,450.1
1993.48,21.98,4.75,38022428,1429594,1490715,281.58133516320396,55149.80155648497,2.2981,450.1
2004.34,21.99,4.75,38020390,1429594,1491830,282.58888753642543,55347.13819248296,2.2981,450.1
2009.78,22.0,4.75,38016845,1429180,1492389,283.08877889605805,55445.04563818621,2.2981,450.1
2015.21,22.01,4.77,38020935,1429229,1492519,283.58769989688176,55542.76303189004,2.2981,450.1
2020.64,22.02,4.78,38028461,1429647,1493338,284.0865870920343,55640.473804501395,2.2981,450.1
2015.21,22.03,4.78,38028461,1429667,1494738,283.5684853362817,55538.99971709691,2.2981,450.1
2015.21,22.05,4.78,38030156,1429662,1494738,283.5492733792806,55535.236912238026,2.2981,450.1
2020.64,22.06,4.78,38030156,1429434,1495821,284.0480942784992,55632.93470029699,2.2981,450.1
2015.21,22.07,4.78,38026508,1429434,1495821,283.5300640253493,55531.47461720976,2.2981,450.1
2015.21,22.1,4.71,38029088,1429730,1495946,283.5012548740512,55525.83213037312,2.2981,450.1
2015.21,22.11,4.71,38035482,1429949,1497538,283.49165312458047,55523.95155623066,2.2981,450.1
2015.21,22.12,4.7,38037134,1429838,1498974,283.4820520254805,55522.07110946817,2.2981,450.1
2009.78,22.12,4.7,38031570,1429445,1498940,282.9737294380449,55422.5123450085,2.2981,450.1
2009.78,22.14,4.69,38031402,1429428,1498940,282.95456361939625,55418.75857668956,2.2981,450.1
2015.21,22.16,4.67,38027962,1428965,1500876,283.4436541314673,55514.55059595904,2.2981,450.1
2009.78,22.18,4.67,38030217,1428939,1500900,282.91623976965263,55411.252565302064,2.2981,450.1
2009.78,22.19,4.66,38030051,1428936,1501203,282.9066604292392,55409.37638014037,2.2981,450.1
2009.78,22.21,4.65,38030051,1428925,1513170,282.88750369437815,55405.62439094888,2.2981,450.1
2009.78,22.22,4.65,38028770,1428804,1503409,282.87792629979856,55403.74858689324,2.2981,450.1
2009.78,22.24,4.65,38031198,1428745,1496410,282.85877345601244,55399.99735979775,2.2981,450.1
2009.78,22.24,4.63,38031198,1428798,1503078,282.85877345601244,55399.99735979775,2.2981,450.1
1982.62,22.26,4.62,38029747,1428819,1495066,280.29827908984856,54898.5054690139,2.2981,450.1
1971.76,22.27,4.62,38064012,1430833,1505744,279.2726619902104,54697.630721810936,2.2981,450.1
1971.76,22.29,4.61,38068524,1431041,1505532,279.25375644851044,54693.927930670805,2.2981,450.1
1971.76,22.29,4.61,38062864,1430303,1517910,279.25375644851044,54693.927930670805,2.2981,450.1
1971.76,22.31,4.58,38055256,1429866,1507828,279.2348534662829,54690.22564082239,2.2981,450.1
1977.19,22.32,4.58,38048076,1429864,1504665,279.73338144495233,54787.86605821028,2.2981,450.1
1971.76,22.32,4.6,38044892,1429171,1507745,279.22540293480876,54688.374683850765,2.2981,450.1
1977.19,22.35,4.62,38042313,1428848,1507500,279.7049821168868,54782.30383830589,2.2981,450.1
1977.19,22.36,4.61,38037597,1428268,1514199,279.6955169555685,54780.45001597032,2.2981,450.1
1977.19,22.36,4.6,38038945,1428432,1508457,279.6955169555685,54780.45001597032,2.2981,450.1
1982.62,22.39,4.59,38038945,1428324,1522918,280.17498350792505,54874.35711105569,2.2981,450.1
1993.48,22.39,4.6,38037989,1428201,1512032,281.1906998941476,55073.29272980107,2.2981,450.1
1998.91,22.42,4.6,38037989,1428168,1512032,281.66996602195246,55167.160570245345,2.2981,450.1
1998.91,22.44,4.6,38046252,1428735,1502470,281.6509078693748,55163.427889128245,2.2981,450.1
1998.91,22.46,4.6,38043235,1428152,1515008,281.63185229562094,55159.69571309299,2.2981,450.1
1998.91,22.47,4.59,38042728,1428355,1515107,281.62232547563923,55157.82981444899,2.2981,450.1
1998.91,22.49,4.59,38039565,1428355,1529709,281.6032737691398,55154.09839584432,2.2981,450.1
2004.34,22.51,4.53,38040674,1427791,1527560,282.09187670804505,55249.7949202781,2.2981,450.1
1998.91,22.51,4.53,38038989,1428191,1516813,281.5842246401559,55150.367482065274,2.2981,450.1
1998.91,22.53,4.52,38038271,1428109,1516287,281.5651780881646,55146.6370730094,2.2981,450.1
1998.91,22.53,4.52,38038702,1427988,1527767,281.5651780881646,55146.6370730094,2.2981,450.1
1998.91,22.54,4.52,38038737,1428236,1518141,281.5556557783776,55144.772057720635,2.2981,450.1
1998.91,22.55,4.51,38041634,1428133,1517569,281.54613411264285,55142.90716857428,2.2981,450.1
1998.91,22.56,4.5,38040320,1428262,1525101,281.5366130908947,55141.04240555752,2.2981,450.1
1998.91,22.58,4.5,38040320,1428088,1520145,281.51757297909745,55137.31325786162,2.2981,450.1
1993.48,22.6,4.47,38038377,1428051,1520145,280.9910378587198,55034.1874331882,2.2981,450.1
1993.48,22.6,4.47,38040194,1428134,1521028,280.9910378587198,55034.1874331882,2.2981,450.1
1993.48,22.6,4.46,38037253,1428133,1511328,280.9910378587198,55034.1874331882,2.2981,450.1
1993.48,22.63,4.46,38040703,1428133,1511328,280.9625378548799,55028.60549518361,2.2981,450.1
1993.48,22.66,4.46,38041827,1427907,1523120,280.9340436317784,55023.024689379694,2.2981,450.1
1993.48,22.66,4.46,38041542,1427871,1523623,280.9340436317784,55023.024689379694,2.2981,450.1
2004.34,22.69,4.45,38040827,1427789,1516120,281.9202415748398,55216.178901194646,2.2981,450.1
2015.21,22.69,4.45,38036626,1427438,1516120,282.93586229571264,55415.09578316883,2.2981,450.1
2015.21,22.71,4.45,38039776,1427134,1532467,282.9167359614805,55411.349748166926,2.2981,450.1
2015.21,22.72,4.45,38040922,1427545,1532467,282.90717376403023,55409.47692058223,2.2981,450.1
2020.64,22.72,4.45,38044030,1427344,1532467,283.4144655151105,55508.83378806461,2.2981,450.1
2009.78,22.72,4.45,38046367,1427644,1527958,282.39988201295,55310.12005309987,2.2981,450.1
2004.34,22.75,4.43,38052621,1428224,1532763,281.86307626732207,55204.982649981146,2.2981,450.1
2004.34,22.77,4.42,38053812,1428224,1529106,281.8440263162361,55201.251575187285,2.2981,450.1
2004.34,22.78,4.42,38054663,1428079,1529608,281.83450230629074,55199.386226909824,2.2981,450.1
1998.91,22.79,4.38,38053806,1428367,1522106,281.3178071808761,55098.18763853286,2.2981,450.1
2004.34,22.79,4.38,38052665,1428114,1522106,281.8249789399898,55197.521004694936,2.2981,450.1
2004.34,22.81,4.37,38051239,1427996,1518581,281.8059341380612,55193.790938401886,2.2981,450.1
2004.34,22.83,4.36,38051664,1427756,1532733,281.7868919099284,55190.06137620591,2.2981,450.1
2004.34,22.84,4.37,38051051,1427604,1531560,281.7773717608723,55188.19678411238,2.2981,450.1
1998.91,22.86,4.37,38051419,1427619,1531560,281.25128156855675,55085.1581019135,2.2981,450.1
2004.34,22.87,4.36,38051419,1427388,1533853,281.7488151729633,55182.60376369645,2.2981,450.1
2004.34,22.89,4.34,38050553,1427602,1525100,281.7297806630881,55178.8757131787,2.2981,450.1
2004.34,22.9,4.34,38051971,1427433,1535254,281.72026437257426,55177.0118768094,2.2981,450.1
1998.91,22.91,4.34,38053862,1427441,1536974,281.2037825343122,55075.85506230971,2.2981,450.1
2004.34,22.92,4.34,38051104,1427006,1538249,281.7012337200682,55173.28458178614,2.2981,450.1
1998.91,22.92,4.34,38053154,1427339,1536054,281.1942846526446,55073.99483145005,2.2981,450.1
2004.34,22.94,4.34,38057368,1427207,1540040,281.6822056384903,55169.5577902983,2.2981,450.1
1998.91,22.94,4.33,38057368,1427165,1536720,281.1752908139704,55070.27474668992,2.2981,450.1
2004.34,22.96,4.32,38057368,1427165,1537355,281.6631801273196,55165.83150224384,2.2981,450.1
2004.34,22.97,4.32,38050740,1427100,1540709,281.6536683354741,55163.968546972246,2.2981,450.1
1998.91,22.98,4.32,38056605,1427157,1537892,281.1373108334464,55062.83608465003,2.2981,450.1
1998.91,23.0,4.3,38060831,1427201,1540083,281.11832469055713,55059.11750716669,2.2981,450.1
1998.91,23.01,4.3,38059781,1427196,1540699,281.1088325807283,55057.25840676464,2.2981,450.1
1998.91,23.01,4.3,38061269,1427044,1540110,281.1088325807283,55057.25840676464,2.2981,450.1
2004.34,23.02,4.29,38062266,1427044,1543026,281.606119011043,55154.655657660885,2.2981,450.1
1998.91,23.04,4.29,38062843,1427074,1539146,281.0803600969259,55051.68185876436,2.2981,450.1
1998.91,23.05,4.29,38062843,1426833,1539146,281.0708705506701,55049.823260457175,2.2981,450.1
1998.91,23.07,4.29,38065420,1426833,1539146,281.0518933802866,55046.106440305906,2.2981,450.1
1998.91,23.08,4.29,38065524,1426989,1539146,281.0424057560291,55044.24821843641,2.2981,450.1
1998.91,23.09,4.29,38066620,1426989,1539146,281.03291877230794,55042.390122020726,2.2981,450.1
1998.91,23.11,4.27,38069882,1426822,1546809,281.0139467262151,55038.67430549995,2.2981,450.1
1998.91,23.11,4.27,38071295,1426822,1547110,281.0139467262151,55038.67430549995,2.2981,450.1
1998.91,23.13,4.27,38070411,1426838,1545560,280.9949772414895,55034.95899064202,2.2981,450.1
1998.91,23.14,4.26,38071965,1426838,1545560,280.98549345947714,55033.10152130485,2.2981,450.1
1998.91,23.16,4.25,38075120,1426881,1550047,280.96652781582964,55029.38695875068,2.2981,450.1
1998.91,23.17,4.25,38075498,1426697,1550396,280.9570459540648,55027.52986550828,2.2981,450.1
1998.91,23.18,4.25,38078299,1426746,1549335,280.9475647322529,55025.67289760543,2.2981,450.1
1998.91,23.19,4.25,38078743,1426806,1551051,280.93808415032896,55023.81605502941,2.2981,450.1
1998.91,23.21,4.25,38078340,1426647,1551051,280.9191249058864,55020.10274580718,2.2981,450.1
1998.91,23.21,4.25,38079365,1426558,1551051,280.9191249058864,55020.10274580718,2.2981,450.1
1993.48,23.23,4.24,38083742,1426558,1554320,280.39374939846266,54917.20403996696,2.2981,450.1
1998.91,23.25,4.24,38083742,1426558,1552635,280.8812140928087,55012.67763072678,2.2981,450.1
1993.48,23.26,4.24,38083742,1426698,1553964,280.36537042176843,54911.64580603019,2.2981,450.1
1998.91,23.26,4.24,38085603,1426662,1553964,280.87173798828815,55010.82166508355,2.2981,450.1
1993.48,23.28,4.23,38089906,1426652,1553964,280.3464542951671,54907.940941758294,2.2981,450.1
1993.48,23.28,4.23,38089937,1426531,1556854,280.3464542951671,54907.940941758294,2.2981,450.1
1993.48,23.29,4.23,38091594,1426639,1556857,280.3369971890311,54906.08869709017,2.2981,450.1
1993.48,23.31,4.23,38092094,1426405,1557886,280.31808489076565,54902.38458262636,2.2981,450.1
1998.91,23.32,4.23,38093828,1426768,1558210,280.81489478567306,54999.68850051411,2.2981,450.1
1998.91,23.33,4.23,38095020,1427017,1559641,280.8054231553848,54997.8334111826,2.2981,450.1
1993.48,23.34,4.23,38098431,1426751,1559883,280.2897212274154,54896.82934792206,2.2981,450.1
1993.48,23.34,4.21,38101907,1426765,1559860,280.2897212274154,54896.82934792206,2.2981,450.1
1993.48,23.37,4.23,38101907,1426765,1561698,280.26136330337374,54891.27523730409,2.2981,450.1
1993.48,23.38,4.22,38103954,1426984,1551874,280.2519119371274,54889.424116836104,2.2981,450.1
1993.48,23.38,4.22,38103340,1426649,1562701,280.2519119371274,54889.424116836104,2.2981,450.1
1998.91,23.39,4.2,38106098,1426773,1562701,280.7486067886575,54986.70550262163,2.2981,450.1
1993.48,23.4,4.2,38106098,1426683,1562701,280.2330111168989,54885.722250431325,2.2981,450.1
1993.48,23.41,4.2,38112132,1426823,1562701,280.2235616627879,54883.87150446928,2.2981,450.1
1993.48,23.41,4.19,38115722,1427110,1566374,280.2235616627879,54883.87150446928,2.2981,450.1
1993.48,23.41,4.19,38115918,1427126,1566388,280.2235616627879,54883.87150446928,2.2981,450.1
1993.48,23.45,4.2,38116507,1426575,1576313,280.18577021819414,54876.46976859545,2.2981,450.1
1993.48,23.46,4.2,38118162,1426606,1578926,280.17632394968604,54874.61964655746,2.2981,450.1
1993.48,23.47,4.19,38122333,1427046,1574694,280.1668783181052,54872.769649266425,2.2981,450.1
1993.48,23.48,4.19,38123603,1427166,1569711,280.15743332338735,54870.91977670974,2.2981,450.1
1993.48,23.49,4.19,38124701,1427268,1570643,280.14798896546785,54869.07002887476,2.2981,450.1
1993.48,23.5,4.19,38126112,1427376,1553401,280.13854524428245,54867.2204057489,2.2981,450.1
1993.48,23.52,4.19,38128644,1427121,1572991,280.11965971185623,54863.52153357404,2.2981,450.1
1993.48,23.53,4.19,38132176,1427316,1573304,280.11021790048665,54861.67228449984,2.2981,450.1
1993.48,23.53,4.17,38135565,1427316,1556496,280.11021790048665,54861.67228449984,2.2981,450.1
1993.48,23.55,4.18,38134750,1427225,1573918,280.09133618711286,54857.97416031483,2.2981,450.1
1993.48,23.56,4.18,38134019,1427181,1575072,280.08189628497985,54856.12528517882,2.2981,450.1
1993.48,23.57,4.18,38135991,1427196,1585494,280.07245701913047,54854.276534663695,2.2981,450.1
1993.48,23.58,4.17,38139095,1427296,1574067,280.06301838950014,54852.427908756814,2.2981,450.1
1993.48,23.59,4.17,38140433,1427319,1578746,280.05358039602476,54850.57940744561,2.2981,450.1
1993.48,23.6,4.15,38144730,1427450,1575832,280.04414303863985,54848.73103071746,2.2981,450.1
1993.48,23.62,4.16,38141738,1427212,1575064,280.0252702318846,54845.03465096004,2.2981,450.1
1993.48,23.63,4.16,38141241,1427141,1578290,280.0158347823855,54843.18664790555,2.2981,450.1
1993.48,23.63,4.15,38144308,1427248,1573601,280.0158347823855,54843.18664790555,2.2981,450.1
1993.48,23.65,4.15,38147802,1427433,1577893,279.99696579082337,54839.49101538211,2.2981,450.1
1993.48,23.66,4.14,38147957,1427311,1577576,279.9875322486317,54837.643385887975,2.2981,450.1
1988.05,23.68,4.14,38148619,1427474,1579659,279.4630159900424,54734.91297033118,2.2981,450.1
1993.48,23.68,4.15,38148619,1427505,1579659,279.9686670711059,54833.94850037196,2.2981,450.1
1993.48,23.69,4.14,38148619,1427378,1579659,279.9592354356434,54832.10124432492,2.2981,450.1
1993.48,23.71,4.13,38154205,1427439,1582791,279.94037407099773,54828.40710558988,2.2981,450.1
1993.48,23.72,4.13,38157698,1427492,1582791,279.93094434168614,54826.5602228767,2.2981,450.1
1993.48,23.72,4.14,38157505,1427366,1582791,279.93094434168614,54826.5602228767,2.2981,450.1
1993.48,23.74,4.13,38156598,1427361,1582966,279.9120867887648,54822.86683069624,2.2981,450.1
1993.48,23.75,4.13,38159457,1427361,1584124,279.90265896502655,54821.0203212038,2.2981,450.1
1993.48,23.76,4.13,38161300,1427409,1583914,279.893231776351,54819.17393609312,2.2981,450.1
1988.05,23.78,4.12,38163930,1427638,1587092,279.3688985158936,54716.479362083344,2.2981,450.1
1993.48,23.79,4.12,38165003,1427638,1586469,279.8649540200592,54813.63552692601,2.2981,450.1
1993.48,23.8,4.12,38167159,1427646,1579762,279.855529370993,54811.78963921673,2.2981,450.1
1993.48,23.81,4.12,38167159,1427440,1587345,279.84610535666883,54809.94387582641,2.2981,450.1
1993.48,23.82,4.1,38167159,1427505,1587345,279.8366819770226,54808.098236742466,2.2981,450.1
1993.48,23.84,4.1,38173464,1427235,1598936,279.81783712150707,54804.40733144352,2.2981,450.1
1993.48,23.86,4.09,38172409,1427203,1597116,279.7989948039338,54800.71692321945,2.2981,450.1
1993.48,23.86,4.09,38179356,1427990,1577330,279.7989948039338,54800.71692321945,2.2981,450.1
1988.05,23.88,4.09,38178169,1427990,1590298,279.27484441411394,54698.05816578596,2.2981,450.1
1993.48,23.9,4.08,38179165,1427270,1599012,279.76131778056345,54793.33759759438,2.2981,450.1
1993.48,23.91,4.08,38179266,1427394,1592131,279.75190011013393,54791.49307670305,2.2981,450.1
1988.05,23.92,4.08,38181175,1427495,1604569,279.2372405033301,54690.69315980544,2.2981,450.1
1988.05,23.93,4.08,38185338,1427623,1595670,279.2278411078641,54688.85221820184,2.2981,450.1
1988.05,23.94,4.08,38186612,1428085,1585358,279.2184423451623,54687.011400529824,2.2981,450.1
1988.05,23.95,4.07,38186884,1427645,1595381,279.2090442151608,54685.17070677685,2.2981,450.1
1988.05,23.96,4.07,38187046,1427698,1596111,279.1996467177957,54683.330136930446,2.2981,450.1
1988.05,23.96,4.07,38190697,1427698,1597239,279.1996467177957,54683.330136930446,2.2981,450.1
2004.34,23.99,4.06,38190549,1427585,1597672,280.68682865821023,54974.60579568359,2.2981,450.1
2009.78,23.99,4.06,38190255,1427186,1611388,281.19288244992765,55073.720199605086,2.2981,450.1
2015.21,24.01,4.06,38193074,1427433,1598763,281.67904664680185,55168.939078249656,2.2981,450.1
2015.21,24.02,4.07,38200761,1427826,1598934,281.6695679293456,55167.08260084351,2.2981,450.1
2015.21,24.03,4.07,38200761,1427596,1600093,281.6600898498003,55165.22624837697,2.2981,450.1
2015.21,24.04,4.07,38202151,1427762,1600093,281.65061240810127,55163.370020837385,2.2981,450.1
2015.21,24.05,4.07,38203356,1427526,1600629,281.64113560418446,55161.51391821219,2.2981,450.1
2015.21,24.07,4.06,38208286,1427546,1612822,281.62218390943957,55157.80208765448,2.2981,450.1
2015.21,24.08,4.05,38210405,1427931,1603233,281.61270901848275,55155.946359696754,2.2981,450.1
2020.64,24.09,4.05,38212015,1427900,1603827,282.10818837288303,55252.989681317034,2.2981,450.1
2015.21,24.1,4.05,38209785,1427789,1604482,281.5937611490786,55152.23527836052,2.2981,450.1
2015.21,24.1,4.04,38209927,1428036,1604482,281.5937611490786,55152.23527836052,2.2981,450.1
2015.21,24.13,4.03,38213440,1427788,1606547,281.5653441252813,55146.66959261526,2.2981,450.1
2015.21,24.13,4.03,38215190,1427911,1607231,281.5653441252813,55146.66959261526,2.2981,450.1
2015.21,24.14,4.03,38215190,1427821,1600558,281.5558730585073,55144.81461365221,2.2981,450.1
2015.21,24.14,4.01,38216475,1427821,1600558,281.5558730585073,55144.81461365221,2.2981,450.1
2015.21,24.17,4.01,38217456,1427411,1600558,281.5274636807602,55139.25042544284,2.2981,450.1
2015.21,24.18,4.0,38216058,1427820,1607964,281.5179951621553,55137.39594555768,2.2981,450.1
2015.21,24.19,4.0,38218244,1427877,1607964,281.5085272804319,55135.541590410525,2.2981,450.1
2020.64,24.2,4.0,38219056,1428091,1598524,282.00382684363797,55232.54969858642,2.2981,450.1
2015.21,24.2,3.99,38222458,1428028,1609543,281.4990600355259,55133.68735998878,2.2981,450.1
2015.21,24.22,3.99,38218640,1428311,1602106,281.48012745590887,55129.97927327122,2.2981,450.1
2015.21,24.23,3.99,38218640,1427809,1610615,281.4706621210694,55128.12541695024,2.2981,450.1
2015.21,24.25,3.98,38223590,1427981,1612164,281.4517333610075,55124.41807832099,2.2981,450.1
2015.21,24.25,3.97,38225736,1428123,1611880,281.4517333610075,55124.41807832099,2.2981,450.1
2015.21,24.27,3.97,38228210,1428123,1613625,281.4328071466735,55120.71123829152,2.2981,450.1
2015.21,24.28,3.97,38226652,1427873,1613499,281.423344993994,55118.85800522028,2.2981,450.1
2015.21,24.29,3.97,38227372,1427873,1614775,281.41388347755384,55117.00489676124,2.2981,450.1
2015.21,24.3,3.96,38230304,1427942,1613966,281.404422597289,55115.15191290188,2.2981,450.1
2015.21,24.31,3.96,38231002,1428003,1611586,281.3949623531353,55113.29905362962,2.2981,450.1
2009.78,24.33,3.95,38234230,1428130,1616029,280.87149754999166,55010.77457345254,2.2981,450.1
1988.05,24.34,3.95,38234230,1429037,1616029,278.84300997117305,54613.480174067714,2.2981,450.1
1982.62,24.35,3.94,38269351,1429871,1621900,278.3291247930493,54512.83193479461,2.2981,450.1
1982.62,24.36,3.94,38254837,1429139,1617313,278.3197695066793,54510.99963228596,2.2981,450.1
1982.62,24.37,3.91,38254837,1428669,1618749,278.3104148491939,54509.167452949034,2.2981,450.1
1982.62,24.39,3.92,38251144,1428884,1619081,278.29170742062297,54505.503463740664,2.2981,450.1
1982.62,24.39,3.92,38254054,1428884,1618729,278.29170742062297,54505.503463740664,2.2981,450.1
1982.62,24.39,3.91,38257098,1428983,1620891,278.29170742062297,54505.503463740664,2.2981,450.1
1998.91,24.41,3.91,38257231,1428888,1623471,279.78623422875546,54798.21766953694,2.2981,450.1
2004.34,24.42,3.91,38254731,1428368,1622799,280.2812254847619,54895.165393451694,2.2981,450.1
2004.34,24.43,3.94,38255524,1428250,1622396,280.2718067998541,54893.32067386727,2.2981,450.1
2009.78,24.44,3.94,38259773,1428386,1618913,280.76767731164193,54990.440606575015,2.2981,450.1
2009.78,24.45,3.95,38267575,1428386,1625279,280.7582429138828,54988.592809511625,2.2981,450.1
2015.21,24.45,3.95,38267444,1428389,1622360,281.26258569073804,55087.37209842966,2.2981,450.1
2009.78,24.48,3.95,38267444,1428471,1626856,280.7299435244146,54983.050163325795,2.2981,450.1
2009.78,24.5,3.93,38273322,1428653,1629090,280.7110804339711,54979.355686580406,2.2981,450.1
2009.78,24.51,3.93,38273322,1428479,1632399,280.7016498393184,54977.508634383725,2.2981,450.1
2009.78,24.53,3.91,38273904,1428653,1629103,280.6827905508315,54973.81490227983,2.2981,450.1
2009.78,24.54,3.9,38275090,1428202,1635492,280.67336185686963,54971.968222347605,2.2981,450.1
2009.78,24.56,3.89,38276929,1428537,1635492,280.65450636918985,54968.2752346601,2.2981,450.1
2009.78,24.56,3.89,38277690,1428583,1630924,280.65450636918985,54968.2752346601,2.2981,450.1
2009.78,24.58,3.88,38276030,1428523,1631720,280.6356534147433,54964.582743125175,2.2981,450.1
2004.34,24.6,3.88,38276030,1428547,1633052,280.1117859529827,54861.97939925918,2.2981,450.1
2004.34,24.62,3.88,38278842,1428564,1632846,280.09297198341204,54858.294543202544,2.2981,450.1
2009.78,24.63,3.87,38279311,1428535,1633987,280.5885321081722,54955.35368429935,2.2981,450.1
2004.34,24.64,3.87,38279337,1428720,1631167,280.07416054098724,54854.610182106255,2.2981,450.1
2004.34,24.65,3.86,38280290,1428554,1634120,280.06475576729554,54852.76818713709,2.2981,450.1
2004.34,24.66,3.86,38281992,1428576,1634660,280.05535162519925,54850.92631587059,2.2981,450.1
2004.34,24.67,3.85,38282473,1428555,1632702,280.045948114635,54849.08456829434,2.2981,450.1
2004.34,24.68,3.85,38281968,1428555,1635383,280.0365452355391,54847.242944395875,2.2981,450.1
2004.34,24.7,3.85,38281968,1428581,1635708,280.0177413714978,54843.56006758242,2.2981,450.1
2009.78,24.71,3.85,38285950,1428574,1635672,280.5131709231569,54940.59363496494,2.2981,450.1
1993.48,24.72,3.83,38287492,1428566,1638528,278.9911687874455,54642.498181641015,2.2981,450.1
1955.47,24.72,3.83,38308391,1430036,1638597,275.4639694295216,53951.669918727515,2.2981,450.1
1917.45,24.74,3.82,38308391,1431893,1638597,271.91758463845053,53257.08404584944,2.2981,450.1
1874.01,24.76,3.8,38354259,1432287,1638597,267.8687858910784,52464.09665792368,2.2981,450.1
1846.86,24.76,3.78,38365004,1433110,1638597,265.349696058711,51970.71415344234,2.2981,450.1
1781.69,24.76,3.78,38387741,1434329,1642881,259.3029526194706,50786.4144180078,2.2981,450.1
1738.24,24.76,3.78,38392362,1434601,1642881,255.271481046124,49996.82068615832,2.2981,450.1
1700.23,24.76,3.78,38394081,1435013,1641665,251.74475528080976,49306.08517988447,2.2981,450.1
1667.64,24.75,3.78,38401084,1435360,1641665,248.7292687817207,48715.47969133306,2.2981,450.1
1613.34,24.75,3.78,38409653,1435360,1641842,243.69091999380151,47728.681558335185,2.2981,450.1
1553.6,24.75,3.78,38409653,1435801,1652255,238.1478084543856,46643.021881257984,2.2981,450.1
1493.86,24.75,3.78,38409653,1436283,1652255,232.6046969149696,45557.36220418077,2.2981,450.1
1493.86,24.75,3.78,38428286,1437081,1639129,232.6046969149696,45557.36220418077,2.2981,450.1
1504.72,24.74,3.79,38431787,1437076,1639968,233.62020890850204,45756.257791095595,2.2981,450.1
1564.46,24.75,3.8,38431787,1434567,1639968,239.1554782119694,46840.38150785756,2.2981,450.1
1586.18,24.75,3.86,38400392,1433476,1642088,241.1708177271371,47235.1007610567,2.2981,450.1
1618.77,24.77,3.86,38417616,1433292,1641659,244.1783615619817,47824.15061966319,2.2981,450.1
1629.63,24.78,3.93,38432188,1434089,1635243,245.1777340225214,48019.88515884292,2.2981,450.1
1640.49,24.79,3.94,38440675,1434276,1633294,246.17703939757675,48215.60655883091,2.2981,450.1
1656.78,24.8,3.94,38449252,1434032,1646366,247.68002802245456,48509.97807445578,2.2981,450.1
1673.07,24.81,3.95,38442946,1433479,1646293,249.18291576207105,48804.32983095087,2.2981,450.1
1689.37,24.82,3.95,38445947,1433419,1647935,250.6866302813096,49098.84351839236,2.2981,450.1
1700.23,24.84,3.95,38454295,1433430,1653987,251.67717052822596,49292.84820275642,2.2981,450.1
1721.95,24.84,3.95,38459816,1433430,1652080,253.69190136338295,49687.448241442355,2.2981,450.1
1732.81,24.84,3.95,38450311,1432923,1661076,254.69926678096147,49884.74826078533,2.2981,450.1
1743.67,24.87,3.95,38450003,1432911,1652659,255.6808916476844,50077.0068015416,2.2981,450.1
1754.53,24.88,3.94,38450863,1433273,1652805,256.6795428300075,50272.600073010915,2.2981,450.1
1781.69,24.88,3.93,38450278,1433245,1655211,259.19854583386405,50765.96557148175,2.2981,450.1
1819.7,24.91,3.93,38450278,1433245,1659569,262.6974081983871,51451.243823199184,2.2981,450.1
1825.13,24.93,3.95,38464149,1433374,1659920,263.1833128623302,51546.41187038633,2.2981,450.1
1841.43,24.94,3.95,38474511,1433538,1661029,264.6859523716277,51840.715009124775,2.2981,450.1
1857.72,24.95,3.95,38481051,1433910,1661029,266.18756381628594,52134.816793747144,2.2981,450.1
1874.01,24.96,3.95,38487555,1433910,1663780,267.6890745188392,52428.89884727799,2.2981,450.1
1890.3,24.97,3.98,38488407,1434134,1663641,269.19048448942533,52722.96117170287,2.2981,450.1
1906.59,24.98,3.98,38490294,1434208,1663641,270.6917937381807,53017.003769007075,2.2981,450.1
1912.02,24.99,3.98,38497354,1434685,1666926,271.1861436826857,53113.825887288134,2.2981,450.1
1928.32,25.0,3.98,38501380,1434624,1682285,272.6882123830658,53408.01722884902,2.2981,450.1
1939.18,25.0,4.0,38496236,1434573,1667655,273.6950372054177,53605.2113685908,2.2981,450.1
1955.47,25.01,4.01,38496236,1435041,1667655,275.1960443183915,53899.19479035204,2.2981,450.1
1977.19,25.02,4.01,38496236,1435152,1667655,277.2003293944396,54291.74894932217,2.2981,450.1
1993.48,25.02,4.01,38519394,1435727,1667655,278.7104653275527,54587.520318494186,2.2981,450.1
2009.78,25.03,4.01,38517286,1435428,1672701,280.21213056265185,54881.632638375006,2.2981,450.1
2026.07,25.03,4.01,38517286,1436026,1672701,281.72221585065347,55177.39408832476,2.2981,450.1
2085.8,25.04,4.01,38527609,1435806,1685379,287.24956181180136,56259.96595948471,2.2981,450.1
2112.96,25.05,4.05,38542322,1436509,1685379,289.7574959822281,56751.16354449366,2.2981,450.1
2123.82,25.06,4.06,38557057,1436603,1685379,290.7544016722599,56946.41494829825,2.2981,450.1
2134.68,25.06,4.06,38557057,1438218,1678225,291.7610239209578,57143.56941248124,2.2981,450.1
2140.11,25.07,3.94,38584111,1438347,1678225,292.2545347524008,57240.22718421984,2.2981,450.1
2172.69,25.07,3.92,38584111,1438543,1678225,295.27430023544235,57831.67074364589,2.2981,450.1
2183.56,25.07,3.94,38582887,1438730,1679219,296.2818156068562,58029.00013256429,2.2981,450.1
2194.42,25.06,3.94,38585122,1439176,1665754,297.2983731969446,58228.10050735163,2.2981,450.1
2194.42,25.06,3.86,38591057,1439543,1679126,297.2983731969446,58228.10050735163,2.2981,450.1
2205.28,25.06,3.87,38580335,1439171,1679126,298.3049954456426,58425.25497153463,2.2981,450.1
2210.71,25.05,3.87,38576601,1439077,1679126,298.81832696927296,58525.79477345188,2.2981,450.1
2210.71,25.05,3.87,38571662,1439135,1677023,298.81832696927296,58525.79477345188,2.2981,450.1
2205.28,25.05,3.86,38567268,1439537,1677023,298.31499896661666,58427.214235618194,2.2981,450.1
2172.69,25.04,3.86,38562647,1439741,1678868,295.3040068956491,57837.48901428644,2.2981,450.1
2150.97,25.04,3.84,38582203,1440815,1678868,293.29062736726644,57443.153639096054,2.2981,450.1
2118.39,25.02,3.78,38582203,1441247,1685958,290.29002821307483,56855.46394791567,2.2981,450.1
2096.67,24.99,3.7,38576400,1441923,1677526,288.3055211334409,56466.78345683903,2.2981,450.1
2058.65,24.98,3.68,38572277,1442764,1664911,284.79014116224636,55778.27010884083,2.2981,450.1
2026.07,24.97,3.64,38579657,1443033,1676938,281.7789156123301,55188.499158918145,2.2981,450.1
1982.62,24.96,3.64,38590716,1444238,1662403,277.7596009054784,54401.286439909425,2.2981,450.1
1960.9,24.96,3.62,38593542,1444575,1676249,275.74568107196575,54006.84524193543,2.2981,450.1
1912.02,24.92,3.59,38593542,1445083,1676249,271.24983016592046,53126.29935933198,2.2981,450.1
1890.3,24.9,3.59,38618544,1445587,1675783,269.2537065458396,52735.34368229512,2.2981,450.1
1874.01,24.89,3.59,38621926,1445576,1674867,267.7519460636531,52441.212707562896,2.2981,450.1
1857.72,24.88,3.58,38628743,1445983,1675005,266.250084802318,52147.061994483855,2.2981,450.1
1841.43,24.87,3.58,38636531,1445992,1674142,264.74812275168944,51852.89154107107,2.2981,450.1
1835.99,24.86,3.58,38638976,1446290,1674142,264.2524301828381,51755.80645981265,2.2981,450.1
1814.27,24.85,3.58,38622298,1445195,1674142,262.2466344873126,51362.95643476759,2.2981,450.1
1797.98,24.85,3.59,38637605,1446162,1674009,260.73563706725776,51067.01633696216,2.2981,450.1
1770.83,24.84,3.59,38637605,1446000,1674009,258.2259733349518,50575.48000437832,2.2981,450.1
1711.09,24.83,3.59,38633051,1446111,1673468,252.6930158617701,49491.80907679506,2.2981,450.1
1700.23,24.82,3.57,38651133,1447559,1672625,251.69406331411233,49296.15678068055,2.2981,450.1
1689.37,24.82,3.57,38651133,1447110,1672339,250.6866302813096,49098.84351839236,2.2981,450.1
1640.49,24.81,3.57,38641811,1447110,1671662,246.16051523061492,48212.37017766842,2.2981,450.1
1602.48,24.81,3.58,38641811,1447110,1673429,242.6343812772495,47521.75058217224,2.2981,450.1
1548.17,24.81,3.58,38661913,1447110,1672254,237.5961193722961,46534.96946585026,2.2981,450.1
1537.31,24.8,3.57,38662540,1447909,1672276,236.5965930773121,46339.204797048944,2.2981,450.1
1531.88,24.8,3.57,38664255,1448139,1672829,236.09284274875992,46240.541543543295,2.2981,450.1
1510.16,24.8,3.57,38657918,1447604,1670440,234.07784143455137,45845.88852952073,2.2981,450.1
1493.86,24.8,3.58,38667457,1447935,1670496,232.56566273189944,45549.7170687211,2.2981,450.1
1493.86,24.8,3.59,38667457,1447935,1670756,232.56566273189944,45549.7170687211,2.2981,450.1
1559.03,24.79,3.62,38667210,1447227,1669486,238.6196031044961,46735.426377152304,2.2981,450.1
1635.06,24.79,3.63,38637668,1444395,1669150,245.67327216124693,48116.93999381109,2.2981,450.1
1656.78,24.8,3.71,38657448,1444674,1670864,247.68002802245456,48509.97807445578,2.2981,450.1
1705.66,24.82,3.74,38668628,1444827,1671568,252.19777983051367,49394.813411824645,2.2981,450.1
1743.67,24.83,3.74,38693322,1445444,1674794,255.71521353393825,50083.72899857518,2.2981,450.1
1776.26,24.85,3.74,38701764,1445460,1676811,258.720973840518,50672.429539888246,2.2981,450.1
1835.99,24.86,3.74,38712975,1445816,1678045,264.2524301828381,51755.80645981265,2.2981,450.1
1884.87,24.88,3.73,38712975,1445975,1677905,268.76816033820546,52640.24584144567,2.2981,450.1
1950.04,24.89,3.73,38745771,1446936,1677905,274.80324843504064,53822.26279126749,2.2981,450.1
1960.9,24.91,3.73,38756014,1446936,1677905,275.7919378123992,54015.90496904439,2.2981,450.1
1977.19,24.91,3.72,38766602,1446936,1685185,277.3026310660272,54311.78549358985,2.2981,450.1
1977.19,24.94,3.72,38766602,1449946,1671741,277.2747231223458,54306.319514976654,2.2981,450.1
1977.19,24.94,3.62,38803524,1450236,1686319,277.2747231223458,54306.319514976654,2.2981,450.1
1982.62,24.94,3.61,38771065,1448990,1684926,277.778236861123,54404.93643061289,2.2981,450.1
1988.05,24.94,3.62,38757874,1448460,1693388,278.28175059990025,54503.55334624913,2.2981,450.1
1988.05,24.94,3.66,38728385,1447328,1683805,278.28175059990025,54503.55334624913,2.2981,450.1
1993.48,24.94,3.66,38728385,1446329,1690739,278.7852643386775,54602.17026188537,2.2981,450.1
1993.48,24.95,3.69,38704520,1446437,1690739,278.775912266744,54600.33858894804,2.2981,450.1
1998.91,24.95,3.67,38704520,1445698,1681142,279.2794091147551,54698.95219640194,2.2981,450.1
2004.34,24.96,3.67,38704520,1445119,1681142,279.773520738991,54795.72763788341,2.2981,450.1
2004.34,24.96,3.66,38647413,1444150,1679703,279.773520738991,54795.72763788341,2.2981,450.1
2004.34,24.97,3.65,38642143,1444101,1667976,279.76413614484295,54793.88959522816,2.2981,450.1
2004.34,24.97,3.64,38641521,1444101,1667976,279.76413614484295,54793.88959522816,2.2981,450.1
2004.34,24.98,3.64,38628633,1443373,1671943,279.75475218025895,54792.05167587771,2.2981,450.1
2004.34,24.98,3.63,38624420,1443193,1673499,279.75475218025895,54792.05167587771,2.2981,450.1
2004.34,24.98,3.63,38618613,1442972,1679351,279.75475218025895,54792.05167587771,2.2981,450.1
2004.34,24.99,3.59,38612767,1442700,1679965,279.7453688451754,54790.21387981962,2.2981,450.1
2004.34,24.99,3.57,38607465,1442286,1679965,279.7453688451754,54790.21387981962,2.2981,450.1
2004.34,25.0,3.56,38604482,1442536,1679698,279.73598613952913,54788.376207041496,2.2981,450.1
2004.34,25.0,3.54,38595481,1441982,1693034,279.73598613952913,54788.376207041496,2.2981,450.1
2004.34,25.02,3.54,38588075,1441789,1679086,279.71722261629475,54784.701231275525,2.2981,450.1
2004.34,25.02,3.54,38581795,1441282,1693605,279.71722261629475,54784.701231275525,2.2981,450.1
2004.34,25.02,3.53,38578256,1441121,1693605,279.71722261629475,54784.701231275525,2.2981,450.1
2004.34,25.04,3.53,38570207,1440985,1693605,279.69846161004926,54781.026748480566,2.2981,450.1
2004.34,25.04,3.51,38564850,1440805,1678661,279.69846161004926,54781.026748480566,2.2981,450.1
2004.34,25.06,3.51,38557368,1440690,1675588,279.6797031202864,54777.35275855746,2.2981,450.1
2004.34,25.07,3.48,38555633,1440237,1678083,279.67032481892767,54775.51594839187,2.2981,450.1
2004.34,25.08,3.48,38545905,1440057,1678083,279.66094714649967,54773.67926140704,2.2981,450.1
2004.34,25.09,3.47,38544896,1439821,1678840,279.6515701029393,54771.84269759061,2.2981,450.1
2004.34,25.09,3.46,38539098,1439703,1664544,279.6515701029393,54771.84269759061,2.2981,450.1
2004.34,25.11,3.46,38536159,1439299,1679021,279.6328179021679,54768.16993941334,2.2981,450.1
2004.34,25.11,3.45,38534683,1439162,1679021,279.6328179021679,54768.16993941334,2.2981,450.1
2004.34,25.12,3.45,38529753,1438960,1679021,279.6234427448305,54766.33374502774,2.2981,450.1
2004.34,25.13,3.43,38525111,1438454,1679021,279.6140682161077,54764.49767376097,2.2981,450.1
2004.34,25.14,3.43,38521574,1438514,1679733,279.6046943159362,54762.661725600665,2.2981,450.1
2004.34,25.15,3.41,38519178,1438454,1679844,279.5953210442528,54760.82590053444,2.2981,450.1
2004.34,25.15,3.42,38517821,1438184,1679068,279.5953210442528,54760.82590053444,2.2981,450.1
2004.34,25.17,3.42,38514744,1438072,1679068,279.5765763860975,54757.15461963469,2.2981,450.1
1998.91,25.18,3.4,38514140,1438040,1689404,279.0640963265796,54656.78158330511,2.2981,450.1
2004.34,25.18,3.39,38512912,1437932,1680276,279.5672049994992,54755.319163776425,2.2981,450.1
2004.34,25.19,3.39,38511573,1437787,1681256,279.55783424113633,54753.483830962745,2.2981,450.1
2004.34,25.2,3.39,38509078,1437727,1681661,279.54846411094553,54751.64862118124,2.2981,450.1
2004.34,25.21,3.38,38507844,1437611,1681510,279.5390946088638,54749.813534419576,2.2981,450.1
2004.34,25.22,3.38,38507391,1437528,1671915,279.5297257348279,54747.97857066535,2.2981,450.1
1998.91,25.22,3.35,38504529,1437514,1682720,279.02668450953007,54649.454200313085,2.2981,450.1
2004.34,25.23,3.35,38504529,1437368,1682202,279.5203574887747,54746.14372990624,2.2981,450.1
2004.34,25.23,3.34,38500528,1437368,1694898,279.5203574887747,54746.14372990624,2.2981,450.1
2004.34,25.26,3.34,38500528,1437097,1694898,279.4922565178801,54740.63994547576,2.2981,450.1
2004.34,25.27,3.33,38495350,1436856,1685023,279.4828907831265,54738.805596573366,2.2981,450.1
2004.34,25.28,3.32,38496843,1436856,1668665,279.47352567603997,54736.971370604246,2.2981,450.1
2004.34,25.29,3.31,38494659,1436905,1684524,279.4641611965574,54735.13726755603,2.2981,450.1
2004.34,25.31,3.3,38493420,1436728,1679160,279.4454341201521,54731.469430172954,2.2981,450.1
1998.91,25.31,3.28,38493327,1436846,1685858,278.94254458590257,54632.97476964221,2.2981,450.1
2004.34,25.33,3.28,38493585,1436426,1694134,279.42670955340594,54727.802084325325,2.2981,450.1
2004.34,25.34,3.28,38492806,1436745,1694134,279.4173482109974,54725.96859569642,2.2981,450.1
2004.34,25.35,3.26,38492806,1436623,1694134,279.4079874958144,54724.13522991431,2.2981,450.1
2004.34,25.37,3.25,38495787,1436623,1688659,279.38926794687325,54720.468866841155,2.2981,450.1
2004.34,25.38,3.25,38496721,1436744,1689731,279.37990911298897,54718.63586952542,2.2981,450.1
2004.34,25.39,3.25,38493897,1437128,1677409,279.3705509060783,54716.802995007114,2.2981,450.1
2004.34,25.4,3.25,38497327,1436750,1689444,279.361193326078,54714.9702432739,2.2981,450.1
2004.34,25.41,3.23,38497712,1437185,1678678,279.35183637292533,54713.13761431344,2.2981,450.1
1998.91,25.41,3.22,38496835,1437185,1678678,278.8491152770247,54614.67594368775,2.2981,450.1
2004.34,25.42,3.2,38497101,1436563,1689769,279.3424800465573,54711.30510811342,2.2981,450.1
2004.34,25.44,3.19,38499584,1436860,1690813,279.3237692739228,54707.64046394529,2.2981,450.1
1998.91,25.44,3.19,38498550,1436868,1691254,278.82109868752633,54609.18868598217,2.2981,450.1
2004.34,25.45,3.18,38499259,1436590,1698737,279.31441482753047,54705.808325952516,2.2981,450.1
1998.91,25.45,3.18,38500655,1436831,1693337,278.81176107538005,54607.35984510186,2.2981,450.1
1998.91,25.46,3.18,38497910,1436777,1692922,278.80242408863904,54605.53112671182,2.2981,450.1
2004.34,25.47,3.18,38501693,1436662,1702837,279.295707814281,54702.14441808793,2.2981,450.1
2004.34,25.49,3.17,38500862,1436928,1693794,279.2770033066588,54698.48100096913,2.2981,450.1
2004.34,25.49,3.17,38504667,1436709,1693794,279.2770033066588,54698.48100096913,2.2981,450.1
1998.91,25.51,3.15,38500791,1436822,1693426,278.75574853381266,54596.38937168492,2.2981,450.1
2004.34,25.51,3.15,38506448,1437047,1690623,279.25830130416057,54694.818074497496,2.2981,450.1
2004.34,25.52,3.15,38505004,1436915,1696424,279.2489512421757,54692.986795223565,2.2981,450.1
2004.34,25.53,3.14,38504770,1437254,1698728,279.239601806283,54691.15563857448,2.2981,450.1
2004.34,25.53,3.14,38506701,1436903,1697027,279.239601806283,54691.15563857448,2.2981,450.1
2004.34,25.54,3.12,38504253,1437031,1700925,279.23025299641967,54689.32460453789,2.2981,450.1
2004.34,25.55,3.11,38508605,1437145,1698755,279.2209048125229,54687.49369310151,2.2981,450.1
2004.34,25.55,3.11,38508626,1437085,1698755,279.2209048125229,54687.49369310151,2.2981,450.1
2004.34,25.55,3.11,38508626,1437085,1698256,279.2209048125229,54687.49369310151,2.2981,450.1
2004.34,25.57,3.11,38512984,1437126,1700439,279.2022103223775,54683.832237980125,2.2981,450.1
2004.34,25.57,3.09,38514002,1437190,1700049,279.2022103223775,54683.832237980125,2.2981,450.1
2004.34,25.59,3.08,38514002,1437187,1700049,279.1835183353438,54680.17127311182,2.2981,450.1
1998.91,25.6,3.08,38515589,1437161,1700648,278.67177190663926,54579.94192384072,2.2981,450.1
2004.34,25.61,3.07,38515589,1437297,1701269,279.1648288509191,54676.510798398114,2.2981,450.1
2004.34,25.61,3.07,38515589,1437243,1702505,279.1648288509191,54676.510798398114,2.2981,450.1
2004.34,25.62,3.05,38517802,1437447,1699665,279.15548504702815,54674.6807448185,2.2981,450.1
2004.34,25.63,3.04,38519183,1437413,1703661,279.146141868601,54672.85081374062,2.2981,450.1
1998.91,25.64,3.04,38521555,1437359,1703778,278.63446520000167,54572.63512750566,2.2981,450.1
2004.34,25.65,3.04,38521170,1437414,1706622,279.1274573878869,54669.19131904092,2.2981,450.1
2004.34,25.65,3.04,38523152,1437581,1704371,279.1274573878869,54669.19131904092,2.2981,450.1
2004.34,25.66,3.03,38523912,1437529,1706157,279.11811608547436,54667.361755394464,2.2981,450.1
2004.34,25.67,3.03,38525383,1437737,1702374,279.10877540827454,54665.5323142006,2.2981,450.1
2004.34,25.67,3.03,38524014,1437778,1705027,279.10877540827454,54665.5323142006,2.2981,450.1
2004.34,25.67,3.03,38526434,1437584,1709395,279.10877540827454,54665.5323142006,2.2981,450.1
2004.34,25.68,3.02,38527916,1437857,1707060,279.0994353562246,54663.70299544698,2.2981,450.1
2004.34,25.69,3.02,38530026,1437776,1707367,279.0900959292618,54661.87379912134,2.2981,450.1
2004.34,25.69,3.02,38529550,1437559,1708110,279.0900959292618,54661.87379912134,2.2981,450.1
2004.34,25.7,3.02,38530646,1437780,1708110,279.0807571273234,54660.04472521138,2.2981,450.1
2004.34,25.7,3.01,38531382,1437764,1708110,279.0807571273234,54660.04472521138,2.2981,450.1
2004.34,25.71,3.01,38531382,1437977,1709797,279.07141895034664,54658.215773704826,2.2981,450.1
2004.34,25.72,3.01,38533349,1437859,1710550,279.0620813982688,54656.38694458936,2.2981,450.1
2004.34,25.72,2.99,38537088,1437979,1710550,279.0620813982688,54656.38694458936,2.2981,450.1
2004.34,25.73,2.99,38538478,1438086,1709491,279.05274447102715,54654.55823785272,2.2981,450.1
2004.34,25.73,2.99,38538647,1438226,1710371,279.05274447102715,54654.55823785272,2.2981,450.1
2004.34,25.74,2.99,38541068,1438160,1716777,279.043408168559,54652.72965348263,2.2981,450.1
2004.34,25.75,2.99,38542410,1438296,1712570,279.0340724908016,54650.901191466786,2.2981,450.1
1998.91,25.75,2.97,38545138,1438283,1714153,278.5319232422499,54552.5515214032,2.2981,450.1
2004.34,25.76,2.95,38546785,1438535,1712572,279.0247374376923,54649.07285179293,2.2981,450.1
2004.34,25.76,2.96,38546785,1438410,1710978,279.0247374376923,54649.07285179293,2.2981,450.1
2004.34,25.77,2.95,38549273,1438410,1710978,279.0154030091683,54647.244634448754,2.2981,450.1
2004.34,25.78,2.95,38551582,1438791,1711006,279.00606920516714,54645.41653942202,2.2981,450.1
2004.34,25.79,2.95,38552017,1438719,1711006,278.9967360256258,54643.5885667004,2.2981,450.1
2004.34,25.79,2.94,38552017,1438790,1712148,278.9967360256258,54643.5885667004,2.2981,450.1
2004.34,25.8,2.94,38558223,1438837,1715950,278.987403470482,54641.76071627169,2.2981,450.1
2004.34,25.81,2.93,38557409,1438835,1715450,278.9780715396729,54639.93298812357,2.2981,450.1
2004.34,25.82,2.92,38562862,1438976,1716851,278.96874023313575,54638.105382243775,2.2981,450.1
2004.34,25.82,2.92,38562067,1438910,1717059,278.96874023313575,54638.105382243775,2.2981,450.1
2004.34,25.82,2.92,38565603,1438944,1718078,278.96874023313575,54638.105382243775,2.2981,450.1
2004.34,25.83,2.91,38568639,1439036,1718078,278.9594095508081,54636.27789862006,2.2981,450.1
2004.34,25.84,2.89,38565729,1439036,1717600,278.9500794926272,54634.45053724012,2.2981,450.1
2004.34,25.84,2.89,38572127,1439244,1718458,278.9500794926272,54634.45053724012,2.2981,450.1
2004.34,25.85,2.88,38573443,1439244,1719845,278.94075005853045,54632.62329809171,2.2981,450.1
2004.34,25.86,2.88,38573443,1439411,1719845,278.9314212484552,54630.796181162565,2.2981,450.1
2004.34,25.87,2.88,38580452,1439483,1721478,278.922093062339,54628.969186440445,2.2981,450.1
2004.34,25.87,2.87,38580761,1439551,1721478,278.922093062339,54628.969186440445,2.2981,450.1
2004.34,25.88,2.87,38583645,1439647,1723338,278.91276550011906,54627.142313913064,2.2981,450.1
2004.34,25.88,2.87,38584862,1439770,1722387,278.91276550011906,54627.142313913064,2.2981,450.1
2004.34,25.89,2.87,38588751,1439770,1722387,278.9034385617329,54625.31556356816,2.2981,450.1
2004.34,25.89,2.86,38588751,1439807,1723383,278.9034385617329,54625.31556356816,2.2981,450.1
2004.34,25.89,2.86,38595355,1439807,1723383,278.9034385617329,54625.31556356816,2.2981,450.1
2004.34,25.89,2.86,38595963,1440144,1724183,278.9034385617329,54625.31556356816,2.2981,450.1
2004.34,25.9,2.85,38600443,1440340,1724183,278.8941122471179,54623.48893539349,2.2981,450.1
1998.91,25.91,2.85,38601269,1440428,1725470,278.38290596237704,54523.36537734038,2.2981,450.1
2004.34,25.91,2.84,38604324,1440740,1726090,278.88478655621145,54621.66242937678,2.2981,450.1
2004.34,25.92,2.84,38606957,1440740,1726090,278.8754614889511,54619.83604550581,2.2981,450.1
2004.34,25.92,2.84,38613902,1441246,1727730,278.8754614889511,54619.83604550581,2.2981,450.1
2004.34,25.93,2.83,38618306,1441220,1727826,278.8661370452741,54618.00978376829,2.2981,450.1
2004.34,25.93,2.84,38614744,1441228,1730790,278.8661370452741,54618.00978376829,2.2981,450.1
2004.34,25.94,2.83,38614744,1441401,1730790,278.8568132251182,54616.183644152,2.2981,450.1
2004.34,25.95,2.8,38624123,1441539,1724753,278.8474900284206,54614.35762664467,2.2981,450.1
2004.34,25.95,2.81,38628544,1442062,1728957,278.8474900284206,54614.35762664467,2.2981,450.1
2004.34,25.95,2.83,38628544,1442299,1728957,278.8474900284206,54614.35762664467,2.2981,450.1
2004.34,25.97,2.8,38628544,1442568,1730546,278.8288455051504,54610.705957907936,2.2981,450.1
2004.34,25.97,2.8,38648495,1442909,1730546,278.8288455051504,54610.705957907936,2.2981,450.1
2004.34,25.98,2.8,38652071,1442909,1731451,278.8195241784528,54608.88030665403,2.2981,450.1
2004.34,25.98,2.79,38654094,1442972,1731451,278.8195241784528,54608.88030665403,2.2981,450.1
2004.34,25.99,2.78,38659953,1443417,1732453,278.81020347496354,54607.05477746012,2.2981,450.1
2004.34,25.99,2.78,38661136,1443324,1733664,278.81020347496354,54607.05477746012,2.2981,450.1
2004.34,26.0,2.77,38664493,1443324,1733664,278.80088339462003,54605.22937031396,2.2981,450.1
2004.34,26.0,2.76,38665712,1443525,1734153,278.80088339462003,54605.22937031396,2.2981,450.1
2004.34,26.0,2.77,38667964,1443676,1735137,278.80088339462003,54605.22937031396,2.2981,450.1
2004.34,26.01,2.77,38670883,1443922,1735329,278.79156393735997,54603.404085203314,2.2981,450.1
2004.34,26.01,2.77,38674198,1443922,1746552,278.79156393735997,54603.404085203314,2.2981,450.1
2004.34,26.02,2.76,38674198,1443633,1746552,278.78224510312066,54601.578922115936,2.2981,450.1
2004.34,26.02,2.77,38678829,1444223,1735894,278.78224510312066,54601.578922115936,2.2981,450.1
2004.34,26.03,2.78,38676375,1444074,1739744,278.7729268918397,54599.753881039585,2.2981,450.1
2004.34,26.03,2.77,38675329,1444054,1737285,278.7729268918397,54599.753881039585,2.2981,450.1
2004.34,26.03,2.76,38675329,1444182,1737285,278.7729268918397,54599.753881039585,2.2981,450.1
2004.34,26.04,2.77,38668992,1443650,1737915,278.7636093034547,54597.92896196204,2.2981,450.1
2004.34,26.05,2.77,38666336,1443206,1750573,278.75429233790305,54596.10416487106,2.2981,450.1
2004.34,26.05,2.76,38670734,1443917,1737058,278.75429233790305,54596.10416487106,2.2981,450.1
2004.34,26.05,2.76,38670734,1443842,1737058,278.75429233790305,54596.10416487106,2.2981,450.1
2004.34,26.06,2.76,38669348,1444006,1738325,278.7449759951225,54594.27948975442,2.2981,450.1
2004.34,26.06,2.76,38673502,1444006,1738325,278.7449759951225,54594.27948975442,2.2981,450.1
2004.34,26.06,2.76,38673465,1443976,1737889,278.7449759951225,54594.27948975442,2.2981,450.1
2004.34,26.07,2.75,38676753,1444365,1727198,278.73566027505046,54592.4549365999,2.2981,450.1
2004.34,26.07,2.73,38674336,1443968,1738669,278.73566027505046,54592.4549365999,2.2981,450.1
2004.34,26.07,2.71,38674327,1444047,1725595,278.73566027505046,54592.4549365999,2.2981,450.1
2004.34,26.07,2.71,38675101,1444088,1738184,278.73566027505046,54592.4549365999,2.2981,450.1
2004.34,26.08,2.71,38680204,1444434,1740117,278.7263451776246,54590.63050539526,2.2981,450.1
2004.34,26.08,2.71,38685948,1444527,1740239,278.7263451776246,54590.63050539526,2.2981,450.1
2004.34,26.09,2.73,38685948,1444135,1740239,278.71703070278244,54588.80619612827,2.2981,450.1
2004.34,26.09,2.71,38685512,1444562,1741372,278.71703070278244,54588.80619612827,2.2981,450.1
2009.78,26.1,2.7,38686668,1444677,1741403,279.2102024767636,54685.39756093787,2.2981,450.1
2004.34,26.1,2.7,38686206,1444677,1741403,278.70771685046145,54586.9820087867,2.2981,450.1
2004.34,26.1,2.69,38693863,1445052,1747531,278.70771685046145,54586.9820087867,2.2981,450.1
2004.34,26.11,2.69,38693682,1445181,1747531,278.6984036205995,54585.157943358354,2.2981,450.1
2004.34,26.11,2.68,38696555,1445090,1743924,278.6984036205995,54585.157943358354,2.2981,450.1
2004.34,26.12,2.66,38694297,1445043,1744103,278.6890910131339,54583.33399983099,2.2981,450.1
2004.34,26.12,2.68,38698037,1444970,1740063,278.6890910131339,54583.33399983099,2.2981,450.1
2004.34,26.13,2.66,38699625,1445381,1743913,278.67977902800254,54581.51017819241,2.2981,450.1
2004.34,26.13,2.66,38707608,1445381,1756591,278.67977902800254,54581.51017819241,2.2981,450.1
2004.34,26.14,2.66,38708121,1445381,1756591,278.67046766514284,54579.686478430354,2.2981,450.1
2004.34,26.14,2.66,38705451,1445569,1756591,278.67046766514284,54579.686478430354,2.2981,450.1
2004.34,26.14,2.66,38711276,1445569,1746361,278.67046766514284,54579.686478430354,2.2981,450.1
2004.34,26.15,2.66,38714673,1445919,1745269,278.6611569244925,54577.86290053266,2.2981,450.1
2004.34,26.15,2.65,38719879,1446429,1729732,278.6611569244925,54577.86290053266,2.2981,450.1
2004.34,26.15,2.65,38714799,1445931,1729732,278.6611569244925,54577.86290053266,2.2981,450.1
2004.34,26.16,2.65,38718144,1446036,1737298,278.65184680598907,54576.039444487054,2.2981,450.1
2009.78,26.16,2.65,38721938,1446121,1734231,279.1542317034897,54674.43526815227,2.2981,450.1
2004.34,26.16,2.64,38724909,1446220,1746997,278.65184680598907,54576.039444487054,2.2981,450.1
2004.34,26.16,2.63,38723583,1446220,1746686,278.65184680598907,54576.039444487054,2.2981,450.1
2004.34,26.17,2.62,38722166,1446215,1747328,278.64253730957034,54574.21611028138,2.2981,450.1
2004.34,26.17,2.61,38727708,1446430,1747328,278.64253730957034,54574.21611028138,2.2981,450.1
2004.34,26.17,2.61,38731775,1446801,1747328,278.64253730957034,54574.21611028138,2.2981,450.1
2004.34,26.18,2.61,38733991,1446801,1749204,278.63322843517386,54572.39289790339,2.2981,450.1
2004.34,26.19,2.59,38731951,1446669,1749213,278.6239201827373,54570.569807340886,2.2981,450.1
2004.34,26.19,2.61,38735553,1446815,1749251,278.6239201827373,54570.569807340886,2.2981,450.1
2004.34,26.2,2.61,38744458,1447129,1763023,278.6146125521984,54568.74683858167,2.2981,450.1
2004.34,26.2,2.57,38742362,1447043,1763023,278.6146125521984,54568.74683858167,2.2981,450.1
2004.34,26.21,2.57,38745941,1447462,1750966,278.6053055434948,54566.92399161352,2.2981,450.1
2009.78,26.21,2.57,38748011,1447759,1750966,279.10760653117154,54665.30338091481,2.2981,450.1
2004.34,26.22,2.57,38752152,1447487,1750916,278.5959991565641,54565.10126642423,2.2981,450.1
2004.34,26.23,2.56,38756425,1447966,1743998,278.58669339134406,54563.278663001605,2.2981,450.1
2004.34,26.23,2.56,38748763,1447362,1751418,278.58669339134406,54563.278663001605,2.2981,450.1
2004.34,26.23,2.56,38757155,1447902,1752422,278.58669339134406,54563.278663001605,2.2981,450.1
2004.34,26.24,2.56,38757155,1448194,1752422,278.5773882477725,54561.45618133345,2.2981,450.1
2004.34,26.25,2.56,38764846,1448239,1754523,278.56808372578695,54559.63382140756,2.2981,450.1
2004.34,26.25,2.57,38767992,1448027,1756230,278.56808372578695,54559.63382140756,2.2981,450.1
2004.34,26.25,2.57,38773054,1448327,1755210,278.56808372578695,54559.63382140756,2.2981,450.1
2004.34,26.26,2.57,38773054,1448300,1755210,278.55877982532513,54557.811583211726,2.2981,450.1
2004.34,26.28,2.56,38780685,1448957,1757106,278.5401738887239,54554.167471961475,2.2981,450.1
2004.34,26.28,2.54,38792924,1449128,1764437,278.5401738887239,54554.167471961475,2.2981,450.1
2004.34,26.28,2.55,38792924,1449291,1758317,278.5401738887239,54554.167471961475,2.2981,450.1
2004.34,26.26,2.57,38790904,1449209,1752772,278.55877982532513,54557.811583211726,2.2981,450.1
2004.34,26.26,2.57,38799462,1449407,1757829,278.55877982532513,54557.811583211726,2.2981,450.1
2004.34,26.26,2.57,38799462,1449063,1758214,278.55877982532513,54557.811583211726,2.2981,450.1
2004.34,26.27,2.58,38794777,1449268,1757810,278.5494765463249,54555.989466733765,2.2981,450.1
2004.34,26.27,2.57,38799013,1449332,1757699,278.5494765463249,54555.989466733765,2.2981,450.1
2004.34,26.27,2.57,38802751,1449412,1760597,278.5494765463249,54555.989466733765,2.2981,450.1
2004.34,26.28,2.57,38806599,1449703,1761018,278.5401738887239,54554.167471961475,2.2981,450.1
2004.34,26.28,2.54,38806163,1449700,1760052,278.5401738887239,54554.167471961475,2.2981,450.1
2004.34,26.28,2.54,38808516,1449827,1761283,278.5401738887239,54554.167471961475,2.2981,450.1
2004.34,26.28,2.55,38808648,1449602,1760480,278.5401738887239,54554.167471961475,2.2981,450.1
2004.34,26.3,2.53,38808708,1449902,1760480,278.5215704374707,54550.52384748513,2.2981,450.1
1998.91,26.3,2.51,38808312,1450072,1760480,278.020343486754,54452.354816321305,2.2981,450.1
2004.34,26.31,2.53,38814924,1450242,1761776,278.51226964369397,54548.702217756705,2.2981,450.1
2004.34,26.32,2.53,38818414,1450280,1762440,278.50296947106756,54546.88070968519,2.2981,450.1
2004.34,26.32,2.51,38815831,1450351,1763116,278.50296947106756,54546.88070968519,2.2981,450.1
2004.34,26.32,2.51,38815831,1451189,1763949,278.50296947106756,54546.88070968519,2.2981,450.1
2004.34,26.34,2.51,38832326,1451043,1764704,278.4843709890167,54543.238058464136,2.2981,450.1
2004.34,26.34,2.53,38832665,1451132,1764095,278.4843709890167,54543.238058464136,2.2981,450.1
2004.34,26.34,2.51,38834243,1451162,1764559,278.4843709890167,54543.238058464136,2.2981,450.1
2004.34,26.35,2.51,38834243,1451220,1765354,278.47507267946776,54541.41691529022,2.2981,450.1
2004.34,26.36,2.49,38839653,1451233,1765354,278.46577499082036,54539.595893724494,2.2981,450.1
2004.34,26.36,2.5,38843863,1451314,1765351,278.46577499082036,54539.595893724494,2.2981,450.1
2004.34,26.36,2.5,38843286,1451435,1765351,278.46577499082036,54539.595893724494,2.2981,450.1
2004.34,26.37,2.51,38841056,1451157,1764846,278.45647792301213,54537.77499375475,2.2981,450.1
2004.34,26.37,2.5,38850194,1451776,1766727,278.45647792301213,54537.77499375475,2.2981,450.1
2004.34,26.38,2.51,38860625,1452246,1767467,278.44718147598104,54535.954215368816,2.2981,450.1
2004.34,26.38,2.51,38862705,1452248,1766951,278.44718147598104,54535.954215368816,2.2981,450.1
2004.34,26.38,2.5,38861091,1452195,1767636,278.44718147598104,54535.954215368816,2.2981,450.1
2004.34,26.39,2.49,38859131,1451910,1767076,278.43788564966485,54534.13355855453,2.2981,450.1
2004.34,26.39,2.49,38863593,1452183,1769522,278.43788564966485,54534.13355855453,2.2981,450.1
2004.34,26.4,2.49,38870204,1452627,1767819,278.4285904440013,54532.31302329969,2.2981,450.1
2004.34,26.4,2.5,38870204,1452851,1769587,278.4285904440013,54532.31302329969,2.2981,450.1
2004.34,26.41,2.49,38877130,1452672,1769469,278.4192958589284,54530.49260959214,2.2981,450.1
2004.34,26.41,2.48,38874171,1452900,1769469,278.4192958589284,54530.49260959214,2.2981,450.1
2009.78,26.42,2.48,38873960,1452721,1769734,278.9119507666706,54626.982742299486,2.2981,450.1
2004.34,26.42,2.48,38878494,1452936,1769734,278.4100018943839,54528.6723174197,2.2981,450.1
2004.34,26.43,2.48,38890453,1452936,1771679,278.40070855030575,54526.85214677022,2.2981,450.1
2004.34,26.43,2.49,38893929,1453174,1771679,278.40070855030575,54526.85214677022,2.2981,450.1
2004.34,26.43,2.49,38890288,1453301,1772134,278.40070855030575,54526.85214677022,2.2981,450.1
2004.34,26.44,2.48,38890288,1453363,1771570,278.3914158266317,54525.0320976315,2.2981,450.1
2004.34,26.45,2.49,38900627,1453787,1773252,278.38212372329974,54523.2121699914,2.2981,450.1
2004.34,26.45,2.5,38902401,1454030,1763394,278.38212372329974,54523.2121699914,2.2981,450.1
2004.34,26.45,2.5,38914256,1454429,1773537,278.38212372329974,54523.2121699914,2.2981,450.1
2004.34,26.45,2.49,38920624,1454738,1773750,278.38212372329974,54523.2121699914,2.2981,450.1
2004.34,26.46,2.49,38918133,1454539,1774303,278.37283224024765,54521.39236383773,2.2981,450.1
2004.34,26.46,2.49,38919543,1454539,1775224,278.37283224024765,54521.39236383773,2.2981,450.1
2004.34,26.47,2.49,38919820,1454195,1788278,278.36354137741336,54519.57267915834,2.2981,450.1
2004.34,26.47,2.49,38920773,1454541,1788278,278.36354137741336,54519.57267915834,2.2981,450.1
2004.34,26.48,2.49,38924780,1454541,1776039,278.35425113473485,54517.753115941065,2.2981,450.1
2004.34,26.48,2.49,38931599,1454541,1776039,278.35425113473485,54517.753115941065,2.2981,450.1
2004.34,26.49,2.48,38935331,1455313,1776576,278.3449615121499,54515.93367417374,2.2981,450.1
1998.91,26.49,2.48,38935398,1455251,1776611,277.8440523865588,54417.826891427765,2.2981,450.1
2004.34,26.49,2.48,38941689,1455627,1767106,278.3449615121499,54515.93367417374,2.2981,450.1
2004.34,26.5,2.48,38941689,1456163,1778695,278.3356725095965,54514.11435384423,2.2981,450.1
2004.34,26.5,2.48,38961477,1456328,1785110,278.3356725095965,54514.11435384423,2.2981,450.1
1998.91,26.5,2.48,38966710,1456789,1779251,277.83478010047884,54416.010845144054,2.2981,450.1
2004.34,26.5,2.48,38968255,1456788,1779251,278.3356725095965,54514.11435384423,2.2981,450.1
2004.34,26.51,2.48,38970355,1456772,1781077,278.3263841270126,54512.29515494034,2.2981,450.1
2004.34,26.51,2.48,38968031,1456502,1795815,278.3263841270126,54512.29515494034,2.2981,450.1
2004.34,26.52,2.48,38977366,1457195,1781514,278.3170963643361,54510.47607744994,2.2981,450.1
2004.34,26.52,2.47,38976337,1457211,1781727,278.3170963643361,54510.47607744994,2.2981,450.1
2004.34,26.53,2.47,38976958,1457266,1794410,278.30780922150495,54508.65712136086,2.2981,450.1
2004.34,26.53,2.47,38990895,1457639,1782444,278.30780922150495,54508.65712136086,2.2981,450.1
2004.34,26.53,2.47,38985504,1457673,1788722,278.30780922150495,54508.65712136086,2.2981,450.1
2004.34,26.54,2.47,38985504,1457558,1788722,278.2985226984571,54506.83828666095,2.2981,450.1
2004.34,26.54,2.47,38987637,1457596,1783597,278.2985226984571,54506.83828666095,2.2981,450.1
2004.34,26.54,2.45,38987575,1458187,1769010,278.2985226984571,54506.83828666095,2.2981,450.1
2004.34,26.55,2.45,38986313,1458187,1782619,278.2892367951305,54505.01957333808,2.2981,450.1
2004.34,26.55,2.45,38986111,1457823,1767269,278.2892367951305,54505.01957333808,2.2981,450.1
2004.34,26.56,2.45,38986597,1457530,1783962,278.2799515114631,54503.20098138008,2.2981,450.1
2004.34,26.56,2.45,38985199,1457559,1783962,278.2799515114631,54503.20098138008,2.2981,450.1
2004.34,26.57,2.46,38991572,1457638,1783749,278.27066684739293,54501.382510774805,2.2981,450.1
2004.34,26.57,2.45,38992772,1457533,1784078,278.27066684739293,54501.382510774805,2.2981,450.1
2004.34,26.57,2.45,38992772,1457823,1784272,278.27066684739293,54501.382510774805,2.2981,450.1
2004.34,26.57,2.43,38993108,1457426,1796946,278.27066684739293,54501.382510774805,2.2981,450.1
2004.34,26.58,2.43,39000528,1457952,1786083,278.2613828028579,54499.5641615101,2.2981,450.1
2004.34,26.58,2.42,39000632,1458253,1785253,278.2613828028579,54499.5641615101,2.2981,450.1
2004.34,26.6,2.42,39000925,1458313,1785253,278.24281657214544,54495.92782695386,2.2981,450.1
2004.34,26.61,2.43,39001521,1458313,1785253,278.233534385844,54494.10984163805,2.2981,450.1
2004.34,26.61,2.43,39003236,1458280,1786647,278.233534385844,54494.10984163805,2.2981,450.1
2004.34,26.61,2.41,39003426,1458555,1786647,278.233534385844,54494.10984163805,2.2981,450.1
2004.34,26.61,2.41,39003439,1458345,1787088,278.233534385844,54494.10984163805,2.2981,450.1
2004.34,26.61,2.41,39008773,1458599,1774424,278.233534385844,54494.10984163805,2.2981,450.1
2004.34,26.62,2.4,39006169,1458559,1777114,278.22425281882977,54492.29197761424,2.2981,450.1
2004.34,26.62,2.41,39009182,1458494,1786793,278.22425281882977,54492.29197761424,2.2981,450.1
2004.34,26.62,2.41,39011463,1458177,1786793,278.22425281882977,54492.29197761424,2.2981,450.1
1998.91,26.63,2.41,39009281,1458553,1786793,277.71429667458966,54392.413268888566,2.2981,450.1
2004.34,26.63,2.4,39016888,1458427,1803403,278.21497187104075,54490.47423487031,2.2981,450.1
2004.34,26.64,2.4,39016404,1458663,1788298,278.205691542415,54488.65661339411,2.2981,450.1
2004.34,26.64,2.4,39020411,1458593,1804540,278.205691542415,54488.65661339411,2.2981,450.1
2004.34,26.64,2.4,39020411,1458947,1789344,278.205691542415,54488.65661339411,2.2981,450.1
2004.34,26.65,2.39,39016934,1459008,1780520,278.1964118328906,54486.839113173526,2.2981,450.1
2004.34,26.65,2.39,39018942,1459008,1780520,278.1964118328906,54486.839113173526,2.2981,450.1
2004.34,26.66,2.39,39017645,1459107,1776573,278.18713274240554,54485.0217341964,2.2981,450.1
2004.34,26.66,2.39,39024629,1459107,1790670,278.18713274240554,54485.0217341964,2.2981,450.1
2004.34,26.66,2.38,39024629,1459062,1790962,278.18713274240554,54485.0217341964,2.2981,450.1
2004.34,26.67,2.39,39025341,1459049,1790962,278.17785427089785,54483.2044764506,2.2981,450.1
2004.34,26.67,2.38,39026582,1459142,1791117,278.17785427089785,54483.2044764506,2.2981,450.1
2004.34,26.68,2.38,39026512,1459152,1791213,278.1685764183057,54481.387339924026,2.2981,450.1
2004.34,26.68,2.38,39026512,1459459,1791215,278.1685764183057,54481.387339924026,2.2981,450.1
1998.91,26.69,2.38,39028434,1459362,1791528,277.6587241765892,54381.52898128141,2.2981,450.1
2004.34,26.69,2.37,39037240,1459141,1798873,278.1592991845671,54479.57032460453,2.2981,450.1
2004.34,26.7,2.37,39034840,1459384,1792541,278.15002256962015,54477.753430479985,2.2981,450.1
2004.34,26.71,2.37,39038417,1459145,1803796,278.14074657340296,54475.93665753827,2.2981,450.1
2004.34,26.71,2.37,39034390,1459553,1792642,278.14074657340296,54475.93665753827,2.2981,450.1
2004.34,26.71,2.35,39037943,1459270,1797850,278.14074657340296,54475.93665753827,2.2981,450.1
2004.34,26.72,2.35,39038428,1459411,1793533,278.1314711958535,54474.12000576723,2.2981,450.1
2004.34,26.72,2.35,39043281,1459411,1793533,278.1314711958535,54474.12000576723,2.2981,450.1
2004.34,26.72,2.35,39039982,1459663,1794419,278.1314711958535,54474.12000576723,2.2981,450.1
2004.34,26.73,2.35,39043844,1459918,1794287,278.1221964369101,54472.3034751548,2.2981,450.1
2004.34,26.73,2.33,39044192,1459806,1795715,278.1221964369101,54472.3034751548,2.2981,450.1
2004.34,26.74,2.34,39044103,1460157,1792545,278.1129222965107,54470.48706568882,2.2981,450.1
2004.34,26.74,2.33,39042484,1459809,1797553,278.1129222965107,54470.48706568882,2.2981,450.1
1998.91,26.75,2.33,39048472,1459979,1794942,277.60317391499996,54370.649048841005,2.2981,450.1
2004.34,26.75,2.33,39049713,1459979,1796907,278.1036487745935,54468.67077735719,2.2981,450.1
2004.34,26.76,2.33,39060236,1460398,1793685,278.09437587109664,54466.85461014778,2.2981,450.1
2004.34,26.76,2.32,39054865,1460278,1797360,278.09437587109664,54466.85461014778,2.2981,450.1
2004.34,26.77,2.32,39054865,1460491,1798020,278.0851035859583,54465.03856404849,2.2981,450.1
2004.34,26.78,2.32,39054865,1460667,1801244,278.0758319191165,54463.22263904719,2.2981,450.1
2004.34,26.78,2.31,39054865,1460572,1801244,278.0758319191165,54463.22263904719,2.2981,450.1
2004.34,26.8,2.3,39062730,1460515,1798481,278.05729044007535,54459.59115229012,2.2981,450.1
2009.78,26.8,2.3,39066357,1460658,1799435,278.5586034044725,54557.77702987384,2.2981,450.1
2004.34,26.81,2.3,39065802,1460611,1799435,278.04802062775235,54457.775590510144,2.2981,450.1
2004.34,26.81,2.3,39067774,1460829,1799556,278.04802062775235,54457.775590510144,2.2981,450.1
2004.34,26.82,2.3,39069671,1460809,1804532,278.0387514334787,54455.96014977972,2.2981,450.1
2004.34,26.82,2.3,39066036,1460531,1800694,278.0387514334787,54455.96014977972,2.2981,450.1
2004.34,26.82,2.3,39068983,1460531,1799892,278.0387514334787,54455.96014977972,2.2981,450.1
2004.34,26.83,2.3,39074470,1460997,1797843,278.0294828571925,54454.14483008674,2.2981,450.1
2004.34,26.83,2.29,39070589,1460785,1801416,278.0294828571925,54454.14483008674,2.2981,450.1
2004.34,26.84,2.3,39077123,1461069,1800798,278.02021489883197,54452.329631419125,2.2981,450.1
2004.34,26.84,2.3,39077675,1461181,1804341,278.02021489883197,54452.329631419125,2.2981,450.1
2004.34,26.84,2.29,39079694,1461246,1800999,278.02021489883197,54452.329631419125,2.2981,450.1
2004.34,26.84,2.29,39080968,1461334,1800999,278.02021489883197,54452.329631419125,2.2981,450.1
2004.34,26.84,2.29,39078233,1461334,1803434,278.02021489883197,54452.329631419125,2.2981,450.1
1998.91,26.85,2.27,39082949,1461298,1802969,277.510639523695,54352.52549915805,2.2981,450.1
2004.34,26.85,2.29,39087827,1461630,1806072,278.0109475583353,54450.51455376474,2.2981,450.1
2004.34,26.85,2.29,39089009,1461753,1805005,278.0109475583353,54450.51455376474,2.2981,450.1
2004.34,26.86,2.29,39092149,1461713,1804541,278.0016808356408,54448.6995971115,2.2981,450.1
2004.34,26.87,2.27,39093303,1461608,1805315,277.9924147306866,54446.88476144731,2.2981,450.1
2004.34,26.87,2.27,39093303,1462023,1804781,277.9924147306866,54446.88476144731,2.2981,450.1
2004.34,26.88,2.27,39102183,1462010,1802678,277.983149243411,54445.07004676006,2.2981,450.1
2004.34,26.88,2.27,39103486,1462217,1805262,277.983149243411,54445.07004676006,2.2981,450.1
2004.34,26.88,2.29,39107193,1462239,1803180,277.983149243411,54445.07004676006,2.2981,450.1
2004.34,26.89,2.27,39106569,1462179,1805728,277.9738843737522,54443.25545303767,2.2981,450.1
2004.34,26.89,2.27,39111376,1462412,1805728,277.9738843737522,54443.25545303767,2.2981,450.1
2004.34,26.89,2.27,39111454,1462439,1805390,277.9738843737522,54443.25545303767,2.2981,450.1
2004.34,26.9,2.27,39117893,1462823,1806492,277.9646201216484,54441.44098026803,2.2981,450.1
2004.34,26.9,2.25,39117506,1462954,1810511,277.9646201216484,54441.44098026803,2.2981,450.1
2004.34,26.9,2.25,39118406,1463067,1808389,277.9646201216484,54441.44098026803,2.2981,450.1
2004.34,26.9,2.25,39118406,1463391,1804070,277.9646201216484,54441.44098026803,2.2981,450.1
2004.34,26.9,2.25,39122821,1463371,1808143,277.9646201216484,54441.44098026803,2.2981,450.1
2004.34,26.91,2.25,39128644,1463452,1808153,277.9553564870379,54439.62662843904,2.2981,450.1
2004.34,26.91,2.25,39127666,1463737,1805712,277.9553564870379,54439.62662843904,2.2981,450.1
2004.34,26.92,2.24,39133479,1463735,1809645,277.946093469859,54437.81239753865,2.2981,450.1
2004.34,26.92,2.23,39137688,1464049,1808377,277.946093469859,54437.81239753865,2.2981,450.1
2004.34,26.93,2.23,39138141,1464182,1808377,277.93683107004995,54435.99828755472,2.2981,450.1
2004.34,26.93,2.23,39138141,1464304,1810572,277.93683107004995,54435.99828755472,2.2981,450.1
2004.34,26.94,2.22,39139855,1464257,1805930,277.9275692875491,54434.18429847521,2.2981,450.1
2004.34,26.94,2.22,39139855,1464612,1811042,277.9275692875491,54434.18429847521,2.2981,450.1
2004.34,26.95,2.22,39139855,1464766,1811044,277.9183081222946,54432.37043028798,2.2981,450.1
2004.34,26.96,2.22,39152073,1464725,1816097,277.9090475742248,54430.55668298099,2.2981,450.1
2004.34,26.96,2.22,39156756,1464963,1816097,277.9090475742248,54430.55668298099,2.2981,450.1
2004.34,26.96,2.22,39156795,1465000,1814995,277.9090475742248,54430.55668298099,2.2981,450.1
2004.34,26.98,2.22,39160955,1465173,1814995,277.89052832939257,54426.92955095932,2.2981,450.1
2004.34,26.98,2.19,39165684,1465381,1813570,277.89052832939257,54426.92955095932,2.2981,450.1
2004.34,26.99,2.19,39167539,1465512,1814515,277.8812696325068,54425.116166220505,2.2981,450.1
2004.34,26.99,2.19,39171533,1465473,1817039,277.8812696325068,54425.116166220505,2.2981,450.1
2004.34,27.0,2.17,39172661,1465914,1814435,277.87201155255906,54423.30290231358,2.2981,450.1
2004.34,27.0,2.17,39172900,1465863,1814959,277.87201155255906,54423.30290231358,2.2981,450.1
2004.34,27.0,2.17,39178147,1466161,1815695,277.87201155255906,54423.30290231358,2.2981,450.1
2004.34,27.01,2.17,39180569,1466181,1819650,277.8627540894876,54421.48975922649,2.2981,450.1
2004.34,27.01,2.17,39183880,1466559,1816951,277.8627540894876,54421.48975922649,2.2981,450.1
2004.34,27.02,2.17,39186534,1466731,1816229,277.85349724323083,54419.67673694714,2.2981,450.1
2004.34,27.02,2.17,39188919,1466468,1816229,277.85349724323083,54419.67673694714,2.2981,450.1
2004.34,27.03,2.15,39192069,1466574,1816630,277.8442410137271,54417.86383546347,2.2981,450.1
2004.34,27.04,2.15,39193531,1466784,1818094,277.8349854009147,54416.05105476338,2.2981,450.1
2004.34,27.04,2.15,39194517,1466758,1818101,277.8349854009147,54416.05105476338,2.2981,450.1
2004.34,27.04,2.13,39197210,1466952,1817621,277.8349854009147,54416.05105476338,2.2981,450.1
2004.34,27.05,2.13,39197748,1466976,1820510,277.82573040473216,54414.23839483485,2.2981,450.1
2004.34,27.06,2.13,39204226,1467278,1821377,277.8164760251177,54412.42585566577,2.2981,450.1
2004.34,27.06,2.13,39206533,1467472,1819705,277.8164760251177,54412.42585566577,2.2981,450.1
2004.34,27.07,2.13,39209791,1467669,1816780,277.8072222620099,54410.6134372441,2.2981,450.1
2004.34,27.07,2.12,39210508,1467535,1820761,277.8072222620099,54410.6134372441,2.2981,450.1
2004.34,27.08,2.12,39213033,1467794,1820666,277.7979691153469,54408.80113955776,2.2981,450.1
2004.34,27.08,2.12,39215464,1467983,1820666,277.7979691153469,54408.80113955776,2.2981,450.1
2004.34,27.08,2.12,39211888,1467983,1822816,277.7979691153469,54408.80113955776,2.2981,450.1
2004.34,27.09,2.11,39211888,1467712,1817714,277.7887165850673,54406.98896259467,2.2981,450.1
2004.34,27.1,2.1,39213293,1467668,1822523,277.7794646711094,54405.17690634279,2.2981,450.1
2004.34,27.1,2.1,39216362,1467704,1822523,277.7794646711094,54405.17690634279,2.2981,450.1
2004.34,27.11,2.1,39217091,1467810,1822126,277.77021337341165,54403.36497079005,2.2981,450.1
2004.34,27.12,2.11,39220513,1467835,1822862,277.7609626919126,54401.55315592441,2.2981,450.1
2004.34,27.12,2.11,39222801,1468055,1822862,277.7609626919126,54401.55315592441,2.2981,450.1
2004.34,27.12,2.1,39222831,1467942,1822420,277.7609626919126,54401.55315592441,2.2981,450.1
2004.34,27.14,2.1,39229289,1468398,1824934,277.74246317726397,54397.92988820614,2.2981,450.1
2004.34,27.15,2.08,39228434,1468168,1824904,277.7332143439914,54396.118435329416,2.2981,450.1
2004.34,27.15,2.08,39225951,1468102,1821745,277.7332143439914,54396.118435329416,2.2981,450.1
2004.34,27.15,2.07,39228814,1468216,1824990,277.7332143439914,54396.118435329416,2.2981,450.1
2004.34,27.16,2.07,39229656,1468416,1822085,277.7239661266711,54394.30710309154,2.2981,450.1
2004.34,27.17,2.07,39235803,1468548,1825372,277.7147185252417,54392.495891480496,2.2981,450.1
2004.34,27.18,2.07,39240476,1468852,1827588,277.70547153964174,54390.6848004842,2.2981,450.1
2004.34,27.19,2.07,39240476,1469124,1827588,277.69622516980957,54388.87383009064,2.2981,450.1
2004.34,27.2,2.07,39242292,1469010,1819830,277.6869794156837,54387.06298028774,2.2981,450.1
2004.34,27.21,2.05,39242292,1468780,1829068,277.6777342772027,54385.252251063466,2.2981,450.1
2004.34,27.21,2.05,39243615,1468698,1828040,277.6777342772027,54385.252251063466,2.2981,450.1
2004.34,27.22,2.05,39241282,1468565,1829193,277.668489754305,54383.44164240577,2.2981,450.1
2004.34,27.23,2.03,39241282,1468565,1843992,277.6592458469292,54381.63115430262,2.2981,450.1
2004.34,27.24,2.04,39247581,1468930,1830559,277.6500025550138,54379.82078674198,2.2981,450.1
2004.34,27.24,2.04,39247581,1469046,1831549,277.6500025550138,54379.82078674198,2.2981,450.1
2004.34,27.25,2.04,39254219,1468993,1832026,277.6407598784973,54378.01053971179,2.2981,450.1
2004.34,27.26,2.03,39253719,1468956,1817300,277.63151781731835,54376.20041320004,2.2981,450.1
2004.34,27.27,2.02,39249030,1468677,1831573,277.62227637141535,54374.39040719467,2.2981,450.1
2004.34,27.27,2.02,39251338,1468883,1831638,277.62227637141535,54374.39040719467,2.2981,450.1
2004.34,27.27,2.02,39246708,1468460,1842498,277.62227637141535,54374.39040719467,2.2981,450.1
2004.34,27.27,2.02,39245600,1468195,1845374,277.62227637141535,54374.39040719467,2.2981,450.1
2004.34,27.28,2.01,39245130,1468401,1831995,277.61303554072697,54372.58052168367,2.2981,450.1
2004.34,27.28,2.01,39250021,1468481,1831995,277.61303554072697,54372.58052168367,2.2981,450.1
2004.34,27.29,2.01,39250032,1468822,1832201,277.6037953251917,54370.77075665497,2.2981,450.1
2004.34,27.29,2.01,39259631,1469345,1821119,277.6037953251917,54370.77075665497,2.2981,450.1
2004.34,27.3,2.01,39260288,1469570,1817193,277.5945557247482,54368.96111209659,2.2981,450.1
2004.34,27.3,2.0,39258804,1468914,1833780,277.5945557247482,54368.96111209659,2.2981,450.1
2004.34,27.31,2.0,39261401,1468942,1835130,277.58531673933504,54367.15158799648,2.2981,450.1
2004.34,27.32,2.0,39261401,1468437,1848713,277.5760783688907,54365.34218434261,2.2981,450.1
2004.34,27.33,1.98,39255418,1468753,1836481,277.566840613354,54363.53290112295,2.2981,450.1
2004.34,27.33,1.98,39256433,1468925,1837759,277.566840613354,54363.53290112295,2.2981,450.1
2004.34,27.34,1.98,39261141,1468925,1836651,277.55760347266335,54361.72373832547,2.2981,450.1
2004.34,27.35,1.98,39263561,1469087,1836651,277.5483669467574,54359.914695938176,2.2981,450.1
2004.34,27.36,1.98,39265999,1469087,1848698,277.5391310355748,54358.10577394902,2.2981,450.1
2004.34,27.36,1.97,39267802,1468809,1850141,277.5391310355748,54358.10577394902,2.2981,450.1
2004.34,27.37,1.97,39262736,1468886,1827671,277.52989573905427,54356.296972346005,2.2981,450.1
2004.34,27.37,1.97,39261571,1468815,1837640,277.52989573905427,54356.296972346005,2.2981,450.1
2004.34,27.38,1.97,39255668,1468079,1851089,277.5206610571344,54354.48829111711,2.2981,450.1
2004.34,27.38,1.96,39255668,1468079,1838181,277.5206610571344,54354.48829111711,2.2981,450.1
2004.34,27.39,1.96,39260594,1468079,1852604,277.5114269897538,54352.67973025029,2.2981,450.1
2004.34,27.39,1.96,39264828,1468902,1852604,277.5114269897538,54352.67973025029,2.2981,450.1
2004.34,27.4,1.96,39270481,1469423,1828484,277.50219353685117,54350.87128973357,2.2981,450.1
2004.34,27.4,1.96,39266518,1468806,1828484,277.50219353685117,54350.87128973357,2.2981,450.1
2004.34,27.41,1.96,39256488,1468293,1840605,277.49296069836504,54349.0629695549,2.2981,450.1
2004.34,27.41,1.95,39256930,1468293,1844370,277.49296069836504,54349.0629695549,2.2981,450.1
2004.34,27.43,1.95,39256930,1468869,1841658,277.47449686439745,54345.44669016375,2.2981,450.1
2004.34,27.44,1.95,39265693,1468819,1840093,277.4652658687934,54343.63873092725,2.2981,450.1
2004.34,27.44,1.94,39267538,1468773,1840093,277.4652658687934,54343.63873092725,2.2981,450.1
2004.34,27.45,1.94,39267538,1468773,1841504,277.4560354873606,54341.83089198078,2.2981,450.1
2004.34,27.46,1.94,39257459,1467427,1856983,277.4468057200379,54340.02317331234,2.2981,450.1
2004.34,27.47,1.93,39257459,1468055,1846857,277.437576566764,54338.215574909926,2.2981,450.1
2004.34,27.47,1.93,39260159,1468090,1843562,277.437576566764,54338.215574909926,2.2981,450.1
2004.34,27.48,1.92,39260159,1468431,1833535,277.4283480274776,54336.40809676154,2.2981,450.1
2004.34,27.49,1.92,39263910,1468293,1843900,277.41912010211746,54334.60073885518,2.2981,450.1
2004.34,27.49,1.92,39266251,1468345,1844619,277.41912010211746,54334.60073885518,2.2981,450.1
2004.34,27.49,1.92,39267737,1468388,1844477,277.41912010211746,54334.60073885518,2.2981,450.1
2004.34,27.49,1.92,39267737,1468138,1844665,277.41912010211746,54334.60073885518,2.2981,450.1
2004.34,27.5,1.92,39258628,1467914,1844886,277.4098927906223,54332.79350117885,2.2981,450.1
2004.34,27.5,1.92,39256368,1467748,1845766,277.4098927906223,54332.79350117885,2.2981,450.1
2004.34,27.5,1.92,39256368,1467712,1845822,277.4098927906223,54332.79350117885,2.2981,450.1
2004.34,27.51,1.89,39256368,1467981,1845571,277.4006660929309,54330.98638372056,2.2981,450.1
2004.34,27.52,1.89,39258974,1467903,1845144,277.391440008982,54329.179386468306,2.2981,450.1
2004.34,27.52,1.89,39258974,1468105,1847177,277.391440008982,54329.179386468306,2.2981,450.1
2004.34,27.54,1.89,39259494,1467752,1847192,277.3729896820666,54325.56575253391,2.2981,450.1
2004.34,27.54,1.89,39254741,1467463,1846948,277.3729896820666,54325.56575253391,2.2981,450.1
2004.34,27.54,1.89,39248551,1467156,1847198,277.3729896820666,54325.56575253391,2.2981,450.1
2004.34,27.55,1.88,39246831,1467328,1846200,277.3637654389777,54323.7591158278,2.2981,450.1
2004.34,27.55,1.87,39246831,1467286,1846668,277.3637654389777,54323.7591158278,2.2981,450.1
2004.34,27.56,1.87,39252035,1467488,1848054,277.35454180938643,54321.95259927978,2.2981,450.1
2004.34,27.56,1.87,39251126,1467488,1847409,277.35454180938643,54321.95259927978,2.2981,450.1
2004.34,27.56,1.86,39254284,1467680,1847184,277.35454180938643,54321.95259927978,2.2981,450.1
2004.34,27.57,1.86,39256623,1468033,1849002,277.34531879323157,54320.14620287783,2.2981,450.1
2004.34,27.57,1.87,39258464,1468010,1849002,277.34531879323157,54320.14620287783,2.2981,450.1
2004.34,27.58,1.87,39256615,1467633,1847965,277.3360963904519,54318.339926609995,2.2981,450.1
2004.34,27.58,1.85,39256615,1467874,1833406,277.3360963904519,54318.339926609995,2.2981,450.1
2004.34,27.58,1.85,39251222,1467479,1848266,277.3360963904519,54318.339926609995,2.2981,450.1
2004.34,27.58,1.83,39253120,1467508,1848266,277.3360963904519,54318.339926609995,2.2981,450.1
2004.34,27.6,1.83,39256890,1467929,1848266,277.31765342477337,54314.72773442866,2.2981,450.1
2004.34,27.61,1.83,39258280,1467854,1847807,277.30843286175224,54312.92181849123,2.2981,450.1
2004.34,27.62,1.82,39258280,1467769,1847807,277.29921291186156,54311.11602263996,2.2981,450.1
2004.34,27.62,1.81,39258280,1467353,1865585,277.29921291186156,54311.11602263996,2.2981,450.1
2004.34,27.63,1.8,39254822,1467598,1851137,277.2899935750402,54309.3103468629,2.2981,450.1
2004.34,27.64,1.8,39258083,1468137,1843301,277.28077485122714,54307.50479114805,2.2981,450.1
2004.34,27.64,1.8,39258825,1467815,1852448,277.28077485122714,54307.50479114805,2.2981,450.1
2004.34,27.65,1.8,39260768,1467593,1850035,277.27155674036106,54305.699355483455,2.2981,450.1
2004.34,27.65,1.8,39262197,1467857,1856302,277.27155674036106,54305.699355483455,2.2981,450.1
2004.34,27.66,1.8,39264960,1467938,1852797,277.26233924238085,54303.894039857114,2.2981,450.1
2004.34,27.67,1.79,39259666,1467789,1852797,277.25312235722555,54302.0888442571,2.2981,450.1
2004.34,27.68,1.79,39259612,1467923,1841161,277.24390608483395,54300.28376867142,2.2981,450.1
2004.34,27.68,1.76,39259864,1467821,1852952,277.24390608483395,54300.28376867142,2.2981,450.1
2004.34,27.69,1.75,39259283,1467882,1853922,277.2346904251449,54298.47881308809,2.2981,450.1
2004.34,27.69,1.75,39260818,1467972,1854315,277.2346904251449,54298.47881308809,2.2981,450.1
2004.34,27.7,1.74,39261187,1468156,1854535,277.2254753780974,54296.67397749518,2.2981,450.1
2004.34,27.71,1.75,39261187,1468323,1860052,277.21626094363023,54294.86926188068,2.2981,450.1
2004.34,27.71,1.75,39267434,1468317,1842326,277.21626094363023,54294.86926188068,2.2981,450.1
2004.34,27.72,1.75,39269219,1468344,1855161,277.2070471216824,54293.06466623266,2.2981,450.1
2004.34,27.73,1.75,39268540,1467755,1873540,277.19783391219283,54291.26019053915,2.2981,450.1
2004.34,27.73,1.73,39268540,1467949,1856212,277.19783391219283,54291.26019053915,2.2981,450.1
2004.34,27.74,1.73,39260789,1468183,1845788,277.18862131510053,54289.455834788205,2.2981,450.1
2004.34,27.75,1.72,39260789,1467865,1855906,277.1794093303443,54287.651598967845,2.2981,450.1
2004.34,27.76,1.71,39263884,1467601,1864075,277.17019795786314,54285.84748306611,2.2981,450.1
2004.34,27.76,1.71,39263394,1467820,1857716,277.17019795786314,54285.84748306611,2.2981,450.1
2004.34,27.77,1.7,39263394,1467820,1862148,277.16098719759606,54284.04348707106,2.2981,450.1
2004.34,27.78,1.7,39263394,1467820,1858253,277.15177704948195,54282.23961097073,2.2981,450.1
2004.34,27.79,1.7,39269064,1468233,1857340,277.1425675134598,54280.43585475318,2.2981,450.1
2004.34,27.79,1.7,39266776,1468003,1858655,277.1425675134598,54280.43585475318,2.2981,450.1
2004.34,27.79,1.66,39266516,1467857,1857476,277.1425675134598,54280.43585475318,2.2981,450.1
2004.34,27.81,1.67,39267470,1468107,1858507,277.1241502774475,54276.828701918595,2.2981,450.1
2004.34,27.82,1.66,39265759,1467994,1858507,277.1149425773353,54275.02530527768,2.2981,450.1
2004.34,27.83,1.66,39265759,1468028,1857930,277.10573548907104,54273.22202847173,2.2981,450.1
2004.34,27.84,1.64,39265362,1467986,1865421,277.0965290125938,54271.41887148883,2.2981,450.1
2004.34,27.85,1.64,39264320,1467940,1860628,277.0873231478425,54269.61583431701,2.2981,450.1
2004.34,27.86,1.64,39264320,1467823,1860628,277.0781178947563,54267.81291694436,2.2981,450.1
2004.34,27.87,1.61,39263599,1467978,1862401,277.06891325327416,54266.010119358914,2.2981,450.1
2004.34,27.87,1.61,39265805,1468009,1862213,277.06891325327416,54266.010119358914,2.2981,450.1
2004.34,27.88,1.61,39261850,1467758,1859647,277.05970922333523,54264.20744154876,2.2981,450.1
1998.91,27.89,1.61,39261300,1467693,1863113,276.5519261796057,54164.75435074216,2.2981,450.1
2004.34,27.9,1.59,39263696,1467801,1863597,277.0413029978429,54260.60244520652,2.2981,450.1
1998.91,27.91,1.58,39262107,1467749,1863345,276.5335542985069,54161.15608100517,2.2981,450.1
2004.34,27.92,1.58,39261111,1467602,1865124,277.02289921779186,54256.997927822165,2.2981,450.1
1998.91,27.93,1.56,39263772,1467694,1860664,276.51518485820543,54157.55828931651,2.2981,450.1
1998.91,27.93,1.56,39265075,1467836,1865764,276.51518485820543,54157.55828931651,2.2981,450.1
1998.91,27.93,1.56,39265075,1467949,1867752,276.51518485820543,54157.55828931651,2.2981,450.1
2004.34,27.95,1.54,39265075,1467755,1867752,276.9952981318519,54251.59204958294,2.2981,450.1
2004.34,27.96,1.54,39265075,1467829,1867752,276.9860989920647,54249.790329545416,2.2981,450.1
2004.34,27.97,1.54,39270154,1467932,1867752,276.9769004632724,54247.98872917581,2.2981,450.1
2004.34,27.97,1.52,39265814,1467680,1867752,276.9769004632724,54247.98872917581,2.2981,450.1
2004.34,27.99,1.52,39268161,1467856,1866400,276.95850523842927,54244.38588739264,2.2981,450.1
2004.34,28.0,1.5,39270013,1467838,1868960,276.9493085422567,54242.58464595525,2.2981,450.1
2004.34,28.01,1.5,39272517,1467996,1869572,276.94011245683555,54240.783524138074,2.2981,450.1
1998.91,28.01,1.5,39272441,1468007,1869237,276.4417314952467,54143.17190114031,2.2981,450.1
2004.34,28.02,1.5,39272441,1467853,1873088,276.93091698210515,54238.98252192922,2.2981,450.1
2004.34,28.03,1.49,39270648,1468004,1866043,276.9217221180045,54237.18163931676,2.2981,450.1
2004.34,28.04,1.49,39271251,1467964,1870408,276.9125278644729,54235.38087628879,2.2981,450.1
1998.91,28.04,1.49,39273260,1468054,1870607,276.41419654407014,54137.778975887035,2.2981,450.1
2004.34,28.05,1.49,39270787,1467836,1873974,276.90333422144954,54233.58023283341,2.2981,450.1
1998.91,28.05,1.48,39266174,1467633,1870374,276.40501944591136,54135.98157286659,2.2981,450.1
1998.91,28.06,1.46,39267314,1467623,1871471,276.3958429571013,54134.184289191646,2.2981,450.1
2004.34,28.07,1.45,39274192,1467899,1872603,276.88494876668415,54229.97930459273,2.2981,450.1
2004.34,28.11,1.44,39276833,1467796,1886106,276.8481851805769,54222.77888245841,2.2981,450.1
1998.91,28.11,1.44,39279852,1468196,1873231,276.34996965116005,54125.1996605836,2.2981,450.1
2004.34,28.11,1.44,39279852,1467972,1886605,276.8481851805769,54222.77888245841,2.2981,450.1
1998.91,28.12,1.41,39277745,1468135,1875396,276.34079681716895,54123.40309273216,2.2981,450.1
1998.91,28.12,1.41,39277745,1468185,1872624,276.34079681716895,54123.40309273216,2.2981,450.1
2004.34,28.13,1.39,39282038,1468154,1880613,276.82980704826275,54219.179388374345,2.2981,450.1
1998.91,28.13,1.38,39281283,1468252,1875847,276.331624592102,54121.606644143045,2.2981,450.1
2004.34,28.14,1.38,39282929,1468218,1877704,276.8206188970779,54217.37982053644,2.2981,450.1
2004.34,28.15,1.38,39285078,1468282,1878514,276.81143135579356,54215.58037215208,2.2981,450.1
2004.34,28.16,1.37,39286337,1468326,1877976,276.802244424349,54213.78104320939,2.2981,450.1
1998.91,28.17,1.37,39284873,1468309,1878851,276.2949417798635,54114.42204217249,2.2981,450.1
2004.34,28.18,1.37,39285553,1468263,1879914,276.7838723907364,54210.18274360144,2.2981,450.1
1998.91,28.2,1.35,39290733,1468263,1879914,276.2674360614186,54109.0348423674,2.2981,450.1
1998.91,28.2,1.34,39288815,1468263,1880358,276.2674360614186,54109.0348423674,2.2981,450.1
1998.91,28.22,1.32,39293671,1468263,1880358,276.2491019580863,54105.443971687346,2.2981,450.1
1998.91,28.23,1.32,39293671,1468263,1882705,276.2399358189279,54103.64871506873,2.2981,450.1
1998.91,28.24,1.32,39298909,1468737,1882604,276.2307702880271,54101.85357758192,2.2981,450.1
2004.34,28.25,1.32,39299591,1468853,1882604,276.71958947412276,54197.59245563843,2.2981,450.1
1998.91,28.26,1.3,39301846,1468836,1883768,276.2124410507564,54098.263659956254,2.2981,450.1
2004.34,28.26,1.3,39300352,1468991,1877203,276.71040863773794,54195.79432045858,2.2981,450.1
2004.34,28.29,1.3,39300796,1468688,1885567,276.6828697833751,54190.4006307372,2.2981,450.1
1998.91,28.29,1.3,39302232,1468635,1885567,276.18495175526965,54092.87967670984,2.2981,450.1
2004.34,28.31,1.29,39305235,1468835,1898448,276.66451359218667,54186.80543398601,2.2981,450.1
2004.34,28.32,1.28,39306438,1468297,1898756,276.6553364099267,54185.00801449373,2.2981,450.1
2004.34,28.32,1.28,39306048,1468616,1887311,276.6553364099267,54185.00801449373,2.2981,450.1
1998.91,28.33,1.27,39305000,1468616,1888115,276.14830787152874,54085.70269917545,2.2981,450.1
1998.91,28.35,1.27,39307567,1468700,1887769,276.1299895758159,54082.11492453537,2.2981,450.1
2004.34,28.35,1.27,39310119,1469123,1877075,276.62780851575656,54179.6164714077,2.2981,450.1
1998.91,28.36,1.27,39310119,1468861,1889325,276.1208313392872,54080.32121570566,2.2981,450.1
1998.91,28.37,1.27,39310119,1468735,1881183,276.1116737102298,54078.52762585373,2.2981,450.1
1998.91,28.39,1.25,39312706,1469012,1891084,276.09336027428697,54074.94080303581,2.2981,450.1
1998.91,28.39,1.25,39312706,1468505,1905458,276.09336027428697,54074.94080303581,2.2981,450.1
1998.91,28.39,1.25,39315999,1468505,1890649,276.09336027428697,54074.94080303581,2.2981,450.1
1998.91,28.41,1.25,39316868,1469064,1890683,276.0750492675039,54071.35445598692,2.2981,450.1
1998.91,28.42,1.23,39316868,1468808,1893790,276.06589467489636,54069.56146084629,2.2981,450.1
1998.91,28.43,1.23,39317157,1469432,1880464,276.0567406893975,54067.76858461242,2.2981,450.1
1998.91,28.44,1.23,39320235,1469169,1880464,276.047587310947,54065.975827273505,2.2981,450.1
1998.91,28.46,1.21,39321985,1469218,1893331,276.02928237494945,54062.39066923317,2.2981,450.1
1998.91,28.46,1.21,39322710,1469216,1896099,276.02928237494945,54062.39066923317,2.2981,450.1
1998.91,28.47,1.2,39324200,1469178,1896099,276.0201308172816,54060.598268508096,2.2981,450.1
1998.91,28.48,1.2,39323144,1469261,1896099,276.0109798664207,54058.80598663069,2.2981,450.1
1998.91,28.48,1.2,39324632,1468999,1898107,276.0109798664207,54058.80598663069,2.2981,450.1
1998.91,28.5,1.2,39324737,1469105,1896698,275.99267978487813,54055.22177937151,2.2981,450.1
1998.91,28.51,1.18,39327920,1469507,1883943,275.98353065407576,54053.42985396611,2.2981,450.1
1998.91,28.52,1.17,39326695,1469268,1899198,275.9743821298389,54051.63804736108,2.2981,450.1
1998.91,28.53,1.17,39329224,1469120,1909184,275.9652342121072,54049.846359544616,2.2981,450.1
1998.91,28.53,1.17,39329771,1469183,1899143,275.9652342121072,54049.846359544616,2.2981,450.1
1998.91,28.54,1.16,39330667,1469113,1899781,275.9560869008203,54048.054790504866,2.2981,450.1
1998.91,28.54,1.16,39330978,1469258,1899574,275.9560869008203,54048.054790504866,2.2981,450.1
1998.91,28.55,1.16,39329180,1469258,1900447,275.9469401959181,54046.26334023008,2.2981,450.1
1998.91,28.55,1.16,39334309,1469258,1900447,275.9469401959181,54046.26334023008,2.2981,450.1
1998.91,28.56,1.15,39331168,1469258,1901388,275.9377940973401,54044.472008708406,2.2981,450.1
1998.91,28.57,1.16,39333365,1469343,1900142,275.9286486050262,54042.68079592807,2.2981,450.1
1998.91,28.57,1.15,39333624,1469297,1901946,275.9286486050262,54042.68079592807,2.2981,450.1
1998.91,28.58,1.14,39335886,1469163,1914014,275.9195037189159,54040.88970187723,2.2981,450.1
1998.91,28.58,1.13,39335469,1469211,1902986,275.9195037189159,54040.88970187723,2.2981,450.1
1998.91,28.59,1.14,39336036,1469219,1902109,275.91035943894906,54039.0987265441,2.2981,450.1
1998.91,28.6,1.14,39342318,1469219,1903206,275.9012157650654,54037.30786991687,2.2981,450.1
1998.91,28.61,1.12,39342318,1469581,1903571,275.8920726972047,54035.51713198375,2.2981,450.1
1993.48,28.62,1.12,39343629,1469655,1907590,275.3855567044981,53936.31220255629,2.2981,450.1
1998.91,28.63,1.12,39342632,1469505,1905237,275.87378837931107,54031.93601215261,2.2981,450.1
1998.91,28.64,1.1,39344570,1469729,1905237,275.8646471291577,54030.14563023101,2.2981,450.1
1998.91,28.64,1.1,39344300,1469585,1905975,275.8646471291577,54030.14563023101,2.2981,450.1
1998.91,28.65,1.1,39345768,1469543,1906951,275.8555064847863,54028.35536695632,2.2981,450.1
1998.91,28.66,1.1,39345262,1469414,1907276,275.8463664461366,54026.565222316734,2.2981,450.1
1998.91,28.67,1.09,39348198,1469627,1915812,275.83722701314855,54024.7751963005,2.2981,450.1
1998.91,28.68,1.09,39349137,1469665,1915812,275.8280881857618,54022.98528889578,2.2981,450.1
1998.91,28.68,1.09,39350194,1469751,1908124,275.8280881857618,54022.98528889578,2.2981,450.1
1998.91,28.69,1.09,39351478,1469704,1911007,275.8189499639163,54021.19550009083,2.2981,450.1
1998.91,28.7,1.08,39351358,1469927,1911007,275.8098123475517,54019.40582987383,2.2981,450.1
1998.91,28.7,1.07,39352661,1469749,1911007,275.8098123475517,54019.40582987383,2.2981,450.1
1993.48,28.72,1.07,39356373,1469810,1911294,275.29433016436343,53918.444805265215,2.2981,450.1
1993.48,28.73,1.07,39353274,1469919,1899756,275.28521083449175,53916.65871659404,2.2981,450.1
1998.91,28.74,1.06,39355522,1469845,1913129,275.77326793570006,54012.24833464976,2.2981,450.1
1993.48,28.74,1.05,39354768,1469675,1913129,275.2760921087694,53914.87274624999,2.2981,450.1
1998.91,28.78,1.02,39359532,1469768,1914617,275.7367332067317,54005.092735890496,2.2981,450.1
1998.91,28.78,1.02,39360996,1469662,1916738,275.7367332067317,54005.092735890496,2.2981,450.1
1993.48,28.79,1.02,39365521,1470098,1900810,275.23050754029407,53905.94466902501,2.2981,450.1
1998.91,28.79,1.02,39361650,1469983,1904509,275.72760103698914,54003.304132434976,2.2981,450.1
1998.91,28.79,1.01,39360618,1469638,1915889,275.72760103698914,54003.304132434976,2.2981,450.1
1993.48,28.79,1.01,39362388,1469792,1915889,275.23050754029407,53905.94466902501,2.2981,450.1
1998.91,28.79,1.01,39357516,1469634,1910247,275.72760103698914,54003.304132434976,2.2981,450.1
1998.91,28.79,1.0,39357516,1469617,1918050,275.72760103698914,54003.304132434976,2.2981,450.1
1993.48,28.8,0.99,39359611,1469664,1919140,275.22139243820624,53904.15940839679,2.2981,450.1
1993.48,28.81,0.99,39351781,1469043,1929981,275.2122779398476,53902.374266013416,2.2981,450.1
1993.48,28.81,0.99,39351414,1468957,1918913,275.2122779398476,53902.374266013416,2.2981,450.1
1998.91,28.82,0.99,39352979,1469307,1918913,275.7002081567987,53997.93903284239,2.2981,450.1
1998.91,28.83,0.96,39352979,1469120,1920274,275.691078406214,53996.150903196954,2.2981,450.1
1998.91,28.83,0.95,39343681,1468543,1920287,275.691078406214,53996.150903196954,2.2981,450.1
1998.91,28.85,0.95,39343681,1467971,1910604,275.6728207189023,53992.574999163626,2.2981,450.1
1998.91,28.86,0.94,39346526,1468597,1922575,275.66369278205514,53990.7872247522,2.2981,450.1
1993.48,28.86,0.93,39342167,1468517,1921666,275.1667145018919,53893.45032735806,2.2981,450.1
1993.48,28.86,0.92,39344235,1468496,1918796,275.1667145018919,53893.45032735806,2.2981,450.1
1993.48,28.88,0.92,39334337,1468111,1921702,275.14849335071483,53889.881579198794,2.2981,450.1
1993.48,28.88,0.92,39334337,1467568,1921702,275.14849335071483,53889.881579198794,2.2981,450.1
1993.48,28.89,0.91,39328403,1467756,1922053,275.1393836800304,53888.09738235138,2.2981,450.1
1998.91,28.9,0.89,39327193,1467638,1921750,275.6271870786575,53983.63731086714,2.2981,450.1
1998.91,28.9,0.88,39327193,1467054,1921701,275.6271870786575,53983.63731086714,2.2981,450.1
1993.48,28.92,0.88,39297975,1466362,1921762,275.11205828687514,53882.74550059724,2.2981,450.1
1993.48,28.92,0.87,39294545,1466183,1921762,275.11205828687514,53882.74550059724,2.2981,450.1
1993.48,28.93,0.87,39288489,1465781,1934881,275.1029510285897,53880.96177623612,2.2981,450.1
1993.48,28.94,0.86,39288489,1466090,1922134,275.0938443732542,53879.17816996726,2.2981,450.1
1993.48,28.95,0.85,39288489,1465719,1922134,275.084738320809,53877.39468177892,2.2981,450.1
1988.05,28.96,0.85,39288489,1465505,1922134,274.57881909345696,53778.30663329054,2.2981,450.1
1993.48,28.97,0.82,39288489,1465401,1921061,275.06652802434917,53873.828059596875,2.2981,450.1
1993.48,28.98,0.82,39278095,1465531,1924671,275.05742378021506,53872.04492557974,2.2981,450.1
1993.48,28.98,0.82,39281228,1465531,1924847,275.05742378021506,53872.04492557974,2.2981,450.1
1993.48,28.99,0.81,39271287,1465531,1925737,275.04832013873164,53870.26190959624,2.2981,450.1
1993.48,29.0,0.8,39265785,1464784,1924493,275.0392170998391,53868.47901163465,2.2981,450.1
1993.48,29.01,0.8,39258656,1464491,1929512,275.03011466347755,53866.69623168324,2.2981,450.1
1993.48,29.01,0.79,39260808,1464533,1927698,275.03011466347755,53866.69623168324,2.2981,450.1
1993.48,29.02,0.79,39264371,1464760,1927790,275.0210128295873,53864.91356973033,2.2981,450.1
1998.91,29.03,0.79,39257563,1464472,1932056,275.50861028892876,53960.41316350327,2.2981,450.1
2004.34,29.03,0.79,39254376,1464587,1930582,276.00530897974915,54057.69530124238,2.2981,450.1
2004.34,29.04,0.77,39263131,1464698,1928349,275.9961754773507,54055.90643677628,2.2981,450.1
2004.34,29.04,0.77,39268864,1464937,1929103,275.9961754773507,54055.90643677628,2.2981,450.1
1998.91,29.05,0.77,39279559,1465471,1930777,275.4903767607825,53956.84199122242,2.2981,450.1
1998.91,29.06,0.77,39279559,1464862,1933591,275.48126090171894,53955.05658233485,2.2981,450.1
1993.48,29.07,0.77,39267689,1464930,1933591,274.97551269511075,53856.00202953282,2.2981,450.1
2004.34,29.08,0.75,39253081,1464441,1930074,275.9596475118307,54048.75216268876,2.2981,450.1
1993.48,29.08,0.74,39251774,1464274,1930074,274.96641447479203,53854.22007532479,2.2981,450.1
1998.91,29.08,0.73,39241862,1463998,1926889,275.4630309933114,53951.486119006775,2.2981,450.1
1998.91,29.09,0.73,39247211,1464164,1930852,275.4539169438476,53949.70106454281,2.2981,450.1
1998.91,29.09,0.72,39256096,1464614,1934905,275.4539169438476,53949.70106454281,2.2981,450.1
1998.91,29.1,0.72,39259311,1464828,1933096,275.44480349746397,53947.91612819658,2.2981,450.1
1998.91,29.1,0.72,39262053,1464828,1937794,275.44480349746397,53947.91612819658,2.2981,450.1
1998.91,29.11,0.71,39265251,1464918,1934019,275.43569065410077,53946.131309956385,2.2981,450.1
1998.91,29.11,0.7,39252675,1464230,1935004,275.43569065410077,53946.131309956385,2.2981,450.1
1998.91,29.13,0.7,39252675,1464649,1936796,275.4174667761959,53942.562027747175,2.2981,450.1
1998.91,29.13,0.68,39260531,1464649,1937006,275.4174667761959,53942.562027747175,2.2981,450.1
1998.91,29.14,0.68,39270634,1464649,1937006,275.4083557415346,53940.77756375472,2.2981,450.1
1993.48,29.14,0.68,39285011,1465801,1938564,274.91183779389456,53843.53082591356,2.2981,450.1
1998.91,29.15,0.68,39280422,1465562,1938491,275.3992453096543,53938.99321782143,2.2981,450.1
1998.91,29.15,0.66,39278387,1465481,1939912,275.3992453096543,53938.99321782143,2.2981,450.1
1998.91,29.15,0.66,39282993,1465481,1940760,275.3992453096543,53938.99321782143,2.2981,450.1
1993.48,29.16,0.65,39285485,1465888,1944618,274.8936503811199,53839.96868567169,2.2981,450.1
1998.91,29.17,0.64,39283501,1465630,1940471,275.3810262539974,53935.42488008539,2.2981,450.1
1993.48,29.17,0.64,39279885,1465693,1941388,274.88455757712484,53838.18779229098,2.2981,450.1
1993.48,29.17,0.64,39280287,1465702,1941359,274.88455757712484,53838.18779229098,2.2981,450.1
1993.48,29.18,0.63,39280287,1465756,1937468,274.8754653746449,53836.407016721496,2.2981,450.1
1993.48,29.18,0.63,39292588,1465934,1942510,274.8754653746449,53836.407016721496,2.2981,450.1
1998.91,29.18,0.61,39275917,1465454,1944437,275.3719176301012,53933.64088825925,2.2981,450.1
1993.48,29.18,0.63,39289160,1465765,1944437,274.8754653746449,53836.407016721496,2.2981,450.1
1993.48,29.19,0.63,39289160,1465515,1944437,274.86637377362035,53834.62635895154,2.2981,450.1
1993.48,29.19,0.6,39277337,1465562,1943885,274.86637377362035,53834.62635895154,2.2981,450.1
1993.48,29.19,0.6,39289881,1465973,1947296,274.86637377362035,53834.62635895154,2.2981,450.1
1993.48,29.2,0.6,39290445,1466167,1941529,274.8572827739917,53832.84581896944,2.2981,450.1
1993.48,29.2,0.6,39296728,1466288,1945650,274.8572827739917,53832.84581896944,2.2981,450.1
1988.05,29.2,0.59,39296728,1466652,1945650,274.36086335810904,53735.618379306776,2.2981,450.1
1993.48,29.21,0.58,39299667,1466565,1944443,274.8481923756991,53831.06539676349,2.2981,450.1
1993.48,29.22,0.58,39291963,1466275,1950628,274.83910257868297,53829.28509232202,2.2981,450.1
1988.05,29.22,0.57,39292229,1466277,1947940,274.34271599802975,53732.064083683574,2.2981,450.1
1988.05,29.23,0.58,39292229,1466259,1948534,274.3336432182163,53730.28711218798,2.2981,450.1
1988.05,29.23,0.57,39299948,1466505,1948992,274.3336432182163,53730.28711218798,2.2981,450.1
1988.05,29.23,0.56,39301125,1466482,1949248,274.3336432182163,53730.28711218798,2.2981,450.1
1988.05,29.24,0.56,39301144,1466377,1935917,274.32457103847435,53728.51025822085,2.2981,450.1
1988.05,29.24,0.54,39292300,1466191,1936102,274.32457103847435,53728.51025822085,2.2981,450.1
1988.05,29.24,0.56,39293808,1466260,1958725,274.32457103847435,53728.51025822085,2.2981,450.1
1988.05,29.24,0.56,39287056,1465869,1938808,274.32457103847435,53728.51025822085,2.2981,450.1
1988.05,29.25,0.54,39301100,1466186,1951214,274.3154994587443,53726.73352177052,2.2981,450.1
1988.05,29.25,0.54,39301673,1466290,1955866,274.3154994587443,53726.73352177052,2.2981,450.1
1988.05,29.25,0.53,39301673,1466377,1948632,274.3154994587443,53726.73352177052,2.2981,450.1
1988.05,29.25,0.53,39294264,1465957,1941089,274.3154994587443,53726.73352177052,2.2981,450.1
1988.05,29.25,0.53,39312967,1466731,1954484,274.3154994587443,53726.73352177052,2.2981,450.1
1988.05,29.25,0.52,39315857,1466583,1953712,274.3154994587443,53726.73352177052,2.2981,450.1
1988.05,29.26,0.52,39317346,1467022,1953717,274.30642847896655,53724.95690282532,2.2981,450.1
1988.05,29.26,0.52,39315695,1466692,1954448,274.30642847896655,53724.95690282532,2.2981,450.1
1988.05,29.26,0.52,39318118,1466968,1954352,274.30642847896655,53724.95690282532,2.2981,450.1
1988.05,29.26,0.52,39321036,1466878,1955138,274.30642847896655,53724.95690282532,2.2981,450.1
1982.62,29.26,0.51,39326273,1467267,1954801,273.8101075557427,53627.7487536834,2.2981,450.1
1988.05,29.27,0.51,39329810,1467356,1957187,274.2973580990817,53723.1804013736,2.2981,450.1
1988.05,29.27,0.51,39330403,1467467,1955443,274.2973580990817,53723.1804013736,2.2981,450.1
1982.62,29.27,0.5,39339814,1467803,1957451,273.80105358750137,53625.975466574295,2.2981,450.1
1982.62,29.27,0.5,39337649,1467891,1966566,273.80105358750137,53625.975466574295,2.2981,450.1
1982.62,29.27,0.5,39348206,1468212,1958661,273.80105358750137,53625.975466574295,2.2981,450.1
1982.62,29.27,0.5,39342961,1468212,1948658,273.80105358750137,53625.975466574295,2.2981,450.1
1982.62,29.27,0.49,39357654,1468682,1960297,273.80105358750137,53625.975466574295,2.2981,450.1
1982.62,29.27,0.49,39364962,1468682,1969177,273.80105358750137,53625.975466574295,2.2981,450.1
1982.62,29.26,0.49,39364711,1468934,1961205,273.8101075557427,53627.7487536834,2.2981,450.1
1982.62,29.26,0.47,39373978,1469476,1961960,273.8101075557427,53627.7487536834,2.2981,450.1
1982.62,29.26,0.47,39373978,1469542,1973675,273.8101075557427,53627.7487536834,2.2981,450.1
1982.62,29.25,0.47,39381306,1469179,1973017,273.81916212279157,53629.52215807341,2.2981,450.1
1982.62,29.25,0.46,39378350,1469179,1973017,273.81916212279157,53629.52215807341,2.2981,450.1
1982.62,29.25,0.46,39378350,1470333,1973017,273.81916212279157,53629.52215807341,2.2981,450.1
1977.19,29.25,0.46,39395228,1470439,1963906,273.3228247868388,53532.310794376295,2.2981,450.1
1977.19,29.25,0.46,39396942,1470517,1964121,273.3228247868388,53532.310794376295,2.2981,450.1
1982.62,29.24,0.45,39395627,1470516,1966717,273.82821728870715,53631.29567975594,2.2981,450.1
1977.19,29.24,0.45,39395613,1470572,1965178,273.33186353893996,53534.08110129102,2.2981,450.1
1977.19,29.24,0.45,39414268,1471358,1964893,273.33186353893996,53534.08110129102,2.2981,450.1
1977.19,29.23,0.44,39417241,1471355,1964893,273.34090288888166,53535.85152529727,2.2981,450.1
1977.19,29.23,0.44,39417241,1471779,1969337,273.34090288888166,53535.85152529727,2.2981,450.1
1966.33,29.23,0.44,39417241,1472278,1968506,272.348162559547,53341.41593840656,2.2981,450.1
1960.9,29.22,0.43,39440026,1472771,1971079,271.86078309476375,53245.95904049136,2.2981,450.1
1955.47,29.22,0.43,39443559,1472861,1965028,271.3643965141106,53148.73803185292,2.2981,450.1
1955.47,29.22,0.41,39428775,1472307,1965028,271.3643965141106,53148.73803185292,2.2981,450.1
1955.47,29.22,0.43,39428775,1471943,1971221,271.3643965141106,53148.73803185292,2.2981,450.1
1955.47,29.22,0.41,39432943,1472652,1953844,271.3643965141106,53148.73803185292,2.2981,450.1
1955.47,29.22,0.41,39438652,1472751,1970267,271.3643965141106,53148.73803185292,2.2981,450.1
1955.47,29.22,0.41,39430837,1472268,1966317,271.3643965141106,53148.73803185292,2.2981,450.1
1955.47,29.23,0.41,39432124,1472268,1969441,271.3554222302123,53146.98035151585,2.2981,450.1
1950.04,29.23,0.4,39443143,1472990,1971759,270.859052065545,53049.7625580705,2.2981,450.1
1955.47,29.23,0.4,39444359,1473045,1974119,271.3554222302123,53146.98035151585,2.2981,450.1
1955.47,29.23,0.4,39436123,1472652,1970687,271.3554222302123,53146.98035151585,2.2981,450.1
1955.47,29.24,0.4,39440688,1472781,1970687,271.34644853987106,53145.22278743135,2.2981,450.1
1955.47,29.24,0.4,39445654,1472961,1971761,271.34644853987106,53145.22278743135,2.2981,450.1
1955.47,29.24,0.4,39449180,1473271,1960558,271.34644853987106,53145.22278743135,2.2981,450.1
1955.47,29.24,0.39,39444381,1472883,1960558,271.34644853987106,53145.22278743135,2.2981,450.1
1955.47,29.24,0.39,39448103,1473073,1970619,271.34644853987106,53145.22278743135,2.2981,450.1
1955.47,29.24,0.39,39450373,1473119,1972760,271.34644853987106,53145.22278743135,2.2981,450.1
1955.47,29.24,0.39,39457417,1473490,1972278,271.34644853987106,53145.22278743135,2.2981,450.1
1950.04,29.24,0.39,39456204,1473482,1974234,270.85009479010387,53048.00820896643,2.2981,450.1
1955.47,29.24,0.38,39457403,1473439,1976634,271.34644853987106,53145.22278743135,2.2981,450.1
1950.04,29.24,0.38,39456016,1473439,1976634,270.85009479010387,53048.00820896643,2.2981,450.1
1955.47,29.25,0.38,39456016,1473056,1991646,271.3374754430278,53143.46533958785,2.2981,450.1
1955.47,29.25,0.38,39456016,1473795,1975565,271.3374754430278,53143.46533958785,2.2981,450.1
1955.47,29.25,0.38,39467397,1474173,1975621,271.3374754430278,53143.46533958785,2.2981,450.1
1950.04,29.25,0.38,39462942,1473899,1976414,270.8411381070751,53046.253975890744,2.2981,450.1
1950.04,29.25,0.37,39467200,1474357,1965693,270.8411381070751,53046.253975890744,2.2981,450.1
1955.47,29.26,0.37,39470533,1474150,1965179,271.3285029396238,53141.70800797383,2.2981,450.1
1950.04,29.26,0.37,39468465,1474055,1967823,270.83218201639994,53044.499858831914,2.2981,450.1
1950.04,29.26,0.37,39471120,1474349,1977540,270.83218201639994,53044.499858831914,2.2981,450.1
1950.04,29.26,0.37,39471120,1474035,1978842,270.83218201639994,53044.499858831914,2.2981,450.1
1950.04,29.26,0.36,39475429,1474518,1978202,270.83218201639994,53044.499858831914,2.2981,450.1
1950.04,29.26,0.36,39482996,1474888,1984142,270.83218201639994,53044.499858831914,2.2981,450.1
1950.04,29.26,0.36,39482996,1474366,1984142,270.83218201639994,53044.499858831914,2.2981,450.1
1950.04,29.27,0.36,39482996,1474709,1979131,270.8232265180197,53042.74585777846,2.2981,450.1
1955.47,29.27,0.35,39481542,1474414,1979131,271.31953102959994,53139.950792577765,2.2981,450.1
1950.04,29.27,0.35,39481542,1474553,1979917,270.8232265180197,53042.74585777846,2.2981,450.1
1950.04,29.27,0.33,39481939,1474553,1979917,270.8232265180197,53042.74585777846,2.2981,450.1
1950.04,29.27,0.33,39481906,1474772,1979795,270.8232265180197,53042.74585777846,2.2981,450.1
1950.04,29.28,0.33,39487391,1475010,1979795,270.8142716118755,53040.991972718846,2.2981,450.1
1950.04,29.29,0.33,39483543,1474852,1980677,270.8053172979087,53039.23820364158,2.2981,450.1
1950.04,29.29,0.33,39480091,1474912,1969193,270.8053172979087,53039.23820364158,2.2981,450.1
1955.47,29.29,0.33,39492428,1475123,1981013,271.3015889894578,53136.436710393355,2.2981,450.1
1950.04,29.29,0.32,39490586,1475040,1982160,270.8053172979087,53039.23820364158,2.2981,450.1
1950.04,29.29,0.32,39491900,1475211,1982890,270.8053172979087,53039.23820364158,2.2981,450.1
1950.04,29.29,0.32,39489023,1475211,1982726,270.8053172979087,53039.23820364158,2.2981,450.1
1950.04,29.29,0.32,39490247,1475085,1983531,270.8053172979087,53039.23820364158,2.2981,450.1
1950.04,29.29,0.32,39502391,1475618,1983531,270.8053172979087,53039.23820364158,2.2981,450.1
1950.04,29.29,0.32,39496940,1475319,1983531,270.8053172979087,53039.23820364158,2.2981,450.1
1950.04,29.3,0.32,39500060,1475319,1983828,270.79636357606046,53037.484550535155,2.2981,450.1
1950.04,29.31,0.31,39493525,1475247,1983054,270.78741044627225,53035.73101338808,2.2981,450.1
1950.04,29.31,0.31,39491655,1475510,1973763,270.78741044627225,53035.73101338808,2.2981,450.1
1950.04,29.31,0.31,39492254,1475510,1984309,270.78741044627225,53035.73101338808,2.2981,450.1
1950.04,29.31,0.31,39493750,1475184,1984315,270.78741044627225,53035.73101338808,2.2981,450.1
1950.04,29.31,0.31,39490641,1475301,1984390,270.78741044627225,53035.73101338808,2.2981,450.1
1950.04,29.32,0.31,39492778,1475126,1984390,270.77845790848517,53033.97759218885,2.2981,450.1
1950.04,29.32,0.3,39489729,1475131,1984162,270.77845790848517,53033.97759218885,2.2981,450.1
1950.04,29.32,0.3,39498336,1475432,1987085,270.77845790848517,53033.97759218885,2.2981,450.1
1950.04,29.32,0.3,39493793,1475122,1986117,270.77845790848517,53033.97759218885,2.2981,450.1
1950.04,29.32,0.3,39493793,1475908,1986117,270.77845790848517,53033.97759218885,2.2981,450.1
1950.04,29.32,0.3,39501265,1475451,1986117,270.77845790848517,53033.97759218885,2.2981,450.1
1950.04,29.32,0.3,39501944,1475689,1986015,270.77845790848517,53033.97759218885,2.2981,450.1
1950.04,29.33,0.3,39502301,1475631,1988903,270.7695059626405,53032.22428692594,2.2981,450.1
1950.04,29.33,0.29,39494930,1475285,1986139,270.7695059626405,53032.22428692594,2.2981,450.1
1950.04,29.33,0.29,39490725,1475074,1986334,270.7695059626405,53032.22428692594,2.2981,450.1
1950.04,29.33,0.29,39488507,1475070,1986334,270.7695059626405,53032.22428692594,2.2981,450.1
1950.04,29.33,0.29,39478167,1474492,1985002,270.7695059626405,53032.22428692594,2.2981,450.1
1950.04,29.33,0.29,39469881,1474492,1984213,270.7695059626405,53032.22428692594,2.2981,450.1
1950.04,29.33,0.28,39466725,1474019,1984305,270.7695059626405,53032.22428692594,2.2981,450.1
1950.04,29.33,0.28,39466102,1474019,1984305,270.7695059626405,53032.22428692594,2.2981,450.1
1950.04,29.33,0.28,39466102,1474449,1986585,270.7695059626405,53032.22428692594,2.2981,450.1
1950.04,29.33,0.28,39466102,1474865,1989869,270.7695059626405,53032.22428692594,2.2981,450.1
1950.04,29.33,0.28,39480918,1474820,1984051,270.7695059626405,53032.22428692594,2.2981,450.1
1950.04,29.33,0.26,39480918,1475204,1988266,270.7695059626405,53032.22428692594,2.2981,450.1
1950.04,29.33,0.26,39489246,1475297,1989348,270.7695059626405,53032.22428692594,2.2981,450.1
1950.04,29.33,0.26,39490079,1475122,1989034,270.7695059626405,53032.22428692594,2.2981,450.1
1950.04,29.34,0.26,39490079,1475550,1985656,270.7605546086797,53030.47109758789,2.2981,450.1
1950.04,29.34,0.25,39491557,1475378,1988319,270.7605546086797,53030.47109758789,2.2981,450.1
1950.04,29.34,0.25,39491557,1475715,1988319,270.7605546086797,53030.47109758789,2.2981,450.1
1950.04,29.34,0.24,39492462,1475406,1988319,270.7605546086797,53030.47109758789,2.2981,450.1
1944.61,29.34,0.23,39496120,1475530,1989800,270.26436494822104,52933.28865723611,2.2981,450.1
1950.04,29.34,0.23,39502084,1475877,1989028,270.7605546086797,53030.47109758789,2.2981,450.1
1950.04,29.34,0.24,39498948,1475991,1990114,270.7605546086797,53030.47109758789,2.2981,450.1
1944.61,29.34,0.24,39501674,1475996,1990631,270.26436494822104,52933.28865723611,2.2981,450.1
1950.04,29.34,0.23,39497104,1475770,1990623,270.7605546086797,53030.47109758789,2.2981,450.1
1950.04,29.35,0.23,39500058,1475900,1990623,270.7516038465438,53028.718024163165,2.2981,450.1
1950.04,29.35,0.23,39500740,1476115,1991192,270.7516038465438,53028.718024163165,2.2981,450.1
1950.04,29.35,0.23,39500740,1476191,1991192,270.7516038465438,53028.718024163165,2.2981,450.1
1944.61,29.35,0.22,39497177,1475902,1991192,270.2554305890491,52931.53879645404,2.2981,450.1
1950.04,29.35,0.22,39500833,1476445,1980924,270.7516038465438,53028.718024163165,2.2981,450.1
1950.04,29.35,0.22,39504180,1476268,1991895,270.7516038465438,53028.718024163165,2.2981,450.1
1950.04,29.36,0.22,39497076,1476273,1977918,270.7426536761743,53026.9650666403,2.2981,450.1
1950.04,29.36,0.22,39498495,1476213,1982731,270.7426536761743,53026.9650666403,2.2981,450.1
1950.04,29.36,0.22,39494296,1475897,1991259,270.7426536761743,53026.9650666403,2.2981,450.1
1950.04,29.36,0.22,39506473,1476477,1992216,270.7426536761743,53026.9650666403,2.2981,450.1
1950.04,29.36,0.22,39506473,1475690,2006501,270.7426536761743,53026.9650666403,2.2981,450.1
1950.04,29.36,0.22,39496467,1476084,1993293,270.7426536761743,53026.9650666403,2.2981,450.1
1950.04,29.36,0.2,39497793,1475703,1993293,270.7426536761743,53026.9650666403,2.2981,450.1
1966.33,29.36,0.2,39499811,1475703,1987024,272.2311242430195,53318.49311247687,2.2981,450.1
1966.33,29.36,0.2,39494153,1475916,1987024,272.2311242430195,53318.49311247687,2.2981,450.1
1966.33,29.36,0.2,39475649,1474886,1993908,272.2311242430195,53318.49311247687,2.2981,450.1
1966.33,29.37,0.19,39471207,1474908,1979133,272.2221254619722,53316.73063419072,2.2981,450.1
2004.34,29.37,0.18,39460344,1474180,1992664,275.69510864571134,53996.94025561755,2.2981,450.1
2009.78,29.37,0.16,39439491,1474180,1990943,276.1921628030263,54094.29201411694,2.2981,450.1
2015.21,29.37,0.15,39434762,1473011,1992186,276.68830325784614,54191.46481717792,2.2981,450.1
2009.78,29.37,0.13,39428030,1472568,1992186,276.1921628030263,54094.29201411694,2.2981,450.1
1998.91,29.36,0.12,39401418,1471406,2007316,275.20806537670984,53901.54920415,2.2981,450.1
1998.91,29.36,0.13,39407182,1471822,1989768,275.20806537670984,53901.54920415,2.2981,450.1
1998.91,29.35,0.13,39407182,1471046,2001904,275.217163163995,53903.331073545174,2.2981,450.1
1998.91,29.35,0.13,39389414,1471008,1988899,275.217163163995,53903.331073545174,2.2981,450.1
1998.91,29.34,0.11,39372266,1470256,2004507,275.2262615528067,53905.1130607538,2.2981,450.1
1998.91,29.34,0.1,39367266,1470226,1988395,275.2262615528067,53905.1130607538,2.2981,450.1
1993.48,29.34,0.1,39367266,1470226,2001364,274.7300718923481,53807.93062040203,2.2981,450.1
1998.91,29.33,0.1,39369977,1470245,1999536,275.2353605432045,53906.895165787544,2.2981,450.1
1998.91,29.33,0.1,39369977,1469787,1999536,275.2353605432045,53906.895165787544,2.2981,450.1
1998.91,29.33,0.09,39348721,1469305,1988231,275.2353605432045,53906.895165787544,2.2981,450.1
1998.91,29.32,0.09,39335387,1468933,1984488,275.2444601352481,53908.67738865811,2.2981,450.1
1998.91,29.32,0.08,39335387,1468107,1988398,275.2444601352481,53908.67738865811,2.2981,450.1
1998.91,29.32,0.09,39325789,1468322,1978113,275.2444601352481,53908.67738865811,2.2981,450.1
1998.91,29.32,0.08,39316735,1467856,1980316,275.2444601352481,53908.67738865811,2.2981,450.1
1993.48,29.32,0.06,39316735,1467804,1976807,274.7482376656078,53811.48852238375,2.2981,450.1
1998.91,29.31,0.06,39310807,1467229,1986311,275.2535603289972,53910.45972937716,2.2981,450.1
1998.91,29.3,0.05,39305341,1466993,1986311,275.26266112451145,53912.242187956406,2.2981,450.1
1998.91,29.3,0.05,39296287,1466668,1986311,275.26266112451145,53912.242187956406,2.2981,450.1
1998.91,29.3,0.05,39288427,1466002,1984787,275.26266112451145,53912.242187956406,2.2981,450.1
1998.91,29.29,0.04,39288531,1466153,1971959,275.2717625218506,53914.024764407535,2.2981,450.1
1993.48,29.29,0.04,39293982,1466153,1983318,274.77549083030146,53816.82625765576,2.2981,450.1
1998.91,29.29,0.04,39293982,1465821,1986436,275.2717625218506,53914.024764407535,2.2981,450.1
1998.91,29.29,0.04,39274331,1465049,1998107,275.2717625218506,53914.024764407535,2.2981,450.1
1993.48,29.28,0.04,39274331,1464998,1998685,274.7845764200522,53818.605738072976,2.2981,450.1
1998.91,29.28,0.02,39263691,1464590,1983273,275.28086452107425,53915.80745874224,2.2981,450.1
1998.91,29.28,0.02,39260292,1464711,1983273,275.28086452107425,53915.80745874224,2.2981,450.1
1998.91,29.28,0.02,39258990,1464566,1985448,275.28086452107425,53915.80745874224,2.2981,450.1
1998.91,29.27,0.02,39258990,1464041,1983734,275.2899671222423,53917.590270972214,2.2981,450.1
1998.91,29.27,0.02,39248828,1464483,1983734,275.2899671222423,53917.590270972214,2.2981,450.1
1998.91,29.26,0.01,39248828,1463622,1983734,275.2990703254141,53919.37320110914,2.2981,450.1
1998.91,29.26,0.01,39248828,1463477,1984026,275.2990703254141,53919.37320110914,2.2981,450.1
1998.91,29.26,0.01,39242267,1463667,1983738,275.2990703254141,53919.37320110914,2.2981,450.1
2004.34,29.26,0.0,39238046,1463781,1970057,275.79539124863794,54016.58135025106,2.2981,450.1
2004.34,29.26,0.01,39238010,1463586,1970057,275.79539124863794,54016.58135025106,2.2981,450.1
1998.91,29.26,0.0,39240552,1463586,1971328,275.2990703254141,53919.37320110914,2.2981,450.1
1998.91,29.26,0.0,39240552,1463365,1981490,275.2990703254141,53919.37320110914,2.2981,450.1
2004.34,29.26,0.01,39239877,1463461,1983389,275.79539124863794,54016.58135025106,2.2981,450.1
2004.34,29.26,0.0,39239181,1463356,1983853,275.79539124863794,54016.58135025106,2.2981,450.1
2004.34,29.26,0.0,39239573,1463537,1984503,275.79539124863794,54016.58135025106,2.2981,450.1
2004.34,29.26,0.0,39234885,1463326,1984546,275.79539124863794,54016.58135025106,2.2981,450.1
2004.34,29.26,0.0,39240255,1463532,1984885,275.79539124863794,54016.58135025106,2.2981,450.1
2004.34,29.26,0.0,39238128,1463399,1983930,275.79539124863794,54016.58135025106,2.2981,450.1
2004.34,29.26,0.0,39236865,1463348,1997294,275.79539124863794,54016.58135025106,2.2981,450.1
2004.34,29.26,0.0,39236433,1463137,1997294,275.79539124863794,54016.58135025106,2.2981,450.1
1998.91,29.26,0.0,39239482,1463340,1983499,275.2990703254141,53919.37320110914,2.2981,450.1
2004.34,29.27,0.01,39242156,1463284,1986003,275.78627163382254,54014.79520577152,2.2981,450.1
2004.34,29.27,0.01,39247220,1463843,1966160,275.78627163382254,54014.79520577152,2.2981,450.1
2004.34,29.27,0.0,39243280,1463409,1983118,275.78627163382254,54014.79520577152,2.2981,450.1
1998.91,29.27,0.0,39239028,1463069,1983524,275.2899671222423,53917.590270972214,2.2981,450.1
2004.34,29.28,0.0,39236905,1463140,1984575,275.77715262209637,54013.009179411514,2.2981,450.1
2004.34,29.28,0.0,39241315,1463143,1984787,275.77715262209637,54013.009179411514,2.2981,450.1
2004.34,29.27,0.0,39241315,1462953,1984787,275.78627163382254,54014.79520577152,2.2981,450.1
2004.34,29.28,0.0,39241383,1463403,1986015,275.77715262209637,54013.009179411514,2.2981,450.1
2004.34,29.28,0.0,39248433,1463791,1986015,275.77715262209637,54013.009179411514,2.2981,450.1
2004.34,29.28,0.0,39257253,1463891,1986022,275.77715262209637,54013.009179411514,2.2981,450.1
2004.34,29.29,0.0,39252377,1463891,1987002,275.7680342133997,54011.22327115931,2.2981,450.1
1998.91,29.29,0.0,39254159,1463695,1986628,275.2717625218506,53914.024764407535,2.2981,450.1
2004.34,29.29,0.0,39254159,1464215,1986693,275.7680342133997,54011.22327115931,2.2981,450.1
1998.91,29.29,0.0,39259885,1464215,1986766,275.2717625218506,53914.024764407535,2.2981,450.1
1998.91,29.29,0.0,39254384,1464317,1972063,275.2717625218506,53914.024764407535,2.2981,450.1
2004.34,29.29,0.0,39256993,1463979,1987873,275.7680342133997,54011.22327115931,2.2981,450.1
2004.34,29.3,0.0,39256993,1463698,1987391,275.75891640767264,54009.43748100321,2.2981,450.1
1998.91,29.3,0.0,39253480,1463784,1986753,275.26266112451145,53912.242187956406,2.2981,450.1
2004.34,29.3,0.0,39253480,1464158,1973275,275.75891640767264,54009.43748100321,2.2981,450.1
2004.34,29.3,0.0,39255591,1463737,1986838,275.75891640767264,54009.43748100321,2.2981,450.1
2004.34,29.3,0.0,39255591,1463394,1989965,275.75891640767264,54009.43748100321,2.2981,450.1
1998.91,29.31,0.0,39249270,1463295,1987148,275.2535603289972,53910.45972937716,2.2981,450.1
1998.91,29.31,0.0,39245148,1463182,1987751,275.2535603289972,53910.45972937716,2.2981,450.1
2004.34,29.31,0.0,39248284,1463321,1988328,275.7497992048555,54007.6518089315,2.2981,450.1
1998.91,29.31,0.0,39249779,1463313,1982894,275.2535603289972,53910.45972937716,2.2981,450.1
1998.91,29.32,0.0,39249116,1463105,1991878,275.2444601352481,53908.67738865811,2.2981,450.1
2004.34,29.32,0.0,39248242,1463181,1972800,275.74068260488843,54005.86625493247,2.2981,450.1
2004.34,29.32,0.0,39248242,1463330,1988285,275.74068260488843,54005.86625493247,2.2981,450.1
2004.34,29.33,0.0,39249371,1463651,1972459,275.7315666077116,54004.08081899439,2.2981,450.1
2004.34,29.33,0.0,39248006,1463023,1972459,275.7315666077116,54004.08081899439,2.2981,450.1
2004.34,29.33,0.0,39250817,1463296,1988956,275.7315666077116,54004.08081899439,2.2981,450.1
2004.34,29.33,0.0,39253569,1463379,1989196,275.7315666077116,54004.08081899439,2.2981,450.1
2004.34,29.33,0.0,39253569,1463544,1989272,275.7315666077116,54004.08081899439,2.2981,450.1
2004.34,29.33,0.0,39251908,1463464,1989282,275.7315666077116,54004.08081899439,2.2981,450.1
2004.34,29.33,0.0,39250268,1463272,1989282,275.7315666077116,54004.08081899439,2.2981,450.1
2004.34,29.33,0.0,39246898,1463468,1977223,275.7315666077116,54004.08081899439,2.2981,450.1
2004.34,29.34,0.0,39259154,1463656,1990713,275.7224512132653,54002.29550110557,2.2981,450.1
1998.91,29.34,0.0,39252082,1463326,1985922,275.2262615528067,53905.1130607538,2.2981,450.1
2004.34,29.34,0.0,39251202,1463319,1989050,275.7224512132653,54002.29550110557,2.2981,450.1
2004.34,29.34,0.0,39255083,1463224,1993168,275.7224512132653,54002.29550110557,2.2981,450.1
2004.34,29.34,0.0,39252102,1463432,1989794,275.7224512132653,54002.29550110557,2.2981,450.1
2004.34,29.34,0.0,39244603,1463302,1978636,275.7224512132653,54002.29550110557,2.2981,450.1
2004.34,29.34,0.0,39248818,1463097,1989826,275.7224512132653,54002.29550110557,2.2981,450.1
2004.34,29.34,0.0,39248818,1463078,1986494,275.7224512132653,54002.29550110557,2.2981,450.1
2004.34,29.35,0.0,39249876,1463245,1986494,275.71333642148954,54000.51030125428,2.2981,450.1
1998.91,29.35,0.0,39253664,1463407,1990185,275.217163163995,53903.331073545174,2.2981,450.1
2004.34,29.35,0.0,39249507,1463078,1989656,275.71333642148954,54000.51030125428,2.2981,450.1
1998.91,29.35,0.0,39244620,1463281,1976438,275.217163163995,53903.331073545174,2.2981,450.1
2004.34,29.35,0.0,39251100,1463145,1989533,275.71333642148954,54000.51030125428,2.2981,450.1
2004.34,29.36,0.0,39251100,1463287,1989533,275.70422223232487,53998.72521942885,2.2981,450.1
2004.34,29.36,0.0,39266050,1463616,1992244,275.70422223232487,53998.72521942885,2.2981,450.1
2004.34,29.36,0.0,39257802,1463771,1977549,275.70422223232487,53998.72521942885,2.2981,450.1
1998.91,29.37,0.0,39260592,1463387,1991971,275.19896819089143,53899.767452556574,2.2981,450.1
2004.34,29.37,0.0,39259244,1463463,1992059,275.69510864571134,53996.94025561755,2.2981,450.1
2004.34,29.37,0.0,39263505,1463838,1992059,275.69510864571134,53996.94025561755,2.2981,450.1
2004.34,29.37,0.0,39254728,1463238,1992087,275.69510864571134,53996.94025561755,2.2981,450.1
2004.34,29.37,0.0,39252660,1463191,1996035,275.69510864571134,53996.94025561755,2.2981,450.1
1998.91,29.37,0.0,39258416,1463729,1996035,275.19896819089143,53899.767452556574,2.2981,450.1
2004.34,29.37,0.0,39253860,1463003,1991762,275.69510864571134,53996.94025561755,2.2981,450.1
2004.34,29.38,0.0,39252218,1462728,1999715,275.68599566158923,53995.155409808685,2.2981,450.1
2004.34,29.38,0.0,39255199,1463057,1992626,275.68599566158923,53995.155409808685,2.2981,450.1
2004.34,29.38,0.0,39248397,1462962,1992821,275.68599566158923,53995.155409808685,2.2981,450.1
2004.34,29.38,0.0,39248942,1462866,1992826,275.68599566158923,53995.155409808685,2.2981,450.1
1998.91,29.38,0.0,39251716,1463123,1993921,275.1898716064803,53897.98581875323,2.2981,450.1
2004.34,29.39,0.0,39252913,1463046,1992750,275.6768832798989,53993.37068199056,2.2981,450.1
1998.91,29.39,0.0,39246057,1462829,1993103,275.18077562341676,53896.20430272829,2.2981,450.1
1998.91,29.39,0.0,39246057,1462888,1993103,275.18077562341676,53896.20430272829,2.2981,450.1
2004.34,29.39,0.0,39248219,1462888,1994717,275.6768832798989,53993.37068199056,2.2981,450.1
1998.91,29.4,0.0,39241091,1462294,1996934,275.171680241641,53894.422904470055,2.2981,450.1
2004.34,29.4,0.0,39242731,1462427,1993585,275.66777150058044,53991.586072151455,2.2981,450.1
1998.91,29.4,0.0,39242731,1462672,1994222,275.171680241641,53894.422904470055,2.2981,450.1
2004.34,29.41,0.0,39245170,1462662,1995083,275.65866032357417,53989.80158027969,2.2981,450.1
1998.91,29.41,0.0,39245170,1462500,1997523,275.1625854610936,53892.64162396687,2.2981,450.1
1998.91,29.42,0.0,39247678,1462672,1992956,275.15349128171493,53890.86046120704,2.2981,450.1
1998.91,29.42,0.0,39244187,1462226,1993115,275.15349128171493,53890.86046120704,2.2981,450.1
1998.91,29.42,0.0,39243279,1462372,1995808,275.15349128171493,53890.86046120704,2.2981,450.1
2004.34,29.43,0.0,39239302,1462038,1995808,275.64043977625954,53986.23295039138,2.2981,450.1
1998.91,29.43,0.0,39229739,1462038,1994169,275.14439770344535,53889.07941617891,2.2981,450.1
1998.91,29.43,0.0,39234819,1461758,1999486,275.14439770344535,53889.07941617891,2.2981,450.1
2004.34,29.44,0.0,39234571,1461758,1995792,275.63133040583165,53984.44881235144,2.2981,450.1
2004.34,29.44,0.0,39233829,1461829,1994933,275.63133040583165,53984.44881235144,2.2981,450.1
1998.91,29.44,0.0,39235891,1461817,1996140,275.13530472622523,53887.2984888708,2.2981,450.1
1998.91,29.44,0.0,39232795,1461774,1997662,275.13530472622523,53887.2984888708,2.2981,450.1
1998.91,29.45,0.0,39232638,1461686,1995944,275.126212349995,53885.51767927104,2.2981,450.1
2004.34,29.45,0.0,39232638,1461586,1996381,275.6222216374772,53982.66479223206,2.2981,450.1
1998.91,29.45,0.0,39232638,1461586,1993534,275.126212349995,53885.51767927104,2.2981,450.1
1998.91,29.46,0.0,39234590,1461702,1997805,275.11712057469515,53883.73698736795,2.2981,450.1
1998.91,29.46,0.0,39237634,1461849,1998963,275.11712057469515,53883.73698736795,2.2981,450.1
1998.91,29.46,0.0,39244342,1462192,1999108,275.11712057469515,53883.73698736795,2.2981,450.1
1998.91,29.46,0.0,39244441,1462096,1999108,275.11712057469515,53883.73698736795,2.2981,450.1
1998.91,29.46,0.0,39237265,1461931,1999045,275.11712057469515,53883.73698736795,2.2981,450.1
1998.91,29.47,0.0,39237265,1461959,1999231,275.10802940026593,53881.95641314987,2.2981,450.1
1998.91,29.47,0.0,39245980,1462185,1999050,275.10802940026593,53881.95641314987,2.2981,450.1
2004.34,29.47,0.0,39245980,1461621,2003715,275.6040059067497,53979.09710570822,2.2981,450.1
1998.91,29.47,0.0,39237182,1461742,1998771,275.10802940026593,53881.95641314987,2.2981,450.1
1998.91,29.47,0.0,39237301,1461742,1999562,275.10802940026593,53881.95641314987,2.2981,450.1
1998.91,29.48,0.0,39239847,1461841,1999038,275.098938826648,53880.17595660515,2.2981,450.1
1998.91,29.48,0.0,39237105,1461742,1999038,275.098938826648,53880.17595660515,2.2981,450.1
1998.91,29.48,0.0,39237105,1461648,1999038,275.098938826648,53880.17595660515,2.2981,450.1
1998.91,29.49,0.0,39232525,1461439,2000949,275.08984885378163,53878.39561772209,2.2981,450.1
1998.91,29.49,0.0,39224430,1461268,1997077,275.08984885378163,53878.39561772209,2.2981,450.1
1998.91,29.49,0.0,39228048,1461236,2000669,275.08984885378163,53878.39561772209,2.2981,450.1
1998.91,29.49,0.0,39226577,1461236,2000669,275.08984885378163,53878.39561772209,2.2981,450.1
1998.91,29.49,0.0,39228222,1461115,2000490,275.08984885378163,53878.39561772209,2.2981,450.1
1998.91,29.49,0.0,39228014,1461204,2000832,275.08984885378163,53878.39561772209,2.2981,450.1
1998.91,29.5,0.0,39226692,1461267,1999190,275.08075948160746,53876.61539648907,2.2981,450.1
1998.91,29.5,0.0,39228172,1461129,2001724,275.08075948160746,53876.61539648907,2.2981,450.1
1998.91,29.51,0.0,39223132,1460897,2002151,275.0716707100657,53874.835292894386,2.2981,450.1
1998.91,29.51,0.0,39225889,1460977,2001319,275.0716707100657,53874.835292894386,2.2981,450.1
1998.91,29.51,0.0,39227245,1460977,2001319,275.0716707100657,53874.835292894386,2.2981,450.1
1998.91,29.51,0.0,39225486,1461041,2001114,275.0716707100657,53874.835292894386,2.2981,450.1
1998.91,29.52,0.0,39225300,1460863,2005010,275.06258253909704,53873.05530692641,2.2981,450.1
1998.91,29.52,0.0,39225247,1460812,2005978,275.06258253909704,53873.05530692641,2.2981,450.1
1998.91,29.52,0.0,39226301,1460934,2002590,275.06258253909704,53873.05530692641,2.2981,450.1
1998.91,29.52,0.0,39229716,1461194,2004204,275.06258253909704,53873.05530692641,2.2981,450.1
1998.91,29.53,0.0,39226461,1461037,2001837,275.05349496864176,53871.27543857346,2.2981,450.1
1998.91,29.53,0.0,39224644,1460934,1998450,275.05349496864176,53871.27543857346,2.2981,450.1
1998.91,29.53,0.0,39225167,1460928,1998450,275.05349496864176,53871.27543857346,2.2981,450.1
1998.91,29.53,0.0,39233134,1461335,2001105,275.05349496864176,53871.27543857346,2.2981,450.1
1998.91,29.53,0.0,39230068,1461227,2001105,275.05349496864176,53871.27543857346,2.2981,450.1
1998.91,29.53,0.0,39225894,1460746,2003343,275.05349496864176,53871.27543857346,2.2981,450.1
1993.48,29.54,0.0,39225894,1460608,2004027,274.5485461915371,53772.37745999342,2.2981,450.1
1998.91,29.54,0.0,39221783,1460521,2003938,275.0444079986405,53869.495687823895,2.2981,450.1
1998.91,29.54,0.0,39221590,1460719,2003384,275.0444079986405,53869.495687823895,2.2981,450.1
1998.91,29.54,0.0,39225888,1460904,2005931,275.0444079986405,53869.495687823895,2.2981,450.1
1993.48,29.55,0.0,39224349,1461004,2001035,274.5394762032256,53770.601035234264,2.2981,450.1
1993.48,29.55,0.0,39224564,1460923,2005209,274.5394762032256,53770.601035234264,2.2981,450.1
1998.91,29.55,0.0,39224451,1460935,2005429,275.03532162903366,53867.71605466606,2.2981,450.1
1998.91,29.55,0.0,39224890,1460967,2002336,275.03532162903366,53867.71605466606,2.2981,450.1
1998.91,29.55,0.0,39225610,1460863,2007997,275.03532162903366,53867.71605466606,2.2981,450.1
1998.91,29.55,0.0,39227882,1460918,2005884,275.03532162903366,53867.71605466606,2.2981,450.1
1998.91,29.55,0.0,39228663,1460933,2005472,275.03532162903366,53867.71605466606,2.2981,450.1
1998.91,29.55,0.0,39226694,1460998,2003751,275.03532162903366,53867.71605466606,2.2981,450.1
1998.91,29.56,0.0,39220638,1460646,2006571,275.02623585976175,53865.93653908829,2.2981,450.1
1998.91,29.57,0.0,39220638,1460490,2005515,275.0171506907654,53864.15714107894,2.2981,450.1
1998.91,29.57,0.0,39218669,1460539,2007170,275.0171506907654,53864.15714107894,2.2981,450.1
1998.91,29.57,0.0,39220629,1460535,2007239,275.0171506907654,53864.15714107894,2.2981,450.1
1998.91,29.57,0.0,39222918,1460689,2007239,275.0171506907654,53864.15714107894,2.2981,450.1
1998.91,29.58,0.0,39216932,1460214,2009681,275.00806612198494,53862.37786062636,2.2981,450.1
1998.91,29.58,0.0,39222123,1460502,2002858,275.00806612198494,53862.37786062636,2.2981,450.1
1998.91,29.58,0.0,39222123,1460465,2006954,275.00806612198494,53862.37786062636,2.2981,450.1
1998.91,29.59,0.0,39225268,1460603,2007351,274.99898215336094,53860.598697718895,2.2981,450.1
1998.91,29.59,0.0,39226320,1460603,2007351,274.99898215336094,53860.598697718895,2.2981,450.1
1998.91,29.59,0.0,39222536,1460535,2008845,274.99898215336094,53860.598697718895,2.2981,450.1
1998.91,29.59,0.0,39223172,1460487,2007927,274.99898215336094,53860.598697718895,2.2981,450.1
1998.91,29.59,0.0,39225702,1460530,2007501,274.99898215336094,53860.598697718895,2.2981,450.1
1998.91,29.59,0.0,39221036,1460364,2008170,274.99898215336094,53860.598697718895,2.2981,450.1
1998.91,29.59,0.0,39212896,1459882,2011704,274.99898215336094,53860.598697718895,2.2981,450.1
1998.91,29.6,0.0,39215152,1459905,2008561,274.98989878483394,53858.81965234488,2.2981,450.1
1998.91,29.6,0.0,39214308,1459905,2008561,274.98989878483394,53858.81965234488,2.2981,450.1
1998.91,29.6,0.0,39214308,1460037,2008561,274.98989878483394,53858.81965234488,2.2981,450.1
1998.91,29.6,0.0,39214308,1460422,2008553,274.98989878483394,53858.81965234488,2.2981,450.1
1993.48,29.6,0.0,39218794,1460218,2009333,274.49413524926956,53761.72067172719,2.2981,450.1
1998.91,29.6,0.0,39216551,1460207,2006422,274.98989878483394,53858.81965234488,2.2981,450.1
1993.48,29.6,0.0,39214001,1459944,2008215,274.49413524926956,53761.72067172719,2.2981,450.1
1998.91,29.6,0.0,39218315,1460016,2012708,274.98989878483394,53858.81965234488,2.2981,450.1
1993.48,29.6,0.0,39219991,1460311,2007060,274.49413524926956,53761.72067172719,2.2981,450.1
1998.91,29.6,0.0,39219893,1460363,2011313,274.98989878483394,53858.81965234488,2.2981,450.1
1998.91,29.6,0.0,39218054,1460080,2009778,274.98989878483394,53858.81965234488,2.2981,450.1
1993.48,29.61,0.0,39215358,1460107,2010888,274.4850688555832,53759.944951002144,2.2981,450.1
1998.91,29.61,0.0,39211398,1459827,2010888,274.9808160163446,53857.04072449272,2.2981,450.1
1998.91,29.61,0.0,39219668,1460244,2006736,274.9808160163446,53857.04072449272,2.2981,450.1
1993.48,29.61,0.0,39219668,1459946,2011227,274.4850688555832,53759.944951002144,2.2981,450.1
1993.48,29.61,0.0,39215838,1460118,2014927,274.4850688555832,53759.944951002144,2.2981,450.1
1998.91,29.61,0.0,39218219,1460289,2010757,274.9808160163446,53857.04072449272,2.2981,450.1
1993.48,29.61,0.0,39220694,1460178,2008408,274.4850688555832,53759.944951002144,2.2981,450.1
1993.48,29.61,0.0,39214527,1459935,2009453,274.4850688555832,53759.944951002144,2.2981,450.1
1993.48,29.61,0.0,39214527,1459914,2007848,274.4850688555832,53759.944951002144,2.2981,450.1
1998.91,29.62,0.0,39212826,1459761,2009581,274.9717338478333,53855.26191415073,2.2981,450.1
1998.91,29.62,0.0,39217503,1460191,2005590,274.9717338478333,53855.26191415073,2.2981,450.1
1998.91,29.62,0.0,39219020,1459968,2011649,274.9717338478333,53855.26191415073,2.2981,450.1
1993.48,29.62,0.0,39214110,1459817,2011649,274.4760030607933,53758.16934757542,2.2981,450.1
1998.91,29.61,0.0,39215508,1459916,2011028,274.9808160163446,53857.04072449272,2.2981,450.1
1993.48,29.62,0.0,39215785,1459963,2003523,274.4760030607933,53758.16934757542,2.2981,450.1
1998.91,29.62,0.0,39216544,1459738,2010494,274.9717338478333,53855.26191415073,2.2981,450.1
1998.91,29.62,0.0,39216544,1459692,2011589,274.9717338478333,53855.26191415073,2.2981,450.1
1993.48,29.62,0.0,39211118,1459436,2013277,274.4760030607933,53758.16934757542,2.2981,450.1
1993.48,29.62,0.0,39210788,1459711,2010961,274.4760030607933,53758.16934757542,2.2981,450.1
1993.48,29.62,0.0,39210532,1459813,2010961,274.4760030607933,53758.16934757542,2.2981,450.1
1998.91,29.62,0.0,39211058,1459706,2010961,274.9717338478333,53855.26191415073,2.2981,450.1
1998.91,29.62,0.0,39207421,1459616,2012388,274.9717338478333,53855.26191415073,2.2981,450.1
1993.48,29.62,0.0,39207263,1459539,2009837,274.4760030607933,53758.16934757542,2.2981,450.1
1998.91,29.62,0.0,39207948,1459513,2010628,274.9717338478333,53855.26191415073,2.2981,450.1
1993.48,29.62,0.0,39202025,1459303,2006280,274.4760030607933,53758.16934757542,2.2981,450.1
1993.48,29.62,0.0,39205507,1459480,2011086,274.4760030607933,53758.16934757542,2.2981,450.1
1993.48,29.62,0.0,39206415,1459377,2019270,274.4760030607933,53758.16934757542,2.2981,450.1
1993.48,29.62,0.0,39206249,1459502,2012228,274.4760030607933,53758.16934757542,2.2981,450.1
1993.48,29.62,0.0,39206249,1459490,2022399,274.4760030607933,53758.16934757542,2.2981,450.1
1993.48,29.62,0.0,39204160,1459204,2011059,274.4760030607933,53758.16934757542,2.2981,450.1
1993.48,29.62,0.0,39199769,1459069,2011059,274.4760030607933,53758.16934757542,2.2981,450.1
1993.48,29.62,0.0,39196162,1459021,2011059,274.4760030607933,53758.16934757542,2.2981,450.1
1993.48,29.62,0.0,39197882,1459092,2011059,274.4760030607933,53758.16934757542,2.2981,450.1
1993.48,29.62,0.0,39191543,1458605,2021166,274.4760030607933,53758.16934757542,2.2981,450.1
1993.48,29.62,0.0,39193967,1458608,2020885,274.4760030607933,53758.16934757542,2.2981,450.1
1993.48,29.62,0.0,39192544,1458981,2020885,274.4760030607933,53758.16934757542,2.2981,450.1
1993.48,29.62,0.0,39195422,1458981,2010023,274.4760030607933,53758.16934757542,2.2981,450.1
1993.48,29.62,0.0,39193519,1458775,2023836,274.4760030607933,53758.16934757542,2.2981,450.1
1993.48,29.62,0.0,39192036,1458653,2023836,274.4760030607933,53758.16934757542,2.2981,450.1
1993.48,29.61,0.0,39188394,1458519,2019790,274.4850688555832,53759.944951002144,2.2981,450.1
1993.48,29.62,0.0,39188877,1458519,2010623,274.4760030607933,53758.16934757542,2.2981,450.1
1993.48,29.61,0.0,39188877,1458250,2020213,274.4850688555832,53759.944951002144,2.2981,450.1
1993.48,29.61,0.0,39188877,1458712,1999919,274.4850688555832,53759.944951002144,2.2981,450.1
1993.48,29.62,0.0,39178830,1458712,2011071,274.4760030607933,53758.16934757542,2.2981,450.1
1993.48,29.61,0.0,39182772,1458257,2010514,274.4850688555832,53759.944951002144,2.2981,450.1
1988.05,29.61,0.0,39182980,1458470,2000594,273.98932169482185,53662.84917751157,2.2981,450.1
1993.48,29.61,0.0,39183780,1458284,2000594,274.4850688555832,53759.944951002144,2.2981,450.1
1993.48,29.61,0.0,39178668,1457663,2022677,274.4850688555832,53759.944951002144,2.2981,450.1
1993.48,29.61,0.0,39178599,1458288,1994504,274.4850688555832,53759.944951002144,2.2981,450.1
1993.48,29.61,0.0,39186004,1458367,2009931,274.4850688555832,53759.944951002144,2.2981,450.1
1993.48,29.61,0.0,39186004,1458289,2011317,274.4850688555832,53759.944951002144,2.2981,450.1
1993.48,29.61,0.0,39180016,1458084,2011712,274.4850688555832,53759.944951002144,2.2981,450.1
1993.48,29.61,0.0,39174618,1457985,2003970,274.4850688555832,53759.944951002144,2.2981,450.1
1993.48,29.61,0.0,39172130,1458067,2000342,274.4850688555832,53759.944951002144,2.2981,450.1
1993.48,29.61,0.0,39176250,1457837,2000342,274.4850688555832,53759.944951002144,2.2981,450.1
1993.48,29.61,0.0,39178851,1458068,2010682,274.4850688555832,53759.944951002144,2.2981,450.1
1993.48,29.61,0.0,39179684,1457882,2006273,274.4850688555832,53759.944951002144,2.2981,450.1
1993.48,29.61,0.0,39173041,1457963,2010316,274.4850688555832,53759.944951002144,2.2981,450.1
1993.48,29.61,0.0,39174662,1457864,2010316,274.4850688555832,53759.944951002144,2.2981,450.1
1993.48,29.61,0.0,39174662,1457934,2011459,274.4850688555832,53759.944951002144,2.2981,450.1
1993.48,29.61,0.0,39172705,1457923,2010893,274.4850688555832,53759.944951002144,2.2981,450.1
1993.48,29.61,0.0,39170584,1457724,2011045,274.4850688555832,53759.944951002144,2.2981,450.1
1993.48,29.61,0.0,39172727,1457926,2011191,274.4850688555832,53759.944951002144,2.2981,450.1
1993.48,29.61,0.0,39177336,1458105,2011654,274.4850688555832,53759.944951002144,2.2981,450.1
1993.48,29.61,0.0,39176679,1457838,2013573,274.4850688555832,53759.944951002144,2.2981,450.1
1993.48,29.61,0.0,39174889,1457786,2011179,274.4850688555832,53759.944951002144,2.2981,450.1
1993.48,29.61,0.0,39173027,1457641,2011463,274.4850688555832,53759.944951002144,2.2981,450.1
1993.48,29.61,0.0,39169652,1457454,2011463,274.4850688555832,53759.944951002144,2.2981,450.1
1993.48,29.61,0.0,39174027,1457975,2003135,274.4850688555832,53759.944951002144,2.2981,450.1
1993.48,29.61,0.0,39171275,1457609,2013741,274.4850688555832,53759.944951002144,2.2981,450.1
1993.48,29.61,0.0,39172281,1457609,2011341,274.4850688555832,53759.944951002144,2.2981,450.1
1993.48,29.61,0.0,39165293,1457309,2011102,274.4850688555832,53759.944951002144,2.2981,450.1
1988.05,29.61,0.0,39165293,1457410,2008187,273.98932169482185,53662.84917751157,2.2981,450.1
1993.48,29.62,0.0,39164509,1457148,2012167,274.4760030607933,53758.16934757542,2.2981,450.1
1993.48,29.62,0.0,39167357,1457475,2010963,274.4760030607933,53758.16934757542,2.2981,450.1
1993.48,29.62,0.0,39167357,1457505,2012392,274.4760030607933,53758.16934757542,2.2981,450.1
1993.48,29.62,0.0,39166259,1457364,2009392,274.4760030607933,53758.16934757542,2.2981,450.1
1993.48,29.62,0.0,39166259,1456927,2010303,274.4760030607933,53758.16934757542,2.2981,450.1
1993.48,29.62,0.0,39161011,1457209,2010303,274.4760030607933,53758.16934757542,2.2981,450.1
1993.48,29.62,0.0,39160753,1457063,2010074,274.4760030607933,53758.16934757542,2.2981,450.1
1993.48,29.62,0.0,39162227,1457152,2017348,274.4760030607933,53758.16934757542,2.2981,450.1
1993.48,29.62,0.0,39158157,1457021,2011861,274.4760030607933,53758.16934757542,2.2981,450.1
1988.05,29.62,0.0,39164263,1456922,2009691,273.98027227375326,53661.07678100012,2.2981,450.1
1993.48,29.62,0.0,39158236,1456954,2007101,274.4760030607933,53758.16934757542,2.2981,450.1
1993.48,29.62,0.0,39153604,1456650,2011400,274.4760030607933,53758.16934757542,2.2981,450.1
1993.48,29.63,0.0,39157546,1456792,2011400,274.4669378648404,53756.3938614354,2.2981,450.1
1993.48,29.63,0.0,39158246,1456786,2009156,274.4669378648404,53756.3938614354,2.2981,450.1
1993.48,29.63,0.0,39156509,1456681,2010665,274.4669378648404,53756.3938614354,2.2981,450.1
1993.48,29.63,0.0,39157838,1456869,2011290,274.4669378648404,53756.3938614354,2.2981,450.1
1993.48,29.63,0.0,39156920,1456668,2023825,274.4669378648404,53756.3938614354,2.2981,450.1
1993.48,29.63,0.0,39157796,1456879,2007286,274.4669378648404,53756.3938614354,2.2981,450.1
1993.48,29.63,0.0,39159173,1456966,2007286,274.4669378648404,53756.3938614354,2.2981,450.1
1993.48,29.63,0.0,39159173,1457277,2011857,274.4669378648404,53756.3938614354,2.2981,450.1
1993.48,29.63,0.0,39163360,1457501,2011857,274.4669378648404,53756.3938614354,2.2981,450.1
1993.48,29.63,0.0,39166618,1457316,2014085,274.4669378648404,53756.3938614354,2.2981,450.1
1993.48,29.63,0.0,39169247,1457324,2012420,274.4669378648404,53756.3938614354,2.2981,450.1
1993.48,29.63,0.0,39168012,1457358,2012459,274.4669378648404,53756.3938614354,2.2981,450.1
1993.48,29.63,0.0,39169958,1457295,2012459,274.4669378648404,53756.3938614354,2.2981,450.1
1993.48,29.63,0.0,39168759,1457500,2000769,274.4669378648404,53756.3938614354,2.2981,450.1
1993.48,29.63,0.0,39167799,1457502,2001126,274.4669378648404,53756.3938614354,2.2981,450.1
1993.48,29.63,0.0,39167485,1457502,2012808,274.4669378648404,53756.3938614354,2.2981,450.1
1993.48,29.63,0.0,39168198,1457242,2012471,274.4669378648404,53756.3938614354,2.2981,450.1
1993.48,29.64,0.0,39166139,1457242,2012471,274.4578732676654,53754.618492570466,2.2981,450.1
1993.48,29.64,0.0,39160850,1457331,1997689,274.4578732676654,53754.618492570466,2.2981,450.1
1993.48,29.64,0.0,39164481,1457331,1997689,274.4578732676654,53754.618492570466,2.2981,450.1
1993.48,29.64,0.0,39160913,1456759,2013111,274.4578732676654,53754.618492570466,2.2981,450.1
1993.48,29.64,0.0,39160725,1456767,2010142,274.4578732676654,53754.618492570466,2.2981,450.1
1993.48,29.64,0.0,39164327,1456767,2022650,274.4578732676654,53754.618492570466,2.2981,450.1
1993.48,29.64,0.0,39162014,1456750,2013703,274.4578732676654,53754.618492570466,2.2981,450.1
1993.48,29.64,0.0,39159014,1456767,2010790,274.4578732676654,53754.618492570466,2.2981,450.1
1993.48,29.64,0.0,39166145,1457107,2012697,274.4578732676654,53754.618492570466,2.2981,450.1
1993.48,29.64,0.0,39163223,1456858,2013891,274.4578732676654,53754.618492570466,2.2981,450.1
1993.48,29.64,0.0,39163223,1456845,2013289,274.4578732676654,53754.618492570466,2.2981,450.1
1993.48,29.64,0.0,39160016,1456845,2008552,274.4578732676654,53754.618492570466,2.2981,450.1
1993.48,29.65,0.0,39162382,1456795,2012571,274.44880926920865,53752.843240968985,2.2981,450.1
1993.48,29.65,0.0,39165600,1456926,2017678,274.44880926920865,53752.843240968985,2.2981,450.1
1993.48,29.65,0.0,39162704,1456806,2013731,274.44880926920865,53752.843240968985,2.2981,450.1
1993.48,29.65,0.0,39162704,1456917,2017526,274.44880926920865,53752.843240968985,2.2981,450.1
1993.48,29.66,0.0,39157713,1456668,2017526,274.43974586941107,53751.06810661936,2.2981,450.1
1993.48,29.66,0.0,39162635,1456994,2015632,274.43974586941107,53751.06810661936,2.2981,450.1
1988.05,29.66,0.0,39161359,1457239,2002120,273.94408056644187,53653.98836558701,2.2981,450.1
1993.48,29.66,0.0,39160442,1456788,2017267,274.43974586941107,53751.06810661936,2.2981,450.1
1988.05,29.66,0.0,39169979,1457231,2015293,273.94408056644187,53653.98836558701,2.2981,450.1
1993.48,29.66,0.0,39169394,1457197,2010466,274.43974586941107,53751.06810661936,2.2981,450.1
1993.48,29.66,0.0,39166478,1456949,2014925,274.43974586941107,53751.06810661936,2.2981,450.1
1993.48,29.66,0.0,39167515,1457066,2015328,274.43974586941107,53751.06810661936,2.2981,450.1
1993.48,29.67,0.0,39160072,1456733,2013751,274.43068306821334,53749.29308950996,2.2981,450.1
1993.48,29.67,0.0,39166884,1457025,2014907,274.43068306821334,53749.29308950996,2.2981,450.1
1993.48,29.67,0.0,39166453,1456880,2018816,274.43068306821334,53749.29308950996,2.2981,450.1
1993.48,29.67,0.0,39167336,1456765,2015259,274.43068306821334,53749.29308950996,2.2981,450.1
1993.48,29.67,0.0,39166133,1456987,2012972,274.43068306821334,53749.29308950996,2.2981,450.1
1993.48,29.68,0.0,39166133,1456814,2012972,274.4216208655562,53747.5181896292,2.2981,450.1
1988.05,29.68,0.0,39169360,1457140,2012081,273.92598829813517,53650.44486009776,2.2981,450.1
1993.48,29.68,0.0,39166405,1456895,2004020,274.4216208655562,53747.5181896292,2.2981,450.1
1993.48,29.68,0.0,39173207,1457695,2003364,274.4216208655562,53747.5181896292,2.2981,450.1
1993.48,29.67,0.0,39169152,1457169,2016920,274.43068306821334,53749.29308950996,2.2981,450.1
1993.48,29.67,0.0,39164574,1457169,2011545,274.43068306821334,53749.29308950996,2.2981,450.1
1993.48,29.68,0.0,39166058,1456844,2016109,274.4216208655562,53747.5181896292,2.2981,450.1
1993.48,29.68,0.0,39168925,1457141,2003308,274.4216208655562,53747.5181896292,2.2981,450.1
1993.48,29.68,0.0,39168925,1457034,2003308,274.4216208655562,53747.5181896292,2.2981,450.1
1993.48,29.68,0.0,39161008,1456774,2016000,274.4216208655562,53747.5181896292,2.2981,450.1
1993.48,29.68,0.0,39155366,1456692,2013301,274.4216208655562,53747.5181896292,2.2981,450.1
1993.48,29.68,0.0,39155366,1456463,2015729,274.4216208655562,53747.5181896292,2.2981,450.1
1988.05,29.69,0.0,39161637,1456768,2017035,273.91694306011186,53648.67328286688,2.2981,450.1
1993.48,29.68,0.0,39164064,1456781,2015681,274.4216208655562,53747.5181896292,2.2981,450.1
1993.48,29.68,0.0,39157498,1456352,2015681,274.4216208655562,53747.5181896292,2.2981,450.1
1993.48,29.68,0.0,39164849,1456767,2017022,274.4216208655562,53747.5181896292,2.2981,450.1
1988.05,29.68,0.0,39160342,1456456,2020191,273.92598829813517,53650.44486009776,2.2981,450.1
1993.48,29.69,0.0,39160036,1456563,2023304,274.41255926138024,53745.743406965434,2.2981,450.1
1993.48,29.69,0.0,39155251,1456551,2016656,274.41255926138024,53745.743406965434,2.2981,450.1
1993.48,29.69,0.0,39170140,1457019,2014708,274.41255926138024,53745.743406965434,2.2981,450.1
1993.48,29.69,0.0,39166282,1456861,2014707,274.41255926138024,53745.743406965434,2.2981,450.1
1993.48,29.69,0.0,39166696,1456266,2020921,274.41255926138024,53745.743406965434,2.2981,450.1
1993.48,29.69,0.0,39166197,1457149,2007748,274.41255926138024,53745.743406965434,2.2981,450.1
1993.48,29.69,0.0,39162147,1456818,2017504,274.41255926138024,53745.743406965434,2.2981,450.1
1988.05,29.69,0.0,39166288,1456901,2018583,273.91694306011186,53648.67328286688,2.2981,450.1
1993.48,29.69,0.0,39169534,1456901,2018583,274.41255926138024,53745.743406965434,2.2981,450.1
1993.48,29.69,0.0,39169534,1456901,2029967,274.41255926138024,53745.743406965434,2.2981,450.1
1988.05,29.7,0.0,39165849,1457012,1999631,273.90789841942967,53646.9018226297,2.2981,450.1
1993.48,29.7,0.0,39165849,1456710,2004237,274.4034982556262,53743.96874150705,2.2981,450.1
1993.48,29.7,0.0,39162834,1456732,2003213,274.4034982556262,53743.96874150705,2.2981,450.1
1993.48,29.7,0.0,39159709,1456484,2017357,274.4034982556262,53743.96874150705,2.2981,450.1
1993.48,29.7,0.0,39161397,1456622,2028126,274.4034982556262,53743.96874150705,2.2981,450.1
1993.48,29.7,0.0,39161139,1456451,2010322,274.4034982556262,53743.96874150705,2.2981,450.1
1993.48,29.71,0.0,39159352,1456442,2010322,274.3944378482348,53742.19419324246,2.2981,450.1
1993.48,29.71,0.0,39159352,1456497,2010322,274.3944378482348,53742.19419324246,2.2981,450.1
1988.05,29.71,0.0,39160820,1456798,2008789,273.8988543760295,53645.130479374646,2.2981,450.1
1993.48,29.71,0.0,39161933,1456651,2019185,274.3944378482348,53742.19419324246,2.2981,450.1
1988.05,29.71,0.0,39161933,1456617,2019185,273.8988543760295,53645.130479374646,2.2981,450.1
1993.48,29.71,0.0,39158789,1456580,2019185,274.3944378482348,53742.19419324246,2.2981,450.1
1988.05,29.71,0.0,39160689,1456836,2013055,273.8988543760295,53645.130479374646,2.2981,450.1
1988.05,29.71,0.0,39160212,1456406,2017702,273.8988543760295,53645.130479374646,2.2981,450.1
1993.48,29.71,0.0,39160212,1456732,2017702,274.3944378482348,53742.19419324246,2.2981,450.1
1993.48,29.72,0.0,39160212,1456383,2016713,274.38537803914676,53740.41976216003,2.2981,450.1
1988.05,29.72,0.0,39163642,1456573,2018307,273.88981092985193,53643.35925309011,2.2981,450.1
1988.05,29.72,0.0,39155998,1455824,2031618,273.88981092985193,53643.35925309011,2.2981,450.1
1988.05,29.72,0.0,39158184,1456255,2021159,273.88981092985193,53643.35925309011,2.2981,450.1
1988.05,29.73,0.0,39161203,1456309,2034323,273.88076808083815,53641.58814376454,2.2981,450.1
1988.05,29.73,0.0,39161953,1456439,2019686,273.88076808083815,53641.58814376454,2.2981,450.1
1988.05,29.73,0.0,39158608,1456407,2024337,273.88076808083815,53641.58814376454,2.2981,450.1
1988.05,29.73,0.0,39163886,1456509,2020092,273.88076808083815,53641.58814376454,2.2981,450.1
1988.05,29.73,0.0,39162575,1456462,2018974,273.88076808083815,53641.58814376454,2.2981,450.1
1988.05,29.73,0.0,39164048,1456672,2017253,273.88076808083815,53641.58814376454,2.2981,450.1
1988.05,29.73,0.0,39169497,1456812,2020638,273.88076808083815,53641.58814376454,2.2981,450.1
1988.05,29.73,0.0,39165415,1456617,2020638,273.88076808083815,53641.58814376454,2.2981,450.1
1988.05,29.73,0.0,39162895,1457066,2002985,273.88076808083815,53641.58814376454,2.2981,450.1
1988.05,29.73,0.0,39169728,1456847,2002985,273.88076808083815,53641.58814376454,2.2981,450.1
1988.05,29.73,0.0,39168469,1456607,2002985,273.88076808083815,53641.58814376454,2.2981,450.1
1988.05,29.74,0.0,39165194,1456560,2013777,273.87172582892885,53639.81715138632,2.2981,450.1
1988.05,29.74,0.0,39168939,1456764,2020663,273.87172582892885,53639.81715138632,2.2981,450.1
1988.05,29.74,0.0,39166356,1456727,2019989,273.87172582892885,53639.81715138632,2.2981,450.1
1988.05,29.74,0.0,39166643,1456628,2021103,273.87172582892885,53639.81715138632,2.2981,450.1
1993.48,29.74,0.0,39169212,1456628,2021103,274.36726021564385,53736.87125149529,2.2981,450.1
1988.05,29.75,0.0,39170084,1456783,2020548,273.86268417406495,53638.04627594389,2.2981,450.1
1988.05,29.75,0.0,39164668,1456589,2021600,273.86268417406495,53638.04627594389,2.2981,450.1
1988.05,29.75,0.0,39167526,1456789,2026275,273.86268417406495,53638.04627594389,2.2981,450.1
1988.05,29.75,0.0,39167526,1456500,2026275,273.86268417406495,53638.04627594389,2.2981,450.1
1988.05,29.75,0.0,39168040,1456638,2020062,273.86268417406495,53638.04627594389,2.2981,450.1
1988.05,29.75,0.0,39167448,1456718,2020955,273.86268417406495,53638.04627594389,2.2981,450.1
1988.05,29.74,0.0,39175225,1456952,2021543,273.87172582892885,53639.81715138632,2.2981,450.1
1988.05,29.74,0.0,39169801,1456542,2036189,273.87172582892885,53639.81715138632,2.2981,450.1
1988.05,29.75,0.0,39170048,1456542,2039257,273.86268417406495,53638.04627594389,2.2981,450.1
1988.05,29.75,0.0,39177890,1457142,2022331,273.86268417406495,53638.04627594389,2.2981,450.1
1988.05,29.75,0.0,39172961,1456673,2032142,273.86268417406495,53638.04627594389,2.2981,450.1
1988.05,29.75,0.0,39172951,1456889,2032142,273.86268417406495,53638.04627594389,2.2981,450.1
1988.05,29.75,0.0,39172471,1456872,2032142,273.86268417406495,53638.04627594389,2.2981,450.1
1988.05,29.76,0.0,39168797,1456778,2021942,273.8536431161872,53636.275517425645,2.2981,450.1
1988.05,29.76,0.0,39168172,1456824,2021552,273.8536431161872,53636.275517425645,2.2981,450.1
1988.05,29.76,0.0,39172712,1456903,2021552,273.8536431161872,53636.275517425645,2.2981,450.1
1988.05,29.76,0.0,39178067,1457092,2025628,273.8536431161872,53636.275517425645,2.2981,450.1
1988.05,29.77,0.0,39179076,1457352,2019177,273.84460265523666,53634.504875820036,2.2981,450.1
1988.05,29.77,0.0,39180463,1457262,2023250,273.84460265523666,53634.504875820036,2.2981,450.1
1988.05,29.77,0.0,39180463,1457135,2024966,273.84460265523666,53634.504875820036,2.2981,450.1
1988.05,29.78,0.0,39176292,1457088,2024966,273.835562791154,53632.73435111546,2.2981,450.1
1988.05,29.78,0.0,39179375,1457207,2024311,273.835562791154,53632.73435111546,2.2981,450.1
1988.05,29.78,0.0,39180485,1457243,2023048,273.835562791154,53632.73435111546,2.2981,450.1
1988.05,29.78,0.0,39180247,1457143,2025272,273.835562791154,53632.73435111546,2.2981,450.1
1988.05,29.78,0.0,39179004,1457409,2012582,273.835562791154,53632.73435111546,2.2981,450.1
1988.05,29.78,0.0,39179449,1456947,2024323,273.835562791154,53632.73435111546,2.2981,450.1
1988.05,29.79,0.0,39178837,1456947,2016231,273.8265235238802,53630.96394330033,2.2981,450.1
1988.05,29.79,0.0,39179483,1457051,2024183,273.8265235238802,53630.96394330033,2.2981,450.1
1988.05,29.79,0.0,39179094,1456996,2020775,273.8265235238802,53630.96394330033,2.2981,450.1
1988.05,29.8,0.0,39179094,1457037,2024841,273.81748485335623,53629.19365236311,2.2981,450.1
1988.05,29.8,0.0,39179094,1457237,2024841,273.81748485335623,53629.19365236311,2.2981,450.1
1988.05,29.8,0.0,39187848,1457485,2026641,273.81748485335623,53629.19365236311,2.2981,450.1
1988.05,29.8,0.0,39187848,1457063,2031070,273.81748485335623,53629.19365236311,2.2981,450.1
1988.05,29.81,0.0,39186614,1457413,2025335,273.8084467795229,53627.42347829219,2.2981,450.1
1988.05,29.81,0.0,39186214,1457364,2025800,273.8084467795229,53627.42347829219,2.2981,450.1
1988.05,29.81,0.0,39190237,1457853,2025800,273.8084467795229,53627.42347829219,2.2981,450.1
1988.05,29.81,0.0,39182803,1457276,2026593,273.8084467795229,53627.42347829219,2.2981,450.1
1982.62,29.81,0.0,39187762,1457418,2026370,273.3130268878141,53530.39180288288,2.2981,450.1
1988.05,29.81,0.0,39184833,1457098,2039101,273.8084467795229,53627.42347829219,2.2981,450.1
1982.62,29.82,0.0,39181795,1457110,2026804,273.3040057627229,53528.62494834934,2.2981,450.1
1988.05,29.82,0.0,39179169,1457092,2023666,273.7994093023213,53625.65342107603,2.2981,450.1
1988.05,29.82,0.0,39182721,1456985,2029855,273.7994093023213,53625.65342107603,2.2981,450.1
1988.05,29.83,0.0,39182721,1457136,2025516,273.7903724216921,53623.88348070303,2.2981,450.1
1982.62,29.83,0.0,39187343,1457441,2025516,273.2949852331248,53526.85821044754,2.2981,450.1
1988.05,29.83,0.0,39184606,1457318,2026072,273.7903724216921,53623.88348070303,2.2981,450.1
1982.62,29.83,0.0,39187266,1457501,2024255,273.2949852331248,53526.85821044754,2.2981,450.1
1988.05,29.83,0.0,39190429,1457357,2026458,273.7903724216921,53623.88348070303,2.2981,450.1
1982.62,29.83,0.0,39191329,1457638,2027582,273.2949852331248,53526.85821044754,2.2981,450.1
1982.62,29.83,0.0,39190500,1457436,2027582,273.2949852331248,53526.85821044754,2.2981,450.1
1982.62,29.83,0.0,39190456,1457348,2028889,273.2949852331248,53526.85821044754,2.2981,450.1
1982.62,29.84,0.0,39190456,1457616,2026799,273.2859652989609,53525.091589165975,2.2981,450.1
1982.62,29.83,0.0,39191357,1457611,2028110,273.2949852331248,53526.85821044754,2.2981,450.1
1982.62,29.83,0.0,39193279,1457699,2028302,273.2949852331248,53526.85821044754,2.2981,450.1
1982.62,29.83,0.0,39198324,1457852,2028302,273.2949852331248,53526.85821044754,2.2981,450.1
1982.62,29.83,0.0,39195684,1457852,2028081,273.2949852331248,53526.85821044754,2.2981,450.1
1982.62,29.83,0.0,39202172,1458136,2025741,273.2949852331248,53526.85821044754,2.2981,450.1
1982.62,29.83,0.0,39202789,1458084,2028200,273.2949852331248,53526.85821044754,2.2981,450.1
1988.05,29.84,0.0,39205898,1458128,2028200,273.7813361375764,53622.11365716164,2.2981,450.1
1982.62,29.84,0.0,39209107,1458415,2030664,273.2859652989609,53525.091589165975,2.2981,450.1
1982.62,29.84,0.0,39204709,1458415,2030664,273.2859652989609,53525.091589165975,2.2981,450.1
1988.05,29.84,0.0,39207400,1458104,2029037,273.7813361375764,53622.11365716164,2.2981,450.1
1982.62,29.84,0.0,39207400,1457835,2029037,273.2859652989609,53525.091589165975,2.2981,450.1
1982.62,29.85,0.0,39200933,1457973,2029037,273.27694596017216,53523.32508449306,2.2981,450.1
1982.62,29.86,0.0,39204830,1457973,2030234,273.26792721669966,53521.55869641727,2.2981,450.1
1982.62,29.86,0.0,39202165,1458143,2029922,273.26792721669966,53521.55869641727,2.2981,450.1
1982.62,29.86,0.0,39207185,1458053,2033630,273.26792721669966,53521.55869641727,2.2981,450.1
1982.62,29.86,0.0,39202163,1458126,2026504,273.26792721669966,53521.55869641727,2.2981,450.1
1982.62,29.86,0.0,39205991,1458126,2030938,273.26792721669966,53521.55869641727,2.2981,450.1
1982.62,29.86,0.0,39203707,1458109,2029793,273.26792721669966,53521.55869641727,2.2981,450.1
1982.62,29.86,0.0,39205527,1458110,2029654,273.26792721669966,53521.55869641727,2.2981,450.1
1982.62,29.86,0.0,39205530,1458110,2026919,273.26792721669966,53521.55869641727,2.2981,450.1
1982.62,29.87,0.0,39204676,1458011,2029842,273.25890906848446,53519.79242492706,2.2981,450.1
1988.05,29.87,0.0,39212574,1458469,2029847,273.7542308637195,53616.80488741141,2.2981,450.1
1982.62,29.88,0.0,39212574,1458209,2030979,273.24989151546765,53518.02627001088,2.2981,450.1
1982.62,29.88,0.0,39213427,1458527,2031298,273.24989151546765,53518.02627001088,2.2981,450.1
1982.62,29.88,0.0,39211549,1458253,2035539,273.24989151546765,53518.02627001088,2.2981,450.1
1982.62,29.88,0.0,39210070,1458250,2035539,273.24989151546765,53518.02627001088,2.2981,450.1
1982.62,29.89,0.0,39212468,1458192,2034360,273.2408745575903,53516.2602316572,2.2981,450.1
1982.62,29.89,0.0,39214714,1458379,2028105,273.2408745575903,53516.2602316572,2.2981,450.1
1982.62,29.89,0.0,39215757,1458407,2030562,273.2408745575903,53516.2602316572,2.2981,450.1
1982.62,29.89,0.0,39215001,1458322,2030978,273.2408745575903,53516.2602316572,2.2981,450.1
1982.62,29.89,0.0,39213629,1458483,2032334,273.2408745575903,53516.2602316572,2.2981,450.1
1982.62,29.89,0.0,39215412,1458751,2018693,273.2408745575903,53516.2602316572,2.2981,450.1
1982.62,29.89,0.0,39215412,1458582,2032220,273.2408745575903,53516.2602316572,2.2981,450.1
1982.62,29.9,0.0,39212346,1458480,2032648,273.23185819479346,53514.49430985447,2.2981,450.1
1982.62,29.9,0.0,39211164,1458321,2032861,273.23185819479346,53514.49430985447,2.2981,450.1
1982.62,29.9,0.0,39211164,1458321,2035705,273.23185819479346,53514.49430985447,2.2981,450.1
1982.62,29.91,0.0,39217634,1458557,2033978,273.2228424270183,53512.72850459116,2.2981,450.1
1982.62,29.91,0.0,39215594,1458399,2033978,273.2228424270183,53512.72850459116,2.2981,450.1
1982.62,29.91,0.0,39214922,1458325,2033238,273.2228424270183,53512.72850459116,2.2981,450.1
1982.62,29.91,0.0,39215660,1458548,2033672,273.2228424270183,53512.72850459116,2.2981,450.1
1982.62,29.91,0.0,39217809,1458389,2038231,273.2228424270183,53512.72850459116,2.2981,450.1
1982.62,29.91,0.0,39215832,1458577,2030525,273.2228424270183,53512.72850459116,2.2981,450.1
1982.62,29.91,0.0,39219690,1458661,2035032,273.2228424270183,53512.72850459116,2.2981,450.1
1982.62,29.91,0.0,39220883,1458622,2037846,273.2228424270183,53512.72850459116,2.2981,450.1
1982.62,29.92,0.0,39223592,1458733,2037846,273.21382725420585,53510.96281585574,2.2981,450.1
1982.62,29.92,0.0,39226428,1458733,2037846,273.21382725420585,53510.96281585574,2.2981,450.1
1977.19,29.92,0.0,39222152,1458935,2031239,272.71858717636206,53413.966358331054,2.2981,450.1
1982.62,29.92,0.0,39225102,1458858,2031239,273.21382725420585,53510.96281585574,2.2981,450.1
1982.62,29.92,0.0,39230199,1459202,2034763,273.21382725420585,53510.96281585574,2.2981,450.1
1982.62,29.92,0.0,39230059,1459012,2034535,273.21382725420585,53510.96281585574,2.2981,450.1
1982.62,29.92,0.0,39227647,1458814,2040282,273.21382725420585,53510.96281585574,2.2981,450.1
1982.62,29.93,0.0,39227647,1459137,2036944,273.2048126762972,53509.19724363665,2.2981,450.1
1982.62,29.93,0.0,39227647,1459185,2036525,273.2048126762972,53509.19724363665,2.2981,450.1
1982.62,29.94,0.0,39232211,1459229,2033709,273.1957986932336,53507.4317879224,2.2981,450.1
1977.19,29.94,0.0,39234230,1459187,2040676,272.7005912947971,53410.44173090301,2.2981,450.1
1982.62,29.94,0.0,39233907,1459260,2036979,273.1957986932336,53507.4317879224,2.2981,450.1
1982.62,29.94,0.0,39232817,1459292,2037369,273.1957986932336,53507.4317879224,2.2981,450.1
1977.19,29.94,0.0,39232209,1459345,2037803,272.7005912947971,53410.44173090301,2.2981,450.1
1977.19,29.94,0.0,39237705,1459451,2036767,272.7005912947971,53410.44173090301,2.2981,450.1
1977.19,29.94,0.0,39237886,1459397,2041118,272.7005912947971,53410.44173090301,2.2981,450.1
1982.62,29.95,0.0,39235773,1459395,2033518,273.186785304956,53505.666448701406,2.2981,450.1
1982.62,29.95,0.0,39239622,1459484,2037775,273.186785304956,53505.666448701406,2.2981,450.1
1982.62,29.95,0.0,39244876,1459500,2042403,273.186785304956,53505.666448701406,2.2981,450.1
1982.62,29.95,0.0,39241715,1459590,2038521,273.186785304956,53505.666448701406,2.2981,450.1
1977.19,29.96,0.0,39247015,1459870,2037814,272.68259778806396,53406.91756860345,2.2981,450.1
1977.19,29.96,0.0,39242969,1459732,2036516,272.68259778806396,53406.91756860345,2.2981,450.1
1982.62,29.96,0.0,39242969,1459747,2038661,273.17777251140564,53503.90122596219,2.2981,450.1
1977.19,29.97,0.0,39247827,1459987,2037866,272.6736019251123,53405.155661848075,2.2981,450.1
1982.62,29.97,0.0,39252365,1459924,2042016,273.16876031252355,53502.13611969317,2.2981,450.1
1977.19,29.97,0.0,39250696,1459891,2040673,272.6736019251123,53405.155661848075,2.2981,450.1
1977.19,29.97,0.0,39253561,1460052,2036418,272.6736019251123,53405.155661848075,2.2981,450.1
1977.19,29.97,0.0,39255431,1460154,2039135,272.6736019251123,53405.155661848075,2.2981,450.1
1977.19,29.97,0.0,39251494,1459866,2043079,272.6736019251123,53405.155661848075,2.2981,450.1
1982.62,29.97,0.0,39252609,1460234,2037270,273.16876031252355,53502.13611969317,2.2981,450.1
1977.19,29.98,0.0,39253127,1460176,2035995,272.66460665569247,53403.39387134032,2.2981,450.1
1977.19,29.98,0.0,39253203,1459878,2040604,272.66460665569247,53403.39387134032,2.2981,450.1
1977.19,29.98,0.0,39249819,1459846,2043536,272.66460665569247,53403.39387134032,2.2981,450.1
1977.19,29.99,0.0,39248927,1459750,2040537,272.6556119797455,53401.632197068655,2.2981,450.1
1977.19,29.99,0.0,39250864,1459949,2040697,272.6556119797455,53401.632197068655,2.2981,450.1
1982.62,29.99,0.0,39260828,1460376,2040697,273.15073769852927,53498.60625651976,2.2981,450.1
1977.19,29.99,0.0,39259913,1460378,2042648,272.6556119797455,53401.632197068655,2.2981,450.1
1977.19,30.0,0.0,39264092,1460593,2043453,272.64661789721276,53399.870639021574,2.2981,450.1
1977.19,30.0,0.0,39259392,1460260,2043453,272.64661789721276,53399.870639021574,2.2981,450.1
1977.19,30.01,0.0,39266554,1460553,2042486,272.63762440803555,53398.1091971876,2.2981,450.1
1977.19,30.01,0.0,39273037,1460812,2044040,272.63762440803555,53398.1091971876,2.2981,450.1
1977.19,30.02,0.0,39270355,1460834,2039934,272.6286315121551,53396.347871555205,2.2981,450.1
1971.76,30.02,0.0,39270355,1460511,2047964,272.1335547882308,53299.383408112226,2.2981,450.1
1977.19,30.02,0.0,39273173,1460981,2046122,272.6286315121551,53396.347871555205,2.2981,450.1
1977.19,30.02,0.0,39272432,1460805,2043354,272.6286315121551,53396.347871555205,2.2981,450.1
1977.19,30.03,0.0,39271361,1460770,2044332,272.6196392095127,53394.58666211291,2.2981,450.1
1982.62,30.03,0.0,39274599,1460847,2045575,273.1146996039718,53491.54792730853,2.2981,450.1
1982.62,30.04,0.0,39276554,1460793,2040453,273.10569156612075,53489.783636008426,2.2981,450.1
1977.19,30.04,0.0,39273892,1460793,2040453,272.6106475000496,53392.8255688492,2.2981,450.1
1977.19,30.05,0.0,39278941,1461163,2045806,272.6016563837073,53391.064591752605,2.2981,450.1
1977.19,30.05,0.0,39278941,1461037,2047624,272.6016563837073,53391.064591752605,2.2981,450.1
1950.04,30.06,0.0,39283262,1461294,2045773,270.11760879779524,52904.54537221516,2.2981,450.1
1928.32,30.07,0.0,39288459,1461439,2048416,268.12872014382646,52515.006717173455,2.2981,450.1
1912.02,30.07,0.0,39288459,1461590,2047400,266.6428232885559,52223.98275191638,2.2981,450.1
1901.16,30.08,0.0,39283375,1461223,2046839,265.64407234367224,52028.3699412066,2.2981,450.1
1874.01,30.08,0.0,39282965,1461223,2050808,263.1691785272274,51543.64355559161,2.2981,450.1
1835.99,30.09,0.0,39299479,1462031,2049243,259.6948513348753,50863.17070006849,2.2981,450.1
1808.84,30.1,0.0,39313591,1462717,2049243,257.21155702168846,50376.79901460424,2.2981,450.1
1711.09,30.11,0.0,39313591,1464179,2056096,248.29342764126577,48630.11695806698,2.2981,450.1
1667.64,30.11,0.0,39366472,1465548,2054530,244.3330777882826,47854.45294482661,2.2981,450.1
1580.75,30.12,0.0,39366472,1466780,2054530,236.40549408290303,46301.77663579247,2.2981,450.1
1526.45,30.14,0.0,39391490,1466586,2057042,231.4410962662828,45329.46235127013,2.2981,450.1
1483.0,30.14,0.0,39402515,1467102,2054171,227.4811381522148,44553.87506301375,2.2981,450.1
1428.7,30.17,0.0,39415657,1467787,2051617,222.5103200786764,43580.30332335941,2.2981,450.1
1510.16,30.18,0.0,39415509,1467627,2056879,229.92612948084457,45032.74482369268,2.2981,450.1
1531.88,30.19,0.0,39362747,1464775,2052135,231.89774674290572,45418.90074800134,2.2981,450.1
1580.75,30.22,0.0,39392870,1465820,2055685,236.32756762541456,46286.51415873944,2.2981,450.1
1640.49,30.22,0.0,39413862,1466592,2055685,241.77073249864532,47352.59853689581,2.2981,450.1
1694.8,30.26,0.0,39436159,1467172,2059477,246.68662086059769,48315.41188344938,2.2981,450.1
1716.52,30.29,0.0,39445052,1467521,2061531,248.64077668363555,48698.14785488202,2.2981,450.1
1754.53,30.31,0.0,39457474,1468085,2065593,252.08661487387835,49373.04092717144,2.2981,450.1
1792.55,30.33,0.0,39461984,1468027,2065133,255.53290969965303,50048.02343493053,2.2981,450.1
1814.27,30.35,0.0,39461984,1468311,2065686,257.4942243071471,50432.16150761365,2.2981,450.1
1825.13,30.36,0.0,39480358,1469197,2067678,258.4747846792638,50624.21155917351,2.2981,450.1
1857.72,30.36,0.0,39479294,1468753,2070556,261.44282815602395,51205.52497847195,2.2981,450.1
1879.44,30.36,0.0,39475464,1468751,2068499,263.4209166590994,51592.94834352755,2.2981,450.1
1912.02,30.36,0.0,39475464,1468648,2069332,266.3880494137126,52174.083391110944,2.2981,450.1
1939.18,30.35,0.0,39462573,1468215,2069620,268.87042946555283,52660.27601168153,2.2981,450.1
1955.47,30.35,0.0,39451058,1467527,2069503,270.3540447247829,52950.85310936199,2.2981,450.1
1971.76,30.35,0.0,39447310,1467468,2070284,271.837659984013,53241.43020704245,2.2981,450.1
1960.9,30.35,0.0,39444291,1467468,2070284,270.8485831445263,53047.71214192215,2.2981,450.1
1966.33,30.34,0.0,39450862,1467671,2068829,271.3520623241485,53146.3222888905,2.2981,450.1
1977.19,30.33,0.0,39438357,1466958,2068829,272.3501456950707,53341.8043502682,2.2981,450.1
2015.21,30.33,0.0,39417495,1466287,2069279,275.8130535836419,54020.04065010105,2.2981,450.1
2042.36,30.31,0.0,39413534,1465971,2067819,278.30424950083756,54507.95992355728,2.2981,450.1
2069.51,30.3,0.0,39413619,1465977,2067735,280.7865203673907,54994.13115937626,2.2981,450.1
2080.37,30.29,0.0,39406810,1465820,2066750,281.7850462241924,55189.69988490885,2.2981,450.1
2085.8,30.28,0.0,39408298,1465559,2067164,282.28898538925307,55288.40012345104,2.2981,450.1
2112.96,30.27,0.0,39409747,1465813,2065650,284.7725440046813,55774.82357447765,2.2981,450.1
2161.83,30.27,0.0,39404875,1465793,2064884,289.2245632965177,56646.784709004234,2.2981,450.1
2194.42,30.26,0.0,39392921,1464977,2065250,292.20311746831305,57230.15672620326,2.2981,450.1
2237.86,30.24,0.0,39387022,1464270,2065064,296.18012180427087,58009.08264396778,2.2981,450.1
2243.29,30.23,0.0,39394899,1464889,2064772,296.6846185133821,58107.89208166454,2.2981,450.1
2221.57,30.21,0.0,39386283,1465359,2062065,294.7251118243058,57724.10810326794,2.2981,450.1
2167.26,30.2,0.0,39386283,1465046,2062952,289.7860867177238,56756.76325296875,2.2981,450.1
2112.96,30.16,0.0,39379613,1465894,2059451,284.87582111338367,55795.05116536878,2.2981,450.1
2096.67,30.12,0.0,39363957,1465508,2059124,283.4286545676265,55511.612819672206,2.2981,450.1
2058.65,30.09,0.0,39354799,1464883,2057596,279.99104598568954,54838.331577459154,2.2981,450.1
2047.79,30.06,0.0,39338266,1464441,2052251,279.02872584649674,54649.854011360774,2.2981,450.1
2042.36,30.02,0.0,39332007,1464388,2053131,278.57046394275216,54560.10000462676,2.2981,450.1
2036.93,30.02,0.0,39331773,1464197,2050620,278.0753872188279,54463.13554118379,2.2981,450.1
2031.5,29.98,0.0,39328804,1464064,2050070,277.616939045096,54373.34505208552,2.2981,450.1
2026.07,29.98,0.0,39321289,1463856,2048667,277.1217969925373,54276.36779354296,2.2981,450.1
2004.34,29.92,0.0,39319321,1463798,2046286,275.1947875655809,53898.94864595448,2.2981,450.1
1977.19,29.91,0.0,39319802,1463943,2045659,272.72758600785335,53415.728846497026,2.2981,450.1
1971.76,29.87,0.0,39305615,1463390,2043505,272.2682654780145,53325.76749995837,2.2981,450.1
1955.47,29.83,0.0,39299504,1463121,2041820,270.8180492902885,53041.73185917013,2.2981,450.1
1950.04,29.82,0.0,39303465,1463317,2041820,270.3315845251329,52946.45411198918,2.2981,450.1
1950.04,29.8,0.0,39304288,1463539,2039988,270.3494311390642,52949.94950423951,2.2981,450.1
1895.73,29.79,0.0,39299756,1463134,2039046,265.4029169022895,51981.13785201712,2.2981,450.1
1857.72,29.76,0.0,39312328,1464075,2039019,261.9606905471421,51306.95218453013,2.2981,450.1
1797.98,29.75,0.0,39300615,1463833,2037723,256.51772811503076,50240.90745597466,2.2981,450.1
1770.83,29.74,0.0,39307359,1463997,2037778,254.04852518763337,49757.29567336225,2.2981,450.1
1732.81,29.74,0.0,39297271,1463997,2037778,250.57887189428072,49077.73823576684,2.2981,450.1
1727.38,29.72,0.0,39319931,1464759,2037406,250.0998517438722,48983.91857182755,2.2981,450.1
1678.51,29.71,0.0,39329806,1465227,2034939,245.64785843009184,48111.9625252967,2.2981,450.1
1651.35,29.71,0.0,39354403,1466579,2032757,243.1690283923207,47626.46520142011,2.2981,450.1
1602.48,29.71,0.0,39384763,1468264,2036646,238.70877714247263,46752.89177660978,2.2981,450.1
1586.18,29.71,0.0,39388239,1468173,2039380,237.22111404911223,46461.521880468834,2.2981,450.1
1564.46,29.71,0.0,39394146,1468532,2035684,235.23878016029084,46073.26702499758,2.2981,450.1
1559.03,29.71,0.0,39400910,1468910,2032596,234.7431966880855,45976.20331112976,2.2981,450.1
1521.02,29.71,0.0,39400910,1470750,2037502,231.27411238264813,45296.75731405506,2.2981,450.1
1510.16,29.71,0.0,39400910,1470750,2037567,230.28294543823745,45102.62988631943,2.2981,450.1
1510.16,29.72,0.0,39466195,1471966,2037455,230.27534207886083,45101.14071175984,2.2981,450.1
1483.0,29.72,0.0,39466195,1472724,2037455,227.7965938857768,44615.65941777475,2.2981,450.1
1515.59,29.73,0.0,39466195,1473818,2037455,230.76328996901972,45196.70894001819,2.2981,450.1
1586.18,29.74,0.0,39499389,1473476,2037455,237.1976182802804,46456.9200591594,2.2981,450.1
1629.63,29.74,0.0,39507793,1473218,2037968,241.16280596034795,47233.53159686377,2.2981,450.1
1732.81,29.75,0.0,39507793,1473825,2040339,250.5705992342644,49076.117973692366,2.2981,450.1
1749.1,29.78,0.0,39539481,1474549,2043334,252.03219139482732,49362.38168348279,2.2981,450.1
1825.13,29.79,0.0,39556883,1475350,2044326,258.96112067737295,50719.46408636943,2.2981,450.1
1874.01,29.79,0.0,39564550,1475467,2046713,263.4211065056155,51592.9855263816,2.2981,450.1
1890.3,29.79,0.0,39573790,1476325,2046713,264.907464303121,51884.099770608234,2.2981,450.1
1912.02,29.85,0.0,39573790,1476661,2049219,266.8364253384684,52261.901155234606,2.2981,450.1
1960.9,29.86,0.0,39573790,1477230,2048978,271.28657464890176,53133.4960399768,2.2981,450.1
2026.07,29.88,0.0,39605786,1476974,2051042,277.21324727699516,54294.279012826046,2.2981,450.1
2047.79,29.91,0.0,39620692,1476974,2051042,279.1668315314336,54676.903038291755,2.2981,450.1
2020.64,29.92,0.0,39620692,1478395,2052418,276.6814198434545,54190.11664920538,2.2981,450.1
1977.19,29.94,0.0,39658887,1479921,2056254,272.7005912947971,53410.44173090301,2.2981,450.1
1971.76,29.94,0.0,39661767,1480226,2054527,272.2053838963606,53313.45167388362,2.2981,450.1
1971.76,29.94,0.0,39652074,1479681,2056035,272.2053838963606,53313.45167388362,2.2981,450.1
2026.07,29.94,0.0,39645530,1479294,2055194,277.15836986488455,54283.53086296703,2.2981,450.1
2031.5,29.94,0.0,39637827,1478497,2054270,277.653577263321,54380.52091998642,2.2981,450.1
2009.78,29.94,0.0,39631849,1478173,2052638,275.67274766957513,53992.56069190887,2.2981,450.1
2004.34,29.95,0.0,39645613,1478941,2052638,275.1675495463563,53893.61387703537,2.2981,450.1
2004.34,29.95,0.0,39660322,1478941,2052638,275.1675495463563,53893.61387703537,2.2981,450.1
2004.34,29.95,0.0,39673768,1480572,2056258,275.1675495463563,53893.61387703537,2.2981,450.1
2004.34,29.95,0.0,39673768,1481098,2055202,275.1675495463563,53893.61387703537,2.2981,450.1
1998.91,29.94,0.0,39690960,1481544,2054572,274.681420888543,53798.401958980554,2.2981,450.1
2004.34,29.94,0.0,39699749,1481905,2051038,275.17662828697945,53895.39201599994,2.2981,450.1
1998.91,29.94,0.0,39703399,1481905,2054391,274.681420888543,53798.401958980554,2.2981,450.1
1998.91,29.93,0.0,39711713,1482495,2054469,274.6904838891002,53800.17701513599,2.2981,450.1
2004.34,29.93,0.0,39711713,1483332,2054201,275.18570762670123,53897.170272302435,2.2981,450.1
1998.91,29.93,0.0,39726055,1483440,2050807,274.6904838891002,53800.17701513599,2.2981,450.1
1998.91,29.93,0.0,39738049,1483440,2050807,274.6904838891002,53800.17701513599,2.2981,450.1
1998.91,29.93,0.0,39745017,1483440,2054516,274.6904838891002,53800.17701513599,2.2981,450.1
1998.91,29.93,0.0,39749738,1484740,2052973,274.6904838891002,53800.17701513599,2.2981,450.1
1998.91,29.92,0.0,39752664,1484742,2052907,274.6995474877371,53801.95218842979,2.2981,450.1
1993.48,29.92,0.0,39752664,1484742,2053208,274.2043074098934,53704.9557309051,2.2981,450.1
2004.34,29.92,0.0,39766389,1485581,2053208,275.1947875655809,53898.94864595448,2.2981,450.1
2004.34,29.91,0.0,39766556,1485480,2053208,275.2038681036778,53900.72713696767,2.2981,450.1
1988.05,29.91,0.0,39766556,1485643,2053208,273.7180988461832,53609.728162685285,2.2981,450.1
2004.34,29.91,0.0,39782013,1485643,2052033,275.2038681036778,53900.72713696767,2.2981,450.1
2004.34,29.91,0.0,39778579,1486073,2053056,275.2038681036778,53900.72713696767,2.2981,450.1
1998.91,29.9,0.0,39780021,1486105,2050878,274.71767647948684,53805.502886478855,2.2981,450.1
1993.48,29.9,0.0,39782236,1486206,2049358,274.2224037179224,53708.50002760406,2.2981,450.1
1988.05,29.9,0.0,39788837,1486562,2052340,273.72713095635794,53611.497168729264,2.2981,450.1
1998.91,29.9,0.0,39788899,1486659,2049182,274.71767647948684,53805.502886478855,2.2981,450.1
1998.91,29.89,0.0,39784860,1486659,2049141,274.72674187271815,53807.27841125732,2.2981,450.1
1988.05,29.89,0.0,39789073,1486730,2047671,273.7361636626329,53613.266291523905,2.2981,450.1
1998.91,29.89,0.0,39792671,1486730,2047671,274.72674187271815,53807.27841125732,2.2981,450.1
1993.48,29.89,0.0,39790007,1486870,2045777,274.2314527676755,53710.27235139061,2.2981,450.1
2004.34,29.89,0.0,39795810,1487200,2046535,275.2220309777607,53904.284471124025,2.2981,450.1
1993.48,29.89,0.0,39797550,1487200,2047160,274.2314527676755,53710.27235139061,2.2981,450.1
2004.34,29.89,0.0,39804875,1487819,2046184,275.2220309777607,53904.284471124025,2.2981,450.1
2009.78,29.89,0.0,39803726,1487490,2046405,275.71823221743506,54001.46917935144,2.2981,450.1
1993.48,29.89,0.0,39800552,1487421,2046405,274.2314527676755,53710.27235139061,2.2981,450.1
1993.48,29.89,0.0,39804921,1487610,2044885,274.2314527676755,53710.27235139061,2.2981,450.1
2009.78,29.89,0.0,39806403,1487634,2045759,275.71823221743506,54001.46917935144,2.2981,450.1
2004.34,29.89,0.0,39802252,1487238,2044790,275.2220309777607,53904.284471124025,2.2981,450.1
1993.48,29.89,0.0,39806654,1487644,2042754,274.2314527676755,53710.27235139061,2.2981,450.1
1993.48,29.89,0.0,39807796,1487644,2042380,274.2314527676755,53710.27235139061,2.2981,450.1
1998.91,29.89,0.0,39807796,1487661,2043902,274.72674187271815,53807.27841125732,2.2981,450.1
2009.78,29.89,0.0,39806901,1487709,2043902,275.71823221743506,54001.46917935144,2.2981,450.1
1988.05,29.89,0.0,39808442,1487709,2043496,273.7361636626329,53613.266291523905,2.2981,450.1
1993.48,29.89,0.0,39799952,1487408,2046255,274.2314527676755,53710.27235139061,2.2981,450.1
1993.48,29.89,0.0,39799384,1487529,2040290,274.2314527676755,53710.27235139061,2.2981,450.1
2004.34,29.9,0.0,39801853,1487383,2040290,275.2129492410513,53902.50574535364,2.2981,450.1
1993.48,29.9,0.0,39803563,1487544,2040045,274.2224037179224,53708.50002760406,2.2981,450.1
1993.48,29.9,0.0,39806038,1487602,2042708,274.2224037179224,53708.50002760406,2.2981,450.1
1998.91,29.91,0.0,39804379,1487424,2042927,274.7086116845129,53803.72747887354,2.2981,450.1
1998.91,29.91,0.0,39805735,1487555,2039398,274.7086116845129,53803.72747887354,2.2981,450.1
1982.62,29.91,0.0,39805735,1487538,2041705,273.2228424270183,53512.72850459116,2.2981,450.1
1998.91,29.92,0.0,39810032,1487706,2040247,274.6995474877371,53801.95218842979,2.2981,450.1
2004.34,29.92,0.0,39808196,1487599,2041200,275.1947875655809,53898.94864595448,2.2981,450.1
2009.78,29.92,0.0,39808276,1487689,2038725,275.6909396877669,53996.123734156,2.2981,450.1
2009.78,29.93,0.0,39813282,1487784,2043978,275.6818433785519,53994.34215425187,2.2981,450.1
1993.48,29.93,0.0,39817381,1487784,2043978,274.1952601514992,53703.18375796954,2.2981,450.1
1993.48,29.94,0.0,39828898,1488769,2045233,274.1862134901065,53701.41190196117,2.2981,450.1
2009.78,29.95,0.0,39828898,1488124,2042483,275.66365256077705,53990.779347115335,2.2981,450.1
2004.34,29.95,0.0,39821568,1488046,2043190,275.1675495463563,53893.61387703537,2.2981,450.1
2004.34,29.96,0.0,39821427,1488086,2046476,275.15847140477257,53891.835855397134,2.2981,450.1
2004.34,29.96,0.0,39825161,1488351,2040588,275.15847140477257,53891.835855397134,2.2981,450.1
2004.34,29.96,0.0,39827000,1488398,2042791,275.15847140477257,53891.835855397134,2.2981,450.1
1998.91,29.97,0.0,39832228,1488766,2041893,274.65423547475746,53793.07749322847,2.2981,450.1
2004.34,29.97,0.0,39834891,1488720,2043081,275.1493938621687,53890.05795107357,2.2981,450.1
2004.34,29.97,0.0,39831694,1488648,2045046,275.1493938621687,53890.05795107357,2.2981,450.1
2004.34,29.97,0.0,39828994,1488522,2042223,275.1493938621687,53890.05795107357,2.2981,450.1
2009.78,29.97,0.0,39831587,1488622,2043340,275.6454641434795,53987.21701013017,2.2981,450.1
2004.34,29.98,0.0,39831587,1488622,2047205,275.1403169184858,53888.28016405312,2.2981,450.1
2009.78,29.99,0.0,39833144,1488685,2043966,275.62727812618436,53983.65514320334,2.2981,450.1
1998.91,29.99,0.0,39833144,1488873,2044181,274.63611485488053,53789.52843487305,2.2981,450.1
1998.91,30.0,0.0,39837273,1488873,2044181,274.62705544155864,53787.75408130436,2.2981,450.1
1988.05,30.0,0.0,39837273,1488404,2044181,273.6368366693857,53593.81236016296,2.2981,450.1
1988.05,30.0,0.0,39836280,1488524,2047602,273.6368366693857,53593.81236016296,2.2981,450.1
1988.05,30.0,0.0,39840452,1488555,2044103,273.6368366693857,53593.81236016296,2.2981,450.1
1993.48,30.01,0.0,39830129,1488475,2043298,274.12290357143553,53689.01218289158,2.2981,450.1
1998.91,30.01,0.0,39827765,1488412,2043288,274.61799662590215,53785.979844792906,2.2981,450.1
1988.05,30.01,0.0,39827765,1488457,2043288,273.62781051696885,53592.044520990254,2.2981,450.1
1993.48,30.02,0.0,39836201,1488381,2047975,274.1138616839278,53687.24126188412,2.2981,450.1
1998.91,30.02,0.0,39825781,1488009,2042942,274.608938407852,53784.2057253271,2.2981,450.1
2009.78,30.03,0.0,39830379,1488107,2043594,275.59091328970095,53976.53281915252,2.2981,450.1
2004.34,30.05,0.0,39818754,1487087,2044940,275.07679507750856,53875.83893842158,2.2981,450.1
1993.48,30.06,0.0,39818754,1487043,2044940,274.0777000980059,53680.158745969486,2.2981,450.1
1993.48,30.07,0.0,39818754,1484827,2042219,274.0686611922577,53678.38840896184,2.2981,450.1
1993.48,30.09,0.0,39750482,1483902,2040990,274.05058516922696,53674.84808523087,2.2981,450.1
1993.48,30.11,0.0,39750482,1482550,2040723,274.03251153042396,53671.30822846867,2.2981,450.1
1993.48,30.13,0.0,39715845,1481680,2040723,274.0144402753771,53667.76883858286,2.2981,450.1
1988.05,30.14,0.0,39714748,1481788,2037215,273.51052470020204,53569.07322029544,2.2981,450.1
1988.05,30.15,0.0,39727651,1482249,2040338,273.50150687874805,53567.30701280384,2.2981,450.1
1988.05,30.16,0.0,39716440,1481764,2040181,273.49248965192135,53565.54092177442,2.2981,450.1
1988.05,30.17,0.0,39703955,1481014,2039384,273.4834730196633,53563.774947195714,2.2981,450.1
2026.07,30.19,0.0,39703955,1480326,2042836,276.9299476572422,54238.79267243581,2.2981,450.1
2053.22,30.22,0.0,39696414,1480017,2042836,279.376313987238,54717.93173737254,2.2981,450.1
2020.64,30.23,0.0,39719841,1481080,2041463,276.39870100849015,54134.74405984137,2.2981,450.1
2015.21,30.27,0.0,39745218,1482287,2041463,275.86759442872466,54030.72288080109,2.2981,450.1
2015.21,30.28,0.0,39710525,1480540,2042993,275.85850278998,54028.942215643365,2.2981,450.1
2015.21,30.28,0.0,39711098,1480359,2043951,275.85850278998,54028.942215643365,2.2981,450.1
2015.21,30.3,0.0,39711098,1479504,2043624,275.8403213101454,54025.38123741197,2.2981,450.1
2009.78,30.32,0.0,39688260,1479110,2043624,275.32755491867897,53924.95212083784,2.2981,450.1
2015.21,30.33,0.0,39688260,1479631,2043487,275.8130535836419,54020.04065010105,2.2981,450.1
2015.21,30.35,0.0,39715535,1480462,2034285,275.79487809411404,54016.48084511586,2.2981,450.1
2015.21,30.36,0.0,39715535,1479573,2044221,275.78579124761495,54014.70111855512,2.2981,450.1
2015.21,30.38,0.0,39690189,1478991,2044221,275.76761935085045,54011.14201723937,2.2981,450.1
2009.78,30.39,0.0,39690189,1479413,2046030,275.2640610501796,53912.5163738244,2.2981,450.1
2009.78,30.41,0.0,39681147,1478068,2045067,275.2459253234006,53908.964356669705,2.2981,450.1
2009.78,30.44,0.0,39692897,1478566,2047063,275.2187262135496,53903.637208441185,2.2981,450.1
2015.21,30.44,0.0,39691452,1478302,2047430,275.71311802616566,54000.4675269036,2.2981,450.1
2009.78,30.47,0.0,39679849,1477882,2047015,275.1915324786625,53898.31111293939,2.2981,450.1
2015.21,30.47,0.0,39681897,1478181,2036574,275.6858754415507,53995.1318638188,2.2981,450.1
2009.78,30.48,0.0,39683210,1478104,2049142,275.1824690945279,53896.53598165747,2.2981,450.1
2009.78,30.49,0.0,39687461,1478104,2055014,275.17340630737556,53894.76096729896,2.2981,450.1
2015.21,30.49,0.0,39695060,1478285,2049280,275.6677167091412,53991.57534084003,2.2981,450.1
2009.78,30.52,0.0,39691878,1477806,2061513,275.14622152722205,53889.436625648435,2.2981,450.1
2009.78,30.53,0.0,39682158,1477806,2061513,275.1371611274089,53887.66207886809,2.2981,450.1
2015.21,30.55,0.0,39677448,1477347,2045847,275.6132548619151,53980.90858245856,2.2981,450.1
2009.78,30.56,0.0,39697245,1478204,2052651,275.1099835078579,53882.339139674885,2.2981,450.1
2009.78,30.57,0.0,39685492,1477308,2052651,275.1009254944407,53880.565060287954,2.2981,450.1
2009.78,30.59,0.0,39685492,1477693,2049526,275.0828112569024,53877.01725196109,2.2981,450.1
2009.78,30.61,0.0,39707532,1478280,2049526,275.0646994046995,53873.46991081992,2.2981,450.1
2015.21,30.61,0.0,39699790,1477586,2061393,275.5588145297723,53970.246037966375,2.2981,450.1
2009.78,30.64,0.0,39702014,1477586,2055754,275.03753609786867,53868.14977487955,2.2981,450.1
2009.78,30.66,0.0,39716152,1478424,2058371,275.01943020694347,53864.60360129902,2.2981,450.1
2009.78,30.67,0.0,39716152,1478424,2059369,275.010378155393,53862.8306895881,2.2981,450.1
2015.21,30.68,0.0,39721459,1478324,2071132,275.4953279846086,53957.81172528278,2.2981,450.1
2009.78,30.68,0.0,39719657,1478395,2060893,275.0013266997055,53861.057894581376,2.2981,450.1
2009.78,30.71,0.0,39709882,1477422,2073436,274.974175907232,53855.740209671094,2.2981,450.1
2009.78,30.74,0.0,39708869,1477654,2060797,274.94703047540725,53850.423574683795,2.2981,450.1
2009.78,30.75,0.0,39724424,1478458,2061093,274.93798318911325,53848.651596283846,2.2981,450.1
2004.34,30.76,0.0,39733395,1478580,2074985,274.43415572867167,53749.97323592321,2.2981,450.1
2004.34,30.77,0.0,39735409,1478785,2063976,274.4251259130712,53748.204679288705,2.2981,450.1
2004.34,30.79,0.0,39740149,1478755,2063976,274.4070680644226,53744.66791514582,2.2981,450.1
2009.78,30.81,0.0,39743980,1478700,2065461,274.88371197253423,53838.02217433431,2.2981,450.1
2009.78,30.83,0.0,39738477,1478758,2067732,274.8656263279542,53834.47996615126,2.2981,450.1
2009.78,30.84,0.0,39747534,1478925,2067592,274.85658439807736,53832.70903684549,2.2981,450.1
2009.78,30.86,0.0,39748387,1479043,2064342,274.83850232285624,53829.167527747966,2.2981,450.1
2009.78,30.88,0.0,39746812,1478764,2069128,274.82042262662077,53825.6264845925,2.2981,450.1
2009.78,30.89,0.0,39746812,1478180,2069967,274.811383670476,53823.85613771431,2.2981,450.1
2009.78,30.93,0.0,39746567,1478500,2069967,274.77523379101393,53816.775914597005,2.2981,450.1
2009.78,30.94,0.0,39746196,1478662,2059412,274.76619780713446,53815.00614985912,2.2981,450.1
2009.78,30.95,0.0,39742445,1478112,2071077,274.75716241753213,53813.236501514824,2.2981,450.1
2004.34,30.96,0.0,39743372,1478479,2057259,274.2536722485305,53714.62420219468,2.2981,450.1
2004.34,30.96,0.0,39744899,1478013,2073254,274.2536722485305,53714.62420219468,2.2981,450.1
2009.78,31.0,0.0,39744775,1478137,2063971,274.7119943816259,53804.39000529561,2.2981,450.1
2009.78,31.01,0.0,39746059,1478137,2063971,274.70296255645553,53802.62105507187,2.2981,450.1
2009.78,31.04,0.0,39744724,1477595,2066820,274.6758706439117,53797.31490223432,2.2981,450.1
2009.78,31.05,0.0,39751456,1477970,2066820,274.66684119385775,53795.5464171948,2.2981,450.1
2009.78,31.08,0.0,39756833,1477981,2074627,274.6397564052576,53790.24165963468,2.2981,450.1
2009.78,31.09,0.0,39759649,1478116,2074627,274.63072932938314,53788.47363959591,2.2981,450.1
2009.78,31.11,0.0,39760245,1477735,2074627,274.6126769577714,53784.93794817149,2.2981,450.1
2009.78,31.12,0.0,39766856,1477988,2082852,274.6036516619171,53783.17027676294,2.2981,450.1
2009.78,31.14,0.0,39763257,1477675,2082515,274.58560284981934,53779.635282495845,2.2981,450.1
2009.78,31.16,0.0,39763115,1477686,2082515,274.5675564101459,53776.10075288574,2.2981,450.1
2009.78,31.18,0.0,39770634,1477543,2085499,274.5495123424293,53772.56668784102,2.2981,450.1
2004.34,31.2,0.0,39756525,1476638,2095862,274.03740518317926,53672.266686806055,2.2981,450.1
2004.34,31.22,0.0,39763643,1477239,2087596,274.01939832276696,53668.739909089,2.2981,450.1
2004.34,31.24,0.0,39769246,1477230,2100040,274.00139382864285,53665.2135948271,2.2981,450.1
2009.78,31.24,0.0,39763743,1477078,2090081,274.4953943663442,53761.967279183475,2.2981,450.1
2004.34,31.24,0.0,39762631,1476868,2089375,274.00139382864285,53665.2135948271,2.2981,450.1
2004.34,31.28,0.0,39765631,1476883,2105160,273.9653919373932,53658.162356303335,2.2981,450.1
2009.78,31.29,0.0,39774540,1477395,2091117,274.4503123478239,53753.1376301099,2.2981,450.1
2009.78,31.3,0.0,39766063,1476753,2100317,274.44129772104293,53751.3720483188,2.2981,450.1
2009.78,31.31,0.0,39772132,1476753,2093724,274.4322836864334,53749.606582508895,2.2981,450.1
2009.78,31.32,0.0,39774288,1476999,2093899,274.4232702439371,53747.84123266877,2.2981,450.1
2004.34,31.33,0.0,39766643,1476455,2100252,273.92040287539606,53649.350913457114,2.2981,450.1
2009.78,31.34,0.0,39766643,1476454,2100252,274.4052451350505,53744.310880852114,2.2981,450.1
2009.78,31.37,0.0,39766643,1476547,2095850,274.378211911111,53739.0162226148,2.2981,450.1
2004.34,31.39,0.0,39769793,1476589,2095850,273.8664355010856,53638.78100127873,2.2981,450.1
2004.34,31.4,0.0,39776880,1476589,2095850,273.8574430060765,53637.01975415998,2.2981,450.1
2009.78,31.42,0.0,39768361,1475923,2110764,274.333168372366,53730.1941100918,2.2981,450.1
2009.78,31.44,0.0,39759611,1476050,2110764,274.3151550975788,53726.66607607163,2.2981,450.1
2004.34,31.45,0.0,39755193,1475520,2098375,273.8124893877236,53628.21525321544,2.2981,450.1
2004.34,31.47,0.0,39764291,1475518,2116202,273.79451207242005,53624.69426212797,2.2981,450.1
2004.34,31.48,0.0,39764171,1475875,2100630,273.78552429997245,53622.93393995806,2.2981,450.1
2004.34,31.49,0.0,39765421,1475964,2101060,273.7765371175834,53621.173733355514,2.2981,450.1
2004.34,31.49,0.0,39765177,1475964,2102237,273.7765371175834,53621.173733355514,2.2981,450.1
2004.34,31.52,0.0,39761983,1475743,2102237,273.74957911018674,53615.89380683829,2.2981,450.1
2009.78,31.53,0.0,39765823,1475508,2110109,274.23412462639993,53710.79565482034,2.2981,450.1
2004.34,31.54,0.0,39768494,1475508,2110109,273.7316100544835,53612.37443345505,2.2981,450.1
2004.34,31.55,0.0,39767207,1475624,2100592,273.7226264112261,53610.61492001779,2.2981,450.1
2004.34,31.57,0.0,39763218,1475303,2106047,273.70466089360923,53607.09623959511,2.2981,450.1
2009.78,31.6,0.0,39762541,1475107,2107676,274.171134015329,53698.45847452226,2.2981,450.1
2004.34,31.61,0.0,39760340,1475230,2107775,273.66873693234214,53600.06026423881,2.2981,450.1
2004.34,31.62,0.0,39759502,1475329,2093815,273.65975741542997,53598.30155897701,2.2981,450.1
2004.34,31.63,0.0,39758168,1474946,2093815,273.6507784877636,53596.54296912337,2.2981,450.1
2004.34,31.65,0.0,39761910,1475331,2093815,273.6328223999364,53593.026135595224,2.2981,450.1
2004.34,31.67,0.0,39761910,1474884,2093815,273.6148686683964,53589.50976356349,2.2981,450.1
2009.78,31.7,0.0,39758345,1474884,2093815,274.0811976092226,53680.84375958884,2.2981,450.1
2009.78,31.72,0.0,39750903,1474139,2113637,274.0632174079821,53677.32220326913,2.2981,450.1
2004.34,31.74,0.0,39752085,1474063,2125161,273.55204915707503,53577.20609442561,2.2981,450.1
2009.78,31.75,0.0,39764734,1474651,2114356,274.03625152893244,53672.04073503003,2.2981,450.1
2004.34,31.76,0.0,39764734,1473850,2132012,273.53410602309077,53573.69179800408,2.2981,450.1
2009.78,31.78,0.0,39764734,1473705,2132012,274.0092909558637,53666.76030600682,2.2981,450.1
2004.34,31.78,0.0,39764022,1474165,2119445,273.51616524284464,53570.17796257969,2.2981,450.1
2004.34,31.8,0.0,39765530,1474302,2120812,273.4982268158734,53566.66458806172,2.2981,450.1
2004.34,31.81,0.0,39765534,1474302,2120812,273.4892584847213,53564.908073614315,2.2981,450.1
2004.34,31.82,0.0,39761487,1473967,2120935,273.48029074171427,53563.15167435951,2.2981,450.1
2009.78,31.83,0.0,39764563,1473467,2135966,273.9643684542315,53657.96189950377,2.2981,450.1
2009.78,31.84,0.0,39767050,1474003,2122490,273.95538572140566,53656.20256438132,2.2981,450.1
2009.78,31.85,0.0,39765150,1474011,2123124,273.94640357761153,53654.443344625106,2.2981,450.1
2009.78,31.85,0.0,39767376,1473807,2139494,273.94640357761153,53654.443344625106,2.2981,450.1
2009.78,31.87,0.0,39770136,1474012,2125293,273.92844105688647,53650.925251166016,2.2981,450.1
2009.78,31.87,0.0,39766513,1473896,2125293,273.92844105688647,53650.925251166016,2.2981,450.1
2009.78,31.87,0.0,39770046,1473879,2125787,273.92844105688647,53650.925251166016,2.2981,450.1
2004.34,31.9,0.0,39769241,1473824,2126001,273.40856996394234,53549.1046258955,2.2981,450.1
2009.78,31.9,0.0,39759714,1473291,2126001,273.9015016920883,53645.64897594054,2.2981,450.1
2004.34,31.9,0.0,39763014,1473396,2137181,273.40856996394234,53549.1046258955,2.2981,450.1
2004.34,31.9,0.0,39769876,1473693,2129085,273.40856996394234,53549.1046258955,2.2981,450.1
2009.78,31.94,0.0,39772543,1473693,2130130,273.86559078033207,53638.61555642813,2.2981,450.1
2009.78,31.96,0.0,39771640,1473532,2131150,273.8476388554014,53635.09953823427,2.2981,450.1
2004.34,31.96,0.0,39775884,1473804,2131645,273.35480406247126,53538.57417367318,2.2981,450.1
2004.34,31.97,0.0,39770441,1473183,2127149,273.3458451347031,53536.81950094855,2.2981,450.1
2004.34,31.97,0.0,39763160,1472945,2132072,273.3458451347031,53536.81950094855,2.2981,450.1
2009.78,31.99,0.0,39771247,1473359,2121277,273.82071538038775,53629.82637514144,2.2981,450.1
2004.34,32.0,0.0,39767665,1473268,2117869,273.3189718744899,53531.55617279836,2.2981,450.1
2009.78,32.01,0.0,39772454,1473290,2117869,273.80276933795886,53626.311509079365,2.2981,450.1
2004.34,32.01,0.0,39776650,1473290,2126207,273.3100152952569,53529.80196005185,2.2981,450.1
2009.78,32.03,0.0,39776650,1473217,2136761,273.7848256477211,53622.79710371145,2.2981,450.1
2009.78,32.04,0.0,39774800,1472897,2147563,273.77585468452935,53621.04007375949,2.2981,450.1
2004.34,32.05,0.0,39769085,1472615,2138766,273.27419484764283,53522.7862586154,2.2981,450.1
2009.78,32.07,0.0,39766166,1472579,2150427,273.7489453219694,53615.76967469582,2.2981,450.1
2004.34,32.08,0.0,39776185,1473023,2138864,273.24733567310096,53517.52568924884,2.2981,450.1
2009.78,32.1,0.0,39771100,1472585,2153243,273.7220412487191,53610.50031158283,2.2981,450.1
2004.34,32.11,0.0,39771253,1472620,2141317,273.2204817778307,53512.26615386694,2.2981,450.1
2009.78,32.12,0.0,39772122,1472451,2154551,273.70410813762084,53606.98797821816,2.2981,450.1
2004.34,32.13,0.0,39772122,1472478,2143176,273.20258211314405,53508.76037123108,2.2981,450.1
2009.78,32.14,0.0,39773967,1472518,2142243,273.6861773761719,53603.47610504982,2.2981,450.1
2004.34,32.15,0.0,39767314,1471842,2154356,273.1846847936476,53505.25504791819,2.2981,450.1
2004.34,32.17,0.0,39771714,1472144,2154356,273.1667898188805,53501.75018383801,2.2981,450.1
2004.34,32.18,0.0,39771714,1472296,2153852,273.15784321062654,53499.997923981995,2.2981,450.1
2004.34,32.19,0.0,39776211,1472304,2157056,273.14889718838214,53498.24577890031,2.2981,450.1
2004.34,32.19,0.0,39776441,1472355,2144807,273.14889718838214,53498.24577890031,2.2981,450.1
2004.34,32.19,0.0,39771000,1472125,2145930,273.14889718838214,53498.24577890031,2.2981,450.1
2004.34,32.2,0.0,39771822,1471941,2154728,273.13995175208976,53496.4937485817,2.2981,450.1
2009.78,32.21,0.0,39771822,1471615,2146086,273.62343820792347,53591.188171701135,2.2981,450.1
2009.78,32.22,0.0,39772207,1471857,2155756,273.614477817636,53589.433212531214,2.2981,450.1
2004.34,32.23,0.0,39773960,1471958,2148076,273.11311895834893,53491.23834609149,2.2981,450.1
2004.34,32.24,0.0,39775045,1471989,2148714,273.10417586528894,53489.48677471241,2.2981,450.1
2004.34,32.24,0.0,39775045,1471989,2157417,273.10417586528894,53489.48677471241,2.2981,450.1
2004.34,32.25,0.0,39774957,1472029,2148484,273.0952333578933,53487.735318040024,2.2981,450.1
2004.34,32.26,0.0,39780480,1472106,2151459,273.08629143610426,53485.98397606307,2.2981,450.1
2004.34,32.27,0.0,39781589,1472106,2151459,273.0773500998645,53484.2327487703,2.2981,450.1
2004.34,32.28,0.0,39777323,1472106,2153289,273.06840934911634,53482.48163615042,2.2981,450.1
2009.78,32.3,0.0,39773878,1471599,2153289,273.5428158165707,53575.397675922926,2.2981,450.1
2004.34,32.31,0.0,39776097,1471627,2154430,273.041590609247,53477.22898621562,2.2981,450.1
2004.34,32.32,0.0,39778792,1471744,2154898,273.03265219989066,53475.47833217476,2.2981,450.1
2004.34,32.33,0.0,39783193,1471731,2154920,273.0237143757385,53473.727792750506,2.2981,450.1
2009.78,32.33,0.0,39779997,1471475,2157147,273.51595224293413,53570.13624496091,2.2981,450.1
2004.34,32.35,0.0,39773447,1471286,2161891,273.005840482817,53470.227057706776,2.2981,450.1
2004.34,32.36,0.0,39769898,1470951,2156690,272.9969044139327,53468.47686206481,2.2981,450.1
2004.34,32.36,0.0,39786971,1470951,2156690,272.9969044139327,53468.47686206481,2.2981,450.1
2004.34,32.38,0.0,39786971,1472069,2168518,272.97903403103004,53464.97681448441,2.2981,450.1
2004.34,32.4,0.0,39788564,1471595,2160756,272.9611659875654,53461.47722510038,2.2981,450.1
2004.34,32.42,0.0,39788359,1471418,2168844,272.94330028307945,53457.97809382276,2.2981,450.1
2004.34,32.42,0.0,39788359,1471801,2163175,272.94330028307945,53457.97809382276,2.2981,450.1
2004.34,32.44,0.0,39788359,1471967,2163175,272.92543691711313,53454.479420561605,2.2981,450.1
2004.34,32.46,0.0,39794897,1471459,2163175,272.9075758892072,53450.981205227006,2.2981,450.1
2004.34,32.47,0.0,39794897,1471434,2166506,272.89864625188335,53449.23226925404,2.2981,450.1
2009.78,32.49,0.0,39787755,1470835,2166506,273.37276891497027,53542.09272382757,2.2981,450.1
2004.34,32.49,0.0,39791966,1471282,2167061,272.8807887302074,53445.73474064069,2.2981,450.1
2009.78,32.51,0.0,39789368,1470982,2168466,273.35488153887167,53538.589348003195,2.2981,450.1
2009.78,32.52,0.0,39787161,1470793,2167549,273.3459387286012,53536.83783201053,2.2981,450.1
2004.34,32.52,0.0,39787600,1470809,2168872,272.8540068292623,53440.489305883544,2.2981,450.1
2004.34,32.52,0.0,39790919,1470866,2169106,272.8540068292623,53440.489305883544,2.2981,450.1
2004.34,32.55,0.0,39792428,1470606,2171224,272.8272301848237,53435.244900652346,2.2981,450.1
2004.34,32.57,0.0,39789953,1470658,2171224,272.80938200804854,53431.749202307416,2.2981,450.1
2009.78,32.58,0.0,39793141,1470456,2171224,273.2922941522635,53526.33114221915,2.2981,450.1
2004.34,32.59,0.0,39789281,1470881,2173252,272.79153616635244,53428.2539613051,2.2981,450.1
2009.78,32.61,0.0,39789281,1470780,2173252,273.26547975919516,53521.07934363768,2.2981,450.1
2009.78,32.63,0.0,39794124,1470537,2186862,273.247606420209,53517.57871708633,2.2981,450.1
2009.78,32.63,0.0,39797112,1470431,2177158,273.247606420209,53517.57871708633,2.2981,450.1
2009.78,32.64,0.0,39802992,1470515,2191173,273.2386706274617,53515.82857552785,2.2981,450.1
2009.78,32.65,0.0,39801414,1470705,2177845,273.2297354191351,53514.0785484325,2.2981,450.1
2009.78,32.66,0.0,39800313,1470615,2180247,273.2208007951719,53512.32863578908,2.2981,450.1
2004.34,32.68,0.0,39804411,1470789,2180920,272.71125876304023,53412.53103400393,2.2981,450.1
2004.34,32.68,0.0,39806877,1470490,2193208,272.71125876304023,53412.53103400393,2.2981,450.1
2004.34,32.68,0.0,39811748,1470909,2181447,272.71125876304023,53412.53103400393,2.2981,450.1
2004.34,32.72,0.0,39811748,1470909,2181977,272.6755950812456,53405.54603632072,2.2981,450.1
2004.34,32.74,0.0,39806553,1470648,2182735,272.657766738045,53402.05422252908,2.2981,450.1
2009.78,32.75,0.0,39801382,1470154,2190494,273.1404154663992,53496.5845704827,2.2981,450.1
2004.34,32.75,0.0,39806987,1470683,2183945,272.64885344066886,53400.30848685656,2.2981,450.1
2004.34,32.76,0.0,39810046,1470610,2183945,272.63994072603253,53398.56286531798,2.2981,450.1
2009.78,32.77,0.0,39807591,1470371,2186508,273.1225584831705,53493.08714732825,2.2981,450.1
2009.78,32.78,0.0,39807591,1470371,2182350,273.1136308670988,53491.338607232574,2.2981,450.1
2004.34,32.8,0.0,39816292,1470741,2186608,272.60429569374276,53391.58152027921,2.2981,450.1
2004.34,32.81,0.0,39816012,1470657,2186407,272.5953858919486,53389.83646924245,2.2981,450.1
2009.78,32.81,0.0,39812229,1470620,2176348,273.0868515203671,53486.093672737145,2.2981,450.1
2009.78,32.82,0.0,39813837,1470361,2176348,273.07792623842704,53484.34558979854,2.2981,450.1
2004.34,32.83,0.0,39820635,1470882,2186779,272.57756803549444,53386.3467093582,2.2981,450.1
2004.34,32.84,0.0,39816304,1470443,2188723,272.56865998072027,53384.60200048832,2.2981,450.1
2009.78,32.86,0.0,39816304,1470400,2191413,273.0422309439937,53477.35440054462,2.2981,450.1
2009.78,32.88,0.0,39816315,1470176,2191413,273.02438679597265,53473.85949126118,2.2981,450.1
2004.34,32.89,0.0,39815862,1470211,2197870,272.5241284390949,53375.88016641427,2.2981,450.1
2004.34,32.89,0.0,39814913,1469987,2193313,272.5241284390949,53375.88016641427,2.2981,450.1
2004.34,32.9,0.0,39814913,1470479,2202720,272.5152238768195,53374.13614157629,2.2981,450.1
2004.34,32.91,0.0,39828254,1470526,2194169,272.5063198964275,53372.392230704514,2.2981,450.1
2004.34,32.93,0.0,39822556,1470267,2196377,272.48851368106574,53368.90475081489,2.2981,450.1
2004.34,32.95,0.0,39826196,1470304,2194495,272.4707097925534,53365.417726656065,2.2981,450.1
2004.34,32.96,0.0,39830287,1470268,2198157,272.4618087207233,53363.6743854478,2.2981,450.1
2004.34,32.97,0.0,39831590,1470424,2198157,272.45290823043445,53361.9311581387,2.2981,450.1
2009.78,32.98,0.0,39825298,1469851,2212372,272.9352010295349,53456.391794697214,2.2981,450.1
2009.78,32.98,0.0,39823376,1470014,2212372,272.9352010295349,53456.391794697214,2.2981,450.1
2004.34,32.99,0.0,39835037,1470014,2200264,272.43510899425297,53358.445045173525,2.2981,450.1
2004.34,33.02,0.0,39835037,1470320,2202280,272.4084145001163,53353.21672969077,2.2981,450.1
2004.34,33.03,0.0,39838002,1470382,2202930,272.39951749787906,53351.47418554257,2.2981,450.1
2009.78,33.05,0.0,39838002,1470502,2203967,272.872805653728,53444.171195658586,2.2981,450.1
2004.34,33.07,0.0,39849484,1470507,2208435,272.3639352997864,53344.505147049254,2.2981,450.1
2009.78,33.08,0.0,39842106,1470347,2204914,272.8460735106669,53438.93550635359,2.2981,450.1
2004.34,33.08,0.0,39842433,1470012,2204914,272.3550412026928,53342.76317189506,2.2981,450.1
2009.78,33.1,0.0,39846024,1470256,2204914,272.8282549915805,53435.445616687866,2.2981,450.1
2009.78,33.1,0.0,39842012,1470113,2204914,272.8282549915805,53435.445616687866,2.2981,450.1
2009.78,33.12,0.0,39844220,1470119,2204914,272.81043879965887,53431.9561828147,2.2981,450.1
2009.78,33.14,0.0,39851328,1470226,2210164,272.79262493444617,53428.46720464481,2.2981,450.1
2004.34,33.15,0.0,39851328,1470226,2219579,272.29279878387405,53330.57253062169,2.2981,450.1
2004.34,33.16,0.0,39853488,1470394,2212125,272.2839093320512,53328.83146527839,2.2981,450.1
2004.34,33.17,0.0,39854072,1470020,2212277,272.27502046063137,53327.09051361133,2.2981,450.1
2009.78,33.18,0.0,39845332,1469841,2214473,272.75700418232464,53421.49061505781,2.2981,450.1
2009.78,33.18,0.0,39853133,1470092,2215491,272.75700418232464,53421.49061505781,2.2981,450.1
2004.34,33.18,0.0,39853989,1470278,2210853,272.26613216955764,53325.34967560938,2.2981,450.1
2009.78,33.21,0.0,39853989,1470278,2216546,272.73029472245565,53416.25936842492,2.2981,450.1
2009.78,33.23,0.0,39855279,1469902,2204336,272.71249132179486,53412.772439815446,2.2981,450.1
2004.34,33.23,0.0,39857509,1469899,2204336,272.2216994173921,53316.64719018676,2.2981,450.1
2009.78,33.25,0.0,39860938,1469899,2217221,272.6946902453378,53409.28596641859,2.2981,450.1
2009.78,33.26,0.0,39866020,1470399,2219726,272.68579057854356,53407.54290039705,2.2981,450.1
2004.34,33.27,0.0,39866020,1469795,2220228,272.1861636560949,53309.687246685666,2.2981,450.1
2009.78,33.29,0.0,39860529,1469885,2218934,272.6590950632147,53402.3143849062,2.2981,450.1
2004.34,33.3,0.0,39866511,1469885,2227189,272.159517922991,53304.468481414326,2.2981,450.1
2009.78,33.33,0.0,39867164,1469983,2223423,272.6235091724469,53395.344623174955,2.2981,450.1
2009.78,33.33,0.0,39874789,1470160,2227705,272.6235091724469,53395.344623174955,2.2981,450.1
2009.78,33.33,0.0,39874789,1470160,2224674,272.6235091724469,53395.344623174955,2.2981,450.1
2009.78,33.33,0.0,39877605,1470268,2224674,272.6235091724469,53395.344623174955,2.2981,450.1
2004.34,33.37,0.0,39876627,1470068,2228537,272.0973648293769,53292.29533514754,2.2981,450.1
2009.78,33.38,0.0,39873761,1469894,2226119,272.57903986941415,53386.634978992784,2.2981,450.1
2004.34,33.39,0.0,39872519,1469730,2229864,272.0796120163783,53288.818314508455,2.2981,450.1
2009.78,33.4,0.0,39877965,1469982,2229864,272.56125620998705,53383.151916850955,2.2981,450.1
2009.78,33.4,0.0,39883403,1470273,2228045,272.56125620998705,53383.151916850955,2.2981,450.1
2004.34,33.43,0.0,39881617,1470273,2231605,272.04411333909775,53281.86563418821,2.2981,450.1
2004.34,33.44,0.0,39880474,1469924,2230946,272.03524011709646,53280.12774757631,2.2981,450.1
2004.34,33.44,0.0,39886268,1469848,2232903,272.03524011709646,53280.12774757631,2.2981,450.1
2004.34,33.45,0.0,39885953,1469969,2233413,272.0263674739094,53278.3899743295,2.2981,450.1
2009.78,33.46,0.0,39885018,1469918,2238954,272.50791915192434,53372.70545680395,2.2981,450.1
2009.78,33.47,0.0,39886739,1469865,2235686,272.49903167168327,53370.96477760961,2.2981,450.1
2009.78,33.48,0.0,39890267,1469900,2228580,272.49014477112974,53369.2242119514,2.2981,450.1
2004.34,33.49,0.0,39886739,1469900,2236811,271.99088268817053,53271.44001477114,2.2981,450.1
2004.34,33.5,0.0,39886647,1469445,2228132,271.9820129382051,53269.70280818334,2.2981,450.1
2009.78,33.52,0.0,39889466,1469564,2238380,272.45460296465757,53362.26308445776,2.2981,450.1
2004.34,33.52,0.0,39892581,1469796,2239979,271.9642751736414,53266.22873489231,2.2981,450.1
2009.78,33.53,0.0,39894758,1469971,2237608,272.4457189616914,53360.52308631362,2.2981,450.1
2009.78,33.54,0.0,39894475,1469735,2237608,272.43683553807267,53358.78320163898,2.2981,450.1
2009.78,33.56,0.0,39889677,1469595,2241526,272.4190704286509,53355.30377265384,2.2981,450.1
2009.78,33.57,0.0,39889677,1469636,2241895,272.4101887427344,53353.56422832113,2.2981,450.1
2009.78,33.58,0.0,39900555,1469713,2243994,272.40130763593885,53351.82479741355,2.2981,450.1
2009.78,33.6,0.0,39901801,1469454,2257988,272.3835471594833,53348.34627582936,2.2981,450.1
2009.78,33.61,0.0,39900436,1469408,2245981,272.37466778971026,53346.60718513059,2.2981,450.1
2015.21,33.62,0.0,39900436,1469301,2245981,272.8550559101725,53440.694776192795,2.2981,450.1
2009.78,33.62,0.0,39900073,1469305,2248328,272.3657889988314,53344.86820781256,2.2981,450.1
2009.78,33.64,0.0,39904291,1469634,2247973,272.34803315353014,53341.39059327442,2.2981,450.1
2015.21,33.65,0.0,39908418,1469938,2247973,272.8283751680692,53435.469154148195,2.2981,450.1
2009.78,33.65,0.0,39908881,1469441,2250096,272.3391560989945,53339.65195603213,2.2981,450.1
2015.21,33.66,0.0,39907811,1469441,2251325,272.81948274685845,53433.72750722815,2.2981,450.1
2015.21,33.68,0.0,39908110,1469215,2250877,272.80169964333226,53430.24455396365,2.2981,450.1
2009.78,33.68,0.0,39908110,1469549,2248785,272.31252840716854,53334.43672427943,2.2981,450.1
2015.21,33.7,0.0,39917081,1469549,2253289,272.7839188579554,53426.76205472597,2.2981,450.1
2015.21,33.71,0.0,39917081,1469162,2262580,272.7750293344314,53425.02097533945,2.2981,450.1
2015.21,33.72,0.0,39909336,1469178,2255965,272.76614039027476,53423.280009426344,2.2981,450.1
2015.21,33.73,0.0,39907223,1469102,2255173,272.7572520254289,53421.53915697557,2.2981,450.1
2015.21,33.74,0.0,39914354,1469427,2258242,272.74836423983714,53419.79841797603,2.2981,450.1
2015.21,33.75,0.0,39921430,1469647,2258486,272.73947703344294,53418.05779241664,2.2981,450.1
2009.78,33.76,0.0,39921430,1469104,2258798,272.24154667873813,53320.534424133,2.2981,450.1
2015.21,33.78,0.0,39913660,1469115,2260359,272.712818888879,53412.83659626842,2.2981,450.1
2015.21,33.78,0.0,39916329,1469202,2259498,272.712818888879,53412.83659626842,2.2981,450.1
2015.21,33.79,0.0,39919808,1469265,2261127,272.70393399870864,53411.09642435872,2.2981,450.1
2015.21,33.8,0.0,39919808,1469203,2273369,272.69504968745275,53409.35636583373,2.2981,450.1
2015.21,33.81,0.0,39928085,1469525,2263792,272.68616595505483,53407.61642068239,2.2981,450.1
2015.21,33.83,0.0,39925630,1469524,2263792,272.6684002266064,53404.13687045627,2.2981,450.1
2015.21,33.83,0.0,39925134,1469124,2266121,272.6684002266064,53404.13687045627,2.2981,450.1
2015.21,33.85,0.0,39926955,1469557,2266628,272.6506368129108,53400.65777359173,2.2981,450.1
2015.21,33.86,0.0,39929691,1469233,2272331,272.64175597395405,53398.91839514239,2.2981,450.1
2015.21,33.86,0.0,39929052,1469200,2266124,272.64175597395405,53398.91839514239,2.2981,450.1
2015.21,33.86,0.0,39930641,1469307,2267394,272.64175597395405,53398.91839514239,2.2981,450.1
2015.21,33.88,0.0,39932906,1469261,2271598,272.62399603153966,53395.439978154136,2.2981,450.1
2015.21,33.89,0.0,39929644,1469135,2267776,272.6151169279691,53393.70093959311,2.2981,450.1
2015.21,33.89,0.0,39932047,1469187,2267776,272.6151169279691,53393.70093959311,2.2981,450.1
2015.21,33.9,0.0,39932047,1468930,2269641,272.6062384027475,53391.962014306024,2.2981,450.1
2015.21,33.91,0.0,39929186,1468715,2281742,272.59736045581855,53390.22320228186,2.2981,450.1
2015.21,33.92,0.0,39934409,1469261,2281742,272.5884830871255,53388.484503509506,2.2981,450.1
2015.21,33.93,0.0,39934409,1469376,2272581,272.57960629661204,53386.74591797793,2.2981,450.1
2015.21,33.94,0.0,39942277,1469010,2285284,272.5707300842216,53385.00744567607,2.2981,450.1
2009.78,33.95,0.0,39944040,1469010,2285284,272.07311328938954,53287.54549042872,2.2981,450.1
2004.34,33.95,0.0,39940287,1469049,2281757,271.58347205307916,53191.64560771548,2.2981,450.1
2004.34,33.96,0.0,39936359,1469051,2274841,271.5746288544841,53189.9136014113,2.2981,450.1
2004.34,33.97,0.0,39938589,1469121,2277046,271.565786231768,53188.1817078973,2.2981,450.1
1998.91,33.99,0.0,39949148,1469573,2273556,271.0594252038435,53089.00712947651,2.2981,450.1
2004.34,34.0,0.0,39943291,1469193,2276774,271.5392618183318,53182.9867039864,2.2981,450.1
1998.91,34.0,0.0,39948039,1469428,2265927,271.05060021848766,53087.27869037088,2.2981,450.1
1998.91,34.01,0.0,39946070,1469147,2277439,271.04177580774996,53085.550363808485,2.2981,450.1
2004.34,34.02,0.0,39946070,1469902,2277439,271.5215817544051,53179.52393179485,2.2981,450.1
2004.34,34.02,0.0,39950716,1469190,2277439,271.5215817544051,53179.52393179485,2.2981,450.1
2009.78,34.02,0.0,39942418,1468640,2278859,272.0111114079224,53275.40196018706,2.2981,450.1
2009.78,34.06,0.0,39942418,1468768,2278859,271.97569444735365,53268.4652846934,2.2981,450.1
2009.78,34.07,0.0,39960786,1469523,2282133,271.96684164823745,53266.73139805566,2.2981,450.1
2009.78,34.08,0.0,39954650,1469089,2290174,271.9579894254191,53264.99762429014,2.2981,450.1
2009.78,34.09,0.0,39957577,1469006,2284735,271.94913777884227,53263.26396338581,2.2981,450.1
2009.78,34.09,0.0,39954597,1468902,2285258,271.94913777884227,53263.26396338581,2.2981,450.1
2004.34,34.09,0.0,39958360,1468984,2286209,271.4597196572731,53167.40777935627,2.2981,450.1
2004.34,34.12,0.0,39969295,1469587,2285183,271.43321595827973,53162.21683252326,2.2981,450.1
2009.78,34.13,0.0,39968577,1469666,2283963,271.91373695382555,53256.33044816017,2.2981,450.1
2009.78,34.13,0.0,39966184,1469261,2287402,271.91373695382555,53256.33044816017,2.2981,450.1
2009.78,34.15,0.0,39960455,1469109,2273629,271.896039997304,53252.86436742811,2.2981,450.1
2009.78,34.16,0.0,39958770,1468870,2289679,271.8871923828432,53251.13149624373,2.2981,450.1
2009.78,34.16,0.0,39967669,1469344,2280506,271.8871923828432,53251.13149624373,2.2981,450.1
2009.78,34.17,0.0,39967669,1469322,2291631,271.87834534417385,53249.39873783241,2.2981,450.1
2009.78,34.18,0.0,39967669,1469022,2289567,271.8694988812401,53247.666092183186,2.2981,450.1
2009.78,34.19,0.0,39971370,1469188,2294224,271.8606529939856,53245.933559285026,2.2981,450.1
2009.78,34.2,0.0,39968413,1468912,2293768,271.85180768235404,53244.20113912692,2.2981,450.1
2009.78,34.21,0.0,39974916,1469070,2293768,271.84296294628945,53242.46883169788,2.2981,450.1
2009.78,34.22,0.0,39977582,1469003,2308654,271.8341187857354,53240.73663698688,2.2981,450.1
2009.78,34.23,0.0,39974063,1468680,2311775,271.82527520063604,53239.004554982945,2.2981,450.1
2009.78,34.24,0.0,39971946,1468839,2297012,271.816432190935,53237.27258567506,2.2981,450.1
2009.78,34.24,0.0,39972234,1468906,2296992,271.816432190935,53237.27258567506,2.2981,450.1
2004.34,34.26,0.0,39978769,1469015,2297846,271.30960042776945,53138.00581025153,2.2981,450.1
2009.78,34.26,0.0,39978769,1468791,2306684,271.7987478975034,53233.808985103475,2.2981,450.1
2009.78,34.28,0.0,39978769,1469048,2297881,271.78106590499146,53230.34583518415,2.2981,450.1
2009.78,34.29,0.0,39976638,1468695,2299686,271.77222577144,53228.61442919157,2.2981,450.1
2009.78,34.3,0.0,39977303,1468991,2290795,271.76338621295014,53226.883135829106,2.2981,450.1
2004.34,34.31,0.0,39980948,1469007,2290795,271.26547930625316,53129.36436001243,2.2981,450.1
2009.78,34.31,0.0,39984150,1468858,2303181,271.75454722946563,53225.15195508573,2.2981,450.1
2004.34,34.32,0.0,39984150,1468771,2303213,271.2566568039178,53127.63640722484,2.2981,450.1
2004.34,34.33,0.0,39978175,1468405,2303166,271.24783487544096,53125.908566831735,2.2981,450.1
2009.78,34.34,0.0,39973853,1468514,2288139,271.72803372848387,53219.959088460295,2.2981,450.1
2009.78,34.35,0.0,39980649,1468452,2305666,271.7191970444602,53218.22835808344,2.2981,450.1
2009.78,34.35,0.0,39987774,1468810,2307905,271.7191970444602,53218.22835808344,2.2981,450.1
2009.78,34.35,0.0,39983350,1468462,2295943,271.7191970444602,53218.22835808344,2.2981,450.1
2009.78,34.38,0.0,39984572,1468413,2307680,271.69269044051475,53213.03684229394,2.2981,450.1
2009.78,34.39,0.0,39986540,1468662,2297437,271.6838560550547,53211.306562107886,2.2981,450.1
2009.78,34.39,0.0,39985160,1468662,2297437,271.6838560550547,53211.306562107886,2.2981,450.1
2009.78,34.4,0.0,39985767,1468662,2299477,271.6750222440953,53209.57639444207,2.2981,450.1
2009.78,34.41,0.0,39984365,1468432,2310990,271.6661890075807,53207.84633928554,2.2981,450.1
2009.78,34.42,0.0,39984210,1468041,2310732,271.65735634545473,53206.1163966273,2.2981,450.1
2004.34,34.43,0.0,39987215,1468449,2302816,271.1596471405833,53108.63634218552,2.2981,450.1
2009.78,34.43,0.0,39992193,1468451,2314003,271.64852425766145,53204.3865664564,2.2981,450.1
2009.78,34.44,0.0,39992193,1468296,2314003,271.6396927441449,53202.65684876186,2.2981,450.1
2009.78,34.45,0.0,39994955,1468495,2315225,271.63086180484885,53200.9272435327,2.2981,450.1
2009.78,34.47,0.0,39993594,1468172,2323777,271.6132016486948,53197.468370426686,2.2981,450.1
2009.78,34.47,0.0,40001353,1468744,2317540,271.6132016486948,53197.468370426686,2.2981,450.1
2009.78,34.48,0.0,40008783,1468691,2328241,271.60437243172487,53195.7391025279,2.2981,450.1
2009.78,34.49,0.0,40001622,1468529,2318342,271.5955437887515,53194.00994705064,2.2981,450.1
2009.78,34.5,0.0,39999175,1468375,2317796,271.5867157197189,53192.28090398394,2.2981,450.1
2009.78,34.5,0.0,39994725,1467792,2317796,271.5867157197189,53192.28090398394,2.2981,450.1
2009.78,34.51,0.0,40003281,1468596,2328095,271.57788822457104,53190.55197331684,2.2981,450.1
2009.78,34.51,0.0,40003281,1468651,2328095,271.57788822457104,53190.55197331684,2.2981,450.1
2009.78,34.54,0.0,40007219,1468666,2322799,271.55140918187624,53185.36585560355,2.2981,450.1
2009.78,34.54,0.0,40009604,1468758,2322799,271.55140918187624,53185.36585560355,2.2981,450.1
2009.78,34.54,0.0,40006143,1468758,2321978,271.55140918187624,53185.36585560355,2.2981,450.1
2009.78,34.55,0.0,40010246,1468824,2320187,271.5425839817079,53183.63737442528,2.2981,450.1
2009.78,34.55,0.0,40009760,1468363,2320187,271.5425839817079,53183.63737442528,2.2981,450.1
2009.78,34.56,0.0,40018283,1468774,2322726,271.5337593551445,53181.90900559182,2.2981,450.1
2009.78,34.58,0.0,40015524,1468774,2322726,271.51611182260916,53178.45260491555,2.2981,450.1
2009.78,34.59,0.0,40018267,1468674,2322726,271.50728891652534,53176.724573050815,2.2981,450.1
2009.78,34.59,0.0,40018267,1468396,2326136,271.50728891652534,53176.724573050815,2.2981,450.1
2009.78,34.6,0.0,40015945,1468794,2314941,271.49846658382296,53174.99665348711,2.2981,450.1
2009.78,34.61,0.0,40022425,1468597,2327903,271.48964482444603,53173.26884621347,2.2981,450.1
2009.78,34.61,0.0,40020140,1468732,2314291,271.48964482444603,53173.26884621347,2.2981,450.1
2009.78,34.64,0.0,40020989,1468274,2314291,271.46318298570947,53168.08609802352,2.2981,450.1
2009.78,34.64,0.0,40019956,1468709,2317491,271.46318298570947,53168.08609802352,2.2981,450.1
2009.78,34.65,0.0,40020807,1468380,2330771,271.4543635190758,53166.358739800715,2.2981,450.1
2009.78,34.66,0.0,40028745,1468918,2318987,271.4455446254882,53164.63149381326,2.2981,450.1
2009.78,34.67,0.0,40023042,1468399,2331387,271.4367263048909,53162.90436005022,2.2981,450.1
2009.78,34.67,0.0,40022718,1468513,2332980,271.4367263048909,53162.90436005022,2.2981,450.1
2009.78,34.67,0.0,40029162,1468682,2318345,271.4367263048909,53162.90436005022,2.2981,450.1
2009.78,34.69,0.0,40025927,1468230,2334412,271.41909138244387,53159.45042915364,2.2981,450.1
2004.34,34.69,0.0,40030190,1468589,2336999,270.9306271683361,53063.78107500462,2.2981,450.1
1982.62,34.7,0.0,40032216,1468565,2335179,268.97162457668395,52680.09582784277,2.2981,450.1
1944.61,34.71,0.0,40041587,1468993,2335372,265.5501453686331,52009.97364362812,2.2981,450.1
1825.13,34.72,0.0,40041587,1469363,2337643,254.8143109039639,49907.28050906147,2.2981,450.1
1727.38,34.72,0.0,40054683,1471183,2337643,246.03807482920257,48188.38931318223,2.2981,450.1
1694.8,34.72,0.0,40054683,1471411,2337643,243.1129620791695,47615.484196438025,2.2981,450.1
1618.77,34.72,0.0,40038150,1471515,2337643,236.28680117109684,46278.52974505492,2.2981,450.1
1559.03,34.71,0.0,40056528,1472221,2331954,230.9306975539322,45229.496962284014,2.2981,450.1
1521.02,34.7,0.0,40059425,1472720,2321444,227.52534570800324,44562.53344204877,2.2981,450.1
1493.86,34.7,0.0,40059125,1472815,2330539,225.08669550420476,44084.905637893295,2.2981,450.1
1493.86,34.69,0.0,40059332,1472905,2318074,225.0940073121409,44086.33770993195,2.2981,450.1
1504.72,34.69,0.0,40037881,1471529,2327025,226.06913991603977,44277.324692663286,2.2981,450.1
1510.16,34.69,0.0,40021443,1470321,2324773,226.5576041301474,44372.99404681231,2.2981,450.1
1510.16,34.7,0.0,40018048,1469864,2325751,226.5502447796803,44371.55266321488,2.2981,450.1
1542.74,34.71,0.0,40011857,1469257,2313291,229.46809367172492,44943.03509927479,2.2981,450.1
1591.62,34.71,0.0,40011857,1469257,2326758,233.85680317217253,45802.59653966097,2.2981,450.1
1624.2,34.74,0.0,40011857,1469257,2318915,236.75893951390984,46371.00155572465,2.2981,450.1
1656.78,34.75,0.0,40028927,1468983,2317499,239.6760777826903,46942.34481092595,2.2981,450.1
1732.81,34.76,0.0,40069408,1468983,2330614,246.4935679518648,48277.60103352089,2.2981,450.1
1797.98,34.76,0.0,40069408,1470021,2339801,252.3439311683376,49423.438239793206,2.2981,450.1
1841.43,34.76,0.0,40102359,1470354,2339801,256.244472548662,50187.38831824236,2.2981,450.1
1868.58,34.81,0.0,40137667,1471496,2348176,258.639750598841,50656.52136309922,2.2981,450.1
1895.73,34.81,0.0,40192285,1473720,2363989,261.07663218073645,51133.80276948327,2.2981,450.1
1939.18,34.85,0.0,40195145,1474007,2363989,264.9421277363483,51890.88886216022,2.2981,450.1
1982.62,34.86,0.0,40195145,1474007,2360920,268.83190359381894,52652.73043278269,2.2981,450.1
2020.64,34.88,0.0,40230464,1474007,2375682,272.2262049539193,53317.5296330704,2.2981,450.1
2036.93,34.89,0.0,40242393,1475577,2379788,273.6791168131803,53602.09324120468,2.2981,450.1
2058.65,34.89,0.0,40242393,1475577,2368084,275.62811577944586,53983.81920383299,2.2981,450.1
2080.37,34.89,0.0,40275089,1476988,2369642,277.5771147457114,54365.54516646131,2.2981,450.1
2085.8,34.89,0.0,40272292,1476969,2370240,278.06436448727777,54460.97665711838,2.2981,450.1
2118.39,34.89,0.0,40272292,1477844,2372266,280.98876026585026,55033.74134966243,2.2981,450.1
2129.25,34.88,0.0,40272292,1477863,2382552,281.97241350867364,55226.39716298421,2.2981,450.1
2178.13,34.87,0.0,40272292,1479304,2375917,286.36799766211453,56087.30505535781,2.2981,450.1
2178.13,34.85,0.0,40301764,1478197,2378738,286.38659298663805,56090.94708815361,2.2981,450.1
2188.99,34.85,0.0,40310418,1479610,2378738,287.3612190281453,56281.834856867936,2.2981,450.1
2188.99,34.84,0.0,40324633,1479769,2377291,287.37054924078296,56283.66224849938,2.2981,450.1
2199.85,34.83,0.0,40328892,1480493,2366792,288.35456939234035,56476.38992362926,2.2981,450.1
2199.85,34.81,0.0,40310662,1479340,2375395,288.3732961470742,56480.05769801058,2.2981,450.1
2199.85,34.79,0.0,40309554,1479482,2376076,288.392025334328,56483.72594881905,2.2981,450.1
2194.42,34.79,0.0,40300450,1479272,2358851,287.9046173639698,56388.26346787469,2.2981,450.1
2205.28,34.76,0.0,40290383,1478784,2358851,288.9075791362576,56584.70100049152,2.2981,450.1
2210.71,34.74,0.0,40270019,1478049,2358851,289.41383319444344,56683.85462809234,2.2981,450.1
2172.69,34.73,0.0,40279101,1478318,2371317,286.0098149155957,56017.15229690164,2.2981,450.1
2123.82,34.72,0.0,40279101,1478318,2364838,281.6314357445826,55159.614128469875,2.2981,450.1
2096.67,34.69,0.0,40209617,1476087,2357109,279.2210501257929,54687.52215378765,2.2981,450.1
2058.65,34.66,0.0,40178940,1474724,2359143,275.83406901887696,54024.15667960338,2.2981,450.1
1982.62,34.65,0.0,40185903,1475696,2359143,269.0153171732689,52688.65334828265,2.2981,450.1
1928.32,34.61,0.0,40191605,1476320,2357167,264.1733510593029,51740.31822452994,2.2981,450.1
1906.59,34.58,0.0,40191605,1476274,2355056,262.24724423086417,51363.07585758321,2.2981,450.1
1879.44,34.56,0.0,40191605,1473490,2349375,259.82542788730717,50888.74509032547,2.2981,450.1
1868.58,34.53,0.0,40116927,1472971,2346213,258.8751221867494,50702.62064151078,2.2981,450.1
1841.43,34.52,0.0,40125499,1473497,2346213,256.44435772892547,50226.53731943317,2.2981,450.1
1814.27,34.51,0.0,40152954,1474674,2346737,254.01253681732803,49750.24708301613,2.2981,450.1
1776.26,34.5,0.0,40153632,1474674,2345241,250.6057214512413,49082.99692145847,2.2981,450.1
1749.1,34.49,0.0,40152999,1474954,2345241,248.17355265646543,48606.63854953009,2.2981,450.1
1721.95,34.49,0.0,40152999,1475094,2345241,245.7341362868108,48128.8606860857,2.2981,450.1
1694.8,34.47,0.0,40145171,1475159,2338847,243.31053779115115,47654.18087106616,2.2981,450.1
1662.21,34.47,0.0,40145171,1475159,2342716,240.38214927404735,47080.63417094501,2.2981,450.1
1645.92,34.46,0.0,40157986,1475236,2341016,238.9261712184459,46795.470025422095,2.2981,450.1
1640.49,34.46,0.0,40135719,1474276,2338968,238.43824036316772,46699.905133572,2.2981,450.1
1635.06,34.46,0.0,40137470,1474679,2326492,237.9503095078896,46604.34024172191,2.2981,450.1
1624.2,34.45,0.0,40119708,1473567,2337880,236.98215177808092,46414.71934002621,2.2981,450.1
1613.34,34.44,0.0,40135649,1474661,2326471,236.0139310970886,46225.08610887237,2.2981,450.1
1602.48,34.44,0.0,40143788,1475052,2338176,235.0380059344233,46033.94389760408,2.2981,450.1
1580.75,34.44,0.0,40148719,1475052,2324985,233.08525696713812,45651.48346934811,2.2981,450.1
1559.03,34.44,0.0,40129403,1474134,2321914,231.13340664180748,45269.199046811525,2.2981,450.1
1548.17,34.44,0.0,40151977,1475063,2337304,230.1574814791422,45078.05683554324,2.2981,450.1
1542.74,34.43,0.0,40141639,1474308,2337137,229.67698588262317,44983.948194494886,2.2981,450.1
1542.74,34.44,0.0,40140238,1474169,2326737,229.66951889780955,44982.485729909095,2.2981,450.1
1537.31,34.45,0.0,40140238,1473730,2335861,229.1741056807059,44885.45536177092,2.2981,450.1
1510.16,34.45,0.0,40140238,1473463,2331729,226.73437209175745,44407.61536856535,2.2981,450.1
1510.16,34.46,0.0,40143322,1473830,2336542,226.7270012529651,44406.17173489387,2.2981,450.1
1510.16,34.46,0.0,40152535,1474178,2342952,226.7270012529651,44406.17173489387,2.2981,450.1
1504.72,34.47,0.0,40147037,1473523,2343894,226.2308173452755,44308.99042126475,2.2981,450.1
1504.72,34.47,0.0,40147037,1472902,2335122,226.2308173452755,44308.99042126475,2.2981,450.1
1499.29,34.47,0.0,40119136,1472431,2345127,225.7429023514776,44213.42863600369,2.2981,450.1
1499.29,34.48,0.0,40112584,1472074,2333445,225.73556422117983,44211.99140853447,2.2981,450.1
1553.6,34.48,0.0,40106752,1472074,2332704,230.61545407977587,45167.75418010841,2.2981,450.1
1591.62,34.5,0.0,40097648,1470655,2333492,234.0164323893549,45833.861110677804,2.2981,450.1
1629.63,34.5,0.0,40097648,1470234,2344167,237.43150429816288,46502.72837761765,2.2981,450.1
1662.21,34.52,0.0,40114422,1470800,2334296,240.34308434258284,47072.98301318331,2.2981,450.1
1727.38,34.54,0.0,40114422,1472366,2354218,246.18200818247777,48216.57973235858,2.2981,450.1
1765.4,34.57,0.0,40170552,1472918,2343070,249.5732009089112,48880.7700835912,2.2981,450.1
1781.69,34.59,0.0,40184022,1473866,2343070,251.02015537423304,49164.16689175506,2.2981,450.1
1803.41,34.59,0.0,40204780,1474294,2348469,252.9710543199939,49546.26497951754,2.2981,450.1
1819.7,34.61,0.0,40211694,1474473,2348587,254.4176939420693,49829.6001232868,2.2981,450.1
1846.86,34.62,0.0,40208044,1474517,2340198,256.8487115470988,50305.73302612993,2.2981,450.1
1868.58,34.62,0.0,40203436,1474588,2337337,258.799420328229,50687.79386873326,2.2981,450.1
1890.3,34.62,0.0,40240423,1474588,2337337,260.7501291093592,51069.854711336586,2.2981,450.1
1944.61,34.62,0.0,40266659,1476906,2356272,265.6277991785664,52025.18272062693,2.2981,450.1
1988.05,34.63,0.0,40269557,1476936,2357249,269.5204595370858,52787.589242262016,2.2981,450.1
1993.48,34.65,0.0,40278480,1477066,2363519,269.99057650005324,52879.665150634864,2.2981,450.1
2004.34,34.66,0.0,40282794,1477356,2359815,270.95703280432934,53068.952815468714,2.2981,450.1
2020.64,34.66,0.0,40272753,1476840,2376304,272.4207722684635,53355.63709065552,2.2981,450.1
2020.64,34.66,0.0,40276316,1477477,2360705,272.4207722684635,53355.63709065552,2.2981,450.1
2015.21,34.66,0.0,40274826,1477496,2366865,271.9331584469758,53260.13429223438,2.2981,450.1
2004.34,34.65,0.0,40261872,1477085,2360653,270.9658358268376,53070.67695298708,2.2981,450.1
1998.91,34.65,0.0,40244163,1476269,2360653,270.4782061634454,52975.171051810976,2.2981,450.1
1998.91,34.64,0.0,40246251,1476723,2360653,270.4869939150346,52976.89219840611,2.2981,450.1
1998.91,34.66,0.0,40246251,1476069,2338887,270.46941898284166,52973.45001704758,2.2981,450.1
1998.91,34.66,0.0,40215903,1476069,2346109,270.46941898284166,52973.45001704758,2.2981,450.1
1998.91,34.69,0.0,40198576,1474623,2344258,270.44306086638676,52968.28758363896,2.2981,450.1
1998.91,34.69,0.0,40196695,1474569,2353972,270.44306086638676,52968.28758363896,2.2981,450.1
1993.48,34.71,0.0,40178303,1474569,2353132,269.93795701525494,52869.359232655785,2.2981,450.1
1998.91,34.73,0.0,40178303,1473068,2364114,270.4079247015346,52961.40590407761,2.2981,450.1
1998.91,34.74,0.0,40171644,1473543,2352500,270.3991420868118,52959.68576357601,2.2981,450.1
1998.91,34.75,0.0,40171644,1473758,2350828,270.39036004257383,52957.9657348081,2.2981,450.1
1998.91,34.76,0.0,40165676,1473319,2351878,270.38157856876524,52956.24581776304,2.2981,450.1
2004.34,34.76,0.0,40165676,1472616,2342638,270.8690340278023,53051.717599718824,2.2981,450.1
1998.91,34.78,0.0,40150544,1472209,2342638,270.3640173322135,52952.80631879784,2.2981,450.1
1998.91,34.79,0.0,40141495,1471903,2342638,270.35523756935925,52951.086736855934,2.2981,450.1
2004.34,34.79,0.0,40143219,1472059,2352800,270.84264553971747,53046.54921780029,2.2981,450.1
2009.78,34.8,0.0,40143219,1471530,2350823,271.3221402538448,53140.4618285782,2.2981,450.1
2009.78,34.8,0.0,40120784,1470702,2352116,271.3221402538448,53140.4618285782,2.2981,450.1
2004.34,34.83,0.0,40111229,1470385,2352208,270.8074688859686,53039.65960818697,2.2981,450.1
2004.34,34.84,0.0,40111229,1470070,2352953,270.7986761502016,53037.93748540348,2.2981,450.1
2004.34,34.85,0.0,40107476,1470070,2352953,270.78988398539155,53036.21547444617,2.2981,450.1
2004.34,34.85,0.0,40104429,1469635,2351285,270.78988398539155,53036.21547444617,2.2981,450.1
2004.34,34.85,0.0,40098507,1469619,2352236,270.78988398539155,53036.21547444617,2.2981,450.1
2009.78,34.85,0.0,40094754,1469619,2351746,271.27809445185557,53131.83513022941,2.2981,450.1
2009.78,34.88,0.0,40089786,1469288,2350971,271.25167383427436,53126.66045550972,2.2981,450.1
2015.21,34.88,0.0,40089786,1468363,2352926,271.7389393940968,53222.09504429006,2.2981,450.1
2015.21,34.89,0.0,40079018,1468363,2352703,271.73011784691477,53220.36727857637,2.2981,450.1
2020.64,34.9,0.0,40053797,1467101,2351780,272.20853079680495,53314.06801777204,2.2981,450.1
2015.21,34.9,0.0,40053812,1466721,2353509,271.7212968724676,53218.63962503706,2.2981,450.1
2015.21,34.91,0.0,40039044,1466058,2352979,271.7124764706993,53216.91208366119,2.2981,450.1
2015.21,34.92,0.0,40034280,1465611,2352979,271.7036566415543,53215.184654437835,2.2981,450.1
2015.21,34.92,0.0,40031683,1465611,2352979,271.7036566415543,53215.184654437835,2.2981,450.1
2015.21,34.94,0.0,40024535,1465246,2353678,271.6860187009109,53211.73013240503,2.2981,450.1
2015.21,34.94,0.0,40022276,1464987,2353678,271.6860187009109,53211.73013240503,2.2981,450.1
2015.21,34.95,0.0,40013481,1464430,2354003,271.677200589301,53210.003039573734,2.2981,450.1
2015.21,34.95,0.0,40013481,1464430,2354020,271.677200589301,53210.003039573734,2.2981,450.1
2015.21,34.97,0.0,40005663,1463804,2352366,271.6595660832261,53206.549190226746,2.2981,450.1
2015.21,34.98,0.0,40001895,1463665,2352453,271.6507496886496,53204.82243368923,2.2981,450.1
2015.21,34.99,0.0,40001895,1463169,2351473,271.6419338663063,53203.09578922784,2.2981,450.1
2015.21,35.0,0.0,40001895,1462986,2351473,271.6331186161403,53201.36925683162,2.2981,450.1
2015.21,35.0,0.0,39982320,1462605,2353563,271.6331186161403,53201.36925683162,2.2981,450.1
2015.21,35.01,0.0,39977516,1462271,2353563,271.62430393809586,53199.6428364897,2.2981,450.1
2015.21,35.01,0.0,39975350,1462271,2354020,271.62430393809586,53199.6428364897,2.2981,450.1
2015.21,35.02,0.0,39972000,1461692,2354231,271.6154898321175,53197.91652819115,2.2981,450.1
2015.21,35.03,0.0,39975283,1461832,2355786,271.60667629814924,53196.19033192506,2.2981,450.1
2015.21,35.03,0.0,39965129,1461832,2355786,271.60667629814924,53196.19033192506,2.2981,450.1
2015.21,35.03,0.0,39963100,1461262,2355786,271.60667629814924,53196.19033192506,2.2981,450.1
2015.21,35.05,0.0,39962824,1461023,2355786,271.58905094602085,53192.73827544667,2.2981,450.1
2009.78,35.06,0.0,39953176,1460447,2363701,271.0932581394878,53095.63356189176,2.2981,450.1
2009.78,35.06,0.0,39951702,1460465,2355462,271.0932581394878,53095.63356189176,2.2981,450.1
2009.78,35.07,0.0,39950775,1460341,2356222,271.08446269278926,53093.91090815216,2.2981,450.1
2009.78,35.07,0.0,39949444,1459945,2355005,271.08446269278926,53093.91090815216,2.2981,450.1
2009.78,35.07,0.0,39949135,1460121,2355011,271.08446269278926,53093.91090815216,2.2981,450.1
2004.34,35.07,0.0,39953660,1460307,2356503,270.5966006991778,52998.35950337234,2.2981,450.1
1998.91,35.09,0.0,39953660,1459770,2355339,270.0921095805492,52899.551160613206,2.2981,450.1
2004.34,35.11,0.0,39953660,1460602,2355919,270.5614879241569,52991.48240488361,2.2981,450.1
2004.34,35.12,0.0,39969602,1460896,2358998,270.5527111541849,52989.763409119994,2.2981,450.1
2004.34,35.13,0.0,39965817,1460797,2358578,270.5439349536156,52988.04452487811,2.2981,450.1
2004.34,35.13,0.0,39965716,1460583,2371031,270.5439349536156,52988.04452487811,2.2981,450.1
2004.34,35.15,0.0,39967517,1460834,2371031,270.5263842604625,52984.60709091606,2.2981,450.1
2009.78,35.16,0.0,39969740,1461054,2360891,271.0053293476421,53078.41205316293,2.2981,450.1
2004.34,35.17,0.0,39969740,1461532,2363127,270.50883584425463,52981.170102910684,2.2981,450.1
1998.91,35.18,0.0,39992731,1462140,2352599,270.01327103139005,52884.11004361371,2.2981,450.1
1998.91,35.19,0.0,39992731,1461729,2352599,270.0045140335619,52882.39492037171,2.2981,450.1
1998.91,35.19,0.0,39991980,1461914,2364743,270.0045140335619,52882.39492037171,2.2981,450.1
1998.91,35.21,0.0,39995429,1462171,2365412,269.98700174182284,52878.965007612576,2.2981,450.1
2004.34,35.21,0.0,40000936,1462078,2380380,270.4737458409022,52974.29746442283,2.2981,450.1
1998.91,35.22,0.0,40014763,1462850,2368322,269.97824644780127,52877.25021807379,2.2981,450.1
1998.91,35.22,0.0,40011812,1462690,2379558,269.97824644780127,52877.25021807379,2.2981,450.1
2004.34,35.22,0.0,40011812,1462690,2370156,270.4649747624626,52972.57958338821,2.2981,450.1
2004.34,35.23,0.0,40020703,1463460,2366902,270.4562042528717,52970.861813766845,2.2981,450.1
1998.91,35.23,0.0,40020703,1463800,2357764,269.96949172160475,52875.535539747754,2.2981,450.1
2004.34,35.25,0.0,40029732,1463377,2357764,270.4386649400149,52967.42660872057,2.2981,450.1
2004.34,35.25,0.0,40029732,1463694,2368434,270.4386649400149,52967.42660872057,2.2981,450.1
1982.62,35.25,0.0,40030805,1463694,2368434,268.49194106981895,52586.14624060116,2.2981,450.1
2009.78,35.25,0.0,40044168,1464476,2376950,270.92624218927216,53062.92224419799,2.2981,450.1
2015.21,35.26,0.0,40051565,1464490,2382538,271.4041227637354,53156.51871370146,2.2981,450.1
2015.21,35.26,0.0,40046295,1464163,2376993,271.4041227637354,53156.51871370146,2.2981,450.1
2020.64,35.26,0.0,40046510,1463832,2391143,271.8907879509606,53251.83571503737,2.2981,450.1
2031.5,35.26,0.0,40059311,1463832,2379318,272.86411832541086,53442.469717709166,2.2981,450.1
2031.5,35.27,0.0,40076995,1465573,2381376,272.8552711650994,53440.73693547333,2.2981,450.1
2026.07,35.27,0.0,40105250,1465573,2384897,272.3686217571748,53345.42302463096,2.2981,450.1
2020.64,35.27,0.0,40134759,1468246,2395083,271.88197234925025,53250.10911378859,2.2981,450.1
2015.21,35.27,0.0,40139760,1468544,2388146,271.39532294132556,53154.7952029462,2.2981,450.1
2015.21,35.27,0.0,40148782,1469030,2388146,271.39532294132556,53154.7952029462,2.2981,450.1
2015.21,35.27,0.0,40161631,1469656,2390328,271.39532294132556,53154.7952029462,2.2981,450.1
2015.21,35.27,0.0,40172126,1469822,2390414,271.39532294132556,53154.7952029462,2.2981,450.1
2009.78,35.28,0.0,40188659,1470477,2394569,270.89989005988883,53057.76098340193,2.2981,450.1
2009.78,35.28,0.0,40207193,1470984,2389454,270.89989005988883,53057.76098340193,2.2981,450.1
2015.21,35.29,0.0,40210056,1471010,2395932,271.3777250083116,53151.34851670556,2.2981,450.1
2015.21,35.29,0.0,40210056,1471034,2407592,271.3777250083116,53151.34851670556,2.2981,450.1
2015.21,35.3,0.0,40232325,1471034,2399499,271.36892689759645,53149.62534119846,2.2981,450.1
2009.78,35.3,0.0,40247067,1471952,2399499,270.8823248214346,53054.32070063432,2.2981,450.1
2009.78,35.32,0.0,40247067,1472591,2402113,270.8647618607045,53050.880863975945,2.2981,450.1
2015.21,35.32,0.0,40266383,1472382,2402113,271.3513323874725,53146.17932535633,2.2981,450.1
2009.78,35.34,0.0,40266383,1472649,2404792,270.8472011772554,53047.44147334,2.2981,450.1
2015.21,35.36,0.0,40266383,1472932,2394192,271.3161502108963,53139.28863405615,2.2981,450.1
2009.78,35.37,0.0,40293822,1472905,2407479,270.8208644210149,53042.283223488455,2.2981,450.1
2015.21,35.39,0.0,40298821,1472905,2402127,271.28976956493045,53134.12178807502,2.2981,450.1
2009.78,35.4,0.0,40303218,1472961,2408942,270.79453278616603,53037.12597669959,2.2981,450.1
2009.78,35.41,0.0,40310434,1473048,2408942,270.78575671237854,53035.407117288894,2.2981,450.1
2009.78,35.41,0.0,40314134,1473166,2410492,270.78575671237854,53035.407117288894,2.2981,450.1
2009.78,35.42,0.0,40314134,1472952,2423908,270.77698120741326,53033.68836928625,2.2981,450.1
2009.78,35.43,0.0,40321928,1473347,2411742,270.768206271215,53031.96973268085,2.2981,450.1
2015.21,35.44,0.0,40330222,1473253,2413447,271.2458132200124,53125.512610559854,2.2981,450.1
2015.21,35.45,0.0,40328672,1473017,2426638,271.23702366028397,53123.79110982717,2.2981,450.1
2015.21,35.45,0.0,40337420,1473017,2415667,271.23702366028397,53123.79110982717,2.2981,450.1
2015.21,35.47,0.0,40334566,1473105,2429167,271.2194462496391,53120.348443045375,2.2981,450.1
2015.21,35.47,0.0,40338446,1473186,2415497,271.2194462496391,53120.348443045375,2.2981,450.1
2015.21,35.48,0.0,40344666,1473204,2429281,271.21065839861205,53118.627276974585,2.2981,450.1
2015.21,35.49,0.0,40346471,1473204,2419708,271.20187111704126,53116.90622243605,2.2981,450.1
2015.21,35.5,0.0,40349796,1473329,2418874,271.1930844048716,53115.185279418976,2.2981,450.1
2015.21,35.51,0.0,40350420,1473177,2426429,271.1842982620476,53113.46444791247,2.2981,450.1
2015.21,35.52,0.0,40354476,1473277,2426429,271.17551268851406,53111.74372790574,2.2981,450.1
2015.21,35.54,0.0,40359164,1473101,2418995,271.15794324909655,53108.302622348194,2.2981,450.1
2015.21,35.54,0.0,40366134,1473399,2422721,271.15794324909655,53108.302622348194,2.2981,450.1
2015.21,35.55,0.0,40367745,1473254,2423054,271.14915938310213,53106.58223677573,2.2981,450.1
2015.21,35.56,0.0,40367729,1473396,2414281,271.14037608617673,53104.86196265966,2.2981,450.1
2015.21,35.56,0.0,40372215,1473148,2424589,271.14037608617673,53104.86196265966,2.2981,450.1
2015.21,35.57,0.01,40374859,1473469,2415270,271.1315933582652,53103.1417999892,2.2981,450.1
2015.21,35.57,0.01,40374714,1473472,2412933,271.1315933582652,53103.1417999892,2.2981,450.1
2015.21,35.57,0.02,40383315,1473225,2426139,271.1315933582652,53103.1417999892,2.2981,450.1
2015.21,35.59,0.03,40381893,1473304,2413815,271.1140296092622,53099.70180894171,2.2981,450.1
2015.21,35.6,0.03,40389682,1473088,2428133,271.1052485880603,53097.98198054304,2.2981,450.1
2015.21,35.61,0.03,40389682,1473088,2428861,271.09646813565104,53096.26226354665,2.2981,450.1
2015.21,35.62,0.05,40392450,1473157,2429417,271.0876882519793,53094.542657941725,2.2981,450.1
2015.21,35.63,0.05,40392450,1473157,2419291,271.07890893698954,53092.82316371742,2.2981,450.1
2015.21,35.63,0.05,40395016,1472969,2419291,271.07890893698954,53092.82316371742,2.2981,450.1
2004.34,35.64,0.07,40397703,1473176,2419160,270.09710245636387,52900.52905252574,2.2981,450.1
1998.91,35.64,0.08,40397337,1473188,2419160,269.61103616408724,52805.32934922574,2.2981,450.1
1998.91,35.66,0.08,40399874,1472977,2432148,269.59357487486966,52801.90942569028,2.2981,450.1
1993.48,35.67,0.1,40399685,1473247,2421089,269.09882600452164,52705.00917481189,2.2981,450.1
1993.48,35.67,0.09,40399814,1472656,2432507,269.09882600452164,52705.00917481189,2.2981,450.1
1993.48,35.68,0.09,40402121,1472658,2434144,269.0901125108195,52703.30257217696,2.2981,450.1
1993.48,35.69,0.1,40397639,1472599,2422301,269.0813995813897,52701.59608005897,2.2981,450.1
1993.48,35.69,0.11,40401931,1472313,2434195,269.0813995813897,52701.59608005897,2.2981,450.1
1993.48,35.72,0.12,40401931,1472060,2434195,269.0552641781862,52696.47726669929,2.2981,450.1
1993.48,35.73,0.14,40401026,1471982,2431402,269.04655350529777,52694.771216541725,2.2981,450.1
1993.48,35.75,0.14,40405274,1471872,2436819,269.02913385146127,52691.35944760573,2.2981,450.1
1993.48,35.75,0.15,40405540,1471758,2436819,269.02913385146127,52691.35944760573,2.2981,450.1
1993.48,35.77,0.16,40405540,1471272,2436819,269.01171645318004,52687.94812043704,2.2981,450.1
1993.48,35.78,0.17,40408388,1471459,2432098,269.00300859973584,52686.24262248863,2.2981,450.1
1998.91,35.79,0.17,40407107,1470979,2441294,269.48013160195666,52779.69071582642,2.2981,450.1
1993.48,35.8,0.17,40408051,1470979,2430941,268.98559458396625,52682.83195781003,2.2981,450.1
1993.48,35.81,0.18,40412817,1471099,2443267,268.9768884215315,52681.12679105842,2.2981,450.1
2009.78,35.82,0.18,40413788,1471343,2433730,270.42642680898314,52965.02967961504,2.2981,450.1
2009.78,35.85,0.18,40412140,1470589,2446565,270.400171816089,52959.88744372381,2.2981,450.1
2009.78,35.85,0.22,40412140,1470162,2446430,270.400171816089,52959.88744372381,2.2981,450.1
2009.78,35.88,0.23,40412140,1470262,2450029,270.3739219207569,52954.74620622806,2.2981,450.1
2009.78,35.89,0.23,40420248,1470157,2448833,270.3651730881812,52953.03268221155,2.2981,450.1
2009.78,35.91,0.26,40420924,1469857,2455908,270.3476771215024,52949.60596683706,2.2981,450.1
2009.78,35.91,0.26,40420924,1469609,2455908,270.3476771215024,52949.60596683706,2.2981,450.1
2009.78,35.93,0.26,40422291,1469519,2451398,270.33018341908735,52946.17969493548,2.2981,450.1
2009.78,35.94,0.26,40424373,1469224,2462051,270.32143741684143,52944.46672526015,2.2981,450.1
2009.78,35.94,0.29,40425923,1469409,2454097,270.32143741684143,52944.46672526015,2.2981,450.1
2009.78,35.94,0.29,40425475,1469298,2466460,270.32143741684143,52944.46672526015,2.2981,450.1
2009.78,35.98,0.3,40424766,1469045,2457445,270.28645906632005,52937.61595481078,2.2981,450.1
2009.78,36.0,0.3,40429046,1469077,2458224,270.26897328536796,52934.19123438673,2.2981,450.1
2009.78,36.01,0.32,40428880,1468640,2464274,270.260231243277,52932.47904033724,2.2981,450.1
2009.78,36.02,0.32,40426629,1468883,2460241,270.25148976670283,52930.766957048414,2.2981,450.1
2009.78,36.02,0.32,40429959,1468743,2459254,270.25148976670283,52930.766957048414,2.2981,450.1
2009.78,36.03,0.33,40429638,1468547,2460196,270.24274885559066,52929.054984509545,2.2981,450.1
2009.78,36.05,0.33,40429178,1468004,2471511,270.22526872953273,52925.631371638614,2.2981,450.1
2009.78,36.05,0.35,40430765,1468290,2462904,270.22526872953273,52925.631371638614,2.2981,450.1
2009.78,36.07,0.35,40431541,1468020,2462792,270.20779086466433,52922.2082016385,2.2981,450.1
2009.78,36.08,0.35,40435463,1467650,2473753,270.1990527800392,52920.49678268816,2.2981,450.1
2009.78,36.08,0.36,40434567,1467805,2465392,270.1990527800392,52920.49678268816,2.2981,450.1
2015.21,36.11,0.36,40430952,1467374,2465728,270.6581695064464,53010.41821280691,2.2981,450.1
2009.78,36.12,0.39,40432066,1467367,2466419,270.16410609231906,52913.65221363423,2.2981,450.1
2009.78,36.13,0.39,40435399,1467517,2466419,270.15537083281015,52911.94134800394,2.2981,450.1
2009.78,36.13,0.39,40437322,1467238,2468282,270.15537083281015,52911.94134800394,2.2981,450.1
2009.78,36.14,0.4,40435400,1467401,2458397,270.14663613816003,52910.230593005464,2.2981,450.1
2009.78,36.15,0.41,40432715,1467184,2464034,270.13790200831403,52908.51994862806,2.2981,450.1
2009.78,36.16,0.41,40437295,1466823,2470141,270.1291684432172,52906.80941486101,2.2981,450.1
2009.78,36.18,0.41,40436206,1466848,2467082,270.11170300705237,52903.38867911505,2.2981,450.1
2009.78,36.19,0.42,40436493,1466661,2467082,270.10297113587484,52901.67847711469,2.2981,450.1
2009.78,36.2,0.43,40436027,1466387,2469235,270.09423982922743,52899.96838568177,2.2981,450.1
2009.78,36.2,0.43,40436283,1466266,2473097,270.09423982922743,52899.96838568177,2.2981,450.1
2009.78,36.22,0.45,40439666,1466443,2465435,270.07677890930444,52896.54853447541,2.2981,450.1
2009.78,36.23,0.46,40440552,1466077,2475103,270.0680492959193,52894.83877468052,2.2981,450.1
2009.78,36.24,0.46,40440360,1465961,2471433,270.05932024684546,52893.12912541019,2.2981,450.1
2015.21,36.25,0.46,40439227,1465849,2477798,270.5356997464888,52986.43159823098,2.2981,450.1
2009.78,36.25,0.47,40441824,1465837,2476214,270.05059176202815,52891.41958665371,2.2981,450.1
2009.78,36.27,0.47,40440507,1465366,2481914,270.03313648494446,52888.00084063945,2.2981,450.1
2015.21,36.27,0.48,40442954,1465491,2477556,270.51821311344975,52983.00671091935,2.2981,450.1
2009.78,36.28,0.48,40441936,1464976,2485501,270.02440969256867,52886.29163336025,2.2981,450.1
2009.78,36.28,0.5,40443407,1465078,2480934,270.02440969256867,52886.29163336025,2.2981,450.1
2015.21,36.31,0.52,40443972,1464729,2487038,270.4832466282028,52976.158264372345,2.2981,450.1
2009.78,36.32,0.5,40442918,1464795,2481531,269.9895081628963,52879.45590884628,2.2981,450.1
2009.78,36.33,0.5,40446293,1464645,2480002,269.98078419016264,52877.74725381498,2.2981,450.1
2009.78,36.33,0.53,40443712,1464345,2483503,269.98078419016264,52877.74725381498,2.2981,450.1
2015.21,36.33,0.54,40446429,1464381,2481372,270.46576677511837,52972.73470496532,2.2981,450.1
2015.21,36.38,0.54,40443322,1464136,2485926,270.4220770250497,52964.177742036845,2.2981,450.1
2015.21,36.39,0.55,40443235,1464196,2487954,270.41334076876535,52962.466681180675,2.2981,450.1
2015.21,36.4,0.55,40447474,1463999,2486283,270.40460507692984,52960.755730876,2.2981,450.1
2015.21,36.4,0.56,40447491,1463761,2487807,270.40460507692984,52960.755730876,2.2981,450.1
2015.21,36.41,0.56,40447491,1463769,2489528,270.39586994948843,52959.04489111211,2.2981,450.1
2015.21,36.42,0.58,40444871,1463447,2489414,270.3871353863863,52957.334161878294,2.2981,450.1
2015.21,36.43,0.58,40444424,1463334,2489493,270.378401387569,52955.62354316384,2.2981,450.1
2015.21,36.43,0.59,40442682,1463210,2490924,270.378401387569,52955.62354316384,2.2981,450.1
2015.21,36.43,0.58,40449678,1463210,2490256,270.378401387569,52955.62354316384,2.2981,450.1
2015.21,36.43,0.6,40448605,1462941,2493044,270.378401387569,52955.62354316384,2.2981,450.1
2015.21,36.47,0.6,40448544,1462959,2492527,270.34347103405344,52948.78217328552,2.2981,450.1
2015.21,36.48,0.61,40447158,1462959,2494965,270.33473985583964,52947.07210700728,2.2981,450.1
2015.21,36.51,0.62,40448841,1462606,2491812,270.3085497047201,52941.942570860505,2.2981,450.1
2015.21,36.52,0.62,40452286,1462606,2494975,270.2998207820055,52940.232946338576,2.2981,450.1
2015.21,36.53,0.62,40452083,1462279,2494432,270.29109242302906,52938.52343222896,2.2981,450.1
2015.21,36.54,0.64,40452083,1461923,2494515,270.28236462773623,52936.81402852099,2.2981,450.1
2015.21,36.56,0.66,40452083,1461677,2499472,270.264910727983,52933.395552267175,2.2981,450.1
2015.21,36.57,0.66,40454545,1461532,2497859,270.25618462341345,52931.686479699936,2.2981,450.1
2015.21,36.59,0.67,40454787,1461538,2499584,270.23873410461556,52928.26866563139,2.2981,450.1
2015.21,36.6,0.68,40452703,1461289,2499584,270.23000969027805,52926.55992410868,2.2981,450.1
2015.21,36.61,0.68,40453406,1461183,2499584,270.22128583924206,52924.85129291278,2.2981,450.1
2015.21,36.62,0.68,40453406,1460745,2505179,270.21256255145306,52923.142772033,2.2981,450.1
2015.21,36.64,0.7,40458228,1460874,2505179,270.1951176653979,52919.72606117907,2.2981,450.1
2015.21,36.64,0.71,40456408,1460657,2504436,270.1951176653979,52919.72606117907,2.2981,450.1
2020.64,36.67,0.71,40455027,1460424,2506070,270.6534049188424,53009.485032840596,2.2981,450.1
2015.21,36.69,0.72,40454590,1460089,2506070,270.151515303265,52911.18621382864,2.2981,450.1
2015.21,36.7,0.72,40455342,1459982,2506918,270.1427965194889,52909.47857509332,2.2981,450.1
2015.21,36.7,0.73,40455342,1459842,2512169,270.1427965194889,52909.47857509332,2.2981,450.1
2015.21,36.72,0.74,40457716,1459771,2509962,270.1253606401511,52906.06362827206,2.2981,450.1
2015.21,36.73,0.75,40457716,1459475,2511597,270.1166435444805,52904.35632016478,2.2981,450.1
2015.21,36.75,0.75,40460205,1459518,2515060,270.0992110408636,52900.942034503605,2.2981,450.1
2020.64,36.77,0.75,40462310,1459221,2512635,270.566074832072,52992.38078495959,2.2981,450.1
2020.64,36.78,0.77,40462421,1458976,2514994,270.55734492290435,52990.67096723349,2.2981,450.1
2020.64,36.79,0.77,40462421,1458861,2518091,270.54861557706573,52988.96125983956,2.2981,450.1
2020.64,36.8,0.78,40462421,1458729,2519098,270.5398867945015,52987.25166276713,2.2981,450.1
2015.21,36.83,0.79,40469671,1458626,2519889,270.0295035214002,52887.28929767296,2.2981,450.1
2015.21,36.83,0.79,40467680,1458542,2519889,270.0295035214002,52887.28929767296,2.2981,450.1
2020.64,36.85,0.81,40467680,1458022,2524562,270.4962513288895,52978.70533185379,2.2981,450.1
2015.21,36.88,0.81,40468819,1458126,2523955,269.9859545900836,52878.75991514584,2.2981,450.1
2015.21,36.88,0.81,40472475,1457964,2528900,269.9859545900836,52878.75991514584,2.2981,450.1
2015.21,36.91,0.81,40472351,1457753,2528900,269.9598319730492,52873.64360605259,2.2981,450.1
2020.64,36.91,0.83,40473275,1457818,2528900,270.4439073468224,52968.45337313641,2.2981,450.1
2020.64,36.93,0.84,40473275,1457471,2525222,270.4264638543465,52965.03693522534,2.2981,450.1
2009.78,36.94,0.85,40474365,1457350,2528863,269.4496858691719,52773.727692317254,2.2981,450.1
2004.34,36.96,0.85,40479088,1457262,2530228,268.9474195204947,52675.355087321994,2.2981,450.1
2004.34,36.98,0.86,40478705,1457306,2531831,268.93007534743685,52671.95810185865,2.2981,450.1
1998.91,36.98,0.86,40475188,1457188,2531831,268.44610923518684,52577.16973445786,2.2981,450.1
1998.91,36.99,0.86,40476266,1456824,2532560,268.43745359227603,52575.47446233125,2.2981,450.1
1998.91,36.99,0.89,40476673,1456708,2532071,268.43745359227603,52575.47446233125,2.2981,450.1
1998.91,36.99,0.89,40476673,1456708,2534096,268.43745359227603,52575.47446233125,2.2981,450.1
1998.91,37.04,0.9,40477774,1456292,2532552,268.3941837490199,52566.99974127926,2.2981,450.1
1998.91,37.06,0.91,40478400,1456137,2535759,268.37687971731566,52563.61061779896,2.2981,450.1
1998.91,37.07,0.91,40479825,1455972,2536791,268.36822853816165,52561.91621993236,2.2981,450.1
1998.91,37.07,0.92,40479581,1455930,2538401,268.36822853816165,52561.91621993236,2.2981,450.1
1998.91,37.07,0.92,40481502,1455760,2540235,268.36822853816165,52561.91621993236,2.2981,450.1
1998.91,37.11,0.92,40481502,1455614,2541257,268.33362939827396,52555.139720709776,2.2981,450.1
1998.91,37.13,0.93,40487684,1455491,2542695,268.3163331736125,52551.75212629694,2.2981,450.1
1998.91,37.14,0.95,40488005,1455218,2543466,268.3076858974137,52550.0584928532,2.2981,450.1
1998.91,37.16,0.95,40489011,1455082,2546421,268.2903930170104,52546.67155343823,2.2981,450.1
1998.91,37.18,0.95,40495586,1455073,2546726,268.2731023655737,52543.28505058298,2.2981,450.1
1998.91,37.19,0.97,40495586,1455130,2543162,268.2644578755832,52541.59196283888,2.2981,450.1
1998.91,37.21,0.98,40494797,1455019,2551626,268.24717056678855,52538.206114664965,2.2981,450.1
1998.91,37.21,0.97,40494797,1454790,2551626,268.24717056678855,52538.206114664965,2.2981,450.1
1998.91,37.24,0.98,40499136,1454540,2551626,268.2212437807548,52533.12816053163,2.2981,450.1
1998.91,37.24,0.98,40499174,1454676,2552612,268.2212437807548,52533.12816053163,2.2981,450.1
1998.91,37.25,0.99,40499646,1454630,2550536,268.21260263243715,52531.43572727904,2.2981,450.1
1998.91,37.26,0.99,40503471,1454441,2553282,268.2039620408766,52529.74340307148,2.2981,450.1
1998.91,37.28,1.01,40503972,1454245,2553899,268.1866825278114,52526.35908174925,2.2981,450.1
1998.91,37.28,1.01,40504669,1454283,2555447,268.1866825278114,52526.35908174925,2.2981,450.1
1998.91,37.29,1.01,40504044,1454136,2555122,268.1780436061992,52524.667084613495,2.2981,450.1
1998.91,37.3,1.01,40505265,1454058,2556798,268.16940524112897,52522.97519648064,2.2981,450.1
1998.91,37.31,1.02,40505265,1453892,2558289,268.1607674325468,52521.28341734012,2.2981,450.1
1998.91,37.34,1.02,40511842,1453753,2559964,268.1348573451914,52516.208733767315,2.2981,450.1
1998.91,37.35,1.03,40513527,1453575,2560495,268.12622176202416,52514.51739049087,2.2981,450.1
2004.34,37.35,1.03,40513527,1453565,2560495,268.60961116747376,52609.1928055698,2.2981,450.1
2004.34,37.35,1.04,40517936,1453529,2562821,268.60961116747376,52609.1928055698,2.2981,450.1
1998.91,37.4,1.05,40517936,1453366,2564295,268.0830521884028,52506.06230799361,2.2981,450.1
2004.34,37.42,1.05,40518822,1453288,2564803,268.5490687043198,52597.33511327373,2.2981,450.1
1998.91,37.43,1.07,40522807,1453378,2563569,268.0571571160683,52500.99056522447,2.2981,450.1
1998.91,37.44,1.07,40524121,1453153,2567195,268.0485265369409,52499.30020202652,2.2981,450.1
1998.91,37.44,1.08,40524121,1452911,2567195,268.0485265369409,52499.30020202652,2.2981,450.1
2004.34,37.44,1.09,40524998,1452738,2567195,268.5317758701201,52593.94818290808,2.2981,450.1
1998.91,37.47,1.09,40527513,1452738,2567195,268.0226381337598,52494.22976546073,2.2981,450.1
1998.91,37.48,1.09,40528481,1452465,2567195,268.0140097772542,52492.5398375798,2.2981,450.1
2004.34,37.5,1.1,40529592,1452410,2576527,268.47991072750875,52583.79000846426,2.2981,450.1
2004.34,37.52,1.1,40530593,1452424,2575219,268.46262679853413,52580.404822253266,2.2981,450.1
2004.34,37.53,1.11,40532052,1452269,2574149,268.4539856685355,52578.7123925886,2.2981,450.1
1998.91,37.54,1.11,40534038,1452269,2578214,267.96225130229,52482.40255478906,2.2981,450.1
2004.34,37.55,1.11,40534327,1452269,2578214,268.43670507724687,52575.327860088255,2.2981,450.1
1998.91,37.56,1.13,40538547,1452072,2578647,267.9450029194699,52479.02433055717,2.2981,450.1
2004.34,37.58,1.14,40539195,1451990,2579554,268.41078836128025,52570.25187825257,2.2981,450.1
2004.34,37.59,1.14,40537859,1451824,2583379,268.4021505680009,52568.56010210922,2.2981,450.1
2004.34,37.6,1.14,40542292,1451824,2580765,268.39351333065355,52566.868434849304,2.2981,450.1
2004.34,37.61,1.15,40543751,1451470,2586506,268.38487664918455,52565.17687646229,2.2981,450.1
2004.34,37.62,1.15,40545713,1451485,2583878,268.3762405235402,52563.48542693768,2.2981,450.1
2004.34,37.64,1.15,40547515,1451485,2583878,268.3589699395109,52560.102854433615,2.2981,450.1
2004.34,37.66,1.15,40547515,1451102,2589174,268.3417015781365,52556.72071725306,2.2981,450.1
2004.34,37.69,1.16,40553413,1451192,2587596,268.31580320261423,52551.64832752999,2.2981,450.1
2004.34,37.69,1.17,40555210,1451054,2587596,268.31580320261423,52551.64832752999,2.2981,450.1
2004.34,37.71,1.17,40555210,1451054,2592892,268.29854039600013,52548.26727829062,2.2981,450.1
2004.34,37.72,1.19,40557526,1450820,2591419,268.2899098256525,52546.57691681224,2.2981,450.1
2004.34,37.72,1.17,40559557,1450905,2590067,268.2899098256525,52546.57691681224,2.2981,450.1
2004.34,37.74,1.19,40562414,1450678,2594411,268.2726503506083,52543.19652008563,2.2981,450.1
2004.34,37.75,1.19,40561289,1450555,2594411,268.2640214458044,52541.5064848164,2.2981,450.1
2004.34,37.76,1.2,40561289,1450493,2594661,268.2553930960748,52539.816558262595,2.2981,450.1
2009.78,37.78,1.2,40565620,1450493,2599548,268.7217479534671,52631.15563024044,2.2981,450.1
2004.34,37.8,1.21,40567578,1450190,2599165,268.22088524682613,52533.057938991544,2.2981,450.1
2004.34,37.81,1.21,40569470,1450046,2604498,268.2122596716639,52531.36855585742,2.2981,450.1
2004.34,37.82,1.22,40571478,1450109,2604498,268.20363465125445,52529.67928137576,2.2981,450.1
2004.34,37.84,1.22,40571448,1449917,2598893,268.1863862744802,52526.30105832798,2.2981,450.1
2004.34,37.85,1.22,40574650,1449819,2604087,268.17776291800834,52524.612109740905,2.2981,450.1
2004.34,37.87,1.23,40574910,1449818,2603483,268.1605178686277,52521.23453838796,2.2981,450.1
2004.34,37.88,1.25,40574268,1449467,2608470,268.151896175612,52519.54591560114,2.2981,450.1
2004.34,37.89,1.25,40577192,1449604,2606151,268.14327503697467,52517.857401393456,2.2981,450.1
2004.34,37.9,1.25,40578161,1449444,2605287,268.1346544526623,52516.16899575445,2.2981,450.1
2004.34,37.91,1.25,40581109,1449475,2607400,268.1260344226214,52514.48069867365,2.2981,450.1
2004.34,37.92,1.25,40584076,1449228,2607400,268.1174149467985,52512.79251014055,2.2981,450.1
2004.34,37.93,1.26,40585483,1449239,2607400,268.1087960251401,52511.104430144725,2.2981,450.1
2004.34,37.94,1.26,40587868,1449239,2612534,268.10017765759295,52509.416458675696,2.2981,450.1
2004.34,37.94,1.27,40587868,1448967,2613688,268.10017765759295,52509.416458675696,2.2981,450.1
2004.34,37.98,1.27,40592718,1448946,2614181,268.06570972744703,52502.6656578582,2.2981,450.1
2004.34,37.99,1.28,40594454,1448833,2615799,268.05709412965416,52500.97822886617,2.2981,450.1
2004.34,38.01,1.28,40594454,1448655,2616662,268.0398645953869,52497.60369626373,2.2981,450.1
2004.34,38.03,1.29,40596989,1448505,2616672,268.0226372758552,52494.22959743372,2.2981,450.1
2004.34,38.04,1.31,40599767,1448602,2619374,268.0140244464815,52492.542710657224,2.2981,450.1
2004.34,38.04,1.31,40600789,1448408,2620500,268.0140244464815,52492.542710657224,2.2981,450.1
2004.34,38.05,1.31,40600359,1448422,2618240,268.00541217063176,52490.855932292485,2.2981,450.1
2004.34,38.06,1.32,40603125,1448368,2624022,267.9968004482523,52489.16926232905,2.2981,450.1
2004.34,38.08,1.32,40603125,1448315,2623103,267.97957866369114,52485.796247564256,2.2981,450.1
2004.34,38.1,1.33,40610203,1448315,2626829,267.9623590923714,52482.42366627926,2.2981,450.1
2004.34,38.12,1.33,40610203,1447904,2627239,267.9451417338664,52479.05151839053,2.2981,450.1
2004.34,38.14,1.34,40616696,1447840,2627826,267.92792658774965,52475.67980381451,2.2981,450.1
2004.34,38.17,1.34,40616394,1447545,2627826,267.9021080158698,52470.62304422915,2.2981,450.1
2004.34,38.18,1.34,40617721,1447704,2627643,267.8935029309755,52468.937674266606,2.2981,450.1
2004.34,38.19,1.35,40619051,1447434,2635576,267.88489839885847,52467.25241256961,2.2981,450.1
2004.34,38.2,1.35,40621597,1447298,2633091,267.8762944194656,52465.56725912774,2.2981,450.1
2009.78,38.22,1.35,40621558,1447297,2635089,268.34201461660246,52556.78202816796,2.2981,450.1
2009.78,38.22,1.37,40621609,1447297,2635089,268.34201461660246,52556.78202816796,2.2981,450.1
2009.78,38.22,1.38,40626164,1446972,2635768,268.34201461660246,52556.78202816796,2.2981,450.1
2004.34,38.26,1.38,40627457,1446934,2644373,267.8246821473318,52455.45861125019,2.2981,450.1
2004.34,38.27,1.39,40628841,1446584,2640492,267.8160820355167,52453.77421530224,2.2981,450.1
2004.34,38.28,1.39,40630583,1446609,2640181,267.80748247599973,52452.089927526,2.2981,450.1
2004.34,38.3,1.39,40630583,1446459,2642744,267.79028501364775,52448.72167644701,2.2981,450.1
2009.78,38.3,1.4,40632682,1446360,2642131,268.27308746563335,52543.282132318694,2.2981,450.1
2004.34,38.34,1.4,40637451,1446390,2644774,267.75589671418214,52441.9864718913,2.2981,450.1
2004.34,38.35,1.41,40637451,1446197,2644774,267.74730101926355,52440.302941025424,2.2981,450.1
2009.78,38.37,1.41,40641400,1446054,2646195,268.2128052490097,52531.47541124376,2.2981,450.1
2009.78,38.38,1.41,40641321,1445993,2646195,268.204195715249,52529.78916993759,2.2981,450.1
2009.78,38.38,1.43,40642532,1445849,2650239,268.204195715249,52529.78916993759,2.2981,450.1
2009.78,38.41,1.43,40643998,1445699,2650761,268.17837043000236,52524.73109548935,2.2981,450.1
2009.78,38.42,1.44,40645525,1445380,2652876,268.1697631067545,52523.04528712859,2.2981,450.1
2009.78,38.44,1.44,40648403,1445534,2653480,268.15255011769153,52519.673995027624,2.2981,450.1
2009.78,38.45,1.44,40648403,1445528,2641775,268.14394445177,52517.98851126656,2.2981,450.1
2009.78,38.47,1.45,40650573,1445225,2655854,268.12673477688054,52514.617868271154,2.2981,450.1
2009.78,38.48,1.45,40650573,1445140,2657463,268.1181307678064,52512.93270901601,2.2981,450.1
2009.78,38.5,1.46,40655489,1445052,2658413,268.1009244061335,52509.562714938744,2.2981,450.1
2004.34,38.51,1.46,40656166,1444641,2660964,267.60984491914456,52413.381140118785,2.2981,450.1
2009.78,38.52,1.47,40658871,1444877,2661157,268.08372025274014,52506.19315336946,2.2981,450.1
2004.34,38.54,1.49,40660582,1444653,2661157,267.58408761108984,52408.336379509834,2.2981,450.1
2009.78,38.55,1.49,40660719,1444614,2660877,268.0579181622442,52501.13962178588,2.2981,450.1
2004.34,38.55,1.49,40661980,1444065,2676623,267.5755029435374,52406.65500843575,2.2981,450.1
2009.78,38.58,1.49,40665452,1444409,2665302,268.0321210379864,52496.087062877035,2.2981,450.1
2009.78,38.58,1.5,40665941,1444513,2664098,268.0321210379864,52496.087062877035,2.2981,450.1
2009.78,38.59,1.51,40665941,1444150,2666444,268.02352309992784,52494.403092675486,2.2981,450.1
2009.78,38.61,1.51,40673411,1444522,2653716,268.0063288785332,52491.03547636213,2.2981,450.1
2009.78,38.62,1.51,40671748,1444043,2669078,267.997732595091,52489.35183022953,2.2981,450.1
2009.78,38.63,1.52,40672155,1443921,2669112,267.9891368630814,52487.66829209911,2.2981,450.1
2009.78,38.64,1.51,40674607,1443988,2657108,267.9805416824514,52485.98486196049,2.2981,450.1
2004.34,38.64,1.51,40676996,1443732,2671104,267.49826571570804,52391.52752214447,2.2981,450.1
2009.78,38.66,1.51,40677663,1443512,2673925,267.9633529751179,52482.61832561708,2.2981,450.1
2004.34,38.67,1.53,40676686,1443611,2672387,267.472529881023,52386.48696725489,2.2981,450.1
2009.78,38.68,1.53,40673575,1443207,2681809,267.9461664726663,52479.252221116185,2.2981,450.1
2009.78,38.69,1.53,40676598,1443009,2685533,267.9375740481386,52477.56933078072,2.2981,450.1
2004.34,38.7,1.53,40678581,1443389,2673773,267.4467989979176,52381.44738216906,2.2981,450.1
2004.34,38.71,1.53,40679383,1442877,2673773,267.4382231369865,52379.76773593736,2.2981,450.1
2004.34,38.72,1.55,40680451,1443177,2676171,267.4296478260191,52378.08819742014,2.2981,450.1
2004.34,38.73,1.55,40682145,1443126,2677281,267.4210730649628,52376.4087666071,2.2981,450.1
2009.78,38.73,1.55,40682145,1442512,2694044,267.9032098601113,52470.838848629784,2.2981,450.1
2004.34,38.75,1.55,40684582,1442529,2694044,267.4039251923713,52373.05022805201,2.2981,450.1
2009.78,38.75,1.56,40683920,1442283,2694044,267.88603107140597,52467.47425492356,2.2981,450.1
2009.78,38.78,1.57,40683920,1442231,2698622,267.86026701879115,52462.42817334229,2.2981,450.1
2009.78,38.8,1.58,40686303,1442408,2683355,267.84309373672545,52459.064658152456,2.2981,450.1
2009.78,38.8,1.58,40688130,1442176,2692647,267.84309373672545,52459.064658152456,2.2981,450.1
2009.78,38.82,1.58,40690199,1442226,2683794,267.82592265657445,52455.701574224,2.2981,450.1
2009.78,38.83,1.58,40689070,1442060,2683794,267.8173379420845,52454.02019395686,2.2981,450.1
2009.78,38.84,1.59,40689070,1441849,2687614,267.8087537779144,52452.33892147395,2.2981,450.1
2009.78,38.85,1.59,40693728,1442064,2675062,267.80017016401126,52450.65775676494,2.2981,450.1
2004.34,38.86,1.61,40693413,1442090,2672514,267.30965118906636,52354.585962403195,2.2981,450.1
2009.78,38.87,1.61,40693914,1441576,2672514,267.78300458679416,52447.29575062707,2.2981,450.1
2009.78,38.89,1.61,40693877,1441582,2675900,267.76584121001,52443.93417546039,2.2981,450.1
2009.78,38.89,1.61,40695603,1441258,2691966,267.76584121001,52443.93417546039,2.2981,450.1
2009.78,38.91,1.62,40694866,1441258,2691966,267.7486800332357,52440.573031182015,2.2981,450.1
2009.78,38.93,1.63,40698058,1440391,2706348,267.73152105604817,52437.212317709105,2.2981,450.1
2009.78,38.94,1.63,40697821,1440728,2694241,267.7229423921674,52435.53212249883,2.2981,450.1
2009.78,38.95,1.63,40698875,1440551,2694241,267.71436427802473,52433.85203495885,2.2981,450.1
2009.78,38.95,1.64,40699149,1440426,2696629,267.71436427802473,52433.85203495885,2.2981,450.1
2009.78,38.98,1.64,40699149,1440227,2696629,267.6886332334973,52428.81241825732,2.2981,450.1
2004.34,39.01,1.64,40704063,1440462,2700947,267.18120280465337,52329.428389702145,2.2981,450.1
2004.34,39.02,1.65,40704063,1439940,2702881,267.17264396803216,52327.75207780832,2.2981,450.1
2004.34,39.03,1.67,40704271,1439951,2701747,267.164085679738,52326.07587330842,2.2981,450.1
2009.78,39.05,1.67,40706326,1439951,2701747,267.628613360575,52417.05707915009,2.2981,450.1
2009.78,39.06,1.68,40708876,1439651,2703695,267.62004129006607,52415.37817530079,2.2981,450.1
2009.78,39.07,1.68,40708876,1439246,2705318,267.61146976866155,52413.69937899769,2.2981,450.1
2004.34,39.08,1.69,40710244,1439428,2707544,267.1213024613285,52317.69646135677,2.2981,450.1
2009.78,39.08,1.69,40711554,1439285,2708597,267.6028987963089,52412.02069023048,2.2981,450.1
2009.78,39.11,1.69,40712572,1439266,2709918,267.57718917303373,52406.98526904073,2.2981,450.1
2009.78,39.12,1.7,40711432,1439133,2709968,267.5686203963606,52405.3070103137,2.2981,450.1
2009.78,39.13,1.7,40715349,1438934,2709968,267.5600521684755,52403.6288590709,2.2981,450.1
2009.78,39.14,1.7,40716375,1438840,2712375,267.5514844893257,52401.95081530199,2.2981,450.1
2009.78,39.15,1.7,40716970,1438987,2706643,267.5429173588586,52400.27287899667,2.2981,450.1
2009.78,39.16,1.7,40716970,1438656,2701517,267.5343507770213,52398.5950501446,2.2981,450.1
2009.78,39.18,1.7,40717979,1438406,2715930,267.51721925902575,52395.23971475893,2.2981,450.1
2009.78,39.2,1.73,40717979,1438406,2705499,267.5000899349176,52391.88480906245,2.2981,450.1
2009.78,39.2,1.73,40717979,1438153,2705499,267.5000899349176,52391.88480906245,2.2981,450.1
2009.78,39.22,1.73,40717979,1437989,2719536,267.4829628042754,52388.53033297262,2.2981,450.1
2009.78,39.24,1.75,40730212,1437506,2736009,267.46583786667793,52385.17628640693,2.2981,450.1
2009.78,39.26,1.75,40730212,1437562,2731843,267.4487151217039,52381.82266928286,2.2981,450.1
2004.34,39.27,1.76,40730011,1437132,2736275,266.9588511218891,52285.87915667826,2.2981,450.1
2009.78,39.28,1.76,40728214,1437413,2736275,267.4315945689323,52378.46948151797,2.2981,450.1
2009.78,39.3,1.78,40728214,1437239,2738543,267.4144762079421,52375.11672302979,2.2981,450.1
2004.34,39.31,1.78,40728214,1437259,2719853,266.92467601453177,52279.1857073847,2.2981,450.1
2009.78,39.33,1.78,40732852,1436775,2729180,267.38880277512646,52370.08839001107,2.2981,450.1
2009.78,39.35,1.78,40733722,1436574,2729180,267.3716898917488,52366.7367043541,2.2981,450.1
2009.78,39.36,1.79,40733722,1436483,2729180,267.36313427145217,52365.061022401394,2.2981,450.1
2009.78,39.38,1.8,40733722,1436367,2731756,267.3460246733802,52361.709980196014,2.2981,450.1
2009.78,39.39,1.79,40736521,1436367,2731756,267.33747069549986,52360.03461992276,2.2981,450.1
2009.78,39.4,1.79,40737964,1436010,2733263,267.3289172649865,52358.35936685542,2.2981,450.1
2009.78,39.41,1.81,40737964,1436046,2733689,267.32036438178756,52356.68422098368,2.2981,450.1
2009.78,39.43,1.81,40738972,1435793,2736863,267.30326025712304,52353.33425078591,2.2981,450.1
2009.78,39.43,1.82,40740989,1435652,2738517,267.30326025712304,52353.33425078591,2.2981,450.1
2009.78,39.46,1.82,40743251,1435624,2738517,267.27760817367175,52348.31009919919,2.2981,450.1
2009.78,39.47,1.82,40742896,1435322,2739290,267.2690585732567,52346.63559628513,2.2981,450.1
2009.78,39.48,1.82,40741990,1435294,2739605,267.2605095197886,52344.9612004947,2.2981,450.1
2009.78,39.49,1.83,40741990,1435294,2742566,267.25196101321495,52343.28691181761,2.2981,450.1
2009.78,39.51,1.85,40744370,1434988,2742606,267.2348656405409,52339.93865576236,2.2981,450.1
2009.78,39.52,1.84,40747890,1435007,2742606,267.22631877433565,52338.26468836364,2.2981,450.1
2004.34,39.53,1.85,40748375,1434886,2743997,266.7368692193316,52242.40234786178,2.2981,450.1
2009.78,39.54,1.86,40750270,1434846,2750186,267.2092266819262,52334.917074772646,2.2981,450.1
2009.78,39.54,1.86,40748164,1434472,2745304,267.2092266819262,52334.917074772646,2.2981,450.1
2009.78,39.56,1.86,40751885,1434947,2732561,267.1921367758355,52331.56988938844,2.2981,450.1
2009.78,39.57,1.86,40748260,1434394,2748453,267.1835926425285,52329.8964572482,2.2981,450.1
2009.78,39.59,1.86,40752998,1434228,2750172,267.16650601512924,52326.549914020135,2.2981,450.1
2009.78,39.6,1.86,40751902,1434115,2750112,267.15796352093207,52324.87680291177,2.2981,450.1
2009.78,39.61,1.86,40752796,1433556,2762588,267.1494215730001,52323.20379879351,2.2981,450.1
2009.78,39.62,1.88,40753166,1433832,2750664,267.14088017128086,52321.530901655075,2.2981,450.1
2009.78,39.62,1.88,40753354,1433608,2750664,267.14088017128086,52321.530901655075,2.2981,450.1
2009.78,39.64,1.88,40753673,1433819,2741416,267.12379900627104,52318.185428276665,2.2981,450.1
2009.78,39.65,1.88,40753062,1433395,2741416,267.1152592428757,52316.512852016174,2.2981,450.1
2009.78,39.67,1.9,40751083,1433107,2759724,267.0981813540423,52313.16802030132,2.2981,450.1
2009.78,39.68,1.9,40755054,1433228,2756308,267.0896432284996,52311.49576482645,2.2981,450.1
2009.78,39.69,1.91,40755054,1432950,2762830,267.081105648803,52309.823616259615,2.2981,450.1
2009.78,39.71,1.91,40757717,1432896,2759207,267.0640321267388,52306.47963980905,2.2981,450.1
2009.78,39.72,1.92,40757717,1432896,2762237,267.05549618426664,52304.80781190481,2.2981,450.1
2009.78,39.74,1.92,40762289,1432391,2761128,267.0384259361805,52301.46447668719,2.2981,450.1
1982.62,39.74,1.93,40763736,1432442,2762096,264.639057259523,51831.53025216976,2.2981,450.1
1966.33,39.76,1.93,40770856,1432752,2777913,263.1831433791053,51546.37867583451,2.2981,450.1
1944.61,39.77,1.91,40763936,1432926,2777485,261.256128573397,51168.95847477743,2.2981,450.1
1922.88,39.79,1.91,40765888,1433276,2766159,259.3200667806613,50789.76635393398,2.2981,450.1
1895.73,39.79,1.91,40763459,1433227,2765157,256.92196474205787,50320.08020991265,2.2981,450.1
1863.15,39.8,1.9,40765208,1433967,2766330,254.0361245695061,49754.86691994896,2.2981,450.1
1835.99,39.81,1.88,40761688,1434408,2751838,251.62917535399916,49283.44799044213,2.2981,450.1
1819.7,39.81,1.87,40757278,1434099,2765634,250.19040608260244,49001.65431346738,2.2981,450.1
1787.12,39.81,1.87,40757588,1434347,2766221,247.3128675398089,48438.06695951786,2.2981,450.1
1765.4,39.81,1.86,40755276,1435268,2752617,245.39450851127992,48062.34205688486,2.2981,450.1
1738.24,39.82,1.85,40745398,1435169,2762514,242.98791231891497,47590.9922695895,2.2981,450.1
1673.07,39.82,1.85,40743504,1435339,2759879,237.23213592506212,46463.68059695856,2.2981,450.1
1673.07,39.82,1.81,40734372,1435672,2773025,237.23213592506212,46463.68059695856,2.2981,450.1
1662.21,39.82,1.81,40726443,1435538,2756938,236.272987058448,46275.82414821264,2.2981,450.1
1645.92,39.82,1.81,40732006,1435739,2768459,234.83426375852684,45994.03947509375,2.2981,450.1
1635.06,39.83,1.8,40732711,1435733,2757459,233.86764236603588,45804.71947650353,2.2981,450.1
1618.77,39.83,1.8,40737681,1435733,2750903,232.42896503465263,45522.94380666515,2.2981,450.1
1607.91,39.84,1.8,40736829,1435983,2759360,231.46245137468085,45333.64490829114,2.2981,450.1
1591.62,39.84,1.79,40741233,1436455,2750032,230.02382000889816,45051.878241157945,2.2981,450.1
1586.18,39.85,1.78,40742790,1436532,2760211,229.53605942784063,44956.34669878207,2.2981,450.1
1580.75,39.85,1.78,40742182,1436251,2766744,229.05653096013415,44862.42747711432,2.2981,450.1
1569.89,39.85,1.78,40746442,1436251,2766744,228.09747402472135,44674.58903377882,2.2981,450.1
1553.6,39.85,1.78,40746442,1436391,2776067,226.6588886216021,44392.83136877556,2.2981,450.1
1542.74,39.85,1.78,40755375,1436968,2764593,225.6998316861892,44204.99292544005,2.2981,450.1
1537.31,39.85,1.76,40756281,1437246,2757735,225.22030321848283,44111.0737037723,2.2981,450.1
1531.88,39.85,1.76,40758816,1436872,2765115,224.7407747507764,44017.15448210455,2.2981,450.1
1521.02,39.84,1.76,40763517,1437039,2765507,223.78886761944088,43830.716381145445,2.2981,450.1
1521.02,39.84,1.76,40766606,1437039,2761465,223.78886761944088,43830.716381145445,2.2981,450.1
1515.59,39.84,1.76,40766606,1437074,2768836,223.30932383084664,43736.79415876772,2.2981,450.1
1510.16,39.84,1.78,40775920,1436624,2778677,222.8297800422524,43642.87193638999,2.2981,450.1
1504.72,39.83,1.78,40788965,1437259,2768944,222.3564573830714,43550.16816853942,2.2981,450.1
1499.29,39.83,1.79,40785350,1437228,2772135,221.87689827261025,43456.242945259946,2.2981,450.1
1504.72,39.83,1.79,40787072,1436990,2775588,222.3564573830714,43550.16816853942,2.2981,450.1
1521.02,39.83,1.79,40787072,1437053,2775588,223.7960178804039,43832.11681300631,2.2981,450.1
1559.03,39.83,1.81,40787072,1434259,2770672,227.15293165363144,44489.59337596255,2.2981,450.1
1575.32,39.83,1.83,40741655,1433186,2769584,228.59160898501463,44771.36904580093,2.2981,450.1
1586.18,39.84,1.84,40735535,1432529,2769377,229.54339308257173,44957.78304967823,2.2981,450.1
1597.05,39.84,1.86,40758524,1433203,2774503,230.5033637974924,45145.80046353568,2.2981,450.1
1602.48,39.84,1.87,40763253,1433492,2771108,230.98290758608664,45239.72268591341,2.2981,450.1
1607.91,39.84,1.87,40766580,1433512,2778740,231.46245137468085,45333.64490829114,2.2981,450.1
1613.34,39.84,1.86,40771248,1433584,2777556,231.9419951632751,45427.56713066887,2.2981,450.1
1624.2,39.83,1.86,40775037,1433845,2777573,232.90852414511372,45616.86902994461,2.2981,450.1
1635.06,39.83,1.86,40779280,1434036,2777573,233.86764236603588,45804.71947650353,2.2981,450.1
1651.35,39.83,1.86,40776658,1434264,2780620,235.30631969741916,46086.49514634192,2.2981,450.1
1662.21,39.83,1.86,40778866,1434271,2780620,236.26543791834132,46274.34559290085,2.2981,450.1
1673.07,39.83,1.86,40787099,1434849,2779241,237.22455613926348,46462.19603945977,2.2981,450.1
1694.8,39.83,1.9,40787099,1434849,2783448,239.1436757470571,46838.06990720613,2.2981,450.1
1721.95,39.82,1.9,40787099,1434131,2783448,241.5491890189938,47309.20759647061,2.2981,450.1
1727.38,39.82,1.94,40767722,1433515,2783448,242.02876345230084,47403.13582084358,2.2981,450.1
1738.24,39.82,1.96,40788600,1434517,2783448,242.98791231891497,47590.9922695895,2.2981,450.1
1759.97,39.81,1.97,40788600,1434586,2785363,244.91491875414764,47968.41083122661,2.2981,450.1
1776.26,39.81,1.97,40777846,1433235,2781298,246.3536880255444,48250.204508201365,2.2981,450.1
1803.41,39.8,1.97,40775228,1433102,2781298,248.7595854175904,48721.417430249974,2.2981,450.1
1819.7,39.8,1.99,40755901,1431814,2779908,250.1984006634007,49003.220111656,2.2981,450.1
1846.86,39.8,2.0,40745773,1431242,2778007,252.59730932369575,49473.06423854292,2.2981,450.1
1857.72,39.79,2.0,40741028,1431242,2778007,253.5646218880131,49662.51960828281,2.2981,450.1
1879.44,39.79,2.0,40756489,1430961,2778007,255.48310351889583,50038.268523499864,2.2981,450.1
1890.3,39.78,2.0,40768462,1431432,2781740,256.4505392132026,50227.74800916518,2.2981,450.1
1901.16,39.78,2.05,40768056,1431429,2781740,257.4098106821708,50415.628470495234,2.2981,450.1
1917.45,39.77,2.05,40762835,1431437,2779782,258.8569899269719,50699.069303394135,2.2981,450.1
1939.18,39.76,2.05,40762835,1432217,2782246,260.7848114243561,51076.64750102376,2.2981,450.1
1944.61,39.75,2.06,40788013,1432804,2783956,261.2728275908833,51172.22910171733,2.2981,450.1
1955.47,39.74,2.06,40788444,1432695,2778433,262.2405720028496,51361.76905203543,2.2981,450.1
1966.33,39.73,2.05,40787556,1432460,2781597,263.20837827523593,51551.3211181775,2.2981,450.1
1982.62,39.73,2.06,40786774,1432492,2781312,264.64751542422704,51833.186846718854,2.2981,450.1
1998.91,39.73,2.06,40786774,1431393,2781312,266.0866525732181,52115.05257526021,2.2981,450.1
2004.34,39.71,2.09,40783151,1431900,2779850,266.5834055727821,52212.34534977122,2.2981,450.1
2020.64,39.7,2.08,40797880,1432717,2781768,268.0320853826299,52496.080079509906,2.2981,450.1
2042.36,39.7,2.09,40799187,1432677,2781917,269.9511189180891,52871.937089348554,2.2981,450.1
2053.22,39.68,2.1,40774157,1431152,2777059,270.9279556765924,53063.25784345079,2.2981,450.1
2053.22,39.68,2.1,40778701,1431420,2779558,270.9279556765924,53063.25784345079,2.2981,450.1
2069.51,39.67,2.1,40796734,1432007,2779558,272.37602968315554,53346.87392210449,2.2981,450.1
2091.23,39.67,2.11,40799538,1431905,2779544,274.29524725737855,53722.76697730565,2.2981,450.1
2096.67,39.64,2.11,40782247,1430644,2774615,274.80228930184495,53822.07493788801,2.2981,450.1
2123.82,39.64,2.12,40787035,1431052,2772754,277.2015413622067,54291.986322235425,2.2981,450.1
2140.11,39.62,2.12,40783758,1430662,2772754,278.65891023391293,54577.422869450515,2.2981,450.1
2150.97,39.61,2.13,40792792,1430663,2772620,279.62761278502745,54767.15047845649,2.2981,450.1
2161.83,39.61,2.13,40791381,1430797,2773657,280.5874056638617,54955.133061792,2.2981,450.1
2178.13,39.59,2.15,40800401,1431288,2773657,282.0460147083345,55240.812506079536,2.2981,450.1
2188.99,39.57,2.15,40798215,1431240,2771695,283.02396860024544,55432.35205907945,2.2981,450.1
2205.28,39.57,2.15,40795554,1431081,2769697,284.4638420690876,55714.36200134735,2.2981,450.1
2221.57,39.56,2.15,40782275,1430207,2770439,285.91285831288224,55998.16262418011,2.2981,450.1
2227.0,39.54,2.16,40782275,1430469,2770439,286.41114948803454,56095.756661835585,2.2981,450.1
2210.71,39.52,2.17,40802381,1431193,2771149,284.9893661119941,55817.28979896809,2.2981,450.1
2156.4,39.51,2.17,40821073,1431193,2770824,280.1970977580672,54878.68835164094,2.2981,450.1
2140.11,39.49,2.15,40821976,1433634,2773153,278.7747804307221,54600.11691043385,2.2981,450.1
2134.68,39.47,2.12,40817200,1433735,2766625,278.3125038176343,54509.5765929756,2.2981,450.1
2112.96,39.45,2.12,40804344,1433407,2763466,276.40974184868975,54136.90649062063,2.2981,450.1
2096.67,39.45,2.11,40806164,1433407,2760259,274.9693156453106,53854.78829117719,2.2981,450.1
2069.51,39.41,2.11,40806164,1434028,2757396,272.6026030377679,53391.25000100054,2.2981,450.1
2058.65,39.38,2.11,40797823,1433990,2756138,271.66827115701057,53208.25414375809,2.2981,450.1
2036.93,39.36,2.1,40797823,1434146,2763139,269.76453599287083,52835.39343387633,2.2981,450.1
2020.64,39.33,2.1,40796304,1434532,2751061,268.34945568342215,52558.23941652162,2.2981,450.1
2009.78,39.31,2.1,40802262,1434685,2747853,267.40591784923356,52373.44050473871,2.2981,450.1
2004.34,39.31,2.1,40796622,1434804,2747976,266.92467601453177,52279.1857073847,2.2981,450.1
1988.05,39.27,2.1,40793170,1434936,2740415,265.5175950205629,52003.598415541266,2.2981,450.1
1977.19,39.27,2.1,40791472,1434949,2737362,264.55675761967876,51815.41125478327,2.2981,450.1
1955.47,39.24,2.1,40793219,1435089,2745940,262.66030466395085,51443.97681965289,2.2981,450.1
1917.45,39.23,2.08,40790087,1435374,2754600,259.3044666366222,50786.71094954251,2.2981,450.1
1906.59,39.23,2.07,40789864,1435764,2742695,258.3435062013055,50598.499691574616,2.2981,450.1
1879.44,39.23,2.06,40779127,1435605,2739172,255.94110511301383,50127.971546654866,2.2981,450.1
1846.86,39.17,2.07,40774802,1435605,2739172,253.1068389883792,49572.85941807123,2.2981,450.1
1825.13,39.16,2.07,40773555,1436509,2723311,251.19170663124257,49197.76648306092,2.2981,450.1
1792.55,39.14,2.05,40764734,1436440,2730521,248.32408157690196,48636.12075965518,2.2981,450.1
1776.26,39.14,2.05,40760191,1436466,2722672,246.88222550986063,48353.722510764674,2.2981,450.1
1759.97,39.1,2.05,40753418,1436562,2727386,245.4718109633244,48077.48231782443,2.2981,450.1
1749.1,39.09,2.04,40750620,1436503,2727161,244.51739603905656,47890.553046942856,2.2981,450.1
1732.81,39.08,2.04,40747964,1436377,2737038,243.0830942191932,47609.634353622074,2.2981,450.1
1705.66,39.07,2.02,40746942,1436803,2723742,240.6872476333936,47140.38995682976,2.2981,450.1
1683.94,39.06,2.02,40747206,1437476,2711649,238.77198941267,46765.272370498584,2.2981,450.1
1673.07,39.04,2.01,40735059,1436924,2711649,237.8248553139648,46579.76910352708,2.2981,450.1
1640.49,39.03,2.0,40729068,1436924,2711649,234.94774526912047,46016.26567409214,2.2981,450.1
1635.06,39.01,2.0,40736098,1437429,2717287,234.48197945836085,45925.041971284205,2.2981,450.1
1613.34,39.01,2.0,40736307,1437429,2728830,232.5587040817321,45548.354165261575,2.2981,450.1
1591.62,38.99,2.0,40724349,1437594,2713207,230.65020639644084,45174.56068014361,2.2981,450.1
1569.89,38.98,2.0,40721343,1437509,2711716,228.73325015134012,44799.11052309221,2.2981,450.1
1542.74,38.97,2.0,40719969,1437480,2709916,226.336176207155,44329.6257390194,2.2981,450.1
1499.29,38.96,1.99,40724318,1438466,2709916,222.49537541687727,43577.37630004633,2.2981,450.1
1483.0,38.94,1.95,40724318,1438871,2714204,221.06685376072684,43297.589694836235,2.2981,450.1
1515.59,38.93,1.95,40691842,1437468,2696032,223.96047572999453,43864.32710764134,2.2981,450.1
1548.17,38.92,1.98,40682427,1436386,2702016,226.85339740497116,44430.92736259411,2.2981,450.1
1580.75,38.93,2.0,40673703,1434372,2710378,229.73178092323124,44994.680211281666,2.2981,450.1
1597.05,38.93,2.0,40669718,1433600,2710378,231.1754929344307,45277.44196065763,2.2981,450.1
1645.92,38.94,2.05,40675135,1433660,2710378,235.4964258018717,46123.72884270592,2.2981,450.1
1662.21,38.95,2.07,40675619,1433340,2697119,236.93161409702807,46404.821158814826,2.2981,450.1
1700.23,38.95,2.07,40670553,1433340,2697119,240.2988787110094,47064.32501102012,2.2981,450.1
1727.38,38.96,2.08,40673357,1431858,2703519,242.69565889483383,47533.75225993853,2.2981,450.1
1738.24,38.98,2.11,40673357,1431609,2706199,243.64183807532373,47719.06849906585,2.2981,450.1
1759.97,38.99,2.11,40679737,1432537,2707640,245.55831669538688,48094.42510969655,2.2981,450.1
1787.12,39.0,2.11,40670319,1432159,2707769,247.95462125663497,48563.75920439119,2.2981,450.1
1803.41,39.01,2.12,40677993,1432618,2708659,249.38913459903551,48844.719325976206,2.2981,450.1
1835.99,39.01,2.13,40667779,1431345,2707187,252.2740476639787,49409.75103501015,2.2981,450.1
1863.15,39.02,2.13,40652716,1430726,2707187,254.6708690265783,49879.18634909834,2.2981,450.1
1879.44,39.03,2.13,40650966,1430494,2706349,256.10507532578407,50160.08633398696,2.2981,450.1
1895.73,39.03,2.14,40656072,1430754,2707457,257.54743944640785,50442.58408895531,2.2981,450.1
1912.02,39.04,2.16,40656195,1430731,2707967,258.9815076637814,50723.45702948872,2.2981,450.1
1939.18,39.04,2.16,40656195,1430731,2710140,261.3862562631579,51194.444951937425,2.2981,450.1
1960.9,39.06,2.13,40643215,1430163,2708553,263.29247937082005,51567.79294408691,2.2981,450.1
1977.19,39.07,2.13,40648648,1430688,2708553,264.72622578803424,51848.60285766252,2.2981,450.1
1998.91,39.07,2.12,40647275,1430524,2708722,266.64913156462904,52225.21827476592,2.2981,450.1
2036.93,39.08,2.12,40647275,1429555,2695995,270.0064540343083,52882.77488396596,2.2981,450.1
2036.93,39.09,2.12,40623713,1429521,2708381,269.99780663314135,52881.08122604628,2.2981,450.1
1998.91,39.1,2.13,40623713,1431440,2701331,266.6235127529495,52220.20063970349,2.2981,450.1
1993.48,39.1,2.11,40668679,1432245,2701331,266.1428324954888,52126.05583143445,2.2981,450.1
1993.48,39.11,2.07,40670159,1432407,2728791,266.13430937909555,52124.386515613296,2.2981,450.1
1988.05,39.11,2.08,40666083,1432577,2710011,265.6536445152253,52030.2447222936,2.2981,450.1
1988.05,39.11,2.07,40673906,1432873,2714590,265.6536445152253,52030.2447222936,2.2981,450.1
1988.05,39.11,2.07,40672890,1432886,2712459,265.6536445152253,52030.2447222936,2.2981,450.1
1982.62,39.11,2.06,40676491,1433205,2694936,265.17297965135515,51936.10292897392,2.2981,450.1
1993.48,39.11,2.08,40676491,1433119,2698210,266.13430937909555,52124.386515613296,2.2981,450.1
2015.21,39.11,2.07,40669176,1431713,2696821,268.0578540369039,52501.127062360414,2.2981,450.1
2020.64,39.11,2.08,40655242,1430870,2698412,268.5385189007742,52595.268855680115,2.2981,450.1
2026.07,39.12,2.11,40656781,1430496,2709844,269.0105688101574,52687.72334600402,2.2981,450.1
2026.07,39.12,2.11,40671837,1430715,2714114,269.0105688101574,52687.72334600402,2.2981,450.1
2026.07,39.13,2.11,40678431,1431158,2714114,269.00195440741595,52686.03615107173,2.2981,450.1
2004.34,39.13,2.12,40684604,1431121,2731334,267.0785329431939,52309.319732705975,2.2981,450.1
1993.48,39.14,2.11,40698173,1432144,2713981,266.10874330499337,52119.37920959816,2.2981,450.1
1988.05,39.14,2.12,40694291,1431866,2713981,265.62812461597963,52025.246459967995,2.2981,450.1
1988.05,39.14,2.11,40694654,1431866,2713981,265.62812461597963,52025.246459967995,2.2981,450.1
1988.05,39.14,2.11,40691769,1431876,2708041,265.62812461597963,52025.246459967995,2.2981,450.1
1988.05,39.15,2.11,40694608,1431562,2714256,265.61961907244404,52023.58058592189,2.2981,450.1
1993.48,39.15,2.12,40695623,1431741,2697280,266.1002223718104,52117.710321374994,2.2981,450.1
1998.91,39.15,2.13,40697743,1431195,2697280,266.58082567117674,52211.84005682811,2.2981,450.1
1998.91,39.16,2.13,40704099,1430928,2717214,266.57228989500334,52210.16826149473,2.2981,450.1
1993.48,39.16,2.14,40705921,1431246,2714517,266.0917019842989,52116.04154002565,2.2981,450.1
1998.91,39.17,2.14,40706342,1431167,2715710,266.5637546654345,52208.496573217904,2.2981,450.1
1998.91,39.17,2.16,40711418,1431082,2715434,266.5637546654345,52208.496573217904,2.2981,450.1
1998.91,39.18,2.16,40712179,1431096,2715209,266.55521998241755,52206.82499198737,2.2981,450.1
1998.91,39.18,2.16,40713241,1430755,2717030,266.55521998241755,52206.82499198737,2.2981,450.1
1998.91,39.19,2.18,40714357,1430760,2716347,266.54668584590024,52205.15351779284,2.2981,450.1
1993.48,39.2,2.18,40715077,1430760,2717897,266.05762588991956,52109.36748316123,2.2981,450.1
1993.48,39.2,2.18,40720256,1430743,2716758,266.05762588991956,52109.36748316123,2.2981,450.1
1993.48,39.21,2.19,40721359,1430919,2705217,266.0491082299795,52107.69923602706,2.2981,450.1
1993.48,39.21,2.19,40725898,1430919,2705217,266.0491082299795,52107.69923602706,2.2981,450.1
1993.48,39.22,2.19,40726645,1430404,2720176,266.0405911153964,52106.03109570512,2.2981,450.1
1998.91,39.23,2.19,40724238,1430290,2719846,266.51255476377645,52198.46869116914,2.2981,450.1
1993.48,39.24,2.22,40724980,1430290,2719470,266.0235585220922,52102.69513545699,2.2981,450.1
1993.48,39.24,2.22,40725824,1430027,2720698,266.0235585220922,52102.69513545699,2.2981,450.1
1993.48,39.25,2.22,40725824,1430058,2722401,266.01504304326625,52101.02731551028,2.2981,450.1
1993.48,39.26,2.23,40734141,1430035,2723307,266.006528109588,52099.359602334785,2.2981,450.1
1993.48,39.26,2.23,40737890,1429865,2723307,266.006528109588,52099.359602334785,2.2981,450.1
1993.48,39.26,2.23,40737704,1430008,2723307,266.006528109588,52099.359602334785,2.2981,450.1
1993.48,39.26,2.25,40739936,1429690,2725176,266.006528109588,52099.359602334785,2.2981,450.1
1993.48,39.31,2.25,40740090,1429585,2724713,265.96396161657935,52091.02263766694,2.2981,450.1
1993.48,39.31,2.25,40740665,1429572,2725974,265.96396161657935,52091.02263766694,2.2981,450.1
1993.48,39.31,2.25,40742933,1429572,2725576,265.96396161657935,52091.02263766694,2.2981,450.1
1993.48,39.32,2.26,40742933,1429607,2725576,265.9554499526879,52089.35556490354,2.2981,450.1
1993.48,39.34,2.26,40745947,1429500,2726924,265.93842825919666,52086.021739464966,2.2981,450.1
1993.48,39.35,2.28,40750715,1429189,2725412,265.9299182294924,52084.35498676931,2.2981,450.1
1993.48,39.36,2.28,40750715,1428583,2743900,265.9214087444126,52082.68834074241,2.2981,450.1
1993.48,39.38,2.29,40749292,1428951,2730859,265.9043914079173,52079.35536865392,2.2981,450.1
1993.48,39.38,2.29,40749896,1428738,2730859,265.9043914079173,52079.35536865392,2.2981,450.1
1993.48,39.39,2.29,40750372,1428414,2747684,265.8958835563972,52077.68904257186,2.2981,450.1
1993.48,39.4,2.29,40755496,1428808,2731534,265.8873762492926,52076.022823117615,2.2981,450.1
1993.48,39.41,2.3,40752677,1428776,2721113,265.878869486551,52074.35671028094,2.2981,450.1
1993.48,39.42,2.3,40755858,1428776,2734012,265.87036326812034,52072.6907040516,2.2981,450.1
1993.48,39.43,2.31,40755058,1428756,2727046,265.8618575939484,52071.02480441939,2.2981,450.1
1993.48,39.45,2.33,40759581,1428290,2735546,265.84484787817144,52067.69332490535,2.2981,450.1
1993.48,39.45,2.33,40761188,1427956,2742544,265.84484787817144,52067.69332490535,2.2981,450.1
1564.46,23.85,30.93,38040050,1236616,1618879,239.88019178230869,46982.32205788136,2.2981,450.1
1613.34,23.85,31.27,38034573,1236616,1618879,244.42937732711607,47873.31392669377,2.2981,450.1
1613.34,23.85,31.27,38034573,1236616,1618030,244.42937732711607,47873.31392669377,2.2981,450.1
1651.35,23.84,31.99,38032139,1227363,1617409,247.9752582204729,48567.80110745176,2.2981,450.1
1694.8,23.83,32.29,38034419,1224254,1618077,252.0277043414167,49361.50286065518,2.2981,450.1
1678.51,23.83,32.59,38023265,1224254,1618077,250.51151728782273,49064.54633447153,2.2981,450.1
1721.95,23.82,32.59,38020966,1220069,1616993,254.56325449464416,49858.10924156449,2.2981,450.1
1754.53,23.81,33.28,38019379,1218640,1617512,257.6044051374836,50453.741243802,2.2981,450.1
1743.67,23.8,33.4,38019465,1216953,1616420,256.6021866605251,50257.44929111107,2.2981,450.1
1803.41,23.8,33.4,38019465,1213403,1616202,262.1630316768309,51346.58220170645,2.2981,450.1
1759.97,23.8,33.73,38008365,1212468,1615916,258.1194577312613,50554.61813012521,2.2981,450.1
1776.26,23.78,33.92,38000541,1210016,1615637,259.6532859747226,50855.02981472637,2.2981,450.1
1846.86,23.78,34.13,38009523,1207956,1614525,266.2254671230614,52142.240438662346,2.2981,450.1
1906.59,23.77,34.46,38000948,1204984,1614571,271.794909292617,53233.05716574862,2.2981,450.1
1928.32,23.76,34.94,37994322,1203514,1613516,273.82705372675576,53631.06778748218,2.2981,450.1
1950.04,23.75,35.08,37994780,1201674,1612972,275.8584040538212,54028.92287743132,2.2981,450.1
1912.02,23.75,35.19,37987105,1200794,1612895,272.31875000860873,53335.655271256604,2.2981,450.1
1868.58,23.74,35.25,37984575,1198628,1612345,268.2835312554112,52545.32762632636,2.2981,450.1
1933.75,23.74,35.25,37984575,1197481,1612345,274.3510489824621,53733.69616074418,2.2981,450.1
1977.19,23.72,35.25,37966542,1197481,1609060,278.4141954914274,54529.4936646323,2.2981,450.1
1960.9,23.71,36.15,37969478,1194657,1609365,276.9067741843419,54234.253975184845,2.2981,450.1
1993.48,23.69,36.27,37963542,1194657,1607815,279.9592354356434,54832.10124432492,2.2981,450.1
2036.93,23.69,36.38,37954635,1192393,1607815,284.00523899451576,55624.54117376596,2.2981,450.1
2026.07,23.68,36.43,37951819,1190295,1605390,283.0035047749481,55428.34406649152,2.2981,450.1
2064.08,23.68,36.88,37960396,1188774,1605615,286.54306234239334,56121.59277677702,2.2981,450.1
2015.21,23.66,36.88,37950657,1187714,1604889,282.01120414259503,55233.99459752928,2.2981,450.1
2047.79,23.65,37.33,37950657,1187314,1605144,285.05491901589045,55830.12882339859,2.2981,450.1
2031.5,23.63,37.29,37950657,1187314,1602697,283.55692005101406,55536.734569845285,2.2981,450.1
2026.07,23.62,37.35,37927369,1186201,1601434,283.0607215094108,55439.55039005519,2.2981,450.1
2069.51,23.6,37.65,37921805,1186201,1601434,287.12609808082465,56235.78466828214,2.2981,450.1
2031.5,23.59,37.65,37919996,1186201,1598302,283.5951429963603,55544.220818355076,2.2981,450.1
2004.34,23.57,37.65,37911610,1184233,1597271,281.0841340910643,55052.42102362302,2.2981,450.1
2036.93,23.55,38.27,37905682,1184368,1595837,284.1392488814697,55650.78800815871,2.2981,450.1
2015.21,23.54,38.38,37905329,1184834,1595246,282.1252671190927,55256.33468095542,2.2981,450.1
1998.91,23.52,38.43,37903108,1185922,1594769,280.6255835005511,54962.610475435395,2.2981,450.1
2004.34,23.51,38.52,37906463,1185589,1593263,281.1409838451446,55063.55547134573,2.2981,450.1
2031.5,23.49,38.72,37906463,1185460,1593263,283.6907454582657,55562.94527251444,2.2981,450.1
1993.48,23.47,38.94,37890543,1185824,1591085,280.1668783181052,54872.769649266425,2.2981,450.1
1944.61,23.45,38.95,37884196,1185824,1591085,275.6313815009689,53984.45881971461,2.2981,450.1
1993.48,23.42,38.95,37877145,1184275,1588120,280.21411284592637,54882.02088331729,2.2981,450.1
2020.64,23.41,39.16,37877845,1184122,1588433,282.7550509574985,55379.68253599499,2.2981,450.1
1982.62,23.39,39.35,37873897,1183945,1585509,279.2301700476569,54689.30835840494,2.2981,450.1
1955.47,23.37,39.57,37872990,1184399,1585321,276.71810526767706,54197.301762752475,2.2981,450.1
1955.47,23.35,39.66,37866737,1183543,1584027,276.7367709071555,54200.95756725587,2.2981,450.1
1966.33,23.35,39.75,37869493,1183021,1583449,277.74919863324055,54399.24907742117,2.2981,450.1
1988.05,23.33,39.91,37869493,1182696,1582022,279.7929271327721,54799.528524633715,2.2981,450.1
2031.5,23.31,40.07,37863928,1182047,1582022,283.86299241968544,55596.68112271026,2.2981,450.1
1928.32,23.3,40.07,37858891,1180578,1580636,274.2519498128219,53714.28685033339,2.2981,450.1
2004.34,23.28,40.3,37859011,1180594,1579509,281.3591210994184,55106.27927716298,2.2981,450.1
1971.76,23.28,40.38,37852949,1180067,1578522,278.32112068666447,54511.26427094891,2.2981,450.1
1944.61,23.27,40.41,37859253,1179871,1578522,275.79875768567365,54017.2406920159,2.2981,450.1
2004.34,23.26,40.76,37855322,1179307,1578522,281.37810555480786,55109.99752413691,2.2981,450.1
2004.34,23.26,40.76,37858510,1178257,1578522,281.37810555480786,55109.99752413691,2.2981,450.1
1955.47,23.24,41.07,37854008,1177118,1576956,276.83947695256796,54221.073311148706,2.2981,450.1
1971.76,23.23,41.22,37853635,1176486,1576488,278.3680741114378,54520.46044887436,2.2981,450.1
2031.5,23.22,41.39,37846112,1176486,1576488,283.94919436090004,55613.56441488235,2.2981,450.1
2004.34,23.21,41.34,37844841,1176293,1576488,281.4255779035653,55119.2953371893,2.2981,450.1
2004.34,23.2,41.51,37840378,1174272,1575090,281.4350742955985,55121.15527629298,2.2981,450.1
1971.76,23.2,41.82,37843365,1173649,1575090,278.39625377137827,54525.9796451405,2.2981,450.1
1982.62,23.19,41.98,37843365,1172579,1574577,279.41862261568525,54726.21819734561,2.2981,450.1
1998.91,23.18,42.12,37833289,1173193,1573379,280.9475647322529,55025.67289760543,2.2981,450.1
1988.05,23.17,42.27,37833484,1172540,1572859,279.9440032273362,54829.11790288675,2.2981,450.1
1950.04,23.17,42.29,37835488,1171377,1572354,276.39835368378607,54134.67603371139,2.2981,450.1
1977.19,23.16,42.57,37838530,1169806,1572878,278.9403739851508,54632.54964131952,2.2981,450.1
1960.9,23.15,42.73,37832837,1168516,1572390,277.4301214457095,54336.75543392971,2.2981,450.1
2004.34,23.14,42.92,37829575,1168390,1572390,281.49206610921937,55132.31754743468,2.2981,450.1
1988.05,23.13,42.92,37843442,1168135,1571766,279.9817977464705,54836.52024093224,2.2981,450.1
2004.34,23.12,43.46,37830755,1167642,1570583,281.51106851014475,55136.03930917548,2.2981,450.1
1966.33,23.12,43.57,37823443,1165760,1568427,277.9648205851279,54441.48024253343,2.2981,450.1
2031.5,23.11,43.6,37820887,1165405,1569167,284.0546234143656,55634.21348018188,2.2981,450.1
1988.05,23.11,43.6,37832691,1165405,1570532,280.00069883320145,54840.22215953353,2.2981,450.1
1998.91,23.11,43.71,37822007,1165405,1568770,281.0139467262151,55038.67430549995,2.2981,450.1
1971.76,23.1,44.04,37822247,1162616,1568251,278.49022719037276,54544.38503911353,2.2981,450.1
1998.91,23.1,44.2,37814246,1162616,1568251,281.0234324290582,55040.53215104612,2.2981,450.1
1988.05,23.1,44.3,37817291,1160841,1567657,280.010150333584,54842.07330627309,2.2981,450.1
1998.91,23.09,44.45,37820570,1160076,1566878,281.03291877230794,55042.390122020726,2.2981,450.1
2053.22,23.09,44.46,37813835,1159277,1567215,286.1004333456266,56034.9005913,2.2981,450.1
2004.34,23.07,44.99,37821808,1158904,1567355,281.5585857386422,55145.3459122592,2.2981,450.1
1977.19,23.06,45.11,37821808,1157980,1567355,279.03454378832606,54650.99349859691,2.2981,450.1
2026.07,23.05,45.27,37819776,1157806,1566381,283.6054366048205,55546.23689823321,2.2981,450.1
1977.19,23.04,45.46,37818286,1157806,1566381,279.05338537945255,54654.683764540976,2.2981,450.1
1966.33,23.03,45.67,37818286,1156705,1566442,278.0492855518801,54458.02333532102,2.2981,450.1
1966.33,23.03,45.87,37811349,1155822,1565700,278.0492855518801,54458.02333532102,2.2981,450.1
1998.91,23.03,45.88,37803888,1153983,1564331,281.0898502839776,55053.54058257619,2.2981,450.1
1988.05,23.02,46.14,37813615,1154049,1565111,280.0857853135844,54856.88698039439,2.2981,450.1
2009.78,23.01,46.24,37810948,1154049,1564268,282.12335592643007,55255.960359638906,2.2981,450.1
2036.93,23.01,46.48,37806246,1152615,1564018,284.65733098032166,55752.258245612815,2.2981,450.1
2009.78,23.01,46.48,37805667,1152625,1563975,282.12335592643007,55255.960359638906,2.2981,450.1
2074.94,23.0,46.68,37805667,1151114,1563662,288.2146277760487,56448.98131586943,2.2981,450.1
2020.64,23.0,46.87,37798580,1151114,1563644,283.146506540455,55456.35202726548,2.2981,450.1
1982.62,22.99,47.11,37800582,1149138,1562892,279.60732972895306,54763.17789086715,2.2981,450.1
2036.93,22.98,47.31,37796665,1148126,1562783,284.68616872026496,55757.90633174852,2.2981,450.1
1966.33,22.98,47.45,37799413,1147529,1562931,278.09623271791384,54467.21828742571,2.2981,450.1
2042.36,22.97,47.62,37794513,1147529,1562221,285.2026460675542,55859.06226665775,2.2981,450.1
2064.08,22.97,47.87,37796703,1147065,1562648,287.2300999429036,56256.154207519656,2.2981,450.1
2026.07,22.96,47.87,37794661,1146049,1561753,283.6916359540301,55563.11968274182,2.2981,450.1
2042.36,22.96,48.09,37795757,1145666,1561942,285.21227771275596,55860.94869610176,2.2981,450.1
2036.93,22.96,48.25,37798743,1145827,1561942,284.705397126514,55761.67235831512,2.2981,450.1
2042.36,22.96,48.4,37798743,1145827,1561835,285.21227771275596,55860.94869610176,2.2981,450.1
2058.65,22.95,48.55,37798743,1143576,1561557,286.7426031229332,56160.674324717045,2.2981,450.1
2020.64,22.95,48.67,37788833,1144177,1561557,283.1943191893136,55465.71649062707,2.2981,450.1
1982.62,22.95,48.74,37788833,1141687,1559967,279.6451017424254,54770.57582101114,2.2981,450.1
2047.79,22.95,48.99,37786547,1141607,1559967,285.72880771332757,55962.11494354848,2.2981,450.1
2042.36,22.95,49.03,37783269,1140606,1560461,285.22191000852473,55862.835252964185,2.2981,450.1
2031.5,22.95,49.15,37783310,1139952,1559747,284.20811459891917,55664.27587179563,2.2981,450.1
2020.64,22.94,49.26,37779203,1139679,1558938,283.20388365684676,55467.5897628244,2.2981,450.1
2015.21,22.94,49.33,37773619,1139880,1558267,282.6969688323268,55368.306719216,2.2981,450.1
2085.8,22.94,49.39,37773619,1139880,1558267,289.28686155108596,56658.986286124986,2.2981,450.1
2058.65,22.94,49.39,37773619,1139880,1558267,286.7522874284863,56162.57106808307,2.2981,450.1
2036.93,22.94,49.71,37773619,1139880,1558267,284.72462813040653,55765.43889364953,2.2981,450.1
2047.79,22.93,49.71,37773619,1139880,1558267,285.74810849742056,55965.89514585484,2.2981,450.1
2069.51,22.93,49.52,37773619,1139880,1558267,287.7758362789946,56363.04073329075,2.2981,450.1
2074.94,22.93,49.58,37777577,1137111,1559318,288.2827682243881,56462.32713014973,2.2981,450.1
2058.65,22.92,49.78,37779725,1137084,1557452,286.77165800216335,56166.36493919922,2.2981,450.1
2053.22,22.92,49.91,37786005,1136313,1557823,286.26470893473976,56067.075188863135,2.2981,450.1
2058.65,22.91,50.08,37777899,1135926,1558417,286.7813442704198,56168.26206697531,2.2981,450.1
2058.65,22.91,50.08,37777899,1135038,1557274,286.7813442704198,56168.26206697531,2.2981,450.1
2058.65,22.88,50.44,37773057,1134478,1556995,286.810407001657,56173.95421933154,2.2981,450.1
2069.51,22.88,50.64,37770118,1134733,1557511,287.8244421358806,56372.56055235189,2.2981,450.1
2069.51,22.88,50.69,37774995,1134240,1557511,287.8244421358806,56372.56055235189,2.2981,450.1
2069.51,22.88,50.61,37767602,1134240,1556512,287.8244421358806,56372.56055235189,2.2981,450.1
2080.37,22.88,50.81,37767602,1132541,1555549,288.8384772701042,56571.16688537223,2.2981,450.1
2096.67,22.88,51.06,37767602,1132541,1556885,290.3604637054491,56869.25926366243,2.2981,450.1
2069.51,22.88,51.06,37766133,1131277,1556641,287.8244421358806,56372.56055235189,2.2981,450.1
2080.37,22.88,51.24,37766133,1130676,1555621,288.8384772701042,56571.16688537223,2.2981,450.1
2053.22,22.89,51.19,37761630,1130476,1555878,286.29371832964597,56072.75689490174,2.2981,450.1
2091.23,22.89,51.39,37760607,1130476,1555878,289.8427214128265,56767.85557978906,2.2981,450.1
2107.53,22.89,51.45,37760607,1129788,1554882,291.3646564366582,57065.93788875153,2.2981,450.1
2026.07,22.88,51.69,37758071,1129855,1555357,283.76830159898606,55578.13522027051,2.2981,450.1
2009.78,22.88,51.83,37749240,1129742,1554593,282.24724889765065,55280.22572073999,2.2981,450.1
2064.08,22.88,52.0,37756868,1129793,1553912,287.3174245687688,56273.25738584171,2.2981,450.1
1988.05,22.88,52.01,37749695,1131191,1553525,280.218244895194,54882.83017593961,2.2981,450.1
2020.64,22.86,52.01,37749911,1130919,1553223,283.2804226612471,55482.58049685711,2.2981,450.1
2009.78,22.85,52.11,37749911,1131966,1552923,282.27585503774156,55285.828446319785,2.2981,450.1
1960.9,22.84,52.23,37749911,1132845,1551499,277.72068307835985,54393.66409362942,2.2981,450.1
1955.47,22.82,52.45,37749911,1133160,1550425,277.2323295400602,54298.01641616166,2.2981,450.1
1955.47,22.81,52.58,37740956,1132572,1550282,277.2416967629802,54299.85105653253,2.2981,450.1
1955.47,22.8,52.63,37738211,1132572,1550062,277.25106461892756,54301.68582088651,2.2981,450.1
1982.62,22.8,52.8,37732849,1130168,1548974,279.78683772911694,54798.33586957728,2.2981,450.1
1971.76,22.79,52.96,37728845,1129271,1549856,278.7819483853076,54601.52080772245,2.2981,450.1
1977.19,22.79,52.96,37730540,1129300,1549397,279.2891201444213,54700.85417388454,2.2981,450.1
1988.05,22.79,52.96,37730540,1128367,1549348,280.3034636626487,54899.520906208694,2.2981,450.1
1982.62,22.79,52.96,37732072,1127900,1548917,279.796291903535,54800.187540046616,2.2981,450.1
1950.04,22.78,53.59,37732072,1125917,1549261,276.76261333281354,54206.01899878134,2.2981,450.1
1955.47,22.78,53.75,37732713,1126210,1549261,277.26980223016125,54305.355721594184,2.2981,450.1
1977.19,22.78,53.76,37729185,1125740,1549224,279.2985578195521,54702.702612845584,2.2981,450.1
2004.34,22.78,53.76,37725519,1124661,1549224,281.83450230629074,55199.386226909824,2.2981,450.1
1966.33,22.78,53.94,37734213,1124218,1550039,278.2841800248567,54504.02916721988,2.2981,450.1
2009.78,22.78,54.11,37734213,1124218,1549119,282.34262525317314,55298.905890280344,2.2981,450.1
1982.62,22.78,54.24,37727195,1121591,1549954,279.8057467168998,54802.03933565843,2.2981,450.1
2009.78,22.79,54.26,37732590,1121591,1549954,282.33308471707613,55297.03730523301,2.2981,450.1
2036.93,22.79,54.52,37730873,1121206,1549147,284.86894351264465,55793.70413604341,2.2981,450.1
2031.5,22.79,54.72,37737385,1120402,1549709,284.36177175353095,55694.37076988133,2.2981,450.1
1977.19,22.79,54.72,37737531,1120402,1549709,279.2891201444213,54700.85417388454,2.2981,450.1
2015.21,22.79,55.06,37738841,1118038,1550486,282.84025647618984,55396.37067139509,2.2981,450.1
2047.79,22.8,55.1,37730050,1117021,1550353,285.87362717998406,55990.47891462984,2.2981,450.1
2031.5,22.8,55.33,37730050,1115531,1551272,284.35216331387045,55692.48888541538,2.2981,450.1
2053.22,22.8,55.49,37733201,1115594,1550985,286.38078180202194,56089.808924368,2.2981,450.1
2140.11,22.8,55.63,37735265,1114352,1551058,294.49618974104055,57679.27200837317,2.2981,450.1
2085.8,22.8,55.72,37730287,1114183,1551386,289.42370953424916,56685.788982796905,2.2981,450.1
2053.22,22.81,55.67,37725956,1113685,1550823,286.37110546799704,56087.91374228514,2.2981,450.1
2112.96,22.81,55.67,37727424,1113368,1550848,291.95055177017304,57180.68985325047,2.2981,450.1
2053.22,22.81,55.78,37730376,1113131,1551831,286.37110546799704,56087.91374228514,2.2981,450.1
2064.08,22.81,55.86,37736527,1112295,1552750,287.38538044023727,56286.56704936722,2.2981,450.1
2134.68,22.81,56.03,37723735,1112200,1552498,293.9791017146535,57577.99646741463,2.2981,450.1
2091.23,22.81,56.1,37722889,1112113,1551652,289.9210678708378,56783.20031707242,2.2981,450.1
2069.51,22.81,56.17,37722889,1111076,1551258,287.89251792635736,56385.89370290826,2.2981,450.1
2069.51,22.81,56.34,37727206,1110508,1550011,287.89251792635736,56385.89370290826,2.2981,450.1
2064.08,22.82,56.45,37730270,1110637,1550961,287.3756704905653,56284.665283409544,2.2981,450.1
2074.94,22.81,56.52,37726463,1110407,1550961,288.3996554124775,56485.2203564493,2.2981,450.1
2080.37,22.81,56.54,37725166,1110403,1551434,288.90679289859764,56584.54700999034,2.2981,450.1
2085.8,22.81,56.48,37718193,1110437,1550667,289.41393038471773,56683.873663531376,2.2981,450.1
2058.65,22.82,56.44,37717159,1111013,1549537,286.868550139205,56185.341985838815,2.2981,450.1
2009.78,22.82,56.37,37717159,1112169,1549182,282.30446697696226,55291.43230770233,2.2981,450.1
2020.64,22.81,56.31,37715673,1112268,1549101,283.3282805512764,55491.953821038915,2.2981,450.1
1988.05,22.81,56.31,37715673,1113323,1549280,280.2845216797009,54895.81097777877,2.2981,450.1
1960.9,22.8,56.45,37715673,1114147,1549280,277.75821924096545,54401.015830624674,2.2981,450.1
1960.9,22.8,56.45,37704257,1114541,1547831,277.75821924096545,54401.015830624674,2.2981,450.1
1971.76,22.79,56.63,37704738,1114284,1547565,278.7819483853076,54601.52080772245,2.2981,450.1
1944.61,22.78,56.74,37704535,1114284,1547565,276.2554244354658,54106.68227596848,2.2981,450.1
1939.18,22.77,56.79,37700497,1114411,1546458,275.75755387535577,54009.170618901546,2.2981,450.1
1955.47,22.76,56.69,37699805,1114743,1545508,277.2885423742747,54309.02611838521,2.2981,450.1
1901.16,22.76,56.91,37696785,1114996,1545390,272.2153764887017,53315.40879751301,2.2981,450.1
1906.59,22.75,56.91,37701010,1114882,1546159,272.7318163810876,53416.557396600474,2.2981,450.1
1982.62,22.74,57.12,37700141,1115104,1546118,279.84357236112123,54809.447769784034,2.2981,450.1
1977.19,22.74,57.2,37703300,1115396,1545669,279.3363148992533,54710.097618099266,2.2981,450.1
1955.47,22.74,57.2,37702840,1112882,1544786,277.30728505178143,54312.697011360186,2.2981,450.1
1950.04,22.73,57.2,37698332,1111596,1545459,276.80938273482326,54215.17913447803,2.2981,450.1
1944.61,22.73,57.51,37699715,1110721,1546007,276.3021081289285,54115.82562500794,2.2981,450.1
1971.76,22.73,57.74,37697240,1109514,1545522,278.83848115840186,54612.593172358334,2.2981,450.1
1960.9,22.73,57.91,37696707,1109219,1545831,277.8239319466125,54413.88615341818,2.2981,450.1
2004.34,22.74,57.93,37696790,1109152,1545261,281.8726022085931,55206.84837652311,2.2981,450.1
1993.48,22.74,57.94,37706470,1108176,1546529,280.85808728485716,55008.14807315357,2.2981,450.1
1922.88,22.74,58.15,37697851,1107484,1545668,274.26280610476914,53716.41313596302,2.2981,450.1
1988.05,22.74,58.28,37702407,1106850,1545990,280.3508298229892,54908.7979214688,2.2981,450.1
2058.65,22.74,58.44,37701074,1105600,1546285,286.9461110030772,56200.53285865935,2.2981,450.1
1971.76,22.74,58.44,37698463,1105655,1546110,278.82905743738536,54610.7474664145,2.2981,450.1
1971.76,22.74,58.81,37695808,1104781,1546959,278.82905743738536,54610.7474664145,2.2981,450.1
2009.78,22.74,58.82,37702661,1105366,1547429,282.3807938462656,55306.38149349643,2.2981,450.1
2015.21,22.74,58.84,37702661,1105190,1547281,282.8880513081335,55405.7316451812,2.2981,450.1
2036.93,22.74,59.08,37702907,1104314,1548291,284.91708115560533,55803.13225192027,2.2981,450.1
1993.48,22.74,59.0,37703035,1103844,1547944,280.85808728485716,55008.14807315357,2.2981,450.1
2009.78,22.75,59.11,37698274,1103694,1547498,282.37125073055597,55304.51240321277,2.2981,450.1
2009.78,22.75,59.09,37700444,1103071,1546916,282.37125073055597,55304.51240321277,2.2981,450.1
2069.51,22.75,59.11,37701282,1102481,1546916,287.95089423955636,56397.32713860334,2.2981,450.1
2036.93,22.75,59.21,37697187,1101219,1548186,284.90745232555616,55801.24637384485,2.2981,450.1
2009.78,22.76,59.37,37702346,1100687,1547260,282.36170825984766,55302.64343925741,2.2981,450.1
2058.65,22.76,59.6,37702346,1100451,1547164,286.9267168554645,56196.73437041234,2.2981,450.1
2047.79,22.76,59.74,37697184,1100263,1547523,285.91227050088304,55998.04749682236,2.2981,450.1
2020.64,22.76,59.79,37697184,1099050,1547680,283.37615461442925,55501.33031284741,2.2981,450.1
2074.94,22.77,59.82,37697184,1097919,1548087,288.43863887495553,56492.85555790326,2.2981,450.1
2042.36,22.77,60.04,37690915,1096889,1547447,285.39540265451524,55896.81507976038,2.2981,450.1
2080.37,22.77,60.04,37687548,1096889,1548271,288.94584491169553,56592.19563759374,2.2981,450.1
2069.51,22.77,60.13,37687548,1096889,1548271,287.93143283821547,56393.51547821278,2.2981,450.1
2085.8,22.77,60.16,37692959,1096516,1548545,289.4530509484356,56691.53571728422,2.2981,450.1
2053.22,22.77,60.24,37692959,1096516,1548545,286.4098147279954,56095.49523914135,2.2981,450.1
2053.22,22.77,60.25,37691901,1096247,1548508,286.4098147279954,56095.49523914135,2.2981,450.1
2026.07,22.77,60.25,37690100,1096146,1547978,283.87378454429523,55598.794840688955,2.2981,450.1
2015.21,22.77,60.42,37694845,1095495,1548773,282.8593724708152,55400.114681308005,2.2981,450.1
2064.08,22.77,60.52,37694845,1095495,1548773,287.42422680147547,56294.175398522304,2.2981,450.1
2042.36,22.77,60.52,37694052,1095009,1548338,285.39540265451524,55896.81507976038,2.2981,450.1
2080.37,22.77,60.52,37694052,1094872,1548975,288.94584491169553,56592.19563759374,2.2981,450.1
2064.08,22.75,60.76,37694052,1094872,1548975,287.4436539205563,56297.98034447692,2.2981,450.1
2053.22,22.74,60.76,37694052,1094872,1548975,286.4388535412092,56101.18270697458,2.2981,450.1
2004.34,22.74,60.76,37694052,1094872,1548975,281.8726022085931,55206.84837652311,2.2981,450.1
2096.67,22.73,60.96,37689638,1095086,1547926,290.5076655087335,56898.08983311473,2.2981,450.1
2058.65,22.72,61.03,37694866,1095089,1547926,286.96550777267214,56204.331860441125,2.2981,450.1
2058.65,22.72,61.03,37694866,1095089,1547926,286.96550777267214,56204.331860441125,2.2981,450.1
2042.36,22.7,61.16,37694866,1095089,1547926,285.46292902999545,55910.04062329793,2.2981,450.1
2009.78,22.7,61.19,37697591,1095147,1548526,282.41897276042425,55313.859118170214,2.2981,450.1
2064.08,22.69,61.19,37695375,1094225,1547631,287.50195103803617,56309.3982691006,2.2981,450.1
2102.1,22.68,61.26,37694944,1093868,1547631,291.06412629252,57007.07682183685,2.2981,450.1
2015.21,22.68,61.27,37694944,1093868,1547631,282.94542643262554,55416.96899061171,2.2981,450.1
2085.8,22.67,61.28,37694944,1093868,1547631,289.5508986433002,56710.699917039914,2.2981,450.1
2107.53,22.66,61.41,37694944,1092919,1546804,291.5912000659487,57110.30814572192,2.2981,450.1
2069.51,22.66,61.45,37694944,1093028,1547385,288.03850311174307,56414.48598868438,2.2981,450.1
2069.51,22.66,61.45,37691980,1093028,1547385,288.03850311174307,56414.48598868438,2.2981,450.1
2102.1,22.65,61.54,37691980,1092715,1548679,291.09364598078497,57012.85847263015,2.2981,450.1
2118.39,22.64,61.6,37691980,1092975,1548124,292.6257740704301,57312.937169444594,2.2981,450.1
2096.67,22.64,61.65,37691980,1092975,1547590,290.596058253234,56915.40221042628,2.2981,450.1
2026.07,22.63,61.74,37688890,1092450,1547082,284.008149037622,55625.11112738074,2.2981,450.1
2107.53,22.63,61.77,37688890,1092450,1547082,291.6207752096433,57116.1006578741,2.2981,450.1
2026.07,22.63,61.84,37683236,1091861,1547358,284.008149037622,55625.11112738074,2.2981,450.1
2026.07,22.62,61.86,37692037,1091805,1547898,284.0177513687928,55626.99181545349,2.2981,450.1
2112.96,22.62,61.92,37688430,1091805,1547898,292.13809819082536,57217.42221647905,2.2981,450.1
2118.39,22.62,62.0,37688430,1091805,1547898,292.6455614575262,57316.812676573056,2.2981,450.1
2134.68,22.61,62.03,37690252,1091805,1547898,294.177897428553,57616.9320885043,2.2981,450.1
2047.79,22.61,62.12,37680738,1091070,1547310,286.05727604786404,56026.44791312111,2.2981,450.1
2031.5,22.6,62.12,37682521,1090971,1547207,284.54445556294155,55730.15075448414,2.2981,450.1
2085.8,22.6,62.14,37689562,1090730,1547090,289.6194314003755,56724.12256790785,2.2981,450.1
2074.94,22.6,62.15,37682678,1090750,1545909,288.6044362328887,56525.3282052231,2.2981,450.1
2091.23,22.59,62.15,37680767,1090650,1545918,290.1367391866273,56825.44115047256,2.2981,450.1
2129.25,22.59,62.11,37681652,1090536,1546460,293.69027704428464,57521.42800471369,2.2981,450.1
2047.79,22.59,62.15,37682775,1090489,1545683,286.07662123458545,56030.23681201293,2.2981,450.1
2091.23,22.59,62.26,37681434,1090172,1545864,290.1367391866273,56825.44115047256,2.2981,450.1
2123.82,22.59,62.26,37677828,1090234,1545864,293.1827623002794,57422.02746240624,2.2981,450.1
2031.5,22.58,62.33,37681147,1090359,1546694,284.56369909288867,55733.91974313964,2.2981,450.1
2102.1,22.58,62.37,37677748,1090173,1545464,291.1625485446732,57026.3535529165,2.2981,450.1
2031.5,22.58,62.44,37677748,1090173,1545464,284.56369909288867,55733.91974313964,2.2981,450.1
2074.94,22.57,62.5,37677748,1090173,1545464,288.6337143780496,56531.062548000584,2.2981,450.1
2080.37,22.56,62.57,37677748,1090159,1545464,289.1510413116531,56632.38488071672,2.2981,450.1
2080.37,22.56,62.59,37677748,1090159,1545464,289.1510413116531,56632.38488071672,2.2981,450.1
2107.53,22.56,62.58,37683297,1089714,1545422,291.6898072148669,57129.62109021,2.2981,450.1
2091.23,22.56,62.62,37683297,1089714,1545422,290.166173775162,56831.20613384989,2.2981,450.1
2080.37,22.56,62.68,37681603,1090211,1545151,289.1510413116531,56632.38488071672,2.2981,450.1
2107.53,22.55,62.68,37681603,1090211,1545714,291.69967159793134,57131.553103097736,2.2981,450.1
2112.96,22.55,62.68,37681603,1090226,1545466,292.20725499459047,57230.96709153875,2.2981,450.1
2102.1,22.55,62.69,37681603,1089372,1545134,291.1920882012722,57032.139114656726,2.2981,450.1
2129.25,22.55,62.74,37681103,1089270,1545723,293.7300051845679,57529.20905686177,2.2981,450.1
2036.93,22.55,62.81,37681103,1089270,1545423,285.1001526653096,55838.98817051298,2.2981,450.1
2058.65,22.54,62.87,37673291,1088528,1544683,287.1401967760171,56238.546002735005,2.2981,450.1
2047.79,22.54,62.95,37668272,1088641,1544273,286.1249956505674,56039.71130164937,2.2981,450.1
2096.67,22.54,62.96,37678175,1088652,1543691,290.69433552275717,56934.65054557809,2.2981,450.1
2112.96,22.54,62.96,37676709,1088026,1544416,292.2171372109317,57232.90259720656,2.2981,450.1
2118.39,22.54,63.11,37678293,1087611,1544754,292.72473777365656,57332.31994774937,2.2981,450.1
2096.67,22.53,63.11,37678293,1087611,1544754,290.704166905858,56936.57609517719,2.2981,450.1
2091.23,22.53,63.27,37678293,1087611,1544754,290.1956143366246,56836.97228706965,2.2981,450.1
2047.79,22.53,63.28,37675327,1087521,1543989,286.1346724970113,56041.60658409329,2.2981,450.1
2096.67,22.53,63.28,37675327,1087521,1543989,290.704166905858,56936.57609517719,2.2981,450.1
2058.65,22.52,63.26,37675020,1088870,1544225,287.1596197947053,56242.35014559717,2.2981,450.1
2020.64,22.52,63.27,37677900,1089125,1543615,283.6061755063272,55546.38161759622,2.2981,450.1
2123.82,22.52,63.27,37672451,1089679,1543551,293.2521734456814,57435.622152169715,2.2981,450.1
2009.78,22.52,63.2,37666156,1089833,1543476,282.59090570964764,55347.533466738794,2.2981,450.1
2004.34,22.51,63.21,37673560,1089732,1543572,282.09187670804505,55249.7949202781,2.2981,450.1
2069.51,22.5,63.24,37669245,1089732,1543572,288.19438391843306,56445.01640559015,2.2981,450.1
2053.22,22.5,63.22,37662361,1089964,1542877,286.6713762026328,56146.72400191682,2.2981,450.1
2026.07,22.5,63.22,37658369,1090802,1541291,284.1330300096325,55649.56999579461,2.2981,450.1
2026.07,22.49,63.19,37658369,1091384,1542696,284.14264078726774,55651.452338170326,2.2981,450.1
2069.51,22.48,63.15,37661869,1092383,1542052,288.21388088314694,56448.83503133216,2.2981,450.1
2074.94,22.48,63.15,37661869,1092383,1541425,288.7215844666537,56548.27255926237,2.2981,450.1
1988.05,22.47,63.16,37651762,1093631,1540434,280.60688396023363,54958.94803120019,2.2981,450.1
1950.04,22.46,63.11,37652282,1093979,1539217,277.0622108980735,54264.69741317737,2.2981,450.1
1971.76,22.45,63.11,37652282,1093979,1539217,279.10260421227315,54664.32363950401,2.2981,450.1
1944.61,22.44,63.06,37652282,1093979,1539217,276.5731849967434,54168.91804840269,2.2981,450.1
1906.59,22.44,63.06,37650673,1096468,1538282,273.0178438619839,53472.57800891127,2.2981,450.1
1944.61,22.43,63.1,37650673,1097405,1537439,276.582541962201,54170.750679773155,2.2981,450.1
1863.15,22.43,63.08,37650673,1097996,1537074,268.9647648150313,52678.75229243531,2.2981,450.1
1841.43,22.41,63.1,37644127,1098532,1536702,266.95166985538805,52284.47265215186,2.2981,450.1
1879.44,22.4,63.15,37643312,1098532,1535666,270.5155892918399,52982.49281591625,2.2981,450.1
1884.87,22.39,63.15,37643312,1099203,1535544,271.0326007497983,53083.7533603778,2.2981,450.1
1879.44,22.38,63.15,37643312,1099203,1535105,270.5338964409815,52986.07840741734,2.2981,450.1
1819.7,22.38,63.21,37649447,1100236,1535641,264.94633197174994,51891.71229297449,2.2981,450.1
1928.32,22.37,63.34,37651764,1100236,1535641,275.11501936251716,53883.32544931421,2.2981,450.1
1825.13,22.37,63.34,37646613,1098396,1534020,265.46318996346565,51992.942779929464,2.2981,450.1
1884.87,22.36,63.34,37649497,1097570,1534049,271.0601158187384,53089.142391547,2.2981,450.1
1901.16,22.36,63.63,37645056,1097022,1533686,272.58384507046026,53387.57611340419,2.2981,450.1
1901.16,22.36,63.78,37645056,1097022,1533686,272.58384507046026,53387.57611340419,2.2981,450.1
1868.58,22.36,63.85,37643411,1098060,1534692,269.5363865670165,52790.70866968981,2.2981,450.1
1825.13,22.35,63.9,37645859,1096998,1534206,265.48115701523983,51996.46176082827,2.2981,450.1
1846.86,22.34,64.0,37644537,1096126,1534564,267.522853405701,52396.34320434535,2.2981,450.1
1884.87,22.34,64.0,37644537,1096126,1534402,271.07846230192354,53092.735686913446,2.2981,450.1
1852.29,22.34,64.16,37642722,1096088,1533908,268.0307975337329,52495.82784471224,2.2981,450.1
1825.13,22.34,64.2,37644757,1095544,1533768,265.4901414531909,51998.221429912206,2.2981,450.1
1830.56,22.34,64.2,37644757,1095544,1534461,265.99808558122265,52097.70607027907,2.2981,450.1
1857.72,22.34,64.34,37641568,1094124,1534870,268.5387416617646,52595.3124850791,2.2981,450.1
1835.99,22.34,64.39,37649083,1093539,1535478,266.50602970925445,52197.19071064594,2.2981,450.1
1922.88,22.34,64.39,37646741,1093007,1535478,274.634071198146,53789.12816948154,2.2981,450.1
1721.95,22.34,64.58,37642235,1092396,1534589,255.838267580204,50107.83004997599,2.2981,450.1
1863.15,22.34,64.63,37645591,1091696,1534589,269.0466857897964,52694.79712544597,2.2981,450.1
1944.61,22.34,64.78,37638135,1091696,1534589,276.66678315065616,54187.24994391469,2.2981,450.1
1759.97,22.35,64.78,37642775,1090323,1535583,259.3860337505856,50802.6864762798,2.2981,450.1
1868.58,22.35,64.78,37642775,1090323,1535566,269.54550793373625,52792.49515729285,2.2981,450.1
1944.61,22.36,64.89,37639383,1088697,1535860,276.6480584521247,54183.58257225593,2.2981,450.1
1933.75,22.36,64.89,37639383,1087965,1536553,275.63223895097684,53984.62675768448,2.2981,450.1
1906.59,22.36,64.89,37644402,1087430,1536553,273.09175482103416,53487.05402068992,2.2981,450.1
1922.88,22.37,65.24,37646206,1086757,1537115,274.6061914535062,53783.66771386065,2.2981,450.1
1971.76,22.37,65.3,37646206,1086000,1537126,279.17815987123697,54679.12177800956,2.2981,450.1
1944.61,22.37,65.3,37640567,1085806,1536531,276.63869705328705,54181.74907257496,2.2981,450.1
2020.64,22.37,65.54,37644048,1085095,1536686,283.75012828896774,55574.57584215848,2.2981,450.1
1960.9,22.38,65.54,37639914,1085192,1537122,278.1529624212896,54478.32922232386,2.2981,450.1
2009.78,22.38,65.74,37647145,1084551,1537122,282.72477613498296,55373.7529865349,2.2981,450.1
2009.78,22.38,65.86,37643694,1083676,1537903,282.72477613498296,55373.7529865349,2.2981,450.1
2015.21,22.38,65.86,37647345,1083676,1537903,283.23265151275206,55473.22416165081,2.2981,450.1
1933.75,22.38,65.86,37645021,1082818,1538019,275.613585532444,53980.97334674429,2.2981,450.1
2020.64,22.39,65.86,37645021,1082818,1538019,283.7309261418277,55570.81495863395,2.2981,450.1
1971.76,22.4,66.11,37641963,1082228,1538621,279.1498217057958,54673.57153726065,2.2981,450.1
2058.65,22.4,66.11,37638033,1081550,1538142,287.27621311013536,56265.18581474781,2.2981,450.1
2080.37,22.41,66.2,37642853,1081183,1538567,289.2977886935612,56661.12644835816,2.2981,450.1
2026.07,22.42,66.2,37639854,1080830,1539051,284.20993443971935,55664.63230116953,2.2981,450.1
1988.05,22.42,66.25,37639854,1080830,1537835,280.65435272972314,54968.24514322632,2.2981,450.1
1993.48,22.42,66.25,37639218,1080340,1537835,281.1621593758378,55067.70285673583,2.2981,450.1
2036.93,22.42,66.31,37643393,1079472,1538183,285.22554773194867,55863.547728188554,2.2981,450.1
2015.21,22.42,66.31,37643393,1079472,1538183,283.19432114749003,55465.71687415051,2.2981,450.1
2047.79,22.44,66.42,37640436,1079472,1538183,286.2217935786606,56058.66989676479,2.2981,450.1
2036.93,22.44,66.47,37637001,1079286,1538833,285.20624900413435,55859.76792861968,2.2981,450.1
2015.21,22.44,66.52,37632410,1079050,1538833,283.1751598550818,55461.96399232947,2.2981,450.1
2053.22,22.44,66.59,37631750,1078896,1538833,286.72956586592375,56158.12088083734,2.2981,450.1
2112.96,22.44,66.63,37637666,1078775,1538674,292.31599614973584,57252.264856619,2.2981,450.1
2031.5,22.44,66.7,37637751,1078240,1538853,284.6984767168712,55760.31694454713,2.2981,450.1
2031.5,22.44,66.69,37631847,1078087,1538116,284.6984767168712,55760.31694454713,2.2981,450.1
2053.22,22.44,66.69,37636858,1077970,1538818,286.72956586592375,56158.12088083734,2.2981,450.1
2091.23,22.45,66.78,37636858,1077827,1539048,290.27415171533545,56852.35441759389,2.2981,450.1
2058.65,22.45,66.78,37636858,1077827,1539048,287.2276210578502,56255.66869942055,2.2981,450.1
2107.53,22.45,66.78,37636727,1077108,1538875,291.79835213636096,57150.8804214682,2.2981,450.1
2058.65,22.45,66.78,37634658,1076754,1538875,287.2276210578502,56255.66869942055,2.2981,450.1
2064.08,22.45,66.9,37631167,1076520,1539712,287.735376167431,56355.1163191161,2.2981,450.1
2112.96,22.45,66.91,37631167,1076520,1539712,292.3061072459418,57250.32804116376,2.2981,450.1
2085.8,22.45,66.91,37627393,1076520,1539712,289.76639660575455,56752.90679789833,2.2981,450.1
2074.94,22.45,66.95,37629435,1076074,1538615,288.7508863865928,56554.01155850722,2.2981,450.1
2096.67,22.45,66.95,37634418,1076524,1539910,290.78284191719916,56951.98518207709,2.2981,450.1
2058.65,22.45,66.95,37633700,1076774,1539910,287.2276210578502,56255.66869942055,2.2981,450.1
2085.8,22.45,66.96,37632202,1076774,1539910,289.76639660575455,56752.90679789833,2.2981,450.1
2080.37,22.45,66.96,37632202,1076774,1539910,289.2586414961737,56653.45917820278,2.2981,450.1
2058.65,22.45,66.95,37632202,1076774,1538860,287.2276210578502,56255.66869942055,2.2981,450.1
2102.1,22.45,66.99,37628627,1076748,1539246,291.29059702678006,57051.43280177264,2.2981,450.1
2096.67,22.45,66.99,37628501,1076350,1539793,290.78284191719916,56951.98518207709,2.2981,450.1
2064.08,22.44,67.05,37628501,1076350,1539793,287.74511044045,56357.02284898245,2.2981,450.1
2074.94,22.44,66.97,37628501,1077026,1539200,288.7606550149763,56555.92481712756,2.2981,450.1
2107.53,22.44,66.97,37632320,1076806,1539200,291.8082238624727,57152.813872546445,2.2981,450.1
2053.22,22.44,66.97,37632320,1076530,1538067,286.72956586592375,56158.12088083734,2.2981,450.1
2047.79,22.44,66.97,37632320,1076530,1537938,286.2217935786606,56058.66989676479,2.2981,450.1
2047.79,22.44,67.2,37625333,1076219,1538322,286.2217935786606,56058.66989676479,2.2981,450.1
2080.37,22.43,67.2,37625333,1076219,1538319,289.27821377044773,56657.29255388301,2.2981,450.1
2026.07,22.43,67.2,37623271,1075994,1538589,284.20031910937087,55662.74906711103,2.2981,450.1
2031.5,22.43,67.2,37620892,1075797,1537917,284.70810857547855,55762.20341578822,2.2981,450.1
2058.65,22.43,67.3,37620892,1075831,1537561,287.247055906017,56259.47515917422,2.2981,450.1
2042.36,22.43,67.34,37620892,1076179,1537691,285.72368750769385,55961.11211314261,2.2981,450.1
2074.94,22.43,67.43,37623987,1076093,1536804,288.77042430434005,56557.83820520581,2.2981,450.1
2009.78,22.42,67.43,37625556,1076181,1536296,282.68651450137537,55366.259160641,2.2981,450.1
2058.65,22.42,67.47,37620973,1075965,1536858,287.2567743164073,56261.3785822266,2.2981,450.1
2036.93,22.42,67.52,37620973,1075965,1536858,285.22554773194867,55863.547728188554,2.2981,450.1
2085.8,22.42,67.53,37622900,1075965,1536858,289.7958075469806,56758.667149774155,2.2981,450.1
2074.94,22.42,67.5,37617469,1076825,1536858,288.7801942547513,56559.75172275513,2.2981,450.1
2096.67,22.42,67.5,37617469,1076825,1536858,290.8123560264035,56957.76574016981,2.2981,450.1
2026.07,22.42,67.5,37617469,1076825,1536858,284.20993443971935,55664.63230116953,2.2981,450.1
2069.51,22.42,67.5,37623805,1076229,1537749,288.2723876086366,56460.29400924562,2.2981,450.1
2036.93,22.42,67.63,37615280,1075325,1537069,285.22554773194867,55863.547728188554,2.2981,450.1
2015.21,22.42,67.64,37615280,1075325,1537069,283.19432114749003,55465.71687415051,2.2981,450.1
2047.79,22.42,67.67,37618847,1075325,1537069,286.241161024178,56062.46315520758,2.2981,450.1
2069.51,22.42,67.67,37618847,1075561,1536399,288.2723876086366,56460.29400924562,2.2981,450.1
2020.64,22.42,67.79,37617946,1075296,1536324,283.70212779360475,55565.174587660025,2.2981,450.1
2080.37,22.42,67.8,37617946,1075296,1536324,289.28800090086594,56659.20943626464,2.2981,450.1
2036.93,22.41,67.77,37618594,1075296,1536324,285.23519807528777,55865.43781980203,2.2981,450.1
2069.51,22.41,67.77,37618594,1075296,1536324,288.28214103899285,56462.20429121913,2.2981,450.1
2047.79,22.41,67.77,37619453,1074697,1536324,286.25084572985617,56064.359976941065,2.2981,450.1
2020.64,22.41,67.77,37620269,1074343,1536852,283.71172659343534,55567.054584093494,2.2981,450.1
2042.36,22.41,67.77,37618601,1074495,1536452,285.7430219025719,55964.89889837154,2.2981,450.1
2069.51,22.41,67.9,37617517,1074676,1536463,288.28214103899285,56462.20429121913,2.2981,450.1
2058.65,22.41,67.89,37617517,1074676,1536463,287.2664933844245,56263.2821340801,2.2981,450.1
2074.94,22.41,67.89,37612904,1074404,1536109,288.789964866277,56561.66536978865,2.2981,450.1
2085.8,22.41,67.89,37614808,1074378,1536017,289.80561252084533,56760.58752692768,2.2981,450.1
2074.94,22.41,68.0,37614827,1074071,1536002,288.789964866277,56561.66536978865,2.2981,450.1
2085.8,22.41,67.98,37614827,1074071,1536002,289.80561252084533,56760.58752692768,2.2981,450.1
2020.64,22.41,68.02,37613501,1073887,1535380,283.71172659343534,55567.054584093494,2.2981,450.1
2036.93,22.41,68.02,37613501,1073887,1535483,285.23519807528777,55865.43781980203,2.2981,450.1
2053.22,22.41,68.1,37613501,1073649,1536084,286.7586695571403,56163.82105551058,2.2981,450.1
2036.93,22.41,68.1,37609793,1073862,1536156,285.23519807528777,55865.43781980203,2.2981,450.1
2058.65,22.41,68.1,37609793,1073710,1535559,287.2664933844245,56263.2821340801,2.2981,450.1
2042.36,22.41,68.1,37609793,1073710,1535559,285.7430219025719,55964.89889837154,2.2981,450.1
2042.36,22.41,68.22,37612567,1073512,1536357,285.7430219025719,55964.89889837154,2.2981,450.1
2020.64,22.41,68.22,37612553,1073559,1536425,283.71172659343534,55567.054584093494,2.2981,450.1
2047.79,22.41,68.2,37611432,1073366,1536240,286.25084572985617,56064.359976941065,2.2981,450.1
2031.5,22.41,68.2,37611432,1073366,1536240,284.7273742480036,55765.97674123251,2.2981,450.1
1993.48,22.41,68.21,37604495,1072958,1535781,281.1716722381796,55069.56602167211,2.2981,450.1
2069.51,22.41,68.21,37604495,1072958,1535178,288.28214103899285,56462.20429121913,2.2981,450.1
2004.34,22.41,68.34,37612195,1073016,1535103,282.18731989274795,55268.48817881114,2.2981,450.1
2009.78,22.41,68.33,37606947,1072775,1535340,282.69607893886695,55368.13242695445,2.2981,450.1
2053.22,22.41,68.37,37606947,1072772,1535608,286.7586695571403,56163.82105551058,2.2981,450.1
2047.79,22.41,68.39,37606947,1072772,1535283,286.25084572985617,56064.359976941065,2.2981,450.1
2123.82,22.4,68.5,37608720,1072637,1535393,293.3712404760096,57458.942316806024,2.2981,450.1
2004.34,22.4,68.52,37609292,1072686,1534941,282.1968677634938,55270.358200404065,2.2981,450.1
2004.34,22.4,68.58,37607274,1072506,1535196,282.1968677634938,55270.358200404065,2.2981,450.1
2091.23,22.4,68.58,37607274,1072506,1535196,290.3232591678334,56861.97247789123,2.2981,450.1
2074.94,22.4,68.63,37607274,1072506,1535196,288.7997361389844,56563.57914631952,2.2981,450.1
2069.51,22.4,68.68,37610356,1072884,1535196,288.291895129368,56464.11470246229,2.2981,450.1
2020.64,22.4,68.66,37604451,1073497,1535886,283.72132604282103,55568.93470774717,2.2981,450.1
2058.65,22.4,68.66,37604451,1073607,1535547,287.27621311013536,56265.18581474781,2.2981,450.1
2047.79,22.39,68.72,37604451,1073607,1535547,286.2702171073841,56068.15400549741,2.2981,450.1
2047.79,22.39,68.78,37611853,1072871,1535547,286.2702171073841,56068.15400549741,2.2981,450.1
2064.08,22.39,68.78,37605802,1072777,1535547,287.79379168671795,56366.5574336155,2.2981,450.1
2020.64,22.39,68.84,37605802,1072777,1535547,283.7309261418277,55570.81495863395,2.2981,450.1
2064.08,22.38,68.84,37605802,1072460,1534939,287.8035299126742,56368.46473769404,2.2981,450.1
2031.5,22.38,68.92,37603388,1072108,1534432,284.75627764605946,55771.637686998554,2.2981,450.1
2042.36,22.38,68.91,37603633,1072291,1534154,285.77202840159765,55970.58003723037,2.2981,450.1
2047.79,22.38,68.91,37607325,1072476,1534799,286.27990377936686,56070.0512123463,2.2981,450.1
2047.79,22.38,68.91,37607303,1072405,1534695,286.27990377936686,56070.0512123463,2.2981,450.1
2053.22,22.38,69.02,37601870,1072575,1533828,286.78777915713596,56169.52238746222,2.2981,450.1
2074.94,22.38,69.01,37600674,1072725,1534505,288.81928066821246,56567.40708792587,2.2981,450.1
1993.48,22.38,69.0,37602623,1072725,1534584,281.20021468790435,55075.156273019355,2.2981,450.1
2074.94,22.38,69.02,37603139,1072527,1534735,288.81928066821246,56567.40708792587,2.2981,450.1
2058.65,22.38,69.04,37603315,1072383,1534483,287.2956545349051,56268.99356257813,2.2981,450.1
2047.79,22.38,69.04,37601246,1072399,1534234,286.27990377936686,56070.0512123463,2.2981,450.1
2064.08,22.38,69.03,37600937,1072128,1533959,287.8035299126742,56368.46473769404,2.2981,450.1
2047.79,22.37,69.03,37600937,1072128,1534489,286.2895911069176,56071.94854759307,2.2981,450.1
2042.36,22.37,69.1,37604355,1071830,1534156,285.7816985433276,55972.47400650614,2.2981,450.1
2064.08,22.37,69.17,37604355,1071578,1534356,287.8132687976875,56370.37217085382,2.2981,450.1
1998.91,22.37,69.17,37599503,1071578,1534378,281.71762268918684,55176.49448344416,2.2981,450.1
2031.5,22.37,69.2,37599503,1071830,1533939,284.76591341614767,55773.52492433231,2.2981,450.1
2031.5,22.37,69.2,37599987,1071830,1533939,284.76591341614767,55773.52492433231,2.2981,450.1
2053.22,22.37,69.2,37611328,1072150,1534463,286.7974836705076,56171.423088679985,2.2981,450.1
2053.22,22.37,69.22,37602441,1071749,1534033,286.7974836705076,56171.423088679985,2.2981,450.1
2074.94,22.37,69.29,37600906,1071362,1534033,288.8290539248675,56569.321253027665,2.2981,450.1
2047.79,22.37,69.29,37600906,1071362,1534033,286.2895911069176,56071.94854759307,2.2981,450.1
2036.93,22.37,69.33,37600906,1071362,1534033,285.27380597973763,55872.99946541923,2.2981,450.1
2009.78,22.37,69.32,37599012,1071362,1534033,282.73434316178776,55375.62675998463,2.2981,450.1
1988.05,22.37,69.3,37597553,1071053,1533611,280.7018375620069,54977.54540127032,2.2981,450.1
2042.36,22.37,69.33,37601471,1071087,1533942,285.7816985433276,55972.47400650614,2.2981,450.1
2015.21,22.37,69.33,37603517,1071108,1534450,283.2422357253777,55475.101301071554,2.2981,450.1
2102.1,22.37,69.38,37594083,1071063,1533774,291.36945208823835,57066.8771528289,2.2981,450.1
1993.48,22.37,69.38,37598304,1070668,1535099,281.2097301255969,55077.019942357234,2.2981,450.1
1993.48,22.37,69.42,37597154,1070420,1534503,281.2097301255969,55077.019942357234,2.2981,450.1
2074.94,22.37,69.45,37597154,1070420,1534559,288.8290539248675,56569.321253027665,2.2981,450.1
2031.5,22.37,69.45,37595964,1070192,1534559,284.76591341614767,55773.52492433231,2.2981,450.1
2042.36,22.37,69.45,37593988,1070940,1534732,285.7816985433276,55972.47400650614,2.2981,450.1
2053.22,22.37,69.53,37593409,1071324,1534448,286.7974836705076,56171.423088679985,2.2981,450.1
2074.94,22.37,69.56,37605077,1071354,1534614,288.8290539248675,56569.321253027665,2.2981,450.1
2047.79,22.37,69.56,37597508,1071277,1535007,286.2895911069176,56071.94854759307,2.2981,450.1
1993.48,22.37,69.56,37597508,1070766,1535135,281.2097301255969,55077.019942357234,2.2981,450.1
1998.91,22.37,69.65,37600601,1070897,1535473,281.71762268918684,55176.49448344416,2.2981,450.1
2064.08,22.36,69.71,37600186,1070744,1535473,287.8230083418247,56372.27973310791,2.2981,450.1
2080.37,22.36,69.77,37596277,1070644,1535473,289.34673759354655,56670.71345496511,2.2981,450.1
2053.22,22.36,69.78,37596277,1070644,1535473,286.80718884067676,56173.32391853646,2.2981,450.1
2015.21,22.36,69.79,37598024,1070644,1535473,283.25182058665905,55476.978567536346,2.2981,450.1
2036.93,22.36,69.78,37598297,1070720,1535473,285.2834595889549,55874.89019667926,2.2981,450.1
2026.07,22.36,69.8,37597447,1070457,1535473,284.26764008780697,55675.93438210781,2.2981,450.1
2053.22,22.36,69.83,37595048,1070302,1534433,286.80718884067676,56173.32391853646,2.2981,450.1
2047.79,22.36,69.87,37592867,1069891,1534110,286.2992790901028,56073.84601125072,2.2981,450.1
1993.48,22.37,69.88,37593358,1069817,1534243,281.2097301255969,55077.019942357234,2.2981,450.1
2053.22,22.37,69.87,37597673,1069866,1534146,286.7974836705076,56171.423088679985,2.2981,450.1
2015.21,22.37,69.86,37594824,1069754,1534547,283.2422357253777,55475.101301071554,2.2981,450.1
2058.65,22.37,69.94,37599965,1069504,1534962,287.30537623409754,56270.89762976691,2.2981,450.1
2047.79,22.37,69.93,37596468,1069262,1535576,286.2895911069176,56071.94854759307,2.2981,450.1
2080.37,22.36,69.93,37595468,1069262,1534133,289.34673759354655,56670.71345496511,2.2981,450.1
2123.82,22.36,69.98,37594555,1068662,1533870,293.41095097521105,57466.71991381686,2.2981,450.1
2085.8,22.36,69.98,37592339,1068675,1533870,289.8546473441205,56770.19136225084,2.2981,450.1
2047.79,22.36,70.06,37592792,1068621,1533870,286.2992790901028,56073.84601125072,2.2981,450.1
1988.05,22.36,70.1,37595320,1068955,1533838,280.7113364567164,54979.405830541786,2.2981,450.1
1993.48,22.36,70.09,37591475,1068908,1533838,281.2192462072904,55078.88373782751,2.2981,450.1
1971.76,22.36,70.09,37587135,1069062,1533345,279.18760720499455,54680.97210868459,2.2981,450.1
1971.76,22.36,70.02,37586047,1069340,1533878,279.18760720499455,54680.97210868459,2.2981,450.1
2042.36,22.36,69.99,37586047,1069340,1533878,285.7913693395288,55974.36810396498,2.2981,450.1
2020.64,22.36,70.02,37586047,1069340,1533878,283.75973033723307,55576.45647482208,2.2981,450.1
2064.08,22.36,70.02,37589404,1069340,1533878,287.8230083418247,56372.27973310791,2.2981,450.1
2009.78,22.36,70.02,37582872,1070497,1533878,282.7439108360851,55377.50066025061,2.2981,450.1
1982.62,22.36,70.03,37586568,1070655,1532681,280.20342670614247,54879.92792325605,2.2981,450.1
1971.76,22.35,70.06,37586568,1070655,1532681,279.1970551781656,54682.82256459352,2.2981,450.1
1939.18,22.35,70.03,37588947,1071454,1533036,276.14949354583854,54085.93492231928,2.2981,450.1
1939.18,22.35,70.04,37585177,1071931,1532246,276.14949354583854,54085.93492231928,2.2981,450.1
1998.91,22.34,70.08,37587234,1072000,1531895,281.74622443097394,55182.09634758339,2.2981,450.1
1982.62,22.34,70.08,37587234,1072000,1531895,280.22239204687867,54883.64242648279,2.2981,450.1
1982.62,22.34,70.04,37587234,1072000,1531895,280.22239204687867,54883.64242648279,2.2981,450.1
1939.18,22.34,70.04,37590970,1073709,1531787,276.1588390226244,54087.76530354783,2.2981,450.1
1912.02,22.34,70.09,37586786,1073333,1531843,273.6181829420824,53590.1588887478,2.2981,450.1
1950.04,22.34,70.12,37586786,1073333,1531328,277.17472727868795,54286.73458428157,2.2981,450.1
1955.47,22.33,70.12,37589078,1073165,1531328,277.6920690874902,54388.059830416154,2.2981,450.1
1955.47,22.32,70.23,37580758,1072725,1531277,277.70146740437815,54389.900560772214,2.2981,450.1
2004.34,22.32,70.23,37584301,1073298,1529581,282.27327399566997,55285.32293000787,2.2981,450.1
1977.19,22.32,70.23,37582878,1073110,1529632,279.73338144495233,54787.86605821028,2.2981,450.1
1955.47,22.32,70.28,37579744,1073563,1530799,277.70146740437815,54389.900560772214,2.2981,450.1
1895.73,22.32,70.29,37580547,1073508,1530840,272.1127682890974,53295.312217450395,2.2981,450.1
1933.75,22.32,70.32,37581324,1073385,1530504,275.669553363804,53991.93506333415,2.2981,450.1
1944.61,22.32,70.32,37581324,1073609,1530299,276.68551038409106,54190.91781205317,2.2981,450.1
1874.01,22.31,70.38,37584871,1073829,1529918,270.08999527790957,52899.13705869506,2.2981,450.1
2009.78,22.31,70.38,37583420,1073551,1529866,282.7917589222619,55386.87206427488,2.2981,450.1
1960.9,22.31,70.43,37579312,1073308,1529960,278.218862060393,54491.23615742696,2.2981,450.1
1933.75,22.3,70.43,37574012,1073231,1530206,275.68821435912395,53995.58995824451,2.2981,450.1
1912.02,22.3,70.43,37577946,1073621,1530280,273.655227204454,53597.4142834188,2.2981,450.1
1922.88,22.3,70.56,37580783,1073750,1530292,274.6712529982743,53796.41050194652,2.2981,450.1
1906.59,22.3,70.56,37577901,1073750,1529849,273.14721430754383,53497.916174154954,2.2981,450.1
1917.45,22.3,70.58,37577901,1073305,1529917,274.1632401013642,53696.91239268266,2.2981,450.1
1863.15,22.3,70.58,37572037,1073158,1529917,269.08311113226245,52701.931300044096,2.2981,450.1
1939.18,22.29,70.58,37577196,1073440,1529917,276.2055758962743,54096.919068323,2.2981,450.1
1912.02,22.29,70.7,37572911,1073663,1529128,273.66448983738127,53599.228439060666,2.2981,450.1
1895.73,22.28,70.73,37572724,1073886,1529343,272.14961123237185,53302.52818227691,2.2981,450.1
1928.32,22.28,70.73,37575949,1073828,1529266,275.1988305927329,53899.740502932465,2.2981,450.1
1890.3,22.28,70.76,37576537,1073698,1529266,271.6415639440392,53203.02333719684,2.2981,450.1
1884.87,22.28,70.76,37570651,1074098,1528751,271.13351665570656,53103.51849211677,2.2981,450.1
1874.01,22.28,70.8,37578207,1074803,1528751,270.1174220790413,52904.50880195662,2.2981,450.1
1906.59,22.28,70.8,37579270,1074246,1528751,273.16570580903715,53501.53787243707,2.2981,450.1
1912.02,22.28,70.8,37579270,1074246,1528751,273.67375309736974,53601.04271751714,2.2981,450.1
1895.73,22.28,70.92,37576585,1073652,1528829,272.14961123237185,53302.52818227691,2.2981,450.1
1901.16,22.28,70.95,37571822,1073420,1529001,272.65765852070444,53402.033027356985,2.2981,450.1
1966.33,22.28,70.95,37571822,1073644,1528917,278.75516161106134,54596.27441849298,2.2981,450.1
1971.76,22.28,70.95,37571822,1073716,1529010,279.26320889939393,54695.77926357306,2.2981,450.1
1884.87,22.28,70.91,37570011,1073438,1529080,271.13351665570656,53103.51849211677,2.2981,450.1
1939.18,22.28,70.98,37570011,1073438,1529080,276.21492516939816,54098.75019309261,2.2981,450.1
1884.87,22.28,70.98,37570011,1073348,1529080,271.13351665570656,53103.51849211677,2.2981,450.1
1895.73,22.28,71.06,37566260,1073175,1529080,272.14961123237185,53302.52818227691,2.2981,450.1
1846.86,22.28,71.14,37566260,1073175,1529080,267.5771856373781,52406.98457655624,2.2981,450.1
1846.86,22.28,71.2,37570112,1072816,1528549,267.5771856373781,52406.98457655624,2.2981,450.1
1917.45,22.28,71.22,37570112,1072816,1528549,274.1818003857024,53700.54756259722,2.2981,450.1
1960.9,22.28,71.3,37571175,1071848,1529534,278.2471143227287,54496.76957341291,2.2981,450.1
1901.16,22.28,71.34,37574003,1071205,1529174,272.65765852070444,53402.033027356985,2.2981,450.1
1928.32,22.28,71.34,37574003,1071205,1529174,275.1988305927329,53899.740502932465,2.2981,450.1
1950.04,22.29,71.47,37574003,1071205,1529174,277.22163608035305,54295.922022438936,2.2981,450.1
1933.75,22.3,71.51,37578411,1070071,1529174,275.68821435912395,53995.58995824451,2.2981,450.1
1944.61,22.3,71.6,37578431,1069781,1531161,276.70424015294424,54194.586176772216,2.2981,450.1
1928.32,22.3,71.62,37578431,1069781,1531306,275.1802014622138,53896.09184898066,2.2981,450.1
1966.33,22.31,71.65,37575986,1069109,1531310,278.72685776333793,54590.730899124675,2.2981,450.1
1982.62,22.31,71.68,37575986,1069109,1531310,280.25084487217276,54889.21512421782,2.2981,450.1
1950.04,22.32,71.75,37575986,1068135,1530884,277.19348889423463,54290.409186412704,2.2981,450.1
1944.61,22.32,71.79,37568134,1068132,1531996,276.68551038409106,54190.91781205317,2.2981,450.1
1988.05,22.32,71.82,37570759,1067796,1531413,280.74933846523936,54986.84880692931,2.2981,450.1
2036.93,22.33,71.85,37576409,1066944,1531812,285.31242433711947,55880.563158321005,2.2981,450.1
2009.78,22.33,71.9,37575777,1066084,1532571,282.7726177445902,55383.12312207479,2.2981,450.1
1966.33,22.33,71.97,37575777,1066084,1532211,278.70799172450194,54587.03584491464,2.2981,450.1
2015.21,22.34,72.08,37575777,1066084,1532211,283.2709922554524,55480.73348164969,2.2981,450.1
2004.34,22.34,72.13,37575777,1066084,1532211,282.25416855900573,55281.58098795026,2.2981,450.1
2026.07,22.34,72.18,37577160,1066084,1532671,284.28688051151596,55679.70276238342,2.2981,450.1
2047.79,22.34,72.27,37577160,1062662,1532686,286.3186570236431,56077.641323850905,2.2981,450.1
2036.93,22.35,72.31,37571162,1061948,1533198,285.29311385154676,55876.78105590758,2.2981,450.1
2053.22,22.35,72.35,37571162,1061948,1533359,286.8168946677103,56175.224877044704,2.2981,450.1
2020.64,22.36,72.4,37574488,1061434,1534481,283.75973033723307,55576.45647482208,2.2981,450.1
2031.5,22.36,72.43,37574488,1061434,1534481,284.7755498383809,55775.412289393535,2.2981,450.1
2058.65,22.37,72.43,37574488,1060152,1533735,287.30537623409754,56270.89762976691,2.2981,450.1
2102.1,22.37,72.59,37574488,1060152,1533735,291.36945208823835,57066.8771528289,2.2981,450.1
2031.5,22.38,72.62,37574488,1060152,1533735,284.75627764605946,55771.637686998554,2.2981,450.1
2134.68,22.38,72.61,37572200,1059311,1533735,294.40684513744407,57661.773202368735,2.2981,450.1
2102.1,22.39,72.65,37577152,1058580,1536026,291.34973432062054,57063.01528119374,2.2981,450.1
2047.79,22.39,72.67,37576163,1058283,1536675,286.2702171073841,56068.15400549741,2.2981,450.1
2112.96,22.4,72.68,37569466,1057981,1534888,292.35555845677686,57260.013429091545,2.2981,450.1
2085.8,22.4,72.66,37567390,1057880,1534913,289.8154181582171,56762.50803403399,2.2981,450.1
2091.23,22.4,72.67,37571603,1057880,1535254,290.3232591678334,56861.97247789123,2.2981,450.1
2091.23,22.41,72.71,37571603,1057880,1535855,290.3134363481295,56860.0486054972,2.2981,450.1
2156.4,22.41,72.71,37571603,1057594,1535814,296.40825749437437,58053.764717905186,2.2981,450.1
2112.96,22.41,72.71,37567245,1057375,1535814,292.34566687610095,57258.07608934905,2.2981,450.1
2107.53,22.41,72.76,37572015,1057686,1535894,291.8378430488168,57158.61501077954,2.2981,450.1
2134.68,22.41,72.76,37572015,1057686,1535894,294.3769621852377,57655.920403627126,2.2981,450.1
2112.96,22.42,72.74,37575420,1057432,1535894,292.3357759647475,57256.13888069834,2.2981,450.1
2183.56,22.42,72.74,37570126,1057051,1535268,298.93819755143164,58549.27231969862,2.2981,450.1
2102.1,22.42,72.74,37570126,1056934,1536051,291.32016267251817,57057.22345367932,2.2981,450.1
2188.99,22.42,72.74,37570126,1056934,1536051,299.44600419754624,58648.73003320812,2.2981,450.1
2107.53,22.42,72.73,37565604,1056970,1535587,291.8279693186328,57156.68116718883,2.2981,450.1
2188.99,22.42,72.73,37568875,1057136,1535434,299.44600419754624,58648.73003320812,2.2981,450.1
2042.36,22.42,72.73,37569999,1057319,1535289,285.73335437806327,55963.00544169806,2.2981,450.1
2096.67,22.42,72.73,37569153,1057829,1534905,290.8123560264035,56957.76574016981,2.2981,450.1
2123.82,22.42,72.69,37569153,1057829,1534755,293.3513892569768,57455.05430771736,2.2981,450.1
2085.8,22.42,72.69,37569164,1057718,1535470,289.7958075469806,56758.667149774155,2.2981,450.1
2102.1,22.42,72.69,37563638,1058050,1535470,291.32016267251817,57057.22345367932,2.2981,450.1
2074.94,22.42,72.69,37563638,1058050,1535032,288.7801942547513,56559.75172275513,2.2981,450.1
2080.37,22.42,72.69,37562478,1057916,1534125,289.28800090086594,56659.20943626464,2.2981,450.1
2123.82,22.42,72.69,37558109,1058187,1533138,293.3513892569768,57455.05430771736,2.2981,450.1
2091.23,22.42,72.69,37564035,1059232,1534478,290.30361419309526,56858.124863283665,2.2981,450.1
2020.64,22.42,72.69,37564035,1059232,1534478,283.70212779360475,55565.174587660025,2.2981,450.1
2026.07,22.42,72.69,37558938,1059166,1534787,284.20993443971935,55664.63230116953,2.2981,450.1
2102.1,22.41,72.72,37558938,1059033,1534317,291.3300192215326,57059.15393221002,2.2981,450.1
2091.23,22.41,72.68,37558938,1059186,1533816,290.3134363481295,56860.0486054972,2.2981,450.1
2112.96,22.41,72.69,37559900,1059464,1534099,292.34566687610095,57258.07608934905,2.2981,450.1
2031.5,22.41,72.69,37561983,1059187,1533250,284.7273742480036,55765.97674123251,2.2981,450.1
2015.21,22.41,72.72,37561983,1059187,1533635,283.2039027661511,55467.59350552397,2.2981,450.1
2047.79,22.41,72.7,37561983,1059187,1533684,286.25084572985617,56064.359976941065,2.2981,450.1
2069.51,22.41,72.7,37559303,1059465,1534052,288.28214103899285,56462.20429121913,2.2981,450.1
2026.07,22.41,72.7,37560458,1059460,1534066,284.21955042071943,55666.515662663,2.2981,450.1
2020.64,22.41,72.73,37560458,1059460,1534066,283.71172659343534,55567.054584093494,2.2981,450.1
2058.65,22.41,72.71,37560458,1059460,1534066,287.2664933844245,56263.2821340801,2.2981,450.1
2058.65,22.41,72.71,37556761,1059302,1534066,287.2664933844245,56263.2821340801,2.2981,450.1
2140.11,22.4,72.73,37556761,1059150,1532784,294.8947635048586,57757.33564837773,2.2981,450.1
2085.8,22.4,72.73,37562051,1059571,1533863,289.8154181582171,56762.50803403399,2.2981,450.1
2004.34,22.4,72.73,37557570,1059832,1533761,282.1968677634938,55270.358200404065,2.2981,450.1
2004.34,22.4,72.75,37557570,1059832,1533100,282.1968677634938,55270.358200404065,2.2981,450.1
2009.78,22.4,72.7,37558839,1059842,1533871,282.70564402358826,55370.00582003268,2.2981,450.1
2020.64,22.4,72.69,37556096,1059525,1532944,283.72132604282103,55568.93470774717,2.2981,450.1
2009.78,22.4,72.69,37551885,1059331,1531722,282.70564402358826,55370.00582003268,2.2981,450.1
2145.54,22.4,72.66,37551885,1059648,1532253,295.40260451447494,57856.80009223497,2.2981,450.1
2091.23,22.4,72.66,37557002,1059650,1531549,290.3232591678334,56861.97247789123,2.2981,450.1
2058.65,22.4,72.71,37557002,1059577,1531359,287.27621311013536,56265.18581474781,2.2981,450.1
2053.22,22.4,72.73,37556079,1060033,1532249,286.768372100519,56165.72137089058,2.2981,450.1
2074.94,22.4,72.78,37556079,1060033,1532249,288.7997361389844,56563.57914631952,2.2981,450.1
2058.65,22.4,72.77,37552663,1059602,1532701,287.27621311013536,56265.18581474781,2.2981,450.1
2047.79,22.4,72.73,37551711,1059953,1531789,286.2605310909027,56066.25692703334,2.2981,450.1
2091.23,22.4,72.73,37557578,1060024,1532485,290.3232591678334,56861.97247789123,2.2981,450.1
2042.36,22.4,72.74,37552664,1059650,1532001,285.7526900812863,55966.79248317609,2.2981,450.1
1988.05,22.39,72.74,37551718,1059533,1533223,280.6828417010363,54973.82492042838,2.2981,450.1
1988.05,22.39,72.74,37553066,1059498,1532646,280.6828417010363,54973.82492042838,2.2981,450.1
2069.51,22.39,72.74,37549799,1059942,1532646,288.3016498798292,56466.02524298819,2.2981,450.1
2020.64,22.39,72.83,37550972,1059942,1532646,283.7309261418277,55570.81495863395,2.2981,450.1
2026.07,22.39,72.88,37554301,1060311,1532205,284.23878433493894,55670.282768006626,2.2981,450.1
2047.79,22.38,72.88,37554301,1060159,1532125,286.27990377936686,56070.0512123463,2.2981,450.1
2015.21,22.38,72.92,37548168,1060238,1532637,283.23265151275206,55473.22416165081,2.2981,450.1
2091.23,22.38,72.95,37548168,1060302,1531739,290.34290680151986,56865.820613273616,2.2981,450.1
2069.51,22.38,72.99,37562856,1060260,1531423,288.31140529044336,56467.93591280996,2.2981,450.1
1993.48,22.38,72.99,37560277,1060088,1531185,281.20021468790435,55075.156273019355,2.2981,450.1
2026.07,22.38,73.05,37560277,1060088,1531660,284.2484022682903,55672.16651188264,2.2981,450.1
2080.37,22.37,73.06,37561058,1060504,1531660,289.33694648845744,56668.79579411458,2.2981,450.1
2053.22,22.38,73.0,37561058,1060504,1531660,286.78777915713596,56169.52238746222,2.2981,450.1
2047.79,22.38,72.96,37559347,1060280,1530728,286.27990377936686,56070.0512123463,2.2981,450.1
1998.91,22.38,72.94,37559274,1060294,1531499,281.7080900656735,55174.62744813527,2.2981,450.1
2026.07,22.38,72.91,37559274,1060294,1531810,284.2484022682903,55672.16651188264,2.2981,450.1
2026.07,22.38,72.92,37549726,1059968,1530992,284.2484022682903,55672.16651188264,2.2981,450.1
2069.51,22.38,73.0,37548858,1059857,1531097,288.31140529044336,56467.93591280996,2.2981,450.1
2026.07,22.38,73.04,37556830,1059814,1531629,284.2484022682903,55672.16651188264,2.2981,450.1
2047.79,22.38,73.04,37556830,1059814,1531629,286.27990377936686,56070.0512123463,2.2981,450.1
2112.96,22.38,73.08,37556830,1059814,1531629,292.37534362636757,57263.88850190507,2.2981,450.1
2042.36,22.38,73.08,37556830,1059814,1531629,285.77202840159765,55970.58003723037,2.2981,450.1
2036.93,22.38,73.08,37550895,1059457,1531629,285.26415302382856,55871.108862114466,2.2981,450.1
2026.07,22.38,73.12,37550895,1059333,1530263,284.2484022682903,55672.16651188264,2.2981,450.1
2053.22,22.38,73.12,37548826,1059561,1530263,286.78777915713596,56169.52238746222,2.2981,450.1
2020.64,22.38,73.15,37548826,1059561,1530263,283.74052689052127,55572.69533676674,2.2981,450.1
1971.76,22.38,73.15,37552202,1059554,1530827,279.16871317682785,54677.27157255569,2.2981,450.1
2042.36,22.38,73.15,37551923,1059617,1530827,285.77202840159765,55970.58003723037,2.2981,450.1
1988.05,22.38,73.23,37548253,1059820,1530246,280.69233931013525,54975.68509790344,2.2981,450.1
2026.07,22.38,73.23,37548253,1059939,1531615,284.2484022682903,55672.16651188264,2.2981,450.1
1971.76,22.38,73.18,37553476,1059672,1532588,279.16871317682785,54677.27157255569,2.2981,450.1
2009.78,22.38,73.22,37553661,1059365,1532588,282.72477613498296,55373.7529865349,2.2981,450.1
2009.78,22.37,73.26,37552787,1059453,1532490,282.73434316178776,55375.62675998463,2.2981,450.1
2015.21,22.37,73.26,37552787,1059453,1532490,283.2422357253777,55475.101301071554,2.2981,450.1
2004.34,22.37,73.26,37547322,1059501,1532490,282.2255152527768,55275.96902453107,2.2981,450.1
2026.07,22.37,73.26,37547322,1059573,1532062,284.2580208525577,55674.05038324539,2.2981,450.1
2026.07,22.37,73.26,37555674,1059531,1532062,284.2580208525577,55674.05038324539,2.2981,450.1
2031.5,22.37,73.39,37555674,1059431,1531772,284.76591341614767,55773.52492433231,2.2981,450.1
1998.91,22.37,73.39,37550897,1059431,1531772,281.71762268918684,55176.49448344416,2.2981,450.1
2026.07,22.37,73.36,37550897,1059468,1531468,284.2580208525577,55674.05038324539,2.2981,450.1
2042.36,22.37,73.37,37550897,1059468,1531511,285.7816985433276,55972.47400650614,2.2981,450.1
2015.21,22.37,73.41,37550897,1059468,1531511,283.2422357253777,55475.101301071554,2.2981,450.1
2096.67,22.37,73.46,37544711,1059699,1530526,290.8615595246483,56967.40261174198,2.2981,450.1
2009.78,22.37,73.5,37544711,1059699,1531046,282.73434316178776,55375.62675998463,2.2981,450.1
2074.94,22.37,73.5,37544711,1059699,1531046,288.8290539248675,56569.321253027665,2.2981,450.1
2074.94,22.37,73.52,37544711,1059699,1531046,288.8290539248675,56569.321253027665,2.2981,450.1
2107.53,22.37,73.53,37548913,1059699,1531046,291.8773446518283,57166.35169391582,2.2981,450.1
2026.07,22.37,73.54,37551410,1060427,1531737,284.2580208525577,55674.05038324539,2.2981,450.1
2026.07,22.37,73.54,37552695,1059852,1531417,284.2580208525577,55674.05038324539,2.2981,450.1
2020.64,22.37,73.58,37558316,1059794,1532198,283.75012828896774,55574.57584215848,2.2981,450.1
1966.33,22.37,73.58,37554389,1059566,1531944,278.670267307647,54579.64723692264,2.2981,450.1
2015.21,22.37,73.58,37554389,1059566,1530759,283.2422357253777,55475.101301071554,2.2981,450.1
2004.34,22.37,73.62,37550488,1059421,1531101,282.2255152527768,55275.96902453107,2.2981,450.1
1993.48,22.37,73.64,37554333,1059177,1531904,281.2097301255969,55077.019942357234,2.2981,450.1
2026.07,22.37,73.66,37554333,1058928,1531599,284.2580208525577,55674.05038324539,2.2981,450.1
1993.48,22.37,73.66,37554333,1058928,1531599,281.2097301255969,55077.019942357234,2.2981,450.1
1988.05,22.37,73.67,37554333,1058928,1531599,280.7018375620069,54977.54540127032,2.2981,450.1
1966.33,22.37,73.68,37547431,1058784,1531839,278.670267307647,54579.64723692264,2.2981,450.1
2058.65,22.37,73.69,37553342,1058784,1531839,287.30537623409754,56270.89762976691,2.2981,450.1
2026.07,22.38,73.71,37553342,1058784,1531839,284.2484022682903,55672.16651188264,2.2981,450.1
2036.93,22.37,73.74,37553342,1058642,1531839,285.27380597973763,55872.99946541923,2.2981,450.1
2053.22,22.37,73.74,37550483,1058541,1531400,286.7974836705076,56171.423088679985,2.2981,450.1
2020.64,22.38,73.74,37550483,1058541,1531400,283.74052689052127,55572.69533676674,2.2981,450.1
1960.9,22.37,73.78,37550483,1058541,1531400,278.162374744057,54480.172695835725,2.2981,450.1
1988.05,22.37,73.8,37545757,1058242,1531550,280.7018375620069,54977.54540127032,2.2981,450.1
2009.78,22.37,73.8,37544180,1058579,1531550,282.73434316178776,55375.62675998463,2.2981,450.1
2020.64,22.37,73.85,37544021,1058300,1530454,283.75012828896774,55574.57584215848,2.2981,450.1
1998.91,22.37,73.85,37545744,1058153,1530178,281.71762268918684,55176.49448344416,2.2981,450.1
2058.65,22.37,73.85,37545744,1058153,1530178,287.30537623409754,56270.89762976691,2.2981,450.1
2058.65,22.37,73.77,37540333,1058179,1530178,287.30537623409754,56270.89762976691,2.2981,450.1
2015.21,22.38,73.77,37543648,1058179,1530178,283.23265151275206,55473.22416165081,2.2981,450.1
2026.07,22.38,73.77,37542343,1058179,1530178,284.2484022682903,55672.16651188264,2.2981,450.1
1966.33,22.38,73.77,37542343,1058179,1530856,278.66083779905875,54577.80039743978,2.2981,450.1
1988.05,22.37,73.87,37542343,1058179,1530856,280.7018375620069,54977.54540127032,2.2981,450.1
2058.65,22.37,73.87,37544664,1058576,1530898,287.30537623409754,56270.89762976691,2.2981,450.1
2031.5,22.37,73.87,37544664,1058576,1530898,284.76591341614767,55773.52492433231,2.2981,450.1
2036.93,22.38,73.9,37544664,1057922,1529520,285.26415302382856,55871.108862114466,2.2981,450.1
2004.34,22.38,73.9,37537719,1057922,1529520,282.2159654434426,55274.09862325118,2.2981,450.1
2026.07,22.38,73.91,37537719,1058045,1531865,284.2484022682903,55672.16651188264,2.2981,450.1
2053.22,22.38,73.91,37545954,1058310,1531093,286.78777915713596,56169.52238746222,2.2981,450.1
2042.36,22.38,73.95,37537054,1057611,1531093,285.77202840159765,55970.58003723037,2.2981,450.1
2009.78,22.38,73.96,37537054,1057611,1532095,282.72477613498296,55373.7529865349,2.2981,450.1
2042.36,22.38,73.99,37545895,1057918,1531778,285.77202840159765,55970.58003723037,2.2981,450.1
1966.33,22.38,73.99,37545895,1057918,1531778,278.66083779905875,54577.80039743978,2.2981,450.1
2036.93,22.38,74.04,37544885,1058261,1531778,285.26415302382856,55871.108862114466,2.2981,450.1
2053.22,22.38,74.06,37545891,1058306,1531640,286.78777915713596,56169.52238746222,2.2981,450.1
1966.33,22.37,74.1,37545891,1058306,1531640,278.670267307647,54579.64723692264,2.2981,450.1
2102.1,22.37,74.1,37545891,1058300,1531197,291.36945208823835,57066.8771528289,2.2981,450.1
1966.33,22.37,74.12,37545117,1058495,1531860,278.670267307647,54579.64723692264,2.2981,450.1
2026.07,22.37,74.15,37545117,1058495,1531860,284.2580208525577,55674.05038324539,2.2981,450.1
1977.19,22.37,74.14,37545117,1058495,1531860,279.68605243482693,54778.59631909648,2.2981,450.1
2009.78,22.37,74.14,37545117,1058495,1531860,282.73434316178776,55375.62675998463,2.2981,450.1
2026.07,22.37,74.15,37545868,1058089,1531860,284.2580208525577,55674.05038324539,2.2981,450.1
2026.07,22.37,74.19,37545868,1058089,1531524,284.2580208525577,55674.05038324539,2.2981,450.1
2069.51,22.37,74.19,37538808,1058089,1531524,288.32116136127746,56469.84671194074,2.2981,450.1
2020.64,22.37,74.2,37538808,1057594,1531524,283.75012828896774,55574.57584215848,2.2981,450.1
2031.5,22.37,74.22,37538808,1057594,1531524,284.76591341614767,55773.52492433231,2.2981,450.1
2042.36,22.37,74.23,37534638,1057286,1531524,285.7816985433276,55972.47400650614,2.2981,450.1
1960.9,22.37,74.22,37534638,1057286,1531524,278.162374744057,54480.172695835725,2.2981,450.1
1966.33,22.37,74.22,37537842,1057119,1530969,278.670267307647,54579.64723692264,2.2981,450.1
2009.78,22.37,74.22,37537842,1057119,1530969,282.73434316178776,55375.62675998463,2.2981,450.1
2015.21,22.38,74.2,37537307,1057119,1530969,283.23265151275206,55473.22416165081,2.2981,450.1
2020.64,22.38,74.23,37537144,1056735,1530822,283.74052689052127,55572.69533676674,2.2981,450.1
2026.07,22.38,74.25,37537144,1056735,1530822,284.2484022682903,55672.16651188264,2.2981,450.1
2020.64,22.38,74.26,37537144,1056735,1530822,283.74052689052127,55572.69533676674,2.2981,450.1
2009.78,22.38,74.28,37538366,1056941,1532085,282.72477613498296,55373.7529865349,2.2981,450.1
2042.36,22.38,74.28,37538366,1056941,1532085,285.77202840159765,55970.58003723037,2.2981,450.1
1960.9,22.38,74.28,37542308,1056799,1531279,278.1529624212896,54478.32922232386,2.2981,450.1
2020.64,22.38,74.28,37531254,1056799,1531279,283.74052689052127,55572.69533676674,2.2981,450.1
1971.76,22.38,74.31,37538119,1056745,1531844,279.16871317682785,54677.27157255569,2.2981,450.1
2004.34,22.38,74.31,37538119,1056745,1531578,282.2159654434426,55274.09862325118,2.2981,450.1
2015.21,22.39,74.33,37538119,1056686,1531490,283.22306794871633,55471.34714926124,2.2981,450.1
1993.48,22.39,74.33,37536531,1056570,1531364,281.1906998941476,55073.29272980107,2.2981,450.1
2009.78,22.39,74.31,37536531,1056570,1531364,282.7152097556051,55371.87933988855,2.2981,450.1
1966.33,22.39,74.31,37534083,1056490,1530683,278.6514089285912,54575.9536829376,2.2981,450.1
2058.65,22.39,74.31,37531675,1056437,1530781,287.28593349360665,56267.0896242428,2.2981,450.1
2015.21,22.38,74.41,37540974,1056437,1530781,283.23265151275206,55473.22416165081,2.2981,450.1
1966.33,22.38,74.41,37531403,1056128,1531168,278.66083779905875,54577.80039743978,2.2981,450.1
2009.78,22.38,74.41,37531403,1056128,1531288,282.72477613498296,55373.7529865349,2.2981,450.1
1988.05,22.38,74.44,37535368,1056505,1530875,280.69233931013525,54975.68509790344,2.2981,450.1
2015.21,22.38,74.42,37535368,1056505,1530845,283.23265151275206,55473.22416165081,2.2981,450.1
2015.21,22.38,74.48,37535368,1056505,1530845,283.23265151275206,55473.22416165081,2.2981,450.1
2015.21,22.38,74.49,37537591,1056286,1530740,283.23265151275206,55473.22416165081,2.2981,450.1
2004.34,22.39,74.46,37537591,1056288,1531283,282.2064162803702,55272.228348546465,2.2981,450.1
1966.33,22.39,74.45,37537591,1056288,1531283,278.6514089285912,54575.9536829376,2.2981,450.1
1993.48,22.39,74.5,37534631,1055909,1530854,281.1906998941476,55073.29272980107,2.2981,450.1
1966.33,22.39,74.5,37534631,1055909,1530854,278.6514089285912,54575.9536829376,2.2981,450.1
1998.91,22.38,74.57,37531542,1055631,1530988,281.7080900656735,55174.62744813527,2.2981,450.1
1912.02,22.38,74.58,37531542,1055631,1530601,273.5811487075963,53582.90545811284,2.2981,450.1
2031.5,22.38,74.58,37532047,1055631,1530601,284.75627764605946,55771.637686998554,2.2981,450.1
2009.78,22.38,74.59,37532047,1055631,1530520,282.72477613498296,55373.7529865349,2.2981,450.1
2020.64,22.38,74.59,37535321,1055647,1531682,283.74052689052127,55572.69533676674,2.2981,450.1
1971.76,22.38,74.62,37533435,1055570,1530970,279.16871317682785,54677.27157255569,2.2981,450.1
2020.64,22.38,74.65,37528685,1055398,1530101,283.74052689052127,55572.69533676674,2.2981,450.1
1971.76,22.38,74.65,37532413,1055450,1530101,279.16871317682785,54677.27157255569,2.2981,450.1
2031.5,22.39,74.65,37532413,1055450,1530101,284.74664252805024,55769.75057737933,2.2981,450.1
2009.78,22.39,74.67,37532413,1055450,1530101,282.7152097556051,55371.87933988855,2.2981,450.1
1971.76,22.39,74.65,37532413,1055450,1530101,279.1592671217025,54675.4214923103,2.2981,450.1
1998.91,22.39,74.66,37526762,1055548,1530223,281.6985580872589,55172.760539173774,2.2981,450.1
2009.78,22.39,74.66,37526762,1055548,1530223,282.7152097556051,55371.87933988855,2.2981,450.1
2020.64,22.39,74.66,37526762,1055548,1530223,283.7309261418277,55570.81495863395,2.2981,450.1
2020.64,22.39,74.71,37526762,1055548,1530223,283.7309261418277,55570.81495863395,2.2981,450.1
2036.93,22.39,74.71,37532189,1055548,1530223,285.2545007211615,55869.21838675202,2.2981,450.1
2042.36,22.4,74.67,37532189,1055548,1530223,285.7526900812863,55966.79248317609,2.2981,450.1
2020.64,22.4,74.67,37532189,1055548,1530223,283.72132604282103,55568.93470774717,2.2981,450.1
2004.34,22.4,74.66,37532189,1055548,1530846,282.1968677634938,55270.358200404065,2.2981,450.1
2031.5,22.4,74.66,37529499,1055026,1530977,284.73700806205363,55767.863595461626,2.2981,450.1
1960.9,22.4,74.69,37525126,1055012,1530518,278.13413968656306,54474.64264954617,2.2981,450.1
2004.34,22.4,74.72,37529765,1055012,1530518,282.1968677634938,55270.358200404065,2.2981,450.1
2026.07,22.4,74.72,37536577,1055366,1530870,284.22916705243733,55668.39915160439,2.2981,450.1
2053.22,22.4,74.75,37536577,1055366,1530870,286.768372100519,56165.72137089058,2.2981,450.1
2015.21,22.4,74.8,37528578,1054972,1530870,283.2134850332046,55469.47026388992,2.2981,450.1
2042.36,22.4,74.79,37529763,1054921,1531017,285.7526900812863,55966.79248317609,2.2981,450.1
2015.21,22.4,74.79,37530715,1054822,1531364,283.2134850332046,55469.47026388992,2.2981,450.1
2047.79,22.4,74.79,37530715,1054822,1531364,286.2605310909027,56066.25692703334,2.2981,450.1
1977.19,22.4,74.79,37530715,1054665,1530786,279.65766271541213,54773.035981117886,2.2981,450.1
1993.48,22.4,74.82,37530715,1054665,1530786,281.18118574426114,55071.429312689594,2.2981,450.1
1966.33,22.4,74.82,37525861,1054536,1530093,278.6419806961794,54574.10709340341,2.2981,450.1
2069.51,22.4,74.84,37528237,1054878,1530093,288.291895129368,56464.11470246229,2.2981,450.1
1960.9,22.4,74.87,37528237,1054878,1530093,278.13413968656306,54474.64264954617,2.2981,450.1
1960.9,22.4,74.87,37528237,1054878,1530093,278.13413968656306,54474.64264954617,2.2981,450.1
1982.62,22.4,74.87,37528237,1054543,1530213,280.16550372502843,54872.50042497512,2.2981,450.1
2026.07,22.4,74.92,37523273,1054543,1530213,284.22916705243733,55668.39915160439,2.2981,450.1
2058.65,22.4,74.92,37527911,1054872,1531155,287.27621311013536,56265.18581474781,2.2981,450.1
1950.04,22.4,74.92,37527911,1054872,1531155,277.1184576673304,54275.7137618317,2.2981,450.1
2064.08,22.4,74.92,37527911,1054872,1531155,287.7840541197517,56364.65025860505,2.2981,450.1
2080.37,22.4,74.92,37527911,1054872,1531155,289.3075771486007,56663.04359017675,2.2981,450.1
2020.64,22.4,74.92,37527911,1054872,1531155,283.72132604282103,55568.93470774717,2.2981,450.1
2020.64,22.4,74.92,37527911,1054093,1531665,283.72132604282103,55568.93470774717,2.2981,450.1
2009.78,22.4,74.98,37527911,1054093,1532723,282.70564402358826,55370.00582003268,2.2981,450.1
1960.9,22.4,75.0,37520165,1054016,1532723,278.13413968656306,54474.64264954617,2.2981,450.1
1960.9,22.4,75.01,37529027,1054226,1531672,278.13413968656306,54474.64264954617,2.2981,450.1
1966.33,22.4,75.01,37529027,1054226,1531672,278.6419806961794,54574.10709340341,2.2981,450.1
1988.05,22.4,75.01,37529027,1054226,1531672,280.6733447346448,54971.96486883236,2.2981,450.1
1955.47,22.4,75.01,37525782,1054206,1531190,277.62629867694676,54375.178205688935,2.2981,450.1
2096.67,22.41,75.01,37525782,1054206,1531190,290.82219539424847,56959.6928536405,2.2981,450.1
1960.9,22.41,75.01,37530317,1054206,1531190,278.12472927447465,54472.79955025501,2.2981,450.1
2026.07,22.41,75.01,37528653,1054085,1531450,284.21955042071943,55666.515662663,2.2981,450.1
2009.78,22.4,75.01,37523467,1054091,1531054,282.70564402358826,55370.00582003268,2.2981,450.1
1982.62,22.4,75.07,37529166,1054057,1531546,280.16550372502843,54872.50042497512,2.2981,450.1
2026.07,22.4,75.07,37529166,1054206,1531546,284.22916705243733,55668.39915160439,2.2981,450.1
2036.93,22.4,75.07,37527576,1053798,1531546,285.24484907167,55867.32803931886,2.2981,450.1
1966.33,22.41,75.11,37528198,1053946,1531856,278.6325531017588,54572.26062882453,2.2981,450.1
2020.64,22.4,75.14,37526622,1053892,1531856,283.72132604282103,55568.93470774717,2.2981,450.1
2091.23,22.4,75.14,37526622,1053892,1531856,290.3232591678334,56861.97247789123,2.2981,450.1
1977.19,22.4,75.16,37523053,1053932,1531077,279.65766271541213,54773.035981117886,2.2981,450.1
2102.1,22.4,75.15,37523053,1053932,1531077,291.3398764375442,57061.08454137707,2.2981,450.1
2015.21,22.41,75.15,37523053,1053932,1531482,283.2039027661511,55467.59350552397,2.2981,450.1
2036.93,22.41,75.17,37528613,1053932,1531482,285.23519807528777,55865.43781980203,2.2981,450.1
2009.78,22.4,75.22,37518358,1053667,1531482,282.70564402358826,55370.00582003268,2.2981,450.1
2009.78,22.4,75.23,37526144,1053587,1531135,282.70564402358826,55370.00582003268,2.2981,450.1
2015.21,22.4,75.23,37529951,1053628,1530813,283.2134850332046,55469.47026388992,2.2981,450.1
1998.91,22.4,75.23,37529951,1053628,1530813,281.6890267538775,55170.89375654683,2.2981,450.1
1960.9,22.4,75.26,37529951,1053628,1530813,278.13413968656306,54474.64264954617,2.2981,450.1
2069.51,22.4,75.28,37526032,1053337,1531563,288.291895129368,56464.11470246229,2.2981,450.1
1988.05,22.4,75.28,37525333,1053336,1531062,280.6733447346448,54971.96486883236,2.2981,450.1
2020.64,22.4,75.29,37517701,1053415,1531312,283.72132604282103,55568.93470774717,2.2981,450.1
1982.62,22.4,75.32,37517701,1053604,1531658,280.16550372502843,54872.50042497512,2.2981,450.1
2053.22,22.4,75.32,37517701,1053604,1531267,286.768372100519,56165.72137089058,2.2981,450.1
2026.07,22.4,75.32,37517701,1053604,1531267,284.22916705243733,55668.39915160439,2.2981,450.1
2047.79,22.4,75.35,37517701,1053604,1532090,286.2605310909027,56066.25692703334,2.2981,450.1
2020.64,22.4,75.36,37517701,1053604,1532090,283.72132604282103,55568.93470774717,2.2981,450.1
2053.22,22.4,75.36,37517701,1053604,1532090,286.768372100519,56165.72137089058,2.2981,450.1
1977.19,22.4,75.35,37517701,1053709,1531641,279.65766271541213,54773.035981117886,2.2981,450.1
2026.07,22.4,75.35,37525210,1053528,1531641,284.22916705243733,55668.39915160439,2.2981,450.1
2107.53,22.4,75.35,37525210,1053528,1531641,291.8477174471605,57160.54898523431,2.2981,450.1
2042.36,22.4,75.35,37528100,1053349,1532722,285.7526900812863,55966.79248317609,2.2981,450.1
1993.48,22.4,75.35,37528046,1053250,1532459,281.18118574426114,55071.429312689594,2.2981,450.1
1971.76,22.4,75.38,37528046,1053250,1532459,279.1498217057958,54673.57153726065,2.2981,450.1
2026.07,22.41,75.36,37523159,1053317,1532459,284.21955042071943,55666.515662663,2.2981,450.1
2020.64,22.41,75.36,37523159,1053317,1532459,283.71172659343534,55567.054584093494,2.2981,450.1
2074.94,22.41,75.37,37525903,1052890,1530862,288.789964866277,56561.66536978865,2.2981,450.1
1993.48,22.41,75.36,37525903,1052890,1530862,281.1716722381796,55069.56602167211,2.2981,450.1
2036.93,22.41,75.36,37523396,1052834,1530862,285.23519807528777,55865.43781980203,2.2981,450.1
1966.33,22.41,75.41,37526011,1053254,1531498,278.6325531017588,54572.26062882453,2.2981,450.1
2015.21,22.41,75.43,37526011,1053254,1531498,283.2039027661511,55467.59350552397,2.2981,450.1
2009.78,22.41,75.43,37526011,1053254,1531604,282.69607893886695,55368.13242695445,2.2981,450.1
2026.07,22.41,75.46,37526011,1053254,1531604,284.21955042071943,55666.515662663,2.2981,450.1
1977.19,22.41,75.54,37527966,1053265,1531604,279.6482007563271,54771.18278596356,2.2981,450.1
1971.76,22.4,75.56,37523912,1053062,1531105,279.1498217057958,54673.57153726065,2.2981,450.1
2015.21,22.4,75.56,37519671,1053314,1531418,283.2134850332046,55469.47026388992,2.2981,450.1
2031.5,22.4,75.55,37519671,1053314,1531418,284.73700806205363,55767.863595461626,2.2981,450.1
1993.48,22.4,75.55,37527475,1053556,1530642,281.18118574426114,55071.429312689594,2.2981,450.1
1998.91,22.41,75.56,37528548,1053390,1531131,281.6794960654638,55169.02710024163,2.2981,450.1
2042.36,22.4,75.59,37527399,1053121,1530442,285.7526900812863,55966.79248317609,2.2981,450.1
2036.93,22.4,75.59,37520815,1053121,1530442,285.24484907167,55867.32803931886,2.2981,450.1
2026.07,22.41,75.56,37521876,1052688,1530442,284.21955042071943,55666.515662663,2.2981,450.1
1966.33,22.41,75.56,37520912,1052789,1530554,278.6325531017588,54572.26062882453,2.2981,450.1
1998.91,22.41,75.6,37522942,1052512,1530487,281.6794960654638,55169.02710024163,2.2981,450.1
1966.33,22.41,75.62,37522942,1052512,1530487,278.6325531017588,54572.26062882453,2.2981,450.1
2058.65,22.41,75.62,37520096,1052437,1530487,287.2664933844245,56263.2821340801,2.2981,450.1
2026.07,22.41,75.64,37517259,1052547,1530487,284.21955042071943,55666.515662663,2.2981,450.1
2015.21,22.41,75.64,37519055,1052547,1530487,283.2039027661511,55467.59350552397,2.2981,450.1
2047.79,22.41,75.64,37519055,1052547,1530487,286.25084572985617,56064.359976941065,2.2981,450.1
2020.64,22.41,75.59,37520062,1052526,1531112,283.71172659343534,55567.054584093494,2.2981,450.1
2015.21,22.41,75.59,37520062,1052526,1531112,283.2039027661511,55467.59350552397,2.2981,450.1
2020.64,22.41,75.64,37528409,1052588,1531417,283.71172659343534,55567.054584093494,2.2981,450.1
2026.07,22.41,75.64,37528409,1052588,1531417,284.21955042071943,55666.515662663,2.2981,450.1
1960.9,22.41,75.64,37519259,1052782,1531417,278.12472927447465,54472.79955025501,2.2981,450.1
1971.76,22.41,75.64,37526022,1052927,1530837,279.140376929043,54671.72170739404,2.2981,450.1
2074.94,22.41,75.75,37526022,1052927,1530837,288.789964866277,56561.66536978865,2.2981,450.1
2020.64,22.41,75.73,37526022,1052927,1530837,283.71172659343534,55567.054584093494,2.2981,450.1
1982.62,22.41,75.7,37521432,1052214,1530778,280.15602458361127,54870.64386453308,2.2981,450.1
1971.76,22.41,75.72,37521324,1052137,1530778,279.140376929043,54671.72170739404,2.2981,450.1
2064.08,22.41,75.72,37521324,1052243,1531437,287.77431721170865,56362.74321264961,2.2981,450.1
1988.05,22.41,75.75,37518216,1052405,1530354,280.66384841089547,54970.10494310259,2.2981,450.1
2015.21,22.41,75.78,37517816,1052405,1530354,283.2039027661511,55467.59350552397,2.2981,450.1
2026.07,22.41,75.78,37517816,1052405,1530354,284.21955042071943,55666.515662663,2.2981,450.1
1971.76,22.41,75.78,37522613,1052673,1530354,279.140376929043,54671.72170739404,2.2981,450.1
2020.64,22.41,75.78,37525727,1052820,1530798,283.71172659343534,55567.054584093494,2.2981,450.1
2031.5,22.41,75.78,37525727,1052820,1530798,284.7273742480036,55765.97674123251,2.2981,450.1
2020.64,22.41,75.79,37525727,1052820,1530798,283.71172659343534,55567.054584093494,2.2981,450.1
2026.07,22.41,75.79,37523071,1052046,1530798,284.21955042071943,55666.515662663,2.2981,450.1
1988.05,22.41,75.81,37518784,1051951,1529991,280.66384841089547,54970.10494310259,2.2981,450.1
2036.93,22.41,75.81,37518930,1051978,1529991,285.23519807528777,55865.43781980203,2.2981,450.1
2042.36,22.41,75.81,37518930,1051978,1529991,285.7430219025719,55964.89889837154,2.2981,450.1
1971.76,22.41,75.84,37516520,1051790,1531460,279.140376929043,54671.72170739404,2.2981,450.1
2004.34,22.41,75.85,37516520,1051790,1531460,282.18731989274795,55268.48817881114,2.2981,450.1
2042.36,22.41,75.85,37520407,1052121,1529799,285.7430219025719,55964.89889837154,2.2981,450.1
2107.53,22.42,75.83,37525365,1052516,1530223,291.8279693186328,57156.68116718883,2.2981,450.1
2080.37,22.42,75.83,37525365,1052516,1530234,289.28800090086594,56659.20943626464,2.2981,450.1
2015.21,22.42,75.83,37525365,1052516,1530234,283.19432114749003,55465.71687415051,2.2981,450.1
2036.93,22.42,75.83,37525365,1052516,1530234,285.22554773194867,55863.547728188554,2.2981,450.1
2074.94,22.42,75.83,37525365,1052516,1530234,288.7801942547513,56559.75172275513,2.2981,450.1
2015.21,22.42,75.84,37525365,1052516,1530484,283.19432114749003,55465.71687415051,2.2981,450.1
2009.78,22.42,75.83,37525365,1052516,1530484,282.68651450137537,55366.259160641,2.2981,450.1
2069.51,22.42,75.84,37514338,1051625,1530226,288.2723876086366,56460.29400924562,2.2981,450.1
2020.64,22.42,75.84,37514467,1051625,1529648,283.70212779360475,55565.174587660025,2.2981,450.1
1982.62,22.42,75.84,37518284,1051596,1531068,280.1465460836085,54868.78742971681,2.2981,450.1
2069.51,22.42,75.92,37518284,1051596,1531068,288.2723876086366,56460.29400924562,2.2981,450.1
2026.07,22.42,75.92,37518284,1051339,1530137,284.20993443971935,55664.63230116953,2.2981,450.1
2020.64,22.42,75.92,37510547,1051115,1530588,283.70212779360475,55565.174587660025,2.2981,450.1
2064.08,22.42,76.0,37509076,1051017,1530588,287.76458096252196,56360.83629573611,2.2981,450.1
1998.91,22.42,76.01,37509076,1051017,1530588,281.66996602195246,55167.160570245345,2.2981,450.1
1971.76,22.42,76.01,37517047,1051329,1531422,279.13093279137917,54669.87200269779,2.2981,450.1
1982.62,22.42,76.01,37513511,1051096,1530483,280.1465460836085,54868.78742971681,2.2981,450.1
2009.78,22.42,75.98,37513511,1051096,1530483,282.68651450137537,55366.259160641,2.2981,450.1
2053.22,22.42,76.01,37519389,1051072,1530829,286.74896767029264,56161.92086871709,2.2981,450.1
2053.22,22.42,76.02,37513391,1051159,1530829,286.74896767029264,56161.92086871709,2.2981,450.1
2031.5,22.42,76.01,37513391,1051159,1530829,284.717741085834,55764.090014679045,2.2981,450.1
1971.76,22.42,75.98,37514517,1051159,1530829,279.13093279137917,54669.87200269779,2.2981,450.1
2009.78,22.43,76.0,37514517,1051159,1530071,282.6769507110478,55364.38602107943,2.2981,450.1
2026.07,22.43,76.03,37514517,1051159,1530071,284.20031910937087,55662.74906711103,2.2981,450.1
2026.07,22.43,76.04,37514517,1051159,1530071,284.20031910937087,55662.74906711103,2.2981,450.1
2009.78,22.43,76.05,37514517,1050588,1530115,282.6769507110478,55364.38602107943,2.2981,450.1
2107.53,22.42,76.09,37514517,1050588,1530115,291.8279693186328,57156.68116718883,2.2981,450.1
1971.76,22.43,76.09,37509760,1050677,1529374,279.1214892927395,54668.02242315916,2.2981,450.1
2031.5,22.43,76.09,37509760,1050677,1529374,284.70810857547855,55762.20341578822,2.2981,450.1
2058.65,22.43,76.1,37514882,1050790,1529865,287.247055906017,56259.47515917422,2.2981,450.1
2042.36,22.42,76.1,37514882,1050585,1530028,285.73335437806327,55963.00544169806,2.2981,450.1
1966.33,22.42,76.16,37511564,1050525,1530340,278.62312614526456,54570.41428918828,2.2981,450.1
2102.1,22.42,76.16,37516855,1050525,1530340,291.32016267251817,57057.22345367932,2.2981,450.1
2015.21,22.42,76.19,37512051,1050525,1531397,283.19432114749003,55465.71687415051,2.2981,450.1
2031.5,22.42,76.2,37513923,1050697,1530357,284.717741085834,55764.090014679045,2.2981,450.1
2042.36,22.42,76.2,37513923,1051398,1530357,285.73335437806327,55963.00544169806,2.2981,450.1
2069.51,22.42,76.24,37514572,1051398,1530357,288.2723876086366,56460.29400924562,2.2981,450.1
2031.5,22.42,76.24,37517694,1051030,1530357,284.717741085834,55764.090014679045,2.2981,450.1
2074.94,22.42,76.24,37517694,1051030,1530357,288.7801942547513,56559.75172275513,2.2981,450.1
1982.62,22.42,76.31,37517694,1051030,1530357,280.1465460836085,54868.78742971681,2.2981,450.1
2036.93,22.42,76.3,37517694,1051030,1530357,285.22554773194867,55863.547728188554,2.2981,450.1
2020.64,22.42,76.3,37513277,1050943,1530963,283.70212779360475,55565.174587660025,2.2981,450.1
2015.21,22.42,76.31,37513277,1050716,1530963,283.19432114749003,55465.71687415051,2.2981,450.1
1982.62,22.42,76.31,37513277,1050716,1530963,280.1465460836085,54868.78742971681,2.2981,450.1
2031.5,22.42,76.31,37512149,1050350,1530079,284.717741085834,55764.090014679045,2.2981,450.1
2042.36,22.42,76.31,37512149,1050484,1530079,285.73335437806327,55963.00544169806,2.2981,450.1
2069.51,22.42,76.32,37512149,1050484,1529715,288.2723876086366,56460.29400924562,2.2981,450.1
2064.08,22.42,76.32,37515188,1050289,1529715,287.76458096252196,56360.83629573611,2.2981,450.1
1982.62,22.42,76.32,37511560,1049929,1531073,280.1465460836085,54868.78742971681,2.2981,450.1
2058.65,22.42,76.32,37511222,1050192,1530166,287.2567743164073,56261.3785822266,2.2981,450.1
1988.05,22.42,76.32,37511222,1050192,1530166,280.65435272972314,54968.24514322632,2.2981,450.1
2036.93,22.42,76.36,37514615,1050192,1530166,285.22554773194867,55863.547728188554,2.2981,450.1
2009.78,22.42,76.37,37512042,1050417,1530756,282.68651450137537,55366.259160641,2.2981,450.1
2036.93,22.42,76.34,37516417,1050417,1530756,285.22554773194867,55863.547728188554,2.2981,450.1
2058.65,22.42,76.34,37516417,1050417,1530451,287.2567743164073,56261.3785822266,2.2981,450.1
2026.07,22.42,76.33,37516417,1050417,1530451,284.20993443971935,55664.63230116953,2.2981,450.1
2053.22,22.42,76.33,37505852,1050021,1530451,286.74896767029264,56161.92086871709,2.2981,450.1
1966.33,22.42,76.33,37509747,1049907,1530451,278.62312614526456,54570.41428918828,2.2981,450.1
2031.5,22.42,76.33,37510046,1050037,1530451,284.717741085834,55764.090014679045,2.2981,450.1
2112.96,22.42,76.41,37509041,1050037,1530451,292.3357759647475,57256.13888069834,2.2981,450.1
1966.33,22.42,76.4,37507507,1050387,1530451,278.62312614526456,54570.41428918828,2.2981,450.1
1993.48,22.42,76.4,37511818,1050423,1530377,281.1621593758378,55067.70285673583,2.2981,450.1
2026.07,22.42,76.43,37507130,1050268,1530322,284.20993443971935,55664.63230116953,2.2981,450.1
2074.94,22.42,76.46,37507353,1050418,1531727,288.7801942547513,56559.75172275513,2.2981,450.1
2015.21,22.42,76.47,37513333,1050861,1531030,283.19432114749003,55465.71687415051,2.2981,450.1
2031.5,22.42,76.47,37517059,1050833,1530338,284.717741085834,55764.090014679045,2.2981,450.1
1966.33,22.42,76.47,37517059,1050833,1530338,278.62312614526456,54570.41428918828,2.2981,450.1
1982.62,22.42,76.47,37517059,1050833,1530338,280.1465460836085,54868.78742971681,2.2981,450.1
2036.93,22.42,76.51,37512196,1049720,1530667,285.22554773194867,55863.547728188554,2.2981,450.1
1993.48,22.42,76.51,37512196,1049720,1530667,281.1621593758378,55067.70285673583,2.2981,450.1
2047.79,22.42,76.5,37504423,1049901,1530667,286.241161024178,56062.46315520758,2.2981,450.1
1960.9,22.42,76.5,37504423,1049901,1530667,278.11531949914985,54470.95657567876,2.2981,450.1
1982.62,22.42,76.5,37504423,1049901,1530667,280.1465460836085,54868.78742971681,2.2981,450.1
1977.19,22.42,76.5,37504423,1049901,1530667,279.6387394374938,54769.3297162073,2.2981,450.1
2031.5,22.42,76.48,37508623,1049901,1530667,284.717741085834,55764.090014679045,2.2981,450.1
2036.93,22.42,76.48,37508623,1049901,1530383,285.22554773194867,55863.547728188554,2.2981,450.1
2004.34,22.43,76.47,37510467,1049521,1530843,282.1682260893856,55264.748515222345,2.2981,450.1
2053.22,22.43,76.49,37510467,1049521,1530843,286.7392664399093,56160.020810497015,2.2981,450.1
1993.48,22.43,76.49,37504278,1049521,1530843,281.15264715717024,55065.83981786795,2.2981,450.1
2047.79,22.43,76.54,37504278,1049521,1530843,286.23147697380165,56060.56646181982,2.2981,450.1
2026.07,22.43,76.54,37504278,1049521,1530843,284.20031910937087,55662.74906711103,2.2981,450.1
1977.19,22.43,76.54,37505622,1049123,1531095,279.6292787588472,54767.47677183636,2.2981,450.1
2053.22,22.43,76.58,37503992,1049059,1531141,286.7392664399093,56160.020810497015,2.2981,450.1
1982.62,22.43,76.58,37501046,1049224,1530898,280.1370682249549,54866.93112051356,2.2981,450.1
2096.67,22.43,76.64,37505645,1049584,1531153,290.8025173243253,56955.83875709449,2.2981,450.1
2047.79,22.43,76.63,37508214,1050038,1530721,286.23147697380165,56060.56646181982,2.2981,450.1
1977.19,22.43,76.63,37506604,1050230,1530403,279.6292787588472,54767.47677183636,2.2981,450.1
2031.5,22.43,76.61,37506604,1050230,1530403,284.70810857547855,55762.20341578822,2.2981,450.1
2058.65,22.43,76.61,37506604,1050230,1530403,287.247055906017,56259.47515917422,2.2981,450.1
2031.5,22.43,76.61,37506604,1050230,1530403,284.70810857547855,55762.20341578822,2.2981,450.1
2053.22,22.44,76.61,37513085,1049988,1530732,286.72956586592375,56158.12088083734,2.2981,450.1
2015.21,22.43,76.61,37513085,1049988,1530732,283.1847401771555,55463.84036975663,2.2981,450.1
2036.93,22.43,76.61,37513105,1049687,1531543,285.21589804158623,55861.65776446542,2.2981,450.1
1966.33,22.43,76.61,37512266,1049567,1531588,278.61369982663183,54568.56807448196,2.2981,450.1
2015.21,22.43,76.61,37512266,1049567,1530568,283.1847401771555,55463.84036975663,2.2981,450.1
2047.79,22.43,76.65,37512266,1049567,1530568,286.23147697380165,56060.56646181982,2.2981,450.1
2020.64,22.43,76.65,37512266,1049567,1530568,283.69252964326324,55563.29471843383,2.2981,450.1
2031.5,22.43,76.63,37512266,1049567,1530568,284.70810857547855,55762.20341578822,2.2981,450.1
2009.78,22.43,76.63,37512266,1049567,1530026,282.6769507110478,55364.38602107943,2.2981,450.1
2074.94,22.43,76.64,37508345,1048978,1530406,288.77042430434005,56557.83820520581,2.2981,450.1
2064.08,22.43,76.64,37506204,1048841,1530406,287.7548453721247,56358.92950785141,2.2981,450.1
1993.48,22.43,76.67,37502683,1048834,1531128,281.15264715717024,55065.83981786795,2.2981,450.1
1966.33,22.44,76.67,37501722,1048834,1530460,278.604274145796,54566.72198469292,2.2981,450.1
1966.33,22.44,76.69,37500260,1048865,1529725,278.604274145796,54566.72198469292,2.2981,450.1
2069.51,22.44,76.69,37500260,1048698,1530383,288.25288272771314,56456.473833055,2.2981,450.1
2042.36,22.44,76.69,37500260,1048698,1530383,285.71402129139744,55959.218912692224,2.2981,450.1
2036.93,22.44,76.69,37500260,1048582,1530383,285.20624900413435,55859.76792861968,2.2981,450.1
2058.65,22.44,76.69,37500260,1048582,1530383,287.2373381531869,56257.5718649099,2.2981,450.1
2053.22,22.44,76.69,37500260,1048582,1530383,286.72956586592375,56158.12088083734,2.2981,450.1
2036.93,22.44,76.69,37500260,1048582,1530383,285.20624900413435,55859.76792861968,2.2981,450.1
2015.21,22.44,76.69,37500085,1048614,1530383,283.1751598550818,55461.96399232947,2.2981,450.1
1966.33,22.44,76.69,37501656,1048859,1530936,278.604274145796,54566.72198469292,2.2981,450.1
2064.08,22.44,76.74,37500975,1048562,1530835,287.74511044045,56357.02284898245,2.2981,450.1
1971.76,22.44,76.78,37501073,1048280,1530794,279.1120464330591,54666.17296876547,2.2981,450.1
2015.21,22.44,76.79,37500742,1048321,1530794,283.1751598550818,55461.96399232947,2.2981,450.1
2020.64,22.44,76.8,37500742,1048321,1530794,283.682932142345,55561.41497640203,2.2981,450.1
1982.62,22.44,76.8,37502217,1048321,1531023,280.1275910075854,54865.07493691058,2.2981,450.1
1982.62,22.45,76.8,37502217,1048440,1530757,280.11811443143495,54863.21887889512,2.2981,450.1
2112.96,22.45,76.8,37502217,1048440,1530757,292.3061072459418,57250.32804116376,2.2981,450.1
2042.36,22.45,76.78,37502217,1048440,1530757,285.7043557291074,55957.32584033387,2.2981,450.1
2042.36,22.45,76.81,37502217,1047869,1531903,285.7043557291074,55957.32584033387,2.2981,450.1
2015.21,22.44,76.86,37502217,1047869,1531903,283.1751598550818,55461.96399232947,2.2981,450.1
1966.33,22.44,76.86,37503003,1048072,1531497,278.604274145796,54566.72198469292,2.2981,450.1
1993.48,22.44,76.87,37503003,1048072,1530825,281.14313558211165,55063.976905055686,2.2981,450.1
2074.94,22.44,76.83,37497048,1048384,1530431,288.7606550149763,56555.92481712756,2.2981,450.1
2026.07,22.44,76.83,37497048,1048384,1530739,284.1907044296081,55660.86596047457,2.2981,450.1
2020.64,22.44,76.84,37497048,1048384,1530739,283.682932142345,55561.41497640203,2.2981,450.1
2036.93,22.44,76.84,37497048,1048384,1531254,285.20624900413435,55859.76792861968,2.2981,450.1
1982.62,22.44,76.89,37497048,1048384,1531254,280.1275910075854,54865.07493691058,2.2981,450.1
1971.76,22.44,76.91,37505033,1047895,1532332,279.1120464330591,54666.17296876547,2.2981,450.1
2015.21,22.44,76.93,37500652,1047609,1531353,283.1751598550818,55461.96399232947,2.2981,450.1
2042.36,22.44,76.93,37499019,1047645,1530789,285.71402129139744,55959.218912692224,2.2981,450.1
2026.07,22.45,76.91,37502955,1047589,1531413,284.18109040036484,55658.98298124722,2.2981,450.1
2026.07,22.45,76.91,37503357,1047589,1531413,284.18109040036484,55658.98298124722,2.2981,450.1
2009.78,22.45,76.91,37501883,1047930,1530460,282.6578250716222,55360.64012216055,2.2981,450.1
2074.94,22.45,76.96,37501883,1047930,1530460,288.7508863865928,56554.01155850722,2.2981,450.1
2047.79,22.45,76.96,37497830,1047930,1530460,286.2121108386884,56056.77346002944,2.2981,450.1
2058.65,22.45,76.95,37497830,1047930,1530460,287.2276210578502,56255.66869942055,2.2981,450.1
2015.21,22.45,76.98,37497830,1047930,1530460,283.1655801812031,55460.08774185611,2.2981,450.1
2118.39,22.45,76.98,37495043,1047606,1530854,292.8138623555227,57349.77566085932,2.2981,450.1
2042.36,22.45,76.98,37501565,1047680,1531145,285.7043557291074,55957.32584033387,2.2981,450.1
1998.91,22.45,77.0,37501565,1047680,1531145,281.6413797601776,55161.561737981785,2.2981,450.1
2026.07,22.45,76.99,37501565,1047680,1531145,284.18109040036484,55658.98298124722,2.2981,450.1
2042.36,22.45,76.98,37501565,1047680,1531145,285.7043557291074,55957.32584033387,2.2981,450.1
2058.65,22.45,76.93,37495583,1047496,1530501,287.2276210578502,56255.66869942055,2.2981,450.1
1977.19,22.45,76.93,37495583,1047496,1530308,279.61035932185405,54763.77125919956,2.2981,450.1
2026.07,22.46,76.95,37495583,1047496,1530308,284.17147702157524,55657.10012941605,2.2981,450.1
1977.19,22.46,76.98,37495583,1047496,1530308,279.6009005633776,54761.918690908264,2.2981,450.1
2036.93,22.45,77.03,37496538,1047421,1530318,285.19660061952663,55857.87822063833,2.2981,450.1
1977.19,22.45,77.04,37496538,1047421,1530318,279.61035932185405,54763.77125919956,2.2981,450.1
2015.21,22.45,77.04,37496120,1047752,1530318,283.1655801812031,55460.08774185611,2.2981,450.1
1982.62,22.45,77.06,37500443,1047752,1530318,280.11811443143495,54863.21887889512,2.2981,450.1
2036.93,22.45,77.06,37500443,1047752,1530318,285.19660061952663,55857.87822063833,2.2981,450.1
2058.65,22.45,77.06,37500443,1047752,1530318,287.2276210578502,56255.66869942055,2.2981,450.1
2020.64,22.45,77.05,37500443,1047752,1530318,283.673335290784,55559.53536155167,2.2981,450.1
2036.93,22.45,77.07,37500443,1046986,1530783,285.19660061952663,55857.87822063833,2.2981,450.1
2015.21,22.45,77.08,37491014,1047208,1530509,283.1655801812031,55460.08774185611,2.2981,450.1
1988.05,22.45,77.11,37491014,1047208,1530509,280.6258695410158,54962.666498590675,2.2981,450.1
2015.21,22.46,77.09,37491014,1047208,1530632,283.15600115545357,55458.21161832369,2.2981,450.1
2026.07,22.45,77.11,37490077,1047184,1530632,284.18109040036484,55658.98298124722,2.2981,450.1
2020.64,22.46,77.09,37494150,1047168,1530395,283.6637390885145,55557.65587386989,2.2981,450.1
2042.36,22.46,77.12,37494150,1047165,1530303,285.69469082075767,55955.43289605458,2.2981,450.1
2036.93,22.46,77.12,37493159,1047352,1530983,285.18695288769686,55855.98864050841,2.2981,450.1
2080.37,22.46,77.12,37493469,1047487,1530874,289.24885635218345,56651.54268487785,2.2981,450.1
2031.5,22.46,77.13,37493469,1047487,1530874,284.67921495463605,55756.54438496223,2.2981,450.1
2107.53,22.46,77.16,37494781,1047346,1531344,291.7884810781378,57148.94710120092,2.2981,450.1
2015.21,22.46,77.17,37494781,1047346,1531344,283.15600115545357,55458.21161832369,2.2981,450.1
1971.76,22.46,77.17,37500313,1047617,1530482,279.09316263031684,54662.47443536209,2.2981,450.1
2004.34,22.46,77.17,37500313,1047617,1531134,282.13959022868175,55259.13996863917,2.2981,450.1
1982.62,22.46,77.17,37496429,1047617,1531243,280.10863849643846,54861.36294645445,2.2981,450.1
2009.78,22.46,77.17,37496429,1047617,1531243,282.64826322239276,55358.767362777515,2.2981,450.1
2031.5,22.46,77.23,37496473,1047433,1531045,284.67921495463605,55756.54438496223,2.2981,450.1
2058.65,22.46,77.23,37494231,1047378,1530845,287.21790461994016,56253.76566269313,2.2981,450.1
2047.79,22.46,77.22,37495766,1047212,1530497,286.20242875381854,56054.87715160077,2.2981,450.1
2074.94,22.46,77.22,37495766,1047212,1530497,288.74111841912264,56552.09842933167,2.2981,450.1
1977.19,22.46,77.22,37498253,1047458,1530906,279.6009005633776,54761.918690908264,2.2981,450.1
2031.5,22.46,77.22,37494426,1047195,1530709,284.67921495463605,55756.54438496223,2.2981,450.1
1977.19,22.46,77.22,37502469,1047103,1530709,279.6009005633776,54761.918690908264,2.2981,450.1
2031.5,22.46,77.23,37502116,1046945,1530702,284.67921495463605,55756.54438496223,2.2981,450.1
1982.62,22.46,77.24,37502116,1046945,1530702,280.10863849643846,54861.36294645445,2.2981,450.1
2026.07,22.46,77.24,37499762,1046945,1530702,284.17147702157524,55657.10012941605,2.2981,450.1
2009.78,22.46,77.24,37499762,1046945,1530702,282.64826322239276,55358.767362777515,2.2981,450.1
2015.21,22.46,77.27,37499762,1046945,1530547,283.15600115545357,55458.21161832369,2.2981,450.1
1988.05,22.46,77.26,37499762,1046945,1530547,280.61637642949927,54960.80720200062,2.2981,450.1
2004.34,22.46,77.29,37499762,1046945,1530547,282.13959022868175,55259.13996863917,2.2981,450.1
2020.64,22.46,77.29,37496285,1047297,1530997,283.6637390885145,55557.65587386989,2.2981,450.1
1977.19,22.45,77.29,37496285,1047112,1530501,279.61035932185405,54763.77125919956,2.2981,450.1
1977.19,22.45,77.33,37490542,1047090,1531141,279.61035932185405,54763.77125919956,2.2981,450.1
2036.93,22.45,77.31,37490542,1047090,1531141,285.19660061952663,55857.87822063833,2.2981,450.1
2031.5,22.46,77.31,37490542,1047085,1530821,284.67921495463605,55756.54438496223,2.2981,450.1
1982.62,22.46,77.29,37490542,1047085,1530821,280.10863849643846,54861.36294645445,2.2981,450.1
1982.62,22.46,77.27,37490542,1046831,1529824,280.10863849643846,54861.36294645445,2.2981,450.1
1977.19,22.46,77.27,37490542,1046831,1529922,279.6009005633776,54761.918690908264,2.2981,450.1
2036.93,22.46,77.27,37490542,1046831,1529922,285.18695288769686,55855.98864050841,2.2981,450.1
2020.64,22.46,77.35,37490542,1046831,1529922,283.6637390885145,55557.65587386989,2.2981,450.1
1993.48,22.45,77.36,37493633,1046740,1531319,281.1336246505967,55062.114118286234,2.2981,450.1
2036.93,22.45,77.35,37496850,1047004,1530498,285.19660061952663,55857.87822063833,2.2981,450.1
1988.05,22.45,77.38,37494343,1047004,1530498,280.6258695410158,54962.666498590675,2.2981,450.1
2053.22,22.46,77.38,37494343,1047004,1530498,286.71016668687935,56154.32140714696,2.2981,450.1
2026.07,22.46,77.4,37494343,1047004,1530498,284.17147702157524,55657.10012941605,2.2981,450.1
2112.96,22.46,77.41,37494687,1046678,1530724,292.29621901119856,57248.391356747095,2.2981,450.1
2031.5,22.46,77.41,37494687,1046678,1530522,284.67921495463605,55756.54438496223,2.2981,450.1
1982.62,22.46,77.41,37492149,1046500,1530279,280.10863849643846,54861.36294645445,2.2981,450.1
2031.5,22.46,77.41,37492149,1046500,1530791,284.67921495463605,55756.54438496223,2.2981,450.1
2074.94,22.45,77.41,37491222,1046796,1530791,288.7508863865928,56554.01155850722,2.2981,450.1
2112.96,22.45,77.41,37499141,1047308,1530678,292.3061072459418,57250.32804116376,2.2981,450.1
2020.64,22.46,77.45,37489386,1046956,1530678,283.6637390885145,55557.65587386989,2.2981,450.1
2036.93,22.46,77.45,37495361,1046783,1531388,285.18695288769686,55855.98864050841,2.2981,450.1
2026.07,22.46,77.48,37496821,1046682,1531320,284.17147702157524,55657.10012941605,2.2981,450.1
2042.36,22.46,77.48,37499010,1046495,1531652,285.69469082075767,55955.43289605458,2.2981,450.1
2036.93,22.46,77.48,37499010,1046495,1531720,285.18695288769686,55855.98864050841,2.2981,450.1
2036.93,22.46,77.49,37493673,1045935,1531720,285.18695288769686,55855.98864050841,2.2981,450.1
2069.51,22.46,77.52,37492157,1045724,1531720,288.23338048606183,56452.65417378549,2.2981,450.1
2004.34,22.46,77.53,37490916,1045828,1530604,282.13959022868175,55259.13996863917,2.2981,450.1
2004.34,22.46,77.54,37489292,1046016,1530456,282.13959022868175,55259.13996863917,2.2981,450.1
2112.96,22.46,77.54,37492585,1046008,1530456,292.29621901119856,57248.391356747095,2.2981,450.1
1977.19,22.45,77.57,37492585,1046008,1530456,279.61035932185405,54763.77125919956,2.2981,450.1
2080.37,22.45,77.54,37494409,1046649,1531176,289.2586414961737,56653.45917820278,2.2981,450.1
2058.65,22.46,77.54,37494409,1046649,1531176,287.21790461994016,56253.76566269313,2.2981,450.1
1971.76,22.46,77.54,37492826,1046356,1531724,279.09316263031684,54662.47443536209,2.2981,450.1
2009.78,22.46,77.54,37492826,1046356,1531724,282.64826322239276,55358.767362777515,2.2981,450.1
2015.21,22.46,77.57,37493517,1046356,1531724,283.15600115545357,55458.21161832369,2.2981,450.1
2064.08,22.46,77.57,37493199,1046420,1531100,287.72564255300097,56353.209918239314,2.2981,450.1
2031.5,22.46,77.56,37493199,1046378,1530468,284.67921495463605,55756.54438496223,2.2981,450.1
2085.8,22.46,77.56,37493199,1046023,1530364,289.75659428524426,56750.98694042403,2.2981,450.1
2036.93,22.46,77.56,37490196,1045838,1530364,285.18695288769686,55855.98864050841,2.2981,450.1
2026.07,22.46,77.6,37490196,1045965,1530337,284.17147702157524,55657.10012941605,2.2981,450.1
2096.67,22.46,77.6,37488395,1045809,1531081,290.77300521201613,56950.05859010856,2.2981,450.1
2058.65,22.46,77.6,37488395,1045881,1531361,287.21790461994016,56253.76566269313,2.2981,450.1
2069.51,22.46,77.61,37488395,1045881,1531361,288.23338048606183,56452.65417378549,2.2981,450.1
2085.8,22.46,77.62,37488395,1045881,1531361,289.75659428524426,56750.98694042403,2.2981,450.1
2053.22,22.46,77.65,37488832,1045472,1530139,286.71016668687935,56154.32140714696,2.2981,450.1
2031.5,22.46,77.64,37487871,1046055,1530139,284.67921495463605,55756.54438496223,2.2981,450.1
1966.33,22.47,77.64,37485831,1045812,1531756,278.5760009294223,54561.18446470258,2.2981,450.1
1982.62,22.47,77.64,37483778,1045730,1531078,280.0991632025308,54859.50713957579,2.2981,450.1
2042.36,22.47,77.59,37487519,1045721,1530400,285.6850265662815,55953.54007984132,2.2981,450.1
2026.07,22.47,77.63,37483990,1045557,1531072,284.1618642931731,55655.21740496812,2.2981,450.1
2047.79,22.47,77.63,37486641,1045350,1530791,286.1927473239844,56052.98097146573,2.2981,450.1
2036.93,22.47,77.65,37484697,1045281,1530841,285.17730580857875,55854.099188216926,2.2981,450.1
2020.64,22.46,77.66,37484697,1045281,1530561,283.6637390885145,55557.65587386989,2.2981,450.1
2036.93,22.47,77.65,37484697,1045281,1530561,285.17730580857875,55854.099188216926,2.2981,450.1
2058.65,22.47,77.65,37484697,1045281,1530561,287.20818883939006,56251.86275471454,2.2981,450.1
2036.93,22.47,77.69,37482819,1045020,1530564,285.17730580857875,55854.099188216926,2.2981,450.1
1977.19,22.46,77.69,37489693,1045361,1531115,279.6009005633776,54761.918690908264,2.2981,450.1
2074.94,22.46,77.71,37489693,1045361,1531115,288.74111841912264,56552.09842933167,2.2981,450.1
2036.93,22.46,77.71,37489693,1045361,1531115,285.18695288769686,55855.98864050841,2.2981,450.1
1977.19,22.47,77.71,37489693,1045624,1529857,279.5914424448279,54760.066247951385,2.2981,450.1
2036.93,22.47,77.72,37492291,1045906,1530236,285.17730580857875,55854.099188216926,2.2981,450.1
2020.64,22.47,77.72,37492291,1045906,1530236,283.6541435354703,55555.77651334373,2.2981,450.1
2004.34,22.47,77.72,37491022,1045396,1531437,282.1300462333421,55257.2707060734,2.2981,450.1
1993.48,22.47,77.72,37491022,1045263,1531499,281.1146047179364,55058.38892282459,2.2981,450.1
2020.64,22.47,77.73,37491022,1045263,1531212,283.6541435354703,55555.77651334373,2.2981,450.1
2036.93,22.47,77.75,37486257,1045432,1530900,285.17730580857875,55854.099188216926,2.2981,450.1
2015.21,22.47,77.77,37487104,1045584,1530659,283.14642277776744,55456.335621719314,2.2981,450.1
1977.19,22.47,77.77,37487104,1045584,1530659,279.5914424448279,54760.066247951385,2.2981,450.1
1982.62,22.47,77.77,37482710,1045322,1530659,280.0991632025308,54859.50713957579,2.2981,450.1
2036.93,22.47,77.78,37486190,1045190,1530659,285.17730580857875,55854.099188216926,2.2981,450.1
2004.34,22.47,77.78,37486190,1045429,1530671,282.1300462333421,55257.2707060734,2.2981,450.1
2026.07,22.47,77.78,37485085,1045355,1530671,284.1618642931731,55655.21740496812,2.2981,450.1
2074.94,22.47,77.78,37486322,1045514,1531381,288.73135111249854,56550.18542958775,2.2981,450.1
2015.21,22.47,77.78,37488946,1045621,1530766,283.14642277776744,55456.335621719314,2.2981,450.1
2031.5,22.47,77.81,37488946,1045621,1530766,284.6695850508759,55754.658296592526,2.2981,450.1
2009.78,22.47,77.81,37488847,1045501,1530766,282.6387020200646,55356.89473009491,2.2981,450.1
2015.21,22.47,77.84,37488847,1045501,1530766,283.14642277776744,55456.335621719314,2.2981,450.1
2042.36,22.47,77.85,37482517,1045112,1529818,285.6850265662815,55953.54007984132,2.2981,450.1
2004.34,22.47,77.85,37483065,1045023,1529527,282.1300462333421,55257.2707060734,2.2981,450.1
2053.22,22.47,77.86,37483065,1045023,1529527,286.70046808168723,56152.42186309014,2.2981,450.1
1982.62,22.47,77.87,37483065,1045083,1530128,280.0991632025308,54859.50713957579,2.2981,450.1
1982.62,22.46,77.87,37478562,1045066,1530201,280.10863849643846,54861.36294645445,2.2981,450.1
2015.21,22.47,77.87,37481911,1045359,1530201,283.14642277776744,55456.335621719314,2.2981,450.1
2042.36,22.47,77.87,37483787,1045359,1530201,285.6850265662815,55953.54007984132,2.2981,450.1
2036.93,22.47,77.89,37481802,1045057,1530844,285.17730580857875,55854.099188216926,2.2981,450.1
1977.19,22.47,77.89,37483632,1045063,1530073,279.5914424448279,54760.066247951385,2.2981,450.1
2036.93,22.47,77.87,37483632,1045063,1530770,285.17730580857875,55854.099188216926,2.2981,450.1
1977.19,22.47,77.89,37483632,1044841,1530570,279.5914424448279,54760.066247951385,2.2981,450.1
2036.93,22.47,77.9,37478594,1044841,1530570,285.17730580857875,55854.099188216926,2.2981,450.1
1982.62,22.47,77.9,37484238,1044704,1530309,280.0991632025308,54859.50713957579,2.2981,450.1
1971.76,22.47,77.91,37482197,1044682,1529511,279.08372168712515,54660.625356326986,2.2981,450.1
2004.34,22.47,77.91,37478194,1044609,1528493,282.1300462333421,55257.2707060734,2.2981,450.1
2042.36,22.47,77.92,37478868,1044813,1529577,285.6850265662815,55953.54007984132,2.2981,450.1
2053.22,22.47,77.93,37478868,1044813,1529577,286.70046808168723,56152.42186309014,2.2981,450.1
2009.78,22.47,77.93,37478868,1044813,1529577,282.6387020200646,55356.89473009491,2.2981,450.1
1988.05,22.47,77.96,37482451,1044477,1529667,280.60688396023363,54958.94803120019,2.2981,450.1
1988.05,22.47,77.96,37482451,1044477,1529502,280.60688396023363,54958.94803120019,2.2981,450.1
2036.93,22.47,77.95,37474301,1044310,1529731,285.17730580857875,55854.099188216926,2.2981,450.1
2085.8,22.47,77.95,37478766,1044133,1530374,289.7467926279042,56749.06721283656,2.2981,450.1
2015.21,22.47,77.95,37477313,1044117,1529977,283.14642277776744,55456.335621719314,2.2981,450.1
2069.51,22.48,77.95,37480593,1044138,1530039,288.21388088314694,56448.83503133216,2.2981,450.1
1998.91,22.48,77.95,37480593,1044138,1529530,281.6127993001674,55155.964042037056,2.2981,450.1
2015.21,22.48,77.92,37480670,1044138,1529530,283.13684504807907,55454.45975203012,2.2981,450.1
2036.93,22.48,77.91,37480670,1044138,1529530,285.16765938210625,55852.20986375094,2.2981,450.1
2069.51,22.49,77.92,37477191,1044093,1530699,288.20413207104826,56446.92565387879,2.2981,450.1
2053.22,22.49,77.92,37476344,1044032,1530547,286.6810728396306,56148.62316048812,2.2981,450.1
2042.36,22.48,77.92,37476344,1044032,1530547,285.6753629656129,55951.64739168113,2.2981,450.1
2123.82,22.48,77.92,37475316,1043760,1530268,293.2918517156061,57443.39343683665,2.2981,450.1
2064.08,22.48,77.92,37475316,1043760,1530268,287.7061772996401,56349.39750340195,2.2981,450.1
2004.34,22.49,77.92,37475316,1043981,1530608,282.11096017961233,55253.532560307875,2.2981,450.1
1982.62,22.49,77.93,37475316,1043981,1529978,280.08021453772204,54855.79590245364,2.2981,450.1
2009.78,22.49,77.93,37476478,1043937,1530865,282.61958155585006,55353.149844779655,2.2981,450.1
2031.5,22.49,77.93,37474665,1043792,1530865,284.6503271977403,55750.88650263388,2.2981,450.1
2047.79,22.49,77.96,37474665,1043792,1530865,286.17338642915803,56049.18899602456,2.2981,450.1
2047.79,22.49,77.98,37475044,1043736,1530865,286.17338642915803,56049.18899602456,2.2981,450.1
2015.21,22.49,77.98,37474395,1043736,1530865,283.1272679663226,55452.58400924321,2.2981,450.1
2020.64,22.49,77.98,37476298,1043824,1529903,283.63495437679524,55552.018173706776,2.2981,450.1
1988.05,22.49,77.98,37476298,1043824,1529903,280.58790094819466,54955.2300669172,2.2981,450.1
2036.93,22.49,78.0,37476393,1044133,1531268,285.1580136082129,55850.32066709745,2.2981,450.1
2042.36,22.49,78.0,37475131,1043951,1530771,285.6657000186854,55949.754831561,2.2981,450.1
2015.21,22.49,77.99,37470255,1043841,1530747,283.1272679663226,55452.58400924321,2.2981,450.1
2053.22,22.49,77.99,37470255,1043841,1530747,286.6810728396306,56148.62316048812,2.2981,450.1
2015.21,22.49,77.99,37474994,1043852,1529377,283.1272679663226,55452.58400924321,2.2981,450.1
2020.64,22.49,78.01,37474994,1043852,1529377,283.63495437679524,55552.018173706776,2.2981,450.1
2085.8,22.49,77.99,37473009,1043972,1530446,289.727191302466,56745.22814726947,2.2981,450.1
2036.93,22.49,78.01,37477596,1043995,1530639,285.1580136082129,55850.32066709745,2.2981,450.1
2042.36,22.49,78.01,37475735,1044060,1530460,285.6657000186854,55949.754831561,2.2981,450.1
2053.22,22.49,78.0,37474505,1044066,1530460,286.6810728396306,56148.62316048812,2.2981,450.1
1998.91,22.49,78.02,37474505,1044066,1530460,281.6032737691398,55154.09839584432,2.2981,450.1
1982.62,22.49,78.02,37470631,1044052,1531004,280.08021453772204,54855.79590245364,2.2981,450.1
2085.8,22.49,78.06,37470631,1044052,1531004,289.727191302466,56745.22814726947,2.2981,450.1
2026.07,22.49,78.1,37470631,1044052,1531004,284.14264078726774,55651.452338170326,2.2981,450.1
2042.36,22.49,78.13,37470631,1044052,1530694,285.6657000186854,55949.754831561,2.2981,450.1
2080.37,22.49,78.15,37477745,1043944,1530895,289.21950489199344,56645.79398280591,2.2981,450.1
2031.5,22.49,78.15,37477745,1044515,1530895,284.6503271977403,55750.88650263388,2.2981,450.1
1982.62,22.49,78.13,37477745,1044503,1530609,280.08021453772204,54855.79590245364,2.2981,450.1
2042.36,22.49,78.13,37479706,1044327,1530666,285.6657000186854,55949.754831561,2.2981,450.1
2009.78,22.49,78.16,37481267,1044171,1530781,282.61958155585006,55353.149844779655,2.2981,450.1
2009.78,22.49,78.17,37481267,1044171,1530781,282.61958155585006,55353.149844779655,2.2981,450.1
2015.21,22.49,78.17,37481267,1044171,1530781,283.1272679663226,55452.58400924321,2.2981,450.1
2036.93,22.49,78.18,37471548,1043401,1530423,285.1580136082129,55850.32066709745,2.2981,450.1
2080.37,22.49,78.18,37473812,1043629,1529973,289.21950489199344,56645.79398280591,2.2981,450.1
2064.08,22.49,78.18,37473812,1043629,1529973,287.6964456605757,56347.49148941524,2.2981,450.1
2036.93,22.49,78.18,37473812,1043629,1529973,285.1580136082129,55850.32066709745,2.2981,450.1
2064.08,22.49,78.19,37473812,1043629,1529973,287.6964456605757,56347.49148941524,2.2981,450.1
1982.62,22.49,78.2,37473812,1043629,1529973,280.08021453772204,54855.79590245364,2.2981,450.1
1966.33,22.49,78.2,37473812,1043629,1529973,278.55715530630437,54557.49340906297,2.2981,450.1
2047.79,22.49,78.2,37476270,1043953,1531746,286.17338642915803,56049.18899602456,2.2981,450.1
2026.07,22.49,78.21,37480448,1043953,1531746,284.14264078726774,55651.452338170326,2.2981,450.1
1988.05,22.49,78.21,37481815,1043737,1530903,280.58790094819466,54955.2300669172,2.2981,450.1
2031.5,22.49,78.21,37481815,1043737,1530903,284.6503271977403,55750.88650263388,2.2981,450.1
1993.48,22.49,78.21,37481815,1043604,1530612,281.0955873586672,55054.66423138076,2.2981,450.1
2058.65,22.49,78.21,37472994,1043512,1530307,287.18875925010315,56248.057324951675,2.2981,450.1
2053.22,22.49,78.21,37476755,1043529,1530552,286.6810728396306,56148.62316048812,2.2981,450.1
1993.48,22.49,78.21,37475892,1043529,1530552,281.0955873586672,55054.66423138076,2.2981,450.1
2064.08,22.49,78.2,37477908,1043529,1530552,287.6964456605757,56347.49148941524,2.2981,450.1
2080.37,22.49,78.25,37478844,1043624,1530650,289.21950489199344,56645.79398280591,2.2981,450.1
1977.19,22.49,78.25,37478849,1043586,1530853,279.5725281272495,54756.36173799009,2.2981,450.1
1988.05,22.49,78.26,37481058,1043408,1530036,280.58790094819466,54955.2300669172,2.2981,450.1
2053.22,22.49,78.28,37481058,1043408,1530036,286.6810728396306,56148.62316048812,2.2981,450.1
1977.19,22.49,78.28,37473747,1043571,1529694,279.5725281272495,54756.36173799009,2.2981,450.1
2036.93,22.49,78.28,37473747,1043571,1529694,285.1580136082129,55850.32066709745,2.2981,450.1
1971.76,22.49,78.27,37476970,1043571,1530235,279.0648417167769,54656.92757352653,2.2981,450.1
1988.05,22.5,78.27,37474468,1043175,1530420,280.5784104052909,54953.37127340911,2.2981,450.1
2036.93,22.5,78.27,37476893,1043286,1530129,285.1483684868326,55848.43159824349,2.2981,450.1
2031.5,22.5,78.27,37468886,1043441,1529600,284.6406992482326,55749.000797019056,2.2981,450.1
2053.22,22.5,78.27,37475126,1043501,1529630,286.6713762026328,56146.72400191682,2.2981,450.1
2015.21,22.5,78.3,37474064,1043507,1530570,283.1176915324324,55450.70839334573,2.2981,450.1
2020.64,22.5,78.32,37475010,1043417,1529077,283.6253607710325,55550.13919457018,2.2981,450.1
2053.22,22.5,78.3,37469673,1043357,1528368,286.6713762026328,56146.72400191682,2.2981,450.1
1988.05,22.5,78.32,37469673,1043574,1529094,280.5784104052909,54953.37127340911,2.2981,450.1
2042.36,22.5,78.32,37469673,1043574,1529094,285.6560377254326,55947.86239946792,2.2981,450.1
2053.22,22.5,78.32,37469673,1043574,1529094,286.6713762026328,56146.72400191682,2.2981,450.1
2058.65,22.5,78.3,37474593,1043043,1528658,287.17904544123286,56246.15480314126,2.2981,450.1
2058.65,22.5,78.31,37474593,1043043,1528658,287.17904544123286,56246.15480314126,2.2981,450.1
2036.93,22.5,78.31,37474593,1043043,1528658,285.1483684868326,55848.43159824349,2.2981,450.1
2080.37,22.5,78.31,37471419,1042999,1528658,289.20972239563315,56643.878008039035,2.2981,450.1
2026.07,22.5,78.35,37471419,1042999,1528658,284.1330300096325,55649.56999579461,2.2981,450.1
2085.8,22.5,78.35,37471419,1042999,1528658,289.71739163423325,56743.30880926348,2.2981,450.1
2020.64,22.5,78.34,37471419,1042999,1528658,283.6253607710325,55550.13919457018,2.2981,450.1
2064.08,22.5,78.27,37472559,1043594,1531046,287.68671467983296,56345.585604365704,2.2981,450.1
2036.93,22.5,78.28,37472559,1043594,1531046,285.1483684868326,55848.43159824349,2.2981,450.1
2036.93,22.5,78.28,37475463,1043023,1530395,285.1483684868326,55848.43159824349,2.2981,450.1
2129.25,22.5,78.28,37474373,1042736,1529930,293.7796804771748,57538.93833287342,2.2981,450.1
1982.62,22.51,78.29,37471688,1042834,1530002,280.06126843648843,54852.08516742677,2.2981,450.1
2047.79,22.51,78.29,37471688,1042834,1530002,286.15402815367753,56045.39753360179,2.2981,450.1
1988.05,22.51,78.29,37471313,1042940,1529938,280.5689205043776,54951.5126056396,2.2981,450.1
1993.48,22.51,78.31,37470425,1042651,1531215,281.07657257226674,55050.94004385243,2.2981,450.1
2042.36,22.51,78.31,37469707,1042600,1531215,285.6463760857883,55945.97009538894,2.2981,450.1
2047.79,22.51,78.32,37469707,1042600,1531215,286.15402815367753,56045.39753360179,2.2981,450.1
2036.93,22.51,78.33,37470318,1042600,1530560,285.1387240178992,55846.54265717612,2.2981,450.1
2031.5,22.51,78.33,37470318,1042600,1531294,284.63107195001004,55747.115218963285,2.2981,450.1
2015.21,22.51,78.33,37474873,1042919,1531294,283.10811574634255,55448.83290432479,2.2981,450.1
2020.64,22.51,78.34,37474873,1042919,1529892,283.6157678142318,55548.26034253764,2.2981,450.1
2026.07,22.51,78.34,37470941,1042687,1529577,284.12341988212086,55647.68778075045,2.2981,450.1
2069.51,22.51,78.32,37467095,1042741,1530286,288.18463642523415,56443.10728645312,2.2981,450.1
2015.21,22.51,78.32,37467095,1042741,1530286,283.10811574634255,55448.83290432479,2.2981,450.1
2085.8,22.51,78.34,37467095,1042741,1530286,289.70759262890164,56741.38960109162,2.2981,450.1
2074.94,22.51,78.34,37470290,1042509,1531201,288.6922884931233,56542.53472466595,2.2981,450.1
2036.93,22.51,78.34,37470290,1042509,1530738,285.1387240178992,55846.54265717612,2.2981,450.1
2026.07,22.51,78.34,37470290,1042509,1530738,284.12341988212086,55647.68778075045,2.2981,450.1
2036.93,22.51,78.34,37474296,1042715,1530738,285.1387240178992,55846.54265717612,2.2981,450.1
2074.94,22.51,78.41,37474296,1042841,1530789,288.6922884931233,56542.53472466595,2.2981,450.1
1988.05,22.51,78.45,37473127,1042841,1530789,280.5689205043776,54951.5126056396,2.2981,450.1
2053.22,22.51,78.45,37479608,1043135,1530992,286.66168022156666,56144.82497181462,2.2981,450.1
2036.93,22.51,78.45,37476273,1042846,1531225,285.1387240178992,55846.54265717612,2.2981,450.1
2064.08,22.51,78.45,37476273,1042846,1531225,287.67698435734496,56343.67984824028,2.2981,450.1
2064.08,22.51,78.45,37476600,1042393,1531225,287.67698435734496,56343.67984824028,2.2981,450.1
1998.91,22.51,78.53,37474582,1042289,1530814,281.5842246401559,55150.367482065274,2.2981,450.1
2042.36,22.51,78.53,37467496,1042289,1530814,285.6463760857883,55945.97009538894,2.2981,450.1
1998.91,22.51,78.53,37467496,1042289,1530814,281.5842246401559,55150.367482065274,2.2981,450.1
2058.65,22.52,78.5,37474347,1041737,1531591,287.1596197947053,56242.35014559717,2.2981,450.1
2004.34,22.51,78.53,37474347,1041513,1531326,282.09187670804505,55249.7949202781,2.2981,450.1
2091.23,22.51,78.53,37471880,1041822,1531123,290.2152446967908,56840.81703930445,2.2981,450.1
2064.08,22.51,78.54,37467424,1041680,1531234,287.67698435734496,56343.67984824028,2.2981,450.1
2058.65,22.51,78.54,37470234,1041680,1531234,287.16933228945584,56244.25241002745,2.2981,450.1
2036.93,22.51,78.56,37470956,1041346,1529861,285.1387240178992,55846.54265717612,2.2981,450.1
2069.51,22.52,78.54,37470956,1041604,1529861,288.1748895913847,56441.19829645459,2.2981,450.1
2047.79,22.52,78.54,37469296,1041224,1530733,286.1443499980258,56043.50199473975,2.2981,450.1
2047.79,22.52,78.57,37473209,1041255,1530733,286.1443499980258,56043.50199473975,2.2981,450.1
2047.79,22.52,78.58,37473315,1041172,1530741,286.1443499980258,56043.50199473975,2.2981,450.1
2074.94,22.52,78.57,37475091,1041103,1530741,288.68252448972447,56540.6223718833,2.2981,450.1
2102.1,22.52,78.57,37466540,1040815,1530653,291.2216338523225,57037.925850454885,2.2981,450.1
2064.08,22.52,78.65,37472205,1040784,1531285,287.667254693045,56341.77422102588,2.2981,450.1
2118.39,22.52,78.68,37468552,1040784,1531256,292.7445385473417,57336.19807674101,2.2981,450.1
2047.79,22.52,78.71,37471059,1040918,1531528,286.1443499980258,56043.50199473975,2.2981,450.1
2096.67,22.52,78.73,37474331,1040747,1531528,290.71399895398275,56938.501775026176,2.2981,450.1
2107.53,22.51,78.77,37469840,1040712,1531528,291.73913580297744,57139.28246156397,2.2981,450.1
2091.23,22.52,78.73,37469073,1041015,1531132,290.2054291847437,56838.89459816942,2.2981,450.1
2085.8,22.52,78.73,37468358,1040972,1530988,289.69779428640396,56739.47052274072,2.2981,450.1
2036.93,22.52,78.74,37468358,1040975,1530816,285.1290802013463,55844.65384388234,2.2981,450.1
2020.64,22.52,78.71,37476685,1041865,1530816,283.6061755063272,55546.38161759622,2.2981,450.1
2009.78,22.51,78.68,37474707,1042684,1531370,282.60046367845337,55349.40546611195,2.2981,450.1
1998.91,22.51,78.63,37477704,1043700,1530756,281.5842246401559,55150.367482065274,2.2981,450.1
2031.5,22.5,78.63,37474478,1043859,1530756,284.6406992482326,55749.000797019056,2.2981,450.1
1971.76,22.49,78.63,37475339,1044752,1529861,279.0648417167769,54656.92757352653,2.2981,450.1
1901.16,22.49,78.61,37475339,1045092,1529861,272.46398341486844,53364.100315492055,2.2981,450.1
2009.78,22.49,78.53,37473612,1046084,1529556,282.61958155585006,55353.149844779655,2.2981,450.1
1988.05,22.48,78.51,37477427,1046115,1529499,280.59739213315385,54957.08898617665,2.2981,450.1
1982.62,22.48,78.49,37472860,1046220,1528455,280.08968854964706,54857.65145824645,2.2981,450.1
1922.88,22.48,78.48,37467905,1046864,1528472,274.5040141336811,53763.65552481175,2.2981,450.1
1933.75,22.47,78.48,37472239,1047468,1527564,275.52967638320536,53964.539114956155,2.2981,450.1
1917.45,22.46,78.48,37469320,1048199,1527444,274.0148482390584,53667.84874130813,2.2981,450.1
1944.61,22.46,78.48,37468095,1048088,1527313,276.5544729650126,54165.253157631174,2.2981,450.1
1901.16,22.46,78.48,37466306,1048097,1527652,272.4916344398759,53369.51597466958,2.2981,450.1
1928.32,22.45,78.48,37461072,1047671,1526915,275.0405633356261,53868.74268193956,2.2981,450.1
1852.29,22.45,78.48,37465528,1047929,1526250,267.93105670921085,52476.292861414135,2.2981,450.1
1868.58,22.45,78.71,37467632,1048284,1526867,269.4543220379535,52774.635720500795,2.2981,450.1
1939.18,22.45,78.71,37463356,1048284,1526867,276.0560735547879,54067.63792133068,2.2981,450.1
1884.87,22.45,78.71,37463356,1048284,1526867,270.9775873666961,53072.97857958746,2.2981,450.1
1922.88,22.45,79.06,37464732,1045817,1527108,274.5318731337623,53769.11191745635,2.2981,450.1
1939.18,22.45,79.06,37454246,1043492,1528508,276.0560735547879,54067.63792133068,2.2981,450.1
2036.93,22.45,79.06,37454246,1043492,1528508,285.19660061952663,55857.87822063833,2.2981,450.1
2053.22,22.49,79.36,37444486,1039971,1529797,286.6810728396306,56148.62316048812,2.2981,450.1
2036.93,22.49,79.36,37444486,1039971,1529797,285.1580136082129,55850.32066709745,2.2981,450.1
2042.36,22.51,79.5,37437264,1038057,1529797,285.6463760857883,55945.97009538894,2.2981,450.1
2042.36,22.52,79.56,37441387,1038012,1529797,285.636715099686,55944.07791931104,2.2981,450.1
2069.51,22.52,79.55,37444106,1038012,1529797,288.1748895913847,56441.19829645459,2.2981,450.1
2123.82,22.53,79.58,37453792,1037646,1531016,293.24225555561634,57433.67965953741,2.2981,450.1
2031.5,22.54,79.57,37448606,1037098,1531434,284.60219396239285,55741.45925002091,2.2981,450.1
2047.79,22.54,79.54,37448475,1036899,1531434,286.1249956505674,56039.71130164937,2.2981,450.1
2102.1,22.54,79.54,37457316,1037751,1531434,291.20193608548203,57034.06789612091,2.2981,450.1
2102.1,22.55,79.54,37448065,1037754,1531674,291.1920882012722,57032.139114656726,2.2981,450.1
2069.51,22.55,79.54,37451771,1037754,1531674,288.1456530452645,56435.47210115904,2.2981,450.1
2074.94,22.56,79.4,37454392,1037862,1530794,288.6434750798986,56532.97425415012,2.2981,450.1
1912.02,22.56,79.4,37453167,1037520,1532508,273.4146186383819,53550.28930383174,2.2981,450.1
2058.65,22.56,79.33,37451158,1037520,1532021,287.1207763846353,56234.742374450354,2.2981,450.1
2080.37,22.57,79.26,37449478,1037560,1531308,289.14126344606024,56630.46981292013,2.2981,450.1
2080.37,22.57,79.26,37458058,1037529,1530914,289.14126344606024,56630.46981292013,2.2981,450.1
2112.96,22.57,79.27,37453365,1037515,1531638,292.1874925669566,57227.09647290683,2.2981,450.1
2080.37,22.56,79.27,37456412,1037443,1531638,289.1510413116531,56632.38488071672,2.2981,450.1
2085.8,22.56,79.29,37457366,1037740,1530761,289.6586075434075,56731.7955072833,2.2981,450.1
2064.08,22.57,79.26,37454861,1037820,1531020,287.61861624202834,56332.24801816151,2.2981,450.1
2058.65,22.57,79.24,37454861,1037929,1531020,287.1110671740177,56232.84075324197,2.2981,450.1
2069.51,22.57,79.29,37454861,1037657,1530785,288.12616531003897,56431.65528308105,2.2981,450.1
2080.37,22.57,79.25,37453501,1037678,1532538,289.14126344606024,56630.46981292013,2.2981,450.1
2085.8,22.57,79.25,37452982,1037467,1531680,289.6488125140709,56729.877077839665,2.2981,450.1
2080.37,22.57,79.25,37448153,1037488,1531321,289.14126344606024,56630.46981292013,2.2981,450.1
2064.08,22.57,79.22,37448005,1037439,1531401,287.61861624202834,56332.24801816151,2.2981,450.1
2069.51,22.57,79.22,37449760,1037287,1532069,288.12616531003897,56431.65528308105,2.2981,450.1
2069.51,22.56,79.22,37453993,1037453,1530777,288.13590884814414,56433.56362758353,2.2981,450.1
2085.8,22.56,79.4,37453418,1037398,1531332,289.6586075434075,56731.7955072833,2.2981,450.1
2080.37,22.57,79.39,37448751,1037080,1530399,289.14126344606024,56630.46981292013,2.2981,450.1
2058.65,22.57,79.39,37448920,1036938,1532539,287.1110671740177,56232.84075324197,2.2981,450.1
2053.22,22.57,79.39,37448295,1036999,1531802,286.603518106007,56133.43348832243,2.2981,450.1
2036.93,22.57,79.42,37447178,1036889,1532357,285.08087090197506,55835.21169356381,2.2981,450.1
2080.37,22.57,79.42,37452002,1037003,1532170,289.14126344606024,56630.46981292013,2.2981,450.1
2102.1,22.57,79.42,37450351,1036856,1532170,291.1723944309353,57028.28194306775,2.2981,450.1
2085.8,22.57,79.4,37452231,1036931,1532150,289.6488125140709,56729.877077839665,2.2981,450.1
2080.37,22.57,79.43,37447858,1036931,1532150,289.14126344606024,56630.46981292013,2.2981,450.1
2085.8,22.57,79.44,37455189,1036922,1531923,289.6488125140709,56729.877077839665,2.2981,450.1
2069.51,22.57,79.41,37450878,1037028,1531058,288.12616531003897,56431.65528308105,2.2981,450.1
2069.51,22.57,79.36,37445555,1037044,1531178,288.12616531003897,56431.65528308105,2.2981,450.1
2069.51,22.57,79.36,37445555,1036966,1531178,288.12616531003897,56431.65528308105,2.2981,450.1
2112.96,22.57,79.44,37445555,1036966,1531736,292.1874925669566,57227.09647290683,2.2981,450.1
2107.53,22.56,79.44,37446513,1036966,1531736,291.6898072148669,57129.62109021,2.2981,450.1
2102.1,22.57,79.44,37446699,1037263,1531529,291.1723944309353,57028.28194306775,2.2981,450.1
2091.23,22.57,79.44,37446699,1037029,1531529,290.15636158208156,56829.28434275921,2.2981,450.1
2053.22,22.57,79.44,37437863,1036753,1531444,286.603518106007,56133.43348832243,2.2981,450.1
2074.94,22.57,79.41,37443359,1036862,1531075,288.6337143780496,56531.062548000584,2.2981,450.1
2085.8,22.57,79.45,37443359,1036314,1532041,289.6488125140709,56729.877077839665,2.2981,450.1
2102.1,22.57,79.52,37444776,1036425,1532041,291.1723944309353,57028.28194306775,2.2981,450.1
2053.22,22.57,79.52,37441337,1036541,1532041,286.603518106007,56133.43348832243,2.2981,450.1
2058.65,22.57,79.52,37445713,1036505,1532262,287.1110671740177,56232.84075324197,2.2981,450.1
2074.94,22.58,79.38,37442257,1036349,1531685,288.6239543363096,56529.150971138326,2.2981,450.1
2053.22,22.58,79.35,37442257,1036349,1532309,286.5938267145992,56131.535357138986,2.2981,450.1
2102.1,22.58,79.31,37442257,1036395,1530500,291.1625485446732,57026.3535529165,2.2981,450.1
2064.08,22.58,79.31,37450370,1036215,1532273,287.6088905254544,56330.343164138656,2.2981,450.1
2096.67,22.58,79.43,37446568,1036231,1530969,290.65501663924556,56926.94964941667,2.2981,450.1
2031.5,22.58,79.43,37440508,1036143,1531493,284.56369909288867,55733.91974313964,2.2981,450.1
2118.39,22.58,79.43,37450048,1036356,1531809,292.68514426095606,57324.565263416014,2.2981,450.1
2102.1,22.58,79.47,37443343,1035928,1530741,291.1625485446732,57026.3535529165,2.2981,450.1
2107.53,22.58,79.58,37442760,1036261,1531370,291.6700804501008,57125.757456416344,2.2981,450.1
2074.94,22.57,79.59,37448057,1036657,1531609,288.6337143780496,56531.062548000584,2.2981,450.1
2102.1,22.57,79.59,37448057,1036657,1530613,291.1723944309353,57028.28194306775,2.2981,450.1
2134.68,22.57,79.56,37442713,1036215,1530763,294.2176888389992,57624.725532584984,2.2981,450.1
2074.94,22.57,79.56,37439971,1036286,1530763,288.6337143780496,56531.062548000584,2.2981,450.1
2134.68,22.57,79.6,37448105,1036460,1530782,294.2176888389992,57624.725532584984,2.2981,450.1
2140.11,22.57,79.6,37441371,1036632,1530882,294.72523790700984,57724.13279750453,2.2981,450.1
2107.53,22.57,79.61,37448507,1036872,1531103,291.679943498946,57127.68920798729,2.2981,450.1
2102.1,22.57,79.61,37445874,1036844,1531098,291.1723944309353,57028.28194306775,2.2981,450.1
2064.08,22.57,79.56,37442209,1037072,1531098,287.61861624202834,56332.24801816151,2.2981,450.1
2026.07,22.57,79.54,37442209,1037072,1531098,284.06577276595374,55636.39716372473,2.2981,450.1
2058.65,22.57,79.6,37451375,1038585,1531187,287.1110671740177,56232.84075324197,2.2981,450.1
2053.22,22.56,79.6,37451375,1038800,1529499,286.6132101528808,56135.33174788376,2.2981,450.1
1998.91,22.56,79.52,37451375,1038879,1529499,281.5366130908947,55141.04240555752,2.2981,450.1
2020.64,22.55,79.44,37451375,1039730,1529700,283.57740247533224,55540.74620518997,2.2981,450.1
2074.94,22.55,79.44,37446112,1040083,1529527,288.6532364419237,56534.88608960005,2.2981,450.1
2036.93,22.55,79.49,37450120,1040102,1529252,285.1001526653096,55838.98817051298,2.2981,450.1
1955.47,22.54,79.5,37441357,1039897,1529252,277.49485127657886,54349.43325337808,2.2981,450.1
1998.91,22.54,79.5,37441357,1040291,1529252,281.5556557783776,55144.772057720635,2.2981,450.1
2004.34,22.54,79.51,37446350,1040340,1529252,282.06325634110243,55244.189408263446,2.2981,450.1
2031.5,22.54,79.51,37444575,1040506,1529260,284.60219396239285,55741.45925002091,2.2981,450.1
1998.91,22.54,79.51,37444315,1040631,1531092,281.5556557783776,55144.772057720635,2.2981,450.1
1993.48,22.54,79.48,37441605,1040631,1531092,281.04805521565277,55045.354707177816,2.2981,450.1
1998.91,22.54,79.48,37444637,1040631,1527938,281.5556557783776,55144.772057720635,2.2981,450.1
2009.78,22.54,79.54,37441120,1040716,1528580,282.5717917114935,55343.78984784963,2.2981,450.1
1939.18,22.54,79.57,37441120,1040716,1528580,275.97204958840433,54051.18120174962,2.2981,450.1
1971.76,22.54,79.57,37441120,1040440,1528346,279.0176529647534,54647.68530500654,2.2981,450.1
1955.47,22.53,79.61,37445245,1040346,1528249,277.5042362485512,54351.271370033035,2.2981,450.1
1966.33,22.53,79.63,37435780,1040457,1528249,278.51947170845455,54550.11279577712,2.2981,450.1
1998.91,22.54,79.6,37440706,1040609,1527859,281.5556557783776,55144.772057720635,2.2981,450.1
2053.22,22.54,79.57,37435329,1040546,1527780,286.63259621329223,56139.12865219219,2.2981,450.1
2069.51,22.54,79.61,37443924,1040353,1528004,288.1553979014668,56437.38070382064,2.2981,450.1
1950.04,22.54,79.61,37440972,1040483,1528008,276.98725071385405,54250.015902835265,2.2981,450.1
1971.76,22.54,79.6,37436403,1040376,1528307,279.0176529647534,54647.68530500654,2.2981,450.1
1939.18,22.54,79.6,37436403,1040486,1528393,275.97204958840433,54051.18120174962,2.2981,450.1
1944.61,22.54,79.65,37439399,1040486,1529683,276.47965015112914,54150.59855229243,2.2981,450.1
1912.02,22.54,79.64,37432045,1040616,1529547,273.4331119671139,53553.91135999217,2.2981,450.1
1988.05,22.54,79.69,37437326,1040616,1528408,280.54045465292796,54945.937356635,2.2981,450.1
2004.34,22.54,79.7,37438041,1040376,1528717,282.06325634110243,55244.189408263446,2.2981,450.1
1988.05,22.54,79.81,37438526,1039746,1528803,280.54045465292796,54945.937356635,2.2981,450.1
2015.21,22.54,79.89,37433697,1038514,1529190,283.0793922742183,55443.20719839245,2.2981,450.1
2004.34,22.54,79.96,37430622,1038288,1529472,282.06325634110243,55244.189408263446,2.2981,450.1
2036.93,22.54,79.96,37428272,1037432,1529510,285.1097945251177,55840.87660056372,2.2981,450.1
2053.22,22.54,80.05,37433364,1037086,1529752,286.63259621329223,56139.12865219219,2.2981,450.1
2020.64,22.55,80.07,37421467,1036513,1529072,283.57740247533224,55540.74620518997,2.2981,450.1
2053.22,22.56,80.08,37425780,1036197,1530393,286.6132101528808,56135.33174788376,2.2981,450.1
2058.65,22.56,80.12,37426602,1035739,1530006,287.1207763846353,56234.742374450354,2.2981,450.1
2074.94,22.56,80.14,37425520,1035612,1530336,288.6434750798986,56532.97425415012,2.2981,450.1
2020.64,22.56,80.14,37425520,1035279,1531624,283.56781276235415,55538.86798848423,2.2981,450.1
2129.25,22.57,80.14,37425520,1035095,1531565,293.7101397709886,57525.318267665454,2.2981,450.1
2069.51,22.58,80.15,37423748,1034555,1531018,288.116422430882,56429.74706763848,2.2981,450.1
2107.53,22.59,80.17,37428910,1033932,1531018,291.66021806826365,57123.82583548387,2.2981,450.1
2096.67,22.59,80.2,37428910,1033046,1531018,290.6451885802532,56925.02475086897,2.2981,450.1
2031.5,22.6,80.2,37415632,1032502,1532348,284.54445556294155,55730.15075448414,2.2981,450.1
2178.13,22.61,80.19,37415632,1032142,1532318,298.23867541210615,58412.26569905095,2.2981,450.1
2134.68,22.61,80.2,37416104,1032142,1532318,294.177897428553,57616.9320885043,2.2981,450.1
2156.4,22.61,80.21,37423595,1031649,1532431,296.2078191271209,58014.50737092256,2.2981,450.1
2156.4,22.63,80.2,37412246,1031110,1532431,296.1877901989224,58010.58455617032,2.2981,450.1
2123.82,22.63,80.23,37418954,1031110,1533525,293.14311353940303,57414.26195730617,2.2981,450.1
2134.68,22.63,80.23,37422862,1032240,1532472,294.15800575924277,57613.03615692755,2.2981,450.1
2107.53,22.63,80.16,37430940,1033085,1532472,291.6207752096433,57116.1006578741,2.2981,450.1
2047.79,22.63,80.09,37431305,1033962,1532661,286.03793347730164,56022.65952662351,2.2981,450.1
2085.8,22.62,79.98,37432809,1034339,1533074,289.59984730250216,56720.28687648763,2.2981,450.1
2074.94,22.62,79.91,37432809,1034892,1533074,288.58492076910045,56521.50595629961,2.2981,450.1
2102.1,22.61,79.91,37432809,1034413,1530745,291.1330148807012,57020.569164876906,2.2981,450.1
2107.53,22.61,80.0,37430664,1034107,1532429,291.64049530534317,57119.96298548147,2.2981,450.1
2112.96,22.61,80.04,37416381,1032538,1531198,292.14797572998515,57219.35680608604,2.2981,450.1
2145.54,22.61,80.04,37416381,1030863,1531198,295.19285827783693,57815.719729713426,2.2981,450.1
2194.42,22.62,80.07,37408864,1030208,1532860,299.750981746157,58708.46215741059,2.2981,450.1
2199.85,22.63,80.1,37412884,1029723,1533328,300.2482936015044,58805.864387988826,2.2981,450.1
2313.89,22.63,80.13,37413491,1029481,1533181,310.9055964330451,60893.17651734634,2.2981,450.1
2216.14,22.64,80.19,37409866,1027925,1532752,301.7604297394412,59102.027512172,2.2981,450.1
2161.83,22.64,80.27,37402064,1027456,1532958,296.6852057048223,58108.0070874812,2.2981,450.1
2123.82,22.65,80.11,37415376,1030787,1534831,293.1232931801374,57410.37999233274,2.2981,450.1
2069.51,22.65,79.92,37415376,1037879,1535718,288.0482407217199,56416.39317211876,2.2981,450.1
2031.5,22.65,79.66,37479777,1039605,1535080,284.49635812285317,55720.73051263924,2.2981,450.1
2009.78,22.66,79.58,37490917,1043040,1534016,282.4571619998361,55321.33876512173,2.2981,450.1
1982.62,22.67,79.42,37493736,1044660,1534191,279.9097918529246,54822.41735042052,2.2981,450.1
1928.32,22.67,79.34,37497328,1047459,1532312,274.83601690896853,53828.680740928045,2.2981,450.1
1912.02,22.68,79.11,37502345,1050345,1532197,273.30371117721637,53528.56725158397,2.2981,450.1
1890.3,22.68,79.03,37501962,1051668,1531859,271.2742698035611,53131.08604437704,2.2981,450.1
1694.8,22.68,78.96,37501962,1055387,1529587,253.007428710117,49553.38917471985,2.2981,450.1
1656.78,22.69,78.17,37546904,1055387,1528893,249.4465398502243,48855.962571944634,2.2981,450.1
1640.49,22.68,77.91,37521463,1073794,1525472,247.9328909107055,48559.503154305115,2.2981,450.1
1629.63,22.67,77.81,37512657,1073757,1524182,246.9265171297742,48362.39735438466,2.2981,450.1
1759.97,22.67,77.81,37511080,1074508,1521719,259.1054457889867,50747.73123433399,2.2981,450.1
1895.73,22.67,78.38,37439433,1056787,1519700,271.79081754573593,53232.255766648865,2.2981,450.1
1944.61,22.67,78.68,37439433,1043503,1522449,276.35814939215527,54126.801723775774,2.2981,450.1
1944.61,22.76,78.68,37418011,1040811,1526755,276.2740960196931,54110.339244795214,2.2981,450.1
1944.61,22.8,78.56,37421995,1040960,1527345,276.2367553748517,54103.0258014102,2.2981,450.1
1944.61,22.81,78.52,37429732,1042418,1527345,276.2274217907399,54101.19774945044,2.2981,450.1
1944.61,22.84,78.49,37442356,1042573,1530036,276.1994248224176,54095.71433469831,2.2981,450.1
1944.61,22.86,78.44,37442356,1042795,1531468,276.1807633295746,54092.059342344335,2.2981,450.1
1944.61,22.86,78.44,37451582,1043205,1531369,276.1807633295746,54092.059342344335,2.2981,450.1
1950.04,22.89,78.38,37454514,1043227,1531671,276.65977625854447,54185.87759191109,2.2981,450.1
1950.04,22.9,78.35,37454514,1043367,1532850,276.650431223035,54184.04729710982,2.2981,450.1
1955.47,22.93,78.29,37464131,1043136,1532850,277.12933184940425,54277.84355137586,2.2981,450.1
1982.62,22.96,78.22,37464131,1043382,1536206,279.6356577823517,54768.72615109722,2.2981,450.1
2004.34,22.98,78.25,37469658,1042296,1535310,281.64415718603516,55162.10571752075,2.2981,450.1
2036.93,23.0,78.3,37459389,1040278,1535310,284.66694291113305,55754.14081384666,2.2981,450.1
2026.07,23.02,78.3,37448362,1040278,1538194,283.6341639002865,55551.86335299551,2.2981,450.1
2026.07,23.07,78.3,37469331,1037406,1539961,283.58628830716304,55542.48656153088,2.2981,450.1
2015.21,23.07,78.08,37475988,1037406,1540752,282.57290359045174,55344.00761762428,2.2981,450.1
2004.34,23.07,78.03,37491693,1039779,1542278,281.5585857386422,55145.3459122592,2.2981,450.1
2004.34,23.13,77.9,37496438,1040614,1542169,281.50156698899895,55134.178365496904,2.2981,450.1
1998.91,23.13,77.84,37501584,1041386,1542190,280.9949772414895,55034.95899064202,2.2981,450.1
1998.91,23.17,77.77,37501584,1041386,1543259,280.9570459540648,55027.52986550828,2.2981,450.1
1998.91,23.18,77.75,37505323,1041692,1542873,280.9475647322529,55025.67289760543,2.2981,450.1
1998.91,23.18,77.65,37506695,1041720,1542873,280.9475647322529,55025.67289760543,2.2981,450.1
1998.91,23.21,77.6,37510351,1041875,1544763,280.9191249058864,55020.10274580718,2.2981,450.1
2004.34,23.21,77.54,37510351,1041875,1545494,281.4255779035653,55119.2953371893,2.2981,450.1
2004.34,23.26,77.43,37517947,1042049,1545061,281.37810555480786,55109.99752413691,2.2981,450.1
1998.91,23.27,77.36,37520949,1042024,1545959,280.86226252313776,55008.965824665735,2.2981,450.1
1998.91,23.27,77.32,37523619,1042176,1546775,280.86226252313776,55008.965824665735,2.2981,450.1
1998.91,23.3,77.32,37526932,1042260,1547374,280.8338399632602,55003.39905463793,2.2981,450.1
2004.34,23.32,77.16,37533140,1042533,1548781,281.32115987283913,55098.844288222834,2.2981,450.1
2004.34,23.34,77.16,37534785,1042613,1548781,281.3021831006125,55095.127546053576,2.2981,450.1
2004.34,23.35,77.06,37538318,1042684,1548645,281.29269567453827,55093.26936299973,2.2981,450.1
2004.34,23.37,76.98,37539566,1042758,1551208,281.2737227421442,55089.55337289026,2.2981,450.1
2004.34,23.38,76.94,37541427,1042636,1551802,281.2642372356949,55087.69556580927,2.2981,450.1
1998.91,23.38,76.91,37541699,1042814,1552365,280.7580745864111,54988.55984132268,2.2981,450.1
1998.91,23.39,76.87,37545037,1042937,1551637,280.7486067886575,54986.70550262163,2.2981,450.1
2004.34,23.4,76.84,37547485,1042974,1551643,281.245268141968,55083.98032753135,2.2981,450.1
1998.91,23.4,76.83,37549298,1043090,1552565,280.73913962943345,54984.85128898134,2.2981,450.1
1998.91,23.41,76.78,37552707,1043268,1553707,280.72967310867443,54982.99720038918,2.2981,450.1
1998.91,23.43,76.71,37553191,1043279,1553223,280.71074198229314,54979.289398298664,2.2981,450.1
2004.34,23.44,76.69,37553191,1043325,1554843,281.2073376293894,55076.55135415699,2.2981,450.1
2004.34,23.45,76.64,37553191,1043435,1554843,281.19785659979976,55074.69442390231,2.2981,450.1
2004.34,23.47,76.52,37563266,1043464,1554259,281.17889645843366,55070.98093901092,2.2981,450.1
2004.34,23.48,76.47,37565922,1043623,1554641,281.169417346528,55069.12438434893,2.2981,450.1
2004.34,23.48,76.45,37567438,1043770,1556120,281.169417346528,55069.12438434893,2.2981,450.1
1998.91,23.49,76.4,37567438,1043615,1556149,280.65396391959445,54968.16899186696,2.2981,450.1
2004.34,23.49,76.38,37569919,1043771,1556710,281.159938873721,55067.26795485916,2.2981,450.1
2004.34,23.51,76.38,37574387,1043889,1556590,281.1409838451446,55063.55547134573,2.2981,450.1
2004.34,23.52,76.24,37574457,1043894,1557654,281.131507289246,55061.69941729674,2.2981,450.1
1998.91,23.53,76.2,37574457,1044169,1557654,280.61612463633713,54960.7578864346,2.2981,450.1
2004.34,23.54,76.12,37574457,1044254,1559334,281.11255609390474,55057.98768455095,2.2981,450.1
2004.34,23.56,76.12,37585925,1044428,1559161,281.0936074534077,55054.276452190425,2.2981,450.1
2004.34,23.57,75.95,37587421,1044507,1559883,281.0841340910643,55052.42102362302,2.2981,450.1
2004.34,23.58,75.91,37590039,1044592,1559798,281.07466136723826,55050.565720113984,2.2981,450.1
2004.34,23.58,75.89,37590241,1044629,1559798,281.07466136723826,55050.565720113984,2.2981,450.1
2004.34,23.58,75.84,37592645,1044605,1561550,281.07466136723826,55050.565720113984,2.2981,450.1
2004.34,23.6,75.84,37597578,1044796,1560883,281.05571783487983,55046.855488220455,2.2981,450.1
1998.91,23.6,75.84,37598433,1044869,1560883,280.54993043675984,54947.79325946896,2.2981,450.1
2004.34,23.6,75.68,37598277,1044863,1561482,281.05571783487983,55046.855488220455,2.2981,450.1
2004.34,23.63,75.68,37602560,1044846,1563240,281.02730732360874,55041.29107800196,2.2981,450.1
2004.34,23.64,75.57,37603857,1044932,1562801,281.01783842953137,55039.43652457773,2.2981,450.1
2004.34,23.64,75.54,37605880,1044932,1562801,281.01783842953137,55039.43652457773,2.2981,450.1
2004.34,23.65,75.49,37606678,1045232,1563557,281.00837017351955,55037.58209612339,2.2981,450.1
1998.91,23.65,75.47,37606678,1045322,1563011,280.5026679821715,54938.536555752755,2.2981,450.1
1998.91,23.66,75.4,37611513,1045378,1563011,280.4932174020703,54936.68558925715,2.2981,450.1
2004.34,23.67,75.4,37612854,1045428,1565589,280.9894355754349,55033.87361407392,2.2981,450.1
1998.91,23.67,75.32,37615293,1045617,1565980,280.48376745875777,54934.83474748135,2.2981,450.1
2004.34,23.68,75.32,37617989,1045651,1565430,280.9799692332332,55032.01956045353,2.2981,450.1
2004.34,23.68,75.2,37619562,1045770,1566410,280.9799692332332,55032.01956045353,2.2981,450.1
2004.34,23.69,75.14,37620648,1045744,1566534,280.97050352883906,55030.16563175253,2.2981,450.1
1998.91,23.7,75.12,37622507,1045937,1567140,280.4554214489085,54929.28297034669,2.2981,450.1
1998.91,23.7,75.06,37624763,1045924,1567140,280.4554214489085,54929.28297034669,2.2981,450.1
2004.34,23.71,75.0,37629280,1045924,1567901,280.9515740332164,55026.45814905823,2.2981,450.1
2004.34,23.71,74.93,37630366,1046248,1568466,280.9515740332164,55026.45814905823,2.2981,450.1
2004.34,23.72,74.87,37630374,1046283,1568969,280.9421102418587,55024.60459503965,2.2981,450.1
2004.34,23.72,74.83,37632097,1046212,1569046,280.9421102418587,55024.60459503965,2.2981,450.1
2004.34,23.74,74.75,37632097,1046360,1569447,280.9231845717289,55020.89786159662,2.2981,450.1
2004.34,23.74,74.67,37638441,1046584,1569447,280.9231845717289,55020.89786159662,2.2981,450.1
2004.34,23.74,74.58,37639461,1046695,1569948,280.9231845717289,55020.89786159662,2.2981,450.1
2004.34,23.75,74.58,37640822,1046629,1569948,280.9137226928279,55019.04468214692,2.2981,450.1
1998.91,23.76,74.47,37642921,1046625,1569948,280.39874661381725,54918.182781810705,2.2981,450.1
2004.34,23.77,74.42,37646726,1046891,1570576,280.89480084703155,55015.33869772809,2.2981,450.1
2004.34,23.77,74.32,37649114,1047094,1572039,280.89480084703155,55015.33869772809,2.2981,450.1
2004.34,23.78,74.24,37649114,1047236,1572605,280.88534088000745,55013.485892733726,2.2981,450.1
1998.91,23.79,74.11,37655030,1047460,1571246,280.370417785103,54912.63436972928,2.2981,450.1
2004.34,23.79,74.06,37655784,1047461,1572197,280.8758815501468,55011.63321253257,2.2981,450.1
2004.34,23.79,74.0,37658361,1047658,1572334,280.8758815501468,55011.63321253257,2.2981,450.1
2004.34,23.8,73.96,37660323,1047763,1573217,280.86642285738543,55009.780657112045,2.2981,450.1
1998.91,23.81,73.87,37661816,1047798,1573262,280.3515350791638,54908.93605114296,2.2981,450.1
2004.34,23.81,73.77,37662819,1047953,1573262,280.85696480165876,55007.92822645952,2.2981,450.1
2004.34,23.82,73.74,37665109,1047976,1574152,280.8475073829027,55006.07592056243,2.2981,450.1
2004.34,23.82,73.67,37666276,1048096,1574338,280.8475073829027,55006.07592056243,2.2981,450.1
2004.34,23.82,73.67,37670062,1048259,1575636,280.8475073829027,55006.07592056243,2.2981,450.1
1998.91,23.83,73.67,37672215,1048430,1573607,280.3326549165213,54905.23823068023,2.2981,450.1
2004.34,23.83,73.42,37673812,1048487,1574615,280.8380506010526,55004.22373940812,2.2981,450.1
2004.34,23.84,73.35,37673812,1048764,1576148,280.8285944560443,55002.37168298401,2.2981,450.1
2004.34,23.84,73.29,37676399,1048815,1576148,280.8285944560443,55002.37168298401,2.2981,450.1
2004.34,23.85,73.18,37678658,1048932,1576594,280.8191389478135,55000.51975127751,2.2981,450.1
2004.34,23.86,73.03,37681092,1049081,1576837,280.80968407629575,54998.66794427602,2.2981,450.1
2004.34,23.86,72.91,37684543,1049351,1577348,280.80968407629575,54998.66794427602,2.2981,450.1
2004.34,23.87,72.81,37686258,1049549,1578377,280.80022984142687,54996.81626196695,2.2981,450.1
2004.34,23.87,72.81,37686258,1049735,1578138,280.80022984142687,54996.81626196695,2.2981,450.1
2004.34,23.87,72.6,37690104,1049846,1578557,280.80022984142687,54996.81626196695,2.2981,450.1
2004.34,23.88,72.48,37693173,1050042,1578857,280.79077624314243,54994.96470433768,2.2981,450.1
1998.91,23.88,72.34,37693372,1050257,1578490,280.2854656334663,54895.99585815377,2.2981,450.1
1998.91,23.89,72.21,37696182,1050386,1578446,280.2760296832363,54894.14775702739,2.2981,450.1
2004.34,23.89,72.21,37698301,1050584,1579707,280.78132328137826,54993.113271375645,2.2981,450.1
2004.34,23.89,72.03,37699429,1050584,1579707,280.78132328137826,54993.113271375645,2.2981,450.1
1998.91,23.9,71.93,37701296,1050838,1581004,280.26659436831676,54892.29978033131,2.2981,450.1
2004.34,23.9,71.88,37704161,1051131,1580806,280.77187095607,54991.261963068246,2.2981,450.1
2004.34,23.91,71.75,37706815,1051282,1581043,280.7624192671534,54989.41077940288,2.2981,450.1
1998.91,23.91,71.75,37707653,1051590,1581725,280.25715968864364,54890.45192805297,2.2981,450.1
2004.34,23.91,71.5,37711095,1051536,1581725,280.7624192671534,54989.41077940288,2.2981,450.1
2004.34,23.91,71.5,37711095,1051993,1582090,280.7624192671534,54989.41077940288,2.2981,450.1
2004.34,23.91,71.18,37714668,1051993,1582898,280.7624192671534,54989.41077940288,2.2981,450.1
1998.91,23.92,71.08,37716185,1052383,1582196,280.24772564415287,54888.60420017981,2.2981,450.1
2004.34,23.92,70.92,37717375,1052697,1582196,280.75296821456425,54987.559720367,2.2981,450.1
2004.34,23.93,70.87,37717375,1052697,1583607,280.74351779823814,54985.708785947965,2.2981,450.1
2004.34,23.93,70.64,37721727,1053167,1582426,280.74351779823814,54985.708785947965,2.2981,450.1
2004.34,23.93,70.51,37725043,1053550,1582692,280.74351779823814,54985.708785947965,2.2981,450.1
1998.91,23.94,70.51,37729070,1053873,1582247,280.2288594604615,54884.90911759876,2.2981,450.1
1998.91,23.94,70.21,37729350,1054075,1583574,280.2288594604615,54884.90911759876,2.2981,450.1
1998.91,23.94,70.01,37732764,1054363,1583574,280.2288594604615,54884.90911759876,2.2981,450.1
2004.34,23.94,69.89,37734693,1054920,1584929,280.73406801811103,54983.85797613324,2.2981,450.1
2004.34,23.95,69.89,37738531,1055363,1586361,280.7246188741185,54982.00729091021,2.2981,450.1
2004.34,23.95,69.47,37741364,1055713,1587416,280.7246188741185,54982.00729091021,2.2981,450.1
2004.34,23.95,69.25,37743402,1056005,1586941,280.7246188741185,54982.00729091021,2.2981,450.1
2004.34,23.95,69.04,37746752,1056520,1586941,280.7246188741185,54982.00729091021,2.2981,450.1
2004.34,23.96,68.81,37750252,1057256,1587209,280.7151703661964,54980.15673026631,2.2981,450.1
1998.91,23.96,68.57,37751589,1057471,1587209,280.2099958167295,54881.21453248769,2.2981,450.1
2004.34,23.96,68.41,37751354,1057746,1587790,280.7151703661964,54980.15673026631,2.2981,450.1
1998.91,23.96,68.24,37755074,1058192,1588638,280.2099958167295,54881.21453248769,2.2981,450.1
1998.91,23.97,67.98,37758318,1058613,1588345,280.20056494718796,54879.36742645199,2.2981,450.1
2004.34,23.97,67.8,37762929,1059359,1588027,280.7057224942804,54978.306294188944,2.2981,450.1
2004.34,23.97,67.8,37766491,1059739,1588910,280.7057224942804,54978.306294188944,2.2981,450.1
1998.91,23.97,67.44,37767053,1059941,1588318,280.20056494718796,54879.36742645199,2.2981,450.1
2004.34,23.97,67.44,37767053,1060652,1588639,280.7057224942804,54978.306294188944,2.2981,450.1
1998.91,23.98,66.88,37774495,1061307,1591072,280.191134712444,54877.52044474612,2.2981,450.1
2004.34,23.98,66.7,37776240,1061748,1590542,280.69627525830646,54976.455982665575,2.2981,450.1
1998.91,23.98,66.7,37780301,1062199,1590542,280.191134712444,54877.52044474612,2.2981,450.1
1998.91,23.98,66.7,37785558,1063446,1590534,280.191134712444,54877.52044474612,2.2981,450.1
2004.34,23.98,65.86,37785781,1063750,1590806,280.69627525830646,54976.455982665575,2.2981,450.1
1998.91,23.98,65.64,37785781,1064172,1590806,280.191134712444,54877.52044474612,2.2981,450.1
1998.91,23.98,65.33,37791789,1064869,1590338,280.191134712444,54877.52044474612,2.2981,450.1
1998.91,23.99,65.13,37794460,1065419,1590688,280.18170511243346,54875.67358735752,2.2981,450.1
1998.91,23.99,65.02,37793155,1065637,1591211,280.18170511243346,54875.67358735752,2.2981,450.1
1998.91,23.99,64.91,37796666,1066037,1591211,280.18170511243346,54875.67358735752,2.2981,450.1
2004.34,23.99,64.57,37796666,1067422,1591211,280.68682865821023,54974.60579568359,2.2981,450.1
1998.91,23.99,64.13,37805278,1068269,1593095,280.18170511243346,54875.67358735752,2.2981,450.1
1998.91,23.99,63.89,37805278,1068607,1591824,280.18170511243346,54875.67358735752,2.2981,450.1
1998.91,24.0,63.67,37810334,1069378,1593713,280.1722761470923,54873.82685427365,2.2981,450.1
2004.34,24.0,63.67,37813083,1070176,1593442,280.67738269392765,54972.75573323043,2.2981,450.1
2004.34,24.0,63.22,37815598,1070176,1593833,280.67738269392765,54972.75573323043,2.2981,450.1
2004.34,24.0,62.89,37819379,1071884,1593692,280.67738269392765,54972.75573323043,2.2981,450.1
2004.34,24.0,62.78,37821056,1072162,1593731,280.67738269392765,54972.75573323043,2.2981,450.1
1998.91,24.0,62.44,37826941,1073670,1593731,280.1722761470923,54873.82685427365,2.2981,450.1
2004.34,24.0,61.97,37832586,1075099,1593931,280.67738269392765,54972.75573323043,2.2981,450.1
1998.91,24.01,61.59,37833684,1075345,1593010,280.1628478163565,54871.98024548195,2.2981,450.1
1998.91,24.01,61.34,37839515,1077003,1594691,280.1628478163565,54871.98024548195,2.2981,450.1
2004.34,24.01,61.34,37843756,1078319,1594882,280.66793736539444,54970.905795293525,2.2981,450.1
2004.34,24.01,60.55,37848791,1078319,1594882,280.66793736539444,54970.905795293525,2.2981,450.1
2004.34,24.01,60.03,37848791,1081463,1595291,280.66793736539444,54970.905795293525,2.2981,450.1
1998.91,24.01,59.76,37855901,1081463,1595291,280.1628478163565,54871.98024548195,2.2981,450.1
1998.91,24.01,59.52,37860079,1083067,1595439,280.1628478163565,54871.98024548195,2.2981,450.1
1998.91,24.01,59.28,37863616,1084365,1596197,280.1628478163565,54871.98024548195,2.2981,450.1
2004.34,24.02,58.93,37865090,1085278,1596209,280.65849267254634,54969.05598186029,2.2981,450.1
1998.91,24.02,58.61,37867404,1086189,1595424,280.15342012016185,54870.133760969875,2.2981,450.1
1998.91,24.02,58.51,37870344,1086189,1595424,280.15342012016185,54870.133760969875,2.2981,450.1
1998.91,24.02,58.12,37877587,1089515,1596993,280.15342012016185,54870.133760969875,2.2981,450.1
1998.91,24.02,57.92,37878540,1089833,1596160,280.15342012016185,54870.133760969875,2.2981,450.1
1998.91,24.02,57.84,37878840,1090239,1596081,280.15342012016185,54870.133760969875,2.2981,450.1
2004.34,24.02,57.84,37882875,1091525,1596211,280.65849267254634,54969.05598186029,2.2981,450.1
1998.91,24.02,57.84,37886849,1092268,1597015,280.15342012016185,54870.133760969875,2.2981,450.1
2004.34,24.02,57.3,37887146,1093575,1597015,280.65849267254634,54969.05598186029,2.2981,450.1
2004.34,24.02,57.07,37891219,1094220,1596271,280.65849267254634,54969.05598186029,2.2981,450.1
2004.34,24.02,57.0,37894010,1095114,1596927,280.65849267254634,54969.05598186029,2.2981,450.1
2004.34,24.02,56.77,37895047,1095958,1597517,280.65849267254634,54969.05598186029,2.2981,450.1
1998.91,24.02,56.57,37895047,1098083,1597517,280.15342012016185,54870.133760969875,2.2981,450.1
2004.34,24.02,56.36,37903561,1098928,1596938,280.65849267254634,54969.05598186029,2.2981,450.1
1998.91,24.02,56.22,37903897,1099302,1596961,280.15342012016185,54870.133760969875,2.2981,450.1
2004.34,24.02,56.22,37906279,1100646,1597356,280.65849267254634,54969.05598186029,2.2981,450.1
2004.34,24.02,56.22,37906279,1101493,1597356,280.65849267254634,54969.05598186029,2.2981,450.1
2004.34,24.03,55.64,37913377,1102949,1597599,280.6490486153194,54967.20629291818,2.2981,450.1
1998.91,24.03,55.49,37914552,1104137,1597494,280.1439930584444,54868.28740072488,2.2981,450.1
1998.91,24.03,55.27,37917616,1104977,1597238,280.1439930584444,54868.28740072488,2.2981,450.1
1998.91,24.03,55.27,37918846,1105965,1597348,280.1439930584444,54868.28740072488,2.2981,450.1
1998.91,24.03,54.98,37922212,1107514,1597348,280.1439930584444,54868.28740072488,2.2981,450.1
1998.91,24.03,54.67,37928752,1109803,1597963,280.1439930584444,54868.28740072488,2.2981,450.1
2004.34,24.03,54.67,37928119,1110286,1597850,280.6490486153194,54967.20629291818,2.2981,450.1
2004.34,24.03,54.67,37931385,1111768,1597850,280.6490486153194,54967.20629291818,2.2981,450.1
1998.91,24.03,54.1,37933625,1112363,1599434,280.1439930584444,54868.28740072488,2.2981,450.1
1998.91,24.03,54.03,37933625,1113830,1598905,280.1439930584444,54868.28740072488,2.2981,450.1
1998.91,24.03,53.82,37938195,1114824,1598859,280.1439930584444,54868.28740072488,2.2981,450.1
2004.34,24.03,53.67,37938277,1115308,1598922,280.6490486153194,54967.20629291818,2.2981,450.1
1998.91,24.03,53.5,37942248,1116402,1598803,280.1439930584444,54868.28740072488,2.2981,450.1
1998.91,24.03,53.5,37943394,1117330,1600019,280.1439930584444,54868.28740072488,2.2981,450.1
1998.91,24.03,53.2,37948050,1117330,1600019,280.1439930584444,54868.28740072488,2.2981,450.1
1998.91,24.04,53.2,37949124,1120988,1598640,280.13456663113993,54866.44116473439,2.2981,450.1
1998.91,24.04,52.81,37953189,1121587,1598823,280.13456663113993,54866.44116473439,2.2981,450.1
2004.34,24.04,52.63,37956056,1123047,1599328,280.6396051936492,54965.35672845459,2.2981,450.1
1998.91,24.04,52.43,37959710,1124630,1599328,280.13456663113993,54866.44116473439,2.2981,450.1
1998.91,24.04,52.19,37960257,1125686,1599328,280.13456663113993,54866.44116473439,2.2981,450.1
2004.34,24.04,52.19,37963868,1127375,1600003,280.6396051936492,54965.35672845459,2.2981,450.1
1998.91,24.04,51.79,37964328,1127927,1600462,280.13456663113993,54866.44116473439,2.2981,450.1
1998.91,24.04,51.71,37965827,1128946,1601540,280.13456663113993,54866.44116473439,2.2981,450.1
2004.34,24.04,51.57,37970572,1130168,1600132,280.6396051936492,54965.35672845459,2.2981,450.1
1998.91,24.05,51.41,37972989,1130168,1599799,280.1251408381847,54864.59505298592,2.2981,450.1
1998.91,24.05,51.22,37972989,1133400,1600142,280.1251408381847,54864.59505298592,2.2981,450.1
1998.91,24.05,51.0,37977090,1134929,1598998,280.1251408381847,54864.59505298592,2.2981,450.1
1998.91,24.05,50.73,37978028,1135400,1600098,280.1251408381847,54864.59505298592,2.2981,450.1
1998.91,24.05,50.63,37978028,1135400,1600022,280.1251408381847,54864.59505298592,2.2981,450.1
1998.91,24.05,50.54,37983006,1138010,1600209,280.1251408381847,54864.59505298592,2.2981,450.1
1998.91,24.05,50.45,37985655,1138952,1600209,280.1251408381847,54864.59505298592,2.2981,450.1
1998.91,24.05,50.28,37987002,1140003,1600209,280.1251408381847,54864.59505298592,2.2981,450.1
1998.91,24.05,50.28,37987002,1141398,1600209,280.1251408381847,54864.59505298592,2.2981,450.1
1998.91,24.06,49.85,37993224,1143539,1600975,280.11571567951444,54862.74906546689,2.2981,450.1
1998.91,24.06,49.66,37995020,1143993,1601336,280.11571567951444,54862.74906546689,2.2981,450.1
1998.91,24.06,49.47,37999030,1145683,1601818,280.11571567951444,54862.74906546689,2.2981,450.1
1998.91,24.06,49.47,37999546,1146246,1601711,280.11571567951444,54862.74906546689,2.2981,450.1
1998.91,24.06,49.18,38001358,1147850,1601433,280.11571567951444,54862.74906546689,2.2981,450.1
1998.91,24.06,48.78,38001358,1147850,1601375,280.11571567951444,54862.74906546689,2.2981,450.1
1998.91,24.06,48.56,38001358,1147850,1601701,280.11571567951444,54862.74906546689,2.2981,450.1
1998.91,24.07,48.25,38011191,1152541,1602031,280.10629115506526,54860.90320216478,2.2981,450.1
1998.91,24.07,48.17,38013176,1153130,1602144,280.10629115506526,54860.90320216478,2.2981,450.1
1998.91,24.07,47.85,38012878,1154443,1601995,280.10629115506526,54860.90320216478,2.2981,450.1
1998.91,24.07,47.74,38013147,1155030,1602638,280.10629115506526,54860.90320216478,2.2981,450.1
1998.91,24.08,47.63,38015219,1155595,1602221,280.0968672647731,54859.057463067045,2.2981,450.1
1998.91,24.08,47.51,38015219,1155595,1601370,280.0968672647731,54859.057463067045,2.2981,450.1
1998.91,24.08,47.16,38021299,1158692,1602087,280.0968672647731,54859.057463067045,2.2981,450.1
1998.91,24.08,46.81,38025223,1160566,1602466,280.0968672647731,54859.057463067045,2.2981,450.1
1998.91,24.08,46.57,38027462,1161980,1603592,280.0968672647731,54859.057463067045,2.2981,450.1
1998.91,24.08,46.57,38028905,1163114,1603592,280.0968672647731,54859.057463067045,2.2981,450.1
1998.91,24.08,45.96,38032108,1165011,1604050,280.0968672647731,54859.057463067045,2.2981,450.1
1998.91,24.08,45.7,38034140,1165011,1604050,280.0968672647731,54859.057463067045,2.2981,450.1
1998.91,24.08,45.25,38037575,1168070,1603093,280.0968672647731,54859.057463067045,2.2981,450.1
1998.91,24.09,45.13,38037575,1170516,1604178,280.08744400857387,54857.21184816114,2.2981,450.1
1998.91,24.09,44.64,38042044,1171217,1604178,280.08744400857387,54857.21184816114,2.2981,450.1
1998.91,24.09,44.64,38044449,1173169,1603507,280.08744400857387,54857.21184816114,2.2981,450.1
1998.91,24.1,44.64,38047078,1174437,1604150,280.0780213864037,54855.366357434534,2.2981,450.1
1998.91,24.1,43.84,38050344,1176229,1604150,280.0780213864037,54855.366357434534,2.2981,450.1
1998.91,24.1,43.51,38050344,1178814,1604392,280.0780213864037,54855.366357434534,2.2981,450.1
1998.91,24.1,43.2,38056756,1180515,1604203,280.0780213864037,54855.366357434534,2.2981,450.1
1993.48,24.1,43.0,38057428,1181053,1604203,279.573084766077,54756.47075984999,2.2981,450.1
1998.91,24.1,42.67,38060539,1182978,1603999,280.0780213864037,54855.366357434534,2.2981,450.1
1998.91,24.1,42.35,38064509,1184219,1604973,280.0780213864037,54855.366357434534,2.2981,450.1
1998.91,24.1,42.13,38064747,1186070,1604975,280.0780213864037,54855.366357434534,2.2981,450.1
1998.91,24.11,41.93,38065706,1186626,1605446,280.0685993981985,54853.520990874706,2.2981,450.1
1998.91,24.11,41.93,38068354,1186626,1605038,280.0685993981985,54853.520990874706,2.2981,450.1
1998.91,24.11,41.32,38072296,1190718,1604643,280.0685993981985,54853.520990874706,2.2981,450.1
1998.91,24.11,41.32,38077628,1192040,1605981,280.0685993981985,54853.520990874706,2.2981,450.1
1998.91,24.11,40.9,38077520,1193769,1605290,280.0685993981985,54853.520990874706,2.2981,450.1
1998.91,24.11,40.72,38079455,1194712,1605808,280.0685993981985,54853.520990874706,2.2981,450.1
1998.91,24.11,40.55,38079296,1195305,1605973,280.0685993981985,54853.520990874706,2.2981,450.1
1998.91,24.11,40.47,38080597,1196469,1605616,280.0685993981985,54853.520990874706,2.2981,450.1
1998.91,24.12,40.29,38083396,1197070,1606268,280.0591780438944,54851.675748469126,2.2981,450.1
1998.91,24.12,40.29,38086279,1198796,1605888,280.0591780438944,54851.675748469126,2.2981,450.1
1998.91,24.12,39.84,38086279,1198796,1606652,280.0591780438944,54851.675748469126,2.2981,450.1
1998.91,24.12,39.6,38086279,1203156,1606652,280.0591780438944,54851.675748469126,2.2981,450.1
1993.48,24.12,39.22,38092711,1204776,1606792,279.5542753951505,54752.78680447207,2.2981,450.1
1993.48,24.12,39.06,38094773,1206421,1607222,279.5542753951505,54752.78680447207,2.2981,450.1
1998.91,24.12,38.82,38095983,1206992,1606696,280.0591780438944,54851.675748469126,2.2981,450.1
1998.91,24.12,38.74,38098477,1207475,1606752,280.0591780438944,54851.675748469126,2.2981,450.1
1998.91,24.13,38.74,38099805,1209062,1607419,280.04975732342734,54849.83063020525,2.2981,450.1
1998.91,24.13,38.74,38099805,1211200,1607571,280.04975732342734,54849.83063020525,2.2981,450.1
1998.91,24.13,38.1,38101961,1211716,1607503,280.04975732342734,54849.83063020525,2.2981,450.1
1998.91,24.13,38.02,38105307,1212738,1607503,280.04975732342734,54849.83063020525,2.2981,450.1
1998.91,24.13,38.02,38105685,1212738,1607928,280.04975732342734,54849.83063020525,2.2981,450.1
1998.91,24.13,37.54,38105685,1216413,1607285,280.04975732342734,54849.83063020525,2.2981,450.1
1998.91,24.13,37.23,38112110,1218580,1608349,280.04975732342734,54849.83063020525,2.2981,450.1
1998.91,24.13,36.9,38111453,1219461,1608081,280.04975732342734,54849.83063020525,2.2981,450.1
1993.48,24.13,36.82,38112914,1221006,1607424,279.5448716587607,54750.945012666205,2.2981,450.1
1998.91,24.13,36.49,38115294,1222462,1608728,280.04975732342734,54849.83063020525,2.2981,450.1
1998.91,24.13,36.26,38117727,1224108,1608587,280.04975732342734,54849.83063020525,2.2981,450.1
1993.48,24.14,36.26,38119350,1224927,1608363,279.53546855500144,54749.103344765754,2.2981,450.1
1993.48,24.14,35.94,38119350,1226046,1608727,279.53546855500144,54749.103344765754,2.2981,450.1
1998.91,24.14,35.79,38119312,1226046,1608309,280.0403372367335,54847.98563607056,2.2981,450.1
1993.48,24.14,35.63,38122636,1228123,1609538,279.53546855500144,54749.103344765754,2.2981,450.1
1998.91,24.14,35.63,38122202,1229360,1609011,280.0403372367335,54847.98563607056,2.2981,450.1
1998.91,24.14,35.23,38122202,1230383,1609099,280.0403372367335,54847.98563607056,2.2981,450.1
1993.48,24.14,35.23,38126137,1231471,1608920,279.53546855500144,54749.103344765754,2.2981,450.1
1998.91,24.14,34.9,38125054,1231930,1609153,280.0403372367335,54847.98563607056,2.2981,450.1
1993.48,24.14,34.82,38125054,1232886,1609590,279.53546855500144,54749.103344765754,2.2981,450.1
1993.48,24.14,34.66,38126950,1233823,1609850,279.53546855500144,54749.103344765754,2.2981,450.1
1998.91,24.14,34.43,38128695,1234761,1608696,280.0403372367335,54847.98563607056,2.2981,450.1
1998.91,24.14,34.35,38129835,1235776,1609507,280.0403372367335,54847.98563607056,2.2981,450.1
1998.91,24.15,34.19,38132141,1235776,1609696,280.03091778374875,54846.14076605254,2.2981,450.1
1998.91,24.15,33.96,38133711,1237711,1609696,280.03091778374875,54846.14076605254,2.2981,450.1
1998.91,24.15,33.96,38135225,1239660,1610025,280.03091778374875,54846.14076605254,2.2981,450.1
1998.91,24.15,33.57,38136348,1240135,1609475,280.03091778374875,54846.14076605254,2.2981,450.1
1998.91,24.15,33.57,38135518,1240976,1609773,280.03091778374875,54846.14076605254,2.2981,450.1
1998.91,24.15,33.57,38136773,1241998,1610050,280.03091778374875,54846.14076605254,2.2981,450.1
1998.91,24.15,33.19,38136270,1242540,1609872,280.03091778374875,54846.14076605254,2.2981,450.1
1998.91,24.15,32.98,38136270,1244737,1610496,280.03091778374875,54846.14076605254,2.2981,450.1
1998.91,24.15,32.75,38140514,1245526,1610198,280.03091778374875,54846.14076605254,2.2981,450.1
1993.48,24.15,32.6,38140514,1247084,1610198,279.5260660838089,54747.2618007582,2.2981,450.1
1998.91,24.15,32.31,38140514,1248933,1610809,280.03091778374875,54846.14076605254,2.2981,450.1
1993.48,24.16,32.11,38145038,1250285,1610138,279.51666424511916,54745.42038063102,2.2981,450.1
1993.48,24.16,32.11,38147249,1251113,1610430,279.51666424511916,54745.42038063102,2.2981,450.1
1993.48,24.16,32.11,38147249,1252323,1610430,279.51666424511916,54745.42038063102,2.2981,450.1
1998.91,24.16,31.5,38149070,1253740,1610843,280.02149896440915,54844.29602013862,2.2981,450.1
1993.48,24.16,31.5,38150251,1255053,1611306,279.51666424511916,54745.42038063102,2.2981,450.1
1993.48,24.16,31.24,38150557,1255475,1611088,279.51666424511916,54745.42038063102,2.2981,450.1
1998.91,24.16,31.1,38151507,1256783,1609684,280.02149896440915,54844.29602013862,2.2981,450.1
1998.91,24.16,30.97,38154555,1257589,1611463,280.02149896440915,54844.29602013862,2.2981,450.1
1993.48,24.17,30.79,38154555,1258736,1610427,279.5072630388685,54743.579084371755,2.2981,450.1
1993.48,24.17,30.6,38155536,1259566,1609902,279.5072630388685,54743.579084371755,2.2981,450.1
1993.48,24.17,30.47,38155922,1260410,1611121,279.5072630388685,54743.579084371755,2.2981,450.1
1993.48,24.17,30.28,38155922,1261534,1611032,279.5072630388685,54743.579084371755,2.2981,450.1
1993.48,24.17,30.09,38155922,1263018,1611032,279.5072630388685,54743.579084371755,2.2981,450.1
1993.48,24.17,29.86,38155922,1264772,1611032,279.5072630388685,54743.579084371755,2.2981,450.1
1998.91,24.18,29.62,38160955,1265579,1611712,280.00266322641,54840.60690057315,2.2981,450.1
1993.48,24.18,29.51,38161740,1266294,1611832,279.497862464993,54741.73791196787,2.2981,450.1
1993.48,24.18,29.44,38161041,1266646,1612523,279.497862464993,54741.73791196787,2.2981,450.1
1993.48,24.18,29.38,38162817,1267434,1611033,279.497862464993,54741.73791196787,2.2981,450.1
1993.48,24.18,29.27,38164465,1267434,1611033,279.497862464993,54741.73791196787,2.2981,450.1
1993.48,24.18,29.1,38163539,1268808,1611342,279.497862464993,54741.73791196787,2.2981,450.1
1993.48,24.18,28.98,38164451,1270057,1613178,279.497862464993,54741.73791196787,2.2981,450.1
1993.48,24.18,28.87,38165905,1270453,1612566,279.497862464993,54741.73791196787,2.2981,450.1
1993.48,24.18,28.87,38167342,1271408,1611235,279.497862464993,54741.73791196787,2.2981,450.1
1993.48,24.18,28.66,38167666,1271884,1611196,279.497862464993,54741.73791196787,2.2981,450.1
1993.48,24.18,28.55,38168120,1272937,1611910,279.497862464993,54741.73791196787,2.2981,450.1
1993.48,24.19,28.4,38168106,1273822,1611910,279.488462523429,54739.89686340691,2.2981,450.1
1993.48,24.19,28.4,38170375,1273822,1612875,279.488462523429,54739.89686340691,2.2981,450.1
1993.48,24.19,28.12,38171112,1275769,1612777,279.488462523429,54739.89686340691,2.2981,450.1
1993.48,24.19,27.96,38170444,1275769,1612353,279.488462523429,54739.89686340691,2.2981,450.1
1993.48,24.19,27.9,38171689,1275769,1612109,279.488462523429,54739.89686340691,2.2981,450.1
1993.48,24.19,27.74,38173191,1278154,1612930,279.488462523429,54739.89686340691,2.2981,450.1
1993.48,24.19,27.74,38173191,1279165,1612465,279.488462523429,54739.89686340691,2.2981,450.1
1993.48,24.19,27.45,38174744,1280538,1613703,279.488462523429,54739.89686340691,2.2981,450.1
1993.48,24.19,27.45,38176445,1281168,1613237,279.488462523429,54739.89686340691,2.2981,450.1
1993.48,24.19,27.16,38176445,1282252,1613561,279.488462523429,54739.89686340691,2.2981,450.1
1993.48,24.19,27.01,38178084,1283359,1612746,279.488462523429,54739.89686340691,2.2981,450.1
1993.48,24.19,27.01,38179698,1284538,1612082,279.488462523429,54739.89686340691,2.2981,450.1
1993.48,24.19,26.73,38180922,1285272,1612949,279.488462523429,54739.89686340691,2.2981,450.1
1993.48,24.19,26.63,38180565,1285978,1612701,279.488462523429,54739.89686340691,2.2981,450.1
1993.48,24.19,26.55,38181241,1286703,1613376,279.488462523429,54739.89686340691,2.2981,450.1
1993.48,24.2,26.38,38180012,1287412,1613455,279.47906321411256,54738.055938676334,2.2981,450.1
1993.48,24.2,26.34,38182638,1287732,1613279,279.47906321411256,54738.055938676334,2.2981,450.1
1993.48,24.2,26.3,38183939,1288510,1612676,279.47906321411256,54738.055938676334,2.2981,450.1
1993.48,24.2,26.21,38183939,1289047,1612676,279.47906321411256,54738.055938676334,2.2981,450.1
1993.48,24.2,25.09,38189957,1297057,1613682,279.47906321411256,54738.055938676334,2.2981,450.1
1988.05,24.2,24.97,38191392,1297952,1614330,278.9742964060006,54639.1936000787,2.2981,450.1
1993.48,24.2,24.84,38190766,1298580,1615091,279.47906321411256,54738.055938676334,2.2981,450.1
1993.48,24.2,24.76,38191592,1299250,1615294,279.47906321411256,54738.055938676334,2.2981,450.1
1993.48,24.21,24.76,38192038,1299250,1614699,279.4696645369801,54736.21513776369,2.2981,450.1
1988.05,24.2,24.55,38192801,1300573,1614539,278.9742964060006,54639.1936000787,2.2981,450.1
1993.48,24.21,24.55,38194804,1301438,1614955,279.4696645369801,54736.21513776369,2.2981,450.1
1988.05,24.21,24.55,38196307,1302516,1615036,278.9649147038078,54637.35612383443,2.2981,450.1
1993.48,24.21,24.55,38196307,1303226,1614071,279.4696645369801,54736.21513776369,2.2981,450.1
1993.48,24.21,24.0,38197442,1304333,1614269,279.4696645369801,54736.21513776369,2.2981,450.1
1993.48,24.21,23.9,38197442,1305081,1614269,279.4696645369801,54736.21513776369,2.2981,450.1
1993.48,24.21,23.7,38196166,1305349,1614863,279.4696645369801,54736.21513776369,2.2981,450.1
1993.48,24.21,23.61,38196166,1306541,1614863,279.4696645369801,54736.21513776369,2.2981,450.1
1998.91,24.21,23.61,38200858,1307901,1616182,279.9744143701523,54835.07415169296,2.2981,450.1
2009.78,24.21,23.29,38200366,1308347,1615736,280.9848435942007,55032.97424035062,2.2981,450.1
2015.21,24.21,23.23,38198074,1308347,1615648,281.489593427373,55131.83325427988,2.2981,450.1
2015.21,24.21,23.15,38199456,1308244,1615975,281.489593427373,55131.83325427988,2.2981,450.1
2015.21,24.21,23.04,38203843,1308244,1615975,281.489593427373,55131.83325427988,2.2981,450.1
2009.78,24.21,22.79,38208220,1310257,1616491,280.9848435942007,55032.97424035062,2.2981,450.1
2009.78,24.21,22.61,38209112,1310991,1615959,280.9848435942007,55032.97424035062,2.2981,450.1
2009.78,24.21,22.5,38208402,1311660,1615959,280.9848435942007,55032.97424035062,2.2981,450.1
2009.78,24.22,22.5,38209432,1311660,1616055,280.97539459653467,55031.12358378673,2.2981,450.1
2009.78,24.22,22.5,38209432,1313742,1616055,280.97539459653467,55031.12358378673,2.2981,450.1
2009.78,24.22,22.44,38208991,1314216,1616705,280.97539459653467,55031.12358378673,2.2981,450.1
2009.78,24.22,22.43,38210399,1314718,1616407,280.97539459653467,55031.12358378673,2.2981,450.1
2009.78,24.22,22.4,38210784,1315515,1615494,280.97539459653467,55031.12358378673,2.2981,450.1
2009.78,24.22,22.3,38210981,1315515,1616462,280.97539459653467,55031.12358378673,2.2981,450.1
2009.78,24.22,22.17,38210981,1317510,1616462,280.97539459653467,55031.12358378673,2.2981,450.1
2009.78,24.22,22.03,38211924,1317885,1616241,280.97539459653467,55031.12358378673,2.2981,450.1
2009.78,24.22,21.98,38212346,1318691,1616182,280.97539459653467,55031.12358378673,2.2981,450.1
2009.78,24.22,21.87,38213782,1319265,1615134,280.97539459653467,55031.12358378673,2.2981,450.1
2009.78,24.22,21.87,38212806,1320070,1615926,280.97539459653467,55031.12358378673,2.2981,450.1
2004.34,24.22,21.63,38215578,1321084,1616223,280.46973221071596,54932.085839625455,2.2981,450.1
2009.78,24.22,21.51,38214809,1321674,1616223,280.97539459653467,55031.12358378673,2.2981,450.1
2009.78,24.22,21.51,38215947,1322289,1616044,280.97539459653467,55031.12358378673,2.2981,450.1
2009.78,24.22,21.51,38215277,1322814,1616397,280.97539459653467,55031.12358378673,2.2981,450.1
2004.34,24.22,21.25,38215277,1323575,1615730,280.46973221071596,54932.085839625455,2.2981,450.1
2009.78,24.22,21.11,38216902,1324414,1616796,280.97539459653467,55031.12358378673,2.2981,450.1
2004.34,24.22,21.01,38217977,1324895,1615528,280.46973221071596,54932.085839625455,2.2981,450.1
2009.78,24.22,21.01,38216888,1325400,1615528,280.97539459653467,55031.12358378673,2.2981,450.1
2009.78,24.22,20.82,38218824,1326143,1615528,280.97539459653467,55031.12358378673,2.2981,450.1
2004.34,24.22,20.73,38219773,1327119,1617057,280.46973221071596,54932.085839625455,2.2981,450.1
2004.34,24.22,20.64,38218879,1327794,1616573,280.46973221071596,54932.085839625455,2.2981,450.1
2004.34,24.22,20.54,38218885,1328438,1616944,280.46973221071596,54932.085839625455,2.2981,450.1
2004.34,24.22,20.45,38219688,1328952,1616397,280.46973221071596,54932.085839625455,2.2981,450.1
2009.78,24.22,20.43,38220332,1329193,1615797,280.97539459653467,55031.12358378673,2.2981,450.1
2004.34,24.22,20.37,38220392,1329531,1617844,280.46973221071596,54932.085839625455,2.2981,450.1
2009.78,24.22,20.35,38221247,1329948,1616721,280.97539459653467,55031.12358378673,2.2981,450.1
2004.34,24.22,20.31,38220487,1330351,1616721,280.46973221071596,54932.085839625455,2.2981,450.1
2004.34,24.22,20.24,38220206,1330946,1616721,280.46973221071596,54932.085839625455,2.2981,450.1
2004.34,24.22,20.18,38221475,1331303,1617138,280.46973221071596,54932.085839625455,2.2981,450.1
2004.34,24.22,20.17,38223349,1331724,1617294,280.46973221071596,54932.085839625455,2.2981,450.1
2009.78,24.22,20.12,38223349,1332254,1617539,280.97539459653467,55031.12358378673,2.2981,450.1
2009.78,24.22,20.04,38224047,1332867,1616763,280.97539459653467,55031.12358378673,2.2981,450.1
2004.34,24.22,20.04,38224047,1333595,1616763,280.46973221071596,54932.085839625455,2.2981,450.1
2004.34,24.23,19.95,38225437,1333595,1616511,280.46030085244666,54930.238637868795,2.2981,450.1
2004.34,24.23,19.86,38225919,1333595,1616511,280.46030085244666,54930.238637868795,2.2981,450.1
2004.34,24.23,19.86,38224708,1335282,1618063,280.46030085244666,54930.238637868795,2.2981,450.1
2009.78,24.23,19.77,38224708,1335769,1617722,280.9659462343517,55029.27305168692,2.2981,450.1
2004.34,24.23,19.67,38224958,1336359,1616470,280.46030085244666,54930.238637868795,2.2981,450.1
2004.34,24.23,19.63,38224963,1336581,1617804,280.46030085244666,54930.238637868795,2.2981,450.1
2004.34,24.23,19.6,38227856,1336581,1617804,280.46030085244666,54930.238637868795,2.2981,450.1
2004.34,24.23,19.6,38227856,1337621,1617879,280.46030085244666,54930.238637868795,2.2981,450.1
2004.34,24.23,19.48,38228559,1338342,1618444,280.46030085244666,54930.238637868795,2.2981,450.1
2004.34,24.23,19.48,38227996,1338342,1618444,280.46030085244666,54930.238637868795,2.2981,450.1
2004.34,24.23,19.36,38229765,1339117,1616861,280.46030085244666,54930.238637868795,2.2981,450.1
2004.34,24.23,19.36,38228485,1339419,1617936,280.46030085244666,54930.238637868795,2.2981,450.1
2004.34,24.23,19.26,38227758,1339721,1617519,280.46030085244666,54930.238637868795,2.2981,450.1
2004.34,24.23,19.26,38230295,1340136,1617995,280.46030085244666,54930.238637868795,2.2981,450.1
2004.34,24.23,19.26,38229527,1340136,1616721,280.46030085244666,54930.238637868795,2.2981,450.1
2004.34,24.23,19.26,38229527,1341503,1617545,280.46030085244666,54930.238637868795,2.2981,450.1
2004.34,24.23,19.01,38230183,1341686,1617545,280.46030085244666,54930.238637868795,2.2981,450.1
2004.34,24.23,18.93,38229439,1342058,1617115,280.46030085244666,54930.238637868795,2.2981,450.1
2009.78,24.24,18.93,38230794,1342444,1617438,280.95649850758775,55027.42264403866,2.2981,450.1
2004.34,24.24,18.86,38229811,1343009,1617971,280.4508701284529,54928.391560339696,2.2981,450.1
2004.34,24.24,18.79,38231572,1343139,1617861,280.4508701284529,54928.391560339696,2.2981,450.1
2004.34,24.24,18.73,38230534,1343409,1617558,280.4508701284529,54928.391560339696,2.2981,450.1
2004.34,24.24,18.7,38232136,1343639,1617558,280.4508701284529,54928.391560339696,2.2981,450.1
2004.34,24.24,18.65,38231888,1344350,1617783,280.4508701284529,54928.391560339696,2.2981,450.1
2009.78,24.24,18.57,38232423,1344614,1617657,280.95649850758775,55027.42264403866,2.2981,450.1
2004.34,24.24,18.55,38232734,1345008,1618243,280.4508701284529,54928.391560339696,2.2981,450.1
2004.34,24.24,18.48,38233013,1345008,1618243,280.4508701284529,54928.391560339696,2.2981,450.1
2004.34,24.24,18.43,38233013,1346167,1617555,280.4508701284529,54928.391560339696,2.2981,450.1
2004.34,24.24,18.33,38233705,1346650,1616079,280.4508701284529,54928.391560339696,2.2981,450.1
2004.34,24.24,18.27,38234850,1347153,1618062,280.4508701284529,54928.391560339696,2.2981,450.1
2009.78,24.24,18.18,38235008,1347624,1617988,280.95649850758775,55027.42264403866,2.2981,450.1
2004.34,24.24,18.18,38235808,1347624,1618279,280.4508701284529,54928.391560339696,2.2981,450.1
2004.34,24.24,18.18,38235808,1348871,1617183,280.4508701284529,54928.391560339696,2.2981,450.1
2004.34,24.24,17.91,38235534,1349339,1617967,280.4508701284529,54928.391560339696,2.2981,450.1
2009.78,24.23,17.83,38236394,1349776,1617967,280.9659462343517,55029.27305168692,2.2981,450.1
2004.34,24.23,17.79,38238359,1350455,1618551,280.46030085244666,54930.238637868795,2.2981,450.1
2004.34,24.23,17.68,38237558,1350925,1618240,280.46030085244666,54930.238637868795,2.2981,450.1
2009.78,24.23,17.68,38237243,1350925,1618450,280.9659462343517,55029.27305168692,2.2981,450.1
2004.34,24.24,17.57,38237133,1351889,1618797,280.4508701284529,54928.391560339696,2.2981,450.1
2004.34,24.24,17.56,38240367,1352094,1618563,280.4508701284529,54928.391560339696,2.2981,450.1
2004.34,24.24,17.52,38240367,1352720,1618039,280.4508701284529,54928.391560339696,2.2981,450.1
2004.34,24.24,17.47,38239646,1353183,1618514,280.4508701284529,54928.391560339696,2.2981,450.1
2004.34,24.24,17.42,38239604,1353334,1617675,280.4508701284529,54928.391560339696,2.2981,450.1
2004.34,24.24,17.4,38239604,1354053,1618932,280.4508701284529,54928.391560339696,2.2981,450.1
2004.34,24.24,17.33,38240345,1354380,1617897,280.4508701284529,54928.391560339696,2.2981,450.1
2004.34,24.24,17.32,38240722,1354528,1618549,280.4508701284529,54928.391560339696,2.2981,450.1
2004.34,24.24,17.29,38242514,1354642,1619139,280.4508701284529,54928.391560339696,2.2981,450.1
2004.34,24.24,17.27,38242427,1354891,1618506,280.4508701284529,54928.391560339696,2.2981,450.1
2004.34,24.24,17.22,38242296,1355511,1618502,280.4508701284529,54928.391560339696,2.2981,450.1
2004.34,24.24,17.22,38242396,1355868,1618671,280.4508701284529,54928.391560339696,2.2981,450.1
2004.34,24.24,17.13,38241821,1356110,1617812,280.4508701284529,54928.391560339696,2.2981,450.1
2004.34,24.24,17.1,38241821,1356792,1618565,280.4508701284529,54928.391560339696,2.2981,450.1
2004.34,24.25,17.02,38243973,1357124,1618712,280.44144003867046,54926.54460702563,2.2981,450.1
2004.34,24.25,16.98,38243391,1357734,1619126,280.44144003867046,54926.54460702563,2.2981,450.1
2004.34,24.25,16.93,38244930,1357771,1618982,280.44144003867046,54926.54460702563,2.2981,450.1
2004.34,24.25,16.9,38242713,1357771,1619262,280.44144003867046,54926.54460702563,2.2981,450.1
2004.34,24.25,16.82,38244930,1358595,1619184,280.44144003867046,54926.54460702563,2.2981,450.1
2009.78,24.25,16.82,38246010,1358595,1619350,280.94705141617857,55025.57236082938,2.2981,450.1
2009.78,24.25,16.73,38243954,1359424,1618947,280.94705141617857,55025.57236082938,2.2981,450.1
2004.34,24.25,16.73,38243954,1359981,1618172,280.44144003867046,54926.54460702563,2.2981,450.1
2004.34,24.25,16.73,38246816,1360444,1619773,280.44144003867046,54926.54460702563,2.2981,450.1
2004.34,24.25,16.56,38246056,1360743,1619773,280.44144003867046,54926.54460702563,2.2981,450.1
2004.34,24.25,16.49,38246664,1361066,1619291,280.44144003867046,54926.54460702563,2.2981,450.1
2004.34,24.25,16.47,38246946,1361322,1619775,280.44144003867046,54926.54460702563,2.2981,450.1
2004.34,24.25,16.41,38246883,1361635,1618420,280.44144003867046,54926.54460702563,2.2981,450.1
2004.34,24.25,16.38,38248784,1361960,1618420,280.44144003867046,54926.54460702563,2.2981,450.1
2004.34,24.25,16.38,38247307,1362557,1619564,280.44144003867046,54926.54460702563,2.2981,450.1
2004.34,24.25,16.38,38247307,1363134,1619109,280.44144003867046,54926.54460702563,2.2981,450.1
2009.78,24.25,16.18,38247919,1363305,1619076,280.94705141617857,55025.57236082938,2.2981,450.1
2004.34,24.25,16.13,38247575,1363305,1619563,280.44144003867046,54926.54460702563,2.2981,450.1
2009.78,24.24,16.07,38247575,1364404,1618909,280.95649850758775,55027.42264403866,2.2981,450.1
2009.78,24.24,15.97,38249081,1364855,1619000,280.95649850758775,55027.42264403866,2.2981,450.1
2004.34,24.24,15.97,38249151,1365036,1618473,280.4508701284529,54928.391560339696,2.2981,450.1
2004.34,24.24,15.9,38249671,1365214,1617760,280.4508701284529,54928.391560339696,2.2981,450.1
2004.34,24.24,15.88,38248682,1365504,1619261,280.4508701284529,54928.391560339696,2.2981,450.1
2004.34,24.24,15.86,38247941,1365504,1619261,280.4508701284529,54928.391560339696,2.2981,450.1
2004.34,24.24,15.83,38249748,1366151,1619611,280.4508701284529,54928.391560339696,2.2981,450.1
2009.78,24.25,15.81,38248413,1366151,1618758,280.94705141617857,55025.57236082938,2.2981,450.1
2004.34,24.25,15.78,38250662,1366759,1619636,280.44144003867046,54926.54460702563,2.2981,450.1
2004.34,24.25,15.76,38251883,1366826,1619636,280.44144003867046,54926.54460702563,2.2981,450.1
2004.34,24.25,15.72,38251319,1367319,1619485,280.44144003867046,54926.54460702563,2.2981,450.1
2004.34,24.25,15.69,38251015,1367688,1618640,280.44144003867046,54926.54460702563,2.2981,450.1
2004.34,24.25,15.66,38251648,1367688,1620016,280.44144003867046,54926.54460702563,2.2981,450.1
2004.34,24.25,15.6,38252697,1368463,1618913,280.44144003867046,54926.54460702563,2.2981,450.1
2004.34,24.25,15.57,38252670,1368684,1619674,280.44144003867046,54926.54460702563,2.2981,450.1
2004.34,24.25,15.56,38253642,1369009,1619674,280.44144003867046,54926.54460702563,2.2981,450.1
2009.78,24.25,15.52,38253879,1369325,1619666,280.94705141617857,55025.57236082938,2.2981,450.1
2004.34,24.25,15.49,38255649,1369795,1618402,280.44144003867046,54926.54460702563,2.2981,450.1
2004.34,24.25,15.44,38256407,1369987,1618895,280.44144003867046,54926.54460702563,2.2981,450.1
2004.34,24.25,15.43,38255049,1370186,1619729,280.44144003867046,54926.54460702563,2.2981,450.1
2004.34,24.25,15.43,38255049,1370798,1620134,280.44144003867046,54926.54460702563,2.2981,450.1
2004.34,24.25,15.3,38254928,1370934,1620134,280.44144003867046,54926.54460702563,2.2981,450.1
2009.78,24.25,15.28,38254928,1371657,1619096,280.94705141617857,55025.57236082938,2.2981,450.1
2004.34,24.25,15.21,38255333,1371869,1619526,280.44144003867046,54926.54460702563,2.2981,450.1
2009.78,24.25,15.15,38255333,1372389,1618796,280.94705141617857,55025.57236082938,2.2981,450.1
2009.78,24.25,15.1,38256937,1372742,1620277,280.94705141617857,55025.57236082938,2.2981,450.1
2004.34,24.25,15.06,38256279,1373100,1619569,280.44144003867046,54926.54460702563,2.2981,450.1
2004.34,24.25,15.06,38258479,1373652,1619165,280.44144003867046,54926.54460702563,2.2981,450.1
2004.34,24.25,14.94,38258479,1374021,1619199,280.44144003867046,54926.54460702563,2.2981,450.1
2004.34,24.25,14.87,38258121,1374521,1620428,280.44144003867046,54926.54460702563,2.2981,450.1
2004.34,24.25,14.87,38256696,1374628,1619946,280.44144003867046,54926.54460702563,2.2981,450.1
2004.34,24.25,14.79,38257605,1374990,1620235,280.44144003867046,54926.54460702563,2.2981,450.1
2004.34,24.25,14.75,38257605,1375324,1619478,280.44144003867046,54926.54460702563,2.2981,450.1
2004.34,24.25,14.69,38257561,1375684,1619839,280.44144003867046,54926.54460702563,2.2981,450.1
2004.34,24.25,14.62,38257252,1376018,1619839,280.44144003867046,54926.54460702563,2.2981,450.1
2004.34,24.25,14.6,38258555,1376553,1619217,280.44144003867046,54926.54460702563,2.2981,450.1
2009.78,24.25,14.57,38258930,1376669,1620053,280.94705141617857,55025.57236082938,2.2981,450.1
2009.78,24.25,14.57,38260348,1377129,1620498,280.94705141617857,55025.57236082938,2.2981,450.1
2009.78,24.25,14.49,38260068,1377219,1620511,280.94705141617857,55025.57236082938,2.2981,450.1
2004.34,24.25,14.49,38258270,1377219,1620511,280.44144003867046,54926.54460702563,2.2981,450.1
2004.34,24.25,14.45,38258707,1377219,1620290,280.44144003867046,54926.54460702563,2.2981,450.1
2004.34,24.25,14.45,38260216,1377916,1620645,280.44144003867046,54926.54460702563,2.2981,450.1
2004.34,24.25,14.45,38260216,1378390,1619256,280.44144003867046,54926.54460702563,2.2981,450.1
2004.34,24.25,14.38,38260578,1378618,1620682,280.44144003867046,54926.54460702563,2.2981,450.1
2004.34,24.25,14.37,38260774,1378729,1620682,280.44144003867046,54926.54460702563,2.2981,450.1
2004.34,24.25,14.34,38260772,1378977,1619037,280.44144003867046,54926.54460702563,2.2981,450.1
2009.78,24.25,14.33,38260001,1379094,1619987,280.94705141617857,55025.57236082938,2.2981,450.1
2009.78,24.26,14.3,38260042,1379224,1620292,280.93760496006024,55023.722202046534,2.2981,450.1
2009.78,24.26,14.29,38260400,1379245,1621145,280.93760496006024,55023.722202046534,2.2981,450.1
2009.78,24.26,14.29,38261024,1379590,1619653,280.93760496006024,55023.722202046534,2.2981,450.1
2004.34,24.26,14.23,38260109,1379936,1619653,280.43201058303555,54924.69777791407,2.2981,450.1
2009.78,24.26,14.19,38263221,1380282,1620058,280.93760496006024,55023.722202046534,2.2981,450.1
2004.34,24.26,14.15,38261372,1380595,1620058,280.43201058303555,54924.69777791407,2.2981,450.1
2009.78,24.26,14.09,38261720,1380868,1620058,280.93760496006024,55023.722202046534,2.2981,450.1
2004.34,24.26,14.07,38263419,1381268,1620540,280.43201058303555,54924.69777791407,2.2981,450.1
2004.34,24.26,14.04,38263135,1381626,1619527,280.43201058303555,54924.69777791407,2.2981,450.1
2009.78,24.26,14.04,38263741,1382038,1621098,280.93760496006024,55023.722202046534,2.2981,450.1
2009.78,24.26,13.97,38262283,1382038,1621098,280.93760496006024,55023.722202046534,2.2981,450.1
2009.78,24.26,13.92,38263912,1382553,1620911,280.93760496006024,55023.722202046534,2.2981,450.1
2004.34,24.26,13.89,38264051,1382750,1619912,280.43201058303555,54924.69777791407,2.2981,450.1
2009.78,24.26,13.85,38265162,1382750,1620361,280.93760496006024,55023.722202046534,2.2981,450.1
2009.78,24.26,13.81,38264831,1383333,1620625,280.93760496006024,55023.722202046534,2.2981,450.1
2004.34,24.26,13.81,38264831,1383693,1620625,280.43201058303555,54924.69777791407,2.2981,450.1
2004.34,24.26,13.73,38264831,1384099,1621216,280.43201058303555,54924.69777791407,2.2981,450.1
2009.78,24.26,13.7,38263861,1384166,1621216,280.93760496006024,55023.722202046534,2.2981,450.1
2004.34,24.26,13.68,38263861,1384355,1621028,280.43201058303555,54924.69777791407,2.2981,450.1
2009.78,24.26,13.65,38265294,1384651,1622021,280.93760496006024,55023.722202046534,2.2981,450.1
2004.34,24.26,13.63,38264174,1384826,1622021,280.43201058303555,54924.69777791407,2.2981,450.1
2009.78,24.26,13.61,38265712,1384826,1620722,280.93760496006024,55023.722202046534,2.2981,450.1
2009.78,24.26,13.61,38265805,1385498,1620592,280.93760496006024,55023.722202046534,2.2981,450.1
2009.78,24.26,13.61,38265614,1385615,1620397,280.93760496006024,55023.722202046534,2.2981,450.1
2009.78,24.26,13.52,38266250,1385885,1620397,280.93760496006024,55023.722202046534,2.2981,450.1
2009.78,24.26,13.52,38265881,1386217,1620638,280.93760496006024,55023.722202046534,2.2981,450.1
2009.78,24.26,13.44,38265623,1386462,1620231,280.93760496006024,55023.722202046534,2.2981,450.1
2009.78,24.26,13.43,38264968,1386466,1620606,280.93760496006024,55023.722202046534,2.2981,450.1
2009.78,24.26,13.4,38266185,1386706,1621044,280.93760496006024,55023.722202046534,2.2981,450.1
2004.34,24.26,13.36,38267180,1386906,1622115,280.43201058303555,54924.69777791407,2.2981,450.1
2009.78,24.26,13.33,38267180,1386906,1620514,280.93760496006024,55023.722202046534,2.2981,450.1
2009.78,24.27,13.29,38267180,1387520,1621313,280.92815913916854,55021.87216767755,2.2981,450.1
2009.78,24.27,13.27,38267019,1387713,1621757,280.92815913916854,55021.87216767755,2.2981,450.1
2009.78,24.27,13.23,38267660,1387713,1621874,280.92815913916854,55021.87216767755,2.2981,450.1
2009.78,24.26,13.23,38268393,1388304,1621874,280.93760496006024,55023.722202046534,2.2981,450.1
2004.34,24.26,13.17,38268551,1388337,1620751,280.43201058303555,54924.69777791407,2.2981,450.1
2009.78,24.26,13.15,38269379,1388560,1620415,280.93760496006024,55023.722202046534,2.2981,450.1
2004.34,24.26,13.14,38269741,1388622,1620415,280.43201058303555,54924.69777791407,2.2981,450.1
2004.34,24.26,13.12,38269559,1388966,1621042,280.43201058303555,54924.69777791407,2.2981,450.1
2009.78,24.26,13.1,38269868,1389217,1620703,280.93760496006024,55023.722202046534,2.2981,450.1
2004.34,24.26,13.06,38270105,1389224,1620468,280.43201058303555,54924.69777791407,2.2981,450.1
2004.34,24.27,13.06,38270105,1389617,1621700,280.4225817614841,54922.85107299248,2.2981,450.1
2009.78,24.26,13.0,38271621,1389729,1622358,280.93760496006024,55023.722202046534,2.2981,450.1
2009.78,24.26,12.99,38271226,1390025,1622358,280.93760496006024,55023.722202046534,2.2981,450.1
2004.34,24.26,12.99,38271704,1390080,1621458,280.43201058303555,54924.69777791407,2.2981,450.1
2009.78,24.26,12.93,38271193,1390347,1621458,280.93760496006024,55023.722202046534,2.2981,450.1
2004.34,24.27,12.91,38270240,1390490,1620110,280.4225817614841,54922.85107299248,2.2981,450.1
2004.34,24.27,12.91,38268792,1390634,1620608,280.4225817614841,54922.85107299248,2.2981,450.1
2009.78,24.27,12.89,38270294,1390788,1620930,280.92815913916854,55021.87216767755,2.2981,450.1
2004.34,24.27,12.89,38270294,1391025,1620891,280.4225817614841,54922.85107299248,2.2981,450.1
2009.78,24.27,12.83,38271960,1391257,1620563,280.92815913916854,55021.87216767755,2.2981,450.1
2009.78,24.27,12.83,38271161,1391257,1621750,280.92815913916854,55021.87216767755,2.2981,450.1
2009.78,24.27,12.77,38272621,1391806,1621707,280.92815913916854,55021.87216767755,2.2981,450.1
2009.78,24.27,12.75,38272621,1391806,1622130,280.92815913916854,55021.87216767755,2.2981,450.1
2004.34,24.27,12.71,38271939,1392401,1622130,280.4225817614841,54922.85107299248,2.2981,450.1
2004.34,24.27,12.69,38273491,1392567,1620509,280.4225817614841,54922.85107299248,2.2981,450.1
2009.78,24.27,12.67,38273907,1392586,1620862,280.92815913916854,55021.87216767755,2.2981,450.1
2004.34,24.27,12.67,38272987,1392576,1620862,280.4225817614841,54922.85107299248,2.2981,450.1
2009.78,24.27,12.63,38272194,1392758,1621803,280.92815913916854,55021.87216767755,2.2981,450.1
2004.34,24.27,12.62,38272727,1392837,1621735,280.4225817614841,54922.85107299248,2.2981,450.1
2009.78,24.27,12.61,38271754,1393006,1620715,280.92815913916854,55021.87216767755,2.2981,450.1
2009.78,24.27,12.57,38272015,1393150,1620744,280.92815913916854,55021.87216767755,2.2981,450.1
2009.78,24.27,12.56,38273215,1393407,1621860,280.92815913916854,55021.87216767755,2.2981,450.1
2009.78,24.27,12.54,38272247,1393533,1622413,280.92815913916854,55021.87216767755,2.2981,450.1
2009.78,24.27,12.54,38273864,1393839,1620532,280.92815913916854,55021.87216767755,2.2981,450.1
2004.34,24.27,12.48,38273978,1394116,1620882,280.4225817614841,54922.85107299248,2.2981,450.1
2009.78,24.27,12.46,38273582,1394378,1621735,280.92815913916854,55021.87216767755,2.2981,450.1
2009.78,24.27,12.45,38273582,1394586,1621619,280.92815913916854,55021.87216767755,2.2981,450.1
2004.34,24.27,12.41,38274739,1394670,1621619,280.4225817614841,54922.85107299248,2.2981,450.1
2009.78,24.27,12.39,38272794,1394834,1621179,280.92815913916854,55021.87216767755,2.2981,450.1
2009.78,24.27,12.37,38273339,1395052,1621790,280.92815913916854,55021.87216767755,2.2981,450.1
2004.34,24.27,12.36,38273379,1395052,1621530,280.4225817614841,54922.85107299248,2.2981,450.1
2009.78,24.27,12.32,38273602,1395052,1621530,280.92815913916854,55021.87216767755,2.2981,450.1
2009.78,24.27,12.3,38273602,1395816,1621487,280.92815913916854,55021.87216767755,2.2981,450.1
2009.78,24.27,12.25,38275807,1395932,1622178,280.92815913916854,55021.87216767755,2.2981,450.1
2004.34,24.27,12.23,38273775,1395932,1622148,280.4225817614841,54922.85107299248,2.2981,450.1
2009.78,24.27,12.22,38275452,1396333,1621130,280.92815913916854,55021.87216767755,2.2981,450.1
2009.78,24.27,12.17,38275275,1396524,1621401,280.92815913916854,55021.87216767755,2.2981,450.1
2009.78,24.27,12.15,38275275,1396664,1621829,280.92815913916854,55021.87216767755,2.2981,450.1
2009.78,24.27,12.11,38274606,1397025,1621520,280.92815913916854,55021.87216767755,2.2981,450.1
2009.78,24.27,12.1,38275145,1397260,1620807,280.92815913916854,55021.87216767755,2.2981,450.1
2004.34,24.27,12.07,38274265,1397203,1620871,280.4225817614841,54922.85107299248,2.2981,450.1
2009.78,24.27,12.07,38276409,1397510,1620871,280.92815913916854,55021.87216767755,2.2981,450.1
2009.78,24.27,12.01,38277543,1397848,1622011,280.92815913916854,55021.87216767755,2.2981,450.1
2009.78,24.27,12.01,38275338,1397912,1621647,280.92815913916854,55021.87216767755,2.2981,450.1
2009.78,24.27,12.01,38276112,1397912,1621647,280.92815913916854,55021.87216767755,2.2981,450.1
2009.78,24.27,11.95,38276777,1398390,1621953,280.92815913916854,55021.87216767755,2.2981,450.1
2009.78,24.27,11.95,38276070,1398461,1621383,280.92815913916854,55021.87216767755,2.2981,450.1
2009.78,24.27,11.92,38277142,1398461,1621935,280.92815913916854,55021.87216767755,2.2981,450.1
2009.78,24.27,11.88,38277978,1398993,1621681,280.92815913916854,55021.87216767755,2.2981,450.1
2009.78,24.27,11.88,38277978,1399057,1621799,280.92815913916854,55021.87216767755,2.2981,450.1
2004.34,24.27,11.84,38279002,1399276,1621424,280.4225817614841,54922.85107299248,2.2981,450.1
2009.78,24.27,11.8,38279608,1399582,1621995,280.92815913916854,55021.87216767755,2.2981,450.1
2009.78,24.27,11.78,38277521,1399632,1621999,280.92815913916854,55021.87216767755,2.2981,450.1
2009.78,24.27,11.77,38278858,1399932,1621628,280.92815913916854,55021.87216767755,2.2981,450.1
2009.78,24.27,11.76,38278706,1399883,1621912,280.92815913916854,55021.87216767755,2.2981,450.1
2004.34,24.27,11.73,38278245,1399985,1622055,280.4225817614841,54922.85107299248,2.2981,450.1
2009.78,24.27,11.73,38278245,1400168,1622910,280.92815913916854,55021.87216767755,2.2981,450.1
2009.78,24.27,11.71,38278336,1400372,1621837,280.92815913916854,55021.87216767755,2.2981,450.1
2009.78,24.27,11.68,38278336,1400582,1621837,280.92815913916854,55021.87216767755,2.2981,450.1
2004.34,24.27,11.66,38278336,1400739,1621837,280.4225817614841,54922.85107299248,2.2981,450.1
2009.78,24.27,11.64,38278336,1401039,1622331,280.92815913916854,55021.87216767755,2.2981,450.1
2004.34,24.27,11.61,38278466,1401182,1621852,280.4225817614841,54922.85107299248,2.2981,450.1
2009.78,24.27,11.61,38278466,1401261,1623082,280.92815913916854,55021.87216767755,2.2981,450.1
2009.78,24.27,11.56,38279406,1401261,1621356,280.92815913916854,55021.87216767755,2.2981,450.1
2009.78,24.27,11.56,38281052,1401761,1621788,280.92815913916854,55021.87216767755,2.2981,450.1
2009.78,24.27,11.51,38279291,1401900,1622081,280.92815913916854,55021.87216767755,2.2981,450.1
2009.78,24.27,11.49,38280620,1402007,1622081,280.92815913916854,55021.87216767755,2.2981,450.1
2004.34,24.27,11.47,38281057,1402170,1621685,280.4225817614841,54922.85107299248,2.2981,450.1
2009.78,24.27,11.46,38279240,1402311,1621739,280.92815913916854,55021.87216767755,2.2981,450.1
2009.78,24.27,11.43,38280309,1402294,1621739,280.92815913916854,55021.87216767755,2.2981,450.1
2009.78,24.27,11.42,38278371,1402294,1621739,280.92815913916854,55021.87216767755,2.2981,450.1
2009.78,24.27,11.42,38281023,1402811,1621560,280.92815913916854,55021.87216767755,2.2981,450.1
2009.78,24.27,11.38,38280358,1402876,1621628,280.92815913916854,55021.87216767755,2.2981,450.1
2009.78,24.27,11.38,38280100,1403109,1621867,280.92815913916854,55021.87216767755,2.2981,450.1
2009.78,24.27,11.38,38280133,1403131,1621867,280.92815913916854,55021.87216767755,2.2981,450.1
2009.78,24.27,11.33,38281962,1403118,1621701,280.92815913916854,55021.87216767755,2.2981,450.1
2009.78,24.27,11.31,38280477,1403607,1621803,280.92815913916854,55021.87216767755,2.2981,450.1
2009.78,24.27,11.3,38280477,1403770,1621803,280.92815913916854,55021.87216767755,2.2981,450.1
2009.78,24.27,11.26,38282423,1404041,1622586,280.92815913916854,55021.87216767755,2.2981,450.1
2009.78,24.27,11.24,38282334,1404125,1621812,280.92815913916854,55021.87216767755,2.2981,450.1
2009.78,24.27,11.21,38281757,1404240,1621812,280.92815913916854,55021.87216767755,2.2981,450.1
2009.78,24.27,11.19,38282801,1404322,1622533,280.92815913916854,55021.87216767755,2.2981,450.1
2009.78,24.27,11.17,38282517,1404490,1623104,280.92815913916854,55021.87216767755,2.2981,450.1
2009.78,24.27,11.17,38282839,1404755,1622308,280.92815913916854,55021.87216767755,2.2981,450.1
2015.21,24.27,11.13,38282290,1404742,1621628,281.4328071466735,55120.71123829152,2.2981,450.1
2009.78,24.27,11.12,38282016,1405022,1621124,280.92815913916854,55021.87216767755,2.2981,450.1
2009.78,24.28,11.1,38282016,1405110,1622906,280.9187139534396,55020.02225770992,2.2981,450.1
2009.78,24.27,11.08,38282824,1405110,1622884,280.92815913916854,55021.87216767755,2.2981,450.1
2009.78,24.27,11.07,38283291,1405366,1622909,280.92815913916854,55021.87216767755,2.2981,450.1
2009.78,24.27,11.04,38282765,1405366,1622909,280.92815913916854,55021.87216767755,2.2981,450.1
2009.78,24.27,11.02,38283293,1405366,1622909,280.92815913916854,55021.87216767755,2.2981,450.1
2009.78,24.27,11.01,38285067,1405896,1623258,280.92815913916854,55021.87216767755,2.2981,450.1
2009.78,24.27,10.98,38284090,1406062,1622309,280.92815913916854,55021.87216767755,2.2981,450.1
2009.78,24.27,10.97,38284090,1406062,1623322,280.92815913916854,55021.87216767755,2.2981,450.1
2009.78,24.27,10.95,38284350,1406268,1622931,280.92815913916854,55021.87216767755,2.2981,450.1
2004.34,24.27,10.95,38285173,1406551,1622931,280.4225817614841,54922.85107299248,2.2981,450.1
2009.78,24.27,10.89,38285192,1406643,1622111,280.92815913916854,55021.87216767755,2.2981,450.1
2009.78,24.27,10.88,38285435,1406813,1622470,280.92815913916854,55021.87216767755,2.2981,450.1
2009.78,24.27,10.87,38285435,1407116,1623575,280.92815913916854,55021.87216767755,2.2981,450.1
2009.78,24.27,10.87,38284824,1407040,1623575,280.92815913916854,55021.87216767755,2.2981,450.1
2009.78,24.27,10.81,38284824,1407325,1622149,280.92815913916854,55021.87216767755,2.2981,450.1
2009.78,24.27,10.79,38284824,1407636,1623205,280.92815913916854,55021.87216767755,2.2981,450.1
2009.78,24.27,10.79,38287282,1407867,1623568,280.92815913916854,55021.87216767755,2.2981,450.1
2009.78,24.27,10.79,38285405,1408070,1622491,280.92815913916854,55021.87216767755,2.2981,450.1
2009.78,24.27,10.71,38286127,1408225,1624153,280.92815913916854,55021.87216767755,2.2981,450.1
2009.78,24.28,10.7,38286035,1408372,1622952,280.9187139534396,55020.02225770992,2.2981,450.1
2009.78,24.28,10.67,38285201,1408445,1622354,280.9187139534396,55020.02225770992,2.2981,450.1
2009.78,24.28,10.66,38285201,1408597,1623218,280.9187139534396,55020.02225770992,2.2981,450.1
2009.78,24.28,10.62,38286886,1408792,1622925,280.9187139534396,55020.02225770992,2.2981,450.1
2009.78,24.28,10.6,38285674,1408946,1622558,280.9187139534396,55020.02225770992,2.2981,450.1
2009.78,24.27,10.6,38286162,1408962,1622558,280.92815913916854,55021.87216767755,2.2981,450.1
2009.78,24.27,10.56,38287198,1409324,1623006,280.92815913916854,55021.87216767755,2.2981,450.1
2009.78,24.28,10.54,38287198,1409559,1622194,280.9187139534396,55020.02225770992,2.2981,450.1
2009.78,24.28,10.51,38289076,1409689,1622983,280.9187139534396,55020.02225770992,2.2981,450.1
2009.78,24.28,10.49,38289838,1410024,1623378,280.9187139534396,55020.02225770992,2.2981,450.1
2009.78,24.28,10.48,38287847,1410105,1623057,280.9187139534396,55020.02225770992,2.2981,450.1
2009.78,24.28,10.48,38287760,1410119,1622331,280.9187139534396,55020.02225770992,2.2981,450.1
2009.78,24.28,10.43,38287760,1410208,1623104,280.9187139534396,55020.02225770992,2.2981,450.1
2009.78,24.28,10.43,38287895,1410441,1622605,280.9187139534396,55020.02225770992,2.2981,450.1
2009.78,24.28,10.37,38289055,1410672,1622086,280.9187139534396,55020.02225770992,2.2981,450.1
2009.78,24.28,10.36,38289511,1410672,1623529,280.9187139534396,55020.02225770992,2.2981,450.1
2009.78,24.29,10.33,38289511,1411179,1622805,280.909269402809,55018.17247213104,2.2981,450.1
2009.78,24.29,10.3,38288801,1411410,1623173,280.909269402809,55018.17247213104,2.2981,450.1
2009.78,24.29,10.28,38288223,1411531,1623358,280.909269402809,55018.17247213104,2.2981,450.1
2009.78,24.29,10.26,38288819,1411468,1623888,280.909269402809,55018.17247213104,2.2981,450.1
2009.78,24.29,10.25,38289511,1411465,1623888,280.909269402809,55018.17247213104,2.2981,450.1
2009.78,24.29,10.24,38289524,1411857,1623548,280.909269402809,55018.17247213104,2.2981,450.1
2009.78,24.29,10.2,38290745,1411904,1623622,280.909269402809,55018.17247213104,2.2981,450.1
2009.78,24.29,10.19,38289809,1412106,1622866,280.909269402809,55018.17247213104,2.2981,450.1
2009.78,24.29,10.17,38290383,1412323,1624134,280.909269402809,55018.17247213104,2.2981,450.1
2009.78,24.3,10.16,38289399,1412418,1623395,280.89982548721304,55016.32281092842,2.2981,450.1
2009.78,24.29,10.16,38290171,1412518,1622978,280.909269402809,55018.17247213104,2.2981,450.1
2009.78,24.3,10.16,38289891,1412574,1623776,280.89982548721304,55016.32281092842,2.2981,450.1
2009.78,24.3,10.11,38290980,1412636,1623363,280.89982548721304,55016.32281092842,2.2981,450.1
2009.78,24.3,10.1,38290001,1412724,1623878,280.89982548721304,55016.32281092842,2.2981,450.1
2009.78,24.3,10.09,38289955,1413170,1624030,280.89982548721304,55016.32281092842,2.2981,450.1
2009.78,24.3,10.09,38291202,1413139,1623978,280.89982548721304,55016.32281092842,2.2981,450.1
2009.78,24.3,10.03,38291974,1413453,1623326,280.89982548721304,55016.32281092842,2.2981,450.1
2009.78,24.3,10.0,38291974,1413704,1623912,280.89982548721304,55016.32281092842,2.2981,450.1
2009.78,24.3,9.97,38292188,1413923,1623997,280.89982548721304,55016.32281092842,2.2981,450.1
2009.78,24.3,9.94,38291676,1414024,1623308,280.89982548721304,55016.32281092842,2.2981,450.1
2009.78,24.29,9.92,38292267,1414230,1623308,280.909269402809,55018.17247213104,2.2981,450.1
2009.78,24.29,9.9,38294005,1414472,1623163,280.909269402809,55018.17247213104,2.2981,450.1
2009.78,24.29,9.87,38291907,1414622,1623979,280.909269402809,55018.17247213104,2.2981,450.1
2015.21,24.29,9.86,38292888,1414622,1623678,281.41388347755384,55117.00489676124,2.2981,450.1
2015.21,24.29,9.81,38292888,1415387,1623678,281.41388347755384,55117.00489676124,2.2981,450.1
2009.78,24.29,9.76,38293744,1415330,1623678,280.909269402809,55018.17247213104,2.2981,450.1
2009.78,24.29,9.76,38292028,1415803,1622862,280.909269402809,55018.17247213104,2.2981,450.1
2009.78,24.29,9.76,38293090,1415973,1624215,280.909269402809,55018.17247213104,2.2981,450.1
2004.34,24.29,9.66,38294092,1416263,1624519,280.4037260203758,54919.15803566911,2.2981,450.1
2004.34,24.29,9.65,38293908,1416569,1623581,280.4037260203758,54919.15803566911,2.2981,450.1
2004.34,24.29,9.62,38293908,1416890,1623370,280.4037260203758,54919.15803566911,2.2981,450.1
2004.34,24.29,9.61,38292822,1417013,1623370,280.4037260203758,54919.15803566911,2.2981,450.1
2004.34,24.29,9.61,38292822,1417423,1623621,280.4037260203758,54919.15803566911,2.2981,450.1
2004.34,24.29,9.58,38292162,1417456,1623224,280.4037260203758,54919.15803566911,2.2981,450.1
2004.34,24.29,9.57,38292162,1417836,1623874,280.4037260203758,54919.15803566911,2.2981,450.1
2004.34,24.29,9.57,38292821,1417836,1624573,280.4037260203758,54919.15803566911,2.2981,450.1
2009.78,24.29,9.47,38293745,1418466,1623586,280.909269402809,55018.17247213104,2.2981,450.1
2004.34,24.29,9.47,38293745,1418872,1623586,280.4037260203758,54919.15803566911,2.2981,450.1
2004.34,24.29,9.37,38293745,1419202,1623711,280.4037260203758,54919.15803566911,2.2981,450.1
2004.34,24.29,9.33,38296015,1419382,1623711,280.4037260203758,54919.15803566911,2.2981,450.1
2004.34,24.29,9.33,38296929,1419737,1624233,280.4037260203758,54919.15803566911,2.2981,450.1
2004.34,24.29,9.27,38297386,1419838,1624202,280.4037260203758,54919.15803566911,2.2981,450.1
2004.34,24.29,9.27,38295766,1419838,1624202,280.4037260203758,54919.15803566911,2.2981,450.1
2004.34,24.29,9.21,38295021,1419838,1623735,280.4037260203758,54919.15803566911,2.2981,450.1
1998.91,24.28,9.19,38294321,1420673,1622883,279.9085225333978,54822.16874473798,2.2981,450.1
2004.34,24.28,9.17,38296624,1420865,1622724,280.41315357395223,54921.004492248336,2.2981,450.1
2004.34,24.28,9.13,38296306,1421293,1623769,280.41315357395223,54921.004492248336,2.2981,450.1
2004.34,24.28,9.09,38296306,1421293,1623383,280.41315357395223,54921.004492248336,2.2981,450.1
2004.34,24.28,9.06,38296931,1421693,1622884,280.41315357395223,54921.004492248336,2.2981,450.1
2004.34,24.28,9.06,38297015,1421742,1624057,280.41315357395223,54921.004492248336,2.2981,450.1
2004.34,24.28,9.04,38297550,1421957,1623423,280.41315357395223,54921.004492248336,2.2981,450.1
2004.34,24.28,9.0,38297463,1421957,1623678,280.41315357395223,54921.004492248336,2.2981,450.1
2009.78,24.28,9.0,38298472,1422449,1623678,280.9187139534396,55020.02225770992,2.2981,450.1
2004.34,24.28,8.98,38298472,1422724,1623872,280.41315357395223,54921.004492248336,2.2981,450.1
2004.34,24.28,8.96,38298870,1422724,1623872,280.41315357395223,54921.004492248336,2.2981,450.1
2004.34,24.28,8.96,38299063,1422800,1624273,280.41315357395223,54921.004492248336,2.2981,450.1
2004.34,24.28,8.93,38298788,1422869,1624589,280.41315357395223,54921.004492248336,2.2981,450.1
2004.34,24.28,8.92,38297868,1423086,1624266,280.41315357395223,54921.004492248336,2.2981,450.1
1998.91,24.28,8.9,38297420,1423149,1623841,279.9085225333978,54822.16874473798,2.2981,450.1
2004.34,24.28,8.89,38299100,1423149,1625444,280.41315357395223,54921.004492248336,2.2981,450.1
2004.34,24.28,8.89,38300630,1423659,1624319,280.41315357395223,54921.004492248336,2.2981,450.1
2004.34,24.29,8.84,38299229,1423839,1623734,280.4037260203758,54919.15803566911,2.2981,450.1
2004.34,24.29,8.82,38299762,1424068,1623668,280.4037260203758,54919.15803566911,2.2981,450.1
2004.34,24.29,8.79,38300176,1424068,1623668,280.4037260203758,54919.15803566911,2.2981,450.1
2004.34,24.28,8.79,38300220,1424287,1623748,280.41315357395223,54921.004492248336,2.2981,450.1
2004.34,24.28,8.79,38299809,1424633,1623553,280.41315357395223,54921.004492248336,2.2981,450.1
2004.34,24.28,8.75,38299076,1424707,1623722,280.41315357395223,54921.004492248336,2.2981,450.1
2004.34,24.29,8.75,38300334,1424938,1623559,280.4037260203758,54919.15803566911,2.2981,450.1
2004.34,24.29,8.69,38300334,1424938,1623860,280.4037260203758,54919.15803566911,2.2981,450.1
2004.34,24.29,8.68,38299130,1424938,1624799,280.4037260203758,54919.15803566911,2.2981,450.1
2004.34,24.28,8.64,38299130,1425614,1624382,280.41315357395223,54921.004492248336,2.2981,450.1
2004.34,24.28,8.64,38299130,1425806,1623577,280.41315357395223,54921.004492248336,2.2981,450.1
2004.34,24.28,8.6,38300654,1426036,1623351,280.41315357395223,54921.004492248336,2.2981,450.1
2004.34,24.28,8.58,38300291,1426191,1623828,280.41315357395223,54921.004492248336,2.2981,450.1
2004.34,24.28,8.55,38299577,1426326,1624745,280.41315357395223,54921.004492248336,2.2981,450.1
2004.34,24.28,8.54,38300094,1426451,1624221,280.41315357395223,54921.004492248336,2.2981,450.1
2004.34,24.28,8.54,38300897,1426451,1623026,280.41315357395223,54921.004492248336,2.2981,450.1
2004.34,24.28,8.52,38300897,1426665,1624767,280.41315357395223,54921.004492248336,2.2981,450.1
2004.34,24.28,8.48,38299406,1426770,1623306,280.41315357395223,54921.004492248336,2.2981,450.1
2004.34,24.28,8.47,38300642,1426969,1624375,280.41315357395223,54921.004492248336,2.2981,450.1
2004.34,24.28,8.46,38299081,1427073,1623896,280.41315357395223,54921.004492248336,2.2981,450.1
2004.34,24.28,8.44,38300963,1427242,1625220,280.41315357395223,54921.004492248336,2.2981,450.1
2009.78,24.28,8.44,38300275,1427357,1625220,280.9187139534396,55020.02225770992,2.2981,450.1
2004.34,24.28,8.41,38300275,1427554,1623858,280.41315357395223,54921.004492248336,2.2981,450.1
2004.34,24.28,8.38,38300491,1427762,1623889,280.41315357395223,54921.004492248336,2.2981,450.1
2004.34,24.28,8.38,38301368,1427878,1623682,280.41315357395223,54921.004492248336,2.2981,450.1
2004.34,24.28,8.38,38301954,1428260,1624114,280.41315357395223,54921.004492248336,2.2981,450.1
2004.34,24.28,8.32,38303267,1428242,1623711,280.41315357395223,54921.004492248336,2.2981,450.1
2004.34,24.28,8.32,38302195,1428439,1623573,280.41315357395223,54921.004492248336,2.2981,450.1
2004.34,24.28,8.29,38301899,1428439,1623218,280.41315357395223,54921.004492248336,2.2981,450.1
2004.34,24.28,8.26,38304575,1428719,1624656,280.41315357395223,54921.004492248336,2.2981,450.1
2004.34,24.28,8.25,38302644,1428909,1625013,280.41315357395223,54921.004492248336,2.2981,450.1
2004.34,24.29,8.25,38302644,1429072,1625013,280.4037260203758,54919.15803566911,2.2981,450.1
2004.34,24.29,8.21,38304135,1429401,1624577,280.4037260203758,54919.15803566911,2.2981,450.1
2004.34,24.29,8.19,38303943,1429341,1624352,280.4037260203758,54919.15803566911,2.2981,450.1
2004.34,24.29,8.17,38304500,1429417,1624352,280.4037260203758,54919.15803566911,2.2981,450.1
2004.34,24.29,8.16,38305289,1429438,1625129,280.4037260203758,54919.15803566911,2.2981,450.1
2004.34,24.29,8.16,38304814,1429699,1625129,280.4037260203758,54919.15803566911,2.2981,450.1
2004.34,24.29,8.14,38303353,1429707,1623647,280.4037260203758,54919.15803566911,2.2981,450.1
2004.34,24.29,8.14,38303559,1429823,1625178,280.4037260203758,54919.15803566911,2.2981,450.1
2004.34,24.29,8.11,38302378,1429926,1624053,280.4037260203758,54919.15803566911,2.2981,450.1
2004.34,24.29,8.09,38303198,1430031,1624434,280.4037260203758,54919.15803566911,2.2981,450.1
2004.34,24.29,8.09,38303721,1430151,1624628,280.4037260203758,54919.15803566911,2.2981,450.1
2004.34,24.29,8.09,38303217,1430350,1623989,280.4037260203758,54919.15803566911,2.2981,450.1
2004.34,24.29,8.06,38303085,1430334,1624112,280.4037260203758,54919.15803566911,2.2981,450.1
2004.34,24.29,8.04,38303012,1430365,1623570,280.4037260203758,54919.15803566911,2.2981,450.1
2004.34,24.29,8.02,38303012,1430644,1624786,280.4037260203758,54919.15803566911,2.2981,450.1
2004.34,24.29,8.01,38304808,1430691,1623918,280.4037260203758,54919.15803566911,2.2981,450.1
2004.34,24.29,8.0,38303862,1430921,1623457,280.4037260203758,54919.15803566911,2.2981,450.1
2004.34,24.29,7.99,38304934,1430950,1625111,280.4037260203758,54919.15803566911,2.2981,450.1
2004.34,24.29,7.96,38305116,1431123,1624177,280.4037260203758,54919.15803566911,2.2981,450.1
2004.34,24.29,7.96,38305230,1431219,1624177,280.4037260203758,54919.15803566911,2.2981,450.1
2004.34,24.29,7.94,38305230,1431390,1624845,280.4037260203758,54919.15803566911,2.2981,450.1
2004.34,24.29,7.92,38304386,1431472,1624242,280.4037260203758,54919.15803566911,2.2981,450.1
2004.34,24.29,7.92,38304838,1431472,1624716,280.4037260203758,54919.15803566911,2.2981,450.1
2004.34,24.29,7.88,38306330,1431637,1624725,280.4037260203758,54919.15803566911,2.2981,450.1
2004.34,24.29,7.87,38305027,1431842,1624725,280.4037260203758,54919.15803566911,2.2981,450.1
2004.34,24.29,7.85,38305027,1431953,1623379,280.4037260203758,54919.15803566911,2.2981,450.1
2004.34,24.29,7.83,38304393,1432039,1624460,280.4037260203758,54919.15803566911,2.2981,450.1
2004.34,24.29,7.81,38304865,1432260,1624139,280.4037260203758,54919.15803566911,2.2981,450.1
2004.34,24.28,7.81,38305892,1432329,1623916,280.41315357395223,54921.004492248336,2.2981,450.1
2004.34,24.28,7.8,38306775,1432292,1624236,280.41315357395223,54921.004492248336,2.2981,450.1
2004.34,24.28,7.78,38306094,1432424,1624240,280.41315357395223,54921.004492248336,2.2981,450.1
2004.34,24.28,7.78,38306021,1432528,1624138,280.41315357395223,54921.004492248336,2.2981,450.1
2009.78,24.28,7.76,38306711,1432674,1624192,280.9187139534396,55020.02225770992,2.2981,450.1
2004.34,24.28,7.76,38306547,1432779,1623862,280.41315357395223,54921.004492248336,2.2981,450.1
2004.34,24.28,7.73,38307806,1432865,1623862,280.41315357395223,54921.004492248336,2.2981,450.1
2004.34,24.28,7.73,38307954,1432863,1623862,280.41315357395223,54921.004492248336,2.2981,450.1
2004.34,24.28,7.72,38308434,1433122,1623862,280.41315357395223,54921.004492248336,2.2981,450.1
2004.34,24.28,7.71,38307635,1433087,1623862,280.41315357395223,54921.004492248336,2.2981,450.1
2004.34,24.28,7.71,38306957,1433318,1624985,280.41315357395223,54921.004492248336,2.2981,450.1
2004.34,24.28,7.71,38307417,1433390,1625405,280.41315357395223,54921.004492248336,2.2981,450.1
2004.34,24.28,7.66,38306186,1433390,1625405,280.41315357395223,54921.004492248336,2.2981,450.1
2004.34,24.28,7.63,38306592,1433548,1624345,280.41315357395223,54921.004492248336,2.2981,450.1
2004.34,24.28,7.62,38308320,1433754,1626293,280.41315357395223,54921.004492248336,2.2981,450.1
2004.34,24.29,7.61,38308817,1433754,1624227,280.4037260203758,54919.15803566911,2.2981,450.1
2004.34,24.29,7.59,38307662,1433723,1624927,280.4037260203758,54919.15803566911,2.2981,450.1
2004.34,24.29,7.58,38309211,1433723,1624927,280.4037260203758,54919.15803566911,2.2981,450.1
2004.34,24.29,7.57,38308422,1434048,1624927,280.4037260203758,54919.15803566911,2.2981,450.1
2004.34,24.29,7.55,38307645,1434097,1626257,280.4037260203758,54919.15803566911,2.2981,450.1
2009.78,24.29,7.54,38307428,1434349,1624192,280.909269402809,55018.17247213104,2.2981,450.1
2009.78,24.29,7.53,38307625,1434374,1624326,280.909269402809,55018.17247213104,2.2981,450.1
2009.78,24.29,7.53,38307345,1434302,1625276,280.909269402809,55018.17247213104,2.2981,450.1
2004.34,24.29,7.5,38308704,1434566,1624809,280.4037260203758,54919.15803566911,2.2981,450.1
2004.34,24.29,7.49,38308704,1434566,1625017,280.4037260203758,54919.15803566911,2.2981,450.1
2004.34,24.29,7.47,38307249,1434566,1624890,280.4037260203758,54919.15803566911,2.2981,450.1
2004.34,24.29,7.44,38307249,1434871,1624611,280.4037260203758,54919.15803566911,2.2981,450.1
2009.78,24.29,7.44,38308398,1435069,1625178,280.909269402809,55018.17247213104,2.2981,450.1
2009.78,24.29,7.42,38307854,1435048,1624866,280.909269402809,55018.17247213104,2.2981,450.1
2009.78,24.29,7.4,38306646,1435113,1625200,280.909269402809,55018.17247213104,2.2981,450.1
2004.34,24.29,7.4,38306271,1435245,1625191,280.4037260203758,54919.15803566911,2.2981,450.1
2009.78,24.29,7.39,38306618,1435449,1625191,280.909269402809,55018.17247213104,2.2981,450.1
2004.34,24.29,7.36,38307847,1435574,1623873,280.4037260203758,54919.15803566911,2.2981,450.1
1971.76,24.29,7.36,38308596,1435733,1625222,277.3760415719067,54326.16348788792,2.2981,450.1
1906.59,24.28,7.31,38314058,1436743,1624826,271.3288655050393,53141.779019110654,2.2981,450.1
1906.59,24.28,7.18,38312211,1437466,1624920,271.3288655050393,53141.779019110654,2.2981,450.1
1955.47,24.27,7.02,38275861,1437309,1622420,275.88074969393995,54033.29943746677,2.2981,450.1
2026.07,24.25,7.02,38275861,1444114,1622420,282.46109725066526,55322.109513304225,2.2981,450.1
2031.5,24.22,6.45,38296346,1445748,1623026,282.99432603403153,55426.54634172474,2.2981,450.1
2020.64,24.2,6.31,38297921,1447781,1623637,282.00382684363797,55232.54969858642,2.2981,450.1
2015.21,24.18,6.16,38310039,1450499,1623962,281.5179951621553,55137.39594555768,2.2981,450.1
2009.78,24.16,6.16,38306227,1452940,1624043,281.032098117021,55042.22939057098,2.2981,450.1
2009.78,24.16,5.88,38310656,1452940,1624583,281.032098117021,55042.22939057098,2.2981,450.1
2009.78,24.11,5.79,38310349,1456274,1624468,281.0793685365387,55051.48765427792,2.2981,450.1
2009.78,24.11,5.7,38310349,1457765,1624404,281.0793685365387,55051.48765427792,2.2981,450.1
2009.78,24.06,5.57,38310677,1458744,1624123,281.1266548607769,55060.74903304282,2.2981,450.1
2004.34,24.06,5.54,38311926,1459760,1624174,280.6207202567228,54961.65797291282,2.2981,450.1
2004.34,24.04,5.48,38311926,1460618,1624174,280.6396051936492,54965.35672845459,2.2981,450.1
1998.91,24.02,5.37,38315795,1461180,1623787,280.15342012016185,54870.133760969875,2.2981,450.1
1998.91,24.0,5.37,38312045,1461479,1623611,280.1722761470923,54873.82685427365,2.2981,450.1
1998.91,23.99,5.26,38317060,1462532,1623487,280.18170511243346,54875.67358735752,2.2981,450.1
1998.91,23.97,5.17,38317060,1462896,1623006,280.20056494718796,54879.36742645199,2.2981,450.1
1993.48,23.95,5.11,38317060,1463516,1623071,279.7142357681467,54784.116234821304,2.2981,450.1
1998.91,23.93,5.11,38318756,1464062,1623071,280.23829223478015,54886.75659669926,2.2981,450.1
1998.91,23.92,5.11,38318228,1464062,1623071,280.24772564415287,54888.60420017981,2.2981,450.1
1998.91,23.9,5.11,38317688,1464562,1620750,280.26659436831676,54892.29978033131,2.2981,450.1
1993.48,23.89,4.91,38324222,1464693,1621063,279.7707360850942,54795.18224267914,2.2981,450.1
1998.91,23.88,4.89,38321914,1464915,1622217,280.2854656334663,54895.99585815377,2.2981,450.1
1998.91,23.88,4.88,38324211,1464884,1620706,280.2854656334663,54895.99585815377,2.2981,450.1
1998.91,23.87,4.88,38324211,1465204,1621929,280.29490221907105,54897.84408372304,2.2981,450.1
1993.48,23.87,4.8,38324301,1465371,1621161,279.78957459671534,54798.87190547913,2.2981,450.1
1998.91,23.87,4.77,38326821,1465833,1619691,280.29490221907105,54897.84408372304,2.2981,450.1
1998.91,23.84,4.72,38323822,1465910,1620168,280.3232157887757,54903.38950721377,2.2981,450.1
1998.91,23.83,4.69,38327229,1466089,1620362,280.3326549165213,54905.23823068023,2.2981,450.1
1998.91,23.82,4.68,38327865,1466089,1620362,280.3420946799626,54907.08707865245,2.2981,450.1
1993.48,23.82,4.68,38330180,1466463,1619936,279.8366819770226,54808.098236742466,2.2981,450.1
1998.91,23.82,4.63,38330757,1466663,1619093,280.3420946799626,54907.08707865245,2.2981,450.1
1998.91,23.8,4.59,38330757,1466913,1619035,280.3609761141892,54910.78514816439,2.2981,450.1
1998.91,23.79,4.54,38326678,1466888,1618390,280.370417785103,54912.63436972928,2.2981,450.1
1998.91,23.78,4.53,38329313,1466857,1618100,280.37986009196953,54914.48371585026,2.2981,450.1
1998.91,23.78,4.53,38330945,1467081,1617211,280.37986009196953,54914.48371585026,2.2981,450.1
1993.48,23.78,4.5,38331450,1467343,1618449,279.87437930393156,54815.4815389668,2.2981,450.1
1998.91,23.77,4.48,38330243,1467334,1618651,280.38930303485284,54916.333186539865,2.2981,450.1
1998.91,23.77,4.46,38334878,1467662,1617693,280.38930303485284,54916.333186539865,2.2981,450.1
1998.91,23.77,4.45,38333047,1467637,1617069,280.38930303485284,54916.333186539865,2.2981,450.1
1998.91,23.77,4.43,38334526,1467627,1617768,280.38930303485284,54916.333186539865,2.2981,450.1
1998.91,23.76,4.41,38334526,1467732,1616488,280.39874661381725,54918.182781810705,2.2981,450.1
1998.91,23.76,4.39,38334526,1467990,1616327,280.39874661381725,54918.182781810705,2.2981,450.1
1998.91,23.74,4.36,38334683,1467990,1616327,280.41763568024686,54921.882346146434,2.2981,450.1
1998.91,23.74,4.33,38334683,1468610,1616895,280.41763568024686,54921.882346146434,2.2981,450.1
1998.91,23.74,4.31,38336231,1468656,1616426,280.41763568024686,54921.882346146434,2.2981,450.1
1998.91,23.73,4.29,38340442,1469162,1615672,280.4270811678405,54923.73231523651,2.2981,450.1
1998.91,23.73,4.24,38338430,1469270,1615267,280.4270811678405,54923.73231523651,2.2981,450.1
1998.91,23.73,4.22,38338593,1469364,1615954,280.4270811678405,54923.73231523651,2.2981,450.1
1998.91,23.72,4.2,38337596,1469364,1615066,280.43652729177245,54925.58240895818,2.2981,450.1
1998.91,23.72,4.18,38343490,1469686,1614826,280.43652729177245,54925.58240895818,2.2981,450.1
1998.91,23.72,4.16,38342759,1469714,1614531,280.43652729177245,54925.58240895818,2.2981,450.1
1998.91,23.71,4.16,38343484,1470141,1616155,280.44597405210703,54927.43262732405,2.2981,450.1
1998.91,23.71,4.1,38343484,1470117,1615651,280.44597405210703,54927.43262732405,2.2981,450.1
1998.91,23.71,4.1,38346847,1470417,1615549,280.44597405210703,54927.43262732405,2.2981,450.1
1998.91,23.71,4.08,38346946,1470528,1615699,280.44597405210703,54927.43262732405,2.2981,450.1
1998.91,23.71,4.05,38348450,1470655,1615845,280.44597405210703,54927.43262732405,2.2981,450.1
1998.91,23.7,4.05,38347270,1470808,1614757,280.4554214489085,54929.28297034669,2.2981,450.1
1998.91,23.7,4.05,38348962,1470932,1615393,280.4554214489085,54929.28297034669,2.2981,450.1
1998.91,23.7,4.01,38350705,1470932,1614801,280.4554214489085,54929.28297034669,2.2981,450.1
1998.91,23.7,4.0,38346747,1471009,1614801,280.4554214489085,54929.28297034669,2.2981,450.1
1998.91,23.69,3.99,38350159,1471240,1614234,280.4648694822412,54931.13343803872,2.2981,450.1
1998.91,23.69,3.98,38353871,1471433,1614234,280.4648694822412,54931.13343803872,2.2981,450.1
1998.91,23.69,3.95,38350693,1471283,1614696,280.4648694822412,54931.13343803872,2.2981,450.1
1998.91,23.69,3.94,38351566,1471543,1614456,280.4648694822412,54931.13343803872,2.2981,450.1
1998.91,23.69,3.94,38354244,1471406,1614036,280.4648694822412,54931.13343803872,2.2981,450.1
1998.91,23.69,3.91,38354197,1471717,1614586,280.4648694822412,54931.13343803872,2.2981,450.1
1998.91,23.69,3.91,38353955,1471592,1614586,280.4648694822412,54931.13343803872,2.2981,450.1
1998.91,23.69,3.88,38355483,1471886,1614586,280.4648694822412,54931.13343803872,2.2981,450.1
1998.91,23.68,3.88,38354720,1471943,1614001,280.47431815216953,54932.98403041274,2.2981,450.1
1998.91,23.68,3.88,38355123,1471943,1614622,280.47431815216953,54932.98403041274,2.2981,450.1
2004.34,23.68,3.83,38356838,1472112,1614388,280.9799692332332,55032.01956045353,2.2981,450.1
2004.34,23.68,3.83,38356838,1472036,1614287,280.9799692332332,55032.01956045353,2.2981,450.1
1998.91,23.68,3.83,38355477,1472036,1613016,280.47431815216953,54932.98403041274,2.2981,450.1
1998.91,23.68,3.79,38355882,1472182,1613016,280.47431815216953,54932.98403041274,2.2981,450.1
1998.91,23.68,3.78,38360137,1472618,1613575,280.47431815216953,54932.98403041274,2.2981,450.1
1998.91,23.68,3.77,38360137,1472447,1613575,280.47431815216953,54932.98403041274,2.2981,450.1
1998.91,23.68,3.75,38362860,1472641,1613561,280.47431815216953,54932.98403041274,2.2981,450.1
1998.91,23.68,3.73,38362503,1472699,1613365,280.47431815216953,54932.98403041274,2.2981,450.1
1998.91,23.68,3.72,38364143,1472846,1613127,280.47431815216953,54932.98403041274,2.2981,450.1
2004.34,23.68,3.7,38364143,1473003,1613241,280.9799692332332,55032.01956045353,2.2981,450.1
1998.91,23.67,3.7,38364143,1473003,1613393,280.48376745875777,54934.83474748135,2.2981,450.1
2004.34,23.68,3.7,38364617,1472964,1613845,280.9799692332332,55032.01956045353,2.2981,450.1
1998.91,23.68,3.68,38362856,1472953,1613108,280.47431815216953,54932.98403041274,2.2981,450.1
1998.91,23.67,3.68,38362856,1472989,1613108,280.48376745875777,54934.83474748135,2.2981,450.1
1998.91,23.67,3.65,38362299,1473034,1612898,280.48376745875777,54934.83474748135,2.2981,450.1
1998.91,23.67,3.65,38363806,1472918,1613615,280.48376745875777,54934.83474748135,2.2981,450.1
1998.91,23.67,3.64,38366782,1473130,1613949,280.48376745875777,54934.83474748135,2.2981,450.1
1998.91,23.67,3.64,38366125,1473178,1613835,280.48376745875777,54934.83474748135,2.2981,450.1
2004.34,23.67,3.63,38365095,1473144,1613835,280.9894355754349,55033.87361407392,2.2981,450.1
2004.34,23.67,3.63,38366549,1473296,1612841,280.9894355754349,55033.87361407392,2.2981,450.1
1998.91,23.67,3.63,38364498,1473077,1612841,280.48376745875777,54934.83474748135,2.2981,450.1
1998.91,23.67,3.61,38368813,1473291,1614639,280.48376745875777,54934.83474748135,2.2981,450.1
1998.91,23.67,3.61,38366771,1473353,1612192,280.48376745875777,54934.83474748135,2.2981,450.1
2004.34,23.67,3.58,38364844,1473262,1612798,280.9894355754349,55033.87361407392,2.2981,450.1
1998.91,23.68,3.58,38366066,1473262,1613807,280.47431815216953,54932.98403041274,2.2981,450.1
1998.91,23.68,3.56,38366207,1473347,1613262,280.47431815216953,54932.98403041274,2.2981,450.1
1998.91,23.68,3.56,38362543,1473289,1613585,280.47431815216953,54932.98403041274,2.2981,450.1
1998.91,23.68,3.56,38367867,1473397,1613299,280.47431815216953,54932.98403041274,2.2981,450.1
2004.34,23.68,3.54,38366753,1473397,1612739,280.9799692332332,55032.01956045353,2.2981,450.1
2004.34,23.68,3.53,38370993,1473801,1612665,280.9799692332332,55032.01956045353,2.2981,450.1
2004.34,23.68,3.53,38367374,1473666,1612265,280.9799692332332,55032.01956045353,2.2981,450.1
1998.91,23.68,3.51,38371044,1473762,1612955,280.47431815216953,54932.98403041274,2.2981,450.1
1998.91,23.68,3.51,38371044,1473800,1613103,280.47431815216953,54932.98403041274,2.2981,450.1
1998.91,23.68,3.5,38367070,1473421,1612689,280.47431815216953,54932.98403041274,2.2981,450.1
2004.34,23.68,3.49,38367595,1473575,1612201,280.9799692332332,55032.01956045353,2.2981,450.1
1998.91,23.68,3.48,38372184,1474023,1612576,280.47431815216953,54932.98403041274,2.2981,450.1
2004.34,23.68,3.48,38368717,1473763,1613003,280.9799692332332,55032.01956045353,2.2981,450.1
1998.91,23.68,3.48,38367529,1473686,1613002,280.47431815216953,54932.98403041274,2.2981,450.1
1998.91,23.68,3.46,38367529,1473865,1612929,280.47431815216953,54932.98403041274,2.2981,450.1
1998.91,23.68,3.45,38371138,1473968,1613449,280.47431815216953,54932.98403041274,2.2981,450.1
1998.91,23.68,3.45,38371544,1473967,1613001,280.47431815216953,54932.98403041274,2.2981,450.1
1998.91,23.68,3.43,38371264,1474041,1613019,280.47431815216953,54932.98403041274,2.2981,450.1
2004.34,23.68,3.43,38371264,1474000,1613188,280.9799692332332,55032.01956045353,2.2981,450.1
2004.34,23.68,3.42,38369227,1474000,1613214,280.9799692332332,55032.01956045353,2.2981,450.1
2004.34,23.68,3.41,38371534,1474194,1612795,280.9799692332332,55032.01956045353,2.2981,450.1
1998.91,23.68,3.41,38369665,1473966,1612524,280.47431815216953,54932.98403041274,2.2981,450.1
2004.34,23.68,3.4,38370206,1473990,1612632,280.9799692332332,55032.01956045353,2.2981,450.1
2004.34,23.68,3.4,38370330,1473985,1612474,280.9799692332332,55032.01956045353,2.2981,450.1
2004.34,23.68,3.4,38369907,1473983,1612595,280.9799692332332,55032.01956045353,2.2981,450.1
2004.34,23.68,3.4,38369874,1474145,1612421,280.9799692332332,55032.01956045353,2.2981,450.1
2004.34,23.68,3.36,38368015,1474001,1613347,280.9799692332332,55032.01956045353,2.2981,450.1
1998.91,23.68,3.36,38370513,1474072,1611623,280.47431815216953,54932.98403041274,2.2981,450.1
2004.34,23.68,3.36,38372476,1474250,1613476,280.9799692332332,55032.01956045353,2.2981,450.1
2004.34,23.68,3.35,38373117,1474296,1613476,280.9799692332332,55032.01956045353,2.2981,450.1
2004.34,23.68,3.34,38369245,1474172,1612755,280.9799692332332,55032.01956045353,2.2981,450.1
2004.34,23.67,3.34,38371757,1474341,1612905,280.9894355754349,55033.87361407392,2.2981,450.1
1998.91,23.67,3.34,38369975,1474069,1613100,280.48376745875777,54934.83474748135,2.2981,450.1
2004.34,23.67,3.32,38370194,1474208,1612452,280.9894355754349,55033.87361407392,2.2981,450.1
2004.34,23.67,3.32,38372076,1474415,1612452,280.9894355754349,55033.87361407392,2.2981,450.1
1998.91,23.67,3.3,38372068,1474296,1612769,280.48376745875777,54934.83474748135,2.2981,450.1
2004.34,23.67,3.31,38372290,1474220,1612482,280.9894355754349,55033.87361407392,2.2981,450.1
2004.34,23.68,3.31,38372290,1474295,1613408,280.9799692332332,55032.01956045353,2.2981,450.1
2004.34,23.67,3.27,38371578,1474341,1612405,280.9894355754349,55033.87361407392,2.2981,450.1
2004.34,23.67,3.27,38369454,1474224,1612564,280.9894355754349,55033.87361407392,2.2981,450.1
2004.34,23.67,3.27,38371360,1474288,1612576,280.9894355754349,55033.87361407392,2.2981,450.1
1998.91,23.67,3.26,38373543,1474586,1612576,280.48376745875777,54934.83474748135,2.2981,450.1
2004.34,23.67,3.26,38371062,1474422,1613388,280.9894355754349,55033.87361407392,2.2981,450.1
2004.34,23.67,3.25,38371769,1474551,1613388,280.9894355754349,55033.87361407392,2.2981,450.1
2004.34,23.67,3.24,38370637,1474471,1611935,280.9894355754349,55033.87361407392,2.2981,450.1
1998.91,23.67,3.25,38370346,1474241,1612507,280.48376745875777,54934.83474748135,2.2981,450.1
2004.34,23.67,3.25,38372586,1474493,1612507,280.9894355754349,55033.87361407392,2.2981,450.1
2004.34,23.67,3.23,38373306,1474593,1612678,280.9894355754349,55033.87361407392,2.2981,450.1
2004.34,23.67,3.23,38370643,1474447,1612654,280.9894355754349,55033.87361407392,2.2981,450.1
2004.34,23.68,3.23,38371391,1474468,1612654,280.9799692332332,55032.01956045353,2.2981,450.1
1998.91,23.68,3.23,38372260,1474467,1611894,280.47431815216953,54932.98403041274,2.2981,450.1
2004.34,23.68,3.21,38372260,1474467,1612854,280.9799692332332,55032.01956045353,2.2981,450.1
2004.34,23.68,3.21,38373188,1474583,1613103,280.9799692332332,55032.01956045353,2.2981,450.1
2004.34,23.68,3.21,38372381,1474599,1612457,280.9799692332332,55032.01956045353,2.2981,450.1
2004.34,23.68,3.2,38373257,1474614,1612640,280.9799692332332,55032.01956045353,2.2981,450.1
2004.34,23.68,3.19,38372877,1474634,1613236,280.9799692332332,55032.01956045353,2.2981,450.1
2004.34,23.68,3.19,38369264,1474463,1611915,280.9799692332332,55032.01956045353,2.2981,450.1
2004.34,23.68,3.18,38367948,1474463,1612978,280.9799692332332,55032.01956045353,2.2981,450.1
2004.34,23.68,3.17,38371330,1474537,1612978,280.9799692332332,55032.01956045353,2.2981,450.1
2004.34,23.68,3.17,38368913,1474427,1613253,280.9799692332332,55032.01956045353,2.2981,450.1
2004.34,23.68,3.16,38370308,1474355,1612693,280.9799692332332,55032.01956045353,2.2981,450.1
2004.34,23.68,3.15,38370308,1474710,1613186,280.9799692332332,55032.01956045353,2.2981,450.1
2004.34,23.69,3.15,38370308,1474765,1613186,280.97050352883906,55030.16563175253,2.2981,450.1
2004.34,23.69,3.13,38372022,1474765,1613186,280.97050352883906,55030.16563175253,2.2981,450.1
2004.34,23.69,3.13,38371409,1474741,1613119,280.97050352883906,55030.16563175253,2.2981,450.1
2004.34,23.68,3.13,38372308,1474848,1613060,280.9799692332332,55032.01956045353,2.2981,450.1
2004.34,23.68,3.11,38371135,1474848,1613060,280.9799692332332,55032.01956045353,2.2981,450.1
2009.78,23.69,3.11,38370957,1474845,1611735,281.4770687615264,55129.38020519693,2.2981,450.1
2004.34,23.69,3.11,38370574,1474846,1612272,280.97050352883906,55030.16563175253,2.2981,450.1
2004.34,23.69,3.11,38368128,1474767,1612201,280.97050352883906,55030.16563175253,2.2981,450.1
2004.34,23.69,3.09,38370895,1474904,1613268,280.97050352883906,55030.16563175253,2.2981,450.1
2004.34,23.69,3.09,38370785,1474904,1613268,280.97050352883906,55030.16563175253,2.2981,450.1
2004.34,23.69,3.09,38371535,1474766,1613152,280.97050352883906,55030.16563175253,2.2981,450.1
2004.34,23.69,3.08,38373622,1474849,1612894,280.97050352883906,55030.16563175253,2.2981,450.1
2004.34,23.69,3.08,38368138,1474773,1612898,280.97050352883906,55030.16563175253,2.2981,450.1
2004.34,23.69,3.08,38369767,1474890,1613042,280.97050352883906,55030.16563175253,2.2981,450.1
2004.34,23.69,3.06,38368854,1474943,1612505,280.97050352883906,55030.16563175253,2.2981,450.1
2004.34,23.69,3.06,38369569,1474821,1612721,280.97050352883906,55030.16563175253,2.2981,450.1
2004.34,23.69,3.05,38371970,1474899,1612678,280.97050352883906,55030.16563175253,2.2981,450.1
2004.34,23.69,3.05,38372236,1474930,1612678,280.97050352883906,55030.16563175253,2.2981,450.1
2004.34,23.69,3.04,38372236,1475118,1612678,280.97050352883906,55030.16563175253,2.2981,450.1
2004.34,23.69,3.03,38372598,1475120,1612678,280.97050352883906,55030.16563175253,2.2981,450.1
2004.34,23.69,3.03,38372893,1475127,1612383,280.97050352883906,55030.16563175253,2.2981,450.1
2009.78,23.69,3.02,38372893,1475192,1612383,281.4770687615264,55129.38020519693,2.2981,450.1
2004.34,23.68,3.01,38372893,1475114,1613084,280.9799692332332,55032.01956045353,2.2981,450.1
2009.78,23.68,3.01,38369735,1475175,1612649,281.4865515317573,55131.23747636916,2.2981,450.1
2009.78,23.68,3.01,38370608,1475061,1612480,281.4865515317573,55131.23747636916,2.2981,450.1
2009.78,23.68,2.98,38372421,1475268,1612837,281.4865515317573,55131.23747636916,2.2981,450.1
2009.78,23.68,2.98,38370805,1475219,1613395,281.4865515317573,55131.23747636916,2.2981,450.1
2009.78,23.68,2.97,38370805,1475126,1613395,281.4865515317573,55131.23747636916,2.2981,450.1
2009.78,23.69,2.97,38370995,1475268,1613122,281.4770687615264,55129.38020519693,2.2981,450.1
2009.78,23.69,2.97,38370201,1475407,1612704,281.4770687615264,55129.38020519693,2.2981,450.1
2004.34,23.69,2.97,38368911,1475407,1612973,280.97050352883906,55030.16563175253,2.2981,450.1
2004.34,23.7,2.96,38365507,1474994,1611277,280.9610384621883,55028.31182795831,2.2981,450.1
2004.34,23.71,2.95,38365507,1475247,1611277,280.9515740332164,55026.45814905823,2.2981,450.1
2004.34,23.71,2.95,38366317,1475163,1612229,280.9515740332164,55026.45814905823,2.2981,450.1
1960.9,23.72,2.95,38367757,1475172,1612560,276.89744664116853,54232.42710638788,2.2981,450.1
1944.61,23.72,2.94,38366170,1475406,1612914,275.3806977909097,53935.36054814346,2.2981,450.1
1977.19,23.72,2.93,38349225,1474881,1612132,278.4141954914274,54529.4936646323,2.2981,450.1
1988.05,23.73,2.93,38352367,1474736,1612657,279.41594932741936,54725.69461392954,2.2981,450.1
1993.48,23.73,2.91,38352765,1474719,1610842,279.92151524762994,54824.71346458303,2.2981,450.1
2009.78,23.73,2.9,38353047,1474784,1611848,281.43914406888814,55121.95237170122,2.2981,450.1
2015.21,23.73,2.89,38356958,1474927,1611873,281.94470998909867,55220.9712223547,2.2981,450.1
2009.78,23.74,2.88,38355145,1474927,1612791,281.42966449247706,55120.09572606237,2.2981,450.1
2004.34,23.74,2.87,38360236,1475074,1612791,280.9231845717289,55020.89786159662,2.2981,450.1
2004.34,23.74,2.86,38361525,1475701,1614469,280.9231845717289,55020.89786159662,2.2981,450.1
2004.34,23.75,2.83,38359251,1475640,1613840,280.9137226928279,55019.04468214692,2.2981,450.1
2004.34,23.75,2.82,38361113,1475831,1613383,280.9137226928279,55019.04468214692,2.2981,450.1
2004.34,23.74,2.81,38362110,1475782,1613043,280.9231845717289,55020.89786159662,2.2981,450.1
2004.34,23.74,2.81,38365172,1476081,1614104,280.9231845717289,55020.89786159662,2.2981,450.1
2004.34,23.74,2.81,38365172,1475988,1613774,280.9231845717289,55020.89786159662,2.2981,450.1
2004.34,23.74,2.8,38365687,1475923,1613629,280.9231845717289,55020.89786159662,2.2981,450.1
2004.34,23.75,2.78,38365687,1476094,1613629,280.9137226928279,55019.04468214692,2.2981,450.1
2004.34,23.75,2.78,38366289,1475926,1614231,280.9137226928279,55019.04468214692,2.2981,450.1
2004.34,23.75,2.78,38367692,1476398,1614552,280.9137226928279,55019.04468214692,2.2981,450.1
2004.34,23.75,2.78,38367236,1476398,1614693,280.9137226928279,55019.04468214692,2.2981,450.1
2004.34,23.75,2.75,38367236,1476293,1614656,280.9137226928279,55019.04468214692,2.2981,450.1
2004.34,23.75,2.73,38364765,1476158,1614788,280.9137226928279,55019.04468214692,2.2981,450.1
2004.34,23.75,2.72,38366297,1476414,1614788,280.9137226928279,55019.04468214692,2.2981,450.1
2004.34,23.75,2.72,38366297,1476573,1615817,280.9137226928279,55019.04468214692,2.2981,450.1
2004.34,23.75,2.71,38365378,1476424,1616144,280.9137226928279,55019.04468214692,2.2981,450.1
2004.34,23.75,2.7,38366947,1476621,1615650,280.9137226928279,55019.04468214692,2.2981,450.1
2004.34,23.76,2.7,38366947,1476719,1615650,280.90426145128356,55017.19162752828,2.2981,450.1
2004.34,23.76,2.7,38369903,1476719,1615118,280.90426145128356,55017.19162752828,2.2981,450.1
2004.34,23.76,2.68,38369903,1476712,1615665,280.90426145128356,55017.19162752828,2.2981,450.1
2004.34,23.76,2.67,38369903,1476353,1615110,280.90426145128356,55017.19162752828,2.2981,450.1
2004.34,23.76,2.66,38368153,1476546,1615164,280.90426145128356,55017.19162752828,2.2981,450.1
2004.34,23.76,2.66,38370039,1476743,1616671,280.90426145128356,55017.19162752828,2.2981,450.1
2004.34,23.76,2.65,38372448,1476901,1615821,280.90426145128356,55017.19162752828,2.2981,450.1
2004.34,23.76,2.65,38371020,1476718,1616468,280.90426145128356,55017.19162752828,2.2981,450.1
2004.34,23.76,2.65,38375152,1476922,1615477,280.90426145128356,55017.19162752828,2.2981,450.1
2004.34,23.76,2.65,38374505,1476898,1615889,280.90426145128356,55017.19162752828,2.2981,450.1
2004.34,23.76,2.64,38372366,1476737,1615735,280.90426145128356,55017.19162752828,2.2981,450.1
2004.34,23.76,2.64,38372366,1476725,1615966,280.90426145128356,55017.19162752828,2.2981,450.1
2004.34,23.76,2.62,38373422,1476726,1616888,280.90426145128356,55017.19162752828,2.2981,450.1
2004.34,23.76,2.62,38371314,1476892,1617017,280.90426145128356,55017.19162752828,2.2981,450.1
2004.34,23.76,2.62,38372315,1476937,1616282,280.90426145128356,55017.19162752828,2.2981,450.1
2004.34,23.76,2.6,38370161,1476717,1616349,280.90426145128356,55017.19162752828,2.2981,450.1
2004.34,23.76,2.6,38371892,1477028,1616349,280.90426145128356,55017.19162752828,2.2981,450.1
2004.34,23.75,2.6,38372124,1476899,1616937,280.9137226928279,55019.04468214692,2.2981,450.1
2004.34,23.75,2.59,38371645,1476939,1617579,280.9137226928279,55019.04468214692,2.2981,450.1
2004.34,23.75,2.59,38374662,1477033,1616320,280.9137226928279,55019.04468214692,2.2981,450.1
2009.78,23.75,2.58,38373716,1476971,1616281,281.4201855546363,55118.23920549229,2.2981,450.1
2004.34,23.75,2.57,38373716,1477172,1616014,280.9137226928279,55019.04468214692,2.2981,450.1
2004.34,23.75,2.57,38373482,1476934,1616518,280.9137226928279,55019.04468214692,2.2981,450.1
2004.34,23.74,2.57,38370362,1477012,1616689,280.9231845717289,55020.89786159662,2.2981,450.1
2009.78,23.74,2.57,38373259,1477012,1616689,281.42966449247706,55120.09572606237,2.2981,450.1
2004.34,23.74,2.56,38372206,1477084,1616716,280.9231845717289,55020.89786159662,2.2981,450.1
2004.34,23.74,2.55,38369377,1476924,1616761,280.9231845717289,55020.89786159662,2.2981,450.1
2004.34,23.73,2.56,38370507,1477058,1617134,280.93264708805106,55022.75116589,2.2981,450.1
2004.34,23.73,2.56,38371067,1476994,1616063,280.93264708805106,55022.75116589,2.2981,450.1
2004.34,23.73,2.56,38371067,1476994,1616550,280.93264708805106,55022.75116589,2.2981,450.1
2004.34,23.73,2.56,38371911,1477087,1616550,280.93264708805106,55022.75116589,2.2981,450.1
2004.34,23.74,2.56,38371911,1477430,1617238,280.9231845717289,55020.89786159662,2.2981,450.1
2004.34,23.74,2.51,38371911,1477167,1617238,280.9231845717289,55020.89786159662,2.2981,450.1
2004.34,23.74,2.5,38371538,1477141,1616010,280.9231845717289,55020.89786159662,2.2981,450.1
2004.34,23.74,2.49,38373832,1477449,1616812,280.9231845717289,55020.89786159662,2.2981,450.1
2004.34,23.74,2.49,38372082,1477273,1616787,280.9231845717289,55020.89786159662,2.2981,450.1
2123.82,23.74,2.49,38370035,1477207,1616562,292.04712224286646,57199.603899531874,2.2981,450.1
2558.27,23.74,2.49,38379831,1476320,1616684,332.4956887077619,65121.75688062471,2.2981,450.1
2525.69,23.74,2.55,38429897,1476080,1622629,329.4623953588695,64527.663787923586,2.2981,450.1
2009.78,23.74,2.56,38454680,1477537,1625097,281.42966449247706,55120.09572606237,2.2981,450.1
