mpx5500_pressure_hpa,rh_temp_c,humidity_pct,lpl_signal,mpl_signal,spl_signal,ch4_conc_mol_m3,co2_conc_mol_m3,ch4_ppm,co2_ppm
1504.72,15.05,3.47,37060800,1461164,1180149,230.63020923879975,48914.96840609145,2.19489,465.52
1515.59,15.05,3.46,37061291,1461276,1171819,231.6259317077104,49126.153806602306,2.19489,465.52
1510.16,15.06,3.47,37064749,1461303,1180617,231.1205090386568,49018.95738177107,2.19489,465.52
1504.72,15.06,3.46,37070398,1461752,1175407,230.62220708033064,48913.2712072293,2.19489,465.52
1499.29,15.07,3.46,37076525,1461752,1181555,230.1168367722269,48806.0858877698,2.19489,465.52
1499.29,15.08,3.46,37075876,1462397,1182399,230.1088529802284,48804.392584300775,2.19489,465.52
1499.29,15.08,3.47,37081514,1462536,1181235,230.1088529802284,48804.392584300775,2.19489,465.52
1521.02,15.09,3.46,37082663,1462607,1181567,232.0911224198342,49224.81732974373,2.19489,465.52
1521.02,15.1,3.47,37082469,1462694,1181842,232.08307068965485,49223.109617087015,2.19489,465.52
1537.31,15.1,3.47,37084490,1462602,1181572,233.57502151148515,49539.54139570847,2.19489,465.52
1559.03,15.1,3.47,37090568,1462794,1182697,235.56428927392557,49961.45043387041,2.19489,465.52
1580.75,15.11,3.48,37089263,1462743,1182018,237.5453160887133,50381.61162774345,2.19489,465.52
1591.62,15.12,3.48,37089575,1462565,1182018,238.5325563925228,50590.998023521555,2.19489,465.52
1607.91,15.13,3.47,37090783,1462636,1182459,240.01607761782,50905.641946816264,2.19489,465.52
1624.2,15.14,3.47,37093497,1462463,1191914,241.49949592444324,51220.26404181842,2.19489,465.52
1640.49,15.14,3.47,37093855,1462463,1183746,242.99123973932615,51536.65191579127,2.19489,465.52
1656.78,15.14,3.47,37094525,1462574,1183746,244.48298355420903,51853.03978976412,2.19489,465.52
1673.07,15.15,3.46,37100814,1462769,1183746,245.96619546734487,52167.61811022802,2.19489,465.52
1689.37,15.16,3.45,37105722,1462913,1191938,247.45022016893768,52482.36881713611,2.19489,465.52
1700.23,15.16,3.45,37105955,1462913,1185304,248.44464705757048,52693.27943461413,2.19489,465.52
1711.09,15.17,3.45,37105955,1463030,1185304,249.43042247998713,52902.35513984008,2.19489,465.52
1738.24,15.18,3.45,37112959,1463030,1185304,251.90766638949884,53427.760324043345,2.19489,465.52
1754.53,15.19,3.45,37112415,1463263,1185540,253.39041504639243,53742.240391270905,2.19489,465.52
1765.4,15.2,3.45,37112415,1463147,1187018,254.3768319404087,53951.45214789764,2.19489,465.52
1776.26,15.2,3.45,37112415,1463372,1187018,255.37112088184003,54162.33350779044,2.19489,465.52
1792.55,15.21,3.45,37124781,1463757,1192236,256.85364658992637,54476.76628921837,2.19489,465.52
1803.41,15.22,3.45,37126050,1463825,1192236,257.83895948584416,54685.74389598119,2.19489,465.52
1819.7,15.22,3.44,37127795,1463773,1192236,259.33028945911667,55002.043997197114,2.19489,465.52
1830.56,15.22,3.45,37127383,1463596,1187696,260.3245094412983,55212.910731341064,2.19489,465.52
1857.72,15.23,3.44,37126580,1463571,1187696,262.8018615282608,55738.338859184725,2.19489,465.52
1863.15,15.23,3.45,37126304,1463331,1195960,263.29895428133267,55843.76857019986,2.19489,465.52
1868.58,15.24,3.45,37131391,1463684,1188009,263.78689983626884,55947.25822787469,2.19489,465.52
1868.58,15.24,3.45,37139735,1464008,1195044,263.78689983626884,55947.25822787469,2.19489,465.52
1868.58,15.24,3.44,37139735,1464269,1189333,263.78689983626884,55947.25822787469,2.19489,465.52
1863.15,15.24,3.43,37144463,1464555,1190805,263.2898243200205,55841.83217266284,2.19489,465.52
1874.01,15.25,3.44,37144463,1464865,1189590,264.2748115530944,56050.74070873552,2.19489,465.52
1906.59,15.26,3.44,37144463,1464813,1197878,267.2478946662655,56681.309735357994,2.19489,465.52
1917.45,15.27,3.44,37154573,1464929,1189475,268.2326763641889,56890.17467893935,2.19489,465.52
1928.32,15.27,3.46,37155908,1464706,1198661,269.2276393193933,57101.1989921882,2.19489,465.52
1939.18,15.28,3.46,37155962,1464862,1190747,270.2123182358324,57310.04213657391,2.19489,465.52
1971.76,15.28,3.46,37157274,1464652,1197659,273.19435772127144,57942.5107437759,2.19489,465.52
1971.76,15.29,3.46,37157138,1464720,1191101,273.1848862763358,57940.50192007793,2.19489,465.52
1971.76,15.29,3.46,37161652,1464853,1195537,273.1848862763358,57940.50192007793,2.19489,465.52
1971.76,15.29,3.45,37171439,1465557,1192018,273.1848862763358,57940.50192007793,2.19489,465.52
1993.48,15.29,3.45,37171439,1465439,1193462,275.17284367656964,58362.133040068846,2.19489,465.52
2026.07,15.29,3.45,37170095,1465497,1191497,278.1556950427585,58994.77384119702,2.19489,465.52
2042.36,15.3,3.47,37166244,1464894,1190224,279.6369682874878,59308.94098437339,2.19489,465.52
2053.22,15.3,3.47,37167182,1464919,1190542,280.6309125282981,59519.74923580377,2.19489,465.52
2064.08,15.31,3.47,37172150,1465245,1192061,281.6150937220042,59728.48681686435,2.19489,465.52
2069.51,15.31,3.47,37176900,1465242,1190832,282.1120486139506,59833.88728855036,2.19489,465.52
2074.94,15.31,3.47,37176900,1465700,1193619,282.60900350589696,59939.28776023635,2.19489,465.52
2085.8,15.32,3.47,37187563,1465910,1193619,283.59308201051334,60148.003561697464,2.19489,465.52
2102.1,15.32,3.45,37187279,1465910,1193619,285.084810175213,60464.38811638176,2.19489,465.52
2123.82,15.32,3.45,37184273,1465910,1193361,287.0725608339416,60885.97538802241,2.19489,465.52
2161.83,15.32,3.46,37183454,1465444,1193883,290.5511244867168,61623.75311339356,2.19489,465.52
2183.56,15.33,3.45,37183353,1465444,1194364,292.5296495857078,62043.383711775394,2.19489,465.52
2183.56,15.33,3.46,37190489,1465546,1195003,292.5296495857078,62043.383711775394,2.19489,465.52
2188.99,15.33,3.46,37203420,1466240,1195184,293.02657002432,62148.77687616302,2.19489,465.52
2194.42,15.34,3.46,37204784,1466312,1195587,293.5133159858113,62252.01210890517,2.19489,465.52
2205.28,15.35,3.46,37206499,1466315,1193419,294.4969141941366,62460.626043061144,2.19489,465.52
2210.71,15.35,3.45,37201522,1466315,1195306,294.9938001841916,62566.01190116356,2.19489,465.52
2221.57,15.35,3.45,37207662,1466374,1193165,295.9875721643016,62776.783617368375,2.19489,465.52
2210.71,15.35,3.45,37208304,1466543,1196555,294.9938001841916,62566.01190116356,2.19489,465.52
2205.28,15.36,3.45,37208183,1466430,1196087,294.48670668263986,62458.4611050679,2.19489,465.52
2188.99,15.36,3.45,37210335,1467167,1191832,292.9961003799377,62142.31448904892,2.19489,465.52
2183.56,15.36,3.45,37217611,1467447,1196394,292.4992316123703,62036.932283709255,2.19489,465.52
2178.13,15.36,3.46,37217611,1467235,1189915,292.002362844803,61931.5500783696,2.19489,465.52
2156.4,15.36,3.47,37210907,1467235,1195133,290.0139727307626,61509.82718296799,2.19489,465.52
2140.11,15.37,3.47,37212437,1467504,1191440,288.51336631138133,61191.55961586878,2.19489,465.52
2123.82,15.37,3.48,37212513,1467504,1194650,287.02281167256047,60875.42395737843,2.19489,465.52
2112.96,15.38,3.52,37209828,1467600,1193783,286.0191952570112,60662.5643089375,2.19489,465.52
2091.23,15.38,3.52,37209828,1467548,1193783,284.03094297197396,60240.8706460521,2.19489,465.52
2064.08,15.37,3.53,37208838,1467928,1191817,281.55652965149494,59716.06580893071,2.19489,465.52
2047.79,15.37,3.54,37213673,1467928,1191651,280.0659750126741,59399.93015044036,2.19489,465.52
2036.93,15.37,3.54,37210336,1468232,1191890,279.07227192012687,59189.17304478013,2.19489,465.52
2020.64,15.37,3.53,37210328,1468232,1191890,277.58171728130606,58873.03738628979,2.19489,465.52
2015.21,15.37,3.53,37208548,1468378,1191890,277.0848657350324,58767.65883345967,2.19489,465.52
1993.48,15.37,3.54,37200771,1467889,1196058,275.09654453788215,58345.950554822746,2.19489,465.52
1977.19,15.35,3.54,37189216,1467547,1195253,273.6249573853628,58033.83776045,2.19489,465.52
1960.9,15.35,3.53,37189216,1467637,1195253,272.13429941519786,57717.68018614277,2.19489,465.52
1950.04,15.35,3.53,37182541,1467379,1194227,271.1405274350879,57506.90846993795,2.19489,465.52
1939.18,15.34,3.54,37187869,1467786,1187874,270.15611961856956,57298.122823848345,2.19489,465.52
1933.75,15.34,3.53,37184645,1467672,1187289,269.659216404833,57192.73331272995,2.19489,465.52
1928.32,15.35,3.54,37181070,1467510,1186638,269.15298347486794,57085.36503752831,2.19489,465.52
1917.45,15.35,3.54,37178080,1467491,1186975,268.15829641926985,56874.3992405535,2.19489,465.52
1901.16,15.35,3.53,37177190,1467613,1191376,266.66763844910486,56558.24166624628,2.19489,465.52
1884.87,15.35,3.53,37177190,1467582,1191376,265.1769804789399,56242.084091939054,2.19489,465.52
1868.58,15.36,3.53,37175620,1467582,1186922,263.6771829183792,55923.98807783709,2.19489,465.52
1852.29,15.36,3.53,37178891,1467650,1187116,262.18657661567704,55607.84146181812,2.19489,465.52
1830.56,15.36,3.51,37177526,1467650,1187420,260.19818650163666,55186.118566416495,2.19489,465.52
1814.27,15.36,3.51,37177526,1467992,1187216,258.7075801989345,54869.971950397514,2.19489,465.52
1803.41,15.36,3.49,37167731,1467487,1183142,257.7138426637998,54659.2075397182,2.19489,465.52
1797.98,15.36,3.49,37163709,1467285,1185409,257.21697389623245,54553.82533437854,2.19489,465.52
1787.12,15.37,3.48,37163709,1467285,1180174,256.2143557553733,54341.17741264545,2.19489,465.52
1776.26,15.37,3.48,37161790,1467291,1186124,255.22065266282604,54130.420306985216,2.19489,465.52
1754.53,15.37,3.48,37161790,1467037,1186417,253.23233146567583,53708.7120283483,2.19489,465.52
1738.24,15.38,3.47,37160523,1467264,1181062,251.73305184931968,53390.72586639663,2.19489,465.52
1721.95,15.38,3.47,37159796,1467123,1186821,250.24254887079897,53074.60116467537,2.19489,465.52
1700.23,15.38,3.46,37159276,1467472,1179939,248.2552115661046,52653.101562380354,2.19489,465.52
1689.37,15.39,3.45,37159276,1467521,1179939,247.25297351114727,52440.53425406707,2.19489,465.52
1678.51,15.39,3.45,37150591,1467100,1179641,246.25933929661295,52229.79175692598,2.19489,465.52
1662.21,15.39,3.45,37155096,1467207,1186803,244.76797302617933,51913.48395734957,2.19489,465.52
1645.92,15.39,3.44,37155315,1467198,1186650,243.27752170437788,51597.370211637935,2.19489,465.52
1624.2,15.4,3.44,37151595,1467198,1187279,241.28189111092615,51174.111663891286,2.19489,465.52
1613.34,15.4,3.43,37154826,1467246,1187617,240.2882913318178,50963.37647025036,2.19489,465.52
1586.18,15.4,3.43,37147731,1467246,1186444,237.8033769671231,50436.34443900841,2.19489,465.52
1548.17,15.41,3.41,37152033,1467560,1180151,234.31765721842012,49697.04895840745,2.19489,465.52
1542.74,15.41,3.41,37152033,1467312,1185897,233.8208745453855,49591.68501308396,2.19489,465.52
1531.88,15.42,3.4,37143621,1467076,1186503,232.81924088628315,49379.245892679144,2.19489,465.52
1521.02,15.42,3.4,37141459,1467237,1186503,231.8257099708667,49168.525304519986,2.19489,465.52
1504.72,15.43,3.4,37141222,1467320,1178822,230.32651709273716,48850.5575391072,2.19489,465.52
1504.72,15.43,3.4,37146533,1467320,1186631,230.32651709273716,48850.5575391072,2.19489,465.52
1504.72,15.44,3.4,37142443,1467010,1186759,230.31853599439376,48848.864806942576,2.19489,465.52
1504.72,15.44,3.4,37142443,1467147,1188288,230.31853599439376,48848.864806942576,2.19489,465.52
1499.29,15.46,3.4,37149959,1467219,1188288,229.80587884858883,48740.13400288628,2.19489,465.52
1493.86,15.47,3.4,37155280,1467316,1188288,229.30123721973652,48633.10323092808,2.19489,465.52
1504.72,15.48,3.39,37163541,1467316,1188288,230.28661713135187,48842.09505122668,2.19489,465.52
1515.59,15.5,3.39,37169305,1467547,1191397,231.26483117326225,49049.567043349336,2.19489,465.52
1526.45,15.5,3.39,37167717,1467259,1196281,232.2580867293395,49260.22922982115,2.19489,465.52
1537.31,15.51,3.39,37168693,1467283,1192004,233.2432617982595,49469.17760449306,2.19489,465.52
1548.17,15.52,3.39,37178382,1467536,1192004,234.22836861103448,49678.111502539425,2.19489,465.52
1569.89,15.52,3.39,37178382,1468147,1194381,236.2147420912141,50099.40668475504,2.19489,465.52
1586.18,15.55,3.41,37210025,1468147,1205810,237.67982135041,50410.1392028953,2.19489,465.52
1602.48,15.57,3.42,37215258,1468401,1197188,239.1537934591794,50722.75782891954,2.19489,465.52
1618.77,15.59,3.42,37227301,1468800,1199304,240.6266470593852,51035.13922751709,2.19489,465.52
1624.2,15.62,3.42,37233585,1468920,1201053,241.098070021324,51135.12456493344,2.19489,465.52
1629.63,15.63,3.43,37233585,1468907,1201053,241.58612538329737,51238.63751187193,2.19489,465.52
1645.92,15.65,3.43,37243084,1469139,1201053,243.05850454494876,51550.91828554713,2.19489,465.52
1656.78,15.66,3.43,37244956,1468781,1210593,244.04279397819644,51759.67882341712,2.19489,465.52
1678.51,15.66,3.44,37249858,1468801,1204365,246.02911866155844,52180.96365618718,2.19489,465.52
1694.8,15.71,3.44,37249858,1468576,1213513,247.47533263531568,52487.69498625997,2.19489,465.52
1700.23,15.72,3.45,37251138,1468216,1205493,247.96301517349727,52591.128860018696,2.19489,465.52
1727.38,15.74,3.45,37262310,1468591,1207510,250.42692455198335,53113.70588842233,2.19489,465.52
1754.53,15.77,3.45,37262310,1466872,1207510,252.88173983966777,53634.35412715996,2.19489,465.52
1787.12,15.8,3.45,37254217,1467190,1209526,255.83307119757845,54260.309766729406,2.19489,465.52
1803.41,15.82,3.48,37242127,1466327,1218594,257.3035981137588,54572.197692785056,2.19489,465.52
1819.7,15.84,3.46,37236116,1465965,1209064,258.7739214897591,54884.04244946793,2.19489,465.52
1830.56,15.86,3.48,37238410,1465713,1219845,259.74803220506976,55090.644156246584,2.19489,465.52
1846.86,15.88,3.48,37251666,1466497,1212677,261.218896347293,55402.603605461714,2.19489,465.52
1874.01,15.9,3.48,37263862,1466758,1221949,263.68052465633093,55924.696835839226,2.19489,465.52
1884.87,15.92,3.48,37244642,1465548,1212977,264.654093708009,56131.183659751674,2.19489,465.52
1901.16,15.94,3.48,37253560,1465852,1212977,266.12339995353267,56442.8126905533,2.19489,465.52
1917.45,15.96,3.48,37269848,1466575,1212977,267.59250291224566,56754.39860571993,2.19489,465.52
1933.75,15.99,3.48,37271248,1466520,1225298,269.0530101010938,57064.16142142029,2.19489,465.52
1939.18,16.0,3.49,37256259,1465379,1216852,269.5394741440814,57167.336861324606,2.19489,465.52
1950.04,16.02,3.49,37256259,1465379,1216417,270.51230129343594,57373.66633321956,2.19489,465.52
1950.04,16.04,3.49,37258994,1465262,1227199,270.49359301850984,57369.69844592517,2.19489,465.52
1955.47,16.06,3.49,37275829,1466163,1217812,270.9705534841593,57470.85824708566,2.19489,465.52
1977.19,16.08,3.49,37279110,1466106,1225065,272.9343436216063,57887.36366867139,2.19489,465.52
1998.91,16.1,3.49,37267181,1465191,1219113,274.89786218911195,58303.81149227313,2.19489,465.52
1998.91,16.12,3.5,37267181,1465191,1219780,274.87885587237054,58299.78039250528,2.19489,465.52
2004.34,16.15,3.49,37280624,1465697,1220134,275.34586327802106,58398.82922296077,2.19489,465.52
2004.34,16.16,3.49,37283776,1465875,1220134,275.33634594839964,58396.81066745896,2.19489,465.52
2004.34,16.17,3.49,37284085,1465923,1222200,275.3268292766884,58394.792251495055,2.19489,465.52
1998.91,16.19,3.49,37284721,1465848,1222267,274.8123544556599,58285.675931914026,2.19489,465.52
1998.91,16.2,3.49,37285153,1465848,1222267,274.80285687990545,58283.661566061885,2.19489,465.52
1998.91,16.23,3.49,37285227,1465964,1223603,274.7743680910935,58277.61930382198,2.19489,465.52
1993.48,16.25,3.49,37283329,1465778,1223603,274.260038113579,58168.53370448328,2.19489,465.52
1993.48,16.27,3.49,37283329,1465480,1221542,274.2410857234116,58164.5140421445,2.19489,465.52
1998.91,16.3,3.49,37283329,1465856,1224731,274.7079172161017,58263.52556275697,2.19489,465.52
1993.48,16.32,3.49,37283662,1465570,1225289,274.19371620572,58154.46731639707,2.19489,465.52
1993.48,16.34,3.49,37282155,1465460,1224923,274.17477298030946,58150.449597835715,2.19489,465.52
2004.34,16.36,3.48,37286677,1465719,1226045,275.1461374264498,58356.46884115419,2.19489,465.52
2009.78,16.37,3.48,37286381,1465719,1219513,275.63268117484347,58459.66118598797,2.19489,465.52
2009.78,16.4,3.49,37287211,1465377,1227714,275.60412313500495,58453.60423611548,2.19489,465.52
2009.78,16.41,3.48,37286209,1465243,1228193,275.5946051034006,58451.58553172826,2.19489,465.52
2015.21,16.42,3.48,37287337,1465332,1228010,276.08013765884425,58554.563409986455,2.19489,465.52
2015.21,16.43,3.48,37290682,1465799,1219451,276.07060384650714,58552.541358622075,2.19489,465.52
2015.21,16.44,3.48,37294017,1465676,1228645,276.06107069260526,58550.51944690695,2.19489,465.52
2015.21,16.44,3.48,37294017,1465752,1223664,276.06107069260526,58550.51944690695,2.19489,465.52
2015.21,16.46,3.48,37295437,1465450,1229706,276.04200635983415,58546.47604236658,2.19489,465.52
2015.21,16.46,3.47,37294306,1465340,1229887,276.04200635983415,58546.47604236658,2.19489,465.52
2004.34,16.49,3.47,37297804,1465340,1230606,275.0226427507647,58330.27653018419,2.19489,465.52
2004.34,16.51,3.47,37299397,1465642,1230606,275.00365340858764,58326.249030596395,2.19489,465.52
1998.91,16.53,3.47,37293117,1465201,1230606,274.4898047438575,58217.26551415357,2.19489,465.52
2004.34,16.55,3.46,37297925,1465478,1233337,274.96568259002936,58318.19569969814,2.19489,465.52
2004.34,16.55,3.47,37302126,1465417,1232481,274.96568259002936,58318.19569969814,2.19489,465.52
2004.34,16.55,3.46,37300247,1465365,1236307,274.96568259002936,58318.19569969814,2.19489,465.52
1998.91,16.61,3.46,37300351,1465287,1233547,274.41402070058194,58201.19227684982,2.19489,465.52
1998.91,16.62,3.46,37299379,1465109,1239590,274.40455063740427,58199.18374621253,2.19489,465.52
1998.91,16.64,3.46,37306178,1465478,1235092,274.3856124717921,58195.16710079715,2.19489,465.52
1998.91,16.64,3.45,37309760,1465478,1242241,274.3856124717921,58195.16710079715,2.19489,465.52
2004.34,16.68,3.46,37312717,1465383,1236488,274.8423498131025,58292.03772626212,2.19489,465.52
1998.91,16.7,3.45,37308667,1465326,1236514,274.3288136560312,58183.1204903916,2.19489,465.52
1998.91,16.71,3.45,37311471,1465358,1245823,274.3193494728512,58181.11320685851,2.19489,465.52
2004.34,16.71,3.46,37316987,1465560,1237063,274.81390411347377,58286.004602920555,2.19489,465.52
2004.34,16.73,3.45,37316970,1465494,1237447,274.7949435846954,58281.98321444235,2.19489,465.52
1998.91,16.74,3.45,37317829,1465494,1237447,274.2909608410108,58175.092187174465,2.19489,465.52
2004.34,16.76,3.45,37317773,1465246,1239227,274.7665076966352,58275.9521720622,2.19489,465.52
1998.91,16.79,3.45,37322717,1465195,1239227,274.24365950955587,58165.059923225504,2.19489,465.52
1998.91,16.8,3.44,37326715,1465526,1239227,274.2342012008989,58163.05388563547,2.19489,465.52
1998.91,16.82,3.44,37328426,1465387,1240845,274.2152865406788,58159.042225540594,2.19489,465.52
1998.91,16.84,3.44,37332300,1465434,1249870,274.19637448946736,58155.03111879722,2.19489,465.52
1998.91,16.86,3.44,37332715,1465555,1249870,274.17746504672465,58151.02056529086,2.19489,465.52
1998.91,16.88,3.44,37332715,1465301,1251194,274.1585582119113,58147.010564907105,2.19489,465.52
1998.91,16.89,3.44,37338019,1465485,1244337,274.14910577230944,58145.00577210042,2.19489,465.52
2004.34,16.91,3.44,37338448,1465314,1245177,274.624416487387,58245.81567331775,2.19489,465.52
1998.91,16.93,3.43,37339769,1465440,1245177,274.11130253102806,58136.98798310812,2.19489,465.52
1998.91,16.96,3.43,37341212,1465450,1246440,274.0829569411624,58130.97609230984,2.19489,465.52
1998.91,16.97,3.43,37344544,1465296,1254402,274.07350971391367,58128.972405004846,2.19489,465.52
1998.91,16.98,3.43,37346726,1465561,1247531,274.06406313790586,58126.96885582327,2.19489,465.52
1998.91,17.0,3.43,37346726,1465227,1247531,274.04517193934385,58122.96217177324,2.19489,465.52
1998.91,17.0,3.43,37348760,1465396,1248176,274.04517193934385,58122.96217177324,2.19489,465.52
1998.91,17.04,3.43,37350677,1465365,1253300,274.0073973541495,58114.95046052588,2.19489,465.52
1998.91,17.05,3.42,37350677,1465456,1249726,273.9979553349436,58112.947877808416,2.19489,465.52
2004.34,17.07,3.42,37358416,1465326,1253671,274.47301442468296,58213.70441114516,2.19489,465.52
1998.91,17.07,3.43,37358019,1465497,1251404,273.9790732485722,58108.9431263869,2.19489,465.52
1998.91,17.1,3.43,37358799,1465241,1254097,273.95075499810724,58102.93703407409,2.19489,465.52
1998.91,17.12,3.42,37358799,1465592,1253568,273.9318794164076,58098.93366224552,2.19489,465.52
1998.91,17.15,3.42,37369574,1465356,1257078,273.90357092042933,58092.929638787486,2.19489,465.52
1998.91,17.17,3.42,37366504,1465371,1254750,273.88470184004075,58088.92764583909,2.19489,465.52
1998.91,17.19,3.41,37367195,1465346,1254560,273.8658353592362,58084.92620424332,2.19489,465.52
1998.91,17.2,3.41,37368510,1465346,1255363,273.85640309351004,58082.92569016706,2.19489,465.52
1998.91,17.21,3.42,37368510,1465564,1254426,273.8469714774784,58080.92531388623,2.19489,465.52
1998.91,17.25,3.41,37377348,1465511,1256942,273.80925150895536,58072.925186432534,2.19489,465.52
1998.91,17.25,3.41,37377100,1465562,1256942,273.80925150895536,58072.925186432534,2.19489,465.52
1998.91,17.29,3.41,37381173,1465462,1258646,273.7715419301771,58064.92726256715,2.19489,465.52
1998.91,17.3,3.4,37387917,1465674,1250535,273.76211615837707,58062.9281258048,2.19489,465.52
1998.91,17.33,3.4,37390902,1465601,1260630,273.7338427368515,58056.9315413798,2.19489,465.52
1998.91,17.34,3.4,37391021,1465728,1251289,273.7244195607444,58054.93295514478,2.19489,465.52
1998.91,17.36,3.41,37392233,1465608,1261912,273.70557515473007,58050.9361954494,2.19489,465.52
1998.91,17.37,3.4,37390967,1465628,1261612,273.69615392468893,58048.93802196064,2.19489,465.52
1993.48,17.39,3.4,37395251,1465587,1256568,273.1839162596192,57940.29618667811,2.19489,465.52
1998.91,17.4,3.4,37395709,1465678,1263023,273.667894125626,58042.944326759614,2.19489,465.52
1998.91,17.41,3.4,37395847,1465638,1262963,273.65847548940195,58040.94670340035,2.19489,465.52
1998.91,17.42,3.4,37403581,1465742,1261243,273.64905750146477,58038.94921753796,2.19489,465.52
1998.91,17.43,3.4,37402672,1465751,1260864,273.63964016174765,58036.951869158256,2.19489,465.52
1998.91,17.45,3.4,37402372,1465431,1260864,273.62080742670554,58032.95758479011,2.19489,465.52
1993.48,17.45,3.4,37399924,1465418,1267297,273.1275121475216,57928.33329001191,2.19489,465.52
1998.91,17.45,3.4,37402405,1465418,1266117,273.62080742670554,58032.95758479011,2.19489,465.52
1998.91,17.48,3.4,37407110,1465330,1273587,273.59256318411946,58026.96718900322,2.19489,465.52
1998.91,17.5,3.4,37407110,1465467,1267049,273.57373692826644,58022.97427882335,2.19489,465.52
1998.91,17.53,3.39,37407110,1465454,1274935,273.54550240195624,58016.985943787,2.19489,465.52
1993.48,17.55,3.39,37407110,1465362,1275877,273.03355703498374,57908.40610277764,2.19489,465.52
1998.91,17.58,3.39,37416916,1465269,1278521,273.498457806902,58007.00813173737,2.19489,465.52
1993.48,17.6,3.39,37423129,1465598,1270192,272.9866037147713,57898.447649449554,2.19489,465.52
1998.91,17.62,3.39,37424494,1465353,1270571,273.4608337799657,57999.02835278744,2.19489,465.52
1998.91,17.62,3.39,37423081,1465337,1271439,273.4608337799657,57999.02835278744,2.19489,465.52
1998.91,17.66,3.38,37423852,1465231,1279082,273.4232201031623,57991.05076902446,2.19489,465.52
1998.91,17.66,3.38,37425491,1465457,1272818,273.4232201031623,57991.05076902446,2.19489,465.52
1998.91,17.68,3.39,37430547,1465317,1281928,273.40441714472587,57987.06280005503,2.19489,465.52
1998.91,17.69,3.38,37435911,1465585,1281928,273.3950166352655,57985.06902124881,2.19489,465.52
1998.91,17.72,3.38,37437626,1465599,1278952,273.36681898511574,57979.08850737444,2.19489,465.52
1998.91,17.74,3.38,37437099,1465352,1275693,273.3480237828754,57975.10218343705,2.19489,465.52
1998.91,17.76,3.38,37438749,1465462,1276666,273.32923116496727,57971.11640761749,2.19489,465.52
1998.91,17.77,3.38,37443306,1465472,1277239,273.3198358249712,57969.123725216574,2.19489,465.52
1998.91,17.78,3.38,37444176,1465341,1277344,273.3104411308584,57967.13117980273,2.19489,465.52
1998.91,17.79,3.38,37447083,1465709,1277517,273.3010470825621,57965.1387713618,2.19489,465.52
1998.91,17.8,3.38,37450712,1465853,1273717,273.29165368001594,57963.14649987973,2.19489,465.52
1998.91,17.82,3.37,37449594,1465356,1273717,273.2728688119072,57959.16236773552,2.19489,465.52
1998.91,17.84,3.37,37450680,1465497,1273851,273.25408652599964,57955.17878325718,2.19489,465.52
1998.91,17.85,3.37,37451549,1465362,1280875,273.24469635120494,57953.18719635741,2.19489,465.52
1998.91,17.86,3.38,37456415,1465751,1281305,273.23530682176084,57951.19574633176,2.19489,465.52
1998.91,17.87,3.38,37460579,1465887,1273061,273.22591793760097,57949.20443316613,2.19489,465.52
1998.91,17.88,3.37,37460579,1465407,1281816,273.21652969865863,57947.213256846386,2.19489,465.52
1998.91,17.92,3.37,37460633,1465370,1273893,273.1789831937356,57939.249919744405,2.19489,465.52
1998.91,17.93,3.37,37465269,1465422,1273893,273.16959817988396,57937.259427442645,2.19489,465.52
1998.91,17.93,3.37,37465269,1465622,1284432,273.16959817988396,57937.259427442645,2.19489,465.52
1993.48,17.97,3.37,37465269,1465780,1280220,272.6396504193108,57824.86141136802,2.19489,465.52
1998.91,18.01,3.36,37477720,1465508,1287394,273.0945412769633,57921.34041125157,2.19489,465.52
1993.48,18.02,3.36,37479597,1465600,1288677,272.59283246924394,57814.93166905059,2.19489,465.52
1993.48,18.04,3.37,37483099,1465751,1288512,272.5741097910978,57810.96072693931,2.19489,465.52
1998.91,18.07,3.37,37485852,1465523,1291524,273.0382756617012,57909.40688874393,2.19489,465.52
1998.91,18.09,3.36,37487711,1465727,1291524,273.0195256084351,57905.43014057138,2.19489,465.52
1993.48,18.11,3.36,37487711,1465274,1291524,272.50860066631105,57797.06672415525,2.19489,465.52
1998.91,18.13,3.36,37492604,1465640,1291950,272.98203322645094,57897.47828254602,2.19489,465.52
1993.48,18.14,3.36,37497052,1465597,1300408,272.4805349653945,57791.114195741226,2.19489,465.52
1998.91,18.15,3.35,37497052,1465746,1294156,272.9632908966723,57893.50317246827,2.19489,465.52
1993.48,18.18,3.36,37505701,1465770,1305471,272.443123022242,57783.1793981995,2.19489,465.52
1993.48,18.2,3.36,37508750,1465861,1305471,272.4244209029338,57779.21281646631,2.19489,465.52
1998.91,18.21,3.36,37511084,1465689,1305532,272.90707934582866,57881.5811166255,2.19489,465.52
1993.48,18.24,3.35,37512248,1465689,1296888,272.38702436620946,57771.2812865145,2.19489,465.52
1998.91,18.26,3.35,37516236,1465841,1297553,272.86025406883994,57871.64982032191,2.19489,465.52
1998.91,18.28,3.35,37516236,1465738,1299149,272.84152845692154,57867.67825597916,2.19489,465.52
1993.48,18.3,3.35,37518293,1465716,1307738,272.3309488079251,57759.38807369175,2.19489,465.52
1998.91,18.32,3.35,37517734,1465680,1300102,272.8040849425348,57859.736762411245,2.19489,465.52
1998.91,18.33,3.35,37520713,1465572,1301037,272.7947256696879,57857.75172958696,2.19489,465.52
1993.48,18.33,3.35,37524850,1465876,1301831,272.3029196859811,57753.443303408334,2.19489,465.52
1993.48,18.37,3.35,37528908,1465844,1301831,272.26555649722064,57745.51884631401,2.19489,465.52
1998.91,18.39,3.35,37530825,1465683,1303630,272.73858351581475,57845.84439233041,2.19489,465.52
1998.91,18.4,3.35,37532183,1465756,1303705,272.72922873675407,57843.860312605066,2.19489,465.52
1993.48,18.43,3.34,37533935,1465677,1304308,272.2095309351456,57733.63623731895,2.19489,465.52
1998.91,18.44,3.34,37533935,1465844,1311868,272.6918160369033,57835.92535457322,2.19489,465.52
1993.48,18.48,3.34,37541304,1465826,1311868,272.16286057699745,57723.7377981602,2.19489,465.52
1993.48,18.5,3.34,37541755,1465718,1310723,272.1441969143486,57719.77937280116,2.19489,465.52
1993.48,18.5,3.34,37545322,1465666,1310723,272.1441969143486,57719.77937280116,2.19489,465.52
1993.48,18.53,3.34,37547977,1465717,1309636,272.11620621938346,57713.84275259689,2.19489,465.52
1988.05,18.53,3.34,37549046,1465713,1310131,271.6247374586496,57609.60584892662,2.19489,465.52
1988.05,18.56,3.34,37549046,1465713,1307800,271.5968030644781,57603.68116970592,2.19489,465.52
1988.05,18.56,3.34,37549046,1465713,1312732,271.5968030644781,57603.68116970592,2.19489,465.52
1993.48,18.61,3.34,37559507,1466122,1307789,272.04159250777957,57698.01773401927,2.19489,465.52
2009.78,18.63,3.33,37559507,1465757,1310729,273.49775122949035,58006.858271873454,2.19489,465.52
2009.78,18.65,3.34,37559507,1465457,1314129,273.4790056673773,58002.88247624139,2.19489,465.52
2004.34,18.68,3.33,37571595,1465883,1314878,272.9587713611743,57892.54461228301,2.19489,465.52
2004.34,18.7,3.34,37574405,1465971,1316943,272.94006594597056,57888.57733151466,2.19489,465.52
2004.34,18.71,3.33,37576586,1465737,1316954,272.93071419972415,57886.5938950269,2.19489,465.52
2004.34,18.74,3.33,37576209,1465574,1318240,272.9026628056168,57880.644400981706,2.19489,465.52
2004.34,18.75,3.33,37577689,1465577,1318237,272.8933136222388,57878.66150805944,2.19489,465.52
2004.34,18.77,3.34,37579436,1465650,1318237,272.8746171770742,57874.69612977032,2.19489,465.52
1998.91,18.78,3.33,37583226,1465700,1319931,272.3742220333663,57768.566006028865,2.19489,465.52
2004.34,18.8,3.33,37583685,1465617,1323353,272.84657731231886,57868.749081015754,2.19489,465.52
1998.91,18.81,3.33,37587447,1465623,1321213,272.3462345465154,57762.630066241974,2.19489,465.52
1998.91,18.84,3.32,37590971,1465785,1327764,272.3182528107149,57756.69534621051,2.19489,465.52
1998.91,18.86,3.33,37592008,1465680,1322626,272.29960151433386,57752.73954364578,2.19489,465.52
1998.91,18.87,3.32,37595069,1465679,1328318,272.2902768241923,57750.76184555854,2.19489,465.52
2004.34,18.88,3.32,37595069,1465764,1328318,272.77183250464503,57852.89625792744,2.19489,465.52
1998.91,18.92,3.32,37603044,1465735,1326238,272.2436629513494,57740.87538651694,2.19489,465.52
2004.34,18.92,3.33,37607614,1465594,1334269,272.7344754556493,57844.973103031974,2.19489,465.52
1998.91,18.97,3.32,37608721,1465579,1327685,272.19706503560394,57730.99231185815,2.19489,465.52
2004.34,18.98,3.32,37609252,1465663,1327631,272.6784590638808,57833.09243899138,2.19489,465.52
2004.34,18.99,3.32,37612397,1465502,1339960,272.6691252356113,57831.11280277452,2.19489,465.52
1998.91,19.01,3.32,37616139,1465768,1329596,272.15979818661225,57723.088287719074,2.19489,465.52
1998.91,19.04,3.31,37617814,1465768,1330830,272.13185474588664,57717.161689790904,2.19489,465.52
1998.91,19.05,3.31,37619431,1465790,1331124,272.1225415407277,57715.18642758387,2.19489,465.52
1998.91,19.05,3.32,37624155,1465688,1332897,272.1225415407277,57715.18642758387,2.19489,465.52
2004.34,19.09,3.32,37624827,1465743,1332650,272.57582208572234,57811.3238920153,2.19489,465.52
1998.91,19.1,3.31,37624827,1465609,1332650,272.07598507510903,57705.31214419162,2.19489,465.52
1998.91,19.14,3.31,37631387,1465607,1334919,272.03875137090097,57697.41514981699,2.19489,465.52
1998.91,19.16,3.31,37635069,1465614,1336231,272.0201383401205,57693.46746310426,2.19489,465.52
1998.91,19.19,3.31,37638718,1465600,1338106,271.99222356913396,57687.546945816524,2.19489,465.52
2004.34,19.22,3.31,37644387,1465767,1331026,272.45462340982823,57785.61854568714,2.19489,465.52
1998.91,19.23,3.31,37643193,1465594,1339816,271.95501278541843,57679.65481270951,2.19489,465.52
1998.91,19.26,3.31,37649847,1465683,1335292,271.927111378546,57673.737129851936,2.19489,465.52
1998.91,19.27,3.31,37648570,1465504,1340841,271.91781218179545,57671.76483872514,2.19489,465.52
1998.91,19.29,3.31,37651468,1465631,1341820,271.89921569621333,57667.82066112708,2.19489,465.52
2004.34,19.31,3.31,37655128,1465631,1342052,272.3707797522105,57767.835923553816,2.19489,465.52
1998.91,19.33,3.3,37655446,1465576,1342710,271.8620303548982,57659.93392416577,2.19489,465.52
1998.91,19.35,3.3,37659538,1465634,1342710,271.8434414981218,57655.99136458121,2.19489,465.52
1998.91,19.37,3.3,37665578,1465679,1348006,271.8248551832375,57652.04934411324,2.19489,465.52
1998.91,19.39,3.3,37665896,1465499,1346977,271.80627140972393,57648.10786265128,2.19489,465.52
1998.91,19.41,3.3,37667996,1465560,1347186,271.7876901770598,57644.16692008478,2.19489,465.52
1998.91,19.42,3.3,37671217,1465654,1347788,271.77840051338353,57642.1966508528,2.19489,465.52
1998.91,19.45,3.3,37672728,1465570,1348871,271.75053533219625,57636.28665119619,2.19489,465.52
2004.34,19.46,3.3,37675954,1465562,1356401,272.231154937738,57738.22252897219,2.19489,465.52
1998.91,19.48,3.3,37677737,1465562,1356401,271.7226758644043,57630.37786330863,2.19489,465.52
1998.91,19.49,3.3,37677407,1465521,1357013,271.71339064448,57628.40853656371,2.19489,465.52
2004.34,19.52,3.3,37677407,1465583,1352330,272.1753450860406,57726.38567055916,2.19489,465.52
1998.91,19.53,3.3,37681886,1465431,1360305,271.6762561097466,57620.53257530411,2.19489,465.52
1998.91,19.56,3.3,37685475,1465462,1352996,271.64841186908757,57614.62701697928,2.19489,465.52
1998.91,19.57,3.3,37685492,1465327,1352996,271.6391317238338,57612.658766534594,2.19489,465.52
2004.34,19.57,3.29,37690229,1465441,1352996,272.1288543534145,57716.525328650416,2.19489,465.52
1998.91,19.62,3.29,37691264,1465437,1357526,271.5927405068847,57602.81953116783,2.19489,465.52
2004.34,19.63,3.29,37696408,1465401,1357526,272.07308643463176,57704.697363899686,2.19489,465.52
2004.34,19.67,3.29,37696534,1465371,1362953,272.0359205188563,57696.81474695222,2.19489,465.52
1998.91,19.68,3.29,37698021,1465221,1365548,271.5370919584763,57591.01688399414,2.19489,465.52
1988.05,19.69,3.29,37701927,1465368,1358744,270.5487755154313,57381.402247011734,2.19489,465.52
1982.62,19.7,3.29,37704270,1465490,1358636,270.05003180402264,57275.6223798954,2.19489,465.52
1977.19,19.71,3.29,37703750,1465440,1361821,269.5513221528279,57169.849736699536,2.19489,465.52
1966.33,19.72,3.28,37703824,1465611,1360256,268.56317475130754,56960.270952179235,2.19489,465.52
1966.33,19.74,3.28,37704156,1465488,1358798,268.5448359090971,56956.38141884235,2.19489,465.52
1960.9,19.75,3.28,37703961,1465409,1358710,268.04624575378824,56850.63411984359,2.19489,465.52
1955.47,19.76,3.28,37703088,1465386,1361946,267.54768964239435,56744.894041308406,2.19489,465.52
1950.04,19.77,3.28,37703271,1465715,1358449,267.0491675714286,56639.16118249727,2.19489,465.52
1939.18,19.78,3.28,37706525,1465609,1356892,266.0613079874412,56429.64344195546,2.19489,465.52
1922.88,19.78,3.27,37708557,1465679,1362934,264.5922921008098,56118.075994135914,2.19489,465.52
1901.16,19.81,3.25,37711413,1465875,1356990,262.6079112935785,55697.20344317331,2.19489,465.52
1884.87,19.82,3.24,37710658,1465891,1363108,261.1310334442918,55383.96853099094,2.19489,465.52
1868.58,19.83,3.24,37706914,1465891,1363108,259.6542564126616,55070.755001490834,2.19489,465.52
1852.29,19.83,3.24,37706710,1465871,1363779,258.186392311383,54759.43183885981,2.19489,465.52
1835.99,19.86,3.24,37707908,1466025,1363779,256.69134294296464,54442.34288133295,2.19489,465.52
1819.7,19.87,3.22,37712487,1466053,1365128,255.21491902029035,54129.204243641165,2.19489,465.52
1808.84,19.89,3.21,37712551,1466155,1363830,254.21912488077996,53918.00364232407,2.19489,465.52
1787.12,19.9,3.21,37716524,1466304,1367278,252.2537653046931,53501.16535436433,2.19489,465.52
1765.4,19.91,3.21,37715670,1466479,1364717,250.28853985537717,53084.35551370464,2.19489,465.52
1754.53,19.92,3.19,37717982,1466568,1367712,249.30082326569348,52874.86810120126,2.19489,465.52
1732.81,19.93,3.19,37716939,1466568,1367712,247.33583268033755,52458.10807345732,2.19489,465.52
1721.95,19.94,3.18,37714232,1466602,1368633,246.34918497967044,52248.84736444021,2.19489,465.52
1689.37,19.94,3.16,37715193,1466547,1368440,243.4145585891925,51626.4347254035,2.19489,465.52
1667.64,19.96,3.16,37719505,1467019,1368360,241.4407647132635,51207.80758457983,2.19489,465.52
1662.21,19.97,3.15,37718569,1467042,1368751,240.9434734476453,51102.33577051599,2.19489,465.52
1651.35,19.98,3.14,37713556,1467150,1359627,239.95717845567512,50893.14986841522,2.19489,465.52
1618.77,19.98,3.14,37715567,1467027,1368371,237.02295251911053,50270.82216270352,2.19489,465.52
1602.48,19.99,3.13,37717102,1467309,1361207,235.5478039419195,49957.9540163937,2.19489,465.52
1575.32,20.0,3.11,37717815,1467401,1368323,233.0938468620216,49437.48779720546,2.19489,465.52
1559.03,20.0,3.1,37715829,1467535,1368323,231.62683398672704,49126.34517333496,2.19489,465.52
1526.45,20.01,3.1,37713948,1467324,1368323,228.68500728074724,48502.405400422555,2.19489,465.52
1515.59,20.02,3.1,37720392,1467845,1369299,227.69926499356055,48293.33672293478,2.19489,465.52
1515.59,20.03,3.1,37720263,1467598,1377359,227.69149845883808,48291.68949813353,2.19489,465.52
1504.72,20.03,3.06,37721711,1467751,1375065,226.7126894829869,48084.091324904686,2.19489,465.52
1510.16,20.05,3.06,37723401,1467747,1370178,227.1870460778693,48184.6988642573,2.19489,465.52
1504.72,20.05,3.05,37726307,1467960,1371318,226.69722477019812,48080.811373245415,2.19489,465.52
1493.86,20.06,3.05,37726307,1468339,1372458,225.71168475277224,47871.785595683854,2.19489,465.52
1493.86,20.07,3.05,37741427,1468392,1381880,225.7039870621388,47870.15297220674,2.19489,465.52
1493.86,20.08,3.04,37748391,1468611,1381988,225.69628989653296,47868.52046008411,2.19489,465.52
1493.86,20.08,3.04,37752235,1468569,1374784,225.69628989653296,47868.52046008411,2.19489,465.52
1499.29,20.1,3.04,37758571,1468488,1385133,226.16973467857193,47968.934610649645,2.19489,465.52
1510.16,20.11,3.04,37762082,1468628,1378251,227.14056437983797,48174.840438519546,2.19489,465.52
1531.88,20.12,3.04,37762082,1468577,1380035,229.08803608468213,48587.884840762505,2.19489,465.52
1553.6,20.14,3.04,37760776,1467433,1380283,231.02749761355037,48999.23034368919,2.19489,465.52
1575.32,20.16,3.05,37760776,1467433,1383057,232.96669464935263,49410.51974958501,2.19489,465.52
1591.62,20.18,3.08,37769840,1466804,1391729,234.41782303641824,49718.293390517705,2.19489,465.52
1613.34,20.2,3.08,37769840,1466620,1394397,236.35652450586676,50129.477690440566,2.19489,465.52
1613.34,20.23,3.09,37781696,1466552,1387703,236.332355524562,50124.3516275504,2.19489,465.52
1624.2,20.24,3.09,37787837,1466680,1387654,237.30150884507904,50329.90190741276,2.19489,465.52
1629.63,20.25,3.09,37787802,1466710,1387848,237.78200848053376,50431.81234041709,2.19489,465.52
1635.06,20.26,3.09,37797510,1466872,1387848,238.2624753632101,50533.7158267984,2.19489,465.52
1645.92,20.27,3.1,37803078,1466963,1392655,239.23146381494513,50739.23113920664,2.19489,465.52
1645.92,20.27,3.1,37810106,1467105,1391375,239.23146381494513,50739.23113920664,2.19489,465.52
1662.21,20.3,3.11,37814069,1466975,1392529,240.6725198056697,51044.86849907529,2.19489,465.52
1678.51,20.31,3.1,37818148,1467090,1389807,242.1306813897795,51354.13382928993,2.19489,465.52
1683.94,20.32,3.1,37794770,1465547,1393287,242.61090185973208,51455.985053347766,2.19489,465.52
1689.37,20.33,3.11,37800385,1465758,1393865,243.09108960374277,51557.82933647442,2.19489,465.52
1689.37,20.34,3.11,37809824,1466164,1387490,243.0828068312598,51556.072621447114,2.19489,465.52
1694.8,20.34,3.11,37819134,1466164,1387490,243.5712446251569,51659.66667937939,2.19489,465.52
1705.66,20.36,3.11,37824732,1466655,1388998,244.53145651357372,51863.32054736175,2.19489,465.52
1727.38,20.37,3.11,37824732,1466324,1397315,246.4766770026658,52275.88748332763,2.19489,465.52
1743.67,20.38,3.12,37825515,1466184,1397315,247.93339371858096,52584.84636764202,2.19489,465.52
1743.67,20.4,3.12,37823245,1465770,1398311,247.9165016461082,52581.263683508645,2.19489,465.52
1754.53,20.4,3.12,37825115,1465742,1398758,248.89317756592337,52788.409451265725,2.19489,465.52
1765.4,20.41,3.13,37830615,1466018,1393232,249.86224107513573,52993.940682811975,2.19489,465.52
1770.83,20.42,3.13,37829605,1465822,1399510,250.34203460213135,53095.70135541379,2.19489,465.52
1781.69,20.43,3.13,37825745,1465154,1400331,251.31008350163307,53301.01739571469,2.19489,465.52
1792.55,20.44,3.13,37832165,1465629,1397981,252.2780664555031,53506.319449432915,2.19489,465.52
1792.55,20.45,3.13,37843414,1466077,1401467,252.2694738783078,53504.497027108344,2.19489,465.52
1803.41,20.46,3.13,37846478,1466159,1402353,253.2373582198593,53709.77816588024,2.19489,465.52
1808.84,20.47,3.13,37846988,1465878,1402185,253.7169550952379,53811.49713012275,2.19489,465.52
1819.7,20.47,3.15,37856667,1466273,1404354,254.693398172214,54018.593513628955,2.19489,465.52
1819.7,20.48,3.15,37856714,1466223,1408334,254.68472421525556,54016.75383125612,2.19489,465.52
1830.56,20.49,3.15,37863444,1466619,1405392,255.65242741992645,54221.99655223002,2.19489,465.52
1852.29,20.49,3.15,37866650,1466622,1405392,257.60607961922415,54636.35179181701,2.19489,465.52
1879.44,20.51,3.15,37866650,1465929,1402905,260.02931029096,55150.30116618495,2.19489,465.52
1901.16,20.53,3.16,37860719,1465697,1406620,261.96408911933656,55560.6535028332,2.19489,465.52
1917.45,20.55,3.16,37856975,1465155,1412482,263.41051589022595,55867.42996561011,2.19489,465.52
1939.18,20.56,3.16,37856975,1465797,1407363,265.35473408723277,56279.78432280824,2.19489,465.52
1966.33,20.58,3.16,37877712,1465797,1409960,267.77685966505106,56793.49931489713,2.19489,465.52
1988.05,20.59,3.17,37877712,1464538,1409960,269.7198318987503,57205.58941245631,2.19489,465.52
1998.91,20.6,3.17,37867758,1465031,1409960,270.6866608960021,57410.64672047661,2.19489,465.52
2015.21,20.62,3.17,37881058,1465714,1412719,272.1330478329018,57717.414734757745,2.19489,465.52
2020.64,20.62,3.17,37883643,1465538,1415951,272.6210200837473,57820.910054438275,2.19489,465.52
2026.07,20.63,3.18,37878692,1465358,1411212,273.09969595661136,57922.43368083216,2.19489,465.52
2036.93,20.63,3.18,37880165,1465223,1413576,274.07560723805227,58129.41727442291,2.19489,465.52
2036.93,20.64,3.17,37883044,1465360,1413450,274.0662782749413,58127.43867007033,2.19489,465.52
2047.79,20.64,3.17,37895344,1466040,1413450,275.04215633839385,58334.41521837044,2.19489,465.52
2053.22,20.65,3.17,37900164,1466237,1413450,275.5207172184738,58435.91445564193,2.19489,465.52
2058.65,20.65,3.17,37906550,1466357,1422636,276.0086396423365,58539.399207386465,2.19489,465.52
2064.08,20.66,3.18,37911545,1466667,1416062,276.48715133946877,58640.88801331707,2.19489,465.52
2080.37,20.66,3.17,37921764,1467143,1425110,277.9508687908577,58951.331702053445,2.19489,465.52
2091.23,20.68,3.18,37925829,1467322,1416596,278.9076948429488,59154.2674590934,2.19489,465.52
2102.1,20.69,3.18,37923287,1466930,1421093,279.87481347414814,59359.38619634033,2.19489,465.52
2107.53,20.69,3.18,37920161,1466683,1417593,280.36266947786055,59462.85686086029,2.19489,465.52
2123.82,20.69,3.18,37921559,1466786,1417907,281.8262374889979,59773.268854420174,2.19489,465.52
2134.68,20.7,3.17,37921559,1467091,1419620,282.7923254722779,59978.16899883585,2.19489,465.52
2140.11,20.71,3.17,37925802,1466940,1418147,283.2705249035587,60079.591575479695,2.19489,465.52
2150.97,20.71,3.18,37925802,1466522,1418147,284.24617050439485,60286.51882017135,2.19489,465.52
2156.4,20.71,3.18,37916849,1466522,1418386,284.733993304813,60389.982442517176,2.19489,465.52
2178.13,20.72,3.17,37933149,1467036,1413603,286.6764273466298,60801.95839354277,2.19489,465.52
2183.56,20.72,3.18,37930297,1467004,1420141,287.16423354709553,60905.41849516099,2.19489,465.52
2199.85,20.73,3.18,37929274,1466620,1420006,288.61783087272886,61213.71577977609,2.19489,465.52
2205.28,20.74,3.18,37927167,1466438,1423735,289.095783269279,61315.0859621734,2.19489,465.52
2216.14,20.75,3.18,37927355,1466552,1420541,290.06145954838433,61519.898787166494,2.19489,465.52
2216.14,20.75,3.18,37939901,1467354,1425346,290.06145954838433,61519.898787166494,2.19489,465.52
2205.28,20.76,3.18,37951113,1467903,1423202,289.076110867301,61310.913590633674,2.19489,465.52
2194.42,20.76,3.18,37956786,1468105,1425200,288.1006312433966,61104.02154842656,2.19489,465.52
2183.56,20.76,3.18,37963916,1468796,1422616,287.12515161949227,60897.12950621946,2.19489,465.52
2172.69,20.77,3.17,37965323,1469178,1420802,286.1390381632585,60687.98210651107,2.19489,465.52
2161.83,20.77,3.16,37965684,1469150,1421452,285.16359172796405,60481.09710336364,2.19489,465.52
2150.97,20.77,3.17,37968435,1469238,1424123,284.1881452926697,60274.212100216224,2.19489,465.52
2140.11,20.77,3.16,37967338,1469662,1422081,283.21269885737524,60067.327097068795,2.19489,465.52
2129.25,20.77,3.16,37967338,1469662,1422990,282.23725242208087,59860.442093921374,2.19489,465.52
2118.39,20.77,3.15,37973798,1470047,1419807,281.26180598678644,59653.557090773946,2.19489,465.52
2102.1,20.77,3.15,37974415,1470369,1419061,279.7986363338449,59343.229586052825,2.19489,465.52
2091.23,20.77,3.15,37974540,1470430,1419109,278.82229169741305,59136.154081060886,2.19489,465.52
2074.94,20.77,3.14,37978129,1470841,1420590,277.35912204447146,58825.82657633974,2.19489,465.52
2064.08,20.77,3.14,37978129,1470946,1417758,276.3836756091771,58618.94157319233,2.19489,465.52
2058.65,20.76,3.14,37974745,1470958,1418116,275.90533948119645,58517.49000418544,2.19489,465.52
2047.79,20.76,3.14,37971816,1470824,1418973,274.9298598572921,58310.59796197833,2.19489,465.52
2042.36,20.76,3.14,37969010,1471200,1417666,274.4421200453399,58207.15194087477,2.19489,465.52
2031.5,20.76,3.14,37972268,1471228,1417212,273.4666404214356,58000.259898667675,2.19489,465.52
2015.21,20.75,3.12,37970262,1471283,1416930,272.0126759505667,57691.88474525275,2.19489,465.52
1998.91,20.75,3.12,37969966,1471226,1416375,270.5485084661471,57381.34560782581,2.19489,465.52
1982.62,20.75,3.12,37971768,1471722,1416666,269.08523924398787,57070.996985207115,2.19489,465.52
1971.76,20.74,3.12,37968801,1471719,1415862,268.1188492209545,56866.03278038476,2.19489,465.52
1960.9,20.74,3.12,37966367,1471783,1415529,267.1433032130545,56659.126658621215,2.19489,465.52
1955.47,20.73,3.09,37966772,1472020,1415529,266.6646038286162,56557.59804559563,2.19489,465.52
1944.61,20.73,3.09,37966772,1471968,1412775,265.68902462533,56350.68488333521,2.19489,465.52
1922.88,20.72,3.09,37971882,1472501,1414294,263.7459425088992,55938.57148045813,2.19489,465.52
1912.02,20.72,3.09,37971520,1472464,1411516,262.77033010796777,55731.6512772217,2.19489,465.52
1895.73,20.72,3.07,37972825,1472617,1413752,261.30691150657054,55421.27097236705,2.19489,465.52
1841.43,20.71,3.07,37972825,1473423,1416206,256.43757572696956,54388.52072423623,2.19489,465.52
1830.56,20.71,3.06,37970907,1473423,1416206,255.4610317416022,54181.40293880361,2.19489,465.52
1792.55,20.7,3.04,37962336,1473187,1412425,252.05484951734277,53458.97678121154,2.19489,465.52
1770.83,20.69,3.04,37962468,1473269,1413026,250.11200346497313,53046.91344578283,2.19489,465.52
1754.53,20.69,3.02,37959579,1473282,1408291,248.64753700815675,52736.310898512966,2.19489,465.52
1749.1,20.69,3.02,37956260,1473201,1413077,248.1596810044443,52632.84023399301,2.19489,465.52
1727.38,20.68,3.01,37953521,1473196,1409991,246.21663626526384,52220.73475855538,2.19489,465.52
1700.23,20.67,3.0,37950836,1473147,1409868,243.785570053666,51705.12352390443,2.19489,465.52
1667.64,20.67,3.0,37943711,1473319,1408780,240.8573362776688,51084.06671130689,2.19489,465.52
1645.92,20.67,2.99,37940718,1473289,1408794,238.90577943156077,50670.1558806957,2.19489,465.52
1613.34,20.66,2.98,37937337,1473418,1409359,235.98647583062527,50050.993092443205,2.19489,465.52
1580.75,20.66,2.95,37931171,1473266,1407235,233.0581423904309,49429.915141803634,2.19489,465.52
1548.17,20.66,2.94,37931171,1473527,1406626,230.13070748765296,48809.02776433089,2.19489,465.52
1537.31,20.66,2.93,37924263,1473482,1406626,229.15489585339367,48602.065305173295,2.19489,465.52
1504.72,20.65,2.93,37924263,1473334,1406626,226.2342624323421,47982.62047187051,2.19489,465.52
1472.14,20.65,2.93,37920385,1473707,1406165,223.3067278891658,47361.71196140329,2.19489,465.52
1472.14,20.65,2.93,37918188,1473739,1406165,223.3067278891658,47361.71196140329,2.19489,465.52
1483.0,20.66,2.89,37916876,1473739,1406165,224.27493914468067,47567.062436218555,2.19489,465.52
1504.72,20.67,2.89,37921780,1473739,1406165,226.2188629181883,47979.35434836143,2.19489,465.52
1515.59,20.67,2.9,37892363,1471556,1407047,227.19553984807752,48186.50033034778,2.19489,465.52
1526.45,20.68,2.9,37892074,1471618,1403495,228.16355285173012,48391.80875740352,2.19489,465.52
1559.03,20.68,2.9,37923458,1472262,1410942,231.09078849405793,49012.65387320269,2.19489,465.52
1575.32,20.7,2.9,37918173,1471388,1409551,232.5385782120185,49319.719407013035,2.19489,465.52
1586.18,20.7,2.91,37904014,1470261,1412360,233.51425701501913,49526.65369363918,2.19489,465.52
1602.48,20.72,2.91,37904014,1470261,1413094,234.9626816195402,49833.853882212024,2.19489,465.52
1613.34,20.73,2.92,37940214,1471653,1413094,235.9302656315367,50039.071323297736,2.19489,465.52
1629.63,20.74,2.92,37944069,1471502,1416308,237.38555680080503,50347.72785966985,2.19489,465.52
1651.35,20.74,2.93,37944069,1469963,1416312,239.33664881660505,50761.54010319696,2.19489,465.52
1656.78,20.77,2.93,37925423,1469702,1416800,239.79994327995007,50859.80144594142,2.19489,465.52
1673.07,20.78,2.93,37932905,1469951,1417530,241.25490475023145,51168.38805558717,2.19489,465.52
1683.94,20.79,2.94,37935425,1469824,1419594,242.2229753309368,51373.708694311645,2.19489,465.52
1721.95,20.79,2.95,37935425,1468596,1419594,245.6368055579084,52097.75693693877,2.19489,465.52
1732.81,20.79,2.96,37898720,1467068,1420020,246.6121856227575,52304.62786340366,2.19489,465.52
1765.4,20.83,2.96,37927423,1468419,1422470,249.50527073276015,52918.229902871906,2.19489,465.52
1781.69,20.85,2.96,37927423,1466973,1422876,250.95106909663076,53224.87308514939,2.19489,465.52
1797.98,20.87,2.98,37906641,1466680,1426340,252.3966707666214,53531.47455010392,2.19489,465.52
1808.84,20.89,2.99,37926764,1467372,1425600,253.35455160884152,53734.63402035997,2.19489,465.52
1819.7,20.91,2.99,37936214,1467558,1429970,254.31230215372872,53937.76585551157,2.19489,465.52
1835.99,20.92,3.0,37936633,1467555,1429970,255.76607744998836,54246.10088638546,2.19489,465.52
1852.29,20.93,3.0,37936633,1466451,1429970,257.220651589326,54554.60534599138,2.19489,465.52
1868.58,20.95,3.01,37922765,1466095,1427677,258.6654336748779,54861.032983124045,2.19489,465.52
1874.01,20.98,3.01,37926766,1466276,1429536,259.1264259066142,54958.80603950405,2.19489,465.52
1879.44,20.98,3.01,37929852,1466508,1430981,259.6138009045092,55062.174686233535,2.19489,465.52
1879.44,20.99,3.01,37939502,1466719,1430852,259.6049747060695,55060.30271456405,2.19489,465.52
1895.73,21.01,3.01,37938283,1466764,1431162,261.04929998788384,55366.633466989086,2.19489,465.52
1922.88,21.02,3.01,37948574,1466925,1431162,263.4769695247314,55881.52429194763,2.19489,465.52
1960.9,21.04,3.01,37916241,1466925,1431162,266.8708840588891,56601.348562840976,2.19489,465.52
1993.48,21.07,3.02,37915256,1464646,1433959,269.76702817643184,57215.59939527381,2.19489,465.52
2015.21,21.1,3.02,37916301,1464079,1437225,271.68912646345467,57623.26228251412,2.19489,465.52
2015.21,21.12,3.04,37918661,1464082,1437541,271.6706611678783,57619.34592934985,2.19489,465.52
2004.34,21.12,3.04,37936607,1464836,1437541,270.69547778003704,57412.516716629456,2.19489,465.52
2004.34,21.12,3.02,37947876,1465549,1437709,270.69547778003704,57412.516716629456,2.19489,465.52
2004.34,21.18,3.04,37946803,1465303,1442074,270.6402957439999,57400.813013293075,2.19489,465.52
2004.34,21.19,3.04,37944144,1465366,1439925,270.63110092522766,57398.86285996654,2.19489,465.52
2004.34,21.21,3.02,37948716,1465659,1438745,270.6127131618817,57394.9629508172,2.19489,465.52
2004.34,21.22,3.02,37948716,1465604,1440347,270.6035202171807,57393.01319496738,2.19489,465.52
1998.91,21.24,3.03,37952239,1465878,1440727,270.0981916444194,57285.83672726657,2.19489,465.52
1998.91,21.25,3.03,37956020,1465848,1441719,270.0890171134532,57283.89087683426,2.19489,465.52
1998.91,21.27,3.03,37956020,1466364,1441847,270.07066992120315,57279.99957251547,2.19489,465.52
1998.91,21.28,3.01,37957810,1466123,1443008,270.06149725979225,57278.054118602064,2.19489,465.52
1998.91,21.3,3.0,37964232,1466580,1442783,270.04315380608125,57274.16360719988,2.19489,465.52
1998.91,21.3,3.0,37963608,1466560,1440886,270.04315380608125,57274.16360719988,2.19489,465.52
1998.91,21.33,3.0,37963608,1466816,1440886,270.01564329733986,57268.32883095629,2.19489,465.52
1998.91,21.34,2.99,37970923,1466840,1442152,270.00647437332555,57266.38416971716,2.19489,465.52
1998.91,21.36,2.99,37971044,1466819,1445222,269.9881383932655,57262.49524342129,2.19489,465.52
1998.91,21.37,2.99,37974106,1466951,1444328,269.978971337093,57260.55097833765,2.19489,465.52
1998.91,21.38,2.99,37975674,1466992,1447229,269.9698049034076,57258.60684527895,2.19489,465.52
1998.91,21.39,2.99,37976737,1467063,1445657,269.9606390921458,57256.6628442317,2.19489,465.52
1998.91,21.41,2.99,37976436,1467005,1446135,269.9423093366398,57252.77523811788,2.19489,465.52
1998.91,21.41,2.98,37978101,1467006,1446805,269.9423093366398,57252.77523811788,2.19489,465.52
1998.91,21.44,2.98,37978101,1467144,1447340,269.914819369974,57246.94481869719,2.19489,465.52
1998.91,21.46,2.98,37991470,1467460,1449615,269.89649583585293,57243.058532093295,2.19489,465.52
1998.91,21.47,2.97,37996666,1467727,1452379,269.8873350016992,57241.115586654014,2.19489,465.52
1998.91,21.48,2.97,37989559,1467312,1449225,269.878174789399,57239.17277310527,2.19489,465.52
1998.91,21.49,2.97,37993608,1467273,1449225,269.8690151988889,57237.23009143363,2.19489,465.52
1998.91,21.51,2.97,37995137,1467372,1450412,269.8506978829859,57233.345123667976,2.19489,465.52
1998.91,21.51,2.97,38000905,1467372,1450156,269.8506978829859,57233.345123667976,2.19489,465.52
1998.91,21.55,2.96,37998916,1467396,1451838,269.81407070987655,57225.576770071275,2.19489,465.52
1998.91,21.57,2.97,37999871,1467248,1454636,269.7957608516579,57221.69338402553,2.19489,465.52
1998.91,21.57,2.97,37999066,1467133,1451978,269.7957608516579,57221.69338402553,2.19489,465.52
1998.91,21.58,2.97,38001166,1467312,1453891,269.7866068544113,57219.75188864387,2.19489,465.52
1998.91,21.59,2.96,38005034,1467515,1453651,269.77745347832206,57217.81052500512,2.19489,465.52
1998.91,21.6,2.96,38007721,1467635,1454399,269.76830072332694,57215.86929309586,2.19489,465.52
1998.91,21.61,2.96,38007336,1467635,1455910,269.759148589363,57213.92819290272,2.19489,465.52
1998.91,21.63,2.96,38005581,1467436,1456247,269.7408461842752,57210.04638761112,2.19489,465.52
1998.91,21.64,2.96,38007701,1467363,1455450,269.73169591302496,57208.10568248585,2.19489,465.52
1998.91,21.65,2.96,38011352,1467476,1456587,269.72254626255307,57206.165109023095,2.19489,465.52
1998.91,21.67,2.96,38015016,1467470,1457314,269.70424882369116,57202.28435703142,2.19489,465.52
1998.91,21.68,2.96,38016354,1467435,1457263,269.69510103517496,57200.34417847575,2.19489,465.52
1998.91,21.7,2.96,38019368,1467417,1458506,269.67680731965623,57196.464216177745,2.19489,465.52
1998.91,21.72,2.96,38019587,1467500,1460143,269.6585160857348,57192.58478020824,2.19489,465.52
1998.91,21.73,2.95,38019587,1467442,1460269,269.64937139921534,57190.64525956323,2.19489,465.52
1998.91,21.75,2.95,38026413,1467640,1460638,269.6310838867434,57186.766612885745,2.19489,465.52
1998.91,21.76,2.95,38031532,1467758,1462191,269.6219410606647,57184.82748682651,2.19489,465.52
1998.91,21.78,2.95,38031532,1467679,1461298,269.60365726850654,57180.94962920017,2.19489,465.52
1998.91,21.78,2.95,38034652,1467706,1461298,269.60365726850654,57180.94962920017,2.19489,465.52
1998.91,21.82,2.95,38035065,1467578,1461298,269.5670971224214,57173.19549154153,2.19489,465.52
1998.91,21.83,2.95,38034682,1467362,1465489,269.55795863516386,57171.2572857143,2.19489,465.52
1998.91,21.84,2.95,38038633,1467623,1464357,269.54882076748584,57169.319211295326,2.19489,465.52
1998.91,21.86,2.95,38041167,1467681,1466530,269.530546890616,57165.44345662861,2.19489,465.52
1998.91,21.88,2.94,38043958,1467681,1467329,269.5122754913081,57161.56822743451,2.19489,465.52
1998.91,21.9,2.94,38043958,1467350,1467329,269.49400656905823,57157.69352360619,2.19489,465.52
1998.91,21.93,2.94,38049617,1467436,1468901,269.4666078290654,57151.882452690814,2.19489,465.52
1998.91,21.95,2.94,38049617,1467594,1468901,269.4483450972573,57148.00906180958,2.19489,465.52
1998.91,21.97,2.94,38051877,1467413,1468901,269.4300848407449,57144.13619592031,2.19489,465.52
1998.91,21.98,2.94,38053152,1467296,1470781,269.42095564056734,57142.19995981434,2.19489,465.52
1998.91,21.99,2.94,38057325,1467447,1471730,269.411827059025,57140.26385491632,2.19489,465.52
1998.91,22.0,2.94,38061171,1467508,1472098,269.402699096055,57138.327881212965,2.19489,465.52
1998.91,22.01,2.94,38059575,1467233,1472946,269.3935717515945,57136.392038690894,2.19489,465.52
1998.91,22.03,2.94,38061744,1467269,1473565,269.3753189179505,57132.52074713736,2.19489,465.52
1998.91,22.05,2.94,38065437,1467476,1475753,269.35706855759025,57128.64998014907,2.19489,465.52
1998.91,22.05,2.94,38066011,1467153,1475088,269.35706855759025,57128.64998014907,2.19489,465.52
1998.91,22.09,2.94,38062843,1467032,1476666,269.3205752547102,57120.910019441835,2.19489,465.52
1998.91,22.09,2.94,38067847,1467176,1478226,269.3205752547102,57120.910019441835,2.19489,465.52
1998.91,22.13,2.93,38068038,1467129,1477464,269.28409183893467,57113.172155716624,2.19489,465.52
1998.91,22.15,2.93,38068038,1466935,1481386,269.2658538374556,57109.304009955995,2.19489,465.52
1998.91,22.17,2.93,38070358,1466882,1478659,269.2476183062462,57105.43638812137,2.19489,465.52
1998.91,22.18,2.93,38074975,1467138,1478659,269.2385014668358,57103.50277364306,2.19489,465.52
1998.91,22.2,2.93,38076012,1467053,1483415,269.2202696400902,57099.63593749791,2.19489,465.52
1998.91,22.21,2.93,38081715,1467108,1481273,269.2111546526295,57097.70271580447,2.19489,465.52
1998.91,22.23,2.93,38078809,1466849,1484796,269.19292652921877,57093.83666510937,2.19489,465.52
1998.91,22.23,2.93,38080111,1466849,1484796,269.19292652921877,57093.83666510937,2.19489,465.52
1998.91,22.26,2.93,38083205,1466850,1487969,269.1655889719394,57088.038570596815,2.19489,465.52
1998.91,22.26,2.92,38086038,1466919,1484308,269.1655889719394,57088.038570596815,2.19489,465.52
1998.91,22.31,2.92,38085913,1466830,1486065,269.12003871319513,57078.37769627024,2.19489,465.52
1998.91,22.32,2.92,38086668,1466885,1488981,269.1109305113908,57076.44591376453,2.19489,465.52
1998.91,22.34,2.93,38088514,1466718,1487097,269.0927159572257,57072.58274100648,2.19489,465.52
1998.91,22.36,2.93,38088514,1466877,1485875,269.07450386856834,57068.72009116444,2.19489,465.52
1998.91,22.38,2.92,38094512,1466813,1488470,269.05629424491804,57064.85796413225,2.19489,465.52
1998.91,22.38,2.92,38094442,1466757,1488470,269.05629424491804,57064.85796413225,2.19489,465.52
1998.91,22.38,2.92,38097887,1466744,1489861,269.05629424491804,57064.85796413225,2.19489,465.52
1998.91,22.42,2.92,38097020,1466752,1490856,269.0198823906372,57057.13527807289,2.19489,465.52
1998.91,22.43,2.92,38096672,1466658,1494831,269.01078096691464,57055.20493314841,2.19489,465.52
1998.91,22.44,2.92,38100928,1466655,1491132,269.0016801590062,57053.27471883354,2.19489,465.52
1998.91,22.46,2.92,38108138,1466741,1491003,268.9834803903814,57049.41468197966,2.19489,465.52
1998.91,22.47,2.92,38107175,1466575,1493992,268.97438142954,57047.48485941412,2.19489,465.52
1998.91,22.49,2.92,38106326,1466589,1493783,268.9561853544873,57043.62560593966,2.19489,465.52
1998.91,22.49,2.92,38106326,1466760,1496142,268.9561853544873,57043.62560593966,2.19489,465.52
1998.91,22.52,2.92,38113831,1466662,1496061,268.928895857546,57037.83770467077,2.19489,465.52
1998.91,22.54,2.92,38113916,1466662,1496061,268.91070593594856,57033.97975629884,2.19489,465.52
1998.91,22.57,2.91,38113916,1466662,1498155,268.8834256668491,57028.19381218722,2.19489,465.52
1998.91,22.58,2.92,38117983,1466604,1496907,268.8743334737789,57026.265425016085,2.19489,465.52
1998.91,22.59,2.91,38122871,1466578,1499561,268.8652418955861,57024.33716825592,2.19489,465.52
1998.91,22.6,2.91,38127621,1466651,1501549,268.8561509322084,57022.40904189351,2.19489,465.52
1998.91,22.62,2.91,38126507,1466588,1500392,268.83797084964885,57018.55318030905,2.19489,465.52
1998.91,22.62,2.91,38125603,1466415,1501007,268.83797084964885,57018.55318030905,2.19489,465.52
1998.91,22.64,2.91,38127477,1466349,1502729,268.8197932256014,57014.69784015689,2.19489,465.52
1998.91,22.66,2.91,38127477,1466503,1502729,268.8016180595674,57010.843021331275,2.19489,465.52
1998.91,22.69,2.91,38131369,1466262,1504975,268.7743599182012,57005.06177034886,2.19489,465.52
1998.91,22.7,2.91,38136646,1466402,1508105,268.7652750995458,57003.134947236795,2.19489,465.52
1998.91,22.73,2.91,38140752,1466352,1506406,268.7380243281081,56997.35525936192,2.19489,465.52
1998.91,22.74,2.91,38140752,1466368,1509963,268.72894196559747,56995.428957180055,2.19489,465.52
1998.91,22.77,2.91,38144239,1466261,1508116,268.7016985610997,56989.65083177888,2.19489,465.52
1998.91,22.78,2.91,38144714,1466300,1509071,268.69261865373784,56987.725050315974,2.19489,465.52
1998.91,22.79,2.9,38145217,1466202,1509746,268.6835393600075,56985.79939899981,2.19489,465.52
1998.91,22.81,2.9,38153011,1466425,1508695,268.6653826131931,56981.94848675499,2.19489,465.52
1998.91,22.83,2.9,38153011,1466248,1512319,268.64722832015894,56978.09809493887,2.19489,465.52
1998.91,22.86,2.9,38156962,1466239,1512319,268.62000148035753,56972.32348278775,2.19489,465.52
1998.91,22.87,2.9,38162391,1466234,1515578,268.6109270934418,56970.398872170816,2.19489,465.52
1998.91,22.9,2.9,38163404,1466133,1516967,268.5837076108787,56964.625820435765,2.19489,465.52
1998.91,22.91,2.9,38168640,1466351,1517305,268.5746356758786,56962.701729852066,2.19489,465.52
1998.91,22.93,2.9,38168640,1466254,1519993,268.55649364428746,56958.85393859769,2.19489,465.52
1998.91,22.95,2.89,38168640,1466232,1519711,268.53835406349424,56955.0066671395,2.19489,465.52
1998.91,22.97,2.9,38173577,1466134,1520436,268.52021693300225,56951.15991537216,2.19489,465.52
1998.91,22.99,2.9,38173577,1466195,1520436,268.50208225231523,56947.3136831904,2.19489,465.52
1998.91,23.01,2.89,38179318,1466105,1522807,268.4839500209368,56943.46797048894,2.19489,465.52
1998.91,23.03,2.89,38184137,1465989,1522807,268.4658202383707,56939.62277716256,2.19489,465.52
1998.91,23.05,2.89,38181532,1465987,1524383,268.44769290412097,56935.77810310602,2.19489,465.52
1998.91,23.07,2.89,38187111,1466019,1523542,268.4295680176917,56931.93394821418,2.19489,465.52
1998.91,23.09,2.89,38187111,1465793,1526893,268.4114455785871,56928.090312381886,2.19489,465.52
1998.91,23.1,2.89,38187111,1465644,1529373,268.4023852766266,56926.16868908018,2.19489,465.52
1998.91,23.13,2.89,38194640,1465682,1531932,268.3752080403694,56920.40459747538,2.19489,465.52
1998.91,23.13,2.89,38193196,1465595,1531106,268.3752080403694,56920.40459747538,2.19489,465.52
1998.91,23.17,2.89,38193130,1465415,1531048,268.33898028550425,56912.720957545906,2.19489,465.52
1998.91,23.17,2.89,38194238,1465337,1532216,268.33898028550425,56912.720957545906,2.19489,465.52
1998.91,23.19,2.89,38195514,1465311,1532919,268.32087007559096,56908.87991543499,2.19489,465.52
1993.48,23.19,2.89,38197408,1465284,1533103,267.83712974984735,56806.28215589344,2.19489,465.52
1998.91,23.21,2.89,38197325,1465196,1533103,268.30276231003046,56905.039391753286,2.19489,465.52
1998.91,23.22,2.89,38197236,1465194,1535110,268.29370934372787,56903.119324290594,2.19489,465.52
1998.91,23.24,2.89,38200437,1465153,1535406,268.2756052437688,56899.27957805595,2.19489,465.52
1998.91,23.25,2.89,38200437,1465169,1537472,268.26655410998865,56897.35989925778,2.19489,465.52
1998.91,23.28,2.89,38205555,1465232,1538323,268.239404372704,56891.60163998248,2.19489,465.52
1998.91,23.3,2.89,38204753,1465087,1538970,268.2213076006093,56887.763447933896,2.19489,465.52
1998.91,23.3,2.89,38204640,1464814,1541056,268.2213076006093,56887.763447933896,2.19489,465.52
1998.91,23.33,2.88,38204640,1465099,1541026,268.1941670203745,56882.00713080142,2.19489,465.52
1998.91,23.35,2.88,38204640,1464967,1541026,268.1760763514355,56878.17023318719,2.19489,465.52
1998.91,23.35,2.89,38212762,1464828,1541026,268.1760763514355,56878.17023318719,2.19489,465.52
1998.91,23.39,2.88,38214759,1464906,1541892,268.1399023342572,56870.497990625234,2.19489,465.52
1998.91,23.41,2.88,38218087,1464772,1545435,268.1218189850305,56866.66264546805,2.19489,465.52
1998.91,23.42,2.89,38219894,1464728,1548864,268.1127782250417,56864.745166874614,2.19489,465.52
1998.91,23.44,2.88,38220740,1464728,1548864,268.0946985340053,56860.91059759265,2.19489,465.52
1998.91,23.46,2.88,38220740,1464670,1547365,268.0766212811457,56857.07654543004,2.19489,465.52
1998.91,23.48,2.88,38227784,1464614,1548949,268.0585464659698,56853.24301028219,2.19489,465.52
1998.91,23.52,2.88,38227784,1464529,1551184,268.02240414669717,56845.57749061249,2.19489,465.52
1998.91,23.52,2.88,38231230,1464384,1553470,268.02240414669717,56845.57749061249,2.19489,465.52
1998.91,23.57,2.88,38237721,1464647,1550189,267.9772399507975,56835.99849737128,2.19489,465.52
1998.91,23.59,2.88,38239429,1464512,1553642,267.9591785340724,56832.16780393613,2.19489,465.52
1998.91,23.61,2.88,38236470,1464322,1555207,267.94111955182854,56828.33762683652,2.19489,465.52
1998.91,23.63,2.88,38237962,1464330,1552542,267.9230630035738,56824.50796596808,2.19489,465.52
1998.91,23.63,2.88,38239287,1464317,1558319,267.9230630035738,56824.50796596808,2.19489,465.52
1998.91,23.65,2.88,38247723,1464453,1558319,267.90500888881616,56820.67882122644,2.19489,465.52
1998.91,23.68,2.88,38248720,1464486,1559455,267.87793227841064,56814.9360716235,2.19489,465.52
1998.91,23.68,2.88,38252759,1464341,1560605,267.87793227841064,56814.9360716235,2.19489,465.52
1998.91,23.73,2.87,38254573,1464168,1561071,267.8328167549199,56805.36740144168,2.19489,465.52
1998.91,23.74,2.87,38257607,1464219,1564178,267.8237954737466,56803.45405416149,2.19489,465.52
2004.34,23.75,2.87,38257871,1464237,1564178,268.2976027158353,56903.94507983344,2.19489,465.52
1998.91,23.78,2.87,38259753,1464350,1564178,267.78771642542233,56795.80195379385,2.19489,465.52
1998.91,23.79,2.87,38263208,1464158,1564800,267.77869818212645,56793.889250825094,2.19489,465.52
1998.91,23.82,2.87,38270365,1464241,1565900,267.75164709634186,56788.15191480623,2.19489,465.52
1998.91,23.84,2.87,38272260,1464177,1566943,267.73361607529085,56784.32766806965,2.19489,465.52
2004.34,23.86,2.87,38269507,1464114,1564972,268.19823657900906,56882.87025420878,2.19489,465.52
1998.91,23.87,2.86,38270985,1464142,1564972,267.70657409669593,56778.59226361863,2.19489,465.52
1998.91,23.88,2.86,38274787,1464052,1568870,267.69756131771413,56776.68071959063,2.19489,465.52
1998.91,23.88,2.86,38276327,1464093,1566535,267.69756131771413,56776.68071959063,2.19489,465.52
1998.91,23.91,2.86,38276327,1464093,1570669,267.67052662156004,56770.946859691656,2.19489,465.52
1998.91,23.93,2.87,38282018,1464147,1568869,267.6525065241707,56767.12492978324,2.19489,465.52
1998.91,23.93,2.86,38284384,1464104,1571982,267.6525065241707,56767.12492978324,2.19489,465.52
2004.34,23.95,2.86,38283240,1464095,1572292,268.1169917412706,56865.63882262723,2.19489,465.52
1998.91,23.96,2.86,38283240,1463962,1572292,267.6254809269316,56761.392999697106,2.19489,465.52
1998.91,23.99,2.86,38291549,1463962,1575755,267.5984607868366,56755.66222703104,2.19489,465.52
1998.91,24.01,2.86,38293474,1464086,1575742,267.5804503910373,56751.8423547584,2.19489,465.52
1998.91,24.02,2.86,38293978,1463947,1577955,267.5714461022332,56749.93261143455,2.19489,465.52
2004.34,24.05,2.86,38293885,1463929,1579654,268.02677741026747,56846.50502759943,2.19489,465.52
1998.91,24.05,2.86,38300515,1463933,1577389,267.54443687146914,56744.20415255721,2.19489,465.52
1998.91,24.09,2.86,38300515,1463867,1580478,267.50843304467986,56736.568006123016,2.19489,465.52
1998.91,24.12,2.86,38301864,1463660,1580478,267.4814365331202,56730.84224489523,2.19489,465.52
1998.91,24.14,2.86,38308105,1463827,1581555,267.463441885703,56727.025712738425,2.19489,465.52
1998.91,24.17,2.86,38312877,1463922,1583524,267.4364544537893,56721.30187723667,2.19489,465.52
1998.91,24.17,2.85,38313336,1463623,1584846,267.4364544537893,56721.30187723667,2.19489,465.52
1998.91,24.22,2.85,38313336,1463666,1586544,267.391487501095,56711.76471782629,2.19489,465.52
1998.91,24.25,2.85,38319578,1463713,1587904,267.36451458709024,56706.04396146606,2.19489,465.52
2004.34,24.26,2.85,38322561,1463937,1588498,267.8375247850829,56806.3659399568,2.19489,465.52
1998.91,24.28,2.85,38325497,1463758,1590597,267.33754711428116,56700.32435914336,2.19489,465.52
2004.34,24.3,2.84,38327944,1463595,1590611,267.80150696362915,56798.72682535737,2.19489,465.52
2004.34,24.32,2.84,38329348,1463687,1592581,267.78350168531784,56794.90803846624,2.19489,465.52
1998.91,24.32,2.85,38334001,1463555,1592500,267.30159894510587,56692.70001727907,2.19489,465.52
1998.91,24.32,2.85,38335655,1463597,1591621,267.30159894510587,56692.70001727907,2.19489,465.52
1998.91,24.37,2.84,38335655,1463457,1594571,267.2566773265684,56683.1724729094,2.19489,465.52
1998.91,24.39,2.85,38339436,1463551,1596835,267.2387129065021,56679.36235175104,2.19489,465.52
1998.91,24.41,2.84,38339436,1463594,1596835,267.2207509013329,56675.55274277458,2.19489,465.52
1998.91,24.44,2.84,38348876,1463748,1597796,267.19381242044636,56669.839289425065,2.19489,465.52
1998.91,24.45,2.84,38350444,1463555,1598815,267.1848341337387,56667.935060954325,2.19489,465.52
1998.91,24.47,2.84,38350526,1463520,1598815,267.16687937034015,56664.126987904056,2.19489,465.52
2004.34,24.49,2.84,38353399,1463455,1600180,267.63055451663587,56762.46907069799,2.19489,465.52
1998.91,24.52,2.84,38359947,1463455,1602726,267.1220030174376,56654.60904404208,2.19489,465.52
1982.62,24.55,2.84,38364096,1463626,1603713,265.6504931602554,56342.51264344094,2.19489,465.52
1955.47,24.57,2.83,38364096,1463567,1603973,263.22515710450665,55828.11673263349,2.19489,465.52
1939.18,24.6,2.83,38365939,1463992,1606160,261.7542869815655,55516.15601495217,2.19489,465.52
1917.45,24.62,2.82,38366305,1463889,1606160,259.81015050864545,55103.818990830805,2.19489,465.52
1884.87,24.64,2.81,38366305,1463889,1607256,256.9043919143496,54487.52899870519,2.19489,465.52
1857.72,24.66,2.79,38366305,1464011,1603221,254.48037617111527,53973.413116455755,2.19489,465.52
1846.86,24.67,2.77,38356112,1463913,1605987,253.5091585899473,53767.42502211603,2.19489,465.52
1825.13,24.68,2.77,38356112,1464221,1605443,251.5744793320228,53357.09380362717,2.19489,465.52
1797.98,24.68,2.76,38362727,1464221,1605443,249.16787811436737,52846.67141396621,2.19489,465.52
1787.12,24.7,2.75,38358978,1464317,1606466,248.18857116850864,52638.96762496715,2.19489,465.52
1770.83,24.7,2.75,38359457,1464395,1606466,246.7447073968364,52332.734755443445,2.19489,465.52
1759.97,24.72,2.75,38358228,1464432,1606456,245.76562890484433,52125.079419826565,2.19489,465.52
1716.52,24.73,2.75,38361398,1464432,1606456,241.90657653270023,51306.60284000683,2.19489,465.52
1694.8,24.74,2.72,38356930,1464892,1606419,239.97356267426665,50896.62484048158,2.19489,465.52
1678.51,24.75,2.7,38355425,1464872,1606419,238.52188573563177,50588.73485580202,2.19489,465.52
1673.07,24.75,2.7,38357656,1465166,1605347,238.0397923908544,50486.48640879065,2.19489,465.52
1662.21,24.76,2.69,38356412,1465095,1606878,237.0694200831586,50280.67759072755,2.19489,465.52
1645.92,24.76,2.69,38357981,1465123,1606870,235.62584711013795,49974.50639745564,2.19489,465.52
1640.49,24.76,2.68,38361324,1465389,1608946,235.14465611913104,49872.44933303167,2.19489,465.52
1629.63,24.77,2.67,38363601,1465557,1607855,234.1744135613205,49666.66803396341,2.19489,465.52
1602.48,24.77,2.68,38363601,1465557,1615285,231.7685393647096,49156.399840110265,2.19489,465.52
1586.18,24.77,2.67,38368327,1465813,1606116,230.32412870523424,48850.05097971226,2.19489,465.52
1564.46,24.78,2.67,38364735,1465855,1606116,228.3917631367768,48440.21047771521,2.19489,465.52
1542.74,24.79,2.64,38367103,1466109,1606772,226.4595272834009,48030.39748733137,2.19489,465.52
1521.02,24.79,2.63,38367289,1466050,1607883,224.5349571265792,47622.210334716154,2.19489,465.52
1515.59,24.79,2.62,38368266,1466305,1601473,224.05381458737375,47520.16354656235,2.19489,465.52
1515.59,24.79,2.61,38366177,1466199,1608458,224.05381458737375,47520.16354656235,2.19489,465.52
1510.16,24.81,2.61,38374089,1466482,1608908,223.5576651565018,47414.93390723668,2.19489,465.52
1504.72,24.83,2.61,38376259,1466566,1608678,223.06069636425968,47309.53048740035,2.19489,465.52
1504.72,24.83,2.6,38378346,1466573,1604412,223.06069636425968,47309.53048740035,2.19489,465.52
1510.16,24.84,2.61,38388388,1466573,1612014,223.53515859603104,47410.16043155892,2.19489,465.52
1504.72,24.85,2.6,38388802,1466836,1612014,223.04572584772512,47306.35535112602,2.19489,465.52
1493.86,24.86,2.6,38396902,1466920,1612014,222.0761822971053,47100.722306333555,2.19489,465.52
1488.43,24.86,2.6,38403298,1467216,1618702,221.595152774167,46998.69948809745,2.19489,465.52
1493.86,24.87,2.6,38407364,1466937,1617544,222.0687305763383,47099.14185125314,2.19489,465.52
1499.29,24.88,2.6,38409616,1467032,1617362,222.54227659796405,47199.57747398923,2.19489,465.52
1504.72,24.89,2.6,38409616,1467059,1621405,223.015790842243,47300.00635698416,2.19489,465.52
1521.02,24.91,2.6,38409616,1467127,1625230,224.44455856637256,47603.03746603144,2.19489,465.52
1521.02,24.92,2.6,38436588,1467153,1628580,224.43702863855137,47601.44042381095,2.19489,465.52
1531.88,24.94,2.6,38436588,1467153,1626064,225.38377115151377,47802.23753648368,2.19489,465.52
1542.74,24.96,2.61,38436588,1466851,1637432,226.3303866318354,48003.00770646912,2.19489,465.52
1548.17,24.97,2.61,38459165,1467116,1630911,226.8036467427456,48103.38268964865,2.19489,465.52
1559.03,24.98,2.62,38461543,1466941,1630911,227.7577110093216,48305.73269232598,2.19489,465.52
1564.46,24.98,2.62,38467827,1467130,1630911,228.2385469135609,48407.71444546235,2.19489,465.52
1580.75,24.98,2.63,38476166,1466981,1633020,229.68105462627884,48713.65970487146,2.19489,465.52
1591.62,25.0,2.63,38476084,1466911,1634396,230.62814030277565,48914.52960000187,2.19489,465.52
1602.48,25.01,2.63,38473617,1466411,1634369,231.58198030431407,49116.83203771683,2.19489,465.52
1613.34,25.02,2.65,38479354,1466594,1636867,232.53575632624347,49319.12090582802,2.19489,465.52
1635.06,25.02,2.65,38475760,1465879,1630016,234.45884192346472,49726.99319428823,2.19489,465.52
1651.35,25.03,2.65,38475320,1465606,1640836,235.8932447538804,50031.21946786691,2.19489,465.52
1656.78,25.04,2.65,38485931,1466194,1629505,236.36607307033407,50131.50287062309,2.19489,465.52
1673.07,25.04,2.68,38493041,1465883,1641755,237.80829053031795,50437.38656956549,2.19489,465.52
1689.37,25.05,2.68,38493041,1465965,1632259,239.24337014388476,50741.7563838649,2.19489,465.52
1711.09,25.05,2.69,38472842,1464299,1642969,241.16626227173,51149.58763889568,2.19489,465.52
1732.81,25.07,2.7,38480336,1464555,1642969,243.07285172675657,51553.96121711781,2.19489,465.52
1765.4,25.07,2.7,38468531,1464555,1642238,245.95788173166403,52165.85482813455,2.19489,465.52
1781.69,25.08,2.72,38476577,1463132,1646052,247.39165849984724,52469.948318525705,2.19489,465.52
1787.12,25.08,2.73,38449536,1461865,1645570,247.87233317419543,52571.89587598989,2.19489,465.52
1792.55,25.08,2.73,38438966,1461275,1644114,248.35300784854363,52673.84343345408,2.19489,465.52
1803.41,25.08,2.73,38462875,1462420,1648170,249.31435719724,52877.738548382455,2.19489,465.52
1814.27,25.1,2.73,38462875,1462929,1657459,250.25892359830547,53078.074123752514,2.19489,465.52
1830.56,25.11,2.73,38487021,1463185,1650394,251.69241194792195,53382.10644269035,2.19489,465.52
1846.86,25.11,2.73,38480366,1462549,1657263,253.1351760586673,53688.10608223227,2.19489,465.52
1857.72,25.12,2.73,38479315,1462412,1650394,254.08790970436135,53890.17387002277,2.19489,465.52
1868.58,25.12,2.72,38487536,1462923,1657206,255.0491301296865,54094.04164125384,2.19489,465.52
1890.3,25.13,2.72,38488802,1462729,1657206,256.9629558679933,54499.94998185249,2.19489,465.52
1901.16,25.14,2.72,38494318,1462801,1660349,257.9154973098889,54701.977004633256,2.19489,465.52
1906.59,25.14,2.73,38494659,1462710,1659029,258.3960752981918,54803.90405569948,2.19489,465.52
1917.45,25.14,2.73,38494659,1462487,1653816,259.3572312747975,55007.75815783194,2.19489,465.52
1928.32,25.14,2.73,38503237,1463113,1648724,260.319272293739,55211.799970924,2.19489,465.52
1933.75,25.15,2.73,38510051,1463325,1648724,260.79110741076187,55311.872723397464,2.19489,465.52
1939.18,25.15,2.73,38512799,1463312,1655021,261.27166928850534,55413.79635753272,2.19489,465.52
1944.61,25.16,2.73,38520474,1463932,1646216,261.74345666217016,55513.85898399165,2.19489,465.52
1955.47,25.16,2.73,38522057,1463836,1657220,262.70454819869843,55717.699418858385,2.19489,465.52
1971.76,25.16,2.73,38527608,1464055,1650443,264.1461855034907,56023.46007115846,2.19489,465.52
1993.48,25.17,2.73,38524946,1463448,1656766,266.059449685136,56429.249309725994,2.19489,465.52
2004.34,25.17,2.73,38512812,1463042,1655403,267.0205090048656,56633.082911647056,2.19489,465.52
2020.64,25.18,2.73,38527289,1463800,1658979,268.45398407804254,56937.11241474988,2.19489,465.52
2036.93,25.18,2.72,38527289,1463800,1659268,269.89552473567863,57242.85256890008,2.19489,465.52
2036.93,25.18,2.72,38537711,1463800,1659268,269.89552473567863,57242.85256890008,2.19489,465.52
2047.79,25.19,2.72,38546800,1464605,1660307,270.84747305308287,57444.75379434556,2.19489,465.52
2064.08,25.19,2.72,38546800,1464752,1660307,272.28896539200014,57750.48370045146,2.19489,465.52
2080.37,25.19,2.7,38561241,1465226,1661342,273.73045773091746,58056.213606557365,2.19489,465.52
2091.23,25.19,2.7,38562231,1465273,1668667,274.691452623529,58260.033543961305,2.19489,465.52
2102.1,25.19,2.7,38561741,1465129,1661511,275.6533324101485,58464.04116086561,2.19489,465.52
2112.96,25.19,2.7,38561230,1465129,1661511,276.61432730276005,58667.861098269546,2.19489,465.52
2112.96,25.19,2.69,38562740,1465393,1665180,276.61432730276005,58667.861098269546,2.19489,465.52
2123.82,25.19,2.7,38579453,1466279,1662261,277.57532219537154,58871.68103567348,2.19489,465.52
2150.97,25.18,2.7,38573981,1465369,1661538,279.98719426280115,59383.22133374301,2.19489,465.52
2161.83,25.18,2.69,38561856,1464945,1661749,280.9482213678919,59587.04810317649,2.19489,465.52
2172.69,25.18,2.69,38561856,1466105,1663446,281.90924847298265,59790.874872609966,2.19489,465.52
2183.56,25.17,2.69,38561856,1466829,1655658,282.8806426404028,59996.900419592916,2.19489,465.52
2194.42,25.17,2.69,38599405,1466895,1664093,283.84170196013235,60200.73402151398,2.19489,465.52
2210.71,25.17,2.69,38598087,1466805,1663828,285.2832909397267,60506.48442439557,2.19489,465.52
2227.0,25.16,2.69,38597199,1466256,1663828,286.73449156089936,60814.27338565024,2.19489,465.52
2232.43,25.16,2.69,38584094,1465920,1669164,287.2150373291634,60916.1936030836,2.19489,465.52
2216.14,25.15,2.7,38603794,1466942,1669164,285.78298009141855,60612.46481243122,2.19489,465.52
2199.85,25.15,2.7,38603794,1467868,1675877,284.34129445818826,60306.69391002547,2.19489,465.52
2188.99,25.15,2.69,38607879,1467729,1663893,283.38017070270143,60102.84664175498,2.19489,465.52
2172.69,25.13,2.68,38608523,1467729,1663893,281.95650428102766,59800.89748137901,2.19489,465.52
2161.83,25.12,2.69,38602348,1467625,1662661,281.00473691850743,59599.0346351314,2.19489,465.52
2150.97,25.12,2.69,38607300,1468125,1661806,280.04351649318227,59395.16686390033,2.19489,465.52
2145.54,25.12,2.69,38608347,1468252,1661433,279.56290628051966,59293.2329782848,2.19489,465.52
2134.68,25.12,2.69,38609804,1468382,1660524,278.60168585519455,59089.36520705373,2.19489,465.52
2112.96,25.12,2.69,38608439,1468463,1661713,276.67924500454427,58681.62966459159,2.19489,465.52
2096.67,25.12,2.69,38603155,1468676,1659395,275.23741436655655,58375.82800774499,2.19489,465.52
2074.94,25.11,2.68,38600024,1468605,1658730,273.3232520328272,57969.8482777368,2.19489,465.52
2058.65,25.11,2.68,38591130,1468410,1658730,271.88137305343815,57664.03636803508,2.19489,465.52
2036.93,25.11,2.68,38589927,1468837,1644942,269.958867747586,57256.287155099446,2.19489,465.52
2020.64,25.11,2.67,38588386,1468712,1656213,268.51698876819694,56950.475245397734,2.19489,465.52
2004.34,25.1,2.66,38588386,1468450,1652864,267.08317936741486,56646.37483387275,2.19489,465.52
1977.19,25.09,2.67,38566865,1468420,1652864,264.6888418913532,56138.553493461055,2.19489,465.52
1950.04,25.08,2.67,38568224,1468420,1652864,262.2943438454309,55630.69809736478,2.19489,465.52
1933.75,25.07,2.67,38568169,1468749,1657311,260.8610667984383,55326.71059415688,2.19489,465.52
1901.16,25.07,2.67,38563780,1468749,1647297,257.97603679353085,54714.81698314015,2.19489,465.52
1895.73,25.06,2.66,38558783,1469138,1647297,257.50398069962745,54614.697363098174,2.19489,465.52
1884.87,25.06,2.66,38552343,1469003,1654877,256.54256687627566,54410.78857357036,2.19489,465.52
1879.44,25.05,2.66,38557907,1469410,1644716,256.070446881433,54310.6554006099,2.19489,465.52
1863.15,25.04,2.66,38548975,1468951,1650473,254.63681691421817,54006.593045622714,2.19489,465.52
1852.29,25.04,2.66,38555057,1469398,1643527,253.67533860756225,53802.670579661106,2.19489,465.52
1835.99,25.04,2.65,38555057,1469754,1646120,252.2322358084378,53496.59910680898,2.19489,465.52
1830.56,25.04,2.65,38557105,1469784,1647024,251.75149665510983,53394.63787382818,2.19489,465.52
1825.13,25.04,2.63,38552049,1469592,1642503,251.27075750178187,53292.67664084738,2.19489,465.52
1814.27,25.03,2.63,38551889,1469610,1643219,250.31767376482196,53090.534601278385,2.19489,465.52
1814.27,25.03,2.63,38553497,1469848,1642172,250.31767376482196,53090.534601278385,2.19489,465.52
1781.69,25.03,2.63,38553886,1469975,1641516,247.43314211016647,52478.74668667892,2.19489,465.52
1749.1,25.03,2.62,38553886,1470083,1641125,244.54772508667892,51866.770991872385,2.19489,465.52
1727.38,25.03,2.61,38547030,1470078,1635382,242.62470398357527,51458.9123821394,2.19489,465.52
1727.38,25.03,2.61,38542064,1470040,1639540,242.62470398357527,51458.9123821394,2.19489,465.52
1716.52,25.03,2.6,38542064,1470251,1631026,241.66319343202343,51254.98307727291,2.19489,465.52
1700.23,25.03,2.6,38542064,1470197,1631026,240.22092760469567,50949.08911997318,2.19489,465.52
1667.64,25.03,2.59,38544896,1470197,1640423,237.3355105812082,50337.11342516665,2.19489,465.52
1651.35,25.04,2.58,38543705,1470538,1636011,235.8853339170061,50029.54163764229,2.19489,465.52
1645.92,25.04,2.58,38543007,1470833,1626016,235.40459476367815,49927.58040466149,2.19489,465.52
1640.49,25.04,2.58,38542195,1470569,1638051,234.9238556103502,49825.619171680686,2.19489,465.52
1635.06,25.04,2.58,38534345,1470319,1630594,234.44311645702223,49723.65793869988,2.19489,465.52
1629.63,25.04,2.58,38538811,1470591,1637623,233.9623773036943,49621.696705719085,2.19489,465.52
1624.2,25.05,2.56,38540348,1470641,1631412,233.47380845089785,49518.07485115973,2.19489,465.52
1607.91,25.05,2.55,38544646,1470633,1639941,232.0316393550139,49212.201409886635,2.19489,465.52
1591.62,25.05,2.55,38544145,1470597,1639941,230.58947025913,48906.32796861355,2.19489,465.52
1575.32,25.06,2.54,38549782,1471079,1640184,229.1387317916959,48598.63702676229,2.19489,465.52
1564.46,25.07,2.54,38548151,1470887,1640640,228.16966665998228,48393.10545109548,2.19489,465.52
1537.31,25.07,2.54,38545926,1471119,1640709,225.76621269762455,47883.35057109841,2.19489,465.52
1515.59,25.08,2.53,38542446,1470921,1642956,223.8359437956012,47473.9547566066,2.19489,465.52
1477.57,25.08,2.52,38542446,1471248,1640692,220.470335854769,46760.13410563266,2.19489,465.52
1488.43,25.08,2.52,38536544,1471313,1641452,221.43168520346543,46964.029220561046,2.19489,465.52
1493.86,25.08,2.52,38527654,1470809,1639764,221.91235987781363,47065.97677802523,2.19489,465.52
1488.43,25.08,2.51,38512685,1469797,1637043,221.43168520346543,46964.029220561046,2.19489,465.52
1515.59,25.09,2.51,38512685,1470665,1646414,223.82843856679904,47472.36295286611,2.19489,465.52
1531.88,25.09,2.51,38507338,1468699,1639725,225.27041423871628,47778.19537034075,2.19489,465.52
1548.17,25.12,2.51,38531024,1469114,1651227,226.68958717587196,48079.19149575237,2.19489,465.52
1559.03,25.14,2.51,38531024,1469223,1644166,227.63554387746507,48279.821943622475,2.19489,465.52
1580.75,25.15,2.51,38543284,1469223,1648058,229.55016029410828,48685.89798127163,2.19489,465.52
1597.05,25.17,2.53,38544241,1469223,1648058,230.9772447016741,48988.572071276154,2.19489,465.52
1607.91,25.19,2.53,38546113,1469223,1648058,231.92275543227575,49189.1079319843,2.19489,465.52
1618.77,25.19,2.54,38551748,1468655,1653317,232.88375032488733,49392.92786938824,2.19489,465.52
1629.63,25.22,2.54,38555814,1468582,1653317,233.8212329932252,49591.76103723019,2.19489,465.52
1640.49,25.23,2.54,38557986,1468495,1655267,234.77426270008155,49793.89161741224,2.19489,465.52
1662.21,25.23,2.55,38557986,1467940,1656535,236.695994828654,50201.476845142584,2.19489,465.52
1683.94,25.27,2.55,38561988,1468033,1657809,238.58662746724607,50602.466100147336,2.19489,465.52
1689.37,25.28,2.58,38563858,1468046,1659829,239.05898527931657,50702.64971238989,2.19489,465.52
1705.66,25.29,2.58,38563858,1467030,1659829,240.49198432280863,51006.57825310329,2.19489,465.52
1716.52,25.31,2.58,38556151,1466964,1660285,241.43647730872055,51206.89825766011,2.19489,465.52
1743.67,25.32,2.58,38563339,1466896,1661075,243.82982898855852,51714.510517954775,2.19489,465.52
1759.97,25.34,2.58,38549004,1465875,1664562,245.25514383023213,52016.809296069354,2.19489,465.52
1770.83,25.36,2.6,38552117,1465910,1664562,246.19915948593916,52217.02806240604,2.19489,465.52
1776.26,25.37,2.59,38564101,1466323,1665622,246.67111987899833,52317.127385003936,2.19489,465.52
1792.55,25.39,2.59,38564101,1466198,1666739,248.09512135952025,52619.14760889331,2.19489,465.52
1808.84,25.41,2.59,38564101,1466272,1667070,249.51893205742147,52921.12736919428,2.19489,465.52
1814.27,25.43,2.6,38577934,1466396,1668605,249.9823295706163,53019.41056805274,2.19489,465.52
1830.56,25.44,2.6,38586573,1466631,1671228,251.41424290025523,53323.10883685597,2.19489,465.52
1830.56,25.47,2.6,38583613,1466631,1670462,251.3889852909624,53317.75188398909,2.19489,465.52
1835.99,25.47,2.6,38587698,1466661,1673547,251.8690322005159,53419.566297164856,2.19489,465.52
1841.43,25.5,2.6,38594021,1466807,1672984,252.3246141072401,53516.191863465785,2.19489,465.52
1846.86,25.52,2.6,38594958,1466781,1674442,252.7876841037202,53614.40559844176,2.19489,465.52
1857.72,25.54,2.6,38591633,1466524,1674651,253.73062649409033,53814.39673310686,2.19489,465.52
1868.58,25.54,2.6,38591879,1466381,1674560,254.69049530878692,54017.97783768047,2.19489,465.52
1901.16,25.56,2.6,38591879,1466359,1676003,257.55285625712816,54625.06350879466,2.19489,465.52
1912.02,25.59,2.61,38596309,1466290,1675748,258.48670050488215,54823.12499443377,2.19489,465.52
1933.75,25.59,2.61,38586875,1465366,1676525,260.40700053769257,55230.40648520274,2.19489,465.52
1944.61,25.61,2.63,38574190,1464443,1676363,261.3492119322934,55430.24258105017,2.19489,465.52
1955.47,25.62,2.61,38565857,1464443,1677779,262.30007622302685,55631.913892424425,2.19489,465.52
1966.33,25.64,2.63,38565857,1464578,1677873,263.24206629878995,55831.703048176765,2.19489,465.52
1966.33,25.65,2.63,38590129,1464832,1679415,263.2332563233449,55829.83451728493,2.19489,465.52
1993.48,25.67,2.63,38597458,1465183,1681429,265.61426621400767,56334.82917501325,2.19489,465.52
2009.78,25.68,2.63,38583466,1463958,1680988,267.04538986628074,56638.359959064466,2.19489,465.52
2004.34,25.7,2.63,38566250,1463208,1680988,266.546957491489,56532.64612415108,2.19489,465.52
1993.48,25.71,2.63,38575614,1463877,1680754,265.5787158872709,56327.28921259942,2.19489,465.52
1993.48,25.71,2.63,38587460,1463877,1680754,265.5787158872709,56327.28921259942,2.19489,465.52
1988.05,25.73,2.63,38594179,1464627,1680754,265.08131498239726,56221.79414485718,2.19489,465.52
1993.48,25.74,2.62,38595177,1464695,1684783,265.55205938662976,56321.63556518271,2.19489,465.52
1988.05,25.75,2.62,38593582,1464638,1685043,265.06357785861127,56218.032231565456,2.19489,465.52
1988.05,25.76,2.6,38592693,1464499,1684627,265.05471018680845,56216.15146370117,2.19489,465.52
1993.48,25.77,2.62,38592693,1464607,1684627,265.5254082365508,56315.98305258082,2.19489,465.52
1998.91,25.79,2.6,38598801,1464769,1686362,265.98717681876167,56413.92076717737,2.19489,465.52
2015.21,25.8,2.6,38599089,1464841,1687925,267.41771353695117,56717.32706683318,2.19489,465.52
2004.34,25.81,2.6,38585234,1463692,1687925,266.4488836176462,56511.84537798552,2.19489,465.52
1998.91,25.83,2.59,38611713,1465142,1689086,265.95159086962553,56406.37324951504,2.19489,465.52
1998.91,25.86,2.6,38611130,1464943,1688664,265.9249076559333,56400.71393645698,2.19489,465.52
1998.91,25.88,2.59,38604968,1464486,1688765,265.90712182122405,56396.94169193728,2.19489,465.52
2004.34,25.88,2.59,38606842,1464570,1690587,266.3865105385129,56498.61650738237,2.19489,465.52
1998.91,25.89,2.59,38613895,1464835,1691230,265.89822979601604,56395.05575889515,2.19489,465.52
1998.91,25.89,2.59,38617108,1464856,1691583,265.89822979601604,56395.05575889515,2.19489,465.52
1998.91,25.92,2.59,38615620,1464856,1691583,265.87155728826235,56389.39871648779,2.19489,465.52
1998.91,25.93,2.59,38613834,1464885,1692230,265.8626676414358,56387.51328788285,2.19489,465.52
1998.91,25.94,2.59,38618118,1464982,1692230,265.8537785890556,56385.6279853556,2.19489,465.52
1998.91,25.95,2.59,38623336,1465216,1694410,265.84489013106196,56383.742808893374,2.19489,465.52
1998.91,25.97,2.59,38625280,1465287,1694410,265.8271149979962,56379.97283411341,2.19489,465.52
1998.91,25.98,2.59,38625129,1465175,1695900,265.8182283228049,56378.088035770415,2.19489,465.52
2004.34,25.99,2.59,38625255,1465129,1689118,266.28855467784814,56477.84079094254,2.19489,465.52
1998.91,25.99,2.59,38629639,1465071,1696791,265.8093422417618,56376.20336344189,2.19489,465.52
1998.91,26.02,2.59,38636014,1465249,1699013,265.78268756292624,56370.55010241672,2.19489,465.52
1998.91,26.04,2.59,38636014,1465107,1700020,265.7649207466848,56366.78189157393,2.19489,465.52
1998.91,26.07,2.59,38640500,1465308,1700716,265.73827497560535,56361.13051981821,2.19489,465.52
1998.91,26.08,2.59,38640500,1465564,1701475,265.7293942392161,56359.24698105139,2.19489,465.52
1998.91,26.1,2.59,38643952,1465069,1701666,265.71163454703634,56355.4802811696,2.19489,465.52
1998.91,26.11,2.59,38642374,1465029,1701795,265.7027555911269,56353.59712002942,2.19489,465.52
2004.34,26.12,2.59,38646983,1465306,1704340,266.1728814994202,56453.30736192251,2.19489,465.52
1998.91,26.12,2.59,38649947,1465262,1704146,265.6938772285917,56351.71408473955,2.19489,465.52
1998.91,26.15,2.59,38649947,1465304,1704146,265.66724570063695,56346.065733845666,2.19489,465.52
1998.91,26.18,2.59,38654088,1465214,1705061,265.64061951090986,56340.41851515053,2.19489,465.52
1998.91,26.18,2.59,38656435,1465341,1706739,265.64061951090986,56340.41851515053,2.19489,465.52
1998.91,26.2,2.58,38656435,1465465,1706739,265.6228716826479,56336.654331518315,2.19489,465.52
1998.91,26.2,2.58,38660394,1465186,1708676,265.6228716826479,56336.654331518315,2.19489,465.52
1998.91,26.24,2.58,38660394,1465316,1709965,265.5873831397195,56329.127472995104,2.19489,465.52
1998.91,26.27,2.58,38667380,1465308,1712007,265.56077295504855,56323.483648854475,2.19489,465.52
1998.91,26.29,2.58,38669733,1465207,1711052,265.5430357941512,56319.72172769171,2.19489,465.52
1998.91,26.3,2.58,38665840,1465167,1711681,265.5341681021894,56317.84095555186,2.19489,465.52
1998.91,26.31,2.58,38670110,1465175,1713216,265.5253010024732,56315.96030902293,2.19489,465.52
1998.91,26.33,2.58,38673342,1465348,1712519,265.50756857953996,56312.19939274745,2.19489,465.52
1998.91,26.34,2.58,38673783,1465511,1705676,265.49870325620435,56310.31912297575,2.19489,465.52
1998.91,26.35,2.58,38677126,1465241,1715651,265.48983852487686,56308.43897876462,2.19489,465.52
1998.91,26.35,2.58,38678455,1465454,1716102,265.48983852487686,56308.43897876462,2.19489,465.52
1998.91,26.38,2.58,38683969,1465556,1716440,265.46324788235114,56302.79929936903,2.19489,465.52
1998.91,26.39,2.58,38686035,1465556,1717387,265.45438551846377,56300.91965727451,2.19489,465.52
1998.91,26.4,2.58,38687824,1465645,1718415,265.44552374628825,56299.0401406777,2.19489,465.52
1998.91,26.41,2.58,38686354,1465127,1718173,265.43666256576523,56297.16074956605,2.19489,465.52
1998.91,26.43,2.58,38686814,1465319,1721399,265.41894197944,56293.402343747926,2.19489,465.52
1998.91,26.44,2.58,38688479,1465368,1719724,265.4100825735192,56291.52332901633,2.19489,465.52
1998.91,26.44,2.58,38694664,1465760,1711588,265.4100825735192,56291.52332901633,2.19489,465.52
1998.91,26.47,2.57,38689357,1465092,1720236,265.38350790401387,56285.8870373807,2.19489,465.52
1998.91,26.49,2.57,38693332,1465186,1721831,265.36579441396555,56282.13013663064,2.19489,465.52
1998.91,26.49,2.58,38693044,1464916,1729709,265.36579441396555,56282.13013663064,2.19489,465.52
1998.91,26.5,2.58,38697138,1464955,1729709,265.35693855565034,56280.251874320056,2.19489,465.52
1998.91,26.52,2.58,38699897,1464955,1723394,265.33922861214216,56276.49572576503,2.19489,465.52
1998.91,26.54,2.58,38699057,1465199,1725544,265.32152103240225,56272.740078547846,2.19489,465.52
1998.91,26.56,2.57,38699084,1465089,1725006,265.30381581595753,56268.98493256816,2.19489,465.52
2004.34,26.56,2.57,38699084,1465219,1725921,265.78211686741014,56370.429062101866,2.19489,465.52
1998.91,26.58,2.57,38699084,1465432,1718135,265.28611296233487,56265.23028772564,2.19489,465.52
1998.91,26.6,2.57,38704797,1465023,1727752,265.26841247106125,56261.47614391994,2.19489,465.52
1998.91,26.62,2.57,38708179,1465074,1728044,265.2507143416641,56257.72250105083,2.19489,465.52
1998.91,26.63,2.57,38708792,1465116,1726729,265.24186616252126,56255.84586743613,2.19489,465.52
2004.34,26.63,2.57,38708458,1464952,1729636,265.72005552849254,56357.26630930199,2.19489,465.52
1998.91,26.64,2.57,38708458,1465402,1729636,265.23301857367034,56253.969359018,2.19489,465.52
2004.34,26.67,2.57,38713678,1465142,1730302,265.6846049173887,56349.74749583933,2.19489,465.52
1998.91,26.68,2.57,38715019,1465142,1732840,265.19763412000344,56246.46457706035,2.19489,465.52
1998.91,26.7,2.57,38721965,1465189,1740979,265.17994543338546,56242.71293693515,2.19489,465.52
1998.91,26.72,2.57,38723225,1465248,1735324,265.16225910628145,56238.96179724549,2.19489,465.52
1998.91,26.73,2.57,38723932,1464916,1744460,265.1534168273997,56237.086415032696,2.19489,465.52
1998.91,26.73,2.58,38729501,1465088,1738765,265.1534168273997,56237.086415032696,2.19489,465.52
2004.34,26.73,2.58,38730013,1465167,1737301,265.63144673313155,56338.473036556454,2.19489,465.52
2004.34,26.79,2.56,38730013,1465126,1737076,265.5783098164016,56327.203087959424,2.19489,465.52
2004.34,26.81,2.56,38735803,1465066,1738638,265.5606022347363,56323.447440333875,2.19489,465.52
1998.91,26.82,2.56,38735918,1465068,1738401,265.0738628469535,56220.21360182687,2.19489,465.52
1998.91,26.83,2.56,38735918,1464991,1740705,265.0650264624329,56218.339469764665,2.19489,465.52
1998.91,26.85,2.56,38735918,1465157,1741661,265.04735546066877,56214.59158046668,2.19489,465.52
1998.91,26.86,2.56,38741259,1464943,1741163,265.0385208433073,56212.7178232059,2.19489,465.52
2004.34,26.88,2.56,38742444,1465036,1741930,265.4986442900093,56310.306616680165,2.19489,465.52
2004.34,26.88,2.56,38746872,1464956,1739575,265.4986442900093,56310.306616680165,2.19489,465.52
2004.34,26.9,2.58,38745450,1465048,1744007,265.48094732988335,56306.55322180487,2.19489,465.52
1998.91,26.91,2.58,38745450,1465107,1736536,264.9943565893509,56203.35091028462,2.19489,465.52
1998.91,26.93,2.56,38745450,1464963,1746376,264.97669500866647,56199.60501912825,2.19489,465.52
1998.91,26.95,2.56,38745450,1465054,1747492,264.95903578207475,56195.8596272576,2.19489,465.52
1998.91,26.97,2.56,38760512,1465067,1749063,264.9413789091051,56192.114734572846,2.19489,465.52
2004.34,26.99,2.56,38760512,1465057,1750306,265.40134019568035,56289.6691350788,2.19489,465.52
2004.34,26.99,2.56,38765615,1465161,1750306,265.40134019568035,56289.6691350788,2.19489,465.52
1998.91,27.03,2.56,38766110,1464941,1750257,264.8884224072245,56180.88305063631,2.19489,465.52
2004.34,27.03,2.56,38767537,1464941,1745328,265.3659745696965,56282.16834633404,2.19489,465.52
1998.91,27.05,2.56,38773744,1465118,1753223,264.8707749440394,56177.140153697546,2.19489,465.52
2004.34,27.06,2.56,38774570,1465133,1753223,265.33945653486387,56276.54406649528,2.19489,465.52
2004.34,27.09,2.56,38780120,1464969,1755472,265.3129437993988,56270.92091061334,2.19489,465.52
2004.34,27.1,2.56,38780697,1464969,1755472,265.3041073982731,56269.04677502931,2.19489,465.52
2004.34,27.13,2.56,38781011,1464911,1761582,265.2776017261606,56263.425117232415,2.19489,465.52
2004.34,27.14,2.55,38785309,1465051,1758059,265.26876767901524,56261.55148091029,2.19489,465.52
2004.34,27.15,2.55,38785309,1465038,1760001,265.25993422021816,56259.67796937247,2.19489,465.52
1998.91,27.18,2.55,38790179,1464769,1768352,264.75612372457175,56152.823474644574,2.19489,465.52
2004.34,27.2,2.57,38793190,1464951,1761156,265.2157757493973,56250.31228301165,2.19489,465.52
2004.34,27.21,2.57,38794707,1464690,1770487,265.206945819455,56248.439519917934,2.19489,465.52
2004.34,27.24,2.55,38793735,1464787,1763883,265.1804595570142,56242.82197876944,2.19489,465.52
2004.34,27.25,2.55,38794891,1464754,1763793,265.171631978467,56240.94971438931,2.19489,465.52
1998.91,27.26,2.55,38796011,1464527,1763988,264.6856184487888,56137.86982503913,2.19489,465.52
2004.34,27.27,2.55,38795781,1464538,1763988,265.15397858442014,56237.20555955845,2.19489,465.52
2004.34,27.29,2.55,38797576,1464502,1765530,265.1363275407119,56233.46190321711,2.19489,465.52
1998.91,27.31,2.55,38799736,1464485,1766670,264.64157171736883,56128.52783778209,2.19489,465.52
2004.34,27.32,2.55,38801554,1464224,1773708,265.10985538100806,56227.84735315522,2.19489,465.52
2004.34,27.33,2.55,38803516,1464474,1773708,265.10103250243446,56225.97608560487,2.19489,465.52
2004.34,27.35,2.55,38803516,1464439,1768751,265.0833885069268,56222.23392413494,2.19489,465.52
2004.34,27.38,2.55,38807228,1464346,1769120,265.0569269168852,56216.62161582056,2.19489,465.52
2004.34,27.38,2.55,38808901,1464193,1773694,265.0569269168852,56216.62161582056,2.19489,465.52
2004.34,27.4,2.56,38809064,1464116,1771037,265.03928879165363,56212.880699392954,2.19489,465.52
2004.34,27.41,2.56,38809692,1464116,1771037,265.0304706093009,56211.010427876456,2.19489,465.52
2004.34,27.42,2.54,38809692,1464195,1771957,265.02165301371224,56209.1402808083,2.19489,465.52
2004.34,27.44,2.56,38809692,1464188,1774146,265.00401958259255,56205.40035996723,2.19489,465.52
2004.34,27.47,2.56,38809692,1464007,1774146,264.97757383517893,56199.791411757535,2.19489,465.52
2004.34,27.49,2.54,38809692,1464169,1776473,264.9599462690643,56196.05273484083,2.19489,465.52
2004.34,27.51,2.54,38823933,1464019,1785146,264.94232104813244,56192.31455532013,2.19489,465.52
2004.34,27.52,2.54,38824941,1464152,1778990,264.9335093169638,56190.44565205226,2.19489,465.52
2004.34,27.54,2.56,38825897,1463942,1778990,264.9158876129286,56186.708218439424,2.19489,465.52
2004.34,27.56,2.54,38827376,1464145,1777204,264.89826825290646,56182.9712819745,2.19489,465.52
2004.34,27.57,2.54,38829878,1463955,1779164,264.8894594517541,56181.10300014149,2.19489,465.52
2004.34,27.58,2.54,38832152,1463987,1780370,264.8806512364297,56179.23484255828,2.19489,465.52
2004.34,27.6,2.56,38833083,1464009,1780220,264.86303656303073,56175.4989000916,2.19489,465.52
2004.34,27.61,2.54,38835129,1464009,1781990,264.8542301048394,56173.63111518337,2.19489,465.52
2004.34,27.63,2.54,38837808,1463962,1781990,264.8366189451809,56169.89591795515,2.19489,465.52
2004.34,27.65,2.54,38841263,1463962,1781990,264.81901012743185,56166.1612174287,2.19489,465.52
2004.34,27.65,2.54,38844182,1463889,1781990,264.81901012743185,56166.1612174287,2.19489,465.52
2004.34,27.69,2.54,38844182,1463811,1792126,264.7837995157941,56158.693306084795,2.19489,465.52
2004.34,27.71,2.54,38846998,1463868,1787154,264.76619772097155,56154.9600950693,2.19489,465.52
2004.34,27.72,2.55,38850639,1463895,1793472,264.7573977011051,56153.09367568235,2.19489,465.52
2004.34,27.73,2.55,38850639,1463977,1794900,264.74859826619075,56151.22738035944,2.19489,465.52
2004.34,27.75,2.55,38850724,1463896,1787995,264.7310011509854,56147.49516185627,2.19489,465.52
2004.34,27.76,2.55,38852946,1463794,1793911,264.7222034705776,56145.629238651265,2.19489,465.52
2004.34,27.77,2.55,38854409,1463828,1790870,264.7134063748887,56143.763439460825,2.19489,465.52
2004.34,27.78,2.55,38856092,1463809,1793996,264.70460986386036,56141.89776427259,2.19489,465.52
2004.34,27.8,2.55,38858998,1463606,1791789,264.6870185955524,56138.1667858533,2.19489,465.52
2009.78,27.82,2.55,38859390,1463772,1792729,265.1466054880576,56235.641780135025,2.19489,465.52
2009.78,27.82,2.55,38860893,1463772,1793678,265.1466054880576,56235.641780135025,2.19489,465.52
2004.34,27.85,2.55,38864903,1463670,1794888,264.6430506522641,56128.84150897856,2.19489,465.52
2009.78,27.86,2.53,38865859,1463737,1796052,265.1113712293302,56228.16885341762,2.19489,465.52
2009.78,27.86,2.55,38867346,1463743,1795323,265.1113712293302,56228.16885341762,2.19489,465.52
2004.34,27.88,2.55,38867346,1463773,1797295,264.6166768970916,56123.24782979288,2.19489,465.52
2009.78,27.89,2.54,38871034,1463623,1796947,265.0849516799784,56222.56546162383,2.19489,465.52
2009.78,27.9,2.55,38871034,1463623,1797005,265.0761463336346,56220.69791253027,2.19489,465.52
2009.78,27.92,2.55,38873575,1463760,1797616,265.0585373957574,56216.963186525514,2.19489,465.52
2009.78,27.93,2.54,38873575,1463506,1798805,265.0497338041075,56215.0960095896,2.19489,465.52
2009.78,27.94,2.54,38878338,1463558,1799503,265.04093079723896,56213.22895668151,2.19489,465.52
2009.78,27.96,2.55,38879356,1463558,1800781,265.0233265376131,56209.49522289939,2.19489,465.52
2009.78,27.98,2.54,38879356,1463626,1801550,265.0057246164138,56205.76198508032,2.19489,465.52
2009.78,27.99,2.55,38886502,1463602,1795219,264.9969245325785,56203.89555212603,2.19489,465.52
2009.78,28.01,2.54,38887329,1463352,1804267,264.9793261181455,56200.16305806627,2.19489,465.52
2009.78,28.03,2.54,38886772,1463418,1804624,264.9617300409745,56196.43105972255,2.19489,465.52
2009.78,28.03,2.54,38889637,1463451,1805681,264.9617300409745,56196.43105972255,2.19489,465.52
2009.78,28.05,2.55,38892144,1463457,1805812,264.9441363005999,56192.69955699614,2.19489,465.52
2009.78,28.06,2.54,38893703,1463457,1805812,264.93534030656576,56190.83399145857,2.19489,465.52
2009.78,28.07,2.54,38893703,1463457,1805812,264.9265448965563,56188.96854978832,2.19489,465.52
2009.78,28.09,2.54,38896844,1463256,1804318,264.90895582837834,56185.23803800039,2.19489,465.52
2009.78,28.1,2.54,38897944,1463278,1809069,264.90016217009355,56183.37296785804,2.19489,465.52
2009.78,28.11,2.54,38899731,1463379,1809069,264.89136909560074,56181.50802153368,2.19489,465.52
2009.78,28.13,2.54,38904164,1463283,1809850,264.8737846977585,56177.77850028955,2.19489,465.52
2009.78,28.14,2.54,38904288,1463295,1812713,264.86499337429285,56175.91392534514,2.19489,465.52
2009.78,28.15,2.54,38906277,1463078,1818247,264.85620263438665,56174.04947416939,2.19489,465.52
2009.78,28.17,2.54,38906710,1463078,1812771,264.8386229050202,56170.32094307459,2.19489,465.52
2009.78,28.18,2.54,38911503,1463241,1821747,264.8298339154438,56168.45686313091,2.19489,465.52
2009.78,28.19,2.54,38912929,1463246,1813699,264.82104550919456,56166.59290690661,2.19489,465.52
2009.78,28.22,2.54,38915243,1463346,1816791,264.7946837898287,56161.001780426835,2.19489,465.52
2009.78,28.22,2.54,38915243,1463239,1816791,264.7946837898287,56161.001780426835,2.19489,465.52
2009.78,28.25,2.54,38921124,1463107,1818069,264.7683273183168,56155.41176697822,2.19489,465.52
2009.78,28.26,2.54,38922146,1463307,1808630,264.7595429937317,56153.54867644483,2.19489,465.52
2009.78,28.26,2.54,38923950,1462940,1819155,264.7595429937317,56153.54867644483,2.19489,465.52
2009.78,28.3,2.54,38926148,1463210,1810073,264.724411523439,56146.09755039721,2.19489,465.52
2009.78,28.31,2.54,38927179,1463082,1819601,264.7156301125877,56144.23507784527,2.19489,465.52
2009.78,28.32,2.54,38929913,1463038,1820996,264.70684928430916,56142.372728852744,2.19489,465.52
2009.78,28.33,2.54,38930524,1462942,1824536,264.69806903854544,56140.510503407306,2.19489,465.52
2009.78,28.34,2.54,38932416,1462865,1822549,264.6892893752386,56138.64840149669,2.19489,465.52
2009.78,28.36,2.54,38933019,1462888,1823509,264.67173179576355,56134.92456823069,2.19489,465.52
2009.78,28.36,2.54,38936307,1462832,1824722,264.67173179576355,56134.92456823069,2.19489,465.52
2009.78,28.38,2.54,38936307,1462713,1832400,264.6541765454206,56131.20122895644,2.19489,465.52
2009.78,28.38,2.54,38938840,1462909,1826310,264.6541765454206,56131.20122895644,2.19489,465.52
2009.78,28.42,2.54,38944462,1462842,1826310,264.6190730302772,56123.75603199005,2.19489,465.52
2009.78,28.42,2.54,38944413,1462789,1828630,264.6190730302772,56123.75603199005,2.19489,465.52
2009.78,28.46,2.54,38949031,1462789,1837257,264.5839788261022,56116.31280981147,2.19489,465.52
2009.78,28.48,2.54,38949010,1462411,1839605,264.5664352144703,56112.591939022095,2.19489,465.52
2009.78,28.49,2.54,38947838,1462712,1830635,264.5576642810658,56110.73168865945,2.19489,465.52
2004.34,28.49,2.54,38949553,1462677,1830775,264.08154835675475,56009.7510084954,2.19489,465.52
1998.91,28.51,2.53,38955545,1462519,1841081,263.5888305980264,55905.24920155144,2.19489,465.52
1998.91,28.52,2.53,38955246,1462441,1840270,263.5800929432845,55903.39600934798,2.19489,465.52
1998.91,28.52,2.53,38953540,1462587,1832927,263.5800929432845,55903.39600934798,2.19489,465.52
1998.91,28.55,2.53,38957741,1462454,1841479,263.553883454427,55897.8371698376,2.19489,465.52
1998.91,28.56,2.53,38960399,1462639,1834733,263.54514811640524,55895.98446899341,2.19489,465.52
2004.34,28.58,2.53,38960399,1462313,1845119,264.0027781338664,55993.04442449393,2.19489,465.52
2004.34,28.6,2.53,38960399,1462176,1845286,263.9852800209826,55989.333203653856,2.19489,465.52
1998.91,28.63,2.53,38966036,1462176,1839578,263.4840169600392,55883.01900106039,2.19489,465.52
2004.34,28.64,2.53,38971230,1462180,1846154,263.95029075294576,55981.91223765715,2.19489,465.52
2004.34,28.66,2.53,38971230,1462399,1843420,263.9327995968705,55978.202492304925,2.19489,465.52
2004.34,28.67,2.53,38973611,1462379,1842778,263.9240548881171,55976.34780399758,2.19489,465.52
1998.91,28.69,2.53,38973682,1462392,1842630,263.43164139345555,55871.9105292208,2.19489,465.52
2004.34,28.7,2.53,38980031,1462299,1853103,263.8978242383021,55970.784476404006,2.19489,465.52
2004.34,28.71,2.53,38980031,1462246,1844716,263.889081846987,55968.93027960826,2.19489,465.52
2004.34,28.73,2.53,38981468,1462233,1845536,263.8715988019461,55965.22225454667,2.19489,465.52
2004.34,28.75,2.53,38983912,1462280,1847125,263.85411807330735,55961.51472077691,2.19489,465.52
2004.34,28.76,2.53,38984945,1462189,1846976,263.84537857749496,55959.66113809596,2.19489,465.52
2004.34,28.78,2.53,38985607,1462286,1848014,263.8279013225963,55955.95434108088,2.19489,465.52
2004.34,28.79,2.53,38988771,1462291,1848014,263.819163563395,55954.101126722366,2.19489,465.52
2004.34,28.8,2.53,38988771,1462218,1850190,263.8104263829491,55952.24803511359,2.19489,465.52
2004.34,28.81,2.53,38994219,1462250,1841115,263.80168978120116,55950.39506624239,2.19489,465.52
2004.34,28.81,2.53,38993541,1462250,1841115,263.80168978120116,55950.39506624239,2.19489,465.52
2004.34,28.85,2.53,38997932,1462168,1854086,263.76674916003805,55942.98441788923,2.19489,465.52
2004.34,28.87,2.53,38998569,1462090,1853542,263.7492823201493,55939.27982982104,2.19489,465.52
2004.34,28.87,2.53,38999915,1462000,1853754,263.7492823201493,55939.27982982104,2.19489,465.52
2004.34,28.87,2.53,39001637,1461897,1855545,263.7492823201493,55939.27982982104,2.19489,465.52
2004.34,28.9,2.53,39002831,1462282,1848664,263.7230863973895,55933.72386758004,2.19489,465.52
2004.34,28.92,2.53,39001922,1461947,1855431,263.7056253395951,55930.02050585146,2.19489,465.52
2004.34,28.93,2.53,39006426,1461947,1855431,263.6968956777393,55928.16900888026,2.19489,465.52
2004.34,28.96,2.53,39007507,1461645,1858521,263.67071015964876,55922.61525339297,2.19489,465.52
2004.34,28.97,2.53,39008758,1461795,1858535,263.66198280925295,55920.7642466654,2.19489,465.52
2004.34,28.98,2.53,39008758,1461837,1858979,263.65325603657857,55918.9133624683,2.19489,465.52
2004.34,28.98,2.53,39012781,1461837,1859576,263.65325603657857,55918.9133624683,2.19489,465.52
2004.34,29.01,2.53,39012781,1461794,1860198,263.6270791843113,55913.36144493828,2.19489,465.52
2004.34,29.01,2.53,39012781,1461779,1863685,263.6270791843113,55913.36144493828,2.19489,465.52
2004.34,29.05,2.53,39022047,1461887,1863436,263.59218479924385,55905.960602920415,2.19489,465.52
2004.34,29.07,2.53,39022047,1461625,1863436,263.5747410705165,55902.260916559295,2.19489,465.52
2004.34,29.09,2.52,39022047,1461598,1869083,263.55729965038216,55898.56171983375,2.19489,465.52
2004.34,29.12,2.53,39022047,1461556,1868164,263.53114184779,55893.013842599496,2.19489,465.52
2004.34,29.14,2.53,39031677,1461578,1869028,263.5137061971335,55889.3158695377,2.19489,465.52
2004.34,29.15,2.52,39033173,1461495,1869529,263.504989236955,55887.46706649868,2.19489,465.52
2004.34,29.16,2.52,39035411,1461562,1868393,263.49627285346656,55885.618385771384,2.19489,465.52
2004.34,29.18,2.52,39037735,1461524,1872063,263.4788418163315,55881.92139120349,2.19489,465.52
2004.34,29.18,2.53,39036783,1461426,1872055,263.4788418163315,55881.92139120349,2.19489,465.52
2009.78,29.2,2.52,39039130,1461312,1873204,263.93641095994934,55978.968435810275,2.19489,465.52
2004.34,29.22,2.52,39040696,1461291,1872501,263.44398665982567,55874.52886927456,2.19489,465.52
2009.78,29.22,2.52,39042645,1461600,1868996,263.9189531161844,55975.265755753666,2.19489,465.52
2009.78,29.23,2.52,39042645,1461203,1868996,263.9102250603237,55973.41459940219,2.19489,465.52
2009.78,29.26,2.52,39044867,1461276,1875388,263.8840443561413,55967.861864909355,2.19489,465.52
2009.78,29.27,2.53,39048430,1461232,1876405,263.8753186090228,55966.01119822511,2.19489,465.52
2004.34,29.28,2.52,39050984,1461450,1876405,263.3917212126161,55863.443752943,2.19489,465.52
2004.34,29.29,2.52,39050984,1461450,1878148,263.38301232089503,55861.59666116437,2.19489,465.52
2004.34,29.31,2.53,39051741,1461450,1871592,263.36559626506477,55857.902844020864,2.19489,465.52
2004.34,29.32,2.53,39052713,1461331,1871592,263.35688910084144,55856.05611863177,2.19489,465.52
2004.34,29.33,2.53,39056400,1461331,1871592,263.34818251233634,55854.209515348295,2.19489,465.52
2004.34,29.33,2.52,39056400,1460988,1881811,263.34818251233634,55854.209515348295,2.19489,465.52
2009.78,29.36,2.52,39061556,1461289,1878524,263.7968128449991,55949.36070400065,2.19489,465.52
2009.78,29.37,2.53,39061556,1461289,1884269,263.7880928657301,55947.51126063478,2.19489,465.52
2009.78,29.39,2.53,39065266,1460923,1884226,263.7706546365462,55943.81274068631,2.19489,465.52
2004.34,29.39,2.53,39067394,1460935,1885625,263.2959550681943,55843.13245918739,2.19489,465.52
2009.78,29.42,2.52,39067394,1460910,1886811,263.7445016152979,55938.26587753986,2.19489,465.52
2004.34,29.43,2.52,39069202,1460785,1886811,263.2611482792369,55835.750195659166,2.19489,465.52
2009.78,29.45,2.52,39073071,1461157,1883434,263.71835377971144,55932.72011423409,2.19489,465.52
2004.34,29.46,2.52,39073942,1461157,1883434,263.2350492261707,55830.214778766574,2.19489,465.52
2009.78,29.48,2.52,39074445,1460777,1888911,263.6922111282447,55927.175450441915,2.19489,465.52
2009.78,29.48,2.52,39075147,1460999,1883104,263.6922111282447,55927.175450441915,2.19489,465.52
2009.78,29.5,2.52,39075147,1460675,1892206,263.6747855732387,55923.47961859322,2.19489,465.52
2009.78,29.51,2.52,39081354,1460801,1891243,263.66607365935596,55921.631885836374,2.19489,465.52
2004.34,29.52,2.52,39082543,1460902,1891959,263.1828666413305,55819.14723693313,2.19489,465.52
2009.78,29.52,2.52,39084352,1460882,1884278,263.6573623211441,55919.784275175065,2.19489,465.52
2009.78,29.52,2.52,39085437,1460533,1894343,263.6573623211441,55919.784275175065,2.19489,465.52
2009.78,29.56,2.52,39085202,1460690,1894801,263.62252272386337,55912.395053243155,2.19489,465.52
2009.78,29.56,2.52,39088614,1460810,1895813,263.62252272386337,55912.395053243155,2.19489,465.52
2004.34,29.59,2.52,39090375,1460619,1895767,263.12201310144513,55806.24064941055,2.19489,465.52
2009.78,29.59,2.52,39090035,1460590,1896865,263.5963990676511,55906.85441820452,2.19489,465.52
2009.78,29.6,2.52,39091339,1460512,1895704,263.587692332752,55905.00778387195,2.19489,465.52
2009.78,29.61,2.52,39092107,1460450,1897661,263.57898617301055,55903.16127152608,2.19489,465.52
2009.78,29.62,2.52,39093673,1460764,1889857,263.57028058836966,55901.314881154794,2.19489,465.52
1982.62,29.63,2.52,39098654,1460764,1892752,261.19344677260074,55397.20593814773,2.19489,465.52
1966.33,29.66,2.51,39098654,1460764,1892752,259.7473563931688,55090.500821520865,2.19489,465.52
1960.9,29.67,2.51,39095418,1460619,1892752,259.2653899388567,54988.27928704243,2.19489,465.52
1939.18,29.69,2.51,39098029,1461106,1889682,257.3548373687794,54583.065161312945,2.19489,465.52
1922.88,29.7,2.5,39096265,1461015,1900597,255.9254420508179,54279.90094423719,2.19489,465.52
1895.73,29.71,2.5,39096265,1461116,1894030,253.55036018106023,53776.16357607314,2.19489,465.52
1874.01,29.71,2.49,39096265,1461328,1899883,251.657054916174,53374.6074767197,2.19489,465.52
1863.15,29.72,2.49,39093488,1461394,1899957,250.70212446148744,53172.07376192503,2.19489,465.52
1852.29,29.73,2.49,39093627,1461553,1899863,249.74725706348715,52969.55342098899,2.19489,465.52
1825.13,29.73,2.46,39093627,1461313,1906311,247.37991012762924,52467.45657532449,2.19489,465.52
1792.55,29.74,2.46,39089743,1461603,1906311,244.5320661978644,51863.449856908475,2.19489,465.52
1770.83,29.74,2.44,39093013,1462370,1893294,242.63894845702305,51461.93353002353,2.19489,465.52
1754.53,29.74,2.43,39088703,1462370,1898318,241.21823855022217,51160.61142467249,2.19489,465.52
1743.67,29.74,2.43,39087264,1462269,1898074,240.27167967980145,50959.85326123002,2.19489,465.52
1732.81,29.74,2.43,39087518,1462438,1897243,239.3251208093807,50759.09509778755,2.19489,465.52
1727.38,29.74,2.42,39091020,1462663,1900013,238.8518413741704,50658.71601606632,2.19489,465.52
1700.23,29.75,2.42,39089786,1462663,1899342,236.4776368212881,50155.164720348635,2.19489,465.52
1689.37,29.75,2.41,39096137,1463223,1899683,235.53110920074752,49954.41318477554,2.19489,465.52
1678.51,29.75,2.39,39096125,1463200,1898343,234.584581580207,49753.66164920245,2.19489,465.52
1673.07,29.76,2.39,39090228,1462973,1898134,234.1027174845185,49651.46182423405,2.19489,465.52
1667.64,29.76,2.38,39091712,1463109,1897866,233.62946929815675,49551.08937016339,2.19489,465.52
1645.92,29.76,2.38,39094277,1463109,1897680,231.73647655270935,49149.59955388072,2.19489,465.52
1629.63,29.77,2.38,39098439,1463367,1897680,230.3091287738961,48846.86960477478,2.19489,465.52
1607.91,29.77,2.37,39099233,1463610,1899398,228.41619851995628,48445.39304248051,2.19489,465.52
1591.62,29.78,2.36,39101121,1463872,1899398,226.98900746467027,48142.69633328016,2.19489,465.52
1575.32,29.78,2.36,39096559,1463872,1899398,225.56848515367128,47841.41401561675,2.19489,465.52
1559.03,29.78,2.35,39095456,1464014,1899875,224.14883432875268,47540.31653373105,2.19489,465.52
1553.6,29.78,2.35,39097493,1463987,1899942,223.67561738711316,47439.95070643582,2.19489,465.52
1537.31,29.78,2.33,39094722,1463998,1899166,222.25596656219457,47138.85322455012,2.19489,465.52
1526.45,29.79,2.33,39098116,1464313,1900295,221.30222728733037,46936.57215022075,2.19489,465.52
1515.59,29.79,2.32,39101507,1464373,1899799,220.35582464567943,46735.84712174947,2.19489,465.52
1510.16,29.79,2.31,39102007,1464623,1901012,219.882623324854,46635.484607513834,2.19489,465.52
1515.59,29.79,2.31,39102007,1464578,1902132,220.35582464567943,46735.84712174947,2.19489,465.52
1515.59,29.79,2.3,39106269,1464611,1902132,220.35582464567943,46735.84712174947,2.19489,465.52
1504.72,29.8,2.3,39114282,1464840,1903007,219.40130814531145,46533.4012036163,2.19489,465.52
1504.72,29.8,2.3,39116960,1464920,1903280,219.40130814531145,46533.4012036163,2.19489,465.52
1504.72,29.81,2.3,39121652,1464885,1905454,219.3940662220164,46531.86524503418,2.19489,465.52
1504.72,29.81,2.3,39123806,1464783,1905402,219.3940662220164,46531.86524503418,2.19489,465.52
1504.72,29.82,2.3,39126388,1464895,1905635,219.3868247767835,46530.329387845515,2.19489,465.52
1499.29,29.82,2.3,39130701,1465046,1907850,218.9136703122132,46429.97681147642,2.19489,465.52
1493.86,29.83,2.3,39133538,1465077,1908913,218.4333061138041,46328.09510367174,2.19489,465.52
1493.86,29.83,2.3,39136668,1465165,1908913,218.4333061138041,46328.09510367174,2.19489,465.52
1493.86,29.83,2.3,39141312,1465078,1911028,218.4333061138041,46328.09510367174,2.19489,465.52
1499.29,29.83,2.3,39142072,1465129,1911992,218.90644496168468,46428.444367856,2.19489,465.52
1515.59,29.84,2.3,39148914,1465121,1913274,220.31946109826112,46728.134681219795,2.19489,465.52
1537.31,29.84,2.3,39154107,1465063,1915674,222.2119540271481,47129.51849009198,2.19489,465.52
1548.17,29.85,2.3,39138268,1463547,1918242,223.1508355344796,47328.648341379725,2.19489,465.52
1559.03,29.85,2.3,39148575,1463574,1919724,224.0970507696668,47529.333622320606,2.19489,465.52
1569.89,29.86,2.32,39163256,1463842,1922270,225.0358390794719,47728.44370709956,2.19489,465.52
1580.75,29.87,2.32,39166888,1463649,1923428,225.9745654271418,47927.54065016609,2.19489,465.52
1591.62,29.87,2.33,39170032,1463798,1925213,226.9215894372403,48128.397466307695,2.19489,465.52
1597.05,29.87,2.33,39173261,1463790,1925145,227.3946658286695,48228.733483938704,2.19489,465.52
1607.91,29.88,2.33,39175274,1463390,1929497,228.3332833569783,48427.80734722038,2.19489,465.52
1624.2,29.88,2.35,39175274,1463478,1928454,229.75246569665623,48728.8054668377,2.19489,465.52
1656.78,29.88,2.35,39175274,1462802,1928454,232.590830376012,49330.80170607233,2.19489,465.52
1678.51,29.89,2.36,39189354,1462989,1934792,234.47620697150444,49730.676193055115,2.19489,465.52
1689.37,29.89,2.37,39189232,1462748,1934962,235.42229731027732,49931.334984386594,2.19489,465.52
1700.23,29.9,2.39,39179701,1461937,1935303,236.36058799923495,50130.3395274496,2.19489,465.52
1711.09,29.9,2.39,39182909,1461855,1936433,237.3066471190559,50330.99169747135,2.19489,465.52
1716.52,29.9,2.41,39193043,1462273,1937623,237.77967667896633,50431.31778248222,2.19489,465.52
1727.38,29.9,2.41,39202117,1462273,1937623,238.72573579878724,50631.96995250397,2.19489,465.52
1743.67,29.9,2.42,39202461,1462189,1939271,240.1448244785186,50932.94820753659,2.19489,465.52
1754.53,29.9,2.42,39202461,1461255,1940570,241.09088359833953,51133.60037755833,2.19489,465.52
1770.83,29.9,2.42,39205624,1461757,1942399,242.5108434190652,51434.76339517845,2.19489,465.52
1776.26,29.91,2.43,39205489,1461496,1941900,242.9758552969002,51533.388988884624,2.19489,465.52
1803.41,29.91,2.43,39205489,1461612,1943010,245.3409250542232,52035.00286175707,2.19489,465.52
1841.43,29.91,2.43,39205489,1460372,1943010,248.65289382672495,52737.447040269435,2.19489,465.52
1863.15,29.91,2.44,39185556,1459989,1943812,250.54494963258335,53138.7381385674,2.19489,465.52
1868.58,29.91,2.44,39178092,1459989,1943812,251.01796358404795,53239.06091314189,2.19489,465.52
1879.44,29.91,2.45,39194252,1460101,1946152,251.9639914869772,53439.70646229087,2.19489,465.52
1890.3,29.91,2.44,39206032,1460740,1948069,252.9100193899064,53640.35201143985,2.19489,465.52
1895.73,29.9,2.45,39210826,1460872,1947742,253.391394438,53742.44811301603,2.19489,465.52
1912.02,29.9,2.45,39220403,1460872,1948527,254.81048311773137,54043.42636804865,2.19489,465.52
1917.45,29.89,2.45,39222842,1461128,1949152,255.29193676398944,54145.5391397165,2.19489,465.52
1917.45,29.89,2.45,39234664,1461856,1950242,255.29193676398944,54145.5391397165,2.19489,465.52
1922.88,29.88,2.44,39233721,1461948,1951054,255.7734221862199,54247.65865083402,2.19489,465.52
1933.75,29.88,2.44,39238680,1462033,1949121,256.7204149444948,54448.50883869407,2.19489,465.52
1944.61,29.88,2.44,39238215,1461756,1953469,257.66653650428003,54649.17425177227,2.19489,465.52
1950.04,29.88,2.44,39238456,1461763,1949477,258.1395972841727,54749.50695831138,2.19489,465.52
1955.47,29.88,2.43,39241389,1461911,1948330,258.61265806406533,54849.83966485049,2.19489,465.52
1960.9,29.87,2.43,39244568,1461925,1954763,259.0942689633839,54951.98578873404,2.19489,465.52
1966.33,29.87,2.43,39243880,1461910,1948671,259.5673453548131,55052.32180636504,2.19489,465.52
1966.33,29.87,2.43,39251064,1462274,1953676,259.5673453548131,55052.32180636504,2.19489,465.52
1966.33,29.86,2.43,39253186,1462407,1949054,259.5759116511516,55054.13865471349,2.19489,465.52
1977.19,29.86,2.43,39256410,1462691,1949877,260.5220956591438,55254.817312596366,2.19489,465.52
1977.19,29.85,2.44,39253663,1462751,1949756,260.5306937481095,55256.64090392682,2.19489,465.52
1982.62,29.85,2.43,39258897,1462712,1942963,261.0038013657031,55356.983544397255,2.19489,465.52
2004.34,29.85,2.45,39257027,1462675,1949153,262.89623183607756,55758.35410627905,2.19489,465.52
2015.21,29.84,2.44,39251705,1462323,1948725,263.8520263436798,55961.07108033197,2.19489,465.52
2026.07,29.84,2.44,39242164,1462055,1938273,264.79827280812333,56161.76298476806,2.19489,465.52
2053.22,29.84,2.44,39242164,1461151,1946329,267.16388896923195,56663.492745858275,2.19489,465.52
2064.08,29.83,2.45,39234099,1461472,1946329,268.1189845370959,56866.06147994154,2.19489,465.52
2074.94,29.83,2.45,39239219,1461382,1946329,269.0652622328571,57066.76000831005,2.19489,465.52
2091.23,29.82,2.45,39246803,1461513,1948279,270.49360654752496,57369.701315329614,2.19489,465.52
2107.53,29.82,2.45,39245026,1461331,1955307,271.9139413122572,57670.943855811434,2.19489,465.52
2123.82,29.81,2.46,39247459,1461504,1955307,273.3424268014495,57973.91510490766,2.19489,465.52
2134.68,29.81,2.46,39227916,1460369,1957592,274.2887669660314,58174.626882452845,2.19489,465.52
2156.4,29.8,2.46,39227916,1461628,1948866,276.19056369880286,58577.983959591,2.19489,465.52
2178.13,29.8,2.46,39227916,1461327,1946967,278.0841779315204,58979.60558874539,2.19489,465.52
2188.99,29.79,2.46,39242153,1461327,1954987,279.039760086538,59182.27752437943,2.19489,465.52
2199.85,29.79,2.49,39251554,1461347,1946967,279.9861627281889,59383.00255285071,2.19489,465.52
2210.71,29.78,2.49,39247247,1461053,1946967,280.9418392141396,59585.69449538075,2.19489,465.52
2221.57,29.78,2.49,39255065,1461279,1956893,281.8882730974186,59786.426149971216,2.19489,465.52
2221.57,29.78,2.49,39253812,1461257,1946558,281.8882730974186,59786.426149971216,2.19489,465.52
2216.14,29.77,2.49,39254013,1461304,1947952,281.42434623422076,59688.03067987665,2.19489,465.52
2210.71,29.76,2.49,39257065,1461166,1956864,280.96038873968934,59589.62871310187,2.19489,465.52
2199.85,29.76,2.49,39255184,1461369,1947636,280.01389236696565,59388.88380496054,2.19489,465.52
2194.42,29.76,2.49,39253819,1461547,1945666,279.5406441806038,59288.51135088987,2.19489,465.52
2183.56,29.76,2.49,39253858,1461650,1952914,278.5941478078801,59087.76644274854,2.19489,465.52
2172.69,29.76,2.49,39247736,1461780,1945217,277.6467798915351,58886.836686625495,2.19489,465.52
2161.83,29.76,2.49,39242731,1461423,1953914,276.7002835188115,58686.09177848417,2.19489,465.52
2145.54,29.76,2.47,39231542,1461574,1942032,275.28053895972596,58384.974416272176,2.19489,465.52
2134.68,29.76,2.47,39231435,1461414,1952083,274.3340425870023,58184.22950813084,2.19489,465.52
2112.96,29.76,2.47,39233884,1461414,1938686,272.44104984155496,57782.73969184818,2.19489,465.52
2096.67,29.76,2.46,39224067,1461745,1945750,271.0213052824694,57481.622329636186,2.19489,465.52
2085.8,29.75,2.46,39216450,1461843,1936374,270.0828536400554,57282.58364953077,2.19489,465.52
2069.51,29.75,2.46,39216715,1461988,1943574,268.6630622092446,56981.45634617112,2.19489,465.52
2047.79,29.75,2.46,39218599,1461988,1934024,266.77000696816356,56579.953275024935,2.19489,465.52
2036.93,29.74,2.46,39208419,1462435,1934024,265.83225558583973,56381.06311492608,2.19489,465.52
2009.78,29.74,2.44,39202745,1462600,1929316,263.465858409788,55879.1677063199,2.19489,465.52
1977.19,29.73,2.44,39198415,1462760,1927167,260.63391510062456,55278.53339239905,2.19489,465.52
1966.33,29.72,2.43,39198350,1463169,1925656,259.6958991957455,55079.587129014864,2.19489,465.52
1971.76,29.72,2.43,39195027,1463210,1930055,260.1692098839314,55179.97283926199,2.19489,465.52
1960.9,29.72,2.43,39193023,1463333,1923122,259.2225885075596,54979.20141876774,2.19489,465.52
1933.75,29.72,2.43,39183312,1463209,1926303,256.8560350666301,54477.27286753215,2.19489,465.52
1922.88,29.71,2.43,39194411,1463802,1920276,255.91699176216807,54278.10870026492,2.19489,465.52
1912.02,29.71,2.4,39193387,1463802,1919969,254.97033912972495,54077.330650588214,2.19489,465.52
1901.16,29.71,2.4,39186369,1463760,1926047,254.02368649728183,53876.55260091149,2.19489,465.52
1890.3,29.7,2.4,39189314,1464169,1926047,253.08539037908216,53677.54690634625,2.19489,465.52
1874.01,29.7,2.4,39184569,1464224,1922175,251.66536454321428,53376.36988740078,2.19489,465.52
1863.15,29.7,2.4,39183912,1464326,1916318,250.7186806526357,53175.5852081038,2.19489,465.52
1852.29,29.69,2.39,39180969,1464438,1916318,249.78024441747783,52976.54979576392,2.19489,465.52
1852.29,29.69,2.38,39183929,1464391,1916318,249.78024441747783,52976.54979576392,2.19489,465.52
1835.99,29.68,2.38,39175685,1464273,1923240,248.3675012241788,52676.91737165859,2.19489,465.52
1830.56,29.68,2.37,39180902,1464632,1914287,247.89412801765744,52576.51840173307,2.19489,465.52
1825.13,29.68,2.37,39181110,1464726,1924572,247.4207548111361,52476.11943180755,2.19489,465.52
1803.41,29.68,2.37,39182955,1464861,1913389,245.52726198505064,52074.523552105464,2.19489,465.52
1787.12,29.68,2.37,39182089,1464851,1913389,244.10714236548657,51773.32664232891,2.19489,465.52
1770.83,29.68,2.36,39182089,1465304,1913616,242.6870227459225,51472.12973255235,2.19489,465.52
1759.97,29.68,2.36,39179879,1465393,1912296,241.74027633287977,51271.33179270131,2.19489,465.52
1754.53,29.68,2.36,39179280,1465483,1913408,241.2660313524974,51170.747925961936,2.19489,465.52
1743.67,29.68,2.35,39178002,1465374,1912889,240.3192849394547,50969.9499861109,2.19489,465.52
1732.81,29.68,2.35,39177049,1465408,1911822,239.37253852641197,50769.15204625986,2.19489,465.52
1727.38,29.68,2.33,39177049,1465736,1913327,238.8991653198906,50668.75307633434,2.19489,465.52
1711.09,29.68,2.33,39174536,1465736,1913327,237.4790457003265,50367.55616655778,2.19489,465.52
1700.23,29.68,2.33,39177996,1465736,1911605,236.5322992872838,50166.758226706734,2.19489,465.52
1694.8,29.68,2.32,39176895,1465838,1911522,236.0589260807625,50066.35925678122,2.19489,465.52
1683.94,29.68,2.32,39179180,1465934,1911982,235.11217966771977,49865.56131693018,2.19489,465.52
1678.51,29.68,2.32,39180252,1465934,1910752,234.63880646119836,49765.16234700466,2.19489,465.52
1656.78,29.68,2.31,39182108,1466077,1919491,232.74444186125191,49363.38157048872,2.19489,465.52
1645.92,29.69,2.31,39183682,1466369,1919491,231.79004131746532,49160.96024589226,2.19489,465.52
1640.49,29.69,2.3,39183682,1466556,1911897,231.31668374207612,49060.56459121472,2.19489,465.52
1640.49,29.69,2.3,39181562,1466262,1923860,231.31668374207612,49060.56459121472,2.19489,465.52
1624.2,29.7,2.3,39183027,1466342,1923860,229.8890199110376,48757.76760976004,2.19489,465.52
1618.77,29.7,2.29,39183027,1466516,1923342,229.41567796574833,48657.37527011156,2.19489,465.52
1618.77,29.71,2.29,39188126,1466574,1914158,229.40810299123984,48655.76867382053,2.19489,465.52
1607.91,29.71,2.29,39187309,1466477,1924340,228.46145035879667,48454.990624143815,2.19489,465.52
1591.62,29.72,2.29,39195884,1466904,1915662,227.03397507601463,48152.23363238537,2.19489,465.52
1580.75,29.72,2.28,39194131,1466815,1925742,226.08648204091688,47951.27733949657,2.19489,465.52
1575.32,29.73,2.28,39195596,1466985,1925742,225.6057224234074,47849.31176621362,2.19489,465.52
1569.89,29.73,2.26,39195549,1466979,1921436,225.1324273622253,47748.92937033888,2.19489,465.52
1559.03,29.73,2.28,39197409,1467099,1919578,224.1858372398608,47548.16457858936,2.19489,465.52
1553.6,29.74,2.26,39203064,1467293,1914151,223.7051562450995,47446.215680612106,2.19489,465.52
1531.88,29.74,2.26,39203318,1467293,1919098,221.81203850425808,47044.69935372716,2.19489,465.52
1526.45,29.75,2.26,39201487,1467337,1919584,221.3314517478503,46942.770443010486,2.19489,465.52
1526.45,29.75,2.25,39202210,1467617,1911612,221.3314517478503,46942.770443010486,2.19489,465.52
1521.02,29.76,2.25,39201155,1467320,1920579,220.85089672276584,46840.848262273714,2.19489,465.52
1499.29,29.77,2.25,39205163,1467848,1910449,218.94980422055735,46437.640547250136,2.19489,465.52
1493.86,29.77,2.25,39204163,1467543,1921974,218.47657165707233,46337.271406676555,2.19489,465.52
1499.29,29.79,2.24,39205377,1467895,1912035,218.93534922589032,46434.574749366235,2.19489,465.52
1499.29,29.79,2.24,39206630,1467586,1922203,218.93534922589032,46434.574749366235,2.19489,465.52
1499.29,29.79,2.24,39210840,1467755,1915231,218.93534922589032,46434.574749366235,2.19489,465.52
1521.02,29.82,2.24,39217129,1467680,1925196,220.8071595415157,46831.57192832733,2.19489,465.52
1521.02,29.83,2.25,39215104,1467426,1915732,220.7998716954683,46830.02622986775,2.19489,465.52
1531.88,29.83,2.25,39205736,1466788,1917661,221.74614939122955,47030.724758236254,2.19489,465.52
1559.03,29.84,2.25,39205736,1466762,1920551,224.104446956035,47530.902298964145,2.19489,465.52
1569.89,29.86,2.26,39213723,1466059,1930573,225.0358390794719,47728.44370709956,2.19489,465.52
1575.32,29.87,2.26,39214818,1465962,1931066,225.5014890357126,47827.20463253508,2.19489,465.52
1580.75,29.87,2.26,39218949,1465894,1928685,225.9745654271418,47927.54065016609,2.19489,465.52
1597.05,29.88,2.27,39233200,1466126,1936267,227.3871617971931,48227.14193414218,2.19489,465.52
1618.77,29.9,2.27,39233200,1465846,1936267,229.26427345958385,48625.263489699006,2.19489,465.52
1635.06,29.91,2.27,39233200,1465292,1936267,230.67575033432144,48924.627336966005,2.19489,465.52
1640.49,29.94,2.27,39247578,1465640,1934313,231.12588506532825,49020.09759742474,2.19489,465.52
1645.92,29.96,2.27,39251917,1465756,1934751,231.58357069242587,49117.16934731949,2.19489,465.52
1662.21,29.96,2.28,39254675,1465492,1944113,233.00237846647684,49418.08802432664,2.19489,465.52
1678.51,29.99,2.27,39258996,1465425,1942242,234.3988578235954,49714.271008588184,2.19489,465.52
1705.66,30.0,2.28,39258996,1464439,1944796,236.7554933244236,50214.096037790354,2.19489,465.52
1721.95,30.01,2.28,39231065,1463555,1944796,238.1662575065695,50513.30872820881,2.19489,465.52
1732.81,30.03,2.29,39238093,1463493,1948212,239.0961997557667,50710.542628698706,2.19489,465.52
1749.1,30.05,2.28,39238093,1463905,1947011,240.4988148626185,51008.02696027872,2.19489,465.52
1765.4,30.06,2.28,39253370,1463852,1950913,241.91009363153205,51307.34879075981,2.19489,465.52
1787.12,30.08,2.3,39248360,1463240,1950913,243.78513314164263,51705.03085808286,2.19489,465.52
1797.98,30.08,2.29,39243581,1462972,1953082,244.7306306724336,51905.56391920838,2.19489,465.52
1814.27,30.11,2.29,39240471,1462563,1953542,246.1245266873132,52201.198995611645,2.19489,465.52
1814.27,30.11,2.29,39238976,1462352,1950373,246.1245266873132,52201.198995611645,2.19489,465.52
1819.7,30.13,2.29,39238976,1462973,1957276,246.58096666883893,52298.00655325683,2.19489,465.52
1819.7,30.15,2.3,39259737,1462943,1955242,246.5647067963254,52294.55795407761,2.19489,465.52
1830.56,30.15,2.3,39259347,1462943,1955242,247.50998611139863,52495.04473325693,2.19489,465.52
1846.86,30.16,2.3,39259347,1462680,1959176,248.92056843248855,52794.21885228511,2.19489,465.52
1852.29,30.16,2.3,39257219,1462505,1959338,249.3931925072994,52894.458936893425,2.19489,465.52
1863.15,30.2,2.3,39265418,1462574,1961041,250.30543080814476,53087.9379603568,2.19489,465.52
1874.01,30.22,2.3,39269851,1462752,1962775,251.2339903481308,53284.87859840896,2.19489,465.52
1884.87,30.25,2.3,39270189,1462388,1964997,252.15411624315811,53480.030522493136,2.19489,465.52
1890.3,30.25,2.29,39270334,1462505,1965728,252.62660011966065,53580.240872073045,2.19489,465.52
1895.73,30.29,2.28,39278834,1462473,1966725,253.06572002516444,53673.37496918504,2.19489,465.52
1906.59,30.31,2.28,39281079,1462592,1966867,253.9938222523483,53870.21861456073,2.19489,465.52
1917.45,30.32,2.28,39280624,1462448,1966901,254.93020238230912,54068.817942134934,2.19489,465.52
1928.32,30.35,2.28,39281673,1462398,1966901,255.85052959637363,54264.01256450385,2.19489,465.52
1944.61,30.36,2.28,39286601,1462347,1976475,257.2590377809363,54562.74677445405,2.19489,465.52
1950.04,30.38,2.28,39286756,1462334,1971298,257.71436815149366,54659.318991786975,2.19489,465.52
1955.47,30.4,2.28,39289374,1462338,1979559,258.16963852134324,54755.87848341178,2.19489,465.52
1955.47,30.43,2.27,39298720,1462673,1973359,258.14412600683085,54750.467467025635,2.19489,465.52
1960.9,30.44,2.27,39299371,1462692,1982817,258.60781113108004,54848.81166607,2.19489,465.52
1982.62,30.46,2.28,39299371,1462310,1982071,260.47940388593275,55245.76270199391,2.19489,465.52
2004.34,30.48,2.28,39299371,1462057,1982071,262.35075007848855,55642.66144387099,2.19489,465.52
2009.78,30.52,2.28,39302368,1461811,1977329,262.78912587262715,55735.63772044403,2.19489,465.52
2015.21,30.54,2.28,39302827,1461789,1977329,263.2438521580281,55832.08181576536,2.19489,465.52
2009.78,30.56,2.28,39316932,1462397,1981628,262.7545153394379,55728.29708131849,2.19489,465.52
2004.34,30.57,2.28,39316158,1462423,1982696,262.27300884476324,55626.17310089079,2.19489,465.52
2004.34,30.58,2.28,39316158,1462162,1983341,262.26437377385014,55624.341665961714,2.19489,465.52
2004.34,30.61,2.28,39314275,1462075,1983685,262.23847197238445,55618.8480846805,2.19489,465.52
2004.34,30.62,2.28,39317245,1462075,1983685,262.22983917546657,55617.01713204908,2.19489,465.52
2004.34,30.64,2.28,39317245,1461738,1983276,262.2125752866503,55613.355588408274,2.19489,465.52
2004.34,30.66,2.29,39311913,1461812,1984961,262.19531367081885,55609.69452685081,2.19489,465.52
2004.34,30.67,2.3,39313408,1461815,1985018,262.1866837151323,55607.86417682361,2.19489,465.52
2004.34,30.67,2.29,39313320,1461729,1985104,262.1866837151323,55607.86417682361,2.19489,465.52
2004.34,30.68,2.3,39311366,1461692,1985393,262.1780543275236,55606.03394728155,2.19489,465.52
2004.34,30.69,2.3,39311203,1461681,1986165,262.1694255079367,55604.203838212714,2.19489,465.52
2004.34,30.7,2.3,39314026,1461735,1986330,262.1607972563156,55602.37384960524,2.19489,465.52
2004.34,30.7,2.3,39313918,1461763,1983558,262.1607972563156,55602.37384960524,2.19489,465.52
1998.91,30.72,2.3,39310858,1461306,1986709,261.6717893776965,55498.65888090303,2.19489,465.52
1998.91,30.72,2.3,39313889,1461503,1987362,261.6717893776965,55498.65888090303,2.19489,465.52
2004.34,30.74,2.3,39314741,1461696,1987643,262.12628992836716,55595.055099550984,2.19489,465.52
2004.34,30.75,2.3,39313228,1461696,1987643,262.1176645157338,55593.2257130719,2.19489,465.52
2004.34,30.75,2.3,39312652,1461357,1987626,262.1176645157338,55593.2257130719,2.19489,465.52
2004.34,30.78,2.3,39312652,1461316,1987626,262.09179168338596,55587.73827592719,2.19489,465.52
1998.91,30.8,2.3,39319195,1461542,1990062,261.6029170528068,55484.05156815267,2.19489,465.52
2004.34,30.82,2.3,39320956,1461501,1990062,262.0573025177863,55580.423377973326,2.19489,465.52
2004.34,30.83,2.3,39316895,1461501,1990062,262.0486816446197,55578.594954281696,2.19489,465.52
2004.34,30.84,2.3,39316895,1461450,1990062,262.04006133863453,55576.76665088507,2.19489,465.52
1998.91,30.86,2.31,39325577,1461351,1992164,261.55128659649563,55473.101128712886,2.19489,465.52
1998.91,30.86,2.31,39325912,1461477,1993521,261.55128659649563,55473.101128712886,2.19489,465.52
2004.34,30.88,2.31,39324796,1461489,1994257,262.00558578538795,55569.45464001102,2.19489,465.52
2004.34,30.88,2.31,39326457,1461201,1994257,262.00558578538795,55569.45464001102,2.19489,465.52
1998.91,30.89,2.31,39326457,1461213,1994257,261.5254790100008,55467.62752973296,2.19489,465.52
1998.91,30.92,2.31,39329814,1461300,1996880,261.4996765159359,55462.15501081989,2.19489,465.52
2004.34,30.93,2.31,39330175,1461296,1997846,261.96250409869606,55560.317331631646,2.19489,465.52
1998.91,30.94,2.31,39333405,1461371,1999100,261.4824776816095,55458.50726475716,2.19489,465.52
1998.91,30.95,2.31,39330227,1461179,1998964,261.47387911279395,55456.68357165408,2.19489,465.52
1998.91,30.96,2.31,39330775,1460876,1999450,261.46528110946906,55454.859998487416,2.19489,465.52
1998.91,30.97,2.31,39335818,1461358,2000396,261.45668367157907,55453.03654524531,2.19489,465.52
2004.34,30.98,2.32,39335327,1461358,2000396,261.919436577554,55551.183027661034,2.19489,465.52
1998.91,30.99,2.31,39338110,1461193,2001311,261.4394904918808,55449.38999848755,2.19489,465.52
2004.34,31.0,2.31,39339282,1461287,2001748,261.9022135338862,55547.53014697534,2.19489,465.52
1998.91,31.0,2.31,39338149,1460994,2001748,261.430894749961,55447.56690494824,2.19489,465.52
1998.91,31.04,2.31,39342905,1461133,2004660,261.39651743384275,55440.27572944543,2.19489,465.52
1998.91,31.06,2.32,39344304,1461087,2004790,261.37933216594007,55436.63086072123,2.19489,465.52
1998.91,31.06,2.32,39345329,1461155,2004790,261.37933216594007,55436.63086072123,2.19489,465.52
2004.34,31.08,2.32,39345202,1461028,2006585,261.8333440039822,55532.92342702084,2.19489,465.52
1998.91,31.1,2.31,39345779,1461020,2005170,261.34496840821896,55429.342560854566,2.19489,465.52
2004.34,31.1,2.31,39344496,1460990,2005903,261.816132280465,55529.272947255704,2.19489,465.52
2004.34,31.11,2.31,39351248,1460930,2008686,261.8075272672435,55527.44788734158,2.19489,465.52
2004.34,31.12,2.32,39351248,1460912,2010308,261.7989228196388,55525.62294739064,2.19489,465.52
2004.34,31.14,2.31,39353566,1460953,2010106,261.78171562105723,55521.97342733101,2.19489,465.52
1998.91,31.15,2.31,39356003,1460786,2010339,261.30202641538165,55420.234880512675,2.19489,465.52
1998.91,31.17,2.31,39357370,1460869,2012538,261.2848535692712,55416.5926463591,2.19489,465.52
1998.91,31.17,2.31,39358976,1460912,2013286,261.2848535692712,55416.5926463591,2.19489,465.52
1998.91,31.19,2.31,39360614,1460782,2013601,261.2676829802216,55412.9508909115,2.19489,465.52
1998.91,31.21,2.31,39363461,1460909,2013188,261.2505146477876,55409.309614075464,2.19489,465.52
2004.34,31.22,2.31,39362505,1460724,2014576,261.7129094402585,55507.380143255075,2.19489,465.52
1998.91,31.23,2.31,39366749,1460979,2016479,261.2333485715245,55405.66881575663,2.19489,465.52
1998.91,31.24,2.31,39368253,1460688,2017000,261.22476637931805,55403.8485960117,2.19489,465.52
1998.91,31.26,2.31,39368253,1460847,2018074,261.20760368647757,55400.2085152919,2.19489,465.52
1998.91,31.28,2.31,39373755,1460901,2017940,261.1904432486964,55396.56891285355,2.19489,465.52
2004.34,31.28,2.31,39375665,1460837,2021050,261.6613285363844,55496.44021352216,2.19489,465.52
2004.34,31.31,2.31,39374360,1460768,2020170,261.63554570824243,55490.97186560649,2.19489,465.52
1998.91,31.32,2.31,39380176,1460960,2021507,261.15612913653445,55389.29114244427,2.19489,465.52
2004.34,31.33,2.31,39379938,1460771,2021507,261.61835997875556,55487.32689898368,2.19489,465.52
1998.91,31.34,2.31,39382827,1460791,2022765,261.1389754612652,55385.652974284894,2.19489,465.52
1998.91,31.34,2.31,39381989,1460640,2022765,261.1389754612652,55385.652974284894,2.19489,465.52
2004.34,31.37,2.31,39386129,1460600,2022765,261.5839952920383,55480.038402083774,2.19489,465.52
2004.34,31.38,2.31,39387418,1460717,2027002,261.5754055309214,55478.2165770287,2.19489,465.52
1998.91,31.4,2.31,39389768,1460588,2026440,261.0875279533759,55374.74133685768,2.19489,465.52
2004.34,31.4,2.31,39389768,1460529,2028228,261.55822770097353,55474.57328583993,2.19489,465.52
1998.91,31.42,2.31,39389768,1460557,2029863,261.0703832885728,55371.10507975181,2.19489,465.52
2004.34,31.44,2.31,39397369,1460630,2029866,261.52387880866576,55467.28813881792,2.19489,465.52
1998.91,31.45,2.31,39397369,1460405,2031594,261.04467051280574,55365.65158942877,2.19489,465.52
2004.34,31.47,2.31,39397369,1460571,2031765,261.4981230593247,55461.82553411643,2.19489,465.52
2004.34,31.49,2.31,39401946,1460407,2032269,261.4809553779264,55458.184395360266,2.19489,465.52
1998.91,31.49,2.31,39400738,1460329,2032269,261.01039468947164,55358.381939797815,2.19489,465.52
2004.34,31.51,2.31,39404661,1460500,2034467,261.46378995053993,55454.5437346634,2.19489,465.52
2004.34,31.51,2.31,39406297,1460498,2034991,261.46378995053993,55454.5437346634,2.19489,465.52
2004.34,31.52,2.31,39406297,1460389,2035497,261.45520808196244,55452.72358355778,2.19489,465.52
1998.91,31.55,2.31,39406297,1460423,2036550,260.9589978280296,55347.48104410897,2.19489,465.52
1998.91,31.57,2.31,39412599,1460326,2039531,260.94187003872617,55343.84836617224,2.19489,465.52
1998.91,31.58,2.31,39412599,1460259,2038944,260.9333069871711,55342.03220601846,2.19489,465.52
2004.34,31.6,2.31,39413919,1460147,2038296,261.386573408799,55438.16667498786,2.19489,465.52
2004.34,31.6,2.31,39415485,1460193,2039302,261.386573408799,55438.16667498786,2.19489,465.52
2004.34,31.61,2.31,39416736,1460252,2040383,261.37799660825397,55436.347598774606,2.19489,465.52
2004.34,31.62,2.31,39417013,1460233,2039654,261.3694203705466,55434.52864193507,2.19489,465.52
2004.34,31.63,2.31,39419770,1460200,2041519,261.3608446956214,55432.709804457474,2.19489,465.52
1998.91,31.65,2.31,39422014,1460163,2043889,260.873381358926,55329.32242171918,2.19489,465.52
2004.34,31.67,2.31,39422166,1460079,2043821,261.3265476226346,55425.43564793173,2.19489,465.52
1998.91,31.67,2.31,39423918,1460074,2044296,260.85626480611717,55325.692126960195,2.19489,465.52
2004.34,31.68,2.31,39425517,1460098,2043627,261.3179747607896,55423.61740708772,2.19489,465.52
2004.34,31.69,2.31,39426770,1460137,2044326,261.3094024613945,55421.799285535206,2.19489,465.52
2004.34,31.69,2.31,39427271,1460244,2045182,261.3094024613945,55421.799285535206,2.19489,465.52
2004.34,31.7,2.31,39427271,1460117,2047029,261.3008307243939,55419.98128326242,2.19489,465.52
2004.34,31.72,2.31,39434858,1460160,2047500,261.28368893735524,55416.34563650917,2.19489,465.52
2004.34,31.74,2.3,39433850,1460077,2047847,261.2665493992309,55412.710466734075,2.19489,465.52
2004.34,31.75,2.31,39433850,1459928,2049442,261.2579804733732,55410.89306068399,2.19489,465.52
2004.34,31.76,2.31,39435908,1459915,2049780,261.24941210957826,55409.07577384327,2.19489,465.52
2004.34,31.78,2.31,39438843,1459920,2051095,261.23227706795495,55405.44155774293,2.19489,465.52
2004.34,31.78,2.31,39439957,1460045,2053842,261.23227706795495,55405.44155774293,2.19489,465.52
2004.34,31.81,2.31,39439957,1460045,2051902,261.2065787196075,55399.99112736933,2.19489,465.52
2004.34,31.83,2.31,39445316,1459956,2053748,261.1894492961227,55396.35810283478,2.19489,465.52
2004.34,31.84,2.3,39446899,1459828,2055057,261.1808854268386,55394.5417692467,2.19489,465.52
2004.34,31.85,2.31,39446899,1459718,2055131,261.17232211911966,55392.72555476245,2.19489,465.52
2004.34,31.86,2.31,39446899,1459718,2054315,261.16375937291065,55390.90945937034,2.19489,465.52
2004.34,31.87,2.31,39450380,1459953,2056112,261.1551971881565,55389.093483058656,2.19489,465.52
2004.34,31.87,2.31,39451273,1459852,2056820,261.1551971881565,55389.093483058656,2.19489,465.52
1998.91,31.88,2.31,39451917,1459822,2057975,260.67667651772166,55287.60277395668,2.19489,465.52
2004.34,31.88,2.31,39453769,1459828,2058514,261.14663556480184,55387.27762581566,2.19489,465.52
2004.34,31.9,2.3,39454285,1459912,2058369,261.12951400207015,55383.64626848894,2.19489,465.52
2004.34,31.9,2.31,39456176,1459915,2059639,261.12951400207015,55383.64626848894,2.19489,465.52
2004.34,31.91,2.31,39456176,1459873,2058512,261.1209540625827,55381.83076838179,2.19489,465.52
2004.34,31.94,2.31,39456176,1459817,2064172,261.0952776109722,55376.38498214478,2.19489,465.52
2004.34,31.96,2.31,39463909,1459766,2062390,261.078162781723,55372.75505294009,2.19489,465.52
2004.34,31.97,2.31,39465385,1459798,2063379,261.06960620848025,55370.940266788646,2.19489,465.52
2004.34,31.98,2.31,39466209,1459758,2062436,261.0610501960852,55369.12559958886,2.19489,465.52
2004.34,31.98,2.31,39466966,1459638,2062436,261.0610501960852,55369.12559958886,2.19489,465.52
2004.34,31.99,2.31,39466966,1459623,2062436,261.05249474448283,55367.31105132907,2.19489,465.52
2004.34,32.01,2.31,39471474,1459574,2065585,261.03538552343525,55363.68231158262,2.19489,465.52
2004.34,32.02,2.31,39472042,1459589,2066859,261.02683175387983,55361.86812007259,2.19489,465.52
2004.34,32.03,2.3,39474449,1459655,2067431,261.0182785448965,55360.05404745577,2.19489,465.52
2004.34,32.04,2.31,39475406,1459485,2067431,261.0097258964301,55358.24009372047,2.19489,465.52
2004.34,32.04,2.31,39477350,1459574,2068240,261.0097258964301,55358.24009372047,2.19489,465.52
2004.34,32.06,2.31,39478658,1459486,2068240,260.9926222808279,55354.61254284771,2.19489,465.52
2004.34,32.07,2.31,39479619,1459486,2068773,260.984071313582,55352.79894568688,2.19489,465.52
2004.34,32.09,2.31,39480842,1459297,2070320,260.96697105992496,55349.172107857914,2.19489,465.52
2004.34,32.1,2.31,39480842,1459429,2071904,260.9584217734037,55347.35886716642,2.19489,465.52
2004.34,32.11,2.3,39485976,1459637,2071968,260.949873047014,55345.545745274685,2.19489,465.52
2004.34,32.12,2.31,39486689,1459470,2073177,260.9413248807007,55343.73274217103,2.19489,465.52
2004.34,32.13,2.31,39488491,1459406,2073250,260.93277727440875,55341.919857843786,2.19489,465.52
2004.34,32.14,2.31,39491064,1459320,2075390,260.9242302280831,55340.10709228127,2.19489,465.52
2004.34,32.15,2.31,39492968,1459408,2075334,260.91568374166883,55338.29444547184,2.19489,465.52
2004.34,32.16,2.31,39493367,1459471,2075788,260.9071378151109,55336.4819174038,2.19489,465.52
2004.34,32.17,2.31,39493342,1459248,2077528,260.8985924483542,55334.66950806547,2.19489,465.52
2004.34,32.18,2.31,39495371,1459280,2075997,260.8900476413438,55332.85721744523,2.19489,465.52
2004.34,32.19,2.31,39496352,1459268,2077128,260.88150339402466,55331.04504553138,2.19489,465.52
2004.34,32.2,2.31,39498416,1459256,2078371,260.8729597063419,55329.23299231227,2.19489,465.52
2004.34,32.2,2.31,39502360,1459221,2078371,260.8729597063419,55329.23299231227,2.19489,465.52
2004.34,32.22,2.31,39502360,1459221,2080510,260.8558740096653,55325.60924191162,2.19489,465.52
2004.34,32.24,2.31,39505398,1459281,2082022,260.83879055087425,55321.98596615,2.19489,465.52
2004.34,32.25,2.31,39505695,1459281,2082022,260.8302496605485,55320.174506229705,2.19489,465.52
2009.78,32.27,2.31,39508905,1459034,2082022,261.28339288108407,55416.282845154994,2.19489,465.52
2009.78,32.28,2.31,39509142,1459040,2083532,261.2748382730599,55414.468475811926,2.19489,465.52
2004.34,32.28,2.31,39510727,1458856,2084076,260.8046303451904,55314.74083817094,2.19489,465.52
2004.34,32.31,2.31,39512105,1458856,2084983,260.7790160621079,55309.30823742077,2.19489,465.52
2009.78,32.31,2.31,39512643,1458932,2087971,261.2491778096663,55409.02608055797,2.19489,465.52
2004.34,32.32,2.31,39513057,1458911,2085982,260.7704790857744,55307.4976076294,2.19489,465.52
2009.78,32.33,2.31,39513528,1458834,2084645,261.2320736340863,55405.39841091802,2.19489,465.52
2004.34,32.34,2.31,39513528,1458847,2087855,260.7534068098186,55303.87670366477,2.19489,465.52
2009.78,32.36,2.31,39520355,1458847,2089650,261.20642156963993,55399.95779701888,2.19489,465.52
2004.34,32.37,2.31,39520464,1458721,2088858,260.7278025868404,55298.4462365886,2.19489,465.52
2009.78,32.39,2.33,39520464,1458609,2090454,261.18077454258264,55394.51825151286,2.19489,465.52
2009.78,32.41,2.31,39524048,1458553,2090653,261.16367932236125,55390.89248123851,2.19489,465.52
2009.78,32.42,2.31,39527091,1458872,2090653,261.1551325514307,55389.079774085265,2.19489,465.52
2009.78,32.43,2.31,39527969,1458658,2092667,261.1465863398805,55387.26718557248,2.19489,465.52
2009.78,32.44,2.31,39527935,1458682,2092667,261.13804068765563,55385.45471568846,2.19489,465.52
2004.34,32.45,2.31,39528887,1458565,2094372,260.65954923537794,55283.970203542376,2.19489,465.52
2009.78,32.45,2.31,39533447,1458702,2092363,261.1294955947012,55383.64236442158,2.19489,465.52
2004.34,32.47,2.33,39535161,1458541,2095403,260.64249148069985,55280.35237943377,2.19489,465.52
2009.78,32.48,2.31,39533259,1458541,2095403,261.1038636709115,55378.20602220736,2.19489,465.52
2004.34,32.49,2.31,39534296,1458476,2095973,260.62543595842,55276.73502880039,2.19489,465.52
2009.78,32.5,2.31,39534296,1458287,2099901,261.08677851706426,55374.58238693681,2.19489,465.52
2009.78,32.51,2.31,39534296,1458468,2097926,261.0782367785797,55372.7707471283,2.19489,465.52
2009.78,32.53,2.33,39534296,1458275,2100883,261.06115497821474,55369.14782310664,2.19489,465.52
2004.34,32.55,2.33,39541777,1458198,2099901,260.5742827815881,55265.885816822214,2.19489,465.52
2009.78,32.55,2.33,39543524,1458068,2100956,261.0440754129561,55365.525373134566,2.19489,465.52
2004.34,32.57,2.33,39544307,1458082,2101609,260.55723618452015,55262.27035916052,2.19489,465.52
2009.78,32.58,2.33,39544307,1458051,2103893,261.0184602549331,55360.09258681594,2.19489,465.52
2009.78,32.6,2.33,39548994,1458152,2104069,261.0013862755214,55356.471321560864,2.19489,465.52
2009.78,32.61,2.33,39550530,1458047,2104143,260.99285012343233,55354.66086658567,2.19489,465.52
2009.78,32.62,2.33,39551793,1458121,2104000,260.98431452968146,55352.850530029886,2.19489,465.52
2009.78,32.63,2.33,39551793,1457928,2106531,260.9757794942138,55351.040311881865,2.19489,465.52
2009.78,32.64,2.33,39551793,1457928,2106728,260.9672450169747,55349.230212130016,2.19489,465.52
2009.78,32.65,2.33,39553047,1457731,2106656,260.9587110979094,55347.42023076271,2.19489,465.52
2009.78,32.66,2.33,39555856,1457939,2105384,260.9501777369631,55345.61036776835,2.19489,465.52
2009.78,32.67,2.33,39556537,1457847,2110069,260.94164493408107,55343.80062313529,2.19489,465.52
2009.78,32.67,2.33,39557131,1457833,2110617,260.94164493408107,55343.80062313529,2.19489,465.52
2009.78,32.68,2.33,39557851,1457664,2112658,260.93311268920866,55341.99099685197,2.19489,465.52
2009.78,32.7,2.33,39559569,1457675,2112658,260.91604987327344,55338.372099288,2.19489,465.52
2009.78,32.71,2.33,39558852,1457675,2108233,260.90751930210126,55336.56282798418,2.19489,465.52
2009.78,32.72,2.33,39560546,1457703,2111272,260.89898928871963,55334.7536749836,2.19489,465.52
2009.78,32.73,2.34,39561964,1457565,2111511,260.89045983307403,55332.944640274734,2.19489,465.52
2009.78,32.73,2.34,39564072,1457518,2112901,260.89045983307403,55332.944640274734,2.19489,465.52
2009.78,32.75,2.33,39564072,1457539,2112901,260.8734025947718,55329.32692568564,2.19489,465.52
2009.78,32.77,2.33,39567330,1457397,2112901,260.85634758675695,55325.70968412407,2.19489,465.52
2004.34,32.78,2.33,39567626,1457387,2112901,260.378381480507,55224.33659400044,2.19489,465.52
1998.91,32.78,2.33,39570125,1457595,2116002,259.9098049821876,55124.954970548846,2.19489,465.52
1998.91,32.8,2.33,39570604,1457413,2116188,259.89281463703423,55121.35144350386,2.19489,465.52
1998.91,32.8,2.33,39569787,1457384,2116188,259.89281463703423,55121.35144350386,2.19489,465.52
1998.91,32.81,2.33,39571096,1457471,2117269,259.88432029742654,55119.54985664794,2.19489,465.52
1998.91,32.82,2.33,39571845,1457323,2117887,259.87582651305894,55117.748387554355,2.19489,465.52
1998.91,32.83,2.33,39573816,1457259,2117530,259.8673332838768,55115.94703621153,2.19489,465.52
1998.91,32.84,2.33,39571638,1457163,2121651,259.8588406098259,55114.14580260794,2.19489,465.52
1998.91,32.85,2.33,39574659,1457185,2120010,259.85034849085173,55112.34468673204,2.19489,465.52
2004.34,32.86,2.33,39575109,1457034,2122776,260.3103109255629,55209.899330749155,2.19489,465.52
1998.91,32.88,2.33,39577190,1456914,2120563,259.82487546384544,55106.94204535504,2.19489,465.52
1998.91,32.88,2.33,39578047,1457006,2120813,259.82487546384544,55106.94204535504,2.19489,465.52
1998.91,32.91,2.33,39578324,1456827,2123237,259.79940743057125,55101.54046311183,2.19489,465.52
1998.91,32.92,2.33,39578324,1456712,2124514,259.7909191956109,55099.740171006655,2.19489,465.52
1998.91,32.93,2.33,39582529,1456692,2125179,259.78243151529216,55097.939996536865,2.19489,465.52
1998.91,32.95,2.33,39582761,1456685,2125022,259.76545781836205,55094.340000457385,2.19489,465.52
1998.91,32.97,2.33,39586773,1456582,2125022,259.7484863393461,55090.74047478114,2.19489,465.52
1998.91,32.98,2.33,39586019,1456582,2126964,259.74000143142007,55088.94088831544,2.19489,465.52
1998.91,32.99,2.33,39586019,1456453,2130001,259.73151707780966,55087.14141941597,2.19489,465.52
1998.91,32.99,2.33,39587012,1456374,2129402,259.73151707780966,55087.14141941597,2.19489,465.52
1998.91,32.99,2.34,39588890,1456239,2130631,259.73151707780966,55087.14141941597,2.19489,465.52
1998.91,33.02,2.34,39590833,1456239,2130631,259.70606734232825,55081.74371799982,2.19489,465.52
1998.91,33.04,2.34,39590104,1456147,2130631,259.6891036225893,55078.14583800909,2.19489,465.52
1998.91,33.04,2.33,39595638,1456159,2130631,259.6891036225893,55078.14583800909,2.19489,465.52
2004.34,33.07,2.33,39596014,1456061,2130631,260.13179493936224,55172.03740514189,2.19489,465.52
1998.91,33.09,2.34,39593665,1455873,2132419,259.64670401711277,55069.153194030834,2.19489,465.52
1998.91,33.09,2.34,39596369,1455998,2135037,259.64670401711277,55069.153194030834,2.19489,465.52
1998.91,33.1,2.34,39596702,1455680,2135042,259.6382257573898,55067.35501760002,2.19489,465.52
1998.91,33.11,2.34,39596702,1455799,2136864,259.629748051331,55065.55695859728,2.19489,465.52
1998.91,33.13,2.34,39600429,1455850,2138271,259.612794299989,55061.9611928301,2.19489,465.52
1998.91,33.14,2.34,39603030,1455700,2138887,259.6043182545974,55060.16348604266,2.19489,465.52
2004.34,33.14,2.34,39603690,1455646,2139271,260.07234400839565,55159.42830063845,2.19489,465.52
1998.91,33.16,2.34,39603772,1455619,2139238,259.5873678241019,55056.56842460255,2.19489,465.52
1998.91,33.18,2.34,39606436,1455647,2139576,259.5704196069619,55052.97383259885,2.19489,465.52
1998.91,33.19,2.34,39605655,1455620,2138807,259.5619463282648,55051.176712606924,2.19489,465.52
2004.34,33.19,2.34,39605699,1455518,2138807,260.02989569214435,55150.4253254637,2.19489,465.52
1998.91,33.2,2.34,39606346,1455553,2140824,259.553473602744,55049.379709939625,2.19489,465.52
1998.91,33.21,2.34,39609017,1455355,2143336,259.54500143034545,55047.58282458548,2.19489,465.52
1998.91,33.22,2.34,39612421,1455378,2146179,259.5365298110149,55045.78605653297,2.19489,465.52
2004.34,33.24,2.34,39613293,1455439,2142025,259.9874612302343,55141.42528869269,2.19489,465.52
1998.91,33.24,2.33,39614484,1455439,2142025,259.51958823134123,55042.19287228697,2.19489,465.52
1998.91,33.25,2.34,39617292,1455274,2143809,259.51111827088977,55040.396456070506,2.19489,465.52
2004.34,33.26,2.34,39616829,1455197,2145674,259.97049132316664,55137.8260964151,2.19489,465.52
1998.91,33.27,2.34,39617751,1455271,2147721,259.49418000848715,55036.80397539327,2.19489,465.52
1998.91,33.28,2.34,39618970,1455271,2147721,259.4857117064277,55035.00791090952,2.19489,465.52
2004.34,33.3,2.34,39618970,1454995,2147721,259.9365581541246,55130.62912123527,2.19489,465.52
1998.91,33.32,2.34,39623063,1455191,2147830,259.4518440245395,55027.82482507262,2.19489,465.52
1998.91,33.33,2.34,39624382,1455063,2150151,259.44337848538447,55026.02934658055,2.19489,465.52
2004.34,33.34,2.34,39625974,1454976,2150151,259.90263384231616,55123.43402460944,2.19489,465.52
2004.34,33.36,2.34,39628857,1454995,2153019,259.88567500679096,55119.83718052446,2.19489,465.52
1998.91,33.38,2.34,39627404,1454776,2150885,259.40105907480716,55017.05371134965,2.19489,465.52
2004.34,33.39,2.34,39627404,1454809,2154042,259.86024090275816,55114.442794423405,2.19489,465.52
1998.91,33.41,2.34,39632186,1454809,2156016,259.37567405467325,55011.66973558196,2.19489,465.52
1998.91,33.42,2.34,39632923,1454679,2156422,259.3672134853398,55009.87531115244,2.19489,465.52
1998.91,33.43,2.34,39634534,1454572,2157050,259.35875346793864,55008.08100378369,2.19489,465.52
2004.34,33.44,2.34,39637444,1454676,2156213,259.8178617904416,55105.454496893406,2.19489,465.52
2004.34,33.45,2.35,39637856,1454608,2156794,259.809387626652,55103.65718917988,2.19489,465.52
2004.34,33.47,2.34,39639430,1454587,2157585,259.7924409573136,55100.062925453494,2.19489,465.52
2004.34,33.47,2.35,39640988,1454483,2160332,259.7924409573136,55100.062925453494,2.19489,465.52
2004.34,33.48,2.34,39640836,1454462,2158414,259.7839684516567,55098.2659694177,2.19489,465.52
1998.91,33.48,2.34,39643013,1454448,2161575,259.31646165802636,54999.11122245053,2.19489,465.52
2004.34,33.5,2.34,39643532,1454435,2159670,259.7670250980971,55094.67240894358,2.19489,465.52
2004.34,33.52,2.34,39645319,1454373,2162113,259.7500839545163,55091.07931718966,2.19489,465.52
2004.34,33.53,2.34,39647985,1454315,2160950,259.74161421133266,55089.282947054104,2.19489,465.52
2004.34,33.54,2.34,39648858,1454322,2160950,259.7331450204816,55087.4866940642,2.19489,465.52
1998.91,33.54,2.35,39649987,1454232,2162870,259.26572968861274,54988.35134546286,2.19489,465.52
2004.34,33.56,2.35,39652588,1454374,2164583,259.71620829556093,55083.89453947557,2.19489,465.52
2004.34,33.57,2.34,39654084,1454274,2164411,259.7077407613833,55082.0986378539,2.19489,465.52
2004.34,33.58,2.34,39654084,1454041,2166874,259.6992737793222,55080.30285333208,2.19489,465.52
2004.34,33.58,2.34,39654513,1454142,2166874,259.6992737793222,55080.30285333208,2.19489,465.52
2004.34,33.61,2.35,39657444,1453883,2170518,259.67387614529764,55074.916202251115,2.19489,465.52
2004.34,33.63,2.34,39660153,1453965,2170770,259.65694714887377,55071.32568681971,2.19489,465.52
2004.34,33.64,2.35,39661075,1453958,2170140,259.64848347837767,55069.53060465645,2.19489,465.52
1998.91,33.64,2.35,39661535,1453747,2171645,259.18122050327787,54970.42756980346,2.19489,465.52
2004.34,33.66,2.34,39661535,1453894,2171570,259.63155779254754,55065.94079137758,2.19489,465.52
2004.34,33.68,2.34,39664184,1453845,2173822,259.61463431324023,55062.351446085944,2.19489,465.52
2004.34,33.68,2.36,39665558,1453783,2174514,259.61463431324023,55062.351446085944,2.19489,465.52
2004.34,33.7,2.36,39667148,1453666,2175293,259.5977130400244,55058.76256869008,2.19489,465.52
2004.34,33.71,2.34,39667148,1453550,2177408,259.58925323056604,55056.96830542447,2.19489,465.52
2004.34,33.74,2.36,39667148,1453613,2176878,259.563877110142,55051.58621721969,2.19489,465.52
2004.34,33.76,2.34,39673465,1453376,2177565,259.5469624526131,55047.99874296227,2.19489,465.52
2004.34,33.77,2.36,39673910,1453401,2177095,259.5385059505132,55046.205181163015,2.19489,465.52
2004.34,33.77,2.34,39676096,1453273,2181859,259.5385059505132,55046.205181163015,2.19489,465.52
2004.34,33.79,2.34,39678064,1453478,2180381,259.5215945993728,55042.61840816625,2.19489,465.52
2004.34,33.8,2.34,39679977,1453190,2182030,259.51313975022475,55040.82519694592,2.19489,465.52
2004.34,33.81,2.36,39679889,1453303,2183069,259.504685451953,55039.032102562385,2.19489,465.52
2004.34,33.83,2.34,39679889,1453152,2182065,259.48777850782295,55035.44626426005,2.19489,465.52
2004.34,33.84,2.34,39683390,1453357,2182065,259.47932586185703,55033.65352031841,2.19489,465.52
2004.34,33.85,2.34,39683390,1453121,2185858,259.4708737665521,55031.86089316791,2.19489,465.52
2004.34,33.87,2.34,39683390,1452951,2187791,259.45397122770987,55028.27598919468,2.19489,465.52
2004.34,33.89,2.34,39689530,1452908,2189902,259.43707089086604,55024.69155224906,2.19489,465.52
2004.34,33.9,2.34,39690745,1452980,2189902,259.42862154805897,55022.899508883085,2.19489,465.52
2004.34,33.91,2.34,39690745,1452980,2189827,259.42017275559016,55021.1075822398,2.19489,465.52
2004.34,33.93,2.36,39690745,1452757,2190311,259.40327682145204,55017.52407907565,2.19489,465.52
2004.34,33.95,2.34,39696505,1452763,2190311,259.38638308802183,55013.94104266542,2.19489,465.52
2004.34,33.95,2.34,39700051,1452592,2190311,259.38638308802183,55013.94104266542,2.19489,465.52
2004.34,33.98,2.34,39700051,1452437,2190311,259.3610466132631,55008.5673630142,2.19489,465.52
2004.34,33.98,2.36,39702213,1452482,2196784,259.3610466132631,55008.5673630142,2.19489,465.52
2004.34,34.03,2.34,39706029,1452397,2199244,259.3188301527818,54999.61356274026,2.19489,465.52
2004.34,34.03,2.36,39705111,1452293,2197556,259.3188301527818,54999.61356274026,2.19489,465.52
2004.34,34.05,2.36,39708492,1452224,2200641,259.3019474164437,54996.03285873226,2.19489,465.52
2004.34,34.05,2.36,39708513,1452225,2198904,259.3019474164437,54996.03285873226,2.19489,465.52
2004.34,34.08,2.35,39712460,1452224,2202067,259.2766274332959,54990.66267683023,2.19489,465.52
2004.34,34.1,2.35,39712460,1452187,2201106,259.25975019147756,54987.08313816939,2.19489,465.52
2004.34,34.11,2.35,39713099,1452050,2204246,259.2513123944916,54985.293543587024,2.19489,465.52
2004.34,34.12,2.35,39714946,1452038,2202669,259.24287514671624,54983.504065488174,2.19489,465.52
2004.34,34.13,2.36,39717175,1452038,2205808,259.2344384480978,54981.714703861464,2.19489,465.52
2004.34,34.14,2.35,39718467,1452170,2204650,259.2260022985828,54979.92545869554,2.19489,465.52
2004.34,34.15,2.36,39719213,1452105,2204928,259.2175666981175,54978.13632997901,2.19489,465.52
2004.34,34.16,2.36,39719846,1452031,2204124,259.20913164664836,54976.347317700536,2.19489,465.52
2004.34,34.17,2.35,39720101,1452019,2206714,259.2006971441217,54974.55842184871,2.19489,465.52
2004.34,34.17,2.35,39721104,1451910,2207610,259.2006971441217,54974.55842184871,2.19489,465.52
2004.34,34.19,2.35,39721104,1451850,2208290,259.183829785682,54970.98097937968,2.19489,465.52
2004.34,34.2,2.35,39724089,1451846,2206610,259.1753969296616,54969.192432739714,2.19489,465.52
2004.34,34.22,2.35,39725927,1451749,2209319,259.1585328637521,54965.61568859209,2.19489,465.52
2004.34,34.23,2.35,39725728,1451678,2209946,259.15010165375594,54963.82749106172,2.19489,465.52
2004.34,34.24,2.35,39729611,1451707,2213381,259.1416709923273,54962.03940987849,2.19489,465.52
2004.34,34.25,2.36,39728237,1451562,2212560,259.1332408794128,54960.25144503107,2.19489,465.52
2004.34,34.26,2.36,39728237,1451352,2212443,259.1248113149589,54958.46359650809,2.19489,465.52
2004.34,34.28,2.36,39731518,1451352,2211891,259.1079538312185,54954.888248390045,2.19489,465.52
2004.34,34.29,2.36,39731518,1451445,2215390,259.099525911825,54953.100748772275,2.19489,465.52
2004.34,34.31,2.36,39736624,1451234,2217839,259.0826717177242,54949.52609836255,2.19489,465.52
2004.34,34.32,2.36,39736559,1451213,2216547,259.07424544290984,54947.73894754789,2.19489,465.52
2004.34,34.33,2.35,39738056,1451258,2217200,259.0658197161815,54945.95191297824,2.19489,465.52
2004.34,34.35,2.35,39740795,1451223,2218542,259.0489699067691,54942.378192528624,2.19489,465.52
2009.78,34.36,2.35,39741426,1451146,2218374,259.50757326181485,55039.64458576058,2.19489,465.52
2004.34,34.37,2.35,39743983,1450997,2219875,259.03212228905926,54938.80493692297,2.19489,465.52
2004.34,34.37,2.36,39744846,1451009,2219875,259.03212228905926,54938.80493692297,2.19489,465.52
2004.34,34.4,2.35,39745221,1450838,2220982,259.0068549710015,54933.44592489855,2.19489,465.52
2004.34,34.42,2.35,39746823,1450906,2224017,258.99001283067753,54929.87383100611,2.19489,465.52
2004.34,34.43,2.36,39748742,1450906,2224643,258.98159258186973,54928.08795826305,2.19489,465.52
2004.34,34.44,2.36,39751189,1450826,2225816,258.9731728805602,54926.302201640334,2.19489,465.52
2004.34,34.45,2.36,39752749,1450752,2225816,258.96475372669533,54924.51656112663,2.19489,465.52
2009.78,34.47,2.35,39753243,1450805,2226851,259.4147774973691,55019.96328771612,2.19489,465.52
2009.78,34.47,2.35,39753243,1450592,2226570,259.4147774973691,55019.96328771612,2.19489,465.52
2004.34,34.49,2.35,39756112,1450810,2228187,258.9310825846168,54917.37515993548,2.19489,465.52
2004.34,34.5,2.36,39757862,1450810,2228187,258.92266616717535,54915.59009979701,2.19489,465.52
2009.78,34.51,2.36,39759500,1450537,2229552,259.3810500349109,55012.80994138736,2.19489,465.52
2004.34,34.52,2.36,39760814,1450524,2231205,258.90583497361297,54912.020327632046,2.19489,465.52
2004.34,34.54,2.36,39763176,1450421,2231549,258.8890059681221,54908.45101954093,2.19489,465.52
2009.78,34.56,2.36,39765001,1450421,2233679,259.33890303773256,55003.87087376828,2.19489,465.52
2009.78,34.58,2.35,39767571,1450349,2236971,259.3220480737682,55000.296060076165,2.19489,465.52
2009.78,34.58,2.35,39768244,1450349,2234584,259.3220480737682,55000.296060076165,2.19489,465.52
2004.34,34.6,2.35,39768548,1450207,2234584,258.83853207581313,54897.74587880601,2.19489,465.52
2004.34,34.6,2.35,39771291,1450175,2237444,258.83853207581313,54897.74587880601,2.19489,465.52
2004.34,34.62,2.35,39771291,1450054,2237444,258.8217118183432,54894.1784261057,2.19489,465.52
2009.78,34.64,2.36,39775020,1450040,2237444,259.2714963245742,54989.574406469466,2.19489,465.52
2009.78,34.65,2.36,39775508,1449986,2237444,259.26307294912505,54987.78787058882,2.19489,465.52
2009.78,34.66,2.36,39777311,1449825,2240933,259.25465012098596,54986.00145078859,2.19489,465.52
2004.34,34.68,2.36,39779727,1449942,2242859,258.7712641598658,54883.47884937319,2.19489,465.52
2004.34,34.7,2.36,39781759,1449874,2242859,258.7544526435975,54879.91325061735,2.19489,465.52
2004.34,34.71,2.36,39782277,1449874,2242859,258.74604770457836,54878.130624967685,2.19489,465.52
1998.91,34.71,2.36,39782609,1449864,2245253,258.28040875138254,54779.37203319693,2.19489,465.52
1982.62,34.74,2.35,39785815,1449864,2245253,256.85846183314834,54477.78756683352,2.19489,465.52
1977.19,34.74,2.35,39788286,1450060,2246218,256.3928682505998,54379.03859784282,2.19489,465.52
1966.33,34.76,2.34,39786069,1450112,2243575,255.4450878159704,54178.02134963053,2.19489,465.52
1960.9,34.77,2.34,39783833,1450079,2245732,254.971243768786,54077.52251786889,2.19489,465.52
1955.47,34.77,2.34,39784460,1450079,2245732,254.50569554804403,53978.7831697832,2.19489,465.52
1944.61,34.78,2.34,39784079,1450215,2247870,253.56636429348225,53779.55793042105,2.19489,465.52
1928.32,34.78,2.33,39783375,1450514,2247870,252.16976498717048,53483.34950581924,2.19489,465.52
1906.59,34.8,2.31,39783375,1450509,2249084,250.29051891767372,53084.77525823867,2.19489,465.52
1895.73,34.81,2.31,39784647,1450757,2249556,249.35141604245973,52885.59845645379,2.19489,465.52
1879.44,34.82,2.31,39784838,1450943,2247994,247.94690151652208,52587.711272078035,2.19489,465.52
1868.58,34.82,2.3,39787703,1451177,2248709,247.0159562417819,52390.26463725942,2.19489,465.52
1857.72,34.82,2.29,39782898,1451114,2245609,246.08501096704177,52192.8180024408,2.19489,465.52
1846.86,34.83,2.29,39781884,1451232,2245609,245.14610562782684,51993.68309658614,2.19489,465.52
1830.56,34.83,2.28,39786468,1451435,2246485,243.74887586072867,51697.340955895925,2.19489,465.52
1830.56,34.84,2.28,39785946,1451651,2247078,243.74096167923372,51695.6624163019,2.19489,465.52
1808.84,34.84,2.27,39787531,1451651,2247893,241.87919203566267,51300.794789917345,2.19489,465.52
1792.55,34.85,2.27,39791535,1451752,2249718,240.4750569177635,51002.988075191584,2.19489,465.52
1792.55,34.85,2.25,39793762,1452123,2247364,240.4750569177635,51002.988075191584,2.19489,465.52
1781.69,34.85,2.25,39790922,1451934,2250476,239.54420231951113,50805.56067218805,2.19489,465.52
1776.26,34.85,2.24,39791632,1452200,2248724,239.07877502038497,50706.84697068628,2.19489,465.52
1765.4,34.86,2.24,39791632,1452200,2251232,238.14018859782752,50507.77970470532,2.19489,465.52
1749.1,34.86,2.24,39793363,1452467,2248910,236.7430949201193,50211.46642757218,2.19489,465.52
1732.81,34.86,2.23,39793363,1452413,2252786,235.3468583550967,49915.33493772564,2.19489,465.52
1716.52,34.87,2.22,39798820,1452795,2252786,233.9430264838671,49617.592539384576,2.19489,465.52
1705.66,34.87,2.22,39796033,1452769,2252786,233.0122323267938,49420.17795550986,2.19489,465.52
1700.23,34.88,2.21,39796033,1452982,2251332,232.53928576167309,49319.8694730825,2.19489,465.52
1683.94,34.88,2.21,39796033,1453241,2250785,231.14313985253247,49023.75721068068,2.19489,465.52
1667.64,34.88,2.21,39805396,1453701,2252151,229.7461368863574,48727.46317279549,2.19489,465.52
1656.78,34.88,2.2,39805396,1453733,2253141,228.81537294693027,48530.05499786093,2.19489,465.52
1651.35,34.89,2.18,39807054,1453771,2253141,228.3425779791977,48429.778668122824,2.19489,465.52
1640.49,34.89,2.18,39807054,1453980,2253551,227.4118442554549,48232.37690171232,2.19489,465.52
1635.06,34.89,2.17,39813205,1454006,2253551,226.9464773935835,48133.676018507074,2.19489,465.52
1624.2,34.89,2.17,39813790,1454164,2253551,226.01574366984076,47936.27425209658,2.19489,465.52
1624.2,34.89,2.16,39815124,1454260,2255098,226.01574366984076,47936.27425209658,2.19489,465.52
1597.05,34.89,2.16,39815124,1454103,2254466,223.6889093604838,47442.769836070336,2.19489,465.52
1586.18,34.89,2.16,39818492,1454453,2257129,222.75731860752947,47245.186300077505,2.19489,465.52
1564.46,34.89,2.15,39821164,1454766,2257129,220.8958511600439,46850.3827672565,2.19489,465.52
1559.03,34.89,2.14,39819439,1454901,2256454,220.43048429817247,46751.68188405125,2.19489,465.52
1531.88,34.89,2.14,39822822,1455303,2256546,218.10364998881553,46258.177468025,2.19489,465.52
1521.02,34.89,2.12,39819005,1455387,2257832,217.17291626507273,46060.775701614504,2.19489,465.52
1510.16,34.89,2.11,39818496,1455565,2257410,216.24218254132995,45863.37393520401,2.19489,465.52
1504.72,34.89,2.1,39820461,1455679,2256337,215.77595865024705,45764.49128241643,2.19489,465.52
1493.86,34.89,2.1,39819908,1455687,2254076,214.8452249265042,45567.089516005915,2.19489,465.52
1493.86,34.88,2.09,39819858,1455763,2255392,214.8521997414549,45568.5688228759,2.19489,465.52
1493.86,34.88,2.09,39826322,1456090,2254762,214.8521997414549,45568.5688228759,2.19489,465.52
1493.86,34.88,2.09,39829290,1455989,2257278,214.8521997414549,45568.5688228759,2.19489,465.52
1499.29,34.87,2.09,39831424,1455792,2259613,215.32457208782296,45668.755517735895,2.19489,465.52
1515.59,34.87,2.09,39831424,1455916,2260591,216.72162040829213,45965.05917493275,2.19489,465.52
1526.45,34.87,2.1,39842868,1456019,2260591,217.65241456536543,46162.473758807464,2.19489,465.52
1526.45,34.87,2.1,39843108,1455261,2261836,217.65241456536543,46162.473758807464,2.19489,465.52
1537.31,34.87,2.11,39838137,1455035,2262425,218.5832087224388,46359.888342682185,2.19489,465.52
1553.6,34.86,2.11,39847649,1454643,2263874,219.9865419144774,46657.52497484044,2.19489,465.52
1559.03,34.86,2.12,39831637,1453831,2264710,220.45195410281823,46756.23547145595,2.19489,465.52
1569.89,34.86,2.12,39845183,1454114,2265365,221.3827784795,46953.65646468699,2.19489,465.52
1591.62,34.86,2.14,39864337,1454541,2273967,223.24528434554904,47348.680238435634,2.19489,465.52
1607.91,34.84,2.14,39864337,1453308,2271822,224.65610849594188,47647.90564767749,2.19489,465.52
1629.63,34.84,2.14,39864337,1453354,2271822,226.51787813951293,48042.77327406205,2.19489,465.52
1635.06,34.84,2.16,39864337,1453139,2276668,226.9833205504057,48141.49018065819,2.19489,465.52
1645.92,34.83,2.17,39871857,1453486,2276894,227.9216056645925,48340.49354135337,2.19489,465.52
1656.78,34.82,2.18,39875481,1453518,2278018,228.85995171231912,48539.50982560347,2.19489,465.52
1662.21,34.82,2.18,39877884,1453330,2278289,229.3254243496892,48638.233143012774,2.19489,465.52
1667.64,34.81,2.18,39885207,1453564,2280116,229.7983586995216,48738.53903466747,2.19489,465.52
1673.07,34.81,2.18,39890273,1453565,2281575,230.26384645160255,48837.26555779561,2.19489,465.52
1673.07,34.8,2.18,39894548,1453613,2282421,230.27132376436276,48838.85144074926,2.19489,465.52
1678.51,34.8,2.18,39894548,1453733,2284164,230.73768391181912,48937.76299250989,2.19489,465.52
1689.37,34.79,2.2,39901601,1453843,2284534,231.67621282362288,49136.818060883656,2.19489,465.52
1700.23,34.79,2.2,39902194,1453813,2284732,232.60724879251853,49334.28393126454,2.19489,465.52
1705.66,34.78,2.21,39901367,1453535,2281928,233.08033579482031,49434.622199383455,2.19489,465.52
1727.38,34.78,2.2,39901367,1453487,2284039,234.94246820323605,49829.5667655192,2.19489,465.52
1727.38,34.77,2.21,39905029,1453557,2282957,234.95009818726444,49831.18502892416,2.19489,465.52
1743.67,34.77,2.21,39903387,1453479,2282957,236.3467428494903,50127.40307318122,2.19489,465.52
1738.24,34.76,2.21,39901600,1453314,2282330,235.88885534761525,50030.288507133315,2.19489,465.52
1759.97,34.76,2.21,39906403,1453983,2282330,237.75196610011363,50425.44057284187,2.19489,465.52
1765.4,34.75,2.21,39915981,1453993,2285661,238.22526628781048,50525.824056012614,2.19489,465.52
1770.83,34.75,2.21,39890099,1452529,2285661,238.69084474877465,50624.569817826654,2.19489,465.52
1781.69,34.75,2.21,39890099,1453112,2285607,239.62200167070293,50822.061341454755,2.19489,465.52
1797.98,34.74,2.22,39911385,1453112,2285607,241.02656513300863,51119.958904873674,2.19489,465.52
1803.41,34.74,2.22,39914605,1453240,2286672,241.4921587155571,51218.70787386437,2.19489,465.52
1814.27,34.74,2.22,39913265,1453174,2288305,242.42334588065415,51416.20581184576,2.19489,465.52
1830.56,34.73,2.22,39922241,1454010,2287259,243.8280459516279,51714.13234895681,2.19489,465.52
1852.29,34.73,2.22,39919281,1453612,2286749,245.6913382466837,52109.32291850443,2.19489,465.52
1863.15,34.73,2.22,39901831,1452380,2287393,246.6225556569141,52306.8272712558,2.19489,465.52
1879.44,34.73,2.23,39893274,1452025,2287393,248.0193817722597,52603.08380038285,2.19489,465.52
1884.87,34.73,2.23,39903777,1452284,2285994,248.4849904773748,52701.83597675853,2.19489,465.52
1884.87,34.73,2.23,39911894,1452945,2285821,248.4849904773748,52701.83597675853,2.19489,465.52
1890.3,34.73,2.23,39919957,1452926,2287564,248.95059918249,52800.58815313421,2.19489,465.52
1895.73,34.72,2.23,39918570,1452752,2287487,249.42430923583296,52901.05856578915,2.19489,465.52
1906.59,34.72,2.23,39919342,1453015,2287487,250.35555689316143,53098.56933372722,2.19489,465.52
1912.02,34.72,2.23,39923989,1453122,2288243,250.82118072182573,53197.32471769624,2.19489,465.52
1922.88,34.72,2.24,39923989,1453031,2288243,251.75242837915425,53394.83548563431,2.19489,465.52
1928.32,34.72,2.23,39921236,1452819,2287123,252.2189097102654,53493.77273955539,2.19489,465.52
1933.75,34.72,2.22,39925742,1452819,2287123,252.68453353892968,53592.528123524426,2.19489,465.52
1950.04,34.72,2.22,39926803,1452819,2287125,254.0814050249224,53888.794275431515,2.19489,465.52
1966.33,34.73,2.22,39920701,1452815,2285526,255.46997852869768,54183.30048643865,2.19489,465.52
1988.05,34.73,2.23,39910912,1452136,2283749,257.3324133491584,54578.309191941386,2.19489,465.52
1998.91,34.73,2.23,39900044,1451848,2284967,258.26363075938883,54775.81354469275,2.19489,465.52
1998.91,34.73,2.23,39910518,1452343,2284226,258.26363075938883,54775.81354469275,2.19489,465.52
2004.34,34.73,2.24,39920179,1452721,2286814,258.72923946450396,54874.56572106843,2.19489,465.52
2009.78,34.73,2.25,39921978,1452659,2286814,259.19570564421423,54973.49976148901,2.19489,465.52
2020.64,34.73,2.25,39921978,1452208,2285312,260.12692305444466,55171.00411424038,2.19489,465.52
2031.5,34.73,2.25,39917693,1452208,2288225,261.058140464675,55368.508466991734,2.19489,465.52
2036.93,34.73,2.25,39922568,1452487,2286807,261.52374916979016,55467.260643367415,2.19489,465.52
2053.22,34.73,2.25,39921104,1452189,2286510,262.9205752851357,55763.51717249446,2.19489,465.52
2069.51,34.74,2.27,39920488,1452065,2285337,264.3088166006697,56057.95292882274,2.19489,465.52
2080.37,34.74,2.25,39920488,1451138,2285488,265.2400037657667,56255.45086680412,2.19489,465.52
2107.53,34.74,2.25,39920488,1451353,2285488,267.5688291252543,56749.3775698957,2.19489,465.52
2107.53,34.75,2.25,39913850,1451760,2287563,267.5601390041395,56747.534459224386,2.19489,465.52
2123.82,34.75,2.27,39913497,1451765,2287563,268.956874387032,57043.77174466653,2.19489,465.52
2140.11,34.75,2.27,39917319,1451955,2286840,270.3536097699244,57340.00903010867,2.19489,465.52
2161.83,34.75,2.27,39903772,1451342,2284452,272.21592361378106,57734.992077364856,2.19489,465.52
2178.13,34.76,2.24,39903772,1451998,2286236,273.60463026323964,58029.52652759059,2.19489,465.52
2188.99,34.77,2.23,39913265,1451831,2289036,274.5268411295656,58225.12065872794,2.19489,465.52
2205.28,34.77,2.23,39911807,1451627,2285673,275.92348579179145,58521.338702985,2.19489,465.52
2210.71,34.78,2.23,39913887,1451797,2286670,276.38005830266394,58618.17436912834,2.19489,465.52
2216.14,34.78,2.23,39913887,1451765,2290302,276.84559140476784,58716.910510662274,2.19489,465.52
2221.57,34.79,2.23,39920507,1452147,2290302,277.3021191446419,58813.736681206654,2.19489,465.52
2216.14,34.79,2.23,39921078,1452219,2290302,276.83660116019405,58715.00374601621,2.19489,465.52
2199.85,34.79,2.21,39916242,1452043,2287564,275.4400472068506,58418.80494044488,2.19489,465.52
2188.99,34.79,2.21,39917978,1452215,2287564,274.5090112379549,58221.339070063994,2.19489,465.52
2167.26,34.79,2.21,39915837,1452310,2287181,272.6460819926416,57826.22550069229,2.19489,465.52
2172.69,34.79,2.2,39915831,1452281,2283699,273.11159997708944,57924.95843588274,2.19489,465.52
2150.97,34.79,2.2,39909027,1452070,2284907,271.2495280392981,57530.02669512096,2.19489,465.52
2140.11,34.79,2.2,39905050,1452022,2283738,270.31849207040244,57332.560824740074,2.19489,465.52
2129.25,34.79,2.18,39905050,1452056,2281929,269.3874561015068,57135.09495435919,2.19489,465.52
2118.39,34.79,2.18,39894436,1451929,2280426,268.45642013261113,56937.6290839783,2.19489,465.52
2102.1,34.79,2.2,39895349,1451973,2280321,267.0598661792677,56641.43027840698,2.19489,465.52
2085.8,34.79,2.2,39895349,1452194,2277760,265.6624549184022,56345.04964422572,2.19489,465.52
2080.37,34.79,2.2,39886853,1451877,2275697,265.19693693395436,56246.31670903528,2.19489,465.52
2053.22,34.79,2.2,39886853,1451971,2273399,262.86934701171526,55752.65203308306,2.19489,465.52
2020.64,34.79,2.2,39886853,1452472,2273399,260.0762391050284,55160.254421940415,2.19489,465.52
2015.21,34.78,2.22,39886853,1452472,2271415,259.6191519561964,55063.30960487703,2.19489,465.52
2004.34,34.78,2.22,39876281,1452587,2271079,258.68722841662554,54865.65548729436,2.19489,465.52
1977.19,34.77,2.23,39877864,1452668,2270364,256.36788843101186,54373.74056212595,2.19489,465.52
1971.76,34.77,2.23,39876290,1452851,2269376,255.9023402102699,54275.00121404027,2.19489,465.52
1966.33,34.77,2.22,39876769,1453030,2269430,255.43679198952796,54176.261865954584,2.19489,465.52
1950.04,34.77,2.23,39876769,1453159,2269534,254.0401473273021,53880.04382169752,2.19489,465.52
1917.45,34.77,2.23,39872970,1453556,2267184,251.24600063964456,53287.42589276334,2.19489,465.52
1906.59,34.77,2.21,39869492,1453767,2266238,250.31490419816063,53089.947196591966,2.19489,465.52
1901.16,34.77,2.21,39864087,1453874,2264886,249.84935597741867,52991.207848506274,2.19489,465.52
1895.73,34.77,2.21,39864046,1454005,2263064,249.38380775667673,52892.46850042059,2.19489,465.52
1884.87,34.76,2.21,39864291,1454116,2263721,248.46078031949003,52696.70118061907,2.19489,465.52
1868.58,34.77,2.2,39864442,1454265,2263721,247.05606665296693,52398.771759992145,2.19489,465.52
1857.72,34.77,2.2,39864442,1454554,2263777,246.12497021148303,52201.29306382077,2.19489,465.52
1846.86,34.77,2.2,39867338,1454586,2260891,245.19387376999904,52003.81436764938,2.19489,465.52
1825.13,34.77,2.2,39865992,1454789,2265294,243.3308235238255,51608.675134886595,2.19489,465.52
1803.41,34.77,2.18,39868346,1455019,2260901,241.46863064085767,51213.71774254384,2.19489,465.52
1781.69,34.77,2.18,39871094,1455525,2258710,239.60643775788984,50818.76035020109,2.19489,465.52
1759.97,34.77,2.16,39867246,1455679,2258710,237.744244874922,50423.80295785834,2.19489,465.52
1727.38,34.77,2.16,39867246,1455998,2258710,234.95009818726444,49831.18502892416,2.19489,465.52
1711.09,34.77,2.12,39867246,1456102,2262126,233.5534535250386,49534.966984667095,2.19489,465.52
1705.66,34.77,2.12,39858812,1456245,2256795,233.0879053042966,49436.2276365814,2.19489,465.52
1673.07,34.77,2.11,39858812,1456505,2259308,230.29375861663908,48843.60970764723,2.19489,465.52
1651.35,34.77,2.1,39861979,1457191,2258517,228.43156573367125,48448.65231530448,2.19489,465.52
1629.63,34.77,2.1,39861979,1457286,2256249,226.56937285070345,48053.69492296173,2.19489,465.52
1597.05,34.77,2.08,39859767,1457707,2258940,223.7760835262517,47461.2588344476,2.19489,465.52
1580.75,34.76,2.08,39860196,1457944,2258940,222.3858036950164,47166.39072395611,2.19489,465.52
1564.46,34.76,2.05,39856973,1457985,2256404,220.98911367393043,46870.16305941896,2.19489,465.52
1548.17,34.76,2.05,39856973,1458244,2255814,219.5924236528444,46573.93539488181,2.19489,465.52
1531.88,34.76,2.03,39855514,1458302,2255673,218.19573363175843,46277.70773034466,2.19489,465.52
1510.16,34.76,2.03,39858502,1458680,2256067,216.3334802703104,45882.73751096178,2.19489,465.52
1493.86,34.76,2.03,39859873,1458940,2254198,214.935932858174,45586.32800009894,2.19489,465.52
1483.0,34.76,2.01,39859873,1459059,2256372,214.00480617745004,45388.84289040751,2.19489,465.52
1488.43,34.76,2.01,39858924,1459258,2257392,214.4703695178121,45487.58544525323,2.19489,465.52
1493.86,34.76,2.01,39856925,1459258,2256334,214.935932858174,45586.32800009894,2.19489,465.52
1499.29,34.77,2.01,39863197,1459083,2256573,215.3945008264849,45683.58688806511,2.19489,465.52
1499.29,34.77,2.01,39869285,1459085,2257258,215.3945008264849,45683.58688806511,2.19489,465.52
1504.72,34.78,2.01,39872221,1459132,2257936,215.8530390108859,45780.83945908342,2.19489,465.52
1504.72,34.78,2.01,39875277,1459234,2259465,215.8530390108859,45780.83945908342,2.19489,465.52
1504.72,34.78,2.01,39881112,1459101,2261093,215.8530390108859,45780.83945908342,2.19489,465.52
1499.29,34.79,2.01,39887688,1459259,2262831,215.38051144538295,45680.619843388355,2.19489,465.52
1510.16,34.8,2.01,39887688,1459076,2265563,216.30538045147352,45876.77774638818,2.19489,465.52
1526.45,34.82,2.02,39895650,1458744,2267429,217.68775119142728,46169.9683968824,2.19489,465.52
1548.17,34.84,2.02,39895650,1458279,2270665,219.53538480777723,46561.83787602862,2.19489,465.52
1553.6,34.86,2.03,39891822,1457740,2270665,219.9865419144774,46657.52497484044,2.19489,465.52
1569.89,34.87,2.03,39891822,1457740,2274535,221.3755911936588,46952.13209430633,2.19489,465.52
1580.75,34.89,2.03,39907600,1457689,2278071,222.29195174565805,47146.48541687225,2.19489,465.52
1586.18,34.91,2.03,39906137,1457312,2277193,222.74285666384267,47242.1190283577,2.19489,465.52
1591.62,34.91,2.03,39909352,1457037,2277193,223.20905028654337,47340.99526144439,2.19489,465.52
1607.91,34.91,2.03,39920763,1457280,2280795,224.6050602339322,47637.078687360234,2.19489,465.52
1640.49,34.95,2.03,39920763,1456767,2286865,227.3675576256097,48222.98403376652,2.19489,465.52
1651.35,34.97,2.03,39911956,1455718,2285883,228.283291317383,48417.20440389639,2.19489,465.52
1662.21,34.98,2.04,39913867,1455614,2286102,229.20634452008497,48612.97718837388,2.19489,465.52
1683.94,34.99,2.04,39911887,1455124,2286608,231.06062623734525,49006.2566807489,2.19489,465.52
1700.23,35.01,2.04,39916479,1455067,2289164,232.4411870235207,49299.06345338007,2.19489,465.52
1705.66,35.02,2.05,39920582,1455069,2292308,232.89881494402124,49396.12296413067,2.19489,465.52
1711.09,35.02,2.07,39921997,1455023,2292109,233.363985493169,49494.78221085341,2.19489,465.52
1732.81,35.03,2.05,39925315,1454867,2294227,235.2170349858957,49887.80035748223,2.19489,465.52
1749.1,35.04,2.08,39923759,1454246,2296859,236.6048238630258,50182.140154958,2.19489,465.52
1765.4,35.06,2.09,39923759,1454158,2298850,237.985657473855,50475.00479168841,2.19489,465.52
1770.83,35.07,2.09,39933679,1454158,2300010,238.44303127035136,50572.010404609784,2.19489,465.52
1781.69,35.09,2.09,39940936,1454331,2302401,239.35768983392623,50766.00274796885,2.19489,465.52
1797.98,35.12,2.08,39943054,1454168,2302138,240.7294551490642,51056.94406598616,2.19489,465.52
1814.27,35.13,2.08,39941700,1453735,2304742,242.11666005966856,51351.1600084637,2.19489,465.52
1830.56,35.15,2.08,39935825,1453444,2304471,243.49587670316967,51643.68169833547,2.19489,465.52
1841.43,35.15,2.08,39933804,1453193,2304568,244.42668181358175,51841.09860533265,2.19489,465.52
1857.72,35.18,2.08,39939021,1453193,2306695,245.79768698316693,52131.87870207794,2.19489,465.52
1868.58,35.21,2.08,39943939,1453292,2307957,246.70354145732773,52324.00376292899,2.19489,465.52
1884.87,35.21,2.09,39949740,1453086,2310510,248.0981932422304,52619.79913258664,2.19489,465.52
1912.02,35.21,2.07,39949740,1453086,2311191,250.42261288373487,53112.791415349406,2.19489,465.52
1922.88,35.27,2.06,39940642,1452378,2312962,251.3034826700286,53299.61740795744,2.19489,465.52
1928.32,35.28,2.04,39949244,1452591,2311249,251.76096920694943,53396.64693229232,2.19489,465.52
1933.75,35.29,2.02,39954312,1452845,2314875,252.21757016155576,53493.48863114208,2.19489,465.52
1944.61,35.31,2.02,39959204,1452845,2314875,253.13068325517727,53687.153191708974,2.19489,465.52
1955.47,35.33,2.02,39966795,1453365,2317624,254.0436779472047,53880.79264017001,2.19489,465.52
1960.9,35.34,2.02,39966522,1453078,2318477,254.50013089981712,53977.60294888712,2.19489,465.52
1966.33,35.36,2.01,39964359,1452974,2316198,254.9482901345676,54072.6542211427,2.19489,465.52
1977.19,35.37,2.02,39971718,1453179,2321525,255.8693122185828,54267.996220309295,2.19489,465.52
1988.05,35.38,2.02,39974627,1453179,2321525,256.79027459870645,54463.3255567203,2.19489,465.52
1993.48,35.4,2.02,39972417,1452922,2320413,257.2382272891582,54558.33302245166,2.19489,465.52
1993.48,35.41,2.02,39975895,1452922,2320413,257.2298905563579,54556.564862838546,2.19489,465.52
2009.78,35.43,2.04,39982440,1453032,2323883,258.6077317186489,54848.79482327836,2.19489,465.52
2015.21,35.44,2.06,39984363,1452854,2325059,259.06388885534705,54945.54239161924,2.19489,465.52
1998.91,35.45,2.06,39984401,1452629,2325714,257.6610714134823,54648.01514627352,2.19489,465.52
1998.91,35.46,2.08,39991533,1452991,2325714,257.65272232980345,54646.24436713006,2.19489,465.52
1998.91,35.47,2.08,39988100,1452797,2327371,257.64437378718367,54644.47370274125,2.19489,465.52
1998.91,35.49,2.08,39981328,1452419,2327371,257.6276783249113,54640.93271818301,2.19489,465.52
1998.91,35.5,2.08,39986343,1452419,2327371,257.6193314051535,54639.16239799127,2.19489,465.52
1998.91,35.5,2.09,39986343,1452397,2327371,257.6193314051535,54639.16239799127,2.19489,465.52
1998.91,35.52,2.09,39985838,1452364,2331002,257.6026391881318,54635.62210172678,2.19489,465.52
1998.91,35.53,2.09,39985838,1452460,2329390,257.59429389076274,54633.85212563175,2.19489,465.52
1998.91,35.54,2.09,39988380,1452336,2332371,257.58594913408473,54632.0822642133,2.19489,465.52
1998.91,35.54,2.09,39984706,1452283,2329570,257.58594913408473,54632.0822642133,2.19489,465.52
1998.91,35.57,2.09,39985906,1452177,2330367,257.5609181076725,54626.773367906215,2.19489,465.52
1998.91,35.57,2.09,39984088,1452219,2331133,257.5609181076725,54626.773367906215,2.19489,465.52
1998.91,35.58,2.1,39985969,1452292,2331490,257.55257551323365,54625.003965082775,2.19489,465.52
1998.91,35.59,2.1,39986953,1452338,2332336,257.5442334592234,54623.23467688024,2.19489,465.52
1998.91,35.6,2.1,39985865,1452061,2332624,257.535891945589,54621.46550328746,2.19489,465.52
1998.91,35.6,2.1,39985882,1452123,2337438,257.535891945589,54621.46550328746,2.19489,465.52
1998.91,35.61,2.09,39985981,1452042,2337774,257.5275509722782,54619.69644429332,2.19489,465.52
1998.91,35.62,2.09,39985536,1451966,2333980,257.5192105392384,54617.92749988667,2.19489,465.52
1998.91,35.62,2.1,39986864,1451915,2333324,257.5192105392384,54617.92749988667,2.19489,465.52
1998.91,35.64,2.1,39986864,1451832,2335379,257.5025312937616,54614.3899547913,2.19489,465.52
1998.91,35.66,2.1,39986864,1451710,2334107,257.48585420873883,54610.85286791233,2.19489,465.52
1998.91,35.66,2.1,39987923,1451731,2336582,257.48585420873883,54610.85286791233,2.19489,465.52
1998.91,35.68,2.1,39988896,1451798,2337171,257.4691792837504,54607.31623916072,2.19489,465.52
1998.91,35.68,2.1,39991767,1451748,2335882,257.4691792837504,54607.31623916072,2.19489,465.52
1998.91,35.69,2.1,39992050,1451750,2336868,257.46084263113795,54605.54809655487,2.19489,465.52
1998.91,35.7,2.1,39990722,1451736,2335785,257.45250651837665,54603.780068447486,2.19489,465.52
1998.91,35.72,2.1,39993564,1451805,2339254,257.43583591219806,54600.24435568363,2.19489,465.52
1998.91,35.73,2.1,39994373,1451812,2339254,257.42750141867594,54598.47667100494,2.19489,465.52
1998.91,35.73,2.1,40000028,1451894,2340435,257.42750141867594,54598.47667100494,2.19489,465.52
1998.91,35.73,2.11,39998702,1451894,2340435,257.42750141867594,54598.47667100494,2.19489,465.52
1998.91,35.77,2.11,40000964,1451791,2343500,257.3941688404785,54591.40707671891,2.19489,465.52
1998.91,35.77,2.11,40001963,1451879,2343103,257.3941688404785,54591.40707671891,2.19489,465.52
1998.91,35.78,2.11,40001285,1451670,2343739,257.38583704464,54589.63996419903,2.19489,465.52
1998.91,35.79,2.11,40002117,1451779,2344999,257.37750578818094,54587.87296607757,2.19489,465.52
1998.91,35.81,2.11,40005831,1451594,2344857,257.36084489319205,54584.33931298551,2.19489,465.52
1998.91,35.82,2.11,40007894,1451707,2347326,257.3525152545575,54582.5726579927,2.19489,465.52
1998.91,35.84,2.11,40007052,1451622,2346976,257.3358575947462,54579.03969105797,2.19489,465.52
1998.91,35.84,2.11,40007164,1451550,2347669,257.3358575947462,54579.03969105797,2.19489,465.52
1998.91,35.85,2.11,40009847,1451650,2349133,257.3275295734648,54577.273379093866,2.19489,465.52
1998.91,35.86,2.11,40009847,1451735,2349310,257.3192020911965,54575.507181450455,2.19489,465.52
1998.91,35.87,2.09,40013436,1451735,2349310,257.3108751478889,54573.74109811665,2.19489,465.52
1998.91,35.88,2.11,40010806,1451418,2350286,257.3025487434897,54571.97512908134,2.19489,465.52
1998.91,35.9,2.11,40010806,1451586,2351989,257.28589755120737,54568.44353386185,2.19489,465.52
1998.91,35.91,2.11,40015744,1451428,2354387,257.27757276321955,54566.677907655496,2.19489,465.52
1998.91,35.92,2.11,40019237,1451562,2354042,257.2692485139309,54564.91239570326,2.19489,465.52
1998.91,35.93,2.11,40014466,1451304,2355584,257.2609248032892,54563.14699799406,2.19489,465.52
1998.91,35.94,2.11,40015733,1451235,2354977,257.25260163124216,54561.38171451683,2.19489,465.52
1998.91,35.94,2.11,40020800,1451219,2358317,257.25260163124216,54561.38171451683,2.19489,465.52
1998.91,35.96,2.11,40022720,1451452,2356211,257.23595690272276,54557.851490213856,2.19489,465.52
1998.91,35.97,2.11,40024013,1451435,2355910,257.2276353461459,54556.08654936595,2.19489,465.52
1998.91,35.98,2.11,40024013,1451339,2357316,257.2193143279547,54554.321722705674,2.19489,465.52
1998.91,35.99,2.09,40024013,1451335,2358520,257.2109938480968,54552.55701022193,2.19489,465.52
2004.34,36.0,2.09,40030119,1451268,2362058,257.6663698733026,54649.13891056946,2.19489,465.52
1998.91,36.0,2.11,40027460,1451172,2361739,257.2026739065199,54550.792411903625,2.19489,465.52
1998.91,36.03,2.11,40033825,1451276,2362041,257.17771731095365,54545.49930183068,2.19489,465.52
1998.91,36.04,2.11,40034169,1451235,2362139,257.1693995219788,54543.73516006341,2.19489,465.52
1998.91,36.05,2.11,40032219,1451110,2362685,257.16108227102404,54541.97113240622,2.19489,465.52
1998.91,36.06,2.09,40031929,1451108,2364040,257.15276555803706,54540.20721884805,2.19489,465.52
1998.91,36.07,2.09,40033559,1451108,2364040,257.14444938296566,54538.44341937781,2.19489,465.52
1998.91,36.08,2.09,40033432,1450830,2363317,257.13613374575766,54536.679733984434,2.19489,465.52
1998.91,36.09,2.11,40037059,1450783,2363927,257.1278186463608,54534.916162656846,2.19489,465.52
1998.91,36.09,2.11,40039117,1450964,2366959,257.1278186463608,54534.916162656846,2.19489,465.52
1998.91,36.11,2.11,40038732,1450789,2367150,257.1111900607923,54531.38936215483,2.19489,465.52
1998.91,36.12,2.11,40038732,1450919,2367670,257.10287657451624,54529.62613295828,2.19489,465.52
2004.34,36.13,2.11,40043339,1450776,2367670,257.5580646867935,54626.16817835796,2.19489,465.52
1998.91,36.15,2.11,40043771,1450687,2367670,257.07793934109486,54524.33712945363,2.19489,465.52
1998.91,36.15,2.11,40043771,1450797,2369145,257.07793934109486,54524.33712945363,2.19489,465.52
1998.91,36.17,2.11,40045983,1450686,2371144,257.0613172061316,54520.81169707747,2.19489,465.52
2004.34,36.18,2.11,40044601,1450655,2371068,257.5164330854799,54617.33842240503,2.19489,465.52
2004.34,36.18,2.11,40044601,1450666,2373496,257.5164330854799,54617.33842240503,2.19489,465.52
1998.91,36.19,2.11,40052598,1450583,2374081,257.0446972205361,54517.286720566386,2.19489,465.52
1998.91,36.21,2.11,40052129,1450616,2373485,257.02807938389134,54513.76219983193,2.19489,465.52
2004.34,36.22,2.11,40050467,1450432,2375414,257.4831374933946,54610.27667260093,2.19489,465.52
2004.34,36.23,2.11,40052452,1450432,2375790,257.474814940628,54608.51152046851,2.19489,465.52
1998.91,36.24,2.11,40052452,1450422,2375790,257.00315665729545,54508.47627311809,2.19489,465.52
2004.34,36.24,2.11,40058132,1450380,2379259,257.4664929258589,54606.74648244142,2.19489,465.52
1998.91,36.27,2.1,40058132,1450343,2379074,256.978238763495,54503.19137140458,2.19489,465.52
2004.34,36.29,2.11,40063802,1450321,2380022,257.4248909201509,54597.92300349842,2.19489,465.52
2004.34,36.3,2.11,40064070,1450321,2380022,257.4165721322717,54596.1586498709,2.19489,465.52
2004.34,36.31,2.11,40065300,1450150,2382471,257.4082538820251,54594.394410271285,2.19489,465.52
2004.34,36.32,2.1,40066439,1450066,2382434,257.39993616935885,54592.6302846885,2.19489,465.52
2004.34,36.33,2.1,40066439,1450066,2384900,257.39161899422095,54590.86627311152,2.19489,465.52
2004.34,36.35,2.1,40071537,1450232,2385551,257.37498625632145,54587.3385919307,2.19489,465.52
2004.34,36.35,2.11,40074552,1450329,2377909,257.37498625632145,54587.3385919307,2.19489,465.52
2004.34,36.37,2.11,40069971,1449922,2384466,257.35835566790996,54583.81136664044,2.19489,465.52
2004.34,36.37,2.11,40072644,1449922,2388265,257.35835566790996,54583.81136664044,2.19489,465.52
2004.34,36.4,2.11,40072644,1450129,2389172,257.3334138146713,54578.521383306586,2.19489,465.52
2004.34,36.41,2.11,40076539,1449891,2388744,257.32510093788443,54576.758283378185,2.19489,465.52
2004.34,36.43,2.11,40079247,1449815,2390842,257.30847679543734,54573.2324252295,2.19489,465.52
2004.34,36.44,2.11,40081916,1449936,2391147,257.3001655296731,54571.46966698714,2.19489,465.52
2004.34,36.45,2.11,40081916,1449943,2393480,257.29185480081236,54569.707022618066,2.19489,465.52
2004.34,36.47,2.11,40082814,1449715,2392308,257.2752349535931,54566.18207545555,2.19489,465.52
2004.34,36.47,2.11,40083979,1449665,2394412,257.2752349535931,54566.18207545555,2.19489,465.52
2004.34,36.49,2.11,40088180,1449527,2397013,257.2586172533636,54562.65758365376,2.19489,465.52
2004.34,36.49,2.11,40090488,1449765,2396290,257.2586172533636,54562.65758365376,2.19489,465.52
2004.34,36.51,2.1,40090488,1449473,2396290,257.2420016997077,54559.13354712443,2.19489,465.52
2004.34,36.53,2.11,40090488,1449458,2396290,257.2253882922097,54555.60996577936,2.19489,465.52
2004.34,36.54,2.11,40090488,1449316,2400385,257.2170823931399,54553.84834577335,2.19489,465.52
2004.34,36.56,2.11,40093802,1449292,2399073,257.200472204099,54550.32544703933,2.19489,465.52
2004.34,36.57,2.1,40094609,1449159,2404063,257.1921679140239,54548.56416828926,2.19489,465.52
2004.34,36.58,2.11,40098658,1449289,2404063,257.1838641601766,54546.803003269146,2.19489,465.52
2004.34,36.59,2.11,40100206,1449288,2403919,257.175560942505,54545.04195196794,2.19489,465.52
2004.34,36.61,2.11,40103638,1449360,2405065,257.1589561154813,54541.52019047827,2.19489,465.52
2004.34,36.61,2.11,40103638,1449226,2402061,257.1589561154813,54541.52019047827,2.19489,465.52
2004.34,36.62,2.11,40101932,1449043,2404985,257.15065450602543,54539.75948026778,2.19489,465.52
2004.34,36.63,2.11,40102894,1449025,2404985,257.1423534325376,54537.99888373217,2.19489,465.52
2004.34,36.64,2.11,40108118,1449176,2406384,257.1340528949659,54536.23840086042,2.19489,465.52
2004.34,36.66,2.11,40107894,1448875,2408682,257.11745342736356,54532.71777606453,2.19489,465.52
2004.34,36.68,2.11,40107894,1448937,2411627,257.10085610280316,54529.19760579205,2.19489,465.52
2004.34,36.69,2.11,40112701,1448968,2410477,257.09255824403397,54527.437691074585,2.19489,465.52
2004.34,36.69,2.11,40114371,1448809,2414091,257.09255824403397,54527.437691074585,2.19489,465.52
2004.34,36.72,2.11,40111938,1448809,2411978,257.0676678811485,54522.15862846533,2.19489,465.52
2004.34,36.73,2.11,40111938,1448834,2412804,257.0593721644878,54520.39916807328,2.19489,465.52
2004.34,36.75,2.11,40122448,1448654,2416715,257.0427823373072,54516.88058793982,2.19489,465.52
2004.34,36.76,2.11,40121234,1448664,2414903,257.0344882266835,54515.1214681764,2.19489,465.52
2004.34,36.77,2.11,40118496,1448389,2423352,257.026194651302,54513.362461933895,2.19489,465.52
2004.34,36.78,2.11,40120351,1448353,2423352,257.0179016111106,54511.603569201274,2.19489,465.52
2004.34,36.79,2.11,40125387,1448779,2418057,257.0096091060576,54509.844789967574,2.19489,465.52
2009.78,36.79,2.11,40126240,1448588,2417838,257.4729749427008,54608.12127046279,2.19489,465.52
2004.34,36.8,2.11,40126240,1448597,2415975,257.00131713609125,54508.08612422181,2.19489,465.52
2009.78,36.82,2.12,40126240,1448296,2415975,257.4480557916595,54602.836102097746,2.19489,465.52
2009.78,36.84,2.11,40131805,1448591,2422971,257.43144570386363,54599.313224837046,2.19489,465.52
2009.78,36.85,2.11,40131805,1448239,2421103,257.4231414636796,54597.551956668496,2.19489,465.52
2004.34,36.87,2.11,40132328,1448122,2421103,256.9432883244032,54495.77864074108,2.19489,465.52
2004.34,36.88,2.11,40132842,1448292,2423234,256.9350006332661,54494.020882503464,2.19489,465.52
2009.78,36.89,2.11,40135556,1448119,2424160,257.3899298598268,54590.508020149784,2.19489,465.52
2004.34,36.9,2.11,40137406,1448225,2424719,256.9184268548024,54490.50570618465,2.19489,465.52
2009.78,36.91,2.11,40140851,1448060,2424719,257.37332727130456,54586.98673342978,2.19489,465.52
2009.78,36.92,2.11,40136399,1447965,2427297,257.3650267802131,54585.226260416144,2.19489,465.52
2004.34,36.93,2.11,40136399,1447895,2429406,256.89357019585754,54485.23379193289,2.19489,465.52
2009.78,36.95,2.11,40145580,1447849,2431648,257.3401285189961,54579.94552262895,2.19489,465.52
2009.78,36.96,2.11,40143353,1447849,2430135,257.3318301691035,54578.18550374782,2.19489,465.52
2009.78,36.97,2.11,40145411,1447738,2432672,257.32353235438114,54576.42559837235,2.19489,465.52
2004.34,36.99,2.11,40147018,1447628,2432317,256.84387130435124,54474.69302315905,2.19489,465.52
2009.78,37.0,2.11,40149040,1447715,2432542,257.298642120718,54571.1465631702,2.19489,465.52
2009.78,37.0,2.11,40149040,1447659,2432542,257.298642120718,54571.1465631702,2.19489,465.52
2009.78,37.0,2.11,40150634,1447625,2434557,257.298642120718,54571.1465631702,2.19489,465.52
2009.78,37.04,2.11,40154973,1447723,2435599,257.265462631744,54564.109437980704,2.19489,465.52
2009.78,37.05,2.11,40155217,1447555,2438544,257.25716909652056,54562.35044025543,2.19489,465.52
2009.78,37.06,2.12,40155810,1447501,2434791,257.2488760960017,54560.59155593706,2.19489,465.52
2009.78,37.07,2.12,40155810,1447352,2434791,257.2405836301357,54558.83278501463,2.19489,465.52
2009.78,37.08,2.11,40155479,1447339,2436375,257.23229169887077,54557.07412747715,2.19489,465.52
2009.78,37.08,2.11,40157455,1447314,2440068,257.23229169887077,54557.07412747715,2.19489,465.52
2009.78,37.1,2.11,40162341,1447314,2441403,257.2157094399377,54553.55715251324,2.19489,465.52
2009.78,37.12,2.11,40160056,1447003,2449653,257.19912931878906,54550.04063095767,2.19489,465.52
2004.34,37.12,2.11,40161811,1447280,2440903,256.7362563133126,54451.8686763224,2.19489,465.52
2009.78,37.13,2.11,40161811,1447144,2443039,257.1908400597547,54548.28254018061,2.19489,465.52
2009.78,37.16,2.11,40167522,1447144,2446144,257.16597548819146,54543.008947720795,2.19489,465.52
2009.78,37.18,2.11,40164769,1447053,2444461,257.149401777916,54539.49378586419,2.19489,465.52
2009.78,37.18,2.11,40165045,1446859,2445971,257.149401777916,54539.49378586419,2.19489,465.52
2009.78,37.19,2.12,40170394,1446875,2446961,257.1411157238535,54537.736374838045,2.19489,465.52
2009.78,37.21,2.12,40171537,1446851,2446961,257.1245452176205,54534.22189253524,2.19489,465.52
2009.78,37.21,2.12,40173696,1447018,2449646,257.1245452176205,54534.22189253524,2.19489,465.52
2009.78,37.22,2.12,40172521,1446834,2447220,257.11626076534674,54532.464821236696,2.19489,465.52
2004.34,37.23,2.11,40172521,1446626,2450170,256.6452678855967,54432.57070108432,2.19489,465.52
2009.78,37.25,2.11,40175702,1446626,2447602,257.091410611278,54527.19428662125,2.19489,465.52
2009.78,37.26,2.12,40177693,1446662,2450813,257.0831282940005,54525.43766813968,2.19489,465.52
2009.78,37.27,2.11,40177637,1446578,2450813,257.07484651034304,54523.68116283499,2.19489,465.52
2009.78,37.28,2.12,40176440,1446381,2455850,257.06656526025415,54521.924770696256,2.19489,465.52
2009.78,37.28,2.12,40181188,1446632,2455850,257.06656526025415,54521.924770696256,2.19489,465.52
2009.78,37.3,2.12,40181188,1446566,2455850,257.05000436057554,54518.41232587288,2.19489,465.52
2004.34,37.3,2.12,40181188,1446362,2456076,256.58739973049285,54420.29729168159,2.19489,465.52
2004.34,37.33,2.12,40183868,1446362,2457715,256.56260708042873,54415.03895324192,2.19489,465.52
2004.34,37.35,2.12,40185820,1446373,2457793,256.5460813086361,54411.533958784385,2.19489,465.52
2004.34,37.36,2.12,40189381,1446373,2459231,256.5378192210605,54409.78163087357,2.19489,465.52
2004.34,37.37,2.11,40189381,1446386,2461444,256.52955766563025,54408.02941582685,2.19489,465.52
1998.91,37.38,2.11,40189760,1446257,2461541,256.0596613473759,54308.36786828971,2.19489,465.52
2004.34,37.38,2.12,40189760,1446309,2461541,256.5212966422938,54406.277313633305,2.19489,465.52
1998.91,37.41,2.11,40195505,1446338,2462233,256.03492606324266,54303.12169674139,2.19489,465.52
2004.34,37.42,2.11,40198467,1446326,2462233,256.48825786885885,54399.27003317304,2.19489,465.52
1998.91,37.43,2.11,40197745,1446012,2463926,256.0184385285615,54299.62481209352,2.19489,465.52
1998.91,37.44,2.11,40197745,1446182,2465697,256.0101955574894,54297.87653865226,2.19489,465.52
1998.91,37.46,2.14,40202762,1445924,2466526,255.99371120762575,54294.38032948072,2.19489,465.52
1998.91,37.47,2.12,40202758,1445878,2467493,255.9854698287316,54292.63239372868,2.19489,465.52
1998.91,37.48,2.12,40206129,1446052,2461389,255.97722898046104,54290.88457051799,2.19489,465.52
2004.34,37.5,2.12,40207290,1445834,2469990,256.4222058468743,54385.26088589265,2.19489,465.52
2004.34,37.51,2.12,40208690,1445814,2469346,256.4139517360828,54383.51024979898,2.19489,465.52
1998.91,37.51,2.12,40208912,1445691,2468722,255.952509618878,54285.64177602526,2.19489,465.52
2004.34,37.53,2.12,40210662,1445568,2472731,256.39744510857315,54380.009315702824,2.19489,465.52
1998.91,37.53,2.12,40210735,1445378,2480495,255.93603269666744,54282.14714220422,2.19489,465.52
2004.34,37.53,2.12,40214698,1445571,2480495,256.39744510857315,54380.009315702824,2.19489,465.52
2004.34,37.57,2.12,40214698,1445551,2476678,256.3644382284098,54373.00879957051,2.19489,465.52
1998.91,37.59,2.12,40219929,1445405,2483360,255.8866146559845,54271.66593982108,2.19489,465.52
2004.34,37.59,2.11,40221718,1445470,2476671,256.3479379749356,54369.509217360326,2.19489,465.52
2004.34,37.62,2.13,40222648,1445432,2476671,256.32319157683014,54364.260688620365,2.19489,465.52
2004.34,37.63,2.13,40222132,1445230,2472416,256.3149438391515,54362.51140421697,2.19489,465.52
2004.34,37.64,2.13,40222132,1445282,2481257,256.3066966322324,54360.76223238376,2.19489,465.52
2004.34,37.66,2.13,40228647,1444902,2484484,256.2902038104678,54357.264226384454,2.19489,465.52
2004.34,37.67,2.13,40227804,1445070,2483406,256.2819581955199,54355.51539219661,2.19489,465.52
2004.34,37.69,2.13,40230006,1444809,2490268,256.26546855723683,54352.01806139027,2.19489,465.52
2004.34,37.7,2.13,40233682,1444962,2488255,256.2572245337992,54350.26956475004,2.19489,465.52
2004.34,37.72,2.13,40235426,1444863,2497686,256.240738078076,54346.772908941195,2.19489,465.52
2004.34,37.73,2.13,40236034,1445023,2485885,256.232495645688,54345.02474975087,2.19489,465.52
2004.34,37.74,2.13,40236789,1444841,2495263,256.22425374354754,54343.27670302213,2.19489,465.52
2004.34,37.75,2.13,40238389,1444797,2489967,256.21601237160337,54341.52876874412,2.19489,465.52
2004.34,37.77,2.13,40241374,1444895,2489419,256.1995312180995,54338.033237496944,2.19489,465.52
2004.34,37.77,2.13,40241913,1444857,2491121,256.1995312180995,54338.033237496944,2.19489,465.52
2004.34,37.78,2.13,40243144,1444779,2491121,256.19129143643744,54336.28564050607,2.19489,465.52
2004.34,37.8,2.13,40245542,1444779,2492783,256.1748134630374,54332.79078373549,2.19489,465.52
2004.34,37.81,2.13,40247453,1444901,2488594,256.16657527119725,54331.04352393412,2.19489,465.52
2004.34,37.82,2.13,40250764,1444621,2493929,256.15833760919537,54329.29637650754,2.19489,465.52
2004.34,37.83,2.13,40249994,1444563,2494799,256.1501004769808,54327.54934144495,2.19489,465.52
2004.34,37.84,2.13,40251844,1444835,2487719,256.14186387450235,54325.80241873548,2.19489,465.52
2004.34,37.85,2.13,40254396,1444652,2488436,256.133627801709,54324.055608368326,2.19489,465.52
2004.34,37.87,2.13,40254396,1444371,2488436,256.117157244973,54320.56232461755,2.19489,465.52
2004.34,37.88,2.13,40254396,1444638,2489306,256.1089227609282,54318.81585121227,2.19489,465.52
2004.34,37.9,2.13,40258754,1444350,2489306,256.0924553812297,54315.32324128774,2.19489,465.52
2004.34,37.91,2.13,40261353,1444217,2501881,256.08422248547384,54313.57710474684,2.19489,465.52
2004.34,37.93,2.13,40262497,1444202,2502511,256.0677582818937,54310.08516845361,2.19489,465.52
2004.34,37.94,2.13,40262497,1444198,2502511,256.0595269739673,54308.33936867964,2.19489,465.52
2004.34,37.96,2.13,40266640,1444223,2502989,256.04306594558676,54304.848105822864,2.19489,465.52
2004.34,37.97,2.13,40266640,1444058,2506936,256.0348362250305,54303.1026427184,2.19489,465.52
2004.34,37.99,2.14,40271470,1444058,2506936,256.0183783709311,54299.612053103265,2.19489,465.52
2004.34,38.0,2.13,40271193,1443836,2506936,256.0101502372858,54297.86692657094,2.19489,465.52
2004.34,38.02,2.13,40275397,1443895,2509771,255.9936955565495,54294.37701000274,2.19489,465.52
2004.34,38.02,2.14,40274746,1443941,2509790,255.9936955565495,54294.37701000274,2.19489,465.52
2004.34,38.04,2.14,40277033,1443675,2509790,255.97724299087852,54290.88754202433,2.19489,465.52
2004.34,38.05,2.13,40277033,1443410,2521814,255.9690175010652,54289.14297622927,2.19489,465.52
2004.34,38.08,2.14,40284998,1443410,2515575,255.9443442031022,54283.90995149102,2.19489,465.52
2004.34,38.09,2.13,40285016,1443373,2515575,255.936120827437,54282.16583409121,2.19489,465.52
2004.34,38.1,2.13,40285746,1443743,2515575,255.92789798018148,54280.42182876321,2.19489,465.52
2004.34,38.12,2.13,40288350,1443484,2518391,255.91145387069585,54276.9341542794,2.19489,465.52
2004.34,38.13,2.13,40290273,1443391,2527557,255.90323260836385,54275.190485102,2.19489,465.52
2004.34,38.14,2.13,40289264,1443398,2519300,255.8950118742378,54273.44692795319,2.19489,465.52
2004.34,38.15,2.14,40291800,1443445,2525473,255.88679166826697,54271.7034828222,2.19489,465.52
2004.34,38.17,2.14,40291800,1443445,2520222,255.87035284058683,54268.21692857045,2.19489,465.52
2009.78,38.18,2.13,40296170,1443420,2523006,256.3234312586024,54364.31152335861,2.19489,465.52
2009.78,38.19,2.13,40296780,1443365,2522945,256.3151983482388,54362.56538371952,2.19489,465.52
2004.34,38.2,2.13,40297306,1443263,2523512,255.84569855895776,54262.98793705653,2.19489,465.52
2004.34,38.21,2.13,40297306,1443161,2523512,255.83748152084885,54261.245163805725,2.19489,465.52
2009.78,38.23,2.13,40300769,1443188,2525906,256.2822719947995,54355.58194671216,2.19489,465.52
2004.34,38.23,2.13,40304099,1443188,2528475,255.821049027977,54257.759953120134,2.19489,465.52
2004.34,38.25,2.13,40305507,1443242,2527342,255.80461864589435,54254.275190117376,2.19489,465.52
2004.34,38.26,2.14,40306781,1443163,2529332,255.79640424627175,54252.53297647009,2.19489,465.52
2009.78,38.27,2.14,40307200,1443163,2529332,256.2493540997389,54348.60030366463,2.19489,465.52
2004.34,38.28,2.14,40309932,1442996,2535697,255.77997702961017,54249.04888482982,2.19489,465.52
2009.78,38.28,2.13,40312833,1442996,2536314,256.24112594721345,54346.85517312795,2.19489,465.52
2004.34,38.31,2.13,40312591,1442926,2531637,255.75534016031432,54243.82358634351,2.19489,465.52
2004.34,38.32,2.13,40314823,1442741,2534302,255.74712892519827,54242.08204386475,2.19489,465.52
2009.78,38.33,2.13,40314823,1442860,2542749,256.1999931094795,54338.13120125605,2.19489,465.52
2004.34,38.34,2.13,40317175,1442839,2534892,255.7307080366352,54238.59929436755,2.19489,465.52
2004.34,38.36,2.13,40318472,1442782,2534892,255.71428925662576,54235.11699207907,2.19489,465.52
2004.34,38.37,2.14,40319787,1442723,2537152,255.70608065720177,54233.37600861116,2.19489,465.52
2004.34,38.38,2.13,40319547,1442692,2546214,255.6978725847639,54231.635136913144,2.19489,465.52
2004.34,38.39,2.14,40322114,1442540,2546214,255.68966503926143,54229.89437697423,2.19489,465.52
2009.78,38.4,2.14,40323897,1442442,2547306,256.1424293170941,54325.922344943785,2.19489,465.52
2004.34,38.4,2.14,40326020,1442558,2547306,255.68145802064356,54228.15372878367,2.19489,465.52
2009.78,38.4,2.13,40326020,1442558,2542198,256.1424293170941,54325.922344943785,2.19489,465.52
2009.78,38.45,2.14,40329122,1442333,2541414,256.10132815706254,54317.20509167919,2.19489,465.52
2009.78,38.45,2.14,40330814,1442343,2542489,256.10132815706254,54317.20509167919,2.19489,465.52
2009.78,38.46,2.14,40331327,1442289,2543790,256.09310950784857,54315.46197672488,2.19489,465.52
2004.34,38.47,2.14,40334277,1442355,2544198,255.6240236388277,54215.972319499866,2.19489,465.52
2009.78,38.47,2.14,40334940,1442335,2541363,256.08489138611344,54313.718973644936,2.19489,465.52
2004.34,38.48,2.14,40336505,1442344,2544298,255.61582083346113,54214.23256490887,2.19489,465.52
2009.78,38.49,2.13,40336505,1442230,2546832,256.068456724877,54310.233303065186,2.19489,465.52
2009.78,38.5,2.14,40339543,1442230,2546832,256.06024018527415,54308.49063554384,2.19489,465.52
2004.34,38.5,2.14,40341309,1441994,2546832,255.59941680196212,54210.75339067079,2.19489,465.52
2004.34,38.53,2.14,40344141,1442222,2546832,255.574814702039,54205.5354665123,2.19489,465.52
2009.78,38.53,2.14,40343327,1442079,2548978,256.03559372991754,54303.263303924665,2.19489,465.52
2009.78,38.55,2.14,40343327,1442036,2550212,256.0191653953824,54299.77897519165,2.19489,465.52
2004.34,38.57,2.14,40346080,1441868,2550703,255.5420192683546,54198.57979662053,2.19489,465.52
2009.78,38.57,2.14,40347612,1441895,2552451,256.0027391689359,54296.29509356871,2.19489,465.52
2004.34,38.59,2.14,40347612,1441945,2553281,255.52562470754953,54195.102631046866,2.19489,465.52
2004.34,38.6,2.14,40349503,1441767,2554161,255.5174282159791,54193.36421556551,2.19489,465.52
2009.78,38.61,2.14,40351654,1441737,2554342,255.96989303868577,54289.32867130881,2.19489,465.52
2004.34,38.61,2.14,40352588,1441553,2554342,255.5092322502293,54191.62591160684,2.19489,465.52
2009.78,38.64,2.14,40353337,1441648,2557849,255.94526397171393,54284.105027637954,2.19489,465.52
2004.34,38.64,2.14,40354434,1441600,2565512,255.4846475073976,54186.41166875958,2.19489,465.52
2009.78,38.66,2.14,40355499,1441588,2559937,255.92884722664664,54280.623156945694,2.19489,465.52
2009.78,38.67,2.14,40360916,1441602,2565509,255.92063964383513,54278.882389093815,2.19489,465.52
2004.34,38.67,2.14,40360916,1441690,2565509,255.46006749513015,54181.19842923016,2.19489,465.52
2004.34,38.69,2.14,40360508,1441498,2561293,255.44368344770237,54177.72349346637,2.19489,465.52
2009.78,38.7,2.14,40361943,1441302,2561956,255.89602005368184,54273.66075538636,2.19489,465.52
2009.78,38.71,2.14,40363891,1441599,2558525,255.8878145762223,54271.92043406412,2.19489,465.52
2004.34,38.73,2.14,40363762,1441363,2565402,255.41092165682792,54170.77495896675,2.19489,465.52
2004.34,38.74,2.14,40366184,1441266,2565627,255.402732522144,54169.038103826824,2.19489,465.52
2009.78,38.74,2.14,40366605,1441395,2556863,255.8632013009095,54266.70013968782,2.19489,465.52
2009.78,38.74,2.14,40366278,1441162,2566121,255.8632013009095,54266.70013968782,2.19489,465.52
2009.78,38.76,2.14,40366278,1441084,2565784,255.84679508108331,54263.22050132166,2.19489,465.52
2004.34,38.77,2.14,40372880,1441114,2567741,255.3781682685673,54163.82820659961,2.19489,465.52
2004.34,38.78,2.14,40374015,1441208,2560976,255.36998123403168,54162.09179688569,2.19489,465.52
2009.78,38.79,2.14,40374032,1440967,2560976,255.8221896959052,54258.0018803848,2.19489,465.52
2009.78,38.81,2.14,40376322,1440972,2569900,255.8057887349041,54254.523357376704,2.19489,465.52
2004.34,38.82,2.14,40377483,1441046,2570893,255.33723834449304,54155.14727122015,2.19489,465.52
2009.78,38.83,2.14,40379385,1440777,2576804,255.7893898767251,54251.045280361686,2.19489,465.52
2009.78,38.83,2.14,40380251,1440734,2576804,255.7893898767251,54251.045280361686,2.19489,465.52
2009.78,38.84,2.14,40381388,1440951,2576804,255.78119123606743,54249.306409074765,2.19489,465.52
2009.78,38.85,2.14,40383524,1440584,2582716,255.77299312096375,54247.56764925397,2.19489,465.52
2009.78,38.86,2.14,40382497,1440772,2574485,255.76479553136335,54245.829000888545,2.19489,465.52
2004.34,38.87,2.14,40383628,1440743,2575871,255.2963215381434,54146.46911801343,2.19489,465.52
2009.78,38.88,2.14,40386919,1440727,2576040,255.7484019284706,54242.352038481025,2.19489,465.52
2004.34,38.88,2.14,40387049,1440711,2576594,255.28813975044545,54144.733821115115,2.19489,465.52
2009.78,38.89,2.14,40387155,1440711,2586753,255.7402059150772,54240.613724417504,2.19489,465.52
2009.78,38.9,2.16,40389300,1440572,2580022,255.73201042698503,54238.875521766495,2.19489,465.52
2009.78,38.91,2.14,40390956,1440594,2579807,255.72381546414377,54237.13743051733,2.19489,465.52
2009.78,38.92,2.14,40391310,1440551,2579807,255.71562102650267,54235.399450659264,2.19489,465.52
2009.78,38.93,2.16,40391310,1440483,2580947,255.7074271140114,54233.66158218161,2.19489,465.52
2004.34,38.94,2.16,40395825,1440517,2583052,255.23906003502677,54134.324375028205,2.19489,465.52
2009.78,38.95,2.14,40395567,1440398,2583052,255.6910408642765,54230.186179324686,2.19489,465.52
2009.78,38.96,2.14,40399284,1440550,2578079,255.68284852693185,54228.44864492403,2.19489,465.52
2009.78,38.97,2.14,40399284,1440262,2586365,255.67465671453505,54226.71122186093,2.19489,465.52
2009.78,38.99,2.14,40401098,1440240,2586525,255.65827466438355,54223.23670970474,2.19489,465.52
2009.78,39.0,2.16,40402652,1440205,2586306,255.6500844265279,54221.49962059022,2.19489,465.52
2009.78,39.01,2.14,40402669,1440317,2579638,255.6418947134184,54219.762642770496,2.19489,465.52
2009.78,39.02,2.14,40404068,1440317,2579638,255.6337055250046,54218.025776234856,2.19489,465.52
2009.78,39.03,2.14,40407946,1440069,2590682,255.62551686123612,54216.28902097264,2.19489,465.52
2009.78,39.05,2.14,40408981,1440083,2589878,255.60914110743332,54212.81584422561,2.19489,465.52
2009.78,39.06,2.14,40410893,1440083,2589878,255.60095401729828,54211.07942271945,2.19489,465.52
2009.78,39.07,2.14,40412011,1439874,2592696,255.5927674516068,54209.34311244391,2.19489,465.52
2009.78,39.07,2.14,40412987,1439804,2593633,255.5927674516068,54209.34311244391,2.19489,465.52
2009.78,39.08,2.14,40412987,1439754,2595386,255.58458141030872,54207.606913388336,2.19489,465.52
2009.78,39.08,2.16,40416501,1439765,2595614,255.58458141030872,54207.606913388336,2.19489,465.52
2009.78,39.11,2.14,40417548,1439700,2596947,255.56002643227015,54202.39898343443,2.19489,465.52
2009.78,39.12,2.16,40417548,1439557,2603964,255.5518424880414,54200.66322915181,2.19489,465.52
2009.78,39.13,2.16,40417548,1439377,2598651,255.54365906795405,54198.92758603573,2.19489,465.52
2009.78,39.15,2.14,40421179,1439670,2599320,255.5272938000022,54195.45663326045,2.19489,465.52
2009.78,39.16,2.14,40422848,1439670,2607284,255.51911195203704,54193.7213235799,2.19489,465.52
2009.78,39.16,2.14,40422848,1439670,2610227,255.51911195203704,54193.7213235799,2.19489,465.52
2009.78,39.17,2.16,40423619,1439437,2610227,255.51093062801192,54191.98612502317,2.19489,465.52
2009.78,39.17,2.16,40426657,1439437,2610346,255.51093062801192,54191.98612502317,2.19489,465.52
2004.34,39.2,2.14,40428954,1439442,2602356,255.02659915585556,54089.26298768225,2.19489,465.52
2009.78,39.2,2.14,40428157,1439335,2606591,255.48638979907372,54186.78119598923,2.19489,465.52
2009.78,39.21,2.16,40430263,1439341,2604626,255.4782105703057,54185.04644182109,2.19489,465.52
2004.34,39.22,2.16,40431262,1439303,2606147,255.0102706608557,54085.79983417918,2.19489,465.52
2009.78,39.23,2.16,40435581,1439250,2607591,255.4618536837847,54181.577266685556,2.19489,465.52
2009.78,39.24,2.16,40435534,1439231,2617206,255.45367602593132,54179.84284569684,2.19489,465.52
2009.78,39.25,2.16,40435534,1439216,2617206,255.4454988916155,54178.10853574659,2.19489,465.52
2009.78,39.27,2.16,40435534,1439055,2610430,255.4291461933957,54174.64024891888,2.19489,465.52
2009.78,39.29,2.16,40443499,1439211,2610819,255.4127955887232,54171.17240611713,2.19489,465.52
2009.78,39.3,2.16,40442498,1439086,2613746,255.4046210713416,54169.43865119934,2.19489,465.52
2009.78,39.31,2.16,40444344,1438914,2612748,255.3964470771961,54167.70500725609,2.19489,465.52
2009.78,39.33,2.16,40446680,1438977,2613147,255.38010065841237,54164.238052250505,2.19489,465.52
2009.78,39.34,2.16,40447727,1438723,2613147,255.37192823367363,54162.504741166864,2.19489,465.52
2009.78,39.35,2.16,40446646,1438923,2615544,255.36375633197017,54160.77154101515,2.19489,465.52
2009.78,39.36,2.16,40448623,1438800,2616674,255.3555849532517,54159.038451784705,2.19489,465.52
2004.34,39.37,2.16,40451627,1438626,2616674,254.88787356435267,54059.84031166822,2.19489,465.52
2009.78,39.38,2.16,40453718,1438705,2619568,255.3392437645688,54155.57260604498,2.19489,465.52
2009.78,39.4,2.16,40452813,1438618,2620099,255.32290466722347,54152.10720386254,2.19489,465.52
2004.34,39.41,2.16,40458577,1438528,2618581,254.8552541794583,54052.92198042792,2.19489,465.52
2009.78,39.41,2.16,40456384,1438490,2624662,255.3147359026769,54150.374669078694,2.19489,465.52
2009.78,39.43,2.16,40456384,1438490,2623579,255.29839994158516,54146.90993207255,2.19489,465.52
2009.78,39.45,2.17,40458428,1438389,2624974,255.28206607082757,54143.44563841087,2.19489,465.52
2004.34,39.45,2.16,40458327,1438372,2624097,254.82264314245523,54046.00541971386,2.19489,465.52
2009.78,39.46,2.16,40460745,1438372,2625191,255.27389991919864,54141.71365780761,2.19489,465.52
2009.78,39.47,2.16,40460992,1438145,2625771,255.2657342900028,54139.98178800856,2.19489,465.52
2009.78,39.48,2.16,40462806,1438197,2624621,255.25756918318996,54138.25002900309,2.19489,465.52
2009.78,39.49,2.16,40463944,1438085,2624621,255.24940459870996,54136.518380780566,2.19489,465.52
2009.78,39.51,2.16,40467712,1438062,2628206,255.23307699654796,54133.05541664184,2.19489,465.52
2009.78,39.52,2.16,40467892,1438012,2632081,255.22491397876576,54131.324100704376,2.19489,465.52
2009.78,39.53,2.16,40471003,1438017,2628570,255.21675148311593,54129.59289550735,2.19489,465.52
2009.78,39.55,2.16,40472200,1438017,2632850,255.20042805801305,54126.13081729208,2.19489,465.52
2009.78,39.57,2.16,40473742,1437826,2633707,255.1841067208387,54122.66918191109,2.19489,465.52
2009.78,39.57,2.16,40476206,1437826,2635278,255.1841067208387,54122.66918191109,2.19489,465.52
2004.34,39.57,2.17,40478307,1437801,2635468,254.7248600867597,54025.26635393499,2.19489,465.52
2009.78,39.6,2.16,40478943,1437663,2637910,255.1596286290669,54117.47755896798,2.19489,465.52
2009.78,39.61,2.16,40483232,1437618,2636422,255.15147030867337,54115.74723931205,2.19489,465.52
2009.78,39.62,2.17,40480689,1437610,2638967,255.14331250996156,54114.01703030097,2.19489,465.52
2009.78,39.63,2.17,40481463,1437585,2638633,255.13515523288152,54112.28693192415,2.19489,465.52
2004.34,39.64,2.17,40483262,1437547,2635907,254.6678546191742,54013.17591419978,2.19489,465.52
2009.78,39.65,2.16,40483262,1437541,2641207,255.11884224341657,54108.82706703081,2.19489,465.52
2009.78,39.67,2.16,40485742,1437463,2642252,255.10253133987817,54105.36764454714,2.19489,465.52
2009.78,39.68,2.16,40487026,1437385,2643218,255.0943766702065,54103.638099182426,2.19489,465.52
2009.78,39.69,2.17,40488481,1437385,2643218,255.0862225218664,54101.908664388306,2.19489,465.52
2009.78,39.7,2.17,40488481,1437308,2647826,255.07806889480804,54100.17934015419,2.19489,465.52
2009.78,39.71,2.16,40490410,1437308,2645734,255.0699157889813,54098.45012646946,2.19489,465.52
2009.78,39.72,2.17,40493330,1437117,2646651,255.06176320433624,54096.72102332354,2.19489,465.52
2009.78,39.73,2.17,40495240,1437155,2646916,255.0536111408229,54094.99203070581,2.19489,465.52
2009.78,39.73,2.17,40495589,1436974,2645997,255.0536111408229,54094.99203070581,2.19489,465.52
2009.78,39.75,2.17,40496091,1436999,2650125,255.03730857699165,54091.534377012584,2.19489,465.52
2009.78,39.76,2.17,40496944,1437079,2651691,255.0291580765737,54089.80571591587,2.19489,465.52
2009.78,39.77,2.16,40498613,1436895,2650699,255.02100809708773,54088.07716530499,2.19489,465.52
2004.34,39.78,2.16,40498970,1436959,2650779,254.55392019407373,53989.01126195172,2.19489,465.52
2009.78,39.78,2.17,40498970,1436841,2652648,255.01285863848364,54086.34872516932,2.19489,465.52
2004.34,39.8,2.17,40502445,1436881,2650505,254.53765216913715,53985.56093370362,2.19489,465.52
2009.78,39.81,2.17,40502445,1436803,2655332,254.98841338746385,54081.16406750779,2.19489,465.52
2004.34,39.82,2.17,40506579,1436772,2654882,254.52138622338083,53982.11104643433,2.19489,465.52
1993.48,39.83,2.16,40507012,1436910,2655908,253.59721078046448,53786.100243074514,2.19489,465.52
1982.62,39.83,2.16,40510734,1437057,2656401,252.68116753085835,53591.81421800872,2.19489,465.52
1977.19,39.85,2.16,40507412,1437078,2657451,252.20702941110915,53491.25301562244,2.19489,465.52
1966.33,39.86,2.16,40507719,1437177,2657451,251.2830164832288,53295.27668050457,2.19489,465.52
1939.18,39.86,2.15,40507719,1437492,2658403,248.99312785138216,52809.608170512154,2.19489,465.52
1922.88,39.87,2.14,40507794,1437766,2657602,247.6104406270852,52516.35039602016,2.19489,465.52
1912.02,39.87,2.14,40505852,1437889,2657077,246.69451443622924,52322.08919825296,2.19489,465.52
1901.16,39.88,2.12,40506852,1438342,2658686,245.77073664686057,52126.16273428123,2.19489,465.52
1879.44,39.88,2.11,40507061,1438378,2658319,243.9389427851749,51737.65275041329,2.19489,465.52
1863.15,39.88,2.11,40507061,1438818,2657930,242.56509738891071,51446.27026251234,2.19489,465.52
1841.43,39.89,2.11,40509704,1439106,2663234,240.72561335013825,51056.129248735175,2.19489,465.52
1819.7,39.89,2.11,40509704,1439570,2657106,238.89303466434157,50667.45280945482,2.19489,465.52
1808.84,39.89,2.06,40512224,1439719,2657462,237.9771669916425,50473.2040229576,2.19489,465.52
1797.98,39.9,2.06,40513039,1439954,2660564,237.05372668520053,50277.34913662851,2.19489,465.52
1787.12,39.9,2.06,40511177,1440159,2656815,236.13788826877592,50083.10655517159,2.19489,465.52
1781.69,39.9,2.05,40512375,1440322,2657979,235.6799690605636,49985.98526444312,2.19489,465.52
1781.69,39.9,2.05,40514135,1440192,2658868,235.6799690605636,49985.98526444312,2.19489,465.52
1759.97,39.9,2.05,40514181,1440382,2657394,233.8482922277144,49597.50010152928,2.19489,465.52
1738.24,39.91,2.04,40514181,1440780,2659603,232.00836085761264,49207.264212072514,2.19489,465.52
1727.38,39.91,2.03,40520477,1441127,2657582,231.09255169559344,49013.02783525947,2.19489,465.52
1721.95,39.91,2.02,40521760,1441127,2657582,230.63464711458383,48915.909646852946,2.19489,465.52
1705.66,39.92,2.02,40522231,1441435,2657517,229.25361037882587,48623.0019288215,2.19489,465.52
1689.37,39.92,2.0,40522231,1441692,2660322,227.8799405146019,48331.6566699732,2.19489,465.52
1678.51,39.92,1.99,40525058,1441961,2660322,226.96416060511928,48137.42649740767,2.19489,465.52
1667.64,39.92,1.99,40527634,1442327,2660441,226.04753743605156,47943.01747569615,2.19489,465.52
1662.21,39.92,1.99,40529793,1442470,2659961,225.58964748131015,47845.90238941337,2.19489,465.52
1651.35,39.92,1.98,40530298,1442499,2663594,224.67386757182751,47651.67221684784,2.19489,465.52
1640.49,39.93,1.97,40530926,1442605,2663594,223.75094066836056,47455.92621950768,2.19489,465.52
1640.49,39.93,1.97,40534650,1442835,2662058,223.75094066836056,47455.92621950768,2.19489,465.52
1613.34,39.93,1.97,40534650,1443080,2663166,221.46156402132365,46970.36629772179,2.19489,465.52
1607.91,39.93,1.97,40541530,1443480,2672936,221.00368869191627,46873.25431336461,2.19489,465.52
1602.48,39.94,1.97,40539844,1443516,2671254,220.53876919586787,46774.64831315483,2.19489,465.52
1591.62,39.94,1.95,40541724,1443516,2665999,219.6230477858525,46580.43054789536,2.19489,465.52
1569.89,39.94,1.93,40541724,1443855,2664870,217.7907617601034,46191.81617965517,2.19489,465.52
1559.03,39.94,1.93,40541724,1444394,2671702,216.87504035008797,45997.59841439568,2.19489,465.52
1559.03,39.94,1.92,40552109,1444339,2666941,216.87504035008797,45997.59841439568,2.19489,465.52
1548.17,39.94,1.92,40553747,1444474,2668219,215.95931894007256,45803.38064913621,2.19489,465.52
1548.17,39.94,1.92,40553747,1444586,2668219,215.95931894007256,45803.38064913621,2.19489,465.52
1542.74,39.94,1.91,40562867,1444732,2666968,215.50145823506483,45706.27176650647,2.19489,465.52
1531.88,39.94,1.91,40562867,1445109,2666968,214.58573682504945,45512.05400124699,2.19489,465.52
1531.88,39.93,1.9,40579010,1445136,2671380,214.5925908475621,45513.507688930695,2.19489,465.52
1526.45,39.92,1.91,40582351,1445283,2678309,214.1415553531921,45417.84638319824,2.19489,465.52
1510.16,39.92,1.91,40582351,1445441,2675357,212.76788548896815,45126.50112434995,2.19489,465.52
1504.72,39.92,1.9,40594729,1445682,2674258,212.30915227464172,45029.20718892118,2.19489,465.52
1504.72,39.89,1.9,40596635,1445420,2684342,212.32949879447384,45033.52253589177,2.19489,465.52
1499.29,39.88,1.9,40604056,1445980,2677149,211.87833336897813,44937.83367272469,2.19489,465.52
1499.29,39.88,1.9,40605988,1445945,2678306,211.87833336897813,44937.83367272469,2.19489,465.52
1493.86,39.86,1.9,40610073,1445911,2677945,211.43389376173397,44843.57130606199,2.19489,465.52
1493.86,39.86,1.9,40613986,1445894,2677945,211.43389376173397,44843.57130606199,2.19489,465.52
1499.29,39.85,1.9,40617914,1445894,2680545,211.89864119645756,44942.1408133323,2.19489,465.52
1499.29,39.83,1.91,40621622,1446038,2685314,211.9121819109567,44945.01269912777,2.19489,465.52
1515.59,39.83,1.91,40620884,1445836,2680236,213.28709028743737,45236.62063730202,2.19489,465.52
1526.45,39.82,1.92,40625842,1445508,2684396,214.20997774362996,45432.35826816588,2.19489,465.52
1531.88,39.81,1.93,40629328,1445448,2680985,214.674873282703,45530.95918727767,2.19489,465.52
1559.03,39.8,1.94,40637587,1445448,2686939,216.97206065892007,46018.17570718371,2.19489,465.52
1575.32,39.8,1.96,40629293,1443956,2687087,218.3462572538796,46309.63268174078,2.19489,465.52
1591.62,39.76,1.98,40629293,1443788,2688289,219.7493849070741,46607.22572062433,2.19489,465.52
1602.48,39.75,1.99,40648041,1444139,2689655,220.6726853548555,46803.0509439618,2.19489,465.52
1602.48,39.73,2.0,40652581,1444176,2688829,220.68679125394488,46806.04270124535,2.19489,465.52
1618.77,39.73,2.0,40654034,1444123,2688829,222.06129529508712,47097.564882872924,2.19489,465.52
1640.49,39.72,2.02,40654034,1443873,2688829,223.9011234840359,47487.778888367255,2.19489,465.52
1645.92,39.71,2.02,40659723,1443682,2694154,224.36647737832,47586.47702124276,2.19489,465.52
1673.07,39.71,2.04,40663519,1443361,2697628,226.6574638919501,48072.37838387373,2.19489,465.52
1689.37,39.69,2.04,40660632,1443218,2694651,228.0474778701778,48367.19010890075,2.19489,465.52
1689.37,39.68,2.04,40652236,1443218,2694651,228.0547676914184,48368.73622628428,2.19489,465.52
1683.94,39.68,2.05,40659920,1442956,2694651,227.5965264481526,48271.546634293285,2.19489,465.52
1689.37,39.67,2.05,40671715,1443675,2698345,228.0620579787303,48370.282442518095,2.19489,465.52
1716.52,39.66,2.05,40673021,1443698,2696311,230.3607014403656,48857.80778741485,2.19489,465.52
1716.52,39.66,2.05,40651947,1442128,2693652,230.3607014403656,48857.80778741485,2.19489,465.52
1727.38,39.66,2.06,40644429,1441953,2694185,231.27724252364848,49052.19939933611,2.19489,465.52
1754.53,39.65,2.06,40644429,1442371,2694851,233.57606225855756,49539.7621304957,2.19489,465.52
1759.97,39.65,2.08,40661925,1442283,2694082,234.03519143825443,49637.1400472626,2.19489,465.52
1759.97,39.65,2.08,40655434,1441977,2694677,234.03519143825443,49637.1400472626,2.19489,465.52
1765.4,39.65,2.08,40661277,1442198,2694440,234.49347663048863,49734.33896050603,2.19489,465.52
1776.26,39.65,2.08,40667500,1442663,2694688,235.4100470149571,49928.736786992886,2.19489,465.52
1781.69,39.64,2.08,40669369,1442762,2693702,235.87587299596993,50027.53504598586,2.19489,465.52
1787.12,39.64,2.09,40667230,1442583,2695166,236.3341728397337,50124.737066710775,2.19489,465.52
1803.41,39.64,2.09,40676934,1442795,2695456,237.70907237102492,50416.34312888551,2.19489,465.52
1808.84,39.64,2.09,40675924,1442904,2695495,238.16737221478868,50513.54514961043,2.19489,465.52
1825.13,39.64,2.09,40674344,1442852,2696777,239.54227174607993,50805.15121178516,2.19489,465.52
1825.13,39.62,2.09,40674344,1443160,2695752,239.55758921717663,50808.39993456623,2.19489,465.52
1835.99,39.62,2.09,40678689,1443342,2694919,240.47424751644365,51002.81640713422,2.19489,465.52
1841.43,39.62,2.08,40678689,1443530,2694919,240.9334207344926,51100.203664111184,2.19489,465.52
1852.29,39.63,2.08,40677335,1443530,2692866,241.8423467593484,51292.98017823757,2.19489,465.52
1857.72,39.63,2.06,40680434,1443940,2692818,242.30066125557852,51390.18530664266,2.19489,465.52
1874.01,39.63,2.06,40678335,1443824,2693019,243.67560474426895,51681.80069185794,2.19489,465.52
1890.3,39.62,2.08,40676894,1443824,2691491,245.0583830811939,51975.07779066714,2.19489,465.52
1901.16,39.62,2.04,40669898,1443411,2691452,245.9750413804609,52169.49426323513,2.19489,465.52
1901.16,39.62,2.02,40669336,1443517,2691620,245.9750413804609,52169.49426323513,2.19489,465.52
1912.02,39.62,2.0,40670551,1443824,2694901,246.89169967972788,52363.910735803125,2.19489,465.52
1922.88,39.62,2.0,40670443,1443795,2694901,247.80835797899485,52558.32720837111,2.19489,465.52
1939.18,39.62,2.02,40672522,1444063,2695883,249.1841894963108,52850.13093791607,2.19489,465.52
1939.18,39.61,2.04,40665427,1443594,2690523,249.19215676160997,52851.82073619391,2.19489,465.52
1944.61,39.61,2.03,40668047,1443577,2690330,249.65050056558377,52949.032080555546,2.19489,465.52
1944.61,39.61,2.0,40669517,1443918,2689285,249.65050056558377,52949.032080555546,2.19489,465.52
1939.18,39.61,2.0,40668893,1444068,2690459,249.19215676160997,52851.82073619391,2.19489,465.52
1955.47,39.61,2.0,40665137,1444059,2694799,250.56718817353155,53143.454769278826,2.19489,465.52
1971.76,39.61,2.03,40662312,1443920,2687562,251.9422195854531,53435.08880236373,2.19489,465.52
1971.76,39.61,2.04,40652976,1443143,2696285,251.9422195854531,53435.08880236373,2.19489,465.52
1977.19,39.61,2.05,40652976,1443108,2687348,252.40056338942696,53532.30014672536,2.19489,465.52
1998.91,39.6,2.05,40651905,1443108,2687348,254.24206758817144,53922.869621550766,2.19489,465.52
2009.78,39.6,2.06,40650215,1443047,2684902,255.1596286290669,54117.47755896798,2.19489,465.52
2015.21,39.6,2.06,40649304,1443014,2690907,255.61798708831827,54214.69201160601,2.19489,465.52
2031.5,39.6,2.06,40649304,1443031,2690907,256.9930624660724,54506.335369520115,2.19489,465.52
2042.36,39.6,2.04,40650909,1443031,2690907,257.9097793845751,54700.76427479617,2.19489,465.52
2042.36,39.6,1.99,40651627,1443071,2686124,257.9097793845751,54700.76427479617,2.19489,465.52
2047.79,39.6,1.99,40653602,1443148,2685844,258.36813784382645,54797.97872743421,2.19489,465.52
2047.79,39.6,1.99,40653755,1443167,2684437,258.36813784382645,54797.97872743421,2.19489,465.52
2053.22,39.6,2.0,40652072,1443131,2684102,258.8264963030778,54895.19318007225,2.19489,465.52
2058.65,39.6,2.0,40650913,1443262,2683655,259.2848547623292,54992.40763271028,2.19489,465.52
2064.08,39.6,2.0,40650280,1443169,2683871,259.74321322158056,55089.62208534832,2.19489,465.52
2074.94,39.6,2.02,40651582,1443169,2683134,260.65993014008325,55284.05099062438,2.19489,465.52
2085.8,39.6,2.04,40651897,1443169,2683134,261.576647058586,55478.479895900455,2.19489,465.52
2091.23,39.6,2.06,40647444,1442650,2682412,262.03500551783736,55575.69434853848,2.19489,465.52
2107.53,39.59,2.09,40647444,1442586,2682412,263.4193476989658,55869.30312718293,2.19489,465.52
2123.82,39.59,2.11,40643812,1442586,2678769,264.794467045364,56160.95581052255,2.19489,465.52
2129.25,39.59,2.11,40634968,1441856,2678821,265.2528401608301,56258.17337163576,2.19489,465.52
2134.68,39.59,2.06,40642636,1442262,2679915,265.7112132762962,56355.390932748975,2.19489,465.52
2145.54,39.59,2.05,40642102,1442184,2679915,266.62795950722835,56549.8260549754,2.19489,465.52
2156.4,39.6,2.03,40641682,1442184,2679302,267.53615115124643,56742.44681233603,2.19489,465.52
2172.69,39.6,2.04,40641950,1442258,2679696,268.9112265290005,57034.09017025013,2.19489,465.52
2194.42,39.6,2.03,40638060,1442000,2679792,270.7455044883987,57423.127012943405,2.19489,465.52
2221.57,39.6,2.03,40629505,1441414,2680209,273.0372967846555,57909.19927613357,2.19489,465.52
2232.43,39.6,2.02,40620501,1441091,2678592,273.95401370315824,58103.62818140965,2.19489,465.52
2237.86,39.61,2.02,40625153,1441125,2679117,274.40359826638195,58198.98175533448,2.19489,465.52
2232.43,39.61,2.0,40627446,1441288,2678381,273.94525446240806,58101.77041097285,2.19489,465.52
2232.43,39.61,2.02,40628202,1441598,2678381,273.94525446240806,58101.77041097285,2.19489,465.52
2210.71,39.61,2.02,40633403,1441692,2679288,272.1118792465126,57712.925033526306,2.19489,465.52
2210.71,39.61,2.02,40632631,1442074,2679288,272.1118792465126,57712.925033526306,2.19489,465.52
2205.28,39.61,2.08,40627219,1441795,2677113,271.6535354425388,57615.71368916467,2.19489,465.52
2194.42,39.61,2.08,40619407,1441610,2675994,270.73684783459106,57421.29100044139,2.19489,465.52
2178.13,39.61,2.08,40618910,1441610,2674874,269.3618164226695,57129.656967356495,2.19489,465.52
2161.83,39.6,2.08,40617803,1441993,2672893,267.9945096104978,56839.661264974064,2.19489,465.52
2167.26,39.6,2.1,40617803,1441484,2669873,268.4528680697492,56936.8757176121,2.19489,465.52
2140.11,39.6,2.1,40604144,1441484,2668795,266.1610757734923,56450.803454421926,2.19489,465.52
2123.82,39.6,2.09,40602583,1441995,2668457,264.78600039573826,56159.160096507825,2.19489,465.52
2102.1,39.6,2.08,40597020,1442033,2665354,262.9525665587328,55770.302285955695,2.19489,465.52
2096.67,39.59,2.09,40592864,1442171,2662288,262.5026014680336,55674.86800495651,2.19489,465.52
2053.22,39.59,2.09,40592864,1441821,2660572,258.834772394921,54896.94847818507,2.19489,465.52
2031.5,39.59,2.1,40576184,1441934,2659570,257.00127993305665,54508.07823373222,2.19489,465.52
2020.64,39.58,2.1,40570396,1441757,2656237,256.0927223803359,54315.37986983127,2.19489,465.52
1998.91,39.57,2.09,40565137,1441649,2656237,254.26645765605215,53928.04257527502,2.19489,465.52
1966.33,39.56,2.09,40563612,1442067,2651369,251.52408618021633,53346.405787358046,2.19489,465.52
1950.04,39.56,2.08,40557472,1442422,2651578,250.14883491101295,53054.72512416328,2.19489,465.52
1917.45,39.55,2.08,40552474,1442422,2648537,247.40539979839892,52472.86274672109,2.19489,465.52
1895.73,39.54,2.05,40546567,1442839,2645578,245.57952631819344,52085.60843215168,2.19489,465.52
1890.3,39.53,2.04,40542592,1443194,2643869,245.1289192666785,51990.037995992585,2.19489,465.52
1857.72,39.52,2.04,40539123,1443097,2643543,242.3859047158981,51408.26481661718,2.19489,465.52
1846.86,39.52,2.01,40541997,1443718,2643543,241.46895324546043,51213.786164603574,2.19489,465.52
1841.43,39.51,2.01,40541997,1443591,2643543,241.01818589882703,51118.181731030694,2.19489,465.52
1819.7,39.51,2.01,40535949,1443772,2643543,239.18337993771345,50729.032903063184,2.19489,465.52
1808.84,39.5,2.01,40536336,1444294,2639047,238.2740200066008,50536.16436061616,2.19489,465.52
1797.98,39.5,2.0,40535433,1444322,2638115,237.3570098794243,50341.67326794036,2.19489,465.52
1759.97,39.49,2.0,40535433,1444696,2636697,234.1549637982535,49662.5428824966,2.19489,465.52
1754.53,39.48,1.98,40527876,1444930,2636897,233.70307479920925,49566.7005547102,2.19489,465.52
1738.24,39.48,1.97,40524088,1444783,2634432,232.32747161207877,49274.94525231556,2.19489,465.52
1716.52,39.47,1.95,40524088,1445334,2636361,230.50070698471225,48887.501931998064,2.19489,465.52
1700.23,39.47,1.94,40528530,1445749,2636361,229.12505979517675,48595.73729701747,2.19489,465.52
1700.23,39.47,1.94,40525309,1445662,2634140,229.12505979517675,48595.73729701747,2.19489,465.52
1689.37,39.47,1.93,40525309,1445715,2634753,228.2079616688197,48401.22754036374,2.19489,465.52
1678.51,39.47,1.93,40525309,1446011,2632278,227.29086354246272,48206.71778371,2.19489,465.52
1662.21,39.47,1.92,40528998,1446017,2636174,225.91437187951436,47914.77404213948,2.19489,465.52
1651.35,39.48,1.91,40531879,1446631,2636180,224.9900768343155,47718.73787201661,2.19489,465.52
1635.06,39.48,1.9,40531879,1446473,2636206,223.61447364718504,47426.98256962197,2.19489,465.52
1629.63,39.48,1.9,40528586,1446473,2637071,223.15593925147488,47329.73080215709,2.19489,465.52
1618.77,39.48,1.9,40527120,1446601,2636085,222.2388704600546,47135.22726722734,2.19489,465.52
1613.34,39.48,1.88,40531466,1447036,2637425,221.78033606434445,47037.975499762455,2.19489,465.52
1597.05,39.49,1.88,40531056,1446778,2637205,220.3976830840693,46744.72498817523,2.19489,465.52
1580.75,39.49,1.87,40531211,1447107,2636417,219.02127947713825,46452.79992263731,2.19489,465.52
1553.6,39.49,1.86,40531211,1447590,2636417,216.7286808312378,45966.55663862782,2.19489,465.52
1531.88,39.49,1.85,40528111,1447615,2635929,214.89460191451744,45577.56201142023,2.19489,465.52
1515.59,39.49,1.83,40527208,1447719,2636263,213.5190427269772,45285.81604101454,2.19489,465.52
1515.59,39.49,1.84,40527208,1448179,2635046,213.5190427269772,45285.81604101454,2.19489,465.52
1510.16,39.49,1.82,40523898,1448102,2636401,213.06052299779705,45188.56738421264,2.19489,465.52
1504.72,39.49,1.83,40523898,1448071,2637072,212.60115884922627,45091.13963227852,2.19489,465.52
1504.72,39.49,1.83,40527675,1448071,2637072,212.60115884922627,45091.13963227852,2.19489,465.52
1499.29,39.5,1.82,40530382,1448211,2637072,212.13585381254188,44992.451861739995,2.19489,465.52
1499.29,39.5,1.82,40530382,1448016,2637072,212.13585381254188,44992.451861739995,2.19489,465.52
1499.29,39.5,1.82,40537189,1448001,2638391,212.13585381254188,44992.451861739995,2.19489,465.52
1499.29,39.51,1.82,40542281,1447673,2650460,212.12906893907513,44991.01284005953,2.19489,465.52
1499.29,39.51,1.82,40546654,1448014,2642290,212.12906893907513,44991.01284005953,2.19489,465.52
1499.29,39.51,1.82,40548899,1447996,2642660,212.12906893907513,44991.01284005953,2.19489,465.52
1504.72,39.54,1.82,40548920,1448004,2644241,212.56716333308415,45083.92943373807,2.19489,465.52
1515.59,39.54,1.82,40546682,1447586,2643396,213.48490043865215,45278.57471317531,2.19489,465.52
1526.45,39.54,1.84,40550647,1447586,2646389,214.40179325985437,45473.04092611812,2.19489,465.52
1537.31,39.57,1.84,40551571,1446809,2647493,215.29803002905345,45663.1261425971,2.19489,465.52
1548.17,39.58,1.85,40554552,1446477,2650842,216.2079211042987,45856.1073368019,2.19489,465.52
1553.6,39.59,1.85,40557415,1446455,2651221,216.65938087573764,45951.85862857518,2.19489,465.52
1564.46,39.6,1.86,40557415,1446064,2652635,217.5691702360988,46144.81824980237,2.19489,465.52
1575.32,39.6,1.86,40564718,1446014,2649574,218.48588715460153,46339.24715507843,2.19489,465.52
1602.48,39.62,1.87,40564718,1445608,2656376,220.7644059453729,46822.50420553649,2.19489,465.52
1607.91,39.64,1.87,40563765,1444607,2657170,221.20858996663944,46916.71236429615,2.19489,465.52
1624.2,39.66,1.88,40570445,1444788,2659412,222.569258271979,47205.30008828308,2.19489,465.52
1640.49,39.67,1.9,40567700,1444788,2662543,223.93691101735928,47495.36916055068,2.19489,465.52
1656.78,39.68,1.91,40567700,1443988,2664187,225.30447632529783,47785.41968798101,2.19489,465.52
1673.07,39.7,1.92,40575638,1443729,2666293,226.6647088164792,48073.91497899548,2.19489,465.52
1689.37,39.72,1.92,40577025,1443781,2666811,228.0256112024369,48362.55234975712,2.19489,465.52
1700.23,39.73,1.92,40566964,1442811,2666831,228.9346592724627,48555.35474876502,2.19489,465.52
1711.09,39.74,1.92,40563534,1442492,2667381,229.84364923592915,48748.14482379971,2.19489,465.52
1716.52,39.75,1.92,40568880,1442626,2667381,230.29444236996085,48843.75472668981,2.19489,465.52
1743.67,39.76,1.93,40580730,1443189,2672214,232.57770303989983,49328.01749478752,2.19489,465.52
1759.97,39.78,1.93,40572289,1442411,2671476,233.93796658002103,49616.51937105339,2.19489,465.52
1759.97,39.79,1.94,40563778,1441550,2671977,233.9304910905796,49614.933874812225,2.19489,465.52
1776.26,39.8,1.93,40565106,1441579,2672725,235.29721267384107,49904.80545445398,2.19489,465.52
1781.69,39.81,1.94,40577015,1441985,2675037,235.74774512528575,50000.36006848773,2.19489,465.52
1792.55,39.82,1.93,40583954,1442487,2674242,236.6562850454394,50193.05469265109,2.19489,465.52
1803.41,39.83,1.94,40581841,1441948,2676988,237.56476690821424,50385.737003272094,2.19489,465.52
1819.7,39.84,1.94,40580839,1441944,2677115,238.93119771023188,50675.54691035412,2.19489,465.52
1830.56,39.86,1.93,40583564,1441835,2677839,239.8318864815412,50866.57636368431,2.19489,465.52
1846.86,39.86,1.94,40588356,1441976,2677120,241.20666308187631,51158.15635310884,2.19489,465.52
1868.58,39.86,1.94,40588356,1441536,2677120,243.0385739873537,51546.691161102775,2.19489,465.52
1890.3,39.89,1.94,40583801,1441418,2677120,244.84701787728417,51930.24878797267,2.19489,465.52
1912.02,39.91,1.94,40583801,1441231,2677120,246.66299402296204,52315.40395079903,2.19489,465.52
1939.18,39.93,1.94,40583570,1441031,2685579,248.93745671637004,52797.80073288619,2.19489,465.52
1971.76,39.94,1.93,40584544,1440850,2685995,251.6766699592651,53378.767682862046,2.19489,465.52
1988.05,39.96,1.95,40584544,1439927,2688002,253.03408840962896,53666.66613654919,2.19489,465.52
2042.36,39.98,1.95,40584544,1440125,2690593,257.596792075259,54634.38197216014,2.19489,465.52
2020.64,40.01,1.96,40584544,1439441,2691063,255.7410814599643,54240.79942103822,2.19489,465.52
2020.64,40.03,1.93,40595995,1440876,2687677,255.72474956894575,54237.335547264614,2.19489,465.52
2009.78,40.04,1.92,40592855,1440959,2695228,254.80115538088916,54041.44802377865,2.19489,465.52
1998.91,40.05,1.91,40591027,1441016,2695802,253.87677726117695,53845.39423416349,2.19489,465.52
1998.91,40.05,1.91,40596299,1441840,2697835,253.87677726117695,53845.39423416349,2.19489,465.52
2004.34,40.06,1.91,40592617,1441828,2699131,254.32635690537177,53940.74676479853,2.19489,465.52
1998.91,40.07,1.9,40592815,1441844,2695668,253.8605664970329,53841.95605050765,2.19489,465.52
1998.91,40.07,1.9,40586098,1441829,2695664,253.8605664970329,53841.95605050765,2.19489,465.52
1998.91,40.08,1.89,40586991,1441878,2695579,253.85246189126403,53840.23712332792,2.19489,465.52
1998.91,40.08,1.89,40586991,1442200,2696093,253.85246189126403,53840.23712332792,2.19489,465.52
1998.91,40.08,1.86,40586991,1442021,2695336,253.85246189126403,53840.23712332792,2.19489,465.52
1998.91,40.08,1.86,40586991,1441990,2695336,253.85246189126403,53840.23712332792,2.19489,465.52
1998.91,40.08,1.85,40587575,1441978,2695368,253.85246189126403,53840.23712332792,2.19489,465.52
2004.34,40.08,1.85,40589669,1442040,2697086,254.3101179527232,53937.30260256856,2.19489,465.52
1998.91,40.13,1.85,40587068,1442040,2693936,253.81194662346985,53831.64413349082,2.19489,465.52
1998.91,40.14,1.85,40589249,1441975,2696185,253.8038451217742,53829.92586466216,2.19489,465.52
1998.91,40.14,1.85,40589249,1441975,2697438,253.8038451217742,53829.92586466216,2.19489,465.52
1998.91,40.15,1.85,40586576,1441723,2697754,253.7957441372507,53828.20770552188,2.19489,465.52
1998.91,40.16,1.84,40588813,1441697,2699215,253.7876436698498,53826.48965605952,2.19489,465.52
1998.91,40.16,1.84,40588813,1441697,2698334,253.7876436698498,53826.48965605952,2.19489,465.52
1998.91,40.17,1.84,40586757,1441535,2699902,253.77954371952197,53824.771716264535,2.19489,465.52
