elapsed_time,mpx5500_pressure_hpa,rh_temp_c,humidity_pct,k96_pressure_hpa,k96_pressure_filtered_hpa,ntc0_temp_c,ntc0_temp_filtered_c,ntc1_temp_c,ntc1_temp_filtered_c,lpl_signal,mpl_signal,spl_signal,lpl_signal_filtered,mpl_signal_filtered,spl_signal_filtered,mpl_conc,lpl_conc,spl_conc
00:00:02,38.45,12.76,5.52,1059.30,0.00,13.0281,13.0281,12.8829,12.8829,0,1437789,1098660,36821676.0000,1437789.0000,1098660.0000,-32768,13769,1842
00:00:03,38.45,12.79,5.54,1058.70,0.00,13.0425,13.0425,12.8889,12.8829,0,1437411,1097918,36827472.0000,1437411.0000,1097918.0000,-32768,13769,1852
00:00:05,33.02,12.82,5.59,1058.10,0.00,13.0577,13.0502,12.9020,12.8954,36827292,1437317,1098034,36827464.0000,1437408.0000,1097921.6250,-32768,13769,1851
00:00:08,33.02,12.84,5.60,1058.10,0.00,13.0577,13.0522,12.9020,12.8971,36833378,1437317,1098034,36827464.0000,1437408.0000,1098078.6250,-32768,13769,1850
00:00:10,33.02,12.84,5.69,1056.20,0.00,13.1058,13.0562,12.9450,12.9008,36839506,1436540,1100044,36828652.0000,1437326.7500,1098078.6250,-32768,13769,1846
00:00:12,33.02,12.84,5.71,1055.50,0.00,13.1229,13.0600,12.9607,12.9042,36842549,1436540,1100044,36829932.0000,1437326.7500,1098400.0000,-32768,13769,1843
00:00:14,33.02,13.03,5.77,1054.60,0.00,13.1499,13.0600,12.9851,12.9042,36850097,1435765,1103146,36831528.0000,1437098.5000,1098777.7500,-32768,13769,1836
00:00:17,27.59,13.06,5.82,1054.60,0.00,13.1499,13.0799,12.9851,12.9221,36854701,1435765,1104473,36834232.0000,1436886.2500,1099415.1250,-32768,13769,1828
00:00:18,27.59,13.13,5.89,1052.80,0.00,13.2057,13.0873,13.0367,12.9289,36858929,1434831,1104473,36835844.0000,1436754.1250,1099746.1250,-32768,13769,1823
00:00:21,33.02,13.17,5.92,1052.80,0.00,13.2247,13.0955,13.0367,12.9403,36858929,1434293,1105776,36838220.0000,1436547.8750,1100283.5000,-32768,13769,1815
00:00:22,33.02,13.22,5.98,1051.90,0.00,13.2545,13.1090,13.0822,12.9487,36864275,1434113,1105776,36839032.0000,1436471.8750,1100661.7500,-32768,13769,1809
00:00:24,33.02,13.23,6.00,1051.90,0.00,13.2743,13.1188,13.0822,12.9487,36870140,1434113,1105776,36841632.0000,1436230.1250,1101104.2500,-32768,13769,1802
00:00:27,33.02,13.23,6.07,1050.90,0.00,13.3045,13.1188,13.1382,12.9776,36873419,1433311,1108864,36844432.0000,1435978.5000,1101780.1250,-32768,13769,1791
00:00:29,27.59,13.23,6.11,1050.40,0.00,13.3045,13.1520,13.1382,12.9883,36874825,1432782,1109909,36846276.0000,1435695.0000,1102513.1250,-32768,13769,1780
00:00:30,22.16,13.36,6.15,1049.80,0.00,13.3448,13.1580,13.1666,12.9939,36874825,1432779,1110668,36848224.0000,1435603.8750,1102768.0000,-32768,13769,1772
00:00:32,27.59,13.40,6.19,1049.00,0.00,13.3747,13.1767,13.1957,12.9939,36882165,1432397,1111367,36850296.0000,1435312.1250,1103553.8750,-32768,13769,1764
00:00:35,27.59,13.41,6.22,1049.00,0.00,13.3747,13.1965,13.2242,13.0297,36883550,1432000,1111367,36850296.0000,1435112.0000,1104098.0000,-32768,13769,1751
00:00:35,27.59,13.41,6.28,1047.70,0.00,13.4262,13.2103,13.2437,13.0426,36887007,1431776,1114055,36855356.0000,1434908.8750,1104690.5000,-32768,13769,1746
00:00:37,27.59,13.48,6.31,1047.50,0.00,13.4362,13.2173,13.2534,13.0491,36888314,1431584,1114051,36856384.0000,1434908.8750,1105262.6250,-32768,13769,1738
00:00:39,27.59,13.51,6.34,1047.00,0.00,13.4569,13.2317,13.2731,13.0626,36891087,1431399,1115096,36856384.0000,1434491.6250,1105866.6250,-32768,13769,1728
00:00:42,27.59,13.54,6.38,1046.50,0.00,13.4773,13.2317,13.3021,13.0626,36895135,1431399,1115475,36856384.0000,1434061.5000,1106995.3750,-32768,13769,1710
00:00:43,282.83,13.58,6.44,1046.80,0.00,13.5220,13.2771,13.3021,13.1051,36895135,1429347,1116428,36865664.0000,1433807.8750,1107583.3750,-32768,13769,1701
00:00:44,320.84,13.63,6.59,3276.70,0.00,13.5862,13.2951,13.3886,13.1217,36881148,1427300,1117197,36866148.0000,1433604.5000,1107883.7500,-32768,13769,1696
00:00:46,331.70,13.66,6.66,3276.70,0.00,13.6179,13.3052,13.4142,13.1309,36901163,1426401,1118423,36867244.0000,1433379.3750,1108213.1250,-32768,13769,1690
00:00:47,326.27,13.70,6.75,3276.70,0.00,13.6625,13.3265,13.4542,13.1502,36934186,1426728,1120494,36871104.0000,1432964.8750,1108939.5000,-32768,13769,1682
00:00:49,445.75,13.72,6.77,3276.70,0.00,13.6906,13.3485,13.4840,13.1703,36945274,1427458,1124114,36875488.0000,1432964.8750,1110282.5000,-32768,13769,1670
00:00:52,619.53,13.77,6.85,3276.70,0.00,13.6906,13.3952,13.4840,13.2138,36928278,1424260,1124921,36882676.0000,1431806.1250,1111998.7500,-32768,13769,1658
00:00:54,771.59,13.83,7.01,3276.70,0.00,13.8013,13.3952,13.6186,13.2138,36944032,1422633,1127432,36887792.0000,1431020.7500,1112918.8750,-32768,13769,1649
00:00:56,863.91,13.91,7.10,3276.70,0.00,13.8833,13.4486,13.6687,13.2138,36949479,1422184,1128584,36889720.0000,1430744.6250,1113926.5000,-32768,13769,1649
00:00:58,967.09,13.96,7.13,3276.70,0.00,13.9328,13.4776,13.6687,13.3046,36949479,1421239,1128584,36889720.0000,1430744.6250,1113926.5000,-32768,13769,1619
00:01:01,1059.41,13.96,7.15,3276.70,0.00,13.9328,13.5533,13.6687,13.3619,36985333,1421529,1134712,36906008.0000,1428915.3750,1117286.3750,-32768,13769,1602
00:01:01,1097.43,14.10,7.20,3276.70,0.00,14.0503,13.5688,13.8329,13.3766,36989641,1421456,1135722,36911304.0000,1428451.3750,1118445.8750,-32768,13769,1597
00:01:03,1162.59,14.12,7.20,3276.70,0.00,14.0872,13.6001,13.8698,13.3766,36989641,1421124,1135722,36916584.0000,1427996.0000,1119643.6250,-32768,13769,1587
00:01:06,1227.76,14.19,7.24,3276.70,0.00,14.1231,13.6317,13.8698,13.4516,36989641,1420960,1135722,36924712.0000,1427355.7500,1121449.6250,-32768,13769,1572
00:01:07,1282.07,14.25,7.24,3276.70,0.00,14.1737,13.6794,13.9554,13.4820,37011764,1420862,1141066,36930144.0000,1426954.5000,1122679.1250,-32768,13769,1561
00:01:09,1325.51,14.27,7.29,3276.70,0.00,14.1737,13.7272,13.9554,13.5279,37020158,1420639,1143109,36935584.0000,1426566.8750,1123918.5000,-32768,13769,1545
00:01:13,1417.83,14.27,7.33,3276.70,0.00,14.2631,13.7272,14.0451,13.5279,37030514,1420639,1143109,36946708.0000,1426566.8750,1126964.8750,-32768,13769,1525
00:01:16,1499.29,14.42,7.37,3276.70,0.00,14.3186,13.7272,14.1004,13.5279,37029592,1420639,1143109,36959472.0000,1425123.0000,1129364.0000,-32768,13769,1505
00:01:19,1580.75,14.47,7.37,3276.70,0.00,14.3186,13.8990,14.1004,13.6939,37035954,1419637,1148761,36964184.0000,1425123.0000,1131130.0000,-32768,13769,1505
00:01:21,1662.21,14.54,7.37,3276.70,0.00,14.4293,13.9457,14.2069,13.6939,37047906,1419659,1150411,36971440.0000,1424330.5000,1132285.1250,-32768,13769,1505
00:01:23,1732.81,14.58,7.49,3276.70,0.00,14.4627,13.9457,14.2392,13.6939,37052844,1419073,1152631,36978568.0000,1423860.2500,1134074.7500,-32768,13769,1468
00:01:25,1792.55,14.58,7.53,3276.70,0.00,14.5098,14.0239,14.2851,13.8148,37063404,1419241,1152631,36986180.0000,1423434.7500,1135810.7500,-32768,13769,1455
00:01:27,1835.99,14.67,7.54,3276.70,0.00,14.5098,14.0708,14.3282,13.8148,37072678,1419161,1155304,36991352.0000,1423168.7500,1136993.6250,-32768,13769,1440
00:01:29,1884.87,14.72,7.57,3276.70,0.00,14.5802,14.1017,14.3545,13.8902,37080019,1419458,1156935,36996692.0000,1423168.7500,1138800.2500,-32768,13769,1431
00:01:30,1912.02,14.77,7.58,3276.70,0.00,14.6061,14.1323,14.3805,13.8902,37083658,1419233,1158173,37001980.0000,1422712.6250,1139977.2500,-32768,13769,1423
00:01:33,1977.19,14.78,7.59,3276.70,0.00,14.6320,14.1323,14.4195,13.8902,37088326,1419304,1159098,37009728.0000,1422404.2500,1141125.5000,-32768,13769,1415
00:01:35,2020.64,14.83,7.62,3276.70,0.00,14.6708,14.1323,14.4564,13.8902,37094686,1419174,1161105,37017192.0000,1422110.6250,1142883.6250,-32768,13769,1398
00:01:37,2031.50,14.88,7.62,3276.70,0.00,14.7050,14.2518,14.4789,13.8902,37094686,1419671,1161760,37024964.0000,1421873.6250,1144560.8750,-32768,13769,1389
00:01:40,2102.10,14.91,7.66,3276.70,0.00,14.7050,14.2947,14.4789,14.0921,37115179,1419671,1161760,37035360.0000,1421646.7500,1146792.2500,-32768,13769,1374
00:01:43,2156.40,14.91,7.68,3276.70,0.00,14.7683,14.2947,14.4789,14.1329,37115179,1419284,1163947,37039816.0000,1421507.7500,1148349.2500,-32768,13769,1363
00:01:45,2150.97,15.00,7.70,3276.70,0.00,14.8120,14.3914,14.5850,14.1731,37116077,1419554,1163947,37046396.0000,1421309.8750,1149337.1250,-32768,13769,1353
00:01:46,2140.11,15.02,7.70,3276.70,0.00,14.8271,14.4180,14.6000,14.1992,37126170,1420255,1163947,37053576.0000,1421216.7500,1150910.7500,-32768,13769,1345
00:01:48,2140.11,15.04,7.70,3276.70,0.00,14.8371,14.4436,14.6115,14.1992,37132412,1420958,1168037,37056040.0000,1421208.7500,1151446.0000,-32768,13769,1345
00:01:50,2172.69,15.06,7.70,3276.70,0.00,14.8470,14.4682,14.6288,14.2605,37129876,1420958,1167805,37062896.0000,1421191.0000,1152908.5000,-32768,13769,1332
00:01:52,2188.99,15.08,7.69,3276.70,0.00,14.8589,14.4682,14.6434,14.2605,37121383,1420305,1168154,37062896.0000,1421191.0000,1154289.7500,-32768,13769,1323
00:01:54,2183.56,15.10,7.69,3276.70,0.00,14.8864,14.5379,14.6638,14.3177,37127428,1420642,1169034,37071820.0000,1421081.5000,1155185.0000,-32768,13769,1323
00:01:57,2199.85,15.12,7.69,3276.70,0.00,14.8864,14.5598,14.6746,14.3394,37130482,1420771,1168973,37071820.0000,1421054.5000,1156438.1250,-32768,13769,1308
00:01:59,2227.00,15.14,7.69,3276.70,0.00,14.8864,14.5913,14.6931,14.3811,37123805,1420220,1169859,37071820.0000,1421054.5000,1157670.0000,-32768,13769,1300
00:02:02,2216.14,15.16,7.77,3276.70,0.00,14.9349,14.5913,14.7131,14.3811,37129357,1420220,1170925,37087184.0000,1420907.1250,1157670.0000,-32768,13769,1290
00:02:04,2205.28,15.19,7.81,3276.70,0.00,14.9509,14.6513,14.7294,14.4306,37132991,1420397,1170925,37090008.0000,1420878.1250,1159957.5000,-32768,13769,1286
00:02:06,2183.56,15.20,7.81,3276.70,0.00,14.9580,14.6513,14.7393,14.4306,37136104,1420761,1171778,37094228.0000,1420868.6250,1161004.3750,-32768,13769,1286
00:02:08,2140.11,15.21,7.81,3276.70,0.00,14.9651,14.7050,14.7440,14.4842,37132921,1420621,1171663,37096632.0000,1420853.3750,1161004.3750,-32768,13769,1273
00:02:11,2080.37,15.22,7.82,3276.70,0.00,14.9618,14.7050,14.7413,14.4842,37136462,1421420,1172338,37100088.0000,1420875.7500,1162625.3750,-32768,13769,1273
00:02:13,2031.50,15.23,7.82,3276.70,0.00,14.9457,14.7418,14.7413,14.4842,37126214,1421247,1171189,37102932.0000,1420922.2500,1162625.3750,-32768,13769,1263
00:02:16,1971.76,15.23,7.89,3276.70,0.00,14.9457,14.7636,14.6902,14.5427,37109925,1420823,1169796,37102932.0000,1420922.2500,1162625.3750,-32768,13769,1259
00:02:17,1933.75,15.23,7.98,3276.70,0.00,14.8964,14.7720,14.6720,14.5509,37101425,1420554,1168703,37104092.0000,1420922.2500,1162625.3750,-32768,13769,1257
00:02:20,1879.44,15.22,8.03,3276.70,0.00,14.8964,14.7818,14.6720,14.5625,37101425,1419650,1166992,37101568.0000,1420778.0000,1164856.7500,-32768,13769,1257
00:02:23,1835.99,15.22,8.11,3276.70,0.00,14.8503,14.7818,14.6139,14.5625,37067618,1419335,1166464,37098860.0000,1420648.8750,1164972.8750,-32768,13769,1255
00:02:24,1803.41,15.22,8.14,3276.70,0.00,14.8305,14.7929,14.6001,14.5700,37063732,1419246,1165432,37097760.0000,1420648.8750,1164972.8750,-32768,13769,1254
00:02:27,1754.53,15.21,8.15,3276.70,0.00,14.8187,14.7946,14.6001,14.5715,37063732,1418842,1165432,37092840.0000,1420648.8750,1164949.5000,-32768,13769,1255
00:02:29,1727.38,15.20,8.16,3276.70,0.00,14.8026,14.7957,14.5712,14.5716,37050849,1418706,1164142,37090200.0000,1420294.3750,1164902.7500,-32768,13769,1255
00:02:31,1683.94,15.20,8.16,3276.70,0.00,14.7884,14.7957,14.5566,14.5716,37042990,1418706,1162768,37084544.0000,1420079.6250,1164711.3750,-32768,13769,1256
00:02:34,1640.49,15.20,8.16,3276.70,0.00,14.7884,14.7934,14.5566,14.5677,37036509,1418706,1162768,37080180.0000,1419932.3750,1164502.8750,-32768,13769,1257
00:02:37,1591.62,15.20,8.15,3276.70,0.00,14.7634,14.7934,14.5290,14.5677,37029273,1418194,1160761,37074180.0000,1419738.5000,1164153.6250,-32768,13769,1257
00:02:39,1564.46,15.18,8.15,3276.70,0.00,14.7536,14.7868,14.5290,14.5677,37025924,1418344,1161146,37071236.0000,1419647.3750,1163870.0000,-32768,13769,1261
00:02:41,1542.74,15.18,8.14,3276.70,0.00,14.7516,14.7856,14.5207,14.5677,37021560,1418174,1160771,37068256.0000,1419559.1250,1163773.1250,-32768,13769,1262
00:02:42,1526.45,15.18,8.13,3276.70,0.00,14.7479,14.7833,14.5172,14.5561,37021777,1418169,1160948,37066804.0000,1419559.1250,1163773.1250,-32768,13769,1263
00:02:44,1493.86,15.18,8.13,3276.70,0.00,14.7479,14.7798,14.5172,14.5509,37021589,1418132,1161189,37061432.0000,1419362.5000,1163340.7500,-32768,13769,1264
00:02:48,1444.99,15.17,8.13,3276.70,0.00,14.7479,14.7763,14.5172,14.5484,37021589,1418258,1160219,37057496.0000,1419362.5000,1163340.7500,-32768,13769,1267
00:02:50,1423.26,15.17,8.11,3276.70,0.00,14.7479,14.7708,14.5096,14.5427,37014352,1418160,1160101,37052500.0000,1419135.8750,1162690.1250,-32768,13769,1268
00:02:53,1385.25,15.17,8.09,3276.70,0.00,14.7479,14.7689,14.5096,14.5406,37013061,1418083,1161216,37048908.0000,1419135.8750,1162505.7500,-32768,13769,1269
00:02:55,1363.53,15.17,8.08,3276.70,0.00,14.7430,14.7664,14.5146,14.5381,37013354,1418083,1160245,37046708.0000,1419135.8750,1162505.7500,-32768,13769,1270
00:02:58,1325.51,15.17,8.07,3276.70,0.00,14.7430,14.7643,14.5146,14.5355,37013354,1418041,1160182,37041568.0000,1418854.1250,1162101.8750,-32768,13769,1272
00:03:00,1309.22,15.17,8.08,3276.70,0.00,14.7468,14.7625,14.5195,14.5344,37010236,1418033,1160182,37039640.0000,1418804.0000,1161993.5000,-32768,13769,1272
00:03:02,1282.07,15.17,8.08,3276.70,0.00,14.7468,14.7612,14.5195,14.5329,37010526,1417957,1161203,37036976.0000,1418734.1250,1161878.8750,-32768,13769,1273
00:03:04,1260.35,15.17,8.09,3276.70,0.00,14.7523,14.7612,14.5263,14.5324,37009969,1417966,1160695,37035272.0000,1418687.2500,1161816.0000,-32768,13769,1273
00:03:06,1238.62,15.17,8.09,3276.70,0.00,14.7562,14.7600,14.5263,14.5321,37010664,1417953,1160295,37033712.0000,1418687.2500,1161707.6250,-32768,13769,1274
00:03:09,1303.79,15.17,8.09,3276.70,0.00,14.7593,14.7599,14.5263,14.5321,37009528,1417953,1160949,37030868.0000,1418547.1250,1161707.6250,-32768,13769,1274
00:03:10,1320.08,15.17,8.13,3276.70,0.00,14.7754,14.7606,14.5489,14.5329,37006192,1417079,1160856,37028792.0000,1418547.1250,1161548.5000,-32768,13769,1275
00:03:12,1320.08,15.18,8.17,3276.70,0.00,14.8002,14.7627,14.5734,14.5349,36991529,1415258,1160759,37028792.0000,1418222.7500,1161516.2500,-32768,13769,1275
00:03:14,1428.70,15.19,8.20,3276.70,0.00,14.8002,14.7661,14.5734,14.5407,37013479,1415995,1162676,37025784.0000,1418222.7500,1161614.5000,-32768,13769,1274
00:03:17,1472.14,15.19,8.28,3276.70,0.00,14.8766,14.7661,14.6662,14.5407,37025309,1413889,1165066,37024416.0000,1417608.8750,1161877.5000,-32768,13769,1272
00:03:19,1493.86,15.23,8.33,3276.70,0.00,14.9264,14.7661,14.7090,14.5407,37043528,1414408,1167054,37026060.0000,1417317.6250,1162325.5000,-32768,13769,1269
00:03:20,1510.16,15.24,8.33,3276.70,0.00,14.9648,14.8018,14.7342,14.5737,37052775,1414577,1167054,37027632.0000,1417134.6250,1162704.3750,-32768,13769,1267
00:03:23,1618.77,15.27,8.33,3276.70,0.00,14.9882,14.8018,14.7342,14.5905,37052775,1413934,1167054,37030260.0000,1416850.3750,1163412.0000,-32768,13769,1263
00:03:25,1656.78,15.29,8.38,3276.70,0.00,15.0311,14.8313,14.8011,14.6030,37054938,1413173,1170505,37031032.0000,1416735.3750,1163412.0000,-32768,13769,1260
00:03:26,1711.09,15.31,8.42,3276.70,0.00,15.0779,14.8523,14.8459,14.6237,37062900,1413173,1170505,37033528.0000,1416329.1250,1164402.2500,-32768,13769,1256
00:03:28,1770.83,15.33,8.42,3276.70,0.00,15.1080,14.8675,14.8752,14.6387,37075025,1412074,1170505,37037200.0000,1415937.5000,1165277.2500,-32768,13769,1251
00:03:30,1830.56,15.35,8.42,3276.70,0.00,15.1377,14.8837,14.9039,14.6545,37081999,1411633,1175824,37038600.0000,1415803.0000,1165606.8750,-32768,13769,1247
00:03:33,1928.32,15.38,8.48,3276.70,0.00,15.1377,14.9094,14.9039,14.6885,37081999,1410717,1177762,37044456.0000,1415257.1250,1166954.2500,-32768,13769,1238
00:03:36,1939.18,15.42,8.51,3276.70,0.00,15.2235,14.9094,14.9990,14.6885,37109311,1411066,1179880,37049672.0000,1415257.1250,1168425.1250,-32768,13769,1232
00:03:38,1971.76,15.45,8.47,3276.70,0.00,15.2525,14.9094,15.0260,14.6885,37126289,1412298,1181843,37058380.0000,1414512.8750,1169617.6250,-32768,13769,1225
00:03:40,1988.05,15.45,8.45,3276.70,0.00,15.2760,14.9921,15.0436,14.7612,37127868,1412236,1181570,37060552.0000,1414512.8750,1170369.8750,-32768,13769,1220
00:03:42,1998.91,15.49,8.45,3276.70,0.00,15.2927,15.0103,15.0605,14.7612,37132060,1412236,1181570,37066784.0000,1414236.0000,1171172.0000,-32768,13769,1213
00:03:45,1993.48,15.50,8.45,3276.70,0.00,15.2927,15.0371,15.0605,14.8149,37132060,1413057,1184373,37075452.0000,1414066.0000,1172714.7500,-32768,13769,1213
00:03:47,1988.05,15.52,8.44,3276.70,0.00,15.2927,15.0371,15.1035,14.8486,37147494,1413681,1185177,37081808.0000,1414011.6250,1173842.3750,-32768,13769,1200
00:03:49,2015.21,15.53,8.44,3276.70,0.00,15.2927,15.0951,15.1035,14.8724,37142184,1413145,1185592,37087536.0000,1413957.1250,1174888.6250,-32768,13769,1194
00:03:51,2020.64,15.54,8.44,3276.70,0.00,15.3469,15.1105,15.1202,14.8802,37141503,1413052,1185449,37089224.0000,1413928.8750,1175218.6250,-32768,13769,1194
00:03:54,2009.78,15.55,8.45,3276.70,0.00,15.3558,15.1254,15.1202,14.9028,37143334,1413052,1185449,37089224.0000,1413928.8750,1176499.5000,-32768,13769,1183
00:03:55,2004.34,15.56,8.45,3276.70,0.00,15.3674,15.1537,15.1420,14.9242,37149393,1413507,1186024,37098928.0000,1413806.0000,1177091.2500,-32768,13769,1183
00:03:56,1998.91,15.57,8.48,3276.70,0.00,15.3690,15.1605,15.1439,14.9311,37151483,1413615,1185203,37100568.0000,1413806.0000,1177592.0000,-32768,13769,1178
00:03:58,1998.91,15.58,8.48,3276.70,0.00,15.3690,15.1734,15.1468,14.9443,37151483,1412771,1202227,37105584.0000,1413759.0000,1178637.7500,-32768,13769,1173
00:04:00,1998.91,15.58,8.48,3276.70,0.00,15.3758,15.1734,15.1511,14.9629,37147928,1413408,1187016,37108372.0000,1413714.8750,1179659.1250,-32768,13769,1166
00:04:03,1993.48,15.59,8.50,3276.70,0.00,15.3758,15.2086,15.1511,14.9802,37147928,1413375,1187720,37112780.0000,1413675.0000,1179659.1250,-32768,13769,1162
00:04:05,1993.48,15.60,8.50,3276.70,0.00,15.3849,15.2086,15.1629,15.0016,37142354,1413060,1187356,37115516.0000,1413629.3750,1181111.6250,-32768,13769,1160
00:04:07,1998.91,15.60,8.50,3276.70,0.00,15.3890,15.2344,15.1629,15.0116,37142645,1412964,1193191,37117208.0000,1413591.3750,1181690.3750,-32768,13769,1156
00:04:09,1993.48,15.60,8.56,3276.70,0.00,15.3946,15.2487,15.1711,15.0214,37142220,1412964,1193191,37118816.0000,1413550.2500,1182248.5000,-32768,13769,1153
00:04:11,1998.91,15.61,8.58,3276.70,0.00,15.3970,15.2533,15.1737,15.0261,37141793,1412945,1193191,37120256.0000,1413512.1250,1182248.5000,-32768,13769,1150
00:04:13,1998.91,15.62,8.60,3276.70,0.00,15.4035,15.2667,15.1803,15.0398,37142127,1412582,1193191,37122192.0000,1413430.8750,1183337.8750,-32768,13769,1148
00:04:15,1998.91,15.63,8.60,3276.70,0.00,15.4081,15.2753,15.1803,15.0398,37140919,1412582,1180298,37123876.0000,1413338.5000,1183482.2500,-32768,13769,1147
00:04:17,1998.91,15.64,8.65,3276.70,0.00,15.4081,15.2918,15.1803,15.0696,37141966,1412127,1188273,37125480.0000,1413233.6250,1183625.5000,-32768,13769,1146
00:04:20,1993.48,15.65,8.67,3276.70,0.00,15.4081,15.3035,15.1803,15.0775,37141966,1412111,1187464,37127024.0000,1413136.0000,1183955.2500,-32768,13769,1143
00:04:21,1993.48,15.66,8.70,3276.70,0.00,15.4311,15.3148,15.2075,15.0891,37141154,1411829,1188114,37127876.0000,1413057.2500,1184206.5000,-32768,13769,1142
00:04:23,1993.48,15.66,8.70,3276.70,0.00,15.4330,15.3148,15.2117,15.0891,37141890,1411545,1194269,37128704.0000,1412969.1250,1184609.7500,-32768,13769,1140
00:04:25,1998.91,15.66,8.71,3276.70,0.00,15.4375,15.3257,15.2141,15.1002,37141890,1411512,1187116,37129548.0000,1412878.1250,1185033.7500,-32768,13769,1138
00:04:27,2004.34,15.67,8.74,3276.70,0.00,15.4375,15.3362,15.2212,15.1109,37140403,1411377,1189084,37130248.0000,1412788.0000,1185033.7500,-32768,13769,1135
00:04:29,2004.34,15.68,8.74,3276.70,0.00,15.4500,15.3431,15.2270,15.1214,37141964,1410925,1189084,37131244.0000,1412623.0000,1185836.8750,-32768,13769,1133
00:04:31,2004.34,15.68,8.77,3276.70,0.00,15.4559,15.3499,15.2270,15.1283,37143542,1410893,1188567,37131952.0000,1412516.0000,1185836.8750,-32768,13769,1132
00:04:34,2004.34,15.68,8.79,3276.70,0.00,15.4559,15.3632,15.2270,15.1384,37141917,1410893,1189800,37131952.0000,1412255.2500,1186279.5000,-32768,13769,1131
00:04:35,2004.34,15.70,8.82,3276.70,0.00,15.4735,15.3730,15.2501,15.1483,37144430,1410682,1182722,37133952.0000,1412206.1250,1186168.3750,-32768,13769,1131
00:04:36,2004.34,15.71,8.83,3276.70,0.00,15.4757,15.3762,15.2525,15.1516,37144054,1410674,1190297,37134568.0000,1412107.7500,1186140.7500,-32768,13769,1131
00:04:38,2004.34,15.71,8.83,3276.70,0.00,15.4804,15.3825,15.2571,15.1516,37144426,1410674,1190037,37135144.0000,1412008.6250,1186385.1250,-32768,13769,1130
00:04:40,2004.34,15.72,8.84,3276.70,0.00,15.4848,15.3887,15.2615,15.1642,37144218,1410465,1183580,37135424.0000,1412008.6250,1186135.0000,-32768,13769,1131
00:04:41,2004.34,15.72,8.84,3276.70,0.00,15.4890,15.3947,15.2657,15.1704,37145573,1410404,1189452,37136020.0000,1411867.8750,1186238.7500,-32768,13769,1130
00:04:43,2004.34,15.72,8.85,3276.70,0.00,15.4890,15.4036,15.2657,15.1794,37146364,1410378,1184148,37136908.0000,1411721.8750,1186432.6250,-32768,13769,1129
00:04:46,1998.91,15.72,8.86,3276.70,0.00,15.4993,15.4036,15.2760,15.1852,37146979,1410013,1190669,37136908.0000,1411572.3750,1186554.8750,-32768,13769,1128
00:04:49,2004.34,15.73,8.89,3276.70,0.00,15.4993,15.4207,15.2760,15.1993,37146979,1409902,1191419,37136908.0000,1411344.7500,1186821.5000,-32768,13769,1127
00:04:54,1998.91,15.75,8.91,3276.70,0.00,15.4993,15.4315,15.2760,15.2102,37146979,1409893,1191419,37136908.0000,1411344.7500,1187083.7500,-32768,13769,1126
00:04:56,1998.91,15.76,8.94,3276.70,0.00,15.4993,15.4445,15.2760,15.2233,37148009,1409770,1183381,37141128.0000,1410987.8750,1187048.8750,-32768,13769,1126
00:04:59,1998.91,15.76,8.95,3276.70,0.00,15.5300,15.4445,15.3075,15.2233,37151001,1409624,1183381,37142176.0000,1410827.8750,1187498.2500,-32768,13769,1123
00:05:02,1998.91,15.77,8.95,3276.70,0.00,15.5300,15.4618,15.3075,15.2383,37151001,1409374,1192374,37142800.0000,1410701.8750,1187720.3750,-32768,13769,1122
00:05:04,1998.91,15.77,8.95,3276.70,0.00,15.5300,15.4690,15.3075,15.2480,37150840,1409299,1188507,37143468.0000,1410575.0000,1187720.3750,-32768,13769,1120
00:05:06,1998.91,15.77,9.01,3276.70,0.00,15.5493,15.4761,15.3267,15.2480,37151729,1409121,1192620,37144176.0000,1410440.1250,1188329.2500,-32768,13769,1119
00:05:08,1998.91,15.79,9.03,3276.70,0.00,15.5532,15.4807,15.3306,15.2480,37151189,1408978,1192739,37144616.0000,1410351.6250,1188598.2500,-32768,13769,1118
00:05:09,1998.91,15.79,9.05,3276.70,0.00,15.5588,15.4876,15.3366,15.2644,37151535,1408903,1192313,37145024.0000,1410263.5000,1188853.5000,-32768,13769,1116
00:05:11,1993.48,15.79,9.06,3276.70,0.00,15.5612,15.4899,15.3384,15.2667,37152377,1408903,1196117,37145468.0000,1410174.2500,1189185.7500,-32768,13769,1115
00:05:15,1998.91,15.80,9.06,3276.70,0.00,15.5612,15.4966,15.3384,15.2757,37152377,1408687,1196117,37146320.0000,1409994.3750,1189819.2500,-32768,13769,1111
00:05:16,1993.48,15.80,9.08,3276.70,0.00,15.5741,15.5054,15.3515,15.2824,37154169,1408664,1200956,37146792.0000,1409911.6250,1189819.2500,-32768,13769,1108
00:05:18,1993.48,15.81,9.09,3276.70,0.00,15.5741,15.5120,15.3577,15.2890,37155658,1408650,1193110,37147520.0000,1409796.2500,1190772.1250,-32768,13769,1107
00:05:21,1993.48,15.81,9.10,3276.70,0.00,15.5741,15.5163,15.3577,15.2956,37155658,1408416,1194740,37148216.0000,1409667.1250,1191598.0000,-32768,13769,1103
00:05:23,1993.48,15.82,9.11,3276.70,0.00,15.5895,15.5228,15.3577,15.2999,37155216,1408258,1198721,37148928.0000,1409552.2500,1191995.8750,-32768,13769,1101
00:05:24,1993.48,15.83,9.12,3276.70,0.00,15.5932,15.5270,15.3710,15.3042,37155697,1408217,1200079,37149140.0000,1409510.5000,1192248.5000,-32768,13769,1099
00:05:25,1993.48,15.83,9.14,3276.70,0.00,15.5951,15.5291,15.3730,15.3063,37156278,1408304,1194018,37149364.0000,1409472.7500,1192303.8750,-32768,13769,1099
00:05:27,1993.48,15.83,9.14,3276.70,0.00,15.5967,15.5312,15.3766,15.3063,37156278,1408129,1194018,37150140.0000,1409346.5000,1192502.0000,-32768,13769,1098
00:05:29,2004.34,15.83,9.15,3276.70,0.00,15.6025,15.5375,15.3806,15.3148,37158105,1407969,1194018,37150564.0000,1409267.8750,1192599.0000,-32768,13769,1098
00:05:30,2026.07,15.84,9.15,3276.70,0.00,15.6113,15.5438,15.3891,15.3212,37156635,1407911,1194850,37150960.0000,1409192.3750,1192738.3750,-32768,13769,1097
00:05:33,2015.21,15.85,9.15,3276.70,0.00,15.6113,15.5483,15.3891,15.3281,37156534,1407181,1194995,37150960.0000,1409192.3750,1192520.8750,-32768,13769,1098
00:05:34,1993.48,15.86,9.19,3276.70,0.00,15.6278,15.5531,15.4055,15.3305,37160207,1407429,1195213,37151536.0000,1408970.0000,1192520.8750,-32768,13769,1097
00:05:36,1982.62,15.86,9.19,3276.70,0.00,15.6301,15.5578,15.4082,15.3305,37160207,1408687,1187804,37153196.0000,1408909.8750,1192428.3750,-32768,13769,1098
00:05:37,1982.62,15.86,9.18,3276.70,0.00,15.6293,15.5621,15.4067,15.3396,37172417,1408539,1196729,37153796.0000,1408898.3750,1192562.7500,-32768,13769,1097
00:05:40,1982.62,15.86,9.18,3276.70,0.00,15.6293,15.5661,15.4067,15.3454,37172417,1408255,1193535,37155336.0000,1408898.3750,1192562.7500,-32768,13769,1096
00:05:42,1977.19,15.87,9.17,3276.70,0.00,15.6275,15.5716,15.4067,15.3507,37160928,1408023,1195388,37155720.0000,1408784.1250,1192963.5000,-32768,13769,1095
00:05:44,1977.19,15.87,9.18,3276.70,0.00,15.6292,15.5751,15.4060,15.3524,37161602,1407906,1195388,37155720.0000,1408784.1250,1193301.8750,-32768,13769,1092
00:05:46,1977.19,15.87,9.18,3276.70,0.00,15.6292,15.5819,15.4060,15.3591,37161910,1408039,1195665,37156580.0000,1408662.5000,1193738.1250,-32768,13769,1092
00:05:50,1982.62,15.87,9.18,3276.70,0.00,15.6292,15.5853,15.4060,15.3642,37161910,1407849,1195665,37157208.0000,1408567.6250,1193738.1250,-32768,13769,1087
00:05:52,1977.19,15.88,9.21,3276.70,0.00,15.6292,15.5937,15.4060,15.3727,37164704,1407492,1201387,37157924.0000,1408460.7500,1195075.1250,-32768,13769,1085
00:05:55,1977.19,15.89,9.22,3276.70,0.00,15.6509,15.5971,15.4286,15.3745,37163784,1407719,1201387,37158352.0000,1408460.7500,1195212.7500,-32768,13769,1085
00:05:57,1977.19,15.89,9.22,3276.70,0.00,15.6586,15.6041,15.4368,15.3814,37165519,1407662,1201387,37159248.0000,1408329.0000,1195195.8750,-32768,13769,1084
00:05:58,1977.19,15.90,9.24,3276.70,0.00,15.6633,15.6076,15.4368,15.3850,37167041,1407785,1197255,37159492.0000,1408312.0000,1195260.2500,-32768,13769,1083
00:06:01,1977.19,15.90,9.24,3276.70,0.00,15.6633,15.6130,15.4471,15.3904,37167904,1407642,1197255,37160236.0000,1408255.6250,1195260.2500,-32768,13769,1085
00:06:03,1977.19,15.91,9.26,3276.70,0.00,15.6736,15.6130,15.4471,15.3941,37167904,1407370,1197649,37160984.0000,1408177.2500,1195171.2500,-32768,13769,1085
00:06:04,1977.19,15.91,9.26,3276.70,0.00,15.6800,15.6221,15.4580,15.3996,37169935,1407591,1188775,37161572.0000,1408139.1250,1194922.5000,-32768,13769,1085
00:06:07,1977.19,15.91,9.27,3276.70,0.00,15.6841,15.6221,15.4643,15.3996,37170835,1407448,1198461,37162376.0000,1408067.6250,1195111.7500,-32768,13769,1084
00:06:08,1977.19,15.92,9.27,3276.70,0.00,15.6900,15.6315,15.4681,15.4090,37172681,1407511,1194813,37163044.0000,1408035.2500,1195136.0000,-32768,13769,1084
00:06:10,1977.19,15.92,9.30,3276.70,0.00,15.6943,15.6352,15.4721,15.4128,37172314,1407511,1194813,37163564.0000,1407990.0000,1195136.0000,-32768,13769,1082
00:06:12,1977.19,15.94,9.30,3276.70,0.00,15.6989,15.6391,15.4766,15.4166,37172593,1407191,1205193,37164440.0000,1407925.8750,1195989.2500,-32768,13769,1080
00:06:13,1977.19,15.94,9.32,3276.70,0.00,15.7030,15.6429,15.4810,15.4205,37174240,1407205,1199132,37164748.0000,1407903.2500,1196087.5000,-32768,13769,1079
00:06:14,1977.19,15.94,9.33,3276.70,0.00,15.7071,15.6467,15.4846,15.4243,37175749,1407028,1198359,37165368.0000,1407851.8750,1196247.8750,-32768,13769,1078
00:06:16,1977.19,15.95,9.33,3276.70,0.00,15.7092,15.6506,15.4897,15.4282,37174287,1406786,1198359,37165880.0000,1407787.3750,1196890.3750,-32768,13769,1075
00:06:18,1993.48,15.95,9.34,3276.70,0.00,15.7135,15.6526,15.4897,15.4321,37174287,1407004,1199447,37166872.0000,1407722.1250,1197091.7500,-32768,13769,1075
00:06:20,2020.64,15.96,9.35,3276.70,0.00,15.7232,15.6586,15.5011,15.4362,37175990,1406769,1199447,37167160.0000,1407692.3750,1197045.2500,-32768,13769,1074
00:06:23,2009.78,15.96,9.38,3276.70,0.00,15.7232,15.6630,15.5011,15.4431,37175990,1405867,1200192,37168096.0000,1407484.8750,1197173.2500,-32768,13769,1074
00:06:25,1998.91,15.98,9.38,3276.70,0.00,15.7525,15.6730,15.5305,15.4507,37191941,1406987,1191073,37169388.0000,1407436.5000,1196839.5000,-32768,13769,1074
00:06:27,1993.48,15.99,9.38,3276.70,0.00,15.7557,15.6781,15.5330,15.4557,37195585,1407310,1201190,37170952.0000,1407424.5000,1197260.8750,-32768,13769,1073
00:06:29,1993.48,15.99,9.38,3276.70,0.00,15.7575,15.6829,15.5346,15.4605,37194233,1407094,1201190,37170952.0000,1407424.5000,1198009.6250,-32768,13769,1069
00:06:30,1988.05,15.99,9.37,3276.70,0.00,15.7599,15.6897,15.5368,15.4673,37189917,1407045,1200683,37174140.0000,1407381.6250,1198191.0000,-32768,13769,1069
00:06:33,1988.05,16.00,9.36,3276.70,0.00,15.7599,15.6963,15.5368,15.4738,37188827,1407045,1201984,37175944.0000,1407337.3750,1198191.0000,-32768,13769,1065
00:06:35,1993.48,16.00,9.36,3276.70,0.00,15.7677,15.7026,15.5452,15.4801,37190213,1407119,1201244,37176836.0000,1407337.3750,1199017.6250,-32768,13769,1065
00:06:37,1993.48,16.01,9.36,3276.70,0.00,15.7712,15.7067,15.5489,15.4843,37190719,1407130,1201244,37178128.0000,1407305.8750,1198950.1250,-32768,13769,1065
00:06:38,1993.48,16.02,9.36,3276.70,0.00,15.7744,15.7108,15.5523,15.4884,37192497,1407087,1202314,37178576.0000,1407299.0000,1199055.2500,-32768,13769,1064
00:06:40,1993.48,16.02,9.36,3276.70,0.00,15.7762,15.7128,15.5543,15.4884,37193766,1407126,1203315,37179480.0000,1407286.7500,1199293.6250,-32768,13769,1063
00:06:43,1993.48,16.02,9.36,3276.70,0.00,15.7762,15.7209,15.5543,15.5005,37193766,1406981,1201555,37181232.0000,1407263.1250,1199570.8750,-32768,13769,1061
00:06:45,1988.05,16.03,9.36,3276.70,0.00,15.7897,15.7270,15.5683,15.5046,37196393,1407105,1202871,37182688.0000,1407246.1250,1199836.1250,-32768,13769,1061
00:06:47,2026.07,16.04,9.36,3276.70,0.00,15.7974,15.7331,15.5683,15.5046,37198161,1407104,1202671,37183636.0000,1407246.1250,1200189.1250,-32768,13769,1059
00:06:51,2036.93,16.04,9.39,3276.70,0.00,15.7974,15.7331,15.5891,15.5046,37196172,1407104,1203268,37185020.0000,1407148.7500,1200189.1250,-32768,13769,1058
00:06:52,2031.50,16.06,9.41,3276.70,0.00,15.8320,15.7498,15.6098,15.5275,37205893,1406492,1201089,37186576.0000,1407148.7500,1200672.3750,-32768,13769,1056
00:06:53,2026.07,16.06,9.41,3276.70,0.00,15.8355,15.7524,15.6135,15.5301,37207742,1406699,1203925,37187240.0000,1407061.8750,1200896.3750,-32768,13769,1056
00:06:55,2020.64,16.07,9.41,3276.70,0.00,15.8408,15.7577,15.6190,15.5354,37213842,1407051,1205889,37188828.0000,1407061.5000,1201052.3750,-32768,13769,1055
00:06:56,2020.64,16.07,9.41,3276.70,0.00,15.8448,15.7630,15.6221,15.5407,37216335,1407281,1203750,37190520.0000,1407070.6250,1201363.6250,-32768,13769,1055
00:06:59,2004.34,16.08,9.40,3276.70,0.00,15.8473,15.7681,15.6221,15.5458,37216335,1407253,1203750,37193552.0000,1407092.0000,1201955.5000,-32768,13769,1051
00:07:01,2004.34,16.08,9.40,3276.70,0.00,15.8473,15.7777,15.6221,15.5553,37216335,1407519,1205257,37194976.0000,1407120.5000,1202118.1250,-32768,13769,1050
00:07:04,2004.34,16.08,9.38,3276.70,0.00,15.8507,15.7777,15.6297,15.5553,37214420,1407475,1205257,37197320.0000,1407165.5000,1202551.0000,-32768,13769,1048
00:07:05,2004.34,16.09,9.38,3276.70,0.00,15.8543,15.7884,15.6321,15.5662,37216565,1407423,1205437,37198456.0000,1407179.0000,1202728.5000,-32768,13769,1047
00:07:07,2004.34,16.09,9.38,3276.70,0.00,15.8574,15.7926,15.6352,15.5704,37215465,1407471,1205622,37198988.0000,1407188.1250,1202818.8750,-32768,13769,1046
00:07:08,2004.34,16.09,9.38,3276.70,0.00,15.8606,15.7967,15.6386,15.5745,37216644,1407575,1205464,37200064.0000,1407205.3750,1202994.3750,-32768,13769,1046
00:07:10,2004.34,16.10,9.38,3276.70,0.00,15.8625,15.7987,15.6406,15.5765,37217500,1407658,1205904,37200608.0000,1407219.6250,1202994.3750,-32768,13769,1045
00:07:12,2004.34,16.11,9.40,3276.70,0.00,15.8625,15.8048,15.6406,15.5846,37218245,1407556,1207056,37202664.0000,1407265.1250,1203467.0000,-32768,13769,1043
00:07:14,2004.34,16.11,9.40,3276.70,0.00,15.8742,15.8109,15.6524,15.5887,37220089,1407556,1206047,37203728.0000,1407291.8750,1203685.5000,-32768,13769,1042
00:07:15,2004.34,16.12,9.43,3276.70,0.00,15.8766,15.8129,15.6548,15.5907,37219627,1407322,1205461,37204720.0000,1407292.7500,1203741.0000,-32768,13769,1042
00:07:16,1998.91,16.12,9.43,3276.70,0.00,15.8805,15.8170,15.6589,15.5948,37219486,1407374,1208493,37205180.0000,1407295.3750,1203889.5000,-32768,13769,1041
00:07:18,2004.34,16.13,9.43,3276.70,0.00,15.8824,15.8170,15.6589,15.5989,37220223,1407577,1206063,37206136.0000,1407311.2500,1204029.5000,-32768,13769,1041
00:07:20,2004.34,16.13,9.43,3276.70,0.00,15.8870,15.8231,15.6655,15.6009,37220897,1407447,1207193,37206596.0000,1407311.2500,1204188.5000,-32768,13769,1039
00:07:23,1998.91,16.14,9.43,3276.70,0.00,15.8870,15.8314,15.6655,15.6092,37220897,1407447,1207322,37209104.0000,1407325.2500,1204615.1250,-32768,13769,1038
00:07:24,1998.91,16.15,9.43,3276.70,0.00,15.9003,15.8314,15.6811,15.6092,37226562,1407510,1208844,37210144.0000,1407332.5000,1204824.8750,-32768,13769,1037
00:07:25,2004.34,16.15,9.43,3276.70,0.00,15.9050,15.8396,15.6834,15.6176,37228360,1407471,1207432,37210716.0000,1407336.7500,1204999.8750,-32768,13769,1036
00:07:27,2004.34,16.15,9.41,3276.70,0.00,15.9072,15.8396,15.6880,15.6218,37228360,1407404,1207719,37212324.0000,1407346.8750,1205178.3750,-32768,13769,1035
00:07:29,2004.34,16.15,9.43,3276.70,0.00,15.9140,15.8481,15.6925,15.6261,37230454,1407299,1207437,37213416.0000,1407348.8750,1205355.5000,-32768,13769,1034
00:07:31,1998.91,16.16,9.43,3276.70,0.00,15.9183,15.8523,15.6972,15.6303,37230127,1407265,1207437,37213416.0000,1407348.8750,1205633.8750,-32768,13769,1034
00:07:33,2004.34,16.16,9.43,3276.70,0.00,15.9252,15.8586,15.7039,15.6368,37232252,1407450,1208600,37215568.0000,1407353.5000,1205726.6250,-32768,13769,1032
00:07:34,2004.34,16.18,9.44,3276.70,0.00,15.9297,15.8629,15.7088,15.6411,37233402,1407422,1207805,37216644.0000,1407356.7500,1205871.6250,-32768,13769,1031
00:07:36,1998.91,16.18,9.44,3276.70,0.00,15.9325,15.8651,15.7109,15.6432,37234680,1407332,1209063,37217752.0000,1407357.5000,1206066.8750,-32768,13769,1031
00:07:38,1998.91,16.18,9.44,3276.70,0.00,15.9364,15.8651,15.7180,15.6432,37235276,1407341,1209215,37218832.0000,1407357.5000,1206357.5000,-32768,13769,1029
00:07:40,1998.91,16.19,9.44,3276.70,0.00,15.9438,15.8759,15.7226,15.6432,37238140,1407341,1208417,37220528.0000,1407366.0000,1206516.0000,-32768,13769,1028
00:07:41,1998.91,16.20,9.44,3276.70,0.00,15.9488,15.8803,15.7277,15.6586,37239326,1407370,1210373,37221720.0000,1407366.6250,1206707.1250,-32768,13769,1028
00:07:43,1998.91,16.20,9.44,3276.70,0.00,15.9534,15.8846,15.7277,15.6586,37240587,1407341,1210373,37222944.0000,1407368.6250,1206707.1250,-32768,13769,1027
00:07:44,1998.91,16.21,9.45,3276.70,0.00,15.9580,15.8890,15.7367,15.6674,37242501,1407444,1212282,37224160.0000,1407368.6250,1207100.1250,-32768,13769,1026
00:07:47,1998.91,16.21,9.45,3276.70,0.00,15.9652,15.8957,15.7440,15.6674,37243840,1407529,1210159,37225348.0000,1407384.3750,1207100.1250,-32768,13769,1024
00:07:50,1998.91,16.22,9.45,3276.70,0.00,15.9652,15.9023,15.7510,15.6808,37245288,1407393,1211662,37225348.0000,1407386.0000,1207632.8750,-32768,13769,1024
00:07:51,1998.91,16.23,9.45,3276.70,0.00,15.9793,15.9091,15.7586,15.6876,37247031,1407423,1211505,37228880.0000,1407388.1250,1207865.7500,-32768,13769,1022
00:07:53,1998.91,16.23,9.45,3276.70,0.00,15.9793,15.9136,15.7586,15.6944,37248923,1407593,1211930,37230668.0000,1407402.6250,1208178.0000,-32768,13769,1021
00:07:56,1993.48,16.24,9.45,3276.70,0.00,15.9793,15.9204,15.7586,15.7013,37248923,1407554,1209022,37233068.0000,1407402.6250,1208564.0000,-32768,13769,1019
00:07:58,1998.91,16.25,9.45,3276.70,0.00,15.9987,15.9272,15.7779,15.7013,37253321,1407542,1212063,37234312.0000,1407416.1250,1208564.0000,-32768,13769,1018
00:08:01,1998.91,16.25,9.46,3276.70,0.00,16.0060,15.9272,15.7879,15.7013,37257423,1407584,1210646,37236176.0000,1407425.6250,1209051.6250,-32768,13769,1016
00:08:04,1998.91,16.26,9.46,3276.70,0.00,16.0060,15.9434,15.7879,15.7245,37257423,1407721,1204187,37239232.0000,1407462.7500,1209110.1250,-32768,13769,1016
00:08:08,1998.91,16.28,9.46,3276.70,0.00,16.0060,15.9528,15.7879,15.7340,37257423,1407794,1210810,37241664.0000,1407462.7500,1209522.3750,-32768,13769,1014
00:08:10,1993.48,16.29,9.46,3276.70,0.00,16.0060,15.9622,15.8159,15.7411,37264815,1407828,1214351,37243712.0000,1407522.6250,1209994.6250,-32768,13769,1012
00:08:13,1993.48,16.30,9.46,3276.70,0.00,16.0060,15.9694,15.8239,15.7483,37265351,1408011,1214351,37245088.0000,1407522.6250,1210564.6250,-32768,13769,1012
00:08:15,1998.91,16.31,9.46,3276.70,0.00,16.0060,15.9790,15.8344,15.7580,37269834,1407962,1214686,37247712.0000,1407593.3750,1210916.7500,-32768,13769,1008
00:08:17,1993.48,16.32,9.46,3276.70,0.00,16.0060,15.9839,15.8344,15.7654,37269834,1407816,1214644,37249728.0000,1407617.5000,1211523.1250,-32768,13769,1005
00:08:19,1998.91,16.32,9.48,3276.70,0.00,16.0654,15.9887,15.8450,15.7679,37271424,1407906,1215683,37251120.0000,1407617.5000,1211789.1250,-32768,13769,1004
00:08:21,1998.91,16.33,9.48,3276.70,0.00,16.0654,15.9961,15.8450,15.7779,37275107,1408163,1215885,37253296.0000,1407686.0000,1212141.5000,-32768,13769,1002
00:08:23,1993.48,16.34,9.48,3276.70,0.00,16.0785,16.0011,15.8450,15.7829,37275107,1408074,1215885,37255456.0000,1407724.0000,1212566.5000,-32768,13769,1001
00:08:24,1993.48,16.35,9.48,3276.70,0.00,16.0863,16.0085,15.8664,15.7879,37279076,1407996,1223361,37256192.0000,1407732.5000,1212903.8750,-32768,13769,999
00:08:25,1993.48,16.35,9.46,3276.70,0.00,16.0890,16.0110,15.8693,15.7904,37281721,1408051,1216545,37256992.0000,1407742.3750,1213017.6250,-32768,13769,998
00:08:27,1998.91,16.35,9.48,3276.70,0.00,16.0917,16.0135,15.8719,15.7929,37281198,1408161,1216537,37257748.0000,1407764.7500,1213240.8750,-32768,13769,998
00:08:29,1998.91,16.36,9.48,3276.70,0.00,16.0996,16.0210,15.8719,15.8005,37281198,1408288,1217420,37260736.0000,1407794.0000,1214020.0000,-32768,13769,994
00:08:30,1993.48,16.36,9.48,3276.70,0.00,16.1053,16.0261,15.8854,15.8056,37285126,1408364,1217678,37261496.0000,1407811.8750,1214134.2500,-32768,13769,994
00:08:32,1993.48,16.37,9.48,3276.70,0.00,16.1077,16.0286,15.8884,15.8082,37287264,1408410,1217428,37262304.0000,1407811.8750,1214578.1250,-32768,13769,990
00:08:33,1993.48,16.37,9.48,3276.70,0.00,16.1136,16.0337,15.8966,15.8082,37287264,1408373,1217560,37264704.0000,1407867.8750,1215035.1250,-32768,13769,990
00:08:35,1993.48,16.38,9.48,3276.70,0.00,16.1215,16.0414,15.9019,15.8211,37291006,1408519,1217892,37266276.0000,1407903.7500,1215222.2500,-32768,13769,989
00:08:36,1993.48,16.38,9.48,3276.70,0.00,16.1245,16.0440,15.9048,15.8237,37291000,1408433,1225531,37267048.0000,1407903.7500,1215915.8750,-32768,13769,986
00:08:37,1993.48,16.38,9.48,3276.70,0.00,16.1298,16.0491,15.9104,15.8289,37293058,1408472,1217695,37268608.0000,1407951.5000,1215971.5000,-32768,13769,986
00:08:39,1993.48,16.39,9.48,3276.70,0.00,16.1327,16.0491,15.9161,15.8341,37295807,1408462,1217977,37270252.0000,1407981.1250,1216096.7500,-32768,13769,985
00:08:42,1993.48,16.40,9.48,3276.70,0.00,16.1327,16.0596,15.9161,15.8420,37299070,1408462,1219439,37273564.0000,1408070.3750,1216448.8750,-32768,13769,983
00:08:44,1993.48,16.41,9.48,3276.70,0.00,16.1327,16.0700,15.9161,15.8500,37299981,1408445,1227778,37275160.0000,1408100.8750,1216888.5000,-32768,13769,980
00:08:47,1998.91,16.41,9.47,3276.70,0.00,16.1327,16.0780,15.9161,15.8580,37302328,1408445,1218941,37278384.0000,1408160.7500,1216888.5000,-32768,13769,977
00:08:50,1998.91,16.43,9.47,3276.70,0.00,16.1327,16.0889,15.9161,15.8690,37302328,1408710,1218941,37282456.0000,1408234.7500,1218240.2500,-32768,13769,975
00:08:53,1998.91,16.44,9.47,3276.70,0.00,16.1327,16.1001,15.9161,15.8804,37312658,1408975,1216162,37284292.0000,1408273.7500,1218263.0000,-32768,13769,975
00:08:55,1998.91,16.45,9.47,3276.70,0.00,16.1943,16.1057,15.9755,15.8861,37313229,1408951,1220512,37286048.0000,1408273.7500,1218421.1250,-32768,13769,974
00:08:57,1998.91,16.46,9.47,3276.70,0.00,16.2006,16.1057,15.9848,15.8861,37315189,1408892,1221183,37289484.0000,1408273.7500,1218143.1250,-32768,13769,975
00:09:00,1998.91,16.47,9.46,3276.70,0.00,16.2006,16.1230,15.9848,15.9063,37318430,1409202,1213546,37292168.0000,1408468.1250,1218143.1250,-32768,13769,975
00:09:02,1998.91,16.47,9.45,3276.70,0.00,16.2219,16.1317,16.0032,15.9121,37322287,1409253,1213546,37292168.0000,1408515.1250,1218143.1250,-32768,13769,974
00:09:04,1998.91,16.48,9.45,3276.70,0.00,16.2276,16.1375,16.0088,15.9180,37324139,1409185,1213546,37292168.0000,1408515.1250,1218827.6250,-32768,13769,972
00:09:05,1998.91,16.49,9.43,3276.70,0.00,16.2334,16.1432,16.0148,15.9180,37326826,1409291,1222479,37298344.0000,1408603.6250,1219363.7500,-32768,13769,970
00:09:07,1998.91,16.50,9.43,3276.70,0.00,16.2393,16.1490,16.0208,15.9180,37329273,1409464,1222510,37300196.0000,1408655.5000,1219544.3750,-32768,13769,969
00:09:08,1998.91,16.50,9.43,3276.70,0.00,16.2452,16.1548,16.0267,15.9180,37329366,1409384,1234638,37301924.0000,1408699.5000,1220356.3750,-32768,13769,966
00:09:12,1998.91,16.51,9.43,3276.70,0.00,16.2452,16.1635,16.0267,15.9473,37329366,1409475,1224340,37304520.0000,1408774.6250,1220791.6250,-32768,13769,966
00:09:14,1998.91,16.52,9.43,3276.70,0.00,16.2659,16.1750,16.0475,15.9561,37335236,1409573,1224340,37304520.0000,1408774.6250,1221141.3750,-32768,13769,962
00:09:17,1998.91,16.53,9.42,3276.70,0.00,16.2659,16.1868,16.0475,15.9678,37335236,1409573,1224835,37311664.0000,1409001.0000,1221004.7500,-32768,13769,962
00:09:20,1998.91,16.54,9.42,3276.70,0.00,16.2659,16.1955,16.0692,15.9767,37339038,1409801,1224835,37314192.0000,1409081.6250,1221158.2500,-32768,13769,962
00:09:21,1998.91,16.55,9.41,3276.70,0.00,16.2930,16.2014,16.0750,15.9827,37342515,1409915,1226337,37315900.0000,1409135.3750,1221196.0000,-32768,13769,961
00:09:23,1998.91,16.56,9.41,3276.70,0.00,16.2991,16.2073,16.0816,15.9886,37344019,1410013,1225993,37316780.0000,1409162.8750,1221345.8750,-32768,13769,960
00:09:24,1998.91,16.57,9.41,3276.70,0.00,16.3054,16.2132,16.0875,15.9945,37345896,1409972,1227005,37318516.0000,1409213.7500,1221674.1250,-32768,13769,960
00:09:26,1998.91,16.57,9.41,3276.70,0.00,16.3114,16.2191,16.0875,16.0035,37345896,1410159,1227277,37321904.0000,1409318.6250,1222309.5000,-32768,13769,956
00:09:28,1998.91,16.58,9.41,3276.70,0.00,16.3210,16.2280,16.1034,16.0095,37350261,1410085,1235348,37322792.0000,1409318.6250,1223203.1250,-32768,13769,953
00:09:29,1993.48,16.59,9.41,3276.70,0.00,16.3275,16.2340,16.1098,16.0155,37351153,1410329,1227009,37324520.0000,1409394.0000,1223322.1250,-32768,13769,952
00:09:31,1998.91,16.60,9.41,3276.70,0.00,16.3307,16.2370,16.1098,16.0216,37351903,1410219,1227242,37326196.0000,1409446.6250,1223541.3750,-32768,13769,951
00:09:33,1998.91,16.61,9.40,3276.70,0.00,16.3371,16.2430,16.1197,16.0247,37353626,1410179,1237337,37327052.0000,1409494.7500,1224456.6250,-32768,13769,947
00:09:35,1998.91,16.61,9.40,3276.70,0.00,16.3470,16.2521,16.1197,16.0338,37353626,1410179,1228277,37330444.0000,1409591.2500,1224764.7500,-32768,13769,947
00:09:38,1993.48,16.62,9.40,3276.70,0.00,16.3470,16.2521,16.1425,16.0338,37360649,1410626,1228003,37333088.0000,1409673.6250,1225688.5000,-32768,13769,942
00:09:40,1998.91,16.63,9.40,3276.70,0.00,16.3664,16.2705,16.1493,16.0524,37362034,1410647,1228003,37335728.0000,1409673.6250,1226040.7500,-32768,13769,941
00:09:42,1998.91,16.64,9.39,3276.70,0.00,16.3764,16.2705,16.1590,16.0649,37365680,1410843,1228921,37338336.0000,1409673.6250,1226040.7500,-32768,13769,938
00:09:45,1993.48,16.65,9.39,3276.70,0.00,16.3830,16.2859,16.1661,16.0680,37367184,1410785,1228921,37340120.0000,1409673.6250,1227325.7500,-32768,13769,935
00:09:46,1993.48,16.66,9.38,3276.70,0.00,16.3934,16.2859,16.1798,16.0807,37371440,1410785,1228921,37342784.0000,1410010.6250,1227456.3750,-32768,13769,934
00:09:49,1993.48,16.66,9.38,3276.70,0.00,16.4035,16.2859,16.1899,16.0807,37372113,1410941,1241230,37345360.0000,1410100.3750,1228268.5000,-32768,13769,931
00:09:52,1993.48,16.68,9.38,3276.70,0.00,16.4035,16.3143,16.1899,16.1000,37372113,1411073,1239957,37345360.0000,1410226.7500,1228871.2500,-32768,13769,927
00:09:54,1993.48,16.70,9.37,3276.70,0.00,16.4273,16.3271,16.2108,16.1129,37379598,1411294,1231301,37351652.0000,1410315.3750,1229432.0000,-32768,13769,927
00:09:57,1998.91,16.71,9.37,3276.70,0.00,16.4380,16.3369,16.2216,16.1195,37380781,1411132,1231301,37351652.0000,1410315.3750,1230368.1250,-32768,13769,923
00:09:58,1993.48,16.72,9.37,3276.70,0.00,16.4489,16.3467,16.2323,16.1294,37384822,1411594,1231301,37356120.0000,1410467.0000,1230522.1250,-32768,13769,922
00:10:00,1993.48,16.73,9.36,3276.70,0.00,16.4524,16.3500,16.2358,16.1327,37385043,1411637,1231301,37356120.0000,1410467.0000,1231498.7500,-32768,13769,919
00:10:02,1993.48,16.73,9.36,3276.70,0.00,16.4631,16.3598,16.2465,16.1427,37388302,1411812,1234026,37356120.0000,1410603.8750,1231577.7500,-32768,13769,918
00:10:04,1993.48,16.74,9.35,3276.70,0.00,16.4631,16.3698,16.2573,16.1527,37388302,1411767,1241381,37362400.0000,1410714.1250,1232064.7500,-32768,13769,918
00:10:06,1993.48,16.74,9.34,3276.70,0.00,16.4811,16.3765,16.2646,16.1594,37392369,1411767,1241381,37365128.0000,1410817.6250,1232513.2500,-32768,13769,914
00:10:08,1993.48,16.76,9.35,3276.70,0.00,16.4881,16.3832,16.2719,16.1662,37395310,1411978,1234243,37366072.0000,1410817.6250,1232759.0000,-32768,13769,914
00:10:11,1993.48,16.77,9.34,3276.70,0.00,16.4881,16.3968,16.2719,16.1798,37399092,1411978,1235315,37370756.0000,1411039.5000,1232759.0000,-32768,13769,911
00:10:13,1993.48,16.79,9.33,3276.70,0.00,16.5139,16.4070,16.2980,16.1902,37402483,1412494,1233517,37372680.0000,1411128.2500,1233221.7500,-32768,13769,911
00:10:14,1993.48,16.80,9.33,3276.70,0.00,16.5216,16.4139,16.3054,16.1971,37403330,1412464,1236322,37374532.0000,1411208.3750,1233404.6250,-32768,13769,910
00:10:15,1993.48,16.80,9.32,3276.70,0.00,16.5253,16.4173,16.3094,16.2006,37406199,1412479,1236385,37375520.0000,1411248.0000,1233497.7500,-32768,13769,910
00:10:16,1993.48,16.80,9.32,3276.70,0.00,16.5289,16.4208,16.3130,16.2041,37407668,1412847,1228819,37376528.0000,1411298.0000,1233130.1250,-32768,13769,911
00:10:18,1993.48,16.81,9.30,3276.70,0.00,16.5323,16.4278,16.3204,16.2111,37407792,1412714,1236935,37378476.0000,1411298.0000,1233130.1250,-32768,13769,911
00:10:20,1993.48,16.82,9.30,3276.70,0.00,16.5402,16.4278,16.3282,16.2111,37409008,1412675,1230865,37381280.0000,1411510.6250,1233130.1250,-32768,13769,910
00:10:21,1993.48,16.83,9.30,3276.70,0.00,16.5555,16.4453,16.3398,16.2288,37412398,1412798,1238794,37383172.0000,1411590.5000,1233469.0000,-32768,13769,910
00:10:23,1993.48,16.84,9.29,3276.70,0.00,16.5592,16.4489,16.3439,16.2324,37413825,1412864,1238106,37383172.0000,1411590.5000,1233469.0000,-32768,13769,908
00:10:26,1993.48,16.84,9.29,3276.70,0.00,16.5707,16.4595,16.3550,16.2432,37417156,1412864,1238106,37383172.0000,1411590.5000,1234547.8750,-32768,13769,905
00:10:27,1993.48,16.85,9.29,3276.70,0.00,16.5786,16.4667,16.3550,16.2432,37417621,1413215,1238197,37389844.0000,1411871.2500,1234752.2500,-32768,13769,904
00:10:29,1993.48,16.87,9.28,3276.70,0.00,16.5900,16.4667,16.3746,16.2432,37420678,1413394,1239097,37392648.0000,1412005.1250,1235642.1250,-32768,13769,901
00:10:30,1993.48,16.88,9.28,3276.70,0.00,16.5979,16.4848,16.3825,16.2686,37422509,1413464,1238919,37393580.0000,1412050.7500,1235744.5000,-32768,13769,900
00:10:33,1993.48,16.88,9.28,3276.70,0.00,16.6018,16.4848,16.3825,16.2759,37422509,1413977,1229107,37393580.0000,1412210.6250,1235507.5000,-32768,13769,900
00:10:35,1993.48,16.90,9.28,3276.70,0.00,16.6173,16.4848,16.4024,16.2870,37427940,1414001,1240595,37399108.0000,1412366.6250,1235948.8750,-32768,13769,899
00:10:37,1993.48,16.90,9.28,3276.70,0.00,16.6257,16.5104,16.4107,16.2945,37429994,1413820,1240595,37399108.0000,1412366.6250,1235948.8750,-32768,13769,898
00:10:39,1993.48,16.92,9.27,3276.70,0.00,16.6373,16.5253,16.4264,16.3095,37433261,1414114,1241078,37403824.0000,1412600.8750,1236420.2500,-32768,13769,897
00:10:42,1993.48,16.93,9.27,3276.70,0.00,16.6373,16.5328,16.4264,16.3208,37435520,1414227,1241432,37406680.0000,1412729.6250,1237498.5000,-32768,13769,893
00:10:43,1993.48,16.94,9.27,3276.70,0.00,16.6576,16.5403,16.4264,16.3284,37439297,1414309,1242576,37408692.0000,1412827.1250,1237792.1250,-32768,13769,892
00:10:45,1993.48,16.94,9.26,3276.70,0.00,16.6652,16.5478,16.4504,16.3321,37440777,1414417,1242576,37410608.0000,1412922.6250,1238500.1250,-32768,13769,889
00:10:46,1993.48,16.96,9.26,3276.70,0.00,16.6775,16.5591,16.4626,16.3436,37441855,1414634,1242962,37412540.0000,1413024.6250,1238752.6250,-32768,13769,888
00:10:48,1993.48,16.96,9.26,3276.70,0.00,16.6815,16.5629,16.4670,16.3474,37443177,1414779,1235849,37414388.0000,1413024.6250,1238752.6250,-32768,13769,888
00:10:49,1993.48,16.98,9.26,3276.70,0.00,16.6898,16.5706,16.4750,16.3551,37445430,1414808,1235849,37416304.0000,1413226.1250,1238815.2500,-32768,13769,887
00:10:52,1988.05,16.99,9.26,3276.70,0.00,16.6979,16.5782,16.4750,16.3667,37445430,1414950,1234145,37419104.0000,1413367.3750,1238944.8750,-32768,13769,887
00:10:55,1988.05,17.00,9.25,3276.70,0.00,16.7146,16.5782,16.4750,16.3823,37452323,1415006,1245140,37419104.0000,1413367.3750,1238944.8750,-32768,13769,885
00:10:58,1988.05,17.02,9.25,3276.70,0.00,16.7146,16.6093,16.5168,16.3941,37452323,1415261,1245089,37419104.0000,1413367.3750,1239375.1250,-32768,13769,885
00:11:00,1993.48,17.03,9.24,3276.70,0.00,16.7146,16.6211,16.5168,16.4100,37460405,1415310,1240645,37428928.0000,1413869.0000,1239820.2500,-32768,13769,883
00:11:03,1988.05,17.04,9.23,3276.70,0.00,16.7146,16.6330,16.5168,16.4219,37462972,1415310,1240645,37432916.0000,1414058.6250,1240422.7500,-32768,13769,880
00:11:05,1988.05,17.06,9.22,3276.70,0.00,16.7146,16.6489,16.5168,16.4339,37467008,1415380,1256583,37432916.0000,1414058.6250,1241581.5000,-32768,13769,876
00:11:09,1988.05,17.08,9.22,3276.70,0.00,16.7146,16.6609,16.5168,16.4501,37467008,1415552,1258926,37440028.0000,1414363.8750,1242957.5000,-32768,13769,876
00:11:11,1988.05,17.09,9.22,3276.70,0.00,16.8029,16.6770,16.5889,16.4623,37473971,1415552,1249217,37442056.0000,1414500.2500,1243504.7500,-32768,13769,868
00:11:12,1988.05,17.10,9.21,3276.70,0.00,16.8073,16.6811,16.5933,16.4663,37475465,1415732,1249217,37444092.0000,1414538.7500,1243897.6250,-32768,13769,867
00:11:14,1988.05,17.11,9.21,3276.70,0.00,16.8198,16.6932,16.6061,16.4786,37476107,1416075,1249401,37446108.0000,1414620.3750,1243897.6250,-32768,13769,864
00:11:16,1988.05,17.12,9.21,3276.70,0.00,16.8286,16.7014,16.6149,16.4868,37479905,1416096,1251447,37448080.0000,1414713.0000,1244880.5000,-32768,13769,864
00:11:17,1988.05,17.13,9.21,3276.70,0.00,16.8373,16.7096,16.6149,16.4992,37482547,1416265,1250648,37451132.0000,1414856.2500,1245211.2500,-32768,13769,861
00:11:19,1988.05,17.14,9.21,3276.70,0.00,16.8502,16.7220,16.6366,16.5075,37482890,1416343,1251177,37453068.0000,1414945.2500,1245591.2500,-32768,13769,860
00:11:22,1988.05,17.15,9.18,3276.70,0.00,16.8502,16.7302,16.6366,16.5200,37482890,1416558,1251516,37457068.0000,1415142.1250,1245786.8750,-32768,13769,859
00:11:24,1988.05,17.17,9.18,3276.70,0.00,16.8721,16.7427,16.6587,16.5283,37488530,1416452,1251332,37458052.0000,1415183.1250,1245960.1250,-32768,13769,859
00:11:25,1988.05,17.17,9.18,3276.70,0.00,16.8811,16.7510,16.6671,16.5367,37490718,1416548,1252669,37460032.0000,1415261.7500,1246344.5000,-32768,13769,857
00:11:26,1988.05,17.18,9.16,3276.70,0.00,16.8852,16.7552,16.6714,16.5409,37492155,1416780,1253077,37461036.0000,1415309.2500,1246554.8750,-32768,13769,855
00:11:27,1988.05,17.19,9.15,3276.70,0.00,16.8899,16.7594,16.6805,16.5493,37493971,1416806,1252981,37463012.0000,1415401.6250,1246962.8750,-32768,13769,855
00:11:29,1988.05,17.19,9.15,3276.70,0.00,16.9029,16.7720,16.6892,16.5578,37499751,1416818,1253937,37465172.0000,1415486.3750,1247380.3750,-32768,13769,853
00:11:30,1988.05,17.20,9.15,3276.70,0.00,16.9029,16.7720,16.6980,16.5662,37496990,1416938,1253970,37467140.0000,1415576.0000,1247791.0000,-32768,13769,851
00:11:33,1988.05,17.21,9.14,3276.70,0.00,16.9029,16.7889,16.6980,16.5747,37501709,1417069,1254735,37470288.0000,1415576.0000,1248369.3750,-32768,13769,849
00:11:34,1988.05,17.22,9.13,3276.70,0.00,16.9295,16.7974,16.7159,16.5747,37504173,1417188,1254430,37472304.0000,1415797.0000,1248753.2500,-32768,13769,847
00:11:37,1988.05,17.23,9.13,3276.70,0.00,16.9295,16.8102,16.7159,16.6004,37504173,1417200,1255522,37475340.0000,1415924.5000,1249328.0000,-32768,13769,844
00:11:39,1988.05,17.25,9.13,3276.70,0.00,16.9295,16.8229,16.7159,16.6132,37509566,1417422,1256338,37478420.0000,1416061.3750,1249933.1250,-32768,13769,843
00:11:41,1988.05,17.26,9.13,3276.70,0.00,16.9695,16.8358,16.7561,16.6218,37508927,1417743,1247450,37480304.0000,1416160.5000,1249835.0000,-32768,13769,843
00:11:43,1988.05,17.27,9.10,3276.70,0.00,16.9695,16.8444,16.7561,16.6348,37514636,1417526,1257014,37483320.0000,1416284.7500,1250468.7500,-32768,13769,841
00:11:45,1988.05,17.28,9.09,3276.70,0.00,16.9875,16.8530,16.7561,16.6435,37514636,1417754,1257731,37486248.0000,1416403.1250,1251129.8750,-32768,13769,838
00:11:48,1982.62,17.30,9.09,3276.70,0.00,16.9875,16.8704,16.7561,16.6610,37520941,1417853,1258451,37489304.0000,1416538.1250,1251778.7500,-32768,13769,835
00:11:49,1988.05,17.31,9.08,3276.70,0.00,17.0145,16.8791,16.8019,16.6610,37522676,1417868,1258626,37490344.0000,1416579.7500,1251992.7500,-32768,13769,834
00:11:51,1988.05,17.32,9.07,3276.70,0.00,17.0193,16.8835,16.8062,16.6610,37524458,1417892,1258741,37492400.0000,1416579.7500,1251992.7500,-32768,13769,832
00:11:54,1988.05,17.33,9.07,3276.70,0.00,17.0193,16.9010,16.8062,16.6873,37527767,1418098,1259654,37492400.0000,1416579.7500,1253243.5000,-32768,13769,830
00:11:55,1988.05,17.35,9.04,3276.70,0.00,17.0507,16.9141,16.8062,16.7005,37529551,1418221,1259947,37498416.0000,1416914.5000,1253651.8750,-32768,13769,828
00:11:58,1988.05,17.35,9.03,3276.70,0.00,17.0602,16.9141,16.8520,16.7138,37533800,1418231,1260999,37501476.0000,1417033.8750,1254283.3750,-32768,13769,826
00:11:59,1988.05,17.37,9.02,3276.70,0.00,17.0694,16.9318,16.8564,16.7183,37534586,1418304,1260645,37502512.0000,1417073.5000,1254283.3750,-32768,13769,824
00:12:01,1988.05,17.38,9.02,3276.70,0.00,17.0784,16.9406,16.8659,16.7272,37535341,1418442,1260645,37505496.0000,1417195.2500,1254283.3750,-32768,13769,823
00:12:04,1988.05,17.39,9.01,3276.70,0.00,17.0922,16.9406,16.8659,16.7405,37535341,1418546,1260645,37509600.0000,1417356.8750,1255919.7500,-32768,13769,820
00:12:06,1982.62,17.39,9.00,3276.70,0.00,17.1062,16.9673,16.8935,16.7540,37542894,1418810,1261834,37510640.0000,1417356.8750,1256302.8750,-32768,13769,818
00:12:08,1988.05,17.41,8.99,3276.70,0.00,17.1202,16.9807,16.9075,16.7675,37545109,1418747,1261834,37510640.0000,1417356.8750,1257434.8750,-32768,13769,814
00:12:09,1988.05,17.43,8.98,3276.70,0.00,17.1293,16.9896,16.9168,16.7764,37547773,1418759,1263910,37515700.0000,1417605.2500,1257434.8750,-32768,13769,813
00:12:12,1988.05,17.43,8.98,3276.70,0.00,17.1293,17.0031,16.9168,16.7900,37551950,1419140,1267405,37515700.0000,1417605.2500,1258611.2500,-32768,13769,810
00:12:14,1993.48,17.45,8.95,3276.70,0.00,17.1572,17.0166,16.9448,16.8036,37553796,1419164,1267405,37522008.0000,1417605.2500,1259060.3750,-32768,13769,808
00:12:17,1993.48,17.46,8.94,3276.70,0.00,17.1572,17.0303,16.9604,16.8173,37555920,1419072,1265149,37525016.0000,1417973.1250,1259335.7500,-32768,13769,808
00:12:18,1993.48,17.48,8.94,3276.70,0.00,17.1834,17.0395,16.9711,16.8266,37559289,1419336,1265910,37525016.0000,1417973.1250,1259592.7500,-32768,13769,808
00:12:20,1993.48,17.48,8.94,3276.70,0.00,17.1992,17.0535,16.9862,16.8405,37563282,1419418,1267414,37530240.0000,1418193.3750,1259808.3750,-32768,13769,808
00:12:23,1998.91,17.48,8.94,3276.70,0.00,17.2091,17.0535,17.0012,16.8405,37564338,1419491,1258381,37533364.0000,1418305.0000,1260212.3750,-32768,13769,808
00:12:25,1993.48,17.51,8.94,3276.70,0.00,17.2237,17.0770,17.0164,16.8688,37570073,1419542,1268745,37536552.0000,1418305.0000,1260746.5000,-32768,13769,801
00:12:27,1998.91,17.52,8.94,3276.70,0.00,17.2237,17.0912,17.0164,16.8831,37572703,1419605,1278883,37539712.0000,1418515.0000,1262150.7500,-32768,13769,796
00:12:29,1998.91,17.54,8.94,3276.70,0.00,17.2531,17.1054,17.0407,16.8926,37576818,1419605,1269878,37541948.0000,1418593.1250,1262628.0000,-32768,13769,794
00:12:31,1998.91,17.55,8.91,3276.70,0.00,17.2580,17.1102,17.0453,16.8974,37577392,1419781,1278636,37544148.0000,1418656.2500,1263350.8750,-32768,13769,794
00:12:32,1998.91,17.55,8.90,3276.70,0.00,17.2720,17.1243,17.0594,16.9117,37578110,1419831,1269989,37546216.0000,1418721.8750,1263973.7500,-32768,13769,794
00:12:34,1998.91,17.55,8.89,3276.70,0.00,17.2815,17.1338,17.0693,16.9212,37580021,1419935,1271333,37548268.0000,1418794.0000,1264396.2500,-32768,13769,788
00:12:37,1998.91,17.57,8.89,3276.70,0.00,17.2815,17.1432,17.0693,16.9355,37582513,1420035,1271911,37551296.0000,1418794.0000,1265098.7500,-32768,13769,788
00:12:40,1998.91,17.59,8.86,3276.70,0.00,17.2815,17.1621,17.0693,16.9544,37582513,1420125,1272746,37556200.0000,1419111.5000,1265344.5000,-32768,13769,788
00:12:42,1998.91,17.59,8.82,3276.70,0.00,17.3273,17.1810,17.1150,16.9685,37585676,1420208,1273225,37557968.0000,1419178.0000,1265802.0000,-32768,13769,783
00:12:44,1998.91,17.62,8.82,3276.70,0.00,17.3364,17.1904,17.1150,16.9779,37585676,1420278,1273296,37560576.0000,1419281.6250,1265813.0000,-32768,13769,782
00:12:47,1998.91,17.64,8.79,3276.70,0.00,17.3458,17.1904,17.1385,16.9779,37588553,1420458,1266829,37563088.0000,1419381.1250,1266271.8750,-32768,13769,780
00:12:49,1998.91,17.65,8.79,3276.70,0.00,17.3643,17.2185,17.1523,17.0061,37589607,1420461,1273609,37564680.0000,1419448.7500,1266550.1250,-32768,13769,779
00:12:51,1998.91,17.66,8.74,3276.70,0.00,17.3735,17.2279,17.1618,17.0154,37589033,1420499,1273609,37564680.0000,1419448.7500,1267784.3750,-32768,13769,775
00:12:53,1993.48,17.66,8.73,3276.70,0.00,17.3873,17.2419,17.1755,17.0295,37590844,1420493,1274543,37568232.0000,1419586.2500,1267995.6250,-32768,13769,775
00:12:55,1998.91,17.68,8.72,3276.70,0.00,17.3964,17.2512,17.1850,17.0389,37590938,1420458,1289543,37570356.0000,1419673.3750,1269065.3750,-32768,13769,771
00:12:56,1998.91,17.69,8.70,3276.70,0.00,17.4057,17.2605,17.1943,17.0482,37593351,1420458,1276358,37571800.0000,1419742.5000,1269065.3750,-32768,13769,767
00:12:59,1993.48,17.70,8.70,3276.70,0.00,17.4057,17.2793,17.1943,17.0670,37596009,1420826,1281078,37573992.0000,1419841.8750,1270622.8750,-32768,13769,764
00:13:02,1998.91,17.72,8.68,3276.70,0.00,17.4057,17.2934,17.1943,17.0811,37596009,1420939,1277833,37576732.0000,1419963.3750,1271513.5000,-32768,13769,762
00:13:04,1993.48,17.73,8.68,3276.70,0.00,17.4057,17.3074,17.1943,17.0998,37596009,1420939,1277609,37578816.0000,1420071.6250,1271460.7500,-32768,13769,762
00:13:07,1993.48,17.73,8.68,3276.70,0.00,17.4667,17.3074,17.2553,17.0998,37600434,1420921,1278037,37580788.0000,1420071.6250,1272233.3750,-32768,13769,760
00:13:08,1993.48,17.76,8.61,3276.70,0.00,17.4808,17.3354,17.2693,17.0998,37602000,1421051,1279476,37582704.0000,1420240.5000,1272668.6250,-32768,13769,758
00:13:11,1998.91,17.77,8.61,3276.70,0.00,17.4808,17.3495,17.2837,17.1373,37605111,1421073,1291713,37584036.0000,1420292.8750,1272668.6250,-32768,13769,758
00:13:13,1993.48,17.79,8.58,3276.70,0.00,17.5046,17.3588,17.2933,17.1468,37606188,1421275,1280330,37584036.0000,1420382.3750,1274356.6250,-32768,13769,752
00:13:15,1993.48,17.79,8.56,3276.70,0.00,17.5138,17.3588,17.3075,17.1468,37608383,1421603,1272983,37588020.0000,1420382.3750,1274387.0000,-32768,13769,752
00:13:19,1993.48,17.81,8.56,3276.70,0.00,17.5138,17.3870,17.3075,17.1797,37608383,1421397,1272983,37590612.0000,1420606.8750,1275160.5000,-32768,13769,749
00:13:21,1993.48,17.83,8.56,3276.70,0.00,17.5138,17.4057,17.3075,17.1986,37612835,1421654,1282156,37592616.0000,1420698.8750,1275737.2500,-32768,13769,747
00:13:22,1993.48,17.84,8.56,3276.70,0.00,17.5658,17.4198,17.3549,17.2080,37615334,1421452,1295886,37594008.0000,1420752.2500,1276571.1250,-32768,13769,744
00:13:24,1993.48,17.84,8.50,3276.70,0.00,17.5706,17.4245,17.3598,17.2128,37616390,1421844,1282763,37595412.0000,1420812.1250,1277253.1250,-32768,13769,742
00:13:27,1993.48,17.86,8.49,3276.70,0.00,17.5706,17.4386,17.3598,17.2317,37616930,1422049,1281384,37597348.0000,1420912.7500,1277765.5000,-32768,13769,740
00:13:28,1993.48,17.87,8.46,3276.70,0.00,17.5943,17.4480,17.3598,17.2411,37619373,1421886,1283915,37597348.0000,1420912.7500,1278080.0000,-32768,13769,739
00:13:31,1993.48,17.88,8.45,3276.70,0.00,17.5943,17.4621,17.3598,17.2553,37622657,1422187,1274962,37600784.0000,1421077.0000,1278306.3750,-32768,13769,738
00:13:33,1993.48,17.90,8.45,3276.70,0.00,17.5943,17.4762,17.4120,17.2648,37622657,1422187,1285083,37602856.0000,1421169.1250,1278696.6250,-32768,13769,737
00:13:35,1993.48,17.92,8.42,3276.70,0.00,17.6322,17.4857,17.4216,17.2742,37626245,1422309,1284922,37602856.0000,1421229.1250,1278696.6250,-32768,13769,737
00:13:38,1993.48,17.93,8.41,3276.70,0.00,17.6465,17.4998,17.4216,17.2931,37626245,1422366,1284922,37602856.0000,1421355.7500,1280526.0000,-32768,13769,730
00:13:41,1993.48,17.94,8.40,3276.70,0.00,17.6465,17.5235,17.4216,17.3120,37626245,1422402,1287683,37609792.0000,1421487.5000,1281189.5000,-32768,13769,727
00:13:43,1993.48,17.96,8.36,3276.70,0.00,17.6798,17.5329,17.4739,17.3120,37632083,1422402,1287683,37611784.0000,1421603.0000,1281205.7500,-32768,13769,728
00:13:45,1993.48,17.97,8.36,3276.70,0.00,17.6934,17.5471,17.4828,17.3357,37635377,1422650,1289047,37613256.0000,1421672.1250,1281661.0000,-32768,13769,726
00:13:49,1993.48,17.99,8.34,3276.70,0.00,17.6934,17.5611,17.4828,17.3546,37635377,1422885,1289047,37616204.0000,1421819.7500,1282302.7500,-32768,13769,726
00:13:50,1993.48,17.99,8.31,3276.70,0.00,17.7268,17.5800,17.5159,17.3687,37641366,1422899,1289142,37617696.0000,1421885.7500,1282738.8750,-32768,13769,722
00:13:51,1993.48,18.01,8.29,3276.70,0.00,17.7312,17.5847,17.5206,17.3735,37641294,1422864,1287885,37618432.0000,1421916.2500,1282899.6250,-32768,13769,721
00:13:54,1993.48,18.02,8.28,3276.70,0.00,17.7312,17.5988,17.5346,17.3735,37644283,1423172,1290927,37621308.0000,1422045.0000,1283860.1250,-32768,13769,718
00:13:57,1993.48,18.04,8.27,3276.70,0.00,17.7312,17.6129,17.5488,17.4018,37644283,1423290,1291042,37623688.0000,1422142.1250,1284993.0000,-32768,13769,714
00:13:58,1993.48,18.05,8.25,3276.70,0.00,17.7735,17.6271,17.5627,17.4160,37648890,1423359,1291891,37625240.0000,1422216.8750,1285416.1250,-32768,13769,712
00:14:00,1993.48,18.06,8.24,3276.70,0.00,17.7735,17.6411,17.5627,17.4302,37652595,1423437,1293633,37627652.0000,1422326.1250,1286114.8750,-32768,13769,711
00:14:04,1993.48,18.07,8.24,3276.70,0.00,17.7968,17.6411,17.5627,17.4396,37652595,1423844,1296193,37630032.0000,1422326.1250,1286114.8750,-32768,13769,707
00:14:05,1993.48,18.09,8.24,3276.70,0.00,17.8161,17.6693,17.6050,17.4584,37657058,1423724,1293855,37632392.0000,1422568.7500,1287473.6250,-32768,13769,707
00:14:07,1993.48,18.10,8.19,3276.70,0.00,17.8161,17.6787,17.6145,17.4679,37658358,1423888,1290927,37633980.0000,1422645.2500,1287772.8750,-32768,13769,705
00:14:10,1993.48,18.11,8.18,3276.70,0.00,17.8161,17.6928,17.6145,17.4820,37658358,1423888,1295959,37637256.0000,1422797.2500,1288714.0000,-32768,13769,703
00:14:12,1993.48,18.12,8.18,3276.70,0.00,17.8161,17.7068,17.6145,17.5008,37664342,1423888,1295959,37639708.0000,1422913.7500,1289349.0000,-32768,13769,700
00:14:16,1993.48,18.14,8.14,3276.70,0.00,17.8161,17.7209,17.6145,17.5148,37664342,1424318,1293601,37639708.0000,1422913.7500,1289349.0000,-32768,13769,697
00:14:17,1993.48,18.16,8.10,3276.70,0.00,17.8852,17.7396,17.6753,17.5336,37674309,1424457,1297244,37645832.0000,1423189.7500,1290828.1250,-32768,13769,696
00:14:20,1993.48,18.16,8.09,3276.70,0.00,17.8945,17.7396,17.6753,17.5430,37674309,1424551,1297352,37648392.0000,1423313.8750,1291546.0000,-32768,13769,693
00:14:22,1993.48,18.18,8.07,3276.70,0.00,17.9088,17.7396,17.7028,17.5571,37675212,1424703,1298307,37650016.0000,1423398.6250,1291963.6250,-32768,13769,692
00:14:24,1993.48,18.19,8.06,3276.70,0.00,17.9181,17.7396,17.7077,17.5571,37678323,1424749,1298307,37652576.0000,1423524.1250,1292590.5000,-32768,13769,690
00:14:25,1993.48,18.20,8.04,3276.70,0.00,17.9311,17.7864,17.7215,17.5758,37679092,1424791,1299429,37653408.0000,1423563.7500,1292804.2500,-32768,13769,689
00:14:26,1993.48,18.21,8.04,3276.70,0.00,17.9359,17.7911,17.7262,17.5805,37680178,1424832,1299670,37654244.0000,1423603.3750,1293018.8750,-32768,13769,688
00:14:29,1993.48,18.21,8.04,3276.70,0.00,17.9454,17.8004,17.7350,17.5805,37680178,1424897,1300635,37656744.0000,1423717.6250,1293628.8750,-32768,13769,686
00:14:32,1993.48,18.23,8.01,3276.70,0.00,17.9454,17.8191,17.7350,17.6085,37680178,1425047,1300635,37661112.0000,1423907.1250,1294619.7500,-32768,13769,683
00:14:34,1993.48,18.25,7.98,3276.70,0.00,17.9775,17.8330,17.7679,17.6225,37688241,1425047,1300635,37662840.0000,1423985.8750,1295053.5000,-32768,13769,682
00:14:37,1993.48,18.25,7.97,3276.70,0.00,17.9870,17.8330,17.7814,17.6225,37690570,1425298,1300635,37665244.0000,1424103.0000,1295718.6250,-32768,13769,679
00:14:39,1993.48,18.28,7.95,3276.70,0.00,18.0059,17.8609,17.7814,17.6551,37690570,1425505,1303467,37667600.0000,1424225.3750,1296378.8750,-32768,13769,677
00:14:42,1993.48,18.30,7.92,3276.70,0.00,18.0193,17.8748,17.7814,17.6691,37690570,1425530,1302673,37667600.0000,1424376.5000,1297256.3750,-32768,13769,674
00:14:44,1993.48,18.31,7.91,3276.70,0.00,18.0193,17.8934,17.7814,17.6877,37698798,1425654,1303853,37673476.0000,1424487.1250,1297869.7500,-32768,13769,673
00:14:45,1988.05,18.32,7.90,3276.70,0.00,18.0477,17.9027,17.8371,17.6923,37700091,1425519,1304091,37674308.0000,1424519.3750,1298064.1250,-32768,13769,671
00:14:49,1993.48,18.33,7.88,3276.70,0.00,18.0477,17.9120,17.8371,17.7062,37700091,1425797,1304810,37677616.0000,1424660.7500,1298924.0000,-32768,13769,669
00:14:50,1993.48,18.35,7.86,3276.70,0.00,18.0697,17.9259,17.8607,17.7155,37704568,1425883,1306751,37679272.0000,1424660.7500,1299362.2500,-32768,13769,668
00:14:52,1993.48,18.36,7.83,3276.70,0.00,18.0697,17.9398,17.8745,17.7295,37706817,1425902,1303350,37680920.0000,1424802.7500,1299988.7500,-32768,13769,666
00:14:55,1993.48,18.38,7.84,3276.70,0.00,18.0697,17.9538,17.8889,17.7435,37706817,1425918,1310473,37684160.0000,1424940.6250,1300720.3750,-32768,13769,664
00:14:57,1993.48,18.39,7.81,3276.70,0.00,18.0697,17.9677,17.8889,17.7621,37706817,1425918,1308835,37686504.0000,1425040.3750,1301392.6250,-32768,13769,661
00:14:59,1993.48,18.40,7.79,3276.70,0.00,18.1212,17.9770,17.9117,17.7668,37711221,1426101,1308263,37688064.0000,1425106.0000,1301791.0000,-32768,13769,661
00:15:02,1993.48,18.40,7.78,3276.70,0.00,18.1310,17.9863,17.9117,17.7668,37713748,1426054,1308263,37688064.0000,1425106.0000,1302434.6250,-32768,13769,661
00:15:03,1993.48,18.40,7.77,3276.70,0.00,18.1495,18.0049,17.9402,17.7948,37714849,1426298,1306535,37688064.0000,1425106.0000,1303068.0000,-32768,13769,656
00:15:05,1993.48,18.44,7.77,3276.70,0.00,18.1495,18.0189,17.9537,17.8087,37717658,1426260,1309196,37694144.0000,1425345.2500,1303447.7500,-32768,13769,655
00:15:07,1993.48,18.45,7.75,3276.70,0.00,18.1682,18.0189,17.9632,17.8087,37718047,1426380,1308110,37695592.0000,1425438.2500,1303976.7500,-32768,13769,653
00:15:10,1993.48,18.46,7.73,3276.70,0.00,18.1682,18.0421,17.9632,17.8321,37718047,1426312,1311137,37698420.0000,1425516.0000,1304593.1250,-32768,13769,650
00:15:12,1993.48,18.48,7.71,3276.70,0.00,18.2002,18.0561,17.9914,17.8461,37724072,1426741,1310096,37699936.0000,1425516.0000,1305193.6250,-32768,13769,649
00:15:14,1993.48,18.49,7.71,3276.70,0.00,18.2094,18.0653,18.0000,17.8554,37723528,1426321,1312370,37702152.0000,1425664.1250,1305614.3750,-32768,13769,649
00:15:16,1993.48,18.50,7.71,3276.70,0.00,18.2239,18.0792,18.0145,17.8694,37724987,1426617,1309900,37703536.0000,1425715.0000,1305614.3750,-32768,13769,646
00:15:19,1993.48,18.51,7.71,3276.70,0.00,18.2239,18.0932,18.0145,17.8834,37724987,1426536,1316707,37706416.0000,1425815.0000,1306959.7500,-32768,13769,643
00:15:20,1993.48,18.52,7.67,3276.70,0.00,18.2468,18.1025,18.0383,17.8975,37728983,1426520,1313934,37707780.0000,1425861.0000,1307314.5000,-32768,13769,642
00:15:21,1993.48,18.53,7.67,3276.70,0.00,18.2571,18.1118,18.0383,17.8975,37731960,1426649,1313830,37708536.0000,1425885.6250,1307726.8750,-32768,13769,641
00:15:23,1993.48,18.54,7.66,3276.70,0.00,18.2617,18.1164,18.0526,17.9068,37731311,1426628,1317749,37709972.0000,1425935.1250,1307726.8750,-32768,13769,640
00:15:26,1993.48,18.54,7.66,3276.70,0.00,18.2762,18.1164,18.0670,17.9068,37734908,1426777,1317749,37712864.0000,1426031.0000,1308717.1250,-32768,13769,638
00:15:27,1993.48,18.54,7.65,3276.70,0.00,18.2896,18.1445,18.0816,17.9350,37735423,1426603,1317132,37713568.0000,1426048.8750,1308980.1250,-32768,13769,637
00:15:29,1993.48,18.58,7.63,3276.70,0.00,18.2993,18.1445,18.0951,17.9350,37736665,1426564,1316093,37715608.0000,1426102.5000,1309529.1250,-32768,13769,635
00:15:32,1998.91,18.59,7.62,3276.70,0.00,18.2993,18.1679,18.0951,17.9632,37737671,1426676,1313895,37717540.0000,1426157.0000,1310111.7500,-32768,13769,634
00:15:33,1998.91,18.60,7.62,3276.70,0.00,18.3289,18.1820,18.1205,17.9727,37737590,1426624,1316456,37718788.0000,1426181.8750,1310495.3750,-32768,13769,632
00:15:35,1998.91,18.61,7.61,3276.70,0.00,18.3343,18.1868,18.1258,17.9727,37737590,1426648,1316456,37720744.0000,1426228.3750,1311144.2500,-32768,13769,630
00:15:38,2004.34,18.62,7.62,3276.70,0.00,18.3507,18.2011,18.1412,17.9918,37741271,1426763,1317958,37721384.0000,1426228.3750,1311569.0000,-32768,13769,630
00:15:41,2004.34,18.62,7.63,3276.70,0.00,18.3507,18.2011,18.1623,17.9918,37744059,1426698,1317958,37721384.0000,1426228.3750,1312665.8750,-32768,13769,626
00:15:44,1998.91,18.65,7.61,3276.70,0.00,18.3846,18.2348,18.1763,18.0257,37745655,1426856,1317958,37726528.0000,1426228.3750,1313338.3750,-32768,13769,626
00:15:47,1998.91,18.67,7.61,3276.70,0.00,18.3846,18.2541,18.1763,18.0499,37745655,1426926,1320236,37729504.0000,1426438.5000,1314165.6250,-32768,13769,621
00:15:48,2004.34,18.67,7.57,3276.70,0.00,18.4180,18.2685,18.2095,18.0595,37749324,1426769,1320236,37730732.0000,1426461.3750,1314624.2500,-32768,13769,620
00:15:50,2004.34,18.70,7.57,3276.70,0.00,18.4270,18.2781,18.2187,18.0691,37749683,1426922,1321567,37731860.0000,1426491.3750,1315056.8750,-32768,13769,618
00:15:51,2004.34,18.70,7.57,3276.70,0.00,18.4365,18.2876,18.2278,18.0787,37752620,1426999,1321567,37733120.0000,1426518.7500,1315494.5000,-32768,13769,617
00:15:54,1998.91,18.70,7.52,3276.70,0.00,18.4461,18.2971,18.2278,18.0930,37752620,1426914,1323274,37734968.0000,1426555.0000,1316111.1250,-32768,13769,615
00:15:56,2004.34,18.73,7.51,3276.70,0.00,18.4641,18.3162,18.2563,18.1073,37755330,1427055,1325951,37736176.0000,1426584.0000,1316572.8750,-32768,13769,614
00:15:57,1998.91,18.73,7.50,3276.70,0.00,18.4737,18.3258,18.2651,18.1169,37755815,1427092,1323281,37737360.0000,1426617.2500,1316971.1250,-32768,13769,613
00:15:58,1998.91,18.76,7.50,3276.70,0.00,18.4779,18.3305,18.2696,18.1216,37755930,1427045,1324295,37737944.0000,1426630.6250,1317200.0000,-32768,13769,611
00:16:00,2004.34,18.76,7.49,3276.70,0.00,18.4829,18.3305,18.2794,18.1216,37758583,1427133,1324498,37739676.0000,1426671.2500,1317836.0000,-32768,13769,610
00:16:03,1998.91,18.77,7.48,3276.70,0.00,18.4829,18.3541,18.2936,18.1455,37759111,1427227,1325309,37740828.0000,1426704.5000,1318268.0000,-32768,13769,608
00:16:05,2004.34,18.78,7.45,3276.70,0.00,18.4829,18.3683,18.2936,18.1597,37762922,1427217,1326297,37743304.0000,1426760.7500,1318268.0000,-32768,13769,606
00:16:09,1998.91,18.80,7.44,3276.70,0.00,18.4829,18.3825,18.2936,18.1786,37762922,1427420,1326719,37745780.0000,1426834.0000,1320005.7500,-32768,13769,604
00:16:10,1998.91,18.82,7.43,3276.70,0.00,18.5486,18.4014,18.3408,18.1929,37765923,1427393,1327331,37747040.0000,1426834.0000,1320607.8750,-32768,13769,602
00:16:12,1998.91,18.83,7.42,3276.70,0.00,18.5580,18.4109,18.3501,18.2024,37766721,1427395,1327942,37748228.0000,1426834.0000,1320607.8750,-32768,13769,601
00:16:14,1998.91,18.84,7.40,3276.70,0.00,18.5675,18.4203,18.3596,18.2119,37766719,1427372,1327370,37749352.0000,1426930.7500,1321235.7500,-32768,13769,601
00:16:16,1998.91,18.85,7.40,3276.70,0.00,18.5725,18.4298,18.3596,18.2214,37769395,1427372,1325969,37751124.0000,1426978.3750,1321869.2500,-32768,13769,598
00:16:19,1998.91,18.86,7.39,3276.70,0.00,18.5725,18.4439,18.3596,18.2405,37771867,1427636,1330255,37751124.0000,1426978.3750,1322576.6250,-32768,13769,598
00:16:21,1998.91,18.88,7.39,3276.70,0.00,18.6061,18.4582,18.4032,18.2548,37773526,1427623,1330318,37754536.0000,1427087.3750,1323235.1250,-32768,13769,594
00:16:24,1998.91,18.89,7.37,3276.70,0.00,18.6061,18.4725,18.4032,18.2691,37773526,1427491,1337795,37756924.0000,1427148.5000,1324561.6250,-32768,13769,590
00:16:25,1998.91,18.91,7.34,3276.70,0.00,18.6352,18.4725,18.4325,18.2835,37777021,1427718,1330689,37758104.0000,1427180.0000,1324964.6250,-32768,13769,589
00:16:29,1998.91,18.91,7.33,3276.70,0.00,18.6352,18.5011,18.4325,18.2979,37777021,1427927,1330689,37760432.0000,1427264.6250,1325188.7500,-32768,13769,588
00:16:31,1998.91,18.94,7.33,3276.70,0.00,18.6352,18.5202,18.4325,18.3171,37777021,1427720,1334284,37762580.0000,1427337.2500,1325977.2500,-32768,13769,586
00:16:32,1998.91,18.95,7.31,3276.70,0.00,18.6788,18.5346,18.4762,18.3268,37779978,1427839,1333125,37763124.0000,1427352.8750,1326200.6250,-32768,13769,585
00:16:33,1998.91,18.96,7.30,3276.70,0.00,18.6886,18.5394,18.4812,18.3316,37781274,1427944,1332719,37763692.0000,1427371.3750,1326404.2500,-32768,13769,585
00:16:35,1998.91,18.96,7.29,3276.70,0.00,18.6933,18.5442,18.4857,18.3364,37781414,1427889,1332635,37764244.0000,1427387.5000,1326599.0000,-32768,13769,583
00:16:36,1998.91,18.97,7.28,3276.70,0.00,18.7032,18.5538,18.4957,18.3460,37782904,1427807,1344303,37765336.0000,1427413.2500,1327609.6250,-32768,13769,581
00:16:37,1998.91,18.98,7.28,3276.70,0.00,18.7081,18.5586,18.5008,18.3508,37786103,1428013,1333851,37765988.0000,1427432.0000,1327804.6250,-32768,13769,581
00:16:38,1998.91,18.98,7.26,3276.70,0.00,18.7130,18.5634,18.5057,18.3556,37786413,1428041,1334796,37766624.0000,1427451.0000,1328023.1250,-32768,13769,581
00:16:40,1998.91,18.99,7.26,3276.70,0.00,18.7273,18.5778,18.5205,18.3701,37788355,1428041,1334796,37768528.0000,1427518.1250,1328700.7500,-32768,13769,578
00:16:41,1998.91,18.99,7.24,3276.70,0.00,18.7326,18.5826,18.5254,18.3749,37788626,1428302,1334665,37769156.0000,1427542.6250,1328887.1250,-32768,13769,577
00:16:44,1998.91,19.01,7.24,3276.70,0.00,18.7423,18.5826,18.5400,18.3749,37790744,1428302,1334665,37771620.0000,1427631.7500,1329070.1250,-32768,13769,577
00:16:45,1998.91,19.02,7.23,3276.70,0.00,18.7568,18.6067,18.5400,18.4040,37791108,1428198,1335837,37772784.0000,1427668.2500,1329510.0000,-32768,13769,575
00:16:47,1998.91,19.03,7.22,3276.70,0.00,18.7715,18.6067,18.5647,18.4137,37789894,1428432,1330420,37773848.0000,1427709.0000,1329718.1250,-32768,13769,575
00:16:49,1998.91,19.03,7.21,3276.70,0.00,18.7761,18.6260,18.5695,18.4185,37791282,1428354,1336422,37774992.0000,1427751.8750,1329927.6250,-32768,13769,574
00:16:51,1998.91,19.05,7.20,3276.70,0.00,18.7862,18.6260,18.5840,18.4185,37792749,1428323,1336552,37776096.0000,1427785.6250,1330900.3750,-32768,13769,571
00:16:53,1998.91,19.06,7.19,3276.70,0.00,18.8006,18.6502,18.5938,18.4427,37793598,1428149,1336552,37776096.0000,1427830.6250,1331758.6250,-32768,13769,569
00:16:54,1998.91,19.07,7.17,3276.70,0.00,18.8108,18.6599,18.6037,18.4524,37796661,1428413,1336552,37778832.0000,1427867.2500,1332177.7500,-32768,13769,567
00:16:55,1998.91,19.07,7.17,3276.70,0.00,18.8205,18.6696,18.6134,18.4621,37796815,1428848,1332575,37779392.0000,1427897.8750,1332190.1250,-32768,13769,567
00:16:57,1998.91,19.07,7.16,3276.70,0.00,18.8300,18.6793,18.6235,18.4719,37797372,1428461,1338811,37780520.0000,1427942.5000,1332658.7500,-32768,13769,566
00:17:00,1998.91,19.09,7.15,3276.70,0.00,18.8300,18.6938,18.6235,18.4914,37799215,1428392,1339961,37782732.0000,1428007.6250,1333259.6250,-32768,13769,564
00:17:01,1998.91,19.11,7.14,3276.70,0.00,18.8300,18.7084,18.6529,18.5012,37799235,1428452,1341682,37783716.0000,1428036.2500,1333763.2500,-32768,13769,562
00:17:03,1998.91,19.12,7.13,3276.70,0.00,18.8300,18.7180,18.6629,18.5110,37801007,1428524,1346170,37784752.0000,1428065.5000,1334322.0000,-32768,13769,561
00:17:04,1998.91,19.13,7.12,3276.70,0.00,18.8743,18.7229,18.6675,18.5159,37801840,1428648,1348310,37785284.0000,1428083.7500,1334759.1250,-32768,13769,560
00:17:05,1998.91,19.13,7.12,3276.70,0.00,18.8792,18.7278,18.6729,18.5207,37801689,1428615,1340982,37785796.0000,1428100.2500,1334953.6250,-32768,13769,559
00:17:07,1998.91,19.14,7.11,3276.70,0.00,18.8888,18.7278,18.6828,18.5305,37804160,1428808,1332625,37787400.0000,1428158.5000,1335282.6250,-32768,13769,558
00:17:07,1998.91,19.14,7.11,3276.70,0.00,18.8989,18.7473,18.6925,18.5403,37803511,1428916,1331103,37787904.0000,1428182.1250,1335152.0000,-32768,13769,559
00:17:09,1998.91,19.15,7.10,3276.70,0.00,18.9037,18.7521,18.6972,18.5452,37803092,1428756,1343408,37788376.0000,1428200.0000,1335410.0000,-32768,13769,557
00:17:12,1998.91,19.16,7.10,3276.70,0.00,18.9134,18.7619,18.6972,18.5598,37803092,1428553,1353098,37789848.0000,1428247.1250,1336417.7500,-32768,13769,554
00:17:13,1998.91,19.17,7.06,3276.70,0.00,18.9281,18.7766,18.7216,18.5696,37806097,1428707,1344133,37790800.0000,1428266.5000,1337250.3750,-32768,13769,554
00:17:16,1998.91,19.18,7.05,3276.70,0.00,18.9281,18.7912,18.7216,18.5891,37807460,1428707,1344133,37792776.0000,1428338.0000,1337798.2500,-32768,13769,551
00:17:17,1993.48,19.20,7.04,3276.70,0.00,18.9577,18.8059,18.7518,18.5989,37807151,1428784,1344871,37793696.0000,1428368.6250,1338230.6250,-32768,13769,550
00:17:19,1998.91,19.21,7.04,3276.70,0.00,18.9625,18.8107,18.7564,18.6088,37806790,1428754,1343312,37794496.0000,1428392.3750,1338628.5000,-32768,13769,549
00:17:21,1998.91,19.22,7.02,3276.70,0.00,18.9775,18.8254,18.7564,18.6186,37810607,1428754,1346468,37795896.0000,1428425.2500,1339208.7500,-32768,13769,547
00:17:23,1998.91,19.23,7.01,3276.70,0.00,18.9872,18.8352,18.7812,18.6285,37808450,1428754,1346468,37796732.0000,1428440.0000,1339929.1250,-32768,13769,545
00:17:25,1998.91,19.23,6.98,3276.70,0.00,18.9973,18.8449,18.7912,18.6383,37812300,1428390,1346468,37796732.0000,1428449.2500,1340672.1250,-32768,13769,543
00:17:26,1998.91,19.25,6.98,3276.70,0.00,19.0072,18.8547,18.8012,18.6482,37809584,1428666,1346468,37798324.0000,1428459.8750,1341079.0000,-32768,13769,542
00:17:29,1998.91,19.26,6.97,3276.70,0.00,19.0072,18.8694,18.8158,18.6629,37809620,1428969,1346468,37799404.0000,1428459.8750,1341413.1250,-32768,13769,542
00:17:31,1998.91,19.28,6.96,3276.70,0.00,19.0072,18.8842,18.8158,18.6777,37810157,1429015,1346468,37799404.0000,1428520.6250,1341882.5000,-32768,13769,540
00:17:32,1998.91,19.29,6.94,3276.70,0.00,19.0469,18.8940,18.8411,18.6875,37810366,1429003,1346468,37801052.0000,1428538.2500,1342102.5000,-32768,13769,539
00:17:35,1998.91,19.30,6.94,3276.70,0.00,19.0469,18.9088,18.8411,18.7073,37810366,1429003,1349636,37801896.0000,1428547.2500,1342753.6250,-32768,13769,537
00:17:37,1998.91,19.32,6.93,3276.70,0.00,19.0721,18.9186,18.8662,18.7123,37807019,1428730,1349819,37802056.0000,1428553.0000,1343176.3750,-32768,13769,536
00:17:40,1998.91,19.32,6.92,3276.70,0.00,19.0721,18.9335,18.8662,18.7321,37810850,1428570,1350667,37803088.0000,1428553.0000,1343999.7500,-32768,13769,534
00:17:43,1998.91,19.34,6.91,3276.70,0.00,19.0721,18.9533,18.8662,18.7520,37810850,1428375,1351916,37804348.0000,1428547.2500,1344841.7500,-32768,13769,532
00:17:45,1998.91,19.34,6.88,3276.70,0.00,19.0721,18.9731,18.8662,18.7669,37810260,1428450,1351712,37805024.0000,1428535.2500,1344841.7500,-32768,13769,530
00:17:47,1993.48,19.38,6.86,3276.70,0.00,19.1375,18.9830,18.9319,18.7768,37811371,1428480,1352570,37805220.0000,1428535.2500,1345905.1250,-32768,13769,528
00:17:48,1998.91,19.39,6.85,3276.70,0.00,19.1478,18.9930,18.9422,18.7868,37813688,1428541,1352213,37805672.0000,1428532.2500,1346102.2500,-32768,13769,528
00:17:49,1998.91,19.39,6.85,3276.70,0.00,19.1529,18.9979,18.9473,18.7918,37809293,1428473,1352946,37805784.0000,1428532.2500,1346535.5000,-32768,13769,527
00:17:52,1998.91,19.40,6.85,3276.70,0.00,19.1529,19.0129,18.9625,18.8068,37809293,1428558,1352946,37806240.0000,1428515.3750,1346780.5000,-32768,13769,526
00:17:54,1998.91,19.42,6.83,3276.70,0.00,19.1529,19.0279,18.9625,18.8269,37809220,1428340,1353574,37806564.0000,1428502.8750,1347427.6250,-32768,13769,524
00:17:57,1993.48,19.43,6.83,3276.70,0.00,19.1991,19.0279,18.9625,18.8369,37809220,1428149,1353574,37806704.0000,1428460.6250,1348361.3750,-32768,13769,522
00:17:59,1993.48,19.45,6.83,3276.70,0.00,19.1991,19.0630,19.0142,18.8571,37809644,1428227,1355412,37806860.0000,1428445.5000,1348776.3750,-32768,13769,520
00:18:00,1998.91,19.46,6.79,3276.70,0.00,19.2248,19.0680,19.0194,18.8621,37809510,1428172,1355457,37806944.0000,1428437.0000,1348985.1250,-32768,13769,520
00:18:01,1998.91,19.47,6.78,3276.70,0.00,19.2300,19.0731,19.0247,18.8672,37809378,1428167,1355631,37807020.0000,1428428.5000,1349192.8750,-32768,13769,520
00:18:04,1998.91,19.47,6.78,3276.70,0.00,19.2456,19.0731,19.0454,18.8672,37806423,1428052,1357174,37807088.0000,1428382.6250,1350084.6250,-32768,13769,516
00:18:06,1998.91,19.50,6.76,3276.70,0.00,19.2456,19.1086,19.0454,18.9027,37807642,1428028,1357082,37807052.0000,1428345.5000,1350686.1250,-32768,13769,515
00:18:08,1993.48,19.51,6.75,3276.70,0.00,19.2770,19.1086,19.0454,18.9129,37806016,1427934,1357456,37807000.0000,1428304.7500,1351303.1250,-32768,13769,513
00:18:12,1998.91,19.52,6.75,3276.70,0.00,19.2770,19.1340,19.0454,18.9282,37806016,1427818,1357929,37807000.0000,1428249.5000,1352117.8750,-32768,13769,511
00:18:14,1998.91,19.54,6.73,3276.70,0.00,19.2770,19.1545,19.0454,18.9539,37805895,1427767,1358069,37806784.0000,1428198.3750,1352700.0000,-32768,13769,509
00:18:16,1998.91,19.54,6.70,3276.70,0.00,19.3295,19.1698,19.1242,18.9642,37806454,1427690,1359920,37806768.0000,1428171.3750,1353135.7500,-32768,13769,508
00:18:18,1998.91,19.57,6.70,3276.70,0.00,19.3350,19.1750,19.1297,18.9642,37805535,1427524,1359603,37806768.0000,1428171.3750,1353569.7500,-32768,13769,506
00:18:20,1998.91,19.59,6.69,3276.70,0.00,19.3507,19.1750,19.1297,18.9900,37805303,1427551,1361910,37806472.0000,1428081.7500,1354248.0000,-32768,13769,506
00:18:24,1998.91,19.60,6.69,3276.70,0.00,19.3507,19.2111,19.1671,19.0055,37805303,1427530,1361910,37806172.0000,1428012.3750,1354248.0000,-32768,13769,502
00:18:25,1998.91,19.60,6.67,3276.70,0.00,19.3880,19.2267,19.1830,19.0211,37804385,1427393,1362175,37806032.0000,1427972.7500,1355557.5000,-32768,13769,501
00:18:28,1993.48,19.63,6.66,3276.70,0.00,19.3880,19.2371,19.1830,19.0367,37804385,1427280,1362864,37805920.0000,1427913.1250,1356737.8750,-32768,13769,501
00:18:29,1998.91,19.65,6.66,3276.70,0.00,19.4148,19.2527,19.2100,19.0472,37802680,1427506,1364724,37805792.0000,1427874.2500,1357352.5000,-32768,13769,497
00:18:31,1993.48,19.66,6.65,3276.70,0.00,19.4148,19.2684,19.2100,19.0629,37804433,1427338,1364529,37805736.0000,1427843.3750,1358014.2500,-32768,13769,495
00:18:34,1998.91,19.68,6.62,3276.70,0.00,19.4362,19.2736,19.2100,19.0734,37803643,1427338,1364529,37805736.0000,1427843.3750,1358127.8750,-32768,13769,494
00:18:36,1998.91,19.70,6.62,3276.70,0.00,19.4581,19.2946,19.2529,19.0734,37803643,1427157,1365127,37805424.0000,1427843.3750,1358818.2500,-32768,13769,493
00:18:39,1998.91,19.71,6.60,3276.70,0.00,19.4581,19.3156,19.2529,19.1155,37803643,1427157,1366239,37805252.0000,1427667.3750,1358915.7500,-32768,13769,492
00:18:41,1993.48,19.73,6.60,3276.70,0.00,19.4955,19.3314,19.2906,19.1261,37802808,1427021,1366568,37805120.0000,1427628.6250,1359373.8750,-32768,13769,491
00:18:42,1993.48,19.74,6.58,3276.70,0.00,19.5010,19.3367,19.2961,19.1366,37805047,1427339,1358813,37805032.0000,1427608.8750,1359219.6250,-32768,13769,491
00:18:44,1960.90,19.74,6.58,3276.70,0.00,19.5108,19.3473,19.3060,19.1419,37803782,1427107,1367919,37804992.0000,1427593.1250,1359491.5000,-32768,13769,491
00:18:46,1917.45,19.76,6.58,3276.70,0.00,19.5170,19.3576,19.3140,19.1573,37815497,1428150,1365167,37805496.0000,1427593.1250,1360148.8750,-32768,13769,491
00:18:49,1825.13,19.77,6.58,3276.70,0.00,19.5170,19.3763,19.3140,19.1753,37815497,1428998,1369351,37807344.0000,1427733.7500,1361142.8750,-32768,13769,485
00:18:51,1781.69,19.77,6.50,3276.70,0.00,19.5170,19.3873,19.3140,19.1854,37814469,1429258,1368426,37808164.0000,1427852.0000,1362466.2500,-32768,13769,483
00:18:54,1732.81,19.78,6.50,3276.70,0.00,19.4710,19.3873,19.2655,19.1905,37809061,1429278,1366234,37808244.0000,1427991.5000,1362861.5000,-32768,13769,482
00:18:55,1694.80,19.78,6.43,3276.70,0.00,19.4584,19.3994,19.2538,19.1945,37804606,1429576,1367543,37808132.0000,1428041.1250,1362861.5000,-32768,13769,481
00:18:57,1651.35,19.78,6.43,3276.70,0.00,19.4468,19.3994,19.2423,19.1945,37801678,1429447,1365783,37807616.0000,1428041.1250,1362861.5000,-32768,13769,481
00:19:00,1602.48,19.78,6.43,3276.70,0.00,19.4295,19.4054,19.2222,19.2003,37799896,1429788,1356310,37807168.0000,1428041.1250,1362859.6250,-32768,13769,481
00:19:01,1569.89,19.76,6.43,3276.70,0.00,19.4137,19.4065,19.2046,19.2011,37795681,1429670,1364119,37806264.0000,1428041.1250,1363119.5000,-32768,13769,481
00:19:05,1515.59,19.75,6.47,3276.70,0.00,19.4137,19.4062,19.2046,19.1998,37795681,1429639,1364119,37804416.0000,1428570.1250,1363301.2500,-32768,13769,481
00:19:06,1488.43,19.74,6.51,3276.70,0.00,19.3857,19.4039,19.1716,19.1974,37794593,1429679,1371788,37803812.0000,1428637.8750,1363901.7500,-32768,13769,479
00:19:09,1444.99,19.74,6.52,3276.70,0.00,19.3857,19.4023,19.1716,19.1956,37796614,1430036,1362743,37803048.0000,1428760.8750,1363901.7500,-32768,13769,479
00:19:10,1423.26,19.73,6.55,3276.70,0.00,19.3730,19.4005,19.1630,19.1937,37798894,1430383,1359945,37802920.0000,1428811.5000,1363696.8750,-32768,13769,480
00:19:12,1396.11,19.73,6.54,3276.70,0.00,19.3685,19.3986,19.1582,19.1915,37802125,1430520,1359945,37802812.0000,1428968.7500,1363696.8750,-32768,13769,480
00:19:13,1379.82,19.73,6.55,3276.70,0.00,19.3637,19.3965,19.1535,19.1892,37802125,1430520,1349124,37802828.0000,1429078.1250,1363038.5000,-32768,13769,481
00:19:16,1493.86,19.72,6.54,3276.70,0.00,19.3637,19.3934,19.1535,19.1852,37798886,1429990,1361501,37802976.0000,1429216.6250,1362618.2500,-32768,13769,482
00:19:17,1564.46,19.73,6.54,3276.70,0.00,19.3896,19.3928,19.1801,19.1850,37782623,1428302,1361295,37802340.0000,1429188.1250,1362576.8750,-32768,13769,483
00:19:18,1597.05,19.73,6.64,3276.70,0.00,19.4288,19.3943,19.2186,19.1865,37790150,1427115,1358031,37801184.0000,1429064.0000,1362244.1250,-32768,13769,483
00:19:21,1640.49,19.74,6.66,3276.70,0.00,19.4288,19.3983,19.2186,19.1929,37790150,1427101,1373796,37802520.0000,1428817.0000,1362842.3750,-32768,13769,482
00:19:24,1689.37,19.76,6.67,3276.70,0.00,19.4288,19.4117,19.3254,19.2034,37843138,1427588,1369264,37804776.0000,1428733.2500,1363354.8750,-32768,13769,480
00:19:26,1776.26,19.76,6.67,3276.70,0.00,19.4288,19.4257,19.3736,19.2034,37861142,1427716,1382552,37809256.0000,1428642.5000,1364428.1250,-32768,13769,480
00:19:29,1895.73,19.79,6.70,3276.70,0.00,19.4288,19.4432,19.3736,19.2347,37863249,1427049,1372934,37814116.0000,1428520.0000,1364428.1250,-32768,13769,475
00:19:31,1944.61,19.83,6.73,3276.70,0.00,19.6748,19.4569,19.4642,19.2482,37874930,1426756,1372934,37819268.0000,1428362.3750,1366928.2500,-32768,13769,472
00:19:33,1977.19,19.85,6.71,3276.70,0.00,19.7096,19.4719,19.4642,19.2708,37891771,1426756,1377280,37823452.0000,1428362.3750,1366928.2500,-32768,13769,469
00:19:36,2031.50,19.88,6.66,3276.70,0.00,19.7096,19.5045,19.4642,19.3037,37919734,1426756,1377280,37836808.0000,1428339.7500,1369663.8750,-32768,13769,465
00:19:37,2074.94,19.90,6.64,3276.70,0.00,19.7096,19.5389,19.6016,19.3296,37932233,1429801,1374613,37842596.0000,1428417.3750,1370231.0000,-32768,13769,463
00:19:39,2102.10,19.91,6.62,3276.70,0.00,19.8239,19.5479,19.6131,19.3384,37935658,1430010,1385001,37848456.0000,1428517.2500,1370915.2500,-32768,13769,461
00:19:41,2118.39,19.92,6.59,3276.70,0.00,19.8239,19.5747,19.6446,19.3653,37949373,1430733,1387064,37854468.0000,1428640.3750,1371857.7500,-32768,13769,458
00:19:44,2123.82,19.93,6.53,3276.70,0.00,19.8691,19.5926,19.6446,19.3921,37949373,1432281,1387064,37854468.0000,1429051.3750,1373238.1250,-32768,13769,454
00:19:46,2129.25,19.94,6.47,3276.70,0.00,19.8895,19.6189,19.6814,19.4097,37971079,1432791,1380854,37873784.0000,1429284.3750,1373986.0000,-32768,13769,453
00:19:47,2140.11,19.94,6.49,3276.70,0.00,19.9014,19.6361,19.6926,19.4269,37957200,1432687,1380854,37878680.0000,1429487.8750,1374711.2500,-32768,13769,451
00:19:50,2156.40,19.95,6.54,3276.70,0.00,19.9014,19.6612,19.6926,19.4602,37936930,1431560,1380854,37878680.0000,1429711.1250,1375878.2500,-32768,13769,448
00:19:53,2167.26,19.95,6.54,3276.70,0.00,19.9014,19.6855,19.7248,19.4763,37930139,1430887,1380854,37878680.0000,1429836.5000,1377022.0000,-32768,13769,444
00:19:55,2183.56,19.96,6.61,3276.70,0.00,19.9513,19.6855,19.7441,19.4763,37911489,1430348,1390138,37892328.0000,1429917.2500,1378536.5000,-32768,13769,444
00:19:56,2183.56,19.97,6.62,3276.70,0.00,19.9655,19.7320,19.7541,19.5223,37906401,1430152,1389254,37892768.0000,1429924.6250,1378871.5000,-32768,13769,440
00:19:59,2194.42,19.97,6.62,3276.70,0.00,19.9699,19.7320,19.7541,19.5370,37906401,1429430,1389254,37893496.0000,1429892.8750,1380282.5000,-32768,13769,436
00:20:01,2199.85,19.98,6.62,3276.70,0.00,19.9699,19.7683,19.7541,19.5653,37891850,1429494,1390454,37893564.0000,1429863.5000,1381187.7500,-32768,13769,435
00:20:03,2205.28,19.98,6.61,3276.70,0.00,20.0003,19.7890,19.7893,19.5789,37892888,1429494,1390454,37893460.0000,1429828.3750,1382711.0000,-32768,13769,431
00:20:06,2210.71,19.98,6.61,3276.70,0.00,20.0003,19.8087,19.7893,19.5986,37892888,1429074,1400320,37892848.0000,1429786.3750,1383742.3750,-32768,13769,429
00:20:07,2210.71,19.99,6.61,3276.70,0.00,20.0149,19.8212,19.8045,19.6111,37879904,1428923,1398201,37892444.0000,1429759.3750,1384194.2500,-32768,13769,428
00:20:08,2178.13,19.99,6.61,3276.70,0.00,20.0173,19.8273,19.8073,19.6172,37877466,1428947,1391001,37891976.0000,1429759.3750,1384194.2500,-32768,13769,427
00:20:09,2156.40,19.99,6.58,3276.70,0.00,20.0191,19.8391,19.8092,19.6290,37883570,1429434,1392013,37891284.0000,1429704.1250,1384858.0000,-32768,13769,426
00:20:11,2102.10,19.99,6.57,3276.70,0.00,20.0171,19.8446,19.8092,19.6399,37883570,1431358,1392013,37892424.0000,1429839.1250,1385739.2500,-32768,13769,426
00:20:13,2074.94,19.98,6.54,3276.70,0.00,19.9989,19.8592,19.7932,19.6495,37909411,1431607,1392013,37893288.0000,1429944.3750,1386144.3750,-32768,13769,426
00:20:16,1993.48,19.98,6.49,3276.70,0.00,19.9989,19.8669,19.7932,19.6607,37909411,1431870,1392013,37893288.0000,1429944.3750,1386503.6250,-32768,13769,422
00:20:20,1922.88,19.96,6.49,3276.70,0.00,19.9989,19.8797,19.7932,19.6709,37909411,1432691,1386564,37893288.0000,1430538.3750,1386256.2500,-32768,13769,422
00:20:22,1890.30,19.93,6.18,3276.70,0.00,19.8829,19.8809,19.6745,19.6722,37884260,1432745,1386974,37893624.0000,1430607.3750,1386278.6250,-32768,13769,423
00:20:22,1879.44,19.92,6.15,3276.70,0.00,19.8652,19.8801,19.6552,19.6714,37881038,1433257,1375998,37892884.0000,1430766.1250,1385562.3750,-32768,13769,424
00:20:25,1852.29,19.92,6.15,3276.70,0.00,19.8494,19.8784,19.6386,19.6714,37879304,1433221,1384561,37892080.0000,1430766.1250,1385562.3750,-32768,13769,424
00:20:27,1814.27,19.92,6.13,3276.70,0.00,19.8345,19.8784,19.6209,19.6714,37878978,1433367,1383905,37890700.0000,1431227.2500,1384760.6250,-32768,13769,426
00:20:30,1743.67,19.89,6.13,3276.70,0.00,19.8345,19.8693,19.6209,19.6590,37878978,1433548,1374131,37889816.0000,1431227.2500,1384085.1250,-32768,13769,427
00:20:33,1689.37,19.86,6.13,3276.70,0.00,19.7926,19.8693,19.5822,19.6590,37885063,1433873,1382596,37889320.0000,1431714.2500,1383952.8750,-32768,13769,428
00:20:36,1624.20,19.85,6.12,3276.70,0.00,19.7926,19.8521,19.5822,19.6418,37885063,1433956,1379109,37888460.0000,1431905.1250,1383682.6250,-32768,13769,429
00:20:38,1586.18,19.83,6.08,3276.70,0.00,19.7414,19.8426,19.5375,19.6356,37874487,1434253,1379708,37887640.0000,1431905.1250,1383682.6250,-32768,13769,429
00:20:39,1559.03,19.82,6.08,3276.70,0.00,19.7271,19.8357,19.5252,19.6289,37872810,1433990,1386655,37886744.0000,1432166.2500,1383674.2500,-32768,13769,429
00:20:41,1526.45,19.81,6.08,3276.70,0.00,19.7111,19.8282,19.5096,19.6289,37873490,1434401,1386655,37885436.0000,1432364.5000,1383674.2500,-32768,13769,429
00:20:43,1537.31,19.80,6.12,3276.70,0.00,19.6920,19.8162,19.4920,19.6105,37870324,1434203,1387458,37884516.0000,1432475.7500,1383612.2500,-32768,13769,429
00:20:46,1531.88,19.79,6.12,3276.70,0.00,19.6920,19.8046,19.4920,19.5956,37854837,1434203,1390760,37881524.0000,1432609.8750,1383350.6250,-32768,13769,430
00:20:48,1515.59,19.78,6.15,3276.70,0.00,19.6928,19.7977,19.4878,19.5922,37864066,1433414,1376463,37881524.0000,1432635.0000,1383135.3750,-32768,13769,430
00:20:49,1499.29,19.78,6.17,3276.70,0.00,19.6984,19.7884,19.4943,19.5830,37875871,1433941,1377955,37879928.0000,1432710.1250,1382797.3750,-32768,13769,430
00:20:53,1499.29,19.78,6.19,3276.70,0.00,19.7012,19.7884,19.4979,19.5830,37880882,1434096,1377955,37879804.0000,1432710.1250,1382195.6250,-32768,13769,432
00:20:55,1504.72,19.77,6.22,3276.70,0.00,19.7119,19.7739,19.5056,19.5830,37879150,1433968,1371097,37879752.0000,1432710.1250,1381454.7500,-32768,13769,432
00:20:56,1548.17,19.77,6.24,3276.70,0.00,19.7208,19.7704,19.5056,19.5637,37883187,1433598,1378918,37879824.0000,1432997.1250,1381305.3750,-32768,13769,435
00:21:00,1613.34,19.77,6.24,3276.70,0.00,19.7208,19.7675,19.5056,19.5618,37883187,1431731,1379054,37878772.0000,1432892.0000,1380397.0000,-32768,13769,437
00:21:01,1640.49,19.79,6.35,3276.70,0.00,19.7868,19.7680,19.5802,19.5626,37893557,1431731,1379054,37878772.0000,1432892.0000,1380218.6250,-32768,13769,437
00:21:03,1673.07,19.80,6.35,3276.70,0.00,19.8224,19.7719,19.6150,19.5662,37903727,1432101,1379107,37881484.0000,1432803.3750,1380183.8750,-32768,13769,437
00:21:05,1705.66,19.81,6.35,3276.70,0.00,19.8462,19.7761,19.6379,19.5703,37906718,1431738,1383308,37882960.0000,1432736.1250,1380357.5000,-32768,13769,436
00:21:07,1770.83,19.82,6.35,3276.70,0.00,19.8462,19.7846,19.6379,19.5785,37906718,1431738,1385615,37887096.0000,1432615.0000,1381021.2500,-32768,13769,435
00:21:10,1808.84,19.84,6.40,3276.70,0.00,19.9063,19.7846,19.7069,19.5785,37936886,1432064,1388557,37890000.0000,1432581.3750,1381462.1250,-32768,13769,433
00:21:11,1868.58,19.86,6.41,3276.70,0.00,19.9391,19.7846,19.7291,19.5973,37948553,1432278,1390178,37895124.0000,1432536.2500,1381462.1250,-32768,13769,431
00:21:13,1901.16,19.88,6.39,3276.70,0.00,19.9618,19.8134,19.7519,19.6064,37950103,1432185,1390622,37896840.0000,1432525.2500,1382951.5000,-32768,13769,430
00:21:15,1933.75,19.89,6.41,3276.70,0.00,19.9847,19.8236,19.7747,19.6164,37956425,1432201,1390622,37896840.0000,1432500.2500,1383734.3750,-32768,13769,428
00:21:17,1950.04,19.91,6.41,3276.70,0.00,19.9847,19.8400,19.7747,19.6382,37982083,1433272,1394687,37896840.0000,1432500.2500,1385013.3750,-32768,13769,425
00:21:19,1960.90,19.91,6.39,3276.70,0.00,20.0348,19.8400,19.8263,19.6382,38000921,1434547,1395893,37916840.0000,1432683.7500,1385630.0000,-32768,13769,424
00:21:22,1988.05,19.94,6.39,3276.70,0.00,20.0348,19.8684,19.8263,19.6667,38000921,1434508,1397384,37924464.0000,1432860.2500,1386658.2500,-32768,13769,421
00:21:23,1993.48,19.94,6.39,3276.70,0.00,20.0713,19.8915,19.8628,19.6839,37990115,1433810,1396858,37928620.0000,1432928.8750,1387266.8750,-32768,13769,420
00:21:26,2004.34,19.95,6.39,3276.70,0.00,20.0769,19.8973,19.8682,19.6839,37985202,1433810,1397415,37932244.0000,1432973.5000,1387266.8750,-32768,13769,418
00:21:27,2009.78,19.96,6.40,3276.70,0.00,20.0917,19.9145,19.8832,19.7068,37966890,1432733,1399603,37934684.0000,1432974.7500,1388478.6250,-32768,13769,418
00:21:28,2009.78,19.96,6.40,3276.70,0.00,20.0961,19.9202,19.8879,19.7124,37963785,1432733,1397778,37936352.0000,1432942.1250,1389051.3750,-32768,13769,416
00:21:30,2009.78,19.96,6.41,3276.70,0.00,20.1031,19.9312,19.8962,19.7290,37957840,1432559,1393910,37937664.0000,1432912.3750,1389438.1250,-32768,13769,415
00:21:31,2009.78,19.98,6.42,3276.70,0.00,20.1093,19.9421,19.9030,19.7345,37955875,1432422,1393910,37938824.0000,1432880.7500,1390019.3750,-32768,13769,414
00:21:33,2004.34,19.98,6.42,3276.70,0.00,20.1143,19.9526,19.9089,19.7451,37955875,1432447,1393910,37939832.0000,1432854.0000,1390472.1250,-32768,13769,413
00:21:36,2004.34,19.99,6.42,3276.70,0.00,20.1143,19.9675,19.9089,19.7653,37960944,1432597,1398566,37941680.0000,1432830.7500,1391203.0000,-32768,13769,411
00:21:38,2009.78,19.99,6.42,3276.70,0.00,20.1143,19.9812,19.9089,19.7795,37960944,1432374,1399312,37943016.0000,1432780.3750,1392051.5000,-32768,13769,409
00:21:41,2009.78,20.00,6.40,3276.70,0.00,20.1261,19.9942,19.9279,19.7885,37952720,1432386,1399312,37943016.0000,1432780.3750,1392051.5000,-32768,13769,407
00:21:42,2004.34,20.00,6.40,3276.70,0.00,20.1322,19.9942,19.9357,19.8057,37952155,1432705,1399113,37944352.0000,1432742.2500,1393013.8750,-32768,13769,406
00:21:45,2009.78,20.01,6.40,3276.70,0.00,20.1361,20.0144,19.9357,19.8139,37952155,1433278,1399000,37945324.0000,1432769.6250,1393534.6250,-32768,13769,405
00:21:47,2004.34,20.02,6.38,3276.70,0.00,20.1425,20.0258,19.9445,19.8218,37963825,1433513,1400050,37945900.0000,1432792.8750,1393738.2500,-32768,13769,404
00:21:49,2009.78,20.02,6.38,3276.70,0.00,20.1466,20.0331,19.9445,19.8333,37972840,1433513,1400050,37948972.0000,1432946.3750,1394416.2500,-32768,13769,403
00:21:52,2009.78,20.02,6.38,3276.70,0.00,20.1552,20.0331,19.9445,19.8445,37972840,1434913,1400659,37952200.0000,1432946.3750,1394416.2500,-32768,13769,402
00:21:55,2009.78,20.03,6.34,3276.70,0.00,20.1552,20.0578,19.9445,19.8587,37972840,1435268,1398229,37956208.0000,1433348.8750,1395753.1250,-32768,13769,402
00:21:57,2004.34,20.03,6.33,3276.70,0.00,20.1752,20.0578,19.9783,19.8587,37981650,1435158,1401258,37958692.0000,1433510.0000,1396232.0000,-32768,13769,399
00:22:01,2009.78,20.05,6.33,3276.70,0.00,20.1752,20.0810,19.9783,19.8825,37981650,1435176,1401258,37958692.0000,1433702.8750,1396884.1250,-32768,13769,397
00:22:02,2004.34,20.06,6.33,3276.70,0.00,20.1905,20.0936,19.9926,19.8922,37986816,1435176,1401258,37963724.0000,1433881.0000,1397333.0000,-32768,13769,396
00:22:04,2004.34,20.07,6.33,3276.70,0.00,20.1934,20.0997,19.9967,19.8986,37993739,1435896,1402107,37964664.0000,1433944.0000,1397482.2500,-32768,13769,395
00:22:06,2004.34,20.08,6.28,3276.70,0.00,20.1981,20.1056,20.0009,19.9048,37998152,1436162,1402088,37966672.0000,1434074.8750,1397764.7500,-32768,13769,395
00:22:06,2004.34,20.08,6.27,3276.70,0.00,20.2044,20.1116,20.0064,19.9109,38005031,1436450,1405357,37968968.0000,1434220.0000,1398074.3750,-32768,13769,394
00:22:08,2004.34,20.09,6.25,3276.70,0.00,20.2074,20.1145,20.0093,19.9139,38004627,1436505,1403380,37970080.0000,1434291.3750,1398240.1250,-32768,13769,393
00:22:11,1998.91,20.09,6.25,3276.70,0.00,20.2074,20.1204,20.0093,19.9230,38004627,1436617,1401076,37970080.0000,1434561.0000,1398925.0000,-32768,13769,392
00:22:14,1998.91,20.10,6.25,3276.70,0.00,20.2266,20.1204,20.0282,19.9230,38001641,1436617,1406556,37978364.0000,1434834.1250,1399657.6250,-32768,13769,390
00:22:18,2004.34,20.11,6.24,3276.70,0.00,20.2266,20.1468,20.0282,19.9469,38001641,1436552,1404334,37979964.0000,1434834.1250,1400152.5000,-32768,13769,389
00:22:21,2004.34,20.13,6.20,3276.70,0.00,20.2470,20.1468,20.0521,19.9469,38005607,1436676,1405539,37983040.0000,1434834.1250,1400152.5000,-32768,13769,387
00:22:22,2004.34,20.14,6.20,3276.70,0.00,20.2587,20.1673,20.0611,19.9678,38013560,1437192,1404162,37984756.0000,1434834.1250,1400152.5000,-32768,13769,386
00:22:24,2004.34,20.15,6.19,3276.70,0.00,20.2609,20.1702,20.0611,19.9738,38016368,1437179,1406792,37986768.0000,1435413.5000,1401412.6250,-32768,13769,386
00:22:26,2004.34,20.15,6.19,3276.70,0.00,20.2696,20.1789,20.0611,19.9797,38016368,1437051,1405105,37989436.0000,1435571.6250,1401816.3750,-32768,13769,386
00:22:29,2004.34,20.16,6.19,3276.70,0.00,20.2696,20.1905,20.0611,19.9916,38008567,1436891,1407251,37991808.0000,1435721.7500,1402453.8750,-32768,13769,383
00:22:31,2004.34,20.17,6.19,3276.70,0.00,20.2857,20.1962,20.0611,20.0005,38001216,1436427,1405360,37992560.0000,1435770.1250,1402726.3750,-32768,13769,383
00:22:33,2004.34,20.18,6.15,3276.70,0.00,20.2857,20.2048,20.0611,20.0094,38003462,1436780,1407099,37993356.0000,1435844.5000,1403101.3750,-32768,13769,382
00:22:35,2009.78,20.19,6.13,3276.70,0.00,20.3011,20.2106,20.1052,20.0123,38003462,1436780,1410924,37993864.0000,1435877.0000,1403101.3750,-32768,13769,381
00:22:37,2004.34,20.20,6.13,3276.70,0.00,20.3118,20.2194,20.1151,20.0213,38011537,1437056,1407848,37995456.0000,1435877.0000,1403705.3750,-32768,13769,380
00:22:38,2004.34,20.20,6.13,3276.70,0.00,20.3193,20.2254,20.1228,20.0273,38023265,1437604,1410315,37996952.0000,1435877.0000,1404204.0000,-32768,13769,379
00:22:40,2004.34,20.20,6.13,3276.70,0.00,20.3258,20.2314,20.1294,20.0335,38024879,1437452,1410207,37998752.0000,1436161.2500,1404391.6250,-32768,13769,379
00:22:43,2004.34,20.22,6.13,3276.70,0.00,20.3258,20.2375,20.1294,20.0428,38024125,1437452,1412403,38001712.0000,1436306.7500,1405055.8750,-32768,13769,377
00:22:45,2004.34,20.24,6.10,3276.70,0.00,20.3403,20.2375,20.1294,20.0489,38018678,1437452,1412403,38002648.0000,1436306.7500,1405445.3750,-32768,13769,377
00:22:47,2004.34,20.25,6.06,3276.70,0.00,20.3403,20.2586,20.1576,20.0613,38008877,1436592,1411955,38003456.0000,1436383.2500,1405720.6250,-32768,13769,376
00:22:51,2004.34,20.26,6.07,3276.70,0.00,20.3403,20.2677,20.1576,20.0705,38008877,1436922,1411955,38004232.0000,1436437.7500,1406438.2500,-32768,13769,374
00:22:53,2004.34,20.26,6.05,3276.70,0.00,20.3779,20.2801,20.1816,20.0831,38008736,1436668,1410922,38004440.0000,1436437.7500,1406438.2500,-32768,13769,373
00:22:57,2004.34,20.28,6.05,3276.70,0.00,20.3779,20.2896,20.1816,20.0927,38008736,1437324,1410922,38004440.0000,1436437.7500,1406438.2500,-32768,13769,372
00:22:58,2004.34,20.30,6.03,3276.70,0.00,20.3980,20.2991,20.2039,20.1025,38021392,1437192,1412366,38007252.0000,1436583.7500,1407553.3750,-32768,13769,371
00:22:59,2004.34,20.31,6.01,3276.70,0.00,20.4048,20.3054,20.2107,20.1090,38021144,1437141,1413774,38008112.0000,1436621.8750,1407889.5000,-32768,13769,371
00:23:01,2004.34,20.31,5.99,3276.70,0.00,20.4115,20.3118,20.2177,20.1155,38022713,1437209,1413774,38009448.0000,1436674.6250,1408267.3750,-32768,13769,370
00:23:04,2004.34,20.32,5.99,3276.70,0.00,20.4115,20.3216,20.2177,20.1287,38022713,1436784,1413774,38009940.0000,1436694.0000,1408815.8750,-32768,13769,369
00:23:06,2004.34,20.33,5.99,3276.70,0.00,20.4343,20.3347,20.2436,20.1387,38014540,1436936,1412641,38010240.0000,1436694.0000,1408815.8750,-32768,13769,368
00:23:08,2004.34,20.34,5.95,3276.70,0.00,20.4407,20.3380,20.2471,20.1421,38013799,1437023,1414078,38010352.0000,1436720.0000,1409208.5000,-32768,13769,368
00:23:10,2004.34,20.35,5.94,3276.70,0.00,20.4407,20.3479,20.2471,20.1556,38017890,1436946,1417886,38011004.0000,1436746.0000,1409873.3750,-32768,13769,366
00:23:13,2004.34,20.36,5.91,3276.70,0.00,20.4407,20.3579,20.2471,20.1659,38015097,1436737,1414863,38011496.0000,1436746.0000,1410274.2500,-32768,13769,365
00:23:15,2004.34,20.37,5.91,3276.70,0.00,20.4729,20.3679,20.2471,20.1762,38015097,1436737,1416351,38012056.0000,1436774.5000,1410760.0000,-32768,13769,364
00:23:16,1998.91,20.38,5.89,3276.70,0.00,20.4847,20.3781,20.2919,20.1831,38024157,1437150,1415130,38012812.0000,1436797.7500,1411029.3750,-32768,13769,364
00:23:18,2004.34,20.39,5.90,3276.70,0.00,20.4887,20.3816,20.2996,20.1902,38022607,1437028,1413175,38013432.0000,1436811.3750,1411245.1250,-32768,13769,363
00:23:21,2004.34,20.40,5.90,3276.70,0.00,20.4887,20.3920,20.2996,20.1972,38022607,1436769,1413175,38013432.0000,1436811.3750,1411955.0000,-32768,13769,362
00:23:23,2004.34,20.40,5.85,3276.70,0.00,20.5122,20.4025,20.3198,20.2079,38018055,1436561,1420613,38013432.0000,1436797.2500,1412298.8750,-32768,13769,361
00:23:25,2004.34,20.43,5.85,3276.70,0.00,20.5122,20.4130,20.3314,20.2187,38007502,1436395,1420613,38014012.0000,1436756.5000,1412805.5000,-32768,13769,360
00:23:27,2004.34,20.44,5.85,3276.70,0.00,20.5122,20.4238,20.3314,20.2333,38012613,1436558,1418146,38013812.0000,1436728.3750,1413325.5000,-32768,13769,358
00:23:29,2004.34,20.44,5.81,3276.70,0.00,20.5436,20.4310,20.3515,20.2370,38015284,1436529,1417836,38013856.0000,1436728.3750,1413618.6250,-32768,13769,358
00:23:32,2009.78,20.46,5.81,3276.70,0.00,20.5436,20.4419,20.3515,20.2519,38019353,1436464,1419040,38014164.0000,1436686.3750,1414026.7500,-32768,13769,357
00:23:33,2004.34,20.48,5.81,3276.70,0.00,20.5652,20.4530,20.3777,20.2595,38016607,1436438,1419173,38014408.0000,1436675.3750,1414349.2500,-32768,13769,356
00:23:36,2004.34,20.48,5.81,3276.70,0.00,20.5652,20.4605,20.3777,20.2671,38014818,1436433,1420548,38014520.0000,1436675.3750,1414875.1250,-32768,13769,355
00:23:38,2004.34,20.48,5.79,3276.70,0.00,20.5862,20.4681,20.3941,20.2671,38020685,1436516,1420548,38014936.0000,1436632.5000,1414875.1250,-32768,13769,354
00:23:40,2004.34,20.48,5.77,3276.70,0.00,20.6044,20.4681,20.4102,20.2902,38015238,1436287,1420575,38015000.0000,1436613.1250,1414875.1250,-32768,13769,354
00:23:42,2004.34,20.52,5.75,3276.70,0.00,20.6139,20.4913,20.4186,20.2979,38013174,1436270,1421016,38014908.0000,1436591.7500,1415443.7500,-32768,13769,354
00:23:43,2004.34,20.53,5.72,3276.70,0.00,20.6232,20.4992,20.4277,20.3057,38010472,1436037,1423417,38014712.0000,1436565.3750,1415795.8750,-32768,13769,352
00:23:46,2004.34,20.54,5.71,3276.70,0.00,20.6323,20.5072,20.4277,20.3175,38006195,1436037,1423417,38014712.0000,1436565.3750,1416591.6250,-32768,13769,351
00:23:47,2004.34,20.56,5.70,3276.70,0.00,20.6455,20.5194,20.4496,20.3255,38011765,1435983,1432796,38013644.0000,1436471.7500,1417098.0000,-32768,13769,350
00:23:48,2004.34,20.56,5.69,3276.70,0.00,20.6497,20.5234,20.4543,20.3295,38011952,1436035,1423444,38013592.0000,1436458.1250,1417296.2500,-32768,13769,349
00:23:49,2004.34,20.57,5.68,3276.70,0.00,20.6585,20.5316,20.4632,20.3376,38014268,1436148,1423293,38013568.0000,1436436.7500,1417672.5000,-32768,13769,349
00:23:51,1998.91,20.58,5.68,3276.70,0.00,20.6630,20.5357,20.4681,20.3416,38015381,1435945,1432648,38013624.0000,1436436.7500,1417672.5000,-32768,13769,346
00:23:53,1998.91,20.58,5.68,3276.70,0.00,20.6630,20.5480,20.4822,20.3539,38017776,1436197,1422747,38013920.0000,1436395.6250,1417672.5000,-32768,13769,345
00:23:56,1998.91,20.58,5.67,3276.70,0.00,20.6858,20.5480,20.4958,20.3539,38014621,1435946,1433453,38014116.0000,1436348.3750,1420171.7500,-32768,13769,343
00:23:58,1998.91,20.61,5.63,3276.70,0.00,20.6858,20.5729,20.4958,20.3831,38016535,1435830,1421314,38014340.0000,1436310.6250,1420496.0000,-32768,13769,342
00:24:01,2004.34,20.62,5.63,3276.70,0.00,20.7111,20.5854,20.4958,20.3831,38010428,1435606,1425467,38014116.0000,1436310.6250,1420743.5000,-32768,13769,341
00:24:03,2004.34,20.64,5.61,3276.70,0.00,20.7253,20.5854,20.5366,20.3831,38009384,1435677,1423389,38013556.0000,1436310.6250,1421208.6250,-32768,13769,340
00:24:05,1998.91,20.65,5.59,3276.70,0.00,20.7253,20.6109,20.5509,20.4215,38009400,1435641,1427121,38013156.0000,1436147.5000,1421208.6250,-32768,13769,339
00:24:06,1998.91,20.66,5.59,3276.70,0.00,20.7547,20.6196,20.5610,20.4258,38009150,1435497,1431695,38013032.0000,1436127.2500,1421998.8750,-32768,13769,338
00:24:08,1998.91,20.67,5.59,3276.70,0.00,20.7594,20.6239,20.5610,20.4346,38009150,1435497,1427294,38012948.0000,1436068.8750,1422642.6250,-32768,13769,337
00:24:11,2004.34,20.68,5.58,3276.70,0.00,20.7742,20.6239,20.5808,20.4346,38008997,1435497,1427294,38012948.0000,1436068.8750,1423775.8750,-32768,13769,335
00:24:13,1998.91,20.69,5.58,3276.70,0.00,20.7911,20.6239,20.5808,20.4611,38010348,1435637,1428863,38012584.0000,1435980.2500,1424227.7500,-32768,13769,334
00:24:14,1998.91,20.70,5.54,3276.70,0.00,20.7953,20.6590,20.6047,20.4656,38010752,1435489,1427939,38012464.0000,1435965.0000,1424343.7500,-32768,13769,333
00:24:16,1998.91,20.71,5.54,3276.70,0.00,20.8101,20.6722,20.6175,20.4789,38008334,1435203,1429008,38012244.0000,1435965.0000,1424729.3750,-32768,13769,332
00:24:19,2004.34,20.72,5.52,3276.70,0.00,20.8202,20.6722,20.6316,20.4789,38013314,1435203,1429008,38012080.0000,1435877.7500,1424454.7500,-32768,13769,333
00:24:21,2004.34,20.72,5.52,3276.70,0.00,20.8369,20.6947,20.6475,20.5059,38007415,1435114,1430089,38011808.0000,1435836.8750,1424808.2500,-32768,13769,332
00:24:24,1998.91,20.75,5.52,3276.70,0.00,20.8532,20.7086,20.6475,20.5150,38007415,1435559,1421069,38011872.0000,1435803.2500,1424832.1250,-32768,13769,331
00:24:26,1998.91,20.77,5.50,3276.70,0.00,20.8687,20.7226,20.6475,20.5336,38018367,1435559,1421069,38011872.0000,1435803.2500,1425721.1250,-32768,13769,330
00:24:28,1998.91,20.78,5.49,3276.70,0.00,20.8876,20.7413,20.6923,20.5475,38015467,1435559,1433746,38012584.0000,1435726.0000,1426413.1250,-32768,13769,328
00:24:31,1998.91,20.79,5.49,3276.70,0.00,20.8876,20.7554,20.6923,20.5614,38014234,1434978,1442009,38012612.0000,1435685.8750,1426413.1250,-32768,13769,325
00:24:32,1998.91,20.81,5.45,3276.70,0.00,20.9117,20.7648,20.7159,20.5707,38017272,1435327,1434071,38012848.0000,1435652.2500,1427871.3750,-32768,13769,325
00:24:34,1998.91,20.82,5.45,3276.70,0.00,20.9210,20.7743,20.7261,20.5801,38012771,1434964,1434366,38012848.0000,1435618.6250,1428810.5000,-32768,13769,323
00:24:36,1998.91,20.83,5.44,3276.70,0.00,20.9301,20.7837,20.7357,20.5895,38013643,1434773,1434366,38013008.0000,1435552.1250,1429635.0000,-32768,13769,321
00:24:37,1998.91,20.84,5.43,3276.70,0.00,20.9385,20.7931,20.7452,20.5989,38015671,1435329,1435906,38013092.0000,1435545.1250,1430010.2500,-32768,13769,320
00:24:40,1998.91,20.85,5.42,3276.70,0.00,20.9473,20.7931,20.7594,20.5989,38012251,1434660,1449392,38013248.0000,1435481.6250,1431109.3750,-32768,13769,320
00:24:42,1998.91,20.87,5.41,3276.70,0.00,20.9621,20.7931,20.7741,20.5989,38008120,1434547,1443818,38012844.0000,1435481.6250,1431109.3750,-32768,13769,315
00:24:44,1998.91,20.88,5.39,3276.70,0.00,20.9776,20.8305,20.7741,20.5989,38012538,1434682,1436612,38012716.0000,1435481.6250,1432683.0000,-32768,13769,314
00:24:48,1998.91,20.90,5.38,3276.70,0.00,20.9776,20.8494,20.7741,20.6556,38012538,1434689,1436612,38012716.0000,1435481.6250,1433731.2500,-32768,13769,314
00:24:50,1998.91,20.92,5.37,3276.70,0.00,20.9776,20.8683,20.8243,20.6748,38014604,1434667,1437552,38013008.0000,1435216.3750,1433922.3750,-32768,13769,311
00:24:52,1998.91,20.93,5.36,3276.70,0.00,21.0239,20.8777,20.8338,20.6844,38016664,1435012,1439158,38013168.0000,1435216.3750,1434381.7500,-32768,13769,311
00:24:54,1998.91,20.95,5.36,3276.70,0.00,21.0239,20.8966,20.8523,20.7035,38009805,1434555,1432907,38012848.0000,1435112.6250,1434614.1250,-32768,13769,310
00:24:56,1998.91,20.96,5.34,3276.70,0.00,21.0506,20.9014,20.8523,20.7083,38013615,1434783,1440212,38012932.0000,1435112.6250,1434692.3750,-32768,13769,310
00:24:57,2004.34,20.97,5.34,3276.70,0.00,21.0616,20.9111,20.8686,20.7180,38012741,1434441,1440832,38012928.0000,1435064.5000,1434884.2500,-32768,13769,309
00:24:58,1998.91,20.98,5.33,3276.70,0.00,21.0668,20.9159,20.8742,20.7228,38014055,1434547,1440623,38013124.0000,1435048.0000,1434891.7500,-32768,13769,309
00:25:00,1998.91,20.98,5.33,3276.70,0.00,21.0759,20.9256,20.8844,20.7326,38022713,1435090,1440623,38013124.0000,1435048.0000,1434891.7500,-32768,13769,309
00:25:02,1998.91,21.00,5.33,3276.70,0.00,21.0842,20.9352,20.8844,20.7472,38016163,1435090,1440623,38013960.0000,1435001.3750,1435188.8750,-32768,13769,308
00:25:05,1998.91,21.02,5.29,3276.70,0.00,21.0972,20.9495,20.8844,20.7618,38016163,1434244,1440623,38014048.0000,1434944.5000,1435418.2500,-32768,13769,308
00:25:07,1998.91,21.03,5.28,3276.70,0.00,21.1179,20.9686,20.9269,20.7763,38013560,1434053,1441056,38013992.0000,1434891.5000,1435813.0000,-32768,13769,306
00:25:08,1993.48,21.04,5.27,3276.70,0.00,21.1290,20.9782,20.9368,20.7860,38015455,1434264,1443730,38014100.0000,1434846.2500,1436212.2500,-32768,13769,305
00:25:10,1998.91,21.06,5.27,3276.70,0.00,21.1402,20.9880,20.9475,20.7957,38016447,1434426,1443264,38014196.0000,1434846.2500,1437180.3750,-32768,13769,305
00:25:12,1998.91,21.06,5.27,3276.70,0.00,21.1402,21.0026,20.9630,20.8104,38014901,1434185,1444245,38014376.0000,1434758.6250,1437978.1250,-32768,13769,302
00:25:14,1998.91,21.08,5.26,3276.70,0.00,21.1615,21.0122,20.9727,20.8202,38018405,1434260,1444140,38014576.0000,1434722.8750,1438353.1250,-32768,13769,301
00:25:16,1998.91,21.09,5.26,3276.70,0.00,21.1696,21.0218,20.9818,20.8300,38016851,1433720,1444140,38014816.0000,1434672.8750,1438353.1250,-32768,13769,299
00:25:17,1998.91,21.10,5.23,3276.70,0.00,21.1793,21.0313,20.9911,20.8397,38012500,1433890,1444140,38014816.0000,1434596.2500,1440003.2500,-32768,13769,298
00:25:19,1998.91,21.11,5.23,3276.70,0.00,21.1907,21.0409,21.0012,20.8495,38013260,1433855,1444140,38014536.0000,1434553.6250,1440397.0000,-32768,13769,297
00:25:21,1998.91,21.12,5.23,3276.70,0.00,21.1907,21.0555,21.0172,20.8642,38013580,1433830,1446403,38014536.0000,1434553.6250,1440962.2500,-32768,13769,296
00:25:23,1998.91,21.12,5.21,3276.70,0.00,21.2184,21.0654,21.0284,20.8790,38013865,1434183,1436741,38014560.0000,1434553.6250,1440757.1250,-32768,13769,296
00:25:25,1998.91,21.12,5.20,3276.70,0.00,21.2277,21.0752,21.0387,20.8840,38016336,1433853,1447665,38014616.0000,1434451.5000,1440973.0000,-32768,13769,295
00:25:27,1993.48,21.15,5.19,3276.70,0.00,21.2369,21.0752,21.0489,20.8840,38015486,1433726,1436088,38014768.0000,1434451.5000,1440961.6250,-32768,13769,295
00:25:29,1998.91,21.17,5.19,3276.70,0.00,21.2369,21.1045,21.0489,20.9188,38014964,1433253,1449161,38014920.0000,1434293.6250,1441696.2500,-32768,13769,294
00:25:32,1998.91,21.19,5.18,3276.70,0.00,21.2698,21.1045,21.0793,20.9188,38009218,1433298,1449161,38014512.0000,1434200.0000,1441804.2500,-32768,13769,293
00:25:34,1998.91,21.20,5.18,3276.70,0.00,21.2698,21.1347,21.1029,20.9441,38013503,1433419,1450193,38014512.0000,1434124.3750,1442449.5000,-32768,13769,292
00:25:36,1998.91,21.22,5.16,3276.70,0.00,21.2978,21.1398,21.1029,20.9543,38014336,1433314,1446547,38014484.0000,1434124.3750,1442865.7500,-32768,13769,291
00:25:38,1998.91,21.23,5.16,3276.70,0.00,21.3135,21.1550,21.1245,20.9646,38016501,1433314,1451248,38014636.0000,1434031.3750,1443390.5000,-32768,13769,290
00:25:39,1998.91,21.24,5.15,3276.70,0.00,21.3244,21.1652,21.1341,20.9749,38013467,1432928,1451445,38014600.0000,1434031.3750,1443390.5000,-32768,13769,288
00:25:43,1993.48,21.25,5.15,3276.70,0.00,21.3244,21.1807,21.1341,20.9954,38013467,1432836,1451445,38014672.0000,1433866.2500,1445009.0000,-32768,13769,286
00:25:44,1993.48,21.25,5.12,3276.70,0.00,21.3629,21.2015,21.1722,21.0110,38016522,1433101,1453953,38014792.0000,1433814.6250,1445503.6250,-32768,13769,285
00:25:47,1993.48,21.28,5.11,3276.70,0.00,21.3629,21.2119,21.1722,21.0265,38016522,1433033,1450748,38014932.0000,1433814.6250,1446319.6250,-32768,13769,283
00:25:48,1993.48,21.30,5.11,3276.70,0.00,21.3876,21.2273,21.1972,21.0368,38015515,1432852,1453882,38014952.0000,1433693.1250,1446556.0000,-32768,13769,283
00:25:50,1993.48,21.30,5.10,3276.70,0.00,21.3931,21.2325,21.2023,21.0420,38011629,1432638,1454120,38014764.0000,1433627.5000,1447003.2500,-32768,13769,282
00:25:51,1993.48,21.31,5.10,3276.70,0.00,21.4098,21.2481,21.2184,21.0574,38013838,1432526,1452260,38014664.0000,1433560.1250,1447310.8750,-32768,13769,281
00:25:53,1993.48,21.32,5.10,3276.70,0.00,21.4098,21.2585,21.2184,21.0730,38010655,1432585,1455877,38014304.0000,1433466.2500,1448096.7500,-32768,13769,280
00:25:55,1993.48,21.34,5.07,3276.70,0.00,21.4304,21.2689,21.2402,21.0782,38014060,1432806,1451834,38014304.0000,1433445.6250,1448340.6250,-32768,13769,279
00:25:58,1993.48,21.34,5.07,3276.70,0.00,21.4304,21.2689,21.2553,21.0782,38013542,1432614,1451834,38014240.0000,1433445.6250,1449474.3750,-32768,13769,277
00:26:01,1993.48,21.36,5.07,3276.70,0.00,21.4304,21.3053,21.2766,21.0782,38013542,1432414,1459158,38014240.0000,1433231.3750,1449474.3750,-32768,13769,274
00:26:03,1993.48,21.38,5.06,3276.70,0.00,21.4783,21.3053,21.2766,21.1303,38010478,1432414,1459158,38013928.0000,1433127.8750,1451553.8750,-32768,13769,272
00:26:06,1993.48,21.40,5.06,3276.70,0.00,21.4783,21.3366,21.3099,21.1461,38007639,1431950,1459158,38013928.0000,1433127.8750,1452255.6250,-32768,13769,271
00:26:07,1993.48,21.41,5.05,3276.70,0.00,21.5091,21.3470,21.3197,21.1565,38009673,1431794,1470207,38013260.0000,1432986.7500,1452816.6250,-32768,13769,268
00:26:09,1993.48,21.41,5.05,3276.70,0.00,21.5146,21.3523,21.3251,21.1618,38009857,1431970,1460273,38013024.0000,1432986.7500,1453697.2500,-32768,13769,268
00:26:10,1993.48,21.43,5.03,3276.70,0.00,21.5330,21.3681,21.3420,21.1775,38006425,1431830,1459665,38012528.0000,1432820.6250,1454619.2500,-32768,13769,266
00:26:14,2020.64,21.43,5.03,3276.70,0.00,21.5330,21.3841,21.3420,21.1989,38006425,1431759,1461645,38012528.0000,1432706.2500,1455862.5000,-32768,13769,266
00:26:17,2026.07,21.46,5.03,3276.70,0.00,21.5795,21.3841,21.3420,21.2209,38006425,1432015,1461645,38011764.0000,1432566.3750,1457180.5000,-32768,13769,261
00:26:20,1998.91,21.47,5.03,3276.70,0.00,21.5795,21.4288,21.3420,21.2435,38006425,1432015,1465647,38013160.0000,1432551.0000,1458273.0000,-32768,13769,259
00:26:23,1993.48,21.48,5.08,3276.70,0.00,21.5795,21.4514,21.3420,21.2601,38006425,1433702,1465445,38015928.0000,1432650.5000,1458996.0000,-32768,13769,257
00:26:24,1998.91,21.51,5.08,3276.70,0.00,21.6382,21.4680,21.4452,21.2765,38026598,1432648,1466053,38016816.0000,1432663.6250,1459607.1250,-32768,13769,256
00:26:27,1998.91,21.51,4.98,3276.70,0.00,21.6382,21.4842,21.4592,21.2926,38020281,1432475,1458646,38016816.0000,1432663.6250,1459607.1250,-32768,13769,256
00:26:28,1998.91,21.51,4.95,3276.70,0.00,21.6636,21.4950,21.4700,21.3033,38020981,1432225,1467751,38017540.0000,1432630.7500,1459933.6250,-32768,13769,255
00:26:29,1998.91,21.55,4.97,3276.70,0.00,21.6693,21.5004,21.4760,21.3087,38021146,1432303,1467546,38017652.0000,1432630.7500,1460403.2500,-32768,13769,254
00:26:32,1998.91,21.56,4.98,3276.70,0.00,21.6814,21.5113,21.4889,21.3195,38019166,1432208,1453025,38017812.0000,1432630.7500,1460046.5000,-32768,13769,254
00:26:35,1993.48,21.57,4.97,3276.70,0.00,21.6814,21.5334,21.4889,21.3472,38019166,1431890,1457664,38017568.0000,1432496.7500,1460750.3750,-32768,13769,254
00:26:36,1998.91,21.57,4.97,3276.70,0.00,21.7238,21.5502,21.5323,21.3584,38014551,1431589,1469569,38017360.0000,1432496.7500,1461117.3750,-32768,13769,252
00:26:39,1993.48,21.57,4.96,3276.70,0.00,21.7400,21.5502,21.5494,21.3584,38013674,1431629,1465036,38017036.0000,1432358.1250,1461643.5000,-32768,13769,251
00:26:41,1998.91,21.62,4.94,3276.70,0.00,21.7509,21.5780,21.5610,21.3584,38015408,1431578,1471077,38017036.0000,1432358.1250,1462218.7500,-32768,13769,249
00:26:42,1993.48,21.62,4.95,3276.70,0.00,21.7672,21.5946,21.5779,21.4032,38014605,1431260,1471682,38016800.0000,1432253.5000,1462798.1250,-32768,13769,249
00:26:44,1993.48,21.63,4.95,3276.70,0.00,21.7779,21.6057,21.5892,21.4145,38014037,1431230,1472530,38016632.0000,1432185.7500,1463371.3750,-32768,13769,248
00:26:45,1993.48,21.64,4.95,3276.70,0.00,21.7834,21.6112,21.5935,21.4201,38012756,1431116,1473310,38016512.0000,1432152.2500,1463682.0000,-32768,13769,248
00:26:47,1993.48,21.65,4.95,3276.70,0.00,21.7924,21.6222,21.6029,21.4311,38013343,1431116,1485506,38016184.0000,1432029.5000,1465198.3750,-32768,13769,244
00:26:48,1993.48,21.66,4.92,3276.70,0.00,21.8035,21.6332,21.6126,21.4421,38010740,1430863,1485506,38015844.0000,1431959.2500,1465646.0000,-32768,13769,243
00:26:50,1993.48,21.66,4.91,3276.70,0.00,21.8152,21.6332,21.6296,21.4586,38011456,1430808,1481889,38015520.0000,1431894.2500,1466376.3750,-32768,13769,242
00:26:53,1993.48,21.66,4.91,3276.70,0.00,21.8270,21.6552,21.6354,21.4641,38015917,1430643,1483910,38015520.0000,1431894.2500,1467148.2500,-32768,13769,240
00:26:54,1993.48,21.66,4.91,3276.70,0.00,21.8442,21.6718,21.6525,21.4806,38011728,1430643,1483910,38015136.0000,1431761.2500,1467602.5000,-32768,13769,239
00:26:57,1993.48,21.69,4.90,3276.70,0.00,21.8442,21.6718,21.6650,21.4806,38011728,1430713,1475945,38014740.0000,1431673.2500,1468516.3750,-32768,13769,237
00:26:58,1993.48,21.71,4.90,3276.70,0.00,21.8730,21.6997,21.6818,21.5085,38009494,1430570,1477079,38014392.0000,1431604.8750,1469024.1250,-32768,13769,237
00:27:00,1993.48,21.71,4.89,3276.70,0.00,21.8846,21.6997,21.6985,21.5252,38008515,1430513,1476932,38013960.0000,1431517.6250,1469615.2500,-32768,13769,236
00:27:03,1993.48,21.73,4.88,3276.70,0.00,21.8846,21.7276,21.6985,21.5420,38007981,1430389,1482624,38013420.0000,1431412.0000,1470475.8750,-32768,13769,236
00:27:05,1993.48,21.74,4.88,3276.70,0.00,21.9114,21.7387,21.7215,21.5476,38007630,1430286,1483493,38013420.0000,1431412.0000,1471126.7500,-32768,13769,232
00:27:07,1993.48,21.76,4.87,3276.70,0.00,21.9114,21.7608,21.7215,21.5699,38007485,1430286,1483493,38012436.0000,1431225.8750,1471498.7500,-32768,13769,231
00:27:10,1993.48,21.77,4.87,3276.70,0.00,21.9481,21.7773,21.7591,21.5866,38008799,1430206,1478810,38012292.0000,1431225.8750,1471942.1250,-32768,13769,231
00:27:11,1993.48,21.78,4.87,3276.70,0.00,21.9596,21.7883,21.7591,21.6032,38007666,1430624,1469145,38011912.0000,1431103.5000,1472040.7500,-32768,13769,230
00:27:13,1993.48,21.79,4.87,3276.70,0.00,21.9704,21.7993,21.7799,21.6087,38009415,1430241,1480179,38011836.0000,1431103.5000,1472547.0000,-32768,13769,230
00:27:15,1993.48,21.79,4.84,3276.70,0.00,21.9875,21.7993,21.7799,21.6307,38008383,1430462,1473332,38011596.0000,1430977.6250,1472880.2500,-32768,13769,228
00:27:17,1993.48,21.79,4.84,3276.70,0.00,21.9984,21.7993,21.8115,21.6416,38012788,1430170,1480251,38011648.0000,1430928.2500,1473366.6250,-32768,13769,227
00:27:19,1993.48,21.82,4.83,3276.70,0.00,22.0093,21.8379,21.8173,21.6471,38012708,1430123,1480251,38011648.0000,1430928.2500,1473366.6250,-32768,13769,226
00:27:20,1993.48,21.83,4.83,3276.70,0.00,22.0207,21.8489,21.8285,21.6580,38009165,1430347,1480251,38011648.0000,1430848.6250,1474462.7500,-32768,13769,225
00:27:21,1993.48,21.84,4.83,3276.70,0.00,22.0318,21.8600,21.8399,21.6690,38009165,1430347,1483208,38011768.0000,1430811.5000,1474980.0000,-32768,13769,224
00:27:23,1993.48,21.85,4.82,3276.70,0.00,22.0425,21.8710,21.8511,21.6690,38014104,1430372,1471415,38011840.0000,1430797.7500,1474868.6250,-32768,13769,224
00:27:26,1993.48,21.85,4.82,3276.70,0.00,22.0425,21.8875,21.8511,21.6965,38014104,1429924,1484651,38012048.0000,1430706.2500,1475531.7500,-32768,13769,223
00:27:28,1993.48,21.87,4.81,3276.70,0.00,22.0425,21.8984,21.8511,21.7129,38014104,1430185,1485070,38012048.0000,1430645.6250,1476406.5000,-32768,13769,220
00:27:30,1993.48,21.89,4.81,3276.70,0.00,22.0881,21.9200,21.8984,21.7293,38017167,1429923,1485972,38012672.0000,1430606.6250,1476966.3750,-32768,13769,219
00:27:33,1993.48,21.90,4.81,3276.70,0.00,22.0881,21.9362,21.8984,21.7455,38018608,1429894,1487493,38013368.0000,1430508.7500,1478151.1250,-32768,13769,217
00:27:34,1993.48,21.91,4.79,3276.70,0.00,22.1100,21.9416,21.9256,21.7564,38020228,1430033,1487493,38013368.0000,1430508.7500,1478788.8750,-32768,13769,216
00:27:36,1993.48,21.93,4.79,3276.70,0.00,22.1285,21.9580,21.9375,21.7673,38024760,1429983,1488355,38013368.0000,1430449.7500,1479373.3750,-32768,13769,215
00:27:38,1993.48,21.93,4.79,3276.70,0.00,22.1285,21.9689,21.9375,21.7837,38024760,1429859,1488735,38014660.0000,1430414.7500,1479941.1250,-32768,13769,213
00:27:40,1988.05,21.95,4.78,3276.70,0.00,22.1285,21.9908,21.9375,21.8001,38022541,1429768,1489255,38015356.0000,1430356.1250,1480789.5000,-32768,13769,212
00:27:42,1988.05,21.96,4.78,3276.70,0.00,22.1709,22.0016,21.9808,21.8111,38021170,1429767,1489803,38015736.0000,1430321.1250,1481342.1250,-32768,13769,211
00:27:45,1993.48,21.97,4.78,3276.70,0.00,22.1821,22.0125,21.9808,21.8220,38021170,1429595,1490732,38016208.0000,1430275.1250,1481585.6250,-32768,13769,210
00:27:46,1993.48,21.98,4.75,3276.70,0.00,22.1930,22.0234,22.0020,21.8220,38022428,1429594,1490715,38016556.0000,1430230.1250,1482122.8750,-32768,13769,210
00:27:48,2004.34,21.99,4.75,3276.70,0.00,22.2111,22.0399,22.0203,21.8492,38020390,1429594,1491830,38016992.0000,1430172.3750,1482975.3750,-32768,13769,208
00:27:49,2009.78,22.00,4.75,3276.70,0.00,22.2184,22.0454,22.0270,21.8604,38016845,1429180,1492389,38016984.0000,1430141.3750,1483269.5000,-32768,13769,207
00:27:50,2015.21,22.01,4.77,3276.70,0.00,22.2316,22.0566,22.0400,21.8659,38020935,1429229,1492519,38017108.0000,1430112.8750,1483558.6250,-32768,13769,206
00:27:51,2020.64,22.02,4.78,3276.70,0.00,22.2383,22.0623,22.0462,21.8716,38028461,1429647,1493338,38017688.0000,1430077.8750,1484150.7500,-32768,13769,206
00:27:55,2015.21,22.03,4.78,3276.70,0.00,22.2383,22.0793,22.0462,21.8941,38028461,1429667,1494738,38019468.0000,1430077.8750,1485393.7500,-32768,13769,206
00:27:58,2015.21,22.05,4.78,3276.70,0.00,22.2383,22.1075,22.0896,21.9165,38030156,1429662,1494738,38020788.0000,1430002.8750,1486554.7500,-32768,13769,201
00:28:00,2020.64,22.06,4.78,3276.70,0.00,22.2915,22.1075,22.0896,21.9330,38030156,1429434,1495821,38021656.0000,1429968.7500,1487406.7500,-32768,13769,200
00:28:03,2015.21,22.07,4.78,3276.70,0.00,22.2915,22.1408,22.0896,21.9496,38026508,1429434,1495821,38022140.0000,1429933.1250,1488250.3750,-32768,13769,198
00:28:04,2015.21,22.10,4.71,3276.70,0.00,22.3249,22.1519,22.1326,21.9606,38029088,1429730,1495946,38022140.0000,1429933.1250,1488250.3750,-32768,13769,197
00:28:07,2015.21,22.11,4.71,3276.70,0.00,22.3357,22.1519,22.1506,21.9606,38035482,1429949,1497538,38023540.0000,1429912.3750,1489530.0000,-32768,13769,196
00:28:09,2015.21,22.12,4.70,3276.70,0.00,22.3571,22.1852,22.1668,21.9940,38037134,1429838,1498974,38024324.0000,1429912.3750,1489530.0000,-32768,13769,194
00:28:10,2009.78,22.12,4.70,3276.70,0.00,22.3663,22.1961,22.1771,22.0051,38031570,1429445,1498940,38024856.0000,1429887.1250,1490598.8750,-32768,13769,194
00:28:13,2009.78,22.14,4.69,3276.70,0.00,22.3705,22.2016,22.1819,22.0051,38031402,1429428,1498940,38025520.0000,1429887.1250,1490598.8750,-32768,13769,191
00:28:16,2015.21,22.16,4.67,3276.70,0.00,22.3705,22.2281,22.1819,22.0379,38027962,1428965,1500876,38026236.0000,1429770.2500,1492414.1250,-32768,13769,191
00:28:17,2009.78,22.18,4.67,3276.70,0.00,22.4076,22.2438,22.2201,22.0540,38030217,1428939,1500900,38026432.0000,1429770.2500,1492414.1250,-32768,13769,188
00:28:19,2009.78,22.19,4.66,3276.70,0.00,22.4132,22.2491,22.2252,22.0540,38030051,1428936,1501203,38026612.0000,1429770.2500,1492414.1250,-32768,13769,187
00:28:21,2009.78,22.21,4.65,3276.70,0.00,22.4282,22.2491,22.2252,22.0753,38030051,1428925,1513170,38027168.0000,1429608.2500,1494534.8750,-32768,13769,186
00:28:23,2009.78,22.22,4.65,3276.70,0.00,22.4380,22.2491,22.2524,22.0753,38028770,1428804,1503409,38027168.0000,1429608.2500,1495551.5000,-32768,13769,184
00:28:25,2009.78,22.24,4.65,3276.70,0.00,22.4520,22.2909,22.2620,22.1012,38031198,1428745,1496410,38027464.0000,1429496.7500,1495809.3750,-32768,13769,183
00:28:27,2009.78,22.24,4.63,3276.70,0.00,22.4620,22.3012,22.2620,22.1167,38031198,1428798,1503078,38027524.0000,1429430.3750,1496310.3750,-32768,13769,182
00:28:29,1982.62,22.26,4.62,3276.70,0.00,22.4756,22.3012,22.2911,22.1321,38029747,1428819,1495066,38027648.0000,1429390.3750,1496310.3750,-32768,13769,182
00:28:32,1971.76,22.27,4.62,3276.70,0.00,22.4825,22.3012,22.2981,22.1321,38064012,1430833,1505744,38029928.0000,1429464.2500,1497053.1250,-32768,13769,181
00:28:33,1971.76,22.29,4.61,3276.70,0.00,22.4925,22.3414,22.3056,22.1521,38068524,1431041,1505532,38031136.0000,1429513.6250,1497318.1250,-32768,13769,179
00:28:34,1971.76,22.29,4.61,3276.70,0.00,22.5008,22.3510,22.3135,22.1618,38062864,1430303,1517910,38033200.0000,1429572.3750,1498684.0000,-32768,13769,177
00:28:36,1971.76,22.31,4.58,3276.70,0.00,22.5105,22.3606,22.3241,22.1716,38055256,1429866,1507828,38034720.0000,1429599.1250,1499211.6250,-32768,13769,176
00:28:39,1977.19,22.32,4.58,3276.70,0.00,22.5105,22.3752,22.3241,22.1864,38048076,1429864,1504665,38036048.0000,1429617.2500,1499211.6250,-32768,13769,175
00:28:41,1971.76,22.32,4.60,3276.70,0.00,22.5369,22.3752,22.3556,22.1864,38044892,1429171,1507745,38036800.0000,1429587.3750,1499211.6250,-32768,13769,175
00:28:43,1977.19,22.35,4.62,3276.70,0.00,22.5369,22.4046,22.3721,22.2162,38042313,1428848,1507500,38037520.0000,1429540.1250,1499211.6250,-32768,13769,174
00:28:46,1977.19,22.36,4.61,3276.70,0.00,22.5704,22.4046,22.3829,22.2162,38037597,1428268,1514199,38037796.0000,1429540.1250,1501741.5000,-32768,13769,174
00:28:48,1977.19,22.36,4.60,3276.70,0.00,22.5936,22.4350,22.4041,22.2465,38038945,1428432,1508457,38037796.0000,1429540.1250,1502394.1250,-32768,13769,170
00:28:51,1982.62,22.39,4.59,3276.70,0.00,22.6051,22.4452,22.4041,22.2618,38038945,1428324,1522918,38037908.0000,1429262.7500,1503752.8750,-32768,13769,170
00:28:53,1993.48,22.39,4.60,3276.70,0.00,22.6288,22.4660,22.4394,22.2772,38037989,1428201,1512032,38038140.0000,1429180.7500,1504458.1250,-32768,13769,167
00:28:56,1998.91,22.42,4.60,3276.70,0.00,22.6288,22.4766,22.4394,22.2930,38037989,1428168,1512032,38038220.0000,1429180.7500,1505722.2500,-32768,13769,164
00:28:59,1998.91,22.44,4.60,3276.70,0.00,22.6288,22.5036,22.4834,22.3146,38046252,1428735,1502470,38038816.0000,1429019.1250,1505421.0000,-32768,13769,164
00:29:01,1998.91,22.46,4.60,3276.70,0.00,22.6865,22.5036,22.4960,22.3146,38043235,1428152,1515008,38039288.0000,1429019.1250,1505421.0000,-32768,13769,163
00:29:03,1998.91,22.47,4.59,3276.70,0.00,22.7035,22.5313,22.4960,22.3146,38042728,1428355,1515107,38039692.0000,1428883.2500,1505421.0000,-32768,13769,162
00:29:05,1998.91,22.49,4.59,3276.70,0.00,22.7189,22.5478,22.5281,22.3585,38039565,1428355,1529709,38039728.0000,1428810.7500,1508020.3750,-32768,13769,160
00:29:06,2004.34,22.51,4.53,3276.70,0.00,22.7281,22.5587,22.5375,22.3693,38040674,1427791,1527560,38039760.0000,1428810.7500,1508897.6250,-32768,13769,158
00:29:08,1998.91,22.51,4.53,3276.70,0.00,22.7338,22.5696,22.5484,22.3801,38038989,1428191,1516813,38039760.0000,1428742.3750,1509144.8750,-32768,13769,158
00:29:09,1998.91,22.53,4.52,3276.70,0.00,22.7451,22.5751,22.5539,22.3855,38038271,1428109,1516287,38039680.0000,1428722.6250,1509368.1250,-32768,13769,156
00:29:10,1998.91,22.53,4.52,3276.70,0.00,22.7501,22.5806,22.5594,22.3855,38038702,1427988,1527767,38039624.0000,1428675.2500,1510566.6250,-32768,13769,155
00:29:11,1998.91,22.54,4.52,3276.70,0.00,22.7605,22.5914,22.5697,22.4018,38038737,1428236,1518141,38039592.0000,1428661.5000,1510803.3750,-32768,13769,155
00:29:12,1998.91,22.55,4.51,3276.70,0.00,22.7657,22.5969,22.5749,22.4071,38041634,1428133,1517569,38039592.0000,1428630.7500,1511235.3750,-32768,13769,154
00:29:14,1998.91,22.56,4.50,3276.70,0.00,22.7764,22.6077,22.5854,22.4179,38040320,1428262,1525101,38039672.0000,1428630.7500,1511235.3750,-32768,13769,153
00:29:17,1998.91,22.58,4.50,3276.70,0.00,22.7764,22.6240,22.5854,22.4395,38040320,1428088,1520145,38039608.0000,1428557.8750,1512687.5000,-32768,13769,153
00:29:19,1993.48,22.60,4.47,3276.70,0.00,22.8105,22.6459,22.6244,22.4558,38038377,1428051,1520145,38039572.0000,1428520.8750,1513181.6250,-32768,13769,150
00:29:20,1993.48,22.60,4.47,3276.70,0.00,22.8204,22.6513,22.6244,22.4666,38040194,1428134,1521028,38039568.0000,1428497.2500,1513638.7500,-32768,13769,149
00:29:22,1993.48,22.60,4.46,3276.70,0.00,22.8304,22.6676,22.6454,22.4774,38037253,1428133,1511328,38039480.0000,1428497.2500,1513433.7500,-32768,13769,150
00:29:26,1993.48,22.63,4.46,3276.70,0.00,22.8304,22.6784,22.6454,22.4937,38040703,1428133,1511328,38039480.0000,1428497.2500,1514010.3750,-32768,13769,149
00:29:27,1993.48,22.66,4.46,3276.70,0.00,22.8682,22.7000,22.6782,22.5153,38041827,1427907,1523120,38039732.0000,1428401.7500,1514474.5000,-32768,13769,148
00:29:29,1993.48,22.66,4.46,3276.70,0.00,22.8797,22.7109,22.6897,22.5207,38041542,1427871,1523623,38039788.0000,1428385.1250,1514474.5000,-32768,13769,147
00:29:30,2004.34,22.69,4.45,3276.70,0.00,22.8914,22.7218,22.7011,22.5316,38040827,1427789,1516120,38039820.0000,1428385.1250,1515070.7500,-32768,13769,146
00:29:32,2015.21,22.69,4.45,3276.70,0.00,22.9037,22.7327,22.7130,22.5316,38036626,1427438,1516120,38039608.0000,1428269.3750,1515646.2500,-32768,13769,145
00:29:34,2015.21,22.71,4.45,3276.70,0.00,22.9169,22.7438,22.7257,22.5591,38039776,1427134,1532467,38039620.0000,1428196.2500,1516744.5000,-32768,13769,145
00:29:36,2015.21,22.72,4.45,3276.70,0.00,22.9365,22.7607,22.7446,22.5703,38040922,1427545,1532467,38039688.0000,1428196.2500,1517550.7500,-32768,13769,142
00:29:38,2020.64,22.72,4.45,3276.70,0.00,22.9481,22.7721,22.7561,22.5815,38044030,1427344,1532467,38040048.0000,1428084.8750,1518892.8750,-32768,13769,140
00:29:40,2009.78,22.72,4.45,3276.70,0.00,22.9646,22.7890,22.7727,22.5983,38046367,1427644,1527958,38040388.0000,1428054.0000,1519429.7500,-32768,13769,138
00:29:41,2004.34,22.75,4.43,3276.70,0.00,22.9747,22.8003,22.7826,22.6095,38052621,1428224,1532763,38041012.0000,1428055.0000,1520107.7500,-32768,13769,137
00:29:43,2004.34,22.77,4.42,3276.70,0.00,22.9796,22.8059,22.7880,22.6095,38053812,1428224,1529106,38042208.0000,1428060.3750,1520980.1250,-32768,13769,136
00:29:45,2004.34,22.78,4.42,3276.70,0.00,22.9940,22.8225,22.8032,22.6316,38054663,1428079,1529608,38042600.0000,1428061.0000,1521249.7500,-32768,13769,135
00:29:46,1998.91,22.79,4.38,3276.70,0.00,22.9987,22.8280,22.8076,22.6371,38053806,1428367,1522106,38043244.0000,1428076.7500,1521329.7500,-32768,13769,135
00:29:48,2004.34,22.79,4.38,3276.70,0.00,23.0080,22.8389,22.8172,22.6480,38052665,1428114,1522106,38043780.0000,1428076.7500,1521329.7500,-32768,13769,134
00:29:51,2004.34,22.81,4.37,3276.70,0.00,23.0234,22.8389,22.8384,22.6480,38051239,1427996,1518581,38044456.0000,1428065.7500,1521817.6250,-32768,13769,134
00:29:53,2004.34,22.83,4.36,3276.70,0.00,23.0385,22.8389,22.8520,22.6480,38051664,1427756,1532733,38045000.0000,1428065.7500,1522727.6250,-32768,13769,133
00:29:55,2004.34,22.84,4.37,3276.70,0.00,23.0385,22.8927,22.8678,22.7018,38051051,1427604,1531560,38045572.0000,1427995.5000,1523034.3750,-32768,13769,132
00:29:58,1998.91,22.86,4.37,3276.70,0.00,23.0690,22.9033,22.8783,22.7018,38051419,1427619,1531560,38046144.0000,1427945.3750,1524372.7500,-32768,13769,129
00:30:01,2004.34,22.87,4.36,3276.70,0.00,23.0690,22.9244,22.8783,22.7336,38051419,1427388,1533853,38046864.0000,1427945.3750,1524372.7500,-32768,13769,127
00:30:02,2004.34,22.89,4.34,3276.70,0.00,23.1046,22.9402,22.9137,22.7495,38050553,1427602,1525100,38047128.0000,1427858.8750,1525907.0000,-32768,13769,127
00:30:03,2004.34,22.90,4.34,3276.70,0.00,23.1098,22.9455,22.9187,22.7547,38051971,1427433,1535254,38047280.0000,1427845.6250,1526199.1250,-32768,13769,127
00:30:04,1998.91,22.91,4.34,3276.70,0.00,23.1150,22.9508,22.9247,22.7600,38053862,1427441,1536974,38047484.0000,1427833.0000,1526535.7500,-32768,13769,125
00:30:06,2004.34,22.92,4.34,3276.70,0.00,23.1255,22.9613,22.9357,22.7600,38051104,1427006,1538249,38047908.0000,1427775.6250,1527341.2500,-32768,13769,125
00:30:07,1998.91,22.92,4.34,3276.70,0.00,23.1362,22.9719,22.9454,22.7812,38053154,1427339,1536054,38048072.0000,1427762.0000,1527613.6250,-32768,13769,125
00:30:09,2004.34,22.94,4.34,3276.70,0.00,23.1469,22.9824,22.9559,22.7917,38057368,1427207,1540040,38048792.0000,1427723.2500,1528547.0000,-32768,13769,122
00:30:11,1998.91,22.94,4.33,3276.70,0.00,23.1575,22.9930,22.9559,22.8075,38057368,1427165,1536720,38049396.0000,1427675.1250,1529226.0000,-32768,13769,121
00:30:13,2004.34,22.96,4.32,3276.70,0.00,23.1674,23.0035,22.9767,22.8128,38057368,1427165,1537355,38049396.0000,1427644.5000,1529701.7500,-32768,13769,120
00:30:15,2004.34,22.97,4.32,3276.70,0.00,23.1823,23.0193,22.9923,22.8286,38050740,1427100,1540709,38049764.0000,1427644.5000,1529701.7500,-32768,13769,119
00:30:17,1998.91,22.98,4.32,3276.70,0.00,23.1975,23.0350,22.9923,22.8443,38056605,1427157,1537892,38050340.0000,1427644.5000,1531048.1250,-32768,13769,118
00:30:19,1998.91,23.00,4.30,3276.70,0.00,23.1975,23.0455,23.0247,22.8601,38060831,1427201,1540083,38051320.0000,1427545.2500,1531529.5000,-32768,13769,117
00:30:20,1998.91,23.01,4.30,3276.70,0.00,23.2223,23.0561,23.0308,22.8654,38059781,1427196,1540699,38051584.0000,1427534.3750,1531816.0000,-32768,13769,116
00:30:22,1998.91,23.01,4.30,3276.70,0.00,23.2350,23.0669,23.0308,22.8654,38061269,1427044,1540110,38052420.0000,1427503.0000,1532736.1250,-32768,13769,115
00:30:25,2004.34,23.02,4.29,3276.70,0.00,23.2350,23.0832,23.0308,22.8924,38062266,1427044,1543026,38053308.0000,1427463.0000,1533595.8750,-32768,13769,113
00:30:26,1998.91,23.04,4.29,3276.70,0.00,23.2614,23.0939,23.0717,22.9033,38062843,1427074,1539146,38053604.0000,1427450.7500,1533769.3750,-32768,13769,113
00:30:30,1998.91,23.05,4.29,3276.70,0.00,23.2614,23.1099,23.0717,22.9248,38062843,1426833,1539146,38054964.0000,1427361.1250,1533769.3750,-32768,13769,110
00:30:31,1998.91,23.07,4.29,3276.70,0.00,23.2886,23.1257,23.1005,22.9248,38065420,1426833,1539146,38055904.0000,1427325.5000,1536037.3750,-32768,13769,109
00:30:33,1998.91,23.08,4.29,3276.70,0.00,23.3043,23.1414,23.1145,22.9512,38065524,1426989,1539146,38056492.0000,1427303.6250,1536475.6250,-32768,13769,108
00:30:36,1998.91,23.09,4.29,3276.70,0.00,23.3203,23.1571,23.1145,22.9512,38066620,1426989,1539146,38057440.0000,1427256.1250,1537392.3750,-32768,13769,107
00:30:37,1998.91,23.11,4.27,3276.70,0.00,23.3316,23.1677,23.1391,22.9825,38069882,1426822,1546809,38058200.0000,1427231.0000,1537935.2500,-32768,13769,106
00:30:40,1998.91,23.11,4.27,3276.70,0.00,23.3461,23.1834,23.1545,22.9929,38071295,1426822,1547110,38058200.0000,1427231.0000,1537935.2500,-32768,13769,104
00:30:42,1998.91,23.13,4.27,3276.70,0.00,23.3588,23.1834,23.1698,22.9929,38070411,1426838,1545560,38060424.0000,1427231.0000,1539709.1250,-32768,13769,102
00:30:45,1998.91,23.14,4.26,3276.70,0.00,23.3588,23.2194,23.1698,23.0291,38071965,1426838,1545560,38061780.0000,1427126.7500,1540351.8750,-32768,13769,101
00:30:47,1998.91,23.16,4.25,3276.70,0.00,23.3933,23.2346,23.2044,23.0445,38075120,1426881,1550047,38062544.0000,1427126.7500,1541002.2500,-32768,13769,100
00:30:49,1998.91,23.17,4.25,3276.70,0.00,23.3933,23.2346,23.2152,23.0445,38075498,1426697,1550396,38063600.0000,1427075.6250,1541812.8750,-32768,13769,99
00:30:51,1998.91,23.18,4.25,3276.70,0.00,23.3933,23.2605,23.2329,23.0704,38078299,1426746,1549335,38064472.0000,1427057.3750,1541812.8750,-32768,13769,97
00:30:53,1998.91,23.19,4.25,3276.70,0.00,23.4292,23.2657,23.2387,23.0704,38078743,1426806,1551051,38065368.0000,1427039.6250,1542775.2500,-32768,13769,96
00:30:54,1998.91,23.21,4.25,3276.70,0.00,23.4452,23.2816,23.2558,23.0915,38078340,1426647,1551051,38066520.0000,1427005.6250,1543708.8750,-32768,13769,95
00:30:57,1998.91,23.21,4.25,3276.70,0.00,23.4534,23.2920,23.2659,23.1020,38079365,1426558,1551051,38066520.0000,1427005.6250,1544210.3750,-32768,13769,95
00:31:01,1993.48,23.23,4.24,3276.70,0.00,23.4534,23.3125,23.2659,23.1282,38083742,1426558,1554320,38066520.0000,1427005.6250,1545429.2500,-32768,13769,95
00:31:02,1998.91,23.25,4.24,3276.70,0.00,23.4934,23.3330,23.3044,23.1437,38083742,1426558,1552635,38070608.0000,1426910.0000,1546012.3750,-32768,13769,91
00:31:04,1993.48,23.26,4.24,3276.70,0.00,23.4991,23.3382,23.3093,23.1437,38083742,1426698,1553964,38071548.0000,1426893.2500,1546525.0000,-32768,13769,91
00:31:06,1998.91,23.26,4.24,3276.70,0.00,23.5146,23.3537,23.3236,23.1437,38085603,1426662,1553964,38072824.0000,1426867.8750,1547334.6250,-32768,13769,89
00:31:08,1993.48,23.28,4.23,3276.70,0.00,23.5254,23.3641,23.3333,23.1744,38089906,1426652,1553964,38073792.0000,1426854.3750,1547835.2500,-32768,13769,88
00:31:10,1993.48,23.28,4.23,3276.70,0.00,23.5382,23.3795,23.3333,23.1744,38089937,1426531,1556854,38074804.0000,1426839.3750,1548592.8750,-32768,13769,87
00:31:12,1993.48,23.29,4.23,3276.70,0.00,23.5475,23.3795,23.3639,23.1744,38091594,1426639,1556857,38076268.0000,1426839.3750,1548592.8750,-32768,13769,86
00:31:15,1993.48,23.31,4.23,3276.70,0.00,23.5475,23.4098,23.3639,23.2255,38092094,1426405,1557886,38078064.0000,1426779.6250,1550248.0000,-32768,13769,84
00:31:16,1998.91,23.32,4.23,3276.70,0.00,23.5759,23.4198,23.3880,23.2306,38093828,1426768,1558210,38079120.0000,1426781.5000,1550739.0000,-32768,13769,83
00:31:18,1998.91,23.33,4.23,3276.70,0.00,23.5859,23.4298,23.3980,23.2407,38095020,1427017,1559641,38079620.0000,1426781.5000,1550739.0000,-32768,13769,82
00:31:21,1993.48,23.34,4.23,3276.70,0.00,23.5859,23.4298,23.4132,23.2407,38098431,1426751,1559883,38081816.0000,1426781.5000,1550739.0000,-32768,13769,81
00:31:23,1993.48,23.34,4.21,3276.70,0.00,23.5859,23.4604,23.4132,23.2762,38101907,1426765,1559860,38083600.0000,1426779.7500,1553477.7500,-32768,13769,79
00:31:24,1993.48,23.37,4.23,3276.70,0.00,23.6290,23.4705,23.4407,23.2814,38101907,1426765,1561698,38084728.0000,1426775.7500,1553941.7500,-32768,13769,78
00:31:26,1993.48,23.38,4.22,3276.70,0.00,23.6388,23.4807,23.4505,23.2916,38103954,1426984,1551874,38085328.0000,1426782.2500,1553877.1250,-32768,13769,78
00:31:27,1993.48,23.38,4.22,3276.70,0.00,23.6486,23.4909,23.4605,23.3018,38103340,1426649,1562701,38086472.0000,1426783.7500,1553998.7500,-32768,13769,78
00:31:30,1998.91,23.39,4.20,3276.70,0.00,23.6583,23.5009,23.4693,23.3120,38106098,1426773,1562701,38086472.0000,1426783.7500,1555108.2500,-32768,13769,78
00:31:32,1993.48,23.40,4.20,3276.70,0.00,23.6730,23.5161,23.4840,23.3120,38106098,1426683,1562701,38086472.0000,1426753.3750,1555108.2500,-32768,13769,74
00:31:34,1993.48,23.41,4.20,3276.70,0.00,23.6826,23.5261,23.4840,23.3120,38112132,1426823,1562701,38086472.0000,1426753.3750,1557647.7500,-32768,13769,72
00:31:36,1993.48,23.41,4.19,3276.70,0.00,23.6826,23.5261,23.5158,23.3625,38115722,1427110,1566374,38093648.0000,1426793.0000,1558403.0000,-32768,13769,71
00:31:39,1993.48,23.41,4.19,3276.70,0.00,23.7213,23.5261,23.5324,23.3625,38115918,1427126,1566388,38095720.0000,1426793.0000,1558403.0000,-32768,13769,70
00:31:41,1993.48,23.45,4.20,3276.70,0.00,23.7362,23.5261,23.5480,23.3625,38116507,1426575,1576313,38097616.0000,1426841.1250,1559359.1250,-32768,13769,69
00:31:43,1993.48,23.46,4.20,3276.70,0.00,23.7457,23.5873,23.5581,23.3984,38118162,1426606,1578926,38098260.0000,1426841.1250,1559359.1250,-32768,13769,68
00:31:45,1993.48,23.47,4.19,3276.70,0.00,23.7549,23.5873,23.5718,23.3984,38122333,1427046,1574694,38100932.0000,1426865.6250,1561206.8750,-32768,13769,66
00:31:47,1993.48,23.48,4.19,3276.70,0.00,23.7549,23.6176,23.5860,23.4288,38123603,1427166,1569711,38102300.0000,1426888.1250,1561951.2500,-32768,13769,64
00:31:49,1993.48,23.49,4.19,3276.70,0.00,23.7830,23.6276,23.5946,23.4389,38124701,1427268,1570643,38103680.0000,1426911.8750,1562431.3750,-32768,13769,64
00:31:51,1993.48,23.50,4.19,3276.70,0.00,23.7830,23.6376,23.6024,23.4487,38126112,1427376,1553401,38104992.0000,1426941.3750,1562431.3750,-32768,13769,64
00:31:53,1993.48,23.52,4.19,3276.70,0.00,23.7830,23.6523,23.6144,23.4634,38128644,1427121,1572991,38106936.0000,1426958.8750,1562431.3750,-32768,13769,62
00:31:56,1993.48,23.53,4.19,3276.70,0.00,23.7830,23.6670,23.6144,23.4830,38132176,1427316,1573304,38109812.0000,1426978.8750,1564709.6250,-32768,13769,60
00:31:58,1993.48,23.53,4.17,3276.70,0.00,23.8312,23.6670,23.6420,23.4830,38135565,1427316,1556496,38112056.0000,1427020.5000,1564528.8750,-32768,13769,60
00:31:59,1993.48,23.55,4.18,3276.70,0.00,23.8448,23.6917,23.6571,23.5028,38134750,1427225,1573918,38112768.0000,1427026.8750,1564822.2500,-32768,13769,60
00:32:01,1993.48,23.56,4.18,3276.70,0.00,23.8490,23.6966,23.6621,23.5078,38134019,1427181,1575072,38113432.0000,1427031.6250,1565418.1250,-32768,13769,59
00:32:02,1993.48,23.57,4.18,3276.70,0.00,23.8568,23.6966,23.6758,23.5078,38135991,1427196,1585494,38115388.0000,1427048.2500,1566572.0000,-32768,13769,57
00:32:05,1993.48,23.58,4.17,3276.70,0.00,23.8568,23.7207,23.6758,23.5373,38139095,1427296,1574067,38117440.0000,1427065.6250,1567280.2500,-32768,13769,56
00:32:07,1993.48,23.59,4.17,3276.70,0.00,23.8824,23.7349,23.6967,23.5470,38140433,1427319,1578746,38117440.0000,1427065.6250,1568191.8750,-32768,13769,54
00:32:09,1993.48,23.60,4.15,3276.70,0.00,23.8824,23.7491,23.7105,23.5613,38144730,1427450,1575832,38121064.0000,1427110.2500,1568652.0000,-32768,13769,53
00:32:11,1993.48,23.62,4.16,3276.70,0.00,23.9030,23.7491,23.7210,23.5613,38141738,1427212,1575064,38122956.0000,1427137.1250,1569006.1250,-32768,13769,53
00:32:12,1993.48,23.63,4.16,3276.70,0.00,23.9174,23.7684,23.7309,23.5613,38141241,1427141,1578290,38123528.0000,1427137.2500,1569296.2500,-32768,13769,52
00:32:14,1993.48,23.63,4.15,3276.70,0.00,23.9270,23.7780,23.7401,23.5902,38144308,1427248,1573601,38124768.0000,1427137.2500,1569812.7500,-32768,13769,51
00:32:16,1993.48,23.65,4.15,3276.70,0.00,23.9420,23.7924,23.7557,23.6048,38147802,1427433,1577893,38126740.0000,1427172.7500,1570276.3750,-32768,13769,51
00:32:18,1993.48,23.66,4.14,3276.70,0.00,23.9522,23.7924,23.7659,23.6145,38147957,1427311,1577576,38128048.0000,1427184.6250,1570276.3750,-32768,13769,49
00:32:19,1988.05,23.68,4.14,3276.70,0.00,23.9630,23.8117,23.7763,23.6243,38148619,1427474,1579659,38129280.0000,1427197.1250,1571299.7500,-32768,13769,49
00:32:21,1993.48,23.68,4.15,3276.70,0.00,23.9691,23.8166,23.7823,23.6243,38148619,1427505,1579659,38130628.0000,1427197.1250,1572093.2500,-32768,13769,48
00:32:25,1993.48,23.69,4.14,3276.70,0.00,23.9691,23.8364,23.7823,23.6543,38148619,1427378,1579659,38133752.0000,1427249.3750,1573166.2500,-32768,13769,46
00:32:26,1993.48,23.71,4.13,3276.70,0.00,24.0136,23.8566,23.8274,23.6696,38154205,1427439,1582791,38134956.0000,1427264.2500,1573732.2500,-32768,13769,45
00:32:28,1993.48,23.72,4.13,3276.70,0.00,24.0186,23.8616,23.8330,23.6746,38157698,1427492,1582791,38136304.0000,1427276.1250,1574283.2500,-32768,13769,44
00:32:29,1993.48,23.72,4.14,3276.70,0.00,24.0281,23.8717,23.8434,23.6848,38157505,1427366,1582791,38137600.0000,1427280.6250,1574748.6250,-32768,13769,43
00:32:31,1993.48,23.74,4.13,3276.70,0.00,24.0379,23.8817,23.8434,23.6950,38156598,1427361,1582966,38138792.0000,1427283.7500,1575297.1250,-32768,13769,42
00:32:33,1993.48,23.75,4.13,3276.70,0.00,24.0468,23.8917,23.8434,23.7102,38159457,1427361,1584124,38139988.0000,1427289.8750,1575297.1250,-32768,13769,41
00:32:36,1993.48,23.76,4.13,3276.70,0.00,24.0610,23.9115,23.8809,23.7252,38161300,1427409,1583914,38141808.0000,1427289.8750,1576608.1250,-32768,13769,41
00:32:38,1988.05,23.78,4.12,3276.70,0.00,24.0765,23.9215,23.8905,23.7352,38163930,1427638,1587092,38143804.0000,1427289.8750,1578138.6250,-32768,13769,38
00:32:39,1993.48,23.79,4.12,3276.70,0.00,24.0880,23.9315,23.9005,23.7352,38165003,1427638,1586469,38145128.0000,1427338.2500,1578607.2500,-32768,13769,37
00:32:41,1993.48,23.80,4.12,3276.70,0.00,24.0994,23.9416,23.9107,23.7552,38167159,1427646,1579762,38146512.0000,1427347.7500,1578643.3750,-32768,13769,37
00:32:43,1993.48,23.81,4.12,3276.70,0.00,24.0994,23.9569,23.9107,23.7703,38167159,1427440,1587345,38148480.0000,1427362.6250,1579474.3750,-32768,13769,35
00:32:46,1993.48,23.82,4.10,3276.70,0.00,24.0994,23.9720,23.9107,23.7855,38167159,1427505,1587345,38148480.0000,1427373.3750,1579474.3750,-32768,13769,33
00:32:48,1993.48,23.84,4.10,3276.70,0.00,24.1448,23.9720,23.9646,23.8059,38173464,1427235,1598936,38148480.0000,1427370.7500,1581456.3750,-32768,13769,31
00:32:50,1993.48,23.86,4.09,3276.70,0.00,24.1562,23.9973,23.9692,23.8110,38172409,1427203,1597116,38153600.0000,1427370.7500,1582189.3750,-32768,13769,30
00:32:53,1993.48,23.86,4.09,3276.70,0.00,24.1562,24.0178,23.9692,23.8312,38179356,1427990,1577330,38153600.0000,1427370.7500,1582232.7500,-32768,13769,31
00:32:54,1988.05,23.88,4.09,3276.70,0.00,24.1858,24.0280,23.9990,23.8414,38178169,1427990,1590298,38157844.0000,1427439.1250,1582759.3750,-32768,13769,30
00:32:57,1993.48,23.90,4.08,3276.70,0.00,24.1939,24.0380,24.0094,23.8515,38179165,1427270,1599012,38159076.0000,1427439.1250,1583514.8750,-32768,13769,30
00:32:59,1993.48,23.91,4.08,3276.70,0.00,24.2070,24.0529,24.0236,23.8515,38179266,1427394,1592131,38160888.0000,1427430.2500,1583514.8750,-32768,13769,27
00:33:01,1988.05,23.92,4.08,3276.70,0.00,24.2222,24.0529,24.0377,23.8515,38181175,1427495,1604569,38162748.0000,1427430.6250,1585932.3750,-32768,13769,24
00:33:03,1988.05,23.93,4.08,3276.70,0.00,24.2321,24.0529,24.0524,23.8515,38185338,1427623,1595670,38164728.0000,1427430.6250,1585932.3750,-32768,13769,24
00:33:05,1988.05,23.94,4.08,3276.70,0.00,24.2484,24.0529,24.0682,23.9118,38186612,1428085,1585358,38166084.0000,1427485.7500,1586553.8750,-32768,13769,24
00:33:06,1988.05,23.95,4.07,3276.70,0.00,24.2587,24.1027,24.0743,23.9169,38186884,1427645,1595381,38166732.0000,1427490.7500,1586553.8750,-32768,13769,23
00:33:08,1988.05,23.96,4.07,3276.70,0.00,24.2683,24.1127,24.0852,23.9270,38187046,1427698,1596111,38168632.0000,1427501.8750,1587410.5000,-32768,13769,22
00:33:10,1988.05,23.96,4.07,3276.70,0.00,24.2773,24.1226,24.0952,23.9372,38190697,1427698,1597239,38168632.0000,1427501.8750,1587410.5000,-32768,13769,21
00:33:12,2004.34,23.99,4.06,3276.70,0.00,24.2923,24.1376,24.1102,23.9524,38190549,1427585,1597672,38171220.0000,1427508.0000,1588434.0000,-32768,13769,20
00:33:13,2009.78,23.99,4.06,3276.70,0.00,24.3029,24.1475,24.1218,23.9626,38190255,1427186,1611388,38171220.0000,1427508.0000,1588434.0000,-32768,13769,18
00:33:15,2015.21,24.01,4.06,3276.70,0.00,24.3158,24.1577,24.1328,23.9729,38193074,1427433,1598763,38171220.0000,1427485.5000,1590684.5000,-32768,13769,17
00:33:17,2015.21,24.02,4.07,3276.70,0.00,24.3286,24.1577,24.1493,23.9729,38200761,1427826,1598934,38176588.0000,1427512.0000,1591154.5000,-32768,13769,17
00:33:19,2015.21,24.03,4.07,3276.70,0.00,24.3410,24.1784,24.1596,23.9987,38200761,1427596,1600093,38177400.0000,1427514.6250,1591433.8750,-32768,13769,16
00:33:21,2015.21,24.04,4.07,3276.70,0.00,24.3557,24.1940,24.1704,24.0091,38202151,1427762,1600093,38179672.0000,1427528.7500,1591433.8750,-32768,13769,16
00:33:23,2015.21,24.05,4.07,3276.70,0.00,24.3659,24.1940,24.1877,24.0091,38203356,1427526,1600629,38181128.0000,1427528.7500,1591433.8750,-32768,13769,15
00:33:25,2015.21,24.07,4.06,3276.70,0.00,24.3659,24.2254,24.2043,24.0405,38208286,1427546,1612822,38183444.0000,1427528.8750,1591433.8750,-32768,13769,12
00:33:26,2015.21,24.08,4.05,3276.70,0.00,24.3992,24.2359,24.2154,24.0510,38210405,1427931,1603233,38185076.0000,1427551.6250,1594211.7500,-32768,13769,12
00:33:28,2020.64,24.09,4.05,3276.70,0.00,24.4037,24.2412,24.2211,24.0563,38212015,1427900,1603827,38185920.0000,1427562.5000,1594512.1250,-32768,13769,10
00:33:31,2015.21,24.10,4.05,3276.70,0.00,24.4037,24.2412,24.2361,24.0563,38209785,1427789,1604482,38188848.0000,1427589.6250,1596182.7500,-32768,13769,9
00:33:32,2015.21,24.10,4.04,3276.70,0.00,24.4368,24.2726,24.2516,24.0880,38209927,1428036,1604482,38190868.0000,1427619.8750,1596160.1250,-32768,13769,9
00:33:33,2015.21,24.13,4.03,3276.70,0.00,24.4426,24.2832,24.2636,24.0986,38213440,1427788,1606547,38191576.0000,1427625.1250,1596484.7500,-32768,13769,8
00:33:35,2015.21,24.13,4.03,3276.70,0.00,24.4551,24.2886,24.2692,24.1039,38215190,1427911,1607231,38192312.0000,1427634.0000,1596820.6250,-32768,13769,7
00:33:37,2015.21,24.14,4.03,3276.70,0.00,24.4605,24.2939,24.2692,24.1145,38215190,1427821,1600558,38194552.0000,1427665.8750,1597289.8750,-32768,13769,6
00:33:38,2015.21,24.14,4.01,3276.70,0.00,24.4730,24.3098,24.2896,24.1250,38216475,1427821,1600558,38195916.0000,1427681.8750,1597906.8750,-32768,13769,6
00:33:41,2015.21,24.17,4.01,3276.70,0.00,24.4865,24.3254,24.3046,24.1409,38217456,1427411,1600558,38195916.0000,1427681.8750,1599715.2500,-32768,13769,3
00:33:42,2015.21,24.18,4.00,3276.70,0.00,24.4950,24.3356,24.3143,24.1514,38216058,1427820,1607964,38198416.0000,1427678.5000,1599973.0000,-32768,13769,3
00:33:44,2015.21,24.19,4.00,3276.70,0.00,24.5002,24.3407,24.3191,24.1566,38218244,1427877,1607964,38198416.0000,1427693.3750,1600467.2500,-32768,13769,2
00:33:45,2020.64,24.20,4.00,3276.70,0.00,24.5144,24.3561,24.3337,24.1722,38219056,1428091,1598524,38200840.0000,1427719.7500,1600464.0000,-32768,13769,2
00:33:47,2015.21,24.20,3.99,3276.70,0.00,24.5144,24.3661,24.3337,24.1876,38222458,1428028,1609543,38202780.0000,1427750.1250,1601258.6250,-32768,13769,1
00:33:49,2015.21,24.22,3.99,3276.70,0.00,24.5361,24.3811,24.3556,24.1978,38218640,1428311,1602106,38203800.0000,1427787.3750,1601183.5000,-32768,13769,0
00:33:51,2015.21,24.23,3.99,3276.70,0.00,24.5470,24.3911,24.3654,24.1978,38218640,1427809,1610615,38205504.0000,1427799.8750,1601981.5000,-32768,13769,-1
00:33:53,2015.21,24.25,3.98,3276.70,0.00,24.5470,24.4060,24.3654,24.2230,38223590,1427981,1612164,38207112.0000,1427817.1250,1602847.7500,-32768,13769,-2
00:33:55,2015.21,24.25,3.97,3276.70,0.00,24.5706,24.4159,24.3896,24.2331,38225736,1428123,1611880,38207692.0000,1427826.6250,1603130.0000,-32768,13769,-3
00:33:57,2015.21,24.27,3.97,3276.70,0.00,24.5706,24.4259,24.3896,24.2482,38228210,1428123,1613625,38209964.0000,1427840.6250,1604338.1250,-32768,13769,-4
00:33:59,2015.21,24.28,3.97,3276.70,0.00,24.5916,24.4259,24.4127,24.2582,38226652,1427873,1613499,38210484.0000,1427841.6250,1604624.3750,-32768,13769,-5
00:34:01,2015.21,24.29,3.97,3276.70,0.00,24.6014,24.4259,24.4127,24.2730,38227372,1427873,1614775,38212036.0000,1427853.2500,1605510.5000,-32768,13769,-6
00:34:02,2015.21,24.30,3.96,3276.70,0.00,24.6091,24.4259,24.4358,24.2829,38230304,1427942,1613966,38213160.0000,1427858.2500,1606041.7500,-32768,13769,-7
00:34:05,2015.21,24.31,3.96,3276.70,0.00,24.6091,24.4743,24.4448,24.2927,38231002,1428003,1611586,38213160.0000,1427858.2500,1606041.7500,-32768,13769,-8
00:34:07,2009.78,24.33,3.95,3276.70,0.00,24.6337,24.4743,24.4543,24.2927,38234230,1428130,1616029,38216032.0000,1427885.2500,1607446.3750,-32768,13769,-10
00:34:10,1988.05,24.34,3.95,3276.70,0.00,24.6337,24.5028,24.4698,24.2927,38234230,1429037,1616029,38219088.0000,1427951.0000,1608480.5000,-32768,13769,-11
00:34:12,1982.62,24.35,3.94,3276.70,0.00,24.6337,24.5161,24.4698,24.3400,38269351,1429871,1621900,38223524.0000,1428121.6250,1609460.2500,-32768,13769,-12
00:34:15,1982.62,24.36,3.94,3276.70,0.00,24.6337,24.5161,24.4814,24.3400,38254837,1429139,1617313,38226748.0000,1428121.6250,1610408.6250,-32768,13769,-14
00:34:18,1982.62,24.37,3.91,3276.70,0.00,24.6337,24.5452,24.4814,24.3655,38254837,1428669,1618749,38229776.0000,1428301.2500,1611282.3750,-32768,13769,-15
00:34:19,1982.62,24.39,3.92,3276.70,0.00,24.6865,24.5537,24.4814,24.3784,38251144,1428884,1619081,38231068.0000,1428332.5000,1611797.3750,-32768,13769,-16
00:34:21,1982.62,24.39,3.92,3276.70,0.00,24.7000,24.5624,24.5207,24.3828,38254054,1428884,1618729,38231068.0000,1428332.5000,1612553.7500,-32768,13769,-17
00:34:23,1982.62,24.39,3.91,3276.70,0.00,24.7161,24.5759,24.5385,24.3964,38257098,1428983,1620891,38233992.0000,1428402.5000,1612814.2500,-32768,13769,-17
00:34:25,1998.91,24.41,3.91,3276.70,0.00,24.7199,24.5804,24.5431,24.3964,38257231,1428888,1623471,38235392.0000,1428430.7500,1613424.0000,-32768,13769,-17
00:34:26,2004.34,24.42,3.91,3276.70,0.00,24.7360,24.5940,24.5589,24.4148,38254731,1428368,1622799,38236620.0000,1428434.3750,1613911.2500,-32768,13769,-19
00:34:27,2004.34,24.43,3.94,3276.70,0.00,24.7429,24.5986,24.5645,24.4195,38255524,1428250,1622396,38237208.0000,1428428.5000,1613911.2500,-32768,13769,-20
00:34:29,2009.78,24.44,3.94,3276.70,0.00,24.7571,24.6082,24.5770,24.4289,38259773,1428386,1618913,38238548.0000,1428418.8750,1614597.7500,-32768,13769,-21
00:34:32,2009.78,24.45,3.95,3276.70,0.00,24.7571,24.6230,24.5770,24.4435,38267575,1428386,1625279,38238548.0000,1428426.2500,1616147.5000,-32768,13769,-22
00:34:33,2015.21,24.45,3.95,3276.70,0.00,24.7992,24.6384,24.6155,24.4585,38267444,1428389,1622360,38243368.0000,1428426.2500,1616147.5000,-32768,13769,-23
00:34:36,2009.78,24.48,3.95,3276.70,0.00,24.8113,24.6488,24.6155,24.4739,38267444,1428471,1626856,38245640.0000,1428415.7500,1617240.7500,-32768,13769,-24
00:34:37,2009.78,24.50,3.93,3276.70,0.00,24.8113,24.6699,24.6539,24.4897,38273322,1428653,1629090,38248128.0000,1428438.3750,1618188.0000,-32768,13769,-25
00:34:40,2009.78,24.51,3.93,3276.70,0.00,24.8401,24.6752,24.6539,24.5003,38273322,1428479,1632399,38250464.0000,1428452.3750,1619163.7500,-32768,13769,-27
00:34:42,2009.78,24.53,3.91,3276.70,0.00,24.8559,24.6911,24.6753,24.5109,38273904,1428653,1629103,38250464.0000,1428459.6250,1619794.8750,-32768,13769,-28
00:34:44,2009.78,24.54,3.90,3276.70,0.00,24.8681,24.7018,24.6753,24.5109,38275090,1428202,1635492,38253216.0000,1428459.6250,1621037.8750,-32768,13769,-29
00:34:46,2009.78,24.56,3.89,3276.70,0.00,24.8832,24.7178,24.7042,24.5109,38276929,1428537,1635492,38255300.0000,1428453.8750,1621664.8750,-32768,13769,-30
00:34:48,2009.78,24.56,3.89,3276.70,0.00,24.8976,24.7336,24.7042,24.5109,38277690,1428583,1630924,38256636.0000,1428462.1250,1622191.2500,-32768,13769,-32
00:34:51,2009.78,24.58,3.88,3276.70,0.00,24.9039,24.7336,24.7292,24.5109,38276030,1428523,1631720,38258460.0000,1428462.1250,1623279.0000,-32768,13769,-32
00:34:54,2004.34,24.60,3.88,3276.70,0.00,24.9039,24.7691,24.7292,24.5902,38276030,1428547,1633052,38261272.0000,1428487.8750,1624368.2500,-32768,13769,-35
00:34:55,2004.34,24.62,3.88,3276.70,0.00,24.9356,24.7791,24.7601,24.6004,38278842,1428564,1632846,38262356.0000,1428491.0000,1624881.1250,-32768,13769,-36
00:34:57,2009.78,24.63,3.87,3276.70,0.00,24.9445,24.7791,24.7734,24.6157,38279311,1428535,1633987,38263384.0000,1428496.1250,1624881.1250,-32768,13769,-37
00:34:59,2004.34,24.64,3.87,3276.70,0.00,24.9514,24.7990,24.7770,24.6207,38279337,1428720,1631167,38264360.0000,1428506.6250,1625881.7500,-32768,13769,-37
00:35:00,2004.34,24.65,3.86,3276.70,0.00,24.9581,24.8086,24.7837,24.6306,38280290,1428554,1634120,38264856.0000,1428508.1250,1626139.2500,-32768,13769,-38
00:35:03,2004.34,24.66,3.86,3276.70,0.00,24.9581,24.8228,24.7837,24.6500,38281992,1428576,1634660,38266684.0000,1428514.5000,1626139.2500,-32768,13769,-40
00:35:04,2004.34,24.67,3.85,3276.70,0.00,24.9843,24.8368,24.8094,24.6596,38282473,1428555,1632702,38267640.0000,1428521.2500,1627662.6250,-32768,13769,-40
00:35:06,2004.34,24.68,3.85,3276.70,0.00,24.9892,24.8416,24.8146,24.6645,38281968,1428555,1635383,38268568.0000,1428523.2500,1628210.6250,-32768,13769,-41
00:35:08,2004.34,24.70,3.85,3276.70,0.00,24.9984,24.8511,24.8255,24.6645,38281968,1428581,1635708,38269484.0000,1428527.8750,1628671.2500,-32768,13769,-41
00:35:09,2009.78,24.71,3.85,3276.70,0.00,25.0158,24.8654,24.8255,24.6888,38285950,1428574,1635672,38270488.0000,1428525.2500,1629155.7500,-32768,13769,-43
00:35:12,1993.48,24.72,3.83,3276.70,0.00,25.0158,24.8799,24.8255,24.7036,38287492,1428566,1638528,38272024.0000,1428527.3750,1629893.1250,-32768,13769,-44
00:35:14,1955.47,24.72,3.83,3276.70,0.00,25.0158,24.8799,24.8628,24.7036,38308391,1430036,1638597,38274272.0000,1428601.6250,1630653.7500,-32768,13769,-45
00:35:17,1917.45,24.74,3.82,3276.70,0.00,25.0158,24.9028,24.8628,24.7311,38308391,1431893,1638597,38281772.0000,1428953.7500,1631709.8750,-32768,13769,-53
00:35:19,1874.01,24.76,3.80,3276.70,0.00,25.0300,24.9184,24.8528,24.7423,38354259,1432287,1638597,38281772.0000,1429260.2500,1632637.6250,-32768,13769,-59
00:35:21,1846.86,24.76,3.78,3276.70,0.00,25.0246,24.9250,24.8494,24.7489,38365004,1433110,1638597,38293296.0000,1429508.0000,1632619.7500,-32768,13769,-59
00:35:24,1781.69,24.76,3.78,3276.70,0.00,25.0246,24.9334,24.8494,24.7596,38387741,1434329,1642881,38301448.0000,1429915.0000,1633557.3750,-32768,13769,-59
00:35:25,1738.24,24.76,3.78,3276.70,0.00,25.0000,24.9398,24.8196,24.7635,38392362,1434601,1642881,38309648.0000,1430346.6250,1634432.1250,-32768,13769,-71
00:35:27,1700.23,24.76,3.78,3276.70,0.00,24.9907,24.9398,24.8094,24.7664,38394081,1435013,1641665,38312288.0000,1430492.3750,1634658.1250,-32768,13769,-72
00:35:28,1667.64,24.75,3.78,3276.70,0.00,24.9862,24.9443,24.8037,24.7675,38401084,1435360,1641665,38317748.0000,1430800.0000,1635176.1250,-32768,13769,-75
00:35:31,1613.34,24.75,3.78,3276.70,0.00,24.9628,24.9467,24.8037,24.7693,38409653,1435360,1641842,38326032.0000,1431249.0000,1636032.0000,-32768,13769,-81
00:35:33,1553.60,24.75,3.78,3276.70,0.00,24.9461,24.9469,24.8037,24.7690,38409653,1435801,1652255,38333728.0000,1431660.1250,1637169.7500,-32768,13769,-89
00:35:37,1493.86,24.75,3.78,3276.70,0.00,24.9461,24.9437,24.8037,24.7660,38409653,1436283,1652255,38346376.0000,1432356.5000,1638270.2500,-32768,13769,-95
00:35:38,1493.86,24.75,3.78,3276.70,0.00,24.9016,24.9403,24.7245,24.7624,38428286,1437081,1639129,38348936.0000,1432504.1250,1638297.1250,-32768,13769,-95
00:35:39,1504.72,24.74,3.79,3276.70,0.00,24.9042,24.9380,24.7273,24.7601,38431787,1437076,1639968,38353980.0000,1432792.0000,1638393.0000,-32768,13769,-95
00:35:44,1564.46,24.75,3.80,3276.70,0.00,24.9042,24.9363,24.7273,24.7580,38431787,1434567,1639968,38353980.0000,1432792.0000,1638393.0000,-32768,13769,-95
00:35:45,1586.18,24.75,3.86,3276.70,0.00,24.9509,24.9361,24.7745,24.7585,38400392,1433476,1642088,38363296.0000,1433101.6250,1638576.5000,-32768,13769,-95
00:35:47,1618.77,24.77,3.86,3276.70,0.00,24.9795,24.9383,24.7745,24.7585,38417616,1433292,1641659,38367548.0000,1433101.6250,1638576.5000,-32768,13769,-98
00:35:48,1629.63,24.78,3.93,3276.70,0.00,25.0226,24.9447,24.8378,24.7664,38432188,1434089,1635243,38371264.0000,1433166.8750,1638691.2500,-32768,13769,-97
00:35:50,1640.49,24.79,3.94,3276.70,0.00,25.0359,24.9475,24.8498,24.7690,38440675,1434276,1633294,38373432.0000,1433201.5000,1638522.6250,-32768,13769,-98
00:35:51,1656.78,24.80,3.94,3276.70,0.00,25.0602,24.9541,24.8732,24.7750,38449252,1434032,1646366,38377996.0000,1433201.5000,1638522.6250,-32768,13769,-101
00:35:53,1673.07,24.81,3.95,3276.70,0.00,25.0830,24.9616,24.8953,24.7821,38442946,1433479,1646293,38382208.0000,1433276.7500,1639432.6250,-32768,13769,-104
00:35:55,1689.37,24.82,3.95,3276.70,0.00,25.1053,24.9701,24.9169,24.7900,38445947,1433419,1647935,38386020.0000,1433283.0000,1639912.3750,-32768,13769,-104
00:35:56,1700.23,24.84,3.95,3276.70,0.00,25.1266,24.9794,24.9169,24.8034,38454295,1433430,1653987,38392116.0000,1433304.2500,1640903.8750,-32768,13769,-109
00:35:59,1721.95,24.84,3.95,3276.70,0.00,25.1266,24.9946,24.9169,24.8131,38459816,1433430,1652080,38398208.0000,1433326.1250,1642015.6250,-32768,13769,-109
00:36:01,1732.81,24.84,3.95,3276.70,0.00,25.1854,25.0110,24.9946,24.8287,38450311,1432923,1661076,38401552.0000,1433313.6250,1642937.1250,-32768,13769,-109
00:36:03,1743.67,24.87,3.95,3276.70,0.00,25.1854,25.0285,24.9946,24.8454,38450003,1432911,1652659,38405944.0000,1433269.2500,1644193.5000,-32768,13769,-109
00:36:05,1754.53,24.88,3.94,3276.70,0.00,25.2316,25.0407,25.0390,24.8571,38450863,1433273,1652805,38408776.0000,1433269.2500,1645188.8750,-32768,13769,-109
00:36:08,1781.69,24.88,3.93,3276.70,0.00,25.2576,25.0407,25.0659,24.8571,38450278,1433245,1655211,38413616.0000,1433241.5000,1646126.3750,-32768,13769,-109
00:36:11,1819.70,24.91,3.93,3276.70,0.00,25.2576,25.0792,25.0659,24.9007,38450278,1433245,1659569,38418376.0000,1433215.5000,1646126.3750,-32768,13769,-109
00:36:12,1825.13,24.93,3.95,3276.70,0.00,25.3156,25.0998,25.1210,24.9139,38464149,1433374,1659920,38419804.0000,1433220.3750,1648633.0000,-32768,13769,-109
00:36:14,1841.43,24.94,3.95,3276.70,0.00,25.3327,25.1138,25.1370,24.9342,38474511,1433538,1661029,38424448.0000,1433247.1250,1650228.1250,-32768,13769,-109
00:36:16,1857.72,24.95,3.95,3276.70,0.00,25.3556,25.1351,25.1602,24.9478,38481051,1433910,1661029,38429612.0000,1433311.2500,1651080.8750,-32768,13769,-109
00:36:18,1874.01,24.96,3.95,3276.70,0.00,25.3725,25.1494,25.1769,24.9616,38487555,1433910,1663780,38433144.0000,1433371.3750,1651521.3750,-32768,13769,-109
00:36:20,1890.30,24.97,3.98,3276.70,0.00,25.3897,25.1639,25.1769,24.9616,38488407,1434134,1663641,38436572.0000,1433371.3750,1651521.3750,-32768,13769,-109
00:36:22,1906.59,24.98,3.98,3276.70,0.00,25.4045,25.1784,25.2091,24.9896,38490294,1434208,1663641,38439944.0000,1433371.3750,1652803.5000,-32768,13769,-109
00:36:24,1912.02,24.99,3.98,3276.70,0.00,25.4232,25.2000,25.2295,25.0108,38497354,1434685,1666926,38443452.0000,1433371.3750,1654068.0000,-32768,13769,-109
00:36:25,1928.32,25.00,3.98,3276.70,0.00,25.4409,25.2214,25.2455,25.0316,38501380,1434624,1682285,38448704.0000,1433645.5000,1655717.2500,-32768,13769,-109
00:36:27,1939.18,25.00,4.00,3276.70,0.00,25.4537,25.2354,25.2570,25.0316,38496236,1434573,1667655,38451680.0000,1433705.7500,1656458.2500,-32768,13769,-109
00:36:29,1955.47,25.01,4.01,3276.70,0.00,25.4605,25.2425,25.2629,25.0520,38496236,1435041,1667655,38456440.0000,1433824.5000,1657241.2500,-32768,13769,-109
00:36:32,1977.19,25.02,4.01,3276.70,0.00,25.4605,25.2703,25.2629,25.0788,38496236,1435152,1667655,38462704.0000,1433986.1250,1658433.6250,-32768,13769,-109
00:36:35,1993.48,25.02,4.01,3276.70,0.00,25.4605,25.2972,25.2629,25.1114,38519394,1435727,1667655,38467648.0000,1434144.1250,1659245.6250,-32768,13769,-109
00:36:37,2009.78,25.03,4.01,3276.70,0.00,25.5179,25.3169,25.3203,25.1241,38517286,1435428,1672701,38470784.0000,1434144.1250,1660442.0000,-32768,13769,-109
00:36:39,2026.07,25.03,4.01,3276.70,0.00,25.5258,25.3296,25.3280,25.1241,38517286,1436026,1672701,38470784.0000,1434373.5000,1661269.3750,-32768,13769,-109
00:36:42,2085.80,25.04,4.01,3276.70,0.00,25.5258,25.3482,25.3280,25.1604,38527609,1435806,1685379,38480396.0000,1434373.5000,1661269.3750,-32768,13769,-109
00:36:44,2112.96,25.05,4.05,3276.70,0.00,25.5593,25.3667,25.3280,25.1604,38542322,1436509,1685379,38486020.0000,1434705.6250,1664131.7500,-32768,13769,-109
00:36:45,2123.82,25.06,4.06,3276.70,0.00,25.5722,25.3791,25.3683,25.1842,38557057,1436603,1685379,38490572.0000,1434827.5000,1665668.3750,-32768,13769,-109
00:36:48,2134.68,25.06,4.06,3276.70,0.00,25.5722,25.3975,25.3683,25.2073,38557057,1438218,1678225,38498620.0000,1435102.3750,1666813.1250,-32768,13769,-109
00:36:50,2140.11,25.07,3.94,3276.70,0.00,25.5934,25.4150,25.3868,25.2183,38584111,1438347,1678225,38506300.0000,1435400.0000,1668475.2500,-32768,13769,-109
00:36:54,2172.69,25.07,3.92,3276.70,0.00,25.5934,25.4313,25.3868,25.2338,38584111,1438543,1678225,38514956.0000,1435400.0000,1668475.2500,-32768,13769,-109
00:36:55,2183.56,25.07,3.94,3276.70,0.00,25.6018,25.4513,25.3978,25.2530,38582887,1438730,1679219,38519136.0000,1435964.6250,1670120.2500,-32768,13769,-109
00:36:57,2194.42,25.06,3.94,3276.70,0.00,25.6018,25.4513,25.4012,25.2663,38585122,1439176,1665754,38524916.0000,1436238.0000,1670120.2500,-32768,13769,-109
00:37:00,2194.42,25.06,3.86,3276.70,0.00,25.6018,25.4774,25.4012,25.2785,38591057,1439543,1679126,38530652.0000,1436516.3750,1671001.2500,-32768,13769,-109
00:37:03,2205.28,25.06,3.87,3276.70,0.00,25.6041,25.4774,25.4027,25.2785,38580335,1439171,1679126,38536752.0000,1436822.1250,1672196.0000,-32768,13769,-109
00:37:05,2210.71,25.05,3.87,3276.70,0.00,25.6043,25.4959,25.4018,25.2966,38576601,1439077,1679126,38536752.0000,1436822.1250,1673437.2500,-32768,13769,-109
00:37:08,2210.71,25.05,3.87,3276.70,0.00,25.6053,25.4959,25.3993,25.2966,38571662,1439135,1677023,38543088.0000,1437211.1250,1673853.3750,-32768,13769,-109
00:37:10,2205.28,25.05,3.86,3276.70,0.00,25.6007,25.5145,25.3984,25.3144,38567268,1439537,1677023,38544628.0000,1437356.5000,1673853.3750,-32768,13769,-109
00:37:12,2172.69,25.04,3.86,3276.70,0.00,25.6007,25.5244,25.3984,25.3239,38562647,1439741,1678868,38546344.0000,1437546.7500,1673847.7500,-32768,13769,-109
00:37:14,2150.97,25.04,3.84,3276.70,0.00,25.5884,25.5284,25.3798,25.3293,38582203,1440815,1678868,38549760.0000,1437850.8750,1674496.7500,-32768,13769,-109
00:37:17,2118.39,25.02,3.78,3276.70,0.00,25.5795,25.5316,25.3798,25.3320,38582203,1441247,1685958,38551980.0000,1437850.8750,1675068.3750,-32768,13769,-109
00:37:19,2096.67,24.99,3.70,3276.70,0.00,25.5795,25.5370,25.3596,25.3357,38576400,1441923,1677526,38554108.0000,1438455.5000,1675524.1250,-32768,13769,-109
00:37:21,2058.65,24.98,3.68,3276.70,0.00,25.5795,25.5382,25.3596,25.3374,38572277,1442764,1664911,38555936.0000,1438831.5000,1675030.2500,-32768,13769,-109
00:37:23,2026.07,24.97,3.64,3276.70,0.00,25.5471,25.5388,25.3430,25.3379,38579657,1443033,1676938,38557288.0000,1439076.3750,1675145.8750,-32768,13769,-109
00:37:25,1982.62,24.96,3.64,3276.70,0.00,25.5471,25.5385,25.3430,25.3377,38590716,1444238,1662403,38560256.0000,1439539.6250,1674507.5000,-32768,13769,-109
00:37:26,1960.90,24.96,3.62,3276.70,0.00,25.5256,25.5381,25.3231,25.3369,38593542,1444575,1676249,38561296.0000,1439697.0000,1674561.8750,-32768,13769,-109
00:37:29,1912.02,24.92,3.59,3276.70,0.00,25.5256,25.5356,25.3231,25.3345,38593542,1445083,1676249,38566048.0000,1440309.0000,1674713.7500,-32768,13769,-109
00:37:31,1890.30,24.90,3.59,3276.70,0.00,25.4789,25.5298,25.3231,25.3345,38618544,1445587,1675783,38570480.0000,1440767.6250,1674851.1250,-32768,13769,-109
00:37:33,1874.01,24.89,3.59,3276.70,0.00,25.4698,25.5262,25.2816,25.3279,38621926,1445576,1674867,38572088.0000,1440767.6250,1674851.1250,-32768,13769,-109
00:37:35,1857.72,24.88,3.58,3276.70,0.00,25.4625,25.5262,25.2816,25.3246,38628743,1445983,1675005,38577272.0000,1441362.0000,1674851.1250,-32768,13769,-109
00:37:37,1841.43,24.87,3.58,3276.70,0.00,25.4566,25.5262,25.2629,25.3246,38636531,1445992,1674142,38580900.0000,1441789.3750,1674761.0000,-32768,13769,-109
00:37:39,1835.99,24.86,3.58,3276.70,0.00,25.4504,25.5142,25.2593,25.3246,38638976,1446290,1674142,38586064.0000,1441789.3750,1674733.6250,-32768,13769,-109
00:37:41,1814.27,24.85,3.58,3276.70,0.00,25.4421,25.5059,25.2506,25.3098,38622298,1445195,1674142,38589676.0000,1442371.5000,1674645.3750,-32768,13769,-109
00:37:43,1797.98,24.85,3.59,3276.70,0.00,25.4421,25.4997,25.2445,25.3039,38637605,1446162,1674009,38589676.0000,1442710.0000,1674561.8750,-32768,13769,-109
00:37:46,1770.83,24.84,3.59,3276.70,0.00,25.4421,25.4957,25.2445,25.2982,38637605,1446000,1674009,38597824.0000,1443012.5000,1674480.5000,-32768,13769,-109
00:37:48,1711.09,24.83,3.59,3276.70,0.00,25.4421,25.4877,25.2352,25.2927,38633051,1446111,1673468,38600092.0000,1443198.5000,1674480.5000,-32768,13769,-109
00:37:50,1700.23,24.82,3.57,3276.70,0.00,25.4173,25.4877,25.2266,25.2866,38651133,1447559,1672625,38604412.0000,1443559.3750,1674318.7500,-32768,13769,-109
00:37:52,1689.37,24.82,3.57,3276.70,0.00,25.4077,25.4790,25.2266,25.2846,38651133,1447110,1672339,38607044.0000,1443791.0000,1674205.8750,-32768,13769,-109
00:37:55,1640.49,24.81,3.57,3276.70,0.00,25.4077,25.4717,25.2266,25.2761,38641811,1447110,1671662,38607044.0000,1444133.6250,1674006.0000,-32768,13769,-109
00:37:57,1602.48,24.81,3.58,3276.70,0.00,25.3892,25.4644,25.2266,25.2695,38641811,1447110,1673429,38613800.0000,1444316.2500,1673944.8750,-32768,13769,-109
00:37:59,1548.17,24.81,3.58,3276.70,0.00,25.3753,25.4567,25.1907,25.2647,38661913,1447110,1672254,38618144.0000,1444633.6250,1673944.8750,-32768,13769,-109
00:38:00,1537.31,24.80,3.57,3276.70,0.00,25.3614,25.4510,25.1805,25.2596,38662540,1447909,1672276,38619528.0000,1444736.0000,1673780.1250,-32768,13769,-109
00:38:02,1531.88,24.80,3.57,3276.70,0.00,25.3457,25.4447,25.1683,25.2541,38664255,1448139,1672829,38622304.0000,1444945.6250,1673728.1250,-32768,13769,-109
00:38:04,1510.16,24.80,3.57,3276.70,0.00,25.3457,25.4347,25.1548,25.2454,38657918,1447604,1670440,38625420.0000,1445190.5000,1673454.0000,-32768,13769,-109
00:38:06,1493.86,24.80,3.58,3276.70,0.00,25.3305,25.4314,25.1548,25.2396,38667457,1447935,1670496,38627900.0000,1445190.5000,1673169.6250,-32768,13769,-109
00:38:09,1493.86,24.80,3.59,3276.70,0.00,25.3305,25.4192,25.1548,25.2288,38667457,1447935,1670756,38632812.0000,1445644.2500,1672857.2500,-32768,13769,-109
00:38:11,1559.03,24.79,3.62,3276.70,0.00,25.3309,25.4137,25.1548,25.2241,38667210,1447227,1669486,38634988.0000,1445751.7500,1672658.0000,-32768,13769,-109
00:38:13,1635.06,24.79,3.63,3276.70,0.00,25.3309,25.4056,25.1702,25.2185,38637668,1444395,1669150,38635664.0000,1445692.2500,1672277.0000,-32768,13769,-109
00:38:14,1656.78,24.80,3.71,3276.70,0.00,25.3803,25.4037,25.1861,25.2163,38657448,1444674,1670864,38636696.0000,1445625.2500,1672155.1250,-32768,13769,-109
00:38:16,1705.66,24.82,3.74,3276.70,0.00,25.3914,25.4033,25.1937,25.2155,38668628,1444827,1671568,38636696.0000,1445625.2500,1672179.7500,-32768,13769,-109
00:38:17,1743.67,24.83,3.74,3276.70,0.00,25.4120,25.4035,25.2108,25.2150,38693322,1445444,1674794,38642284.0000,1445625.2500,1672352.0000,-32768,13769,-109
00:38:19,1776.26,24.85,3.74,3276.70,0.00,25.4328,25.4050,25.2283,25.2150,38701764,1445460,1676811,38645832.0000,1445568.0000,1672567.2500,-32768,13769,-109
00:38:21,1835.99,24.86,3.74,3276.70,0.00,25.4529,25.4076,25.2460,25.2182,38712975,1445816,1678045,38649832.0000,1445568.0000,1672899.7500,-32768,13769,-109
00:38:23,1884.87,24.88,3.73,3276.70,0.00,25.4826,25.4135,25.2733,25.2182,38712975,1445975,1677905,38654228.0000,1445623.5000,1673792.5000,-32768,13769,-109
00:38:25,1950.04,24.89,3.73,3276.70,0.00,25.5008,25.4185,25.2915,25.2182,38745771,1446936,1677905,38662152.0000,1445699.0000,1673792.5000,-32768,13769,-109
00:38:27,1960.90,24.91,3.73,3276.70,0.00,25.5258,25.4275,25.3157,25.2327,38756014,1446936,1677905,38670704.0000,1445825.1250,1675211.5000,-32768,13769,-109
00:38:28,1977.19,24.91,3.72,3276.70,0.00,25.5402,25.4342,25.3298,25.2385,38766602,1446936,1685185,38676872.0000,1445950.7500,1675762.0000,-32768,13769,-109
00:38:31,1977.19,24.94,3.72,3276.70,0.00,25.5402,25.4445,25.3434,25.2477,38766602,1449946,1671741,38687072.0000,1446252.7500,1676213.7500,-32768,13769,-109
00:38:33,1977.19,24.94,3.62,3276.70,0.00,25.5548,25.4512,25.3434,25.2477,38803524,1450236,1686319,38694212.0000,1446502.6250,1676459.5000,-32768,13769,-109
00:38:34,1982.62,24.94,3.61,3276.70,0.00,25.5570,25.4607,25.3497,25.2623,38771065,1448990,1684926,38699492.0000,1446674.1250,1677018.7500,-32768,13769,-109
00:38:36,1988.05,24.94,3.62,3276.70,0.00,25.5573,25.4637,25.3505,25.2651,38757874,1448460,1693388,38699492.0000,1446766.7500,1677956.7500,-32768,13769,-109
00:38:37,1988.05,24.94,3.66,3276.70,0.00,25.5582,25.4695,25.3505,25.2651,38728385,1447328,1683805,38704544.0000,1446808.6250,1678310.2500,-32768,13769,-109
00:38:40,1993.48,24.94,3.66,3276.70,0.00,25.5582,25.4775,25.3548,25.2780,38728385,1446329,1690739,38705632.0000,1446808.6250,1678310.2500,-32768,13769,-109
00:38:42,1993.48,24.95,3.69,3276.70,0.00,25.5565,25.4823,25.3552,25.2827,38704520,1446437,1690739,38705632.0000,1446774.0000,1678310.2500,-32768,13769,-109
00:38:45,1998.91,24.95,3.67,3276.70,0.00,25.5565,25.4914,25.3552,25.2916,38704520,1445698,1681142,38703796.0000,1446700.2500,1679338.1250,-32768,13769,-109
00:38:48,2004.34,24.96,3.67,3276.70,0.00,25.5565,25.4914,25.3672,25.2916,38704520,1445119,1681142,38699368.0000,1446508.7500,1678709.0000,-32768,13769,-109
00:38:50,2004.34,24.96,3.66,3276.70,0.00,25.5565,25.5070,25.3672,25.3086,38647413,1444150,1679703,38694868.0000,1446301.5000,1678796.8750,-32768,13769,-109
00:38:52,2004.34,24.97,3.65,3276.70,0.00,25.5805,25.5114,25.3672,25.3127,38642143,1444101,1667976,38691752.0000,1446168.3750,1678042.0000,-32768,13769,-109
00:38:53,2004.34,24.97,3.64,3276.70,0.00,25.5836,25.5157,25.3774,25.3146,38641521,1444101,1667976,38688568.0000,1446039.0000,1678125.6250,-32768,13769,-109
00:38:55,2004.34,24.98,3.64,3276.70,0.00,25.5889,25.5222,25.3834,25.3206,38628633,1443373,1671943,38685048.0000,1445883.5000,1678005.6250,-32768,13769,-109
00:38:56,2004.34,24.98,3.63,3276.70,0.00,25.5906,25.5243,25.3861,25.3206,38624420,1443193,1673499,38683152.0000,1445799.5000,1677864.7500,-32768,13769,-109
00:38:57,2004.34,24.98,3.63,3276.70,0.00,25.5923,25.5264,25.3879,25.3247,38618613,1442972,1679351,38679120.0000,1445620.8750,1677966.2500,-32768,13769,-109
00:38:58,2004.34,24.99,3.59,3276.70,0.00,25.5962,25.5306,25.3919,25.3287,38612767,1442700,1679965,38677048.0000,1445529.6250,1678028.7500,-32768,13769,-109
00:38:59,2004.34,24.99,3.57,3276.70,0.00,25.5977,25.5327,25.3937,25.3308,38607465,1442286,1679965,38677048.0000,1445331.0000,1678298.7500,-32768,13769,-109
00:39:01,2004.34,25.00,3.56,3276.70,0.00,25.5977,25.5368,25.3983,25.3348,38604482,1442536,1679698,38670604.0000,1445243.7500,1678342.5000,-32768,13769,-109
00:39:04,2004.34,25.00,3.54,3276.70,0.00,25.6052,25.5368,25.4025,25.3409,38595481,1441982,1693034,38670604.0000,1444973.3750,1678859.0000,-32768,13769,-109
00:39:06,2004.34,25.02,3.54,3276.70,0.00,25.6052,25.5490,25.4025,25.3489,38588075,1441789,1679086,38655552.0000,1444606.5000,1679148.0000,-32768,13769,-109
00:39:07,2004.34,25.02,3.54,3276.70,0.00,25.6152,25.5530,25.4025,25.3509,38581795,1441282,1693605,38653248.0000,1444502.6250,1679599.8750,-32768,13769,-109
00:39:09,2004.34,25.02,3.53,3276.70,0.00,25.6169,25.5550,25.4150,25.3529,38578256,1441121,1693605,38648568.0000,1444293.8750,1679877.8750,-32768,13769,-109
00:39:11,2004.34,25.04,3.53,3276.70,0.00,25.6232,25.5610,25.4207,25.3588,38570207,1440985,1693605,38643820.0000,1444088.8750,1679786.0000,-32768,13769,-109
00:39:13,2004.34,25.04,3.51,3276.70,0.00,25.6267,25.5610,25.4264,25.3588,38564850,1440805,1678661,38636804.0000,1443798.3750,1680051.7500,-32768,13769,-109
00:39:16,2004.34,25.06,3.51,3276.70,0.00,25.6267,25.5709,25.4264,25.3707,38557368,1440690,1675588,38629728.0000,1443798.3750,1679724.7500,-32768,13769,-109
00:39:17,2004.34,25.07,3.48,3276.70,0.00,25.6385,25.5768,25.4363,25.3707,38555633,1440237,1678083,38625228.0000,1443219.2500,1679724.7500,-32768,13769,-109
00:39:20,2004.34,25.08,3.48,3276.70,0.00,25.6445,25.5768,25.4431,25.3707,38545905,1440057,1678083,38625228.0000,1442841.1250,1678777.7500,-32768,13769,-109
00:39:22,2004.34,25.09,3.47,3276.70,0.00,25.6502,25.5768,25.4530,25.3868,38544896,1439821,1678840,38611880.0000,1442746.7500,1678779.6250,-32768,13769,-109
00:39:23,2004.34,25.09,3.46,3276.70,0.00,25.6580,25.5930,25.4581,25.3911,38539098,1439703,1664544,38611880.0000,1442464.5000,1678010.2500,-32768,13769,-109
00:39:25,2004.34,25.11,3.46,3276.70,0.00,25.6608,25.5951,25.4607,25.3954,38536159,1439299,1679021,38603152.0000,1442365.6250,1678041.8750,-32768,13769,-109
00:39:27,2004.34,25.11,3.45,3276.70,0.00,25.6656,25.6014,25.4607,25.3954,38534683,1439162,1679021,38596904.0000,1442073.8750,1677936.5000,-32768,13769,-109
00:39:29,2004.34,25.12,3.45,3276.70,0.00,25.6720,25.6076,25.4607,25.4061,38529753,1438960,1679021,38592804.0000,1441882.7500,1677862.1250,-32768,13769,-109
00:39:31,2004.34,25.13,3.43,3276.70,0.00,25.6720,25.6139,25.4821,25.4127,38525111,1438454,1679021,38592804.0000,1441593.1250,1678045.7500,-32768,13769,-109
00:39:33,2004.34,25.14,3.43,3276.70,0.00,25.6720,25.6181,25.4821,25.4172,38521574,1438514,1679733,38581100.0000,1441316.3750,1678244.0000,-32768,13769,-109
00:39:34,2004.34,25.15,3.41,3276.70,0.00,25.6906,25.6225,25.4925,25.4218,38519178,1438454,1679844,38579164.0000,1441226.8750,1678294.0000,-32768,13769,-109
00:39:36,2004.34,25.15,3.42,3276.70,0.00,25.6956,25.6225,25.4976,25.4263,38517821,1438184,1679068,38573680.0000,1440943.6250,1679111.7500,-32768,13769,-109
00:39:38,2004.34,25.17,3.42,3276.70,0.00,25.7022,25.6314,25.5044,25.4309,38514744,1438072,1679068,38570064.0000,1440769.8750,1679166.6250,-32768,13769,-109
00:39:40,1998.91,25.18,3.40,3276.70,0.00,25.7098,25.6360,25.5111,25.4309,38514140,1438040,1689404,38566640.0000,1440607.0000,1679859.3750,-32768,13769,-109
00:39:41,2004.34,25.18,3.39,3276.70,0.00,25.7170,25.6408,25.5179,25.4406,38512912,1437932,1680276,38564960.0000,1440523.5000,1679872.3750,-32768,13769,-109
00:39:43,2004.34,25.19,3.39,3276.70,0.00,25.7243,25.6458,25.5248,25.4457,38511573,1437787,1681256,38561676.0000,1440523.5000,1679872.3750,-32768,13769,-109
00:39:45,2004.34,25.20,3.39,3276.70,0.00,25.7243,25.6533,25.5333,25.4533,38509078,1437727,1681661,38556988.0000,1440141.2500,1679463.5000,-32768,13769,-109
00:39:46,2004.34,25.21,3.38,3276.70,0.00,25.7348,25.6533,25.5370,25.4533,38507844,1437611,1681510,38553940.0000,1439985.7500,1679594.0000,-32768,13769,-109
00:39:48,2004.34,25.22,3.38,3276.70,0.00,25.7448,25.6636,25.5475,25.4639,38507391,1437528,1671915,38551132.0000,1439838.2500,1679056.5000,-32768,13769,-109
00:39:50,1998.91,25.22,3.35,3276.70,0.00,25.7478,25.6636,25.5535,25.4639,38504529,1437514,1682720,38546948.0000,1439626.2500,1679289.6250,-32768,13769,-109
00:39:53,2004.34,25.23,3.35,3276.70,0.00,25.7478,25.6768,25.5627,25.4639,38504529,1437368,1682202,38542824.0000,1439407.2500,1679932.8750,-32768,13769,-109
00:39:56,2004.34,25.23,3.34,3276.70,0.00,25.7693,25.6768,25.5720,25.4639,38500528,1437368,1694898,38537820.0000,1439129.2500,1681069.1250,-32768,13769,-109
00:39:59,2004.34,25.26,3.34,3276.70,0.00,25.7693,25.6959,25.5720,25.4998,38500528,1437097,1694898,38537820.0000,1439129.2500,1681315.0000,-32768,13769,-109
00:40:01,2004.34,25.27,3.33,3276.70,0.00,25.7960,25.6959,25.6031,25.5114,38495350,1436856,1685023,38529988.0000,1438721.0000,1681647.7500,-32768,13769,-109
00:40:04,2004.34,25.28,3.32,3276.70,0.00,25.8027,25.7131,25.6062,25.5144,38496843,1436856,1668665,38527944.0000,1438619.8750,1681647.7500,-32768,13769,-109
00:40:06,2004.34,25.29,3.31,3276.70,0.00,25.8027,25.7247,25.6062,25.5262,38494659,1436905,1684524,38524056.0000,1438619.8750,1681381.8750,-32768,13769,-109
00:40:08,2004.34,25.31,3.30,3276.70,0.00,25.8270,25.7247,25.6062,25.5354,38493420,1436728,1679160,38522232.0000,1438322.8750,1681184.8750,-32768,13769,-109
00:40:10,1998.91,25.31,3.28,3276.70,0.00,25.8332,25.7396,25.6377,25.5415,38493327,1436846,1685858,38520464.0000,1438230.7500,1681454.6250,-32768,13769,-109
00:40:12,2004.34,25.33,3.28,3276.70,0.00,25.8407,25.7396,25.6442,25.5415,38493585,1436426,1694134,38518048.0000,1438075.0000,1682388.8750,-32768,13769,-109
00:40:15,2004.34,25.34,3.28,3276.70,0.00,25.8496,25.7547,25.6539,25.5570,38492806,1436745,1694134,38518048.0000,1438075.0000,1683449.7500,-32768,13769,-109
00:40:18,2004.34,25.35,3.26,3276.70,0.00,25.8496,25.7674,25.6539,25.5699,38492806,1436623,1694134,38512796.0000,1437755.5000,1684287.0000,-32768,13769,-109
00:40:21,2004.34,25.37,3.25,3276.70,0.00,25.8496,25.7805,25.6539,25.5831,38495787,1436623,1688659,38511232.0000,1437667.1250,1684635.8750,-32768,13769,-109
00:40:23,2004.34,25.38,3.25,3276.70,0.00,25.8912,25.7904,25.6977,25.5932,38496721,1436744,1689731,38510284.0000,1437609.1250,1684912.0000,-32768,13769,-109
00:40:24,2004.34,25.39,3.25,3276.70,0.00,25.8955,25.7967,25.7039,25.5998,38493897,1437128,1677409,38509292.0000,1437579.7500,1684472.6250,-32768,13769,-109
00:40:25,2004.34,25.40,3.25,3276.70,0.00,25.9011,25.8030,25.7087,25.6064,38497327,1436750,1689444,38508580.0000,1437531.2500,1684799.2500,-32768,13769,-109
00:40:28,2004.34,25.41,3.23,3276.70,0.00,25.9011,25.8093,25.7145,25.6129,38497712,1437185,1678678,38507920.0000,1437496.7500,1684760.1250,-32768,13769,-109
00:40:29,1998.91,25.41,3.22,3276.70,0.00,25.9153,25.8156,25.7228,25.6195,38496835,1437185,1678678,38507204.0000,1437463.0000,1684907.0000,-32768,13769,-109
00:40:32,2004.34,25.42,3.20,3276.70,0.00,25.9246,25.8156,25.7318,25.6195,38497101,1436563,1689769,38506376.0000,1437463.0000,1685698.6250,-32768,13769,-109
00:40:33,2004.34,25.44,3.19,3276.70,0.00,25.9376,25.8322,25.7462,25.6367,38499584,1436860,1690813,38505928.0000,1437351.0000,1685858.5000,-32768,13769,-109
00:40:34,1998.91,25.44,3.19,3276.70,0.00,25.9419,25.8356,25.7505,25.6403,38498550,1436868,1691254,38505696.0000,1437335.8750,1686027.0000,-32768,13769,-109
00:40:36,2004.34,25.45,3.18,3276.70,0.00,25.9509,25.8425,25.7587,25.6474,38499259,1436590,1698737,38505276.0000,1437335.8750,1687111.8750,-32768,13769,-109
00:40:37,1998.91,25.45,3.18,3276.70,0.00,25.9546,25.8460,25.7626,25.6510,38500655,1436831,1693337,38505276.0000,1437335.8750,1687111.8750,-32768,13769,-109
00:40:39,1998.91,25.46,3.18,3276.70,0.00,25.9662,25.8565,25.7740,25.6618,38497910,1436777,1692922,38504616.0000,1437230.7500,1687671.6250,-32768,13769,-109
00:40:41,2004.34,25.47,3.18,3276.70,0.00,25.9740,25.8636,25.7818,25.6690,38501693,1436662,1702837,38504428.0000,1437192.2500,1688573.5000,-32768,13769,-109
00:40:43,2004.34,25.49,3.17,3276.70,0.00,25.9819,25.8636,25.7887,25.6690,38500862,1436928,1693794,38504076.0000,1437192.2500,1688573.5000,-32768,13769,-109
00:40:45,2004.34,25.49,3.17,3276.70,0.00,25.9913,25.8813,25.7982,25.6869,38504667,1436709,1693794,38504076.0000,1437132.3750,1689297.8750,-32768,13769,-109
00:40:47,1998.91,25.51,3.15,3276.70,0.00,25.9991,25.8813,25.7982,25.6941,38500791,1436822,1693426,38503872.0000,1437106.8750,1689297.8750,-32768,13769,-109
00:40:48,2004.34,25.51,3.15,3276.70,0.00,26.0070,25.8813,25.8189,25.7051,38506448,1437047,1690623,38503924.0000,1437098.0000,1689963.1250,-32768,13769,-109
00:40:50,2004.34,25.52,3.15,3276.70,0.00,26.0159,25.8813,25.8233,25.7051,38505004,1436915,1696424,38504012.0000,1437087.6250,1690323.1250,-32768,13769,-109
00:40:52,2004.34,25.53,3.14,3276.70,0.00,26.0250,25.9102,25.8321,25.7051,38504770,1437254,1698728,38504044.0000,1437089.2500,1690789.2500,-32768,13769,-109
00:40:54,2004.34,25.53,3.14,3276.70,0.00,26.0250,25.9250,25.8484,25.7312,38506701,1436903,1697027,38504044.0000,1437089.2500,1690789.2500,-32768,13769,-109
00:40:56,2004.34,25.54,3.12,3276.70,0.00,26.0487,25.9362,25.8603,25.7425,38504253,1437031,1700925,38504308.0000,1437074.7500,1691940.3750,-32768,13769,-109
00:40:57,2004.34,25.55,3.11,3276.70,0.00,26.0564,25.9399,25.8603,25.7425,38508605,1437145,1698755,38504440.0000,1437076.8750,1692153.2500,-32768,13769,-109
00:40:59,2004.34,25.55,3.11,3276.70,0.00,26.0624,25.9473,25.8696,25.7537,38508626,1437085,1698755,38504836.0000,1437076.8750,1692617.6250,-32768,13769,-109
00:41:01,2004.34,25.55,3.11,3276.70,0.00,26.0695,25.9547,25.8779,25.7612,38508626,1437085,1698256,38505016.0000,1437081.6250,1693043.0000,-32768,13769,-109
00:41:03,2004.34,25.57,3.11,3276.70,0.00,26.0695,25.9657,25.8779,25.7760,38512984,1437126,1700439,38505576.0000,1437082.0000,1693687.5000,-32768,13769,-109
00:41:05,2004.34,25.57,3.09,3276.70,0.00,26.0864,25.9729,25.8945,25.7796,38514002,1437190,1700049,38505984.0000,1437086.2500,1693975.7500,-32768,13769,-109
00:41:08,2004.34,25.59,3.08,3276.70,0.00,26.0864,25.9839,25.8945,25.7943,38514002,1437187,1700049,38506776.0000,1437094.7500,1694777.6250,-32768,13769,-109
00:41:10,1998.91,25.60,3.08,3276.70,0.00,26.1143,25.9986,25.9217,25.8055,38515589,1437161,1700648,38507280.0000,1437097.7500,1695146.6250,-32768,13769,-109
00:41:11,2004.34,25.61,3.07,3276.70,0.00,26.1187,26.0024,25.9251,25.8092,38515589,1437297,1701269,38507668.0000,1437097.7500,1695508.5000,-32768,13769,-109
00:41:14,2004.34,25.61,3.07,3276.70,0.00,26.1187,26.0136,25.9251,25.8241,38515589,1437243,1702505,38508728.0000,1437123.0000,1696330.1250,-32768,13769,-109
00:41:16,2004.34,25.62,3.05,3276.70,0.00,26.1436,26.0249,25.9509,25.8318,38517802,1437447,1699665,38509012.0000,1437123.0000,1696745.7500,-32768,13769,-109
00:41:18,2004.34,25.63,3.04,3276.70,0.00,26.1508,26.0325,25.9581,25.8394,38519183,1437413,1703661,38509012.0000,1437157.8750,1697185.7500,-32768,13769,-109
00:41:19,1998.91,25.64,3.04,3276.70,0.00,26.1580,26.0401,25.9658,25.8471,38521555,1437359,1703778,38510304.0000,1437157.8750,1697185.7500,-32768,13769,-109
00:41:21,2004.34,25.65,3.04,3276.70,0.00,26.1660,26.0477,25.9743,25.8547,38521170,1437414,1706622,38510960.0000,1437179.5000,1697774.6250,-32768,13769,-109
00:41:22,2004.34,25.65,3.04,3276.70,0.00,26.1728,26.0552,25.9817,25.8624,38523152,1437581,1704371,38511700.0000,1437201.6250,1698185.1250,-32768,13769,-109
00:41:23,2004.34,25.66,3.03,3276.70,0.00,26.1774,26.0590,25.9854,25.8662,38523912,1437529,1706157,38512444.0000,1437219.1250,1698185.1250,-32768,13769,-109
00:41:24,2004.34,25.67,3.03,3276.70,0.00,26.1838,26.0666,25.9921,25.8738,38525383,1437737,1702374,38512848.0000,1437235.2500,1698772.7500,-32768,13769,-109
00:41:25,2004.34,25.67,3.03,3276.70,0.00,26.1875,26.0703,25.9955,25.8776,38524014,1437778,1705027,38513540.0000,1437264.2500,1699174.7500,-32768,13769,-109
00:41:28,2004.34,25.67,3.03,3276.70,0.00,26.1875,26.0816,26.0059,25.8889,38526434,1437584,1709395,38514336.0000,1437283.5000,1699693.6250,-32768,13769,-109
00:41:29,2004.34,25.68,3.02,3276.70,0.00,26.2054,26.0891,26.0124,25.8963,38527916,1437857,1707060,38515152.0000,1437318.6250,1700055.3750,-32768,13769,-109
00:41:30,2004.34,25.69,3.02,3276.70,0.00,26.2142,26.0966,26.0207,25.9038,38530026,1437776,1707367,38516060.0000,1437347.3750,1700501.2500,-32768,13769,-109
00:41:32,2004.34,25.69,3.02,3276.70,0.00,26.2186,26.1004,26.0207,25.9113,38529550,1437559,1708110,38516884.0000,1437366.3750,1700916.5000,-32768,13769,-109
00:41:34,2004.34,25.70,3.02,3276.70,0.00,26.2261,26.1080,26.0320,25.9151,38530646,1437780,1708110,38517692.0000,1437392.6250,1701382.6250,-32768,13769,-109
00:41:35,2004.34,25.70,3.01,3276.70,0.00,26.2333,26.1155,26.0427,25.9263,38531382,1437764,1708110,38518488.0000,1437415.2500,1701639.0000,-32768,13769,-109
00:41:39,2004.34,25.71,3.01,3276.70,0.00,26.2333,26.1268,26.0427,25.9375,38531382,1437977,1709797,38520232.0000,1437415.2500,1702599.5000,-32768,13769,-109
00:41:40,2004.34,25.72,3.01,3276.70,0.00,26.2525,26.1414,26.0612,25.9485,38533349,1437859,1710550,38521084.0000,1437497.6250,1702995.3750,-32768,13769,-109
00:41:42,2004.34,25.72,2.99,3276.70,0.00,26.2550,26.1449,26.0641,25.9485,38537088,1437979,1710550,38521976.0000,1437497.6250,1703577.6250,-32768,13769,-109
00:41:45,2004.34,25.73,2.99,3276.70,0.00,26.2550,26.1590,26.0641,25.9700,38538478,1438086,1709491,38523812.0000,1437585.1250,1704148.5000,-32768,13769,-109
00:41:47,2004.34,25.73,2.99,3276.70,0.00,26.2773,26.1661,26.0856,25.9736,38538647,1438226,1710371,38524752.0000,1437585.1250,1704148.5000,-32768,13769,-109
00:41:48,2004.34,25.74,2.99,3276.70,0.00,26.2864,26.1734,26.0940,25.9809,38541068,1438160,1716777,38525264.0000,1437640.7500,1704934.8750,-32768,13769,-109
00:41:50,2004.34,25.75,2.99,3276.70,0.00,26.2941,26.1806,26.1016,25.9882,38542410,1438296,1712570,38526872.0000,1437705.8750,1705513.3750,-32768,13769,-109
00:41:52,1998.91,25.75,2.97,3276.70,0.00,26.3026,26.1806,26.1134,25.9882,38545138,1438283,1714153,38528036.0000,1437705.8750,1706169.1250,-32768,13769,-109
00:41:53,2004.34,25.76,2.95,3276.70,0.00,26.3136,26.1989,26.1212,26.0065,38546785,1438535,1712572,38529144.0000,1437789.1250,1706369.1250,-32768,13769,-109
00:41:55,2004.34,25.76,2.96,3276.70,0.00,26.3169,26.1989,26.1212,26.0139,38546785,1438410,1710978,38530756.0000,1437850.1250,1706897.6250,-32768,13769,-109
00:41:58,2004.34,25.77,2.95,3276.70,0.00,26.3169,26.2171,26.1212,26.0248,38549273,1438410,1710978,38532428.0000,1437913.0000,1707568.5000,-32768,13769,-109
00:42:00,2004.34,25.78,2.95,3276.70,0.00,26.3400,26.2279,26.1488,26.0357,38551582,1438791,1711006,38533608.0000,1437960.7500,1707868.5000,-32768,13769,-109
00:42:01,2004.34,25.79,2.95,3276.70,0.00,26.3475,26.2351,26.1559,26.0430,38552017,1438719,1711006,38535368.0000,1438025.8750,1708600.5000,-32768,13769,-109
00:42:04,2004.34,25.79,2.94,3276.70,0.00,26.3475,26.2459,26.1687,26.0540,38552017,1438790,1712148,38537208.0000,1438089.5000,1709177.8750,-32768,13769,-109
00:42:06,2004.34,25.80,2.94,3276.70,0.00,26.3687,26.2567,26.1812,26.0652,38558223,1438837,1715950,38538452.0000,1438135.0000,1709585.8750,-32768,13769,-109
00:42:08,2004.34,25.81,2.93,3276.70,0.00,26.3715,26.2567,26.1857,26.0725,38557409,1438835,1715450,38539628.0000,1438175.3750,1709585.8750,-32768,13769,-109
00:42:09,2004.34,25.82,2.92,3276.70,0.00,26.3807,26.2709,26.1909,26.0796,38562862,1438976,1716851,38541008.0000,1438225.2500,1710453.5000,-32768,13769,-109
00:42:10,2004.34,25.82,2.92,3276.70,0.00,26.3841,26.2744,26.1945,26.0832,38562067,1438910,1717059,38541668.0000,1438225.2500,1710453.5000,-32768,13769,-109
00:42:12,2004.34,25.82,2.92,3276.70,0.00,26.3887,26.2813,26.2032,26.0904,38565603,1438944,1718078,38543064.0000,1438290.1250,1711107.6250,-32768,13769,-109
00:42:14,2004.34,25.83,2.91,3276.70,0.00,26.3947,26.2881,26.2100,26.0976,38568639,1439036,1718078,38543064.0000,1438357.3750,1711767.3750,-32768,13769,-109
00:42:17,2004.34,25.84,2.89,3276.70,0.00,26.4012,26.2881,26.2151,26.0976,38565729,1439036,1717600,38547248.0000,1438357.3750,1711767.3750,-32768,13769,-109
00:42:18,2004.34,25.84,2.89,3276.70,0.00,26.4096,26.3082,26.2228,26.1182,38572127,1439244,1718458,38548744.0000,1438464.2500,1712830.8750,-32768,13769,-109
00:42:21,2004.34,25.85,2.88,3276.70,0.00,26.4096,26.3179,26.2228,26.1282,38573443,1439244,1719845,38551684.0000,1438563.8750,1712830.8750,-32768,13769,-109
00:42:24,2004.34,25.86,2.88,3276.70,0.00,26.4096,26.3310,26.2435,26.1282,38573443,1439411,1719845,38554692.0000,1438673.0000,1714489.3750,-32768,13769,-109
00:42:26,2004.34,25.87,2.88,3276.70,0.00,26.4420,26.3407,26.2435,26.1282,38580452,1439483,1721478,38556328.0000,1438673.0000,1714489.3750,-32768,13769,-109
00:42:28,2004.34,25.87,2.87,3276.70,0.00,26.4486,26.3472,26.2611,26.1579,38580761,1439551,1721478,38556328.0000,1438805.5000,1715507.5000,-32768,13769,-109
00:42:30,2004.34,25.88,2.87,3276.70,0.00,26.4591,26.3570,26.2716,26.1679,38583645,1439647,1723338,38560128.0000,1438805.5000,1715507.5000,-32768,13769,-109
00:42:31,2004.34,25.88,2.87,3276.70,0.00,26.4614,26.3603,26.2734,26.1712,38584862,1439770,1722387,38561740.0000,1438919.6250,1715507.5000,-32768,13769,-109
00:42:33,2004.34,25.89,2.87,3276.70,0.00,26.4656,26.3666,26.2773,26.1776,38588751,1439770,1722387,38563448.0000,1438981.1250,1716792.8750,-32768,13769,-109
00:42:35,2004.34,25.89,2.86,3276.70,0.00,26.4721,26.3730,26.2773,26.1840,38588751,1439807,1723383,38565104.0000,1439035.5000,1717219.8750,-32768,13769,-109
00:42:37,2004.34,25.89,2.86,3276.70,0.00,26.4799,26.3824,26.2773,26.1936,38595355,1439807,1723383,38567768.0000,1439132.7500,1717861.2500,-32768,13769,-109
00:42:38,2004.34,25.89,2.86,3276.70,0.00,26.4836,26.3886,26.3004,26.2030,38595963,1440144,1724183,38569488.0000,1439195.1250,1718251.6250,-32768,13769,-109
00:42:41,2004.34,25.90,2.85,3276.70,0.00,26.4890,26.3946,26.3004,26.2030,38600443,1440340,1724183,38572304.0000,1439307.1250,1718838.1250,-32768,13769,-109
00:42:43,1998.91,25.91,2.85,3276.70,0.00,26.4890,26.4065,26.3116,26.2182,38601269,1440428,1725470,38574116.0000,1439381.0000,1719237.1250,-32768,13769,-109
00:42:45,2004.34,25.91,2.84,3276.70,0.00,26.5018,26.4065,26.3162,26.2182,38604324,1440740,1726090,38576660.0000,1439489.6250,1719844.6250,-32768,13769,-109
00:42:47,2004.34,25.92,2.84,3276.70,0.00,26.5086,26.4182,26.3217,26.2301,38606957,1440740,1726090,38578512.0000,1439557.7500,1720214.0000,-32768,13769,-109
00:42:48,2004.34,25.92,2.84,3276.70,0.00,26.5136,26.4266,26.3284,26.2387,38613902,1441246,1727730,38580544.0000,1439647.0000,1720661.8750,-32768,13769,-109
00:42:50,2004.34,25.93,2.83,3276.70,0.00,26.5157,26.4294,26.3298,26.2416,38618306,1441220,1727826,38581720.0000,1439696.2500,1720885.7500,-32768,13769,-109
00:42:52,2004.34,25.93,2.84,3276.70,0.00,26.5179,26.4348,26.3337,26.2416,38614744,1441228,1730790,38584688.0000,1439696.2500,1720885.7500,-32768,13769,-109
00:42:55,2004.34,25.94,2.83,3276.70,0.00,26.5179,26.4426,26.3337,26.2581,38614744,1441401,1730790,38584688.0000,1440021.7500,1722137.5000,-32768,13769,-109
00:42:57,2004.34,25.95,2.80,3276.70,0.00,26.5362,26.4532,26.3507,26.2662,38624123,1441539,1724753,38590832.0000,1440021.7500,1722137.5000,-32768,13769,-109
00:42:59,2004.34,25.95,2.81,3276.70,0.00,26.5432,26.4611,26.3572,26.2743,38628544,1442062,1728957,38594400.0000,1440280.8750,1722983.6250,-32768,13769,-109
00:43:03,2004.34,25.95,2.83,3276.70,0.00,26.5432,26.4686,26.3572,26.2819,38628544,1442299,1728957,38600324.0000,1440280.8750,1723948.1250,-32768,13769,-109
00:43:06,2004.34,25.97,2.80,3276.70,0.00,26.5562,26.4785,26.3572,26.2919,38628544,1442568,1730546,38603852.0000,1440723.1250,1724492.5000,-32768,13769,-109
00:43:07,2004.34,25.97,2.80,3276.70,0.00,26.5624,26.4860,26.3787,26.2995,38648495,1442909,1730546,38607868.0000,1440919.1250,1725143.6250,-32768,13769,-109
00:43:10,2004.34,25.98,2.80,3276.70,0.00,26.5651,26.4908,26.3787,26.3070,38652071,1442909,1731451,38610484.0000,1441052.2500,1725483.8750,-32768,13769,-109
00:43:13,2004.34,25.98,2.79,3276.70,0.00,26.5651,26.5003,26.3900,26.3143,38654094,1442972,1731451,38610484.0000,1441052.2500,1726419.6250,-32768,13769,-109
00:43:15,2004.34,25.99,2.78,3276.70,0.00,26.5840,26.5076,26.3966,26.3215,38659953,1443417,1732453,38610484.0000,1441477.8750,1726789.3750,-32768,13769,-109
00:43:17,2004.34,25.99,2.78,3276.70,0.00,26.5884,26.5076,26.4048,26.3215,38661136,1443324,1733664,38623264.0000,1441645.0000,1727364.1250,-32768,13769,-109
00:43:20,2004.34,26.00,2.77,3276.70,0.00,26.5986,26.5076,26.4127,26.3215,38664493,1443324,1733664,38623264.0000,1441645.0000,1728064.0000,-32768,13769,-109
00:43:21,2004.34,26.00,2.76,3276.70,0.00,26.6104,26.5302,26.4204,26.3434,38665712,1443525,1734153,38629136.0000,1441923.1250,1728254.2500,-32768,13769,-109
00:43:23,2004.34,26.00,2.77,3276.70,0.00,26.6131,26.5327,26.4240,26.3459,38667964,1443676,1735137,38631528.0000,1441923.1250,1728688.2500,-32768,13769,-109
00:43:26,2004.34,26.01,2.77,3276.70,0.00,26.6131,26.5428,26.4240,26.3559,38670883,1443922,1735329,38635916.0000,1442229.7500,1730026.1250,-32768,13769,-109
00:43:28,2004.34,26.01,2.77,3276.70,0.00,26.6131,26.5500,26.4240,26.3631,38674198,1443922,1746552,38639156.0000,1442368.2500,1731216.7500,-32768,13769,-109
00:43:32,2004.34,26.02,2.76,3276.70,0.00,26.6131,26.5571,26.4240,26.3702,38674198,1443633,1746552,38639156.0000,1442528.3750,1731216.7500,-32768,13769,-109
00:43:34,2004.34,26.02,2.77,3276.70,0.00,26.6131,26.5665,26.4240,26.3702,38678829,1444223,1735894,38645680.0000,1442667.3750,1731573.0000,-32768,13769,-109
00:43:36,2004.34,26.03,2.78,3276.70,0.00,26.6131,26.5735,26.4578,26.3865,38676375,1444074,1739744,38645680.0000,1442798.7500,1732001.8750,-32768,13769,-109
00:43:38,2004.34,26.03,2.77,3276.70,0.00,26.6131,26.5781,26.4622,26.3911,38675329,1444054,1737285,38650064.0000,1442873.5000,1732313.6250,-32768,13769,-109
00:43:40,2004.34,26.03,2.76,3276.70,0.00,26.6537,26.5827,26.4622,26.3978,38675329,1444182,1737285,38652228.0000,1442976.7500,1732484.5000,-32768,13769,-109
00:43:43,2004.34,26.04,2.77,3276.70,0.00,26.6537,26.5916,26.4622,26.4064,38668992,1443650,1737915,38653780.0000,1442976.7500,1733406.5000,-32768,13769,-109
00:43:45,2004.34,26.05,2.77,3276.70,0.00,26.6634,26.5980,26.4785,26.4107,38666336,1443206,1750573,38654544.0000,1443054.3750,1733406.5000,-32768,13769,-109
00:43:47,2004.34,26.05,2.76,3276.70,0.00,26.6634,26.6020,26.4785,26.4171,38670734,1443917,1737058,38655968.0000,1443116.5000,1734241.8750,-32768,13769,-109
00:43:50,2004.34,26.05,2.76,3276.70,0.00,26.6634,26.6079,26.4785,26.4232,38670734,1443842,1737058,38655968.0000,1443206.7500,1735246.0000,-32768,13769,-109
00:43:52,2004.34,26.06,2.76,3276.70,0.00,26.6634,26.6157,26.4785,26.4311,38669348,1444006,1738325,38659064.0000,1443271.1250,1735445.6250,-32768,13769,-109
00:43:54,2004.34,26.06,2.76,3276.70,0.00,26.6814,26.6215,26.4965,26.4350,38673502,1444006,1738325,38659864.0000,1443308.6250,1735650.7500,-32768,13769,-109
00:43:55,2004.34,26.06,2.76,3276.70,0.00,26.6836,26.6234,26.4984,26.4370,38673465,1443976,1737889,38660816.0000,1443353.3750,1735536.5000,-32768,13769,-109
00:43:57,2004.34,26.07,2.75,3276.70,0.00,26.6892,26.6273,26.5014,26.4409,38676753,1444365,1727198,38661312.0000,1443353.3750,1735536.5000,-32768,13769,-109
00:43:59,2004.34,26.07,2.73,3276.70,0.00,26.6930,26.6273,26.5043,26.4409,38674336,1443968,1738669,38662636.0000,1443449.5000,1735571.2500,-32768,13769,-109
00:44:00,2004.34,26.07,2.71,3276.70,0.00,26.6973,26.6352,26.5081,26.4485,38674327,1444047,1725595,38663000.0000,1443468.1250,1735259.5000,-32768,13769,-109
00:44:01,2004.34,26.07,2.71,3276.70,0.00,26.6995,26.6372,26.5097,26.4504,38675101,1444088,1738184,38663648.0000,1443506.2500,1734935.2500,-32768,13769,-109
00:44:04,2004.34,26.08,2.71,3276.70,0.00,26.7039,26.6372,26.5138,26.4504,38680204,1444434,1740117,38664556.0000,1443506.2500,1735113.2500,-32768,13769,-109
00:44:06,2004.34,26.08,2.71,3276.70,0.00,26.7039,26.6493,26.5138,26.4639,38685948,1444527,1740239,38666736.0000,1443661.0000,1735265.8750,-32768,13769,-109
00:44:08,2004.34,26.09,2.73,3276.70,0.00,26.7173,26.6534,26.5138,26.4680,38685948,1444135,1740239,38666736.0000,1443708.2500,1735931.0000,-32768,13769,-109
00:44:10,2004.34,26.09,2.71,3276.70,0.00,26.7239,26.6534,26.5376,26.4741,38685512,1444562,1741372,38669260.0000,1443758.7500,1736228.3750,-32768,13769,-109
00:44:11,2009.78,26.10,2.70,3276.70,0.00,26.7288,26.6637,26.5391,26.4761,38686668,1444677,1741403,38669804.0000,1443787.5000,1736390.0000,-32768,13769,-109
00:44:14,2004.34,26.10,2.70,3276.70,0.00,26.7313,26.6637,26.5429,26.4761,38686206,1444677,1741403,38669804.0000,1443787.5000,1737789.7500,-32768,13769,-109
00:44:16,2004.34,26.10,2.69,3276.70,0.00,26.7415,26.6765,26.5514,26.4881,38693863,1445052,1747531,38673336.0000,1443949.1250,1738232.6250,-32768,13769,-109
00:44:18,2004.34,26.11,2.69,3276.70,0.00,26.7457,26.6786,26.5526,26.4901,38693682,1445181,1747531,38673336.0000,1443949.1250,1738837.5000,-32768,13769,-109
00:44:19,2004.34,26.11,2.68,3276.70,0.00,26.7504,26.6849,26.5565,26.4959,38696555,1445090,1743924,38676064.0000,1443949.1250,1738706.2500,-32768,13769,-109
00:44:22,2004.34,26.12,2.66,3276.70,0.00,26.7504,26.6912,26.5621,26.5017,38694297,1445043,1744103,38676064.0000,1443949.1250,1738706.2500,-32768,13769,-109
00:44:25,2004.34,26.12,2.68,3276.70,0.00,26.7504,26.6974,26.5692,26.5095,38698037,1444970,1740063,38680044.0000,1443949.1250,1738706.2500,-32768,13769,-109
00:44:25,2004.34,26.13,2.66,3276.70,0.00,26.7641,26.7014,26.5716,26.5114,38699625,1445381,1743913,38680656.0000,1444331.7500,1739091.0000,-32768,13769,-109
00:44:27,2004.34,26.13,2.66,3276.70,0.00,26.7647,26.7034,26.5716,26.5114,38707608,1445381,1756591,38683140.0000,1444437.3750,1739966.2500,-32768,13769,-109
00:44:29,2004.34,26.14,2.66,3276.70,0.00,26.7683,26.7091,26.5754,26.5187,38708121,1445381,1756591,38683920.0000,1444462.3750,1740606.0000,-32768,13769,-109
00:44:31,2004.34,26.14,2.66,3276.70,0.00,26.7683,26.7149,26.5825,26.5243,38705451,1445569,1756591,38685800.0000,1444552.8750,1740947.2500,-32768,13769,-109
00:44:34,2004.34,26.14,2.66,3276.70,0.00,26.7784,26.7187,26.5859,26.5298,38711276,1445569,1746361,38687968.0000,1444663.7500,1740947.2500,-32768,13769,-109
00:44:35,2004.34,26.15,2.66,3276.70,0.00,26.7831,26.7244,26.5912,26.5335,38714673,1445919,1745269,38689536.0000,1444740.1250,1741905.1250,-32768,13769,-109
00:44:36,2004.34,26.15,2.65,3276.70,0.00,26.7857,26.7244,26.5912,26.5372,38719879,1446429,1729732,38691356.0000,1444840.5000,1741260.1250,-32768,13769,-109
00:44:38,2004.34,26.15,2.65,3276.70,0.00,26.7898,26.7302,26.5977,26.5391,38714799,1445931,1729732,38691356.0000,1444840.5000,1741517.0000,-32768,13769,-109
00:44:40,2004.34,26.16,2.65,3276.70,0.00,26.7979,26.7360,26.6070,26.5450,38718144,1446036,1737298,38694316.0000,1444973.1250,1741499.2500,-32768,13769,-109
00:44:41,2009.78,26.16,2.65,3276.70,0.00,26.8015,26.7380,26.6100,26.5470,38721938,1446121,1734231,38695180.0000,1444973.1250,1741441.7500,-32768,13769,-109
00:44:42,2004.34,26.16,2.64,3276.70,0.00,26.8073,26.7422,26.6146,26.5511,38724909,1446220,1746997,38696976.0000,1445082.2500,1741615.2500,-32768,13769,-109
00:44:44,2004.34,26.16,2.63,3276.70,0.00,26.8100,26.7443,26.6169,26.5531,38723583,1446220,1746686,38697804.0000,1445082.2500,1741957.1250,-32768,13769,-109
00:44:46,2004.34,26.17,2.62,3276.70,0.00,26.8160,26.7506,26.6209,26.5591,38722166,1446215,1747328,38700312.0000,1445214.2500,1742317.6250,-32768,13769,-109
00:44:47,2004.34,26.17,2.61,3276.70,0.00,26.8210,26.7548,26.6261,26.5631,38727708,1446430,1747328,38702724.0000,1445315.6250,1743049.2500,-32768,13769,-109
00:44:51,2004.34,26.17,2.61,3276.70,0.00,26.8255,26.7548,26.6338,26.5631,38731775,1446801,1747328,38705408.0000,1445438.3750,1743049.2500,-32768,13769,-109
00:44:54,2004.34,26.18,2.61,3276.70,0.00,26.8255,26.7697,26.6338,26.5775,38733991,1446801,1749204,38705408.0000,1445588.8750,1745459.7500,-32768,13769,-109
00:44:56,2004.34,26.19,2.59,3276.70,0.00,26.8428,26.7761,26.6338,26.5836,38731951,1446669,1749213,38709916.0000,1445588.8750,1746092.3750,-32768,13769,-109
00:44:58,2004.34,26.19,2.61,3276.70,0.00,26.8484,26.7761,26.6584,26.5920,38735553,1446815,1749251,38712900.0000,1445745.8750,1746902.0000,-32768,13769,-109
00:45:00,2004.34,26.20,2.61,3276.70,0.00,26.8484,26.7888,26.6584,26.5984,38744458,1447129,1763023,38715600.0000,1445865.1250,1747880.1250,-32768,13769,-109
00:45:02,2004.34,26.20,2.57,3276.70,0.00,26.8586,26.7931,26.6642,26.6004,38742362,1447043,1763023,38717284.0000,1445944.8750,1748020.0000,-32768,13769,-109
00:45:04,2004.34,26.21,2.57,3276.70,0.00,26.8628,26.7973,26.6686,26.6045,38745941,1447462,1750966,38717284.0000,1446045.6250,1748302.6250,-32768,13769,-109
00:45:06,2009.78,26.21,2.57,3276.70,0.00,26.8628,26.8015,26.6725,26.6086,38748011,1447759,1750966,38717284.0000,1446045.6250,1748684.3750,-32768,13769,-109
00:45:08,2004.34,26.22,2.57,3276.70,0.00,26.8744,26.8078,26.6796,26.6148,38752152,1447487,1750916,38722936.0000,1446227.1250,1748754.1250,-32768,13769,-109
00:45:10,2004.34,26.23,2.56,3276.70,0.00,26.8789,26.8121,26.6837,26.6189,38756425,1447966,1743998,38722936.0000,1446364.5000,1748589.3750,-32768,13769,-109
00:45:11,2004.34,26.23,2.56,3276.70,0.00,26.8837,26.8164,26.6878,26.6231,38748763,1447362,1751418,38726436.0000,1446364.5000,1748589.3750,-32768,13769,-109
00:45:13,2004.34,26.23,2.56,3276.70,0.00,26.8903,26.8164,26.6968,26.6314,38757155,1447902,1752422,38729652.0000,1446561.3750,1748267.2500,-32768,13769,-109
00:45:17,2004.34,26.24,2.56,3276.70,0.00,26.8903,26.8293,26.6968,26.6378,38757155,1448194,1752422,38729652.0000,1446561.3750,1748271.2500,-32768,13769,-109
00:45:19,2004.34,26.25,2.56,3276.70,0.00,26.9027,26.8377,26.6968,26.6462,38764846,1448239,1754523,38736120.0000,1446859.8750,1748630.2500,-32768,13769,-109
00:45:21,2004.34,26.25,2.57,3276.70,0.00,26.9055,26.8418,26.7127,26.6482,38767992,1448027,1756230,38736120.0000,1446859.8750,1748630.2500,-32768,13769,-109
00:45:22,2004.34,26.25,2.57,3276.70,0.00,26.9122,26.8479,26.7188,26.6545,38773054,1448327,1755210,38740136.0000,1447018.6250,1749437.1250,-32768,13769,-109
00:45:26,2004.34,26.26,2.57,3276.70,0.00,26.9122,26.8542,26.7188,26.6605,38773054,1448300,1755210,38743936.0000,1447177.0000,1750939.6250,-32768,13769,-109
00:45:34,2004.34,26.28,2.56,3276.70,0.00,26.9122,26.8752,26.7391,26.6829,38780685,1448957,1757106,38754016.0000,1447505.3750,1753538.0000,-32768,13769,-109
00:45:35,2004.34,26.28,2.54,3276.70,0.00,26.9447,26.8752,26.7495,26.6888,38792924,1449128,1764437,38757296.0000,1447647.6250,1754055.1250,-32768,13769,-109
00:45:39,2004.34,26.28,2.55,3276.70,0.00,26.9447,26.8873,26.7495,26.6928,38792924,1449291,1758317,38760620.0000,1447647.6250,1754794.7500,-32768,13769,-109
00:45:40,2004.34,26.26,2.57,3276.70,0.00,26.9550,26.8932,26.7602,26.6986,38790904,1449209,1752772,38762608.0000,1447878.1250,1754731.5000,-32768,13769,-109
00:45:42,2004.34,26.26,2.57,3276.70,0.00,26.9576,26.8952,26.7625,26.7025,38799462,1449407,1757829,38764604.0000,1447973.3750,1754731.5000,-32768,13769,-109
00:45:43,2004.34,26.26,2.57,3276.70,0.00,26.9605,26.8991,26.7626,26.7025,38799462,1449063,1758214,38766456.0000,1448044.1250,1754904.0000,-32768,13769,-109
00:45:45,2004.34,26.27,2.58,3276.70,0.00,26.9637,26.8991,26.7658,26.7099,38794777,1449268,1757810,38768204.0000,1448114.8750,1754904.0000,-32768,13769,-109
00:45:46,2004.34,26.27,2.57,3276.70,0.00,26.9664,26.9069,26.7686,26.7117,38799013,1449332,1757699,38769168.0000,1448152.8750,1755194.6250,-32768,13769,-109
00:45:48,2004.34,26.27,2.57,3276.70,0.00,26.9705,26.9069,26.7739,26.7117,38802751,1449412,1760597,38772784.0000,1448284.3750,1755696.0000,-32768,13769,-109
00:45:50,2004.34,26.28,2.57,3276.70,0.00,26.9761,26.9164,26.7776,26.7208,38806599,1449703,1761018,38774928.0000,1448372.6250,1756019.8750,-32768,13769,-109
00:45:51,2004.34,26.28,2.54,3276.70,0.00,26.9775,26.9183,26.7793,26.7244,38806163,1449700,1760052,38775904.0000,1448414.1250,1756145.8750,-32768,13769,-109
00:45:53,2004.34,26.28,2.54,3276.70,0.00,26.9775,26.9241,26.7793,26.7300,38808516,1449827,1761283,38778996.0000,1448538.3750,1756564.1250,-32768,13769,-109
00:45:56,2004.34,26.28,2.55,3276.70,0.00,26.9883,26.9241,26.7914,26.7300,38808648,1449602,1760480,38781640.0000,1448643.3750,1756971.8750,-32768,13769,-109
00:45:58,2004.34,26.30,2.53,3276.70,0.00,26.9939,26.9241,26.7971,26.7300,38808708,1449902,1760480,38784056.0000,1448760.5000,1757349.3750,-32768,13769,-109
00:46:00,1998.91,26.30,2.51,3276.70,0.00,27.0023,26.9414,26.8031,26.7448,38808312,1450072,1760480,38785532.0000,1448837.6250,1757601.1250,-32768,13769,-109
00:46:01,2004.34,26.31,2.53,3276.70,0.00,27.0045,26.9433,26.8053,26.7448,38814924,1450242,1761776,38787232.0000,1448920.5000,1757838.5000,-32768,13769,-109
00:46:02,2004.34,26.32,2.53,3276.70,0.00,27.0084,26.9472,26.8095,26.7504,38818414,1450280,1762440,38788208.0000,1448963.0000,1757982.2500,-32768,13769,-109
00:46:04,2004.34,26.32,2.51,3276.70,0.00,27.0105,26.9492,26.8095,26.7504,38815831,1450351,1763116,38789960.0000,1449044.1250,1758278.8750,-32768,13769,-109
00:46:08,2004.34,26.32,2.51,3276.70,0.00,27.0164,26.9550,26.8095,26.7598,38815831,1451189,1763949,38789960.0000,1449265.8750,1758903.0000,-32768,13769,-109
00:46:08,2004.34,26.34,2.51,3276.70,0.00,27.0245,26.9629,26.8250,26.7655,38832326,1451043,1764704,38796916.0000,1449373.7500,1759248.0000,-32768,13769,-109
00:46:10,2004.34,26.34,2.53,3276.70,0.00,27.0265,26.9648,26.8270,26.7674,38832665,1451132,1764095,38798032.0000,1449428.6250,1759399.5000,-32768,13769,-109
00:46:11,2004.34,26.34,2.51,3276.70,0.00,27.0311,26.9687,26.8308,26.7712,38834243,1451162,1764559,38800272.0000,1449428.6250,1759696.5000,-32768,13769,-109
00:46:14,2004.34,26.35,2.51,3276.70,0.00,27.0311,26.9727,26.8308,26.7769,38834243,1451220,1765354,38804224.0000,1449708.3750,1760357.7500,-32768,13769,-109
00:46:15,2004.34,26.36,2.49,3276.70,0.00,27.0405,26.9786,26.8396,26.7806,38839653,1451233,1765354,38806416.0000,1449802.6250,1760669.8750,-32768,13769,-109
00:46:17,2004.34,26.36,2.50,3276.70,0.00,27.0437,26.9825,26.8429,26.7844,38843863,1451314,1765351,38806416.0000,1449802.6250,1760932.5000,-32768,13769,-109
00:46:20,2004.34,26.36,2.50,3276.70,0.00,27.0472,26.9864,26.8461,26.7881,38843286,1451435,1765351,38806416.0000,1449802.6250,1760932.5000,-32768,13769,-109
00:46:21,2004.34,26.37,2.51,3276.70,0.00,27.0519,26.9921,26.8504,26.7936,38841056,1451157,1764846,38812816.0000,1450067.0000,1761450.3750,-32768,13769,-109
00:46:23,2004.34,26.37,2.50,3276.70,0.00,27.0552,26.9959,26.8537,26.7971,38850194,1451776,1766727,38814872.0000,1450158.3750,1761734.8750,-32768,13769,-109
00:46:25,2004.34,26.38,2.51,3276.70,0.00,27.0587,26.9959,26.8573,26.7971,38860625,1452246,1767467,38819000.0000,1450345.6250,1762209.8750,-32768,13769,-109
00:46:26,2004.34,26.38,2.51,3276.70,0.00,27.0631,27.0035,26.8630,26.8061,38862705,1452248,1766951,38821704.0000,1450464.3750,1762555.2500,-32768,13769,-109
00:46:28,2004.34,26.38,2.50,3276.70,0.00,27.0669,27.0035,26.8669,26.8098,38861091,1452195,1767636,38824132.0000,1450573.8750,1762830.1250,-32768,13769,-109
00:46:29,2004.34,26.39,2.49,3276.70,0.00,27.0708,27.0111,26.8686,26.8116,38859131,1451910,1767076,38825224.0000,1450573.8750,1763105.3750,-32768,13769,-109
00:46:31,2004.34,26.39,2.49,3276.70,0.00,27.0772,27.0169,26.8686,26.8116,38863593,1452183,1769522,38829540.0000,1450785.0000,1764286.5000,-32768,13769,-109
00:46:34,2004.34,26.40,2.49,3276.70,0.00,27.0772,27.0227,26.8686,26.8226,38870204,1452627,1767819,38831936.0000,1450891.0000,1764522.7500,-32768,13769,-109
00:46:37,2004.34,26.40,2.50,3276.70,0.00,27.0772,27.0284,26.8861,26.8281,38870204,1452851,1769587,38836144.0000,1451064.5000,1764708.3750,-32768,13769,-109
00:46:38,2004.34,26.41,2.49,3276.70,0.00,27.0928,27.0323,26.8898,26.8318,38877130,1452672,1769469,38838768.0000,1451168.7500,1765007.3750,-32768,13769,-109
00:46:40,2004.34,26.41,2.48,3276.70,0.00,27.0966,27.0361,26.8898,26.8318,38874171,1452900,1769469,38841996.0000,1451319.3750,1764719.8750,-32768,13769,-109
00:46:42,2009.78,26.42,2.48,3276.70,0.00,27.1004,27.0400,26.8972,26.8411,38873960,1452721,1769734,38843920.0000,1451319.3750,1765021.8750,-32768,13769,-109
00:46:43,2004.34,26.42,2.48,3276.70,0.00,27.1046,27.0439,26.9018,26.8411,38878494,1452936,1769734,38847128.0000,1451549.2500,1766276.2500,-32768,13769,-109
00:46:45,2004.34,26.43,2.48,3276.70,0.00,27.1084,27.0478,26.9059,26.8411,38890453,1452936,1771679,38849928.0000,1451672.7500,1766600.5000,-32768,13769,-109
00:46:47,2004.34,26.43,2.49,3276.70,0.00,27.1147,27.0536,26.9114,26.8523,38893929,1453174,1771679,38852580.0000,1451765.7500,1767581.5000,-32768,13769,-109
00:46:49,2004.34,26.43,2.49,3276.70,0.00,27.1189,27.0536,26.9173,26.8523,38890288,1453301,1772134,38854952.0000,1451863.1250,1767857.0000,-32768,13769,-109
00:46:52,2004.34,26.44,2.48,3276.70,0.00,27.1189,27.0653,26.9173,26.8637,38890288,1453363,1771570,38859176.0000,1452057.8750,1767787.0000,-32768,13769,-109
00:46:54,2004.34,26.45,2.49,3276.70,0.00,27.1292,27.0691,26.9257,26.8693,38900627,1453787,1773252,38861536.0000,1452156.8750,1768106.5000,-32768,13769,-109
00:46:55,2004.34,26.45,2.50,3276.70,0.00,27.1331,27.0691,26.9314,26.8730,38902401,1454030,1763394,38864104.0000,1452273.8750,1767684.5000,-32768,13769,-109
00:46:57,2004.34,26.45,2.50,3276.70,0.00,27.1331,27.0691,26.9352,26.8768,38914256,1454429,1773537,38866956.0000,1452394.2500,1768069.1250,-32768,13769,-109
00:46:58,2004.34,26.45,2.49,3276.70,0.00,27.1407,27.0806,26.9370,26.8787,38920624,1454738,1773750,38868632.0000,1452394.2500,1768601.0000,-32768,13769,-109
00:47:00,2004.34,26.46,2.49,3276.70,0.00,27.1452,27.0845,26.9411,26.8787,38918133,1454539,1774303,38873056.0000,1452644.3750,1769064.2500,-32768,13769,-109
00:47:01,2004.34,26.46,2.49,3276.70,0.00,27.1496,27.0884,26.9452,26.8787,38919543,1454539,1775224,38875960.0000,1452769.8750,1769421.8750,-32768,13769,-109
00:47:04,2004.34,26.47,2.49,3276.70,0.00,27.1533,27.0884,26.9506,26.8787,38919820,1454195,1788278,38878620.0000,1452861.5000,1770689.2500,-32768,13769,-109
00:47:06,2004.34,26.47,2.49,3276.70,0.00,27.1587,27.0981,26.9540,26.8955,38920773,1454541,1788278,38882424.0000,1453011.6250,1771190.7500,-32768,13769,-109
00:47:09,2004.34,26.48,2.49,3276.70,0.00,27.1587,27.1039,26.9540,26.9029,38924780,1454541,1776039,38882424.0000,1453240.1250,1771883.8750,-32768,13769,-109
00:47:11,2004.34,26.48,2.49,3276.70,0.00,27.1717,27.1115,26.9664,26.9084,38931599,1454541,1776039,38891576.0000,1453437.6250,1771438.7500,-32768,13769,-109
00:47:12,2004.34,26.49,2.48,3276.70,0.00,27.1738,27.1134,26.9686,26.9121,38935331,1455313,1776576,38892944.0000,1453496.2500,1771599.2500,-32768,13769,-109
00:47:13,1998.91,26.49,2.48,3276.70,0.00,27.1779,27.1173,26.9721,26.9140,38935398,1455251,1776611,38894272.0000,1453551.1250,1771755.8750,-32768,13769,-109
00:47:15,2004.34,26.49,2.48,3276.70,0.00,27.1793,27.1192,26.9737,26.9140,38941689,1455627,1767106,38897048.0000,1453551.1250,1771715.3750,-32768,13769,-109
00:47:18,2004.34,26.50,2.48,3276.70,0.00,27.1793,27.1269,26.9737,26.9250,38941689,1456163,1778695,38903296.0000,1453942.8750,1772319.8750,-32768,13769,-109
00:47:19,2004.34,26.50,2.48,3276.70,0.00,27.1923,27.1326,26.9859,26.9287,38961477,1456328,1785110,38906792.0000,1454082.5000,1773173.6250,-32768,13769,-109
00:47:20,1998.91,26.50,2.48,3276.70,0.00,27.1942,27.1345,26.9878,26.9305,38966710,1456789,1779251,38908664.0000,1454167.1250,1773363.6250,-32768,13769,-109
00:47:22,2004.34,26.50,2.48,3276.70,0.00,27.1958,27.1364,26.9896,26.9324,38968255,1456788,1779251,38908664.0000,1454326.1250,1773775.3750,-32768,13769,-109
00:47:24,2004.34,26.51,2.48,3276.70,0.00,27.1958,27.1440,26.9896,26.9396,38970355,1456772,1781077,38918960.0000,1454599.5000,1775373.3750,-32768,13769,-109
00:47:27,2004.34,26.51,2.48,3276.70,0.00,27.2057,27.1440,27.0001,26.9396,38968031,1456502,1795815,38921936.0000,1454725.0000,1776146.0000,-32768,13769,-109
00:47:29,2004.34,26.52,2.48,3276.70,0.00,27.2114,27.1550,27.0045,26.9502,38977366,1457195,1781514,38926688.0000,1454925.5000,1776900.5000,-32768,13769,-109
00:47:29,2004.34,26.52,2.47,3276.70,0.00,27.2135,27.1568,27.0059,26.9519,38976337,1457211,1781727,38928240.0000,1454996.8750,1777051.3750,-32768,13769,-109
00:47:31,2004.34,26.53,2.47,3276.70,0.00,27.2152,27.1586,27.0077,26.9536,38976958,1457266,1794410,38929764.0000,1454996.8750,1778031.0000,-32768,13769,-109
00:47:34,2004.34,26.53,2.47,3276.70,0.00,27.2187,27.1586,27.0120,26.9536,38990895,1457639,1782444,38936464.0000,1455386.1250,1778031.0000,-32768,13769,-109
00:47:36,2004.34,26.53,2.47,3276.70,0.00,27.2223,27.1676,27.0153,26.9621,38985504,1457673,1788722,38936464.0000,1455526.3750,1779011.8750,-32768,13769,-109
00:47:40,2004.34,26.54,2.47,3276.70,0.00,27.2223,27.1745,27.0153,26.9688,38985504,1457558,1788722,38936464.0000,1455526.3750,1779109.8750,-32768,13769,-109
00:47:41,2004.34,26.54,2.47,3276.70,0.00,27.2345,27.1812,27.0261,26.9754,38987637,1457596,1783597,38948384.0000,1455923.2500,1779502.0000,-32768,13769,-109
00:47:43,2004.34,26.54,2.45,3276.70,0.00,27.2374,27.1846,27.0290,26.9786,38987575,1458187,1769010,38950728.0000,1456045.6250,1779174.1250,-32768,13769,-109
00:47:45,2004.34,26.55,2.45,3276.70,0.00,27.2414,27.1880,27.0319,26.9818,38986313,1458187,1782619,38954116.0000,1456210.7500,1779174.1250,-32768,13769,-109
00:47:47,2004.34,26.55,2.45,3276.70,0.00,27.2462,27.1931,27.0364,26.9866,38986111,1457823,1767269,38956108.0000,1456302.7500,1778957.5000,-32768,13769,-109
00:47:49,2004.34,26.56,2.45,3276.70,0.00,27.2476,27.1931,27.0385,26.9866,38986597,1457530,1783962,38958772.0000,1456422.5000,1779049.7500,-32768,13769,-109
00:47:51,2004.34,26.56,2.45,3276.70,0.00,27.2514,27.2012,27.0424,26.9943,38985199,1457559,1783962,38961192.0000,1456520.5000,1778789.3750,-32768,13769,-109
00:47:53,2004.34,26.57,2.46,3276.70,0.00,27.2547,27.2012,27.0471,26.9988,38991572,1457638,1783749,38962960.0000,1456585.1250,1779096.6250,-32768,13769,-109
00:47:54,2004.34,26.57,2.45,3276.70,0.00,27.2580,27.2076,27.0485,27.0004,38992772,1457533,1784078,38963892.0000,1456614.7500,1779252.2500,-32768,13769,-109
00:47:57,2004.34,26.57,2.45,3276.70,0.00,27.2580,27.2125,27.0485,27.0050,38992772,1457823,1784272,38967028.0000,1456726.7500,1779845.3750,-32768,13769,-109
00:48:00,2004.34,26.57,2.43,3276.70,0.00,27.2690,27.2125,27.0586,27.0050,38993108,1457426,1796946,38969316.0000,1456798.7500,1781078.1250,-32768,13769,-109
00:48:02,2004.34,26.58,2.43,3276.70,0.00,27.2741,27.2125,27.0645,27.0050,39000528,1457952,1786083,38971792.0000,1456927.0000,1782128.2500,-32768,13769,-109
00:48:05,2004.34,26.58,2.42,3276.70,0.00,27.2741,27.2289,27.0645,27.0221,39000632,1458253,1785253,38974924.0000,1457032.1250,1782804.1250,-32768,13769,-109
00:48:07,2004.34,26.60,2.42,3276.70,0.00,27.2827,27.2321,27.0734,27.0252,39000925,1458313,1785253,38976628.0000,1457113.2500,1782804.1250,-32768,13769,-109
00:48:08,2004.34,26.61,2.43,3276.70,0.00,27.2880,27.2370,27.0764,27.0282,39001521,1458313,1785253,38978856.0000,1457207.3750,1783323.2500,-32768,13769,-109
00:48:10,2004.34,26.61,2.43,3276.70,0.00,27.2894,27.2386,27.0795,27.0312,39003236,1458280,1786647,38979620.0000,1457241.0000,1783427.1250,-32768,13769,-109
00:48:12,2004.34,26.61,2.41,3276.70,0.00,27.2921,27.2418,27.0809,27.0328,39003426,1458555,1786647,38979620.0000,1457317.8750,1782833.5000,-32768,13769,-109
00:48:13,2004.34,26.61,2.41,3276.70,0.00,27.2962,27.2466,27.0852,27.0373,39003439,1458345,1787088,38982512.0000,1457377.7500,1783082.1250,-32768,13769,-109
00:48:14,2004.34,26.61,2.41,3276.70,0.00,27.2983,27.2482,27.0866,27.0373,39008773,1458599,1774424,38984088.0000,1457449.2500,1782966.7500,-32768,13769,-109
00:48:15,2004.34,26.62,2.40,3276.70,0.00,27.3015,27.2514,27.0900,27.0419,39006169,1458559,1777114,38984776.0000,1457483.8750,1782783.8750,-32768,13769,-109
00:48:17,2004.34,26.62,2.41,3276.70,0.00,27.3029,27.2530,27.0917,27.0434,39009182,1458494,1786793,38985540.0000,1457483.8750,1783042.2500,-32768,13769,-109
00:48:20,2004.34,26.62,2.41,3276.70,0.00,27.3086,27.2579,27.0961,27.0480,39011463,1458177,1786793,38985540.0000,1457483.8750,1783401.2500,-32768,13769,-109
00:48:21,1998.91,26.63,2.41,3276.70,0.00,27.3135,27.2627,27.1012,27.0527,39009281,1458553,1786793,38990404.0000,1457701.6250,1783911.3750,-32768,13769,-109
00:48:23,2004.34,26.63,2.40,3276.70,0.00,27.3159,27.2659,27.1037,27.0557,39016888,1458427,1803403,38991232.0000,1457724.2500,1784520.5000,-32768,13769,-109
00:48:25,2004.34,26.64,2.40,3276.70,0.00,27.3189,27.2691,27.1068,27.0588,39016404,1458663,1788298,38991232.0000,1457724.2500,1785218.2500,-32768,13769,-109
00:48:26,2004.34,26.64,2.40,3276.70,0.00,27.3189,27.2691,27.1096,27.0633,39020411,1458593,1804540,38994904.0000,1457850.8750,1785925.8750,-32768,13769,-109
00:48:30,2004.34,26.64,2.40,3276.70,0.00,27.3189,27.2770,27.1096,27.0677,39020411,1458947,1789344,38996904.0000,1457969.8750,1785925.8750,-32768,13769,-109
00:48:32,2004.34,26.65,2.39,3276.70,0.00,27.3299,27.2770,27.1181,27.0677,39016934,1459008,1780520,38998984.0000,1458033.8750,1786449.1250,-32768,13769,-109
00:48:33,2004.34,26.65,2.39,3276.70,0.00,27.3328,27.2846,27.1199,27.0677,39018942,1459008,1780520,39000892.0000,1458122.0000,1786763.6250,-32768,13769,-109
00:48:36,2004.34,26.66,2.39,3276.70,0.00,27.3380,27.2846,27.1272,27.0677,39017645,1459107,1776573,39002780.0000,1458215.2500,1786288.0000,-32768,13769,-109
00:48:38,2004.34,26.66,2.39,3276.70,0.00,27.3419,27.2924,27.1289,27.0677,39024629,1459107,1790670,39004144.0000,1458267.2500,1786540.2500,-32768,13769,-109
00:48:40,2004.34,26.66,2.38,3276.70,0.00,27.3419,27.2972,27.1289,27.0874,39024629,1459062,1790962,39006000.0000,1458363.3750,1786207.6250,-32768,13769,-109
00:48:42,2004.34,26.67,2.39,3276.70,0.00,27.3543,27.3037,27.1402,27.0920,39025341,1459049,1790962,39007908.0000,1458437.3750,1786340.3750,-32768,13769,-109
00:48:45,2004.34,26.67,2.38,3276.70,0.00,27.3543,27.3084,27.1445,27.0965,39026582,1459142,1791117,39007908.0000,1458506.1250,1786585.3750,-32768,13769,-109
00:48:46,2004.34,26.68,2.38,3276.70,0.00,27.3609,27.3116,27.1479,27.0996,39026512,1459152,1791213,39010144.0000,1458506.1250,1786734.6250,-32768,13769,-109
00:48:49,2004.34,26.68,2.38,3276.70,0.00,27.3609,27.3163,27.1479,27.1058,39026512,1459459,1791215,39012360.0000,1458614.1250,1787213.0000,-32768,13769,-109
00:48:50,1998.91,26.69,2.38,3276.70,0.00,27.3691,27.3194,27.1566,27.1073,39028434,1459362,1791528,39012864.0000,1458637.5000,1787347.8750,-32768,13769,-109
00:48:52,2004.34,26.69,2.37,3276.70,0.00,27.3712,27.3226,27.1595,27.1105,39037240,1459141,1798873,39014272.0000,1458637.5000,1787891.8750,-32768,13769,-109
00:48:54,2004.34,26.70,2.37,3276.70,0.00,27.3761,27.3226,27.1629,27.1105,39034840,1459384,1792541,39016168.0000,1458743.6250,1788321.6250,-32768,13769,-109
00:48:56,2004.34,26.71,2.37,3276.70,0.00,27.3810,27.3306,27.1684,27.1184,39038417,1459145,1803796,39017508.0000,1458765.7500,1789242.8750,-32768,13769,-109
00:48:58,2004.34,26.71,2.37,3276.70,0.00,27.3851,27.3339,27.1684,27.1184,39034390,1459553,1792642,39019016.0000,1458830.1250,1789580.3750,-32768,13769,-109
00:48:59,2004.34,26.71,2.35,3276.70,0.00,27.3895,27.3372,27.1758,27.1249,39037943,1459270,1797850,39019608.0000,1458843.8750,1789929.2500,-32768,13769,-109
00:49:01,2004.34,26.72,2.35,3276.70,0.00,27.3930,27.3405,27.1788,27.1281,39038428,1459411,1793533,39019608.0000,1458899.3750,1790144.0000,-32768,13769,-109
00:49:03,2004.34,26.72,2.35,3276.70,0.00,27.3930,27.3439,27.1788,27.1330,39043281,1459411,1793533,39023424.0000,1458969.0000,1790487.7500,-32768,13769,-109
00:49:05,2004.34,26.72,2.35,3276.70,0.00,27.3930,27.3506,27.1788,27.1379,39039982,1459663,1794419,39024292.0000,1459027.1250,1790832.5000,-32768,13769,-109
00:49:08,2004.34,26.73,2.35,3276.70,0.00,27.3930,27.3557,27.1950,27.1429,39043844,1459918,1794287,39025928.0000,1459082.1250,1791117.0000,-32768,13769,-109
00:49:09,2004.34,26.73,2.33,3276.70,0.00,27.4133,27.3592,27.1995,27.1462,39044192,1459806,1795715,39026944.0000,1459121.7500,1791384.5000,-32768,13769,-109
00:49:11,2004.34,26.74,2.34,3276.70,0.00,27.4168,27.3627,27.2036,27.1496,39044103,1460157,1792545,39028028.0000,1459176.3750,1791556.5000,-32768,13769,-109
00:49:12,2004.34,26.74,2.33,3276.70,0.00,27.4189,27.3644,27.2053,27.1514,39042484,1459809,1797553,39028480.0000,1459216.2500,1791847.0000,-32768,13769,-109
00:49:14,1998.91,26.75,2.33,3276.70,0.00,27.4225,27.3644,27.2102,27.1514,39048472,1459979,1794942,39030024.0000,1459263.3750,1792060.1250,-32768,13769,-109
00:49:17,2004.34,26.75,2.33,3276.70,0.00,27.4225,27.3730,27.2102,27.1617,39049713,1459979,1796907,39030024.0000,1459367.1250,1792697.2500,-32768,13769,-109
00:49:20,2004.34,26.76,2.33,3276.70,0.00,27.4225,27.3819,27.2102,27.1686,39060236,1460398,1793685,39034664.0000,1459455.0000,1792897.0000,-32768,13769,-109
00:49:22,2004.34,26.76,2.32,3276.70,0.00,27.4405,27.3819,27.2278,27.1737,39054865,1460278,1797360,39034664.0000,1459535.0000,1793223.6250,-32768,13769,-109
00:49:24,2004.34,26.77,2.32,3276.70,0.00,27.4443,27.3889,27.2278,27.1772,39054865,1460491,1798020,39038440.0000,1459614.8750,1793656.1250,-32768,13769,-109
00:49:27,2004.34,26.78,2.32,3276.70,0.00,27.4443,27.3960,27.2278,27.1842,39054865,1460667,1801244,39041384.0000,1459732.7500,1794272.2500,-32768,13769,-109
00:49:30,2004.34,26.78,2.31,3276.70,0.00,27.4443,27.4033,27.2278,27.1896,39054865,1460572,1801244,39043880.0000,1459836.6250,1794651.5000,-32768,13769,-109
00:49:32,2004.34,26.80,2.30,3276.70,0.00,27.4671,27.4089,27.2278,27.1896,39062730,1460515,1798481,39045136.0000,1459882.2500,1794971.2500,-32768,13769,-109
00:49:34,2009.78,26.80,2.30,3276.70,0.00,27.4707,27.4126,27.2559,27.1896,39066357,1460658,1799435,39046408.0000,1459931.1250,1795234.5000,-32768,13769,-109
00:49:36,2004.34,26.81,2.30,3276.70,0.00,27.4760,27.4164,27.2605,27.1896,39065802,1460611,1799435,39047728.0000,1459931.1250,1795690.3750,-32768,13769,-109
00:49:37,2004.34,26.81,2.30,3276.70,0.00,27.4813,27.4221,27.2658,27.1896,39067774,1460829,1799556,39048904.0000,1460028.5000,1795811.1250,-32768,13769,-109
00:49:39,2004.34,26.82,2.30,3276.70,0.00,27.4835,27.4240,27.2675,27.1896,39069671,1460809,1804532,39050172.0000,1460078.2500,1796212.2500,-32768,13769,-109
00:49:40,2004.34,26.82,2.30,3276.70,0.00,27.4875,27.4296,27.2726,27.2153,39066036,1460531,1800694,39051328.0000,1460113.5000,1796375.0000,-32768,13769,-109
00:49:42,2004.34,26.82,2.30,3276.70,0.00,27.4898,27.4314,27.2746,27.2171,39068983,1460531,1799892,39052520.0000,1460153.7500,1796601.5000,-32768,13769,-109
00:49:43,2004.34,26.83,2.30,3276.70,0.00,27.4940,27.4314,27.2806,27.2227,39074470,1460997,1797843,39053764.0000,1460199.7500,1796894.6250,-32768,13769,-109
00:49:45,2004.34,26.83,2.29,3276.70,0.00,27.4975,27.4389,27.2817,27.2245,39070589,1460785,1801416,39054288.0000,1460218.0000,1796894.6250,-32768,13769,-109
00:49:46,2004.34,26.84,2.30,3276.70,0.00,27.5011,27.4427,27.2853,27.2281,39077123,1461069,1800798,39055620.0000,1460266.3750,1797286.6250,-32768,13769,-109
00:49:47,2004.34,26.84,2.30,3276.70,0.00,27.5031,27.4446,27.2871,27.2300,39077675,1461181,1804341,39056308.0000,1460294.8750,1797507.0000,-32768,13769,-109
00:49:49,2004.34,26.84,2.29,3276.70,0.00,27.5056,27.4482,27.2871,27.2354,39079694,1461246,1800999,39058344.0000,1460377.3750,1797777.1250,-32768,13769,-109
00:49:50,2004.34,26.84,2.29,3276.70,0.00,27.5098,27.4519,27.2937,27.2371,39080968,1461334,1800999,39058344.0000,1460407.2500,1797914.3750,-32768,13769,-109
00:49:52,2004.34,26.84,2.29,3276.70,0.00,27.5098,27.4556,27.2937,27.2425,39078233,1461334,1803434,39060968.0000,1460480.5000,1798357.3750,-32768,13769,-109
00:49:53,1998.91,26.85,2.27,3276.70,0.00,27.5171,27.4593,27.3014,27.2444,39082949,1461298,1802969,39061652.0000,1460506.0000,1798501.5000,-32768,13769,-109
00:49:55,2004.34,26.85,2.29,3276.70,0.00,27.5193,27.4611,27.3045,27.2480,39087827,1461630,1806072,39063192.0000,1460506.0000,1798863.0000,-32768,13769,-109
00:49:57,2004.34,26.85,2.29,3276.70,0.00,27.5227,27.4611,27.3080,27.2480,39089009,1461753,1805005,39065652.0000,1460674.8750,1799257.3750,-32768,13769,-109
00:49:59,2004.34,26.86,2.29,3276.70,0.00,27.5283,27.4703,27.3124,27.2552,39092149,1461713,1804541,39066480.0000,1460707.3750,1799422.5000,-32768,13769,-109
00:50:00,2004.34,26.87,2.27,3276.70,0.00,27.5323,27.4703,27.3157,27.2552,39093303,1461608,1805315,39068948.0000,1460798.7500,1799938.1250,-32768,13769,-109
00:50:03,2004.34,26.87,2.27,3276.70,0.00,27.5373,27.4796,27.3211,27.2552,39093303,1462023,1804781,39070736.0000,1460871.3750,1800479.3750,-32768,13769,-109
00:50:04,2004.34,26.88,2.27,3276.70,0.00,27.5404,27.4832,27.3232,27.2678,39102183,1462010,1802678,39072648.0000,1460941.3750,1800548.1250,-32768,13769,-109
00:50:05,2004.34,26.88,2.27,3276.70,0.00,27.5418,27.4868,27.3259,27.2713,39103486,1462217,1805262,39074448.0000,1461052.7500,1800992.1250,-32768,13769,-109
00:50:08,2004.34,26.88,2.29,3276.70,0.00,27.5418,27.4921,27.3259,27.2764,39107193,1462239,1803180,39077396.0000,1461128.5000,1801283.8750,-32768,13769,-109
00:50:09,2004.34,26.89,2.27,3276.70,0.00,27.5490,27.4938,27.3321,27.2782,39106569,1462179,1805728,39078308.0000,1461199.1250,1801576.5000,-32768,13769,-109
00:50:11,2004.34,26.89,2.27,3276.70,0.00,27.5524,27.4973,27.3321,27.2782,39111376,1462412,1805728,39081304.0000,1461278.8750,1801853.5000,-32768,13769,-109
00:50:12,2004.34,26.89,2.27,3276.70,0.00,27.5567,27.5009,27.3393,27.2850,39111454,1462439,1805390,39083152.0000,1461350.3750,1802119.1250,-32768,13769,-109
00:50:14,2004.34,26.90,2.27,3276.70,0.00,27.5567,27.5063,27.3455,27.2903,39117893,1462823,1806492,39085224.0000,1461437.2500,1802290.2500,-32768,13769,-109
00:50:16,2004.34,26.90,2.25,3276.70,0.00,27.5641,27.5063,27.3483,27.2938,39117506,1462954,1810511,39087296.0000,1461532.2500,1802688.3750,-32768,13769,-109
00:50:17,2004.34,26.90,2.25,3276.70,0.00,27.5673,27.5116,27.3499,27.2955,39118406,1463067,1808389,39088268.0000,1461580.2500,1802866.5000,-32768,13769,-109
00:50:18,2004.34,26.90,2.25,3276.70,0.00,27.5704,27.5152,27.3525,27.2955,39118406,1463391,1804070,39091500.0000,1461731.8750,1803149.6250,-32768,13769,-109
00:50:20,2004.34,26.90,2.25,3276.70,0.00,27.5717,27.5152,27.3552,27.2955,39122821,1463371,1808143,39093416.0000,1461827.7500,1803545.1250,-32768,13769,-109
00:50:22,2004.34,26.91,2.25,3276.70,0.00,27.5754,27.5221,27.3580,27.3057,39128644,1463452,1808153,39095480.0000,1461827.7500,1803804.3750,-32768,13769,-109
00:50:24,2004.34,26.91,2.25,3276.70,0.00,27.5793,27.5271,27.3630,27.3107,39127666,1463737,1805712,39097560.0000,1462084.3750,1804198.3750,-32768,13769,-109
00:50:27,2004.34,26.92,2.24,3276.70,0.00,27.5793,27.5321,27.3630,27.3157,39133479,1463735,1809645,39097560.0000,1462084.3750,1804768.6250,-32768,13769,-109
00:50:29,2004.34,26.92,2.23,3276.70,0.00,27.5875,27.5321,27.3719,27.3157,39137688,1464049,1808377,39104784.0000,1462392.1250,1805027.1250,-32768,13769,-109
00:50:31,2004.34,26.93,2.23,3276.70,0.00,27.5934,27.5405,27.3758,27.3239,39138141,1464182,1808377,39106796.0000,1462501.6250,1805303.2500,-32768,13769,-109
00:50:34,2004.34,26.93,2.23,3276.70,0.00,27.5982,27.5405,27.3758,27.3288,39138141,1464304,1810572,39109636.0000,1462501.6250,1805303.2500,-32768,13769,-109
00:50:35,2004.34,26.94,2.22,3276.70,0.00,27.6034,27.5506,27.3758,27.3337,39139855,1464257,1805930,39111540.0000,1462752.0000,1805989.6250,-32768,13769,-109
00:50:38,2004.34,26.94,2.22,3276.70,0.00,27.6034,27.5540,27.3758,27.3387,39139855,1464612,1811042,39115476.0000,1462955.2500,1806630.1250,-32768,13769,-109
00:50:42,2004.34,26.95,2.22,3276.70,0.00,27.6034,27.5623,27.3758,27.3452,39139855,1464766,1811044,39119336.0000,1463145.5000,1807154.1250,-32768,13769,-109
00:50:43,2004.34,26.96,2.22,3276.70,0.00,27.6171,27.5657,27.3998,27.3502,39152073,1464725,1816097,39119336.0000,1463248.2500,1807559.6250,-32768,13769,-109
00:50:45,2004.34,26.96,2.22,3276.70,0.00,27.6204,27.5705,27.4052,27.3534,39156756,1464963,1816097,39124440.0000,1463407.5000,1807898.2500,-32768,13769,-109
00:50:48,2004.34,26.96,2.22,3276.70,0.00,27.6204,27.5752,27.4052,27.3584,39156795,1465000,1814995,39126428.0000,1463508.3750,1808234.6250,-32768,13769,-109
00:50:50,2004.34,26.98,2.22,3276.70,0.00,27.6204,27.5800,27.4140,27.3632,39160955,1465173,1814995,39126428.0000,1463705.8750,1808589.3750,-32768,13769,-109
00:50:52,2004.34,26.98,2.19,3276.70,0.00,27.6348,27.5800,27.4206,27.3632,39165684,1465381,1813570,39133632.0000,1463855.3750,1809027.6250,-32768,13769,-109
00:50:54,2004.34,26.99,2.19,3276.70,0.00,27.6421,27.5884,27.4245,27.3632,39167539,1465512,1814515,39134692.0000,1463960.7500,1809358.0000,-32768,13769,-109
00:50:56,2004.34,26.99,2.19,3276.70,0.00,27.6460,27.5884,27.4313,27.3768,39171533,1465473,1817039,39134692.0000,1464056.5000,1809634.2500,-32768,13769,-109
00:50:57,2004.34,27.00,2.17,3276.70,0.00,27.6527,27.5971,27.4352,27.3803,39172661,1465914,1814435,39139908.0000,1464164.7500,1809910.6250,-32768,13769,-109
00:50:59,2004.34,27.00,2.17,3276.70,0.00,27.6546,27.5989,27.4374,27.3820,39172900,1465863,1814959,39140940.0000,1464164.7500,1810248.8750,-32768,13769,-109
00:51:00,2004.34,27.00,2.17,3276.70,0.00,27.6580,27.6024,27.4422,27.3873,39178147,1466161,1815695,39144200.0000,1464382.3750,1810479.1250,-32768,13769,-109
00:51:02,2004.34,27.01,2.17,3276.70,0.00,27.6580,27.6077,27.4422,27.3909,39180569,1466181,1819650,39147448.0000,1464541.7500,1811040.3750,-32768,13769,-109
00:51:05,2004.34,27.01,2.17,3276.70,0.00,27.6580,27.6131,27.4530,27.3962,39183880,1466559,1816951,39149680.0000,1464659.0000,1811271.5000,-32768,13769,-109
00:51:06,2004.34,27.02,2.17,3276.70,0.00,27.6725,27.6150,27.4550,27.3981,39186534,1466731,1816229,39151968.0000,1464659.0000,1811585.2500,-32768,13769,-109
00:51:09,2004.34,27.02,2.17,3276.70,0.00,27.6792,27.6150,27.4612,27.3981,39188919,1466468,1816229,39156408.0000,1464991.8750,1812234.7500,-32768,13769,-109
00:51:10,2004.34,27.03,2.15,3276.70,0.00,27.6859,27.6262,27.4680,27.4092,39192069,1466574,1816630,39157524.0000,1465041.2500,1812372.1250,-32768,13769,-109
00:51:12,2004.34,27.04,2.15,3276.70,0.00,27.6906,27.6300,27.4715,27.4129,39193531,1466784,1818094,39159740.0000,1465151.6250,1812660.5000,-32768,13769,-109
00:51:13,2004.34,27.04,2.15,3276.70,0.00,27.6925,27.6320,27.4715,27.4129,39194517,1466758,1818101,39161864.0000,1465251.5000,1812968.3750,-32768,13769,-109
00:51:16,2004.34,27.04,2.13,3276.70,0.00,27.6956,27.6320,27.4800,27.4129,39197210,1466952,1817621,39164896.0000,1465401.1250,1813329.2500,-32768,13769,-109
00:51:17,2004.34,27.05,2.13,3276.70,0.00,27.7034,27.6434,27.4869,27.4262,39197748,1466976,1820510,39166928.0000,1465500.8750,1813668.1250,-32768,13769,-109
00:51:19,2004.34,27.06,2.13,3276.70,0.00,27.7034,27.6473,27.4869,27.4321,39204226,1467278,1821377,39170112.0000,1465654.0000,1814123.6250,-32768,13769,-109
00:51:21,2004.34,27.06,2.13,3276.70,0.00,27.7131,27.6513,27.4960,27.4341,39206533,1467472,1819705,39170112.0000,1465768.7500,1814486.2500,-32768,13769,-109
00:51:23,2004.34,27.07,2.13,3276.70,0.00,27.7194,27.6573,27.5022,27.4401,39209791,1467669,1816780,39174676.0000,1465884.5000,1814722.1250,-32768,13769,-109
00:51:24,2004.34,27.07,2.12,3276.70,0.00,27.7214,27.6593,27.5043,27.4421,39210508,1467535,1820761,39175796.0000,1465936.1250,1814910.8750,-32768,13769,-109
00:51:25,2004.34,27.08,2.12,3276.70,0.00,27.7238,27.6613,27.5066,27.4441,39213033,1467794,1820666,39176960.0000,1465994.1250,1815090.6250,-32768,13769,-109
00:51:26,2004.34,27.08,2.12,3276.70,0.00,27.7261,27.6633,27.5085,27.4461,39215464,1467983,1820666,39179324.0000,1466116.7500,1815472.7500,-32768,13769,-109
00:51:28,2004.34,27.08,2.12,3276.70,0.00,27.7319,27.6693,27.5142,27.4520,39211888,1467983,1822816,39181408.0000,1466210.3750,1815760.2500,-32768,13769,-109
00:51:32,2004.34,27.09,2.11,3276.70,0.00,27.7319,27.6732,27.5142,27.4580,39211888,1467712,1817714,39181408.0000,1466386.5000,1816343.6250,-32768,13769,-109
00:51:33,2004.34,27.10,2.10,3276.70,0.00,27.7436,27.6812,27.5281,27.4641,39213293,1467668,1822523,39187104.0000,1466386.5000,1816968.1250,-32768,13769,-109
00:51:36,2004.34,27.10,2.10,3276.70,0.00,27.7502,27.6872,27.5334,27.4702,39216362,1467704,1822523,39190508.0000,1466603.3750,1816968.1250,-32768,13769,-109
00:51:37,2004.34,27.11,2.10,3276.70,0.00,27.7527,27.6911,27.5368,27.4742,39217091,1467810,1822126,39191336.0000,1466641.0000,1817636.6250,-32768,13769,-109
00:51:39,2004.34,27.12,2.11,3276.70,0.00,27.7561,27.6950,27.5414,27.4782,39220513,1467835,1822862,39193040.0000,1466714.0000,1817909.3750,-32768,13769,-109
00:51:40,2004.34,27.12,2.11,3276.70,0.00,27.7610,27.6990,27.5462,27.4823,39222801,1468055,1822862,39194876.0000,1466796.6250,1818168.5000,-32768,13769,-109
00:51:43,2004.34,27.12,2.10,3276.70,0.00,27.7668,27.6990,27.5518,27.4885,39222831,1467942,1822420,39194876.0000,1466907.3750,1818558.0000,-32768,13769,-109
00:51:46,2004.34,27.14,2.10,3276.70,0.00,27.7668,27.7114,27.5518,27.4970,39229289,1468398,1824934,39201224.0000,1466907.3750,1819193.8750,-32768,13769,-109
00:51:46,2004.34,27.15,2.08,3276.70,0.00,27.7839,27.7157,27.5678,27.4991,39228434,1468168,1824904,39202072.0000,1467108.3750,1819593.6250,-32768,13769,-109
00:51:48,2004.34,27.15,2.08,3276.70,0.00,27.7861,27.7201,27.5720,27.5035,39225951,1468102,1821745,39203496.0000,1467163.8750,1819660.8750,-32768,13769,-109
00:51:49,2004.34,27.15,2.07,3276.70,0.00,27.7909,27.7223,27.5720,27.5080,39228814,1468216,1824990,39205024.0000,1467226.7500,1819963.8750,-32768,13769,-109
00:51:52,2004.34,27.16,2.07,3276.70,0.00,27.7909,27.7290,27.5720,27.5148,39229656,1468416,1822085,39205024.0000,1467226.7500,1820694.2500,-32768,13769,-109
00:51:55,2004.34,27.17,2.07,3276.70,0.00,27.7909,27.7381,27.5720,27.5148,39235803,1468548,1825372,39209696.0000,1467427.5000,1820996.5000,-32768,13769,-109
00:51:58,2004.34,27.18,2.07,3276.70,0.00,27.7909,27.7450,27.5720,27.5309,39240476,1468852,1827588,39213208.0000,1467427.5000,1820996.5000,-32768,13769,-109
00:52:00,2004.34,27.19,2.07,3276.70,0.00,27.8238,27.7520,27.5720,27.5378,39240476,1469124,1827588,39216892.0000,1467771.6250,1821555.5000,-32768,13769,-109
00:52:03,2004.34,27.20,2.07,3276.70,0.00,27.8238,27.7612,27.5720,27.5471,39242292,1469010,1819830,39219328.0000,1467874.8750,1821848.0000,-32768,13769,-109
00:52:06,2004.34,27.21,2.05,3276.70,0.00,27.8238,27.7681,27.6261,27.5518,39242292,1468780,1829068,39221864.0000,1467961.5000,1822361.1250,-32768,13769,-109
00:52:08,2004.34,27.21,2.05,3276.70,0.00,27.8238,27.7753,27.6261,27.5613,39243615,1468698,1828040,39223780.0000,1468029.0000,1822810.7500,-32768,13769,-109
00:52:11,2004.34,27.22,2.05,3276.70,0.00,27.8238,27.7824,27.6261,27.5684,39241282,1468565,1829193,39225472.0000,1468078.5000,1822810.7500,-32768,13769,-109
00:52:12,2004.34,27.23,2.03,3276.70,0.00,27.8645,27.7896,27.6470,27.5732,39241282,1468565,1843992,39226472.0000,1468081.1250,1824620.6250,-32768,13769,-109
00:52:13,2004.34,27.24,2.04,3276.70,0.00,27.8661,27.7920,27.6492,27.5732,39247581,1468930,1830559,39227748.0000,1468127.1250,1824983.3750,-32768,13769,-109
00:52:16,2004.34,27.24,2.04,3276.70,0.00,27.8661,27.7991,27.6492,27.5852,39247581,1469046,1831549,39230532.0000,1468219.3750,1825959.1250,-32768,13769,-109
00:52:18,2004.34,27.25,2.04,3276.70,0.00,27.8828,27.8064,27.6492,27.5852,39254219,1468993,1832026,39232028.0000,1468219.3750,1826132.8750,-32768,13769,-109
00:52:20,2004.34,27.26,2.03,3276.70,0.00,27.8891,27.8114,27.6725,27.5950,39253719,1468956,1817300,39232028.0000,1468314.0000,1825856.8750,-32768,13769,-109
00:52:21,2004.34,27.27,2.02,3276.70,0.00,27.8945,27.8164,27.6770,27.5999,39249030,1468677,1831573,39233760.0000,1468325.3750,1826035.5000,-32768,13769,-109
00:52:22,2004.34,27.27,2.02,3276.70,0.00,27.8989,27.8214,27.6825,27.6049,39251338,1468883,1831638,39234848.0000,1468356.7500,1826385.8750,-32768,13769,-109
00:52:23,2004.34,27.27,2.02,3276.70,0.00,27.9014,27.8239,27.6851,27.6074,39246708,1468460,1842498,39235216.0000,1468360.0000,1826889.3750,-32768,13769,-109
00:52:24,2004.34,27.27,2.02,3276.70,0.00,27.9041,27.8264,27.6877,27.6099,39245600,1468195,1845374,39235544.0000,1468355.1250,1827593.8750,-32768,13769,-109
00:52:26,2004.34,27.28,2.01,3276.70,0.00,27.9095,27.8314,27.6932,27.6149,39245130,1468401,1831995,39236144.0000,1468356.6250,1827731.5000,-32768,13769,-109
00:52:28,2004.34,27.28,2.01,3276.70,0.00,27.9125,27.8314,27.6991,27.6149,39250021,1468481,1831995,39237244.0000,1468359.7500,1828942.2500,-32768,13769,-109
00:52:30,2004.34,27.29,2.01,3276.70,0.00,27.9243,27.8441,27.7067,27.6276,39250032,1468822,1832201,39238008.0000,1468359.7500,1829293.0000,-32768,13769,-109
00:52:31,2004.34,27.29,2.01,3276.70,0.00,27.9265,27.8467,27.7095,27.6301,39259631,1469345,1821119,39239164.0000,1468428.1250,1829037.6250,-32768,13769,-109
00:52:32,2004.34,27.30,2.01,3276.70,0.00,27.9313,27.8518,27.7095,27.6352,39260288,1469570,1817193,39239824.0000,1468463.8750,1828831.8750,-32768,13769,-109
00:52:34,2004.34,27.30,2.00,3276.70,0.00,27.9369,27.8569,27.7205,27.6403,39258804,1468914,1833780,39240988.0000,1468495.1250,1828986.5000,-32768,13769,-109
00:52:37,2004.34,27.31,2.00,3276.70,0.00,27.9369,27.8647,27.7205,27.6507,39261401,1468942,1835130,39243288.0000,1468542.7500,1829332.6250,-32768,13769,-109
00:52:39,2004.34,27.32,2.00,3276.70,0.00,27.9543,27.8725,27.7205,27.6560,39261401,1468437,1848713,39244548.0000,1468554.0000,1830271.7500,-32768,13769,-109
00:52:41,2004.34,27.33,1.98,3276.70,0.00,27.9625,27.8725,27.7452,27.6560,39255418,1468753,1836481,39245544.0000,1468559.8750,1831315.2500,-32768,13769,-109
00:52:44,2004.34,27.33,1.98,3276.70,0.00,27.9625,27.8882,27.7452,27.6743,39256433,1468925,1837759,39246356.0000,1468583.0000,1831869.3750,-32768,13769,-109
00:52:46,2004.34,27.34,1.98,3276.70,0.00,27.9754,27.8935,27.7579,27.6794,39261141,1468925,1836651,39247244.0000,1468609.5000,1832144.7500,-32768,13769,-109
00:52:48,2004.34,27.35,1.98,3276.70,0.00,27.9800,27.8987,27.7630,27.6820,39263561,1469087,1836651,39247244.0000,1468609.5000,1832144.7500,-32768,13769,-109
00:52:50,2004.34,27.36,1.98,3276.70,0.00,27.9900,27.9091,27.7734,27.6923,39265999,1469087,1848698,39249952.0000,1468680.7500,1832452.0000,-32768,13769,-109
00:52:51,2004.34,27.36,1.97,3276.70,0.00,27.9923,27.9116,27.7757,27.6949,39267802,1468809,1850141,39250508.0000,1468695.1250,1832910.6250,-32768,13769,-109
00:52:52,2004.34,27.37,1.97,3276.70,0.00,27.9981,27.9169,27.7804,27.7000,39262736,1468886,1827671,39251272.0000,1468701.1250,1832746.8750,-32768,13769,-109
00:52:54,2004.34,27.37,1.97,3276.70,0.00,28.0030,27.9220,27.7854,27.7000,39261571,1468815,1837640,39251928.0000,1468707.7500,1833206.8750,-32768,13769,-109
00:52:56,2004.34,27.38,1.97,3276.70,0.00,28.0077,27.9220,27.7914,27.7000,39255668,1468079,1851089,39252468.0000,1468672.8750,1834231.1250,-32768,13769,-109
00:52:57,2004.34,27.38,1.96,3276.70,0.00,28.0114,27.9323,27.7940,27.7153,39255668,1468079,1838181,39252640.0000,1468651.8750,1834463.0000,-32768,13769,-109
00:53:00,2004.34,27.39,1.96,3276.70,0.00,28.0161,27.9323,27.8006,27.7153,39260594,1468079,1852604,39253344.0000,1468657.2500,1835657.3750,-32768,13769,-109
00:53:02,2004.34,27.39,1.96,3276.70,0.00,28.0222,27.9448,27.8045,27.7277,39264828,1468902,1852604,39253344.0000,1468657.2500,1835657.3750,-32768,13769,-109
00:53:03,2004.34,27.40,1.96,3276.70,0.00,28.0298,27.9523,27.8045,27.7351,39270481,1469423,1828484,39255468.0000,1468733.6250,1835474.3750,-32768,13769,-109
00:53:07,2004.34,27.40,1.96,3276.70,0.00,28.0298,27.9597,27.8045,27.7425,39266518,1468806,1828484,39255468.0000,1468734.5000,1835951.1250,-32768,13769,-109
00:53:09,2004.34,27.41,1.96,3276.70,0.00,28.0298,27.9696,27.8045,27.7521,39256488,1468293,1840605,39256624.0000,1468734.5000,1835890.0000,-32768,13769,-109
00:53:12,2004.34,27.41,1.95,3276.70,0.00,28.0517,27.9768,27.8331,27.7521,39256930,1468293,1844370,39256528.0000,1468653.7500,1835890.0000,-32768,13769,-109
00:53:15,2004.34,27.43,1.95,3276.70,0.00,28.0517,27.9863,27.8331,27.7687,39256930,1468869,1841658,39256908.0000,1468642.1250,1836944.8750,-32768,13769,-109
00:53:17,2004.34,27.44,1.95,3276.70,0.00,28.0673,27.9934,27.8489,27.7758,39265693,1468819,1840093,39257380.0000,1468642.1250,1837178.7500,-32768,13769,-109
00:53:18,2004.34,27.44,1.94,3276.70,0.00,28.0695,27.9958,27.8506,27.7781,39267538,1468773,1840093,39258032.0000,1468665.7500,1837491.2500,-32768,13769,-109
00:53:21,2004.34,27.45,1.94,3276.70,0.00,28.0695,28.0029,27.8506,27.7872,39267538,1468773,1841504,39258932.0000,1468663.8750,1837491.2500,-32768,13769,-109
00:53:25,2004.34,27.46,1.94,3276.70,0.00,28.0695,28.0120,27.8506,27.7963,39257459,1467427,1856983,39258964.0000,1468663.8750,1837491.2500,-32768,13769,-109
00:53:28,2004.34,27.47,1.93,3276.70,0.00,28.0695,28.0212,27.8506,27.8053,39257459,1468055,1846857,39258352.0000,1468477.1250,1839077.1250,-32768,13769,-109
00:53:29,2004.34,27.47,1.93,3276.70,0.00,28.1032,28.0305,27.8836,27.8121,39260159,1468090,1843562,39258440.0000,1468452.2500,1839357.3750,-32768,13769,-109
00:53:32,2004.34,27.48,1.92,3276.70,0.00,28.1057,28.0328,27.8864,27.8121,39260159,1468431,1833535,39258500.0000,1468452.2500,1839298.3750,-32768,13769,-109
00:53:33,2004.34,27.49,1.92,3276.70,0.00,28.1123,28.0398,27.8919,27.8213,39263910,1468293,1843900,39258740.0000,1468442.0000,1839178.5000,-32768,13769,-109
00:53:34,2004.34,27.49,1.92,3276.70,0.00,28.1136,28.0421,27.8936,27.8235,39266251,1468345,1844619,39258976.0000,1468439.0000,1839348.5000,-32768,13769,-109
00:53:35,2004.34,27.49,1.92,3276.70,0.00,28.1149,28.0444,27.8958,27.8257,39267737,1468388,1844477,39259248.0000,1468437.3750,1839508.7500,-32768,13769,-109
00:53:37,2004.34,27.49,1.92,3276.70,0.00,28.1194,28.0489,27.8958,27.8325,39267737,1468138,1844665,39259712.0000,1468418.8750,1839948.7500,-32768,13769,-109
00:53:38,2004.34,27.50,1.92,3276.70,0.00,28.1238,28.0534,27.9043,27.8347,39258628,1467914,1844886,39259680.0000,1468403.1250,1840260.1250,-32768,13769,-109
00:53:40,2004.34,27.50,1.92,3276.70,0.00,28.1257,28.0579,27.9088,27.8391,39256368,1467748,1845766,39259460.0000,1468403.1250,1840432.2500,-32768,13769,-109
00:53:43,2004.34,27.50,1.92,3276.70,0.00,28.1257,28.0646,27.9088,27.8481,39256368,1467712,1845822,39258860.0000,1468279.1250,1840988.7500,-32768,13769,-109
00:53:44,2004.34,27.51,1.89,3276.70,0.00,28.1430,28.0715,27.9237,27.8481,39256368,1467981,1845571,39258744.0000,1468253.2500,1841427.0000,-32768,13769,-109
00:53:47,2004.34,27.52,1.89,3276.70,0.00,28.1430,28.0783,27.9280,27.8593,39258974,1467903,1845144,39258724.0000,1468233.1250,1841427.0000,-32768,13769,-109
00:53:50,2004.34,27.52,1.89,3276.70,0.00,28.1430,28.0849,27.9280,27.8659,39258974,1468105,1847177,39258724.0000,1468219.7500,1842030.7500,-32768,13769,-109
00:53:53,2004.34,27.54,1.89,3276.70,0.00,28.1430,28.0935,27.9280,27.8765,39259494,1467752,1847192,39259412.0000,1468195.8750,1842528.6250,-32768,13769,-109
00:53:54,2004.34,27.54,1.89,3276.70,0.00,28.1645,28.0978,27.9449,27.8786,39254741,1467463,1846948,39259264.0000,1468173.0000,1842666.7500,-32768,13769,-109
00:53:55,2004.34,27.54,1.89,3276.70,0.00,28.1669,28.1000,27.9449,27.8829,39248551,1467156,1847198,39258696.0000,1468111.2500,1842971.7500,-32768,13769,-109
00:53:57,2004.34,27.55,1.88,3276.70,0.00,28.1669,28.1064,27.9449,27.8892,39246831,1467328,1846200,39257616.0000,1468031.2500,1843279.1250,-32768,13769,-109
00:54:00,2004.34,27.55,1.87,3276.70,0.00,28.1772,28.1107,27.9449,27.8934,39246831,1467286,1846668,39257152.0000,1467987.7500,1843449.0000,-32768,13769,-109
00:54:01,2004.34,27.56,1.87,3276.70,0.00,28.1841,28.1171,27.9635,27.8976,39252035,1467488,1848054,39256840.0000,1467955.2500,1843683.0000,-32768,13769,-109
00:54:03,2004.34,27.56,1.87,3276.70,0.00,28.1882,28.1214,27.9677,27.9018,39251126,1467488,1847409,39256344.0000,1467910.2500,1844055.7500,-32768,13769,-109
00:54:04,2004.34,27.56,1.86,3276.70,0.00,28.1927,28.1257,27.9714,27.9060,39254284,1467680,1847184,39256280.0000,1467903.1250,1844153.5000,-32768,13769,-109
00:54:06,2004.34,27.57,1.86,3276.70,0.00,28.1967,28.1257,27.9755,27.9102,39256623,1468033,1849002,39256240.0000,1467903.3750,1844455.8750,-32768,13769,-109
00:54:07,2004.34,27.57,1.87,3276.70,0.00,28.1991,28.1321,27.9775,27.9122,39258464,1468010,1849002,39256368.0000,1467907.1250,1844727.0000,-32768,13769,-109
00:54:09,2004.34,27.58,1.87,3276.70,0.00,28.2055,28.1386,27.9838,27.9185,39256615,1467633,1847965,39256412.0000,1467891.7500,1845050.0000,-32768,13769,-109
00:54:10,2004.34,27.58,1.85,3276.70,0.00,28.2077,28.1407,27.9857,27.9206,39256615,1467874,1833406,39256344.0000,1467884.2500,1844485.8750,-32768,13769,-109
00:54:13,2004.34,27.58,1.85,3276.70,0.00,28.2077,28.1472,27.9857,27.9289,39251222,1467479,1848266,39255960.0000,1467844.8750,1844794.1250,-32768,13769,-109
00:54:16,2004.34,27.58,1.83,3276.70,0.00,28.2195,28.1472,27.9999,27.9289,39253120,1467508,1848266,39255424.0000,1467797.1250,1844794.1250,-32768,13769,-109
00:54:19,2004.34,27.60,1.83,3276.70,0.00,28.2283,28.1472,28.0059,27.9289,39256890,1467929,1848266,39255596.0000,1467803.3750,1846492.3750,-32768,13769,-109
00:54:21,2004.34,27.61,1.83,3276.70,0.00,28.2346,28.1683,28.0127,27.9475,39258280,1467854,1847807,39255596.0000,1467803.3750,1846663.5000,-32768,13769,-109
00:54:23,2004.34,27.62,1.82,3276.70,0.00,28.2392,28.1726,28.0127,27.9538,39258280,1467769,1847807,39256264.0000,1467813.5000,1847077.1250,-32768,13769,-109
00:54:27,2004.34,27.62,1.81,3276.70,0.00,28.2392,28.1812,28.0127,27.9621,39258280,1467353,1865585,39256264.0000,1467776.3750,1848536.3750,-32768,13769,-109
00:54:29,2004.34,27.63,1.80,3276.70,0.00,28.2583,28.1917,28.0362,27.9705,39254822,1467598,1851137,39256152.0000,1467759.5000,1848795.0000,-32768,13769,-109
00:54:31,2004.34,27.64,1.80,3276.70,0.00,28.2632,28.1960,28.0414,27.9748,39258083,1468137,1843301,39256232.0000,1467776.7500,1848347.3750,-32768,13769,-109
00:54:32,2004.34,27.64,1.80,3276.70,0.00,28.2674,28.2003,28.0454,27.9748,39258825,1467815,1852448,39256408.0000,1467780.2500,1848636.2500,-32768,13769,-109
00:54:34,2004.34,27.65,1.80,3276.70,0.00,28.2691,28.2025,28.0473,27.9748,39260768,1467593,1850035,39256616.0000,1467774.3750,1848784.6250,-32768,13769,-109
00:54:36,2004.34,27.65,1.80,3276.70,0.00,28.2759,28.2025,28.0541,27.9748,39262197,1467857,1856302,39256948.0000,1467776.1250,1849243.3750,-32768,13769,-109
00:54:39,2004.34,27.66,1.80,3276.70,0.00,28.2759,28.2153,28.0541,27.9959,39264960,1467938,1852797,39257612.0000,1467776.1250,1849616.3750,-32768,13769,-109
00:54:41,2004.34,27.67,1.79,3276.70,0.00,28.2759,28.2239,28.0682,28.0022,39259666,1467789,1852797,39257940.0000,1467799.2500,1849991.1250,-32768,13769,-109
00:54:43,2004.34,27.68,1.79,3276.70,0.00,28.2952,28.2282,28.0720,28.0064,39259612,1467923,1841161,39258060.0000,1467809.6250,1849295.6250,-32768,13769,-109
00:54:46,2004.34,27.68,1.76,3276.70,0.00,28.2975,28.2282,28.0748,28.0064,39259864,1467821,1852952,39258112.0000,1467809.6250,1849295.6250,-32768,13769,-109
00:54:48,2004.34,27.69,1.75,3276.70,0.00,28.2975,28.2409,28.0748,28.0210,39259283,1467882,1853922,39258228.0000,1467783.7500,1851108.1250,-32768,13769,-109
00:54:49,2004.34,27.69,1.75,3276.70,0.00,28.3116,28.2452,28.0891,28.0231,39260818,1467972,1854315,39258308.0000,1467789.6250,1851208.2500,-32768,13769,-109
00:54:50,2004.34,27.70,1.74,3276.70,0.00,28.3140,28.2473,28.0913,28.0252,39261187,1468156,1854535,39258400.0000,1467801.1250,1851312.2500,-32768,13769,-109
00:54:52,2004.34,27.71,1.75,3276.70,0.00,28.3181,28.2515,28.0957,28.0252,39261187,1468323,1860052,39258928.0000,1467837.6250,1851812.5000,-32768,13769,-109
00:54:54,2004.34,27.71,1.75,3276.70,0.00,28.3181,28.2578,28.0957,28.0357,39267434,1468317,1842326,39259704.0000,1467882.1250,1851408.0000,-32768,13769,-109
00:54:56,2004.34,27.72,1.75,3276.70,0.00,28.3264,28.2619,28.1065,28.0400,39269219,1468344,1855161,39260000.0000,1467882.1250,1851669.8750,-32768,13769,-109
00:54:58,2004.34,27.73,1.75,3276.70,0.00,28.3338,28.2682,28.1117,28.0463,39268540,1467755,1873540,39260892.0000,1467914.2500,1852475.3750,-32768,13769,-109
00:55:00,2004.34,27.73,1.73,3276.70,0.00,28.3381,28.2682,28.1164,28.0505,39268540,1467949,1856212,39261392.0000,1467914.2500,1853320.3750,-32768,13769,-109
00:55:02,2004.34,27.74,1.73,3276.70,0.00,28.3450,28.2787,28.1222,28.0505,39260789,1468183,1845788,39261424.0000,1467923.7500,1853085.0000,-32768,13769,-109
00:55:06,2004.34,27.75,1.72,3276.70,0.00,28.3450,28.2851,28.1222,28.0652,39260789,1467865,1855906,39261152.0000,1467923.7500,1853085.0000,-32768,13769,-109
00:55:06,2004.34,27.76,1.71,3276.70,0.00,28.3588,28.2916,28.1360,28.0695,39263884,1467601,1864075,39261224.0000,1467899.7500,1853616.5000,-32768,13769,-109
00:55:08,2004.34,27.76,1.71,3276.70,0.00,28.3614,28.2937,28.1385,28.0716,39263394,1467820,1857716,39261292.0000,1467897.2500,1853744.6250,-32768,13769,-109
00:55:10,2004.34,27.77,1.70,3276.70,0.00,28.3661,28.2980,28.1385,28.0780,39263394,1467820,1862148,39261568.0000,1467902.7500,1854259.2500,-32768,13769,-109
00:55:13,2004.34,27.78,1.70,3276.70,0.00,28.3739,28.3046,28.1385,28.0846,39263394,1467820,1858253,39262308.0000,1467928.0000,1854259.2500,-32768,13769,-109
00:55:14,2004.34,27.79,1.70,3276.70,0.00,28.3819,28.3114,28.1588,28.0891,39269064,1468233,1857340,39262520.0000,1467928.0000,1855041.7500,-32768,13769,-109
00:55:17,2004.34,27.79,1.70,3276.70,0.00,28.3819,28.3182,28.1588,28.0982,39266776,1468003,1858655,39263036.0000,1467963.0000,1855408.6250,-32768,13769,-109
00:55:19,2004.34,27.79,1.66,3276.70,0.00,28.3945,28.3228,28.1718,28.1004,39266516,1467857,1857476,39263144.0000,1467963.0000,1855408.6250,-32768,13769,-109
00:55:21,2004.34,27.81,1.67,3276.70,0.00,28.3945,28.3297,28.1787,28.1004,39267470,1468107,1858507,39263608.0000,1467963.0000,1856156.8750,-32768,13769,-109
00:55:23,2004.34,27.82,1.66,3276.70,0.00,28.4060,28.3364,28.1836,28.1140,39265759,1467994,1858507,39263756.0000,1467969.6250,1856283.6250,-32768,13769,-109
00:55:26,2004.34,27.83,1.66,3276.70,0.00,28.4060,28.3431,28.1907,28.1207,39265759,1468028,1857930,39263664.0000,1467964.0000,1856638.6250,-32768,13769,-109
00:55:28,2004.34,27.84,1.64,3276.70,0.00,28.4060,28.3498,28.1907,28.1297,39265362,1467986,1865421,39263740.0000,1467964.0000,1857184.2500,-32768,13769,-109
00:55:31,2004.34,27.85,1.64,3276.70,0.00,28.4060,28.3566,28.1907,28.1365,39264320,1467940,1860628,39263868.0000,1467969.8750,1857499.7500,-32768,13769,-109
00:55:34,2004.34,27.86,1.64,3276.70,0.00,28.4346,28.3634,28.1907,28.1411,39264320,1467823,1860628,39263868.0000,1467969.8750,1858212.2500,-32768,13769,-109
00:55:35,2004.34,27.87,1.61,3276.70,0.00,28.4420,28.3702,28.2199,28.1411,39263599,1467978,1862401,39263624.0000,1467954.3750,1858403.5000,-32768,13769,-109
00:55:38,2004.34,27.87,1.61,3276.70,0.00,28.4420,28.3772,28.2285,28.1550,39265805,1468009,1862213,39263764.0000,1467959.1250,1858655.1250,-32768,13769,-109
00:55:40,2004.34,27.88,1.61,3276.70,0.00,28.4420,28.3843,28.2285,28.1645,39261850,1467758,1859647,39263692.0000,1467951.7500,1859075.5000,-32768,13769,-109
00:55:42,1998.91,27.89,1.61,3276.70,0.00,28.4635,28.3843,28.2440,28.1693,39261300,1467693,1863113,39263544.0000,1467934.7500,1859075.5000,-32768,13769,-109
00:55:45,2004.34,27.90,1.59,3276.70,0.00,28.4635,28.3986,28.2440,28.1765,39263696,1467801,1863597,39263420.0000,1467919.8750,1859725.2500,-32768,13769,-109
00:55:47,1998.91,27.91,1.58,3276.70,0.00,28.4635,28.4059,28.2440,28.1839,39262107,1467749,1863345,39263364.0000,1467911.2500,1860027.3750,-32768,13769,-109
00:55:49,2004.34,27.92,1.58,3276.70,0.00,28.4635,28.4132,28.2691,28.1913,39261111,1467602,1865124,39263200.0000,1467887.7500,1860460.3750,-32768,13769,-109
00:55:50,1998.91,27.93,1.56,3276.70,0.00,28.4936,28.4157,28.2723,28.1938,39263772,1467694,1860664,39263216.0000,1467881.6250,1860466.7500,-32768,13769,-109
00:55:51,1998.91,27.93,1.56,3276.70,0.00,28.4968,28.4157,28.2723,28.1989,39265075,1467836,1865764,39263312.0000,1467874.2500,1860896.3750,-32768,13769,-109
00:55:54,1998.91,27.93,1.56,3276.70,0.00,28.4968,28.4259,28.2844,28.1989,39265075,1467949,1867752,39263640.0000,1467874.2500,1860896.3750,-32768,13769,-109
00:55:56,2004.34,27.95,1.54,3276.70,0.00,28.5116,28.4259,28.2844,28.2118,39265075,1467755,1867752,39263736.0000,1467873.7500,1861833.6250,-32768,13769,-109
00:55:59,2004.34,27.96,1.54,3276.70,0.00,28.5116,28.4415,28.2844,28.2223,39265075,1467829,1867752,39263868.0000,1467865.5000,1862556.0000,-32768,13769,-109
00:56:01,2004.34,27.97,1.54,3276.70,0.00,28.5354,28.4521,28.3141,28.2303,39270154,1467932,1867752,39264320.0000,1467868.3750,1863130.1250,-32768,13769,-109
00:56:04,2004.34,27.97,1.52,3276.70,0.00,28.5416,28.4521,28.3238,28.2303,39265814,1467680,1867752,39264520.0000,1467851.2500,1863747.3750,-32768,13769,-109
00:56:06,2004.34,27.99,1.52,3276.70,0.00,28.5416,28.4684,28.3238,28.2495,39268161,1467856,1866400,39264760.0000,1467847.1250,1864122.2500,-32768,13769,-109
00:56:07,2004.34,28.00,1.50,3276.70,0.00,28.5586,28.4738,28.3391,28.2522,39270013,1467838,1868960,39264920.0000,1467846.7500,1864273.5000,-32768,13769,-109
00:56:08,2004.34,28.01,1.50,3276.70,0.00,28.5611,28.4765,28.3419,28.2550,39272517,1467996,1869572,39265160.0000,1467851.5000,1864439.0000,-32768,13769,-109
00:56:10,1998.91,28.01,1.50,3276.70,0.00,28.5636,28.4792,28.3443,28.2578,39272441,1468007,1869237,39265388.0000,1467856.3750,1864589.0000,-32768,13769,-109
00:56:13,2004.34,28.02,1.50,3276.70,0.00,28.5636,28.4873,28.3443,28.2689,39272441,1467853,1873088,39265928.0000,1467859.3750,1865457.0000,-32768,13769,-109
00:56:14,2004.34,28.03,1.49,3276.70,0.00,28.5795,28.4954,28.3602,28.2744,39270648,1468004,1866043,39266176.0000,1467863.8750,1865613.5000,-32768,13769,-109
00:56:16,2004.34,28.04,1.49,3276.70,0.00,28.5857,28.5008,28.3653,28.2798,39271251,1467964,1870408,39266516.0000,1467867.7500,1866037.6250,-32768,13769,-109
00:56:17,1998.91,28.04,1.49,3276.70,0.00,28.5884,28.5035,28.3678,28.2826,39273260,1468054,1870607,39266908.0000,1467879.5000,1866321.1250,-32768,13769,-109
00:56:18,2004.34,28.05,1.49,3276.70,0.00,28.5942,28.5089,28.3678,28.2826,39270787,1467836,1873974,39267032.0000,1467878.1250,1866560.2500,-32768,13769,-109
00:56:20,1998.91,28.05,1.48,3276.70,0.00,28.5972,28.5117,28.3767,28.2826,39266174,1467633,1870374,39267064.0000,1467867.8750,1866699.2500,-32768,13769,-109
00:56:21,1998.91,28.06,1.46,3276.70,0.00,28.6048,28.5199,28.3851,28.2990,39267314,1467623,1871471,39267064.0000,1467852.6250,1866964.2500,-32768,13769,-109
00:56:24,2004.34,28.07,1.45,3276.70,0.00,28.6048,28.5281,28.3941,28.3073,39274192,1467899,1872603,39267064.0000,1467852.6250,1866992.7500,-32768,13769,-109
00:56:30,2004.34,28.11,1.44,3276.70,0.00,28.6351,28.5521,28.4177,28.3318,39276833,1467796,1886106,39268672.0000,1467855.2500,1868203.1250,-32768,13769,-109
00:56:32,1998.91,28.11,1.44,3276.70,0.00,28.6382,28.5547,28.4211,28.3345,39279852,1468196,1873231,39269384.0000,1467855.2500,1868556.7500,-32768,13769,-109
00:56:35,2004.34,28.11,1.44,3276.70,0.00,28.6489,28.5629,28.4211,28.3429,39279852,1467972,1886605,39270212.0000,1467885.7500,1869888.0000,-32768,13769,-109
00:56:37,1998.91,28.12,1.41,3276.70,0.00,28.6590,28.5629,28.4409,28.3429,39277745,1468135,1875396,39270728.0000,1467892.1250,1870334.1250,-32768,13769,-109
00:56:39,1998.91,28.12,1.41,3276.70,0.00,28.6686,28.5798,28.4499,28.3601,39277745,1468185,1872624,39271252.0000,1467905.5000,1870685.2500,-32768,13769,-109
00:56:40,2004.34,28.13,1.39,3276.70,0.00,28.6749,28.5855,28.4570,28.3659,39282038,1468154,1880613,39271856.0000,1467922.8750,1871153.5000,-32768,13769,-109
00:56:42,1998.91,28.13,1.38,3276.70,0.00,28.6749,28.5855,28.4642,28.3718,39281283,1468252,1875847,39272480.0000,1467941.3750,1871465.0000,-32768,13769,-109
00:56:44,2004.34,28.14,1.38,3276.70,0.00,28.6858,28.5855,28.4711,28.3718,39282929,1468218,1877704,39273364.0000,1467963.2500,1871937.3750,-32768,13769,-109
00:56:46,2004.34,28.15,1.38,3276.70,0.00,28.6954,28.6032,28.4784,28.3839,39285078,1468282,1878514,39273728.0000,1467963.2500,1872634.0000,-32768,13769,-109
00:56:48,2004.34,28.16,1.37,3276.70,0.00,28.6954,28.6121,28.4784,28.3961,39286337,1468326,1877976,39274984.0000,1467998.1250,1873511.2500,-32768,13769,-109
00:56:50,1998.91,28.17,1.37,3276.70,0.00,28.7125,28.6181,28.4958,28.3992,39284873,1468309,1878851,39275524.0000,1467998.1250,1874162.5000,-32768,13769,-109
00:56:52,2004.34,28.18,1.37,3276.70,0.00,28.7125,28.6273,28.4958,28.4117,39285553,1468263,1879914,39276352.0000,1468027.2500,1874891.1250,-32768,13769,-109
00:56:54,1998.91,28.20,1.35,3276.70,0.00,28.7310,28.6366,28.5180,28.4180,39290733,1468263,1879914,39277124.0000,1468056.3750,1874915.1250,-32768,13769,-109
00:56:56,1998.91,28.20,1.34,3276.70,0.00,28.7421,28.6430,28.5253,28.4245,39288815,1468263,1880358,39278200.0000,1468102.3750,1875047.5000,-32768,13769,-109
00:56:58,1998.91,28.22,1.32,3276.70,0.00,28.7494,28.6494,28.5329,28.4245,39293671,1468263,1880358,39279136.0000,1468133.8750,1875081.3750,-32768,13769,-109
00:57:01,1998.91,28.23,1.32,3276.70,0.00,28.7598,28.6494,28.5329,28.4442,39293671,1468263,1882705,39280432.0000,1468186.6250,1875081.3750,-32768,13769,-109
00:57:04,1998.91,28.24,1.32,3276.70,0.00,28.7598,28.6721,28.5329,28.4576,39298909,1468737,1882604,39280432.0000,1468186.6250,1876544.5000,-32768,13769,-109
00:57:06,2004.34,28.25,1.32,3276.70,0.00,28.7857,28.6820,28.5698,28.4644,39299591,1468853,1882604,39284024.0000,1468284.5000,1877102.5000,-32768,13769,-109
00:57:08,1998.91,28.26,1.30,3276.70,0.00,28.7857,28.6920,28.5791,28.4745,39301846,1468836,1883768,39284024.0000,1468333.2500,1877102.5000,-32768,13769,-109
00:57:10,2004.34,28.26,1.30,3276.70,0.00,28.8047,28.7018,28.5885,28.4845,39300352,1468991,1877203,39286496.0000,1468366.7500,1878073.5000,-32768,13769,-109
00:57:12,2004.34,28.29,1.30,3276.70,0.00,28.8047,28.7084,28.5885,28.4945,39300796,1468688,1885567,39287720.0000,1468407.0000,1878511.8750,-32768,13769,-109
00:57:14,1998.91,28.29,1.30,3276.70,0.00,28.8166,28.7149,28.6011,28.4978,39302232,1468635,1885567,39288624.0000,1468407.0000,1878483.2500,-32768,13769,-109
00:57:17,2004.34,28.31,1.29,3276.70,0.00,28.8166,28.7247,28.6011,28.5111,39305235,1468835,1898448,39289996.0000,1468407.0000,1878483.2500,-32768,13769,-109
00:57:18,2004.34,28.32,1.28,3276.70,0.00,28.8361,28.7345,28.6204,28.5111,39306438,1468297,1898756,39291404.0000,1468466.5000,1880953.2500,-32768,13769,-109
00:57:19,2004.34,28.32,1.28,3276.70,0.00,28.8427,28.7410,28.6273,28.5243,39306048,1468616,1887311,39291864.0000,1468471.2500,1881152.0000,-32768,13769,-109
00:57:22,1998.91,28.33,1.27,3276.70,0.00,28.8462,28.7443,28.6273,28.5309,39305000,1468616,1888115,39292648.0000,1468480.8750,1881152.0000,-32768,13769,-109
00:57:24,1998.91,28.35,1.27,3276.70,0.00,28.8570,28.7541,28.6273,28.5309,39307567,1468700,1887769,39293936.0000,1468500.8750,1882764.5000,-32768,13769,-109
00:57:26,2004.34,28.35,1.27,3276.70,0.00,28.8672,28.7541,28.6522,28.5309,39310119,1469123,1877075,39295364.0000,1468535.8750,1882925.3750,-32768,13769,-109
00:57:27,1998.91,28.36,1.27,3276.70,0.00,28.8734,28.7706,28.6590,28.5544,39310119,1468861,1889325,39296280.0000,1468564.3750,1882985.3750,-32768,13769,-109
00:57:31,1998.91,28.37,1.27,3276.70,0.00,28.8734,28.7805,28.6590,28.5678,39310119,1468735,1881183,39297480.0000,1468575.3750,1884102.2500,-32768,13769,-109
00:57:32,1998.91,28.39,1.25,3276.70,0.00,28.8943,28.7905,28.6782,28.5745,39312706,1469012,1891084,39298368.0000,1468599.7500,1884176.0000,-32768,13769,-109
00:57:35,1998.91,28.39,1.25,3276.70,0.00,28.8943,28.8004,28.6782,28.5844,39312706,1468505,1905458,39300116.0000,1468607.2500,1885791.1250,-32768,13769,-109
00:57:37,1998.91,28.39,1.25,3276.70,0.00,28.9125,28.8102,28.6980,28.5943,39315999,1468505,1890649,39301048.0000,1468627.3750,1886119.7500,-32768,13769,-109
00:57:38,1998.91,28.41,1.25,3276.70,0.00,28.9164,28.8135,28.7021,28.5977,39316868,1469064,1890683,39302040.0000,1468649.2500,1886119.7500,-32768,13769,-109
00:57:41,1998.91,28.42,1.23,3276.70,0.00,28.9164,28.8235,28.7021,28.6112,39316868,1468808,1893790,39303856.0000,1468673.7500,1887851.1250,-32768,13769,-109
00:57:43,1998.91,28.43,1.23,3276.70,0.00,28.9164,28.8370,28.7021,28.6216,39317157,1469432,1880464,39304704.0000,1468729.0000,1887658.5000,-32768,13769,-109
00:57:46,1998.91,28.44,1.23,3276.70,0.00,28.9506,28.8439,28.7362,28.6285,39320235,1469169,1880464,39306064.0000,1468729.0000,1888083.7500,-32768,13769,-109
00:57:47,1998.91,28.46,1.21,3276.70,0.00,28.9617,28.8542,28.7482,28.6389,39321985,1469218,1893331,39306980.0000,1468782.2500,1888395.0000,-32768,13769,-109
00:57:48,1998.91,28.46,1.21,3276.70,0.00,28.9655,28.8577,28.7516,28.6425,39322710,1469216,1896099,39307472.0000,1468795.7500,1888635.7500,-32768,13769,-109
00:57:51,1998.91,28.47,1.20,3276.70,0.00,28.9724,28.8577,28.7589,28.6425,39324200,1469178,1896099,39309408.0000,1468846.2500,1889592.8750,-32768,13769,-109
00:57:52,1998.91,28.48,1.20,3276.70,0.00,28.9824,28.8749,28.7698,28.6600,39323144,1469261,1896099,39310240.0000,1468869.6250,1889996.2500,-32768,13769,-109
00:57:55,1998.91,28.48,1.20,3276.70,0.00,28.9926,28.8749,28.7829,28.6600,39324632,1468999,1898107,39311896.0000,1468919.8750,1890445.7500,-32768,13769,-109
00:57:57,1998.91,28.50,1.20,3276.70,0.00,29.0028,28.8956,28.7895,28.6600,39324737,1469105,1896698,39312296.0000,1468925.7500,1890641.1250,-32768,13769,-109
00:57:58,1998.91,28.51,1.18,3276.70,0.00,29.0095,28.9025,28.7968,28.6880,39327920,1469507,1883943,39313184.0000,1468951.5000,1890641.1250,-32768,13769,-109
00:57:59,1998.91,28.52,1.17,3276.70,0.00,29.0177,28.9094,28.8041,28.6950,39326695,1469268,1899198,39314028.0000,1468980.7500,1890711.2500,-32768,13769,-109
00:58:01,1998.91,28.53,1.17,3276.70,0.00,29.0214,28.9094,28.8073,28.6950,39329224,1469120,1909184,39314888.0000,1468986.5000,1891824.8750,-32768,13769,-109
00:58:02,1998.91,28.53,1.17,3276.70,0.00,29.0281,28.9198,28.8143,28.7055,39329771,1469183,1899143,39315352.0000,1468992.6250,1892053.6250,-32768,13769,-109
00:58:03,1998.91,28.54,1.16,3276.70,0.00,29.0310,28.9233,28.8177,28.7089,39330667,1469113,1899781,39316264.0000,1469003.8750,1892490.8750,-32768,13769,-109
00:58:04,1998.91,28.54,1.16,3276.70,0.00,29.0381,28.9302,28.8249,28.7159,39330978,1469258,1899574,39316724.0000,1469011.8750,1892712.2500,-32768,13769,-109
00:58:05,1998.91,28.55,1.16,3276.70,0.00,29.0422,28.9337,28.8285,28.7195,39329180,1469258,1900447,39317112.0000,1469019.5000,1892953.8750,-32768,13769,-109
00:58:08,1998.91,28.55,1.16,3276.70,0.00,29.0454,28.9337,28.8348,28.7195,39334309,1469258,1900447,39318496.0000,1469052.0000,1893632.7500,-32768,13769,-109
00:58:09,1998.91,28.56,1.15,3276.70,0.00,29.0556,28.9475,28.8348,28.7369,39331168,1469258,1901388,39319312.0000,1469059.6250,1894081.6250,-32768,13769,-109
00:58:10,1998.91,28.57,1.16,3276.70,0.00,29.0633,28.9545,28.8498,28.7404,39333365,1469343,1900142,39319752.0000,1469068.5000,1894611.3750,-32768,13769,-109
00:58:12,1998.91,28.57,1.15,3276.70,0.00,29.0673,28.9615,28.8573,28.7475,39333624,1469297,1901946,39320516.0000,1469068.5000,1894840.6250,-32768,13769,-109
00:58:13,1998.91,28.58,1.14,3276.70,0.00,29.0740,28.9650,28.8609,28.7510,39335886,1469163,1914014,39320996.0000,1469085.0000,1895439.7500,-32768,13769,-109
00:58:15,1998.91,28.58,1.13,3276.70,0.00,29.0798,28.9720,28.8609,28.7615,39335469,1469211,1902986,39322224.0000,1469091.6250,1896484.1250,-32768,13769,-109
00:58:17,1998.91,28.59,1.14,3276.70,0.00,29.0859,28.9788,28.8739,28.7650,39336036,1469219,1902109,39322656.0000,1469091.6250,1896877.1250,-32768,13769,-109
00:58:19,1998.91,28.60,1.14,3276.70,0.00,29.0962,28.9788,28.8739,28.7790,39342318,1469219,1903206,39324956.0000,1469140.8750,1897657.0000,-32768,13769,-109
00:58:22,1998.91,28.61,1.12,3276.70,0.00,29.0962,28.9995,28.8739,28.7895,39342318,1469581,1903571,39325908.0000,1469166.0000,1898012.7500,-32768,13769,-109
00:58:23,1993.48,28.62,1.12,3276.70,0.00,29.0962,29.0098,28.9031,28.7964,39343629,1469655,1907590,39326920.0000,1469196.1250,1898012.7500,-32768,13769,-109
00:58:25,1998.91,28.63,1.12,3276.70,0.00,29.1213,29.0166,28.9093,28.8032,39342632,1469505,1905237,39327916.0000,1469196.1250,1898012.7500,-32768,13769,-109
00:58:26,1998.91,28.64,1.10,3276.70,0.00,29.1248,29.0199,28.9138,28.8066,39344570,1469729,1905237,39328976.0000,1469249.2500,1899306.1250,-32768,13769,-109
00:58:27,1998.91,28.64,1.10,3276.70,0.00,29.1373,29.0302,28.9267,28.8171,39344300,1469585,1905975,39329976.0000,1469273.0000,1899702.0000,-32768,13769,-109
00:58:30,1998.91,28.65,1.10,3276.70,0.00,29.1373,29.0371,28.9347,28.8171,39345768,1469543,1906951,39331424.0000,1469303.0000,1900292.3750,-32768,13769,-109
00:58:32,1998.91,28.66,1.10,3276.70,0.00,29.1531,29.0441,28.9424,28.8313,39345262,1469414,1907276,39331856.0000,1469303.0000,1900292.3750,-32768,13769,-109
00:58:33,1998.91,28.67,1.09,3276.70,0.00,29.1605,29.0546,28.9540,28.8421,39348198,1469627,1915812,39333272.0000,1469331.3750,1901599.1250,-32768,13769,-109
00:58:35,1998.91,28.68,1.09,3276.70,0.00,29.1706,29.0616,28.9600,28.8492,39349137,1469665,1915812,39334680.0000,1469361.7500,1902308.0000,-32768,13769,-109
00:58:36,1998.91,28.68,1.09,3276.70,0.00,29.1770,29.0686,28.9673,28.8563,39350194,1469751,1908124,39335168.0000,1469374.0000,1902489.7500,-32768,13769,-109
00:58:38,1998.91,28.69,1.09,3276.70,0.00,29.1803,29.0721,28.9716,28.8599,39351478,1469704,1911007,39335676.0000,1469374.0000,1903009.6250,-32768,13769,-109
00:58:40,1998.91,28.70,1.08,3276.70,0.00,29.1914,29.0825,28.9716,28.8599,39351358,1469927,1911007,39337628.0000,1469438.3750,1903499.7500,-32768,13769,-109
00:58:43,1998.91,28.70,1.07,3276.70,0.00,29.2009,29.0930,28.9916,28.8814,39352661,1469749,1911007,39337628.0000,1469438.3750,1904040.3750,-32768,13769,-109
00:58:46,1993.48,28.72,1.07,3276.70,0.00,29.2009,29.1064,28.9916,28.8953,39356373,1469810,1911294,39340512.0000,1469438.3750,1904040.3750,-32768,13769,-109
00:58:48,1993.48,28.73,1.07,3276.70,0.00,29.2218,29.1165,28.9916,28.8953,39353274,1469919,1899756,39342236.0000,1469541.6250,1905160.0000,-32768,13769,-109
00:58:51,1998.91,28.74,1.06,3276.70,0.00,29.2218,29.1268,28.9916,28.9198,39355522,1469845,1913129,39343372.0000,1469563.1250,1905560.8750,-32768,13769,-109
00:58:52,1993.48,28.74,1.05,3276.70,0.00,29.2449,29.1339,29.0364,28.9234,39354768,1469675,1913129,39343968.0000,1469558.3750,1906604.6250,-32768,13769,-109
00:58:58,1998.91,28.78,1.02,3276.70,0.00,29.2770,29.1631,29.0671,28.9529,39359532,1469768,1914617,39346416.0000,1469588.8750,1908591.5000,-32768,13769,-109
00:59:00,1998.91,28.78,1.02,3276.70,0.00,29.2802,29.1668,29.0713,28.9566,39360996,1469662,1916738,39346872.0000,1469591.1250,1908846.1250,-32768,13769,-109
00:59:00,1993.48,28.79,1.02,3276.70,0.00,29.2878,29.1740,29.0789,28.9639,39365521,1470098,1900810,39347896.0000,1469610.7500,1908815.3750,-32768,13769,-109
00:59:01,1998.91,28.79,1.02,3276.70,0.00,29.2928,29.1777,29.0839,28.9677,39361650,1469983,1904509,39348324.0000,1469622.3750,1908680.8750,-32768,13769,-109
00:59:02,1998.91,28.79,1.01,3276.70,0.00,29.2976,29.1814,29.0876,28.9714,39360618,1469638,1915889,39348708.0000,1469622.8750,1909172.1250,-32768,13769,-109
00:59:04,1993.48,28.79,1.01,3276.70,0.00,29.3018,29.1889,29.0964,28.9789,39362388,1469792,1915889,39348708.0000,1469622.8750,1909350.6250,-32768,13769,-109
00:59:06,1998.91,28.79,1.01,3276.70,0.00,29.3154,29.1966,29.1050,28.9865,39357516,1469634,1910247,39350096.0000,1469631.7500,1909350.6250,-32768,13769,-109
00:59:09,1998.91,28.79,1.00,3276.70,0.00,29.3154,29.2080,29.1050,28.9980,39357516,1469617,1918050,39351392.0000,1469630.8750,1910452.3750,-32768,13769,-109
00:59:11,1993.48,28.80,0.99,3276.70,0.00,29.3154,29.2194,29.1050,29.0131,39359611,1469664,1919140,39352172.0000,1469635.8750,1911102.6250,-32768,13769,-109
00:59:13,1993.48,28.81,0.99,3276.70,0.00,29.3154,29.2304,29.1050,29.0242,39351781,1469043,1929981,39352196.0000,1469590.6250,1912567.1250,-32768,13769,-109
00:59:15,1993.48,28.81,0.99,3276.70,0.00,29.3479,29.2375,29.1420,29.0279,39351414,1468957,1918913,39352168.0000,1469555.8750,1912957.1250,-32768,13769,-109
00:59:17,1998.91,28.82,0.99,3276.70,0.00,29.3561,29.2479,29.1516,29.0388,39352979,1469307,1918913,39352296.0000,1469538.1250,1913525.2500,-32768,13769,-109
00:59:20,1998.91,28.83,0.96,3276.70,0.00,29.3561,29.2584,29.1516,29.0496,39352979,1469120,1920274,39352640.0000,1469496.3750,1914210.1250,-32768,13769,-109
00:59:22,1998.91,28.83,0.95,3276.70,0.00,29.3561,29.2725,29.1737,29.0639,39343681,1468543,1920287,39352200.0000,1469443.0000,1913887.0000,-32768,13769,-109
00:59:25,1998.91,28.85,0.95,3276.70,0.00,29.3864,29.2795,29.1737,29.0743,39343681,1467971,1910604,39350656.0000,1469325.6250,1914162.2500,-32768,13769,-109
00:59:27,1998.91,28.86,0.94,3276.70,0.00,29.3962,29.2897,29.1737,29.0846,39346526,1468597,1922575,39349828.0000,1469254.1250,1914595.8750,-32768,13769,-109
00:59:28,1993.48,28.86,0.93,3276.70,0.00,29.4034,29.2966,29.1965,29.0881,39342167,1468517,1921666,39349588.0000,1469254.1250,1914595.8750,-32768,13769,-109
00:59:29,1993.48,28.86,0.92,3276.70,0.00,29.4097,29.3034,29.2018,29.0950,39344235,1468496,1918796,39349336.0000,1469190.2500,1915151.1250,-32768,13769,-109
00:59:31,1993.48,28.88,0.92,3276.70,0.00,29.4122,29.3068,29.2050,29.0984,39334337,1468111,1921702,39348868.0000,1469156.5000,1915355.8750,-32768,13769,-109
00:59:33,1993.48,28.88,0.92,3276.70,0.00,29.4175,29.3135,29.2050,29.1052,39334337,1467568,1921702,39345900.0000,1468967.6250,1916807.6250,-32768,13769,-109
00:59:35,1993.48,28.89,0.91,3276.70,0.00,29.4242,29.3135,29.2216,29.1186,39328403,1467756,1922053,39345900.0000,1468967.6250,1917311.6250,-32768,13769,-109
00:59:37,1998.91,28.90,0.89,3276.70,0.00,29.4325,29.3329,29.2216,29.1286,39327193,1467638,1921750,39343328.0000,1468790.1250,1917490.0000,-32768,13769,-109
00:59:41,1998.91,28.90,0.88,3276.70,0.00,29.4325,29.3426,29.2216,29.1387,39327193,1467054,1921701,39340412.0000,1468626.3750,1918074.3750,-32768,13769,-109
00:59:42,1993.48,28.92,0.88,3276.70,0.00,29.4564,29.3556,29.2216,29.1387,39297975,1466362,1921762,39336996.0000,1468425.2500,1918258.2500,-32768,13769,-109
00:59:44,1993.48,28.92,0.87,3276.70,0.00,29.4586,29.3588,29.2565,29.1387,39294545,1466183,1921762,39333088.0000,1468216.2500,1919140.7500,-32768,13769,-109
00:59:46,1993.48,28.93,0.87,3276.70,0.00,29.4639,29.3682,29.2641,29.1387,39288489,1465781,1934881,39331692.0000,1468140.2500,1919632.7500,-32768,13769,-109
00:59:49,1993.48,28.94,0.86,3276.70,0.00,29.4639,29.3771,29.2641,29.1749,39288489,1466090,1922134,39326744.0000,1467900.7500,1920129.6250,-32768,13769,-109
00:59:53,1993.48,28.95,0.85,3276.70,0.00,29.4639,29.3887,29.2641,29.1873,39288489,1465719,1922134,39320144.0000,1467587.1250,1920504.1250,-32768,13769,-109
00:59:57,1988.05,28.96,0.85,3276.70,0.00,29.4639,29.4000,29.2641,29.1994,39288489,1465505,1922134,39315580.0000,1467587.1250,1921050.8750,-32768,13769,-109
00:59:59,1993.48,28.97,0.82,3276.70,0.00,29.4639,29.4171,29.3088,29.2144,39288489,1465401,1921061,39310708.0000,1467117.5000,1921132.0000,-32768,13769,-109
01:00:01,1993.48,28.98,0.82,3276.70,0.00,29.5130,29.4229,29.3153,29.2205,39278095,1465531,1924671,39308580.0000,1467011.0000,1921314.2500,-32768,13769,-109
01:00:04,1993.48,28.98,0.82,3276.70,0.00,29.5130,29.4316,29.3153,29.2296,39281228,1465531,1924847,39305236.0000,1466854.0000,1921934.3750,-32768,13769,-109
01:00:07,1993.48,28.99,0.81,3276.70,0.00,29.5288,29.4316,29.3344,29.2296,39271287,1465531,1925737,39305236.0000,1466638.6250,1922364.8750,-32768,13769,-109
01:00:09,1993.48,29.00,0.80,3276.70,0.00,29.5288,29.4521,29.3483,29.2512,39265785,1464784,1924493,39299296.0000,1466469.8750,1922599.8750,-32768,13769,-109
01:00:11,1993.48,29.01,0.80,3276.70,0.00,29.5288,29.4610,29.3483,29.2604,39258656,1464491,1929512,39295696.0000,1466347.6250,1922916.5000,-32768,13769,-109
01:00:13,1993.48,29.01,0.79,3276.70,0.00,29.5559,29.4610,29.3623,29.2604,39260808,1464533,1927698,39292424.0000,1466187.7500,1923179.5000,-32768,13769,-109
01:00:15,1993.48,29.02,0.79,3276.70,0.00,29.5657,29.4728,29.3705,29.2728,39264371,1464760,1927790,39291548.0000,1466143.1250,1923323.6250,-32768,13769,-109
01:00:17,1998.91,29.03,0.79,3276.70,0.00,29.5657,29.4819,29.3705,29.2821,39257563,1464472,1932056,39289040.0000,1466012.6250,1923879.0000,-32768,13769,-109
01:00:19,2004.34,29.03,0.79,3276.70,0.00,29.5844,29.4880,29.3705,29.2884,39254376,1464587,1930582,39286020.0000,1465878.8750,1923879.0000,-32768,13769,-109
01:00:20,2004.34,29.04,0.77,3276.70,0.00,29.5921,29.4943,29.3951,29.2948,39263131,1464698,1928349,39285304.0000,1465842.0000,1924319.7500,-32768,13769,-109
01:00:21,2004.34,29.04,0.77,3276.70,0.00,29.5959,29.4974,29.3995,29.2980,39268864,1464937,1929103,39284416.0000,1465789.7500,1924663.5000,-32768,13769,-109
01:00:23,1998.91,29.05,0.77,3276.70,0.00,29.6069,29.5070,29.4106,29.3079,39279559,1465471,1930777,39284016.0000,1465762.1250,1925053.8750,-32768,13769,-109
01:00:26,1998.91,29.06,0.77,3276.70,0.00,29.6069,29.5135,29.4106,29.3177,39279559,1464862,1933591,39283124.0000,1465713.3750,1925505.2500,-32768,13769,-109
01:00:29,1993.48,29.07,0.77,3276.70,0.00,29.6226,29.5231,29.4283,29.3277,39267689,1464930,1933591,39283124.0000,1465713.3750,1925996.7500,-32768,13769,-109
01:00:31,2004.34,29.08,0.75,3276.70,0.00,29.6226,29.5391,29.4469,29.3411,39253081,1464441,1930074,39278440.0000,1465489.6250,1926411.8750,-32768,13769,-109
01:00:33,1993.48,29.08,0.74,3276.70,0.00,29.6430,29.5423,29.4504,29.3445,39251774,1464274,1930074,39276596.0000,1465402.6250,1926793.2500,-32768,13769,-109
01:00:34,1998.91,29.08,0.73,3276.70,0.00,29.6492,29.5488,29.4575,29.3513,39241862,1463998,1926889,39275512.0000,1465358.7500,1926796.2500,-32768,13769,-109
01:00:35,1998.91,29.09,0.73,3276.70,0.00,29.6525,29.5520,29.4611,29.3547,39247211,1464164,1930852,39274628.0000,1465321.3750,1926923.0000,-32768,13769,-109
01:00:37,1998.91,29.09,0.72,3276.70,0.00,29.6599,29.5520,29.4711,29.3547,39256096,1464614,1934905,39272732.0000,1465242.3750,1927428.6250,-32768,13769,-109
01:00:39,1998.91,29.10,0.72,3276.70,0.00,29.6723,29.5684,29.4786,29.3718,39259311,1464828,1933096,39271976.0000,1465216.6250,1927770.0000,-32768,13769,-109
01:00:42,1998.91,29.10,0.72,3276.70,0.00,29.6795,29.5684,29.4892,29.3718,39262053,1464828,1937794,39270848.0000,1465161.1250,1927770.0000,-32768,13769,-109
01:00:45,1998.91,29.11,0.71,3276.70,0.00,29.6795,29.5918,29.4892,29.3959,39265251,1464918,1934019,39270848.0000,1465161.1250,1929247.2500,-32768,13769,-109
01:00:47,1998.91,29.11,0.70,3276.70,0.00,29.7073,29.6019,29.5142,29.4063,39252675,1464230,1935004,39268728.0000,1465161.1250,1929247.2500,-32768,13769,-109
01:00:49,1998.91,29.13,0.70,3276.70,0.00,29.7127,29.6019,29.5247,29.4063,39252675,1464649,1936796,39267160.0000,1464992.1250,1930226.8750,-32768,13769,-109
01:00:52,1998.91,29.13,0.68,3276.70,0.00,29.7226,29.6186,29.5308,29.4236,39260531,1464649,1937006,39267160.0000,1464992.1250,1930862.3750,-32768,13769,-109
01:00:54,1998.91,29.14,0.68,3276.70,0.00,29.7368,29.6320,29.5445,29.4373,39270634,1464649,1937006,39267628.0000,1465021.8750,1931447.8750,-32768,13769,-109
01:00:56,1993.48,29.14,0.68,3276.70,0.00,29.7435,29.6387,29.5502,29.4441,39285011,1465801,1938564,39268172.0000,1465021.8750,1931907.6250,-32768,13769,-109
01:00:59,1998.91,29.15,0.68,3276.70,0.00,29.7435,29.6520,29.5502,29.4577,39280422,1465562,1938491,39269752.0000,1465129.8750,1932415.8750,-32768,13769,-109
01:01:00,1998.91,29.15,0.66,3276.70,0.00,29.7577,29.6552,29.5669,29.4577,39278387,1465481,1939912,39270060.0000,1465145.3750,1932935.3750,-32768,13769,-109
01:01:02,1998.91,29.15,0.66,3276.70,0.00,29.7664,29.6650,29.5669,29.4577,39282993,1465481,1940760,39271020.0000,1465189.5000,1933595.3750,-32768,13769,-109
01:01:05,1993.48,29.16,0.65,3276.70,0.00,29.7664,29.6748,29.5861,29.4577,39285485,1465888,1944618,39272320.0000,1465257.1250,1934359.0000,-32768,13769,-109
01:01:06,1998.91,29.17,0.64,3276.70,0.00,29.7834,29.6813,29.5909,29.4880,39283501,1465630,1940471,39272880.0000,1465288.8750,1934645.6250,-32768,13769,-109
01:01:09,1993.48,29.17,0.64,3276.70,0.00,29.7867,29.6813,29.5995,29.4880,39279885,1465693,1941388,39273224.0000,1465307.6250,1935310.6250,-32768,13769,-109
01:01:11,1993.48,29.17,0.64,3276.70,0.00,29.7927,29.6813,29.6082,29.4880,39280287,1465702,1941359,39273908.0000,1465341.0000,1935687.5000,-32768,13769,-109
01:01:13,1993.48,29.18,0.63,3276.70,0.00,29.8025,29.7062,29.6082,29.5171,39280287,1465756,1937468,39274720.0000,1465373.3750,1936078.0000,-32768,13769,-109
01:01:15,1993.48,29.18,0.63,3276.70,0.00,29.8116,29.7062,29.6223,29.5234,39292588,1465934,1942510,39274720.0000,1465440.8750,1936775.2500,-32768,13769,-109
01:01:17,1998.91,29.18,0.61,3276.70,0.00,29.8116,29.7246,29.6300,29.5328,39275917,1465454,1944437,39276088.0000,1465441.6250,1937185.6250,-32768,13769,-109
01:01:19,1993.48,29.18,0.63,3276.70,0.00,29.8230,29.7246,29.6350,29.5328,39289160,1465765,1944437,39277024.0000,1465478.2500,1938209.1250,-32768,13769,-109
01:01:23,1993.48,29.19,0.63,3276.70,0.00,29.8230,29.7396,29.6350,29.5512,39289160,1465515,1944437,39277024.0000,1465504.3750,1939329.8750,-32768,13769,-109
01:01:24,1993.48,29.19,0.60,3276.70,0.00,29.8428,29.7514,29.6536,29.5602,39277337,1465562,1943885,39277912.0000,1465504.3750,1939659.3750,-32768,13769,-109
01:01:26,1993.48,29.19,0.60,3276.70,0.00,29.8472,29.7572,29.6600,29.5662,39289881,1465973,1947296,39278484.0000,1465535.0000,1939898.0000,-32768,13769,-109
01:01:27,1993.48,29.20,0.60,3276.70,0.00,29.8504,29.7601,29.6634,29.5692,39290445,1466167,1941529,39279324.0000,1465580.3750,1940122.7500,-32768,13769,-109
01:01:28,1993.48,29.20,0.60,3276.70,0.00,29.8573,29.7659,29.6698,29.5753,39296728,1466288,1945650,39279868.0000,1465602.5000,1940295.5000,-32768,13769,-109
01:01:32,1988.05,29.20,0.59,3276.70,0.00,29.8573,29.7748,29.6698,29.5845,39296728,1466652,1945650,39281748.0000,1465736.1250,1941288.3750,-32768,13769,-109
01:01:34,1993.48,29.21,0.58,3276.70,0.00,29.8783,29.7748,29.6931,29.5969,39299667,1466565,1944443,39281748.0000,1465786.5000,1941722.2500,-32768,13769,-109
01:01:36,1993.48,29.22,0.58,3276.70,0.00,29.8864,29.7929,29.6996,29.6030,39291963,1466275,1950628,39281748.0000,1465831.2500,1942350.8750,-32768,13769,-109
01:01:38,1988.05,29.22,0.57,3276.70,0.00,29.8927,29.7989,29.7052,29.6092,39292229,1466277,1947940,39284696.0000,1465831.2500,1942350.8750,-32768,13769,-109
01:01:41,1988.05,29.23,0.58,3276.70,0.00,29.8927,29.8080,29.7052,29.6216,39292229,1466259,1948534,39286316.0000,1465831.2500,1943879.7500,-32768,13769,-109
01:01:42,1988.05,29.23,0.57,3276.70,0.00,29.9139,29.8200,29.7265,29.6308,39299948,1466505,1948992,39287500.0000,1465945.0000,1944640.3750,-32768,13769,-109
01:01:44,1988.05,29.23,0.56,3276.70,0.00,29.9169,29.8230,29.7299,29.6339,39301125,1466482,1949248,39287928.0000,1465961.8750,1944784.3750,-32768,13769,-109
01:01:45,1988.05,29.24,0.56,3276.70,0.00,29.9232,29.8290,29.7362,29.6400,39301144,1466377,1935917,39288836.0000,1465991.5000,1944620.1250,-32768,13769,-109
01:01:46,1988.05,29.24,0.54,3276.70,0.00,29.9267,29.8321,29.7393,29.6431,39292300,1466191,1936102,39288944.0000,1465997.7500,1944539.5000,-32768,13769,-109
01:01:47,1988.05,29.24,0.56,3276.70,0.00,29.9298,29.8382,29.7454,29.6493,39293808,1466260,1958725,39289164.0000,1465997.7500,1944539.5000,-32768,13769,-109
01:01:49,1988.05,29.24,0.56,3276.70,0.00,29.9365,29.8412,29.7454,29.6555,39287056,1465869,1938808,39289248.0000,1466002.5000,1945235.6250,-32768,13769,-109
01:01:52,1988.05,29.25,0.54,3276.70,0.00,29.9365,29.8533,29.7600,29.6647,39301100,1466186,1951214,39290128.0000,1466014.7500,1945531.0000,-32768,13769,-109
01:01:53,1988.05,29.25,0.54,3276.70,0.00,29.9514,29.8592,29.7659,29.6708,39301673,1466290,1955866,39290768.0000,1466029.7500,1946042.5000,-32768,13769,-109
01:01:56,1988.05,29.25,0.53,3276.70,0.00,29.9564,29.8651,29.7715,29.6708,39301673,1466377,1948632,39292116.0000,1466060.2500,1946606.1250,-32768,13769,-109
01:01:58,1988.05,29.25,0.53,3276.70,0.00,29.9629,29.8651,29.7799,29.6708,39294264,1465957,1941089,39292516.0000,1466054.1250,1946463.2500,-32768,13769,-109
01:02:00,1988.05,29.25,0.53,3276.70,0.00,29.9714,29.8651,29.7891,29.6708,39312967,1466731,1954484,39293684.0000,1466093.1250,1947643.6250,-32768,13769,-109
01:02:03,1988.05,29.25,0.52,3276.70,0.00,29.9800,29.8936,29.7974,29.7065,39315857,1466583,1953712,39295428.0000,1466093.1250,1947643.6250,-32768,13769,-109
01:02:04,1988.05,29.26,0.52,3276.70,0.00,29.9850,29.8991,29.8023,29.7123,39317346,1467022,1953717,39296516.0000,1466184.0000,1948816.5000,-32768,13769,-109
01:02:05,1988.05,29.26,0.52,3276.70,0.00,29.9867,29.9018,29.8049,29.7152,39315695,1466692,1954448,39297116.0000,1466184.0000,1949114.5000,-32768,13769,-109
01:02:07,1988.05,29.26,0.52,3276.70,0.00,29.9887,29.9071,29.8094,29.7209,39318118,1466968,1954352,39298896.0000,1466253.7500,1949447.7500,-32768,13769,-109
01:02:09,1988.05,29.26,0.52,3276.70,0.00,29.9897,29.9122,29.8138,29.7265,39321036,1466878,1955138,39298896.0000,1466253.7500,1949447.7500,-32768,13769,-109
01:02:11,1982.62,29.26,0.51,3276.70,0.00,29.9984,29.9122,29.8187,29.7265,39326273,1467267,1954801,39301856.0000,1466345.2500,1950735.1250,-32768,13769,-109
01:02:12,1988.05,29.27,0.51,3276.70,0.00,30.0053,29.9252,29.8260,29.7404,39329810,1467356,1957187,39303704.0000,1466345.2500,1951370.2500,-32768,13769,-109
01:02:14,1988.05,29.27,0.51,3276.70,0.00,30.0069,29.9277,29.8279,29.7431,39330403,1467467,1955443,39303704.0000,1466470.1250,1951497.6250,-32768,13769,-109
01:02:15,1982.62,29.27,0.50,3276.70,0.00,30.0122,29.9328,29.8326,29.7485,39339814,1467803,1957451,39306492.0000,1466511.7500,1951683.6250,-32768,13769,-109
01:02:16,1982.62,29.27,0.50,3276.70,0.00,30.0187,29.9379,29.8374,29.7539,39337649,1467891,1966566,39309416.0000,1466634.7500,1952432.7500,-32768,13769,-109
01:02:19,1982.62,29.27,0.50,3276.70,0.00,30.0187,29.9457,29.8374,29.7618,39348206,1468212,1958661,39311560.0000,1466772.8750,1953320.5000,-32768,13769,-109
01:02:22,1982.62,29.27,0.50,3276.70,0.00,30.0187,29.9532,29.8374,29.7696,39342961,1468212,1948658,39315988.0000,1466909.7500,1953222.5000,-32768,13769,-109
01:02:23,1982.62,29.27,0.49,3276.70,0.00,30.0336,29.9581,29.8553,29.7747,39357654,1468682,1960297,39317288.0000,1466965.1250,1953443.5000,-32768,13769,-109
01:02:25,1982.62,29.27,0.49,3276.70,0.00,30.0353,29.9628,29.8605,29.7747,39364962,1468682,1969177,39321752.0000,1467165.5000,1953686.2500,-32768,13769,-109
01:02:27,1982.62,29.26,0.49,3276.70,0.00,30.0353,29.9697,29.8679,29.7876,39364711,1468934,1961205,39321752.0000,1467326.0000,1954711.7500,-32768,13769,-109
01:02:28,1982.62,29.26,0.47,3276.70,0.00,30.0450,29.9697,29.8679,29.7927,39373978,1469476,1961960,39329232.0000,1467469.8750,1955125.3750,-32768,13769,-109
01:02:31,1982.62,29.26,0.47,3276.70,0.00,30.0450,29.9810,29.8679,29.8002,39373978,1469542,1973675,39333928.0000,1467674.1250,1956140.2500,-32768,13769,-109
01:02:32,1982.62,29.25,0.47,3276.70,0.00,30.0568,29.9855,29.8816,29.8051,39381306,1469179,1973017,39335408.0000,1467721.2500,1956667.6250,-32768,13769,-109
01:02:34,1982.62,29.25,0.46,3276.70,0.00,30.0591,29.9878,29.8834,29.8075,39378350,1469179,1973017,39338088.0000,1467830.5000,1956667.6250,-32768,13769,-109
01:02:37,1982.62,29.25,0.46,3276.70,0.00,30.0634,29.9878,29.8834,29.8148,39378350,1470333,1973017,39342448.0000,1468031.1250,1957562.3750,-32768,13769,-109
01:02:39,1977.19,29.25,0.46,3276.70,0.00,30.0743,30.0037,29.8834,29.8148,39395228,1470439,1963906,39347112.0000,1468031.1250,1958308.7500,-32768,13769,-109
01:02:41,1977.19,29.25,0.46,3276.70,0.00,30.0743,30.0105,29.9031,29.8312,39396942,1470517,1964121,39351736.0000,1468442.8750,1958655.8750,-32768,13769,-109
01:02:44,1982.62,29.24,0.45,3276.70,0.00,30.0743,30.0172,29.9031,29.8402,39395627,1470516,1966717,39357740.0000,1468725.0000,1959410.0000,-32768,13769,-109
01:02:45,1977.19,29.24,0.45,3276.70,0.00,30.0897,30.0216,29.9102,29.8423,39395613,1470572,1965178,39358924.0000,1468782.6250,1959590.2500,-32768,13769,-109
01:02:48,1977.19,29.24,0.45,3276.70,0.00,30.0897,30.0280,29.9149,29.8487,39414268,1471358,1964893,39363452.0000,1468994.5000,1960147.3750,-32768,13769,-109
01:02:50,1977.19,29.23,0.44,3276.70,0.00,30.0979,30.0323,29.9175,29.8529,39417241,1471355,1964893,39363452.0000,1468994.5000,1960787.6250,-32768,13769,-109
01:02:53,1977.19,29.23,0.44,3276.70,0.00,30.0979,30.0385,29.9228,29.8590,39417241,1471779,1969337,39373048.0000,1469447.7500,1961459.8750,-32768,13769,-109
01:02:56,1966.33,29.23,0.44,3276.70,0.00,30.0979,30.0466,29.9228,29.8671,39417241,1472278,1968506,39379660.0000,1469771.1250,1962294.7500,-32768,13769,-109
01:02:58,1960.90,29.22,0.43,3276.70,0.00,30.1138,30.0466,29.9343,29.8671,39440026,1472771,1971079,39385072.0000,1470032.6250,1962961.0000,-32768,13769,-109
01:03:00,1955.47,29.22,0.43,3276.70,0.00,30.1159,30.0582,29.9343,29.8805,39443559,1472861,1965028,39390280.0000,1470300.6250,1963395.8750,-32768,13769,-109
01:03:01,1955.47,29.22,0.41,3276.70,0.00,30.1173,30.0618,29.9384,29.8823,39428775,1472307,1965028,39392536.0000,1470415.2500,1963666.6250,-32768,13769,-109
01:03:05,1955.47,29.22,0.43,3276.70,0.00,30.1173,30.0670,29.9384,29.8877,39428775,1471943,1971221,39392536.0000,1470594.0000,1964389.3750,-32768,13769,-109
01:03:08,1955.47,29.22,0.41,3276.70,0.00,30.1173,30.0739,29.9384,29.8967,39432943,1472652,1953844,39399392.0000,1470594.0000,1964051.1250,-32768,13769,-109
01:03:10,1955.47,29.22,0.41,3276.70,0.00,30.1339,30.0792,29.9560,29.9003,39438652,1472751,1970267,39401728.0000,1470940.6250,1964051.1250,-32768,13769,-109
01:03:12,1955.47,29.22,0.41,3276.70,0.00,30.1339,30.0845,29.9560,29.9073,39430837,1472268,1966317,39405536.0000,1471078.6250,1964845.3750,-32768,13769,-109
01:03:15,1955.47,29.23,0.41,3276.70,0.00,30.1407,30.0845,29.9651,29.9073,39432124,1472268,1969441,39407896.0000,1471192.1250,1964845.3750,-32768,13769,-109
01:03:17,1950.04,29.23,0.40,3276.70,0.00,30.1489,30.0963,29.9720,29.9177,39443143,1472990,1971759,39410388.0000,1471192.1250,1966759.8750,-32768,13769,-109
01:03:19,1955.47,29.23,0.40,3276.70,0.00,30.1507,30.0980,29.9730,29.9194,39444359,1473045,1974119,39411448.0000,1471354.3750,1967134.5000,-32768,13769,-109
01:03:20,1955.47,29.23,0.40,3276.70,0.00,30.1537,30.1013,29.9765,29.9228,39436123,1472652,1970687,39413136.0000,1471435.6250,1967245.5000,-32768,13769,-109
01:03:22,1955.47,29.24,0.40,3276.70,0.00,30.1568,30.1047,29.9794,29.9262,39440688,1472781,1970687,39413136.0000,1471563.8750,1967597.3750,-32768,13769,-109
01:03:23,1955.47,29.24,0.40,3276.70,0.00,30.1599,30.1080,29.9820,29.9296,39445654,1472961,1971761,39416712.0000,1471607.5000,1967727.5000,-32768,13769,-109
01:03:24,1955.47,29.24,0.40,3276.70,0.00,30.1634,30.1113,29.9857,29.9329,39449180,1473271,1960558,39418788.0000,1471712.7500,1967727.5000,-32768,13769,-109
01:03:26,1955.47,29.24,0.39,3276.70,0.00,30.1656,30.1130,29.9873,29.9346,39444381,1472883,1960558,39420504.0000,1471791.2500,1967353.5000,-32768,13769,-109
01:03:27,1955.47,29.24,0.39,3276.70,0.00,30.1699,30.1180,29.9923,29.9396,39448103,1473073,1970619,39422248.0000,1471875.0000,1967567.8750,-32768,13769,-109
01:03:30,1955.47,29.24,0.39,3276.70,0.00,30.1716,30.1180,29.9938,29.9396,39450373,1473119,1972760,39423864.0000,1471947.6250,1967910.5000,-32768,13769,-109
01:03:32,1955.47,29.24,0.39,3276.70,0.00,30.1716,30.1263,29.9938,29.9481,39457417,1473490,1972278,39427052.0000,1472097.1250,1968465.3750,-32768,13769,-109
01:03:34,1950.04,29.24,0.39,3276.70,0.00,30.1829,30.1313,30.0048,29.9531,39456204,1473482,1974234,39428904.0000,1472184.7500,1968787.7500,-32768,13769,-109
01:03:35,1955.47,29.24,0.38,3276.70,0.00,30.1850,30.1329,30.0071,29.9564,39457403,1473439,1976634,39430660.0000,1472265.2500,1969205.6250,-32768,13769,-109
01:03:37,1950.04,29.24,0.38,3276.70,0.00,30.1894,30.1363,30.0115,29.9582,39456016,1473439,1976634,39432328.0000,1472346.7500,1969528.2500,-32768,13769,-109
01:03:39,1955.47,29.25,0.38,3276.70,0.00,30.1931,30.1363,30.0115,29.9633,39456016,1473056,1991646,39434548.0000,1472448.5000,1970423.3750,-32768,13769,-109
01:03:42,1955.47,29.25,0.38,3276.70,0.00,30.1931,30.1465,30.0115,29.9701,39456016,1473795,1975565,39436524.0000,1472547.2500,1971263.0000,-32768,13769,-109
01:03:45,1955.47,29.25,0.38,3276.70,0.00,30.1931,30.1515,30.0115,29.9752,39467397,1474173,1975621,39439064.0000,1472676.1250,1971263.0000,-32768,13769,-109
01:03:47,1950.04,29.25,0.38,3276.70,0.00,30.2098,30.1566,30.0332,29.9787,39462942,1473899,1976414,39440680.0000,1472796.2500,1972146.0000,-32768,13769,-109
01:03:49,1950.04,29.25,0.37,3276.70,0.00,30.2166,30.1618,30.0332,29.9840,39467200,1474357,1965693,39440680.0000,1472796.2500,1971817.8750,-32768,13769,-109
01:03:51,1955.47,29.26,0.37,3276.70,0.00,30.2166,30.1671,30.0332,29.9912,39470533,1474150,1965179,39446136.0000,1473051.3750,1971890.3750,-32768,13769,-109
01:03:52,1950.04,29.26,0.37,3276.70,0.00,30.2261,30.1706,30.0497,29.9930,39468465,1474055,1967823,39446832.0000,1473082.7500,1971763.2500,-32768,13769,-109
01:03:53,1950.04,29.26,0.37,3276.70,0.00,30.2280,30.1724,30.0515,29.9948,39471120,1474349,1977540,39447592.0000,1473122.3750,1971943.7500,-32768,13769,-109
01:03:56,1950.04,29.26,0.37,3276.70,0.00,30.2304,30.1742,30.0515,29.9985,39471120,1474035,1978842,39449604.0000,1473122.3750,1972515.6250,-32768,13769,-109
01:03:58,1950.04,29.26,0.36,3276.70,0.00,30.2304,30.1830,30.0515,30.0076,39475429,1474518,1978202,39452672.0000,1473364.1250,1973035.7500,-32768,13769,-109
01:04:00,1950.04,29.26,0.36,3276.70,0.00,30.2414,30.1866,30.0515,30.0076,39482996,1474888,1984142,39454484.0000,1473456.8750,1973715.2500,-32768,13769,-109
01:04:03,1950.04,29.26,0.36,3276.70,0.00,30.2450,30.1917,30.0680,30.0146,39482996,1474366,1984142,39456324.0000,1473542.2500,1974105.1250,-32768,13769,-109
01:04:06,1950.04,29.27,0.36,3276.70,0.00,30.2450,30.1968,30.0680,30.0213,39482996,1474709,1979131,39458088.0000,1473542.2500,1974105.1250,-32768,13769,-109
01:04:08,1955.47,29.27,0.35,3276.70,0.00,30.2543,30.2018,30.0780,30.0262,39481542,1474414,1979131,39460432.0000,1473716.3750,1975162.3750,-32768,13769,-109
01:04:11,1950.04,29.27,0.35,3276.70,0.00,30.2543,30.2067,30.0780,30.0311,39481542,1474553,1979917,39462420.0000,1473805.5000,1975658.0000,-32768,13769,-109
01:04:13,1950.04,29.27,0.33,3276.70,0.00,30.2612,30.2115,30.0831,30.0342,39481939,1474553,1979917,39462420.0000,1473805.5000,1976202.6250,-32768,13769,-109
01:04:14,1950.04,29.27,0.33,3276.70,0.00,30.2647,30.2162,30.0873,30.0388,39481906,1474772,1979795,39462420.0000,1473901.1250,1976314.8750,-32768,13769,-109
01:04:15,1950.04,29.28,0.33,3276.70,0.00,30.2663,30.2178,30.0887,30.0403,39487391,1475010,1979795,39465280.0000,1473935.7500,1976423.6250,-32768,13769,-109
01:04:17,1950.04,29.29,0.33,3276.70,0.00,30.2712,30.2225,30.0945,30.0450,39483543,1474852,1980677,39467056.0000,1473935.7500,1976787.8750,-32768,13769,-109
01:04:20,1950.04,29.29,0.33,3276.70,0.00,30.2743,30.2225,30.0972,30.0450,39480091,1474912,1969193,39468492.0000,1474089.0000,1976800.0000,-32768,13769,-109
01:04:21,1955.47,29.29,0.33,3276.70,0.00,30.2791,30.2302,30.1014,30.0529,39492428,1475123,1981013,39469704.0000,1474155.2500,1976712.7500,-32768,13769,-109
01:04:24,1950.04,29.29,0.32,3276.70,0.00,30.2809,30.2302,30.1045,30.0529,39490586,1475040,1982160,39471772.0000,1474155.2500,1976712.7500,-32768,13769,-109
01:04:26,1950.04,29.29,0.32,3276.70,0.00,30.2877,30.2396,30.1117,30.0622,39491900,1475211,1982890,39473200.0000,1474155.2500,1977594.8750,-32768,13769,-109
01:04:28,1950.04,29.29,0.32,3276.70,0.00,30.2905,30.2412,30.1139,30.0622,39489023,1475211,1982726,39474784.0000,1474383.2500,1978081.0000,-32768,13769,-109
01:04:29,1950.04,29.29,0.32,3276.70,0.00,30.2947,30.2459,30.1171,30.0685,39490247,1475085,1983531,39475268.0000,1474383.2500,1978251.2500,-32768,13769,-109
01:04:32,1950.04,29.29,0.32,3276.70,0.00,30.2947,30.2490,30.1205,30.0716,39502391,1475618,1983531,39477192.0000,1474498.7500,1978675.2500,-32768,13769,-109
01:04:33,1950.04,29.29,0.32,3276.70,0.00,30.3030,30.2537,30.1260,30.0763,39496940,1475319,1983531,39479048.0000,1474578.0000,1979042.3750,-32768,13769,-109
01:04:36,1950.04,29.30,0.32,3276.70,0.00,30.3030,30.2584,30.1260,30.0811,39500060,1475319,1983828,39480888.0000,1474663.8750,1979463.0000,-32768,13769,-109
01:04:38,1950.04,29.31,0.31,3276.70,0.00,30.3096,30.2614,30.1260,30.0811,39493525,1475247,1983054,39481640.0000,1474695.8750,1979691.5000,-32768,13769,-109
01:04:39,1950.04,29.31,0.31,3276.70,0.00,30.3139,30.2660,30.1361,30.0887,39491655,1475510,1973763,39482404.0000,1474739.0000,1979627.1250,-32768,13769,-109
01:04:41,1950.04,29.31,0.31,3276.70,0.00,30.3139,30.2690,30.1386,30.0916,39492254,1475510,1984309,39483024.0000,1474774.2500,1979603.7500,-32768,13769,-109
01:04:44,1950.04,29.31,0.31,3276.70,0.00,30.3139,30.2720,30.1386,30.0961,39493750,1475184,1984315,39484096.0000,1474818.8750,1979933.2500,-32768,13769,-109
01:04:45,1950.04,29.31,0.31,3276.70,0.00,30.3225,30.2764,30.1455,30.0991,39490641,1475301,1984390,39484472.0000,1474853.6250,1980351.7500,-32768,13769,-109
01:04:48,1950.04,29.32,0.31,3276.70,0.00,30.3259,30.2794,30.1484,30.1020,39492778,1475126,1984390,39485052.0000,1474853.6250,1980556.1250,-32768,13769,-109
01:04:50,1950.04,29.32,0.30,3276.70,0.00,30.3288,30.2823,30.1508,30.1020,39489729,1475131,1984162,39485052.0000,1474853.6250,1980871.6250,-32768,13769,-109
01:04:51,1950.04,29.32,0.30,3276.70,0.00,30.3316,30.2823,30.1508,30.1107,39498336,1475432,1987085,39486504.0000,1474938.2500,1981215.1250,-32768,13769,-109
01:04:53,1950.04,29.32,0.30,3276.70,0.00,30.3323,30.2895,30.1552,30.1134,39493793,1475122,1986117,39487016.0000,1474952.5000,1981509.8750,-32768,13769,-109
01:04:56,1950.04,29.32,0.30,3276.70,0.00,30.3323,30.2935,30.1552,30.1161,39493793,1475908,1986117,39488736.0000,1475038.6250,1982020.5000,-32768,13769,-109
01:04:58,1950.04,29.32,0.30,3276.70,0.00,30.3400,30.2975,30.1621,30.1200,39501265,1475451,1986117,39489452.0000,1475062.8750,1982263.1250,-32768,13769,-109
01:05:00,1950.04,29.32,0.30,3276.70,0.00,30.3400,30.3015,30.1650,30.1240,39501944,1475689,1986015,39490184.0000,1475099.8750,1982503.1250,-32768,13769,-109
01:05:02,1950.04,29.33,0.30,3276.70,0.00,30.3452,30.3041,30.1681,30.1279,39502301,1475631,1988903,39491012.0000,1475138.0000,1982789.2500,-32768,13769,-109
01:05:04,1950.04,29.33,0.29,3276.70,0.00,30.3474,30.3067,30.1681,30.1304,39494930,1475285,1986139,39491388.0000,1475153.5000,1982983.8750,-32768,13769,-109
01:05:05,1950.04,29.33,0.29,3276.70,0.00,30.3499,30.3105,30.1719,30.1329,39490725,1475074,1986334,39491432.0000,1475151.1250,1983200.7500,-32768,13769,-109
01:05:07,1950.04,29.33,0.29,3276.70,0.00,30.3524,30.3130,30.1748,30.1354,39488507,1475070,1986334,39491232.0000,1475144.3750,1983414.3750,-32768,13769,-109
01:05:10,1950.04,29.33,0.29,3276.70,0.00,30.3557,30.3130,30.1785,30.1354,39478167,1474492,1985002,39490420.0000,1475096.6250,1983584.8750,-32768,13769,-109
01:05:12,1950.04,29.33,0.29,3276.70,0.00,30.3588,30.3193,30.1785,30.1430,39469881,1474492,1984213,39489344.0000,1475048.6250,1983584.8750,-32768,13769,-109
01:05:13,1950.04,29.33,0.28,3276.70,0.00,30.3636,30.3231,30.1856,30.1455,39466725,1474019,1984305,39488060.0000,1474990.3750,1983708.0000,-32768,13769,-109
01:05:15,1950.04,29.33,0.28,3276.70,0.00,30.3645,30.3244,30.1866,30.1468,39466102,1474019,1984305,39486688.0000,1474926.7500,1983864.6250,-32768,13769,-109
01:05:17,1950.04,29.33,0.28,3276.70,0.00,30.3670,30.3244,30.1866,30.1505,39466102,1474449,1986585,39485504.0000,1474880.2500,1984061.0000,-32768,13769,-109
01:05:21,1950.04,29.33,0.28,3276.70,0.00,30.3670,30.3320,30.1866,30.1555,39466102,1474865,1989869,39485336.0000,1474871.0000,1984474.5000,-32768,13769,-109
01:05:22,1950.04,29.33,0.28,3276.70,0.00,30.3772,30.3371,30.2006,30.1594,39480918,1474820,1984051,39485040.0000,1474861.1250,1984533.7500,-32768,13769,-109
01:05:25,1950.04,29.33,0.26,3276.70,0.00,30.3772,30.3396,30.2006,30.1633,39480918,1475204,1988266,39485244.0000,1474887.0000,1984926.2500,-32768,13769,-109
01:05:27,1950.04,29.33,0.26,3276.70,0.00,30.3841,30.3435,30.2065,30.1633,39489246,1475297,1989348,39485368.0000,1474887.0000,1985189.0000,-32768,13769,-109
01:05:29,1950.04,29.33,0.26,3276.70,0.00,30.3873,30.3435,30.2117,30.1633,39490079,1475122,1989034,39486168.0000,1474950.1250,1985606.2500,-32768,13769,-109
01:05:32,1950.04,29.34,0.26,3276.70,0.00,30.3873,30.3514,30.2117,30.1752,39490079,1475550,1985656,39486684.0000,1474994.3750,1985792.2500,-32768,13769,-109
01:05:34,1950.04,29.34,0.25,3276.70,0.00,30.3873,30.3554,30.2220,30.1793,39491557,1475378,1988319,39486684.0000,1475036.3750,1986192.5000,-32768,13769,-109
01:05:38,1950.04,29.34,0.25,3276.70,0.00,30.3873,30.3594,30.2220,30.1833,39491557,1475715,1988319,39487960.0000,1475087.6250,1986192.5000,-32768,13769,-109
01:05:40,1950.04,29.34,0.24,3276.70,0.00,30.4050,30.3645,30.2281,30.1872,39492462,1475406,1988319,39487960.0000,1475087.6250,1986814.7500,-32768,13769,-109
01:05:42,1944.61,29.34,0.23,3276.70,0.00,30.4087,30.3684,30.2317,30.1911,39496120,1475530,1989800,39487960.0000,1475175.7500,1986917.3750,-32768,13769,-109
01:05:44,1950.04,29.34,0.23,3276.70,0.00,30.4087,30.3684,30.2342,30.1950,39502084,1475877,1989028,39490432.0000,1475216.7500,1986917.3750,-32768,13769,-109
01:05:46,1950.04,29.34,0.24,3276.70,0.00,30.4140,30.3746,30.2370,30.1975,39498948,1475991,1990114,39491068.0000,1475216.7500,1987188.7500,-32768,13769,-109
01:05:49,1944.61,29.34,0.24,3276.70,0.00,30.4140,30.3784,30.2386,30.2011,39501674,1475996,1990631,39492428.0000,1475339.3750,1987425.6250,-32768,13769,-109
01:05:50,1950.04,29.34,0.23,3276.70,0.00,30.4192,30.3808,30.2414,30.2035,39497104,1475770,1990623,39492576.0000,1475352.8750,1987425.6250,-32768,13769,-109
01:05:51,1950.04,29.35,0.23,3276.70,0.00,30.4195,30.3831,30.2423,30.2059,39500058,1475900,1990623,39492576.0000,1475408.3750,1987449.3750,-32768,13769,-109
01:05:54,1950.04,29.35,0.23,3276.70,0.00,30.4195,30.3866,30.2469,30.2094,39500740,1476115,1991192,39494064.0000,1475457.1250,1987672.6250,-32768,13769,-109
01:05:55,1950.04,29.35,0.23,3276.70,0.00,30.4250,30.3877,30.2489,30.2094,39500740,1476191,1991192,39494680.0000,1475517.6250,1987366.3750,-32768,13769,-109
01:05:58,1944.61,29.35,0.22,3276.70,0.00,30.4297,30.3914,30.2538,30.2143,39497177,1475902,1991192,39494680.0000,1475517.6250,1987632.8750,-32768,13769,-109
01:05:59,1950.04,29.35,0.22,3276.70,0.00,30.4338,30.3951,30.2577,30.2181,39500833,1476445,1980924,39495280.0000,1475601.2500,1987143.5000,-32768,13769,-109
01:06:01,1950.04,29.35,0.22,3276.70,0.00,30.4375,30.3976,30.2607,30.2206,39504180,1476268,1991895,39495824.0000,1475601.2500,1987547.5000,-32768,13769,-109
01:06:02,1950.04,29.36,0.22,3276.70,0.00,30.4393,30.4002,30.2646,30.2232,39497076,1476273,1977918,39496064.0000,1475677.7500,1987246.6250,-32768,13769,-109
01:06:03,1950.04,29.36,0.22,3276.70,0.00,30.4420,30.4014,30.2656,30.2245,39498495,1476213,1982731,39496140.0000,1475694.5000,1987105.5000,-32768,13769,-109
01:06:05,1950.04,29.36,0.22,3276.70,0.00,30.4448,30.4040,30.2685,30.2272,39494296,1475897,1991259,39496112.0000,1475694.5000,1987507.5000,-32768,13769,-109
01:06:07,1950.04,29.36,0.22,3276.70,0.00,30.4448,30.4078,30.2685,30.2323,39506473,1476477,1992216,39496328.0000,1475765.0000,1987486.5000,-32768,13769,-109
01:06:11,1950.04,29.36,0.22,3276.70,0.00,30.4448,30.4115,30.2685,30.2358,39506473,1475690,2006501,39496736.0000,1475790.2500,1988382.8750,-32768,13769,-109
01:06:12,1950.04,29.36,0.22,3276.70,0.00,30.4537,30.4152,30.2685,30.2383,39496467,1476084,1993293,39496724.0000,1475806.3750,1989089.5000,-32768,13769,-109
01:06:15,1950.04,29.36,0.20,3276.70,0.00,30.4558,30.4152,30.2821,30.2383,39497793,1475703,1993293,39496856.0000,1475812.3750,1990145.3750,-32768,13769,-109
01:06:18,1966.33,29.36,0.20,3276.70,0.00,30.4558,30.4226,30.2821,30.2472,39499811,1475703,1987024,39497392.0000,1475855.5000,1990363.3750,-32768,13769,-109
01:06:20,1966.33,29.36,0.20,3276.70,0.00,30.4633,30.4250,30.2884,30.2496,39494153,1475916,1987024,39497392.0000,1475855.5000,1990356.7500,-32768,13769,-109
01:06:22,1966.33,29.36,0.20,3276.70,0.00,30.4689,30.4299,30.2932,30.2534,39475649,1474886,1993908,39497392.0000,1475855.5000,1990108.5000,-32768,13769,-109
01:06:24,1966.33,29.37,0.19,3276.70,0.00,30.4723,30.4324,30.2967,30.2560,39471207,1474908,1979133,39494376.0000,1475732.0000,1989765.5000,-32768,13769,-109
01:06:26,2004.34,29.37,0.18,3276.70,0.00,30.4723,30.4363,30.3025,30.2600,39460344,1474180,1992664,39491724.0000,1475615.0000,1989995.2500,-32768,13769,-109
01:06:29,2009.78,29.37,0.16,3276.70,0.00,30.4723,30.4407,30.3025,30.2655,39439491,1474180,1990943,39485432.0000,1475308.6250,1989926.3750,-32768,13769,-109
01:06:30,2015.21,29.37,0.15,3276.70,0.00,30.4910,30.4437,30.3104,30.2669,39434762,1473011,1992186,39482104.0000,1475154.2500,1990335.7500,-32768,13769,-109
01:06:32,2009.78,29.37,0.13,3276.70,0.00,30.4910,30.4466,30.3123,30.2696,39428030,1472568,1992186,39478688.0000,1475154.2500,1990628.6250,-32768,13769,-109
01:06:34,1998.91,29.36,0.12,3276.70,0.00,30.4910,30.4521,30.3123,30.2749,39401418,1471406,2007316,39472460.0000,1474718.1250,1991169.3750,-32768,13769,-109
01:06:36,1998.91,29.36,0.13,3276.70,0.00,30.4933,30.4546,30.3159,30.2773,39407182,1471822,1989768,39468428.0000,1474536.1250,1991458.7500,-32768,13769,-109
01:06:39,1998.91,29.35,0.13,3276.70,0.00,30.4933,30.4571,30.3159,30.2810,39407182,1471046,2001904,39459688.0000,1474145.3750,1992144.3750,-32768,13769,-109
01:06:40,1998.91,29.35,0.13,3276.70,0.00,30.4978,30.4606,30.3214,30.2834,39389414,1471008,1988899,39457488.0000,1474047.3750,1992043.0000,-32768,13769,-109
01:06:42,1998.91,29.34,0.11,3276.70,0.00,30.4999,30.4630,30.3235,30.2870,39372266,1470256,2004507,39450116.0000,1473724.5000,1992043.0000,-32768,13769,-109
01:06:44,1998.91,29.34,0.10,3276.70,0.00,30.5043,30.4666,30.3270,30.2894,39367266,1470226,1988395,39445152.0000,1473505.8750,1992351.5000,-32768,13769,-109
01:06:46,1993.48,29.34,0.10,3276.70,0.00,30.5058,30.4666,30.3288,30.2918,39367266,1470226,2001364,39438040.0000,1473198.3750,1992369.2500,-32768,13769,-109
01:06:47,1998.91,29.33,0.10,3276.70,0.00,30.5093,30.4666,30.3317,30.2941,39369977,1470245,1999536,39433752.0000,1473011.1250,1992486.3750,-32768,13769,-109
01:06:50,1998.91,29.33,0.10,3276.70,0.00,30.5093,30.4750,30.3340,30.2977,39369977,1469787,1999536,39427008.0000,1472717.6250,1992236.1250,-32768,13769,-109
01:06:52,1998.91,29.33,0.09,3276.70,0.00,30.5134,30.4784,30.3340,30.2977,39348721,1469305,1988231,39420104.0000,1472419.3750,1992006.5000,-32768,13769,-109
01:06:55,1998.91,29.32,0.09,3276.70,0.00,30.5134,30.4816,30.3375,30.3042,39335387,1468933,1984488,39415120.0000,1472200.8750,1991645.7500,-32768,13769,-109
01:06:57,1998.91,29.32,0.08,3276.70,0.00,30.5134,30.4838,30.3409,30.3042,39335387,1468107,1988398,39407476.0000,1471860.7500,1991307.1250,-32768,13769,-109
01:06:58,1998.91,29.32,0.09,3276.70,0.00,30.5219,30.4872,30.3435,30.3042,39325789,1468322,1978113,39402432.0000,1471633.7500,1990789.1250,-32768,13769,-109
01:07:00,1998.91,29.32,0.08,3276.70,0.00,30.5232,30.4883,30.3444,30.3106,39316735,1467856,1980316,39402432.0000,1471391.1250,1990383.8750,-32768,13769,-109
01:07:03,1993.48,29.32,0.06,3276.70,0.00,30.5232,30.4926,30.3444,30.3148,39316735,1467804,1976807,39387692.0000,1470967.6250,1989213.3750,-32768,13769,-109
01:07:05,1998.91,29.31,0.06,3276.70,0.00,30.5232,30.4957,30.3496,30.3178,39310807,1467229,1986311,39383004.0000,1470967.6250,1989213.3750,-32768,13769,-109
01:07:08,1998.91,29.30,0.05,3276.70,0.00,30.5232,30.4986,30.3524,30.3208,39305341,1466993,1986311,39373664.0000,1470310.3750,1988675.1250,-32768,13769,-109
01:07:11,1998.91,29.30,0.05,3276.70,0.00,30.5308,30.4986,30.3532,30.3208,39296287,1466668,1986311,39367112.0000,1469989.1250,1987947.2500,-32768,13769,-109
01:07:12,1998.91,29.30,0.05,3276.70,0.00,30.5308,30.4986,30.3546,30.3273,39288427,1466002,1984787,39360428.0000,1469658.8750,1987354.1250,-32768,13769,-109
01:07:15,1998.91,29.29,0.04,3276.70,0.00,30.5328,30.4986,30.3549,30.3273,39288531,1466153,1971959,39355896.0000,1469658.8750,1987354.1250,-32768,13769,-109
01:07:17,1993.48,29.29,0.04,3276.70,0.00,30.5342,30.5085,30.3562,30.3273,39293982,1466153,1983318,39355896.0000,1469148.8750,1987354.1250,-32768,13769,-109
01:07:21,1998.91,29.29,0.04,3276.70,0.00,30.5342,30.5117,30.3562,30.3345,39293982,1465821,1986436,39340096.0000,1469148.8750,1986204.0000,-32768,13769,-109
01:07:23,1998.91,29.29,0.04,3276.70,0.00,30.5342,30.5147,30.3562,30.3373,39274331,1465049,1998107,39334368.0000,1469148.8750,1986938.3750,-32768,13769,-109
01:07:27,1993.48,29.28,0.04,3276.70,0.00,30.5342,30.5175,30.3562,30.3395,39274331,1464998,1998685,39326648.0000,1467960.2500,1987150.2500,-32768,13769,-109
01:07:29,1998.91,29.28,0.02,3276.70,0.00,30.5342,30.5203,30.3562,30.3421,39263691,1464590,1983273,39319132.0000,1467575.0000,1987102.1250,-32768,13769,-109
01:07:32,1998.91,29.28,0.02,3276.70,0.00,30.5342,30.5203,30.3651,30.3421,39260292,1464711,1983273,39313764.0000,1467308.0000,1986842.2500,-32768,13769,-109
01:07:33,1998.91,29.28,0.02,3276.70,0.00,30.5446,30.5243,30.3656,30.3459,39258990,1464566,1985448,39310432.0000,1467138.2500,1986780.7500,-32768,13769,-109
01:07:37,1998.91,29.27,0.02,3276.70,0.00,30.5446,30.5255,30.3656,30.3478,39258990,1464041,1983734,39304804.0000,1467138.2500,1985925.1250,-32768,13769,-109
01:07:39,1998.91,29.27,0.02,3276.70,0.00,30.5470,30.5279,30.3687,30.3496,39248828,1464483,1983734,39297940.0000,1466565.6250,1984847.2500,-32768,13769,-109
01:07:41,1998.91,29.26,0.01,3276.70,0.00,30.5475,30.5291,30.3687,30.3508,39248828,1463622,1983734,39292776.0000,1466298.8750,1984782.2500,-32768,13769,-109
01:07:44,1998.91,29.26,0.01,3276.70,0.00,30.5475,30.5314,30.3687,30.3532,39248828,1463477,1984026,39287912.0000,1466298.8750,1984782.2500,-32768,13769,-109
01:07:46,1998.91,29.26,0.01,3276.70,0.00,30.5523,30.5332,30.3741,30.3550,39242267,1463667,1983738,39285044.0000,1465887.7500,1984782.2500,-32768,13769,-109
01:07:47,2004.34,29.26,0.00,3276.70,0.00,30.5531,30.5332,30.3750,30.3562,39238046,1463781,1970057,39282152.0000,1465758.7500,1983592.2500,-32768,13769,-109
01:07:48,2004.34,29.26,0.01,3276.70,0.00,30.5538,30.5350,30.3754,30.3568,39238010,1463586,1970057,39282152.0000,1465617.0000,1983593.1250,-32768,13769,-109
01:07:51,1998.91,29.26,0.00,3276.70,0.00,30.5538,30.5361,30.3754,30.3585,39240552,1463586,1971328,39275632.0000,1465617.0000,1983593.1250,-32768,13769,-109
01:07:54,1998.91,29.26,0.00,3276.70,0.00,30.5538,30.5383,30.3754,30.3606,39240552,1463365,1981490,39271012.0000,1465172.5000,1982701.5000,-32768,13769,-109
01:07:55,2004.34,29.26,0.01,3276.70,0.00,30.5564,30.5398,30.3768,30.3616,39239877,1463461,1983389,39270040.0000,1465119.0000,1982723.0000,-32768,13769,-109
01:07:56,2004.34,29.26,0.00,3276.70,0.00,30.5564,30.5403,30.3770,30.3620,39239181,1463356,1983853,39268056.0000,1465013.0000,1982789.7500,-32768,13769,-109
01:07:58,2004.34,29.26,0.00,3276.70,0.00,30.5555,30.5412,30.3759,30.3628,39239573,1463537,1984503,39267168.0000,1465013.0000,1982843.2500,-32768,13769,-109
01:08:00,2004.34,29.26,0.00,3276.70,0.00,30.5555,30.5421,30.3775,30.3641,39234885,1463326,1984546,39264284.0000,1464791.1250,1983775.8750,-32768,13769,-109
01:08:00,2004.34,29.26,0.00,3276.70,0.00,30.5573,30.5430,30.3781,30.3645,39240255,1463532,1984885,39263532.0000,1464751.7500,1983810.5000,-32768,13769,-109
01:08:01,2004.34,29.26,0.00,3276.70,0.00,30.5582,30.5434,30.3787,30.3649,39238128,1463399,1983930,39262736.0000,1464709.5000,1983814.2500,-32768,13769,-109
01:08:03,2004.34,29.26,0.00,3276.70,0.00,30.5586,30.5439,30.3793,30.3654,39236865,1463348,1997294,39261928.0000,1464667.0000,1984235.5000,-32768,13769,-109
01:08:04,2004.34,29.26,0.00,3276.70,0.00,30.5604,30.5448,30.3809,30.3662,39236433,1463137,1997294,39259756.0000,1464535.6250,1984627.1250,-32768,13769,-109
01:08:06,1998.91,29.26,0.00,3276.70,0.00,30.5619,30.5458,30.3834,30.3673,39239482,1463340,1983499,39259124.0000,1464498.2500,1984591.8750,-32768,13769,-109
01:08:08,2004.34,29.27,0.01,3276.70,0.00,30.5638,30.5469,30.3842,30.3683,39242156,1463284,1986003,39259124.0000,1464396.5000,1984591.8750,-32768,13769,-109
01:08:10,2004.34,29.27,0.01,3276.70,0.00,30.5638,30.5485,30.3842,30.3703,39247220,1463843,1966160,39256508.0000,1464329.5000,1984002.3750,-32768,13769,-109
01:08:12,2004.34,29.27,0.00,3276.70,0.00,30.5671,30.5501,30.3882,30.3703,39243280,1463409,1983118,39255796.0000,1464281.7500,1983533.5000,-32768,13769,-109
01:08:14,1998.91,29.27,0.00,3276.70,0.00,30.5682,30.5507,30.3890,30.3719,39239028,1463069,1983524,39255796.0000,1464208.6250,1983575.5000,-32768,13769,-109
01:08:16,2004.34,29.28,0.00,3276.70,0.00,30.5682,30.5523,30.3890,30.3741,39236905,1463140,1984575,39253288.0000,1464208.6250,1983606.2500,-32768,13769,-109
01:08:17,2004.34,29.28,0.00,3276.70,0.00,30.5736,30.5541,30.3941,30.3753,39241315,1463143,1984787,39252480.0000,1464059.8750,1983643.2500,-32768,13769,-109
01:08:20,2004.34,29.27,0.00,3276.70,0.00,30.5751,30.5547,30.3952,30.3753,39241315,1462953,1984787,39252480.0000,1464059.8750,1983643.2500,-32768,13769,-109
01:08:21,2004.34,29.28,0.00,3276.70,0.00,30.5764,30.5566,30.3961,30.3776,39241383,1463403,1986015,39251356.0000,1463960.8750,1984792.3750,-32768,13769,-109
01:08:24,2004.34,29.28,0.00,3276.70,0.00,30.5764,30.5585,30.3984,30.3776,39248433,1463791,1986015,39250976.0000,1463926.2500,1984619.3750,-32768,13769,-109
01:08:26,2004.34,29.28,0.00,3276.70,0.00,30.5802,30.5598,30.3998,30.3805,39257253,1463891,1986022,39250976.0000,1463926.2500,1984721.8750,-32768,13769,-109
01:08:27,2004.34,29.29,0.00,3276.70,0.00,30.5825,30.5617,30.4019,30.3823,39252377,1463891,1987002,39251612.0000,1463914.6250,1984852.6250,-32768,13769,-109
01:08:29,1998.91,29.29,0.00,3276.70,0.00,30.5833,30.5623,30.4025,30.3830,39254159,1463695,1986628,39251880.0000,1463901.6250,1984908.1250,-32768,13769,-109
01:08:32,2004.34,29.29,0.00,3276.70,0.00,30.5833,30.5643,30.4025,30.3854,39254159,1464215,1986693,39252228.0000,1463939.0000,1984298.5000,-32768,13769,-109
01:08:33,1998.91,29.29,0.00,3276.70,0.00,30.5870,30.5662,30.4057,30.3865,39259885,1464215,1986766,39252604.0000,1463940.5000,1984431.1250,-32768,13769,-109
01:08:35,1998.91,29.29,0.00,3276.70,0.00,30.5883,30.5675,30.4081,30.3878,39254384,1464317,1972063,39252604.0000,1463960.1250,1983783.0000,-32768,13769,-109
01:08:37,2004.34,29.29,0.00,3276.70,0.00,30.5902,30.5689,30.4103,30.3891,39256993,1463979,1987873,39252696.0000,1463960.1250,1983783.0000,-32768,13769,-109
01:08:39,2004.34,29.30,0.00,3276.70,0.00,30.5912,30.5689,30.4118,30.3891,39256993,1463698,1987391,39252800.0000,1463940.3750,1984056.3750,-32768,13769,-109
01:08:40,1998.91,29.30,0.00,3276.70,0.00,30.5912,30.5722,30.4134,30.3924,39253480,1463784,1986753,39252880.0000,1463932.8750,1984299.0000,-32768,13769,-109
01:08:42,2004.34,29.30,0.00,3276.70,0.00,30.5912,30.5729,30.4134,30.3937,39253480,1464158,1973275,39253088.0000,1463934.7500,1984135.8750,-32768,13769,-109
01:08:45,2004.34,29.30,0.00,3276.70,0.00,30.5970,30.5729,30.4177,30.3959,39255591,1463737,1986838,39253024.0000,1463932.1250,1984135.8750,-32768,13769,-109
01:08:47,2004.34,29.30,0.00,3276.70,0.00,30.6000,30.5770,30.4177,30.3980,39255591,1463394,1989965,39253156.0000,1463894.6250,1984292.5000,-32768,13769,-109
01:08:48,1998.91,29.31,0.00,3276.70,0.00,30.6044,30.5793,30.4243,30.3995,39249270,1463295,1987148,39253032.0000,1463875.8750,1984381.7500,-32768,13769,-109
01:08:50,1998.91,29.31,0.00,3276.70,0.00,30.6063,30.5801,30.4257,30.3995,39245148,1463182,1987751,39252520.0000,1463832.1250,1984570.0000,-32768,13769,-109
01:08:53,2004.34,29.31,0.00,3276.70,0.00,30.6063,30.5826,30.4257,30.4035,39248284,1463321,1988328,39251744.0000,1463802.2500,1984570.0000,-32768,13769,-109
01:08:55,1998.91,29.31,0.00,3276.70,0.00,30.6109,30.5826,30.4309,30.4058,39249779,1463313,1982894,39251744.0000,1463802.2500,1984528.7500,-32768,13769,-109
01:08:57,1998.91,29.32,0.00,3276.70,0.00,30.6136,30.5875,30.4309,30.4082,39249116,1463105,1991878,39251200.0000,1463702.6250,1984528.7500,-32768,13769,-109
01:08:58,2004.34,29.32,0.00,3276.70,0.00,30.6155,30.5891,30.4341,30.4090,39248242,1463181,1972800,39251024.0000,1463683.5000,1984569.3750,-32768,13769,-109
01:09:01,2004.34,29.32,0.00,3276.70,0.00,30.6185,30.5917,30.4341,30.4115,39248242,1463330,1988285,39250936.0000,1463659.5000,1984575.3750,-32768,13769,-109
01:09:03,2004.34,29.33,0.00,3276.70,0.00,30.6215,30.5943,30.4408,30.4140,39249371,1463651,1972459,39250884.0000,1463648.2500,1984291.2500,-32768,13769,-109
01:09:05,2004.34,29.33,0.00,3276.70,0.00,30.6240,30.5960,30.4427,30.4157,39248006,1463023,1972459,39250496.0000,1463608.0000,1984180.6250,-32768,13769,-109
01:09:07,2004.34,29.33,0.00,3276.70,0.00,30.6240,30.5986,30.4449,30.4182,39250817,1463296,1988956,39250496.0000,1463608.0000,1984695.7500,-32768,13769,-109
01:09:09,2004.34,29.33,0.00,3276.70,0.00,30.6280,30.5986,30.4478,30.4208,39253569,1463379,1989196,39250516.0000,1463560.3750,1984960.0000,-32768,13769,-109
01:09:12,2004.34,29.33,0.00,3276.70,0.00,30.6280,30.6037,30.4478,30.4233,39253569,1463544,1989272,39251176.0000,1463560.3750,1984960.0000,-32768,13769,-109
01:09:14,2004.34,29.33,0.00,3276.70,0.00,30.6317,30.6061,30.4515,30.4257,39251908,1463464,1989282,39251304.0000,1463589.1250,1985026.5000,-32768,13769,-109
01:09:16,2004.34,29.33,0.00,3276.70,0.00,30.6336,30.6077,30.4529,30.4273,39250268,1463272,1989282,39251236.0000,1463561.3750,1985537.0000,-32768,13769,-109
01:09:19,2004.34,29.33,0.00,3276.70,0.00,30.6361,30.6077,30.4559,30.4273,39246898,1463468,1977223,39250896.0000,1463542.6250,1985433.7500,-32768,13769,-109
01:09:21,2004.34,29.34,0.00,3276.70,0.00,30.6386,30.6077,30.4575,30.4273,39259154,1463656,1990713,39251384.0000,1463549.5000,1985871.0000,-32768,13769,-109
01:09:23,1998.91,29.34,0.00,3276.70,0.00,30.6397,30.6150,30.4594,30.4345,39252082,1463326,1985922,39251404.0000,1463542.5000,1985872.6250,-32768,13769,-109
01:09:23,2004.34,29.34,0.00,3276.70,0.00,30.6409,30.6157,30.4599,30.4353,39251202,1463319,1989050,39251400.0000,1463535.5000,1985971.8750,-32768,13769,-109
01:09:24,2004.34,29.34,0.00,3276.70,0.00,30.6414,30.6165,30.4609,30.4361,39255083,1463224,1993168,39251436.0000,1463519.2500,1986300.8750,-32768,13769,-109
01:09:26,2004.34,29.34,0.00,3276.70,0.00,30.6436,30.6181,30.4628,30.4377,39252102,1463432,1989794,39251456.0000,1463516.5000,1986410.0000,-32768,13769,-109
01:09:27,2004.34,29.34,0.00,3276.70,0.00,30.6445,30.6189,30.4640,30.4377,39244603,1463302,1978636,39251248.0000,1463517.6250,1985830.3750,-32768,13769,-109
01:09:30,2004.34,29.34,0.00,3276.70,0.00,30.6445,30.6215,30.4640,30.4418,39248818,1463097,1989826,39250896.0000,1463469.8750,1985830.3750,-32768,13769,-109
01:09:33,2004.34,29.34,0.00,3276.70,0.00,30.6445,30.6248,30.4640,30.4443,39248818,1463078,1986494,39250700.0000,1463466.0000,1985744.5000,-32768,13769,-109
01:09:35,2004.34,29.35,0.00,3276.70,0.00,30.6550,30.6273,30.4743,30.4468,39249876,1463245,1986494,39250620.0000,1463445.7500,1985996.1250,-32768,13769,-109
01:09:36,1998.91,29.35,0.00,3276.70,0.00,30.6576,30.6291,30.4772,30.4486,39253664,1463407,1990185,39250844.0000,1463442.2500,1986284.1250,-32768,13769,-109
01:09:38,2004.34,29.35,0.00,3276.70,0.00,30.6591,30.6300,30.4784,30.4486,39249507,1463078,1989656,39250956.0000,1463427.8750,1986503.2500,-32768,13769,-109
01:09:39,1998.91,29.35,0.00,3276.70,0.00,30.6608,30.6319,30.4798,30.4486,39244620,1463281,1976438,39250616.0000,1463421.3750,1985928.5000,-32768,13769,-109
01:09:41,2004.34,29.35,0.00,3276.70,0.00,30.6625,30.6328,30.4823,30.4486,39251100,1463145,1989533,39250632.0000,1463421.3750,1986146.1250,-32768,13769,-109
01:09:44,2004.34,29.36,0.00,3276.70,0.00,30.6665,30.6357,30.4823,30.4560,39251100,1463287,1989533,39250632.0000,1463384.3750,1986587.3750,-32768,13769,-109
01:09:45,2004.34,29.36,0.00,3276.70,0.00,30.6702,30.6396,30.4887,30.4589,39266050,1463616,1992244,39251540.0000,1463395.3750,1986918.7500,-32768,13769,-109
01:09:47,2004.34,29.36,0.00,3276.70,0.00,30.6716,30.6396,30.4914,30.4617,39257802,1463771,1977549,39252280.0000,1463422.3750,1986610.3750,-32768,13769,-109
01:09:48,1998.91,29.37,0.00,3276.70,0.00,30.6737,30.6434,30.4929,30.4626,39260592,1463387,1991971,39252540.0000,1463421.2500,1986777.8750,-32768,13769,-109
01:09:49,2004.34,29.37,0.00,3276.70,0.00,30.6753,30.6444,30.4947,30.4636,39259244,1463463,1992059,39252748.0000,1463422.5000,1986942.8750,-32768,13769,-109
01:09:51,2004.34,29.37,0.00,3276.70,0.00,30.6769,30.6454,30.4957,30.4646,39263505,1463838,1992059,39253456.0000,1463444.3750,1987180.5000,-32768,13769,-109
01:09:52,2004.34,29.37,0.00,3276.70,0.00,30.6801,30.6484,30.4988,30.4675,39254728,1463238,1992087,39253704.0000,1463437.5000,1987494.2500,-32768,13769,-109
01:09:53,2004.34,29.37,0.00,3276.70,0.00,30.6804,30.6494,30.5004,30.4685,39252660,1463191,1996035,39253672.0000,1463429.8750,1987761.1250,-32768,13769,-109
01:09:56,1998.91,29.37,0.00,3276.70,0.00,30.6816,30.6504,30.5012,30.4685,39258416,1463729,1996035,39253672.0000,1463429.8750,1987761.1250,-32768,13769,-109
01:09:58,2004.34,29.37,0.00,3276.70,0.00,30.6852,30.6534,30.5043,30.4685,39253860,1463003,1991762,39253816.0000,1463429.8750,1988168.6250,-32768,13769,-109
01:09:59,2004.34,29.38,0.00,3276.70,0.00,30.6879,30.6564,30.5060,30.4685,39252218,1462728,1999715,39253616.0000,1463359.5000,1988694.8750,-32768,13769,-109
01:10:02,2004.34,29.38,0.00,3276.70,0.00,30.6891,30.6564,30.5080,30.4685,39255199,1463057,1992626,39253664.0000,1463342.2500,1989058.3750,-32768,13769,-109
01:10:05,2004.34,29.38,0.00,3276.70,0.00,30.6891,30.6623,30.5080,30.4822,39248397,1462962,1992821,39253212.0000,1463342.2500,1989058.3750,-32768,13769,-109
01:10:06,2004.34,29.38,0.00,3276.70,0.00,30.6973,30.6653,30.5158,30.4842,39248942,1462866,1992826,39253040.0000,1463273.7500,1989532.5000,-32768,13769,-109
01:10:08,1998.91,29.38,0.00,3276.70,0.00,30.6988,30.6673,30.5179,30.4862,39251716,1463123,1993921,39252916.0000,1463273.7500,1989954.0000,-32768,13769,-109
01:10:10,2004.34,29.39,0.00,3276.70,0.00,30.7016,30.6702,30.5179,30.4891,39252913,1463046,1992750,39252944.0000,1463225.2500,1990365.5000,-32768,13769,-109
01:10:12,1998.91,29.39,0.00,3276.70,0.00,30.7039,30.6702,30.5237,30.4891,39246057,1462829,1993103,39252436.0000,1463197.1250,1990453.6250,-32768,13769,-109
01:10:14,1998.91,29.39,0.00,3276.70,0.00,30.7067,30.6743,30.5252,30.4931,39246057,1462888,1993103,39252436.0000,1463162.6250,1990841.5000,-32768,13769,-109
01:10:17,2004.34,29.39,0.00,3276.70,0.00,30.7067,30.6785,30.5252,30.4975,39248219,1462888,1994717,39251728.0000,1463123.0000,1991120.2500,-32768,13769,-109
01:10:19,1998.91,29.40,0.00,3276.70,0.00,30.7180,30.6785,30.5354,30.5008,39241091,1462294,1996934,39251036.0000,1463074.3750,1991390.6250,-32768,13769,-109
01:10:20,2004.34,29.40,0.00,3276.70,0.00,30.7193,30.6830,30.5371,30.5019,39242731,1462427,1993585,39250604.0000,1463040.2500,1991560.0000,-32768,13769,-109
01:10:22,1998.91,29.40,0.00,3276.70,0.00,30.7224,30.6854,30.5371,30.5042,39242731,1462672,1994222,39250456.0000,1463023.8750,1991671.6250,-32768,13769,-109
01:10:24,2004.34,29.41,0.00,3276.70,0.00,30.7224,30.6903,30.5371,30.5089,39245170,1462662,1995083,39250172.0000,1462970.6250,1992292.1250,-32768,13769,-109
01:10:27,1998.91,29.41,0.00,3276.70,0.00,30.7324,30.6928,30.5371,30.5126,39245170,1462500,1997523,39249800.0000,1462938.1250,1992627.2500,-32768,13769,-109
01:10:30,1998.91,29.42,0.00,3276.70,0.00,30.7324,30.6978,30.5549,30.5162,39247678,1462672,1992956,39249508.0000,1462904.5000,1992830.0000,-32768,13769,-109
01:10:31,1998.91,29.42,0.00,3276.70,0.00,30.7324,30.7016,30.5591,30.5200,39244187,1462226,1993115,39249260.0000,1462851.5000,1993114.6250,-32768,13769,-109
01:10:33,1998.91,29.42,0.00,3276.70,0.00,30.7429,30.7029,30.5601,30.5212,39243279,1462372,1995808,39249072.0000,1462851.5000,1993114.6250,-32768,13769,-109
01:10:35,2004.34,29.43,0.00,3276.70,0.00,30.7461,30.7054,30.5632,30.5237,39239302,1462038,1995808,39249072.0000,1462851.5000,1993531.3750,-32768,13769,-109
01:10:36,1998.91,29.43,0.00,3276.70,0.00,30.7501,30.7093,30.5674,30.5275,39229739,1462038,1994169,39247124.0000,1462698.8750,1993574.6250,-32768,13769,-109
01:10:39,1998.91,29.43,0.00,3276.70,0.00,30.7501,30.7131,30.5674,30.5312,39234819,1461758,1999486,39246148.0000,1462624.2500,1993748.5000,-32768,13769,-109
01:10:42,2004.34,29.44,0.00,3276.70,0.00,30.7501,30.7158,30.5674,30.5350,39234571,1461758,1995792,39244840.0000,1462536.1250,1993885.3750,-32768,13769,-109
01:10:44,2004.34,29.44,0.00,3276.70,0.00,30.7501,30.7211,30.5674,30.5403,39233829,1461829,1994933,39243840.0000,1462471.7500,1994123.1250,-32768,13769,-109
01:10:45,1998.91,29.44,0.00,3276.70,0.00,30.7655,30.7237,30.5832,30.5416,39235891,1461817,1996140,39243592.0000,1462451.2500,1994186.2500,-32768,13769,-109
01:10:48,1998.91,29.44,0.00,3276.70,0.00,30.7655,30.7264,30.5832,30.5455,39232795,1461774,1997662,39242800.0000,1462400.0000,1994186.2500,-32768,13769,-109
01:10:49,1998.91,29.45,0.00,3276.70,0.00,30.7711,30.7302,30.5888,30.5481,39232638,1461686,1995944,39242272.0000,1462400.0000,1994602.6250,-32768,13769,-109
01:10:53,2004.34,29.45,0.00,3276.70,0.00,30.7711,30.7342,30.5888,30.5520,39232638,1461586,1996381,39241156.0000,1462284.7500,1994643.3750,-32768,13769,-109
01:10:55,1998.91,29.45,0.00,3276.70,0.00,30.7805,30.7382,30.5973,30.5559,39232638,1461586,1993534,39241156.0000,1462188.5000,1995018.7500,-32768,13769,-109
01:10:56,1998.91,29.46,0.00,3276.70,0.00,30.7845,30.7410,30.6015,30.5600,39234590,1461702,1997805,39239544.0000,1462173.2500,1995105.8750,-32768,13769,-109
01:10:58,1998.91,29.46,0.00,3276.70,0.00,30.7877,30.7410,30.6038,30.5600,39237634,1461849,1998963,39239300.0000,1462146.3750,1995334.6250,-32768,13769,-109
01:10:59,1998.91,29.46,0.00,3276.70,0.00,30.7901,30.7478,30.6063,30.5653,39244342,1462192,1999108,39239500.0000,1462143.8750,1995532.8750,-32768,13769,-109
01:11:01,1998.91,29.46,0.00,3276.70,0.00,30.7911,30.7491,30.6076,30.5666,39244441,1462096,1999108,39239644.0000,1462140.3750,1995532.8750,-32768,13769,-109
01:11:03,1998.91,29.46,0.00,3276.70,0.00,30.7930,30.7518,30.6093,30.5692,39237265,1461931,1999045,39239568.0000,1462140.3750,1996012.6250,-32768,13769,-109
01:11:06,1998.91,29.47,0.00,3276.70,0.00,30.7930,30.7571,30.6093,30.5743,39237265,1461959,1999231,39239040.0000,1462073.1250,1996257.8750,-32768,13769,-109
01:11:08,1998.91,29.47,0.00,3276.70,0.00,30.8016,30.7611,30.6191,30.5782,39245980,1462185,1999050,39239380.0000,1462074.6250,1996552.6250,-32768,13769,-109
01:11:11,2004.34,29.47,0.00,3276.70,0.00,30.8016,30.7637,30.6191,30.5821,39245980,1461621,2003715,39239236.0000,1462029.2500,1996862.6250,-32768,13769,-109
01:11:13,1998.91,29.47,0.00,3276.70,0.00,30.8016,30.7691,30.6280,30.5873,39237182,1461742,1998771,39238992.0000,1461993.8750,1996903.1250,-32768,13769,-109
01:11:15,1998.91,29.47,0.00,3276.70,0.00,30.8016,30.7717,30.6280,30.5898,39237301,1461742,1999562,39238972.0000,1461981.3750,1997232.8750,-32768,13769,-109
01:11:17,1998.91,29.48,0.00,3276.70,0.00,30.8016,30.7770,30.6280,30.5936,39239847,1461841,1999038,39239072.0000,1461977.1250,1997337.7500,-32768,13769,-109
01:11:20,1998.91,29.48,0.00,3276.70,0.00,30.8198,30.7795,30.6367,30.5962,39237105,1461742,1999038,39238900.0000,1461955.0000,1997553.6250,-32768,13769,-109
01:11:23,1998.91,29.48,0.00,3276.70,0.00,30.8198,30.7835,30.6367,30.6014,39237105,1461648,1999038,39238468.0000,1461916.0000,1997857.3750,-32768,13769,-109
01:11:25,1998.91,29.49,0.00,3276.70,0.00,30.8288,30.7875,30.6446,30.6040,39232525,1461439,2000949,39238468.0000,1461891.0000,1998031.1250,-32768,13769,-109
01:11:27,1998.91,29.49,0.00,3276.70,0.00,30.8316,30.7875,30.6475,30.6040,39224430,1461268,1997077,39237416.0000,1461832.1250,1998259.7500,-32768,13769,-109
01:11:28,1998.91,29.49,0.00,3276.70,0.00,30.8362,30.7952,30.6475,30.6040,39228048,1461236,2000669,39236760.0000,1461793.6250,1998530.7500,-32768,13769,-109
01:11:30,1998.91,29.49,0.00,3276.70,0.00,30.8375,30.7965,30.6527,30.6040,39226577,1461236,2000669,39236000.0000,1461754.2500,1998638.0000,-32768,13769,-109
01:11:32,1998.91,29.49,0.00,3276.70,0.00,30.8405,30.8005,30.6562,30.6040,39228222,1461115,2000490,39235756.0000,1461734.2500,1998695.8750,-32768,13769,-109
01:11:34,1998.91,29.49,0.00,3276.70,0.00,30.8449,30.8031,30.6587,30.6192,39228014,1461204,2000832,39234960.0000,1461679.3750,1998936.8750,-32768,13769,-109
01:11:36,1998.91,29.50,0.00,3276.70,0.00,30.8479,30.8058,30.6621,30.6218,39226692,1461267,1999190,39234704.0000,1461679.3750,1999074.6250,-32768,13769,-109
01:11:38,1998.91,29.50,0.00,3276.70,0.00,30.8479,30.8111,30.6680,30.6270,39228172,1461129,2001724,39233992.0000,1461624.6250,1999274.2500,-32768,13769,-109
01:11:40,1998.91,29.51,0.00,3276.70,0.00,30.8554,30.8125,30.6695,30.6283,39223132,1460897,2002151,39233992.0000,1461581.8750,1999431.0000,-32768,13769,-109
01:11:40,1998.91,29.51,0.00,3276.70,0.00,30.8583,30.8152,30.6730,30.6309,39225889,1460977,2001319,39233128.0000,1461563.0000,1999490.0000,-32768,13769,-109
01:11:43,1998.91,29.51,0.00,3276.70,0.00,30.8592,30.8166,30.6741,30.6323,39227245,1460977,2001319,39233128.0000,1461563.0000,1999490.0000,-32768,13769,-109
01:11:45,1998.91,29.51,0.00,3276.70,0.00,30.8627,30.8207,30.6775,30.6362,39225486,1461041,2001114,39232368.0000,1461563.0000,1999876.0000,-32768,13769,-109
01:11:47,1998.91,29.52,0.00,3276.70,0.00,30.8627,30.8260,30.6775,30.6414,39225300,1460863,2005010,39231560.0000,1461443.7500,2000168.1250,-32768,13769,-109
01:11:49,1998.91,29.52,0.00,3276.70,0.00,30.8704,30.8299,30.6855,30.6453,39225247,1460812,2005978,39230836.0000,1461389.1250,2000316.8750,-32768,13769,-109
01:11:50,1998.91,29.52,0.00,3276.70,0.00,30.8723,30.8312,30.6879,30.6466,39226301,1460934,2002590,39230696.0000,1461374.8750,2000387.8750,-32768,13769,-109
01:11:53,1998.91,29.52,0.00,3276.70,0.00,30.8760,30.8351,30.6919,30.6506,39229716,1461194,2004204,39230324.0000,1461374.8750,2000387.8750,-32768,13769,-109
01:11:54,1998.91,29.53,0.00,3276.70,0.00,30.8777,30.8364,30.6919,30.6532,39226461,1461037,2001837,39230224.0000,1461332.3750,2000629.7500,-32768,13769,-109
01:11:55,1998.91,29.53,0.00,3276.70,0.00,30.8800,30.8390,30.6919,30.6532,39224644,1460934,1998450,39229956.0000,1461308.0000,2000731.1250,-32768,13769,-109
01:11:58,1998.91,29.53,0.00,3276.70,0.00,30.8802,30.8415,30.6953,30.6569,39225167,1460928,1998450,39229604.0000,1461284.7500,2000731.1250,-32768,13769,-109
01:11:59,1998.91,29.53,0.00,3276.70,0.00,30.8802,30.8463,30.6995,30.6618,39233134,1461335,2001105,39229624.0000,1461277.8750,2001166.8750,-32768,13769,-109
01:12:02,1998.91,29.53,0.00,3276.70,0.00,30.8802,30.8475,30.7015,30.6630,39230068,1461227,2001105,39229624.0000,1461276.2500,2001370.6250,-32768,13769,-109
01:12:04,1998.91,29.53,0.00,3276.70,0.00,30.8802,30.8524,30.7015,30.6689,39225894,1460746,2003343,39229292.0000,1461245.1250,2001626.6250,-32768,13769,-109
01:12:06,1993.48,29.54,0.00,3276.70,0.00,30.8924,30.8548,30.7015,30.6701,39225894,1460608,2004027,39228780.0000,1461209.2500,2001775.8750,-32768,13769,-109
01:12:08,1998.91,29.54,0.00,3276.70,0.00,30.8957,30.8584,30.7116,30.6737,39221783,1460521,2003938,39228172.0000,1461164.1250,2001921.7500,-32768,13769,-109
01:12:09,1998.91,29.54,0.00,3276.70,0.00,30.8981,30.8596,30.7130,30.6737,39221590,1460719,2003384,39227724.0000,1461136.6250,2001992.0000,-32768,13769,-109
01:12:12,1998.91,29.54,0.00,3276.70,0.00,30.9007,30.8596,30.7162,30.6737,39225888,1460904,2005931,39227288.0000,1461104.6250,2002094.1250,-32768,13769,-109
01:12:13,1993.48,29.55,0.00,3276.70,0.00,30.9041,30.8657,30.7191,30.6822,39224349,1461004,2001035,39227072.0000,1461095.7500,2002108.8750,-32768,13769,-109
01:12:14,1993.48,29.55,0.00,3276.70,0.00,30.9075,30.8682,30.7223,30.6835,39224564,1460923,2005209,39226992.0000,1461090.3750,2002205.7500,-32768,13769,-109
01:12:17,1998.91,29.55,0.00,3276.70,0.00,30.9086,30.8682,30.7242,30.6835,39224451,1460935,2005429,39226920.0000,1461075.2500,2002563.6250,-32768,13769,-109
01:12:19,1998.91,29.55,0.00,3276.70,0.00,30.9086,30.8743,30.7282,30.6906,39224890,1460967,2002336,39226744.0000,1461050.3750,2002563.6250,-32768,13769,-109
01:12:20,1998.91,29.55,0.00,3276.70,0.00,30.9149,30.8767,30.7293,30.6918,39225610,1460863,2007997,39226708.0000,1461044.5000,2002869.1250,-32768,13769,-109
01:12:23,1998.91,29.55,0.00,3276.70,0.00,30.9171,30.8767,30.7321,30.6918,39227882,1460918,2005884,39226568.0000,1461044.5000,2002869.1250,-32768,13769,-109
01:12:25,1998.91,29.55,0.00,3276.70,0.00,30.9171,30.8839,30.7321,30.6999,39228663,1460933,2005472,39226704.0000,1461017.2500,2003421.2500,-32768,13769,-109
01:12:28,1998.91,29.55,0.00,3276.70,0.00,30.9225,30.8839,30.7375,30.6999,39226694,1460998,2003751,39226532.0000,1460997.1250,2003549.8750,-32768,13769,-109
01:12:31,1998.91,29.56,0.00,3276.70,0.00,30.9225,30.8908,30.7375,30.7066,39220638,1460646,2006571,39226532.0000,1460997.1250,2003932.8750,-32768,13769,-109
01:12:34,1998.91,29.57,0.00,3276.70,0.00,30.9225,30.8952,30.7375,30.7109,39220638,1460490,2005515,39224864.0000,1460877.8750,2004009.3750,-32768,13769,-109
01:12:35,1998.91,29.57,0.00,3276.70,0.00,30.9340,30.8985,30.7375,30.7131,39218669,1460539,2007170,39224480.0000,1460858.7500,2004081.3750,-32768,13769,-109
01:12:38,1998.91,29.57,0.00,3276.70,0.00,30.9340,30.9020,30.7375,30.7166,39220629,1460535,2007239,39224212.0000,1460842.8750,2004259.8750,-32768,13769,-109
01:12:40,1998.91,29.57,0.00,3276.70,0.00,30.9426,30.9044,30.7573,30.7189,39222918,1460689,2007239,39223964.0000,1460842.8750,2004427.7500,-32768,13769,-109
01:12:42,1998.91,29.58,0.00,3276.70,0.00,30.9462,30.9044,30.7597,30.7225,39216932,1460214,2009681,39223596.0000,1460778.0000,2004667.7500,-32768,13769,-109
01:12:43,1998.91,29.58,0.00,3276.70,0.00,30.9483,30.9105,30.7622,30.7249,39222123,1460502,2002858,39223552.0000,1460769.3750,2004611.1250,-32768,13769,-109
01:12:46,1998.91,29.58,0.00,3276.70,0.00,30.9483,30.9129,30.7622,30.7284,39222123,1460465,2006954,39223144.0000,1460719.2500,2004868.0000,-32768,13769,-109
01:12:48,1998.91,29.59,0.00,3276.70,0.00,30.9523,30.9129,30.7695,30.7284,39225268,1460603,2007351,39223204.0000,1460706.5000,2005225.5000,-32768,13769,-109
01:12:50,1998.91,29.59,0.00,3276.70,0.00,30.9568,30.9199,30.7706,30.7342,39226320,1460603,2007351,39223400.0000,1460701.3750,2005225.5000,-32768,13769,-109
01:12:51,1998.91,29.59,0.00,3276.70,0.00,30.9591,30.9222,30.7724,30.7376,39222536,1460535,2008845,39223452.0000,1460690.6250,2005503.1250,-32768,13769,-109
01:12:53,1998.91,29.59,0.00,3276.70,0.00,30.9594,30.9245,30.7737,30.7387,39223172,1460487,2007927,39223440.0000,1460684.2500,2005578.8750,-32768,13769,-109
01:12:55,1998.91,29.59,0.00,3276.70,0.00,30.9594,30.9279,30.7737,30.7387,39225702,1460530,2007501,39223536.0000,1460670.3750,2005724.1250,-32768,13769,-109
01:12:58,1998.91,29.59,0.00,3276.70,0.00,30.9594,30.9315,30.7737,30.7387,39221036,1460364,2008170,39223400.0000,1460670.3750,2005724.1250,-32768,13769,-109
01:12:59,1998.91,29.59,0.00,3276.70,0.00,30.9706,30.9338,30.7833,30.7479,39212896,1459882,2011704,39222880.0000,1460670.3750,2006069.5000,-32768,13769,-109
01:13:01,1998.91,29.60,0.00,3276.70,0.00,30.9714,30.9350,30.7856,30.7502,39215152,1459905,2008561,39222880.0000,1460571.2500,2006069.5000,-32768,13769,-109
01:13:02,1998.91,29.60,0.00,3276.70,0.00,30.9742,30.9384,30.7875,30.7524,39214308,1459905,2008561,39221600.0000,1460511.8750,2006340.5000,-32768,13769,-109
01:13:06,1998.91,29.60,0.00,3276.70,0.00,30.9742,30.9417,30.7875,30.7556,39214308,1460037,2008561,39220680.0000,1460467.1250,2006485.7500,-32768,13769,-109
01:13:09,1998.91,29.60,0.00,3276.70,0.00,30.9742,30.9461,30.7875,30.7600,39214308,1460422,2008553,39220656.0000,1460467.1250,2006682.7500,-32768,13769,-109
01:13:10,1993.48,29.60,0.00,3276.70,0.00,30.9846,30.9495,30.7989,30.7633,39218794,1460218,2009333,39220576.0000,1460440.6250,2006765.5000,-32768,13769,-109
01:13:11,1998.91,29.60,0.00,3276.70,0.00,30.9861,30.9506,30.7999,30.7645,39216551,1460207,2006422,39220448.0000,1460440.6250,2006765.5000,-32768,13769,-109
01:13:13,1993.48,29.60,0.00,3276.70,0.00,30.9889,30.9528,30.8036,30.7668,39214001,1459944,2008215,39220052.0000,1460403.8750,2006765.5000,-32768,13769,-109
01:13:14,1998.91,29.60,0.00,3276.70,0.00,30.9907,30.9528,30.8055,30.7691,39218315,1460016,2012708,39219864.0000,1460377.5000,2007109.5000,-32768,13769,-109
01:13:15,1993.48,29.60,0.00,3276.70,0.00,30.9936,30.9564,30.8068,30.7703,39219991,1460311,2007060,39219868.0000,1460375.3750,2007108.0000,-32768,13769,-109
01:13:16,1998.91,29.60,0.00,3276.70,0.00,30.9946,30.9575,30.8078,30.7714,39219893,1460363,2011313,39219868.0000,1460375.0000,2007239.3750,-32768,13769,-109
01:13:17,1998.91,29.60,0.00,3276.70,0.00,30.9960,30.9587,30.8089,30.7737,39218054,1460080,2009778,39219800.0000,1460362.2500,2007372.5000,-32768,13769,-109
01:13:19,1993.48,29.61,0.00,3276.70,0.00,30.9975,30.9587,30.8119,30.7737,39215358,1460107,2010888,39219324.0000,1460333.3750,2007587.2500,-32768,13769,-109
01:13:22,1998.91,29.61,0.00,3276.70,0.00,31.0012,30.9645,30.8143,30.7782,39211398,1459827,2010888,39218900.0000,1460312.2500,2007587.2500,-32768,13769,-109
01:13:23,1998.91,29.61,0.00,3276.70,0.00,31.0020,30.9645,30.8141,30.7782,39219668,1460244,2006736,39218692.0000,1460290.7500,2007743.2500,-32768,13769,-109
01:13:26,1993.48,29.61,0.00,3276.70,0.00,31.0020,30.9710,30.8141,30.7845,39219668,1459946,2011227,39218556.0000,1460266.5000,2008030.6250,-32768,13769,-109
01:13:27,1993.48,29.61,0.00,3276.70,0.00,31.0057,30.9730,30.8175,30.7865,39215838,1460118,2014927,39218472.0000,1460261.8750,2008246.1250,-32768,13769,-109
01:13:29,1998.91,29.61,0.00,3276.70,0.00,31.0069,30.9741,30.8194,30.7875,39218219,1460289,2010757,39218448.0000,1460260.0000,2008414.6250,-32768,13769,-109
01:13:30,1993.48,29.61,0.00,3276.70,0.00,31.0084,30.9761,30.8209,30.7895,39220694,1460178,2008408,39218520.0000,1460257.3750,2008414.3750,-32768,13769,-109
01:13:33,1993.48,29.61,0.00,3276.70,0.00,31.0100,30.9761,30.8230,30.7895,39214527,1459935,2009453,39218464.0000,1460257.3750,2008414.3750,-32768,13769,-109
01:13:36,1993.48,29.61,0.00,3276.70,0.00,31.0132,30.9761,30.8230,30.7954,39214527,1459914,2007848,39217920.0000,1460211.8750,2008677.0000,-32768,13769,-109
01:13:38,1998.91,29.62,0.00,3276.70,0.00,31.0159,30.9761,30.8284,30.8000,39212826,1459761,2009581,39217088.0000,1460149.1250,2008898.0000,-32768,13769,-109
01:13:39,1998.91,29.62,0.00,3276.70,0.00,31.0165,30.9878,30.8289,30.8009,39217503,1460191,2005590,39217100.0000,1460150.3750,2008794.6250,-32768,13769,-109
01:13:41,1998.91,29.62,0.00,3276.70,0.00,31.0173,30.9887,30.8297,30.8018,39219020,1459968,2011649,39217152.0000,1460141.5000,2008794.6250,-32768,13769,-109
01:13:43,1993.48,29.62,0.00,3276.70,0.00,31.0186,30.9913,30.8321,30.8045,39214110,1459817,2011649,39217008.0000,1460125.6250,2009105.2500,-32768,13769,-109
01:13:45,1998.91,29.61,0.00,3276.70,0.00,31.0207,30.9930,30.8321,30.8045,39215508,1459916,2011028,39216720.0000,1460103.6250,2009210.3750,-32768,13769,-109
01:13:46,1993.48,29.62,0.00,3276.70,0.00,31.0233,30.9948,30.8375,30.8080,39215785,1459963,2003523,39216688.0000,1460099.2500,2009032.6250,-32768,13769,-109
01:13:47,1998.91,29.62,0.00,3276.70,0.00,31.0244,30.9957,30.8376,30.8098,39216544,1459738,2010494,39216704.0000,1460084.6250,2008911.7500,-32768,13769,-109
01:13:50,1998.91,29.62,0.00,3276.70,0.00,31.0243,30.9957,30.8376,30.8106,39216544,1459692,2011589,39216704.0000,1460052.8750,2009174.3750,-32768,13769,-109
01:13:51,1993.48,29.62,0.00,3276.70,0.00,31.0275,30.9957,30.8412,30.8141,39211118,1459436,2013277,39215972.0000,1460020.1250,2009352.0000,-32768,13769,-109
01:13:52,1993.48,29.62,0.00,3276.70,0.00,31.0289,31.0018,30.8404,30.8149,39210788,1459711,2010961,39215812.0000,1460010.5000,2009402.2500,-32768,13769,-109
01:13:54,1993.48,29.62,0.00,3276.70,0.00,31.0288,31.0026,30.8404,30.8157,39210532,1459813,2010961,39215812.0000,1460001.8750,2009402.2500,-32768,13769,-109
01:13:56,1998.91,29.62,0.00,3276.70,0.00,31.0311,31.0051,30.8427,30.8180,39211058,1459706,2010961,39215172.0000,1459977.8750,2009562.3750,-32768,13769,-109
01:13:59,1998.91,29.62,0.00,3276.70,0.00,31.0328,31.0051,30.8442,30.8180,39207421,1459616,2012388,39214516.0000,1459977.8750,2009956.0000,-32768,13769,-109
01:14:02,1993.48,29.62,0.00,3276.70,0.00,31.0328,31.0104,30.8442,30.8238,39207263,1459539,2009837,39213984.0000,1459910.3750,2009956.0000,-32768,13769,-109
01:14:03,1998.91,29.62,0.00,3276.70,0.00,31.0340,31.0118,30.8464,30.8245,39207948,1459513,2010628,39213792.0000,1459898.0000,2009742.2500,-32768,13769,-109
01:14:05,1993.48,29.62,0.00,3276.70,0.00,31.0362,31.0132,30.8481,30.8259,39202025,1459303,2006280,39213792.0000,1459851.1250,2009680.5000,-32768,13769,-109
01:14:06,1993.48,29.62,0.00,3276.70,0.00,31.0372,31.0146,30.8495,30.8273,39205507,1459480,2011086,39212520.0000,1459829.7500,2009799.6250,-32768,13769,-109
01:14:07,1993.48,29.62,0.00,3276.70,0.00,31.0400,31.0161,30.8495,30.8273,39206415,1459377,2019270,39212280.0000,1459815.6250,2010095.6250,-32768,13769,-109
01:14:09,1993.48,29.62,0.00,3276.70,0.00,31.0408,31.0161,30.8529,30.8302,39206249,1459502,2012228,39211628.0000,1459773.6250,2010541.6250,-32768,13769,-109
01:14:12,1993.48,29.62,0.00,3276.70,0.00,31.0408,31.0198,30.8529,30.8323,39206249,1459490,2022399,39211236.0000,1459736.6250,2011394.3750,-32768,13769,-109
01:14:15,1993.48,29.62,0.00,3276.70,0.00,31.0449,31.0198,30.8566,30.8323,39204160,1459204,2011059,39210708.0000,1459736.6250,2010869.0000,-32768,13769,-109
01:14:17,1993.48,29.62,0.00,3276.70,0.00,31.0467,31.0241,30.8566,30.8323,39199769,1459069,2011059,39209900.0000,1459660.7500,2010817.2500,-32768,13769,-109
01:14:19,1993.48,29.62,0.00,3276.70,0.00,31.0467,31.0267,30.8577,30.8387,39196162,1459021,2011059,39208848.0000,1459605.0000,2010735.1250,-32768,13769,-109
01:14:21,1993.48,29.62,0.00,3276.70,0.00,31.0468,31.0279,30.8576,30.8399,39197882,1459092,2011059,39207816.0000,1459552.2500,2010505.7500,-32768,13769,-109
01:14:23,1993.48,29.62,0.00,3276.70,0.00,31.0446,31.0279,30.8564,30.8413,39191543,1458605,2021166,39206932.0000,1459500.8750,2010883.8750,-32768,13769,-109
01:14:24,1993.48,29.62,0.00,3276.70,0.00,31.0461,31.0300,30.8580,30.8418,39193967,1458608,2020885,39206528.0000,1459500.8750,2011204.5000,-32768,13769,-109
01:14:27,1993.48,29.62,0.00,3276.70,0.00,31.0479,31.0310,30.8597,30.8418,39192544,1458981,2020885,39205272.0000,1459422.5000,2011204.5000,-32768,13769,-109
01:14:29,1993.48,29.62,0.00,3276.70,0.00,31.0498,31.0327,30.8621,30.8418,39195422,1458981,2010023,39204168.0000,1459361.5000,2011485.7500,-32768,13769,-109
01:14:31,1993.48,29.62,0.00,3276.70,0.00,31.0498,31.0348,30.8649,30.8467,39193519,1458775,2023836,39203108.0000,1459309.3750,2011785.1250,-32768,13769,-109
01:14:34,1993.48,29.62,0.00,3276.70,0.00,31.0549,31.0360,30.8668,30.8479,39192036,1458653,2023836,39202028.0000,1459240.2500,2011785.1250,-32768,13769,-109
01:14:35,1993.48,29.61,0.00,3276.70,0.00,31.0564,31.0360,30.8672,30.8496,39188394,1458519,2019790,39201184.0000,1459190.8750,2011785.1250,-32768,13769,-109
01:14:38,1993.48,29.62,0.00,3276.70,0.00,31.0555,31.0388,30.8684,30.8496,39188877,1458519,2010623,39200016.0000,1459122.2500,2011785.1250,-32768,13769,-109
01:14:40,1993.48,29.61,0.00,3276.70,0.00,31.0564,31.0398,30.8684,30.8523,39188877,1458250,2020213,39198828.0000,1459054.0000,2013105.0000,-32768,13769,-109
01:14:43,1993.48,29.61,0.00,3276.70,0.00,31.0564,31.0426,30.8684,30.8545,39188877,1458712,1999919,39197000.0000,1458962.3750,2012909.6250,-32768,13769,-109
01:14:46,1993.48,29.62,0.00,3276.70,0.00,31.0564,31.0437,30.8684,30.8561,39178830,1458712,2011071,39195672.0000,1458909.2500,2012909.6250,-32768,13769,-109
01:14:47,1993.48,29.61,0.00,3276.70,0.00,31.0623,31.0454,30.8725,30.8571,39182772,1458257,2010514,39194844.0000,1458872.2500,2011888.1250,-32768,13769,-109
01:14:48,1988.05,29.61,0.00,3276.70,0.00,31.0611,31.0463,30.8721,30.8580,39182980,1458470,2000594,39194472.0000,1458859.7500,2011535.1250,-32768,13769,-109
01:14:50,1993.48,29.61,0.00,3276.70,0.00,31.0615,31.0472,30.8724,30.8589,39183780,1458284,2000594,39193376.0000,1458806.0000,2011502.3750,-32768,13769,-109
01:14:52,1993.48,29.61,0.00,3276.70,0.00,31.0624,31.0472,30.8724,30.8600,39178668,1457663,2022677,39192560.0000,1458738.0000,2012130.5000,-32768,13769,-109
01:14:54,1993.48,29.61,0.00,3276.70,0.00,31.0634,31.0489,30.8739,30.8605,39178599,1458288,1994504,39191164.0000,1458698.1250,2011904.1250,-32768,13769,-109
01:14:56,1993.48,29.61,0.00,3276.70,0.00,31.0627,31.0489,30.8734,30.8605,39186004,1458367,2009931,39191164.0000,1458698.1250,2011806.3750,-32768,13769,-109
01:15:00,1993.48,29.61,0.00,3276.70,0.00,31.0627,31.0516,30.8734,30.8630,39186004,1458289,2011317,39191164.0000,1458573.3750,2011867.2500,-32768,13769,-109
01:15:01,1993.48,29.61,0.00,3276.70,0.00,31.0619,31.0516,30.8737,30.8643,39180016,1458084,2011712,39188364.0000,1458545.6250,2011871.1250,-32768,13769,-109
01:15:02,1993.48,29.61,0.00,3276.70,0.00,31.0605,31.0530,30.8733,30.8645,39174618,1457985,2003970,39187936.0000,1458528.0000,2011624.2500,-32768,13769,-109
01:15:03,1993.48,29.61,0.00,3276.70,0.00,31.0600,31.0532,30.8733,30.8648,39172130,1458067,2000342,39187440.0000,1458513.6250,2011271.6250,-32768,13769,-109
01:15:05,1993.48,29.61,0.00,3276.70,0.00,31.0595,31.0534,30.8734,30.8650,39176250,1457837,2000342,39187440.0000,1458478.2500,2011265.1250,-32768,13769,-109
01:15:07,1993.48,29.61,0.00,3276.70,0.00,31.0605,31.0539,30.8736,30.8657,39178851,1458068,2010682,39186240.0000,1458452.5000,2011231.5000,-32768,13769,-109
01:15:08,1993.48,29.61,0.00,3276.70,0.00,31.0610,31.0541,30.8736,30.8660,39179684,1457882,2006273,39185720.0000,1458422.3750,2011023.1250,-32768,13769,-109
01:15:09,1993.48,29.61,0.00,3276.70,0.00,31.0610,31.0546,30.8736,30.8667,39173041,1457963,2010316,39184936.0000,1458390.8750,2010967.7500,-32768,13769,-109
01:15:11,1993.48,29.61,0.00,3276.70,0.00,31.0643,31.0554,30.8760,30.8673,39174662,1457864,2010316,39184324.0000,1458360.1250,2010966.8750,-32768,13769,-109
01:15:14,1993.48,29.61,0.00,3276.70,0.00,31.0640,31.0559,30.8760,30.8677,39174662,1457934,2011459,39183440.0000,1458321.5000,2010965.7500,-32768,13769,-109
01:15:16,1993.48,29.61,0.00,3276.70,0.00,31.0641,31.0566,30.8767,30.8684,39172705,1457923,2010893,39182488.0000,1458278.2500,2011089.6250,-32768,13769,-109
01:15:17,1993.48,29.61,0.00,3276.70,0.00,31.0655,31.0571,30.8773,30.8689,39170584,1457724,2011045,39182116.0000,1458261.0000,2011088.2500,-32768,13769,-109
01:15:18,1993.48,29.61,0.00,3276.70,0.00,31.0651,31.0573,30.8767,30.8691,39172727,1457926,2011191,39181824.0000,1458250.5000,2011024.1250,-32768,13769,-109
01:15:19,1993.48,29.61,0.00,3276.70,0.00,31.0652,31.0578,30.8768,30.8696,39177336,1458105,2011654,39181400.0000,1458239.7500,2011043.7500,-32768,13769,-109
01:15:20,1993.48,29.61,0.00,3276.70,0.00,31.0650,31.0580,30.8769,30.8698,39176679,1457838,2013573,39181252.0000,1458227.1250,2011122.8750,-32768,13769,-109
01:15:21,1993.48,29.61,0.00,3276.70,0.00,31.0646,31.0582,30.8765,30.8702,39174889,1457786,2011179,39180784.0000,1458199.0000,2011047.6250,-32768,13769,-109
01:15:23,1993.48,29.61,0.00,3276.70,0.00,31.0651,31.0586,30.8770,30.8704,39173027,1457641,2011463,39180540.0000,1458181.5000,2011060.6250,-32768,13769,-109
01:15:25,1993.48,29.61,0.00,3276.70,0.00,31.0651,31.0592,30.8791,30.8711,39169652,1457454,2011463,39179824.0000,1458140.6250,2010983.8750,-32768,13769,-109
01:15:27,1993.48,29.61,0.00,3276.70,0.00,31.0676,31.0592,30.8798,30.8711,39174027,1457975,2003135,39179332.0000,1458120.0000,2010457.8750,-32768,13769,-109
01:15:29,1993.48,29.61,0.00,3276.70,0.00,31.0685,31.0604,30.8806,30.8723,39171275,1457609,2013741,39178832.0000,1458090.8750,2010480.1250,-32768,13769,-109
01:15:32,1993.48,29.61,0.00,3276.70,0.00,31.0706,31.0604,30.8827,30.8723,39172281,1457609,2011341,39177944.0000,1458034.6250,2010401.1250,-32768,13769,-109
01:15:33,1993.48,29.61,0.00,3276.70,0.00,31.0754,31.0604,30.8827,30.8745,39165293,1457309,2011102,39177168.0000,1457992.8750,2010422.5000,-32768,13769,-109
01:15:36,1988.05,29.61,0.00,3276.70,0.00,31.0754,31.0635,30.8827,30.8759,39165293,1457410,2008187,39176284.0000,1457931.8750,2010478.2500,-32768,13769,-109
01:15:38,1993.48,29.62,0.00,3276.70,0.00,31.0807,31.0650,30.8913,30.8768,39164509,1457148,2012167,39175556.0000,1457887.3750,2010635.0000,-32768,13769,-109
01:15:39,1993.48,29.62,0.00,3276.70,0.00,31.0806,31.0659,30.8924,30.8777,39167357,1457475,2010963,39174932.0000,1457855.6250,2010657.3750,-32768,13769,-109
01:15:42,1993.48,29.62,0.00,3276.70,0.00,31.0806,31.0659,30.8945,30.8777,39167357,1457505,2012392,39174496.0000,1457819.8750,2010746.5000,-32768,13769,-109
01:15:43,1993.48,29.62,0.00,3276.70,0.00,31.0830,31.0677,30.8950,30.8797,39166259,1457364,2009392,39174240.0000,1457819.8750,2010725.1250,-32768,13769,-109
01:15:45,1993.48,29.62,0.00,3276.70,0.00,31.0833,31.0677,30.8950,30.8811,39166259,1456927,2010303,39172848.0000,1457711.8750,2010730.3750,-32768,13769,-109
01:15:48,1993.48,29.62,0.00,3276.70,0.00,31.0824,31.0677,30.8941,30.8811,39161011,1457209,2010303,39171900.0000,1457660.6250,2010859.6250,-32768,13769,-109
01:15:49,1993.48,29.62,0.00,3276.70,0.00,31.0809,31.0709,30.8939,30.8829,39160753,1457063,2010074,39171552.0000,1457641.8750,2010835.1250,-32768,13769,-109
01:15:52,1993.48,29.62,0.00,3276.70,0.00,31.0814,31.0709,30.8955,30.8829,39162227,1457152,2017348,39170636.0000,1457600.5000,2010835.1250,-32768,13769,-109
01:15:54,1993.48,29.62,0.00,3276.70,0.00,31.0854,31.0726,30.8955,30.8829,39158157,1457021,2011861,39169800.0000,1457551.5000,2011325.6250,-32768,13769,-109
01:15:55,1988.05,29.62,0.00,3276.70,0.00,31.0854,31.0726,30.8955,30.8859,39164263,1456922,2009691,39169384.0000,1457515.0000,2011264.5000,-32768,13769,-109
01:15:56,1993.48,29.62,0.00,3276.70,0.00,31.0852,31.0741,30.8975,30.8862,39158236,1456954,2007101,39168672.0000,1457474.1250,2011153.2500,-32768,13769,-109
01:15:57,1993.48,29.62,0.00,3276.70,0.00,31.0859,31.0748,30.8975,30.8868,39153604,1456650,2011400,39168200.0000,1457448.3750,2011160.8750,-32768,13769,-109
01:15:59,1993.48,29.63,0.00,3276.70,0.00,31.0864,31.0751,30.8982,30.8872,39157546,1456792,2011400,39167560.0000,1457448.3750,2010549.3750,-32768,13769,-109
01:16:00,1993.48,29.63,0.00,3276.70,0.00,31.0861,31.0758,30.8982,30.8878,39158246,1456786,2009156,39167268.0000,1457392.1250,2010505.8750,-32768,13769,-109
01:16:02,1993.48,29.63,0.00,3276.70,0.00,31.0864,31.0761,30.8978,30.8881,39156509,1456681,2010665,39166512.0000,1457345.1250,2010517.5000,-32768,13769,-109
01:16:04,1993.48,29.63,0.00,3276.70,0.00,31.0864,31.0768,30.8963,30.8889,39157838,1456869,2011290,39165920.0000,1457292.1250,2010667.8750,-32768,13769,-109
01:16:07,1993.48,29.63,0.00,3276.70,0.00,31.0864,31.0775,30.8963,30.8898,39156920,1456668,2023825,39164668.0000,1457233.1250,2010667.8750,-32768,13769,-109
01:16:09,1993.48,29.63,0.00,3276.70,0.00,31.0863,31.0775,30.8995,30.8907,39157796,1456879,2007286,39164288.0000,1457205.5000,2011395.1250,-32768,13769,-109
01:16:11,1993.48,29.63,0.00,3276.70,0.00,31.0872,31.0787,30.8997,30.8909,39159173,1456966,2007286,39164288.0000,1457205.5000,2011395.1250,-32768,13769,-109
01:16:14,1993.48,29.63,0.00,3276.70,0.00,31.0878,31.0795,30.8997,30.8917,39159173,1457277,2011857,39164288.0000,1457194.6250,2011395.1250,-32768,13769,-109
01:16:15,1993.48,29.63,0.00,3276.70,0.00,31.0908,31.0803,30.9038,30.8927,39163360,1457501,2011857,39163812.0000,1457210.5000,2011389.6250,-32768,13769,-109
01:16:16,1993.48,29.63,0.00,3276.70,0.00,31.0925,31.0810,30.9046,30.8937,39166618,1457316,2014085,39163816.0000,1457217.3750,2011428.6250,-32768,13769,-109
01:16:17,1993.48,29.63,0.00,3276.70,0.00,31.0941,31.0818,30.9058,30.8941,39169247,1457324,2012420,39163984.0000,1457220.7500,2011459.6250,-32768,13769,-109
01:16:18,1993.48,29.63,0.00,3276.70,0.00,31.0946,31.0821,30.9064,30.8945,39168012,1457358,2012459,39164112.0000,1457225.0000,2011490.8750,-32768,13769,-109
01:16:21,1993.48,29.63,0.00,3276.70,0.00,31.0954,31.0825,30.9068,30.8948,39169958,1457295,2012459,39164320.0000,1457225.0000,2011477.3750,-32768,13769,-109
01:16:23,1993.48,29.63,0.00,3276.70,0.00,31.0959,31.0840,30.9088,30.8962,39168759,1457500,2000769,39164528.0000,1457230.0000,2011170.5000,-32768,13769,-109
01:16:24,1993.48,29.63,0.00,3276.70,0.00,31.0966,31.0844,30.9100,30.8967,39167799,1457502,2001126,39164628.0000,1457238.5000,2010856.6250,-32768,13769,-109
01:16:26,1993.48,29.63,0.00,3276.70,0.00,31.0993,31.0844,30.9125,30.8967,39167485,1457502,2012808,39164768.0000,1457231.0000,2011040.3750,-32768,13769,-109
01:16:27,1993.48,29.63,0.00,3276.70,0.00,31.1018,31.0867,30.9139,30.8989,39168198,1457242,2012471,39164876.0000,1457231.2500,2011085.0000,-32768,13769,-109
01:16:29,1993.48,29.64,0.00,3276.70,0.00,31.1023,31.0871,30.9137,30.8994,39166139,1457242,2012471,39164872.0000,1457230.0000,2011016.6250,-32768,13769,-109
01:16:32,1993.48,29.64,0.00,3276.70,0.00,31.1023,31.0886,30.9137,30.9012,39160850,1457331,1997689,39164696.0000,1457236.7500,2011016.6250,-32768,13769,-109
01:16:33,1993.48,29.64,0.00,3276.70,0.00,31.1021,31.0898,30.9158,30.9021,39164481,1457331,1997689,39164544.0000,1457220.2500,2010495.5000,-32768,13769,-109
01:16:35,1993.48,29.64,0.00,3276.70,0.00,31.1021,31.0905,30.9162,30.9021,39160913,1456759,2013111,39164432.0000,1457205.7500,2010577.2500,-32768,13769,-109
01:16:37,1993.48,29.64,0.00,3276.70,0.00,31.1045,31.0913,30.9179,30.9037,39160725,1456767,2010142,39164284.0000,1457178.2500,2010613.0000,-32768,13769,-109
01:16:38,1993.48,29.64,0.00,3276.70,0.00,31.1059,31.0921,30.9201,30.9047,39164327,1456767,2022650,39164324.0000,1457163.3750,2011075.6250,-32768,13769,-109
01:16:40,1993.48,29.64,0.00,3276.70,0.00,31.1081,31.0931,30.9201,30.9047,39162014,1456750,2013703,39164368.0000,1457140.0000,2011571.3750,-32768,13769,-109
01:16:41,1993.48,29.64,0.00,3276.70,0.00,31.1097,31.0941,30.9223,30.9066,39159014,1456767,2010790,39164200.0000,1457128.3750,2011546.8750,-32768,13769,-109
01:16:43,1993.48,29.64,0.00,3276.70,0.00,31.1102,31.0945,30.9226,30.9075,39166145,1457107,2012697,39164088.0000,1457119.7500,2011605.5000,-32768,13769,-109
01:16:45,1993.48,29.64,0.00,3276.70,0.00,31.1112,31.0945,30.9256,30.9075,39163223,1456858,2013891,39164052.0000,1457099.0000,2011906.5000,-32768,13769,-109
01:16:47,1993.48,29.64,0.00,3276.70,0.00,31.1112,31.0976,30.9279,30.9102,39163223,1456845,2013289,39163852.0000,1457078.3750,2011955.3750,-32768,13769,-109
01:16:49,1993.48,29.64,0.00,3276.70,0.00,31.1184,31.0976,30.9279,30.9120,39160016,1456845,2008552,39163544.0000,1457064.3750,2012009.8750,-32768,13769,-109
01:16:50,1993.48,29.65,0.00,3276.70,0.00,31.1195,31.1000,30.9324,30.9126,39162382,1456795,2012571,39163508.0000,1457055.8750,2012069.8750,-32768,13769,-109
01:16:52,1993.48,29.65,0.00,3276.70,0.00,31.1206,31.1018,30.9332,30.9144,39165600,1456926,2017678,39163564.0000,1457036.8750,2012069.8750,-32768,13769,-109
01:16:54,1993.48,29.65,0.00,3276.70,0.00,31.1218,31.1018,30.9332,30.9156,39162704,1456806,2013731,39163572.0000,1457027.2500,2012377.6250,-32768,13769,-109
01:16:56,1993.48,29.65,0.00,3276.70,0.00,31.1218,31.1043,30.9332,30.9168,39162704,1456917,2017526,39163564.0000,1457004.8750,2013304.8750,-32768,13769,-109
01:16:58,1993.48,29.66,0.00,3276.70,0.00,31.1273,31.1062,30.9378,30.9186,39157713,1456668,2017526,39163168.0000,1456979.1250,2013284.1250,-32768,13769,-109
01:17:01,1993.48,29.66,0.00,3276.70,0.00,31.1273,31.1082,30.9408,30.9205,39162635,1456994,2015632,39163120.0000,1456975.3750,2013394.2500,-32768,13769,-109
01:17:04,1988.05,29.66,0.00,3276.70,0.00,31.1273,31.1104,30.9408,30.9225,39161359,1457239,2002120,39162944.0000,1456975.3750,2012749.8750,-32768,13769,-109
01:17:05,1993.48,29.66,0.00,3276.70,0.00,31.1327,31.1123,30.9450,30.9244,39160442,1456788,2017267,39162760.0000,1456973.7500,2012852.7500,-32768,13769,-109
01:17:08,1988.05,29.66,0.00,3276.70,0.00,31.1336,31.1123,30.9471,30.9244,39169979,1457231,2015293,39163292.0000,1456990.3750,2012982.0000,-32768,13769,-109
01:17:09,1993.48,29.66,0.00,3276.70,0.00,31.1352,31.1148,30.9477,30.9270,39169394,1457197,2010466,39163584.0000,1456996.5000,2012982.0000,-32768,13769,-109
01:17:10,1993.48,29.66,0.00,3276.70,0.00,31.1374,31.1161,30.9491,30.9284,39166478,1456949,2014925,39163672.0000,1456995.0000,2013011.7500,-32768,13769,-109
01:17:11,1993.48,29.66,0.00,3276.70,0.00,31.1381,31.1168,30.9502,30.9290,39167515,1457066,2015328,39163792.0000,1456997.2500,2013195.8750,-32768,13769,-109
01:17:14,1993.48,29.67,0.00,3276.70,0.00,31.1381,31.1189,30.9502,30.9318,39160072,1456733,2013751,39163592.0000,1456969.3750,2013273.1250,-32768,13769,-109
01:17:15,1993.48,29.67,0.00,3276.70,0.00,31.1440,31.1204,30.9558,30.9326,39166884,1457025,2014907,39163696.0000,1456971.1250,2013324.2500,-32768,13769,-109
01:17:16,1993.48,29.67,0.00,3276.70,0.00,31.1453,31.1211,30.9558,30.9326,39166453,1456880,2018816,39163916.0000,1456969.2500,2013563.0000,-32768,13769,-109
01:17:18,1993.48,29.67,0.00,3276.70,0.00,31.1474,31.1227,30.9584,30.9348,39167336,1456765,2015259,39164048.0000,1456959.0000,2013633.6250,-32768,13769,-109
01:17:20,1993.48,29.67,0.00,3276.70,0.00,31.1485,31.1243,30.9590,30.9348,39166133,1456987,2012972,39164180.0000,1456959.8750,2013696.7500,-32768,13769,-109
01:17:23,1993.48,29.68,0.00,3276.70,0.00,31.1491,31.1243,30.9590,30.9390,39166133,1456814,2012972,39164392.0000,1456952.0000,2013356.0000,-32768,13769,-109
01:17:25,1988.05,29.68,0.00,3276.70,0.00,31.1500,31.1292,30.9623,30.9410,39169360,1457140,2012081,39164672.0000,1456955.6250,2013383.1250,-32768,13769,-109
01:17:26,1993.48,29.68,0.00,3276.70,0.00,31.1517,31.1305,30.9643,30.9424,39166405,1456895,2004020,39164980.0000,1456971.0000,2013240.7500,-32768,13769,-109
01:17:28,1993.48,29.68,0.00,3276.70,0.00,31.1512,31.1311,30.9651,30.9424,39173207,1457695,2003364,39165236.0000,1456993.6250,2012932.1250,-32768,13769,-109
01:17:30,1993.48,29.67,0.00,3276.70,0.00,31.1512,31.1337,30.9677,30.9458,39169152,1457169,2016920,39165596.0000,1456992.3750,2014038.7500,-32768,13769,-109
01:17:33,1993.48,29.67,0.00,3276.70,0.00,31.1554,31.1337,30.9683,30.9458,39164574,1457169,2011545,39165592.0000,1456974.7500,2013960.0000,-32768,13769,-109
01:17:35,1993.48,29.68,0.00,3276.70,0.00,31.1566,31.1368,30.9683,30.9495,39166058,1456844,2016109,39165612.0000,1456966.6250,2014080.0000,-32768,13769,-109
01:17:36,1993.48,29.68,0.00,3276.70,0.00,31.1556,31.1385,30.9679,30.9506,39168925,1457141,2003308,39165724.0000,1456968.1250,2013679.3750,-32768,13769,-109
01:17:39,1993.48,29.68,0.00,3276.70,0.00,31.1556,31.1396,30.9707,30.9518,39168925,1457034,2003308,39165524.0000,1456973.1250,2013359.8750,-32768,13769,-109
01:17:40,1993.48,29.68,0.00,3276.70,0.00,31.1609,31.1409,30.9724,30.9530,39161008,1456774,2016000,39165384.0000,1456967.0000,2013442.3750,-32768,13769,-109
01:17:41,1993.48,29.68,0.00,3276.70,0.00,31.1624,31.1415,30.9734,30.9536,39155366,1456692,2013301,39164916.0000,1456948.3750,2013428.1250,-32768,13769,-109
01:17:43,1993.48,29.68,0.00,3276.70,0.00,31.1632,31.1415,30.9734,30.9549,39155366,1456463,2015729,39164548.0000,1456920.1250,2013576.2500,-32768,13769,-109
01:17:45,1988.05,29.69,0.00,3276.70,0.00,31.1635,31.1446,30.9734,30.9572,39161637,1456768,2017035,39164096.0000,1456903.7500,2013726.6250,-32768,13769,-109
01:17:46,1993.48,29.68,0.00,3276.70,0.00,31.1641,31.1458,30.9769,30.9578,39164064,1456781,2015681,39164096.0000,1456900.0000,2013787.6250,-32768,13769,-109
01:17:49,1993.48,29.68,0.00,3276.70,0.00,31.1653,31.1458,30.9785,30.9578,39157498,1456352,2015681,39163788.0000,1456856.0000,2014976.2500,-32768,13769,-109
01:17:50,1993.48,29.68,0.00,3276.70,0.00,31.1689,31.1489,30.9809,30.9609,39164849,1456767,2017022,39163852.0000,1456853.1250,2015040.1250,-32768,13769,-109
01:17:52,1988.05,29.68,0.00,3276.70,0.00,31.1702,31.1501,30.9809,30.9621,39160342,1456456,2020191,39163652.0000,1456819.6250,2015471.7500,-32768,13769,-109
01:17:54,1993.48,29.69,0.00,3276.70,0.00,31.1704,31.1507,30.9809,30.9632,39160036,1456563,2023304,39163436.0000,1456811.6250,2015471.7500,-32768,13769,-109
01:17:55,1993.48,29.69,0.00,3276.70,0.00,31.1726,31.1526,30.9840,30.9645,39155251,1456551,2016656,39163008.0000,1456792.1250,2015772.0000,-32768,13769,-109
01:17:56,1993.48,29.69,0.00,3276.70,0.00,31.1746,31.1539,30.9865,30.9657,39170140,1457019,2014708,39163220.0000,1456802.1250,2015773.2500,-32768,13769,-109
01:17:57,1993.48,29.69,0.00,3276.70,0.00,31.1752,31.1546,30.9872,30.9664,39166282,1456861,2014707,39163316.0000,1456804.0000,2015740.0000,-32768,13769,-109
01:17:59,1993.48,29.69,0.00,3276.70,0.00,31.1761,31.1552,30.9881,30.9671,39166696,1456266,2020921,39163336.0000,1456804.0000,2015934.5000,-32768,13769,-109
01:18:01,1993.48,29.69,0.00,3276.70,0.00,31.1785,31.1566,30.9890,30.9671,39166197,1457149,2007748,39163364.0000,1456804.0000,2015506.0000,-32768,13769,-109
01:18:02,1993.48,29.69,0.00,3276.70,0.00,31.1786,31.1579,30.9893,30.9671,39162147,1456818,2017504,39163408.0000,1456798.1250,2015568.5000,-32768,13769,-109
01:18:03,1988.05,29.69,0.00,3276.70,0.00,31.1796,31.1592,30.9911,30.9709,39166288,1456901,2018583,39163408.0000,1456798.1250,2015705.5000,-32768,13769,-109
01:18:05,1993.48,29.69,0.00,3276.70,0.00,31.1827,31.1605,30.9931,30.9722,39169534,1456901,2018583,39163864.0000,1456803.3750,2015077.7500,-32768,13769,-109
01:18:07,1993.48,29.69,0.00,3276.70,0.00,31.1827,31.1627,30.9931,30.9742,39169534,1456901,2029967,39163664.0000,1456783.7500,2016085.8750,-32768,13769,-109
01:18:09,1988.05,29.70,0.00,3276.70,0.00,31.1860,31.1627,30.9964,30.9742,39165849,1457012,1999631,39163776.0000,1456797.0000,2015179.1250,-32768,13769,-109
01:18:12,1993.48,29.70,0.00,3276.70,0.00,31.1860,31.1660,30.9964,30.9778,39165849,1456710,2004237,39163360.0000,1456765.1250,2015105.6250,-32768,13769,-109
01:18:13,1993.48,29.70,0.00,3276.70,0.00,31.1838,31.1676,30.9955,30.9789,39162834,1456732,2003213,39163344.0000,1456764.0000,2014734.0000,-32768,13769,-109
01:18:14,1993.48,29.70,0.00,3276.70,0.00,31.1835,31.1681,30.9957,30.9794,39159709,1456484,2017357,39163232.0000,1456755.2500,2014815.8750,-32768,13769,-109
01:18:15,1993.48,29.70,0.00,3276.70,0.00,31.1838,31.1686,30.9958,30.9799,39161397,1456622,2028126,39163172.0000,1456751.1250,2015231.8750,-32768,13769,-109
01:18:16,1993.48,29.70,0.00,3276.70,0.00,31.1843,31.1695,30.9969,30.9809,39161139,1456451,2010322,39163184.0000,1456737.3750,2015471.5000,-32768,13769,-109
01:18:18,1993.48,29.71,0.00,3276.70,0.00,31.1856,31.1695,30.9975,30.9809,39159352,1456442,2010322,39162864.0000,1456712.1250,2015436.5000,-32768,13769,-109
01:18:23,1993.48,29.71,0.00,3276.70,0.00,31.1856,31.1718,30.9975,30.9835,39159352,1456497,2010322,39162864.0000,1456712.1250,2015436.5000,-32768,13769,-109
01:18:24,1988.05,29.71,0.00,3276.70,0.00,31.1908,31.1737,31.0029,30.9857,39160820,1456798,2008789,39162456.0000,1456688.3750,2015569.5000,-32768,13769,-109
01:18:26,1993.48,29.71,0.00,3276.70,0.00,31.1908,31.1752,31.0034,30.9872,39161933,1456651,2019185,39162264.0000,1456657.1250,2016664.7500,-32768,13769,-109
01:18:29,1988.05,29.71,0.00,3276.70,0.00,31.1913,31.1761,31.0034,30.9883,39161933,1456617,2019185,39161932.0000,1456642.2500,2017466.3750,-32768,13769,-109
01:18:31,1993.48,29.71,0.00,3276.70,0.00,31.1948,31.1777,31.0075,30.9900,39158789,1456580,2019185,39161760.0000,1456639.1250,2017510.6250,-32768,13769,-109
01:18:32,1988.05,29.71,0.00,3276.70,0.00,31.1983,31.1789,31.0106,30.9900,39160689,1456836,2013055,39161688.0000,1456642.7500,2017426.1250,-32768,13769,-109
01:18:34,1988.05,29.71,0.00,3276.70,0.00,31.2014,31.1802,31.0124,30.9900,39160212,1456406,2017702,39161688.0000,1456642.7500,2017232.8750,-32768,13769,-109
01:18:37,1993.48,29.71,0.00,3276.70,0.00,31.2014,31.1822,31.0124,30.9949,39160212,1456732,2017702,39161244.0000,1456621.5000,2016582.2500,-32768,13769,-109
01:18:41,1993.48,29.72,0.00,3276.70,0.00,31.2055,31.1848,31.0124,30.9974,39160212,1456383,2016713,39161244.0000,1456588.8750,2016712.8750,-32768,13769,-109
01:18:43,1988.05,29.72,0.00,3276.70,0.00,31.2080,31.1848,31.0189,30.9974,39163642,1456573,2018307,39160952.0000,1456588.8750,2016872.6250,-32768,13769,-109
01:18:46,1988.05,29.72,0.00,3276.70,0.00,31.2080,31.1900,31.0189,31.0017,39155998,1455824,2031618,39160856.0000,1456588.8750,2017849.6250,-32768,13769,-109
01:18:47,1988.05,29.72,0.00,3276.70,0.00,31.2109,31.1913,31.0213,31.0035,39158184,1456255,2021159,39160468.0000,1456505.3750,2017970.1250,-32768,13769,-109
01:18:49,1988.05,29.73,0.00,3276.70,0.00,31.2109,31.1930,31.0215,31.0046,39161203,1456309,2034323,39160512.0000,1456493.6250,2018837.3750,-32768,13769,-109
01:18:52,1988.05,29.73,0.00,3276.70,0.00,31.2112,31.1930,31.0222,31.0046,39161953,1456439,2019686,39160756.0000,1456492.8750,2018863.0000,-32768,13769,-109
01:18:53,1988.05,29.73,0.00,3276.70,0.00,31.2125,31.1952,31.0239,31.0067,39158608,1456407,2024337,39160664.0000,1456490.2500,2019171.6250,-32768,13769,-109
01:18:55,1988.05,29.73,0.00,3276.70,0.00,31.2144,31.1962,31.0249,31.0078,39163886,1456509,2020092,39160768.0000,1456490.2500,2019171.6250,-32768,13769,-109
01:18:56,1988.05,29.73,0.00,3276.70,0.00,31.2163,31.1974,31.0267,31.0089,39162575,1456462,2018974,39160956.0000,1456487.0000,2019215.3750,-32768,13769,-109
01:18:57,1988.05,29.73,0.00,3276.70,0.00,31.2178,31.1986,31.0287,31.0100,39164048,1456672,2017253,39161056.0000,1456492.5000,2019135.5000,-32768,13769,-109
01:18:58,1988.05,29.73,0.00,3276.70,0.00,31.2183,31.1992,31.0295,31.0106,39169497,1456812,2020638,39161320.0000,1456502.5000,2019182.5000,-32768,13769,-109
01:18:59,1988.05,29.73,0.00,3276.70,0.00,31.2187,31.1998,31.0296,31.0112,39165415,1456617,2020638,39161320.0000,1456505.8750,2019187.1250,-32768,13769,-109
01:19:02,1988.05,29.73,0.00,3276.70,0.00,31.2187,31.2014,31.0305,31.0129,39162895,1457066,2002985,39161320.0000,1456505.8750,2018348.5000,-32768,13769,-109
01:19:05,1988.05,29.73,0.00,3276.70,0.00,31.2187,31.2031,31.0312,31.0144,39169728,1456847,2002985,39161320.0000,1456505.8750,2018348.5000,-32768,13769,-109
01:19:09,1988.05,29.73,0.00,3276.70,0.00,31.2220,31.2031,31.0328,31.0144,39168469,1456607,2002985,39163348.0000,1456590.1250,2018348.5000,-32768,13769,-109
01:19:10,1988.05,29.74,0.00,3276.70,0.00,31.2220,31.2066,31.0323,31.0179,39165194,1456560,2013777,39163544.0000,1456595.8750,2018465.3750,-32768,13769,-109
01:19:11,1988.05,29.74,0.00,3276.70,0.00,31.2231,31.2066,31.0346,31.0192,39168939,1456764,2020663,39163848.0000,1456607.5000,2018592.1250,-32768,13769,-109
01:19:13,1988.05,29.74,0.00,3276.70,0.00,31.2245,31.2086,31.0350,31.0197,39166356,1456727,2019989,39164020.0000,1456610.0000,2018759.1250,-32768,13769,-109
01:19:14,1988.05,29.74,0.00,3276.70,0.00,31.2261,31.2096,31.0354,31.0206,39166643,1456628,2021103,39164100.0000,1456610.5000,2018832.3750,-32768,13769,-109
01:19:17,1993.48,29.74,0.00,3276.70,0.00,31.2268,31.2096,31.0361,31.0206,39169212,1456628,2021103,39164552.0000,1456610.5000,2019912.8750,-32768,13769,-109
01:19:19,1988.05,29.75,0.00,3276.70,0.00,31.2277,31.2096,31.0384,31.0234,39170084,1456783,2020548,39165004.0000,1456623.8750,2019843.1250,-32768,13769,-109
01:19:21,1988.05,29.75,0.00,3276.70,0.00,31.2277,31.2134,31.0392,31.0243,39164668,1456589,2021600,39164992.0000,1456622.8750,2019898.0000,-32768,13769,-109
01:19:21,1988.05,29.75,0.00,3276.70,0.00,31.2287,31.2139,31.0398,31.0248,39167526,1456789,2026275,39165072.0000,1456628.0000,2020097.2500,-32768,13769,-109
01:19:25,1988.05,29.75,0.00,3276.70,0.00,31.2287,31.2154,31.0398,31.0262,39167526,1456500,2026275,39165512.0000,1456623.1250,2021189.2500,-32768,13769,-109
01:19:27,1988.05,29.75,0.00,3276.70,0.00,31.2343,31.2169,31.0398,31.0262,39168040,1456638,2020062,39165592.0000,1456623.5000,2021154.0000,-32768,13769,-109
01:19:29,1988.05,29.75,0.00,3276.70,0.00,31.2343,31.2186,31.0473,31.0295,39167448,1456718,2020955,39165756.0000,1456631.3750,2021154.0000,-32768,13769,-109
01:19:30,1988.05,29.74,0.00,3276.70,0.00,31.2383,31.2197,31.0491,31.0307,39175225,1456952,2021543,39166352.0000,1456650.0000,2021126.6250,-32768,13769,-109
01:19:32,1988.05,29.74,0.00,3276.70,0.00,31.2383,31.2197,31.0532,31.0325,39169801,1456542,2036189,39166624.0000,1456653.1250,2021658.7500,-32768,13769,-109
01:19:34,1988.05,29.75,0.00,3276.70,0.00,31.2429,31.2222,31.0543,31.0332,39170048,1456542,2039257,39166624.0000,1456661.0000,2022177.0000,-32768,13769,-109
01:19:36,1988.05,29.75,0.00,3276.70,0.00,31.2455,31.2242,31.0567,31.0352,39177890,1457142,2022331,39167648.0000,1456691.6250,2022177.0000,-32768,13769,-109
01:19:37,1988.05,29.75,0.00,3276.70,0.00,31.2466,31.2249,31.0576,31.0359,39172961,1456673,2032142,39167812.0000,1456687.0000,2022754.2500,-32768,13769,-109
01:19:39,1988.05,29.75,0.00,3276.70,0.00,31.2489,31.2263,31.0593,31.0373,39172951,1456889,2032142,39167812.0000,1456687.0000,2022754.2500,-32768,13769,-109
01:19:41,1988.05,29.75,0.00,3276.70,0.00,31.2499,31.2277,31.0613,31.0387,39172471,1456872,2032142,39168584.0000,1456708.1250,2022754.2500,-32768,13769,-109
01:19:42,1988.05,29.76,0.00,3276.70,0.00,31.2544,31.2299,31.0641,31.0408,39168797,1456778,2021942,39168772.0000,1456705.0000,2022970.8750,-32768,13769,-109
01:19:44,1988.05,29.76,0.00,3276.70,0.00,31.2546,31.2307,31.0649,31.0416,39168172,1456824,2021552,39168752.0000,1456705.0000,2022970.8750,-32768,13769,-109
01:19:45,1988.05,29.76,0.00,3276.70,0.00,31.2557,31.2321,31.0662,31.0430,39172712,1456903,2021552,39168752.0000,1456726.8750,2022569.2500,-32768,13769,-109
01:19:47,1988.05,29.76,0.00,3276.70,0.00,31.2576,31.2336,31.0662,31.0452,39178067,1457092,2025628,39169440.0000,1456747.8750,2022650.5000,-32768,13769,-109
01:19:50,1988.05,29.77,0.00,3276.70,0.00,31.2609,31.2336,31.0701,31.0452,39179076,1457352,2019177,39170316.0000,1456747.8750,2022633.7500,-32768,13769,-109
01:19:51,1988.05,29.77,0.00,3276.70,0.00,31.2630,31.2336,31.0728,31.0452,39180463,1457262,2023250,39171332.0000,1456836.3750,2022668.1250,-32768,13769,-109
01:19:54,1988.05,29.77,0.00,3276.70,0.00,31.2630,31.2398,31.0728,31.0510,39180463,1457135,2024966,39171968.0000,1456887.7500,2022175.6250,-32768,13769,-109
01:19:56,1988.05,29.78,0.00,3276.70,0.00,31.2639,31.2420,31.0745,31.0523,39176292,1457088,2024966,39172264.0000,1456899.2500,2022318.7500,-32768,13769,-109
01:19:58,1988.05,29.78,0.00,3276.70,0.00,31.2639,31.2439,31.0745,31.0550,39179375,1457207,2024311,39172776.0000,1456920.5000,2022487.0000,-32768,13769,-109
01:20:00,1988.05,29.78,0.00,3276.70,0.00,31.2689,31.2454,31.0796,31.0558,39180485,1457243,2023048,39173244.0000,1456920.5000,2022519.1250,-32768,13769,-109
01:20:03,1988.05,29.78,0.00,3276.70,0.00,31.2748,31.2454,31.0845,31.0558,39180247,1457143,2025272,39174076.0000,1456949.6250,2023608.7500,-32768,13769,-109
01:20:04,1988.05,29.78,0.00,3276.70,0.00,31.2799,31.2506,31.0883,31.0608,39179004,1457409,2012582,39174404.0000,1456949.6250,2022963.8750,-32768,13769,-109
01:20:06,1988.05,29.78,0.00,3276.70,0.00,31.2799,31.2532,31.0883,31.0633,39179449,1456947,2024323,39174956.0000,1456964.5000,2023678.5000,-32768,13769,-109
01:20:08,1988.05,29.79,0.00,3276.70,0.00,31.2811,31.2541,31.0883,31.0650,39178837,1456947,2016231,39175288.0000,1456971.6250,2023504.7500,-32768,13769,-109
01:20:10,1988.05,29.79,0.00,3276.70,0.00,31.2840,31.2541,31.0936,31.0650,39179483,1457051,2024183,39175720.0000,1456984.6250,2023324.3750,-32768,13769,-109
01:20:12,1988.05,29.79,0.00,3276.70,0.00,31.2860,31.2584,31.0947,31.0691,39179094,1456996,2020775,39175720.0000,1456985.0000,2023244.7500,-32768,13769,-109
01:20:14,1988.05,29.80,0.00,3276.70,0.00,31.2860,31.2611,31.0947,31.0707,39179094,1457037,2024841,39176364.0000,1457020.3750,2022607.5000,-32768,13769,-109
01:20:16,1988.05,29.80,0.00,3276.70,0.00,31.2908,31.2629,31.0996,31.0725,39179094,1457237,2024841,39176680.0000,1457030.0000,2022746.8750,-32768,13769,-109
01:20:18,1988.05,29.80,0.00,3276.70,0.00,31.2915,31.2629,31.1022,31.0758,39187848,1457485,2026641,39177568.0000,1457062.2500,2023709.1250,-32768,13769,-109
01:20:21,1988.05,29.80,0.00,3276.70,0.00,31.2922,31.2670,31.1022,31.0774,39187848,1457063,2031070,39178364.0000,1457097.0000,2023355.1250,-32768,13769,-109
01:20:23,1988.05,29.81,0.00,3276.70,0.00,31.2946,31.2700,31.1060,31.0799,39186614,1457413,2025335,39178720.0000,1457101.7500,2023676.3750,-32768,13769,-109
01:20:24,1988.05,29.81,0.00,3276.70,0.00,31.2980,31.2717,31.1074,31.0815,39186214,1457364,2025800,39179224.0000,1457119.5000,2023780.7500,-32768,13769,-109
01:20:26,1988.05,29.81,0.00,3276.70,0.00,31.2992,31.2733,31.1090,31.0832,39190237,1457853,2025800,39179224.0000,1457119.5000,2023780.7500,-32768,13769,-109
01:20:27,1988.05,29.81,0.00,3276.70,0.00,31.3005,31.2750,31.1095,31.0848,39182803,1457276,2026593,39180200.0000,1457167.3750,2023247.1250,-32768,13769,-109
01:20:28,1982.62,29.81,0.00,3276.70,0.00,31.3013,31.2758,31.1096,31.0855,39187762,1457418,2026370,39180436.0000,1457174.2500,2023767.7500,-32768,13769,-109
01:20:30,1988.05,29.81,0.00,3276.70,0.00,31.3012,31.2773,31.1092,31.0870,39184833,1457098,2039101,39180696.0000,1457171.7500,2024247.0000,-32768,13769,-109
01:20:31,1982.62,29.82,0.00,3276.70,0.00,31.3013,31.2773,31.1106,31.0870,39181795,1457110,2026804,39180832.0000,1457159.5000,2024420.5000,-32768,13769,-109
01:20:33,1988.05,29.82,0.00,3276.70,0.00,31.3048,31.2803,31.1132,31.0898,39179169,1457092,2023666,39180832.0000,1457159.5000,2024396.8750,-32768,13769,-109
01:20:36,1988.05,29.82,0.00,3276.70,0.00,31.3048,31.2825,31.1139,31.0920,39182721,1456985,2029855,39181096.0000,1457148.8750,2024575.0000,-32768,13769,-109
01:20:38,1988.05,29.83,0.00,3276.70,0.00,31.3070,31.2840,31.1139,31.0941,39182721,1457136,2025516,39181240.0000,1457152.8750,2024698.2500,-32768,13769,-109
01:20:41,1982.62,29.83,0.00,3276.70,0.00,31.3104,31.2870,31.1173,31.0961,39187343,1457441,2025516,39181700.0000,1457152.8750,2024698.2500,-32768,13769,-109
01:20:42,1988.05,29.83,0.00,3276.70,0.00,31.3115,31.2891,31.1197,31.0981,39184606,1457318,2026072,39181984.0000,1457166.6250,2025671.5000,-32768,13769,-109
01:20:44,1982.62,29.83,0.00,3276.70,0.00,31.3122,31.2898,31.1199,31.0988,39187266,1457501,2024255,39182148.0000,1457177.1250,2025627.1250,-32768,13769,-109
01:20:46,1988.05,29.83,0.00,3276.70,0.00,31.3116,31.2898,31.1214,31.0988,39190429,1457357,2026458,39183000.0000,1457207.8750,2025767.1250,-32768,13769,-109
01:20:48,1982.62,29.83,0.00,3276.70,0.00,31.3137,31.2898,31.1229,31.0988,39191329,1457638,2027582,39183536.0000,1457235.8750,2025860.6250,-32768,13769,-109
01:20:50,1982.62,29.83,0.00,3276.70,0.00,31.3140,31.2949,31.1237,31.1040,39190500,1457436,2027582,39183984.0000,1457247.1250,2025975.2500,-32768,13769,-109
01:20:51,1982.62,29.83,0.00,3276.70,0.00,31.3157,31.2962,31.1251,31.1052,39190456,1457348,2028889,39184264.0000,1457253.0000,2026096.8750,-32768,13769,-109
01:20:54,1982.62,29.84,0.00,3276.70,0.00,31.3157,31.2982,31.1251,31.1071,39190456,1457616,2026799,39185088.0000,1457294.3750,2026306.2500,-32768,13769,-109
01:20:55,1982.62,29.83,0.00,3276.70,0.00,31.3205,31.2995,31.1301,31.1084,39191357,1457611,2028110,39185284.0000,1457304.2500,2026362.6250,-32768,13769,-109
01:20:56,1982.62,29.83,0.00,3276.70,0.00,31.3212,31.3002,31.1320,31.1091,39193279,1457699,2028302,39185536.0000,1457316.6250,2026423.2500,-32768,13769,-109
01:20:58,1982.62,29.83,0.00,3276.70,0.00,31.3227,31.3009,31.1344,31.1106,39198324,1457852,2028302,39186248.0000,1457350.7500,2026497.3750,-32768,13769,-109
01:21:00,1982.62,29.83,0.00,3276.70,0.00,31.3277,31.3031,31.1359,31.1121,39195684,1457852,2028081,39186248.0000,1457394.5000,2026624.3750,-32768,13769,-109
01:21:02,1982.62,29.83,0.00,3276.70,0.00,31.3313,31.3055,31.1385,31.1144,39202172,1458136,2025741,39188068.0000,1457432.2500,2026637.0000,-32768,13769,-109
01:21:04,1982.62,29.83,0.00,3276.70,0.00,31.3321,31.3055,31.1407,31.1159,39202789,1458084,2028200,39188940.0000,1457473.1250,2026637.0000,-32768,13769,-109
01:21:05,1988.05,29.84,0.00,3276.70,0.00,31.3334,31.3087,31.1414,31.1175,39205898,1458128,2028200,39189940.0000,1457538.3750,2027022.0000,-32768,13769,-109
01:21:06,1982.62,29.84,0.00,3276.70,0.00,31.3337,31.3102,31.1416,31.1189,39209107,1458415,2030664,39191040.0000,1457565.7500,2027135.8750,-32768,13769,-109
01:21:10,1982.62,29.84,0.00,3276.70,0.00,31.3338,31.3102,31.1434,31.1189,39204709,1458415,2030664,39192840.0000,1457633.6250,2027463.0000,-32768,13769,-109
01:21:12,1988.05,29.84,0.00,3276.70,0.00,31.3361,31.3143,31.1451,31.1231,39207400,1458104,2029037,39194036.0000,1457633.6250,2027622.5000,-32768,13769,-109
01:21:16,1982.62,29.84,0.00,3276.70,0.00,31.3361,31.3171,31.1451,31.1264,39207400,1457835,2029037,39194036.0000,1457725.0000,2027816.8750,-32768,13769,-109
01:21:17,1982.62,29.85,0.00,3276.70,0.00,31.3409,31.3192,31.1485,31.1278,39200933,1457973,2029037,39195640.0000,1457737.7500,2027893.2500,-32768,13769,-109
01:21:19,1982.62,29.86,0.00,3276.70,0.00,31.3417,31.3205,31.1496,31.1291,39204830,1457973,2030234,39196212.0000,1457754.2500,2028016.0000,-32768,13769,-109
01:21:20,1982.62,29.86,0.00,3276.70,0.00,31.3424,31.3218,31.1519,31.1304,39202165,1458143,2029922,39196400.0000,1457766.3750,2028075.6250,-32768,13769,-109
01:21:22,1982.62,29.86,0.00,3276.70,0.00,31.3433,31.3225,31.1524,31.1311,39207185,1458053,2033630,39196736.0000,1457766.3750,2028276.5000,-32768,13769,-109
01:21:23,1982.62,29.86,0.00,3276.70,0.00,31.3453,31.3225,31.1564,31.1332,39202163,1458126,2026504,39197312.0000,1457801.3750,2028250.2500,-32768,13769,-109
01:21:25,1982.62,29.86,0.00,3276.70,0.00,31.3491,31.3259,31.1581,31.1346,39205991,1458126,2030938,39197808.0000,1457821.6250,2028389.6250,-32768,13769,-109
01:21:26,1982.62,29.86,0.00,3276.70,0.00,31.3511,31.3274,31.1593,31.1361,39203707,1458109,2029793,39198260.0000,1457844.5000,2028553.2500,-32768,13769,-109
01:21:27,1982.62,29.86,0.00,3276.70,0.00,31.3523,31.3282,31.1603,31.1368,39205527,1458110,2029654,39198488.0000,1457852.7500,2028587.6250,-32768,13769,-109
01:21:29,1982.62,29.86,0.00,3276.70,0.00,31.3538,31.3289,31.1615,31.1376,39205530,1458110,2026919,39198488.0000,1457852.7500,2028678.2500,-32768,13769,-109
01:21:31,1982.62,29.87,0.00,3276.70,0.00,31.3559,31.3313,31.1629,31.1376,39204676,1458011,2029842,39199256.0000,1457892.0000,2028461.5000,-32768,13769,-109
01:21:33,1988.05,29.87,0.00,3276.70,0.00,31.3576,31.3313,31.1652,31.1376,39212574,1458469,2029847,39200160.0000,1457944.0000,2028290.1250,-32768,13769,-109
01:21:35,1982.62,29.88,0.00,3276.70,0.00,31.3594,31.3313,31.1652,31.1435,39212574,1458209,2030979,39200820.0000,1457961.1250,2028549.1250,-32768,13769,-109
01:21:36,1982.62,29.88,0.00,3276.70,0.00,31.3626,31.3368,31.1689,31.1450,39213427,1458527,2031298,39201216.0000,1457978.8750,2028635.0000,-32768,13769,-109
01:21:37,1982.62,29.88,0.00,3276.70,0.00,31.3639,31.3377,31.1702,31.1457,39211549,1458253,2035539,39201536.0000,1457987.3750,2028850.7500,-32768,13769,-109
01:21:38,1982.62,29.88,0.00,3276.70,0.00,31.3662,31.3393,31.1724,31.1473,39210070,1458250,2035539,39201536.0000,1457999.1250,2029029.3750,-32768,13769,-109
01:21:40,1982.62,29.89,0.00,3276.70,0.00,31.3662,31.3410,31.1724,31.1488,39212468,1458192,2034360,39202780.0000,1458009.2500,2030172.3750,-32768,13769,-109
01:21:42,1982.62,29.89,0.00,3276.70,0.00,31.3691,31.3427,31.1745,31.1503,39214714,1458379,2028105,39203152.0000,1458020.8750,2030107.7500,-32768,13769,-109
01:21:43,1982.62,29.89,0.00,3276.70,0.00,31.3712,31.3443,31.1781,31.1519,39215757,1458407,2030562,39203904.0000,1458040.0000,2030168.3750,-32768,13769,-109
01:21:45,1982.62,29.89,0.00,3276.70,0.00,31.3732,31.3461,31.1805,31.1536,39215001,1458322,2030978,39204500.0000,1458060.7500,2030244.3750,-32768,13769,-109
01:21:47,1982.62,29.89,0.00,3276.70,0.00,31.3759,31.3478,31.1831,31.1554,39213629,1458483,2032334,39205008.0000,1458078.1250,2030363.0000,-32768,13769,-109
01:21:49,1982.62,29.89,0.00,3276.70,0.00,31.3783,31.3496,31.1845,31.1571,39215412,1458751,2018693,39205628.0000,1458118.6250,2029622.1250,-32768,13769,-109
01:21:52,1982.62,29.89,0.00,3276.70,0.00,31.3783,31.3523,31.1845,31.1607,39215412,1458582,2032220,39207016.0000,1458118.6250,2029622.1250,-32768,13769,-109
01:21:54,1982.62,29.90,0.00,3276.70,0.00,31.3783,31.3559,31.1914,31.1634,39212346,1458480,2032648,39207504.0000,1458196.7500,2029622.1250,-32768,13769,-109
01:21:55,1982.62,29.90,0.00,3276.70,0.00,31.3861,31.3569,31.1921,31.1643,39211164,1458321,2032861,39207616.0000,1458200.6250,2030268.8750,-32768,13769,-109
01:21:57,1982.62,29.90,0.00,3276.70,0.00,31.3891,31.3569,31.1949,31.1670,39211164,1458321,2035705,39207616.0000,1458234.8750,2030957.0000,-32768,13769,-109
01:21:59,1982.62,29.91,0.00,3276.70,0.00,31.3915,31.3617,31.1969,31.1687,39217634,1458557,2033978,39208796.0000,1458234.8750,2031266.1250,-32768,13769,-109
01:22:01,1982.62,29.91,0.00,3276.70,0.00,31.3920,31.3635,31.1980,31.1705,39215594,1458399,2033978,39209396.0000,1458258.5000,2031429.2500,-32768,13769,-109
01:22:02,1982.62,29.91,0.00,3276.70,0.00,31.3930,31.3652,31.2004,31.1722,39214922,1458325,2033238,39209800.0000,1458266.5000,2031412.2500,-32768,13769,-109
01:22:03,1982.62,29.91,0.00,3276.70,0.00,31.3943,31.3670,31.2020,31.1740,39215660,1458548,2033672,39209984.0000,1458275.2500,2031482.8750,-32768,13769,-109
01:22:04,1982.62,29.91,0.00,3276.70,0.00,31.3954,31.3678,31.2032,31.1749,39217809,1458389,2038231,39210484.0000,1458288.6250,2031768.8750,-32768,13769,-109
01:22:06,1982.62,29.91,0.00,3276.70,0.00,31.3977,31.3696,31.2059,31.1768,39215832,1458577,2030525,39210648.0000,1458297.6250,2031730.0000,-32768,13769,-109
01:22:07,1982.62,29.91,0.00,3276.70,0.00,31.3989,31.3696,31.2073,31.1786,39219690,1458661,2035032,39211204.0000,1458321.1250,2031916.8750,-32768,13769,-109
01:22:09,1982.62,29.91,0.00,3276.70,0.00,31.3998,31.3696,31.2078,31.1804,39220883,1458622,2037846,39211784.0000,1458338.5000,2032181.8750,-32768,13769,-109
01:22:11,1982.62,29.92,0.00,3276.70,0.00,31.4005,31.3739,31.2084,31.1812,39223592,1458733,2037846,39212480.0000,1458362.5000,2032181.8750,-32768,13769,-109
01:22:12,1982.62,29.92,0.00,3276.70,0.00,31.4021,31.3764,31.2119,31.1838,39226428,1458733,2037846,39213264.0000,1458393.0000,2032324.2500,-32768,13769,-109
01:22:14,1977.19,29.92,0.00,3276.70,0.00,31.4045,31.3780,31.2139,31.1856,39222152,1458935,2031239,39213832.0000,1458417.6250,2032459.8750,-32768,13769,-109
01:22:16,1982.62,29.92,0.00,3276.70,0.00,31.4045,31.3797,31.2152,31.1874,39225102,1458858,2031239,39214876.0000,1458417.6250,2032924.6250,-32768,13769,-109
01:22:18,1982.62,29.92,0.00,3276.70,0.00,31.4045,31.3797,31.2173,31.1874,39230199,1459202,2034763,39216196.0000,1458518.6250,2032943.8750,-32768,13769,-109
01:22:20,1982.62,29.92,0.00,3276.70,0.00,31.4124,31.3841,31.2184,31.1874,39230059,1459012,2034535,39217004.0000,1458557.3750,2033039.8750,-32768,13769,-109
01:22:22,1982.62,29.92,0.00,3276.70,0.00,31.4127,31.3858,31.2185,31.1874,39227647,1458814,2040282,39217004.0000,1458557.3750,2033039.8750,-32768,13769,-109
01:22:25,1982.62,29.93,0.00,3276.70,0.00,31.4127,31.3891,31.2205,31.1963,39227647,1459137,2036944,39219236.0000,1458637.8750,2033655.1250,-32768,13769,-109
01:22:27,1982.62,29.93,0.00,3276.70,0.00,31.4127,31.3914,31.2237,31.1987,39227647,1459185,2036525,39220448.0000,1458694.2500,2033879.3750,-32768,13769,-109
01:22:30,1982.62,29.94,0.00,3276.70,0.00,31.4127,31.3946,31.2237,31.2018,39232211,1459229,2033709,39221436.0000,1458733.8750,2034093.7500,-32768,13769,-109
01:22:31,1977.19,29.94,0.00,3276.70,0.00,31.4214,31.3955,31.2237,31.2034,39234230,1459187,2040676,39222216.0000,1458762.7500,2034396.3750,-32768,13769,-109
01:22:33,1982.62,29.94,0.00,3276.70,0.00,31.4214,31.3980,31.2310,31.2051,39233907,1459260,2036979,39222864.0000,1458791.0000,2034529.2500,-32768,13769,-109
01:22:35,1982.62,29.94,0.00,3276.70,0.00,31.4271,31.3997,31.2325,31.2075,39232817,1459292,2037369,39223792.0000,1458791.0000,2034639.5000,-32768,13769,-109
01:22:37,1977.19,29.94,0.00,3276.70,0.00,31.4294,31.4014,31.2349,31.2084,39232209,1459345,2037803,39223792.0000,1458791.0000,2034639.5000,-32768,13769,-109
01:22:38,1977.19,29.94,0.00,3276.70,0.00,31.4313,31.4032,31.2377,31.2101,39237705,1459451,2036767,39225144.0000,1458905.8750,2034968.6250,-32768,13769,-109
01:22:40,1977.19,29.94,0.00,3276.70,0.00,31.4335,31.4050,31.2386,31.2118,39237886,1459397,2041118,39225544.0000,1458905.8750,2035231.7500,-32768,13769,-109
01:22:42,1982.62,29.95,0.00,3276.70,0.00,31.4348,31.4068,31.2386,31.2144,39235773,1459395,2033518,39226644.0000,1458965.7500,2035239.7500,-32768,13769,-109
01:22:43,1982.62,29.95,0.00,3276.70,0.00,31.4354,31.4086,31.2386,31.2161,39239622,1459484,2037775,39227448.0000,1458996.0000,2035353.6250,-32768,13769,-109
01:22:45,1982.62,29.95,0.00,3276.70,0.00,31.4380,31.4111,31.2457,31.2178,39244876,1459500,2042403,39228520.0000,1459031.6250,2035676.8750,-32768,13769,-109
01:22:46,1982.62,29.95,0.00,3276.70,0.00,31.4380,31.4128,31.2475,31.2196,39241715,1459590,2038521,39229276.0000,1459065.5000,2035782.2500,-32768,13769,-109
01:22:48,1977.19,29.96,0.00,3276.70,0.00,31.4380,31.4145,31.2475,31.2213,39247015,1459870,2037814,39230280.0000,1459108.0000,2036008.5000,-32768,13769,-109
01:22:50,1977.19,29.96,0.00,3276.70,0.00,31.4437,31.4162,31.2505,31.2230,39242969,1459732,2036516,39231132.0000,1459108.0000,2036008.5000,-32768,13769,-109
01:22:53,1982.62,29.96,0.00,3276.70,0.00,31.4437,31.4188,31.2536,31.2230,39242969,1459747,2038661,39232936.0000,1459220.8750,2036512.7500,-32768,13769,-109
01:22:54,1977.19,29.97,0.00,3276.70,0.00,31.4493,31.4205,31.2558,31.2275,39247827,1459987,2037866,39233400.0000,1459244.8750,2036555.1250,-32768,13769,-109
01:22:56,1982.62,29.97,0.00,3276.70,0.00,31.4507,31.4215,31.2569,31.2275,39252365,1459924,2042016,39234504.0000,1459288.5000,2036806.7500,-32768,13769,-109
01:22:57,1977.19,29.97,0.00,3276.70,0.00,31.4545,31.4243,31.2593,31.2311,39250696,1459891,2040673,39235492.0000,1459325.0000,2037034.2500,-32768,13769,-109
01:22:58,1977.19,29.97,0.00,3276.70,0.00,31.4550,31.4253,31.2606,31.2320,39253561,1460052,2036418,39236056.0000,1459364.0000,2037082.6250,-32768,13769,-109
01:23:00,1977.19,29.97,0.00,3276.70,0.00,31.4589,31.4282,31.2641,31.2347,39255431,1460154,2039135,39237600.0000,1459409.5000,2037223.5000,-32768,13769,-109
01:23:01,1977.19,29.97,0.00,3276.70,0.00,31.4608,31.4292,31.2655,31.2356,39251494,1459866,2043079,39238032.0000,1459443.0000,2037473.3750,-32768,13769,-109
01:23:04,1982.62,29.97,0.00,3276.70,0.00,31.4608,31.4321,31.2655,31.2384,39252609,1460234,2037270,39239360.0000,1459443.0000,2037660.0000,-32768,13769,-109
01:23:06,1977.19,29.98,0.00,3276.70,0.00,31.4655,31.4351,31.2655,31.2412,39253127,1460176,2035995,39240600.0000,1459541.2500,2037825.8750,-32768,13769,-109
01:23:07,1977.19,29.98,0.00,3276.70,0.00,31.4688,31.4371,31.2736,31.2431,39253203,1459878,2040604,39241408.0000,1459567.5000,2037988.0000,-32768,13769,-109
01:23:09,1977.19,29.98,0.00,3276.70,0.00,31.4702,31.4381,31.2754,31.2431,39249819,1459846,2043536,39241896.0000,1459584.3750,2037988.0000,-32768,13769,-109
01:23:10,1977.19,29.99,0.00,3276.70,0.00,31.4728,31.4402,31.2775,31.2461,39248927,1459750,2040537,39242116.0000,1459584.3750,2038384.8750,-32768,13769,-109
01:23:12,1977.19,29.99,0.00,3276.70,0.00,31.4771,31.4423,31.2804,31.2461,39250864,1459949,2040697,39242956.0000,1459624.5000,2038460.7500,-32768,13769,-109
01:23:15,1982.62,29.99,0.00,3276.70,0.00,31.4812,31.4423,31.2841,31.2461,39260828,1460376,2040697,39244456.0000,1459687.6250,2038754.2500,-32768,13769,-109
01:23:16,1977.19,29.99,0.00,3276.70,0.00,31.4865,31.4493,31.2873,31.2544,39259913,1460378,2042648,39245480.0000,1459732.5000,2038980.5000,-32768,13769,-109
01:23:19,1977.19,30.00,0.00,3276.70,0.00,31.4865,31.4529,31.2873,31.2576,39264092,1460593,2043453,39246996.0000,1459796.6250,2039306.7500,-32768,13769,-109
01:23:21,1977.19,30.00,0.00,3276.70,0.00,31.4934,31.4554,31.2933,31.2597,39259392,1460260,2043453,39248528.0000,1459857.7500,2039560.2500,-32768,13769,-109
01:23:23,1977.19,30.01,0.00,3276.70,0.00,31.4934,31.4588,31.2964,31.2630,39266554,1460553,2042486,39249588.0000,1459900.3750,2039560.2500,-32768,13769,-109
01:23:24,1977.19,30.01,0.00,3276.70,0.00,31.4954,31.4611,31.2977,31.2650,39273037,1460812,2044040,39250868.0000,1459951.6250,2040042.0000,-32768,13769,-109
01:23:25,1977.19,30.02,0.00,3276.70,0.00,31.4961,31.4621,31.2985,31.2661,39270355,1460834,2039934,39251476.0000,1459951.6250,2040111.5000,-32768,13769,-109
01:23:29,1971.76,30.02,0.00,3276.70,0.00,31.4961,31.4652,31.2985,31.2691,39270355,1460511,2047964,39253196.0000,1460038.5000,2040545.6250,-32768,13769,-109
01:23:29,1977.19,30.02,0.00,3276.70,0.00,31.4997,31.4682,31.3036,31.2720,39273173,1460981,2046122,39254324.0000,1460092.1250,2040674.1250,-32768,13769,-109
01:23:31,1977.19,30.02,0.00,3276.70,0.00,31.5013,31.4692,31.3055,31.2730,39272432,1460805,2043354,39254888.0000,1460114.3750,2040757.8750,-32768,13769,-109
01:23:33,1977.19,30.03,0.00,3276.70,0.00,31.5028,31.4713,31.3096,31.2730,39271361,1460770,2044332,39255852.0000,1460153.2500,2040973.1250,-32768,13769,-109
01:23:34,1982.62,30.03,0.00,3276.70,0.00,31.5096,31.4735,31.3129,31.2775,39274599,1460847,2045575,39257452.0000,1460214.1250,2041249.2500,-32768,13769,-109
01:23:35,1982.62,30.04,0.00,3276.70,0.00,31.5116,31.4759,31.3154,31.2797,39276554,1460793,2040453,39258048.0000,1460232.2500,2041224.3750,-32768,13769,-109
01:23:37,1977.19,30.04,0.00,3276.70,0.00,31.5164,31.4771,31.3175,31.2809,39273892,1460793,2040453,39258048.0000,1460232.2500,2041144.5000,-32768,13769,-109
01:23:39,1977.19,30.05,0.00,3276.70,0.00,31.5198,31.4797,31.3218,31.2809,39278941,1461163,2045806,39260292.0000,1460317.6250,2041476.1250,-32768,13769,-109
01:23:42,1977.19,30.05,0.00,3276.70,0.00,31.5198,31.4851,31.3218,31.2884,39278941,1461037,2047624,39262852.0000,1460419.2500,2041910.2500,-32768,13769,-109
01:23:44,1950.04,30.06,0.00,3276.70,0.00,31.5198,31.4894,31.3336,31.2884,39283262,1461294,2045773,39264676.0000,1460489.5000,2042196.3750,-32768,13769,-109
01:23:46,1928.32,30.07,0.00,3276.70,0.00,31.5198,31.4939,31.3336,31.2975,39288459,1461439,2048416,39266884.0000,1460586.8750,2042698.0000,-32768,13769,-109
01:23:49,1912.02,30.07,0.00,3276.70,0.00,31.5437,31.4968,31.3336,31.2988,39288459,1461590,2047400,39266884.0000,1460673.8750,2042698.0000,-32768,13769,-109
01:23:52,1901.16,30.08,0.00,3276.70,0.00,31.5437,31.5028,31.3484,31.3043,39283375,1461223,2046839,39266884.0000,1460725.2500,2043537.5000,-32768,13769,-109
01:23:55,1874.01,30.08,0.00,3276.70,0.00,31.5558,31.5073,31.3545,31.3086,39282965,1461223,2050808,39266884.0000,1460806.3750,2044003.6250,-32768,13769,-109
01:23:57,1835.99,30.09,0.00,3276.70,0.00,31.5637,31.5137,31.3624,31.3146,39299479,1462031,2049243,39266884.0000,1460806.3750,2044286.2500,-32768,13769,-109
01:23:59,1808.84,30.10,0.00,3276.70,0.00,31.5675,31.5186,31.3668,31.3192,39313591,1462717,2049243,39276700.0000,1461015.8750,2044827.5000,-32768,13769,-109
01:24:02,1711.09,30.11,0.00,3276.70,0.00,31.5675,31.5217,31.3668,31.3237,39313591,1464179,2056096,39282972.0000,1461321.3750,2045663.7500,-32768,13769,-109
01:24:04,1667.64,30.11,0.00,3276.70,0.00,31.5640,31.5217,31.3685,31.3237,39366472,1465548,2054530,39289656.0000,1461655.3750,2046477.1250,-32768,13769,-109
01:24:07,1580.75,30.12,0.00,3276.70,0.00,31.5640,31.5291,31.3685,31.3312,39366472,1466780,2054530,39301452.0000,1462230.6250,2047534.8750,-32768,13769,-109
01:24:09,1526.45,30.14,0.00,3276.70,0.00,31.5372,31.5291,31.3607,31.3312,39391490,1466586,2057042,39309520.0000,1462622.2500,2048149.6250,-32768,13769,-109
01:24:11,1483.00,30.14,0.00,3276.70,0.00,31.5341,31.5291,31.3568,31.3369,39402515,1467102,2054171,39314924.0000,1462885.1250,2048528.6250,-32768,13769,-109
01:24:13,1428.70,30.17,0.00,3276.70,0.00,31.5344,31.5307,31.3546,31.3380,39415657,1467787,2051617,39321020.0000,1463179.7500,2048808.0000,-32768,13769,-109
01:24:14,1510.16,30.18,0.00,3276.70,0.00,31.5313,31.5307,31.3535,31.3384,39415509,1467627,2056879,39323972.0000,1463179.7500,2048808.0000,-32768,13769,-109
01:24:17,1531.88,30.19,0.00,3276.70,0.00,31.5392,31.5307,31.3657,31.3384,39362747,1464775,2052135,39329424.0000,1463179.7500,2048808.0000,-32768,13769,-109
01:24:18,1580.75,30.22,0.00,3276.70,0.00,31.5602,31.5330,31.3725,31.3423,39392870,1465820,2055685,39335024.0000,1463756.8750,2049843.6250,-32768,13769,-109
01:24:20,1640.49,30.22,0.00,3276.70,0.00,31.5798,31.5355,31.3857,31.3447,39413862,1466592,2055685,39335024.0000,1463756.8750,2050266.6250,-32768,13769,-109
01:24:23,1694.80,30.26,0.00,3276.70,0.00,31.5798,31.5436,31.4134,31.3516,39436159,1467172,2059477,39347992.0000,1464200.5000,2050991.7500,-32768,13769,-109
01:24:24,1716.52,30.29,0.00,3276.70,0.00,31.6325,31.5487,31.4280,31.3561,39445052,1467521,2061531,39353832.0000,1464397.2500,2051602.2500,-32768,13769,-109
01:24:26,1754.53,30.31,0.00,3276.70,0.00,31.6491,31.5546,31.4415,31.3611,39457474,1468085,2065593,39360040.0000,1464615.5000,2052292.1250,-32768,13769,-109
01:24:28,1792.55,30.33,0.00,3276.70,0.00,31.6566,31.5546,31.4551,31.3611,39461984,1468027,2065133,39369520.0000,1464939.2500,2053441.3750,-32768,13769,-109
01:24:31,1814.27,30.35,0.00,3276.70,0.00,31.6759,31.5680,31.4551,31.3755,39461984,1468311,2065686,39378292.0000,1464939.2500,2054565.2500,-32768,13769,-109
01:24:32,1825.13,30.36,0.00,3276.70,0.00,31.6940,31.5822,31.4807,31.3847,39480358,1469197,2067678,39384484.0000,1465492.2500,2055315.5000,-32768,13769,-109
01:24:34,1857.72,30.36,0.00,3276.70,0.00,31.6980,31.5858,31.4848,31.3879,39479294,1468753,2070556,39384484.0000,1465697.1250,2056113.6250,-32768,13769,-109
01:24:36,1879.44,30.36,0.00,3276.70,0.00,31.7098,31.5967,31.4958,31.3973,39475464,1468751,2068499,39395592.0000,1465697.1250,2056113.6250,-32768,13769,-109
01:24:39,1912.02,30.36,0.00,3276.70,0.00,31.7098,31.6076,31.4958,31.4100,39475464,1468648,2069332,39406536.0000,1466296.1250,2058638.0000,-32768,13769,-109
01:24:41,1939.18,30.35,0.00,3276.70,0.00,31.7312,31.6076,31.5224,31.4100,39462573,1468215,2069620,39410124.0000,1466422.1250,2059663.5000,-32768,13769,-109
01:24:43,1955.47,30.35,0.00,3276.70,0.00,31.7414,31.6258,31.5265,31.4100,39451058,1467527,2069503,39412764.0000,1466500.5000,2059971.0000,-32768,13769,-109
01:24:44,1971.76,30.35,0.00,3276.70,0.00,31.7485,31.6332,31.5327,31.4100,39447310,1467468,2070284,39415008.0000,1466562.6250,2060581.7500,-32768,13769,-109
01:24:46,1960.90,30.35,0.00,3276.70,0.00,31.7527,31.6405,31.5363,31.4361,39444291,1467468,2070284,39416712.0000,1466611.5000,2061146.3750,-32768,13769,-109
01:24:47,1966.33,30.34,0.00,3276.70,0.00,31.7541,31.6475,31.5371,31.4423,39450862,1467671,2068829,39417780.0000,1466644.6250,2061146.3750,-32768,13769,-109
01:24:49,1977.19,30.33,0.00,3276.70,0.00,31.7533,31.6539,31.5371,31.4481,39438357,1466958,2068829,39419676.0000,1466698.2500,2062111.1250,-32768,13769,-109
01:24:51,2015.21,30.33,0.00,3276.70,0.00,31.7533,31.6630,31.5371,31.4586,39417495,1466287,2069279,39419764.0000,1466674.7500,2062699.8750,-32768,13769,-109
01:24:53,2042.36,30.31,0.00,3276.70,0.00,31.7544,31.6712,31.5334,31.4632,39413534,1465971,2067819,39419428.0000,1466637.5000,2063028.6250,-32768,13769,-109
01:24:55,2069.51,30.30,0.00,3276.70,0.00,31.7533,31.6712,31.5295,31.4673,39413619,1465977,2067735,39419008.0000,1466601.2500,2063300.2500,-32768,13769,-109
01:24:56,2080.37,30.29,0.00,3276.70,0.00,31.7496,31.6785,31.5271,31.4691,39406810,1465820,2066750,39418628.0000,1466601.2500,2063511.1250,-32768,13769,-109
01:24:57,2085.80,30.28,0.00,3276.70,0.00,31.7452,31.6826,31.5207,31.4723,39408298,1465559,2067164,39418008.0000,1466522.0000,2063625.2500,-32768,13769,-109
01:24:58,2112.96,30.27,0.00,3276.70,0.00,31.7410,31.6844,31.5163,31.4737,39409747,1465813,2065650,39417748.0000,1466499.7500,2063688.6250,-32768,13769,-109
01:24:59,2161.83,30.27,0.00,3276.70,0.00,31.7384,31.6861,31.5130,31.4749,39404875,1465793,2064884,39417344.0000,1466477.7500,2063725.8750,-32768,13769,-109
01:25:00,2194.42,30.26,0.00,3276.70,0.00,31.7378,31.6877,31.5091,31.4770,39392921,1464977,2065250,39416040.0000,1466401.8750,2063799.5000,-32768,13769,-109
01:25:02,2237.86,30.24,0.00,3276.70,0.00,31.7388,31.6908,31.5059,31.4770,39387022,1464270,2065064,39414048.0000,1466269.5000,2063815.5000,-32768,13769,-109
01:25:04,2243.29,30.23,0.00,3276.70,0.00,31.7372,31.6908,31.4936,31.4770,39394899,1464889,2064772,39412612.0000,1466187.0000,2063882.5000,-32768,13769,-109
01:25:06,2221.57,30.21,0.00,3276.70,0.00,31.7372,31.6973,31.4740,31.4798,39386283,1465359,2062065,39410144.0000,1466074.2500,2063811.5000,-32768,13769,-109
01:25:08,2167.26,30.20,0.00,3276.70,0.00,31.7372,31.6975,31.4655,31.4793,39386283,1465046,2062952,39408660.0000,1466026.1250,2063757.7500,-32768,13769,-109
01:25:10,2112.96,30.16,0.00,3276.70,0.00,31.7372,31.6947,31.4655,31.4747,39379613,1465894,2059451,39405200.0000,1465996.6250,2063471.6250,-32768,13769,-109
01:25:11,2096.67,30.12,0.00,3276.70,0.00,31.6381,31.6929,31.4173,31.4709,39363957,1465508,2059124,39403908.0000,1465981.2500,2063335.7500,-32768,13769,-109
01:25:14,2058.65,30.09,0.00,3276.70,0.00,31.6135,31.6929,31.4004,31.4709,39354799,1464883,2057596,39401036.0000,1465924.0000,2062990.6250,-32768,13769,-109
01:25:15,2047.79,30.06,0.00,3276.70,0.00,31.6135,31.6762,31.3713,31.4581,39338266,1464441,2052251,39395992.0000,1465810.6250,2062117.0000,-32768,13769,-109
01:25:17,2042.36,30.02,0.00,3276.70,0.00,31.5649,31.6727,31.3713,31.4520,39332007,1464388,2053131,39392136.0000,1465726.2500,2061564.0000,-32768,13769,-109
01:25:18,2036.93,30.02,0.00,3276.70,0.00,31.5495,31.6653,31.3485,31.4488,39331773,1464197,2050620,39390252.0000,1465678.5000,2061222.0000,-32768,13769,-109
01:25:19,2031.50,29.98,0.00,3276.70,0.00,31.5340,31.6574,31.3317,31.4418,39328804,1464064,2050070,39386428.0000,1465576.1250,2060554.7500,-32768,13769,-109
01:25:22,2026.07,29.98,0.00,3276.70,0.00,31.5187,31.6491,31.3317,31.4418,39321289,1463856,2048667,39382540.0000,1465471.8750,2059818.2500,-32768,13769,-109
01:25:23,2004.34,29.92,0.00,3276.70,0.00,31.5031,31.6403,31.3317,31.4221,39319321,1463798,2046286,39376912.0000,1465327.1250,2058644.0000,-32768,13769,-109
01:25:25,1977.19,29.91,0.00,3276.70,0.00,31.4858,31.6311,31.2836,31.4177,39319802,1463943,2045659,39375128.0000,1465283.8750,2058238.1250,-32768,13769,-109
01:25:27,1971.76,29.87,0.00,3276.70,0.00,31.4712,31.6213,31.2725,31.4177,39305615,1463390,2043505,39369344.0000,1465283.8750,2058238.1250,-32768,13769,-109
01:25:28,1955.47,29.83,0.00,3276.70,0.00,31.4552,31.6067,31.2589,31.3957,39299504,1463121,2041820,39365032.0000,1465013.3750,2056047.3750,-32768,13769,-109
01:25:30,1950.04,29.82,0.00,3276.70,0.00,31.4486,31.6017,31.2511,31.3912,39303465,1463317,2041820,39361348.0000,1464922.7500,2055128.6250,-32768,13769,-109
01:25:31,1950.04,29.80,0.00,3276.70,0.00,31.4386,31.5918,31.2399,31.3820,39304288,1463539,2039988,39357688.0000,1464831.1250,2054202.2500,-32768,13769,-109
01:25:32,1895.73,29.79,0.00,3276.70,0.00,31.4332,31.5868,31.2284,31.3727,39299756,1463134,2039046,39355880.0000,1464778.1250,2053728.6250,-32768,13769,-109
01:25:34,1857.72,29.76,0.00,3276.70,0.00,31.4187,31.5767,31.2284,31.3632,39312328,1464075,2039019,39352744.0000,1464708.7500,2052839.2500,-32768,13769,-109
01:25:36,1797.98,29.75,0.00,3276.70,0.00,31.4028,31.5662,31.2034,31.3632,39300615,1463833,2037723,39349920.0000,1464660.8750,2051931.1250,-32768,13769,-109
01:25:38,1770.83,29.74,0.00,3276.70,0.00,31.3743,31.5496,31.2034,31.3436,39307359,1463997,2037778,39345832.0000,1464660.8750,2050666.1250,-32768,13769,-109
01:25:40,1732.81,29.74,0.00,3276.70,0.00,31.3445,31.5318,31.1670,31.3281,39297271,1463997,2037778,39342932.0000,1464549.7500,2049304.1250,-32768,13769,-109
01:25:42,1727.38,29.72,0.00,3276.70,0.00,31.3278,31.5195,31.1521,31.3281,39319931,1464759,2037406,39340016.0000,1464536.5000,2048496.2500,-32768,13769,-109
01:25:44,1678.51,29.71,0.00,3276.70,0.00,31.3171,31.5071,31.1408,31.3281,39329806,1465227,2034939,39339184.0000,1464571.1250,2047671.0000,-32768,13769,-109
01:25:45,1651.35,29.71,0.00,3276.70,0.00,31.3046,31.4890,31.1231,31.2904,39354403,1466579,2032757,39339660.0000,1464670.8750,2046815.8750,-32768,13769,-109
01:25:48,1602.48,29.71,0.00,3276.70,0.00,31.2955,31.4772,31.1056,31.2741,39384763,1468264,2036646,39342760.0000,1464670.8750,2046815.8750,-32768,13769,-109
01:25:50,1586.18,29.71,0.00,3276.70,0.00,31.2955,31.4598,31.1056,31.2579,39388239,1468173,2039380,39347200.0000,1465261.5000,2045136.7500,-32768,13769,-109
01:25:52,1564.46,29.71,0.00,3276.70,0.00,31.2695,31.4428,31.0856,31.2474,39394146,1468532,2035684,39349948.0000,1465453.6250,2044561.6250,-32768,13769,-109
01:25:53,1559.03,29.71,0.00,3276.70,0.00,31.2663,31.4372,31.0813,31.2422,39400910,1468910,2032596,39353344.0000,1465679.1250,2043921.6250,-32768,13769,-109
01:25:56,1521.02,29.71,0.00,3276.70,0.00,31.2663,31.4211,31.0813,31.2217,39400910,1470750,2037502,39353344.0000,1466199.3750,2043162.5000,-32768,13769,-109
01:25:59,1510.16,29.71,0.00,3276.70,0.00,31.2663,31.4005,31.0813,31.2064,39400910,1470750,2037567,39370320.0000,1466688.2500,2043162.5000,-32768,13769,-109
01:26:00,1510.16,29.72,0.00,3276.70,0.00,31.2396,31.3859,31.0434,31.1918,39466195,1471966,2037455,39376072.0000,1467009.2500,2042336.3750,-32768,13769,-109
01:26:03,1483.00,29.72,0.00,3276.70,0.00,31.2396,31.3768,31.0434,31.1779,39466195,1472724,2037455,39376072.0000,1467678.7500,2041896.6250,-32768,13769,-109
01:26:06,1515.59,29.73,0.00,3276.70,0.00,31.2396,31.3598,31.0434,31.1644,39466195,1473818,2037455,39398856.0000,1468404.3750,2041530.1250,-32768,13769,-109
01:26:08,1586.18,29.74,0.00,3276.70,0.00,31.2330,31.3481,31.0262,31.1518,39499389,1473476,2037455,39407904.0000,1468702.7500,2041386.7500,-32768,13769,-109
01:26:10,1629.63,29.74,0.00,3276.70,0.00,31.2330,31.3383,31.0262,31.1374,39507793,1473218,2037968,39416272.0000,1469091.7500,2041116.0000,-32768,13769,-109
01:26:14,1732.81,29.75,0.00,3276.70,0.00,31.2330,31.3305,31.0262,31.1314,39507793,1473825,2040339,39416272.0000,1469647.3750,2041056.8750,-32768,13769,-109
01:26:16,1749.10,29.78,0.00,3276.70,0.00,31.2702,31.3305,31.0582,31.1314,39539481,1474549,2043334,39437720.0000,1470068.1250,2041184.7500,-32768,13769,-109
01:26:18,1825.13,29.79,0.00,3276.70,0.00,31.2857,31.3204,31.0582,31.1167,39556883,1475350,2044326,39444836.0000,1470383.1250,2041393.7500,-32768,13769,-109
01:26:20,1874.01,29.79,0.00,3276.70,0.00,31.2857,31.3182,31.0582,31.1132,39564550,1475467,2046713,39455328.0000,1470829.0000,2041781.0000,-32768,13769,-109
01:26:22,1890.30,29.79,0.00,3276.70,0.00,31.3120,31.3177,31.0868,31.1124,39573790,1476325,2046713,39462880.0000,1471152.2500,2042147.8750,-32768,13769,-109
01:26:24,1912.02,29.85,0.00,3276.70,0.00,31.3177,31.3176,31.0918,31.1110,39573790,1476661,2049219,39470788.0000,1471487.2500,2042571.0000,-32768,13769,-109
01:26:26,1960.90,29.86,0.00,3276.70,0.00,31.3264,31.3180,31.0918,31.1094,39573790,1477230,2048978,39482568.0000,1471994.6250,2043309.8750,-32768,13769,-109
01:26:30,2026.07,29.88,0.00,3276.70,0.00,31.3264,31.3202,31.0918,31.1094,39605786,1476974,2051042,39493384.0000,1471994.6250,2044418.1250,-32768,13769,-109
01:26:31,2047.79,29.91,0.00,3276.70,0.00,31.3514,31.3227,31.1216,31.1102,39620692,1476974,2051042,39508236.0000,1473039.0000,2045094.7500,-32768,13769,-109
01:26:35,2020.64,29.92,0.00,3276.70,0.00,31.3561,31.3246,31.1216,31.1115,39620692,1478395,2052418,39519596.0000,1473039.0000,2045980.5000,-32768,13769,-109
01:26:37,1977.19,29.94,0.00,3276.70,0.00,31.3561,31.3291,31.1202,31.1130,39658887,1479921,2056254,39531260.0000,1474023.7500,2046849.2500,-32768,13769,-109
01:26:38,1971.76,29.94,0.00,3276.70,0.00,31.3403,31.3300,31.1101,31.1129,39661767,1480226,2054527,39539480.0000,1474408.7500,2047467.0000,-32768,13769,-109
01:26:39,1971.76,29.94,0.00,3276.70,0.00,31.3347,31.3301,31.1048,31.1127,39652074,1479681,2056035,39546300.0000,1474741.7500,2048002.0000,-32768,13769,-109
01:26:41,2026.07,29.94,0.00,3276.70,0.00,31.3286,31.3301,31.1048,31.1118,39645530,1479294,2055194,39549400.0000,1474884.1250,2048226.7500,-32768,13769,-109
01:26:42,2031.50,29.94,0.00,3276.70,0.00,31.3261,31.3298,31.0954,31.1112,39637827,1478497,2054270,39552164.0000,1475087.8750,2048495.3750,-32768,13769,-109
01:26:44,2009.78,29.94,0.00,3276.70,0.00,31.3268,31.3295,31.0942,31.1101,39631849,1478173,2052638,39552164.0000,1475284.8750,2048495.3750,-32768,13769,-109
01:26:45,2004.34,29.95,0.00,3276.70,0.00,31.3257,31.3293,31.0925,31.1090,39645613,1478941,2052638,39564896.0000,1475527.2500,2049098.1250,-32768,13769,-109
01:26:48,2004.34,29.95,0.00,3276.70,0.00,31.3257,31.3287,31.0925,31.1063,39660322,1478941,2052638,39576128.0000,1476046.5000,2049767.0000,-32768,13769,-109
01:26:50,2004.34,29.95,0.00,3276.70,0.00,31.3257,31.3270,31.0925,31.1037,39673768,1480572,2056258,39582016.0000,1476319.2500,2050216.6250,-32768,13769,-109
01:26:52,2004.34,29.95,0.00,3276.70,0.00,31.3098,31.3264,31.0925,31.1017,39673768,1481098,2055202,39590836.0000,1476744.0000,2050508.3750,-32768,13769,-109
01:26:55,1998.91,29.94,0.00,3276.70,0.00,31.3098,31.3236,31.0615,31.1017,39690960,1481544,2054572,39599828.0000,1477165.1250,2050823.1250,-32768,13769,-109
01:26:57,2004.34,29.94,0.00,3276.70,0.00,31.3098,31.3207,31.0615,31.0928,39699749,1481905,2051038,39608688.0000,1477580.5000,2051003.3750,-32768,13769,-109
01:27:00,1998.91,29.94,0.00,3276.70,0.00,31.2798,31.3172,31.0406,31.0896,39703399,1481905,2054391,39614444.0000,1477860.7500,2051003.3750,-32768,13769,-109
01:27:01,1998.91,29.93,0.00,3276.70,0.00,31.2734,31.3146,31.0334,31.0862,39711713,1482495,2054469,39620324.0000,1478141.1250,2051507.3750,-32768,13769,-109
01:27:04,2004.34,29.93,0.00,3276.70,0.00,31.2734,31.3101,31.0334,31.0789,39711713,1483332,2054201,39632324.0000,1478733.3750,2051760.5000,-32768,13769,-109
01:27:07,1998.91,29.93,0.00,3276.70,0.00,31.2536,31.3101,31.0143,31.0789,39726055,1483440,2050807,39640792.0000,1479152.7500,2051988.6250,-32768,13769,-109
01:27:09,1998.91,29.93,0.00,3276.70,0.00,31.2456,31.3000,31.0055,31.0688,39738049,1483440,2050807,39640792.0000,1479152.7500,2052278.2500,-32768,13769,-109
01:27:11,1998.91,29.93,0.00,3276.70,0.00,31.2365,31.2944,30.9966,31.0688,39745017,1483440,2054516,39661108.0000,1480157.8750,2052377.8750,-32768,13769,-109
01:27:13,1998.91,29.93,0.00,3276.70,0.00,31.2274,31.2886,30.9865,31.0558,39749738,1484740,2052973,39663876.0000,1480301.1250,2052396.5000,-32768,13769,-109
01:27:14,1998.91,29.92,0.00,3276.70,0.00,31.2274,31.2845,30.9796,31.0512,39752664,1484742,2052907,39672032.0000,1480714.6250,2052441.1250,-32768,13769,-109
01:27:17,1993.48,29.92,0.00,3276.70,0.00,31.2132,31.2802,30.9796,31.0440,39752664,1484742,2053208,39677328.0000,1480978.0000,2052514.0000,-32768,13769,-109
01:27:19,2004.34,29.92,0.00,3276.70,0.00,31.2054,31.2802,30.9614,31.0440,39766389,1485581,2053208,39685132.0000,1481379.8750,2052557.8750,-32768,13769,-109
01:27:20,2004.34,29.91,0.00,3276.70,0.00,31.1920,31.2684,30.9531,31.0337,39766556,1485480,2053208,39690200.0000,1481631.2500,2052520.1250,-32768,13769,-109
01:27:23,1988.05,29.91,0.00,3276.70,0.00,31.1828,31.2632,30.9531,31.0257,39766556,1485643,2053208,39697640.0000,1482002.5000,2052402.3750,-32768,13769,-109
01:27:25,2004.34,29.91,0.00,3276.70,0.00,31.1697,31.2550,30.9334,31.0201,39782013,1485643,2052033,39697640.0000,1482395.0000,2052277.0000,-32768,13769,-109
01:27:27,2004.34,29.91,0.00,3276.70,0.00,31.1578,31.2465,30.9223,31.0115,39778579,1486073,2053056,39709576.0000,1482395.0000,2052259.6250,-32768,13769,-109
01:27:28,1998.91,29.90,0.00,3276.70,0.00,31.1503,31.2406,30.9151,31.0057,39780021,1486105,2050878,39711776.0000,1482726.3750,2052216.3750,-32768,13769,-109
01:27:29,1993.48,29.90,0.00,3276.70,0.00,31.1470,31.2377,30.9114,31.0027,39782236,1486206,2049358,39713976.0000,1482726.3750,2052004.3750,-32768,13769,-109
01:27:30,1988.05,29.90,0.00,3276.70,0.00,31.1398,31.2318,30.9043,30.9967,39788837,1486562,2052340,39718448.0000,1483060.0000,2052014.8750,-32768,13769,-109
01:27:32,1998.91,29.90,0.00,3276.70,0.00,31.1361,31.2318,30.8978,30.9967,39788899,1486659,2049182,39724860.0000,1483388.6250,2051787.1250,-32768,13769,-109
01:27:35,1998.91,29.89,0.00,3276.70,0.00,31.1361,31.2167,30.8978,30.9817,39784860,1486659,2049141,39730404.0000,1483674.0000,2051480.2500,-32768,13769,-109
01:27:37,1988.05,29.89,0.00,3276.70,0.00,31.1361,31.2077,30.8801,30.9727,39789073,1486730,2047671,39733976.0000,1483859.5000,2051480.2500,-32768,13769,-109
01:27:39,1998.91,29.89,0.00,3276.70,0.00,31.1053,31.2014,30.8801,30.9727,39792671,1486730,2047671,39739236.0000,1484143.0000,2050971.0000,-32768,13769,-109
01:27:41,1993.48,29.89,0.00,3276.70,0.00,31.0949,31.2014,30.8639,30.9727,39790007,1486870,2045777,39743828.0000,1484383.5000,2050545.8750,-32768,13769,-109
01:27:43,2004.34,29.89,0.00,3276.70,0.00,31.0871,31.1826,30.8563,30.9484,39795810,1487200,2046535,39747000.0000,1484558.1250,2050313.7500,-32768,13769,-109
01:27:46,1993.48,29.89,0.00,3276.70,0.00,31.0871,31.1765,30.8563,30.9396,39797550,1487200,2047160,39751408.0000,1484786.3750,2050008.2500,-32768,13769,-109
01:27:48,2004.34,29.89,0.00,3276.70,0.00,31.0742,31.1644,30.8421,30.9310,39804875,1487819,2046184,39756012.0000,1485040.6250,2050008.2500,-32768,13769,-109
01:27:50,2009.78,29.89,0.00,3276.70,0.00,31.0688,31.1644,30.8373,30.9310,39803726,1487490,2046405,39760384.0000,1485269.7500,2049401.8750,-32768,13769,-109
01:27:52,1993.48,29.89,0.00,3276.70,0.00,31.0604,31.1524,30.8333,30.9196,39800552,1487421,2046405,39760384.0000,1485407.7500,2049172.7500,-32768,13769,-109
01:27:54,1993.48,29.89,0.00,3276.70,0.00,31.0510,31.1524,30.8230,30.9085,39804921,1487610,2044885,39767000.0000,1485613.0000,2048731.5000,-32768,13769,-109
01:27:55,2009.78,29.89,0.00,3276.70,0.00,31.0460,31.1374,30.8216,30.9057,39806403,1487634,2045759,39768228.0000,1485676.2500,2048638.6250,-32768,13769,-109
01:27:57,2004.34,29.89,0.00,3276.70,0.00,31.0439,31.1374,30.8193,30.9057,39802252,1487238,2044790,39771344.0000,1485829.8750,2048238.6250,-32768,13769,-109
01:27:58,1993.48,29.89,0.00,3276.70,0.00,31.0400,31.1260,30.8161,30.8952,39806654,1487644,2042754,39772448.0000,1485951.0000,2047973.7500,-32768,13769,-109
01:28:01,1993.48,29.89,0.00,3276.70,0.00,31.0400,31.1205,30.8161,30.8876,39807796,1487644,2042380,39775812.0000,1486061.7500,2047677.3750,-32768,13769,-109
01:28:04,1998.91,29.89,0.00,3276.70,0.00,31.0400,31.1123,30.8161,30.8801,39807796,1487661,2043902,39779200.0000,1486252.1250,2047166.5000,-32768,13769,-109
01:28:06,2009.78,29.89,0.00,3276.70,0.00,31.0234,31.1018,30.8016,30.8730,39806901,1487709,2043902,39781736.0000,1486389.1250,2046828.2500,-32768,13769,-109
01:28:08,1988.05,29.89,0.00,3276.70,0.00,31.0227,31.0969,30.8009,30.8685,39808442,1487709,2043496,39781736.0000,1486467.7500,2046591.7500,-32768,13769,-109
01:28:09,1993.48,29.89,0.00,3276.70,0.00,31.0187,31.0898,30.7973,30.8621,39799952,1487408,2046255,39784544.0000,1486528.1250,2046491.3750,-32768,13769,-109
01:28:10,1993.48,29.89,0.00,3276.70,0.00,31.0168,31.0875,30.7961,30.8600,39799384,1487529,2040290,39785008.0000,1486559.3750,2046297.6250,-32768,13769,-109
01:28:12,2004.34,29.90,0.00,3276.70,0.00,31.0152,31.0853,30.7950,30.8580,39801853,1487383,2040290,39785008.0000,1486608.1250,2046012.3750,-32768,13769,-109
01:28:14,1993.48,29.90,0.00,3276.70,0.00,31.0130,31.0853,30.7946,30.8580,39803563,1487544,2040045,39787560.0000,1486680.0000,2045635.0000,-32768,13769,-109
01:28:16,1993.48,29.90,0.00,3276.70,0.00,31.0119,31.0745,30.7929,30.8485,39806038,1487602,2042708,39788136.0000,1486680.0000,2045635.0000,-32768,13769,-109
01:28:17,1998.91,29.91,0.00,3276.70,0.00,31.0105,31.0705,30.7916,30.8450,39804379,1487424,2042927,39789208.0000,1486759.1250,2045358.5000,-32768,13769,-109
01:28:18,1998.91,29.91,0.00,3276.70,0.00,31.0103,31.0668,30.7915,30.8416,39805735,1487555,2039398,39790224.0000,1486803.8750,2045358.5000,-32768,13769,-109
01:28:21,1982.62,29.91,0.00,3276.70,0.00,31.0100,31.0633,30.7915,30.8370,39805735,1487538,2041705,39791464.0000,1486870.8750,2044891.3750,-32768,13769,-109
01:28:24,1998.91,29.92,0.00,3276.70,0.00,31.0100,31.0565,30.7915,30.8310,39810032,1487706,2040247,39794124.0000,1486870.8750,2044507.6250,-32768,13769,-109
01:28:25,2004.34,29.92,0.00,3276.70,0.00,31.0044,31.0533,30.7874,30.8296,39808196,1487599,2041200,39794968.0000,1487033.0000,2044421.2500,-32768,13769,-109
01:28:26,2009.78,29.92,0.00,3276.70,0.00,31.0065,31.0503,30.7895,30.8271,39808276,1487689,2038725,39795384.0000,1487033.0000,2044243.2500,-32768,13769,-109
01:28:28,2009.78,29.93,0.00,3276.70,0.00,31.0084,31.0477,30.7907,30.8248,39813282,1487784,2043978,39796416.0000,1487099.0000,2044243.2500,-32768,13769,-109
01:28:31,1993.48,29.93,0.00,3276.70,0.00,31.0091,31.0452,30.7907,30.8227,39817381,1487784,2043978,39796416.0000,1487099.0000,2044008.2500,-32768,13769,-109
01:28:33,1993.48,29.94,0.00,3276.70,0.00,31.0063,31.0417,30.7889,30.8227,39828898,1488769,2045233,39800880.0000,1487099.0000,2044053.7500,-32768,13769,-109
01:28:36,2009.78,29.95,0.00,3276.70,0.00,31.0063,31.0371,30.7889,30.8157,39828898,1488124,2042483,39803764.0000,1487440.5000,2043930.5000,-32768,13769,-109
01:28:37,2004.34,29.95,0.00,3276.70,0.00,31.0047,31.0351,30.7897,30.8141,39821568,1488046,2043190,39804320.0000,1487459.3750,2043907.3750,-32768,13769,-109
01:28:38,2004.34,29.96,0.00,3276.70,0.00,31.0061,31.0341,30.7906,30.8133,39821427,1488086,2046476,39804856.0000,1487479.0000,2043987.6250,-32768,13769,-109
01:28:39,2004.34,29.96,0.00,3276.70,0.00,31.0067,31.0333,30.7912,30.8126,39825161,1488351,2040588,39806168.0000,1487529.0000,2043843.2500,-32768,13769,-109
01:28:40,2004.34,29.96,0.00,3276.70,0.00,31.0080,31.0317,30.7924,30.8113,39827000,1488398,2042791,39806816.0000,1487529.0000,2043810.3750,-32768,13769,-109
01:28:42,1998.91,29.97,0.00,3276.70,0.00,31.0075,31.0317,30.7927,30.8096,39832228,1488766,2041893,39809044.0000,1487658.2500,2043810.7500,-32768,13769,-109
01:28:43,2004.34,29.97,0.00,3276.70,0.00,31.0075,31.0287,30.7927,30.8091,39834891,1488720,2043081,39809852.0000,1487691.5000,2043787.8750,-32768,13769,-109
01:28:45,2004.34,29.97,0.00,3276.70,0.00,31.0070,31.0280,30.7932,30.8091,39831694,1488648,2045046,39811220.0000,1487754.0000,2043817.1250,-32768,13769,-109
01:28:46,2004.34,29.97,0.00,3276.70,0.00,31.0079,31.0261,30.7952,30.8072,39828994,1488522,2042223,39812352.0000,1487795.5000,2043901.1250,-32768,13769,-109
01:28:47,2009.78,29.97,0.00,3276.70,0.00,31.0086,31.0256,30.7956,30.8068,39831587,1488622,2043340,39812952.0000,1487845.7500,2043861.2500,-32768,13769,-109
01:28:50,2004.34,29.98,0.00,3276.70,0.00,31.0097,31.0245,30.7956,30.8059,39831587,1488622,2047205,39814840.0000,1487887.0000,2043973.2500,-32768,13769,-109
01:28:52,2009.78,29.99,0.00,3276.70,0.00,31.0111,31.0245,30.7956,30.8055,39833144,1488685,2043966,39816516.0000,1487956.0000,2043973.2500,-32768,13769,-109
01:28:56,1998.91,29.99,0.00,3276.70,0.00,31.0111,31.0221,30.7956,30.8048,39833144,1488873,2044181,39816516.0000,1488039.8750,2043982.1250,-32768,13769,-109
01:28:58,1998.91,30.00,0.00,3276.70,0.00,31.0125,31.0221,30.8022,30.8048,39837273,1488873,2044181,39820920.0000,1488116.2500,2044038.2500,-32768,13769,-109
01:29:01,1988.05,30.00,0.00,3276.70,0.00,31.0129,31.0202,30.8022,30.8045,39837273,1488404,2044181,39820920.0000,1488146.0000,2044038.2500,-32768,13769,-109
01:29:02,1988.05,30.00,0.00,3276.70,0.00,31.0148,31.0196,30.8074,30.8046,39836280,1488524,2047602,39822404.0000,1488157.8750,2044172.7500,-32768,13769,-109
01:29:03,1988.05,30.00,0.00,3276.70,0.00,31.0152,31.0194,30.8081,30.8047,39840452,1488555,2044103,39823344.0000,1488189.0000,2044088.0000,-32768,13769,-109
01:29:04,1993.48,30.01,0.00,3276.70,0.00,31.0165,31.0192,30.8109,30.8050,39830129,1488475,2043298,39823556.0000,1488197.8750,2044063.3750,-32768,13769,-109
01:29:05,1998.91,30.01,0.00,3276.70,0.00,31.0181,31.0191,30.8125,30.8052,39827765,1488412,2043288,39823688.0000,1488204.6250,2044039.1250,-32768,13769,-109
01:29:08,1988.05,30.01,0.00,3276.70,0.00,31.0215,31.0192,30.8125,30.8061,39827765,1488457,2043288,39824592.0000,1488217.2500,2044099.3750,-32768,13769,-109
01:29:10,1993.48,30.02,0.00,3276.70,0.00,31.0238,31.0196,30.8125,30.8061,39836201,1488381,2047975,39825368.0000,1488235.1250,2044155.5000,-32768,13769,-109
01:29:12,1998.91,30.02,0.00,3276.70,0.00,31.0280,31.0202,30.8250,30.8086,39825781,1488009,2042942,39825368.0000,1488226.7500,2044085.6250,-32768,13769,-109
01:29:14,2009.78,30.03,0.00,3276.70,0.00,31.0280,31.0208,30.8250,30.8103,39830379,1488107,2043594,39825884.0000,1488208.7500,2044085.6250,-32768,13769,-109
01:29:16,2004.34,30.05,0.00,3276.70,0.00,31.0348,31.0216,30.8304,30.8109,39818754,1487087,2044940,39825660.0000,1488173.7500,2044225.0000,-32768,13769,-109
01:29:20,1993.48,30.06,0.00,3276.70,0.00,31.0348,31.0229,30.8304,30.8136,39818754,1487043,2044940,39825660.0000,1487942.0000,2044135.7500,-32768,13769,-109
01:29:22,1993.48,30.07,0.00,3276.70,0.00,31.0348,31.0248,30.8376,30.8162,39818754,1484827,2042219,39818028.0000,1487692.5000,2043940.5000,-32768,13769,-109
01:29:24,1993.48,30.09,0.00,3276.70,0.00,31.0400,31.0260,30.8417,30.8183,39750482,1483902,2040990,39814084.0000,1487470.5000,2043772.0000,-32768,13769,-109
01:29:28,1993.48,30.11,0.00,3276.70,0.00,31.0400,31.0275,30.8417,30.8207,39750482,1482550,2040723,39805252.0000,1486973.6250,2043460.1250,-32768,13769,-109
01:29:29,1993.48,30.13,0.00,3276.70,0.00,31.0507,31.0296,30.8532,30.8234,39715845,1481680,2040723,39799864.0000,1486657.6250,2043262.6250,-32768,13769,-109
01:29:31,1988.05,30.14,0.00,3276.70,0.00,31.0554,31.0304,30.8552,30.8243,39714748,1481788,2037215,39799864.0000,1486364.2500,2043013.1250,-32768,13769,-109
01:29:32,1988.05,30.15,0.00,3276.70,0.00,31.0581,31.0328,30.8600,30.8274,39727651,1482249,2040338,39790668.0000,1486119.2500,2042856.5000,-32768,13769,-109
01:29:33,1988.05,30.16,0.00,3276.70,0.00,31.0613,31.0337,30.8631,30.8285,39716440,1481764,2040181,39788348.0000,1485983.1250,2042772.8750,-32768,13769,-109
01:29:36,1988.05,30.17,0.00,3276.70,0.00,31.0667,31.0337,30.8702,30.8285,39703955,1481014,2039384,39781356.0000,1485562.3750,2042497.7500,-32768,13769,-109
01:29:39,2026.07,30.19,0.00,3276.70,0.00,31.0667,31.0398,30.8702,30.8372,39703955,1480326,2042836,39771252.0000,1485562.3750,2042497.7500,-32768,13769,-109
01:29:41,2053.22,30.22,0.00,3276.70,0.00,31.0848,31.0435,30.8915,30.8416,39696414,1480017,2042836,39764408.0000,1484522.3750,2041945.8750,-32768,13769,-109
01:29:44,2020.64,30.23,0.00,3276.70,0.00,31.1020,31.0435,30.8999,30.8416,39719841,1481080,2041463,39759312.0000,1484143.5000,2041835.3750,-32768,13769,-109
01:29:46,2015.21,30.27,0.00,3276.70,0.00,31.1129,31.0537,30.9082,30.8505,39745218,1482287,2041463,39757288.0000,1483937.6250,2042044.7500,-32768,13769,-109
01:29:47,2015.21,30.28,0.00,3276.70,0.00,31.1162,31.0537,30.9082,30.8561,39710525,1480540,2042993,39754380.0000,1483728.0000,2042112.0000,-32768,13769,-109
01:29:49,2015.21,30.28,0.00,3276.70,0.00,31.1162,31.0629,30.9195,30.8599,39711098,1480359,2043951,39751760.0000,1483529.0000,2042230.6250,-32768,13769,-109
01:29:52,2015.21,30.30,0.00,3276.70,0.00,31.1162,31.0664,30.9195,30.8657,39711098,1479504,2043624,39745088.0000,1483058.7500,2042302.2500,-32768,13769,-109
01:29:54,2009.78,30.32,0.00,3276.70,0.00,31.1318,31.0737,30.9350,30.8718,39688260,1479110,2043624,39741800.0000,1482710.5000,2042367.8750,-32768,13769,-109
01:29:57,2015.21,30.33,0.00,3276.70,0.00,31.1336,31.0755,30.9350,30.8759,39688260,1479631,2043487,39737104.0000,1482710.5000,2042399.1250,-32768,13769,-109
01:29:58,2015.21,30.35,0.00,3276.70,0.00,31.1413,31.0830,30.9471,30.8821,39715535,1480462,2034285,39735556.0000,1482368.7500,2042222.1250,-32768,13769,-109
01:30:01,2015.21,30.36,0.00,3276.70,0.00,31.1460,31.0867,30.9471,30.8863,39715535,1479573,2044221,39735556.0000,1482368.7500,2042222.1250,-32768,13769,-109
01:30:02,2015.21,30.38,0.00,3276.70,0.00,31.1569,31.0927,30.9612,30.8928,39690189,1478991,2044221,39729968.0000,1481873.3750,2042341.5000,-32768,13769,-109
01:30:05,2009.78,30.39,0.00,3276.70,0.00,31.1569,31.0992,30.9718,30.8996,39690189,1479413,2046030,39729968.0000,1481641.3750,2042672.7500,-32768,13769,-109
01:30:08,2009.78,30.41,0.00,3276.70,0.00,31.1569,31.1061,30.9718,30.9090,39681147,1478068,2045067,39723792.0000,1481356.5000,2042672.7500,-32768,13769,-109
01:30:10,2009.78,30.44,0.00,3276.70,0.00,31.1569,31.1155,30.9718,30.9189,39692897,1478566,2047063,39719640.0000,1481004.8750,2043513.0000,-32768,13769,-109
01:30:12,2015.21,30.44,0.00,3276.70,0.00,31.1971,31.1204,30.9718,30.9215,39691452,1478302,2047430,39718760.0000,1481004.8750,2043734.7500,-32768,13769,-109
01:30:13,2009.78,30.47,0.00,3276.70,0.00,31.2041,31.1254,31.0095,30.9268,39679849,1477882,2047015,39716504.0000,1480736.3750,2043837.2500,-32768,13769,-109
01:30:14,2015.21,30.47,0.00,3276.70,0.00,31.2065,31.1279,31.0118,30.9295,39681897,1478181,2036574,39715420.0000,1480656.5000,2043610.2500,-32768,13769,-109
01:30:16,2009.78,30.48,0.00,3276.70,0.00,31.2132,31.1279,31.0228,30.9295,39683210,1478104,2049142,39712344.0000,1480413.5000,2043612.7500,-32768,13769,-109
01:30:19,2009.78,30.49,0.00,3276.70,0.00,31.2197,31.1279,31.0228,30.9430,39687461,1478104,2055014,39712344.0000,1480189.2500,2044480.6250,-32768,13769,-109
01:30:21,2015.21,30.49,0.00,3276.70,0.00,31.2313,31.1487,31.0228,30.9542,39695060,1478285,2049280,39708304.0000,1479995.1250,2044924.1250,-32768,13769,-109
01:30:23,2009.78,30.52,0.00,3276.70,0.00,31.2422,31.1568,31.0498,30.9599,39691878,1477806,2061513,39707200.0000,1479863.8750,2044924.1250,-32768,13769,-109
01:30:25,2009.78,30.53,0.00,3276.70,0.00,31.2451,31.1568,31.0570,30.9599,39682158,1477806,2061513,39704996.0000,1479641.8750,2046224.7500,-32768,13769,-109
01:30:27,2015.21,30.55,0.00,3276.70,0.00,31.2555,31.1679,31.0570,30.9746,39677448,1477347,2045847,39703444.0000,1479498.7500,2046224.7500,-32768,13769,-109
01:30:29,2009.78,30.56,0.00,3276.70,0.00,31.2555,31.1793,31.0791,30.9837,39697245,1478204,2052651,39702016.0000,1479334.6250,2046830.2500,-32768,13769,-109
01:30:31,2009.78,30.57,0.00,3276.70,0.00,31.2555,31.1852,31.0861,30.9837,39685492,1477308,2052651,39701168.0000,1479200.7500,2046524.8750,-32768,13769,-109
01:30:34,2009.78,30.59,0.00,3276.70,0.00,31.2555,31.1939,31.0955,30.9992,39685492,1477693,2049526,39699628.0000,1479032.1250,2046948.1250,-32768,13769,-109
01:30:37,2009.78,30.61,0.00,3276.70,0.00,31.2555,31.2059,31.1101,31.0117,39707532,1478280,2049526,39700096.0000,1478934.6250,2047731.6250,-32768,13769,-109
01:30:38,2015.21,30.61,0.00,3276.70,0.00,31.3067,31.2059,31.1221,31.0213,39699790,1477586,2061393,39700344.0000,1478869.3750,2048551.8750,-32768,13769,-109
01:30:42,2009.78,30.64,0.00,3276.70,0.00,31.3067,31.2213,31.1221,31.0312,39702014,1477586,2055754,39700344.0000,1478733.0000,2049714.8750,-32768,13769,-109
01:30:43,2009.78,30.66,0.00,3276.70,0.00,31.3368,31.2343,31.1478,31.0414,39716152,1478424,2058371,39701168.0000,1478698.8750,2050656.8750,-32768,13769,-109
01:30:44,2009.78,30.67,0.00,3276.70,0.00,31.3412,31.2377,31.1528,31.0449,39716152,1478424,2059369,39702252.0000,1478686.5000,2051169.1250,-32768,13769,-109
01:30:46,2015.21,30.68,0.00,3276.70,0.00,31.3457,31.2444,31.1624,31.0520,39721459,1478324,2071132,39702852.0000,1478686.5000,2051793.0000,-32768,13769,-109
01:30:48,2009.78,30.68,0.00,3276.70,0.00,31.3588,31.2444,31.1624,31.0628,39719657,1478395,2060893,39704436.0000,1478645.1250,2053036.3750,-32768,13769,-109
01:30:50,2009.78,30.71,0.00,3276.70,0.00,31.3588,31.2618,31.1624,31.0738,39709882,1477422,2073436,39705356.0000,1478565.5000,2054420.3750,-32768,13769,-109
01:30:52,2009.78,30.74,0.00,3276.70,0.00,31.3830,31.2691,31.1953,31.0776,39708869,1477654,2060797,39705464.0000,1478537.0000,2054420.3750,-32768,13769,-109
01:30:53,2009.78,30.75,0.00,3276.70,0.00,31.3927,31.2765,31.2053,31.0853,39724424,1478458,2061093,39706344.0000,1478516.7500,2055030.2500,-32768,13769,-109
01:30:55,2004.34,30.76,0.00,3276.70,0.00,31.3981,31.2803,31.2104,31.0853,39733395,1478580,2074985,39707988.0000,1478527.0000,2056164.5000,-32768,13769,-109
01:30:57,2004.34,30.77,0.00,3276.70,0.00,31.3981,31.2918,31.2250,31.1050,39735409,1478785,2063976,39710200.0000,1478538.2500,2056842.7500,-32768,13769,-109
01:30:59,2004.34,30.79,0.00,3276.70,0.00,31.4281,31.3036,31.2409,31.1132,39740149,1478755,2063976,39712828.0000,1478559.1250,2057968.3750,-32768,13769,-109
01:31:01,2009.78,30.81,0.00,3276.70,0.00,31.4381,31.3117,31.2516,31.1132,39743980,1478700,2065461,39714752.0000,1478570.5000,2058414.6250,-32768,13769,-109
01:31:03,2009.78,30.83,0.00,3276.70,0.00,31.4381,31.3241,31.2685,31.1343,39738477,1478758,2067732,39716256.0000,1478582.3750,2058950.6250,-32768,13769,-109
01:31:05,2009.78,30.84,0.00,3276.70,0.00,31.4381,31.3368,31.2836,31.1474,39747534,1478925,2067592,39718788.0000,1478601.0000,2059746.7500,-32768,13769,-109
01:31:07,2009.78,30.86,0.00,3276.70,0.00,31.4800,31.3454,31.2951,31.1562,39748387,1479043,2064342,39720736.0000,1478601.0000,2060051.6250,-32768,13769,-109
01:31:09,2009.78,30.88,0.00,3276.70,0.00,31.4907,31.3541,31.3056,31.1652,39746812,1478764,2069128,39722272.0000,1478601.0000,2060837.7500,-32768,13769,-109
01:31:12,2009.78,30.89,0.00,3276.70,0.00,31.4907,31.3673,31.3188,31.1787,39746812,1478180,2069967,39725112.0000,1478601.0000,2061519.0000,-32768,13769,-109
01:31:14,2009.78,30.93,0.00,3276.70,0.00,31.5175,31.3805,31.3335,31.1787,39746567,1478500,2069967,39726976.0000,1478635.1250,2061837.8750,-32768,13769,-109
01:31:15,2009.78,30.94,0.00,3276.70,0.00,31.5257,31.3893,31.3421,31.2014,39746196,1478662,2059412,39727576.0000,1478635.8750,2061762.0000,-32768,13769,-109
01:31:16,2009.78,30.95,0.00,3276.70,0.00,31.5299,31.3937,31.3470,31.2059,39742445,1478112,2071077,39728040.0000,1478619.6250,2062053.1250,-32768,13769,-109
01:31:19,2004.34,30.96,0.00,3276.70,0.00,31.5299,31.4070,31.3470,31.2242,39743372,1478479,2057259,39729432.0000,1478545.2500,2062053.1250,-32768,13769,-109
01:31:21,2004.34,30.96,0.00,3276.70,0.00,31.5587,31.4203,31.3766,31.2334,39744899,1478013,2073254,39730392.0000,1478519.8750,2063001.1250,-32768,13769,-109
01:31:22,2009.78,31.00,0.00,3276.70,0.00,31.5689,31.4293,31.3873,31.2426,39744775,1478137,2063971,39731200.0000,1478487.5000,2063356.6250,-32768,13769,-109
01:31:25,2009.78,31.01,0.00,3276.70,0.00,31.5734,31.4293,31.3977,31.2426,39746059,1478137,2063971,39731200.0000,1478487.5000,2064427.3750,-32768,13769,-109
01:31:27,2009.78,31.04,0.00,3276.70,0.00,31.5962,31.4293,31.4216,31.2711,39744724,1477595,2066820,39733784.0000,1478370.1250,2064618.5000,-32768,13769,-109
01:31:29,2009.78,31.05,0.00,3276.70,0.00,31.6084,31.4615,31.4276,31.2711,39751456,1477970,2066820,39735368.0000,1478328.5000,2065829.8750,-32768,13769,-109
01:31:31,2009.78,31.08,0.00,3276.70,0.00,31.6315,31.4807,31.4513,31.2958,39756833,1477981,2074627,39736636.0000,1478306.5000,2066404.6250,-32768,13769,-109
01:31:33,2009.78,31.09,0.00,3276.70,0.00,31.6433,31.4905,31.4630,31.3059,39759649,1478116,2074627,39738672.0000,1478286.5000,2067612.6250,-32768,13769,-109
01:31:35,2009.78,31.11,0.00,3276.70,0.00,31.6560,31.5005,31.4755,31.3161,39760245,1477735,2074627,39738672.0000,1478286.5000,2068744.1250,-32768,13769,-109
01:31:37,2009.78,31.12,0.00,3276.70,0.00,31.6745,31.5005,31.5000,31.3370,39766856,1477988,2082852,39738672.0000,1478286.5000,2070064.7500,-32768,13769,-109
01:31:39,2009.78,31.14,0.00,3276.70,0.00,31.6927,31.5005,31.5000,31.3529,39763257,1477675,2082515,39744108.0000,1478163.0000,2070944.6250,-32768,13769,-109
01:31:41,2009.78,31.16,0.00,3276.70,0.00,31.7045,31.5417,31.5254,31.3583,39763115,1477686,2082515,39745276.0000,1478163.0000,2072355.1250,-32768,13769,-109
01:31:44,2009.78,31.18,0.00,3276.70,0.00,31.7045,31.5627,31.5254,31.3798,39770634,1477543,2085499,39747984.0000,1478070.8750,2073704.0000,-32768,13769,-109
01:31:46,2004.34,31.20,0.00,3276.70,0.00,31.7045,31.5785,31.5254,31.3960,39756525,1476638,2095862,39748604.0000,1477996.2500,2074769.2500,-32768,13769,-109
01:31:48,2004.34,31.22,0.00,3276.70,0.00,31.7518,31.5889,31.5744,31.4068,39763643,1477239,2087596,39749312.0000,1477930.7500,2075914.5000,-32768,13769,-109
01:31:50,2004.34,31.24,0.00,3276.70,0.00,31.7637,31.5995,31.5744,31.4230,39769246,1477230,2100040,39751044.0000,1477877.8750,2077324.2500,-32768,13769,-109
01:31:52,2009.78,31.24,0.00,3276.70,0.00,31.7819,31.6155,31.6047,31.4340,39763743,1477078,2090081,39751972.0000,1477827.8750,2078566.6250,-32768,13769,-109
01:31:53,2004.34,31.24,0.00,3276.70,0.00,31.7936,31.6262,31.6162,31.4450,39762631,1476868,2089375,39752688.0000,1477772.7500,2079240.0000,-32768,13769,-109
01:31:55,2004.34,31.28,0.00,3276.70,0.00,31.8046,31.6370,31.6262,31.4560,39765631,1476883,2105160,39752688.0000,1477714.8750,2080708.0000,-32768,13769,-109
01:31:57,2009.78,31.29,0.00,3276.70,0.00,31.8145,31.6478,31.6366,31.4669,39774540,1477395,2091117,39754592.0000,1477688.6250,2081363.8750,-32768,13769,-109
01:31:58,2009.78,31.30,0.00,3276.70,0.00,31.8259,31.6585,31.6481,31.4778,39766063,1476753,2100317,39755524.0000,1477646.3750,2082292.3750,-32768,13769,-109
01:32:00,2009.78,31.31,0.00,3276.70,0.00,31.8313,31.6639,31.6481,31.4778,39772132,1476753,2093724,39756408.0000,1477611.2500,2082292.3750,-32768,13769,-109
01:32:01,2009.78,31.32,0.00,3276.70,0.00,31.8476,31.6801,31.6698,31.4997,39774288,1476999,2093899,39757556.0000,1477578.7500,2083926.2500,-32768,13769,-109
01:32:02,2004.34,31.33,0.00,3276.70,0.00,31.8522,31.6854,31.6750,31.5052,39766643,1476455,2100252,39757840.0000,1477543.6250,2084436.3750,-32768,13769,-109
01:32:06,2009.78,31.34,0.00,3276.70,0.00,31.8522,31.7014,31.6750,31.5269,39766643,1476454,2100252,39758464.0000,1477367.7500,2086364.2500,-32768,13769,-109
01:32:08,2009.78,31.37,0.00,3276.70,0.00,31.8827,31.7173,31.6750,31.5378,39766643,1476547,2095850,39759120.0000,1477314.1250,2087230.7500,-32768,13769,-109
01:32:10,2004.34,31.39,0.00,3276.70,0.00,31.8965,31.7332,31.7190,31.5538,39769793,1476589,2095850,39759120.0000,1477314.1250,2089164.7500,-32768,13769,-109
01:32:13,2004.34,31.40,0.00,3276.70,0.00,31.9117,31.7489,31.7344,31.5697,39776880,1476589,2095850,39761464.0000,1477202.2500,2089164.7500,-32768,13769,-109
01:32:14,2009.78,31.42,0.00,3276.70,0.00,31.9224,31.7593,31.7455,31.5803,39768361,1475923,2110764,39761636.0000,1477138.1250,2090657.7500,-32768,13769,-109
01:32:16,2009.78,31.44,0.00,3276.70,0.00,31.9374,31.7750,31.7605,31.5962,39759611,1476050,2110764,39761380.0000,1477062.3750,2091820.0000,-32768,13769,-109
01:32:18,2004.34,31.45,0.00,3276.70,0.00,31.9455,31.7854,31.7697,31.6067,39755193,1475520,2098375,39761204.0000,1476976.0000,2092024.8750,-32768,13769,-109
01:32:18,2004.34,31.47,0.00,3276.70,0.00,31.9553,31.7956,31.7799,31.6171,39764291,1475518,2116202,39761152.0000,1476883.3750,2093351.7500,-32768,13769,-109
01:32:20,2004.34,31.48,0.00,3276.70,0.00,31.9606,31.8008,31.7852,31.6224,39764171,1475875,2100630,39761244.0000,1476851.8750,2093579.1250,-32768,13769,-109
01:32:22,2004.34,31.49,0.00,3276.70,0.00,31.9711,31.8111,31.7950,31.6328,39765421,1475964,2101060,39761244.0000,1476796.6250,2094011.3750,-32768,13769,-109
01:32:24,2004.34,31.49,0.00,3276.70,0.00,31.9869,31.8265,31.8098,31.6484,39765177,1475964,2102237,39761664.0000,1476691.3750,2095414.6250,-32768,13769,-109
01:32:25,2004.34,31.52,0.00,3276.70,0.00,31.9913,31.8316,31.8139,31.6536,39761983,1475743,2102237,39761528.0000,1476626.2500,2095815.5000,-32768,13769,-109
01:32:26,2009.78,31.53,0.00,3276.70,0.00,32.0073,31.8470,31.8311,31.6691,39765823,1475508,2110109,39761680.0000,1476553.8750,2096614.1250,-32768,13769,-109
01:32:29,2004.34,31.54,0.00,3276.70,0.00,32.0073,31.8522,31.8311,31.6795,39768494,1475508,2110109,39762244.0000,1476492.1250,2097294.2500,-32768,13769,-109
01:32:31,2004.34,31.55,0.00,3276.70,0.00,32.0073,31.8729,31.8311,31.6952,39767207,1475624,2100592,39762680.0000,1476417.8750,2097758.5000,-32768,13769,-109
01:32:34,2004.34,31.57,0.00,3276.70,0.00,32.0454,31.8729,31.8739,31.6952,39763218,1475303,2106047,39762880.0000,1476417.8750,2098182.7500,-32768,13769,-109
01:32:36,2009.78,31.60,0.00,3276.70,0.00,32.0659,31.9040,31.8898,31.7266,39762541,1475107,2107676,39762592.0000,1476259.0000,2098312.2500,-32768,13769,-109
01:32:37,2004.34,31.61,0.00,3276.70,0.00,32.0714,31.9092,31.8951,31.7266,39760340,1475230,2107775,39762340.0000,1476189.0000,2098901.2500,-32768,13769,-109
01:32:39,2004.34,31.62,0.00,3276.70,0.00,32.0857,31.9248,31.9096,31.7475,39759502,1475329,2093815,39762200.0000,1476138.1250,2098688.2500,-32768,13769,-109
01:32:40,2004.34,31.63,0.00,3276.70,0.00,32.0909,31.9299,31.9137,31.7527,39758168,1474946,2093815,39761892.0000,1476061.5000,2099337.2500,-32768,13769,-109
01:32:43,2004.34,31.65,0.00,3276.70,0.00,32.0909,31.9453,31.9137,31.7527,39761910,1475331,2093815,39761760.0000,1475953.7500,2100172.0000,-32768,13769,-109
01:32:47,2004.34,31.67,0.00,3276.70,0.00,32.0909,31.9660,31.9137,31.7889,39761910,1474884,2093815,39761760.0000,1475953.7500,2101489.5000,-32768,13769,-109
01:32:50,2009.78,31.70,0.00,3276.70,0.00,32.0909,31.9920,31.9137,31.8201,39758345,1474884,2093815,39761288.0000,1475953.7500,2103575.0000,-32768,13769,-109
01:32:52,2009.78,31.72,0.00,3276.70,0.00,32.1677,32.0075,31.9909,31.8305,39750903,1474139,2113637,39760660.0000,1475555.0000,2104208.2500,-32768,13769,-109
01:32:55,2004.34,31.74,0.00,3276.70,0.00,32.1763,32.0075,32.0041,31.8305,39752085,1474063,2125161,39760284.0000,1475471.8750,2105165.5000,-32768,13769,-109
01:32:56,2009.78,31.75,0.00,3276.70,0.00,32.1888,32.0328,32.0134,31.8560,39764734,1474651,2114356,39760328.0000,1475410.2500,2106148.0000,-32768,13769,-109
01:32:59,2004.34,31.76,0.00,3276.70,0.00,32.1888,32.0479,32.0134,31.8712,39764734,1473850,2132012,39760160.0000,1475410.2500,2108442.7500,-32768,13769,-109
01:33:03,2009.78,31.78,0.00,3276.70,0.00,32.1888,32.0682,32.0134,31.8968,39764734,1473705,2132012,39759840.0000,1475062.7500,2110371.0000,-32768,13769,-109
01:33:04,2004.34,31.78,0.00,3276.70,0.00,32.2424,32.0836,32.0667,31.9070,39764022,1474165,2119445,39759968.0000,1475034.7500,2110654.5000,-32768,13769,-109
01:33:05,2004.34,31.80,0.00,3276.70,0.00,32.2468,32.0937,32.0765,31.9173,39765530,1474302,2120812,39760304.0000,1474985.7500,2111224.7500,-32768,13769,-109
01:33:07,2004.34,31.81,0.00,3276.70,0.00,32.2575,32.0988,32.0818,31.9224,39765534,1474302,2120812,39760468.0000,1474941.5000,2112529.5000,-32768,13769,-109
01:33:09,2004.34,31.82,0.00,3276.70,0.00,32.2673,32.0988,32.0970,31.9224,39761487,1473967,2120935,39761112.0000,1474895.6250,2113025.2500,-32768,13769,-109
01:33:10,2009.78,31.83,0.00,3276.70,0.00,32.2814,32.1242,32.1126,31.9531,39764563,1473467,2135966,39761088.0000,1474777.2500,2114576.0000,-32768,13769,-109
01:33:11,2009.78,31.84,0.00,3276.70,0.00,32.2927,32.1343,32.1186,31.9583,39767050,1474003,2122490,39761272.0000,1474753.0000,2114823.5000,-32768,13769,-109
01:33:13,2009.78,31.85,0.00,3276.70,0.00,32.2984,32.1395,32.1239,31.9634,39765150,1474011,2123124,39761392.0000,1474729.8750,2115082.7500,-32768,13769,-109
01:33:15,2009.78,31.85,0.00,3276.70,0.00,32.3080,32.1395,32.1327,31.9634,39767376,1473807,2139494,39761824.0000,1474646.2500,2116652.7500,-32768,13769,-109
01:33:16,2009.78,31.87,0.00,3276.70,0.00,32.3179,32.1598,32.1429,31.9839,39770136,1474012,2125293,39762080.0000,1474626.3750,2116652.7500,-32768,13769,-109
01:33:17,2009.78,31.87,0.00,3276.70,0.00,32.3282,32.1700,32.1540,31.9942,39766513,1473896,2125293,39762312.0000,1474576.3750,2117381.5000,-32768,13769,-109
01:33:20,2009.78,31.87,0.00,3276.70,0.00,32.3383,32.1700,32.1688,31.9942,39770046,1473879,2125787,39763212.0000,1474509.1250,2119003.7500,-32768,13769,-109
01:33:22,2004.34,31.90,0.00,3276.70,0.00,32.3521,32.1953,32.1788,32.0198,39769241,1473824,2126001,39763576.0000,1474470.2500,2119440.5000,-32768,13769,-109
01:33:24,2009.78,31.90,0.00,3276.70,0.00,32.3521,32.2103,32.1932,32.0351,39759714,1473291,2126001,39763652.0000,1474373.1250,2121026.7500,-32768,13769,-109
01:33:26,2004.34,31.90,0.00,3276.70,0.00,32.3745,32.2103,32.2080,32.0503,39763014,1473396,2137181,39763432.0000,1474276.8750,2121734.2500,-32768,13769,-109
01:33:28,2004.34,31.90,0.00,3276.70,0.00,32.3855,32.2103,32.2193,32.0605,39769876,1473693,2129085,39763880.0000,1474232.6250,2122513.5000,-32768,13769,-109
01:33:30,2009.78,31.94,0.00,3276.70,0.00,32.3972,32.2402,32.2193,32.0605,39772543,1473693,2130130,39763880.0000,1474180.1250,2123321.7500,-32768,13769,-109
01:33:31,2009.78,31.96,0.00,3276.70,0.00,32.4148,32.2555,32.2429,32.0864,39771640,1473532,2131150,39765192.0000,1474135.3750,2123933.5000,-32768,13769,-109
01:33:33,2004.34,31.96,0.00,3276.70,0.00,32.4272,32.2659,32.2554,32.0916,39775884,1473804,2131645,39765528.0000,1474125.0000,2124174.5000,-32768,13769,-109
01:33:34,2004.34,31.97,0.00,3276.70,0.00,32.4272,32.2762,32.2554,32.1076,39770441,1473183,2127149,39766328.0000,1474066.2500,2124606.2500,-32768,13769,-109
01:33:36,2004.34,31.97,0.00,3276.70,0.00,32.4524,32.2917,32.2859,32.1184,39763160,1472945,2132072,39766264.0000,1474001.0000,2125045.7500,-32768,13769,-109
01:33:38,2009.78,31.99,0.00,3276.70,0.00,32.4587,32.2969,32.2959,32.1291,39771247,1473359,2121277,39766472.0000,1473955.2500,2125045.7500,-32768,13769,-109
01:33:39,2004.34,32.00,0.00,3276.70,0.00,32.4702,32.3073,32.3010,32.1345,39767665,1473268,2117869,39766508.0000,1473933.7500,2124955.7500,-32768,13769,-109
01:33:41,2009.78,32.01,0.00,3276.70,0.00,32.4818,32.3179,32.3116,32.1452,39772454,1473290,2117869,39767040.0000,1473870.0000,2125833.0000,-32768,13769,-109
01:33:43,2004.34,32.01,0.00,3276.70,0.00,32.4917,32.3284,32.3210,32.1558,39776650,1473290,2126207,39767448.0000,1473837.1250,2125892.0000,-32768,13769,-109
01:33:46,2009.78,32.03,0.00,3276.70,0.00,32.4917,32.3441,32.3210,32.1769,39776650,1473217,2136761,39768284.0000,1473784.1250,2127571.0000,-32768,13769,-109
01:33:47,2009.78,32.04,0.00,3276.70,0.00,32.5203,32.3596,32.3493,32.1873,39774800,1472897,2147563,39768756.0000,1473731.7500,2128195.7500,-32768,13769,-109
01:33:49,2004.34,32.05,0.00,3276.70,0.00,32.5289,32.3698,32.3493,32.1977,39769085,1472615,2138766,39768800.0000,1473668.5000,2128195.7500,-32768,13769,-109
01:33:52,2009.78,32.07,0.00,3276.70,0.00,32.5289,32.3850,32.3707,32.2129,39766166,1472579,2150427,39768800.0000,1473533.8750,2128195.7500,-32768,13769,-109
01:33:54,2004.34,32.08,0.00,3276.70,0.00,32.5498,32.3949,32.3707,32.2129,39776185,1473023,2138864,39768764.0000,1473499.1250,2131073.2500,-32768,13769,-109
01:33:56,2009.78,32.10,0.00,3276.70,0.00,32.5641,32.4098,32.3949,32.2381,39771100,1472585,2153243,39768988.0000,1473499.1250,2131073.2500,-32768,13769,-109
01:33:57,2004.34,32.11,0.00,3276.70,0.00,32.5736,32.4098,32.4070,32.2530,39771253,1472620,2141317,39768988.0000,1473499.1250,2133126.2500,-32768,13769,-109
01:33:59,2009.78,32.12,0.00,3276.70,0.00,32.5876,32.4345,32.4157,32.2629,39772122,1472451,2154551,39769636.0000,1473328.2500,2133126.2500,-32768,13769,-109
01:34:02,2004.34,32.13,0.00,3276.70,0.00,32.5876,32.4443,32.4255,32.2727,39772122,1472478,2143176,39769788.0000,1473252.3750,2135066.0000,-32768,13769,-109
01:34:04,2009.78,32.14,0.00,3276.70,0.00,32.6052,32.4443,32.4380,32.2727,39773967,1472518,2142243,39770220.0000,1473252.3750,2135066.0000,-32768,13769,-109
01:34:07,2004.34,32.15,0.00,3276.70,0.00,32.6052,32.4731,32.4380,32.3062,39767314,1471842,2154356,39770100.0000,1473252.3750,2138072.7500,-32768,13769,-109
01:34:09,2004.34,32.17,0.00,3276.70,0.00,32.6275,32.4868,32.4575,32.3154,39771714,1472144,2154356,39770176.0000,1472988.3750,2138480.2500,-32768,13769,-109
01:34:10,2004.34,32.18,0.00,3276.70,0.00,32.6352,32.4958,32.4641,32.3154,39771714,1472296,2153852,39770248.0000,1472941.3750,2139136.7500,-32768,13769,-109
01:34:11,2004.34,32.19,0.00,3276.70,0.00,32.6428,32.5047,32.4718,32.3333,39776211,1472304,2157056,39770432.0000,1472921.5000,2139696.7500,-32768,13769,-109
01:34:12,2004.34,32.19,0.00,3276.70,0.00,32.6471,32.5091,32.4766,32.3378,39776441,1472355,2144807,39770620.0000,1472903.7500,2139856.2500,-32768,13769,-109
01:34:13,2004.34,32.19,0.00,3276.70,0.00,32.6516,32.5136,32.4817,32.3423,39771000,1472125,2145930,39770632.0000,1472879.3750,2140046.2500,-32768,13769,-109
01:34:14,2004.34,32.20,0.00,3276.70,0.00,32.6568,32.5225,32.4911,32.3512,39771822,1471941,2154728,39770632.0000,1472827.7500,2140702.5000,-32768,13769,-109
01:34:17,2009.78,32.21,0.00,3276.70,0.00,32.6674,32.5270,32.4911,32.3604,39771822,1471615,2146086,39770320.0000,1472827.7500,2141512.7500,-32768,13769,-109
01:34:19,2009.78,32.22,0.00,3276.70,0.00,32.6864,32.5452,32.5159,32.3741,39772207,1471857,2155756,39770380.0000,1472827.7500,2142625.2500,-32768,13769,-109
01:34:20,2004.34,32.23,0.00,3276.70,0.00,32.6961,32.5543,32.5257,32.3832,39773960,1471958,2148076,39770528.0000,1472621.6250,2142795.5000,-32768,13769,-109
01:34:21,2004.34,32.24,0.00,3276.70,0.00,32.7012,32.5588,32.5303,32.3878,39775045,1471989,2148714,39770672.0000,1472601.8750,2142980.5000,-32768,13769,-109
01:34:23,2004.34,32.24,0.00,3276.70,0.00,32.7104,32.5723,32.5382,32.4012,39775045,1471989,2157417,39771160.0000,1472545.8750,2144045.7500,-32768,13769,-109
01:34:24,2004.34,32.25,0.00,3276.70,0.00,32.7136,32.5767,32.5422,32.4055,39774957,1472029,2148484,39771280.0000,1472529.7500,2144045.7500,-32768,13769,-109
01:34:26,2004.34,32.26,0.00,3276.70,0.00,32.7220,32.5855,32.5512,32.4143,39780480,1472106,2151459,39771688.0000,1472529.7500,2145193.2500,-32768,13769,-109
01:34:28,2004.34,32.27,0.00,3276.70,0.00,32.7307,32.5943,32.5595,32.4231,39781589,1472106,2151459,39772568.0000,1472463.0000,2145945.2500,-32768,13769,-109
01:34:31,2004.34,32.28,0.00,3276.70,0.00,32.7391,32.6073,32.5595,32.4362,39777323,1472106,2153289,39772568.0000,1472391.1250,2146783.5000,-32768,13769,-109
01:34:34,2009.78,32.30,0.00,3276.70,0.00,32.7550,32.6073,32.5889,32.4362,39773878,1471599,2153289,39773164.0000,1472391.1250,2147502.2500,-32768,13769,-109
01:34:36,2004.34,32.31,0.00,3276.70,0.00,32.7550,32.6418,32.6054,32.4362,39776097,1471627,2154430,39773216.0000,1472245.8750,2147918.7500,-32768,13769,-109
01:34:37,2004.34,32.32,0.00,3276.70,0.00,32.7796,32.6461,32.6089,32.4362,39778792,1471744,2154898,39773616.0000,1472216.0000,2148375.5000,-32768,13769,-109
01:34:40,2004.34,32.33,0.00,3276.70,0.00,32.7796,32.6590,32.6089,32.4925,39783193,1471731,2154920,39774308.0000,1472177.3750,2149046.7500,-32768,13769,-109
01:34:42,2009.78,32.33,0.00,3276.70,0.00,32.8062,32.6719,32.6370,32.5012,39779997,1471475,2157147,39774704.0000,1472137.8750,2149493.7500,-32768,13769,-109
01:34:43,2004.34,32.35,0.00,3276.70,0.00,32.8101,32.6762,32.6417,32.5012,39773447,1471286,2161891,39774744.0000,1472090.0000,2150230.2500,-32768,13769,-109
01:34:47,2004.34,32.36,0.00,3276.70,0.00,32.8101,32.6935,32.6417,32.5232,39769898,1470951,2156690,39774264.0000,1472090.0000,2151440.0000,-32768,13769,-109
01:34:48,2004.34,32.36,0.00,3276.70,0.00,32.8436,32.7067,32.6745,32.5366,39786971,1470951,2156690,39775368.0000,1471910.3750,2152501.5000,-32768,13769,-109
01:34:51,2004.34,32.38,0.00,3276.70,0.00,32.8436,32.7200,32.6745,32.5543,39786971,1472069,2168518,39777080.0000,1471917.8750,2153840.0000,-32768,13769,-109
01:34:53,2004.34,32.40,0.00,3276.70,0.00,32.8709,32.7333,32.7018,32.5632,39788564,1471595,2160756,39777868.0000,1471907.8750,2154056.0000,-32768,13769,-109
01:34:54,2004.34,32.42,0.00,3276.70,0.00,32.8793,32.7421,32.7112,32.5721,39788359,1471418,2168844,39778528.0000,1471880.3750,2154715.0000,-32768,13769,-109
01:34:57,2004.34,32.42,0.00,3276.70,0.00,32.8887,32.7509,32.7112,32.5856,39788359,1471801,2163175,39779804.0000,1471863.6250,2155759.2500,-32768,13769,-109
01:35:01,2004.34,32.44,0.00,3276.70,0.00,32.8887,32.7687,32.7112,32.6037,39788359,1471967,2163175,39782776.0000,1471877.7500,2157585.5000,-32768,13769,-109
01:35:03,2004.34,32.46,0.00,3276.70,0.00,32.9240,32.7865,32.7566,32.6172,39794897,1471459,2163175,39782776.0000,1471877.7500,2158980.5000,-32768,13769,-109
01:35:06,2004.34,32.47,0.00,3276.70,0.00,32.9315,32.7953,32.7566,32.6305,39794897,1471434,2166506,39784236.0000,1471776.8750,2159560.0000,-32768,13769,-109
01:35:08,2009.78,32.49,0.00,3276.70,0.00,32.9492,32.8128,32.7830,32.6439,39787755,1470835,2166506,39784612.0000,1471704.6250,2160779.2500,-32768,13769,-109
01:35:09,2004.34,32.49,0.00,3276.70,0.00,32.9590,32.8216,32.7917,32.6439,39791966,1471282,2167061,39784844.0000,1471678.2500,2161166.5000,-32768,13769,-109
01:35:13,2009.78,32.51,0.00,3276.70,0.00,32.9590,32.8347,32.7917,32.6706,39789368,1470982,2168466,39784844.0000,1471678.2500,2161166.5000,-32768,13769,-109
01:35:14,2009.78,32.52,0.00,3276.70,0.00,32.9850,32.8479,32.8187,32.6795,39787161,1470793,2167549,39785720.0000,1471678.2500,2161166.5000,-32768,13769,-109
01:35:16,2004.34,32.52,0.00,3276.70,0.00,32.9998,32.8612,32.8337,32.6930,39787600,1470809,2168872,39785652.0000,1471473.5000,2164215.2500,-32768,13769,-109
01:35:18,2004.34,32.52,0.00,3276.70,0.00,33.0098,32.8702,32.8435,32.7021,39790919,1470866,2169106,39785980.0000,1471473.5000,2164215.2500,-32768,13769,-109
01:35:20,2004.34,32.55,0.00,3276.70,0.00,33.0098,32.8837,32.8435,32.7205,39792428,1470606,2171224,39786492.0000,1471345.6250,2166032.0000,-32768,13769,-109
01:35:22,2004.34,32.57,0.00,3276.70,0.00,33.0354,32.8928,32.8689,32.7251,39789953,1470658,2171224,39786584.0000,1471299.3750,2166032.0000,-32768,13769,-109
01:35:24,2009.78,32.58,0.00,3276.70,0.00,33.0446,32.9020,32.8773,32.7343,39793141,1470456,2171224,39786584.0000,1471254.6250,2167655.0000,-32768,13769,-109
01:35:26,2004.34,32.59,0.00,3276.70,0.00,33.0528,32.9020,32.8909,32.7343,39789281,1470881,2173252,39787704.0000,1471254.6250,2168177.5000,-32768,13769,-109
01:35:30,2009.78,32.61,0.00,3276.70,0.00,33.0528,32.9293,32.8909,32.7663,39789281,1470780,2173252,39788748.0000,1471161.5000,2169109.2500,-32768,13769,-109
01:35:31,2009.78,32.63,0.00,3276.70,0.00,33.0843,32.9429,32.9179,32.7755,39794124,1470537,2186862,39789192.0000,1471120.2500,2170294.0000,-32768,13769,-109
01:35:33,2009.78,32.63,0.00,3276.70,0.00,33.0938,32.9429,32.9274,32.7755,39797112,1470431,2177158,39789192.0000,1471120.2500,2170897.0000,-32768,13769,-109
01:35:35,2009.78,32.64,0.00,3276.70,0.00,33.1084,32.9657,32.9274,32.8030,39802992,1470515,2191173,39790664.0000,1471034.0000,2172026.7500,-32768,13769,-109
01:35:37,2009.78,32.65,0.00,3276.70,0.00,33.1084,32.9794,32.9554,32.8123,39801414,1470705,2177845,39791352.0000,1471017.1250,2172405.5000,-32768,13769,-109
01:35:40,2009.78,32.66,0.00,3276.70,0.00,33.1084,32.9929,32.9554,32.8258,39800313,1470615,2180247,39792592.0000,1470961.1250,2172405.5000,-32768,13769,-109
01:35:42,2004.34,32.68,0.00,3276.70,0.00,33.1394,33.0018,32.9709,32.8346,39804411,1470789,2180920,39792960.0000,1470961.1250,2174264.7500,-32768,13769,-109
01:35:43,2004.34,32.68,0.00,3276.70,0.00,33.1471,33.0106,32.9709,32.8477,39806877,1470490,2193208,39794104.0000,1470933.1250,2175303.7500,-32768,13769,-109
01:35:46,2004.34,32.68,0.00,3276.70,0.00,33.1581,33.0106,32.9905,32.8477,39811748,1470909,2181447,39795460.0000,1470925.1250,2175848.5000,-32768,13769,-109
01:35:49,2004.34,32.72,0.00,3276.70,0.00,33.1706,33.0106,33.0087,32.8736,39811748,1470909,2181977,39796672.0000,1470894.7500,2175848.5000,-32768,13769,-109
01:35:50,2004.34,32.74,0.00,3276.70,0.00,33.1838,33.0494,33.0171,32.8823,39806553,1470648,2182735,39796980.0000,1470887.0000,2176659.2500,-32768,13769,-109
01:35:51,2009.78,32.75,0.00,3276.70,0.00,33.1928,33.0580,33.0263,32.8910,39801382,1470154,2190494,39797208.0000,1470844.1250,2177475.2500,-32768,13769,-109
01:35:52,2004.34,32.75,0.00,3276.70,0.00,33.1968,33.0624,33.0305,32.8953,39806987,1470683,2183945,39797512.0000,1470839.1250,2177677.5000,-32768,13769,-109
01:35:54,2004.34,32.76,0.00,3276.70,0.00,33.2055,33.0711,33.0392,32.9040,39810046,1470610,2183945,39798304.0000,1470815.3750,2178313.5000,-32768,13769,-109
01:35:56,2009.78,32.77,0.00,3276.70,0.00,33.2145,33.0797,33.0483,32.9127,39807591,1470371,2186508,39798896.0000,1470801.5000,2178569.5000,-32768,13769,-109
01:35:59,2009.78,32.78,0.00,3276.70,0.00,33.2145,33.0927,33.0483,32.9301,39807591,1470371,2182350,39800600.0000,1470795.3750,2178569.5000,-32768,13769,-109
01:36:01,2004.34,32.80,0.00,3276.70,0.00,33.2385,33.0927,33.0729,32.9301,39816292,1470741,2186608,39801808.0000,1470782.7500,2179834.5000,-32768,13769,-109
01:36:02,2004.34,32.81,0.00,3276.70,0.00,33.2461,33.1140,33.0797,32.9473,39816012,1470657,2186407,39802252.0000,1470778.8750,2180039.7500,-32768,13769,-109
01:36:03,2009.78,32.81,0.00,3276.70,0.00,33.2496,33.1182,33.0823,32.9515,39812229,1470620,2176348,39802808.0000,1470771.3750,2179722.2500,-32768,13769,-109
01:36:06,2009.78,32.82,0.00,3276.70,0.00,33.2568,33.1182,33.0900,32.9515,39813837,1470361,2176348,39803724.0000,1470771.3750,2180473.0000,-32768,13769,-109
01:36:07,2004.34,32.83,0.00,3276.70,0.00,33.2752,33.1434,33.1100,32.9768,39820635,1470882,2186779,39804620.0000,1470734.6250,2181041.2500,-32768,13769,-109
01:36:09,2004.34,32.84,0.00,3276.70,0.00,33.2849,33.1519,33.1191,32.9854,39816304,1470443,2188723,39805404.0000,1470721.5000,2181533.0000,-32768,13769,-109
01:36:12,2009.78,32.86,0.00,3276.70,0.00,33.2849,33.1648,33.1191,33.0027,39816304,1470400,2191413,39807240.0000,1470695.6250,2182380.7500,-32768,13769,-109
01:36:14,2009.78,32.88,0.00,3276.70,0.00,33.3121,33.1777,33.1462,33.0113,39816315,1470176,2191413,39808196.0000,1470649.6250,2183471.2500,-32768,13769,-109
01:36:15,2004.34,32.89,0.00,3276.70,0.00,33.3217,33.1863,33.1567,33.0201,39815862,1470211,2197870,39808436.0000,1470636.0000,2183921.0000,-32768,13769,-109
01:36:17,2004.34,32.89,0.00,3276.70,0.00,33.3309,33.1950,33.1655,33.0289,39814913,1469987,2193313,39808824.0000,1470597.8750,2184479.5000,-32768,13769,-109
01:36:19,2004.34,32.90,0.00,3276.70,0.00,33.3353,33.1950,33.1655,33.0377,39814913,1470479,2202720,39810168.0000,1470578.0000,2185972.0000,-32768,13769,-109
01:36:22,2004.34,32.91,0.00,3276.70,0.00,33.3495,33.1950,33.1893,33.0377,39828254,1470526,2194169,39811472.0000,1470559.6250,2186733.5000,-32768,13769,-109
01:36:25,2004.34,32.93,0.00,3276.70,0.00,33.3495,33.2349,33.1893,33.0689,39822556,1470267,2196377,39811472.0000,1470559.6250,2188519.0000,-32768,13769,-109
01:36:26,2004.34,32.95,0.00,3276.70,0.00,33.3844,33.2439,33.2197,33.0689,39826196,1470304,2194495,39813720.0000,1470504.2500,2188920.0000,-32768,13769,-109
01:36:28,2004.34,32.96,0.00,3276.70,0.00,33.3943,33.2439,33.2350,33.0917,39830287,1470268,2198157,39813720.0000,1470492.8750,2189811.0000,-32768,13769,-109
01:36:30,2004.34,32.97,0.00,3276.70,0.00,33.4040,33.2621,33.2395,33.0963,39831590,1470424,2198157,39813720.0000,1470487.1250,2190095.2500,-32768,13769,-109
01:36:31,2009.78,32.98,0.00,3276.70,0.00,33.4177,33.2758,33.2511,33.1100,39825298,1469851,2212372,39816456.0000,1470452.8750,2191405.0000,-32768,13769,-109
01:36:34,2009.78,32.98,0.00,3276.70,0.00,33.4216,33.2803,33.2556,33.1145,39823376,1470014,2212372,39816456.0000,1470452.8750,2192136.7500,-32768,13769,-109
01:36:37,2004.34,32.99,0.00,3276.70,0.00,33.4337,33.2803,33.2690,33.1145,39835037,1470014,2200264,39816456.0000,1470386.6250,2193841.7500,-32768,13769,-109
01:36:40,2004.34,33.02,0.00,3276.70,0.00,33.4337,33.3197,33.2690,33.1534,39835037,1470320,2202280,39821252.0000,1470370.7500,2195422.0000,-32768,13769,-109
01:36:42,2004.34,33.03,0.00,3276.70,0.00,33.4639,33.3324,33.2967,33.1659,39838002,1470382,2202930,39822284.0000,1470371.1250,2195422.0000,-32768,13769,-109
01:36:45,2009.78,33.05,0.00,3276.70,0.00,33.4639,33.3452,33.2967,33.1829,39838002,1470502,2203967,39824588.0000,1470380.6250,2197362.0000,-32768,13769,-109
01:36:47,2004.34,33.07,0.00,3276.70,0.00,33.4917,33.3580,33.3251,33.1829,39849484,1470507,2208435,39826680.0000,1470380.6250,2198098.7500,-32768,13769,-109
01:36:50,2009.78,33.08,0.00,3276.70,0.00,33.4917,33.3710,33.3251,33.2088,39842106,1470347,2204914,39828136.0000,1470392.5000,2198734.0000,-32768,13769,-109
01:36:51,2004.34,33.08,0.00,3276.70,0.00,33.5194,33.3840,33.3530,33.2174,39842433,1470012,2204914,39828932.0000,1470375.6250,2199666.0000,-32768,13769,-109
01:36:55,2009.78,33.10,0.00,3276.70,0.00,33.5291,33.3840,33.3634,33.2174,39846024,1470256,2204914,39828932.0000,1470373.6250,2200874.2500,-32768,13769,-109
01:36:56,2009.78,33.10,0.00,3276.70,0.00,33.5422,33.4059,33.3754,33.2394,39842012,1470113,2204914,39831776.0000,1470361.0000,2201712.0000,-32768,13769,-109
01:36:58,2009.78,33.12,0.00,3276.70,0.00,33.5557,33.4190,33.3896,33.2525,39844220,1470119,2204914,39832584.0000,1470361.0000,2202604.0000,-32768,13769,-109
01:37:01,2009.78,33.14,0.00,3276.70,0.00,33.5695,33.4190,33.4019,33.2525,39851328,1470226,2210164,39834372.0000,1470331.1250,2203571.5000,-32768,13769,-109
01:37:03,2004.34,33.15,0.00,3276.70,0.00,33.5791,33.4411,33.4019,33.2790,39851328,1470226,2219579,39835852.0000,1470327.1250,2204519.7500,-32768,13769,-109
01:37:04,2004.34,33.16,0.00,3276.70,0.00,33.5941,33.4545,33.4285,33.2880,39853488,1470394,2212125,39836404.0000,1470327.1250,2204992.2500,-32768,13769,-109
01:37:06,2004.34,33.17,0.00,3276.70,0.00,33.5992,33.4589,33.4343,33.2880,39854072,1470020,2212277,39837504.0000,1470317.8750,2205220.0000,-32768,13769,-109
01:37:08,2009.78,33.18,0.00,3276.70,0.00,33.6161,33.4727,33.4518,33.3065,39845332,1469841,2214473,39838384.0000,1470281.2500,2205984.0000,-32768,13769,-109
01:37:09,2009.78,33.18,0.00,3276.70,0.00,33.6161,33.4727,33.4664,33.3206,39853133,1470092,2215491,39839216.0000,1470264.0000,2206568.5000,-32768,13769,-109
01:37:12,2004.34,33.18,0.00,3276.70,0.00,33.6357,33.4912,33.4706,33.3253,39853989,1470278,2210853,39839216.0000,1470264.0000,2206711.0000,-32768,13769,-109
01:37:14,2009.78,33.21,0.00,3276.70,0.00,33.6504,33.5052,33.4706,33.3394,39853989,1470278,2216546,39841628.0000,1470241.2500,2206711.0000,-32768,13769,-109
01:37:15,2009.78,33.23,0.00,3276.70,0.00,33.6594,33.5145,33.4983,33.3533,39855279,1469902,2204336,39842508.0000,1470228.3750,2207395.7500,-32768,13769,-109
01:37:18,2004.34,33.23,0.00,3276.70,0.00,33.6736,33.5284,33.4983,33.3533,39857509,1469899,2204336,39843696.0000,1470205.0000,2208254.0000,-32768,13769,-109
01:37:20,2009.78,33.25,0.00,3276.70,0.00,33.6736,33.5284,33.5218,33.3533,39860938,1469899,2217221,39843696.0000,1470191.1250,2209304.0000,-32768,13769,-109
01:37:22,2009.78,33.26,0.00,3276.70,0.00,33.7007,33.5564,33.5355,33.3905,39866020,1470399,2219726,39846456.0000,1470197.6250,2209629.7500,-32768,13769,-109
01:37:25,2004.34,33.27,0.00,3276.70,0.00,33.7007,33.5657,33.5355,33.4046,39866020,1469795,2220228,39848412.0000,1470172.2500,2210862.2500,-32768,13769,-109
01:37:27,2009.78,33.29,0.00,3276.70,0.00,33.7007,33.5888,33.5355,33.4231,39860529,1469885,2218934,39849404.0000,1470136.7500,2211833.0000,-32768,13769,-109
01:37:30,2004.34,33.30,0.00,3276.70,0.00,33.7007,33.5980,33.5355,33.4368,39866511,1469885,2227189,39851304.0000,1470111.6250,2213274.2500,-32768,13769,-109
01:37:32,2009.78,33.33,0.00,3276.70,0.00,33.7007,33.6116,33.5355,33.4504,39867164,1469983,2223423,39852152.0000,1470104.2500,2213831.7500,-32768,13769,-109
01:37:34,2009.78,33.33,0.00,3276.70,0.00,33.7680,33.6116,33.6037,33.4504,39874789,1470160,2227705,39853760.0000,1470105.3750,2214860.5000,-32768,13769,-109
01:37:38,2009.78,33.33,0.00,3276.70,0.00,33.7680,33.6390,33.6037,33.4782,39874789,1470160,2224674,39856104.0000,1470104.5000,2214860.5000,-32768,13769,-109
01:37:39,2009.78,33.33,0.00,3276.70,0.00,33.8023,33.6575,33.6388,33.4923,39877605,1470268,2224674,39856104.0000,1470110.8750,2216758.2500,-32768,13769,-109
01:37:40,2004.34,33.37,0.00,3276.70,0.00,33.8076,33.6622,33.6445,33.4970,39876627,1470068,2228537,39857984.0000,1470109.3750,2217450.0000,-32768,13769,-109
01:37:42,2009.78,33.38,0.00,3276.70,0.00,33.8191,33.6716,33.6559,33.5066,39873761,1469894,2226119,39857984.0000,1470102.6250,2217720.7500,-32768,13769,-109
01:37:43,2004.34,33.39,0.00,3276.70,0.00,33.8248,33.6764,33.6618,33.5114,39872519,1469730,2229864,39859560.0000,1470091.0000,2218100.2500,-32768,13769,-109
01:37:46,2009.78,33.40,0.00,3276.70,0.00,33.8248,33.6908,33.6771,33.5260,39877965,1469982,2229864,39861596.0000,1470068.6250,2219342.5000,-32768,13769,-109
01:37:47,2009.78,33.40,0.00,3276.70,0.00,33.8556,33.7053,33.6932,33.5406,39883403,1470273,2228045,39862796.0000,1470070.8750,2220024.7500,-32768,13769,-109
01:37:49,2004.34,33.43,0.00,3276.70,0.00,33.8612,33.7101,33.6991,33.5455,39881617,1470273,2231605,39863884.0000,1470066.3750,2220759.2500,-32768,13769,-109
01:37:51,2004.34,33.44,0.00,3276.70,0.00,33.8723,33.7199,33.7099,33.5554,39880474,1469924,2230946,39864404.0000,1470066.3750,2220759.2500,-32768,13769,-109
01:37:52,2004.34,33.44,0.00,3276.70,0.00,33.8885,33.7347,33.7260,33.5704,39886268,1469848,2232903,39866048.0000,1470039.6250,2222084.2500,-32768,13769,-109
01:37:54,2004.34,33.45,0.00,3276.70,0.00,33.8941,33.7396,33.7315,33.5704,39885953,1469969,2233413,39867168.0000,1470028.7500,2222754.7500,-32768,13769,-109
01:37:56,2009.78,33.46,0.00,3276.70,0.00,33.9059,33.7497,33.7434,33.5855,39885018,1469918,2238954,39867724.0000,1470028.7500,2222754.7500,-32768,13769,-109
01:37:57,2009.78,33.47,0.00,3276.70,0.00,33.9165,33.7598,33.7548,33.6009,39886739,1469865,2235686,39869500.0000,1470019.8750,2224268.0000,-32768,13769,-109
01:37:58,2009.78,33.48,0.00,3276.70,0.00,33.9254,33.7698,33.7641,33.6009,39890267,1469900,2228580,39870776.0000,1470016.2500,2224763.2500,-32768,13769,-109
01:38:01,2004.34,33.49,0.00,3276.70,0.00,33.9352,33.7698,33.7786,33.6009,39886739,1469900,2236811,39872368.0000,1469992.0000,2225597.2500,-32768,13769,-109
01:38:03,2004.34,33.50,0.00,3276.70,0.00,33.9352,33.8049,33.8011,33.6414,39886647,1469445,2228132,39873728.0000,1469961.7500,2226015.7500,-32768,13769,-109
01:38:04,2009.78,33.52,0.00,3276.70,0.00,33.9679,33.8100,33.8072,33.6466,39889466,1469564,2238380,39874216.0000,1469949.3750,2226810.7500,-32768,13769,-109
01:38:06,2004.34,33.52,0.00,3276.70,0.00,33.9733,33.8100,33.8161,33.6569,39892581,1469796,2239979,39875220.0000,1469933.1250,2227222.2500,-32768,13769,-109
01:38:07,2009.78,33.53,0.00,3276.70,0.00,33.9818,33.8251,33.8207,33.6620,39894758,1469971,2237608,39875832.0000,1469933.1250,2227963.5000,-32768,13769,-109
01:38:10,2009.78,33.54,0.00,3276.70,0.00,33.9907,33.8351,33.8290,33.6620,39894475,1469735,2237608,39877516.0000,1469933.1250,2227963.5000,-32768,13769,-109
01:38:12,2009.78,33.56,0.00,3276.70,0.00,33.9907,33.8601,33.8521,33.6972,39889677,1469595,2241526,39879136.0000,1469888.3750,2230545.0000,-32768,13769,-109
01:38:14,2009.78,33.57,0.00,3276.70,0.00,33.9907,33.8651,33.8567,33.7021,39889677,1469636,2241895,39879968.0000,1469872.3750,2231234.0000,-32768,13769,-109
01:38:17,2009.78,33.58,0.00,3276.70,0.00,34.0348,33.8651,33.8780,33.7021,39900555,1469713,2243994,39881800.0000,1469820.5000,2233254.2500,-32768,13769,-109
01:38:19,2009.78,33.60,0.00,3276.70,0.00,34.0562,33.9000,33.8937,33.7371,39901801,1469454,2257988,39883048.0000,1469805.8750,2234376.0000,-32768,13769,-109
01:38:20,2009.78,33.61,0.00,3276.70,0.00,34.0616,33.9050,33.8990,33.7422,39900436,1469408,2245981,39884116.0000,1469781.3750,2235430.2500,-32768,13769,-109
01:38:22,2015.21,33.62,0.00,3276.70,0.00,34.0727,33.9152,33.8990,33.7523,39900436,1469301,2245981,39885368.0000,1469737.1250,2236720.7500,-32768,13769,-109
01:38:24,2009.78,33.62,0.00,3276.70,0.00,34.0727,33.9355,33.9330,33.7728,39900073,1469305,2248328,39886280.0000,1469737.1250,2236720.7500,-32768,13769,-109
01:38:26,2009.78,33.64,0.00,3276.70,0.00,34.1061,33.9459,33.9446,33.7831,39904291,1469634,2247973,39887324.0000,1469701.6250,2238215.2500,-32768,13769,-109
01:38:28,2015.21,33.65,0.00,3276.70,0.00,34.1173,33.9562,33.9556,33.7935,39908418,1469938,2247973,39889164.0000,1469706.8750,2239283.2500,-32768,13769,-109
01:38:29,2009.78,33.65,0.00,3276.70,0.00,34.1226,33.9614,33.9616,33.7935,39908881,1469441,2250096,39889780.0000,1469698.6250,2239621.2500,-32768,13769,-109
01:38:32,2015.21,33.66,0.00,3276.70,0.00,34.1226,33.9770,33.9616,33.8198,39907811,1469441,2251325,39892008.0000,1469664.1250,2240661.5000,-32768,13769,-109
01:38:33,2015.21,33.68,0.00,3276.70,0.00,34.1550,33.9927,33.9616,33.8303,39908110,1469215,2250877,39892512.0000,1469650.0000,2240980.7500,-32768,13769,-109
01:38:35,2009.78,33.68,0.00,3276.70,0.00,34.1603,33.9979,33.9987,33.8355,39908110,1469549,2248785,39892512.0000,1469650.0000,2241719.5000,-32768,13769,-109
01:38:37,2015.21,33.70,0.00,3276.70,0.00,34.1753,34.0135,34.0139,33.8355,39917081,1469549,2253289,39895556.0000,1469650.0000,2241719.5000,-32768,13769,-109
01:38:39,2015.21,33.71,0.00,3276.70,0.00,34.1846,34.0290,34.0274,33.8355,39917081,1469162,2262580,39896452.0000,1469609.6250,2243436.0000,-32768,13769,-109
01:38:41,2015.21,33.72,0.00,3276.70,0.00,34.1998,34.0393,34.0386,33.8771,39909336,1469178,2255965,39897280.0000,1469582.0000,2244339.5000,-32768,13769,-109
01:38:42,2015.21,33.73,0.00,3276.70,0.00,34.2051,34.0496,34.0386,33.8771,39907223,1469102,2255173,39897944.0000,1469551.6250,2245014.7500,-32768,13769,-109
01:38:44,2015.21,33.74,0.00,3276.70,0.00,34.2200,34.0496,34.0584,33.8979,39914354,1469427,2258242,39899480.0000,1469524.5000,2246842.7500,-32768,13769,-109
01:38:45,2015.21,33.75,0.00,3276.70,0.00,34.2248,34.0702,34.0679,33.9082,39921430,1469647,2258486,39900164.0000,1469528.2500,2247206.5000,-32768,13769,-109
01:38:48,2009.78,33.76,0.00,3276.70,0.00,34.2248,34.0804,34.0679,33.9236,39921430,1469104,2258798,39902456.0000,1469512.1250,2248628.2500,-32768,13769,-109
01:38:49,2015.21,33.78,0.00,3276.70,0.00,34.2548,34.0958,34.0935,33.9339,39913660,1469115,2260359,39902808.0000,1469499.7500,2248995.0000,-32768,13769,-109
01:38:51,2015.21,33.78,0.00,3276.70,0.00,34.2602,34.1009,34.0988,33.9390,39916329,1469202,2259498,39903232.0000,1469499.7500,2249881.5000,-32768,13769,-109
01:38:52,2015.21,33.79,0.00,3276.70,0.00,34.2762,34.1163,34.1158,33.9545,39919808,1469265,2261127,39904448.0000,1469451.3750,2250925.2500,-32768,13769,-109
01:38:55,2015.21,33.80,0.00,3276.70,0.00,34.2762,34.1264,34.1158,33.9700,39919808,1469203,2273369,39906400.0000,1469418.0000,2252719.7500,-32768,13769,-109
01:38:57,2015.21,33.81,0.00,3276.70,0.00,34.2762,34.1462,34.1158,33.9852,39928085,1469525,2263792,39907696.0000,1469423.3750,2253714.5000,-32768,13769,-109
01:38:59,2015.21,33.83,0.00,3276.70,0.00,34.3122,34.1562,34.1537,33.9954,39925630,1469524,2263792,39909320.0000,1469427.1250,2254686.7500,-32768,13769,-109
01:39:01,2015.21,33.83,0.00,3276.70,0.00,34.3231,34.1663,34.1640,33.9954,39925134,1469124,2266121,39910320.0000,1469413.8750,2255368.2500,-32768,13769,-109
01:39:02,2015.21,33.85,0.00,3276.70,0.00,34.3376,34.1814,34.1786,34.0208,39926955,1469557,2266628,39911276.0000,1469415.2500,2256028.5000,-32768,13769,-109
01:39:03,2015.21,33.86,0.00,3276.70,0.00,34.3420,34.1864,34.1828,34.0259,39929691,1469233,2272331,39911852.0000,1469409.6250,2256537.7500,-32768,13769,-109
01:39:05,2015.21,33.86,0.00,3276.70,0.00,34.3460,34.1914,34.1865,34.0309,39929052,1469200,2266124,39912388.0000,1469409.6250,2256537.7500,-32768,13769,-109
01:39:07,2015.21,33.86,0.00,3276.70,0.00,34.3557,34.2013,34.1865,34.0408,39930641,1469307,2267394,39913532.0000,1469397.5000,2257492.7500,-32768,13769,-109
01:39:07,2015.21,33.88,0.00,3276.70,0.00,34.3647,34.2112,34.2042,34.0506,39932906,1469261,2271598,39914784.0000,1469394.6250,2258137.7500,-32768,13769,-109
01:39:09,2015.21,33.89,0.00,3276.70,0.00,34.3693,34.2161,34.2089,34.0555,39929644,1469135,2267776,39915248.0000,1469386.5000,2258439.0000,-32768,13769,-109
01:39:11,2015.21,33.89,0.00,3276.70,0.00,34.3779,34.2259,34.2173,34.0702,39932047,1469187,2267776,39916992.0000,1469374.7500,2259513.7500,-32768,13769,-109
01:39:13,2015.21,33.90,0.00,3276.70,0.00,34.3875,34.2356,34.2173,34.0800,39932047,1468930,2269641,39918240.0000,1469338.1250,2260738.5000,-32768,13769,-109
01:39:14,2015.21,33.91,0.00,3276.70,0.00,34.4060,34.2551,34.2464,34.0946,39929186,1468715,2281742,39919084.0000,1469308.6250,2261685.5000,-32768,13769,-109
01:39:16,2015.21,33.92,0.00,3276.70,0.00,34.4113,34.2599,34.2509,34.0995,39934409,1469261,2281742,39920164.0000,1469295.2500,2262712.7500,-32768,13769,-109
01:39:18,2015.21,33.93,0.00,3276.70,0.00,34.4215,34.2697,34.2612,34.0995,39934409,1469376,2272581,39921548.0000,1469300.7500,2263300.5000,-32768,13769,-109
01:39:19,2015.21,33.94,0.00,3276.70,0.00,34.4302,34.2794,34.2710,34.1190,39942277,1469010,2285284,39921548.0000,1469286.6250,2263300.5000,-32768,13769,-109
01:39:21,2009.78,33.95,0.00,3276.70,0.00,34.4393,34.2891,34.2798,34.1287,39944040,1469010,2285284,39923928.0000,1469275.1250,2265190.2500,-32768,13769,-109
01:39:22,2004.34,33.95,0.00,3276.70,0.00,34.4477,34.2987,34.2887,34.1384,39940287,1469049,2281757,39925040.0000,1469259.5000,2265953.2500,-32768,13769,-109
01:39:25,2004.34,33.96,0.00,3276.70,0.00,34.4477,34.3131,34.3028,34.1529,39936359,1469051,2274841,39925040.0000,1469245.3750,2266925.5000,-32768,13769,-109
01:39:26,2004.34,33.97,0.00,3276.70,0.00,34.4669,34.3179,34.3071,34.1577,39938589,1469121,2277046,39925040.0000,1469233.8750,2267241.7500,-32768,13769,-109
01:39:28,1998.91,33.99,0.00,3276.70,0.00,34.4782,34.3321,34.3191,34.1719,39949148,1469573,2273556,39928104.0000,1469254.5000,2268085.5000,-32768,13769,-109
01:39:29,2004.34,34.00,0.00,3276.70,0.00,34.4864,34.3414,34.3264,34.1812,39943291,1469193,2276774,39929136.0000,1469252.5000,2268357.0000,-32768,13769,-109
01:39:31,1998.91,34.00,0.00,3276.70,0.00,34.4902,34.3461,34.3264,34.1812,39948039,1469428,2265927,39930160.0000,1469254.6250,2268576.5000,-32768,13769,-109
01:39:32,1998.91,34.01,0.00,3276.70,0.00,34.4984,34.3599,34.3415,34.1995,39946070,1469147,2277439,39931052.0000,1469251.6250,2268648.7500,-32768,13769,-109
01:39:35,2004.34,34.02,0.00,3276.70,0.00,34.5073,34.3599,34.3512,34.1995,39946070,1469902,2277439,39933024.0000,1469280.6250,2269333.5000,-32768,13769,-109
01:39:38,2004.34,34.02,0.00,3276.70,0.00,34.5251,34.3599,34.3641,34.1995,39950716,1469190,2277439,39935308.0000,1469286.8750,2270341.5000,-32768,13769,-109
01:39:39,2009.78,34.02,0.00,3276.70,0.00,34.5251,34.4010,34.3832,34.2406,39942418,1468640,2278859,39935868.0000,1469255.2500,2270873.5000,-32768,13769,-109
01:39:43,2009.78,34.06,0.00,3276.70,0.00,34.5251,34.4056,34.3832,34.2498,39942418,1468768,2278859,39935868.0000,1469215.6250,2271931.5000,-32768,13769,-109
01:39:44,2009.78,34.07,0.00,3276.70,0.00,34.5713,34.4284,34.4119,34.2681,39960786,1469523,2282133,39938744.0000,1469215.6250,2273476.2500,-32768,13769,-109
01:39:47,2009.78,34.08,0.00,3276.70,0.00,34.5809,34.4377,34.4119,34.2820,39954650,1469089,2290174,39940628.0000,1469205.8750,2273476.2500,-32768,13769,-109
01:39:49,2009.78,34.09,0.00,3276.70,0.00,34.5938,34.4514,34.4119,34.2912,39957577,1469006,2284735,39942164.0000,1469188.8750,2275878.0000,-32768,13769,-109
01:39:50,2009.78,34.09,0.00,3276.70,0.00,34.6030,34.4605,34.4428,34.3003,39954597,1468902,2285258,39942552.0000,1469180.0000,2275878.0000,-32768,13769,-109
01:39:53,2004.34,34.09,0.00,3276.70,0.00,34.6112,34.4605,34.4561,34.3140,39958360,1468984,2286209,39944000.0000,1469180.0000,2275878.0000,-32768,13769,-109
01:39:55,2004.34,34.12,0.00,3276.70,0.00,34.6112,34.4877,34.4661,34.3275,39969295,1469587,2285183,39945948.0000,1469185.6250,2278391.2500,-32768,13769,-109
01:39:56,2009.78,34.13,0.00,3276.70,0.00,34.6316,34.4921,34.4704,34.3319,39968577,1469666,2283963,39946656.0000,1469185.6250,2278841.2500,-32768,13769,-109
01:39:58,2009.78,34.13,0.00,3276.70,0.00,34.6402,34.5011,34.4797,34.3319,39966184,1469261,2287402,39947932.0000,1469206.5000,2279108.7500,-32768,13769,-109
01:40:00,2009.78,34.15,0.00,3276.70,0.00,34.6402,34.5011,34.4931,34.3542,39960455,1469109,2273629,39949200.0000,1469194.6250,2279087.0000,-32768,13769,-109
01:40:01,2009.78,34.16,0.00,3276.70,0.00,34.6613,34.5232,34.5020,34.3631,39958770,1468870,2289679,39949752.0000,1469170.6250,2279720.7500,-32768,13769,-109
01:40:03,2009.78,34.16,0.00,3276.70,0.00,34.6654,34.5232,34.5096,34.3719,39967669,1469344,2280506,39950824.0000,1469170.6250,2279720.7500,-32768,13769,-109
01:40:04,2009.78,34.17,0.00,3276.70,0.00,34.6739,34.5364,34.5135,34.3719,39967669,1469322,2291631,39952024.0000,1469185.3750,2280373.5000,-32768,13769,-109
01:40:07,2009.78,34.18,0.00,3276.70,0.00,34.6870,34.5497,34.5135,34.3895,39967669,1469022,2289567,39953368.0000,1469178.7500,2281321.5000,-32768,13769,-109
01:40:09,2009.78,34.19,0.00,3276.70,0.00,34.6964,34.5630,34.5403,34.4028,39971370,1469188,2294224,39953368.0000,1469172.8750,2281974.7500,-32768,13769,-109
01:40:10,2009.78,34.20,0.00,3276.70,0.00,34.7105,34.5719,34.5495,34.4116,39968413,1468912,2293768,39955088.0000,1469159.6250,2282717.7500,-32768,13769,-109
01:40:13,2009.78,34.21,0.00,3276.70,0.00,34.7154,34.5719,34.5589,34.4116,39974916,1469070,2293768,39955088.0000,1469159.6250,2284807.0000,-32768,13769,-109
01:40:15,2009.78,34.22,0.00,3276.70,0.00,34.7393,34.5988,34.5589,34.4116,39977582,1469003,2308654,39958212.0000,1469124.6250,2285882.0000,-32768,13769,-109
01:40:16,2009.78,34.23,0.00,3276.70,0.00,34.7437,34.6033,34.5825,34.4429,39974063,1468680,2311775,39958708.0000,1469110.6250,2285882.0000,-32768,13769,-109
01:40:18,2009.78,34.24,0.00,3276.70,0.00,34.7514,34.6122,34.5908,34.4518,39971946,1468839,2297012,39959592.0000,1469110.6250,2287562.2500,-32768,13769,-109
01:40:20,2009.78,34.24,0.00,3276.70,0.00,34.7514,34.6256,34.6047,34.4518,39972234,1468906,2296992,39961276.0000,1469064.7500,2289111.5000,-32768,13769,-109
01:40:22,2004.34,34.26,0.00,3276.70,0.00,34.7769,34.6390,34.6179,34.4786,39978769,1469015,2297846,39962360.0000,1469064.1250,2289639.0000,-32768,13769,-109
01:40:24,2009.78,34.26,0.00,3276.70,0.00,34.7810,34.6434,34.6263,34.4875,39978769,1468791,2306684,39963288.0000,1469051.1250,2290616.0000,-32768,13769,-109
01:40:27,2009.78,34.28,0.00,3276.70,0.00,34.7810,34.6611,34.6381,34.5008,39978769,1469048,2297881,39965260.0000,1469051.1250,2291645.7500,-32768,13769,-109
01:40:29,2009.78,34.29,0.00,3276.70,0.00,34.7810,34.6743,34.6506,34.5184,39976638,1468695,2299686,39966224.0000,1469025.7500,2292369.2500,-32768,13769,-109
01:40:32,2009.78,34.30,0.00,3276.70,0.00,34.7810,34.6875,34.6640,34.5272,39977303,1468991,2290795,39966224.0000,1469019.7500,2292617.7500,-32768,13769,-109
01:40:33,2004.34,34.31,0.00,3276.70,0.00,34.8332,34.6964,34.6714,34.5359,39980948,1469007,2290795,39968192.0000,1469019.2500,2293234.2500,-32768,13769,-109
01:40:34,2009.78,34.31,0.00,3276.70,0.00,34.8414,34.7051,34.6808,34.5446,39984150,1468858,2303181,39968692.0000,1469014.2500,2293234.2500,-32768,13769,-109
01:40:37,2004.34,34.32,0.00,3276.70,0.00,34.8458,34.7095,34.6808,34.5534,39984150,1468771,2303213,39969992.0000,1469016.3750,2293534.7500,-32768,13769,-109
01:40:39,2004.34,34.33,0.00,3276.70,0.00,34.8629,34.7270,34.7028,34.5664,39978175,1468405,2303166,39970600.0000,1468984.0000,2294122.2500,-32768,13769,-109
01:40:40,2009.78,34.34,0.00,3276.70,0.00,34.8712,34.7357,34.7028,34.5664,39973853,1468514,2288139,39970844.0000,1468953.8750,2293883.2500,-32768,13769,-109
01:40:42,2009.78,34.35,0.00,3276.70,0.00,34.8796,34.7444,34.7186,34.5838,39980649,1468452,2305666,39971380.0000,1468921.6250,2294570.7500,-32768,13769,-109
01:40:44,2009.78,34.35,0.00,3276.70,0.00,34.8796,34.7574,34.7186,34.6011,39987774,1468810,2307905,39971380.0000,1468921.6250,2295260.2500,-32768,13769,-109
01:40:47,2009.78,34.35,0.00,3276.70,0.00,34.9056,34.7574,34.7451,34.6011,39983350,1468462,2295943,39974060.0000,1468871.6250,2296025.0000,-32768,13769,-109
01:40:49,2009.78,34.38,0.00,3276.70,0.00,34.9056,34.7833,34.7451,34.6270,39984572,1468413,2307680,39975008.0000,1468836.5000,2296610.7500,-32768,13769,-109
01:40:50,2009.78,34.39,0.00,3276.70,0.00,34.9250,34.7919,34.7451,34.6355,39986540,1468662,2297437,39975664.0000,1468818.6250,2296960.7500,-32768,13769,-109
01:40:53,2009.78,34.39,0.00,3276.70,0.00,34.9250,34.8004,34.7730,34.6355,39985160,1468662,2297437,39976712.0000,1468800.3750,2297685.7500,-32768,13769,-109
01:40:55,2009.78,34.40,0.00,3276.70,0.00,34.9458,34.8132,34.7730,34.6355,39985767,1468662,2299477,39977396.0000,1468776.6250,2298117.7500,-32768,13769,-109
01:40:56,2009.78,34.41,0.00,3276.70,0.00,34.9532,34.8217,34.7932,34.6611,39984365,1468432,2310990,39977872.0000,1468776.6250,2298479.7500,-32768,13769,-109
01:40:58,2009.78,34.42,0.00,3276.70,0.00,34.9652,34.8217,34.8058,34.6738,39984210,1468041,2310732,39978248.0000,1468712.1250,2299387.2500,-32768,13769,-109
01:41:00,2004.34,34.43,0.00,3276.70,0.00,34.9689,34.8386,34.8101,34.6780,39987215,1468449,2302816,39978916.0000,1468688.6250,2299494.2500,-32768,13769,-109
01:41:02,2009.78,34.43,0.00,3276.70,0.00,34.9768,34.8386,34.8232,34.6780,39992193,1468451,2314003,39979740.0000,1468671.7500,2300802.7500,-32768,13769,-109
01:41:04,2009.78,34.44,0.00,3276.70,0.00,34.9894,34.8595,34.8305,34.6780,39992193,1468296,2314003,39981112.0000,1468645.7500,2301567.5000,-32768,13769,-109
01:41:06,2009.78,34.45,0.00,3276.70,0.00,34.9894,34.8719,34.8305,34.7159,39994955,1468495,2315225,39982312.0000,1468631.2500,2302726.7500,-32768,13769,-109
01:41:08,2009.78,34.47,0.00,3276.70,0.00,35.0089,34.8802,34.8489,34.7200,39993594,1468172,2323777,39982664.0000,1468616.8750,2303384.5000,-32768,13769,-109
01:41:09,2009.78,34.47,0.00,3276.70,0.00,35.0166,34.8802,34.8569,34.7200,40001353,1468744,2317540,39984064.0000,1468605.6250,2304874.7500,-32768,13769,-109
01:41:11,2009.78,34.48,0.00,3276.70,0.00,35.0281,34.9007,34.8569,34.7200,40008783,1468691,2328241,39985400.0000,1468611.5000,2306759.5000,-32768,13769,-109
01:41:13,2009.78,34.49,0.00,3276.70,0.00,35.0360,34.9007,34.8811,34.7529,40001622,1468529,2318342,39986952.0000,1468609.1250,2307432.5000,-32768,13769,-109
01:41:14,2009.78,34.50,0.00,3276.70,0.00,35.0439,34.9170,34.8852,34.7570,39999175,1468375,2317796,39987628.0000,1468580.1250,2308471.0000,-32768,13769,-109
01:41:17,2009.78,34.50,0.00,3276.70,0.00,35.0519,34.9251,34.8936,34.7652,39994725,1467792,2317796,39988104.0000,1468580.1250,2309538.5000,-32768,13769,-109
01:41:19,2009.78,34.51,0.00,3276.70,0.00,35.0642,34.9251,34.9102,34.7818,40003281,1468596,2328095,39989160.0000,1468526.5000,2310673.7500,-32768,13769,-109
01:41:22,2009.78,34.51,0.00,3276.70,0.00,35.0642,34.9495,34.9180,34.7900,40003281,1468651,2328095,39990864.0000,1468526.5000,2312158.2500,-32768,13769,-109
01:41:23,2009.78,34.54,0.00,3276.70,0.00,35.0891,34.9618,34.9298,34.8023,40007219,1468666,2322799,39991824.0000,1468539.8750,2312490.7500,-32768,13769,-109
01:41:24,2009.78,34.54,0.00,3276.70,0.00,35.0925,34.9659,34.9334,34.8064,40009604,1468758,2322799,39992848.0000,1468545.1250,2313176.0000,-32768,13769,-109
01:41:26,2009.78,34.54,0.00,3276.70,0.00,35.1003,34.9740,34.9407,34.8145,40006143,1468758,2321978,39993652.0000,1468536.8750,2313731.7500,-32768,13769,-109
01:41:27,2009.78,34.55,0.00,3276.70,0.00,35.1072,34.9820,34.9485,34.8226,40010246,1468824,2320187,39994172.0000,1468545.8750,2313933.5000,-32768,13769,-109
01:41:29,2009.78,34.55,0.00,3276.70,0.00,35.1156,34.9901,34.9571,34.8307,40009760,1468363,2320187,39995784.0000,1468549.5000,2314651.7500,-32768,13769,-109
01:41:31,2009.78,34.56,0.00,3276.70,0.00,35.1256,34.9982,34.9662,34.8389,40018283,1468774,2322726,39996488.0000,1468556.5000,2314904.0000,-32768,13769,-109
01:41:33,2009.78,34.58,0.00,3276.70,0.00,35.1343,35.0064,34.9754,34.8471,40015524,1468774,2322726,39998328.0000,1468584.1250,2314904.0000,-32768,13769,-109
01:41:36,2009.78,34.59,0.00,3276.70,0.00,35.1475,35.0188,34.9888,34.8595,40018267,1468674,2322726,39998328.0000,1468584.1250,2314904.0000,-32768,13769,-109
01:41:38,2009.78,34.59,0.00,3276.70,0.00,35.1596,35.0312,35.0002,34.8595,40018267,1468396,2326136,40001252.0000,1468595.3750,2316599.2500,-32768,13769,-109
01:41:40,2009.78,34.60,0.00,3276.70,0.00,35.1699,35.0312,35.0002,34.8883,40015945,1468794,2314941,40002424.0000,1468604.8750,2316599.2500,-32768,13769,-109
01:41:42,2009.78,34.61,0.00,3276.70,0.00,35.1833,35.0312,35.0002,34.8966,40022425,1468597,2327903,40004064.0000,1468600.2500,2317798.7500,-32768,13769,-109
01:41:45,2009.78,34.61,0.00,3276.70,0.00,35.1975,35.0680,35.0387,34.9091,40020140,1468732,2314291,40005088.0000,1468600.2500,2318054.0000,-32768,13769,-109
01:41:46,2009.78,34.64,0.00,3276.70,0.00,35.2053,35.0763,35.0470,34.9174,40020989,1468274,2314291,40006620.0000,1468581.5000,2318763.7500,-32768,13769,-109
01:41:47,2009.78,34.64,0.00,3276.70,0.00,35.2138,35.0846,35.0545,34.9174,40019956,1468709,2317491,40007544.0000,1468592.2500,2318548.7500,-32768,13769,-109
01:41:49,2009.78,34.65,0.00,3276.70,0.00,35.2138,35.0971,35.0677,34.9381,40020807,1468380,2330771,40008368.0000,1468580.2500,2319294.5000,-32768,13769,-109
01:41:51,2009.78,34.66,0.00,3276.70,0.00,35.2138,35.1054,35.0761,34.9465,40028745,1468918,2318987,40009432.0000,1468589.2500,2319632.2500,-32768,13769,-109
01:41:53,2009.78,34.67,0.00,3276.70,0.00,35.2432,35.1138,35.0841,34.9548,40023042,1468399,2331387,40010356.0000,1468586.8750,2319880.2500,-32768,13769,-109
01:41:54,2009.78,34.67,0.00,3276.70,0.00,35.2466,35.1138,35.0841,34.9631,40022718,1468513,2332980,40011264.0000,1468581.1250,2320647.5000,-32768,13769,-109
01:41:56,2009.78,34.67,0.00,3276.70,0.00,35.2577,35.1302,35.0995,34.9713,40029162,1468682,2318345,40012316.0000,1468593.1250,2320594.5000,-32768,13769,-109
01:41:57,2009.78,34.69,0.00,3276.70,0.00,35.2612,35.1343,35.1036,34.9754,40025927,1468230,2334412,40013216.0000,1468581.1250,2321465.0000,-32768,13769,-109
01:41:59,2004.34,34.69,0.00,3276.70,0.00,35.2652,35.1383,35.1062,34.9754,40030190,1468589,2336999,40013744.0000,1468581.1250,2321983.5000,-32768,13769,-109
01:42:01,1982.62,34.70,0.00,3276.70,0.00,35.2756,35.1504,35.1062,34.9956,40032216,1468565,2335179,40015288.0000,1468593.3750,2322260.7500,-32768,13769,-109
01:42:02,1944.61,34.71,0.00,3276.70,0.00,35.2756,35.1622,35.1245,35.0034,40041587,1468993,2335372,40016792.0000,1468613.5000,2323105.5000,-32768,13769,-109
01:42:06,1825.13,34.72,0.00,3276.70,0.00,35.2813,35.1696,35.1245,35.0139,40041587,1469363,2337643,40016792.0000,1468718.1250,2323950.5000,-32768,13769,-109
01:42:08,1727.38,34.72,0.00,3276.70,0.00,35.2566,35.1784,35.0890,35.0189,40054683,1471183,2337643,40021324.0000,1468718.1250,2323950.5000,-32768,13769,-109
01:42:10,1694.80,34.72,0.00,3276.70,0.00,35.2133,35.1828,35.0890,35.0231,40054683,1471411,2337643,40025088.0000,1469164.0000,2325544.5000,-32768,13769,-109
01:42:13,1618.77,34.72,0.00,3276.70,0.00,35.1689,35.1827,34.9993,35.0218,40038150,1471515,2337643,40025088.0000,1469164.0000,2325552.7500,-32768,13769,-109
01:42:14,1559.03,34.71,0.00,3276.70,0.00,35.1423,35.1827,34.9678,35.0178,40056528,1472221,2331954,40028152.0000,1469538.0000,2325934.0000,-32768,13769,-109
01:42:16,1521.02,34.70,0.00,3276.70,0.00,35.1327,35.1784,34.9569,35.0159,40059425,1472720,2321444,40030064.0000,1469538.0000,2325934.0000,-32768,13769,-109
01:42:17,1493.86,34.70,0.00,3276.70,0.00,35.1136,35.1746,34.9417,35.0115,40059125,1472815,2330539,40030972.0000,1469837.2500,2325890.5000,-32768,13769,-109
01:42:19,1493.86,34.69,0.00,3276.70,0.00,35.0964,35.1700,34.9274,35.0065,40059332,1472905,2318074,40033456.0000,1470109.8750,2325870.2500,-32768,13769,-109
01:42:21,1504.72,34.69,0.00,3276.70,0.00,35.0862,35.1700,34.9184,34.9986,40037881,1471529,2327025,40034040.0000,1470228.2500,2325870.2500,-32768,13769,-109
01:42:23,1510.16,34.69,0.00,3276.70,0.00,35.0891,35.1579,34.9229,34.9938,40021443,1470321,2324773,40033472.0000,1470228.2500,2325208.2500,-32768,13769,-109
01:42:25,1510.16,34.70,0.00,3276.70,0.00,35.1007,35.1522,34.9375,34.9882,40018048,1469864,2325751,40031704.0000,1470241.2500,2324810.2500,-32768,13769,-109
01:42:27,1542.74,34.71,0.00,3276.70,0.00,35.1007,35.1496,34.9375,34.9850,40011857,1469257,2313291,40031704.0000,1470241.2500,2323968.2500,-32768,13769,-109
01:42:30,1591.62,34.71,0.00,3276.70,0.00,35.1605,35.1486,34.9999,34.9852,40011857,1469257,2326758,40028448.0000,1470028.2500,2324078.0000,-32768,13769,-109
01:42:31,1624.20,34.74,0.00,3276.70,0.00,35.1744,35.1494,35.0118,34.9860,40011857,1469257,2318915,40028072.0000,1469948.1250,2324007.5000,-32768,13769,-109
01:42:32,1656.78,34.75,0.00,3276.70,0.00,35.2024,35.1521,35.0373,34.9888,40028927,1468983,2317499,40028096.0000,1469917.8750,2323804.2500,-32768,13769,-109
01:42:35,1732.81,34.76,0.00,3276.70,0.00,35.2024,35.1593,35.0373,34.9985,40069408,1468983,2330614,40031248.0000,1469839.1250,2324830.5000,-32768,13769,-109
01:42:38,1797.98,34.76,0.00,3276.70,0.00,35.2905,35.1697,35.1189,34.9985,40069408,1470021,2339801,40036340.0000,1469863.7500,2325907.5000,-32768,13769,-109
01:42:39,1841.43,34.76,0.00,3276.70,0.00,35.3212,35.1785,35.1495,35.0138,40102359,1470354,2339801,40036340.0000,1469863.7500,2327653.5000,-32768,13769,-109
01:42:41,1868.58,34.81,0.00,3276.70,0.00,35.3643,35.1941,35.1934,35.0289,40137667,1471496,2348176,40046272.0000,1469863.7500,2328940.2500,-32768,13769,-109
01:42:43,1895.73,34.81,0.00,3276.70,0.00,35.3996,35.2117,35.1934,35.0289,40192285,1473720,2363989,40061496.0000,1470365.3750,2331589.0000,-32768,13769,-109
01:42:46,1939.18,34.85,0.00,3276.70,0.00,35.3996,35.2307,35.2631,35.0648,40195145,1474007,2363989,40073764.0000,1470695.7500,2333866.5000,-32768,13769,-109
01:42:49,1982.62,34.86,0.00,3276.70,0.00,35.3996,35.2508,35.2631,35.0846,40195145,1474007,2360920,40086032.0000,1471023.2500,2336866.5000,-32768,13769,-109
01:42:51,2020.64,34.88,0.00,3276.70,0.00,35.4824,35.2508,35.3204,35.0846,40230464,1474007,2375682,40099144.0000,1471399.0000,2339619.0000,-32768,13769,-109
01:42:52,2036.93,34.89,0.00,3276.70,0.00,35.5087,35.2861,35.3371,35.1192,40242393,1475577,2379788,40099144.0000,1471665.8750,2341650.7500,-32768,13769,-109
01:42:55,2058.65,34.89,0.00,3276.70,0.00,35.5246,35.3005,35.3371,35.1403,40242393,1475577,2368084,40121820.0000,1472087.6250,2344417.0000,-32768,13769,-109
01:42:56,2080.37,34.89,0.00,3276.70,0.00,35.5451,35.3005,35.3371,35.1614,40275089,1476988,2369642,40131100.0000,1472376.3750,2346445.5000,-32768,13769,-109
01:42:58,2085.80,34.89,0.00,3276.70,0.00,35.5558,35.3362,35.3842,35.1684,40272292,1476969,2370240,40135512.0000,1472519.8750,2347189.2500,-32768,13769,-109
01:43:01,2118.39,34.89,0.00,3276.70,0.00,35.5558,35.3571,35.3842,35.1888,40272292,1477844,2372266,40153160.0000,1473108.3750,2350995.5000,-32768,13769,-109
01:43:03,2129.25,34.88,0.00,3276.70,0.00,35.5819,35.3775,35.3842,35.2084,40272292,1477863,2382552,40165440.0000,1473528.7500,2353227.2500,-32768,13769,-109
01:43:07,2178.13,34.87,0.00,3276.70,0.00,35.5819,35.4030,35.3842,35.2328,40272292,1479304,2375917,40182488.0000,1473528.7500,2357020.2500,-32768,13769,-109
01:43:08,2178.13,34.85,0.00,3276.70,0.00,35.6054,35.4211,35.4233,35.2499,40301764,1478197,2378738,40189964.0000,1474435.7500,2357698.7500,-32768,13769,-109
01:43:10,2188.99,34.85,0.00,3276.70,0.00,35.6103,35.4326,35.4271,35.2607,40310418,1479610,2378738,40200976.0000,1474869.1250,2359385.5000,-32768,13769,-109
01:43:13,2188.99,34.84,0.00,3276.70,0.00,35.6141,35.4326,35.4292,35.2607,40324633,1479769,2377291,40212172.0000,1475310.5000,2360664.0000,-32768,13769,-109
01:43:15,2199.85,34.83,0.00,3276.70,0.00,35.6132,35.4326,35.4261,35.2607,40328892,1480493,2366792,40222480.0000,1475745.0000,2361884.5000,-32768,13769,-109
01:43:17,2199.85,34.81,0.00,3276.70,0.00,35.6107,35.4730,35.4189,35.3016,40310662,1479340,2375395,40228368.0000,1475991.5000,2362327.7500,-32768,13769,-109
01:43:18,2199.85,34.79,0.00,3276.70,0.00,35.6054,35.4852,35.4126,35.3085,40309554,1479482,2376076,40233280.0000,1476200.3750,2363157.2500,-32768,13769,-109
01:43:21,2194.42,34.79,0.00,3276.70,0.00,35.5992,35.4922,35.4045,35.3145,40300450,1479272,2358851,40237588.0000,1476399.2500,2363021.0000,-32768,13769,-109
01:43:23,2205.28,34.76,0.00,3276.70,0.00,35.5911,35.4922,35.3961,35.3145,40290383,1478784,2358851,40243580.0000,1476681.2500,2364006.0000,-32768,13769,-109
01:43:25,2210.71,34.74,0.00,3276.70,0.00,35.5802,35.5061,35.3846,35.3258,40270019,1478049,2358851,40245340.0000,1476760.2500,2364175.7500,-32768,13769,-109
01:43:27,2172.69,34.73,0.00,3276.70,0.00,35.5721,35.5123,35.3748,35.3305,40279101,1478318,2371317,40247408.0000,1476760.2500,2364658.0000,-32768,13769,-109
01:43:30,2123.82,34.72,0.00,3276.70,0.00,35.5721,35.5165,35.3748,35.3338,40279101,1478318,2364838,40248076.0000,1476883.0000,2364686.2500,-32768,13769,-109
01:43:32,2096.67,34.69,0.00,3276.70,0.00,35.5228,35.5165,35.3242,35.3338,40209617,1476087,2357109,40244752.0000,1476836.2500,2364310.2500,-32768,13769,-109
01:43:34,2058.65,34.66,0.00,3276.70,0.00,35.5027,35.5173,35.3166,35.3338,40178940,1474724,2359143,40241036.0000,1476836.2500,2364310.2500,-32768,13769,-109
01:43:37,1982.62,34.65,0.00,3276.70,0.00,35.5027,35.5127,35.3166,35.3338,40185903,1475696,2359143,40234320.0000,1476568.7500,2363144.2500,-32768,13769,-109
01:43:40,1928.32,34.61,0.00,3276.70,0.00,35.5027,35.5127,35.2609,35.3230,40191605,1476320,2357167,40234320.0000,1476558.7500,2362533.5000,-32768,13769,-109
01:43:42,1906.59,34.58,0.00,3276.70,0.00,35.4144,35.4990,35.2609,35.3161,40191605,1476274,2355056,40227912.0000,1476558.7500,2361610.2500,-32768,13769,-109
01:43:45,1879.44,34.56,0.00,3276.70,0.00,35.4144,35.4870,35.2609,35.3053,40191605,1473490,2349375,40217784.0000,1476292.7500,2360538.2500,-32768,13769,-109
01:43:47,1868.58,34.53,0.00,3276.70,0.00,35.3727,35.4770,35.1994,35.2961,40116927,1472971,2346213,40211864.0000,1476098.6250,2359722.0000,-32768,13769,-109
01:43:48,1841.43,34.52,0.00,3276.70,0.00,35.3640,35.4701,35.1905,35.2897,40125499,1473497,2346213,40203988.0000,1475854.5000,2358551.2500,-32768,13769,-109
01:43:50,1814.27,34.51,0.00,3276.70,0.00,35.3537,35.4631,35.1809,35.2897,40152954,1474674,2346737,40200336.0000,1475761.0000,2357821.0000,-32768,13769,-109
01:43:53,1776.26,34.50,0.00,3276.70,0.00,35.3405,35.4557,35.1809,35.2728,40153632,1474674,2345241,40196084.0000,1475686.1250,2356771.2500,-32768,13769,-109
01:43:54,1749.10,34.49,0.00,3276.70,0.00,35.3221,35.4441,35.1809,35.2728,40152999,1474954,2345241,40193428.0000,1475642.7500,2356108.7500,-32768,13769,-109
01:43:57,1721.95,34.49,0.00,3276.70,0.00,35.3084,35.4359,35.1809,35.2543,40152999,1475094,2345241,40189256.0000,1475587.7500,2354932.7500,-32768,13769,-109
01:43:59,1694.80,34.47,0.00,3276.70,0.00,35.3084,35.4187,35.1809,35.2386,40145171,1475159,2338847,40185404.0000,1475533.8750,2353717.7500,-32768,13769,-109
01:44:02,1662.21,34.47,0.00,3276.70,0.00,35.3084,35.4057,35.1809,35.2267,40145171,1475159,2342716,40182432.0000,1475520.7500,2353717.7500,-32768,13769,-109
01:44:05,1645.92,34.46,0.00,3276.70,0.00,35.3084,35.3885,35.1809,35.2267,40157986,1475236,2341016,40180352.0000,1475520.7500,2350484.2500,-32768,13769,-109
01:44:07,1640.49,34.46,0.00,3276.70,0.00,35.2491,35.3760,35.0837,35.2032,40135719,1474276,2338968,40177720.0000,1475510.7500,2350124.5000,-32768,13769,-109
01:44:08,1635.06,34.46,0.00,3276.70,0.00,35.2448,35.3680,35.0782,35.1956,40137470,1474679,2326492,40175384.0000,1475463.7500,2348742.7500,-32768,13769,-109
01:44:10,1624.20,34.45,0.00,3276.70,0.00,35.2402,35.3601,35.0723,35.1880,40119708,1473567,2337880,40172128.0000,1475351.2500,2348106.2500,-32768,13769,-109
01:44:11,1613.34,34.44,0.00,3276.70,0.00,35.2386,35.3563,35.0698,35.1880,40135649,1474661,2326471,40169584.0000,1475288.8750,2347107.7500,-32768,13769,-109
01:44:13,1602.48,34.44,0.00,3276.70,0.00,35.2337,35.3488,35.0635,35.1770,40143788,1475052,2338176,40168256.0000,1475288.8750,2346098.7500,-32768,13769,-109
01:44:15,1580.75,34.44,0.00,3276.70,0.00,35.2271,35.3379,35.0635,35.1661,40148719,1475052,2324985,40166344.0000,1475216.3750,2344957.2500,-32768,13769,-109
01:44:17,1559.03,34.44,0.00,3276.70,0.00,35.2216,35.3308,35.0510,35.1591,40129403,1474134,2321914,40165188.0000,1475182.6250,2344237.0000,-32768,13769,-109
01:44:18,1548.17,34.44,0.00,3276.70,0.00,35.2166,35.3308,35.0476,35.1591,40151977,1475063,2337304,40163840.0000,1475156.2500,2343606.0000,-32768,13769,-109
01:44:21,1542.74,34.43,0.00,3276.70,0.00,35.2116,35.3308,35.0430,35.1591,40141639,1474308,2337137,40162332.0000,1475156.2500,2342042.2500,-32768,13769,-109
01:44:23,1542.74,34.44,0.00,3276.70,0.00,35.2116,35.3308,35.0388,35.1591,40140238,1474169,2326737,40160116.0000,1475027.5000,2341427.7500,-32768,13769,-109
01:44:25,1537.31,34.45,0.00,3276.70,0.00,35.2068,35.2980,35.0371,35.1591,40140238,1473730,2335861,40158904.0000,1475027.5000,2340562.5000,-32768,13769,-109
01:44:28,1510.16,34.45,0.00,3276.70,0.00,35.2068,35.2871,35.0371,35.1161,40140238,1473463,2331729,40155544.0000,1474761.0000,2339851.0000,-32768,13769,-109
01:44:29,1510.16,34.46,0.00,3276.70,0.00,35.2041,35.2820,35.0320,35.1109,40143322,1473830,2336542,40155160.0000,1474731.8750,2339747.5000,-32768,13769,-109
01:44:31,1510.16,34.46,0.00,3276.70,0.00,35.2013,35.2770,35.0305,35.1060,40152535,1474178,2342952,40154528.0000,1474689.3750,2339672.7500,-32768,13769,-109
01:44:32,1504.72,34.47,0.00,3276.70,0.00,35.1993,35.2722,35.0295,35.1012,40147037,1473523,2343894,40154292.0000,1474652.8750,2339804.7500,-32768,13769,-109
01:44:34,1504.72,34.47,0.00,3276.70,0.00,35.1993,35.2699,35.0288,35.1012,40147037,1472902,2335122,40152852.0000,1474555.8750,2339548.2500,-32768,13769,-109
01:44:36,1499.29,34.47,0.00,3276.70,0.00,35.2000,35.2635,35.0278,35.1012,40119136,1472431,2345127,40150884.0000,1474437.0000,2339850.0000,-32768,13769,-109
01:44:38,1499.29,34.48,0.00,3276.70,0.00,35.2019,35.2577,35.0302,35.0866,40112584,1472074,2333445,40147620.0000,1474231.1250,2339455.0000,-32768,13769,-109
01:44:41,1553.60,34.48,0.00,3276.70,0.00,35.2040,35.2577,35.0312,35.0866,40106752,1472074,2332704,40142760.0000,1473926.1250,2339455.0000,-32768,13769,-109
01:44:42,1591.62,34.50,0.00,3276.70,0.00,35.2102,35.2500,35.0352,35.0785,40097648,1470655,2333492,40139760.0000,1473740.1250,2339271.2500,-32768,13769,-109
01:44:43,1629.63,34.50,0.00,3276.70,0.00,35.2246,35.2482,35.0450,35.0785,40097648,1470234,2344167,40138224.0000,1473630.5000,2339424.2500,-32768,13769,-109
01:44:45,1662.21,34.52,0.00,3276.70,0.00,35.2452,35.2476,35.0617,35.0750,40114422,1470800,2334296,40136432.0000,1473630.5000,2339424.2500,-32768,13769,-109
01:44:48,1727.38,34.54,0.00,3276.70,0.00,35.2452,35.2493,35.0617,35.0755,40114422,1472366,2354218,40137420.0000,1473250.6250,2340164.5000,-32768,13769,-109
01:44:50,1765.40,34.57,0.00,3276.70,0.00,35.3045,35.2534,35.1155,35.0784,40170552,1472918,2343070,40139344.0000,1473222.1250,2340304.0000,-32768,13769,-109
01:44:51,1781.69,34.59,0.00,3276.70,0.00,35.3134,35.2553,35.1232,35.0797,40184022,1473866,2343070,40142372.0000,1473248.5000,2340726.7500,-32768,13769,-109
01:44:53,1803.41,34.59,0.00,3276.70,0.00,35.3354,35.2619,35.1432,35.0849,40204780,1474294,2348469,40145984.0000,1473248.5000,2340726.7500,-32768,13769,-109
01:44:54,1819.70,34.61,0.00,3276.70,0.00,35.3416,35.2644,35.1489,35.0869,40211694,1474473,2348587,40150040.0000,1473380.6250,2341766.2500,-32768,13769,-109
01:44:56,1846.86,34.62,0.00,3276.70,0.00,35.3539,35.2696,35.1605,35.0912,40208044,1474517,2340198,40151852.0000,1473416.1250,2341717.2500,-32768,13769,-109
01:44:57,1868.58,34.62,0.00,3276.70,0.00,35.3600,35.2725,35.1659,35.0935,40203436,1474588,2337337,40155324.0000,1473416.1250,2341717.2500,-32768,13769,-109
01:44:59,1890.30,34.62,0.00,3276.70,0.00,35.3745,35.2813,35.1823,35.1011,40240423,1474588,2337337,40160264.0000,1473634.6250,2342605.0000,-32768,13769,-109
01:45:01,1944.61,34.62,0.00,3276.70,0.00,35.3843,35.2813,35.1980,35.1094,40266659,1476906,2356272,40169336.0000,1473920.6250,2343066.5000,-32768,13769,-109
01:45:03,1988.05,34.63,0.00,3276.70,0.00,35.3843,35.2973,35.2086,35.1153,40269557,1476936,2357249,40175396.0000,1474104.0000,2343916.0000,-32768,13769,-109
01:45:04,1993.48,34.65,0.00,3276.70,0.00,35.4087,35.3043,35.2200,35.1216,40278480,1477066,2363519,40181632.0000,1474104.0000,2343916.0000,-32768,13769,-109
01:45:06,2004.34,34.66,0.00,3276.70,0.00,35.4193,35.3079,35.2248,35.1248,40282794,1477356,2359815,40184792.0000,1474104.0000,2345961.0000,-32768,13769,-109
01:45:08,2020.64,34.66,0.00,3276.70,0.00,35.4285,35.3079,35.2357,35.1248,40272753,1476840,2376304,40196016.0000,1474712.2500,2348128.7500,-32768,13769,-109
01:45:09,2020.64,34.66,0.00,3276.70,0.00,35.4386,35.3260,35.2411,35.1409,40276316,1477477,2360705,40201020.0000,1474878.5000,2348909.2500,-32768,13769,-109
01:45:11,2015.21,34.66,0.00,3276.70,0.00,35.4424,35.3331,35.2411,35.1409,40274826,1477496,2366865,40205624.0000,1475043.1250,2349795.0000,-32768,13769,-109
01:45:12,2004.34,34.65,0.00,3276.70,0.00,35.4429,35.3398,35.2450,35.1409,40261872,1477085,2360653,40209024.0000,1475168.6250,2350716.0000,-32768,13769,-109
01:45:15,1998.91,34.65,0.00,3276.70,0.00,35.4405,35.3398,35.2420,35.1409,40244163,1476269,2360653,40211716.0000,1475168.6250,2351265.0000,-32768,13769,-109
01:45:19,1998.91,34.64,0.00,3276.70,0.00,35.4227,35.3398,35.2340,35.1409,40246251,1476723,2360653,40211716.0000,1475168.6250,2351911.7500,-32768,13769,-109
01:45:20,1998.91,34.66,0.00,3276.70,0.00,35.4191,35.3612,35.2292,35.1409,40246251,1476069,2338887,40217160.0000,1475505.1250,2351248.5000,-32768,13769,-109
01:45:23,1998.91,34.66,0.00,3276.70,0.00,35.4191,35.3677,35.2292,35.1800,40215903,1476069,2346109,40216720.0000,1475478.5000,2351338.2500,-32768,13769,-109
01:45:25,1998.91,34.69,0.00,3276.70,0.00,35.4132,35.3704,35.2314,35.1831,40198576,1474623,2344258,40216152.0000,1475451.8750,2351117.0000,-32768,13769,-109
01:45:27,1998.91,34.69,0.00,3276.70,0.00,35.4132,35.3743,35.2314,35.1875,40196695,1474569,2353972,40214184.0000,1475365.8750,2351469.7500,-32768,13769,-109
01:45:30,1993.48,34.71,0.00,3276.70,0.00,35.4132,35.3781,35.2314,35.1918,40178303,1474569,2353132,40210500.0000,1475191.3750,2351695.0000,-32768,13769,-109
01:45:33,1998.91,34.73,0.00,3276.70,0.00,35.4132,35.3818,35.2314,35.1975,40178303,1473068,2364114,40207904.0000,1475049.2500,2352473.2500,-32768,13769,-109
01:45:34,1998.91,34.74,0.00,3276.70,0.00,35.4235,35.3854,35.2443,35.2003,40171644,1473543,2352500,40205632.0000,1474956.0000,2352473.2500,-32768,13769,-109
01:45:36,1998.91,34.75,0.00,3276.70,0.00,35.4266,35.3879,35.2482,35.2003,40171644,1473758,2350828,40203508.0000,1474874.0000,2352408.2500,-32768,13769,-109
01:45:37,1998.91,34.76,0.00,3276.70,0.00,35.4305,35.3904,35.2549,35.2003,40165676,1473319,2351878,40200332.0000,1474740.0000,2352273.5000,-32768,13769,-109
01:45:41,2004.34,34.76,0.00,3276.70,0.00,35.4305,35.3941,35.2549,35.2127,40165676,1472616,2342638,40200332.0000,1474740.0000,2352273.5000,-32768,13769,-109
01:45:43,1998.91,34.78,0.00,3276.70,0.00,35.4409,35.3980,35.2666,35.2159,40150544,1472209,2342638,40200332.0000,1474343.7500,2351679.5000,-32768,13769,-109
01:45:45,1998.91,34.79,0.00,3276.70,0.00,35.4455,35.4009,35.2666,35.2159,40141495,1471903,2342638,40200332.0000,1474198.7500,2351665.0000,-32768,13769,-109
01:45:48,2004.34,34.79,0.00,3276.70,0.00,35.4548,35.4009,35.2784,35.2159,40143219,1472059,2352800,40184336.0000,1474198.7500,2352043.7500,-32768,13769,-109
01:45:50,2009.78,34.80,0.00,3276.70,0.00,35.4548,35.4135,35.2889,35.2159,40143219,1471530,2350823,40178916.0000,1473727.5000,2352347.0000,-32768,13769,-109
01:45:53,2009.78,34.80,0.00,3276.70,0.00,35.4708,35.4135,35.2964,35.2159,40120784,1470702,2352116,40173028.0000,1473422.3750,2352346.5000,-32768,13769,-109
01:45:55,2004.34,34.83,0.00,3276.70,0.00,35.4708,35.4240,35.2964,35.2460,40111229,1470385,2352208,40167560.0000,1473139.3750,2352331.2500,-32768,13769,-109
01:45:58,2004.34,34.84,0.00,3276.70,0.00,35.4708,35.4294,35.2964,35.2498,40111229,1470070,2352953,40162256.0000,1472866.2500,2352436.7500,-32768,13769,-109
01:45:59,2004.34,34.85,0.00,3276.70,0.00,35.4896,35.4330,35.3129,35.2536,40107476,1470070,2352953,40158764.0000,1472686.3750,2352417.7500,-32768,13769,-109
01:46:01,2004.34,34.85,0.00,3276.70,0.00,35.4937,35.4366,35.3129,35.2574,40104429,1469635,2351285,40155252.0000,1472686.3750,2352374.2500,-32768,13769,-109
01:46:03,2004.34,34.85,0.00,3276.70,0.00,35.4937,35.4422,35.3129,35.2653,40098507,1469619,2352236,40150084.0000,1472237.5000,2352414.7500,-32768,13769,-109
01:46:05,2009.78,34.85,0.00,3276.70,0.00,35.5102,35.4481,35.3363,35.2695,40094754,1469619,2351746,40146832.0000,1472064.3750,2352361.5000,-32768,13769,-109
01:46:07,2009.78,34.88,0.00,3276.70,0.00,35.5136,35.4481,35.3409,35.2695,40089786,1469288,2350971,40141676.0000,1471797.0000,2352320.0000,-32768,13769,-109
01:46:10,2015.21,34.88,0.00,3276.70,0.00,35.5136,35.4583,35.3409,35.2800,40089786,1468363,2352926,40136540.0000,1471527.0000,2352283.7500,-32768,13769,-109
01:46:13,2015.21,34.89,0.00,3276.70,0.00,35.5287,35.4645,35.3483,35.2860,40079018,1468363,2352703,40131008.0000,1471227.6250,2352283.7500,-32768,13769,-109
01:46:15,2020.64,34.90,0.00,3276.70,0.00,35.5287,35.4730,35.3483,35.2942,40053797,1467101,2351780,40122264.0000,1470754.7500,2352296.7500,-32768,13769,-109
01:46:18,2015.21,34.90,0.00,3276.70,0.00,35.5464,35.4730,35.3686,35.2942,40053812,1466721,2353509,40117960.0000,1470513.3750,2352369.0000,-32768,13769,-109
01:46:21,2015.21,34.91,0.00,3276.70,0.00,35.5464,35.4862,35.3686,35.3093,40039044,1466058,2352979,40108960.0000,1469999.0000,2352369.0000,-32768,13769,-109
01:46:22,2015.21,34.92,0.00,3276.70,0.00,35.5634,35.4930,35.3852,35.3138,40034280,1465611,2352979,40102168.0000,1469608.8750,2352479.2500,-32768,13769,-109
01:46:24,2015.21,34.92,0.00,3276.70,0.00,35.5673,35.4975,35.3902,35.3184,40031683,1465611,2352979,40097744.0000,1469355.7500,2352461.0000,-32768,13769,-109
01:46:26,2015.21,34.94,0.00,3276.70,0.00,35.5728,35.5020,35.3902,35.3184,40024535,1465246,2353678,40093208.0000,1469103.3750,2352522.5000,-32768,13769,-109
01:46:28,2015.21,34.94,0.00,3276.70,0.00,35.5789,35.5066,35.4008,35.3277,40022276,1464987,2353678,40093208.0000,1468838.1250,2352535.7500,-32768,13769,-109
01:46:30,2015.21,34.95,0.00,3276.70,0.00,35.5789,35.5159,35.4008,35.3371,40013481,1464430,2354003,40079812.0000,1468304.0000,2352631.0000,-32768,13769,-109
01:46:33,2015.21,34.95,0.00,3276.70,0.00,35.5929,35.5205,35.4152,35.3418,40013481,1464430,2354020,40079812.0000,1468304.0000,2352745.0000,-32768,13769,-109
01:46:35,2015.21,34.97,0.00,3276.70,0.00,35.5970,35.5273,35.4152,35.3508,40005663,1463804,2352366,40068936.0000,1467662.8750,2352789.2500,-32768,13769,-109
01:46:37,2015.21,34.98,0.00,3276.70,0.00,35.5984,35.5316,35.4220,35.3530,40001895,1463665,2352453,40068936.0000,1467416.7500,2352816.5000,-32768,13769,-109
01:46:40,2015.21,34.99,0.00,3276.70,0.00,35.5984,35.5398,35.4220,35.3616,40001895,1463169,2351473,40068936.0000,1466833.0000,2352849.2500,-32768,13769,-109
01:46:42,2015.21,35.00,0.00,3276.70,0.00,35.6075,35.5458,35.4340,35.3680,40001895,1462986,2351473,40051168.0000,1466592.5000,2352942.5000,-32768,13769,-109
01:46:44,2015.21,35.00,0.00,3276.70,0.00,35.6130,35.5498,35.4402,35.3744,39982320,1462605,2353563,40046956.0000,1466592.5000,2352942.5000,-32768,13769,-109
01:46:45,2015.21,35.01,0.00,3276.70,0.00,35.6218,35.5561,35.4439,35.3786,39977516,1462271,2353563,40040740.0000,1465979.1250,2352962.5000,-32768,13769,-109
01:46:48,2015.21,35.01,0.00,3276.70,0.00,35.6273,35.5603,35.4516,35.3829,39975350,1462271,2354020,40040740.0000,1465735.8750,2353023.2500,-32768,13769,-109
01:46:50,2015.21,35.02,0.00,3276.70,0.00,35.6363,35.5603,35.4516,35.3919,39972000,1461692,2354231,40030648.0000,1465366.7500,2353164.5000,-32768,13769,-109
01:46:52,2015.21,35.03,0.00,3276.70,0.00,35.6433,35.5714,35.4516,35.3965,39975283,1461832,2355786,40027240.0000,1465149.7500,2353164.5000,-32768,13769,-109
01:46:53,2015.21,35.03,0.00,3276.70,0.00,35.6483,35.5784,35.4752,35.4012,39965129,1461832,2355786,40023596.0000,1464924.2500,2353391.5000,-32768,13769,-109
01:46:55,2015.21,35.03,0.00,3276.70,0.00,35.6546,35.5807,35.4785,35.4036,39963100,1461262,2355786,40019956.0000,1464924.2500,2353461.0000,-32768,13769,-109
01:46:57,2015.21,35.05,0.00,3276.70,0.00,35.6605,35.5878,35.4847,35.4107,39962824,1461023,2355786,40014696.0000,1464363.5000,2353522.7500,-32768,13769,-109
01:46:59,2009.78,35.06,0.00,3276.70,0.00,35.6605,35.5948,35.4918,35.4179,39953176,1460447,2363701,40010932.0000,1464126.0000,2354208.2500,-32768,13769,-109
01:47:00,2009.78,35.06,0.00,3276.70,0.00,35.6695,35.5971,35.4934,35.4202,39951702,1460465,2355462,40009080.0000,1464011.6250,2354247.5000,-32768,13769,-109
01:47:01,2009.78,35.07,0.00,3276.70,0.00,35.6701,35.5994,35.4949,35.4225,39950775,1460341,2356222,40005424.0000,1463776.7500,2354383.7500,-32768,13769,-109
01:47:02,2009.78,35.07,0.00,3276.70,0.00,35.6736,35.6039,35.4992,35.4271,39949444,1459945,2355005,40003676.0000,1463657.0000,2354403.2500,-32768,13769,-109
01:47:04,2009.78,35.07,0.00,3276.70,0.00,35.6793,35.6084,35.5027,35.4317,39949135,1460121,2355011,40000264.0000,1463438.5000,2354426.2500,-32768,13769,-109
01:47:05,2004.34,35.07,0.00,3276.70,0.00,35.6827,35.6084,35.5027,35.4363,39953660,1460307,2356503,39997332.0000,1463244.8750,2354515.7500,-32768,13769,-109
01:47:09,1998.91,35.09,0.00,3276.70,0.00,35.6827,35.6196,35.5027,35.4434,39953660,1459770,2355339,39991196.0000,1462853.5000,2353975.2500,-32768,13769,-109
01:47:11,2004.34,35.11,0.00,3276.70,0.00,35.7021,35.6267,35.5027,35.4530,39953660,1460602,2355919,39987868.0000,1462633.8750,2354157.2500,-32768,13769,-109
01:47:12,2004.34,35.12,0.00,3276.70,0.00,35.7121,35.6341,35.5352,35.4579,39969602,1460896,2358998,39986604.0000,1462525.1250,2354428.7500,-32768,13769,-109
01:47:13,2004.34,35.13,0.00,3276.70,0.00,35.7155,35.6367,35.5406,35.4605,39965817,1460797,2358578,39985952.0000,1462471.1250,2354558.5000,-32768,13769,-109
01:47:14,2004.34,35.13,0.00,3276.70,0.00,35.7184,35.6392,35.5460,35.4631,39965716,1460583,2371031,39984748.0000,1462352.6250,2355624.7500,-32768,13769,-109
01:47:16,2004.34,35.15,0.00,3276.70,0.00,35.7260,35.6444,35.5544,35.4686,39967517,1460834,2371031,39983680.0000,1462262.2500,2355866.5000,-32768,13769,-109
01:47:18,2009.78,35.16,0.00,3276.70,0.00,35.7336,35.6497,35.5621,35.4741,39969740,1461054,2360891,39983244.0000,1462224.5000,2355866.5000,-32768,13769,-109
01:47:20,2004.34,35.17,0.00,3276.70,0.00,35.7336,35.6581,35.5621,35.4828,39969740,1461532,2363127,39982880.0000,1462124.0000,2356460.0000,-32768,13769,-109
01:47:23,1998.91,35.18,0.00,3276.70,0.00,35.7336,35.6670,35.5621,35.4952,39992731,1462140,2352599,39983632.0000,1462108.5000,2356253.7500,-32768,13769,-109
01:47:26,1998.91,35.19,0.00,3276.70,0.00,35.7702,35.6760,35.6010,35.4952,39992731,1461729,2352599,39983632.0000,1462108.5000,2356253.7500,-32768,13769,-109
01:47:28,1998.91,35.19,0.00,3276.70,0.00,35.7854,35.6884,35.6153,35.5144,39991980,1461914,2364743,39984904.0000,1462108.5000,2357618.5000,-32768,13769,-109
01:47:29,1998.91,35.21,0.00,3276.70,0.00,35.7887,35.6915,35.6199,35.5177,39995429,1462171,2365412,39985684.0000,1462071.5000,2357618.5000,-32768,13769,-109
01:47:31,2004.34,35.21,0.00,3276.70,0.00,35.7955,35.6977,35.6291,35.5244,40000936,1462078,2380380,39986160.0000,1462071.6250,2358835.0000,-32768,13769,-109
01:47:33,1998.91,35.22,0.00,3276.70,0.00,35.7955,35.7073,35.6291,35.5378,40014763,1462850,2368322,39989100.0000,1462135.0000,2360226.0000,-32768,13769,-109
01:47:35,1998.91,35.22,0.00,3276.70,0.00,35.8149,35.7138,35.6460,35.5412,40011812,1462690,2379558,39989808.0000,1462135.0000,2361354.0000,-32768,13769,-109
01:47:37,2004.34,35.22,0.00,3276.70,0.00,35.8245,35.7138,35.6596,35.5516,40011812,1462690,2370156,39992624.0000,1462228.5000,2362117.2500,-32768,13769,-109
01:47:39,2004.34,35.23,0.00,3276.70,0.00,35.8245,35.7300,35.6596,35.5620,40020703,1463460,2366902,39994136.0000,1462294.8750,2362363.2500,-32768,13769,-109
01:47:42,1998.91,35.23,0.00,3276.70,0.00,35.8245,35.7400,35.6596,35.5723,40020703,1463800,2357764,39998192.0000,1462450.7500,2363087.5000,-32768,13769,-109
01:47:45,2004.34,35.25,0.00,3276.70,0.00,35.8541,35.7500,35.6596,35.5723,40029732,1463377,2357764,40001060.0000,1462450.7500,2363087.5000,-32768,13769,-109
01:47:46,2004.34,35.25,0.00,3276.70,0.00,35.8677,35.7634,35.6998,35.5723,40029732,1463694,2368434,40003112.0000,1462616.7500,2364254.2500,-32768,13769,-109
01:47:48,1982.62,35.25,0.00,3276.70,0.00,35.8716,35.7668,35.7023,35.5723,40030805,1463694,2368434,40005824.0000,1462710.3750,2364849.0000,-32768,13769,-109
01:47:49,2009.78,35.25,0.00,3276.70,0.00,35.8807,35.7768,35.7095,35.6064,40044168,1464476,2376950,40007020.0000,1462765.5000,2365227.2500,-32768,13769,-109
01:47:50,2015.21,35.26,0.00,3276.70,0.00,35.8829,35.7801,35.7137,35.6097,40051565,1464490,2382538,40009820.0000,1462867.7500,2366334.5000,-32768,13769,-109
01:47:52,2015.21,35.26,0.00,3276.70,0.00,35.8881,35.7866,35.7195,35.6164,40046295,1464163,2376993,40010960.0000,1462867.7500,2366334.5000,-32768,13769,-109
01:47:54,2020.64,35.26,0.00,3276.70,0.00,35.8934,35.7931,35.7241,35.6164,40046510,1463832,2391143,40014088.0000,1463014.3750,2368026.5000,-32768,13769,-109
01:47:56,2031.50,35.26,0.00,3276.70,0.00,35.9000,35.7995,35.7241,35.6327,40059311,1463832,2379318,40018108.0000,1463153.1250,2368026.5000,-32768,13769,-109
01:47:58,2031.50,35.27,0.00,3276.70,0.00,35.9102,35.8091,35.7426,35.6393,40076995,1465573,2381376,40019948.0000,1463153.1250,2370555.7500,-32768,13769,-109
01:48:00,2026.07,35.27,0.00,3276.70,0.00,35.9197,35.8157,35.7491,35.6393,40105250,1465573,2384897,40029772.0000,1463631.5000,2372135.2500,-32768,13769,-109
01:48:02,2020.64,35.27,0.00,3276.70,0.00,35.9197,35.8292,35.7491,35.6623,40134759,1468246,2395083,40038620.0000,1464022.7500,2373972.2500,-32768,13769,-109
01:48:04,2015.21,35.27,0.00,3276.70,0.00,35.9384,35.8358,35.7491,35.6656,40139760,1468544,2388146,40041784.0000,1464164.0000,2374415.0000,-32768,13769,-109
01:48:06,2015.21,35.27,0.00,3276.70,0.00,35.9436,35.8423,35.7728,35.6721,40148782,1469030,2388146,40051492.0000,1464612.7500,2375537.5000,-32768,13769,-109
01:48:08,2015.21,35.27,0.00,3276.70,0.00,35.9436,35.8521,35.7728,35.6816,40161631,1469656,2390328,40061488.0000,1465060.1250,2376760.5000,-32768,13769,-109
01:48:10,2015.21,35.27,0.00,3276.70,0.00,35.9618,35.8587,35.7868,35.6880,40172126,1469822,2390414,40064948.0000,1465209.0000,2377187.0000,-32768,13769,-109
01:48:13,2009.78,35.28,0.00,3276.70,0.00,35.9618,35.8685,35.7868,35.7005,40188659,1470477,2394569,40064948.0000,1465209.0000,2378175.2500,-32768,13769,-109
01:48:15,2009.78,35.28,0.00,3276.70,0.00,35.9782,35.8685,35.8055,35.7098,40207193,1470984,2389454,40090264.0000,1466277.7500,2379303.2500,-32768,13769,-109
01:48:16,2015.21,35.29,0.00,3276.70,0.00,35.9839,35.8846,35.8088,35.7129,40210056,1471010,2395932,40094008.0000,1466425.6250,2379822.7500,-32768,13769,-109
01:48:19,2015.21,35.29,0.00,3276.70,0.00,35.9907,35.8942,35.8088,35.7220,40210056,1471034,2407592,40109132.0000,1466989.7500,2382554.5000,-32768,13769,-109
01:48:21,2015.21,35.30,0.00,3276.70,0.00,35.9976,35.9004,35.8088,35.7311,40232325,1471034,2399499,40120344.0000,1467412.6250,2382554.5000,-32768,13769,-109
01:48:24,2009.78,35.30,0.00,3276.70,0.00,36.0091,35.9004,35.8353,35.7311,40247067,1471952,2399499,40135324.0000,1467943.2500,2386708.0000,-32768,13769,-109
01:48:27,2009.78,35.32,0.00,3276.70,0.00,36.0175,35.9220,35.8353,35.7519,40247067,1472591,2402113,40146492.0000,1468353.8750,2388149.5000,-32768,13769,-109
01:48:29,2015.21,35.32,0.00,3276.70,0.00,36.0245,35.9311,35.8498,35.7578,40266383,1472382,2402113,40153960.0000,1468353.8750,2389579.0000,-32768,13769,-109
01:48:32,2009.78,35.34,0.00,3276.70,0.00,36.0245,35.9429,35.8498,35.7721,40266383,1472649,2404792,40171676.0000,1469203.3750,2390679.0000,-32768,13769,-109
01:48:35,2015.21,35.36,0.00,3276.70,0.00,36.0245,35.9547,35.8498,35.7835,40266383,1472932,2394192,40182076.0000,1469536.8750,2391270.2500,-32768,13769,-109
01:48:37,2009.78,35.37,0.00,3276.70,0.00,36.0520,35.9547,35.8787,35.7892,40293822,1472905,2407479,40188852.0000,1469744.7500,2391270.2500,-32768,13769,-109
01:48:39,2015.21,35.39,0.00,3276.70,0.00,36.0609,35.9693,35.8849,35.7892,40298821,1472905,2402127,40198616.0000,1470041.8750,2393740.0000,-32768,13769,-109
01:48:41,2009.78,35.40,0.00,3276.70,0.00,36.0688,35.9753,35.8918,35.7892,40303218,1472961,2408942,40204976.0000,1470224.7500,2393740.0000,-32768,13769,-109
01:48:42,2009.78,35.41,0.00,3276.70,0.00,36.0790,35.9843,35.9020,35.8096,40310434,1473048,2408942,40211344.0000,1470398.8750,2395330.5000,-32768,13769,-109
01:48:44,2009.78,35.41,0.00,3276.70,0.00,36.0814,35.9873,35.9020,35.8155,40314134,1473166,2410492,40217612.0000,1470568.3750,2396356.5000,-32768,13769,-109
01:48:47,2009.78,35.42,0.00,3276.70,0.00,36.0814,35.9964,35.9020,35.8245,40314134,1472952,2423908,40229856.0000,1470568.3750,2396356.5000,-32768,13769,-109
01:48:48,2009.78,35.43,0.00,3276.70,0.00,36.0999,36.0055,35.9236,35.8304,40321928,1473347,2411742,40232736.0000,1470942.7500,2399428.5000,-32768,13769,-109
01:48:49,2015.21,35.44,0.00,3276.70,0.00,36.1032,36.0085,35.9236,35.8364,40330222,1473253,2413447,40238576.0000,1471089.0000,2400261.2500,-32768,13769,-109
01:48:51,2015.21,35.45,0.00,3276.70,0.00,36.1111,36.0085,35.9392,35.8426,40328672,1473017,2426638,40244128.0000,1471204.8750,2401992.0000,-32768,13769,-109
01:48:54,2015.21,35.45,0.00,3276.70,0.00,36.1111,36.0240,35.9392,35.8519,40337420,1473017,2415667,40252312.0000,1471400.2500,2403161.5000,-32768,13769,-109
01:48:54,2015.21,35.47,0.00,3276.70,0.00,36.1286,36.0303,35.9512,35.8550,40334566,1473105,2429167,40254880.0000,1471502.2500,2404656.2500,-32768,13769,-109
01:48:56,2015.21,35.47,0.00,3276.70,0.00,36.1362,36.0367,35.9577,35.8611,40338446,1473186,2415497,40259912.0000,1471554.8750,2404995.0000,-32768,13769,-109
01:48:58,2015.21,35.48,0.00,3276.70,0.00,36.1452,36.0432,35.9577,35.8707,40344666,1473204,2429281,40267480.0000,1471710.3750,2406479.0000,-32768,13769,-109
01:49:00,2015.21,35.49,0.00,3276.70,0.00,36.1502,36.0497,35.9577,35.8771,40346471,1473204,2419708,40274716.0000,1471857.6250,2407881.5000,-32768,13769,-109
01:49:01,2015.21,35.50,0.00,3276.70,0.00,36.1550,36.0561,35.9813,35.8836,40349796,1473329,2418874,40277064.0000,1471903.6250,2408225.0000,-32768,13769,-109
01:49:03,2015.21,35.51,0.00,3276.70,0.00,36.1601,36.0624,35.9861,35.8868,40350420,1473177,2426429,40279356.0000,1471943.3750,2408225.0000,-32768,13769,-109
01:49:05,2015.21,35.52,0.00,3276.70,0.00,36.1678,36.0687,35.9941,35.8933,40354476,1473277,2426429,40286216.0000,1471943.3750,2408225.0000,-32768,13769,-109
01:49:06,2015.21,35.54,0.00,3276.70,0.00,36.1805,36.0785,36.0058,35.9031,40359164,1473101,2418995,40290660.0000,1471943.3750,2410637.2500,-32768,13769,-109
01:49:08,2015.21,35.54,0.00,3276.70,0.00,36.1843,36.0818,36.0102,35.9031,40366134,1473399,2422721,40295216.0000,1472199.0000,2411015.0000,-32768,13769,-109
01:49:10,2015.21,35.55,0.00,3276.70,0.00,36.1953,36.0916,36.0236,35.9166,40367745,1473254,2423054,40299652.0000,1472266.1250,2411754.7500,-32768,13769,-109
01:49:11,2015.21,35.56,0.00,3276.70,0.00,36.1995,36.0950,36.0262,35.9166,40367729,1473396,2414281,40303828.0000,1472336.0000,2411984.0000,-32768,13769,-109
01:49:12,2015.21,35.56,0.00,3276.70,0.00,36.2080,36.1018,36.0329,35.9166,40372215,1473148,2424589,40307952.0000,1472386.7500,2412751.2500,-32768,13769,-109
01:49:14,2015.21,35.57,0.01,3276.70,0.00,36.2148,36.1086,36.0420,35.9373,40374859,1473469,2415270,40312016.0000,1472443.5000,2413210.7500,-32768,13769,-109
01:49:15,2015.21,35.57,0.01,3276.70,0.00,36.2187,36.1153,36.0498,35.9408,40374714,1473472,2412933,40313972.0000,1472475.6250,2413202.0000,-32768,13769,-109
01:49:17,2015.21,35.57,0.02,3276.70,0.00,36.2208,36.1153,36.0569,35.9511,40383315,1473225,2426139,40319908.0000,1472533.8750,2414384.0000,-32768,13769,-109
01:49:19,2015.21,35.59,0.03,3276.70,0.00,36.2208,36.1310,36.0612,35.9578,40381893,1473304,2413815,40323788.0000,1472586.6250,2414423.0000,-32768,13769,-109
01:49:21,2015.21,35.60,0.03,3276.70,0.00,36.2208,36.1371,36.0612,35.9674,40389682,1473088,2428133,40329552.0000,1472636.0000,2415641.5000,-32768,13769,-109
01:49:23,2015.21,35.61,0.03,3276.70,0.00,36.2414,36.1371,36.0612,35.9738,40389682,1473088,2428861,40335080.0000,1472705.7500,2416205.0000,-32768,13769,-109
01:49:25,2015.21,35.62,0.05,3276.70,0.00,36.2566,36.1531,36.0815,35.9803,40392450,1473157,2429417,40336872.0000,1472705.7500,2416618.0000,-32768,13769,-109
01:49:26,2015.21,35.63,0.05,3276.70,0.00,36.2612,36.1565,36.0853,35.9836,40392450,1473157,2419291,40340416.0000,1472760.0000,2417097.2500,-32768,13769,-109
01:49:28,2015.21,35.63,0.05,3276.70,0.00,36.2721,36.1667,36.0951,35.9934,40395016,1472969,2419291,40343648.0000,1472779.3750,2417554.2500,-32768,13769,-109
01:49:30,2004.34,35.64,0.07,3276.70,0.00,36.2784,36.1734,36.0951,36.0031,40397703,1473176,2419160,40348596.0000,1472809.5000,2418431.2500,-32768,13769,-109
01:49:32,1998.91,35.64,0.08,3276.70,0.00,36.2861,36.1802,36.1083,36.0064,40397337,1473188,2419160,40351824.0000,1472829.6250,2418930.0000,-32768,13769,-109
01:49:34,1998.91,35.66,0.08,3276.70,0.00,36.2939,36.1905,36.1191,36.0163,40399874,1472977,2432148,40354856.0000,1472829.6250,2419745.0000,-32768,13769,-109
01:49:35,1993.48,35.67,0.10,3276.70,0.00,36.3010,36.1939,36.1223,36.0195,40399685,1473247,2421089,40356256.0000,1472853.6250,2419745.0000,-32768,13769,-109
01:49:36,1993.48,35.67,0.09,3276.70,0.00,36.3079,36.2008,36.1284,36.0261,40399814,1472656,2432507,40358880.0000,1472857.3750,2420215.5000,-32768,13769,-109
01:49:38,1993.48,35.68,0.09,3276.70,0.00,36.3150,36.2077,36.1360,36.0327,40402121,1472658,2434144,40361456.0000,1472842.6250,2421054.7500,-32768,13769,-109
01:49:39,1993.48,35.69,0.10,3276.70,0.00,36.3225,36.2146,36.1436,36.0394,40397639,1472599,2422301,40363752.0000,1472833.2500,2421127.2500,-32768,13769,-109
01:49:41,1993.48,35.69,0.11,3276.70,0.00,36.3277,36.2214,36.1510,36.0461,40401931,1472313,2434195,40366032.0000,1472803.0000,2421945.5000,-32768,13769,-109
01:49:44,1993.48,35.72,0.12,3276.70,0.00,36.3277,36.2314,36.1510,36.0561,40401931,1472060,2434195,40366032.0000,1472712.7500,2423306.5000,-32768,13769,-109
01:49:46,1993.48,35.73,0.14,3276.70,0.00,36.3277,36.2415,36.1510,36.0696,40401026,1471982,2431402,40372840.0000,1472665.5000,2423949.2500,-32768,13769,-109
01:49:48,1993.48,35.75,0.14,3276.70,0.00,36.3277,36.2520,36.1510,36.0800,40405274,1471872,2436819,40375680.0000,1472598.7500,2424840.0000,-32768,13769,-109
01:49:50,1993.48,35.75,0.15,3276.70,0.00,36.3710,36.2592,36.1929,36.0835,40405540,1471758,2436819,40377508.0000,1472544.1250,2425745.2500,-32768,13769,-109
01:49:53,1993.48,35.77,0.16,3276.70,0.00,36.3710,36.2701,36.1929,36.0977,40405540,1471272,2436819,40380924.0000,1472407.2500,2427308.0000,-32768,13769,-109
01:49:55,1993.48,35.78,0.17,3276.70,0.00,36.3967,36.2812,36.1929,36.1087,40408388,1471459,2432098,40382620.0000,1472349.3750,2427736.7500,-32768,13769,-109
01:49:57,1998.91,35.79,0.17,3276.70,0.00,36.3967,36.2925,36.1929,36.1087,40407107,1470979,2441294,40384888.0000,1472236.0000,2428936.7500,-32768,13769,-109
01:49:59,1993.48,35.80,0.17,3276.70,0.00,36.4223,36.3003,36.2429,36.1237,40408051,1470979,2430941,40386428.0000,1472182.8750,2429124.2500,-32768,13769,-109
01:50:00,1993.48,35.81,0.18,3276.70,0.00,36.4320,36.3082,36.2531,36.1315,40412817,1471099,2443267,40387252.0000,1472149.0000,2429566.2500,-32768,13769,-109
01:50:04,2009.78,35.82,0.18,3276.70,0.00,36.4320,36.3082,36.2669,36.1315,40413788,1471343,2433730,40387252.0000,1472149.0000,2430611.5000,-32768,13769,-109
01:50:05,2009.78,35.85,0.18,3276.70,0.00,36.4634,36.3326,36.2849,36.1556,40412140,1470589,2446565,40391736.0000,1471953.3750,2431561.0000,-32768,13769,-109
01:50:09,2009.78,35.85,0.22,3276.70,0.00,36.4634,36.3455,36.2849,36.1685,40412140,1470162,2446430,40391736.0000,1471708.2500,2433142.2500,-32768,13769,-109
01:50:12,2009.78,35.88,0.23,3276.70,0.00,36.4634,36.3628,36.2849,36.1902,40412140,1470262,2450029,40396892.0000,1471529.5000,2434793.2500,-32768,13769,-109
01:50:13,2009.78,35.89,0.23,3276.70,0.00,36.5152,36.3801,36.3388,36.2032,40420248,1470157,2448833,40398268.0000,1471443.7500,2435692.5000,-32768,13769,-109
01:50:15,2009.78,35.91,0.26,3276.70,0.00,36.5194,36.3845,36.3388,36.2120,40420924,1469857,2455908,40399680.0000,1471351.5000,2435692.5000,-32768,13769,-109
01:50:18,2009.78,35.91,0.26,3276.70,0.00,36.5194,36.3975,36.3388,36.2252,40420924,1469609,2455908,40402300.0000,1471161.6250,2438671.2500,-32768,13769,-109
01:50:20,2009.78,35.93,0.26,3276.70,0.00,36.5501,36.4149,36.3739,36.2383,40422291,1469519,2451398,40403560.0000,1471056.8750,2439725.2500,-32768,13769,-109
01:50:22,2009.78,35.94,0.26,3276.70,0.00,36.5570,36.4149,36.3820,36.2383,40424373,1469224,2462051,40405316.0000,1470903.8750,2441207.5000,-32768,13769,-109
01:50:24,2009.78,35.94,0.29,3276.70,0.00,36.5660,36.4321,36.3907,36.2600,40425923,1469409,2454097,40406680.0000,1470807.3750,2442349.0000,-32768,13769,-109
01:50:26,2009.78,35.94,0.29,3276.70,0.00,36.5660,36.4452,36.4075,36.2688,40425475,1469298,2466460,40408468.0000,1470661.2500,2443897.5000,-32768,13769,-109
01:50:29,2009.78,35.98,0.30,3276.70,0.00,36.5660,36.4587,36.4075,36.2870,40424766,1469045,2457445,40410064.0000,1470502.2500,2445377.2500,-32768,13769,-109
01:50:30,2009.78,36.00,0.30,3276.70,0.00,36.6071,36.4677,36.4344,36.2916,40429046,1469077,2458224,40410656.0000,1470457.7500,2445377.2500,-32768,13769,-109
01:50:31,2009.78,36.01,0.32,3276.70,0.00,36.6152,36.4766,36.4429,36.3007,40428880,1468640,2464274,40411860.0000,1470349.0000,2446961.7500,-32768,13769,-109
01:50:32,2009.78,36.02,0.32,3276.70,0.00,36.6202,36.4810,36.4475,36.3053,40426629,1468883,2460241,40412320.0000,1470303.2500,2447376.7500,-32768,13769,-109
01:50:34,2009.78,36.02,0.32,3276.70,0.00,36.6307,36.4810,36.4579,36.3145,40429959,1468743,2459254,40413396.0000,1470212.7500,2448133.0000,-32768,13769,-109
01:50:36,2009.78,36.03,0.33,3276.70,0.00,36.6307,36.4991,36.4579,36.3284,40429638,1468547,2460196,40415016.0000,1470046.2500,2449716.7500,-32768,13769,-109
01:50:38,2009.78,36.05,0.33,3276.70,0.00,36.6307,36.5130,36.4579,36.3426,40429178,1468004,2471511,40416368.0000,1469888.2500,2451115.5000,-32768,13769,-109
01:50:40,2009.78,36.05,0.35,3276.70,0.00,36.6691,36.5268,36.5000,36.3521,40430765,1468290,2462904,40417292.0000,1469780.2500,2452493.5000,-32768,13769,-109
01:50:42,2009.78,36.07,0.35,3276.70,0.00,36.6779,36.5359,36.5078,36.3615,40431541,1468020,2462792,40418160.0000,1469678.7500,2452815.2500,-32768,13769,-109
01:50:44,2009.78,36.08,0.35,3276.70,0.00,36.6858,36.5450,36.5161,36.3615,40435463,1467650,2473753,40419144.0000,1469678.7500,2454330.0000,-32768,13769,-109
01:50:46,2009.78,36.08,0.36,3276.70,0.00,36.6858,36.5584,36.5276,36.3847,40434567,1467805,2465392,40420456.0000,1469392.3750,2455000.7500,-32768,13769,-109
01:50:48,2015.21,36.11,0.36,3276.70,0.00,36.7108,36.5719,36.5400,36.3983,40430952,1467374,2465728,40421428.0000,1469212.0000,2456030.2500,-32768,13769,-109
01:50:49,2009.78,36.12,0.39,3276.70,0.00,36.7147,36.5763,36.5439,36.4029,40432066,1467367,2466419,40421760.0000,1469154.3750,2456355.0000,-32768,13769,-109
01:50:51,2009.78,36.13,0.39,3276.70,0.00,36.7223,36.5852,36.5524,36.4119,40435399,1467517,2466419,40421760.0000,1469154.3750,2457022.5000,-32768,13769,-109
01:50:53,2009.78,36.13,0.39,3276.70,0.00,36.7289,36.5939,36.5587,36.4119,40437322,1467238,2468282,40423656.0000,1469154.3750,2458023.0000,-32768,13769,-109
01:50:54,2009.78,36.14,0.40,3276.70,0.00,36.7414,36.6068,36.5717,36.4340,40435400,1467401,2458397,40424448.0000,1468795.0000,2458034.5000,-32768,13769,-109
01:50:56,2009.78,36.15,0.41,3276.70,0.00,36.7455,36.6111,36.5753,36.4384,40432715,1467184,2464034,40424708.0000,1468744.6250,2458034.5000,-32768,13769,-109
01:50:58,2009.78,36.16,0.41,3276.70,0.00,36.7455,36.6241,36.5753,36.4384,40437295,1466823,2470141,40425860.0000,1468579.1250,2459236.2500,-32768,13769,-109
01:51:00,2009.78,36.18,0.41,3276.70,0.00,36.7659,36.6327,36.5949,36.4602,40436206,1466848,2467082,40426556.0000,1468478.5000,2459567.5000,-32768,13769,-109
01:51:02,2009.78,36.19,0.42,3276.70,0.00,36.7764,36.6413,36.5949,36.4602,40436493,1466661,2467082,40426556.0000,1468478.5000,2460865.5000,-32768,13769,-109
01:51:04,2009.78,36.20,0.43,3276.70,0.00,36.7886,36.6543,36.6176,36.4820,40436027,1466387,2469235,40428000.0000,1468478.5000,2461454.2500,-32768,13769,-109
01:51:06,2009.78,36.20,0.43,3276.70,0.00,36.7961,36.6629,36.6258,36.4907,40436283,1466266,2473097,40428792.0000,1468023.0000,2461454.2500,-32768,13769,-109
01:51:07,2009.78,36.22,0.45,3276.70,0.00,36.8054,36.6715,36.6347,36.4994,40439666,1466443,2465435,40429132.0000,1467973.6250,2462279.7500,-32768,13769,-109
01:51:09,2009.78,36.23,0.46,3276.70,0.00,36.8054,36.6843,36.6347,36.5168,40440552,1466077,2475103,40430484.0000,1467762.8750,2463668.2500,-32768,13769,-109
01:51:10,2009.78,36.24,0.46,3276.70,0.00,36.8272,36.6929,36.6586,36.5212,40440360,1465961,2471433,40430792.0000,1467706.6250,2463911.0000,-32768,13769,-109
01:51:12,2015.21,36.25,0.46,3276.70,0.00,36.8318,36.6972,36.6640,36.5257,40439227,1465849,2477798,40431056.0000,1467648.5000,2464345.0000,-32768,13769,-109
01:51:14,2009.78,36.25,0.47,3276.70,0.00,36.8401,36.7059,36.6714,36.5345,40441824,1465837,2476214,40431728.0000,1467648.5000,2465076.7500,-32768,13769,-109
01:51:15,2009.78,36.27,0.47,3276.70,0.00,36.8498,36.7189,36.6846,36.5477,40440507,1465366,2481914,40432504.0000,1467355.5000,2466281.5000,-32768,13769,-109
01:51:17,2015.21,36.27,0.48,3276.70,0.00,36.8498,36.7277,36.6941,36.5565,40442954,1465491,2477556,40433124.0000,1467242.5000,2466949.0000,-32768,13769,-109
01:51:19,2009.78,36.28,0.48,3276.70,0.00,36.8737,36.7365,36.7036,36.5654,40441936,1464976,2485501,40433692.0000,1467114.0000,2467875.2500,-32768,13769,-109
01:51:21,2009.78,36.28,0.50,3276.70,0.00,36.8826,36.7365,36.7172,36.5654,40443407,1465078,2480934,40434648.0000,1466867.5000,2469664.7500,-32768,13769,-109
01:51:23,2015.21,36.31,0.52,3276.70,0.00,36.8948,36.7584,36.7277,36.5654,40443972,1464729,2487038,40435224.0000,1466737.8750,2470771.5000,-32768,13769,-109
01:51:25,2009.78,36.32,0.50,3276.70,0.00,36.8948,36.7718,36.7277,36.6012,40442918,1464795,2481531,40435672.0000,1466620.3750,2471397.5000,-32768,13769,-109
01:51:27,2009.78,36.33,0.50,3276.70,0.00,36.8948,36.7853,36.7580,36.6150,40446293,1464645,2480002,40436512.0000,1466446.8750,2471397.5000,-32768,13769,-109
01:51:30,2009.78,36.33,0.53,3276.70,0.00,36.8948,36.7943,36.7580,36.6288,40443712,1464345,2483503,40437136.0000,1466265.1250,2473412.2500,-32768,13769,-109
01:51:31,2015.21,36.33,0.54,3276.70,0.00,36.9486,36.8079,36.7812,36.6380,40446429,1464381,2481372,40437652.0000,1466146.5000,2474076.7500,-32768,13769,-109
01:51:33,2015.21,36.38,0.54,3276.70,0.00,36.9534,36.8125,36.7855,36.6472,40443322,1464136,2485926,40437652.0000,1466146.5000,2474076.7500,-32768,13769,-109
01:51:35,2015.21,36.39,0.55,3276.70,0.00,36.9676,36.8261,36.7991,36.6472,40443235,1464196,2487954,40438348.0000,1465855.2500,2475801.7500,-32768,13769,-109
01:51:37,2015.21,36.40,0.55,3276.70,0.00,36.9765,36.8352,36.8085,36.6656,40447474,1463999,2486283,40438832.0000,1465855.2500,2476501.2500,-32768,13769,-109
01:51:38,2015.21,36.40,0.56,3276.70,0.00,36.9864,36.8443,36.8183,36.6656,40447491,1463761,2487807,40439696.0000,1465620.3750,2477250.2500,-32768,13769,-109
01:51:39,2015.21,36.41,0.56,3276.70,0.00,36.9910,36.8489,36.8234,36.6841,40447491,1463769,2489528,40439904.0000,1465562.6250,2477634.0000,-32768,13769,-109
01:51:40,2015.21,36.42,0.58,3276.70,0.00,37.0016,36.8581,36.8352,36.6887,40444871,1463447,2489414,40440060.0000,1465496.5000,2478002.0000,-32768,13769,-109
01:51:42,2015.21,36.43,0.58,3276.70,0.00,37.0051,36.8627,36.8411,36.6935,40444424,1463334,2489493,40440416.0000,1465496.5000,2478691.5000,-32768,13769,-109
01:51:44,2015.21,36.43,0.59,3276.70,0.00,37.0177,36.8762,36.8521,36.7075,40442682,1463210,2490924,40440416.0000,1465496.5000,2479794.0000,-32768,13769,-109
01:51:47,2015.21,36.43,0.58,3276.70,0.00,37.0177,36.8900,36.8521,36.7215,40449678,1463210,2490256,40440416.0000,1464931.6250,2481231.7500,-32768,13769,-109
01:51:48,2015.21,36.43,0.60,3276.70,0.00,37.0461,36.9037,36.8803,36.7355,40448605,1462941,2493044,40441848.0000,1464869.3750,2481600.7500,-32768,13769,-109
01:51:50,2015.21,36.47,0.60,3276.70,0.00,37.0525,36.9083,36.8863,36.7355,40448544,1462959,2492527,40442292.0000,1464751.5000,2482268.7500,-32768,13769,-109
01:51:54,2015.21,36.48,0.61,3276.70,0.00,37.0676,36.9083,36.9054,36.7355,40447158,1462959,2494965,40442292.0000,1464439.3750,2482268.7500,-32768,13769,-109
01:51:55,2015.21,36.51,0.62,3276.70,0.00,37.0864,36.9410,36.9205,36.7732,40448841,1462606,2491812,40443408.0000,1464321.1250,2484613.5000,-32768,13769,-109
01:51:57,2015.21,36.52,0.62,3276.70,0.00,37.0983,36.9549,36.9341,36.7874,40452286,1462606,2494975,40443964.0000,1464196.5000,2485229.7500,-32768,13769,-109
01:51:59,2015.21,36.53,0.62,3276.70,0.00,37.1027,36.9595,36.9341,36.7967,40452083,1462279,2494432,40444480.0000,1464196.5000,2485229.7500,-32768,13769,-109
01:52:03,2015.21,36.54,0.64,3276.70,0.00,37.1027,36.9776,36.9341,36.8149,40452083,1461923,2494515,40445236.0000,1463755.7500,2487626.7500,-32768,13769,-109
01:52:05,2015.21,36.56,0.66,3276.70,0.00,37.1302,36.9776,36.9341,36.8284,40452083,1461677,2499472,40445904.0000,1463563.6250,2488772.2500,-32768,13769,-109
01:52:07,2015.21,36.57,0.66,3276.70,0.00,37.1480,37.0089,36.9818,36.8418,40454545,1461532,2497859,40446472.0000,1463439.3750,2489386.0000,-32768,13769,-109
01:52:08,2015.21,36.59,0.67,3276.70,0.00,37.1522,37.0178,36.9901,36.8508,40454787,1461538,2499584,40446960.0000,1463439.3750,2490116.7500,-32768,13769,-109
01:52:10,2015.21,36.60,0.68,3276.70,0.00,37.1659,37.0267,37.0007,36.8598,40452703,1461289,2499584,40447496.0000,1463138.8750,2491168.5000,-32768,13769,-109
01:52:12,2015.21,36.61,0.68,3276.70,0.00,37.1771,37.0357,37.0114,36.8690,40453406,1461183,2499584,40447860.0000,1463014.3750,2491955.7500,-32768,13769,-109
01:52:15,2015.21,36.62,0.68,3276.70,0.00,37.1867,37.0448,37.0114,36.8827,40453406,1460745,2505179,40448376.0000,1462818.1250,2493043.2500,-32768,13769,-109
01:52:16,2015.21,36.64,0.70,3276.70,0.00,37.2008,37.0586,37.0345,36.8918,40458228,1460874,2505179,40448936.0000,1462694.7500,2493777.0000,-32768,13769,-109
01:52:19,2015.21,36.64,0.71,3276.70,0.00,37.2008,37.0768,37.0345,36.9101,40456408,1460657,2504436,40449892.0000,1462445.1250,2495212.5000,-32768,13769,-109
01:52:21,2020.64,36.67,0.71,3276.70,0.00,37.2242,37.0857,37.0601,36.9192,40455027,1460424,2506070,40450052.0000,1462445.1250,2495877.2500,-32768,13769,-109
01:52:23,2015.21,36.69,0.72,3276.70,0.00,37.2242,37.0991,37.0743,36.9328,40454590,1460089,2506070,40450568.0000,1462116.7500,2496948.5000,-32768,13769,-109
01:52:25,2015.21,36.70,0.72,3276.70,0.00,37.2518,37.1083,37.0852,36.9420,40455342,1459982,2506918,40450716.0000,1462050.1250,2497552.0000,-32768,13769,-109
01:52:27,2015.21,36.70,0.73,3276.70,0.00,37.2613,37.1175,37.0852,36.9559,40455342,1459842,2512169,40451144.0000,1461855.1250,2498343.2500,-32768,13769,-109
01:52:29,2015.21,36.72,0.74,3276.70,0.00,37.2820,37.1362,37.1170,36.9700,40457716,1459771,2509962,40451660.0000,1461670.3750,2499308.7500,-32768,13769,-109
01:52:32,2015.21,36.73,0.75,3276.70,0.00,37.2820,37.1457,37.1170,36.9845,40457716,1459475,2511597,40452336.0000,1461422.5000,2500657.0000,-32768,13769,-109
01:52:34,2015.21,36.75,0.75,3276.70,0.00,37.2820,37.1697,37.1560,37.0040,40460205,1459518,2515060,40452900.0000,1461250.7500,2501843.5000,-32768,13769,-109
01:52:36,2020.64,36.77,0.75,3276.70,0.00,37.2820,37.1746,37.1560,37.0138,40462310,1459221,2512635,40453440.0000,1461126.2500,2502505.5000,-32768,13769,-109
01:52:38,2020.64,36.78,0.77,3276.70,0.00,37.3416,37.1892,37.1560,37.0236,40462421,1458976,2514994,40454000.0000,1460999.8750,2503229.0000,-32768,13769,-109
01:52:41,2020.64,36.79,0.77,3276.70,0.00,37.3416,37.1989,37.1560,37.0384,40462421,1458861,2518091,40454948.0000,1460749.8750,2504866.5000,-32768,13769,-109
01:52:44,2020.64,36.80,0.78,3276.70,0.00,37.3416,37.2236,37.1560,37.0582,40462421,1458729,2519098,40455940.0000,1460508.6250,2506449.7500,-32768,13769,-109
01:52:45,2015.21,36.83,0.79,3276.70,0.00,37.3886,37.2336,37.2217,37.0730,40469671,1458626,2519889,40456736.0000,1460394.6250,2507254.7500,-32768,13769,-109
01:52:49,2015.21,36.83,0.79,3276.70,0.00,37.3984,37.2336,37.2367,37.0730,40467680,1458542,2519889,40457704.0000,1460227.2500,2507254.7500,-32768,13769,-109
01:52:51,2020.64,36.85,0.81,3276.70,0.00,37.3984,37.2689,37.2367,37.1030,40467680,1458022,2524562,40458964.0000,1459982.1250,2510002.7500,-32768,13769,-109
01:52:53,2015.21,36.88,0.81,3276.70,0.00,37.3984,37.2842,37.2757,37.1182,40468819,1458126,2523955,40459540.0000,1459813.7500,2511233.2500,-32768,13769,-109
01:52:56,2015.21,36.88,0.81,3276.70,0.00,37.3984,37.2996,37.2757,37.1334,40472475,1457964,2528900,40460564.0000,1459705.0000,2511233.2500,-32768,13769,-109
01:52:58,2015.21,36.91,0.81,3276.70,0.00,37.4693,37.3099,37.3018,37.1487,40472351,1457753,2528900,40461564.0000,1459526.8750,2513302.5000,-32768,13769,-109
01:53:00,2020.64,36.91,0.83,3276.70,0.00,37.4764,37.3200,37.3099,37.1537,40473275,1457818,2528900,40461564.0000,1459415.0000,2514101.7500,-32768,13769,-109
01:53:03,2020.64,36.93,0.84,3276.70,0.00,37.4764,37.3399,37.3099,37.1736,40473275,1457471,2525222,40463824.0000,1459187.8750,2515606.2500,-32768,13769,-109
01:53:05,2009.78,36.94,0.85,3276.70,0.00,37.5037,37.3399,37.3393,37.1736,40474365,1457350,2528863,40464512.0000,1459187.8750,2515606.2500,-32768,13769,-109
01:53:07,2004.34,36.96,0.85,3276.70,0.00,37.5179,37.3646,37.3489,37.1979,40479088,1457262,2530228,40464512.0000,1459187.8750,2515606.2500,-32768,13769,-109
01:53:09,2004.34,36.98,0.86,3276.70,0.00,37.5278,37.3791,37.3608,37.2123,40478705,1457306,2531831,40466556.0000,1458819.8750,2518517.2500,-32768,13769,-109
01:53:10,1998.91,36.98,0.86,3276.70,0.00,37.5327,37.3884,37.3698,37.2218,40475188,1457188,2531831,40467392.0000,1458663.8750,2519760.5000,-32768,13769,-109
01:53:13,1998.91,36.99,0.86,3276.70,0.00,37.5327,37.4021,37.3698,37.2405,40476266,1456824,2532560,40468116.0000,1458504.6250,2520780.2500,-32768,13769,-109
01:53:15,1998.91,36.99,0.89,3276.70,0.00,37.5550,37.4114,37.3884,37.2451,40476673,1456708,2532071,40468384.0000,1458504.6250,2521618.5000,-32768,13769,-109
01:53:18,1998.91,36.99,0.89,3276.70,0.00,37.5699,37.4253,37.3884,37.2636,40476673,1456708,2534096,40469532.0000,1458228.8750,2521618.5000,-32768,13769,-109
01:53:20,1998.91,37.04,0.90,3276.70,0.00,37.5833,37.4253,37.3884,37.2775,40477774,1456292,2532552,40470336.0000,1458228.8750,2521618.5000,-32768,13769,-109
01:53:22,1998.91,37.06,0.91,3276.70,0.00,37.5967,37.4253,37.3884,37.2917,40478400,1456137,2535759,40471024.0000,1457881.2500,2524797.0000,-32768,13769,-109
01:53:24,1998.91,37.07,0.91,3276.70,0.00,37.5967,37.4670,37.3884,37.3060,40479825,1455972,2536791,40471728.0000,1457717.2500,2525831.2500,-32768,13769,-109
01:53:26,1998.91,37.07,0.92,3276.70,0.00,37.6309,37.4814,37.4651,37.3156,40479581,1455930,2538401,40472208.0000,1457606.8750,2526582.7500,-32768,13769,-109
01:53:28,1998.91,37.07,0.92,3276.70,0.00,37.6365,37.4862,37.4708,37.3204,40481502,1455760,2540235,40472496.0000,1457606.8750,2527312.0000,-32768,13769,-109
01:53:31,1998.91,37.11,0.92,3276.70,0.00,37.6365,37.5059,37.4708,37.3399,40481502,1455614,2541257,40474108.0000,1457271.3750,2528864.7500,-32768,13769,-109
01:53:34,1998.91,37.13,0.93,3276.70,0.00,37.6365,37.5257,37.4708,37.3644,40487684,1455491,2542695,40475656.0000,1457060.1250,2530441.7500,-32768,13769,-109
01:53:36,1998.91,37.14,0.95,3276.70,0.00,37.6908,37.5257,37.5280,37.3644,40488005,1455218,2543466,40476752.0000,1457060.1250,2531636.0000,-32768,13769,-109
01:53:39,1998.91,37.16,0.95,3276.70,0.00,37.7060,37.5506,37.5379,37.3644,40489011,1455082,2546421,40477504.0000,1457060.1250,2532843.7500,-32768,13769,-109
01:53:40,1998.91,37.18,0.95,3276.70,0.00,37.7277,37.5707,37.5582,37.4039,40495586,1455073,2546726,40478940.0000,1456638.0000,2533799.5000,-32768,13769,-109
01:53:43,1998.91,37.19,0.97,3276.70,0.00,37.7277,37.5809,37.5582,37.4189,40495586,1455130,2543162,40480228.0000,1456494.0000,2534900.5000,-32768,13769,-109
01:53:44,1998.91,37.21,0.98,3276.70,0.00,37.7503,37.5911,37.5793,37.4239,40494797,1455019,2551626,40480680.0000,1456447.8750,2535423.2500,-32768,13769,-109
01:53:47,1998.91,37.21,0.97,3276.70,0.00,37.7559,37.5911,37.5793,37.4339,40494797,1454790,2551626,40480680.0000,1456447.8750,2535423.2500,-32768,13769,-109
01:53:48,1998.91,37.24,0.98,3276.70,0.00,37.7775,37.6168,37.6069,37.4491,40499136,1454540,2551626,40480680.0000,1456151.0000,2537988.0000,-32768,13769,-109
01:53:49,1998.91,37.24,0.98,3276.70,0.00,37.7832,37.6272,37.6190,37.4593,40499174,1454676,2552612,40484048.0000,1456104.8750,2538445.0000,-32768,13769,-109
01:53:50,1998.91,37.25,0.99,3276.70,0.00,37.7948,37.6324,37.6190,37.4593,40499646,1454630,2550536,40485096.0000,1456012.0000,2539136.7500,-32768,13769,-109
01:53:53,1998.91,37.26,0.99,3276.70,0.00,37.8059,37.6324,37.6416,37.4593,40503471,1454441,2553282,40486180.0000,1455917.2500,2539136.7500,-32768,13769,-109
01:53:54,1998.91,37.28,1.01,3276.70,0.00,37.8237,37.6587,37.6534,37.4904,40503972,1454245,2553899,40487228.0000,1455815.6250,2540867.0000,-32768,13769,-109
01:53:55,1998.91,37.28,1.01,3276.70,0.00,37.8292,37.6587,37.6640,37.5009,40504669,1454283,2555447,40488292.0000,1455719.0000,2541741.2500,-32768,13769,-109
01:53:57,1998.91,37.29,1.01,3276.70,0.00,37.8395,37.6747,37.6691,37.5061,40504044,1454136,2555122,40488784.0000,1455669.5000,2542159.2500,-32768,13769,-109
01:53:58,1998.91,37.30,1.01,3276.70,0.00,37.8496,37.6852,37.6796,37.5166,40505265,1454058,2556798,40489752.0000,1455567.8750,2542159.2500,-32768,13769,-109
01:54:01,1998.91,37.31,1.02,3276.70,0.00,37.8496,37.6959,37.6796,37.5323,40505265,1453892,2558289,40489752.0000,1455372.7500,2545254.7500,-32768,13769,-109
01:54:03,1998.91,37.34,1.02,3276.70,0.00,37.8802,37.7169,37.7102,37.5480,40511842,1453753,2559964,40493148.0000,1455276.6250,2545714.5000,-32768,13769,-109
01:54:06,1998.91,37.35,1.03,3276.70,0.00,37.8802,37.7327,37.7102,37.5689,40513527,1453575,2560495,40495532.0000,1455085.1250,2547444.5000,-32768,13769,-109
01:54:08,2004.34,37.35,1.03,3276.70,0.00,37.9075,37.7433,37.7102,37.5741,40513527,1453565,2560495,40497272.0000,1454944.0000,2548794.5000,-32768,13769,-109
01:54:10,2004.34,37.35,1.04,3276.70,0.00,37.9222,37.7590,37.7525,37.5898,40517936,1453529,2562821,40497916.0000,1454899.7500,2548794.5000,-32768,13769,-109
01:54:13,1998.91,37.40,1.05,3276.70,0.00,37.9337,37.7696,37.7525,37.6055,40517936,1453366,2564295,40497916.0000,1454721.5000,2550986.2500,-32768,13769,-109
01:54:14,2004.34,37.42,1.05,3276.70,0.00,37.9479,37.7853,37.7795,37.6160,40518822,1453288,2564803,40500936.0000,1454676.6250,2551895.2500,-32768,13769,-109
01:54:16,1998.91,37.43,1.07,3276.70,0.00,37.9594,37.7853,37.7953,37.6160,40522807,1453378,2563569,40502852.0000,1454551.7500,2552823.0000,-32768,13769,-109
01:54:17,1998.91,37.44,1.07,3276.70,0.00,37.9751,37.8116,37.8061,37.6423,40524121,1453153,2567195,40504120.0000,1454467.6250,2553697.0000,-32768,13769,-109
01:54:20,1998.91,37.44,1.08,3276.70,0.00,37.9751,37.8222,37.8061,37.6582,40524121,1452911,2567195,40506552.0000,1454286.6250,2555423.5000,-32768,13769,-109
01:54:22,2004.34,37.44,1.09,3276.70,0.00,38.0028,37.8381,37.8329,37.6688,40524998,1452738,2567195,40507688.0000,1454193.1250,2556313.7500,-32768,13769,-109
01:54:24,1998.91,37.47,1.09,3276.70,0.00,38.0146,37.8487,37.8439,37.6793,40527513,1452738,2567195,40508952.0000,1454105.6250,2557237.7500,-32768,13769,-109
01:54:26,1998.91,37.48,1.09,3276.70,0.00,38.0289,37.8646,37.8598,37.6952,40528481,1452465,2567195,40508952.0000,1454105.6250,2558567.2500,-32768,13769,-109
01:54:28,2004.34,37.50,1.10,3276.70,0.00,38.0386,37.8804,37.8736,37.7109,40529592,1452410,2576527,40511824.0000,1453867.6250,2558567.2500,-32768,13769,-109
01:54:29,2004.34,37.52,1.10,3276.70,0.00,38.0484,37.8856,37.8789,37.7162,40530593,1452424,2575219,40512412.0000,1453822.5000,2559962.7500,-32768,13769,-109
01:54:30,2004.34,37.53,1.11,3276.70,0.00,38.0606,37.8961,37.8912,37.7267,40532052,1452269,2574149,40513556.0000,1453728.8750,2560853.2500,-32768,13769,-109
01:54:32,1998.91,37.54,1.11,3276.70,0.00,38.0735,37.9068,37.9029,37.7373,40534038,1452269,2578214,40513556.0000,1453600.5000,2562177.7500,-32768,13769,-109
01:54:34,2004.34,37.55,1.11,3276.70,0.00,38.0908,37.9229,37.9211,37.7534,40534327,1452269,2578214,40516560.0000,1453500.6250,2563150.7500,-32768,13769,-109
01:54:37,1998.91,37.56,1.13,3276.70,0.00,38.0908,37.9337,37.9211,37.7697,40538547,1452072,2578647,40516560.0000,1453500.6250,2564929.2500,-32768,13769,-109
01:54:38,2004.34,37.58,1.14,3276.70,0.00,38.1196,37.9500,37.9506,37.7806,40539195,1451990,2579554,40519732.0000,1453282.0000,2565386.2500,-32768,13769,-109
01:54:39,2004.34,37.59,1.14,3276.70,0.00,38.1260,37.9555,37.9566,37.7861,40537859,1451824,2583379,40520296.0000,1453236.5000,2565948.5000,-32768,13769,-109
01:54:42,2004.34,37.60,1.14,3276.70,0.00,38.1377,37.9665,37.9688,37.7861,40542292,1451824,2580765,40520296.0000,1453055.2500,2567624.7500,-32768,13769,-109
01:54:44,2004.34,37.61,1.15,3276.70,0.00,38.1571,37.9832,37.9884,37.8138,40543751,1451470,2586506,40523572.0000,1453055.2500,2568605.7500,-32768,13769,-109
01:54:46,2004.34,37.62,1.15,3276.70,0.00,38.1695,37.9832,38.0054,37.8138,40545713,1451485,2583878,40526132.0000,1452826.2500,2569941.7500,-32768,13769,-109
01:54:49,2004.34,37.64,1.15,3276.70,0.00,38.1854,38.0113,38.0174,37.8420,40547515,1451485,2583878,40527496.0000,1452826.2500,2571330.5000,-32768,13769,-109
01:54:52,2004.34,37.66,1.15,3276.70,0.00,38.1854,38.0337,38.0174,37.8703,40547515,1451102,2589174,40530876.0000,1452515.0000,2571330.5000,-32768,13769,-109
01:54:53,2004.34,37.69,1.16,3276.70,0.00,38.2258,38.0506,38.0599,37.8818,40553413,1451192,2587596,40531580.0000,1452433.2500,2574119.5000,-32768,13769,-109
01:54:54,2004.34,37.69,1.17,3276.70,0.00,38.2375,38.0619,38.0707,37.8932,40555210,1451054,2587596,40532960.0000,1452390.1250,2574604.5000,-32768,13769,-109
01:54:56,2004.34,37.71,1.17,3276.70,0.00,38.2434,38.0675,38.0765,37.8989,40555210,1451054,2592892,40534404.0000,1452297.5000,2575516.0000,-32768,13769,-109
01:54:57,2004.34,37.72,1.19,3276.70,0.00,38.2545,38.0789,38.0864,37.9102,40557526,1450820,2591419,40535128.0000,1452251.2500,2576013.0000,-32768,13769,-109
01:54:59,2004.34,37.72,1.17,3276.70,0.00,38.2664,38.0789,38.0979,37.9102,40559557,1450905,2590067,40537308.0000,1452124.0000,2577385.0000,-32768,13769,-109
01:55:00,2004.34,37.74,1.19,3276.70,0.00,38.2784,38.1015,38.1097,37.9102,40562414,1450678,2594411,40538788.0000,1452037.5000,2578534.7500,-32768,13769,-109
01:55:02,2004.34,37.75,1.19,3276.70,0.00,38.2893,38.1129,38.1202,37.9443,40561289,1450555,2594411,40540192.0000,1451950.8750,2579488.0000,-32768,13769,-109
01:55:05,2004.34,37.76,1.20,3276.70,0.00,38.2893,38.1299,38.1202,37.9669,40561289,1450493,2594661,40542364.0000,1451785.6250,2581329.2500,-32768,13769,-109
01:55:08,2009.78,37.78,1.20,3276.70,0.00,38.2893,38.1525,38.1202,37.9837,40565620,1450493,2599548,40545136.0000,1451653.5000,2581329.2500,-32768,13769,-109
01:55:09,2004.34,37.80,1.21,3276.70,0.00,38.3391,38.1694,38.1757,38.0006,40567578,1450190,2599165,40546520.0000,1451565.3750,2583613.2500,-32768,13769,-109
01:55:11,2004.34,37.81,1.21,3276.70,0.00,38.3489,38.1694,38.1861,38.0006,40569470,1450046,2604498,40548528.0000,1451434.6250,2585052.0000,-32768,13769,-109
01:55:13,2004.34,37.82,1.22,3276.70,0.00,38.3653,38.1917,38.1981,38.0231,40571478,1450109,2604498,40549924.0000,1451351.7500,2586024.0000,-32768,13769,-109
01:55:15,2004.34,37.84,1.22,3276.70,0.00,38.3770,38.2029,38.2094,38.0343,40571448,1449917,2598893,40551208.0000,1451264.1250,2586874.2500,-32768,13769,-109
01:55:17,2004.34,37.85,1.22,3276.70,0.00,38.3770,38.2198,38.2094,38.0571,40574650,1449819,2604087,40553196.0000,1451124.0000,2588475.7500,-32768,13769,-109
01:55:19,2004.34,37.87,1.23,3276.70,0.00,38.4063,38.2311,38.2400,38.0628,40574910,1449818,2603483,40553872.0000,1451083.2500,2588475.7500,-32768,13769,-109
01:55:20,2004.34,37.88,1.25,3276.70,0.00,38.4170,38.2423,38.2508,38.0628,40574268,1449467,2608470,40555148.0000,1451083.2500,2588475.7500,-32768,13769,-109
01:55:22,2004.34,37.89,1.25,3276.70,0.00,38.4274,38.2535,38.2622,38.0854,40577192,1449604,2606151,40556460.0000,1450903.6250,2590882.7500,-32768,13769,-109
01:55:23,2004.34,37.90,1.25,3276.70,0.00,38.4391,38.2647,38.2741,38.0968,40578161,1449444,2605287,40557788.0000,1450815.7500,2592338.5000,-32768,13769,-109
01:55:25,2004.34,37.91,1.25,3276.70,0.00,38.4449,38.2703,38.2798,38.0968,40581109,1449475,2607400,40559216.0000,1450732.3750,2592809.2500,-32768,13769,-109
01:55:27,2004.34,37.92,1.25,3276.70,0.00,38.4631,38.2872,38.2986,38.1197,40584076,1449228,2607400,40559216.0000,1450732.3750,2594294.5000,-32768,13769,-109
01:55:29,2004.34,37.93,1.26,3276.70,0.00,38.4745,38.2986,38.3100,38.1197,40585483,1449239,2607400,40559216.0000,1450518.1250,2595339.7500,-32768,13769,-109
01:55:31,2004.34,37.94,1.26,3276.70,0.00,38.4745,38.3155,38.3100,38.1540,40587868,1449239,2612534,40565044.0000,1450390.0000,2596898.2500,-32768,13769,-109
01:55:33,2004.34,37.94,1.27,3276.70,0.00,38.5075,38.3323,38.3100,38.1653,40587868,1448967,2613688,40567216.0000,1450267.2500,2598389.5000,-32768,13769,-109
01:55:35,2004.34,37.98,1.27,3276.70,0.00,38.5182,38.3323,38.3608,38.1653,40592718,1448946,2614181,40568720.0000,1450183.6250,2599335.5000,-32768,13769,-109
01:55:37,2004.34,37.99,1.28,3276.70,0.00,38.5351,38.3605,38.3728,38.1653,40594454,1448833,2615799,40570980.0000,1450071.3750,2600738.2500,-32768,13769,-109
01:55:40,2004.34,38.01,1.28,3276.70,0.00,38.5526,38.3605,38.3728,38.2111,40594454,1448655,2616662,40573268.0000,1449943.7500,2602236.7500,-32768,13769,-109
01:55:41,2004.34,38.03,1.29,3276.70,0.00,38.5634,38.3886,38.4005,38.2226,40596989,1448505,2616672,40574012.0000,1449898.8750,2602236.7500,-32768,13769,-109
01:55:42,2004.34,38.04,1.31,3276.70,0.00,38.5736,38.3998,38.4119,38.2340,40599767,1448602,2619374,40575544.0000,1449819.0000,2603655.7500,-32768,13769,-109
01:55:44,2004.34,38.04,1.31,3276.70,0.00,38.5790,38.4054,38.4170,38.2397,40600789,1448408,2620500,40576332.0000,1449775.0000,2604182.0000,-32768,13769,-109
01:55:45,2004.34,38.05,1.31,3276.70,0.00,38.5903,38.4166,38.4290,38.2511,40600359,1448422,2618240,40577776.0000,1449775.0000,2605495.5000,-32768,13769,-109
01:55:48,2004.34,38.06,1.32,3276.70,0.00,38.5903,38.4334,38.4290,38.2511,40603125,1448368,2624022,40580000.0000,1449775.0000,2606998.0000,-32768,13769,-109
01:55:51,2004.34,38.08,1.32,3276.70,0.00,38.6245,38.4334,38.4290,38.2913,40603125,1448315,2623103,40583056.0000,1449378.3750,2609068.0000,-32768,13769,-109
01:55:54,2004.34,38.10,1.33,3276.70,0.00,38.6245,38.4726,38.4290,38.3145,40610203,1448315,2626829,40586960.0000,1449221.8750,2610877.5000,-32768,13769,-109
01:55:57,2004.34,38.12,1.33,3276.70,0.00,38.6245,38.4951,38.4290,38.3318,40610203,1447904,2627239,40589216.0000,1449099.2500,2612375.5000,-32768,13769,-109
01:55:59,2004.34,38.14,1.34,3276.70,0.00,38.6852,38.5118,38.5253,38.3489,40616696,1447840,2627826,40590812.0000,1449022.2500,2613346.2500,-32768,13769,-109
01:56:01,2004.34,38.17,1.34,3276.70,0.00,38.6952,38.5229,38.5363,38.3602,40616394,1447545,2627826,40590812.0000,1448899.2500,2614845.0000,-32768,13769,-109
01:56:03,2004.34,38.18,1.34,3276.70,0.00,38.7060,38.5229,38.5532,38.3602,40617721,1447704,2627643,40595412.0000,1448786.1250,2616196.0000,-32768,13769,-109
01:56:04,2004.34,38.19,1.35,3276.70,0.00,38.7162,38.5505,38.5636,38.3602,40619051,1447434,2635576,40596152.0000,1448743.8750,2616801.7500,-32768,13769,-109
01:56:07,2004.34,38.20,1.35,3276.70,0.00,38.7332,38.5505,38.5759,38.3602,40621597,1447298,2633091,40598256.0000,1448616.1250,2618208.7500,-32768,13769,-109
01:56:08,2009.78,38.22,1.35,3276.70,0.00,38.7512,38.5781,38.5941,38.4168,40621558,1447297,2635089,40599700.0000,1448494.0000,2619586.7500,-32768,13769,-109
01:56:10,2009.78,38.22,1.37,3276.70,0.00,38.7629,38.5893,38.6076,38.4283,40621609,1447297,2635089,40601744.0000,1448401.6250,2619586.7500,-32768,13769,-109
01:56:13,2009.78,38.22,1.38,3276.70,0.00,38.7629,38.6062,38.6076,38.4513,40626164,1446972,2635768,40603744.0000,1448401.6250,2622391.0000,-32768,13769,-109
01:56:15,2004.34,38.26,1.38,3276.70,0.00,38.7963,38.6230,38.6368,38.4626,40627457,1446934,2644373,40605868.0000,1448138.3750,2623582.0000,-32768,13769,-109
01:56:16,2004.34,38.27,1.39,3276.70,0.00,38.8126,38.6396,38.6534,38.4793,40628841,1446584,2640492,40607264.0000,1448046.2500,2624495.2500,-32768,13769,-109
01:56:19,2004.34,38.28,1.39,3276.70,0.00,38.8177,38.6452,38.6592,38.4849,40630583,1446609,2640181,40608644.0000,1448046.2500,2625476.2500,-32768,13769,-109
01:56:22,2004.34,38.30,1.39,3276.70,0.00,38.8177,38.6672,38.6592,38.5129,40630583,1446459,2642744,40608644.0000,1447743.0000,2627952.2500,-32768,13769,-109
01:56:25,2009.78,38.30,1.40,3276.70,0.00,38.8525,38.6836,38.6592,38.5129,40632682,1446360,2642131,40613304.0000,1447743.0000,2629133.7500,-32768,13769,-109
01:56:26,2004.34,38.34,1.40,3276.70,0.00,38.8675,38.6998,38.7105,38.5405,40637451,1446390,2644774,40614736.0000,1447587.6250,2629622.5000,-32768,13769,-109
01:56:29,2004.34,38.35,1.41,3276.70,0.00,38.8825,38.7159,38.7105,38.5569,40637451,1446197,2644774,40618148.0000,1447380.6250,2632330.7500,-32768,13769,-109
01:56:31,2009.78,38.37,1.41,3276.70,0.00,38.8982,38.7320,38.7421,38.5732,40641400,1446054,2646195,40618872.0000,1447339.1250,2632330.7500,-32768,13769,-109
01:56:33,2009.78,38.38,1.41,3276.70,0.00,38.9093,38.7320,38.7518,38.5732,40641321,1445993,2646195,40621544.0000,1447158.1250,2635402.2500,-32768,13769,-109
01:56:34,2009.78,38.38,1.43,3276.70,0.00,38.9242,38.7586,38.7654,38.6000,40642532,1445849,2650239,40622200.0000,1447117.1250,2635866.0000,-32768,13769,-109
01:56:37,2009.78,38.41,1.43,3276.70,0.00,38.9242,38.7745,38.7654,38.6162,40643998,1445699,2650761,40624168.0000,1446973.5000,2637928.2500,-32768,13769,-109
01:56:39,2009.78,38.42,1.44,3276.70,0.00,38.9509,38.7852,38.7943,38.6162,40645525,1445380,2652876,40626188.0000,1446840.8750,2639103.5000,-32768,13769,-109
01:56:41,2009.78,38.44,1.44,3276.70,0.00,38.9509,38.8011,38.8103,38.6430,40648403,1445534,2653480,40628120.0000,1446717.5000,2640319.7500,-32768,13769,-109
01:56:44,2009.78,38.45,1.44,3276.70,0.00,38.9771,38.8118,38.8103,38.6592,40648403,1445528,2641775,40629528.0000,1446717.5000,2640319.7500,-32768,13769,-109
01:56:46,2009.78,38.47,1.45,3276.70,0.00,38.9927,38.8277,38.8373,38.6700,40650573,1445225,2655854,40630880.0000,1446717.5000,2641650.2500,-32768,13769,-109
01:56:49,2009.78,38.48,1.45,3276.70,0.00,38.9927,38.8435,38.8373,38.6915,40650573,1445140,2657463,40634416.0000,1446377.0000,2642791.7500,-32768,13769,-109
01:56:50,2009.78,38.50,1.46,3276.70,0.00,39.0217,38.8592,38.8680,38.7022,40655489,1445052,2658413,40635728.0000,1446296.2500,2643740.0000,-32768,13769,-109
01:56:52,2004.34,38.51,1.46,3276.70,0.00,39.0371,38.8748,38.8825,38.7180,40656166,1444641,2660964,40636940.0000,1446200.1250,2644786.5000,-32768,13769,-109
01:56:55,2009.78,38.52,1.47,3276.70,0.00,39.0460,38.8748,38.8974,38.7180,40658871,1444877,2661157,40638936.0000,1446073.8750,2646185.7500,-32768,13769,-109
01:56:57,2004.34,38.54,1.49,3276.70,0.00,39.0609,38.9007,38.9068,38.7495,40660582,1444653,2661157,40640676.0000,1445933.1250,2648314.5000,-32768,13769,-109
01:56:59,2009.78,38.55,1.49,3276.70,0.00,39.0752,38.9161,38.9211,38.7599,40660719,1444614,2660877,40641896.0000,1445851.2500,2649105.0000,-32768,13769,-109
01:57:00,2004.34,38.55,1.49,3276.70,0.00,39.0850,38.9263,38.9309,38.7702,40661980,1444065,2676623,40643048.0000,1445745.6250,2650672.7500,-32768,13769,-109
01:57:02,2009.78,38.58,1.49,3276.70,0.00,39.0952,38.9365,38.9309,38.7858,40665452,1444409,2665302,40644920.0000,1445617.7500,2651915.7500,-32768,13769,-109
01:57:04,2009.78,38.58,1.50,3276.70,0.00,39.1050,38.9466,38.9309,38.7962,40665941,1444513,2664098,40646268.0000,1445550.1250,2652672.7500,-32768,13769,-109
01:57:06,2009.78,38.59,1.51,3276.70,0.00,39.1050,38.9619,38.9670,38.8065,40665941,1444150,2666444,40648224.0000,1445425.3750,2653876.2500,-32768,13769,-109
01:57:08,2009.78,38.61,1.51,3276.70,0.00,39.1320,38.9721,38.9778,38.8168,40673411,1444522,2653716,40649012.0000,1445397.1250,2653810.5000,-32768,13769,-109
01:57:09,2009.78,38.62,1.51,3276.70,0.00,39.1422,38.9824,38.9888,38.8272,40671748,1444043,2669078,40650432.0000,1445329.2500,2654287.5000,-32768,13769,-109
01:57:11,2009.78,38.63,1.52,3276.70,0.00,39.1515,38.9927,39.0000,38.8377,40672155,1443921,2669112,40651736.0000,1445329.2500,2655353.5000,-32768,13769,-109
01:57:12,2009.78,38.64,1.51,3276.70,0.00,39.1566,38.9978,39.0050,38.8428,40674607,1443988,2657108,40651736.0000,1445166.6250,2655408.2500,-32768,13769,-109
01:57:14,2004.34,38.64,1.51,3276.70,0.00,39.1566,39.0130,39.0050,38.8633,40676996,1443732,2671104,40655112.0000,1445037.5000,2656684.7500,-32768,13769,-109
01:57:16,2009.78,38.66,1.51,3276.70,0.00,39.1833,39.0280,39.0292,38.8734,40677663,1443512,2673925,40656464.0000,1444943.8750,2657711.7500,-32768,13769,-109
01:57:18,2004.34,38.67,1.53,3276.70,0.00,39.1879,39.0280,39.0393,38.8734,40676686,1443611,2672387,40658392.0000,1444827.1250,2659045.5000,-32768,13769,-109
01:57:19,2009.78,38.68,1.53,3276.70,0.00,39.2027,39.0479,39.0503,38.8934,40673575,1443207,2681809,40658864.0000,1444776.5000,2659757.0000,-32768,13769,-109
01:57:20,2009.78,38.69,1.53,3276.70,0.00,39.2076,39.0528,39.0558,38.8984,40676598,1443009,2685533,40659416.0000,1444776.5000,2659757.0000,-32768,13769,-109
01:57:22,2004.34,38.70,1.53,3276.70,0.00,39.2182,39.0628,39.0558,38.9086,40678581,1443389,2673773,40660600.0000,1444639.2500,2661396.2500,-32768,13769,-109
01:57:24,2004.34,38.71,1.53,3276.70,0.00,39.2284,39.0728,39.0753,38.9186,40679383,1442877,2673773,40662260.0000,1444487.1250,2663541.0000,-32768,13769,-109
01:57:24,2004.34,38.72,1.55,3276.70,0.00,39.2389,39.0828,39.0851,38.9287,40680451,1443177,2676171,40662828.0000,1444446.2500,2663935.7500,-32768,13769,-109
01:57:26,2004.34,38.73,1.55,3276.70,0.00,39.2432,39.0878,39.0904,38.9337,40682145,1443126,2677281,40663432.0000,1444405.0000,2664352.7500,-32768,13769,-109
01:57:29,2009.78,38.73,1.55,3276.70,0.00,39.2432,39.1028,39.1063,38.9489,40682145,1442512,2694044,40665004.0000,1444405.0000,2666840.5000,-32768,13769,-109
01:57:31,2004.34,38.75,1.55,3276.70,0.00,39.2724,39.1028,39.1244,38.9691,40684582,1442529,2694044,40667228.0000,1444075.8750,2668426.7500,-32768,13769,-109
01:57:33,2009.78,38.75,1.56,3276.70,0.00,39.2816,39.1277,39.1296,38.9741,40683920,1442283,2694044,40668288.0000,1444075.8750,2669706.7500,-32768,13769,-109
01:57:36,2009.78,38.78,1.57,3276.70,0.00,39.2816,39.1425,39.1296,38.9941,40683920,1442231,2698622,40670504.0000,1444075.8750,2669706.7500,-32768,13769,-109
01:57:38,2009.78,38.80,1.58,3276.70,0.00,39.3175,39.1624,39.1668,39.0093,40686303,1442408,2683355,40671496.0000,1443713.3750,2672711.0000,-32768,13769,-109
01:57:39,2009.78,38.80,1.58,3276.70,0.00,39.3267,39.1723,39.1764,39.0193,40688130,1442176,2692647,40672492.0000,1443619.0000,2673671.2500,-32768,13769,-109
01:57:41,2009.78,38.82,1.58,3276.70,0.00,39.3312,39.1773,39.1764,39.0193,40690199,1442226,2683794,40672492.0000,1443619.0000,2674674.2500,-32768,13769,-109
01:57:43,2009.78,38.83,1.58,3276.70,0.00,39.3455,39.1921,39.1764,39.0193,40689070,1442060,2683794,40675072.0000,1443408.1250,2675654.0000,-32768,13769,-109
01:57:46,2009.78,38.84,1.59,3276.70,0.00,39.3455,39.2069,39.1764,39.0593,40689070,1441849,2687614,40677080.0000,1443233.8750,2677012.0000,-32768,13769,-109
01:57:47,2009.78,38.85,1.59,3276.70,0.00,39.3704,39.2168,39.2191,39.0693,40693728,1442064,2675062,40677600.0000,1443197.3750,2676951.0000,-32768,13769,-109
01:57:49,2004.34,38.86,1.61,3276.70,0.00,39.3804,39.2266,39.2274,39.0742,40693413,1442090,2672514,40678096.0000,1443162.7500,2676812.5000,-32768,13769,-109
01:57:51,2009.78,38.87,1.61,3276.70,0.00,39.3905,39.2365,39.2370,39.0840,40693914,1441576,2672514,40678096.0000,1443162.7500,2677973.5000,-32768,13769,-109
01:57:52,2009.78,38.89,1.61,3276.70,0.00,39.4060,39.2514,39.2524,39.0988,40693877,1441582,2675900,40680380.0000,1442930.7500,2677935.0000,-32768,13769,-109
01:57:55,2009.78,38.89,1.61,3276.70,0.00,39.4060,39.2664,39.2524,39.1136,40695603,1441258,2691966,40681692.0000,1442785.6250,2679107.0000,-32768,13769,-109
01:57:57,2009.78,38.91,1.62,3276.70,0.00,39.4060,39.2813,39.2524,39.1284,40694866,1441258,2691966,40683296.0000,1442575.8750,2680679.0000,-32768,13769,-109
01:58:00,2009.78,38.93,1.63,3276.70,0.00,39.4060,39.2961,39.2524,39.1480,40698058,1440391,2706348,40684636.0000,1442404.6250,2682541.5000,-32768,13769,-109
01:58:02,2009.78,38.94,1.63,3276.70,0.00,39.4584,39.3059,39.3055,39.1480,40697821,1440728,2694241,40685048.0000,1442304.2500,2683287.2500,-32768,13769,-109
01:58:04,2009.78,38.95,1.63,3276.70,0.00,39.4726,39.3205,39.3192,39.1676,40698875,1440551,2694241,40686256.0000,1442206.5000,2683287.2500,-32768,13769,-109
01:58:07,2009.78,38.95,1.64,3276.70,0.00,39.4821,39.3205,39.3346,39.1676,40699149,1440426,2696629,40687792.0000,1442004.6250,2686442.5000,-32768,13769,-109
01:58:10,2009.78,38.98,1.64,3276.70,0.00,39.4821,39.3548,39.3346,39.2019,40699149,1440227,2696629,40687792.0000,1442004.6250,2686442.5000,-32768,13769,-109
01:58:12,2004.34,39.01,1.64,3276.70,0.00,39.5265,39.3744,39.3739,39.2215,40704063,1440462,2700947,40690536.0000,1441672.1250,2689722.0000,-32768,13769,-109
01:58:15,2004.34,39.02,1.65,3276.70,0.00,39.5265,39.3793,39.3739,39.2313,40704063,1439940,2702881,40691812.0000,1441522.8750,2690775.7500,-32768,13769,-109
01:58:17,2004.34,39.03,1.67,3276.70,0.00,39.5464,39.3793,39.3980,39.2313,40704271,1439951,2701747,40693028.0000,1441522.8750,2690775.7500,-32768,13769,-109
01:58:19,2009.78,39.05,1.67,3276.70,0.00,39.5613,39.4087,39.4055,39.2557,40706326,1439951,2701747,40693028.0000,1441522.8750,2691821.7500,-32768,13769,-109
01:58:21,2009.78,39.06,1.68,3276.70,0.00,39.5613,39.4284,39.4055,39.2750,40708876,1439651,2703695,40695112.0000,1441169.7500,2692019.0000,-32768,13769,-109
01:58:23,2009.78,39.07,1.68,3276.70,0.00,39.5860,39.4333,39.4055,39.2846,40708876,1439246,2705318,40696312.0000,1441009.5000,2693267.5000,-32768,13769,-109
01:58:25,2004.34,39.08,1.69,3276.70,0.00,39.5990,39.4479,39.4448,39.2846,40710244,1439428,2707544,40697132.0000,1441009.5000,2693267.5000,-32768,13769,-109
01:58:27,2009.78,39.08,1.69,3276.70,0.00,39.6132,39.4624,39.4604,39.3089,40711554,1439285,2708597,40698032.0000,1441009.5000,2695795.7500,-32768,13769,-109
01:58:29,2009.78,39.11,1.69,3276.70,0.00,39.6271,39.4769,39.4739,39.3234,40712572,1439266,2709918,40699280.0000,1440647.1250,2697136.2500,-32768,13769,-109
01:58:31,2009.78,39.12,1.70,3276.70,0.00,39.6318,39.4817,39.4791,39.3283,40711432,1439133,2709968,40699280.0000,1440647.1250,2697136.2500,-32768,13769,-109
01:58:33,2009.78,39.13,1.70,3276.70,0.00,39.6417,39.4914,39.4890,39.3380,40715349,1438934,2709968,40701032.0000,1440647.1250,2697136.2500,-32768,13769,-109
01:58:34,2009.78,39.14,1.70,3276.70,0.00,39.6617,39.5107,39.5088,39.3574,40716375,1438840,2712375,40702376.0000,1440305.1250,2700500.5000,-32768,13769,-109
01:58:36,2009.78,39.15,1.70,3276.70,0.00,39.6666,39.5156,39.5088,39.3672,40716970,1438987,2706643,40703284.0000,1440225.2500,2700912.7500,-32768,13769,-109
01:58:39,2009.78,39.16,1.70,3276.70,0.00,39.6666,39.5301,39.5088,39.3818,40716970,1438656,2701517,40705036.0000,1440034.0000,2702083.7500,-32768,13769,-109
01:58:41,2009.78,39.18,1.70,3276.70,0.00,39.7002,39.5495,39.5491,39.3965,40717979,1438406,2715930,40705880.0000,1439943.6250,2702384.0000,-32768,13769,-109
01:58:43,2009.78,39.20,1.73,3276.70,0.00,39.7097,39.5592,39.5578,39.4063,40717979,1438406,2705499,40707172.0000,1439799.0000,2703363.7500,-32768,13769,-109
01:58:46,2009.78,39.20,1.73,3276.70,0.00,39.7097,39.5737,39.5578,39.4257,40717979,1438153,2705499,40708992.0000,1439608.0000,2704702.5000,-32768,13769,-109
01:58:50,2009.78,39.22,1.73,3276.70,0.00,39.7097,39.5930,39.5578,39.4451,40717979,1437989,2719536,40708992.0000,1439422.6250,2706421.5000,-32768,13769,-109
01:58:52,2009.78,39.24,1.75,3276.70,0.00,39.7623,39.5930,39.6086,39.4451,40730212,1437506,2736009,40712340.0000,1439263.7500,2708512.0000,-32768,13769,-109
01:58:55,2009.78,39.26,1.75,3276.70,0.00,39.7623,39.6268,39.6086,39.4787,40730212,1437562,2731843,40714088.0000,1439055.2500,2710438.0000,-32768,13769,-109
01:58:56,2004.34,39.27,1.76,3276.70,0.00,39.7861,39.6364,39.6374,39.4884,40730011,1437132,2736275,40714584.0000,1438995.2500,2711245.5000,-32768,13769,-109
01:58:58,2009.78,39.28,1.76,3276.70,0.00,39.7952,39.6460,39.6418,39.4931,40728214,1437413,2736275,40714584.0000,1438995.2500,2712077.2500,-32768,13769,-109
01:59:01,2009.78,39.30,1.78,3276.70,0.00,39.8088,39.6603,39.6418,39.5073,40728214,1437239,2738543,40716784.0000,1438995.2500,2712077.2500,-32768,13769,-109
01:59:04,2004.34,39.31,1.78,3276.70,0.00,39.8088,39.6794,39.6418,39.5309,40728214,1437259,2719853,40718948.0000,1438995.2500,2715384.7500,-32768,13769,-109
01:59:07,2009.78,39.33,1.78,3276.70,0.00,39.8452,39.6794,39.6902,39.5309,40732852,1436775,2729180,40720180.0000,1438376.2500,2716521.2500,-32768,13769,-109
01:59:09,2009.78,39.35,1.78,3276.70,0.00,39.8593,39.7125,39.7053,39.5590,40733722,1436574,2729180,40721344.0000,1438376.2500,2718044.5000,-32768,13769,-109
01:59:12,2009.78,39.36,1.79,3276.70,0.00,39.8739,39.7266,39.7189,39.5590,40733722,1436483,2729180,40722592.0000,1438067.6250,2718805.5000,-32768,13769,-109
01:59:13,2009.78,39.38,1.80,3276.70,0.00,39.8833,39.7361,39.7285,39.5825,40733722,1436367,2731756,40723624.0000,1437965.3750,2719575.5000,-32768,13769,-109
01:59:15,2009.78,39.39,1.79,3276.70,0.00,39.8927,39.7455,39.7375,39.5918,40736521,1436367,2731756,40723624.0000,1437965.3750,2720381.2500,-32768,13769,-109
01:59:17,2009.78,39.40,1.79,3276.70,0.00,39.8927,39.7645,39.7564,39.6106,40737964,1436010,2733263,40725548.0000,1437710.7500,2721549.7500,-32768,13769,-109
01:59:19,2009.78,39.41,1.81,3276.70,0.00,39.8927,39.7740,39.7564,39.6200,40737964,1436046,2733689,40726684.0000,1437555.5000,2722668.0000,-32768,13769,-109
01:59:22,2009.78,39.43,1.81,3276.70,0.00,39.8927,39.7882,39.7564,39.6387,40738972,1435793,2736863,40727812.0000,1437404.1250,2723896.0000,-32768,13769,-109
01:59:25,2009.78,39.43,1.82,3276.70,0.00,39.9491,39.7882,39.7995,39.6387,40740989,1435652,2738517,40729368.0000,1437200.1250,2725516.2500,-32768,13769,-109
01:59:26,2009.78,39.46,1.82,3276.70,0.00,39.9591,39.8165,39.8087,39.6387,40743251,1435624,2738517,40730152.0000,1437097.7500,2726304.0000,-32768,13769,-109
01:59:28,2009.78,39.47,1.82,3276.70,0.00,39.9732,39.8260,39.8179,39.6717,40742896,1435322,2739290,40730936.0000,1436992.0000,2727068.2500,-32768,13769,-109
01:59:29,2009.78,39.48,1.82,3276.70,0.00,39.9829,39.8354,39.8273,39.6717,40741990,1435294,2739605,40731284.0000,1436939.0000,2727460.0000,-32768,13769,-109
01:59:32,2009.78,39.49,1.83,3276.70,0.00,39.9829,39.8449,39.8273,39.6952,40741990,1435294,2742566,40732908.0000,1436736.1250,2727460.0000,-32768,13769,-109
01:59:34,2009.78,39.51,1.85,3276.70,0.00,40.0082,39.8593,39.8273,39.6952,40744370,1434988,2742606,40733656.0000,1436634.1250,2729909.2500,-32768,13769,-109
01:59:36,2009.78,39.52,1.84,3276.70,0.00,40.0178,39.8689,39.8617,39.6952,40747890,1435007,2742606,40734488.0000,1436532.1250,2729909.2500,-32768,13769,-109
01:59:37,2004.34,39.53,1.85,3276.70,0.00,40.0320,39.8833,39.8765,39.7283,40748375,1434886,2743997,40735272.0000,1436434.0000,2731658.2500,-32768,13769,-109
01:59:39,2009.78,39.54,1.86,3276.70,0.00,40.0419,39.8929,39.8765,39.7378,40750270,1434846,2750186,40736216.0000,1436335.2500,2732841.0000,-32768,13769,-109
01:59:41,2009.78,39.54,1.86,3276.70,0.00,40.0529,39.9025,39.8980,39.7475,40748164,1434472,2745304,40736984.0000,1436226.3750,2733598.5000,-32768,13769,-109
01:59:42,2009.78,39.56,1.86,3276.70,0.00,40.0636,39.9123,39.9075,39.7572,40751885,1434947,2732561,40737824.0000,1436135.2500,2733932.5000,-32768,13769,-109
01:59:45,2009.78,39.57,1.86,3276.70,0.00,40.0636,39.9268,39.9075,39.7716,40748260,1434394,2748453,40738928.0000,1435988.8750,2733932.5000,-32768,13769,-109
01:59:47,2009.78,39.59,1.86,3276.70,0.00,40.0866,39.9268,39.9306,39.7716,40752998,1434228,2750172,40740004.0000,1435829.6250,2736235.0000,-32768,13769,-109
01:59:48,2009.78,39.60,1.86,3276.70,0.00,40.1003,39.9509,39.9455,39.7956,40751902,1434115,2750112,40740776.0000,1435727.6250,2737078.5000,-32768,13769,-109
01:59:50,2009.78,39.61,1.86,3276.70,0.00,40.1003,39.9605,39.9544,39.8052,40752796,1433556,2762588,40740776.0000,1435541.3750,2738978.5000,-32768,13769,-109
01:59:52,2009.78,39.62,1.88,3276.70,0.00,40.1198,39.9701,39.9628,39.8148,40753166,1433832,2750664,40742240.0000,1435487.8750,2739343.7500,-32768,13769,-109
01:59:53,2009.78,39.62,1.88,3276.70,0.00,40.1241,39.9749,39.9673,39.8243,40753354,1433608,2750664,40742912.0000,1435376.1250,2740166.5000,-32768,13769,-109
01:59:55,2009.78,39.64,1.88,3276.70,0.00,40.1389,39.9893,39.9817,39.8338,40753673,1433819,2741416,40743660.0000,1435285.8750,2740124.0000,-32768,13769,-109
01:59:57,2009.78,39.65,1.88,3276.70,0.00,40.1479,39.9989,39.9912,39.8433,40753062,1433395,2741416,40744624.0000,1435121.3750,2741398.7500,-32768,13769,-109
01:59:59,2009.78,39.67,1.90,3276.70,0.00,40.1575,40.0085,40.0009,39.8528,40751083,1433107,2759724,40745064.0000,1434997.8750,2742504.2500,-32768,13769,-109
02:00:00,2009.78,39.68,1.90,3276.70,0.00,40.1575,40.0229,40.0154,39.8671,40755054,1433228,2756308,40745664.0000,1434890.1250,2743312.5000,-32768,13769,-109
02:00:03,2009.78,39.69,1.91,3276.70,0.00,40.1836,40.0326,40.0154,39.8814,40755054,1432950,2762830,40746560.0000,1434723.6250,2744996.2500,-32768,13769,-109
02:00:06,2009.78,39.71,1.91,3276.70,0.00,40.1993,40.0472,40.0154,39.8960,40757717,1432896,2759207,40747564.0000,1434723.6250,2746049.2500,-32768,13769,-109
02:00:09,2009.78,39.72,1.92,3276.70,0.00,40.1993,40.0718,40.0154,39.9154,40757717,1432896,2762237,40749360.0000,1434309.3750,2747430.5000,-32768,13769,-109
02:00:10,2009.78,39.74,1.92,3276.70,0.00,40.2344,40.0816,40.0765,39.9251,40762289,1432391,2761128,40749760.0000,1434309.3750,2748251.7500,-32768,13769,-109
02:00:13,1982.62,39.74,1.93,3276.70,0.00,40.2344,40.0816,40.0893,39.9251,40763736,1432442,2762096,40750892.0000,1434309.3750,2748251.7500,-32768,13769,-109
02:00:15,1966.33,39.76,1.93,3276.70,0.00,40.2560,40.1105,40.0956,39.9536,40770856,1432752,2777913,40750892.0000,1433948.5000,2751375.5000,-32768,13769,-109
02:00:18,1944.61,39.77,1.91,3276.70,0.00,40.2560,40.1242,40.0956,39.9712,40763936,1432926,2777485,40754212.0000,1433948.5000,2753346.0000,-32768,13769,-109
02:00:20,1922.88,39.79,1.91,3276.70,0.00,40.2560,40.1416,40.0956,39.9837,40765888,1433276,2766159,40755192.0000,1433782.0000,2754707.0000,-32768,13769,-109
02:00:22,1895.73,39.79,1.91,3276.70,0.00,40.2748,40.1457,40.1113,39.9877,40763459,1433227,2765157,40755448.0000,1433782.0000,2755303.5000,-32768,13769,-109
02:00:25,1863.15,39.80,1.90,3276.70,0.00,40.2748,40.1612,40.1091,40.0022,40765208,1433967,2766330,40755448.0000,1433782.0000,2756499.2500,-32768,13769,-109
02:00:26,1835.99,39.81,1.88,3276.70,0.00,40.2757,40.1683,40.1072,40.0087,40761688,1434408,2751838,40755448.0000,1433817.0000,2756289.2500,-32768,13769,-109
02:00:27,1819.70,39.81,1.87,3276.70,0.00,40.2706,40.1746,40.1032,40.0145,40757278,1434099,2765634,40757060.0000,1433825.7500,2756581.2500,-32768,13769,-109
02:00:29,1787.12,39.81,1.87,3276.70,0.00,40.2663,40.1775,40.0991,40.0171,40757588,1434347,2766221,40757076.0000,1433842.1250,2756882.5000,-32768,13769,-109
02:00:31,1765.40,39.81,1.86,3276.70,0.00,40.2528,40.1823,40.0890,40.0171,40755276,1435268,2752617,40757040.0000,1433949.7500,2756826.7500,-32768,13769,-109
02:00:32,1738.24,39.82,1.85,3276.70,0.00,40.2330,40.1875,40.0742,40.0268,40745398,1435169,2762514,40756504.0000,1433949.7500,2757197.5000,-32768,13769,-109
02:00:36,1673.07,39.82,1.85,3276.70,0.00,40.2196,40.1875,40.0600,40.0268,40743504,1435339,2759879,40755128.0000,1433949.7500,2757590.7500,-32768,13769,-109
02:00:38,1673.07,39.82,1.81,3276.70,0.00,40.2008,40.1875,40.0522,40.0268,40734372,1435672,2773025,40753256.0000,1433949.7500,2757590.7500,-32768,13769,-109
02:00:40,1662.21,39.82,1.81,3276.70,0.00,40.1955,40.1916,40.0522,40.0268,40726443,1435538,2756938,40751664.0000,1434407.1250,2758490.5000,-32768,13769,-109
02:00:43,1645.92,39.82,1.81,3276.70,0.00,40.1969,40.1916,40.0449,40.0268,40732006,1435739,2768459,40749184.0000,1434407.1250,2758490.5000,-32768,13769,-109
02:00:44,1635.06,39.83,1.80,3276.70,0.00,40.2048,40.1929,40.0464,40.0354,40732711,1435733,2757459,40748668.0000,1434407.1250,2758490.5000,-32768,13769,-109
02:00:47,1618.77,39.83,1.80,3276.70,0.00,40.2048,40.1944,40.0464,40.0369,40737681,1435733,2750903,40747120.0000,1434769.2500,2758351.5000,-32768,13769,-109
02:00:49,1607.91,39.84,1.80,3276.70,0.00,40.2205,40.1965,40.0569,40.0380,40736829,1435983,2759360,40746448.0000,1434842.8750,2758403.5000,-32768,13769,-109
02:00:51,1591.62,39.84,1.79,3276.70,0.00,40.2205,40.1992,40.0641,40.0380,40741233,1436455,2750032,40745912.0000,1434981.3750,2757866.5000,-32768,13769,-109
02:00:53,1586.18,39.85,1.78,3276.70,0.00,40.2205,40.2028,40.0739,40.0427,40742790,1436532,2760211,40745576.0000,1435118.2500,2758021.0000,-32768,13769,-109
02:00:54,1580.75,39.85,1.78,3276.70,0.00,40.2462,40.2041,40.0773,40.0438,40742182,1436251,2766744,40745472.0000,1435189.3750,2758558.0000,-32768,13769,-109
02:00:57,1569.89,39.85,1.78,3276.70,0.00,40.2519,40.2070,40.0773,40.0438,40746442,1436251,2766744,40745532.0000,1435275.8750,2758558.0000,-32768,13769,-109
02:00:59,1553.60,39.85,1.78,3276.70,0.00,40.2578,40.2070,40.0773,40.0495,40746442,1436391,2776067,40745992.0000,1435385.5000,2760088.0000,-32768,13769,-109
02:01:01,1542.74,39.85,1.78,3276.70,0.00,40.2578,40.2164,40.0773,40.0545,40755375,1436968,2764593,40746624.0000,1435518.7500,2760529.7500,-32768,13769,-109
02:01:03,1537.31,39.85,1.76,3276.70,0.00,40.2736,40.2198,40.0990,40.0559,40756281,1437246,2757735,40746928.0000,1435518.7500,2760529.7500,-32768,13769,-109
02:01:05,1531.88,39.85,1.76,3276.70,0.00,40.2736,40.2270,40.0990,40.0619,40758816,1436872,2765115,40748184.0000,1435738.5000,2760648.2500,-32768,13769,-109
02:01:09,1521.02,39.84,1.76,3276.70,0.00,40.2919,40.2270,40.1232,40.0619,40763517,1437039,2765507,40749260.0000,1435738.5000,2760648.2500,-32768,13769,-109
02:01:10,1521.02,39.84,1.76,3276.70,0.00,40.3028,40.2270,40.1344,40.0728,40766606,1437039,2761465,40750816.0000,1435978.7500,2760710.5000,-32768,13769,-109
02:01:13,1515.59,39.84,1.76,3276.70,0.00,40.3028,40.2436,40.1344,40.0791,40766606,1437074,2768836,40753048.0000,1436109.0000,2761570.7500,-32768,13769,-109
02:01:16,1510.16,39.84,1.78,3276.70,0.00,40.3028,40.2533,40.1600,40.0860,40775920,1436624,2778677,40753048.0000,1436167.6250,2762735.5000,-32768,13769,-109
02:01:18,1504.72,39.83,1.78,3276.70,0.00,40.3445,40.2533,40.1748,40.0860,40788965,1437259,2768944,40758408.0000,1436270.6250,2763687.0000,-32768,13769,-109
02:01:20,1499.29,39.83,1.79,3276.70,0.00,40.3555,40.2694,40.1820,40.1011,40785350,1437228,2772135,40759248.0000,1436270.6250,2763687.0000,-32768,13769,-109
02:01:22,1504.72,39.83,1.79,3276.70,0.00,40.3628,40.2750,40.1896,40.1064,40787072,1436990,2775588,40761648.0000,1436366.1250,2764789.7500,-32768,13769,-109
02:01:25,1521.02,39.83,1.79,3276.70,0.00,40.3712,40.2834,40.1896,40.1145,40787072,1437053,2775588,40765104.0000,1436441.1250,2765762.0000,-32768,13769,-109
02:01:27,1559.03,39.83,1.81,3276.70,0.00,40.3841,40.2834,40.1896,40.1257,40787072,1434259,2770672,40765776.0000,1436351.3750,2766352.7500,-32768,13769,-109
02:01:29,1575.32,39.83,1.83,3276.70,0.00,40.3963,40.3015,40.2267,40.1317,40741655,1433186,2769584,40765024.0000,1436252.3750,2766453.7500,-32768,13769,-109
02:01:30,1586.18,39.84,1.84,3276.70,0.00,40.4086,40.3048,40.2316,40.1348,40735535,1432529,2769377,40764100.0000,1436136.0000,2766545.2500,-32768,13769,-109
02:01:33,1597.05,39.84,1.86,3276.70,0.00,40.4086,40.3152,40.2316,40.1478,40758524,1433203,2774503,40762000.0000,1436136.0000,2767547.7500,-32768,13769,-109
02:01:34,1602.48,39.84,1.87,3276.70,0.00,40.4325,40.3223,40.2557,40.1512,40763253,1433492,2771108,40762028.0000,1435600.6250,2767659.0000,-32768,13769,-109
02:01:35,1607.91,39.84,1.87,3276.70,0.00,40.4403,40.3294,40.2557,40.1580,40766580,1433512,2778740,40762168.0000,1435535.2500,2768005.2500,-32768,13769,-109
02:01:36,1613.34,39.84,1.86,3276.70,0.00,40.4441,40.3330,40.2673,40.1614,40771248,1433584,2777556,40762776.0000,1435417.2500,2768565.5000,-32768,13769,-109
02:01:37,1624.20,39.83,1.86,3276.70,0.00,40.4517,40.3402,40.2753,40.1682,40775037,1433845,2777573,40763160.0000,1435368.1250,2768847.0000,-32768,13769,-109
02:01:39,1635.06,39.83,1.86,3276.70,0.00,40.4580,40.3473,40.2820,40.1751,40779280,1434036,2777573,40764480.0000,1435251.0000,2769639.7500,-32768,13769,-109
02:01:41,1651.35,39.83,1.86,3276.70,0.00,40.4652,40.3544,40.2886,40.1820,40776658,1434264,2780620,40764860.0000,1435220.1250,2769983.0000,-32768,13769,-109
02:01:43,1662.21,39.83,1.86,3276.70,0.00,40.4740,40.3650,40.2886,40.1820,40778866,1434271,2780620,40766520.0000,1435097.0000,2771156.2500,-32768,13769,-109
02:01:45,1673.07,39.83,1.86,3276.70,0.00,40.4795,40.3650,40.2886,40.2020,40787099,1434849,2779241,40767648.0000,1435072.5000,2771657.0000,-32768,13769,-109
02:01:48,1694.80,39.83,1.90,3276.70,0.00,40.4795,40.3821,40.2886,40.2115,40787099,1434849,2783448,40771120.0000,1435079.5000,2772871.2500,-32768,13769,-109
02:01:51,1721.95,39.82,1.90,3276.70,0.00,40.4795,40.3952,40.2886,40.2208,40787099,1434131,2783448,40772424.0000,1434974.8750,2773827.0000,-32768,13769,-109
02:01:54,1727.38,39.82,1.94,3276.70,0.00,40.5052,40.4049,40.3237,40.2299,40767722,1433515,2783448,40772424.0000,1434974.8750,2774604.5000,-32768,13769,-109
02:01:56,1738.24,39.82,1.96,3276.70,0.00,40.5098,40.4143,40.3280,40.2386,40788600,1434517,2783448,40772424.0000,1434848.5000,2775006.0000,-32768,13769,-109
02:01:58,1759.97,39.81,1.97,3276.70,0.00,40.5112,40.4202,40.3280,40.2469,40788600,1434586,2785363,40775768.0000,1434833.8750,2775725.5000,-32768,13769,-109
02:02:00,1776.26,39.81,1.97,3276.70,0.00,40.5179,40.4314,40.3280,40.2571,40777846,1433235,2781298,40776632.0000,1434733.2500,2776187.0000,-32768,13769,-109
02:02:02,1803.41,39.80,1.97,3276.70,0.00,40.5218,40.4369,40.3380,40.2596,40775228,1433102,2781298,40776628.0000,1434634.1250,2776527.5000,-32768,13769,-109
02:02:03,1819.70,39.80,1.99,3276.70,0.00,40.5253,40.4369,40.3418,40.2669,40755901,1431814,2779908,40775856.0000,1434484.0000,2776719.7500,-32768,13769,-109
02:02:06,1846.86,39.80,2.00,3276.70,0.00,40.5277,40.4369,40.3425,40.2693,40745773,1431242,2778007,40775856.0000,1434270.8750,2776810.5000,-32768,13769,-109
02:02:08,1857.72,39.79,2.00,3276.70,0.00,40.5327,40.4550,40.3459,40.2761,40741028,1431242,2778007,40775856.0000,1434270.8750,2777079.7500,-32768,13769,-109
02:02:11,1879.44,39.79,2.00,3276.70,0.00,40.5327,40.4550,40.3475,40.2761,40756489,1430961,2778007,40775856.0000,1434270.8750,2777425.0000,-32768,13769,-109
02:02:13,1890.30,39.78,2.00,3276.70,0.00,40.5323,40.4706,40.3462,40.2901,40768462,1431432,2781740,40768864.0000,1433423.2500,2777559.7500,-32768,13769,-109
02:02:14,1901.16,39.78,2.05,3276.70,0.00,40.5325,40.4725,40.3461,40.2918,40768056,1431429,2781740,40768712.0000,1433294.0000,2777631.7500,-32768,13769,-109
02:02:17,1917.45,39.77,2.05,3276.70,0.00,40.5325,40.4780,40.3461,40.2982,40762835,1431437,2779782,40767892.0000,1433294.0000,2777631.7500,-32768,13769,-109
02:02:21,1939.18,39.76,2.05,3276.70,0.00,40.5325,40.4844,40.3461,40.3036,40762835,1432217,2782246,40768352.0000,1433294.0000,2778393.0000,-32768,13769,-109
02:02:22,1944.61,39.75,2.06,3276.70,0.00,40.5249,40.4895,40.3370,40.3066,40788013,1432804,2783956,40770064.0000,1432942.5000,2778626.5000,-32768,13769,-109
02:02:23,1955.47,39.74,2.06,3276.70,0.00,40.5233,40.4905,40.3346,40.3075,40788444,1432695,2778433,40770640.0000,1432934.7500,2778620.5000,-32768,13769,-109
02:02:24,1966.33,39.73,2.05,3276.70,0.00,40.5221,40.4915,40.3329,40.3083,40787556,1432460,2781597,40771168.0000,1432919.8750,2778713.5000,-32768,13769,-109
02:02:26,1982.62,39.73,2.06,3276.70,0.00,40.5200,40.4932,40.3298,40.3096,40786774,1432492,2781312,40772184.0000,1432895.5000,2778890.7500,-32768,13769,-109
02:02:29,1998.91,39.73,2.06,3276.70,0.00,40.5200,40.4954,40.3298,40.3111,40786774,1431393,2781312,40772596.0000,1432703.6250,2779076.2500,-32768,13769,-109
02:02:31,2004.34,39.71,2.09,3276.70,0.00,40.5105,40.4969,40.3298,40.3121,40783151,1431900,2779850,40772928.0000,1432678.5000,2779076.2500,-32768,13769,-109
02:02:33,2020.64,39.70,2.08,3276.70,0.00,40.5105,40.4978,40.3298,40.3123,40797880,1432717,2781768,40775656.0000,1432641.1250,2779295.7500,-32768,13769,-109
02:02:35,2042.36,39.70,2.09,3276.70,0.00,40.5105,40.4979,40.3076,40.3120,40799187,1432677,2781917,40777060.0000,1432649.8750,2779303.7500,-32768,13769,-109
02:02:37,2053.22,39.68,2.10,3276.70,0.00,40.4960,40.4979,40.3055,40.3120,40774157,1431152,2777059,40777396.0000,1432649.8750,2779303.7500,-32768,13769,-109
02:02:38,2053.22,39.68,2.10,3276.70,0.00,40.4930,40.4976,40.3055,40.3107,40778701,1431420,2779558,40777268.0000,1432501.2500,2779151.5000,-32768,13769,-109
02:02:40,2069.51,39.67,2.10,3276.70,0.00,40.4858,40.4967,40.2939,40.3098,40796734,1432007,2779558,40778280.0000,1432471.2500,2779050.7500,-32768,13769,-109
02:02:42,2091.23,39.67,2.11,3276.70,0.00,40.4809,40.4958,40.2891,40.3085,40799538,1431905,2779544,40778280.0000,1432471.2500,2779102.0000,-32768,13769,-109
02:02:44,2096.67,39.64,2.11,3276.70,0.00,40.4779,40.4947,40.2836,40.3085,40782247,1430644,2774615,40780268.0000,1432350.2500,2778961.7500,-32768,13769,-109
02:02:46,2123.82,39.64,2.12,3276.70,0.00,40.4779,40.4927,40.2745,40.3085,40787035,1431052,2772754,40780020.0000,1432157.5000,2778524.2500,-32768,13769,-109
02:02:49,2140.11,39.62,2.12,3276.70,0.00,40.4779,40.4901,40.2745,40.2998,40783758,1430662,2772754,40780020.0000,1432157.5000,2778524.2500,-32768,13769,-109
02:02:51,2150.97,39.61,2.13,3276.70,0.00,40.4539,40.4870,40.2745,40.2960,40792792,1430663,2772620,40781208.0000,1431900.7500,2778000.0000,-32768,13769,-109
02:02:53,2161.83,39.61,2.13,3276.70,0.00,40.4539,40.4834,40.2745,40.2930,40791381,1430797,2773657,40782184.0000,1431900.7500,2777661.7500,-32768,13769,-109
02:02:56,2178.13,39.59,2.15,3276.70,0.00,40.4379,40.4807,40.2395,40.2930,40800401,1431288,2773657,40782184.0000,1431900.7500,2777661.7500,-32768,13769,-109
02:02:57,2188.99,39.57,2.15,3276.70,0.00,40.4258,40.4759,40.2241,40.2825,40798215,1431240,2771695,40784736.0000,1431713.6250,2777099.2500,-32768,13769,-109
02:02:59,2205.28,39.57,2.15,3276.70,0.00,40.4181,40.4725,40.2202,40.2805,40795554,1431081,2769697,40785072.0000,1431713.6250,2776796.5000,-32768,13769,-109
02:03:01,2221.57,39.56,2.15,3276.70,0.00,40.4082,40.4669,40.2202,40.2743,40782275,1430207,2770439,40784672.0000,1431563.7500,2776408.0000,-32768,13769,-109
02:03:05,2227.00,39.54,2.16,3276.70,0.00,40.4082,40.4608,40.1956,40.2675,40782275,1430469,2770439,40784044.0000,1431377.8750,2776408.0000,-32768,13769,-109
02:03:06,2210.71,39.52,2.17,3276.70,0.00,40.3840,40.4542,40.1819,40.2601,40802381,1431193,2771149,40785024.0000,1431372.1250,2775238.2500,-32768,13769,-109
02:03:09,2156.40,39.51,2.17,3276.70,0.00,40.3840,40.4464,40.1819,40.2488,40821073,1431193,2770824,40788276.0000,1431440.0000,2774647.2500,-32768,13769,-109
02:03:11,2140.11,39.49,2.15,3276.70,0.00,40.3840,40.4368,40.1819,40.2383,40821976,1433634,2773153,40791356.0000,1431620.1250,2774255.5000,-32768,13769,-109
02:03:12,2134.68,39.47,2.12,3276.70,0.00,40.3042,40.4289,40.1147,40.2345,40817200,1433735,2766625,40792164.0000,1431686.1250,2774017.2500,-32768,13769,-109
02:03:14,2112.96,39.45,2.12,3276.70,0.00,40.2922,40.4246,40.1147,40.2261,40804344,1433407,2763466,40792164.0000,1431686.1250,2773085.7500,-32768,13769,-109
02:03:16,2096.67,39.45,2.11,3276.70,0.00,40.2630,40.4107,40.0782,40.2172,40806164,1433407,2760259,40794088.0000,1431970.2500,2772322.0000,-32768,13769,-109
02:03:19,2069.51,39.41,2.11,3276.70,0.00,40.2630,40.3955,40.0782,40.1980,40806164,1434028,2757396,40794860.0000,1432207.8750,2770527.5000,-32768,13769,-109
02:03:21,2058.65,39.38,2.11,3276.70,0.00,40.1996,40.3787,40.0177,40.1980,40797823,1433990,2756138,40795068.0000,1432207.8750,2769655.7500,-32768,13769,-109
02:03:23,2036.93,39.36,2.10,3276.70,0.00,40.1996,40.3605,39.9917,40.1701,40797823,1434146,2763139,40795292.0000,1432487.7500,2768723.0000,-32768,13769,-109
02:03:25,2020.64,39.33,2.10,3276.70,0.00,40.1537,40.3480,39.9757,40.1701,40796304,1434532,2751061,40795400.0000,1432487.7500,2768723.0000,-32768,13769,-109
02:03:27,2009.78,39.31,2.10,3276.70,0.00,40.1377,40.3480,39.9757,40.1404,40802262,1434685,2747853,40795400.0000,1432487.7500,2765851.7500,-32768,13769,-109
02:03:29,2004.34,39.31,2.10,3276.70,0.00,40.1128,40.3157,39.9381,40.1282,40796622,1434804,2747976,40795700.0000,1432487.7500,2764752.0000,-32768,13769,-109
02:03:30,1988.05,39.27,2.10,3276.70,0.00,40.0900,40.2958,39.9160,40.1095,40793170,1434936,2740415,40795668.0000,1433046.7500,2763465.5000,-32768,13769,-109
02:03:31,1977.19,39.27,2.10,3276.70,0.00,40.0839,40.2891,39.9100,40.1032,40791472,1434949,2737362,40795536.0000,1433106.1250,2762649.7500,-32768,13769,-109
02:03:32,1955.47,39.24,2.10,3276.70,0.00,40.0770,40.2825,39.9034,40.0970,40793219,1435089,2745940,40795464.0000,1433168.1250,2762127.5000,-32768,13769,-109
02:03:35,1917.45,39.23,2.08,3276.70,0.00,40.0770,40.2622,39.8778,40.0778,40790087,1435374,2754600,40795328.0000,1433365.6250,2760892.7500,-32768,13769,-109
02:03:36,1906.59,39.23,2.07,3276.70,0.00,40.0290,40.2482,39.8778,40.0646,40789864,1435764,2742695,40795056.0000,1433502.1250,2759608.0000,-32768,13769,-109
02:03:38,1879.44,39.23,2.06,3276.70,0.00,40.0059,40.2336,39.8430,40.0512,40779127,1435605,2739172,40794212.0000,1433502.1250,2758610.0000,-32768,13769,-109
02:03:41,1846.86,39.17,2.07,3276.70,0.00,40.0059,40.2107,39.8430,40.0234,40774802,1435605,2739172,40791852.0000,1433894.3750,2756953.7500,-32768,13769,-109
02:03:43,1825.13,39.16,2.07,3276.70,0.00,39.9455,40.1873,39.7879,40.0091,40773555,1436509,2723311,40790676.0000,1433894.3750,2756953.7500,-32768,13769,-109
02:03:45,1792.55,39.14,2.05,3276.70,0.00,39.9455,40.1638,39.7879,39.9875,40764734,1436440,2730521,40790676.0000,1433894.3750,2751962.2500,-32768,13769,-109
02:03:47,1776.26,39.14,2.05,3276.70,0.00,39.9070,40.1404,39.7396,39.9657,40760191,1436466,2722672,40786048.0000,1434463.8750,2750229.2500,-32768,13769,-109
02:03:49,1759.97,39.10,2.05,3276.70,0.00,39.8823,40.1247,39.7262,39.9511,40753418,1436562,2727386,40784196.0000,1434596.5000,2748839.5000,-32768,13769,-109
02:03:49,1749.10,39.09,2.04,3276.70,0.00,39.8737,40.1169,39.7189,39.9439,40750620,1436503,2727161,40783148.0000,1434656.1250,2748162.0000,-32768,13769,-109
02:03:51,1732.81,39.08,2.04,3276.70,0.00,39.8653,40.1090,39.7103,39.9366,40747964,1436377,2737038,40782048.0000,1434656.1250,2748162.0000,-32768,13769,-109
02:03:53,1705.66,39.07,2.02,3276.70,0.00,39.8653,40.0854,39.6851,39.9144,40746942,1436803,2723742,40778960.0000,1434887.6250,2746137.5000,-32768,13769,-109
02:03:55,1683.94,39.06,2.02,3276.70,0.00,39.8653,40.0698,39.6702,39.8995,40747206,1437476,2711649,40778960.0000,1434887.6250,2743267.5000,-32768,13769,-109
02:03:57,1673.07,39.04,2.01,3276.70,0.00,39.8104,40.0540,39.6569,39.8995,40735059,1436924,2711649,40773756.0000,1435237.3750,2741917.0000,-32768,13769,-109
02:03:59,1640.49,39.03,2.00,3276.70,0.00,39.7955,40.0383,39.6569,39.8627,40729068,1436924,2711649,40769664.0000,1435237.3750,2739586.0000,-32768,13769,-109
02:04:01,1635.06,39.01,2.00,3276.70,0.00,39.7739,40.0077,39.6141,39.8406,40736098,1437429,2717287,40767484.0000,1435493.7500,2738245.0000,-32768,13769,-109
02:04:03,1613.34,39.01,2.00,3276.70,0.00,39.7680,39.9927,39.6037,39.8262,40736307,1437429,2728830,40765576.0000,1435617.8750,2738245.0000,-32768,13769,-109
02:04:06,1591.62,38.99,2.00,3276.70,0.00,39.7680,39.9702,39.6037,39.7976,40724349,1437594,2713207,40761188.0000,1435847.0000,2738245.0000,-32768,13769,-109
02:04:08,1569.89,38.98,2.00,3276.70,0.00,39.7261,39.9702,39.5661,39.7976,40721343,1437509,2711716,40757784.0000,1435847.0000,2738245.0000,-32768,13769,-109
02:04:10,1542.74,38.97,2.00,3276.70,0.00,39.7113,39.9336,39.5526,39.7695,40719969,1437480,2709916,40756600.0000,1435847.0000,2730953.7500,-32768,13769,-109
02:04:13,1499.29,38.96,1.99,3276.70,0.00,39.7113,39.9053,39.5323,39.7419,40724318,1438466,2709916,40752752.0000,1435847.0000,2728773.2500,-32768,13769,-109
02:04:16,1483.00,38.94,1.95,3276.70,0.00,39.7113,39.8839,39.5323,39.7147,40724318,1438871,2714204,40747368.0000,1436664.0000,2726552.5000,-32768,13769,-109
02:04:18,1515.59,38.93,1.95,3276.70,0.00,39.7113,39.8555,39.5323,39.6885,40691842,1437468,2696032,40742772.0000,1436783.6250,2724415.2500,-32768,13769,-109
02:04:20,1548.17,38.92,1.98,3276.70,0.00,39.6458,39.8362,39.4899,39.6763,40682427,1436386,2702016,40739248.0000,1436784.0000,2722729.0000,-32768,13769,-109
02:04:22,1580.75,38.93,2.00,3276.70,0.00,39.6487,39.8362,39.4903,39.6763,40673703,1434372,2710378,40733252.0000,1436615.3750,2721099.7500,-32768,13769,-109
02:04:24,1597.05,38.93,2.00,3276.70,0.00,39.6589,39.8143,39.4937,39.6541,40669718,1433600,2710378,40729136.0000,1436423.0000,2720160.0000,-32768,13769,-109
02:04:26,1645.92,38.94,2.05,3276.70,0.00,39.6668,39.8051,39.4961,39.6397,40675135,1433660,2710378,40725552.0000,1436245.0000,2720160.0000,-32768,13769,-109
02:04:27,1662.21,38.95,2.07,3276.70,0.00,39.6815,39.7934,39.5035,39.6312,40675619,1433340,2697119,40722528.0000,1436078.2500,2717672.2500,-32768,13769,-109
02:04:30,1700.23,38.95,2.07,3276.70,0.00,39.6815,39.7869,39.5035,39.6202,40670553,1433340,2697119,40718104.0000,1435624.1250,2716121.0000,-32768,13769,-109
02:04:32,1727.38,38.96,2.08,3276.70,0.00,39.6815,39.7768,39.5235,39.6110,40673357,1431858,2703519,40714136.0000,1435396.3750,2715481.7500,-32768,13769,-109
02:04:34,1738.24,38.98,2.11,3276.70,0.00,39.6815,39.7748,39.5235,39.6059,40673357,1431609,2706199,40710112.0000,1435053.5000,2714570.2500,-32768,13769,-109
02:04:37,1759.97,38.99,2.11,3276.70,0.00,39.6815,39.7686,39.5235,39.5978,40679737,1432537,2707640,40706688.0000,1434784.6250,2713926.0000,-32768,13769,-109
02:04:39,1787.12,39.00,2.11,3276.70,0.00,39.7352,39.7686,39.5479,39.5978,40670319,1432159,2707769,40704196.0000,1434569.7500,2713339.5000,-32768,13769,-109
02:04:40,1803.41,39.01,2.12,3276.70,0.00,39.7411,39.7636,39.5529,39.5919,40677993,1432618,2708659,40703376.0000,1434508.7500,2713339.5000,-32768,13769,-109
02:04:42,1835.99,39.01,2.13,3276.70,0.00,39.7474,39.7636,39.5598,39.5919,40667779,1431345,2707187,40701224.0000,1434296.7500,2712697.2500,-32768,13769,-109
02:04:44,1863.15,39.02,2.13,3276.70,0.00,39.7567,39.7616,39.5673,39.5875,40652716,1430726,2707187,40698316.0000,1434075.1250,2712427.0000,-32768,13769,-109
02:04:46,1879.44,39.03,2.13,3276.70,0.00,39.7615,39.7615,39.5723,39.5864,40650966,1430494,2706349,40695592.0000,1433864.5000,2712086.7500,-32768,13769,-109
02:04:47,1895.73,39.03,2.14,3276.70,0.00,39.7659,39.7616,39.5781,39.5864,40656072,1430754,2707457,40693056.0000,1433664.7500,2711803.0000,-32768,13769,-109
02:04:49,1912.02,39.04,2.16,3276.70,0.00,39.7680,39.7618,39.5808,39.5864,40656195,1430731,2707967,40690876.0000,1433664.7500,2711803.0000,-32768,13769,-109
02:04:52,1939.18,39.04,2.16,3276.70,0.00,39.7733,39.7618,39.5808,39.5855,40656195,1430731,2710140,40687000.0000,1433180.5000,2711364.5000,-32768,13769,-109
02:04:55,1960.90,39.06,2.13,3276.70,0.00,39.7815,39.7618,39.5972,39.5855,40643215,1430163,2708553,40684580.0000,1433180.5000,2711135.7500,-32768,13769,-109
02:04:57,1977.19,39.07,2.13,3276.70,0.00,39.7895,39.7666,39.6010,39.5875,40648648,1430688,2708553,40680468.0000,1432727.8750,2711311.2500,-32768,13769,-109
02:04:58,1998.91,39.07,2.12,3276.70,0.00,39.7921,39.7681,39.6053,39.5885,40647275,1430524,2708722,40678620.0000,1432601.5000,2711435.7500,-32768,13769,-109
02:05:01,2036.93,39.08,2.12,3276.70,0.00,39.7921,39.7704,39.6053,39.5902,40647275,1429555,2695995,40674180.0000,1432337.6250,2710744.2500,-32768,13769,-109
02:05:03,2036.93,39.09,2.12,3276.70,0.00,39.7979,39.7704,39.6123,39.5921,40623713,1429521,2708381,40671176.0000,1432165.2500,2710744.2500,-32768,13769,-109
02:05:06,1998.91,39.10,2.13,3276.70,0.00,39.7979,39.7750,39.6123,39.5946,40623713,1431440,2701331,40667484.0000,1431970.0000,2709525.5000,-32768,13769,-109
02:05:08,1993.48,39.10,2.11,3276.70,0.00,39.7877,39.7763,39.6079,39.5954,40668679,1432245,2701331,40667484.0000,1431970.0000,2709665.0000,-32768,13769,-109
02:05:10,1993.48,39.11,2.07,3276.70,0.00,39.7836,39.7768,39.6032,39.5960,40670159,1432407,2728791,40667608.0000,1432009.5000,2709665.0000,-32768,13769,-109
02:05:12,1988.05,39.11,2.08,3276.70,0.00,39.7800,39.7768,39.6001,39.5960,40666083,1432577,2710011,40667492.0000,1432055.1250,2710655.0000,-32768,13769,-109
02:05:13,1988.05,39.11,2.07,3276.70,0.00,39.7766,39.7770,39.6002,39.5966,40673906,1432873,2714590,40667752.0000,1432103.5000,2710763.2500,-32768,13769,-109
02:05:14,1988.05,39.11,2.07,3276.70,0.00,39.7761,39.7770,39.5998,39.5966,40672890,1432886,2712459,40667912.0000,1432127.8750,2710816.2500,-32768,13769,-109
02:05:17,1982.62,39.11,2.06,3276.70,0.00,39.7761,39.7766,39.5998,39.5966,40676491,1433205,2694936,40668532.0000,1432221.0000,2710316.5000,-32768,13769,-109
02:05:18,1993.48,39.11,2.08,3276.70,0.00,39.7686,39.7761,39.5949,39.5966,40676491,1433119,2698210,40668724.0000,1432260.7500,2709961.7500,-32768,13769,-109
02:05:21,2015.21,39.11,2.07,3276.70,0.00,39.7686,39.7753,39.5949,39.5965,40669176,1431713,2696821,40669176.0000,1432249.8750,2709564.2500,-32768,13769,-109
02:05:22,2020.64,39.11,2.08,3276.70,0.00,39.7744,39.7752,39.6003,39.5966,40655242,1430870,2698412,40668740.0000,1432206.7500,2709215.7500,-32768,13769,-109
02:05:23,2026.07,39.12,2.11,3276.70,0.00,39.7786,39.7753,39.6009,39.5969,40656781,1430496,2709844,40667836.0000,1432206.7500,2709248.5000,-32768,13769,-109
02:05:25,2026.07,39.12,2.11,3276.70,0.00,39.7813,39.7755,39.6010,39.5971,40671837,1430715,2714114,40667924.0000,1432018.5000,2709431.5000,-32768,13769,-109
02:05:27,2026.07,39.13,2.11,3276.70,0.00,39.7842,39.7760,39.6011,39.5973,40678431,1431158,2714114,40668800.0000,1431929.6250,2709774.2500,-32768,13769,-109
02:05:29,2004.34,39.13,2.12,3276.70,0.00,39.7829,39.7767,39.6031,39.5978,40684604,1431121,2731334,40669688.0000,1431929.6250,2709774.2500,-32768,13769,-109
02:05:31,1993.48,39.14,2.11,3276.70,0.00,39.7791,39.7769,39.6048,39.5984,40698173,1432144,2713981,40671928.0000,1431882.1250,2711263.0000,-32768,13769,-109
02:05:34,1988.05,39.14,2.12,3276.70,0.00,39.7755,39.7768,39.6005,39.5985,40694291,1431866,2713981,40674008.0000,1431882.1250,2712078.7500,-32768,13769,-109
02:05:36,1988.05,39.14,2.11,3276.70,0.00,39.7732,39.7764,39.6005,39.5985,40694654,1431866,2713981,40675832.0000,1431881.2500,2712209.2500,-32768,13769,-109
02:05:38,1988.05,39.14,2.11,3276.70,0.00,39.7709,39.7760,39.5949,39.5980,40691769,1431876,2708041,40676868.0000,1431886.3750,2711937.0000,-32768,13769,-109
02:05:40,1988.05,39.15,2.11,3276.70,0.00,39.7691,39.7755,39.5968,39.5979,40694608,1431562,2714256,40677952.0000,1431868.0000,2712047.2500,-32768,13769,-109
02:05:41,1993.48,39.15,2.12,3276.70,0.00,39.7691,39.7751,39.5998,39.5980,40695623,1431741,2697280,40679020.0000,1431853.7500,2711677.2500,-32768,13769,-109
02:05:43,1998.91,39.15,2.13,3276.70,0.00,39.7712,39.7751,39.6024,39.5980,40697743,1431195,2697280,40680692.0000,1431811.7500,2711443.0000,-32768,13769,-109
02:05:46,1998.91,39.16,2.13,3276.70,0.00,39.7712,39.7750,39.6024,39.5988,40704099,1430928,2717214,40682564.0000,1431811.7500,2711963.7500,-32768,13769,-109
02:05:47,1993.48,39.16,2.14,3276.70,0.00,39.7841,39.7756,39.6050,39.5988,40705921,1431246,2714517,40683948.0000,1431704.5000,2712043.5000,-32768,13769,-109
02:05:49,1998.91,39.17,2.14,3276.70,0.00,39.7862,39.7759,39.6063,39.5993,40706342,1431167,2715710,40684648.0000,1431657.3750,2712848.5000,-32768,13769,-109
02:05:51,1998.91,39.17,2.16,3276.70,0.00,39.7907,39.7772,39.6080,39.6000,40711418,1431082,2715434,40686892.0000,1431657.3750,2713464.5000,-32768,13769,-109
02:05:52,1998.91,39.18,2.16,3276.70,0.00,39.7908,39.7776,39.6093,39.6003,40712179,1431096,2715209,40686892.0000,1431583.1250,2713605.2500,-32768,13769,-109
02:05:54,1998.91,39.18,2.16,3276.70,0.00,39.7908,39.7788,39.6093,39.6016,40713241,1430755,2717030,40690684.0000,1431523.1250,2714310.0000,-32768,13769,-109
02:05:56,1998.91,39.19,2.18,3276.70,0.00,39.7882,39.7794,39.6173,39.6021,40714357,1430760,2716347,40691424.0000,1431523.1250,2714451.7500,-32768,13769,-109
02:05:59,1993.48,39.20,2.18,3276.70,0.00,39.7900,39.7800,39.6173,39.6039,40715077,1430760,2717897,40694272.0000,1431426.5000,2713973.0000,-32768,13769,-109
02:06:01,1993.48,39.20,2.18,3276.70,0.00,39.7967,39.7800,39.6291,39.6039,40720256,1430743,2716758,40696664.0000,1431426.5000,2713973.0000,-32768,13769,-109
02:06:02,1993.48,39.21,2.19,3276.70,0.00,39.8050,39.7831,39.6335,39.6076,40721359,1430919,2705217,40697436.0000,1431357.6250,2713529.0000,-32768,13769,-109
02:06:05,1993.48,39.21,2.19,3276.70,0.00,39.8050,39.7854,39.6335,39.6111,40725898,1430919,2705217,40700520.0000,1431268.0000,2713823.5000,-32768,13769,-109
02:06:07,1993.48,39.22,2.19,3276.70,0.00,39.8050,39.7880,39.6434,39.6130,40726645,1430404,2720176,40702800.0000,1431189.0000,2714202.2500,-32768,13769,-109
02:06:08,1998.91,39.23,2.19,3276.70,0.00,39.8166,39.7897,39.6487,39.6151,40724238,1430290,2719846,40703468.0000,1431160.8750,2714378.7500,-32768,13769,-109
02:06:10,1993.48,39.24,2.22,3276.70,0.00,39.8220,39.7916,39.6552,39.6174,40724980,1430290,2719470,40705404.0000,1431048.2500,2715014.7500,-32768,13769,-109
02:06:12,1993.48,39.24,2.22,3276.70,0.00,39.8282,39.7937,39.6624,39.6200,40725824,1430027,2720698,40706040.0000,1431016.2500,2715192.2500,-32768,13769,-109
02:06:15,1993.48,39.25,2.22,3276.70,0.00,39.8282,39.7973,39.6624,39.6258,40725824,1430058,2722401,40708936.0000,1430887.1250,2716825.7500,-32768,13769,-109
02:06:16,1993.48,39.26,2.23,3276.70,0.00,39.8405,39.7999,39.6738,39.6273,40734141,1430035,2723307,40709720.0000,1430887.1250,2717228.5000,-32768,13769,-109
02:06:19,1993.48,39.26,2.23,3276.70,0.00,39.8476,39.8039,39.6738,39.6333,40737890,1429865,2723307,40709720.0000,1430713.1250,2718867.7500,-32768,13769,-109
02:06:21,1993.48,39.26,2.23,3276.70,0.00,39.8578,39.8084,39.6869,39.6333,40737704,1430008,2723307,40715060.0000,1430664.3750,2719346.0000,-32768,13769,-109
02:06:23,1993.48,39.26,2.25,3276.70,0.00,39.8628,39.8132,39.6957,39.6415,40739936,1429690,2725176,40716544.0000,1430610.2500,2719782.7500,-32768,13769,-109
02:06:23,1993.48,39.31,2.25,3276.70,0.00,39.8631,39.8147,39.6985,39.6432,40740090,1429585,2724713,40717280.0000,1430578.1250,2719936.7500,-32768,13769,-109
02:06:24,1993.48,39.31,2.25,3276.70,0.00,39.8654,39.8163,39.7013,39.6450,40740665,1429572,2725974,40718012.0000,1430529.6250,2719831.5000,-32768,13769,-109
02:06:26,1993.48,39.31,2.25,3276.70,0.00,39.8702,39.8195,39.7075,39.6450,40742933,1429572,2725576,40720360.0000,1430483.6250,2719826.5000,-32768,13769,-109
02:06:30,1993.48,39.32,2.26,3276.70,0.00,39.8702,39.8245,39.7075,39.6568,40742933,1429607,2725576,40723264.0000,1430370.5000,2719781.5000,-32768,13769,-109
02:06:32,1993.48,39.34,2.26,3276.70,0.00,39.8871,39.8315,39.7292,39.6631,40745947,1429500,2726924,40724648.0000,1430314.8750,2720245.7500,-32768,13769,-109
02:06:34,1993.48,39.35,2.28,3276.70,0.00,39.8905,39.8315,39.7330,39.6631,40750715,1429189,2725412,40726896.0000,1430215.8750,2720777.5000,-32768,13769,-109
02:06:37,1993.48,39.36,2.28,3276.70,0.00,39.8905,39.8412,39.7330,39.6759,40750715,1428583,2743900,40729600.0000,1430215.8750,2722353.5000,-32768,13769,-109
02:06:38,1993.48,39.38,2.29,3276.70,0.00,39.9179,39.8498,39.7554,39.6827,40749292,1428951,2730859,40730752.0000,1430002.3750,2723175.0000,-32768,13769,-109
02:06:40,1993.48,39.38,2.29,3276.70,0.00,39.9205,39.8520,39.7596,39.6850,40749896,1428738,2730859,40731952.0000,1429921.5000,2723704.0000,-32768,13769,-109
02:06:42,1993.48,39.39,2.29,3276.70,0.00,39.9278,39.8565,39.7677,39.6900,40750372,1428414,2747684,40732528.0000,1429874.3750,2724453.5000,-32768,13769,-109
02:06:44,1993.48,39.40,2.29,3276.70,0.00,39.9366,39.8565,39.7782,39.6900,40755496,1428808,2731534,40734500.0000,1429765.1250,2725470.0000,-32768,13769,-109
02:06:45,1993.48,39.41,2.30,3276.70,0.00,39.9485,39.8688,39.7835,39.6900,40752677,1428776,2721113,40736376.0000,1429679.3750,2725462.0000,-32768,13769,-109
02:06:48,1993.48,39.42,2.30,3276.70,0.00,39.9527,39.8739,39.7835,39.7107,40755858,1428776,2734012,40736376.0000,1429572.0000,2726230.5000,-32768,13769,-109
02:06:51,1993.48,39.43,2.31,3276.70,0.00,39.9527,39.8837,39.8021,39.7186,40755058,1428756,2727046,40739144.0000,1429522.1250,2726230.5000,-32768,13769,-109
02:06:52,1993.48,39.45,2.33,3276.70,0.00,39.9630,39.8885,39.8100,39.7241,40759581,1428290,2735546,40740400.0000,1429450.1250,2726708.2500,-32768,13769,-109
02:06:54,1993.48,39.45,2.33,3276.70,0.00,39.9630,39.8958,39.8192,39.7324,40761188,1427956,2742544,40742184.0000,1429331.1250,2727726.7500,-32768,13769,-109
