elapsed_time,mpx5500_pressure_hpa,rh_temp_c,humidity_pct,k96_pressure_hpa,k96_pressure_filtered_hpa,ntc0_temp_c,ntc0_temp_filtered_c,ntc1_temp_c,ntc1_temp_filtered_c,lpl_signal,mpl_signal,spl_signal,lpl_signal_filtered,mpl_signal_filtered,spl_signal_filtered,mpl_conc,lpl_conc,spl_conc
00:00:03,-15.86,23.99,7.13,0.00,0.00,0.0000,23.9508,0.0000,23.7277,38161623,1445530,1606283,38143696.0000,1449313.2500,1602402.7500,-32768,5234,3
00:00:04,-15.86,24.01,7.21,1003.10,0.00,24.0087,23.9542,23.7812,23.7294,38161149,1445207,1606458,38144240.0000,1449184.8750,1602529.5000,-32768,5234,3
00:00:05,-15.86,24.02,7.27,1003.20,0.00,24.0119,23.9560,23.7840,23.7311,38161639,1444884,1606207,38144784.0000,1449050.5000,1602644.3750,-32768,5234,2
00:00:09,-10.43,24.02,7.34,1003.30,0.00,24.0209,23.9560,23.7929,23.7311,38163852,1444884,1606207,38147504.0000,1448275.8750,1603334.7500,-32768,5234,2
00:00:10,11.30,24.05,7.44,1003.40,0.00,24.0300,23.9675,23.8019,23.7311,38164932,1442782,1606207,38148544.0000,1447922.8750,1603597.5000,-32768,5234,1
00:00:14,152.49,24.05,7.61,1015.00,0.00,24.0539,23.9675,23.8341,23.7311,38156441,1436308,1607868,38149040.0000,1447083.2500,1603597.5000,-32768,5234,0
00:00:16,185.08,24.05,8.51,3276.70,0.00,24.0539,23.9675,23.8682,23.7608,38156441,1436308,1610371,38150388.0000,1444912.0000,1603597.5000,-32768,5234,-1
00:00:18,228.52,24.09,9.75,3276.70,0.00,24.1295,23.9960,23.8918,23.7684,38160226,1419765,1611615,38150388.0000,1443237.6250,1605054.8750,-32768,5234,-1
00:00:20,337.13,24.09,10.67,3276.70,0.00,24.1647,24.0102,23.8918,23.7816,38160101,1406469,1612564,38151580.0000,1441123.0000,1605506.1250,-32768,5234,-2
00:00:22,391.44,24.08,10.67,3276.70,0.00,24.1647,24.0262,23.8918,23.7966,38157019,1393846,1614341,38152092.0000,1437171.0000,1606253.3750,-32768,5234,-3
00:00:24,429.46,24.08,13.01,3276.70,0.00,24.2070,24.0262,23.8918,23.8073,38157019,1382359,1616596,38151996.0000,1432531.8750,1607095.2500,-32768,5234,-4
00:00:25,489.19,24.07,13.93,3276.70,0.00,24.2266,24.0495,23.9948,23.8185,38150392,1376587,1616596,38151948.0000,1430783.6250,1607420.2500,-32768,5234,-5
00:00:27,521.78,24.06,14.73,3276.70,0.00,24.2528,24.0617,24.0119,23.8302,38145206,1368057,1616405,38151680.0000,1427047.7500,1608003.2500,-32768,5234,-6
00:00:29,597.81,24.06,15.57,3276.70,0.00,24.2605,24.0742,24.0279,23.8302,38139455,1368057,1616405,38150672.0000,1420976.6250,1608886.7500,-32768,5234,-7
00:00:30,576.08,24.05,16.75,3276.70,0.00,24.2829,24.0868,24.0431,23.8541,38136880,1353510,1618228,38150240.0000,1418868.2500,1609178.6250,-32768,5234,-8
00:00:31,603.24,24.04,17.12,3276.70,0.00,24.2901,24.0931,24.0502,23.8602,38133263,1350073,1618031,38149708.0000,1416718.5000,1609455.2500,-32768,5234,-8
00:00:32,652.11,24.04,17.52,3276.70,0.00,24.2971,24.0931,24.0502,23.8725,38127418,1342662,1618897,38148544.0000,1412274.7500,1610032.1250,-32768,5234,-9
00:00:34,711.85,24.03,18.24,3276.70,0.00,24.3159,24.1185,24.0761,23.8848,38125593,1337029,1619343,38147108.0000,1407728.2500,1610597.2500,-32768,5234,-9
00:00:36,787.88,24.02,18.87,3276.70,0.00,24.3224,24.1249,24.0761,23.8971,38122025,1331082,1620620,38147108.0000,1407728.2500,1611494.5000,-32768,5234,-11
00:00:38,836.75,24.02,19.46,3276.70,0.00,24.3224,24.1249,24.1004,23.8971,38114842,1321873,1621390,38143200.0000,1407728.2500,1612367.1250,-32768,5234,-13
00:00:40,874.77,24.01,20.49,3276.70,0.00,24.3224,24.1686,24.1004,23.9335,38106571,1313455,1621076,38140332.0000,1388738.2500,1612902.5000,-32768,5234,-14
00:00:42,896.49,24.00,21.39,3276.70,0.00,24.3637,24.1804,24.1004,23.9335,38107259,1307282,1622175,38137392.0000,1381543.5000,1613722.2500,-32768,5234,-15
00:00:44,961.66,23.99,21.96,3276.70,0.00,24.3710,24.1920,24.1344,23.9335,38107797,1304583,1621659,38136464.0000,1381543.5000,1614212.6250,-32768,5234,-16
00:00:47,1005.10,23.99,22.82,3276.70,0.00,24.3710,24.2088,24.1446,23.9734,38101464,1297425,1621623,38136464.0000,1381543.5000,1614212.6250,-32768,5234,-17
00:00:49,1070.27,23.97,23.66,3276.70,0.00,24.3905,24.2250,24.1537,23.9895,38100622,1291162,1622106,38130368.0000,1381543.5000,1615533.5000,-32768,5234,-18
00:00:50,1048.55,23.96,23.66,3276.70,0.00,24.3961,24.2354,24.1607,23.9998,38093138,1288276,1621733,38128136.0000,1360068.5000,1615727.2500,-32768,5234,-18
00:00:53,1168.02,23.96,23.66,3276.70,0.00,24.4004,24.2354,24.1670,23.9998,38085625,1281320,1621954,38124472.0000,1353150.8750,1616293.8750,-32768,5234,-19
00:00:55,1238.62,23.95,25.72,3276.70,0.00,24.4033,24.2597,24.1708,24.0243,38085625,1281320,1621954,38124472.0000,1343951.5000,1616932.8750,-32768,5234,-20
00:00:57,1216.90,23.94,26.38,3276.70,0.00,24.4072,24.2770,24.1708,24.0243,38083511,1269100,1622367,38117252.0000,1339408.5000,1617288.0000,-32768,5234,-20
00:00:59,1309.22,23.93,26.84,3276.70,0.00,24.4072,24.2851,24.1708,24.0545,38076249,1264372,1621917,38113644.0000,1332736.6250,1617671.1250,-32768,5234,-21
00:01:02,1325.51,23.92,27.51,3276.70,0.00,24.4072,24.2964,24.1708,24.0660,38071076,1258851,1621544,38110132.0000,1326174.8750,1618023.1250,-32768,5234,-22
00:01:05,1374.39,23.92,28.34,3276.70,0.00,24.4072,24.3068,24.1708,24.0766,38071076,1252157,1621544,38104720.0000,1317635.8750,1618393.0000,-32768,5234,-22
00:01:07,1417.83,23.89,28.94,3276.70,0.00,24.4114,24.3191,24.1842,24.0863,38057157,1249208,1621544,38100180.0000,1311413.0000,1618393.0000,-32768,5234,-22
00:01:09,1450.42,23.89,29.57,3276.70,0.00,24.4100,24.3247,24.1831,24.0923,38054967,1246031,1619671,38098768.0000,1311413.0000,1618393.0000,-32768,5234,-23
00:01:10,1483.00,23.87,29.95,3276.70,0.00,24.4075,24.3298,24.1808,24.0977,38058189,1242848,1620879,38096316.0000,1305321.3750,1618657.5000,-32768,5234,-23
00:01:11,1493.86,23.87,30.09,3276.70,0.00,24.4061,24.3322,24.1798,24.1002,38048621,1240031,1618854,38093604.0000,1301346.1250,1618701.8750,-32768,5234,-23
00:01:12,1488.43,23.86,30.37,3276.70,0.00,24.4060,24.3367,24.1791,24.1051,38049796,1239226,1619122,38092236.0000,1299404.8750,1618715.0000,-32768,5234,-23
00:01:14,1548.17,23.86,30.78,3276.70,0.00,24.4065,24.3410,24.1800,24.1096,38037168,1236616,1619016,38089256.0000,1295588.8750,1618727.2500,-32768,5234,-23
00:01:16,1564.46,23.85,30.93,3276.70,0.00,24.4065,24.3450,24.1803,24.1139,38040050,1236616,1618879,38086344.0000,1291903.0000,1618742.2500,-32768,5234,-23
00:01:17,1613.34,23.85,31.27,3276.70,0.00,24.4061,24.3468,24.1803,24.1160,38034573,1236616,1618879,38083148.0000,1288317.0000,1618727.2500,-32768,5234,-23
00:01:19,1613.34,23.85,31.27,3276.70,0.00,24.4061,24.3468,24.1762,24.1216,38034573,1236616,1618030,38078552.0000,1283041.2500,1618730.0000,-32768,5234,-23
00:01:21,1651.35,23.84,31.99,3276.70,0.00,24.3990,24.3548,24.1751,24.1248,38032139,1227363,1617409,38077104.0000,1281301.2500,1618688.7500,-32768,5234,-23
00:01:22,1694.80,23.83,32.29,3276.70,0.00,24.3951,24.3573,24.1751,24.1248,38034419,1224254,1618077,38072908.0000,1276198.8750,1618627.7500,-32768,5234,-23
00:01:24,1678.51,23.83,32.59,3276.70,0.00,24.3927,24.3605,24.1691,24.1316,38023265,1224254,1618077,38070056.0000,1272880.3750,1618569.0000,-32768,5234,-23
00:01:26,1721.95,23.82,32.59,3276.70,0.00,24.3879,24.3622,24.1659,24.1337,38020966,1220069,1616993,38066956.0000,1269648.7500,1618465.1250,-32768,5234,-23
00:01:27,1754.53,23.81,33.28,3276.70,0.00,24.3856,24.3629,24.1634,24.1346,38019379,1218640,1617512,38065468.0000,1268054.6250,1618435.3750,-32768,5234,-23
00:01:28,1743.67,23.80,33.40,3276.70,0.00,24.3830,24.3635,24.1615,24.1355,38019465,1216953,1616420,38064032.0000,1266457.7500,1618372.3750,-32768,5234,-22
00:01:31,1803.41,23.80,33.40,3276.70,0.00,24.3830,24.3648,24.1615,24.1379,38019465,1213403,1616202,38057888.0000,1260291.5000,1618149.6250,-32768,5234,-22
00:01:32,1759.97,23.80,33.73,3276.70,0.00,24.3713,24.3653,24.1509,24.1382,38008365,1212468,1615916,38056340.0000,1260291.5000,1617991.6250,-32768,5234,-22
00:01:33,1776.26,23.78,33.92,3276.70,0.00,24.3648,24.3653,24.1460,24.1387,38000541,1210016,1615637,38053008.0000,1255829.7500,1617918.0000,-32768,5234,-22
00:01:35,1846.86,23.78,34.13,3276.70,0.00,24.3626,24.3652,24.1440,24.1387,38009523,1207956,1614525,38050208.0000,1252924.1250,1617735.1250,-32768,5234,-22
00:01:37,1906.59,23.77,34.46,3276.70,0.00,24.3626,24.3644,24.1440,24.1387,38000948,1204984,1614571,38045376.0000,1248641.3750,1617445.2500,-32768,5234,-21
00:01:39,1928.32,23.76,34.94,3276.70,0.00,24.3491,24.3635,24.1303,24.1382,37994322,1203514,1613516,38045376.0000,1245881.3750,1617198.3750,-32768,5234,-21
00:01:40,1950.04,23.75,35.08,3276.70,0.00,24.3491,24.3619,24.1261,24.1375,37994780,1201674,1612972,38039600.0000,1243195.8750,1616945.2500,-32768,5234,-21
00:01:42,1912.02,23.75,35.19,3276.70,0.00,24.3415,24.3612,24.1234,24.1371,37987105,1200794,1612895,38039600.0000,1240561.0000,1616666.2500,-32768,5234,-20
00:01:44,1868.58,23.74,35.25,3276.70,0.00,24.3334,24.3589,24.1167,24.1354,37984575,1198628,1612345,38033068.0000,1237999.2500,1616401.1250,-32768,5234,-20
00:01:47,1933.75,23.74,35.25,3276.70,0.00,24.3238,24.3568,24.1167,24.1327,37984575,1197481,1612345,38026952.0000,1233169.7500,1615873.3750,-32768,5234,-19
00:01:49,1977.19,23.72,35.25,3276.70,0.00,24.3238,24.3506,24.1167,24.1273,37966542,1197481,1609060,38022136.0000,1228736.6250,1615162.2500,-32768,5234,-18
00:01:51,1960.90,23.71,36.15,3276.70,0.00,24.2773,24.3444,24.0675,24.1238,37969478,1194657,1609365,38018656.0000,1228736.6250,1614799.5000,-32768,5234,-18
00:01:53,1993.48,23.69,36.27,3276.70,0.00,24.2660,24.3397,24.0556,24.1198,37963542,1194657,1607815,38013744.0000,1224535.0000,1614799.5000,-32768,5234,-17
00:01:55,2036.93,23.69,36.38,3276.70,0.00,24.2516,24.3321,24.0419,24.1130,37954635,1192393,1607815,38010164.0000,1224535.0000,1613656.2500,-32768,5234,-16
00:01:58,2026.07,23.68,36.43,3276.70,0.00,24.2436,24.3321,24.0311,24.1059,37951819,1190295,1605390,38005196.0000,1219691.1250,1613656.2500,-32768,5234,-15
00:02:00,2064.08,23.68,36.88,3276.70,0.00,24.2339,24.3185,24.0257,24.1009,37960396,1188774,1605615,38001128.0000,1216928.0000,1612492.0000,-32768,5234,-14
00:02:01,2015.21,23.66,36.88,3276.70,0.00,24.2219,24.3101,24.0143,24.0934,37950657,1187714,1604889,37998288.0000,1215143.1250,1612045.2500,-32768,5234,-14
00:02:04,2047.79,23.65,37.33,3276.70,0.00,24.2219,24.3040,24.0143,24.0851,37950657,1187314,1605144,37993208.0000,1212633.8750,1611380.2500,-32768,5234,-12
00:02:06,2031.50,23.63,37.29,3276.70,0.00,24.1884,24.3040,23.9727,24.0756,37950657,1187314,1602697,37987828.0000,1210293.3750,1610595.2500,-32768,5234,-12
00:02:08,2026.07,23.62,37.35,3276.70,0.00,24.1626,24.2829,23.9576,24.0686,37927369,1186201,1601434,37984044.0000,1210293.3750,1609742.1250,-32768,5234,-12
00:02:11,2069.51,23.60,37.65,3276.70,0.00,24.1389,24.2829,23.9364,24.0686,37921805,1186201,1601434,37975380.0000,1205453.7500,1608587.6250,-32768,5234,-8
00:02:13,2031.50,23.59,37.65,3276.70,0.00,24.1176,24.2571,23.9153,24.0448,37919996,1186201,1598302,37972104.0000,1204185.3750,1607959.1250,-32768,5234,-8
00:02:16,2004.34,23.57,37.65,3276.70,0.00,24.1035,24.2571,23.8980,24.0448,37911610,1184233,1597271,37966800.0000,1202371.3750,1607002.1250,-32768,5234,-6
00:02:18,2036.93,23.55,38.27,3276.70,0.00,24.0846,24.2571,23.8782,24.0448,37905682,1184368,1595837,37961748.0000,1200731.8750,1606059.7500,-32768,5234,-5
00:02:18,2015.21,23.54,38.38,3276.70,0.00,24.0625,24.2186,23.8643,24.0091,37905329,1184834,1595246,37959984.0000,1200235.0000,1605721.7500,-32768,5234,-4
00:02:19,1998.91,23.52,38.43,3276.70,0.00,24.0545,24.2134,23.8577,24.0044,37903108,1185922,1594769,37958208.0000,1199787.7500,1605379.5000,-32768,5234,-4
00:02:21,2004.34,23.51,38.52,3276.70,0.00,24.0461,24.2134,23.8577,23.9947,37906463,1185589,1593263,37954848.0000,1198943.5000,1604659.3750,-32768,5234,-2
00:02:25,2031.50,23.49,38.72,3276.70,0.00,24.0461,24.1920,23.8577,23.9793,37906463,1185460,1593263,37947844.0000,1197317.2500,1604659.3750,-32768,5234,0
00:02:27,1993.48,23.47,38.94,3276.70,0.00,23.9967,24.1920,23.7906,23.9628,37890543,1185824,1591085,37947844.0000,1196254.2500,1602106.5000,-32768,5234,2
00:02:30,1944.61,23.45,38.95,3276.70,0.00,23.9620,24.1920,23.7597,23.9628,37884196,1185824,1591085,37947844.0000,1196254.2500,1600610.1250,-32768,5234,4
00:02:32,1993.48,23.42,38.95,3276.70,0.00,23.9355,24.1920,23.7597,23.9162,37877145,1184275,1588120,37930772.0000,1194008.2500,1599452.8750,-32768,5234,6
00:02:33,2020.64,23.41,39.16,3276.70,0.00,23.9233,24.1139,23.7252,23.9103,37877845,1184122,1588433,37929120.0000,1193699.3750,1599108.5000,-32768,5234,7
00:02:36,1982.62,23.39,39.35,3276.70,0.00,23.9080,24.1139,23.7043,23.8921,37873897,1183945,1585509,37924024.0000,1192807.1250,1599108.5000,-32768,5234,8
00:02:38,1955.47,23.37,39.57,3276.70,0.00,23.8961,24.0890,23.7043,23.8921,37872990,1184399,1585321,37921052.0000,1192807.1250,1596770.1250,-32768,5234,8
00:02:40,1955.47,23.35,39.66,3276.70,0.00,23.8764,24.0644,23.6770,23.8921,37866737,1183543,1584027,37916140.0000,1191524.5000,1596004.7500,-32768,5234,11
00:02:42,1966.33,23.35,39.75,3276.70,0.00,23.8653,24.0644,23.6627,23.8921,37869493,1183021,1583449,37911808.0000,1190763.1250,1594887.1250,-32768,5234,13
00:02:44,1988.05,23.33,39.91,3276.70,0.00,23.8653,24.0341,23.6627,23.8326,37869493,1182696,1582022,37907168.0000,1190050.2500,1593729.7500,-32768,5234,14
00:02:47,2031.50,23.31,40.07,3276.70,0.00,23.8348,24.0341,23.6343,23.8326,37863928,1182047,1582022,37903232.0000,1189322.7500,1592681.8750,-32768,5234,16
00:02:49,1928.32,23.30,40.07,3276.70,0.00,23.8348,23.9980,23.6175,23.7975,37858891,1180578,1580636,37903232.0000,1188544.5000,1591603.7500,-32768,5234,18
00:02:50,2004.34,23.28,40.30,3276.70,0.00,23.8006,23.9860,23.5999,23.7800,37859011,1180594,1579509,37896832.0000,1188054.5000,1590888.2500,-32768,5234,19
00:02:52,1971.76,23.28,40.38,3276.70,0.00,23.7885,23.9740,23.5937,23.7742,37852949,1180067,1578522,37895460.0000,1188054.5000,1590156.0000,-32768,5234,20
00:02:54,1944.61,23.27,40.41,3276.70,0.00,23.7837,23.9680,23.5882,23.7742,37859253,1179871,1578522,37891864.0000,1187075.6250,1589441.8750,-32768,5234,21
00:02:55,2004.34,23.26,40.76,3276.70,0.00,23.7684,23.9503,23.5722,23.7510,37855322,1179307,1578522,37889668.0000,1186587.1250,1588765.2500,-32768,5234,22
00:02:57,2004.34,23.26,40.76,3276.70,0.00,23.7684,23.9328,23.5599,23.7339,37858510,1178257,1578522,37887628.0000,1186088.5000,1588083.5000,-32768,5234,24
00:02:59,1955.47,23.24,41.07,3276.70,0.00,23.7437,23.9213,23.5503,23.7227,37854008,1177118,1576956,37885484.0000,1185552.8750,1587393.5000,-32768,5234,24
00:03:00,1971.76,23.23,41.22,3276.70,0.00,23.7337,23.9099,23.5405,23.7116,37853635,1176486,1576488,37883496.0000,1184998.5000,1586723.3750,-32768,5234,25
00:03:03,2031.50,23.22,41.39,3276.70,0.00,23.7337,23.8986,23.5405,23.6951,37846112,1176486,1576488,37883496.0000,1184998.5000,1585442.8750,-32768,5234,27
00:03:05,2004.34,23.21,41.34,3276.70,0.00,23.7154,23.8821,23.5173,23.6842,37844841,1176293,1576488,37877656.0000,1183662.1250,1584839.0000,-32768,5234,28
00:03:07,2004.34,23.20,41.51,3276.70,0.00,23.7029,23.8662,23.5053,23.6683,37840378,1174272,1575090,37875408.0000,1183096.0000,1584233.3750,-32768,5234,30
00:03:08,1971.76,23.20,41.82,3276.70,0.00,23.6982,23.8609,23.5015,23.6630,37843365,1173649,1575090,37873416.0000,1182502.8750,1583666.3750,-32768,5234,30
00:03:10,1982.62,23.19,41.98,3276.70,0.00,23.6898,23.8505,23.4941,23.6527,37843365,1172579,1574577,37871912.0000,1181905.7500,1583117.6250,-32768,5234,31
00:03:12,1998.91,23.18,42.12,3276.70,0.00,23.6898,23.8304,23.4833,23.6329,37833289,1173193,1573379,37868608.0000,1181142.6250,1582282.0000,-32768,5234,32
00:03:13,1988.05,23.17,42.27,3276.70,0.00,23.6750,23.8255,23.4795,23.6281,37833484,1172540,1572859,37867508.0000,1180873.7500,1581987.5000,-32768,5234,33
00:03:15,1950.04,23.17,42.29,3276.70,0.00,23.6681,23.8159,23.4725,23.6186,37835488,1171377,1572354,37865536.0000,1180873.7500,1581987.5000,-32768,5234,34
00:03:18,1977.19,23.16,42.57,3276.70,0.00,23.6612,23.8159,23.4657,23.6186,37838530,1169806,1572878,37862784.0000,1180873.7500,1581987.5000,-32768,5234,36
00:03:19,1960.90,23.15,42.73,3276.70,0.00,23.6541,23.7971,23.4538,23.5954,37832837,1168516,1572390,37860884.0000,1178750.0000,1580126.7500,-32768,5234,36
00:03:20,2004.34,23.14,42.92,3276.70,0.00,23.6457,23.7879,23.4503,23.5909,37829575,1168390,1572390,37858944.0000,1178095.0000,1579600.6250,-32768,5234,37
00:03:24,1988.05,23.13,42.92,3276.70,0.00,23.6457,23.7742,23.4503,23.5729,37843442,1168135,1571766,37858944.0000,1178095.0000,1578889.6250,-32768,5234,39
00:03:25,2004.34,23.12,43.46,3276.70,0.00,23.6263,23.7609,23.4503,23.5729,37830755,1167642,1570583,37854696.0000,1176276.1250,1578889.6250,-32768,5234,39
00:03:27,1966.33,23.12,43.57,3276.70,0.00,23.6180,23.7482,23.4242,23.5516,37823443,1165760,1568427,37852732.0000,1175653.5000,1577593.1250,-32768,5234,40
00:03:28,2031.50,23.11,43.60,3276.70,0.00,23.6157,23.7440,23.4221,23.5475,37820887,1165405,1569167,37851736.0000,1175653.5000,1577098.7500,-32768,5234,41
00:03:29,1988.05,23.11,43.60,3276.70,0.00,23.6104,23.7359,23.4164,23.5395,37832691,1165405,1570532,37850356.0000,1174715.0000,1576893.5000,-32768,5234,42
00:03:32,1998.91,23.11,43.71,3276.70,0.00,23.6080,23.7359,23.4107,23.5395,37822007,1165405,1568770,37847784.0000,1174715.0000,1576893.5000,-32768,5234,43
00:03:34,1971.76,23.10,44.04,3276.70,0.00,23.5951,23.7160,23.4007,23.5200,37822247,1162616,1568251,37845220.0000,1172698.5000,1576893.5000,-32768,5234,44
00:03:36,1998.91,23.10,44.20,3276.70,0.00,23.5903,23.7160,23.3934,23.5200,37814246,1162616,1568251,37842680.0000,1171704.8750,1574841.2500,-32768,5234,45
00:03:39,1988.05,23.10,44.30,3276.70,0.00,23.5903,23.6934,23.3844,23.5200,37817291,1160841,1567657,37840316.0000,1171704.8750,1574014.7500,-32768,5234,46
00:03:40,1998.91,23.09,44.45,3276.70,0.00,23.5903,23.6934,23.3778,23.4868,37820570,1160076,1566878,37838928.0000,1170107.0000,1573791.7500,-32768,5234,47
00:03:43,2053.22,23.09,44.46,3276.70,0.00,23.5683,23.6934,23.3744,23.4799,37813835,1159277,1567215,37837424.0000,1169445.0000,1573791.7500,-32768,5234,48
00:03:44,2004.34,23.07,44.99,3276.70,0.00,23.5632,23.6687,23.3685,23.4731,37821808,1158904,1567355,37836344.0000,1168802.3750,1572996.2500,-32768,5234,48
00:03:46,1977.19,23.06,45.11,3276.70,0.00,23.5598,23.6653,23.3685,23.4663,37821808,1157980,1567355,37834948.0000,1167851.2500,1572509.8750,-32768,5234,49
00:03:48,2026.07,23.05,45.27,3276.70,0.00,23.5508,23.6653,23.3569,23.4663,37819776,1157806,1566381,37833400.0000,1166975.8750,1571931.1250,-32768,5234,50
00:03:51,1977.19,23.04,45.46,3276.70,0.00,23.5508,23.6423,23.3569,23.4470,37818286,1157806,1566381,37831992.0000,1166057.0000,1571417.8750,-32768,5234,50
00:03:53,1966.33,23.03,45.67,3276.70,0.00,23.5396,23.6361,23.3569,23.4379,37818286,1156705,1566442,37830208.0000,1165187.2500,1570966.8750,-32768,5234,51
00:03:54,1966.33,23.03,45.87,3276.70,0.00,23.5307,23.6267,23.3569,23.4379,37811349,1155822,1565700,37829620.0000,1164578.5000,1570630.5000,-32768,5234,52
00:03:56,1998.91,23.03,45.88,3276.70,0.00,23.5307,23.6174,23.3304,23.4229,37803888,1153983,1564331,37827476.0000,1163931.3750,1570242.8750,-32768,5234,52
00:03:58,1988.05,23.02,46.14,3276.70,0.00,23.5185,23.6143,23.3274,23.4199,37813615,1154049,1565111,37827044.0000,1163622.5000,1570082.5000,-32768,5234,52
00:04:00,2009.78,23.01,46.24,3276.70,0.00,23.5156,23.6112,23.3274,23.4139,37810948,1154049,1564268,37827044.0000,1162668.8750,1569626.0000,-32768,5234,54
00:04:01,2036.93,23.01,46.48,3276.70,0.00,23.5037,23.5988,23.3108,23.4047,37806246,1152615,1564018,37824228.0000,1162037.2500,1569288.8750,-32768,5234,54
00:04:03,2009.78,23.01,46.48,3276.70,0.00,23.5015,23.5957,23.3080,23.4017,37805667,1152625,1563975,37823648.0000,1162037.2500,1568955.7500,-32768,5234,55
00:04:06,2074.94,23.00,46.68,3276.70,0.00,23.5015,23.5868,23.3080,23.3898,37805667,1151114,1563662,37821216.0000,1160508.1250,1568465.0000,-32768,5234,56
00:04:09,2020.64,23.00,46.87,3276.70,0.00,23.4909,23.5868,23.2945,23.3898,37798580,1151114,1563644,37818908.0000,1159285.8750,1568465.0000,-32768,5234,57
00:04:11,1982.62,22.99,47.11,3276.70,0.00,23.4843,23.5868,23.2882,23.3898,37800582,1149138,1562892,37817212.0000,1158363.2500,1567490.5000,-32768,5234,57
00:04:13,2036.93,22.98,47.31,3276.70,0.00,23.4843,23.5588,23.2882,23.3621,37796665,1148126,1562783,37815416.0000,1157464.2500,1567090.8750,-32768,5234,58
00:04:15,1966.33,22.98,47.45,3276.70,0.00,23.4721,23.5534,23.2780,23.3595,37799413,1147529,1562931,37815416.0000,1157153.7500,1566960.8750,-32768,5234,58
00:04:18,2042.36,22.97,47.62,3276.70,0.00,23.4721,23.5457,23.2780,23.3490,37794513,1147529,1562221,37812708.0000,1155615.3750,1566320.7500,-32768,5234,59
00:04:19,2064.08,22.97,47.87,3276.70,0.00,23.4633,23.5383,23.2668,23.3440,37796703,1147065,1562648,37811592.0000,1155348.1250,1566206.0000,-32768,5234,59
00:04:21,2026.07,22.96,47.87,3276.70,0.00,23.4591,23.5383,23.2624,23.3390,37794661,1146049,1561753,37810448.0000,1154514.6250,1565786.0000,-32768,5234,60
00:04:23,2042.36,22.96,48.09,3276.70,0.00,23.4559,23.5287,23.2581,23.3341,37795757,1145666,1561942,37809388.0000,1154238.1250,1565786.0000,-32768,5234,60
00:04:25,2036.93,22.96,48.25,3276.70,0.00,23.4530,23.5241,23.2552,23.3292,37798743,1145827,1561942,37809388.0000,1154238.1250,1565786.0000,-32768,5234,61
00:04:27,2042.36,22.96,48.40,3276.70,0.00,23.4456,23.5171,23.2484,23.3220,37798743,1145827,1561835,37807088.0000,1152902.5000,1565091.6250,-32768,5234,61
00:04:30,2058.65,22.95,48.55,3276.70,0.00,23.4408,23.5124,23.2484,23.3148,37798743,1143576,1561557,37805112.0000,1151822.0000,1564654.8750,-32768,5234,62
00:04:32,2020.64,22.95,48.67,3276.70,0.00,23.4342,23.5124,23.2368,23.3148,37788833,1144177,1561557,37803688.0000,1151109.3750,1564328.0000,-32768,5234,62
00:04:35,1982.62,22.95,48.74,3276.70,0.00,23.4342,23.4964,23.2368,23.2989,37788833,1141687,1559967,37801656.0000,1150078.0000,1563845.0000,-32768,5234,63
00:04:37,2047.79,22.95,48.99,3276.70,0.00,23.4231,23.4898,23.2288,23.2946,37786547,1141607,1559967,37800792.0000,1150078.0000,1563489.0000,-32768,5234,64
00:04:38,2042.36,22.95,49.03,3276.70,0.00,23.4170,23.4834,23.2245,23.2946,37783269,1140606,1560461,37799740.0000,1148991.7500,1563394.3750,-32768,5234,64
00:04:40,2031.50,22.95,49.15,3276.70,0.00,23.4170,23.4834,23.2209,23.2946,37783310,1139952,1559747,37798200.0000,1148202.2500,1563057.8750,-32768,5234,64
00:04:41,2020.64,22.94,49.26,3276.70,0.00,23.4111,23.4749,23.2182,23.2801,37779203,1139679,1558938,37797608.0000,1147935.8750,1562929.1250,-32768,5234,65
00:04:43,2015.21,22.94,49.33,3276.70,0.00,23.4102,23.4729,23.2173,23.2781,37773619,1139880,1558267,37796856.0000,1147684.1250,1562783.3750,-32768,5234,65
00:04:44,2085.80,22.94,49.39,3276.70,0.00,23.4102,23.4729,23.2173,23.2781,37773619,1139880,1558267,37796856.0000,1147684.1250,1562783.3750,-32768,5234,65
00:04:45,2058.65,22.94,49.39,3276.70,0.00,23.4102,23.4729,23.2173,23.2723,37773619,1139880,1558267,37796856.0000,1146680.8750,1562350.1250,-32768,5234,65
00:04:46,2036.93,22.94,49.71,3276.70,0.00,23.4102,23.4729,23.2117,23.2723,37773619,1139880,1558267,37796856.0000,1146418.2500,1562249.5000,-32768,5234,66
00:04:47,2047.79,22.93,49.71,3276.70,0.00,23.4102,23.4729,23.2102,23.2723,37773619,1139880,1558267,37796856.0000,1146153.2500,1562139.1250,-32768,5234,66
00:04:48,2069.51,22.93,49.52,3276.70,0.00,23.4102,23.4729,23.2102,23.2723,37773619,1139880,1558267,37796856.0000,1146153.2500,1561966.2500,-32768,5234,66
00:04:49,2074.94,22.93,49.58,3276.70,0.00,23.4102,23.4575,23.2078,23.2613,37777577,1137111,1559318,37792632.0000,1145355.3750,1561883.5000,-32768,5234,66
00:04:51,2058.65,22.92,49.78,3276.70,0.00,23.3978,23.4538,23.2050,23.2595,37779725,1137084,1557452,37792232.0000,1145355.3750,1561617.6250,-32768,5234,67
00:04:53,2053.22,22.92,49.91,3276.70,0.00,23.3925,23.4483,23.1982,23.2541,37786005,1136313,1557823,37791548.0000,1144357.1250,1561388.2500,-32768,5234,67
00:04:55,2058.65,22.91,50.08,3276.70,0.00,23.3884,23.4446,23.1930,23.2504,37777899,1135926,1558417,37790832.0000,1143834.5000,1561216.5000,-32768,5234,68
00:04:58,2058.65,22.91,50.08,3276.70,0.00,23.3884,23.4391,23.1930,23.2446,37777899,1135038,1557274,37789396.0000,1142848.1250,1561216.5000,-32768,5234,68
00:05:00,2058.65,22.88,50.44,3276.70,0.00,23.3745,23.4334,23.1821,23.2446,37773057,1134478,1556995,37788408.0000,1142343.1250,1560436.1250,-32768,5234,68
00:05:01,2069.51,22.88,50.64,3276.70,0.00,23.3705,23.4296,23.1775,23.2353,37770118,1134733,1557511,37787232.0000,1141867.5000,1560344.6250,-32768,5234,69
00:05:03,2069.51,22.88,50.69,3276.70,0.00,23.3696,23.4277,23.1759,23.2334,37774995,1134240,1557511,37787232.0000,1141867.5000,1560344.6250,-32768,5234,70
00:05:05,2069.51,22.88,50.61,3276.70,0.00,23.3675,23.4240,23.1712,23.2334,37767602,1134240,1556512,37784852.0000,1140665.2500,1560344.6250,-32768,5234,70
00:05:08,2080.37,22.88,50.81,3276.70,0.00,23.3675,23.4150,23.1712,23.2205,37767602,1132541,1555549,37782348.0000,1139706.2500,1559371.2500,-32768,5234,71
00:05:10,2096.67,22.88,51.06,3276.70,0.00,23.3564,23.4150,23.1612,23.2152,37767602,1132541,1556885,37780840.0000,1139018.1250,1559079.2500,-32768,5234,71
00:05:12,2069.51,22.88,51.06,3276.70,0.00,23.3564,23.4043,23.1612,23.2082,37766133,1131277,1556641,37779596.0000,1138339.6250,1558851.2500,-32768,5234,72
00:05:15,2080.37,22.88,51.24,3276.70,0.00,23.3564,23.3992,23.1612,23.2046,37766133,1130676,1555621,37777884.0000,1137654.1250,1558586.0000,-32768,5234,72
00:05:16,2053.22,22.89,51.19,3276.70,0.00,23.3445,23.3958,23.1481,23.2012,37761630,1130476,1555878,37777376.0000,1137654.1250,1558389.8750,-32768,5234,72
00:05:18,2091.23,22.89,51.39,3276.70,0.00,23.3430,23.3926,23.1470,23.2012,37760607,1130476,1555878,37775644.0000,1136761.2500,1558199.3750,-32768,5234,73
00:05:22,2107.53,22.89,51.45,3276.70,0.00,23.3430,23.3877,23.1470,23.1913,37760607,1129788,1554882,37773296.0000,1135916.8750,1557856.8750,-32768,5234,73
00:05:23,2026.07,22.88,51.69,3276.70,0.00,23.3305,23.3826,23.1378,23.1880,37758071,1129855,1555357,37773296.0000,1135538.1250,1557712.0000,-32768,5234,74
00:05:26,2009.78,22.88,51.83,3276.70,0.00,23.3305,23.3758,23.1378,23.1815,37749240,1129742,1554593,37770664.0000,1135002.2500,1557375.8750,-32768,5234,74
00:05:28,2064.08,22.88,52.00,3276.70,0.00,23.3150,23.3721,23.1237,23.1780,37756868,1129793,1553912,37769904.0000,1135002.2500,1557179.5000,-32768,5234,74
00:05:30,1988.05,22.88,52.01,3276.70,0.00,23.3150,23.3663,23.1237,23.1704,37749695,1131191,1553525,37768016.0000,1134215.1250,1556896.0000,-32768,5234,75
00:05:32,2020.64,22.86,52.01,3276.70,0.00,23.3150,23.3663,23.1045,23.1704,37749911,1130919,1553223,37766420.0000,1133932.0000,1556579.1250,-32768,5234,75
00:05:35,2009.78,22.85,52.11,3276.70,0.00,23.3150,23.3534,23.1045,23.1600,37749911,1131966,1552923,37764480.0000,1133932.0000,1556085.5000,-32768,5234,76
00:05:39,1960.90,22.84,52.23,3276.70,0.00,23.3150,23.3439,23.1045,23.1510,37749911,1132845,1551499,37764480.0000,1133556.0000,1555540.2500,-32768,5234,77
00:05:42,1955.47,22.82,52.45,3276.70,0.00,23.3150,23.3343,23.1045,23.1395,37749911,1133160,1550425,37759340.0000,1133458.2500,1555036.7500,-32768,5234,78
00:05:44,1955.47,22.81,52.58,3276.70,0.00,23.2461,23.3343,23.0548,23.1320,37740956,1132572,1550282,37758232.0000,1133409.7500,1554734.8750,-32768,5234,78
00:05:46,1955.47,22.80,52.63,3276.70,0.00,23.2396,23.3212,23.0548,23.1270,37738211,1132572,1550062,37757100.0000,1133319.7500,1554734.8750,-32768,5234,79
00:05:48,1982.62,22.80,52.80,3276.70,0.00,23.2342,23.3212,23.0442,23.1270,37732849,1130168,1548974,37755132.0000,1133319.7500,1553847.5000,-32768,5234,80
00:05:51,1971.76,22.79,52.96,3276.70,0.00,23.2342,23.3034,23.0442,23.1102,37728845,1129271,1549856,37752536.0000,1132654.5000,1553517.5000,-32768,5234,80
00:05:53,1977.19,22.79,52.96,3276.70,0.00,23.2261,23.2987,23.0391,23.1080,37730540,1129300,1549397,37751852.0000,1132549.6250,1553256.3750,-32768,5234,81
00:05:56,1988.05,22.79,52.96,3276.70,0.00,23.2261,23.2923,23.0391,23.0997,37730540,1128367,1549348,37751852.0000,1131978.5000,1552771.2500,-32768,5234,82
00:05:59,1982.62,22.79,52.96,3276.70,0.00,23.2312,23.2848,23.0407,23.0943,37732072,1127900,1548917,37747792.0000,1131978.5000,1552414.6250,-32768,5234,82
00:06:01,1950.04,22.78,53.59,3276.70,0.00,23.2292,23.2798,23.0369,23.0943,37732072,1125917,1549261,37746268.0000,1131256.8750,1552199.1250,-32768,5234,83
00:06:02,1955.47,22.78,53.75,3276.70,0.00,23.2264,23.2765,23.0351,23.0858,37732713,1126210,1549261,37746268.0000,1130783.8750,1551929.7500,-32768,5234,83
00:06:04,1977.19,22.78,53.76,3276.70,0.00,23.2254,23.2733,23.0336,23.0858,37729185,1125740,1549224,37743896.0000,1130476.0000,1551754.1250,-32768,5234,84
00:06:06,2004.34,22.78,53.76,3276.70,0.00,23.2264,23.2690,23.0326,23.0780,37725519,1124661,1549224,37742420.0000,1130476.0000,1551503.0000,-32768,5234,84
00:06:08,1966.33,22.78,53.94,3276.70,0.00,23.2254,23.2663,23.0312,23.0780,37734213,1124218,1550039,37741796.0000,1129614.8750,1551404.1250,-32768,5234,84
00:06:10,2009.78,22.78,54.11,3276.70,0.00,23.2254,23.2625,23.0321,23.0711,37734213,1124218,1549119,37740932.0000,1129026.1250,1551212.1250,-32768,5234,84
00:06:12,1982.62,22.78,54.24,3276.70,0.00,23.2254,23.2591,23.0321,23.0666,37727195,1121591,1549954,37739840.0000,1128384.1250,1551056.3750,-32768,5234,85
00:06:14,2009.78,22.79,54.26,3276.70,0.00,23.2254,23.2591,23.0374,23.0656,37732590,1121591,1549954,37739528.0000,1127930.6250,1551004.3750,-32768,5234,85
00:06:17,2036.93,22.79,54.52,3276.70,0.00,23.2254,23.2548,23.0413,23.0632,37730873,1121206,1549147,37739040.0000,1127930.6250,1551004.3750,-32768,5234,85
00:06:18,2031.50,22.79,54.72,3276.70,0.00,23.2374,23.2536,23.0435,23.0620,37737385,1120402,1549709,37739024.0000,1127096.3750,1550836.7500,-32768,5234,85
00:06:21,1977.19,22.79,54.72,3276.70,0.00,23.2413,23.2536,23.0480,23.0620,37737531,1120402,1549709,37738388.0000,1126160.8750,1550836.7500,-32768,5234,85
00:06:22,2015.21,22.79,55.06,3276.70,0.00,23.2467,23.2518,23.0480,23.0620,37738841,1118038,1550486,37738260.0000,1125670.6250,1550727.1250,-32768,5234,85
00:06:25,2047.79,22.80,55.10,3276.70,0.00,23.2467,23.2515,23.0480,23.0589,37730050,1117021,1550353,37737780.0000,1125670.6250,1550709.3750,-32768,5234,85
00:06:29,2031.50,22.80,55.33,3276.70,0.00,23.2492,23.2512,23.0480,23.0583,37730050,1115531,1551272,37737780.0000,1123898.7500,1550709.3750,-32768,5234,85
00:06:31,2053.22,22.80,55.49,3276.70,0.00,23.2507,23.2512,23.0552,23.0583,37733201,1115594,1550985,37736516.0000,1123151.1250,1550764.2500,-32768,5234,85
00:06:33,2140.11,22.80,55.63,3276.70,0.00,23.2543,23.2511,23.0552,23.0583,37735265,1114352,1551058,37736256.0000,1122391.0000,1550810.6250,-32768,5234,85
00:06:34,2085.80,22.80,55.72,3276.70,0.00,23.2559,23.2514,23.0586,23.0579,37730287,1114183,1551386,37735952.0000,1121883.1250,1550831.2500,-32768,5234,85
00:06:35,2053.22,22.81,55.67,3276.70,0.00,23.2569,23.2516,23.0600,23.0579,37725956,1113685,1550823,37735640.0000,1121626.8750,1550831.0000,-32768,5234,85
00:06:36,2112.96,22.81,55.67,3276.70,0.00,23.2577,23.2517,23.0607,23.0580,37727424,1113368,1550848,37735380.0000,1121368.7500,1550831.6250,-32768,5234,85
00:06:37,2053.22,22.81,55.78,3276.70,0.00,23.2577,23.2519,23.0604,23.0580,37730376,1113131,1551831,37735224.0000,1121111.3750,1550862.7500,-32768,5234,85
00:06:38,2064.08,22.81,55.86,3276.70,0.00,23.2584,23.2521,23.0595,23.0581,37736527,1112295,1552750,37735232.0000,1120582.6250,1550976.1250,-32768,5234,85
00:06:39,2134.68,22.81,56.03,3276.70,0.00,23.2577,23.2524,23.0602,23.0582,37723735,1112200,1552498,37734872.0000,1120320.6250,1551023.6250,-32768,5234,85
00:06:40,2091.23,22.81,56.10,3276.70,0.00,23.2572,23.2525,23.0609,23.0582,37722889,1112113,1551652,37734500.0000,1120064.1250,1551043.2500,-32768,5234,85
00:06:43,2069.51,22.81,56.17,3276.70,0.00,23.2581,23.2528,23.0609,23.0586,37722889,1111076,1551258,37733968.0000,1119018.1250,1551037.1250,-32768,5234,85
00:06:46,2069.51,22.81,56.34,3276.70,0.00,23.2559,23.2528,23.0603,23.0586,37727206,1110508,1550011,37733640.0000,1118266.0000,1551023.6250,-32768,5234,85
00:06:47,2064.08,22.82,56.45,3276.70,0.00,23.2528,23.2532,23.0568,23.0587,37730270,1110637,1550961,37733204.0000,1117794.1250,1551003.5000,-32768,5234,85
00:06:49,2074.94,22.81,56.52,3276.70,0.00,23.2507,23.2531,23.0551,23.0587,37726463,1110407,1550961,37732740.0000,1117334.3750,1551065.0000,-32768,5234,85
00:06:50,2080.37,22.81,56.54,3276.70,0.00,23.2467,23.2527,23.0507,23.0581,37725166,1110403,1551434,37732504.0000,1117117.7500,1551076.5000,-32768,5234,85
00:06:51,2085.80,22.81,56.48,3276.70,0.00,23.2445,23.2525,23.0482,23.0578,37718193,1110437,1550667,37732056.0000,1116909.0000,1551054.5000,-32768,5234,85
00:06:53,2058.65,22.82,56.44,3276.70,0.00,23.2360,23.2512,23.0482,23.0565,37717159,1111013,1549537,37730664.0000,1116335.1250,1551054.5000,-32768,5234,85
00:06:57,2009.78,22.82,56.37,3276.70,0.00,23.2360,23.2493,23.0482,23.0544,37717159,1112169,1549182,37728908.0000,1115861.2500,1550803.2500,-32768,5234,85
00:06:58,2020.64,22.81,56.31,3276.70,0.00,23.2259,23.2493,23.0300,23.0525,37715673,1112268,1549101,37727456.0000,1115522.2500,1550648.6250,-32768,5234,85
00:07:01,1988.05,22.81,56.31,3276.70,0.00,23.2192,23.2493,23.0300,23.0506,37715673,1113323,1549280,37725712.0000,1115268.7500,1550553.3750,-32768,5234,85
00:07:03,1960.90,22.80,56.45,3276.70,0.00,23.2023,23.2422,23.0104,23.0482,37715673,1114147,1549280,37724212.0000,1115170.6250,1550368.6250,-32768,5234,86
00:07:05,1960.90,22.80,56.45,3276.70,0.00,23.2023,23.2361,22.9966,23.0425,37704257,1114541,1547831,37723048.0000,1115124.7500,1550368.6250,-32768,5234,86
00:07:07,1971.76,22.79,56.63,3276.70,0.00,23.2023,23.2329,22.9913,23.0379,37704738,1114284,1547565,37721584.0000,1115067.2500,1549979.5000,-32768,5234,86
00:07:09,1944.61,22.78,56.74,3276.70,0.00,23.1780,23.2329,22.9884,23.0379,37704535,1114284,1547565,37719892.0000,1115011.1250,1549698.2500,-32768,5234,87
00:07:11,1939.18,22.77,56.79,3276.70,0.00,23.1703,23.2260,22.9779,23.0312,37700497,1114411,1546458,37719288.0000,1114992.3750,1549698.2500,-32768,5234,87
00:07:13,1955.47,22.76,56.69,3276.70,0.00,23.1703,23.2204,22.9779,23.0259,37699805,1114743,1545508,37717608.0000,1114960.0000,1549260.5000,-32768,5234,88
00:07:16,1901.16,22.76,56.91,3276.70,0.00,23.1617,23.2151,22.9691,23.0224,37696785,1114996,1545390,37716304.0000,1114960.0000,1548919.3750,-32768,5234,88
00:07:17,1906.59,22.75,56.91,3276.70,0.00,23.1566,23.2098,22.9657,23.0173,37701010,1114882,1546159,37714904.0000,1114986.8750,1548751.6250,-32768,5234,89
00:07:20,1982.62,22.74,57.12,3276.70,0.00,23.1566,23.2046,22.9657,23.0104,37700141,1115104,1546118,37712816.0000,1114945.1250,1548367.5000,-32768,5234,89
00:07:21,1977.19,22.74,57.20,3276.70,0.00,23.1474,23.2011,22.9578,23.0087,37703300,1115396,1545669,37712520.0000,1114943.7500,1548151.8750,-32768,5234,89
00:07:24,1955.47,22.74,57.20,3276.70,0.00,23.1474,23.1963,22.9578,23.0041,37702840,1112882,1544786,37712520.0000,1114943.7500,1547823.6250,-32768,5234,90
00:07:26,1950.04,22.73,57.20,3276.70,0.00,23.1538,23.1937,22.9626,23.0003,37698332,1111596,1545459,37710544.0000,1114943.7500,1547669.7500,-32768,5234,90
00:07:28,1944.61,22.73,57.51,3276.70,0.00,23.1538,23.1937,22.9630,23.0003,37699715,1110721,1546007,37709544.0000,1114943.7500,1547669.7500,-32768,5234,91
00:07:29,1971.76,22.73,57.74,3276.70,0.00,23.1615,23.1874,22.9647,22.9948,37697240,1109514,1545522,37708652.0000,1113936.7500,1547394.1250,-32768,5234,91
00:07:30,1960.90,22.73,57.91,3276.70,0.00,23.1621,23.1866,22.9655,22.9939,37696707,1109219,1545831,37708280.0000,1113789.3750,1547345.2500,-32768,5234,91
00:07:31,2004.34,22.74,57.93,3276.70,0.00,23.1625,23.1858,22.9661,22.9930,37696790,1109152,1545261,37707920.0000,1113644.5000,1547280.1250,-32768,5234,91
00:07:33,1993.48,22.74,57.94,3276.70,0.00,23.1627,23.1858,22.9661,22.9914,37706470,1108176,1546529,37707600.0000,1113325.6250,1547216.6250,-32768,5234,91
00:07:35,1922.88,22.74,58.15,3276.70,0.00,23.1627,23.1858,22.9689,22.9914,37697851,1107484,1545668,37706912.0000,1112824.7500,1547093.3750,-32768,5234,91
00:07:37,1988.05,22.74,58.28,3276.70,0.00,23.1627,23.1820,22.9689,22.9882,37702407,1106850,1545990,37706912.0000,1112824.7500,1546997.1250,-32768,5234,91
00:07:40,2058.65,22.74,58.44,3276.70,0.00,23.1747,23.1820,22.9803,22.9882,37701074,1105600,1546285,37705848.0000,1111716.2500,1546955.3750,-32768,5234,91
00:07:41,1971.76,22.74,58.44,3276.70,0.00,23.1789,23.1807,22.9824,22.9869,37698463,1105655,1546110,37705616.0000,1111526.8750,1546929.0000,-32768,5234,92
00:07:42,1971.76,22.74,58.81,3276.70,0.00,23.1805,23.1806,22.9849,22.9867,37695808,1104781,1546959,37705108.0000,1111132.0000,1546920.0000,-32768,5234,91
00:07:44,2009.78,22.74,58.82,3276.70,0.00,23.1805,23.1806,22.9849,22.9866,37702661,1105366,1547429,37704824.0000,1110765.7500,1546947.8750,-32768,5234,91
00:07:47,2015.21,22.74,58.84,3276.70,0.00,23.1805,23.1805,22.9849,22.9866,37702661,1105190,1547281,37703980.0000,1110060.5000,1546944.6250,-32768,5234,91
00:07:48,2036.93,22.74,59.08,3276.70,0.00,23.1845,23.1807,22.9915,22.9870,37702907,1104314,1548291,37703984.0000,1109749.2500,1547005.2500,-32768,5234,91
00:07:50,1993.48,22.74,59.00,3276.70,0.00,23.1875,23.1811,22.9930,22.9871,37703035,1103844,1547944,37703952.0000,1109564.6250,1547034.6250,-32768,5234,91
00:07:51,2009.78,22.75,59.11,3276.70,0.00,23.1889,23.1813,22.9943,22.9873,37698274,1103694,1547498,37703776.0000,1109381.2500,1547049.0000,-32768,5234,91
00:07:52,2009.78,22.75,59.09,3276.70,0.00,23.1904,23.1818,22.9954,22.9878,37700444,1103071,1546916,37703388.0000,1109002.2500,1547050.0000,-32768,5234,91
00:07:54,2069.51,22.75,59.11,3276.70,0.00,23.1918,23.1821,22.9958,22.9880,37701282,1102481,1546916,37703260.0000,1108582.0000,1547050.0000,-32768,5234,91
00:07:56,2036.93,22.75,59.21,3276.70,0.00,23.1920,23.1830,22.9958,22.9886,37697187,1101219,1548186,37702764.0000,1108137.7500,1547140.8750,-32768,5234,91
00:07:57,2009.78,22.76,59.37,3276.70,0.00,23.1904,23.1834,22.9960,22.9890,37702346,1100687,1547260,37702660.0000,1107688.5000,1547154.6250,-32768,5234,91
00:08:00,2058.65,22.76,59.60,3276.70,0.00,23.1916,23.1834,22.9960,22.9898,37702346,1100451,1547164,37702044.0000,1107688.5000,1547155.7500,-32768,5234,91
00:08:01,2047.79,22.76,59.74,3276.70,0.00,23.1918,23.1845,23.0000,22.9904,37697184,1100263,1547523,37701892.0000,1106594.6250,1547167.1250,-32768,5234,91
00:08:04,2020.64,22.76,59.79,3276.70,0.00,23.1918,23.1851,23.0000,22.9913,37697184,1099050,1547680,37701176.0000,1105944.8750,1547201.0000,-32768,5234,91
00:08:07,2074.94,22.77,59.82,3276.70,0.00,23.2002,23.1862,23.0000,22.9922,37697184,1097919,1548087,37701176.0000,1105054.5000,1547289.3750,-32768,5234,91
00:08:09,2042.36,22.77,60.04,3276.70,0.00,23.1991,23.1879,23.0029,22.9922,37690915,1096889,1547447,37699752.0000,1104344.5000,1547333.5000,-32768,5234,91
00:08:11,2080.37,22.77,60.04,3276.70,0.00,23.2010,23.1886,23.0029,22.9938,37687548,1096889,1548271,37699752.0000,1104344.5000,1547333.5000,-32768,5234,91
00:08:12,2069.51,22.77,60.13,3276.70,0.00,23.2010,23.1886,23.0029,22.9938,37687548,1096889,1548271,37699752.0000,1104344.5000,1547333.5000,-32768,5234,91
00:08:13,2085.80,22.77,60.16,3276.70,0.00,23.2068,23.1900,23.0098,22.9957,37692959,1096516,1548545,37698420.0000,1103227.5000,1547333.5000,-32768,5234,91
00:08:14,2053.22,22.77,60.24,3276.70,0.00,23.2068,23.1900,23.0098,22.9957,37692959,1096516,1548545,37698420.0000,1103227.5000,1547333.5000,-32768,5234,91
00:08:15,2053.22,22.77,60.25,3276.70,0.00,23.2088,23.1916,23.0098,22.9957,37691901,1096247,1548508,37698104.0000,1102799.5000,1547553.1250,-32768,5234,91
00:08:16,2026.07,22.77,60.25,3276.70,0.00,23.2088,23.1921,23.0129,22.9971,37690100,1096146,1547978,37698104.0000,1102591.6250,1547566.5000,-32768,5234,90
00:08:17,2015.21,22.77,60.42,3276.70,0.00,23.2100,23.1932,23.0143,22.9981,37694845,1095495,1548773,37697584.0000,1102591.6250,1547566.5000,-32768,5234,90
00:08:18,2064.08,22.77,60.52,3276.70,0.00,23.2100,23.1932,23.0144,22.9986,37694845,1095495,1548773,37697584.0000,1102591.6250,1547566.5000,-32768,5234,90
00:08:19,2042.36,22.77,60.52,3276.70,0.00,23.2100,23.1932,23.0144,22.9986,37694052,1095009,1548338,37697472.0000,1101728.1250,1547692.8750,-32768,5234,90
00:08:20,2080.37,22.77,60.52,3276.70,0.00,23.2087,23.1945,23.0144,22.9986,37694052,1094872,1548975,37697168.0000,1101306.5000,1547753.0000,-32768,5234,90
00:08:21,2064.08,22.75,60.76,3276.70,0.00,23.2087,23.1945,23.0144,22.9986,37694052,1094872,1548975,37697168.0000,1101306.5000,1547753.0000,-32768,5234,90
00:08:22,2053.22,22.74,60.76,3276.70,0.00,23.2087,23.1958,23.0144,23.0011,37694052,1094872,1548975,37697168.0000,1101306.5000,1547753.0000,-32768,5234,90
00:08:23,2004.34,22.74,60.76,3276.70,0.00,23.2086,23.1962,23.0146,23.0015,37694052,1094872,1548975,37697168.0000,1100540.1250,1547776.0000,-32768,5234,90
00:08:24,2096.67,22.73,60.96,3276.70,0.00,23.2086,23.1962,23.0116,23.0021,37689638,1095086,1547926,37696280.0000,1100369.6250,1547780.6250,-32768,5234,90
00:08:25,2058.65,22.72,61.03,3276.70,0.00,23.2086,23.1962,23.0116,23.0021,37694866,1095089,1547926,37696280.0000,1100369.6250,1547780.6250,-32768,5234,90
00:08:26,2058.65,22.72,61.03,3276.70,0.00,23.2086,23.1962,23.0116,23.0021,37694866,1095089,1547926,37696128.0000,1099897.1250,1547780.6250,-32768,5234,90
00:08:27,2042.36,22.70,61.16,3276.70,0.00,23.2032,23.1974,23.0136,23.0021,37694866,1095089,1547926,37696128.0000,1099747.3750,1547921.2500,-32768,5234,90
00:08:28,2009.78,22.70,61.19,3276.70,0.00,23.2036,23.1976,23.0135,23.0036,37697591,1095147,1548526,37696120.0000,1099747.3750,1547921.2500,-32768,5234,90
00:08:30,2064.08,22.69,61.19,3276.70,0.00,23.2036,23.1978,23.0135,23.0042,37695375,1094225,1547631,37696008.0000,1099285.7500,1547941.1250,-32768,5234,90
00:08:30,2102.10,22.68,61.26,3276.70,0.00,23.2036,23.1978,23.0135,23.0042,37694944,1093868,1547631,37695976.0000,1099116.5000,1547934.5000,-32768,5234,90
00:08:32,2015.21,22.68,61.27,3276.70,0.00,23.2036,23.1978,23.0135,23.0042,37694944,1093868,1547631,37695976.0000,1099116.5000,1547934.5000,-32768,5234,90
00:08:33,2085.80,22.67,61.28,3276.70,0.00,23.2028,23.1985,23.0135,23.0042,37694944,1093868,1547631,37695760.0000,1098599.0000,1547960.5000,-32768,5234,90
00:08:34,2107.53,22.66,61.41,3276.70,0.00,23.1999,23.1986,23.0135,23.0042,37694944,1092919,1546804,37695652.0000,1098421.5000,1547924.3750,-32768,5234,90
00:08:35,2069.51,22.66,61.45,3276.70,0.00,23.1983,23.1986,23.0043,23.0042,37694944,1093028,1547385,37695568.0000,1098253.0000,1547907.5000,-32768,5234,90
00:08:36,2069.51,22.66,61.45,3276.70,0.00,23.1963,23.1985,23.0022,23.0047,37691980,1093028,1547385,37695568.0000,1098253.0000,1547907.5000,-32768,5234,90
00:08:37,2102.10,22.65,61.54,3276.70,0.00,23.1944,23.1985,23.0002,23.0047,37691980,1092715,1548679,37695568.0000,1098253.0000,1547907.5000,-32768,5234,90
00:08:38,2118.39,22.64,61.60,3276.70,0.00,23.1944,23.1985,23.0002,23.0047,37691980,1092975,1548124,37695568.0000,1098253.0000,1547907.5000,-32768,5234,90
00:08:39,2096.67,22.64,61.65,3276.70,0.00,23.1944,23.1985,23.0002,23.0047,37691980,1092975,1547590,37694480.0000,1098253.0000,1547907.5000,-32768,5234,90
00:08:40,2026.07,22.63,61.74,3276.70,0.00,23.1944,23.1985,22.9950,23.0035,37688890,1092450,1547082,37694304.0000,1097176.0000,1547943.8750,-32768,5234,90
00:08:41,2107.53,22.63,61.77,3276.70,0.00,23.1944,23.1968,22.9950,23.0032,37688890,1092450,1547082,37694304.0000,1097176.0000,1547928.6250,-32768,5234,90
00:08:42,2026.07,22.63,61.84,3276.70,0.00,23.1873,23.1964,22.9950,23.0032,37683236,1091861,1547358,37693732.0000,1096858.0000,1547910.7500,-32768,5234,90
00:08:43,2026.07,22.62,61.86,3276.70,0.00,23.1866,23.1961,22.9920,23.0021,37692037,1091805,1547898,37693476.0000,1096858.0000,1547910.7500,-32768,5234,90
00:08:44,2112.96,22.62,61.92,3276.70,0.00,23.1850,23.1955,22.9914,23.0018,37688430,1091805,1547898,37693476.0000,1096858.0000,1547902.8750,-32768,5234,90
00:08:45,2118.39,22.62,62.00,3276.70,0.00,23.1848,23.1955,22.9914,23.0018,37688430,1091805,1547898,37693476.0000,1096247.2500,1547890.5000,-32768,5234,90
00:08:46,2134.68,22.61,62.03,3276.70,0.00,23.1848,23.1948,22.9905,23.0011,37690252,1091805,1547898,37693476.0000,1096247.2500,1547890.5000,-32768,5234,90
00:08:47,2047.79,22.61,62.12,3276.70,0.00,23.1848,23.1948,22.9905,23.0011,37680738,1091070,1547310,37692520.0000,1095818.5000,1547890.5000,-32768,5234,90
00:08:48,2031.50,22.60,62.12,3276.70,0.00,23.1848,23.1948,22.9905,22.9998,37682521,1090971,1547207,37692208.0000,1095667.0000,1547844.8750,-32768,5234,90
00:08:49,2085.80,22.60,62.14,3276.70,0.00,23.1780,23.1929,22.9859,22.9994,37689562,1090730,1547090,37691904.0000,1095367.6250,1547805.6250,-32768,5234,90
00:08:50,2074.94,22.60,62.15,3276.70,0.00,23.1772,23.1929,22.9859,22.9984,37682678,1090750,1545909,37691616.0000,1095223.3750,1547746.3750,-32768,5234,90
00:08:51,2091.23,22.59,62.15,3276.70,0.00,23.1772,23.1929,22.9859,22.9978,37680767,1090650,1545918,37691616.0000,1095080.5000,1547689.1250,-32768,5234,90
00:08:52,2129.25,22.59,62.11,3276.70,0.00,23.1772,23.1929,22.9859,22.9978,37681652,1090536,1546460,37690976.0000,1094938.5000,1547650.7500,-32768,5234,90
00:08:53,2047.79,22.59,62.15,3276.70,0.00,23.1720,23.1902,22.9796,22.9967,37682775,1090489,1545683,37690496.0000,1094659.5000,1547650.7500,-32768,5234,90
00:08:55,2091.23,22.59,62.26,3276.70,0.00,23.1720,23.1902,22.9775,22.9955,37681434,1090172,1545864,37690208.0000,1094519.2500,1547484.1250,-32768,5234,90
00:08:56,2123.82,22.59,62.26,3276.70,0.00,23.1720,23.1882,22.9748,22.9948,37677828,1090234,1545864,37690208.0000,1094519.2500,1547484.1250,-32768,5234,91
00:08:57,2031.50,22.58,62.33,3276.70,0.00,23.1648,23.1874,22.9730,22.9941,37681147,1090359,1546694,37689552.0000,1094259.5000,1547484.1250,-32768,5234,91
00:08:58,2102.10,22.58,62.37,3276.70,0.00,23.1648,23.1874,22.9730,22.9927,37677748,1090173,1545464,37688980.0000,1094005.7500,1547307.2500,-32768,5234,91
00:08:59,2031.50,22.58,62.44,3276.70,0.00,23.1648,23.1874,22.9730,22.9927,37677748,1090173,1545464,37688980.0000,1094005.7500,1547307.2500,-32768,5234,91
00:09:00,2074.94,22.57,62.50,3276.70,0.00,23.1644,23.1846,22.9709,22.9927,37677748,1090173,1545464,37688980.0000,1093662.3750,1547307.2500,-32768,5234,91
00:09:01,2080.37,22.56,62.57,3276.70,0.00,23.1615,23.1846,22.9709,22.9927,37677748,1090159,1545464,37688168.0000,1093552.8750,1547090.3750,-32768,5234,91
00:09:02,2080.37,22.56,62.59,3276.70,0.00,23.1615,23.1846,22.9709,22.9927,37677748,1090159,1545464,37688168.0000,1093552.8750,1547044.3750,-32768,5234,91
00:09:03,2107.53,22.56,62.58,3276.70,0.00,23.1615,23.1846,22.9657,22.9886,37683297,1089714,1545422,37687784.0000,1093327.6250,1546993.7500,-32768,5234,91
00:09:04,2091.23,22.56,62.62,3276.70,0.00,23.1615,23.1846,22.9657,22.9886,37683297,1089714,1545422,37687024.0000,1093100.3750,1546872.5000,-32768,5234,92
00:09:05,2080.37,22.56,62.68,3276.70,0.00,23.1541,23.1793,22.9621,22.9862,37681603,1090211,1545151,37687024.0000,1093100.3750,1546872.5000,-32768,5234,92
00:09:06,2107.53,22.55,62.68,3276.70,0.00,23.1541,23.1793,22.9621,22.9862,37681603,1090211,1545714,37687024.0000,1093100.3750,1546872.5000,-32768,5234,92
00:09:07,2112.96,22.55,62.68,3276.70,0.00,23.1513,23.1793,22.9621,22.9862,37681603,1090226,1545466,37687024.0000,1093100.3750,1546872.5000,-32768,5234,92
00:09:08,2102.10,22.55,62.69,3276.70,0.00,23.1497,23.1758,22.9574,22.9830,37681603,1089372,1545134,37686060.0000,1092636.8750,1546639.2500,-32768,5234,92
00:09:09,2129.25,22.55,62.74,3276.70,0.00,23.1497,23.1750,22.9555,22.9821,37681103,1089270,1545723,37685904.0000,1092531.6250,1546639.2500,-32768,5234,92
00:09:10,2036.93,22.55,62.81,3276.70,0.00,23.1497,23.1750,22.9555,22.9821,37681103,1089270,1545423,37685904.0000,1092531.6250,1546573.5000,-32768,5234,92
00:09:11,2058.65,22.54,62.87,3276.70,0.00,23.1453,23.1723,22.9523,22.9795,37673291,1088528,1544683,37685904.0000,1092531.6250,1546573.5000,-32768,5234,92
00:09:13,2047.79,22.54,62.95,3276.70,0.00,23.1453,23.1723,22.9523,22.9786,37668272,1088641,1544273,37684560.0000,1092069.3750,1546395.6250,-32768,5234,92
00:09:14,2096.67,22.54,62.96,3276.70,0.00,23.1453,23.1723,22.9496,22.9768,37678175,1088652,1543691,37683884.0000,1091868.5000,1546395.6250,-32768,5234,93
00:09:15,2112.96,22.54,62.96,3276.70,0.00,23.1453,23.1723,22.9496,22.9759,37676709,1088026,1544416,37683660.0000,1091748.3750,1546190.3750,-32768,5234,93
00:09:16,2118.39,22.54,63.11,3276.70,0.00,23.1453,23.1723,22.9496,22.9750,37678293,1087611,1544754,37683492.0000,1091619.1250,1546145.5000,-32768,5234,93
00:09:17,2096.67,22.53,63.11,3276.70,0.00,23.1374,23.1660,22.9440,22.9750,37678293,1087611,1544754,37683492.0000,1091382.6250,1546032.0000,-32768,5234,93
00:09:18,2091.23,22.53,63.27,3276.70,0.00,23.1349,23.1650,22.9417,22.9750,37678293,1087611,1544754,37683492.0000,1091265.8750,1545976.5000,-32768,5234,93
00:09:19,2047.79,22.53,63.28,3276.70,0.00,23.1349,23.1650,22.9399,22.9710,37675327,1087521,1543989,37682740.0000,1091148.8750,1545976.5000,-32768,5234,93
00:09:20,2096.67,22.53,63.28,3276.70,0.00,23.1349,23.1630,22.9399,22.9710,37675327,1087521,1543989,37682676.0000,1091046.3750,1545864.0000,-32768,5234,93
00:09:21,2058.65,22.52,63.26,3276.70,0.00,23.1307,23.1610,22.9383,22.9681,37675020,1088870,1544225,37682136.0000,1091046.3750,1545864.0000,-32768,5234,93
00:09:22,2020.64,22.52,63.27,3276.70,0.00,23.1282,23.1599,22.9360,22.9671,37677900,1089125,1543615,37682004.0000,1090842.5000,1545864.0000,-32768,5234,93
00:09:23,2123.82,22.52,63.27,3276.70,0.00,23.1282,23.1588,22.9360,22.9671,37672451,1089679,1543551,37681704.0000,1090806.1250,1545625.8750,-32768,5234,94
00:09:24,2009.78,22.52,63.20,3276.70,0.00,23.1282,23.1588,22.9360,22.9636,37666156,1089833,1543476,37680764.0000,1090745.5000,1545493.7500,-32768,5234,94
00:09:25,2004.34,22.51,63.21,3276.70,0.00,23.1282,23.1588,22.9200,22.9622,37673560,1089732,1543572,37680540.0000,1090713.8750,1545433.6250,-32768,5234,94
00:09:26,2069.51,22.50,63.24,3276.70,0.00,23.1073,23.1534,22.9164,22.9607,37669245,1089732,1543572,37680188.0000,1090687.1250,1545364.6250,-32768,5234,94
00:09:27,2053.22,22.50,63.22,3276.70,0.00,23.1073,23.1518,22.9125,22.9592,37662361,1089964,1542877,37679632.0000,1090664.5000,1545286.8750,-32768,5234,94
00:09:28,2026.07,22.50,63.22,3276.70,0.00,23.1073,23.1518,22.9036,22.9559,37658369,1090802,1541291,37678472.0000,1090657.1250,1545042.7500,-32768,5234,95
00:09:29,2026.07,22.49,63.19,3276.70,0.00,23.1073,23.1518,22.9036,22.9559,37658369,1091384,1542696,37677968.0000,1090679.7500,1544969.3750,-32768,5234,95
00:09:30,2069.51,22.48,63.15,3276.70,0.00,23.0807,23.1518,22.9036,22.9559,37661869,1092383,1542052,37677464.0000,1090733.0000,1544878.2500,-32768,5234,95
00:09:31,2074.94,22.48,63.15,3276.70,0.00,23.0807,23.1518,22.9036,22.9559,37661869,1092383,1541425,37676904.0000,1090911.5000,1544657.2500,-32768,5234,95
00:09:32,1988.05,22.47,63.16,3276.70,0.00,23.0807,23.1370,22.8680,22.9452,37651762,1093631,1540434,37675516.0000,1090996.5000,1544657.2500,-32768,5234,95
00:09:33,1950.04,22.46,63.11,3276.70,0.00,23.0461,23.1341,22.8609,22.9425,37652282,1093979,1539217,37674004.0000,1091198.5000,1544181.2500,-32768,5234,96
00:09:35,1971.76,22.45,63.11,3276.70,0.00,23.0394,23.1281,22.8609,22.9425,37652282,1093979,1539217,37673216.0000,1091330.1250,1544004.0000,-32768,5234,97
00:09:36,1944.61,22.44,63.06,3276.70,0.00,23.0289,23.1250,22.8466,22.9341,37652282,1093979,1539217,37671936.0000,1091330.1250,1544004.0000,-32768,5234,97
00:09:37,1906.59,22.44,63.06,3276.70,0.00,23.0163,23.1184,22.8329,22.9281,37650673,1096468,1538282,37670520.0000,1091939.6250,1543378.0000,-32768,5234,98
00:09:39,1944.61,22.43,63.10,3276.70,0.00,23.0105,23.1184,22.8329,22.9281,37650673,1097405,1537439,37669868.0000,1092110.3750,1543192.3750,-32768,5234,98
00:09:40,1863.15,22.43,63.08,3276.70,0.00,23.0105,23.1045,22.8119,22.9151,37650673,1097996,1537074,37668504.0000,1092467.2500,1543192.3750,-32768,5234,98
00:09:42,1841.43,22.41,63.10,3276.70,0.00,22.9906,23.1009,22.8075,22.9117,37644127,1098532,1536702,37667044.0000,1092829.8750,1542441.2500,-32768,5234,99
00:09:43,1879.44,22.40,63.15,3276.70,0.00,22.9826,23.1009,22.8075,22.9117,37643312,1098532,1535666,37665484.0000,1093204.0000,1542033.3750,-32768,5234,99
00:09:45,1884.87,22.39,63.15,3276.70,0.00,22.9728,23.0864,22.7863,22.9117,37643312,1099203,1535544,37664732.0000,1093391.5000,1541830.6250,-32768,5234,99
00:09:47,1879.44,22.38,63.15,3276.70,0.00,22.9728,23.0789,22.7863,22.9117,37643312,1099203,1535105,37663368.0000,1093391.5000,1541223.1250,-32768,5234,99
00:09:48,1819.70,22.38,63.21,3276.70,0.00,22.9562,23.0714,22.7710,22.8831,37649447,1100236,1535641,37662932.0000,1093391.5000,1541223.1250,-32768,5234,102
00:09:49,1928.32,22.37,63.34,3276.70,0.00,22.9505,23.0640,22.7648,22.8759,37651764,1100236,1535641,37662932.0000,1093391.5000,1541223.1250,-32768,5234,103
00:09:51,1825.13,22.37,63.34,3276.70,0.00,22.9505,23.0568,22.7602,22.8688,37646613,1098396,1534020,37661272.0000,1094821.2500,1540259.8750,-32768,5234,103
00:09:52,1884.87,22.36,63.34,3276.70,0.00,22.9471,23.0534,22.7588,22.8654,37649497,1097570,1534049,37660564.0000,1095004.6250,1539873.7500,-32768,5234,104
00:09:54,1901.16,22.36,63.63,3276.70,0.00,22.9471,23.0534,22.7571,22.8587,37645056,1097022,1533686,37660564.0000,1095004.6250,1539873.7500,-32768,5234,104
00:09:55,1901.16,22.36,63.78,3276.70,0.00,22.9488,23.0534,22.7571,22.8587,37645056,1097022,1533686,37660564.0000,1095004.6250,1539220.1250,-32768,5234,105
00:09:56,1868.58,22.36,63.85,3276.70,0.00,22.9518,23.0352,22.7622,22.8468,37643411,1098060,1534692,37658148.0000,1095342.6250,1539078.6250,-32768,5234,105
00:09:58,1825.13,22.35,63.90,3276.70,0.00,22.9518,23.0327,22.7637,22.8442,37645859,1096998,1534206,37658148.0000,1095342.6250,1539078.6250,-32768,5234,105
00:09:59,1846.86,22.34,64.00,3276.70,0.00,22.9518,23.0277,22.7647,22.8393,37644537,1096126,1534564,37657016.0000,1095445.0000,1538649.8750,-32768,5234,106
00:10:00,1884.87,22.34,64.00,3276.70,0.00,22.9520,23.0277,22.7647,22.8393,37644537,1096126,1534402,37656244.0000,1095501.0000,1538384.7500,-32768,5234,106
00:10:02,1852.29,22.34,64.16,3276.70,0.00,22.9520,23.0208,22.7626,22.8324,37642722,1096088,1533908,37655420.0000,1095543.3750,1538140.0000,-32768,5234,107
00:10:03,1825.13,22.34,64.20,3276.70,0.00,22.9510,23.0164,22.7620,22.8324,37644757,1095544,1533768,37655088.0000,1095543.3750,1538003.3750,-32768,5234,107
00:10:04,1830.56,22.34,64.20,3276.70,0.00,22.9511,23.0144,22.7621,22.8324,37644757,1095544,1534461,37654580.0000,1095543.3750,1538003.3750,-32768,5234,107
00:10:06,1857.72,22.34,64.34,3276.70,0.00,22.9511,23.0105,22.7644,22.8221,37641568,1094124,1534870,37653688.0000,1095403.0000,1537581.2500,-32768,5234,108
00:10:07,1835.99,22.34,64.39,3276.70,0.00,22.9546,23.0105,22.7644,22.8186,37649083,1093539,1535478,37653544.0000,1095344.7500,1537515.5000,-32768,5234,108
00:10:08,1922.88,22.34,64.39,3276.70,0.00,22.9561,23.0105,22.7659,22.8169,37646741,1093007,1535478,37653544.0000,1095344.7500,1537347.6250,-32768,5234,108
00:10:10,1721.95,22.34,64.58,3276.70,0.00,22.9592,23.0105,22.7659,22.8138,37642235,1092396,1534589,37653544.0000,1095009.5000,1537188.2500,-32768,5234,108
00:10:11,1863.15,22.34,64.63,3276.70,0.00,22.9641,23.0000,22.7724,22.8112,37645591,1091696,1534589,37652368.0000,1094906.0000,1537133.2500,-32768,5234,108
00:10:13,1944.61,22.34,64.78,3276.70,0.00,22.9703,22.9980,22.7769,22.8089,37638135,1091696,1534589,37652368.0000,1094906.0000,1537133.2500,-32768,5234,109
00:10:14,1759.97,22.35,64.78,3276.70,0.00,22.9743,22.9964,22.7808,22.8071,37642775,1090323,1535583,37651024.0000,1094427.1250,1537133.2500,-32768,5234,109
00:10:15,1868.58,22.35,64.78,3276.70,0.00,22.9769,22.9958,22.7831,22.8063,37642775,1090323,1535566,37650512.0000,1094122.3750,1536867.0000,-32768,5234,109
00:10:16,1944.61,22.36,64.89,3276.70,0.00,22.9823,22.9958,22.7879,22.8051,37639383,1088697,1535860,37650164.0000,1093952.8750,1536835.5000,-32768,5234,109
00:10:18,1933.75,22.36,64.89,3276.70,0.00,22.9846,22.9945,22.7906,22.8046,37639383,1087965,1536553,37650164.0000,1093594.5000,1536818.0000,-32768,5234,109
00:10:19,1906.59,22.36,64.89,3276.70,0.00,22.9846,22.9945,22.7906,22.8038,37644402,1087430,1536553,37649440.0000,1093203.7500,1536793.3750,-32768,5234,109
00:10:20,1922.88,22.37,65.24,3276.70,0.00,22.9950,22.9945,22.7990,22.8034,37646206,1086757,1537115,37649340.0000,1093002.2500,1536793.3750,-32768,5234,109
00:10:22,1971.76,22.37,65.30,3276.70,0.00,22.9970,22.9941,22.8007,22.8034,37646206,1086000,1537126,37649128.0000,1092580.2500,1536793.3750,-32768,5234,109
00:10:23,1944.61,22.37,65.30,3276.70,0.00,22.9987,22.9943,22.8035,22.8033,37640567,1085806,1536531,37648860.0000,1092368.6250,1536827.0000,-32768,5234,109
00:10:24,2020.64,22.37,65.54,3276.70,0.00,22.9987,22.9943,22.8035,22.8034,37644048,1085095,1536686,37648652.0000,1092368.6250,1536827.0000,-32768,5234,109
00:10:26,1960.90,22.38,65.54,3276.70,0.00,23.0023,22.9949,22.8070,22.8035,37639914,1085192,1537122,37648456.0000,1091526.1250,1536824.3750,-32768,5234,109
00:10:27,2009.78,22.38,65.74,3276.70,0.00,23.0045,22.9954,22.8095,22.8037,37647145,1084551,1537122,37648416.0000,1091308.1250,1536824.3750,-32768,5234,109
00:10:29,2009.78,22.38,65.86,3276.70,0.00,23.0045,22.9954,22.8133,22.8046,37643694,1083676,1537903,37648016.0000,1090614.5000,1536950.2500,-32768,5234,109
00:10:31,2015.21,22.38,65.86,3276.70,0.00,23.0155,22.9973,22.8185,22.8050,37647345,1083676,1537903,37647732.0000,1090179.5000,1536998.7500,-32768,5234,109
00:10:32,1933.75,22.38,65.86,3276.70,0.00,23.0155,22.9993,22.8185,22.8066,37645021,1082818,1538019,37647424.0000,1089733.0000,1537053.3750,-32768,5234,109
00:10:34,2020.64,22.39,65.86,3276.70,0.00,23.0155,22.9993,22.8185,22.8066,37645021,1082818,1538019,37647064.0000,1089275.8750,1537109.3750,-32768,5234,109
00:10:35,1971.76,22.40,66.11,3276.70,0.00,23.0230,23.0014,22.8185,22.8084,37641963,1082228,1538621,37647064.0000,1089275.8750,1537109.3750,-32768,5234,109
00:10:36,2058.65,22.40,66.11,3276.70,0.00,23.0230,23.0020,22.8288,22.8090,37638033,1081550,1538142,37646368.0000,1088603.1250,1537109.3750,-32768,5234,108
00:10:37,2080.37,22.41,66.20,3276.70,0.00,23.0230,23.0034,22.8312,22.8103,37642853,1081183,1538567,37646256.0000,1088371.2500,1537109.3750,-32768,5234,108
00:10:38,2026.07,22.42,66.20,3276.70,0.00,23.0263,23.0041,22.8313,22.8109,37639854,1080830,1539051,37646256.0000,1088371.2500,1537328.7500,-32768,5234,108
00:10:40,1988.05,22.42,66.25,3276.70,0.00,23.0277,23.0048,22.8316,22.8116,37639854,1080830,1537835,37646256.0000,1088371.2500,1537328.7500,-32768,5234,108
00:10:41,1993.48,22.42,66.25,3276.70,0.00,23.0286,23.0062,22.8333,22.8128,37639218,1080340,1537835,37646256.0000,1088371.2500,1537328.7500,-32768,5234,108
00:10:42,2036.93,22.42,66.31,3276.70,0.00,23.0294,23.0070,22.8335,22.8134,37643393,1079472,1538183,37646256.0000,1088371.2500,1537328.7500,-32768,5234,108
00:10:43,2015.21,22.42,66.31,3276.70,0.00,23.0315,23.0084,22.8335,22.8134,37643393,1079472,1538183,37646256.0000,1086496.8750,1537499.2500,-32768,5234,108
00:10:44,2047.79,22.44,66.42,3276.70,0.00,23.0327,23.0098,22.8367,22.8161,37640436,1079472,1538183,37644876.0000,1086278.1250,1537561.1250,-32768,5234,108
00:10:45,2036.93,22.44,66.47,3276.70,0.00,23.0330,23.0105,22.8371,22.8167,37637001,1079286,1538833,37644632.0000,1086059.6250,1537600.8750,-32768,5234,108
00:10:47,2015.21,22.44,66.52,3276.70,0.00,23.0330,23.0105,22.8371,22.8167,37632410,1079050,1538833,37644632.0000,1086059.6250,1537600.8750,-32768,5234,108
00:10:48,2053.22,22.44,66.59,3276.70,0.00,23.0358,23.0127,22.8405,22.8187,37631750,1078896,1538833,37643644.0000,1085418.0000,1537639.7500,-32768,5234,108
00:10:49,2112.96,22.44,66.63,3276.70,0.00,23.0364,23.0134,22.8415,22.8194,37637666,1078775,1538674,37643456.0000,1085418.0000,1537639.7500,-32768,5234,107
00:10:50,2031.50,22.44,66.70,3276.70,0.00,23.0383,23.0149,22.8433,22.8208,37637751,1078240,1538853,37643248.0000,1084789.2500,1537770.0000,-32768,5234,107
00:10:51,2031.50,22.44,66.69,3276.70,0.00,23.0383,23.0156,22.8436,22.8215,37631847,1078087,1538116,37642892.0000,1084579.7500,1537770.0000,-32768,5234,107
00:10:52,2053.22,22.44,66.69,3276.70,0.00,23.0389,23.0156,22.8436,22.8229,37636858,1077970,1538818,37642384.0000,1084174.8750,1537843.5000,-32768,5234,107
00:10:53,2091.23,22.45,66.78,3276.70,0.00,23.0391,23.0177,22.8444,22.8235,37636858,1077827,1539048,37642232.0000,1084174.8750,1537881.1250,-32768,5234,107
00:10:55,2058.65,22.45,66.78,3276.70,0.00,23.0391,23.0177,22.8444,22.8235,37636858,1077827,1539048,37642232.0000,1084174.8750,1537881.1250,-32768,5234,107
00:10:56,2107.53,22.45,66.78,3276.70,0.00,23.0391,23.0177,22.8444,22.8254,37636727,1077108,1538875,37641688.0000,1083364.6250,1537995.7500,-32768,5234,107
00:10:57,2058.65,22.45,66.78,3276.70,0.00,23.0418,23.0202,22.8472,22.8261,37634658,1076754,1538875,37641688.0000,1083364.6250,1537995.7500,-32768,5234,107
00:10:58,2064.08,22.45,66.90,3276.70,0.00,23.0445,23.0202,22.8472,22.8261,37631167,1076520,1539712,37640896.0000,1083364.6250,1537995.7500,-32768,5234,107
00:11:00,2112.96,22.45,66.91,3276.70,0.00,23.0445,23.0223,22.8504,22.8261,37631167,1076520,1539712,37640896.0000,1083364.6250,1537995.7500,-32768,5234,107
00:11:01,2085.80,22.45,66.91,3276.70,0.00,23.0454,23.0237,22.8513,22.8295,37627393,1076520,1539712,37639628.0000,1082162.7500,1538227.5000,-32768,5234,107
00:11:02,2074.94,22.45,66.95,3276.70,0.00,23.0448,23.0237,22.8504,22.8308,37629435,1076074,1538615,37639104.0000,1081785.1250,1538253.8750,-32768,5234,107
00:11:03,2096.67,22.45,66.95,3276.70,0.00,23.0438,23.0255,22.8497,22.8314,37634418,1076524,1539910,37639104.0000,1081785.1250,1538253.8750,-32768,5234,106
00:11:04,2058.65,22.45,66.95,3276.70,0.00,23.0437,23.0261,22.8493,22.8320,37633700,1076774,1539910,37639104.0000,1081785.1250,1538253.8750,-32768,5234,106
00:11:05,2085.80,22.45,66.96,3276.70,0.00,23.0435,23.0271,22.8476,22.8320,37632202,1076774,1539910,37639104.0000,1081785.1250,1538359.5000,-32768,5234,106
00:11:07,2080.37,22.45,66.96,3276.70,0.00,23.0429,23.0271,22.8481,22.8334,37632202,1076774,1539910,37637824.0000,1080910.7500,1538378.5000,-32768,5234,106
00:11:08,2058.65,22.45,66.95,3276.70,0.00,23.0432,23.0285,22.8481,22.8334,37632202,1076774,1538860,37637824.0000,1080787.0000,1538378.5000,-32768,5234,106
00:11:09,2102.10,22.45,66.99,3276.70,0.00,23.0432,23.0285,22.8488,22.8347,37628627,1076748,1539246,37637124.0000,1080787.0000,1538400.1250,-32768,5234,106
00:11:10,2096.67,22.45,66.99,3276.70,0.00,23.0432,23.0296,22.8467,22.8355,37628501,1076350,1539793,37636856.0000,1080403.2500,1538443.6250,-32768,5234,106
00:11:12,2064.08,22.44,67.05,3276.70,0.00,23.0432,23.0296,22.8467,22.8355,37628501,1076350,1539793,37636856.0000,1080403.2500,1538443.6250,-32768,5234,106
00:11:13,2074.94,22.44,66.97,3276.70,0.00,23.0432,23.0304,22.8467,22.8355,37628501,1077026,1539200,37635904.0000,1080067.5000,1538470.6250,-32768,5234,106
00:11:14,2107.53,22.44,66.97,3276.70,0.00,23.0363,23.0306,22.8440,22.8355,37632320,1076806,1539200,37635904.0000,1079873.2500,1538448.6250,-32768,5234,106
00:11:15,2053.22,22.44,66.97,3276.70,0.00,23.0363,23.0306,22.8440,22.8355,37632320,1076530,1538067,37635192.0000,1079768.7500,1538436.7500,-32768,5234,106
00:11:16,2047.79,22.44,66.97,3276.70,0.00,23.0325,23.0310,22.8402,22.8355,37632320,1076530,1537938,37634728.0000,1079557.6250,1538397.2500,-32768,5234,106
00:11:17,2047.79,22.44,67.20,3276.70,0.00,23.0303,23.0310,22.8402,22.8371,37625333,1076219,1538322,37634436.0000,1079453.2500,1538394.8750,-32768,5234,106
00:11:19,2080.37,22.43,67.20,3276.70,0.00,23.0303,23.0309,22.8384,22.8372,37625333,1076219,1538319,37633880.0000,1079453.2500,1538384.8750,-32768,5234,106
00:11:20,2026.07,22.43,67.20,3276.70,0.00,23.0260,23.0306,22.8352,22.8371,37623271,1075994,1538589,37633548.0000,1079152.0000,1538384.8750,-32768,5234,106
00:11:21,2031.50,22.43,67.20,3276.70,0.00,23.0254,23.0304,22.8352,22.8371,37620892,1075797,1537917,37632796.0000,1078944.0000,1538384.8750,-32768,5234,106
00:11:22,2058.65,22.43,67.30,3276.70,0.00,23.0227,23.0300,22.8320,22.8367,37620892,1075831,1537561,37632512.0000,1078846.7500,1538343.0000,-32768,5234,106
00:11:23,2042.36,22.43,67.34,3276.70,0.00,23.0227,23.0300,22.8320,22.8365,37620892,1076179,1537691,37632512.0000,1078693.5000,1538299.6250,-32768,5234,106
00:11:24,2074.94,22.43,67.43,3276.70,0.00,23.0227,23.0300,22.8320,22.8361,37623987,1076093,1536804,37631812.0000,1078612.2500,1538252.8750,-32768,5234,107
00:11:26,2009.78,22.42,67.43,3276.70,0.00,23.0204,23.0289,22.8311,22.8359,37625556,1076181,1536296,37631616.0000,1078612.2500,1538252.8750,-32768,5234,107
00:11:27,2058.65,22.42,67.47,3276.70,0.00,23.0204,23.0289,22.8300,22.8355,37620973,1075965,1536858,37631056.0000,1078386.1250,1538096.0000,-32768,5234,107
00:11:28,2036.93,22.42,67.52,3276.70,0.00,23.0185,23.0279,22.8300,22.8355,37620973,1075965,1536858,37631056.0000,1078318.2500,1538061.1250,-32768,5234,107
00:11:29,2085.80,22.42,67.53,3276.70,0.00,23.0175,23.0276,22.8294,22.8352,37622900,1075965,1536858,37631056.0000,1078318.2500,1538061.1250,-32768,5234,107
00:11:30,2074.94,22.42,67.50,3276.70,0.00,23.0165,23.0272,22.8290,22.8350,37617469,1076825,1536858,37629716.0000,1078174.3750,1538001.5000,-32768,5234,107
00:11:31,2096.67,22.42,67.50,3276.70,0.00,23.0171,23.0272,22.8283,22.8345,37617469,1076825,1536858,37629428.0000,1078128.8750,1537986.2500,-32768,5234,107
00:11:32,2026.07,22.42,67.50,3276.70,0.00,23.0171,23.0272,22.8274,22.8345,37617469,1076825,1536858,37629428.0000,1078128.8750,1537986.2500,-32768,5234,107
00:11:34,2069.51,22.42,67.50,3276.70,0.00,23.0171,23.0257,22.8271,22.8338,37623805,1076229,1537749,37628936.0000,1078128.8750,1537936.0000,-32768,5234,107
00:11:35,2036.93,22.42,67.63,3276.70,0.00,23.0171,23.0257,22.8271,22.8332,37615280,1075325,1537069,37628936.0000,1077827.3750,1537882.1250,-32768,5234,107
00:11:36,2015.21,22.42,67.64,3276.70,0.00,23.0125,23.0245,22.8271,22.8332,37615280,1075325,1537069,37628936.0000,1077827.3750,1537882.1250,-32768,5234,107
00:11:37,2047.79,22.42,67.67,3276.70,0.00,23.0127,23.0241,22.8209,22.8324,37618847,1075325,1537069,37628936.0000,1077680.0000,1537849.2500,-32768,5234,107
00:11:38,2069.51,22.42,67.67,3276.70,0.00,23.0127,23.0241,22.8209,22.8324,37618847,1075561,1536399,37627348.0000,1077550.2500,1537761.0000,-32768,5234,107
00:11:39,2020.64,22.42,67.79,3276.70,0.00,23.0163,23.0233,22.8222,22.8314,37617946,1075296,1536324,37627056.0000,1077550.2500,1537761.0000,-32768,5234,107
00:11:40,2080.37,22.42,67.80,3276.70,0.00,23.0155,23.0230,22.8222,22.8314,37617946,1075296,1536324,37627056.0000,1077550.2500,1537665.8750,-32768,5234,107
00:11:42,2036.93,22.41,67.77,3276.70,0.00,23.0138,23.0230,22.8222,22.8304,37618594,1075296,1536324,37627056.0000,1077269.0000,1537647.1250,-32768,5234,108
00:11:43,2069.51,22.41,67.77,3276.70,0.00,23.0111,23.0220,22.8170,22.8304,37618594,1075296,1536324,37625872.0000,1077133.2500,1537582.0000,-32768,5234,108
00:11:44,2047.79,22.41,67.77,3276.70,0.00,23.0058,23.0211,22.8127,22.8289,37619453,1074697,1536324,37625320.0000,1076972.5000,1537580.7500,-69,5234,108
00:11:45,2020.64,22.41,67.77,3276.70,0.00,23.0015,23.0199,22.8105,22.8277,37620269,1074343,1536852,37625160.0000,1076972.5000,1537580.7500,-69,5234,108
00:11:46,2042.36,22.41,67.77,3276.70,0.00,23.0004,23.0193,22.8095,22.8271,37618601,1074495,1536452,37624956.0000,1076972.5000,1537580.7500,-69,5234,108
00:11:47,2069.51,22.41,67.90,3276.70,0.00,23.0004,23.0193,22.8085,22.8266,37617517,1074676,1536463,37624724.0000,1076748.6250,1537490.2500,-69,5234,108
00:11:48,2058.65,22.41,67.89,3276.70,0.00,23.0004,23.0193,22.8085,22.8266,37617517,1074676,1536463,37624724.0000,1076617.0000,1537401.1250,-69,5234,108
00:11:49,2074.94,22.41,67.89,3276.70,0.00,23.0004,23.0193,22.8085,22.8266,37612904,1074404,1536109,37623608.0000,1076547.8750,1537360.7500,-69,5234,108
00:11:50,2085.80,22.41,67.89,3276.70,0.00,23.0004,23.0159,22.8068,22.8241,37614808,1074378,1536017,37623332.0000,1076547.8750,1537360.7500,-69,5234,108
00:11:51,2074.94,22.41,68.00,3276.70,0.00,22.9969,23.0153,22.8064,22.8230,37614827,1074071,1536002,37622844.0000,1076339.2500,1537225.1250,-68,5234,108
00:11:53,2085.80,22.41,67.98,3276.70,0.00,22.9969,23.0153,22.8064,22.8230,37614827,1074071,1536002,37622844.0000,1076339.2500,1537141.1250,-68,5234,108
00:11:54,2020.64,22.41,68.02,3276.70,0.00,22.9982,23.0130,22.8063,22.8214,37613501,1073887,1535380,37622128.0000,1076126.8750,1537141.1250,-68,5234,109
00:11:55,2036.93,22.41,68.02,3276.70,0.00,22.9993,23.0126,22.8063,22.8214,37613501,1073887,1535483,37622128.0000,1075971.6250,1537001.2500,-67,5234,109
00:11:56,2053.22,22.41,68.10,3276.70,0.00,22.9993,23.0117,22.8026,22.8197,37613501,1073649,1536084,37621088.0000,1075899.1250,1536972.6250,-67,5234,109
00:11:57,2036.93,22.41,68.10,3276.70,0.00,22.9999,23.0113,22.8030,22.8191,37609793,1073862,1536156,37621088.0000,1075835.3750,1536947.1250,-68,5234,109
00:11:59,2058.65,22.41,68.10,3276.70,0.00,22.9999,23.0113,22.8034,22.8186,37609793,1073710,1535559,37620312.0000,1075707.6250,1536947.1250,-67,5234,109
00:12:00,2042.36,22.41,68.10,3276.70,0.00,22.9985,23.0102,22.8044,22.8186,37609793,1073710,1535559,37620312.0000,1075707.6250,1536947.1250,-67,5234,109
00:12:01,2042.36,22.41,68.22,3276.70,0.00,22.9975,23.0102,22.8035,22.8172,37612567,1073512,1536357,37619552.0000,1075504.5000,1536805.0000,-67,5234,109
00:12:02,2020.64,22.41,68.22,3276.70,0.00,22.9946,23.0088,22.8010,22.8162,37612553,1073559,1536425,37619332.0000,1075504.5000,1536805.0000,-67,5234,109
00:12:03,2047.79,22.41,68.20,3276.70,0.00,22.9932,23.0083,22.7996,22.8157,37611432,1073366,1536240,37619084.0000,1075504.5000,1536805.0000,-67,5234,109
00:12:05,2031.50,22.41,68.20,3276.70,0.00,22.9932,23.0072,22.7984,22.8157,37611432,1073366,1536240,37619084.0000,1075170.8750,1536675.5000,-65,5234,109
00:12:06,1993.48,22.41,68.21,3276.70,0.00,22.9932,23.0061,22.7977,22.8136,37604495,1072958,1535781,37617384.0000,1075170.8750,1536675.5000,-65,5234,109
00:12:07,2069.51,22.41,68.21,3276.70,0.00,22.9907,23.0056,22.7975,22.8130,37604495,1072958,1535178,37617084.0000,1075035.8750,1536675.5000,-65,5234,109
00:12:08,2004.34,22.41,68.34,3276.70,0.00,22.9907,23.0056,22.7984,22.8126,37612195,1073016,1535103,37616932.0000,1074972.7500,1536554.8750,-65,5234,109
00:12:09,2009.78,22.41,68.33,3276.70,0.00,22.9910,23.0043,22.7984,22.8116,37606947,1072775,1535340,37616520.0000,1074840.2500,1536484.3750,-65,5234,109
00:12:10,2053.22,22.41,68.37,3276.70,0.00,22.9910,23.0039,22.7964,22.8116,37606947,1072772,1535608,37615936.0000,1074710.7500,1536417.3750,-65,5234,110
00:12:12,2047.79,22.41,68.39,3276.70,0.00,22.9898,23.0034,22.7962,22.8116,37606947,1072772,1535283,37615692.0000,1074649.6250,1536382.0000,-65,5234,110
00:12:12,2123.82,22.40,68.50,3276.70,0.00,22.9874,23.0024,22.7943,22.8096,37608720,1072637,1535393,37615476.0000,1074586.7500,1536351.0000,-64,5234,110
00:12:14,2004.34,22.40,68.52,3276.70,0.00,22.9874,23.0019,22.7942,22.8091,37609292,1072686,1534941,37615280.0000,1074527.3750,1536351.0000,-64,5234,110
00:12:15,2004.34,22.40,68.58,3276.70,0.00,22.9874,23.0009,22.7949,22.8082,37607274,1072506,1535196,37614752.0000,1074404.5000,1536351.0000,-64,5234,110
00:12:16,2091.23,22.40,68.58,3276.70,0.00,22.9874,23.0009,22.7957,22.8078,37607274,1072506,1535196,37614752.0000,1074404.5000,1536351.0000,-64,5234,110
00:12:18,2074.94,22.40,68.63,3276.70,0.00,22.9874,23.0009,22.7973,22.8078,37607274,1072506,1535196,37613960.0000,1074267.7500,1536130.0000,-65,5234,110
00:12:19,2069.51,22.40,68.68,3276.70,0.00,22.9893,22.9993,22.7981,22.8068,37610356,1072884,1535196,37613580.0000,1074184.8750,1536102.1250,-65,5234,110
00:12:20,2020.64,22.40,68.66,3276.70,0.00,22.9893,22.9987,22.7966,22.8062,37604451,1073497,1535886,37613580.0000,1074184.8750,1536102.1250,-67,5234,110
00:12:21,2058.65,22.40,68.66,3276.70,0.00,22.9886,22.9984,22.7966,22.8062,37604451,1073607,1535547,37613148.0000,1074139.3750,1536071.8750,-67,5234,110
00:12:23,2047.79,22.39,68.72,3276.70,0.00,22.9860,22.9976,22.7930,22.8051,37604451,1073607,1535547,37613148.0000,1074139.3750,1536071.8750,-67,5234,110
00:12:24,2047.79,22.39,68.78,3276.70,0.00,22.9827,22.9967,22.7891,22.8041,37611853,1072871,1535547,37613148.0000,1074139.3750,1536071.8750,-65,5234,110
00:12:25,2064.08,22.39,68.78,3276.70,0.00,22.9811,22.9962,22.7879,22.8036,37605802,1072777,1535547,37613148.0000,1074139.3750,1535957.6250,-64,5234,110
00:12:27,2020.64,22.39,68.84,3276.70,0.00,22.9790,22.9951,22.7876,22.8036,37605802,1072777,1535547,37613148.0000,1074139.3750,1535957.6250,-65,5234,111
00:12:28,2064.08,22.38,68.84,3276.70,0.00,22.9794,22.9941,22.7891,22.8017,37605802,1072460,1534939,37612108.0000,1074139.3750,1535957.6250,-65,5234,111
00:12:29,2031.50,22.38,68.92,3276.70,0.00,22.9795,22.9936,22.7881,22.8012,37603388,1072108,1534432,37611332.0000,1074139.3750,1535957.6250,-63,5234,111
00:12:30,2042.36,22.38,68.91,3276.70,0.00,22.9795,22.9927,22.7843,22.8002,37603633,1072291,1534154,37611332.0000,1073667.3750,1535704.2500,-63,5234,111
00:12:31,2047.79,22.38,68.91,3276.70,0.00,22.9783,22.9922,22.7829,22.7996,37607325,1072476,1534799,37610972.0000,1073667.3750,1535676.0000,-64,5234,111
00:12:32,2047.79,22.38,68.91,3276.70,0.00,22.9781,22.9918,22.7829,22.7991,37607303,1072405,1534695,37610972.0000,1073667.3750,1535676.0000,-64,5234,111
00:12:33,2053.22,22.38,69.02,3276.70,0.00,22.9759,22.9908,22.7825,22.7980,37601870,1072575,1533828,37610332.0000,1073526.1250,1535550.8750,-64,5234,111
00:12:34,2074.94,22.38,69.01,3276.70,0.00,22.9749,22.9903,22.7822,22.7975,37600674,1072725,1534505,37610032.0000,1073526.1250,1535518.1250,-65,5234,111
00:12:36,1993.48,22.38,69.00,3276.70,0.00,22.9749,22.9897,22.7818,22.7970,37602623,1072725,1534584,37609552.0000,1073455.8750,1535456.3750,-65,5234,111
00:12:37,2074.94,22.38,69.02,3276.70,0.00,22.9749,22.9897,22.7815,22.7960,37603139,1072527,1534735,37609352.0000,1073455.8750,1535456.3750,-65,5234,111
00:12:38,2058.65,22.38,69.04,3276.70,0.00,22.9749,22.9881,22.7818,22.7955,37603315,1072383,1534483,37609164.0000,1073455.8750,1535456.3750,-65,5234,112
00:12:39,2047.79,22.38,69.04,3276.70,0.00,22.9740,22.9877,22.7823,22.7951,37601246,1072399,1534234,37609164.0000,1073455.8750,1535456.3750,-65,5234,112
00:12:40,2064.08,22.38,69.03,3276.70,0.00,22.9720,22.9877,22.7823,22.7951,37600937,1072128,1533959,37608556.0000,1073295.2500,1535288.1250,-63,5234,112
00:12:41,2047.79,22.37,69.03,3276.70,0.00,22.9715,22.9877,22.7823,22.7951,37600937,1072128,1534489,37608408.0000,1073212.0000,1535243.8750,-62,5234,112
00:12:42,2042.36,22.37,69.10,3276.70,0.00,22.9718,22.9857,22.7800,22.7929,37604355,1071830,1534156,37608284.0000,1073168.8750,1535243.8750,-62,5234,112
00:12:43,2064.08,22.37,69.17,3276.70,0.00,22.9725,22.9848,22.7816,22.7929,37604355,1071578,1534356,37608004.0000,1073119.1250,1535183.2500,-61,5234,112
00:12:44,1998.91,22.37,69.17,3276.70,0.00,22.9723,22.9844,22.7825,22.7921,37599503,1071578,1534378,37607736.0000,1073078.6250,1535158.0000,-62,5234,112
00:12:45,2031.50,22.37,69.20,3276.70,0.00,22.9723,22.9844,22.7825,22.7921,37599503,1071830,1533939,37607736.0000,1073010.7500,1535091.6250,-62,5234,112
00:12:46,2031.50,22.37,69.20,3276.70,0.00,22.9709,22.9831,22.7816,22.7912,37599987,1071830,1533939,37607736.0000,1072975.1250,1535077.6250,-62,5234,112
00:12:47,2053.22,22.37,69.20,3276.70,0.00,22.9704,22.9827,22.7808,22.7909,37611328,1072150,1534463,37607736.0000,1072975.1250,1535058.3750,-63,5234,112
00:12:48,2053.22,22.37,69.22,3276.70,0.00,22.9713,22.9820,22.7818,22.7902,37602441,1071749,1534033,37606952.0000,1072881.5000,1534992.6250,-62,5234,112
00:12:49,2074.94,22.37,69.29,3276.70,0.00,22.9720,22.9816,22.7818,22.7900,37600906,1071362,1534033,37606952.0000,1072881.5000,1534968.7500,-61,5234,112
00:12:50,2047.79,22.37,69.29,3276.70,0.00,22.9718,22.9816,22.7818,22.7900,37600906,1071362,1534033,37606752.0000,1072782.8750,1534955.6250,-60,5234,112
00:12:52,2036.93,22.37,69.33,3276.70,0.00,22.9721,22.9810,22.7798,22.7893,37600906,1071362,1534033,37606752.0000,1072671.0000,1534916.3750,-60,5234,112
00:12:53,2009.78,22.37,69.32,3276.70,0.00,22.9711,22.9804,22.7791,22.7887,37599012,1071362,1534033,37606752.0000,1072580.6250,1534916.3750,-61,5234,112
00:12:55,1988.05,22.37,69.30,3276.70,0.00,22.9711,22.9804,22.7791,22.7887,37597553,1071053,1533611,37605464.0000,1072481.6250,1534854.2500,-59,5234,112
00:12:56,2042.36,22.37,69.33,3276.70,0.00,22.9696,22.9792,22.7789,22.7874,37601471,1071087,1533942,37605340.0000,1072481.6250,1534854.2500,-59,5234,112
00:12:57,2015.21,22.37,69.33,3276.70,0.00,22.9702,22.9789,22.7785,22.7871,37603517,1071108,1534450,37605284.0000,1072481.6250,1534854.2500,-60,5234,113
00:12:58,2102.10,22.37,69.38,3276.70,0.00,22.9700,22.9786,22.7783,22.7868,37594083,1071063,1533774,37605284.0000,1072481.6250,1534782.3750,-59,5234,113
00:12:59,1993.48,22.37,69.38,3276.70,0.00,22.9700,22.9780,22.7783,22.7862,37598304,1070668,1535099,37604568.0000,1072257.1250,1534792.2500,-59,5234,113
00:13:00,1993.48,22.37,69.42,3276.70,0.00,22.9700,22.9776,22.7766,22.7859,37597154,1070420,1534503,37604340.0000,1072199.7500,1534792.2500,-59,5234,113
00:13:01,2074.94,22.37,69.45,3276.70,0.00,22.9685,22.9770,22.7766,22.7859,37597154,1070420,1534559,37604016.0000,1072199.7500,1534772.5000,-58,5234,113
00:13:03,2031.50,22.37,69.45,3276.70,0.00,22.9685,22.9770,22.7775,22.7850,37595964,1070192,1534559,37604016.0000,1071980.0000,1534696.5000,-59,5234,113
00:13:04,2042.36,22.37,69.45,3276.70,0.00,22.9685,22.9770,22.7800,22.7846,37593988,1070940,1534732,37603096.0000,1071947.5000,1534697.6250,-59,5234,113
00:13:05,2053.22,22.37,69.53,3276.70,0.00,22.9720,22.9770,22.7800,22.7845,37593409,1071324,1534448,37602796.0000,1071928.1250,1534689.7500,-61,5234,113
00:13:06,2074.94,22.37,69.56,3276.70,0.00,22.9737,22.9770,22.7800,22.7843,37605077,1071354,1534614,37602912.0000,1071928.1250,1534670.1250,-61,5234,113
00:13:07,2047.79,22.37,69.56,3276.70,0.00,22.9737,22.9761,22.7800,22.7843,37597508,1071277,1535007,37602912.0000,1071928.1250,1534696.1250,-60,5234,113
00:13:09,1993.48,22.37,69.56,3276.70,0.00,22.9825,22.9764,22.7877,22.7844,37597508,1070766,1535135,37602252.0000,1071821.1250,1534709.8750,-60,5234,113
00:13:10,1998.91,22.37,69.65,3276.70,0.00,22.9825,22.9764,22.7892,22.7845,37600601,1070897,1535473,37602200.0000,1071792.2500,1534709.8750,-59,5234,113
00:13:11,2064.08,22.36,69.71,3276.70,0.00,22.9853,22.9771,22.7909,22.7848,37600186,1070744,1535473,37602088.0000,1071729.6250,1534768.6250,-59,5234,113
00:13:12,2080.37,22.36,69.77,3276.70,0.00,22.9840,22.9773,22.7905,22.7850,37596277,1070644,1535473,37602088.0000,1071729.6250,1534768.6250,-59,5234,113
00:13:13,2053.22,22.36,69.78,3276.70,0.00,22.9840,22.9773,22.7905,22.7850,37596277,1070644,1535473,37601504.0000,1071628.2500,1534763.0000,-59,5234,113
00:13:14,2015.21,22.36,69.79,3276.70,0.00,22.9799,22.9775,22.7892,22.7854,37598024,1070644,1535473,37601504.0000,1071628.2500,1534757.1250,-59,5234,113
00:13:15,2036.93,22.36,69.78,3276.70,0.00,22.9799,22.9775,22.7896,22.7855,37598297,1070720,1535473,37601504.0000,1071571.1250,1534744.1250,-59,5234,113
00:13:16,2026.07,22.36,69.80,3276.70,0.00,22.9785,22.9775,22.7896,22.7856,37597447,1070457,1535473,37601504.0000,1071512.5000,1534718.8750,-58,5234,113
00:13:18,2053.22,22.36,69.83,3276.70,0.00,22.9798,22.9776,22.7899,22.7858,37595048,1070302,1534433,37601504.0000,1071512.5000,1534709.8750,-58,5234,113
00:13:19,2047.79,22.36,69.87,3276.70,0.00,22.9800,22.9776,22.7899,22.7860,37592867,1069891,1534110,37600512.0000,1071386.7500,1534680.0000,-57,5234,113
00:13:20,1993.48,22.37,69.88,3276.70,0.00,22.9787,22.9777,22.7872,22.7860,37593358,1069817,1534243,37600288.0000,1071337.6250,1534680.0000,-57,5234,113
00:13:21,2053.22,22.37,69.87,3276.70,0.00,22.9787,22.9777,22.7861,22.7860,37597673,1069866,1534146,37600204.0000,1071291.6250,1534650.1250,-57,5234,113
00:13:22,2015.21,22.37,69.86,3276.70,0.00,22.9787,22.9777,22.7863,22.7860,37594824,1069754,1534547,37599824.0000,1071291.6250,1534650.1250,-56,5234,113
00:13:23,2058.65,22.37,69.94,3276.70,0.00,22.9787,22.9775,22.7863,22.7860,37599965,1069504,1534962,37599824.0000,1071291.6250,1534650.1250,-56,5234,113
00:13:24,2047.79,22.37,69.93,3276.70,0.00,22.9754,22.9775,22.7863,22.7859,37596468,1069262,1535576,37599724.0000,1071090.7500,1534673.3750,-55,5234,113
00:13:25,2080.37,22.36,69.93,3276.70,0.00,22.9762,22.9773,22.7863,22.7859,37595468,1069262,1534133,37599256.0000,1070970.8750,1534673.3750,-55,5234,113
00:13:27,2123.82,22.36,69.98,3276.70,0.00,22.9762,22.9772,22.7828,22.7859,37594555,1068662,1533870,37599108.0000,1070898.7500,1534604.3750,-54,5234,113
00:13:28,2085.80,22.36,69.98,3276.70,0.00,22.9742,22.9770,22.7830,22.7854,37592339,1068675,1533870,37598816.0000,1070763.1250,1534604.3750,-54,5234,113
00:13:29,2047.79,22.36,70.06,3276.70,0.00,22.9730,22.9768,22.7818,22.7853,37592792,1068621,1533870,37598816.0000,1070763.1250,1534604.3750,-54,5234,113
00:13:30,1988.05,22.36,70.10,3276.70,0.00,22.9730,22.9764,22.7816,22.7850,37595320,1068955,1533838,37598316.0000,1070586.1250,1534604.3750,-54,5234,113
00:13:32,1993.48,22.36,70.09,3276.70,0.00,22.9702,22.9762,22.7812,22.7849,37591475,1068908,1533838,37598104.0000,1070533.6250,1534468.3750,-54,5234,113
00:13:33,1971.76,22.36,70.09,3276.70,0.00,22.9693,22.9758,22.7805,22.7849,37587135,1069062,1533345,37597464.0000,1070437.7500,1534433.2500,-54,5234,113
00:13:34,1971.76,22.36,70.02,3276.70,0.00,22.9693,22.9758,22.7805,22.7844,37586047,1069340,1533878,37597108.0000,1070403.5000,1534415.8750,-54,5234,113
00:13:35,2042.36,22.36,69.99,3276.70,0.00,22.9680,22.9753,22.7785,22.7842,37586047,1069340,1533878,37596732.0000,1070365.0000,1534397.3750,-57,5234,113
00:13:36,2020.64,22.36,70.02,3276.70,0.00,22.9630,22.9746,22.7732,22.7842,37586047,1069340,1533878,37596732.0000,1070365.0000,1534397.3750,-57,5234,113
00:13:37,2064.08,22.36,70.02,3276.70,0.00,22.9604,22.9741,22.7704,22.7832,37589404,1069340,1533878,37596732.0000,1070365.0000,1534397.3750,-57,5234,113
00:13:38,2009.78,22.36,70.02,3276.70,0.00,22.9529,22.9729,22.7625,22.7820,37582872,1070497,1533878,37596732.0000,1070350.2500,1534283.2500,-57,5234,113
00:13:39,1982.62,22.36,70.03,3276.70,0.00,22.9488,22.9721,22.7586,22.7820,37586568,1070655,1532681,37595296.0000,1070378.5000,1534192.5000,-59,5234,113
00:13:41,1971.76,22.35,70.06,3276.70,0.00,22.9446,22.9712,22.7586,22.7820,37586568,1070655,1532681,37595296.0000,1070378.5000,1534192.5000,-60,5234,114
00:13:42,1939.18,22.35,70.03,3276.70,0.00,22.9446,22.9712,22.7476,22.7784,37588947,1071454,1533036,37594696.0000,1070432.7500,1534110.7500,-62,5234,114
00:13:43,1939.18,22.35,70.04,3276.70,0.00,22.9446,22.9671,22.7441,22.7763,37585177,1071931,1532246,37594176.0000,1070432.7500,1534110.7500,-62,5234,114
00:13:44,1998.91,22.34,70.08,3276.70,0.00,22.9312,22.9671,22.7441,22.7753,37587234,1072000,1531895,37593648.0000,1070432.7500,1533892.1250,-62,5234,114
00:13:46,1982.62,22.34,70.08,3276.70,0.00,22.9271,22.9636,22.7414,22.7732,37587234,1072000,1531895,37593344.0000,1070658.8750,1533814.6250,-62,5234,114
00:13:47,1982.62,22.34,70.04,3276.70,0.00,22.9238,22.9623,22.7414,22.7732,37587234,1072000,1531895,37593344.0000,1070779.8750,1533814.6250,-62,5234,114
00:13:48,1939.18,22.34,70.04,3276.70,0.00,22.9238,22.9599,22.7386,22.7700,37590970,1073709,1531787,37592628.0000,1070871.3750,1533576.8750,-67,5234,115
00:13:49,1912.02,22.34,70.09,3276.70,0.00,22.9238,22.9599,22.7386,22.7690,37586786,1073333,1531843,37592232.0000,1071019.0000,1533460.7500,-65,5234,115
00:13:50,1950.04,22.34,70.12,3276.70,0.00,22.9252,22.9599,22.7386,22.7690,37586786,1073333,1531328,37591948.0000,1071094.0000,1533394.1250,-66,5234,115
00:13:52,1955.47,22.33,70.12,3276.70,0.00,22.9252,22.9599,22.7386,22.7659,37589078,1073165,1531328,37591948.0000,1071208.7500,1533232.3750,-64,5234,115
00:13:53,1955.47,22.32,70.23,3276.70,0.00,22.9184,22.9599,22.7386,22.7637,37580758,1072725,1531277,37591948.0000,1071208.7500,1533232.3750,-64,5234,115
00:13:54,2004.34,22.32,70.23,3276.70,0.00,22.9161,22.9510,22.7275,22.7614,37584301,1073298,1529581,37590800.0000,1071208.7500,1533232.3750,-64,5234,116
00:13:55,1977.19,22.32,70.23,3276.70,0.00,22.9146,22.9498,22.7261,22.7603,37582878,1073110,1529632,37590552.0000,1071428.3750,1533232.3750,-64,5234,116
00:13:56,1955.47,22.32,70.28,3276.70,0.00,22.9146,22.9475,22.7216,22.7579,37579744,1073563,1530799,37589932.0000,1071552.7500,1533232.3750,-64,5234,116
00:13:58,1895.73,22.32,70.29,3276.70,0.00,22.9099,22.9463,22.7216,22.7579,37580547,1073508,1530840,37589640.0000,1071613.8750,1532698.3750,-66,5234,116
00:13:59,1933.75,22.32,70.32,3276.70,0.00,22.9087,22.9451,22.7187,22.7555,37581324,1073385,1530504,37589640.0000,1071613.8750,1532565.8750,-66,5234,116
00:14:00,1944.61,22.32,70.32,3276.70,0.00,22.9087,22.9427,22.7173,22.7531,37581324,1073609,1530299,37588968.0000,1071787.3750,1532565.8750,-66,5234,117
00:14:01,1874.01,22.31,70.38,3276.70,0.00,22.9087,22.9427,22.7139,22.7507,37584871,1073829,1529918,37588612.0000,1071907.5000,1532331.8750,-67,5234,117
00:14:03,2009.78,22.31,70.38,3276.70,0.00,22.9087,22.9427,22.7139,22.7495,37583420,1073551,1529866,37588448.0000,1071958.8750,1532254.7500,-66,5234,117
00:14:04,1960.90,22.31,70.43,3276.70,0.00,22.9087,22.9364,22.7083,22.7470,37579312,1073308,1529960,37588072.0000,1072046.7500,1532254.7500,-66,5234,117
00:14:05,1933.75,22.30,70.43,3276.70,0.00,22.8947,22.9350,22.7057,22.7457,37574012,1073231,1530206,37588072.0000,1072046.7500,1532254.7500,-66,5234,117
00:14:06,1912.02,22.30,70.43,3276.70,0.00,22.8919,22.9324,22.7041,22.7430,37577946,1073621,1530280,37588072.0000,1072046.7500,1532254.7500,-66,5234,117
00:14:08,1922.88,22.30,70.56,3276.70,0.00,22.8919,22.9311,22.7034,22.7418,37580783,1073750,1530292,37586464.0000,1072262.6250,1531869.6250,-66,5234,118
00:14:09,1906.59,22.30,70.56,3276.70,0.00,22.8905,22.9286,22.7034,22.7418,37577901,1073750,1529849,37585904.0000,1072351.6250,1531742.7500,-66,5234,118
00:14:11,1917.45,22.30,70.58,3276.70,0.00,22.8887,22.9286,22.7034,22.7418,37577901,1073305,1529917,37585552.0000,1072381.5000,1531685.7500,-66,5234,118
00:14:12,1863.15,22.30,70.58,3276.70,0.00,22.8871,22.9237,22.6997,22.7348,37572037,1073158,1529917,37585552.0000,1072381.5000,1531685.7500,-66,5234,118
00:14:13,1939.18,22.29,70.58,3276.70,0.00,22.8864,22.9225,22.6999,22.7337,37577196,1073440,1529917,37585552.0000,1072381.5000,1531414.0000,-66,5234,118
00:14:15,1912.02,22.29,70.70,3276.70,0.00,22.8829,22.9201,22.6969,22.7315,37572911,1073663,1529128,37583816.0000,1072529.7500,1531342.5000,-66,5234,119
00:14:16,1895.73,22.28,70.73,3276.70,0.00,22.8811,22.9189,22.6953,22.7292,37572724,1073886,1529343,37583296.0000,1072616.0000,1531342.5000,-66,5234,119
00:14:17,1928.32,22.28,70.73,3276.70,0.00,22.8784,22.9164,22.6925,22.7280,37575949,1073828,1529266,37583064.0000,1072616.0000,1531151.5000,-66,5234,119
00:14:18,1890.30,22.28,70.76,3276.70,0.00,22.8785,22.9152,22.6916,22.7268,37576537,1073698,1529266,37583064.0000,1072715.8750,1531012.1250,-66,5234,119
00:14:19,1884.87,22.28,70.76,3276.70,0.00,22.8785,22.9129,22.6900,22.7245,37570651,1074098,1528751,37582188.0000,1072715.8750,1531012.1250,-67,5234,119
00:14:20,1874.01,22.28,70.80,3276.70,0.00,22.8785,22.9117,22.6897,22.7245,37578207,1074803,1528751,37582188.0000,1072822.8750,1531012.1250,-68,5234,119
00:14:22,1906.59,22.28,70.80,3276.70,0.00,22.8785,22.9117,22.6897,22.7245,37579270,1074246,1528751,37581824.0000,1072917.6250,1530775.1250,-68,5234,120
00:14:23,1912.02,22.28,70.80,3276.70,0.00,22.8785,22.9086,22.6900,22.7245,37579270,1074246,1528751,37581724.0000,1072952.0000,1530723.3750,-67,5234,120
00:14:24,1895.73,22.28,70.92,3276.70,0.00,22.8785,22.9076,22.6901,22.7194,37576585,1073652,1528829,37581564.0000,1072973.8750,1530664.2500,-67,5234,120
00:14:25,1901.16,22.28,70.95,3276.70,0.00,22.8785,22.9076,22.6900,22.7175,37571822,1073420,1529001,37580936.0000,1072999.0000,1530549.7500,-67,5234,120
00:14:26,1966.33,22.28,70.95,3276.70,0.00,22.8785,22.9076,22.6900,22.7175,37571822,1073644,1528917,37580568.0000,1073019.2500,1530549.7500,-66,5234,120
00:14:27,1971.76,22.28,70.95,3276.70,0.00,22.8785,22.9039,22.6879,22.7157,37571822,1073716,1529010,37580324.0000,1073060.8750,1530400.5000,-66,5234,120
00:14:28,1884.87,22.28,70.91,3276.70,0.00,22.8769,22.9022,22.6880,22.7140,37570011,1073438,1529080,37580324.0000,1073060.8750,1530400.5000,-66,5234,120
00:14:29,1939.18,22.28,70.98,3276.70,0.00,22.8769,22.9014,22.6883,22.7132,37570011,1073438,1529080,37580324.0000,1073060.8750,1530400.5000,-66,5234,120
00:14:30,1884.87,22.28,70.98,3276.70,0.00,22.8769,22.9014,22.6883,22.7132,37570011,1073348,1529080,37579088.0000,1073082.6250,1530289.7500,-65,5234,120
00:14:31,1895.73,22.28,71.06,3276.70,0.00,22.8779,22.8999,22.6894,22.7132,37566260,1073175,1529080,37579088.0000,1073082.6250,1530289.7500,-65,5234,121
00:14:32,1846.86,22.28,71.14,3276.70,0.00,22.8779,22.8999,22.6894,22.7132,37566260,1073175,1529080,37579088.0000,1073094.6250,1530122.0000,-65,5234,121
00:14:33,1846.86,22.28,71.20,3276.70,0.00,22.8800,22.8979,22.6903,22.7096,37570112,1072816,1528549,37579088.0000,1073094.6250,1530122.0000,-65,5234,121
00:14:34,1917.45,22.28,71.22,3276.70,0.00,22.8814,22.8979,22.6903,22.7096,37570112,1072816,1528549,37579088.0000,1073094.6250,1529960.2500,-62,5234,121
00:14:35,1960.90,22.28,71.30,3276.70,0.00,22.8880,22.8966,22.6903,22.7080,37571175,1071848,1529534,37577176.0000,1073011.3750,1529947.0000,-62,5234,121
00:14:36,1901.16,22.28,71.34,3276.70,0.00,22.8909,22.8964,22.6972,22.7077,37574003,1071205,1529174,37577176.0000,1072955.0000,1529922.7500,-59,5234,121
00:14:38,1928.32,22.28,71.34,3276.70,0.00,22.8938,22.8964,22.7023,22.7077,37574003,1071205,1529174,37577176.0000,1072820.6250,1529922.7500,-59,5234,121
00:14:39,1950.04,22.29,71.47,3276.70,0.00,22.8938,22.8964,22.7023,22.7077,37574003,1071205,1529174,37577176.0000,1072820.6250,1529936.8750,-59,5234,121
00:14:40,1933.75,22.30,71.51,3276.70,0.00,22.9085,22.8971,22.7023,22.7077,37578411,1070071,1529174,37576536.0000,1072613.2500,1529946.2500,-56,5234,121
00:14:41,1944.61,22.30,71.60,3276.70,0.00,22.9106,22.8975,22.7150,22.7077,37578431,1069781,1531161,37576592.0000,1072613.2500,1529984.2500,-56,5234,121
00:14:42,1928.32,22.30,71.62,3276.70,0.00,22.9106,22.8975,22.7150,22.7077,37578431,1069781,1531306,37576344.0000,1072344.0000,1530066.7500,-55,5234,121
00:14:43,1966.33,22.31,71.65,3276.70,0.00,22.9152,22.8989,22.7191,22.7085,37575986,1069109,1531310,37576332.0000,1072344.0000,1530066.7500,-55,5234,121
00:14:45,1982.62,22.31,71.68,3276.70,0.00,22.9152,22.8989,22.7191,22.7085,37575986,1069109,1531310,37576296.0000,1072008.3750,1530066.7500,-55,5234,121
00:14:46,1950.04,22.32,71.75,3276.70,0.00,22.9152,22.8989,22.7191,22.7085,37575986,1068135,1530884,37576316.0000,1072008.3750,1530066.7500,-51,5234,121
00:14:47,1944.61,22.32,71.79,3276.70,0.00,22.9152,22.9017,22.7295,22.7085,37568134,1068132,1531996,37575880.0000,1071654.0000,1530270.0000,-52,5234,120
00:14:48,1988.05,22.32,71.82,3276.70,0.00,22.9152,22.9036,22.7353,22.7118,37570759,1067796,1531413,37575720.0000,1071654.0000,1530305.7500,-52,5234,120
00:14:49,2036.93,22.33,71.85,3276.70,0.00,22.9152,22.9036,22.7353,22.7118,37576409,1066944,1531812,37575720.0000,1071654.0000,1530305.7500,-52,5234,120
00:14:50,2009.78,22.33,71.90,3276.70,0.00,22.9398,22.9036,22.7353,22.7118,37575777,1066084,1532571,37575744.0000,1071224.2500,1530422.1250,-46,5234,120
00:14:51,1966.33,22.33,71.97,3276.70,0.00,22.9424,22.9069,22.7353,22.7118,37575777,1066084,1532211,37575592.0000,1070850.1250,1530422.1250,-44,5234,120
00:14:52,2015.21,22.34,72.08,3276.70,0.00,22.9424,22.9093,22.7353,22.7118,37575777,1066084,1532211,37575704.0000,1070657.0000,1530603.5000,-43,5234,120
00:14:53,2004.34,22.34,72.13,3276.70,0.00,22.9501,22.9105,22.7353,22.7118,37575777,1066084,1532211,37575704.0000,1070657.0000,1530603.5000,-43,5234,120
00:14:54,2026.07,22.34,72.18,3276.70,0.00,22.9541,22.9118,22.7353,22.7118,37577160,1066084,1532671,37575828.0000,1069998.3750,1530730.7500,-38,5234,120
00:14:55,2047.79,22.34,72.27,3276.70,0.00,22.9625,22.9148,22.7627,22.7212,37577160,1062662,1532686,37575812.0000,1069769.1250,1530791.8750,-38,5234,119
00:14:56,2036.93,22.35,72.31,3276.70,0.00,22.9625,22.9148,22.7627,22.7212,37571162,1061948,1533198,37575492.0000,1069769.1250,1530791.8750,-38,5234,119
00:14:58,2053.22,22.35,72.35,3276.70,0.00,22.9625,22.9148,22.7627,22.7212,37571162,1061948,1533359,37575324.0000,1069769.1250,1530791.8750,-38,5234,119
00:14:59,2020.64,22.36,72.40,3276.70,0.00,22.9752,22.9215,22.7757,22.7272,37574488,1061434,1534481,37575324.0000,1069769.1250,1530791.8750,-34,5234,119
00:15:00,2031.50,22.36,72.43,3276.70,0.00,22.9752,22.9250,22.7757,22.7304,37574488,1061434,1534481,37575324.0000,1068336.1250,1531344.7500,-32,5234,119
00:15:02,2058.65,22.37,72.43,3276.70,0.00,22.9856,22.9250,22.7757,22.7304,37574488,1060152,1533735,37575032.0000,1067840.1250,1531419.5000,-32,5234,118
00:15:03,2102.10,22.37,72.59,3276.70,0.00,22.9856,22.9305,22.7757,22.7355,37574488,1060152,1533735,37575032.0000,1067840.1250,1531419.5000,-31,5234,118
00:15:04,2031.50,22.38,72.62,3276.70,0.00,22.9943,22.9343,22.7757,22.7355,37574488,1060152,1533735,37575032.0000,1067094.2500,1531419.5000,-30,5234,118
00:15:05,2134.68,22.38,72.61,3276.70,0.00,22.9943,22.9343,22.7757,22.7408,37572200,1059311,1533735,37575032.0000,1067094.2500,1531419.5000,-30,5234,118
00:15:06,2102.10,22.39,72.65,3276.70,0.00,22.9943,22.9343,22.7757,22.7446,37577152,1058580,1536026,37575032.0000,1066353.1250,1532020.6250,-30,5234,117
00:15:08,2047.79,22.39,72.67,3276.70,0.00,22.9943,22.9343,22.8064,22.7465,37576163,1058283,1536675,37574508.0000,1066101.0000,1532166.0000,-30,5234,117
00:15:09,2112.96,22.40,72.68,3276.70,0.00,22.9943,22.9343,22.8064,22.7503,37569466,1057981,1534888,37574508.0000,1066101.0000,1532363.2500,-27,5234,117
00:15:10,2085.80,22.40,72.66,3276.70,0.00,23.0071,22.9479,22.8109,22.7521,37567390,1057880,1534913,37574508.0000,1066101.0000,1532363.2500,-27,5234,117
00:15:11,2091.23,22.40,72.67,3276.70,0.00,23.0089,22.9498,22.8127,22.7540,37571603,1057880,1535254,37574012.0000,1064917.2500,1532622.8750,-27,5234,116
00:15:12,2091.23,22.41,72.71,3276.70,0.00,23.0089,22.9498,22.8127,22.7540,37571603,1057880,1535855,37574052.0000,1064695.5000,1532622.8750,-27,5234,116
00:15:13,2156.40,22.41,72.71,3276.70,0.00,23.0134,22.9554,22.8127,22.7540,37571603,1057594,1535814,37573960.0000,1064473.6250,1532820.5000,-26,5234,116
00:15:14,2112.96,22.41,72.71,3276.70,0.00,23.0137,22.9572,22.8159,22.7612,37567245,1057375,1535814,37573960.0000,1064473.6250,1532820.5000,-26,5234,116
00:15:15,2107.53,22.41,72.76,3276.70,0.00,23.0136,22.9606,22.8187,22.7646,37572015,1057686,1535894,37573664.0000,1064473.6250,1533071.5000,-26,5234,116
00:15:16,2134.68,22.41,72.76,3276.70,0.00,23.0149,22.9623,22.8193,22.7663,37572015,1057686,1535894,37573664.0000,1064473.6250,1533132.6250,-26,5234,115
00:15:17,2112.96,22.42,72.74,3276.70,0.00,23.0160,22.9639,22.8207,22.7680,37575420,1057432,1535894,37573664.0000,1064473.6250,1533132.6250,-26,5234,115
00:15:18,2183.56,22.42,72.74,3276.70,0.00,23.0160,22.9639,22.8207,22.7680,37570126,1057051,1535268,37573580.0000,1063063.7500,1533335.1250,-26,5234,115
00:15:19,2102.10,22.42,72.74,3276.70,0.00,23.0155,22.9639,22.8227,22.7729,37570126,1056934,1536051,37573580.0000,1063063.7500,1533335.1250,-26,5234,115
00:15:21,2188.99,22.42,72.74,3276.70,0.00,23.0155,22.9700,22.8227,22.7729,37570126,1056934,1536051,37573580.0000,1063063.7500,1533335.1250,-26,5234,115
00:15:22,2107.53,22.42,72.73,3276.70,0.00,23.0155,22.9700,22.8227,22.7729,37565604,1056970,1535587,37572896.0000,1062334.6250,1533614.0000,-24,5234,115
00:15:23,2188.99,22.42,72.73,3276.70,0.00,23.0155,22.9700,22.8223,22.7729,37568875,1057136,1535434,37572768.0000,1062172.1250,1533670.8750,-25,5234,114
00:15:24,2042.36,22.42,72.73,3276.70,0.00,23.0155,22.9700,22.8218,22.7729,37569999,1057319,1535289,37572680.0000,1062020.5000,1533764.8750,-25,5234,114
00:15:25,2096.67,22.42,72.73,3276.70,0.00,23.0155,22.9700,22.8218,22.7825,37569153,1057829,1534905,37572396.0000,1061752.1250,1533800.5000,-26,5234,114
00:15:26,2123.82,22.42,72.69,3276.70,0.00,23.0155,22.9700,22.8218,22.7825,37569153,1057829,1534755,37572252.0000,1061631.1250,1533800.5000,-26,5234,114
00:15:27,2085.80,22.42,72.69,3276.70,0.00,23.0155,22.9700,22.8218,22.7825,37569164,1057718,1535470,37571988.0000,1061631.1250,1533800.5000,-26,5234,114
00:15:28,2102.10,22.42,72.69,3276.70,0.00,23.0083,22.9821,22.8180,22.7868,37563638,1058050,1535470,37571988.0000,1061631.1250,1533959.6250,-27,5234,114
00:15:29,2074.94,22.42,72.69,3276.70,0.00,23.0057,22.9821,22.8180,22.7868,37563638,1058050,1535032,37571388.0000,1061631.1250,1533993.1250,-27,5234,114
00:15:30,2080.37,22.42,72.69,3276.70,0.00,23.0057,22.9821,22.8180,22.7868,37562478,1057916,1534125,37571112.0000,1061080.7500,1533997.2500,-27,5234,114
00:15:31,2123.82,22.42,72.69,3276.70,0.00,23.0057,22.9821,22.8180,22.7891,37558109,1058187,1533138,37571112.0000,1061080.7500,1533997.2500,-27,5234,114
00:15:32,2091.23,22.42,72.69,3276.70,0.00,23.0057,22.9848,22.8079,22.7891,37564035,1059232,1534478,37570076.0000,1061080.7500,1533977.8750,-27,5234,114
00:15:33,2020.64,22.42,72.69,3276.70,0.00,22.9979,22.9852,22.8081,22.7891,37564035,1059232,1534478,37569920.0000,1060812.7500,1533977.8750,-29,5234,114
00:15:34,2026.07,22.42,72.69,3276.70,0.00,22.9980,22.9856,22.8084,22.7914,37558938,1059166,1534787,37569920.0000,1060812.7500,1533977.8750,-29,5234,114
00:15:35,2102.10,22.41,72.72,3276.70,0.00,22.9943,22.9862,22.8044,22.7914,37558938,1059033,1534317,37569252.0000,1060658.0000,1534060.5000,-29,5234,114
00:15:36,2091.23,22.41,72.68,3276.70,0.00,22.9914,22.9862,22.8044,22.7914,37558938,1059186,1533816,37568928.0000,1060612.0000,1534052.8750,-29,5234,114
00:15:37,2112.96,22.41,72.69,3276.70,0.00,22.9900,22.9864,22.8018,22.7928,37559900,1059464,1534099,37568648.0000,1060576.1250,1534054.2500,-29,5234,114
00:15:38,2031.50,22.41,72.69,3276.70,0.00,22.9900,22.9865,22.8002,22.7932,37561983,1059187,1533250,37568240.0000,1060496.3750,1534054.2500,-29,5234,114
00:15:39,2015.21,22.41,72.72,3276.70,0.00,22.9889,22.9865,22.8002,22.7932,37561983,1059187,1533635,37568004.0000,1060496.3750,1534016.7500,-29,5234,114
00:15:40,2047.79,22.41,72.70,3276.70,0.00,22.9889,22.9865,22.7997,22.7932,37561983,1059187,1533684,37568004.0000,1060424.2500,1534006.3750,-30,5234,114
00:15:42,2069.51,22.41,72.70,3276.70,0.00,22.9889,22.9865,22.7997,22.7932,37559303,1059465,1534052,37567524.0000,1060365.2500,1533997.7500,-30,5234,114
00:15:43,2026.07,22.41,72.70,3276.70,0.00,22.9930,22.9871,22.8008,22.7941,37560458,1059460,1534066,37567304.0000,1060365.2500,1533997.7500,-30,5234,114
00:15:44,2020.64,22.41,72.73,3276.70,0.00,22.9930,22.9871,22.7993,22.7941,37560458,1059460,1534066,37567304.0000,1060365.2500,1533997.7500,-30,5234,114
00:15:45,2058.65,22.41,72.71,3276.70,0.00,22.9916,22.9875,22.7989,22.7945,37560458,1059460,1534066,37567304.0000,1060243.0000,1533975.7500,-30,5234,114
00:15:46,2058.65,22.41,72.71,3276.70,0.00,22.9913,22.9876,22.7984,22.7946,37556761,1059302,1534066,37566252.0000,1060243.0000,1533975.7500,-30,5234,114
00:15:47,2140.11,22.40,72.73,3276.70,0.00,22.9910,22.9876,22.7984,22.7946,37556761,1059150,1532784,37565784.0000,1060147.3750,1533890.1250,-29,5234,114
00:15:48,2085.80,22.40,72.73,3276.70,0.00,22.9885,22.9877,22.7948,22.7947,37562051,1059571,1533863,37565784.0000,1060147.3750,1533889.2500,-30,5234,114
00:15:49,2004.34,22.40,72.73,3276.70,0.00,22.9858,22.9877,22.7927,22.7947,37557570,1059832,1533761,37565416.0000,1060120.0000,1533885.2500,-31,5234,114
00:15:50,2004.34,22.40,72.75,3276.70,0.00,22.9858,22.9877,22.7927,22.7947,37557570,1059832,1533100,37565240.0000,1060120.0000,1533885.2500,-31,5234,114
00:15:51,2009.78,22.40,72.70,3276.70,0.00,22.9812,22.9871,22.7909,22.7943,37558839,1059842,1533871,37565020.0000,1060099.2500,1533885.2500,-31,5234,114
00:15:52,2020.64,22.40,72.69,3276.70,0.00,22.9812,22.9869,22.7893,22.7941,37556096,1059525,1532944,37564740.0000,1060081.2500,1533885.2500,-31,5234,114
00:15:53,2009.78,22.40,72.69,3276.70,0.00,22.9812,22.9869,22.7893,22.7939,37551885,1059331,1531722,37564336.0000,1060057.8750,1533744.3750,-31,5234,114
00:15:54,2145.54,22.40,72.66,3276.70,0.00,22.9812,22.9869,22.7842,22.7939,37551885,1059648,1532253,37563808.0000,1060030.8750,1533644.3750,-30,5234,114
00:15:55,2091.23,22.40,72.66,3276.70,0.00,22.9730,22.9854,22.7835,22.7939,37557002,1059650,1531549,37563592.0000,1060030.8750,1533644.3750,-30,5234,114
00:15:56,2058.65,22.40,72.71,3276.70,0.00,22.9730,22.9854,22.7835,22.7939,37557002,1059577,1531359,37563376.0000,1060005.1250,1533459.5000,-30,5234,115
00:15:57,2053.22,22.40,72.73,3276.70,0.00,22.9718,22.9846,22.7807,22.7923,37556079,1060033,1532249,37562904.0000,1059996.6250,1533421.7500,-31,5234,115
00:15:58,2074.94,22.40,72.78,3276.70,0.00,22.9700,22.9846,22.7807,22.7923,37556079,1060033,1532249,37562652.0000,1059988.5000,1533390.5000,-30,5234,115
00:16:00,2058.65,22.40,72.77,3276.70,0.00,22.9697,22.9832,22.7807,22.7909,37552663,1059602,1532701,37562652.0000,1059988.5000,1533390.5000,-30,5234,115
00:16:01,2047.79,22.40,72.73,3276.70,0.00,22.9705,22.9832,22.7784,22.7901,37551711,1059953,1531789,37561824.0000,1059969.2500,1533390.5000,-30,5234,115
00:16:02,2091.23,22.40,72.73,3276.70,0.00,22.9729,22.9832,22.7784,22.7901,37557578,1060024,1532485,37561692.0000,1059970.8750,1533262.8750,-30,5234,115
00:16:03,2042.36,22.40,72.74,3276.70,0.00,22.9729,22.9832,22.7784,22.7901,37552664,1059650,1532001,37561224.0000,1059954.0000,1533194.2500,-30,5234,115
00:16:04,1988.05,22.39,72.74,3276.70,0.00,22.9722,22.9812,22.7779,22.7887,37551718,1059533,1533223,37561224.0000,1059954.0000,1533194.2500,-30,5234,115
00:16:05,1988.05,22.39,72.74,3276.70,0.00,22.9722,22.9809,22.7765,22.7884,37553066,1059498,1532646,37560680.0000,1059927.0000,1533194.2500,-30,5234,115
00:16:06,2069.51,22.39,72.74,3276.70,0.00,22.9722,22.9809,22.7743,22.7875,37549799,1059942,1532646,37560104.0000,1059914.2500,1533091.2500,-31,5234,115
00:16:07,2020.64,22.39,72.83,3276.70,0.00,22.9667,22.9796,22.7744,22.7871,37550972,1059942,1532646,37560104.0000,1059914.2500,1533091.2500,-32,5234,115
00:16:09,2026.07,22.39,72.88,3276.70,0.00,22.9667,22.9796,22.7744,22.7866,37554301,1060311,1532205,37560104.0000,1059914.2500,1533091.2500,-32,5234,115
00:16:10,2047.79,22.38,72.88,3276.70,0.00,22.9654,22.9783,22.7721,22.7857,37554301,1060159,1532125,37559456.0000,1059957.3750,1532983.3750,-31,5234,115
00:16:11,2015.21,22.38,72.92,3276.70,0.00,22.9654,22.9779,22.7711,22.7853,37548168,1060238,1532637,37559104.0000,1059957.3750,1532983.3750,-32,5234,115
00:16:12,2091.23,22.38,72.95,3276.70,0.00,22.9627,22.9773,22.7707,22.7848,37548168,1060302,1531739,37559104.0000,1059957.3750,1532983.3750,-32,5234,115
00:16:13,2069.51,22.38,72.99,3276.70,0.00,22.9585,22.9762,22.7696,22.7838,37562856,1060260,1531423,37559104.0000,1059957.3750,1532983.3750,-32,5234,116
00:16:14,1993.48,22.38,72.99,3276.70,0.00,22.9569,22.9756,22.7686,22.7833,37560277,1060088,1531185,37559104.0000,1059957.3750,1532983.3750,-32,5234,116
00:16:16,2026.07,22.38,73.05,3276.70,0.00,22.9569,22.9756,22.7686,22.7833,37560277,1060088,1531660,37559040.0000,1059957.3750,1532983.3750,-32,5234,116
00:16:17,2080.37,22.37,73.06,3276.70,0.00,22.9569,22.9756,22.7686,22.7810,37561058,1060504,1531660,37559040.0000,1059957.3750,1532983.3750,-32,5234,116
00:16:18,2053.22,22.38,73.00,3276.70,0.00,22.9546,22.9756,22.7686,22.7810,37561058,1060504,1531660,37558940.0000,1060063.2500,1532646.7500,-32,5234,116
00:16:19,2047.79,22.38,72.96,3276.70,0.00,22.9561,22.9719,22.7642,22.7794,37559347,1060280,1530728,37558952.0000,1060070.1250,1532586.7500,-32,5234,116
00:16:20,1998.91,22.38,72.94,3276.70,0.00,22.9561,22.9719,22.7642,22.7790,37559274,1060294,1531499,37558964.0000,1060077.1250,1532586.7500,-32,5234,116
00:16:21,2026.07,22.38,72.91,3276.70,0.00,22.9561,22.9719,22.7642,22.7790,37559274,1060294,1531810,37559000.0000,1060073.5000,1532493.2500,-31,5234,116
00:16:22,2026.07,22.38,72.92,3276.70,0.00,22.9599,22.9719,22.7642,22.7778,37549726,1059968,1530992,37558652.0000,1060070.2500,1532446.3750,-31,5234,116
00:16:23,2069.51,22.38,73.00,3276.70,0.00,22.9599,22.9719,22.7664,22.7774,37548858,1059857,1531097,37558348.0000,1060063.6250,1532446.3750,-31,5234,116
00:16:25,2026.07,22.38,73.04,3276.70,0.00,22.9599,22.9693,22.7667,22.7770,37556830,1059814,1531629,37558300.0000,1060055.7500,1532446.3750,-31,5234,116
00:16:26,2047.79,22.38,73.04,3276.70,0.00,22.9599,22.9693,22.7667,22.7770,37556830,1059814,1531629,37557696.0000,1060039.8750,1532344.7500,-30,5234,117
00:16:27,2112.96,22.38,73.08,3276.70,0.00,22.9599,22.9685,22.7639,22.7759,37556830,1059814,1531629,37557696.0000,1060039.8750,1532344.7500,-30,5234,117
00:16:29,2042.36,22.38,73.08,3276.70,0.00,22.9579,22.9679,22.7615,22.7750,37556830,1059814,1531629,37557696.0000,1060039.8750,1532344.7500,-30,5234,117
00:16:30,2036.93,22.38,73.08,3276.70,0.00,22.9563,22.9671,22.7596,22.7740,37550895,1059457,1531629,37556640.0000,1059950.3750,1532267.2500,-29,5234,117
00:16:31,2026.07,22.38,73.12,3276.70,0.00,22.9538,22.9663,22.7586,22.7730,37550895,1059333,1530263,37556112.0000,1059931.1250,1532204.6250,-29,5234,117
00:16:33,2053.22,22.38,73.12,3276.70,0.00,22.9530,22.9663,22.7593,22.7726,37548826,1059561,1530263,37556112.0000,1059931.1250,1532105.5000,-30,5234,117
00:16:34,2020.64,22.38,73.15,3276.70,0.00,22.9536,22.9651,22.7614,22.7719,37548826,1059561,1530263,37556112.0000,1059931.1250,1532066.3750,-30,5234,117
00:16:35,1971.76,22.38,73.15,3276.70,0.00,22.9536,22.9651,22.7629,22.7713,37552202,1059554,1530827,37555144.0000,1059875.0000,1532066.3750,-30,5234,117
00:16:36,2042.36,22.38,73.15,3276.70,0.00,22.9532,22.9640,22.7623,22.7710,37551923,1059617,1530827,37555144.0000,1059875.0000,1532066.3750,-30,5234,117
00:16:37,1988.05,22.38,73.23,3276.70,0.00,22.9532,22.9637,22.7629,22.7710,37548253,1059820,1530246,37554832.0000,1059865.5000,1531882.1250,-30,5234,117
00:16:39,2026.07,22.38,73.23,3276.70,0.00,22.9532,22.9637,22.7645,22.7710,37548253,1059939,1531615,37554724.0000,1059872.6250,1531882.1250,-30,5234,117
00:16:40,1971.76,22.38,73.18,3276.70,0.00,22.9570,22.9637,22.7645,22.7701,37553476,1059672,1532588,37554684.0000,1059866.3750,1531869.1250,-30,5234,117
00:16:41,2009.78,22.38,73.22,3276.70,0.00,22.9570,22.9637,22.7645,22.7701,37553661,1059365,1532588,37554684.0000,1059836.5000,1531883.2500,-29,5234,117
00:16:42,2009.78,22.37,73.26,3276.70,0.00,22.9580,22.9624,22.7664,22.7696,37552787,1059453,1532490,37554512.0000,1059836.5000,1531883.2500,-30,5234,117
00:16:43,2015.21,22.37,73.26,3276.70,0.00,22.9580,22.9624,22.7664,22.7696,37552787,1059453,1532490,37554512.0000,1059836.5000,1531911.0000,-30,5234,117
00:16:44,2004.34,22.37,73.26,3276.70,0.00,22.9566,22.9620,22.7652,22.7694,37547322,1059501,1532490,37554512.0000,1059836.5000,1531911.0000,-30,5234,117
00:16:45,2026.07,22.37,73.26,3276.70,0.00,22.9566,22.9620,22.7652,22.7694,37547322,1059573,1532062,37554156.0000,1059788.5000,1531939.8750,-30,5234,117
00:16:46,2026.07,22.37,73.26,3276.70,0.00,22.9553,22.9614,22.7630,22.7688,37555674,1059531,1532062,37554156.0000,1059780.5000,1531927.7500,-30,5234,117
00:16:47,2031.50,22.37,73.39,3276.70,0.00,22.9561,22.9614,22.7630,22.7688,37555674,1059431,1531772,37554248.0000,1059769.6250,1531927.7500,-30,5234,117
00:16:48,1998.91,22.37,73.39,3276.70,0.00,22.9561,22.9614,22.7630,22.7681,37550897,1059431,1531772,37554008.0000,1059755.6250,1531898.3750,-30,5234,117
00:16:49,2026.07,22.37,73.36,3276.70,0.00,22.9561,22.9614,22.7630,22.7679,37550897,1059468,1531468,37554008.0000,1059755.6250,1531898.3750,-30,5234,117
00:16:50,2042.36,22.37,73.37,3276.70,0.00,22.9546,22.9605,22.7622,22.7679,37550897,1059468,1531511,37553812.0000,1059743.2500,1531873.1250,-30,5234,117
00:16:51,2015.21,22.37,73.41,3276.70,0.00,22.9546,22.9605,22.7622,22.7679,37550897,1059468,1531511,37553812.0000,1059713.2500,1531797.7500,-29,5234,117
00:16:52,2096.67,22.37,73.46,3276.70,0.00,22.9546,22.9605,22.7634,22.7672,37544711,1059699,1530526,37552908.0000,1059713.2500,1531797.7500,-29,5234,117
00:16:53,2009.78,22.37,73.50,3276.70,0.00,22.9546,22.9605,22.7646,22.7672,37544711,1059699,1531046,37552860.0000,1059717.0000,1531735.7500,-31,5234,118
00:16:54,2074.94,22.37,73.50,3276.70,0.00,22.9546,22.9605,22.7646,22.7672,37544711,1059699,1531046,37552860.0000,1059717.0000,1531735.7500,-31,5234,118
00:16:55,2074.94,22.37,73.52,3276.70,0.00,22.9546,22.9605,22.7646,22.7672,37544711,1059699,1531046,37552860.0000,1059717.0000,1531735.7500,-31,5234,118
00:16:56,2107.53,22.37,73.53,3276.70,0.00,22.9546,22.9605,22.7646,22.7672,37548913,1059699,1531046,37552860.0000,1059717.0000,1531735.7500,-31,5234,118
00:16:57,2026.07,22.37,73.54,3276.70,0.00,22.9546,22.9605,22.7646,22.7672,37551410,1060427,1531737,37552192.0000,1059762.8750,1531727.1250,-31,5234,118
00:16:58,2026.07,22.37,73.54,3276.70,0.00,22.9546,22.9586,22.7627,22.7672,37552695,1059852,1531417,37552144.0000,1059768.3750,1531696.3750,-31,5234,118
00:16:59,2020.64,22.37,73.58,3276.70,0.00,22.9541,22.9584,22.7620,22.7662,37558316,1059794,1532198,37552336.0000,1059768.3750,1531696.3750,-30,5234,118
00:17:00,1966.33,22.37,73.58,3276.70,0.00,22.9541,22.9584,22.7611,22.7662,37554389,1059566,1531944,37552400.0000,1059762.8750,1531719.3750,-30,5234,118
00:17:02,2015.21,22.37,73.58,3276.70,0.00,22.9541,22.9584,22.7611,22.7662,37554389,1059566,1530759,37551992.0000,1059743.8750,1531719.3750,-30,5234,118
00:17:03,2004.34,22.37,73.62,3276.70,0.00,22.9546,22.9579,22.7616,22.7655,37550488,1059421,1531101,37551948.0000,1059733.7500,1531666.5000,-30,5234,118
00:17:04,1993.48,22.37,73.64,3276.70,0.00,22.9546,22.9579,22.7616,22.7654,37554333,1059177,1531904,37552020.0000,1059716.3750,1531666.5000,-29,5234,118
00:17:04,2026.07,22.37,73.66,3276.70,0.00,22.9546,22.9579,22.7623,22.7653,37554333,1058928,1531599,37551936.0000,1059691.7500,1531671.6250,-28,5234,118
00:17:06,1993.48,22.37,73.66,3276.70,0.00,22.9546,22.9575,22.7600,22.7653,37554333,1058928,1531599,37551936.0000,1059691.7500,1531671.6250,-28,5234,118
00:17:07,1988.05,22.37,73.67,3276.70,0.00,22.9547,22.9574,22.7600,22.7653,37554333,1058928,1531599,37551936.0000,1059691.7500,1531671.6250,-28,5234,118
00:17:08,1966.33,22.37,73.68,3276.70,0.00,22.9539,22.9573,22.7583,22.7645,37547431,1058784,1531839,37551564.0000,1059598.0000,1531671.6250,-28,5234,118
00:17:09,2058.65,22.37,73.69,3276.70,0.00,22.9539,22.9573,22.7565,22.7639,37553342,1058784,1531839,37551484.0000,1059552.1250,1531584.7500,-28,5234,118
00:17:10,2026.07,22.38,73.71,3276.70,0.00,22.9539,22.9573,22.7565,22.7639,37553342,1058784,1531839,37551484.0000,1059526.1250,1531586.0000,-28,5234,118
00:17:11,2036.93,22.37,73.74,3276.70,0.00,22.9539,22.9573,22.7550,22.7634,37553342,1058642,1531839,37551484.0000,1059526.1250,1531596.2500,-28,5234,118
00:17:12,2053.22,22.37,73.74,3276.70,0.00,22.9539,22.9573,22.7541,22.7631,37550483,1058541,1531400,37551500.0000,1059441.3750,1531598.7500,-28,5234,118
00:17:13,2020.64,22.38,73.74,3276.70,0.00,22.9539,22.9573,22.7541,22.7631,37550483,1058541,1531400,37551424.0000,1059414.8750,1531570.8750,-28,5234,118
00:17:14,1960.90,22.37,73.78,3276.70,0.00,22.9539,22.9573,22.7541,22.7631,37550483,1058541,1531400,37551424.0000,1059389.3750,1531543.1250,-28,5234,118
00:17:15,1988.05,22.37,73.80,3276.70,0.00,22.9455,22.9553,22.7540,22.7620,37545757,1058242,1531550,37551076.0000,1059325.2500,1531537.1250,-27,5234,118
00:17:16,2009.78,22.37,73.80,3276.70,0.00,22.9455,22.9545,22.7530,22.7614,37544180,1058579,1531550,37551076.0000,1059302.0000,1531537.1250,-27,5234,118
00:17:17,2020.64,22.37,73.85,3276.70,0.00,22.9455,22.9542,22.7542,22.7611,37544021,1058300,1530454,37550484.0000,1059302.0000,1531537.1250,-27,5234,118
00:17:18,1998.91,22.37,73.85,3276.70,0.00,22.9455,22.9542,22.7542,22.7611,37545744,1058153,1530178,37550336.0000,1059235.7500,1531428.0000,-27,5234,118
00:17:19,2058.65,22.37,73.85,3276.70,0.00,22.9455,22.9542,22.7531,22.7606,37545744,1058153,1530178,37550336.0000,1059235.7500,1531428.0000,-27,5234,118
00:17:20,2058.65,22.37,73.77,3276.70,0.00,22.9456,22.9542,22.7534,22.7601,37540333,1058179,1530178,37550336.0000,1059235.7500,1531428.0000,-27,5234,118
00:17:21,2015.21,22.38,73.77,3276.70,0.00,22.9456,22.9542,22.7534,22.7599,37543648,1058179,1530178,37550336.0000,1059235.7500,1531428.0000,-27,5234,118
00:17:22,2026.07,22.38,73.77,3276.70,0.00,22.9466,22.9526,22.7528,22.7596,37542343,1058179,1530178,37549032.0000,1059087.7500,1531428.0000,-27,5234,118
00:17:23,1966.33,22.38,73.77,3276.70,0.00,22.9466,22.9526,22.7528,22.7596,37542343,1058179,1530856,37549032.0000,1059087.7500,1531428.0000,-27,5234,118
00:17:25,1988.05,22.37,73.87,3276.70,0.00,22.9466,22.9526,22.7528,22.7596,37542343,1058179,1530856,37549032.0000,1059087.7500,1531428.0000,-28,5234,118
00:17:25,2058.65,22.37,73.87,3276.70,0.00,22.9432,22.9526,22.7518,22.7587,37544664,1058576,1530898,37548888.0000,1058994.5000,1531278.1250,-28,5234,118
00:17:27,2031.50,22.37,73.87,3276.70,0.00,22.9433,22.9526,22.7518,22.7587,37544664,1058576,1530898,37548796.0000,1058973.6250,1531224.3750,-27,5234,119
00:17:27,2036.93,22.38,73.90,3276.70,0.00,22.9432,22.9507,22.7521,22.7587,37544664,1057922,1529520,37548544.0000,1058940.7500,1531171.1250,-26,5234,119
00:17:29,2004.34,22.38,73.90,3276.70,0.00,22.9432,22.9507,22.7521,22.7587,37537719,1057922,1529520,37548544.0000,1058880.5000,1531146.3750,-26,5234,119
00:17:30,2026.07,22.38,73.91,3276.70,0.00,22.9432,22.9507,22.7521,22.7587,37537719,1058045,1531865,37548148.0000,1058880.5000,1531146.3750,-26,5234,119
00:17:31,2053.22,22.38,73.91,3276.70,0.00,22.9461,22.9500,22.7521,22.7573,37545954,1058310,1531093,37548080.0000,1058837.3750,1531146.3750,-26,5234,119
00:17:32,2042.36,22.38,73.95,3276.70,0.00,22.9473,22.9498,22.7536,22.7573,37537054,1057611,1531093,37547768.0000,1058772.1250,1531129.7500,-25,5234,119
00:17:33,2009.78,22.38,73.96,3276.70,0.00,22.9473,22.9498,22.7536,22.7573,37537054,1057611,1532095,37547652.0000,1058742.0000,1531129.7500,-25,5234,119
00:17:34,2042.36,22.38,73.99,3276.70,0.00,22.9473,22.9498,22.7546,22.7568,37545895,1057918,1531778,37547416.0000,1058693.6250,1531175.0000,-26,5234,119
00:17:36,1966.33,22.38,73.99,3276.70,0.00,22.9472,22.9498,22.7546,22.7568,37545895,1057918,1531778,37547416.0000,1058693.6250,1531165.8750,-27,5234,119
00:17:37,2036.93,22.38,74.04,3276.70,0.00,22.9479,22.9493,22.7546,22.7567,37544885,1058261,1531778,37547008.0000,1058648.3750,1531148.5000,-27,5234,119
00:17:38,2053.22,22.38,74.06,3276.70,0.00,22.9477,22.9492,22.7559,22.7566,37545891,1058306,1531640,37546972.0000,1058637.6250,1531148.5000,-27,5234,119
00:17:39,1966.33,22.37,74.10,3276.70,0.00,22.9479,22.9492,22.7559,22.7566,37545891,1058306,1531640,37546972.0000,1058637.6250,1531148.5000,-27,5234,119
00:17:40,2102.10,22.37,74.10,3276.70,0.00,22.9479,22.9492,22.7571,22.7566,37545891,1058300,1531197,37546640.0000,1058608.1250,1531173.3750,-27,5234,119
00:17:41,1966.33,22.37,74.12,3276.70,0.00,22.9483,22.9492,22.7571,22.7566,37545117,1058495,1531860,37546640.0000,1058608.1250,1531173.3750,-27,5234,119
00:17:42,2026.07,22.37,74.15,3276.70,0.00,22.9499,22.9490,22.7584,22.7566,37545117,1058495,1531860,37546640.0000,1058608.1250,1531173.3750,-27,5234,119
00:17:43,1977.19,22.37,74.14,3276.70,0.00,22.9499,22.9490,22.7584,22.7566,37545117,1058495,1531860,37546640.0000,1058608.1250,1531173.3750,-27,5234,119
00:17:44,2009.78,22.37,74.14,3276.70,0.00,22.9499,22.9489,22.7548,22.7565,37545117,1058495,1531860,37546640.0000,1058608.1250,1531173.3750,-27,5234,119
00:17:46,2026.07,22.37,74.15,3276.70,0.00,22.9487,22.9489,22.7553,22.7565,37545868,1058089,1531860,37546640.0000,1058608.1250,1531173.3750,-27,5234,119
00:17:47,2026.07,22.37,74.19,3276.70,0.00,22.9511,22.9489,22.7553,22.7565,37545868,1058089,1531524,37546240.0000,1058530.8750,1531178.3750,-26,5234,119
00:17:48,2069.51,22.37,74.19,3276.70,0.00,22.9522,22.9490,22.7587,22.7565,37538808,1058089,1531524,37546240.0000,1058530.8750,1531178.3750,-26,5234,119
00:17:49,2020.64,22.37,74.20,3276.70,0.00,22.9522,22.9490,22.7587,22.7565,37538808,1057594,1531524,37546240.0000,1058459.3750,1531136.6250,-26,5234,119
00:17:50,2031.50,22.37,74.22,3276.70,0.00,22.9522,22.9490,22.7587,22.7565,37538808,1057594,1531524,37545736.0000,1058428.0000,1531140.7500,-25,5234,119
00:17:51,2042.36,22.37,74.23,3276.70,0.00,22.9513,22.9490,22.7589,22.7567,37534638,1057286,1531524,37545736.0000,1058428.0000,1531140.7500,-25,5234,119
00:17:52,1960.90,22.37,74.22,3276.70,0.00,22.9521,22.9490,22.7589,22.7567,37534638,1057286,1531524,37544824.0000,1058319.8750,1531170.7500,-25,5234,119
00:17:54,1966.33,22.37,74.22,3276.70,0.00,22.9521,22.9495,22.7599,22.7568,37537842,1057119,1530969,37544604.0000,1058241.1250,1531170.7500,-25,5234,119
00:17:55,2009.78,22.37,74.22,3276.70,0.00,22.9521,22.9498,22.7614,22.7568,37537842,1057119,1530969,37544604.0000,1058241.1250,1531170.7500,-25,5234,119
00:17:56,2015.21,22.38,74.20,3276.70,0.00,22.9554,22.9500,22.7623,22.7572,37537307,1057119,1530969,37544604.0000,1058241.1250,1531170.7500,-25,5234,119
00:17:57,2020.64,22.38,74.23,3276.70,0.00,22.9570,22.9502,22.7633,22.7575,37537144,1056735,1530822,37543504.0000,1058241.1250,1531170.7500,-25,5234,119
00:17:58,2026.07,22.38,74.25,3276.70,0.00,22.9588,22.9502,22.7633,22.7575,37537144,1056735,1530822,37543504.0000,1058034.0000,1531187.3750,-23,5234,119
00:17:59,2020.64,22.38,74.26,3276.70,0.00,22.9591,22.9509,22.7633,22.7575,37537144,1056735,1530822,37543504.0000,1058002.6250,1531219.1250,-24,5234,119
00:18:00,2009.78,22.38,74.28,3276.70,0.00,22.9591,22.9511,22.7623,22.7575,37538366,1056941,1532085,37543504.0000,1058002.6250,1531219.1250,-24,5234,118
00:18:01,2042.36,22.38,74.28,3276.70,0.00,22.9591,22.9511,22.7623,22.7575,37538366,1056941,1532085,37543504.0000,1058002.6250,1531219.1250,-24,5234,118
00:18:02,1960.90,22.38,74.28,3276.70,0.00,22.9591,22.9511,22.7623,22.7575,37542308,1056799,1531279,37543504.0000,1057866.2500,1531219.1250,-24,5234,118
00:18:03,2020.64,22.38,74.28,3276.70,0.00,22.9526,22.9516,22.7567,22.7580,37531254,1056799,1531279,37542296.0000,1057789.1250,1531244.5000,-23,5234,118
00:18:04,1971.76,22.38,74.31,3276.70,0.00,22.9513,22.9516,22.7555,22.7579,37538119,1056745,1531844,37542164.0000,1057789.1250,1531244.5000,-23,5234,118
00:18:05,2004.34,22.38,74.31,3276.70,0.00,22.9513,22.9516,22.7551,22.7578,37538119,1056745,1531578,37542176.0000,1057724.5000,1531273.0000,-23,5234,118
00:18:07,2015.21,22.39,74.33,3276.70,0.00,22.9496,22.9516,22.7551,22.7578,37538119,1056686,1531490,37541908.0000,1057659.7500,1531273.8750,-23,5234,118
00:18:08,1993.48,22.39,74.33,3276.70,0.00,22.9486,22.9512,22.7556,22.7575,37536531,1056570,1531364,37541740.0000,1057659.7500,1531273.8750,-23,5234,118
00:18:09,2009.78,22.39,74.31,3276.70,0.00,22.9486,22.9512,22.7556,22.7575,37536531,1056570,1531364,37541740.0000,1057659.7500,1531273.8750,-23,5234,119
00:18:10,1966.33,22.39,74.31,3276.70,0.00,22.9530,22.9512,22.7556,22.7575,37534083,1056490,1530683,37540992.0000,1057537.3750,1531179.2500,-23,5234,119
00:18:11,2058.65,22.39,74.31,3276.70,0.00,22.9530,22.9512,22.7610,22.7576,37531675,1056437,1530781,37540704.0000,1057503.0000,1531166.8750,-23,5234,119
00:18:12,2015.21,22.38,74.41,3276.70,0.00,22.9550,22.9514,22.7620,22.7577,37540974,1056437,1530781,37540712.0000,1057431.1250,1531155.5000,-23,5234,119
00:18:13,1966.33,22.38,74.41,3276.70,0.00,22.9550,22.9514,22.7630,22.7580,37531403,1056128,1531168,37540312.0000,1057390.3750,1531155.5000,-23,5234,119
00:18:14,2009.78,22.38,74.41,3276.70,0.00,22.9550,22.9514,22.7630,22.7582,37531403,1056128,1531288,37539920.0000,1057351.1250,1531160.0000,-22,5234,119
00:18:15,1988.05,22.38,74.44,3276.70,0.00,22.9550,22.9518,22.7623,22.7583,37535368,1056505,1530875,37539776.0000,1057324.7500,1531160.0000,-22,5234,119
00:18:16,2015.21,22.38,74.42,3276.70,0.00,22.9550,22.9518,22.7624,22.7583,37535368,1056505,1530845,37539672.0000,1057278.7500,1531151.0000,-23,5234,119
00:18:18,2015.21,22.38,74.48,3276.70,0.00,22.9529,22.9518,22.7624,22.7583,37535368,1056505,1530845,37539376.0000,1057213.1250,1531133.0000,-22,5234,119
00:18:19,2015.21,22.38,74.49,3276.70,0.00,22.9529,22.9518,22.7624,22.7583,37537591,1056286,1530740,37539320.0000,1057213.1250,1531133.0000,-22,5234,119
00:18:20,2004.34,22.39,74.46,3276.70,0.00,22.9529,22.9518,22.7624,22.7583,37537591,1056288,1531283,37539216.0000,1057213.1250,1531133.0000,-22,5234,119
00:18:21,1966.33,22.39,74.45,3276.70,0.00,22.9529,22.9518,22.7624,22.7583,37537591,1056288,1531283,37539020.0000,1057098.1250,1531127.5000,-22,5234,119
00:18:22,1993.48,22.39,74.50,3276.70,0.00,22.9529,22.9518,22.7624,22.7583,37534631,1055909,1530854,37538884.0000,1057061.0000,1531118.8750,-21,5234,119
00:18:23,1966.33,22.39,74.50,3276.70,0.00,22.9529,22.9523,22.7639,22.7583,37534631,1055909,1530854,37538884.0000,1056978.1250,1531118.8750,-21,5234,119
00:18:24,1998.91,22.38,74.57,3276.70,0.00,22.9559,22.9525,22.7644,22.7597,37531542,1055631,1530988,37538884.0000,1056978.1250,1531118.8750,-21,5234,119
00:18:25,1912.02,22.38,74.58,3276.70,0.00,22.9559,22.9525,22.7636,22.7598,37531542,1055631,1530601,37538884.0000,1056978.1250,1531055.7500,-20,5234,119
00:18:27,2031.50,22.38,74.58,3276.70,0.00,22.9552,22.9526,22.7626,22.7598,37532047,1055631,1530601,37538884.0000,1056978.1250,1531055.7500,-20,5234,119
00:18:28,2009.78,22.38,74.59,3276.70,0.00,22.9552,22.9526,22.7626,22.7598,37532047,1055631,1530520,37537736.0000,1056765.1250,1531026.1250,-21,5234,119
00:18:29,2020.64,22.38,74.59,3276.70,0.00,22.9552,22.9527,22.7614,22.7600,37535321,1055647,1531682,37537576.0000,1056696.2500,1531060.7500,-21,5234,119
00:18:30,1971.76,22.38,74.62,3276.70,0.00,22.9537,22.9527,22.7619,22.7600,37533435,1055570,1530970,37537448.0000,1056661.1250,1531057.8750,-21,5234,119
00:18:31,2020.64,22.38,74.65,3276.70,0.00,22.9537,22.9527,22.7605,22.7600,37528685,1055398,1530101,37537172.0000,1056621.6250,1531057.8750,-21,5234,119
00:18:32,1971.76,22.38,74.65,3276.70,0.00,22.9527,22.9527,22.7600,22.7600,37532413,1055450,1530101,37537172.0000,1056621.6250,1531057.8750,-21,5234,119
00:18:33,2031.50,22.39,74.65,3276.70,0.00,22.9533,22.9527,22.7600,22.7600,37532413,1055450,1530101,37537172.0000,1056621.6250,1531057.8750,-21,5234,119
00:18:35,2009.78,22.39,74.67,3276.70,0.00,22.9537,22.9527,22.7600,22.7600,37532413,1055450,1530101,37537172.0000,1056621.6250,1531057.8750,-21,5234,119
00:18:36,1971.76,22.39,74.65,3276.70,0.00,22.9573,22.9529,22.7600,22.7600,37532413,1055450,1530101,37537172.0000,1056621.6250,1531034.8750,-21,5234,119
00:18:36,1998.91,22.39,74.66,3276.70,0.00,22.9584,22.9530,22.7635,22.7602,37526762,1055548,1530223,37535752.0000,1056442.5000,1531009.5000,-21,5234,119
00:18:38,2009.78,22.39,74.66,3276.70,0.00,22.9584,22.9530,22.7635,22.7602,37526762,1055548,1530223,37535752.0000,1056442.5000,1531009.5000,-20,5234,119
00:18:39,2020.64,22.39,74.66,3276.70,0.00,22.9584,22.9536,22.7612,22.7602,37526762,1055548,1530223,37535752.0000,1056442.5000,1531009.5000,-20,5234,119
00:18:40,2020.64,22.39,74.71,3276.70,0.00,22.9584,22.9536,22.7612,22.7602,37526762,1055548,1530223,37535752.0000,1056285.1250,1530889.5000,-20,5234,119
00:18:41,2036.93,22.39,74.71,3276.70,0.00,22.9565,22.9538,22.7603,22.7603,37532189,1055548,1530223,37534720.0000,1056262.2500,1530885.3750,-21,5234,119
00:18:42,2042.36,22.40,74.67,3276.70,0.00,22.9575,22.9539,22.7603,22.7603,37532189,1055548,1530223,37534720.0000,1056262.2500,1530862.0000,-21,5234,119
00:18:44,2020.64,22.40,74.67,3276.70,0.00,22.9569,22.9539,22.7603,22.7603,37532189,1055548,1530223,37534720.0000,1056262.2500,1530862.0000,-21,5234,119
00:18:45,2004.34,22.40,74.66,3276.70,0.00,22.9569,22.9539,22.7603,22.7603,37532189,1055548,1530846,37534160.0000,1056167.2500,1530881.3750,-20,5234,119
00:18:45,2031.50,22.40,74.66,3276.70,0.00,22.9569,22.9539,22.7603,22.7603,37529499,1055026,1530977,37534016.0000,1056167.2500,1530881.3750,-20,5234,119
00:18:47,1960.90,22.40,74.69,3276.70,0.00,22.9546,22.9541,22.7603,22.7603,37525126,1055012,1530518,37533556.0000,1056064.1250,1530870.8750,-19,5234,119
00:18:48,2004.34,22.40,74.72,3276.70,0.00,22.9553,22.9541,22.7615,22.7603,37529765,1055012,1530518,37533440.0000,1056034.7500,1530869.3750,-20,5234,119
00:18:49,2026.07,22.40,74.72,3276.70,0.00,22.9569,22.9542,22.7631,22.7604,37536577,1055366,1530870,37533536.0000,1056034.7500,1530869.3750,-20,5234,119
00:18:50,2053.22,22.40,74.75,3276.70,0.00,22.9569,22.9542,22.7648,22.7604,37536577,1055366,1530870,37533536.0000,1056034.7500,1530869.3750,-20,5234,119
00:18:51,2015.21,22.40,74.80,3276.70,0.00,22.9569,22.9542,22.7648,22.7608,37528578,1054972,1530870,37533536.0000,1056034.7500,1530869.3750,-19,5234,119
00:18:52,2042.36,22.40,74.79,3276.70,0.00,22.9569,22.9542,22.7648,22.7608,37529763,1054921,1531017,37533132.0000,1056034.7500,1530833.6250,-19,5234,119
00:18:53,2015.21,22.40,74.79,3276.70,0.00,22.9632,22.9552,22.7687,22.7612,37530715,1054822,1531364,37533132.0000,1056034.7500,1530833.6250,-19,5234,119
00:18:54,2047.79,22.40,74.79,3276.70,0.00,22.9632,22.9552,22.7687,22.7612,37530715,1054822,1531364,37533132.0000,1056034.7500,1530833.6250,-19,5234,119
00:18:55,1977.19,22.40,74.79,3276.70,0.00,22.9632,22.9552,22.7690,22.7620,37530715,1054665,1530786,37533132.0000,1056034.7500,1530833.6250,-19,5234,119
00:18:56,1993.48,22.40,74.82,3276.70,0.00,22.9632,22.9552,22.7690,22.7620,37530715,1054665,1530786,37533132.0000,1055690.1250,1530830.0000,-18,5234,119
00:18:57,1966.33,22.40,74.82,3276.70,0.00,22.9624,22.9552,22.7682,22.7624,37525861,1054536,1530093,37531968.0000,1055654.1250,1530830.0000,-18,5234,119
00:18:58,2069.51,22.40,74.84,3276.70,0.00,22.9624,22.9552,22.7682,22.7626,37528237,1054878,1530093,37531848.0000,1055654.1250,1530830.0000,-18,5234,119
00:19:00,1960.90,22.40,74.87,3276.70,0.00,22.9624,22.9552,22.7682,22.7626,37528237,1054878,1530093,37531848.0000,1055570.3750,1530830.0000,-18,5234,119
00:19:01,1960.90,22.40,74.87,3276.70,0.00,22.9624,22.9552,22.7682,22.7626,37528237,1054878,1530093,37531848.0000,1055570.3750,1530830.0000,-18,5234,119
00:19:01,1982.62,22.40,74.87,3276.70,0.00,22.9624,22.9552,22.7682,22.7626,37528237,1054543,1530213,37531560.0000,1055511.2500,1530830.0000,-18,5234,119
00:19:03,2026.07,22.40,74.92,3276.70,0.00,22.9670,22.9579,22.7716,22.7638,37523273,1054543,1530213,37531160.0000,1055458.2500,1530817.2500,-19,5234,119
00:19:04,2058.65,22.40,74.92,3276.70,0.00,22.9666,22.9584,22.7727,22.7638,37527911,1054872,1531155,37531160.0000,1055458.2500,1530827.7500,-19,5234,119
00:19:05,1950.04,22.40,74.92,3276.70,0.00,22.9666,22.9584,22.7723,22.7638,37527911,1054872,1531155,37531160.0000,1055458.2500,1530860.0000,-19,5234,119
00:19:06,2064.08,22.40,74.92,3276.70,0.00,22.9646,22.9587,22.7717,22.7638,37527911,1054872,1531155,37531160.0000,1055458.2500,1530860.0000,-19,5234,119
00:19:07,2080.37,22.40,74.92,3276.70,0.00,22.9646,22.9587,22.7717,22.7638,37527911,1054872,1531155,37531160.0000,1055330.7500,1530860.0000,-19,5234,119
00:19:08,2020.64,22.40,74.92,3276.70,0.00,22.9646,22.9595,22.7717,22.7638,37527911,1054872,1531155,37531160.0000,1055330.7500,1530860.0000,-19,5234,119
00:19:09,2020.64,22.40,74.92,3276.70,0.00,22.9685,22.9595,22.7717,22.7638,37527911,1054093,1531665,37530944.0000,1055257.1250,1530942.3750,-17,5234,119
00:19:10,2009.78,22.40,74.98,3276.70,0.00,22.9681,22.9600,22.7717,22.7638,37527911,1054093,1532723,37530600.0000,1055174.1250,1531042.6250,-17,5234,119
00:19:11,1960.90,22.40,75.00,3276.70,0.00,22.9646,22.9602,22.7712,22.7661,37520165,1054016,1532723,37530600.0000,1055174.1250,1531042.6250,-17,5234,119
00:19:12,1960.90,22.40,75.01,3276.70,0.00,22.9646,22.9602,22.7712,22.7662,37529027,1054226,1531672,37530236.0000,1055174.1250,1531042.6250,-17,5234,119
00:19:13,1966.33,22.40,75.01,3276.70,0.00,22.9646,22.9602,22.7733,22.7662,37529027,1054226,1531672,37530236.0000,1055174.1250,1531042.6250,-17,5234,119
00:19:14,1988.05,22.40,75.01,3276.70,0.00,22.9692,22.9609,22.7727,22.7668,37529027,1054226,1531672,37530220.0000,1055037.0000,1531042.6250,-17,5234,119
00:19:15,1955.47,22.40,75.01,3276.70,0.00,22.9692,22.9609,22.7721,22.7670,37525782,1054206,1531190,37530080.0000,1055011.1250,1531042.6250,-17,5234,119
00:19:16,2096.67,22.41,75.01,3276.70,0.00,22.9692,22.9613,22.7721,22.7670,37525782,1054206,1531190,37530080.0000,1055011.1250,1531042.6250,-17,5234,119
00:19:17,1960.90,22.41,75.01,3276.70,0.00,22.9692,22.9615,22.7700,22.7672,37530317,1054206,1531190,37530080.0000,1055011.1250,1531042.6250,-17,5234,119
00:19:18,2026.07,22.41,75.01,3276.70,0.00,22.9692,22.9615,22.7703,22.7673,37528653,1054085,1531450,37529968.0000,1055011.1250,1531042.6250,-17,5234,119
00:19:19,2009.78,22.40,75.01,3276.70,0.00,22.9625,22.9615,22.7705,22.7674,37523467,1054091,1531054,37529768.0000,1055011.1250,1531042.6250,-17,5234,119
00:19:20,1982.62,22.40,75.07,3276.70,0.00,22.9625,22.9615,22.7705,22.7674,37529166,1054057,1531546,37529768.0000,1055011.1250,1531042.6250,-17,5234,119
00:19:22,2026.07,22.40,75.07,3276.70,0.00,22.9625,22.9615,22.7705,22.7674,37529166,1054206,1531546,37529768.0000,1054803.1250,1531200.2500,-18,5234,119
00:19:23,2036.93,22.40,75.07,3276.70,0.00,22.9618,22.9615,22.7717,22.7678,37527576,1053798,1531546,37529768.0000,1054803.1250,1531200.2500,-17,5234,118
00:19:24,1966.33,22.41,75.11,3276.70,0.00,22.9628,22.9616,22.7717,22.7680,37528198,1053946,1531856,37529632.0000,1054718.6250,1531200.2500,-17,5234,118
00:19:25,2020.64,22.40,75.14,3276.70,0.00,22.9628,22.9616,22.7717,22.7680,37526622,1053892,1531856,37529632.0000,1054718.6250,1531200.2500,-17,5234,118
00:19:26,2091.23,22.40,75.14,3276.70,0.00,22.9628,22.9616,22.7717,22.7682,37526622,1053892,1531856,37529632.0000,1054718.6250,1531200.2500,-17,5234,118
00:19:27,1977.19,22.40,75.16,3276.70,0.00,22.9653,22.9618,22.7736,22.7685,37523053,1053932,1531077,37529632.0000,1054718.6250,1531200.2500,-17,5234,118
00:19:28,2102.10,22.40,75.15,3276.70,0.00,22.9664,22.9619,22.7743,22.7685,37523053,1053932,1531077,37529632.0000,1054718.6250,1531208.8750,-18,5234,118
00:19:29,2015.21,22.41,75.15,3276.70,0.00,22.9664,22.9619,22.7743,22.7685,37523053,1053932,1531482,37528688.0000,1054585.0000,1531217.5000,-17,5234,118
00:19:30,2036.93,22.41,75.17,3276.70,0.00,22.9689,22.9623,22.7755,22.7692,37528613,1053932,1531482,37528736.0000,1054542.7500,1531246.3750,-17,5234,118
00:19:31,2009.78,22.40,75.22,3276.70,0.00,22.9689,22.9623,22.7755,22.7693,37518358,1053667,1531482,37528736.0000,1054515.3750,1531261.2500,-16,5234,118
00:19:32,2009.78,22.40,75.23,3276.70,0.00,22.9670,22.9627,22.7755,22.7693,37526144,1053587,1531135,37528340.0000,1054486.3750,1531257.2500,-16,5234,118
00:19:33,2015.21,22.40,75.23,3276.70,0.00,22.9670,22.9627,22.7755,22.7693,37529951,1053628,1530813,37528392.0000,1054459.6250,1531247.7500,-16,5234,118
00:19:34,1998.91,22.40,75.23,3276.70,0.00,22.9670,22.9627,22.7755,22.7693,37529951,1053628,1530813,37528392.0000,1054408.5000,1531270.3750,-16,5234,118
00:19:35,1960.90,22.40,75.26,3276.70,0.00,22.9670,22.9627,22.7755,22.7693,37529951,1053628,1530813,37528392.0000,1054408.5000,1531270.3750,-16,5234,118
00:19:36,2069.51,22.40,75.28,3276.70,0.00,22.9670,22.9627,22.7772,22.7702,37526032,1053337,1531563,37527932.0000,1054345.2500,1531270.3750,-16,5234,118
00:19:37,1988.05,22.40,75.28,3276.70,0.00,22.9716,22.9638,22.7802,22.7707,37525333,1053336,1531062,37527932.0000,1054345.2500,1531270.3750,-16,5234,118
00:19:38,2020.64,22.40,75.29,3276.70,0.00,22.9716,22.9638,22.7802,22.7711,37517701,1053415,1531312,37527480.0000,1054259.8750,1531290.3750,-16,5234,118
00:19:39,1982.62,22.40,75.32,3276.70,0.00,22.9746,22.9638,22.7802,22.7711,37517701,1053604,1531658,37527336.0000,1054239.3750,1531290.3750,-16,5234,118
00:19:40,2053.22,22.40,75.32,3276.70,0.00,22.9761,22.9648,22.7825,22.7711,37517701,1053604,1531267,37527072.0000,1054195.8750,1531303.7500,-16,5234,118
00:19:41,2026.07,22.40,75.32,3276.70,0.00,22.9761,22.9652,22.7825,22.7711,37517701,1053604,1531267,37526888.0000,1054189.6250,1531330.1250,-17,5234,118
00:19:42,2047.79,22.40,75.35,3276.70,0.00,22.9784,22.9659,22.7856,22.7728,37517701,1053604,1532090,37526804.0000,1054179.8750,1531353.8750,-17,5234,118
00:19:43,2020.64,22.40,75.36,3276.70,0.00,22.9784,22.9659,22.7856,22.7728,37517701,1053604,1532090,37526804.0000,1054179.8750,1531353.8750,-17,5234,118
00:19:44,2053.22,22.40,75.36,3276.70,0.00,22.9784,22.9659,22.7856,22.7728,37517701,1053604,1532090,37526804.0000,1054179.8750,1531353.8750,-17,5234,118
00:19:45,1977.19,22.40,75.35,3276.70,0.00,22.9784,22.9659,22.7856,22.7728,37517701,1053709,1531641,37526516.0000,1054122.3750,1531358.5000,-17,5234,118
00:19:46,2026.07,22.40,75.35,3276.70,0.00,22.9773,22.9676,22.7837,22.7744,37525210,1053528,1531641,37526516.0000,1054122.3750,1531358.5000,-17,5234,118
00:19:48,2107.53,22.40,75.35,3276.70,0.00,22.9773,22.9676,22.7837,22.7744,37525210,1053528,1531641,37526516.0000,1054122.3750,1531358.5000,-16,5234,118
00:19:49,2042.36,22.40,75.35,3276.70,0.00,22.9773,22.9686,22.7828,22.7751,37528100,1053349,1532722,37526584.0000,1054122.3750,1531358.5000,-16,5234,118
00:19:50,1993.48,22.40,75.35,3276.70,0.00,22.9773,22.9686,22.7828,22.7753,37528046,1053250,1532459,37526628.0000,1054014.6250,1531490.8750,-16,5234,118
00:19:51,1971.76,22.40,75.38,3276.70,0.00,22.9773,22.9686,22.7804,22.7753,37528046,1053250,1532459,37526628.0000,1054014.6250,1531501.5000,-16,5234,118
00:19:52,2026.07,22.41,75.36,3276.70,0.00,22.9722,22.9693,22.7789,22.7757,37523159,1053317,1532459,37526628.0000,1053936.1250,1531480.1250,-16,5234,118
00:19:53,2020.64,22.41,75.36,3276.70,0.00,22.9722,22.9693,22.7789,22.7757,37523159,1053317,1532459,37526472.0000,1053909.5000,1531460.2500,-15,5234,118
00:19:54,2074.94,22.41,75.37,3276.70,0.00,22.9714,22.9695,22.7798,22.7757,37525903,1052890,1530862,37526416.0000,1053850.7500,1531415.5000,-15,5234,118
00:19:55,1993.48,22.41,75.36,3276.70,0.00,22.9714,22.9695,22.7798,22.7757,37525903,1052890,1530862,37526416.0000,1053850.7500,1531415.5000,-15,5234,118
00:19:56,2036.93,22.41,75.36,3276.70,0.00,22.9714,22.9695,22.7796,22.7761,37523396,1052834,1530862,37526260.0000,1053787.6250,1531505.5000,-15,5234,118
00:19:57,1966.33,22.41,75.41,3276.70,0.00,22.9714,22.9695,22.7796,22.7761,37526011,1053254,1531498,37526160.0000,1053752.7500,1531505.2500,-15,5234,118
00:19:58,2015.21,22.41,75.43,3276.70,0.00,22.9714,22.9695,22.7796,22.7761,37526011,1053254,1531498,37526160.0000,1053752.7500,1531505.2500,-15,5234,118
00:19:59,2009.78,22.41,75.43,3276.70,0.00,22.9691,22.9694,22.7783,22.7764,37526011,1053254,1531604,37525724.0000,1053699.7500,1531513.0000,-15,5234,118
00:20:00,2026.07,22.41,75.46,3276.70,0.00,22.9691,22.9694,22.7772,22.7764,37526011,1053254,1531604,37525724.0000,1053655.3750,1531495.3750,-15,5234,118
00:20:01,1977.19,22.41,75.54,3276.70,0.00,22.9670,22.9692,22.7763,22.7763,37527966,1053265,1531604,37525724.0000,1053655.3750,1531495.3750,-15,5234,118
00:20:02,1971.76,22.40,75.56,3276.70,0.00,22.9667,22.9691,22.7759,22.7763,37523912,1053062,1531105,37525408.0000,1053625.0000,1531495.3750,-15,5234,118
00:20:03,2015.21,22.40,75.56,3276.70,0.00,22.9667,22.9691,22.7759,22.7762,37519671,1053314,1531418,37525228.0000,1053625.0000,1531495.3750,-15,5234,118
00:20:04,2031.50,22.40,75.55,3276.70,0.00,22.9667,22.9691,22.7759,22.7762,37519671,1053314,1531418,37525228.0000,1053616.6250,1531476.2500,-16,5234,118
00:20:05,1993.48,22.40,75.55,3276.70,0.00,22.9675,22.9687,22.7759,22.7762,37527475,1053556,1530642,37525268.0000,1053614.7500,1531476.2500,-16,5234,118
00:20:06,1998.91,22.41,75.56,3276.70,0.00,22.9675,22.9687,22.7780,22.7762,37528548,1053390,1531131,37525268.0000,1053614.7500,1531476.2500,-16,5234,118
00:20:07,2042.36,22.40,75.59,3276.70,0.00,22.9708,22.9688,22.7783,22.7763,37527399,1053121,1530442,37525268.0000,1053614.7500,1531371.1250,-15,5234,118
00:20:08,2036.93,22.40,75.59,3276.70,0.00,22.9714,22.9689,22.7774,22.7763,37520815,1053121,1530442,37525224.0000,1053545.2500,1531368.0000,-14,5234,118
00:20:09,2026.07,22.41,75.56,3276.70,0.00,22.9714,22.9689,22.7772,22.7763,37521876,1052688,1530442,37525224.0000,1053518.3750,1531361.6250,-14,5234,118
00:20:10,1966.33,22.41,75.56,3276.70,0.00,22.9714,22.9689,22.7772,22.7763,37520912,1052789,1530554,37524988.0000,1053495.6250,1531336.3750,-14,5234,118
00:20:11,1998.91,22.41,75.60,3276.70,0.00,22.9703,22.9690,22.7770,22.7763,37522942,1052512,1530487,37524764.0000,1053444.7500,1531282.0000,-14,5234,118
00:20:13,1966.33,22.41,75.62,3276.70,0.00,22.9703,22.9690,22.7770,22.7763,37522942,1052512,1530487,37524764.0000,1053444.7500,1531282.0000,-14,5234,118
00:20:14,2058.65,22.41,75.62,3276.70,0.00,22.9706,22.9690,22.7764,22.7763,37520096,1052437,1530487,37524764.0000,1053444.7500,1531282.0000,-14,5234,118
00:20:14,2026.07,22.41,75.64,3276.70,0.00,22.9716,22.9691,22.7767,22.7763,37517259,1052547,1530487,37524764.0000,1053444.7500,1531282.0000,-14,5234,118
00:20:16,2015.21,22.41,75.64,3276.70,0.00,22.9716,22.9691,22.7767,22.7763,37519055,1052547,1530487,37524764.0000,1053444.7500,1531282.0000,-14,5234,118
00:20:17,2047.79,22.41,75.64,3276.70,0.00,22.9716,22.9691,22.7767,22.7763,37519055,1052547,1530487,37524764.0000,1053444.7500,1531226.8750,-14,5234,118
00:20:18,2020.64,22.41,75.59,3276.70,0.00,22.9716,22.9693,22.7800,22.7764,37520062,1052526,1531112,37523548.0000,1053270.1250,1531226.8750,-14,5234,118
00:20:19,2015.21,22.41,75.59,3276.70,0.00,22.9716,22.9693,22.7800,22.7764,37520062,1052526,1531112,37523548.0000,1053270.1250,1531226.8750,-14,5234,118
00:20:20,2020.64,22.41,75.64,3276.70,0.00,22.9716,22.9693,22.7800,22.7764,37528409,1052588,1531417,37523508.0000,1053182.2500,1531268.8750,-14,5234,118
00:20:21,2026.07,22.41,75.64,3276.70,0.00,22.9716,22.9693,22.7800,22.7764,37528409,1052588,1531417,37523508.0000,1053182.2500,1531268.8750,-14,5234,118
00:20:23,1960.90,22.41,75.64,3276.70,0.00,22.9682,22.9695,22.7761,22.7766,37519259,1052782,1531417,37523508.0000,1053182.2500,1531268.8750,-14,5234,118
00:20:24,1971.76,22.41,75.64,3276.70,0.00,22.9682,22.9693,22.7769,22.7766,37526022,1052927,1530837,37523164.0000,1053182.2500,1531268.8750,-14,5234,118
00:20:25,2074.94,22.41,75.75,3276.70,0.00,22.9682,22.9693,22.7769,22.7766,37526022,1052927,1530837,37523164.0000,1053182.2500,1531242.6250,-14,5234,118
00:20:26,2020.64,22.41,75.73,3276.70,0.00,22.9682,22.9693,22.7776,22.7766,37526022,1052927,1530837,37523164.0000,1053182.2500,1531242.6250,-14,5234,118
00:20:27,1982.62,22.41,75.70,3276.70,0.00,22.9722,22.9695,22.7772,22.7766,37521432,1052214,1530778,37523084.0000,1053048.2500,1531261.2500,-13,5234,118
00:20:28,1971.76,22.41,75.72,3276.70,0.00,22.9722,22.9695,22.7772,22.7766,37521324,1052137,1530778,37523084.0000,1053048.2500,1531261.2500,-13,5234,118
00:20:29,2064.08,22.41,75.72,3276.70,0.00,22.9722,22.9695,22.7772,22.7766,37521324,1052243,1531437,37522824.0000,1052975.6250,1531289.8750,-14,5234,118
00:20:30,1988.05,22.41,75.75,3276.70,0.00,22.9688,22.9696,22.7760,22.7765,37518216,1052405,1530354,37522680.0000,1052975.6250,1531289.8750,-14,5234,118
00:20:31,2015.21,22.41,75.78,3276.70,0.00,22.9684,22.9696,22.7760,22.7765,37517816,1052405,1530354,37522680.0000,1052975.6250,1531289.8750,-14,5234,118
00:20:32,2026.07,22.41,75.78,3276.70,0.00,22.9684,22.9696,22.7760,22.7765,37517816,1052405,1530354,37522680.0000,1052975.6250,1531289.8750,-14,5234,118
00:20:33,1971.76,22.41,75.78,3276.70,0.00,22.9684,22.9693,22.7740,22.7762,37522613,1052673,1530354,37522680.0000,1052907.7500,1531196.6250,-14,5234,118
00:20:34,2020.64,22.41,75.78,3276.70,0.00,22.9679,22.9693,22.7740,22.7762,37525727,1052820,1530798,37522680.0000,1052907.7500,1531196.6250,-14,5234,118
00:20:35,2031.50,22.41,75.78,3276.70,0.00,22.9679,22.9692,22.7740,22.7762,37525727,1052820,1530798,37522728.0000,1052893.2500,1531162.6250,-14,5234,118
00:20:36,2020.64,22.41,75.79,3276.70,0.00,22.9679,22.9692,22.7740,22.7762,37525727,1052820,1530798,37522800.0000,1052848.2500,1531132.6250,-14,5234,118
00:20:37,2026.07,22.41,75.79,3276.70,0.00,22.9679,22.9692,22.7740,22.7762,37523071,1052046,1530798,37522800.0000,1052848.2500,1531132.6250,-14,5234,118
00:20:38,1988.05,22.41,75.81,3276.70,0.00,22.9721,22.9693,22.7766,22.7758,37518784,1051951,1529991,37522800.0000,1052848.2500,1531132.6250,-13,5234,119
00:20:40,2036.93,22.41,75.81,3276.70,0.00,22.9732,22.9695,22.7782,22.7759,37518930,1051978,1529991,37522800.0000,1052848.2500,1531132.6250,-13,5234,119
00:20:40,2042.36,22.41,75.81,3276.70,0.00,22.9732,22.9697,22.7782,22.7759,37518930,1051978,1529991,37522800.0000,1052718.7500,1530939.2500,-13,5234,119
00:20:42,1971.76,22.41,75.84,3276.70,0.00,22.9743,22.9698,22.7782,22.7759,37516520,1051790,1531460,37522132.0000,1052689.7500,1530955.5000,-12,5234,119
00:20:43,2004.34,22.41,75.85,3276.70,0.00,22.9743,22.9698,22.7782,22.7759,37516520,1051790,1531460,37522132.0000,1052689.7500,1530955.5000,-12,5234,119
00:20:44,2042.36,22.41,75.85,3276.70,0.00,22.9702,22.9699,22.7781,22.7764,37520407,1052121,1529799,37521468.0000,1052689.7500,1530955.5000,-12,5234,119
00:20:45,2107.53,22.42,75.83,3276.70,0.00,22.9702,22.9699,22.7774,22.7764,37525365,1052516,1530223,37521588.0000,1052590.6250,1530866.1250,-12,5234,119
00:20:46,2080.37,22.42,75.83,3276.70,0.00,22.9702,22.9699,22.7774,22.7764,37525365,1052516,1530234,37521352.0000,1052572.1250,1530846.3750,-13,5234,119
00:20:47,2015.21,22.42,75.83,3276.70,0.00,22.9700,22.9698,22.7774,22.7764,37525365,1052516,1530234,37521060.0000,1052544.6250,1530819.1250,-13,5234,119
00:20:48,2036.93,22.42,75.83,3276.70,0.00,22.9700,22.9698,22.7774,22.7764,37525365,1052516,1530234,37520960.0000,1052544.6250,1530819.1250,-13,5234,119
00:20:49,2074.94,22.42,75.83,3276.70,0.00,22.9700,22.9698,22.7774,22.7764,37525365,1052516,1530234,37520960.0000,1052544.6250,1530819.1250,-13,5234,119
00:20:50,2015.21,22.42,75.84,3276.70,0.00,22.9700,22.9700,22.7814,22.7764,37525365,1052516,1530484,37520760.0000,1052452.2500,1530768.0000,-12,5234,119
00:20:52,2009.78,22.42,75.83,3276.70,0.00,22.9742,22.9702,22.7816,22.7764,37525365,1052516,1530484,37520760.0000,1052424.0000,1530714.2500,-13,5234,119
00:20:53,2069.51,22.42,75.84,3276.70,0.00,22.9762,22.9702,22.7816,22.7772,37514338,1051625,1530226,37520760.0000,1052424.0000,1530714.2500,-13,5234,119
00:20:54,2020.64,22.42,75.84,3276.70,0.00,22.9762,22.9707,22.7853,22.7774,37514467,1051625,1529648,37520128.0000,1052374.0000,1530666.1250,-12,5234,119
00:20:55,1982.62,22.42,75.84,3276.70,0.00,22.9805,22.9710,22.7868,22.7774,37518284,1051596,1531068,37519880.0000,1052327.6250,1530644.2500,-12,5234,119
00:20:56,2069.51,22.42,75.92,3276.70,0.00,22.9805,22.9710,22.7868,22.7774,37518284,1051596,1531068,37519880.0000,1052301.3750,1530644.2500,-12,5234,119
00:20:57,2026.07,22.42,75.92,3276.70,0.00,22.9834,22.9720,22.7868,22.7774,37518284,1051339,1530137,37519880.0000,1052271.3750,1530648.7500,-11,5234,119
00:20:58,2020.64,22.42,75.92,3276.70,0.00,22.9836,22.9723,22.7888,22.7789,37510547,1051115,1530588,37519880.0000,1052271.3750,1530648.7500,-11,5234,119
00:20:59,2064.08,22.42,76.00,3276.70,0.00,22.9836,22.9723,22.7888,22.7793,37509076,1051017,1530588,37519880.0000,1052271.3750,1530648.7500,-11,5234,119
00:21:00,1998.91,22.42,76.01,3276.70,0.00,22.9836,22.9723,22.7888,22.7793,37509076,1051017,1530588,37519880.0000,1052271.3750,1530648.7500,-11,5234,119
00:21:01,1971.76,22.42,76.01,3276.70,0.00,22.9831,22.9736,22.7888,22.7793,37517047,1051329,1531422,37518568.0000,1052114.6250,1530704.7500,-11,5234,119
00:21:02,1982.62,22.42,76.01,3276.70,0.00,22.9835,22.9738,22.7888,22.7793,37513511,1051096,1530483,37518412.0000,1052082.8750,1530697.8750,-11,5234,119
00:21:03,2009.78,22.42,75.98,3276.70,0.00,22.9835,22.9738,22.7888,22.7793,37513511,1051096,1530483,37518412.0000,1052082.8750,1530697.8750,-11,5234,119
00:21:04,2053.22,22.42,76.01,3276.70,0.00,22.9835,22.9738,22.7907,22.7812,37519389,1051072,1530829,37518308.0000,1051989.1250,1530697.8750,-11,5234,119
00:21:05,2053.22,22.42,76.02,3276.70,0.00,22.9835,22.9738,22.7907,22.7814,37513391,1051159,1530829,37518308.0000,1051989.1250,1530697.8750,-11,5234,119
00:21:06,2031.50,22.42,76.01,3276.70,0.00,22.9835,22.9756,22.7907,22.7814,37513391,1051159,1530829,37517984.0000,1051902.5000,1530743.1250,-10,5234,119
00:21:07,1971.76,22.42,75.98,3276.70,0.00,22.9829,22.9758,22.7878,22.7820,37514517,1051159,1530829,37517984.0000,1051902.5000,1530743.1250,-10,5234,119
00:21:08,2009.78,22.43,76.00,3276.70,0.00,22.9823,22.9758,22.7878,22.7820,37514517,1051159,1530071,37517684.0000,1051818.0000,1530706.5000,-10,5234,119
00:21:09,2026.07,22.43,76.03,3276.70,0.00,22.9814,22.9763,22.7865,22.7820,37514517,1051159,1530071,37517684.0000,1051789.6250,1530687.6250,-10,5234,119
00:21:10,2026.07,22.43,76.04,3276.70,0.00,22.9814,22.9763,22.7865,22.7820,37514517,1051159,1530071,37517592.0000,1051759.5000,1530664.5000,-10,5234,119
00:21:12,2009.78,22.43,76.05,3276.70,0.00,22.9807,22.9766,22.7857,22.7825,37514517,1050588,1530115,37517500.0000,1051695.0000,1530624.0000,-10,5234,119
00:21:13,2107.53,22.42,76.09,3276.70,0.00,22.9803,22.9768,22.7852,22.7825,37514517,1050588,1530115,37517500.0000,1051695.0000,1530624.0000,-10,5234,119
00:21:14,1971.76,22.43,76.09,3276.70,0.00,22.9803,22.9768,22.7846,22.7825,37509760,1050677,1529374,37517092.0000,1051625.2500,1530557.7500,-10,5234,119
00:21:15,2031.50,22.43,76.09,3276.70,0.00,22.9803,22.9768,22.7846,22.7825,37509760,1050677,1529374,37517092.0000,1051573.3750,1530505.5000,-10,5234,119
00:21:16,2058.65,22.43,76.10,3276.70,0.00,22.9822,22.9771,22.7846,22.7825,37514882,1050790,1529865,37517092.0000,1051573.3750,1530505.5000,-10,5234,119
00:21:17,2042.36,22.42,76.10,3276.70,0.00,22.9822,22.9771,22.7878,22.7825,37514882,1050585,1530028,37516608.0000,1051518.7500,1530505.5000,-10,5234,119
00:21:18,1966.33,22.42,76.16,3276.70,0.00,22.9822,22.9771,22.7878,22.7825,37511564,1050525,1530340,37516480.0000,1051466.7500,1530505.5000,-10,5234,119
00:21:19,2102.10,22.42,76.16,3276.70,0.00,22.9831,22.9778,22.7872,22.7834,37516855,1050525,1530340,37516480.0000,1051466.7500,1530505.5000,-10,5234,119
00:21:20,2015.21,22.42,76.19,3276.70,0.00,22.9826,22.9779,22.7863,22.7835,37512051,1050525,1531397,37516352.0000,1051425.2500,1530551.1250,-10,5234,119
00:21:21,2031.50,22.42,76.20,3276.70,0.00,22.9826,22.9779,22.7868,22.7836,37513923,1050697,1530357,37516276.0000,1051402.5000,1530551.1250,-10,5234,119
00:21:22,2042.36,22.42,76.20,3276.70,0.00,22.9811,22.9779,22.7868,22.7836,37513923,1051398,1530357,37516276.0000,1051392.5000,1530522.5000,-11,5234,119
00:21:23,2069.51,22.42,76.24,3276.70,0.00,22.9816,22.9783,22.7880,22.7839,37514572,1051398,1530357,37516276.0000,1051392.5000,1530522.5000,-11,5234,119
00:21:24,2031.50,22.42,76.24,3276.70,0.00,22.9821,22.9784,22.7876,22.7840,37517694,1051030,1530357,37516276.0000,1051392.5000,1530522.5000,-10,5234,119
00:21:26,2074.94,22.42,76.24,3276.70,0.00,22.9821,22.9784,22.7876,22.7840,37517694,1051030,1530357,37516276.0000,1051392.5000,1530522.5000,-10,5234,119
00:21:27,1982.62,22.42,76.31,3276.70,0.00,22.9821,22.9784,22.7876,22.7840,37517694,1051030,1530357,37516276.0000,1051392.5000,1530522.5000,-10,5234,119
00:21:28,2036.93,22.42,76.30,3276.70,0.00,22.9821,22.9784,22.7876,22.7840,37517694,1051030,1530357,37516276.0000,1051284.5000,1530522.5000,-10,5234,119
00:21:29,2020.64,22.42,76.30,3276.70,0.00,22.9780,22.9785,22.7853,22.7840,37513277,1050943,1530963,37516032.0000,1051273.8750,1530547.1250,-10,5234,119
00:21:30,2015.21,22.42,76.31,3276.70,0.00,22.9780,22.9785,22.7853,22.7840,37513277,1050716,1530963,37515964.0000,1051235.1250,1530506.0000,-9,5234,119
00:21:31,1982.62,22.42,76.31,3276.70,0.00,22.9788,22.9785,22.7879,22.7840,37513277,1050716,1530963,37515964.0000,1051235.1250,1530506.0000,-9,5234,119
00:21:32,2031.50,22.42,76.31,3276.70,0.00,22.9795,22.9785,22.7865,22.7844,37512149,1050350,1530079,37515916.0000,1051184.7500,1530483.1250,-9,5234,119
00:21:33,2042.36,22.42,76.31,3276.70,0.00,22.9795,22.9785,22.7865,22.7844,37512149,1050484,1530079,37515916.0000,1051184.7500,1530476.8750,-9,5234,119
00:21:34,2069.51,22.42,76.32,3276.70,0.00,22.9799,22.9785,22.7865,22.7844,37512149,1050484,1529715,37515880.0000,1051122.3750,1530453.1250,-9,5234,119
00:21:36,2064.08,22.42,76.32,3276.70,0.00,22.9804,22.9786,22.7859,22.7844,37515188,1050289,1529715,37515880.0000,1051122.3750,1530453.1250,-9,5234,119
00:21:37,1982.62,22.42,76.32,3276.70,0.00,22.9804,22.9786,22.7859,22.7844,37511560,1049929,1531073,37515680.0000,1051028.2500,1530483.3750,-9,5234,119
00:21:38,2058.65,22.42,76.32,3276.70,0.00,22.9804,22.9786,22.7858,22.7846,37511222,1050192,1530166,37515540.0000,1051028.2500,1530483.3750,-9,5234,119
00:21:39,1988.05,22.42,76.32,3276.70,0.00,22.9804,22.9787,22.7858,22.7846,37511222,1050192,1530166,37515540.0000,1051028.2500,1530483.3750,-9,5234,119
00:21:40,2036.93,22.42,76.36,3276.70,0.00,22.9804,22.9788,22.7859,22.7847,37514615,1050192,1530166,37515540.0000,1051028.2500,1530483.3750,-10,5234,119
00:21:41,2009.78,22.42,76.37,3276.70,0.00,22.9821,22.9789,22.7862,22.7848,37512042,1050417,1530756,37515540.0000,1051028.2500,1530483.3750,-10,5234,119
00:21:42,2036.93,22.42,76.34,3276.70,0.00,22.9820,22.9790,22.7861,22.7848,37516417,1050417,1530756,37515540.0000,1050895.5000,1530487.2500,-9,5234,119
00:21:43,2058.65,22.42,76.34,3276.70,0.00,22.9820,22.9790,22.7861,22.7848,37516417,1050417,1530451,37515288.0000,1050873.1250,1530486.1250,-9,5234,119
00:21:44,2026.07,22.42,76.33,3276.70,0.00,22.9820,22.9790,22.7861,22.7848,37516417,1050417,1530451,37515048.0000,1050852.1250,1530475.5000,-9,5234,119
00:21:45,2053.22,22.42,76.33,3276.70,0.00,22.9820,22.9790,22.7861,22.7848,37505852,1050021,1530451,37515048.0000,1050852.1250,1530467.2500,-9,5234,119
00:21:46,1966.33,22.42,76.33,3276.70,0.00,22.9820,22.9790,22.7861,22.7848,37509747,1049907,1530451,37515048.0000,1050852.1250,1530467.2500,-8,5234,119
00:21:48,2031.50,22.42,76.33,3276.70,0.00,22.9799,22.9790,22.7861,22.7848,37510046,1050037,1530451,37515048.0000,1050852.1250,1530467.2500,-8,5234,119
00:21:49,2112.96,22.42,76.41,3276.70,0.00,22.9793,22.9790,22.7861,22.7850,37509041,1050037,1530451,37513988.0000,1050704.0000,1530454.7500,-8,5234,119
00:21:49,1966.33,22.42,76.40,3276.70,0.00,22.9793,22.9790,22.7861,22.7850,37507507,1050387,1530451,37513988.0000,1050704.0000,1530454.7500,-8,5234,119
00:21:50,1993.48,22.42,76.40,3276.70,0.00,22.9793,22.9790,22.7861,22.7850,37511818,1050423,1530377,37513724.0000,1050685.6250,1530454.7500,-8,5234,119
00:21:52,2026.07,22.42,76.43,3276.70,0.00,22.9814,22.9790,22.7892,22.7851,37507130,1050268,1530322,37513520.0000,1050685.6250,1530454.7500,-8,5234,119
00:21:53,2074.94,22.42,76.46,3276.70,0.00,22.9814,22.9790,22.7892,22.7855,37507353,1050418,1531727,37513212.0000,1050653.8750,1530494.0000,-8,5234,119
00:21:54,2015.21,22.42,76.47,3276.70,0.00,22.9858,22.9795,22.7926,22.7857,37513333,1050861,1531030,37513212.0000,1050653.8750,1530494.0000,-8,5234,119
00:21:55,2031.50,22.42,76.47,3276.70,0.00,22.9858,22.9795,22.7930,22.7857,37517059,1050833,1530338,37513336.0000,1050665.7500,1530505.3750,-10,5234,119
00:21:56,1966.33,22.42,76.47,3276.70,0.00,22.9858,22.9795,22.7930,22.7857,37517059,1050833,1530338,37513336.0000,1050665.7500,1530505.3750,-10,5234,119
00:21:57,1982.62,22.42,76.47,3276.70,0.00,22.9858,22.9795,22.7930,22.7857,37517059,1050833,1530338,37513336.0000,1050665.7500,1530505.3750,-10,5234,119
00:21:58,2036.93,22.42,76.51,3276.70,0.00,22.9858,22.9795,22.7930,22.7857,37512196,1049720,1530667,37512888.0000,1050665.7500,1530505.3750,-10,5234,119
00:21:59,1993.48,22.42,76.51,3276.70,0.00,22.9858,22.9795,22.7930,22.7857,37512196,1049720,1530667,37512784.0000,1050665.7500,1530505.3750,-10,5234,119
00:22:00,2047.79,22.42,76.50,3276.70,0.00,22.9858,22.9795,22.7930,22.7871,37504423,1049901,1530667,37512784.0000,1050665.7500,1530505.3750,-10,5234,119
00:22:01,1960.90,22.42,76.50,3276.70,0.00,22.9858,22.9795,22.7930,22.7871,37504423,1049901,1530667,37512784.0000,1050665.7500,1530505.3750,-9,5234,119
00:22:02,1982.62,22.42,76.50,3276.70,0.00,22.9858,22.9795,22.7930,22.7871,37504423,1049901,1530667,37512304.0000,1050485.1250,1530505.3750,-9,5234,119
00:22:03,1977.19,22.42,76.50,3276.70,0.00,22.9858,22.9795,22.7930,22.7875,37504423,1049901,1530667,37512304.0000,1050440.5000,1530505.3750,-9,5234,119
00:22:04,2031.50,22.42,76.48,3276.70,0.00,22.9858,22.9818,22.7933,22.7878,37508623,1049901,1530667,37512304.0000,1050440.5000,1530505.3750,-8,5234,119
00:22:05,2036.93,22.42,76.48,3276.70,0.00,22.9858,22.9818,22.7933,22.7878,37508623,1049901,1530383,37512304.0000,1050440.5000,1530505.3750,-8,5234,119
00:22:06,2004.34,22.43,76.47,3276.70,0.00,22.9925,22.9818,22.7933,22.7878,37510467,1049521,1530843,37511808.0000,1050362.7500,1530559.5000,-7,5234,119
00:22:07,2053.22,22.43,76.49,3276.70,0.00,22.9925,22.9818,22.7933,22.7878,37510467,1049521,1530843,37511808.0000,1050362.7500,1530559.5000,-7,5234,119
00:22:08,1993.48,22.43,76.49,3276.70,0.00,22.9913,22.9832,22.7951,22.7887,37504278,1049521,1530843,37511084.0000,1050269.7500,1530559.5000,-7,5234,119
00:22:09,2047.79,22.43,76.54,3276.70,0.00,22.9914,22.9834,22.7951,22.7887,37504278,1049521,1530843,37511084.0000,1050269.7500,1530559.5000,-7,5234,119
00:22:10,2026.07,22.43,76.54,3276.70,0.00,22.9914,22.9834,22.7951,22.7887,37504278,1049521,1530843,37511084.0000,1050269.7500,1530598.1250,-6,5234,119
00:22:11,1977.19,22.43,76.54,3276.70,0.00,22.9914,22.9834,22.7951,22.7893,37505622,1049123,1531095,37510420.0000,1050136.1250,1530628.5000,-6,5234,119
00:22:12,2053.22,22.43,76.58,3276.70,0.00,22.9914,22.9842,22.7950,22.7893,37503992,1049059,1531141,37510220.0000,1050102.5000,1530644.5000,-6,5234,119
00:22:13,1982.62,22.43,76.58,3276.70,0.00,22.9914,22.9842,22.7950,22.7893,37501046,1049224,1530898,37509932.0000,1050102.5000,1530644.5000,-6,5234,119
00:22:14,2096.67,22.43,76.64,3276.70,0.00,22.9907,22.9846,22.7939,22.7899,37505645,1049584,1531153,37509932.0000,1050102.5000,1530644.5000,-8,5234,119
00:22:15,2047.79,22.43,76.63,3276.70,0.00,22.9895,22.9849,22.7943,22.7901,37508214,1050038,1530721,37509656.0000,1050050.2500,1530644.5000,-8,5234,119
00:22:16,1977.19,22.43,76.63,3276.70,0.00,22.9895,22.9849,22.7943,22.7902,37506604,1050230,1530403,37509560.0000,1050055.8750,1530669.8750,-9,5234,119
00:22:17,2031.50,22.43,76.61,3276.70,0.00,22.9895,22.9849,22.7943,22.7904,37506604,1050230,1530403,37509540.0000,1050056.3750,1530661.8750,-8,5234,119
00:22:18,2058.65,22.43,76.61,3276.70,0.00,22.9895,22.9849,22.7943,22.7904,37506604,1050230,1530403,37509456.0000,1050062.0000,1530652.8750,-8,5234,119
00:22:19,2031.50,22.43,76.61,3276.70,0.00,22.9895,22.9849,22.7943,22.7904,37506604,1050230,1530403,37509456.0000,1050062.0000,1530652.8750,-8,5234,119
00:22:20,2053.22,22.44,76.61,3276.70,0.00,22.9895,22.9849,22.7943,22.7909,37513085,1049988,1530732,37509456.0000,1050062.0000,1530645.0000,-8,5234,119
00:22:21,2015.21,22.43,76.61,3276.70,0.00,22.9913,22.9857,22.7970,22.7911,37513085,1049988,1530732,37509456.0000,1050062.0000,1530645.0000,-8,5234,119
00:22:22,2036.93,22.43,76.61,3276.70,0.00,22.9913,22.9857,22.7951,22.7913,37513105,1049687,1531543,37509492.0000,1050019.8750,1530645.0000,-8,5234,119
00:22:24,1966.33,22.43,76.61,3276.70,0.00,22.9881,22.9857,22.7951,22.7914,37512266,1049567,1531588,37509492.0000,1050019.8750,1530645.0000,-8,5234,119
00:22:24,2015.21,22.43,76.61,3276.70,0.00,22.9859,22.9860,22.7928,22.7914,37512266,1049567,1530568,37509600.0000,1049968.6250,1530716.3750,-7,5234,119
00:22:26,2047.79,22.43,76.65,3276.70,0.00,22.9859,22.9860,22.7928,22.7914,37512266,1049567,1530568,37509600.0000,1049968.6250,1530716.3750,-7,5234,119
00:22:27,2020.64,22.43,76.65,3276.70,0.00,22.9859,22.9860,22.7928,22.7914,37512266,1049567,1530568,37509600.0000,1049968.6250,1530716.3750,-6,5234,119
00:22:28,2031.50,22.43,76.63,3276.70,0.00,22.9859,22.9860,22.7928,22.7914,37512266,1049567,1530568,37509600.0000,1049968.6250,1530716.3750,-6,5234,119
00:22:29,2009.78,22.43,76.63,3276.70,0.00,22.9859,22.9860,22.7928,22.7914,37512266,1049567,1530026,37509600.0000,1049831.8750,1530711.2500,-6,5234,119
00:22:30,2074.94,22.43,76.64,3276.70,0.00,22.9859,22.9857,22.7930,22.7914,37508345,1048978,1530406,37508896.0000,1049805.1250,1530701.7500,-6,5234,119
00:22:31,2064.08,22.43,76.64,3276.70,0.00,22.9861,22.9857,22.7926,22.7917,37506204,1048841,1530406,37508896.0000,1049775.0000,1530701.7500,-6,5234,119
00:22:32,1993.48,22.43,76.67,3276.70,0.00,22.9861,22.9857,22.7934,22.7918,37502683,1048834,1531128,37508512.0000,1049775.0000,1530701.7500,-6,5234,119
00:22:33,1966.33,22.44,76.67,3276.70,0.00,22.9861,22.9857,22.7934,22.7918,37501722,1048834,1530460,37508300.0000,1049693.2500,1530716.7500,-6,5234,119
00:22:34,1966.33,22.44,76.69,3276.70,0.00,22.9861,22.9857,22.7934,22.7918,37500260,1048865,1529725,37508048.0000,1049667.3750,1530685.7500,-6,5234,119
00:22:35,2069.51,22.44,76.69,3276.70,0.00,22.9861,22.9857,22.7934,22.7918,37500260,1048698,1530383,37507628.0000,1049606.7500,1530657.3750,-5,5234,119
00:22:36,2042.36,22.44,76.69,3276.70,0.00,22.9930,22.9865,22.7944,22.7918,37500260,1048698,1530383,37507628.0000,1049606.7500,1530657.3750,-5,5234,119
00:22:37,2036.93,22.44,76.69,3276.70,0.00,22.9930,22.9865,22.7944,22.7918,37500260,1048582,1530383,37507628.0000,1049543.0000,1530711.6250,-5,5234,119
00:22:38,2058.65,22.44,76.69,3276.70,0.00,22.9930,22.9870,22.7971,22.7918,37500260,1048582,1530383,37507628.0000,1049543.0000,1530711.6250,-5,5234,119
00:22:39,2053.22,22.44,76.69,3276.70,0.00,22.9948,22.9872,22.7978,22.7923,37500260,1048582,1530383,37507628.0000,1049543.0000,1530711.6250,-5,5234,119
00:22:40,2036.93,22.44,76.69,3276.70,0.00,22.9948,22.9872,22.7978,22.7923,37500260,1048582,1530383,37507628.0000,1049543.0000,1530711.6250,-5,5234,119
00:22:41,2015.21,22.44,76.69,3276.70,0.00,22.9926,22.9877,22.7986,22.7928,37500085,1048614,1530383,37507628.0000,1049543.0000,1530711.6250,-5,5234,119
00:22:42,1966.33,22.44,76.69,3276.70,0.00,22.9926,22.9877,22.8005,22.7930,37501656,1048859,1530936,37506200.0000,1049373.2500,1530711.6250,-5,5234,5234
00:22:43,2064.08,22.44,76.74,3276.70,0.00,22.9926,22.9877,22.8005,22.7936,37500975,1048562,1530835,37505976.0000,1049331.8750,1530721.7500,-5,5234,5234
00:22:44,1971.76,22.44,76.78,3276.70,0.00,22.9926,22.9877,22.8005,22.7939,37501073,1048280,1530794,37505824.0000,1049299.0000,1530724.0000,-5,5234,5234
00:22:45,2015.21,22.44,76.79,3276.70,0.00,22.9990,22.9890,22.8005,22.7939,37500742,1048321,1530794,37505824.0000,1049299.0000,1530724.0000,-4,5234,119
00:22:46,2020.64,22.44,76.80,3276.70,0.00,22.9990,22.9890,22.8005,22.7943,37500742,1048321,1530794,37505824.0000,1049299.0000,1530724.0000,-4,5234,119
00:22:47,1982.62,22.44,76.80,3276.70,0.00,22.9990,22.9890,22.8010,22.7945,37502217,1048321,1531023,37505160.0000,1049219.6250,1530724.0000,-4,5234,119
00:22:48,1982.62,22.45,76.80,3276.70,0.00,22.9990,22.9890,22.8018,22.7945,37502217,1048440,1530757,37505160.0000,1049219.6250,1530724.0000,-4,5234,119
00:22:49,2112.96,22.45,76.80,3276.70,0.00,22.9990,22.9890,22.8018,22.7945,37502217,1048440,1530757,37505160.0000,1049219.6250,1530724.0000,-4,5234,119
00:22:51,2042.36,22.45,76.78,3276.70,0.00,22.9988,22.9907,22.8024,22.7945,37502217,1048440,1530757,37505160.0000,1049219.6250,1530724.0000,-4,5234,119
00:22:52,2042.36,22.45,76.81,3276.70,0.00,22.9988,22.9907,22.8024,22.7945,37502217,1047869,1531903,37504264.0000,1049046.3750,1530764.5000,-3,5234,119
00:22:53,2015.21,22.44,76.86,3276.70,0.00,22.9984,22.9907,22.8024,22.7945,37502217,1047869,1531903,37504264.0000,1049046.3750,1530790.0000,-3,5234,119
00:22:54,1966.33,22.44,76.86,3276.70,0.00,22.9974,22.9916,22.8029,22.7963,37503003,1048072,1531497,37504264.0000,1049046.3750,1530790.0000,-3,5234,119
00:22:55,1993.48,22.44,76.87,3276.70,0.00,22.9974,22.9916,22.8029,22.7963,37503003,1048072,1530825,37504264.0000,1048932.8750,1530790.0000,-4,5234,119
00:22:56,2074.94,22.44,76.83,3276.70,0.00,22.9984,22.9916,22.8029,22.7967,37497048,1048384,1530431,37503328.0000,1048915.7500,1530814.3750,-4,5234,119
00:22:57,2026.07,22.44,76.83,3276.70,0.00,22.9984,22.9916,22.8029,22.7967,37497048,1048384,1530739,37503208.0000,1048877.0000,1530809.7500,-4,5234,119
00:22:58,2020.64,22.44,76.84,3276.70,0.00,22.9984,22.9916,22.8029,22.7967,37497048,1048384,1530739,37503208.0000,1048877.0000,1530820.1250,-5,5234,119
00:22:59,2036.93,22.44,76.84,3276.70,0.00,23.0027,22.9916,22.8029,22.7967,37497048,1048384,1531254,37503220.0000,1048839.1250,1530833.6250,-4,5234,119
00:23:01,1982.62,22.44,76.89,3276.70,0.00,23.0023,22.9934,22.8052,22.7978,37497048,1048384,1531254,37503220.0000,1048839.1250,1530833.6250,-4,5234,119
00:23:01,1971.76,22.44,76.91,3276.70,0.00,23.0000,22.9938,22.8037,22.7982,37505033,1047895,1532332,37503128.0000,1048761.8750,1530881.8750,-4,5234,119
00:23:02,2015.21,22.44,76.93,3276.70,0.00,22.9983,22.9939,22.8025,22.7983,37500652,1047609,1531353,37503128.0000,1048761.8750,1530896.6250,-3,5234,119
00:23:04,2042.36,22.44,76.93,3276.70,0.00,22.9974,22.9940,22.8025,22.7984,37499019,1047645,1530789,37503128.0000,1048761.8750,1530898.1250,-3,5234,119
00:23:05,2026.07,22.45,76.91,3276.70,0.00,22.9974,22.9940,22.8021,22.7985,37502955,1047589,1531413,37502864.0000,1048627.0000,1530914.1250,-3,5234,119
00:23:06,2026.07,22.45,76.91,3276.70,0.00,22.9974,22.9941,22.8015,22.7986,37503357,1047589,1531413,37502864.0000,1048627.0000,1530929.6250,-3,5234,119
00:23:07,2009.78,22.45,76.91,3276.70,0.00,22.9968,22.9942,22.8017,22.7987,37501883,1047930,1530460,37502848.0000,1048581.8750,1530914.8750,-4,5234,119
00:23:08,2074.94,22.45,76.96,3276.70,0.00,22.9968,22.9942,22.8017,22.7987,37501883,1047930,1530460,37502848.0000,1048581.8750,1530914.8750,-4,5234,119
00:23:09,2047.79,22.45,76.96,3276.70,0.00,22.9971,22.9944,22.8029,22.7990,37497830,1047930,1530460,37502216.0000,1048509.8750,1530810.2500,-3,5234,119
00:23:10,2058.65,22.45,76.95,3276.70,0.00,22.9977,22.9945,22.8037,22.7990,37497830,1047930,1530460,37502052.0000,1048488.8125,1530801.7500,-3,5234,119
00:23:11,2015.21,22.45,76.98,3276.70,0.00,22.9977,22.9945,22.8037,22.7990,37497830,1047930,1530460,37502052.0000,1048488.8125,1530801.7500,-3,5234,119
00:23:12,2118.39,22.45,76.98,3276.70,0.00,22.9981,22.9945,22.8050,22.7995,37495043,1047606,1530854,37501584.0000,1048420.6875,1530801.7500,-3,5234,119
00:23:13,2042.36,22.45,76.98,3276.70,0.00,22.9972,22.9948,22.8050,22.7996,37501565,1047680,1531145,37501584.0000,1048397.5000,1530801.7500,-3,5234,119
00:23:14,1998.91,22.45,77.00,3276.70,0.00,22.9964,22.9948,22.8050,22.7996,37501565,1047680,1531145,37501584.0000,1048397.5000,1530801.7500,-3,5234,119
00:23:15,2026.07,22.45,76.99,3276.70,0.00,22.9964,22.9948,22.8050,22.7996,37501565,1047680,1531145,37501584.0000,1048397.5000,1530801.7500,-3,5234,119
00:23:16,2042.36,22.45,76.98,3276.70,0.00,22.9964,22.9948,22.8050,22.7996,37501565,1047680,1531145,37500868.0000,1048289.8750,1530803.8750,-2,5234,119
00:23:17,2058.65,22.45,76.93,3276.70,0.00,22.9964,22.9948,22.8050,22.8001,37495583,1047496,1530501,37500704.0000,1048265.0625,1530794.3750,-2,5234,119
00:23:18,1977.19,22.45,76.93,3276.70,0.00,22.9964,22.9948,22.8050,22.8001,37495583,1047496,1530308,37500520.0000,1048242.4375,1530779.1250,-2,5234,119
00:23:19,2026.07,22.46,76.95,3276.70,0.00,22.9991,22.9948,22.8030,22.8002,37495583,1047496,1530308,37500520.0000,1048242.4375,1530775.2500,-3,5234,119
00:23:20,1977.19,22.46,76.98,3276.70,0.00,22.9991,22.9948,22.8030,22.8002,37495583,1047496,1530308,37500520.0000,1048242.4375,1530775.2500,-3,5234,119
00:23:21,2036.93,22.45,77.03,3276.70,0.00,22.9968,22.9954,22.8030,22.8004,37496538,1047421,1530318,37500520.0000,1048242.4375,1530746.6250,-2,5234,119
00:23:22,1977.19,22.45,77.04,3276.70,0.00,22.9962,22.9954,22.8030,22.8004,37496538,1047421,1530318,37499704.0000,1048127.0625,1530745.0000,-2,5234,119
00:23:23,2015.21,22.45,77.04,3276.70,0.00,22.9954,22.9954,22.8010,22.8004,37496120,1047752,1530318,37499704.0000,1048127.0625,1530745.0000,-2,5234,119
00:23:24,1982.62,22.45,77.06,3276.70,0.00,22.9949,22.9953,22.8017,22.8004,37500443,1047752,1530318,37499704.0000,1048087.2500,1530737.8750,-2,5234,119
00:23:25,2036.93,22.45,77.06,3276.70,0.00,22.9952,22.9953,22.8017,22.8004,37500443,1047752,1530318,37499704.0000,1048087.2500,1530739.2500,-3,5234,119
00:23:26,2058.65,22.45,77.06,3276.70,0.00,22.9958,22.9952,22.8017,22.8004,37500443,1047752,1530318,37499704.0000,1048087.2500,1530739.2500,-2,5234,119
00:23:27,2020.64,22.45,77.05,3276.70,0.00,22.9986,22.9954,22.8017,22.8004,37500443,1047752,1530318,37499632.0000,1047994.1250,1530741.3750,-2,5234,119
00:23:28,2036.93,22.45,77.07,3276.70,0.00,22.9986,22.9954,22.8017,22.8004,37500443,1046986,1530783,37499336.0000,1047962.6250,1530742.7500,-1,5234,119
00:23:29,2015.21,22.45,77.08,3276.70,0.00,23.0025,22.9957,22.8067,22.8010,37491014,1047208,1530509,37499076.0000,1047962.6250,1530742.7500,-3,5234,119
00:23:30,1988.05,22.45,77.11,3276.70,0.00,23.0036,22.9959,22.8077,22.8010,37491014,1047208,1530509,37499076.0000,1047962.6250,1530742.7500,-3,5234,119
00:23:31,2015.21,22.46,77.09,3276.70,0.00,23.0075,22.9966,22.8077,22.8010,37491014,1047208,1530632,37498636.0000,1047890.6250,1530735.7500,-2,5234,119
00:23:32,2026.07,22.45,77.11,3276.70,0.00,23.0083,22.9969,22.8092,22.8018,37490077,1047184,1530632,37498636.0000,1047868.5000,1530739.0000,-2,5234,119
00:23:33,2020.64,22.46,77.09,3276.70,0.00,23.0074,22.9972,22.8082,22.8020,37494150,1047168,1530395,37498636.0000,1047868.5000,1530739.0000,-2,5234,119
00:23:35,2042.36,22.46,77.12,3276.70,0.00,23.0074,22.9972,22.8073,22.8020,37494150,1047165,1530303,37498636.0000,1047868.5000,1530739.0000,-2,5234,119
00:23:35,2036.93,22.46,77.12,3276.70,0.00,23.0074,22.9972,22.8087,22.8025,37493159,1047352,1530983,37497992.0000,1047791.6250,1530739.0000,-2,5234,119
00:23:37,2080.37,22.46,77.12,3276.70,0.00,23.0074,22.9972,22.8087,22.8027,37493469,1047487,1530874,37497768.0000,1047769.3750,1530707.2500,-2,5234,119
00:23:38,2031.50,22.46,77.13,3276.70,0.00,23.0074,22.9972,22.8087,22.8027,37493469,1047487,1530874,37497768.0000,1047769.3750,1530707.2500,-2,5234,119
00:23:38,2107.53,22.46,77.16,3276.70,0.00,23.0052,22.9972,22.8087,22.8033,37494781,1047346,1531344,37497620.0000,1047744.3750,1530707.2500,-2,5234,119
00:23:40,2015.21,22.46,77.17,3276.70,0.00,23.0052,22.9972,22.8087,22.8033,37494781,1047346,1531344,37497560.0000,1047736.1250,1530735.0000,-2,5234,119
00:23:41,1971.76,22.46,77.17,3276.70,0.00,23.0062,22.9993,22.8087,22.8036,37500313,1047617,1530482,37497736.0000,1047730.1875,1530726.2500,-2,5234,119
00:23:42,2004.34,22.46,77.17,3276.70,0.00,23.0062,22.9993,22.8087,22.8036,37500313,1047617,1531134,37497656.0000,1047719.4375,1530726.2500,-2,5234,119
00:23:43,1982.62,22.46,77.17,3276.70,0.00,23.0062,22.9999,22.8114,22.8042,37496429,1047617,1531243,37497616.0000,1047704.5000,1530754.7500,-2,5234,119
00:23:44,2009.78,22.46,77.17,3276.70,0.00,23.0062,22.9999,22.8114,22.8042,37496429,1047617,1531243,37497616.0000,1047704.5000,1530754.7500,-2,5234,119
00:23:45,2031.50,22.46,77.23,3276.70,0.00,23.0062,22.9999,22.8114,22.8048,37496473,1047433,1531045,37497500.0000,1047672.7500,1530795.1250,-2,5234,119
00:23:46,2058.65,22.46,77.23,3276.70,0.00,23.0043,23.0005,22.8093,22.8049,37494231,1047378,1530845,37497396.0000,1047672.7500,1530795.1250,-2,5234,119
00:23:47,2047.79,22.46,77.22,3276.70,0.00,23.0055,23.0007,22.8093,22.8049,37495766,1047212,1530497,37497396.0000,1047672.7500,1530784.7500,-2,5234,119
00:23:48,2074.94,22.46,77.22,3276.70,0.00,23.0059,23.0009,22.8100,22.8049,37495766,1047212,1530497,37497396.0000,1047626.1875,1530799.2500,-2,5234,119
00:23:49,1977.19,22.46,77.22,3276.70,0.00,23.0055,23.0010,22.8100,22.8049,37498253,1047458,1530906,37497396.0000,1047626.1875,1530799.2500,-2,5234,119
00:23:50,2031.50,22.46,77.22,3276.70,0.00,23.0055,23.0011,22.8097,22.8055,37494426,1047195,1530709,37497120.0000,1047600.0625,1530782.8750,-2,5234,119
00:23:51,1977.19,22.46,77.22,3276.70,0.00,23.0041,23.0013,22.8092,22.8057,37502469,1047103,1530709,37497120.0000,1047600.0625,1530778.6250,-2,5234,119
00:23:52,2031.50,22.46,77.23,3276.70,0.00,23.0041,23.0013,22.8093,22.8057,37502116,1046945,1530702,37497436.0000,1047564.5625,1530776.2500,-2,5234,119
00:23:54,1982.62,22.46,77.24,3276.70,0.00,23.0041,23.0013,22.8093,22.8057,37502116,1046945,1530702,37497436.0000,1047517.0000,1530780.7500,-1,5234,119
00:23:55,2026.07,22.46,77.24,3276.70,0.00,23.0048,23.0016,22.8087,22.8060,37499762,1046945,1530702,37497436.0000,1047517.0000,1530780.7500,-1,5234,119
00:23:56,2009.78,22.46,77.24,3276.70,0.00,23.0048,23.0016,22.8087,22.8060,37499762,1046945,1530702,37497436.0000,1047477.2500,1530844.5000,-1,5234,119
00:23:57,2015.21,22.46,77.27,3276.70,0.00,23.0048,23.0016,22.8087,22.8060,37499762,1046945,1530547,37496932.0000,1047434.8125,1530829.7500,-1,5234,119
00:23:58,1988.05,22.46,77.26,3276.70,0.00,23.0048,23.0017,22.8071,22.8060,37499762,1046945,1530547,37496932.0000,1047421.7500,1530849.8750,-1,5234,119
00:23:59,2004.34,22.46,77.29,3276.70,0.00,23.0021,23.0017,22.8071,22.8061,37499762,1046945,1530547,37496932.0000,1047421.7500,1530849.8750,-1,5234,119
00:24:00,2020.64,22.46,77.29,3276.70,0.00,23.0021,23.0017,22.8071,22.8061,37496285,1047297,1530997,37496576.0000,1047421.7500,1530849.8750,-1,5234,119
00:24:01,1977.19,22.45,77.29,3276.70,0.00,23.0021,23.0017,22.8071,22.8061,37496285,1047112,1530501,37496636.0000,1047392.1875,1530845.0000,-1,5234,119
00:24:02,1977.19,22.45,77.33,3276.70,0.00,23.0018,23.0016,22.8070,22.8061,37490542,1047090,1531141,37496636.0000,1047392.1875,1530845.0000,-1,5234,119
00:24:03,2036.93,22.45,77.31,3276.70,0.00,23.0020,23.0016,22.8058,22.8061,37490542,1047090,1531141,37496400.0000,1047363.7500,1530910.8750,-2,5234,119
00:24:05,2031.50,22.46,77.31,3276.70,0.00,23.0020,23.0016,22.8058,22.8061,37490542,1047085,1530821,37496400.0000,1047363.7500,1530910.8750,-2,5234,119
00:24:06,1982.62,22.46,77.29,3276.70,0.00,23.0020,23.0016,22.8058,22.8061,37490542,1047085,1530821,37496220.0000,1047337.1875,1530885.0000,-2,5234,119
00:24:07,1982.62,22.46,77.27,3276.70,0.00,23.0020,23.0016,22.8058,22.8061,37490542,1046831,1529824,37495976.0000,1047321.3750,1530885.0000,-2,5234,119
00:24:08,1977.19,22.46,77.27,3276.70,0.00,23.0037,23.0016,22.8058,22.8061,37490542,1046831,1529922,37495848.0000,1047307.9375,1530885.0000,-2,5234,119
00:24:09,2036.93,22.46,77.27,3276.70,0.00,23.0045,23.0017,22.8090,22.8062,37490542,1046831,1529922,37495848.0000,1047307.9375,1530885.0000,-2,5234,119
00:24:10,2020.64,22.46,77.35,3276.70,0.00,23.0068,23.0020,22.8109,22.8062,37490542,1046831,1529922,37495728.0000,1047271.9375,1530885.0000,-1,5234,119
00:24:11,1993.48,22.45,77.36,3276.70,0.00,23.0068,23.0020,22.8109,22.8062,37493633,1046740,1531319,37495664.0000,1047255.3125,1530819.0000,-1,5234,119
00:24:12,2036.93,22.45,77.35,3276.70,0.00,23.0068,23.0020,22.8098,22.8066,37496850,1047004,1530498,37495608.0000,1047255.3125,1530819.0000,-1,5234,119
00:24:13,1988.05,22.45,77.38,3276.70,0.00,23.0082,23.0025,22.8115,22.8068,37494343,1047004,1530498,37495572.0000,1047216.8125,1530804.2500,-1,5234,119
00:24:14,2053.22,22.46,77.38,3276.70,0.00,23.0094,23.0027,22.8129,22.8070,37494343,1047004,1530498,37495572.0000,1047216.8125,1530804.2500,-1,5234,119
00:24:15,2026.07,22.46,77.40,3276.70,0.00,23.0102,23.0030,22.8129,22.8070,37494343,1047004,1530498,37495572.0000,1047216.8125,1530804.2500,-1,5234,119
00:24:16,2112.96,22.46,77.41,3276.70,0.00,23.0102,23.0035,22.8157,22.8077,37494687,1046678,1530724,37495416.0000,1047153.8750,1530804.2500,-1,5234,119
00:24:17,2031.50,22.46,77.41,3276.70,0.00,23.0102,23.0035,22.8157,22.8077,37494687,1046678,1530522,37495408.0000,1047137.8125,1530778.6250,-1,5234,119
00:24:18,1982.62,22.46,77.41,3276.70,0.00,23.0102,23.0035,22.8157,22.8084,37492149,1046500,1530279,37495112.0000,1047096.1250,1530748.2500,-1,5234,119
00:24:20,2031.50,22.46,77.41,3276.70,0.00,23.0126,23.0035,22.8157,22.8084,37492149,1046500,1530791,37494980.0000,1047079.3750,1530749.6250,-1,5234,119
00:24:21,2074.94,22.45,77.41,3276.70,0.00,23.0126,23.0047,22.8180,22.8090,37491222,1046796,1530791,37494980.0000,1047070.8125,1530773.8750,-1,5234,119
00:24:22,2112.96,22.45,77.41,3276.70,0.00,23.0126,23.0052,22.8180,22.8090,37499141,1047308,1530678,37495004.0000,1047070.8125,1530773.8750,-1,5234,119
00:24:23,2020.64,22.46,77.45,3276.70,0.00,23.0149,23.0054,22.8224,22.8103,37489386,1046956,1530678,37495004.0000,1047070.8125,1530773.8750,-1,5234,119
00:24:25,2036.93,22.46,77.45,3276.70,0.00,23.0171,23.0061,22.8229,22.8107,37495361,1046783,1531388,37494836.0000,1047062.0000,1530773.8750,-1,5234,119
00:24:26,2026.07,22.46,77.48,3276.70,0.00,23.0171,23.0061,22.8227,22.8114,37496821,1046682,1531320,37494836.0000,1047062.0000,1530865.5000,-1,5234,118
00:24:27,2042.36,22.46,77.48,3276.70,0.00,23.0152,23.0069,22.8229,22.8118,37499010,1046495,1531652,37494836.0000,1047062.0000,1530865.5000,-1,5234,118
00:24:28,2036.93,22.46,77.48,3276.70,0.00,23.0153,23.0071,22.8230,22.8121,37499010,1046495,1531720,37495200.0000,1046997.8125,1530916.0000,-1,5234,118
00:24:29,2036.93,22.46,77.49,3276.70,0.00,23.0155,23.0071,22.8230,22.8121,37493673,1045935,1531720,37495200.0000,1046997.8125,1530916.0000,-1,5234,118
00:24:31,2069.51,22.46,77.52,3276.70,0.00,23.0155,23.0071,22.8230,22.8121,37492157,1045724,1531720,37495200.0000,1046997.8125,1530916.0000,-1,5234,118
00:24:32,2004.34,22.46,77.53,3276.70,0.00,23.0155,23.0071,22.8230,22.8121,37490916,1045828,1530604,37495200.0000,1046997.8125,1530916.0000,1,5234,118
00:24:33,2004.34,22.46,77.54,3276.70,0.00,23.0172,23.0086,22.8214,22.8136,37489292,1046016,1530456,37494564.0000,1046806.3750,1530922.7500,1,5234,118
00:24:34,2112.96,22.46,77.54,3276.70,0.00,23.0172,23.0086,22.8214,22.8139,37492585,1046008,1530456,37494448.0000,1046806.3750,1530896.3750,1,5234,118
00:24:35,1977.19,22.45,77.57,3276.70,0.00,23.0161,23.0093,22.8194,22.8141,37492585,1046008,1530456,37494448.0000,1046806.3750,1530896.3750,1,5234,118
00:24:36,2080.37,22.45,77.54,3276.70,0.00,23.0160,23.0096,22.8196,22.8141,37494409,1046649,1531176,37494236.0000,1046742.6875,1530921.8750,-1,5234,118
00:24:38,2058.65,22.46,77.54,3276.70,0.00,23.0155,23.0098,22.8191,22.8145,37494409,1046649,1531176,37494176.0000,1046742.6875,1530921.8750,-1,5234,118
00:24:39,1971.76,22.46,77.54,3276.70,0.00,23.0155,23.0098,22.8191,22.8145,37492826,1046356,1531724,37494132.0000,1046719.6250,1530970.2500,-1,5234,118
00:24:40,2009.78,22.46,77.54,3276.70,0.00,23.0141,23.0102,22.8191,22.8145,37492826,1046356,1531724,37494132.0000,1046719.6250,1530970.2500,0,5234,118
00:24:41,2015.21,22.46,77.57,3276.70,0.00,23.0141,23.0102,22.8191,22.8152,37493517,1046356,1531724,37494132.0000,1046690.5625,1530955.8750,0,5234,118
00:24:42,2064.08,22.46,77.57,3276.70,0.00,23.0159,23.0105,22.8219,22.8154,37493199,1046420,1531100,37494132.0000,1046690.5625,1530960.3750,0,5234,118
00:24:43,2031.50,22.46,77.56,3276.70,0.00,23.0176,23.0105,22.8233,22.8156,37493199,1046378,1530468,37494132.0000,1046690.5625,1530960.3750,0,5234,118
00:24:44,2085.80,22.46,77.56,3276.70,0.00,23.0176,23.0112,22.8261,22.8162,37493199,1046023,1530364,37493800.0000,1046634.6875,1530901.5000,0,5234,118
00:24:46,2036.93,22.46,77.56,3276.70,0.00,23.0204,23.0115,22.8270,22.8165,37490196,1045838,1530364,37493800.0000,1046634.6875,1530901.5000,0,5234,118
00:24:47,2026.07,22.46,77.60,3276.70,0.00,23.0204,23.0115,22.8270,22.8165,37490196,1045965,1530337,37493800.0000,1046544.3750,1530829.8750,0,5234,118
00:24:48,2096.67,22.46,77.60,3276.70,0.00,23.0202,23.0115,22.8270,22.8165,37488395,1045809,1531081,37493120.0000,1046521.3750,1530837.7500,1,5234,118
00:24:50,2058.65,22.46,77.60,3276.70,0.00,23.0202,23.0115,22.8270,22.8165,37488395,1045881,1531361,37493048.0000,1046501.3750,1530881.1250,1,5234,118
00:24:51,2069.51,22.46,77.61,3276.70,0.00,23.0202,23.0130,22.8266,22.8165,37488395,1045881,1531361,37493048.0000,1046456.2500,1530923.1250,2,5234,118
00:24:52,2085.80,22.46,77.62,3276.70,0.00,23.0184,23.0130,22.8266,22.8165,37488395,1045881,1531361,37493048.0000,1046456.2500,1530923.1250,2,5234,118
00:24:53,2053.22,22.46,77.65,3276.70,0.00,23.0185,23.0130,22.8258,22.8189,37488832,1045472,1530139,37492544.0000,1046395.2500,1530895.6250,2,5234,118
00:24:54,2031.50,22.46,77.64,3276.70,0.00,23.0193,23.0136,22.8245,22.8193,37487871,1046055,1530139,37492544.0000,1046366.9375,1530907.0000,2,5234,118
00:24:55,1966.33,22.47,77.64,3276.70,0.00,23.0195,23.0138,22.8245,22.8193,37485831,1045812,1531756,37492096.0000,1046349.6250,1530933.6250,1,5234,118
00:24:56,1982.62,22.47,77.64,3276.70,0.00,23.0195,23.0138,22.8245,22.8195,37483778,1045730,1531078,37491836.0000,1046349.6250,1530938.1250,1,5234,118
00:24:57,2042.36,22.47,77.59,3276.70,0.00,23.0195,23.0138,22.8245,22.8200,37487519,1045721,1530400,37491540.0000,1046298.3125,1530904.0000,1,5234,118
00:24:58,2026.07,22.47,77.63,3276.70,0.00,23.0232,23.0138,22.8245,22.8200,37483990,1045557,1531072,37491304.0000,1046275.1875,1530909.2500,2,5234,118
00:24:59,2047.79,22.47,77.63,3276.70,0.00,23.0257,23.0153,22.8307,22.8208,37486641,1045350,1530791,37491112.0000,1046275.1875,1530909.2500,2,5234,118
00:25:00,2036.93,22.47,77.65,3276.70,0.00,23.0257,23.0157,22.8318,22.8211,37484697,1045281,1530841,37490912.0000,1046275.1875,1530909.2500,2,5234,118
00:25:02,2020.64,22.46,77.66,3276.70,0.00,23.0257,23.0157,22.8318,22.8211,37484697,1045281,1530561,37490620.0000,1046141.3750,1530903.8750,2,5234,118
00:25:03,2036.93,22.47,77.65,3276.70,0.00,23.0303,23.0169,22.8345,22.8222,37484697,1045281,1530561,37490620.0000,1046118.8125,1530914.1250,2,5234,118
00:25:04,2058.65,22.47,77.65,3276.70,0.00,23.0311,23.0173,22.8345,22.8222,37484697,1045281,1530561,37490620.0000,1046118.8125,1530914.1250,2,5234,118
00:25:05,2036.93,22.47,77.69,3276.70,0.00,23.0289,23.0180,22.8339,22.8232,37482819,1045020,1530564,37489744.0000,1046034.0000,1530914.1250,2,5234,118
00:25:06,1977.19,22.46,77.69,3276.70,0.00,23.0289,23.0180,22.8339,22.8235,37489693,1045361,1531115,37489740.0000,1046012.9375,1530904.7500,2,5234,118
00:25:07,2074.94,22.46,77.71,3276.70,0.00,23.0264,23.0185,22.8318,22.8237,37489693,1045361,1531115,37489740.0000,1046012.9375,1530904.7500,2,5234,118
00:25:08,2036.93,22.46,77.71,3276.70,0.00,23.0264,23.0185,22.8318,22.8237,37489693,1045361,1531115,37489740.0000,1046012.9375,1530904.7500,2,5234,118
00:25:10,1977.19,22.47,77.71,3276.70,0.00,23.0252,23.0191,22.8318,22.8237,37489693,1045624,1529857,37489736.0000,1045976.6250,1530900.5000,2,5234,118
00:25:11,2036.93,22.47,77.72,3276.70,0.00,23.0284,23.0196,22.8318,22.8237,37492291,1045906,1530236,37489816.0000,1045974.3750,1530879.7500,1,5234,118
00:25:12,2020.64,22.47,77.72,3276.70,0.00,23.0284,23.0196,22.8318,22.8237,37492291,1045906,1530236,37489816.0000,1045974.3750,1530888.5000,1,5234,118
00:25:13,2004.34,22.47,77.72,3276.70,0.00,23.0260,23.0202,22.8310,22.8253,37491022,1045396,1531437,37490012.0000,1045941.3125,1530888.5000,1,5234,118
00:25:14,1993.48,22.47,77.72,3276.70,0.00,23.0249,23.0202,22.8310,22.8253,37491022,1045263,1531499,37489812.0000,1045920.1250,1530888.5000,1,5234,118
00:25:15,2020.64,22.47,77.73,3276.70,0.00,23.0238,23.0202,22.8310,22.8253,37491022,1045263,1531212,37489480.0000,1045875.7500,1530958.5000,3,5234,118
00:25:16,2036.93,22.47,77.75,3276.70,0.00,23.0243,23.0202,22.8310,22.8257,37486257,1045432,1530900,37489380.0000,1045861.8750,1530956.6250,2,5234,118
00:25:17,2015.21,22.47,77.77,3276.70,0.00,23.0243,23.0202,22.8310,22.8257,37487104,1045584,1530659,37489308.0000,1045853.1875,1530956.6250,2,5234,118
00:25:19,1977.19,22.47,77.77,3276.70,0.00,23.0250,23.0209,22.8311,22.8257,37487104,1045584,1530659,37489308.0000,1045853.1875,1530956.6250,2,5234,118
00:25:20,1982.62,22.47,77.77,3276.70,0.00,23.0250,23.0209,22.8311,22.8257,37482710,1045322,1530659,37489308.0000,1045807.0625,1530956.6250,2,5234,118
00:25:21,2036.93,22.47,77.78,3276.70,0.00,23.0250,23.0214,22.8334,22.8265,37486190,1045190,1530659,37488956.0000,1045771.1875,1530964.2500,2,5234,118
00:25:22,2004.34,22.47,77.78,3276.70,0.00,23.0301,23.0214,22.8343,22.8270,37486190,1045429,1530671,37488704.0000,1045760.4375,1530955.1250,2,5234,118
00:25:23,2026.07,22.47,77.78,3276.70,0.00,23.0294,23.0221,22.8347,22.8272,37485085,1045355,1530671,37488704.0000,1045760.4375,1530955.1250,2,5234,118
00:25:24,2074.94,22.47,77.78,3276.70,0.00,23.0294,23.0224,22.8347,22.8272,37486322,1045514,1531381,37488520.0000,1045740.5000,1530955.1250,2,5234,118
00:25:25,2015.21,22.47,77.78,3276.70,0.00,23.0289,23.0226,22.8325,22.8275,37488946,1045621,1530766,37488520.0000,1045740.5000,1530973.7500,2,5234,118
00:25:26,2031.50,22.47,77.81,3276.70,0.00,23.0259,23.0228,22.8312,22.8277,37488946,1045621,1530766,37488216.0000,1045715.5625,1530965.7500,2,5234,118
00:25:27,2009.78,22.47,77.81,3276.70,0.00,23.0248,23.0228,22.8307,22.8278,37488847,1045501,1530766,37488216.0000,1045715.5625,1530965.7500,2,5234,118
00:25:28,2015.21,22.47,77.84,3276.70,0.00,23.0242,23.0228,22.8307,22.8278,37488847,1045501,1530766,37488216.0000,1045715.5625,1530965.7500,3,5234,118
00:25:29,2042.36,22.47,77.85,3276.70,0.00,23.0242,23.0228,22.8307,22.8278,37482517,1045112,1529818,37487784.0000,1045655.3750,1530838.6250,3,5234,118
00:25:30,2004.34,22.47,77.85,3276.70,0.00,23.0242,23.0230,22.8299,22.8280,37483065,1045023,1529527,37487640.0000,1045635.6250,1530838.6250,3,5234,119
00:25:31,2053.22,22.47,77.86,3276.70,0.00,23.0264,23.0230,22.8299,22.8280,37483065,1045023,1529527,37487640.0000,1045635.6250,1530727.7500,3,5234,119
00:25:33,1982.62,22.47,77.87,3276.70,0.00,23.0264,23.0230,22.8299,22.8280,37483065,1045083,1530128,37487376.0000,1045635.6250,1530727.7500,3,5234,119
00:25:34,1982.62,22.46,77.87,3276.70,0.00,23.0252,23.0233,22.8315,22.8283,37478562,1045066,1530201,37487376.0000,1045635.6250,1530670.0000,3,5234,119
00:25:35,2015.21,22.47,77.87,3276.70,0.00,23.0264,23.0234,22.8332,22.8284,37481911,1045359,1530201,37487376.0000,1045635.6250,1530670.0000,2,5234,119
00:25:37,2042.36,22.47,77.87,3276.70,0.00,23.0287,23.0234,22.8332,22.8284,37483787,1045359,1530201,37487376.0000,1045635.6250,1530579.3750,2,5234,119
00:25:38,2036.93,22.47,77.89,3276.70,0.00,23.0287,23.0234,22.8332,22.8284,37481802,1045057,1530844,37486396.0000,1045494.6875,1530591.8750,3,5234,119
00:25:39,1977.19,22.47,77.89,3276.70,0.00,23.0303,23.0241,22.8343,22.8293,37483632,1045063,1530073,37486312.0000,1045494.6875,1530591.8750,3,5234,119
00:25:40,2036.93,22.47,77.87,3276.70,0.00,23.0304,23.0243,22.8343,22.8293,37483632,1045063,1530770,37486304.0000,1045468.7500,1530581.7500,3,5234,119
00:25:41,1977.19,22.47,77.89,3276.70,0.00,23.0309,23.0245,22.8329,22.8295,37483632,1044841,1530570,37486224.0000,1045468.7500,1530581.7500,3,5234,119
00:25:42,2036.93,22.47,77.90,3276.70,0.00,23.0289,23.0248,22.8326,22.8296,37478594,1044841,1530570,37486224.0000,1045468.7500,1530556.5000,4,5234,119
00:25:43,1982.62,22.47,77.90,3276.70,0.00,23.0289,23.0248,22.8324,22.8297,37484238,1044704,1530309,37485928.0000,1045379.6250,1530548.7500,4,5234,119
00:25:44,1971.76,22.47,77.91,3276.70,0.00,23.0289,23.0248,22.8324,22.8297,37482197,1044682,1529511,37485784.0000,1045339.5000,1530499.3750,4,5234,119
00:25:45,2004.34,22.47,77.91,3276.70,0.00,23.0301,23.0252,22.8324,22.8297,37478194,1044609,1528493,37485548.0000,1045316.6250,1530499.3750,4,5234,119
00:25:46,2042.36,22.47,77.92,3276.70,0.00,23.0297,23.0253,22.8353,22.8302,37478868,1044813,1529577,37485340.0000,1045316.6250,1530499.3750,4,5234,119
00:25:48,2053.22,22.47,77.93,3276.70,0.00,23.0297,23.0253,22.8353,22.8302,37478868,1044813,1529577,37485340.0000,1045316.6250,1530499.3750,4,5234,119
00:25:49,2009.78,22.47,77.93,3276.70,0.00,23.0297,23.0253,22.8353,22.8302,37478868,1044813,1529577,37484928.0000,1045243.5625,1530357.6250,4,5234,119
00:25:50,1988.05,22.47,77.96,3276.70,0.00,23.0297,23.0253,22.8359,22.8310,37482451,1044477,1529667,37484736.0000,1045197.0000,1530357.6250,4,5234,119
00:25:51,1988.05,22.47,77.96,3276.70,0.00,23.0297,23.0260,22.8363,22.8310,37482451,1044477,1529502,37484524.0000,1045174.8750,1530299.8750,4,5234,119
00:25:52,2036.93,22.47,77.95,3276.70,0.00,23.0318,23.0261,22.8366,22.8310,37474301,1044310,1529731,37484208.0000,1045120.0625,1530272.0000,5,5234,119
00:25:53,2085.80,22.47,77.95,3276.70,0.00,23.0318,23.0264,22.8358,22.8316,37478766,1044133,1530374,37483616.0000,1045120.0625,1530272.0000,5,5234,119
00:25:54,2015.21,22.47,77.95,3276.70,0.00,23.0321,23.0264,22.8358,22.8316,37477313,1044117,1529977,37483420.0000,1045058.8750,1530272.0000,5,5234,119
00:25:55,2069.51,22.48,77.95,3276.70,0.00,23.0321,23.0268,22.8365,22.8318,37480593,1044138,1530039,37483332.0000,1045030.0625,1530272.0000,5,5234,119
00:25:56,1998.91,22.48,77.95,3276.70,0.00,23.0321,23.0268,22.8365,22.8318,37480593,1044138,1529530,37483332.0000,1044973.3750,1530272.0000,5,5234,119
00:25:57,2015.21,22.48,77.92,3276.70,0.00,23.0321,23.0268,22.8365,22.8318,37480670,1044138,1529530,37483332.0000,1044946.2500,1530224.3750,5,5234,119
00:25:58,2036.93,22.48,77.91,3276.70,0.00,23.0321,23.0268,22.8365,22.8318,37480670,1044138,1529530,37483332.0000,1044946.2500,1530224.3750,5,5234,119
00:25:59,2069.51,22.49,77.92,3276.70,0.00,23.0321,23.0268,22.8365,22.8318,37477191,1044093,1530699,37482144.0000,1044861.6250,1530217.2500,5,5234,119
00:26:00,2053.22,22.49,77.92,3276.70,0.00,23.0321,23.0280,22.8370,22.8328,37476344,1044032,1530547,37482144.0000,1044861.6250,1530217.2500,5,5234,119
00:26:01,2042.36,22.48,77.92,3276.70,0.00,23.0321,23.0281,22.8370,22.8328,37476344,1044032,1530547,37482144.0000,1044861.6250,1530217.2500,6,5234,119
00:26:02,2123.82,22.48,77.92,3276.70,0.00,23.0352,23.0283,22.8359,22.8329,37475316,1043760,1530268,37482144.0000,1044861.6250,1530217.2500,6,5234,119
00:26:04,2064.08,22.48,77.92,3276.70,0.00,23.0352,23.0283,22.8359,22.8329,37475316,1043760,1530268,37482144.0000,1044861.6250,1530217.2500,6,5234,119
00:26:05,2004.34,22.49,77.92,3276.70,0.00,23.0352,23.0283,22.8359,22.8329,37475316,1043981,1530608,37481148.0000,1044861.6250,1530217.2500,6,5234,119
00:26:06,1982.62,22.49,77.93,3276.70,0.00,23.0352,23.0283,22.8359,22.8329,37475316,1043981,1529978,37480716.0000,1044640.4375,1530265.6250,6,5234,119
00:26:07,2009.78,22.49,77.93,3276.70,0.00,23.0389,23.0299,22.8391,22.8336,37476478,1043937,1530865,37480584.0000,1044640.4375,1530265.6250,5,5234,119
00:26:08,2031.50,22.49,77.93,3276.70,0.00,23.0389,23.0299,22.8391,22.8336,37474665,1043792,1530865,37480584.0000,1044640.4375,1530265.6250,5,5234,119
00:26:09,2047.79,22.49,77.96,3276.70,0.00,23.0404,23.0305,22.8391,22.8336,37474665,1043792,1530865,37480584.0000,1044640.4375,1530265.6250,5,5234,119
00:26:10,2047.79,22.49,77.98,3276.70,0.00,23.0404,23.0311,22.8440,22.8346,37475044,1043736,1530865,37480584.0000,1044640.4375,1530265.6250,5,5234,119
00:26:11,2015.21,22.49,77.98,3276.70,0.00,23.0404,23.0311,22.8440,22.8349,37474395,1043736,1530865,37480584.0000,1044487.5000,1530312.2500,6,5234,119
00:26:12,2020.64,22.49,77.98,3276.70,0.00,23.0404,23.0311,22.8440,22.8349,37476298,1043824,1529903,37479700.0000,1044487.5000,1530312.2500,6,5234,119
00:26:13,1988.05,22.49,77.98,3276.70,0.00,23.0404,23.0311,22.8440,22.8349,37476298,1043824,1529903,37479700.0000,1044443.0625,1530317.5000,6,5234,119
00:26:14,2036.93,22.49,78.00,3276.70,0.00,23.0404,23.0325,22.8477,22.8362,37476393,1044133,1531268,37479520.0000,1044433.3750,1530317.5000,6,5234,119
00:26:15,2042.36,22.49,78.00,3276.70,0.00,23.0407,23.0327,22.8486,22.8366,37475131,1043951,1530771,37479384.0000,1044433.3750,1530317.5000,6,5234,119
00:26:16,2015.21,22.49,77.99,3276.70,0.00,23.0407,23.0327,22.8486,22.8366,37470255,1043841,1530747,37478864.0000,1044382.0625,1530368.2500,5,5234,119
00:26:17,2053.22,22.49,77.99,3276.70,0.00,23.0407,23.0334,22.8489,22.8377,37470255,1043841,1530747,37478864.0000,1044382.0625,1530368.2500,5,5234,119
00:26:18,2015.21,22.49,77.99,3276.70,0.00,23.0407,23.0334,22.8479,22.8380,37474994,1043852,1529377,37478864.0000,1044382.0625,1530368.2500,5,5234,119
00:26:19,2020.64,22.49,78.01,3276.70,0.00,23.0407,23.0334,22.8479,22.8380,37474994,1043852,1529377,37478864.0000,1044316.3750,1530359.2500,5,5234,119
00:26:20,2085.80,22.49,77.99,3276.70,0.00,23.0405,23.0341,22.8477,22.8388,37473009,1043972,1530446,37478240.0000,1044316.3750,1530359.2500,5,5234,119
00:26:21,2036.93,22.49,78.01,3276.70,0.00,23.0403,23.0343,22.8471,22.8390,37477596,1043995,1530639,37478240.0000,1044316.3750,1530359.2500,5,5234,119
00:26:22,2042.36,22.49,78.01,3276.70,0.00,23.0403,23.0343,22.8467,22.8393,37475735,1044060,1530460,37478144.0000,1044288.5625,1530359.2500,5,5234,119
00:26:23,2053.22,22.49,78.00,3276.70,0.00,23.0418,23.0348,22.8471,22.8397,37474505,1044066,1530460,37478144.0000,1044281.2500,1530363.1250,5,5234,119
00:26:24,1998.91,22.49,78.02,3276.70,0.00,23.0418,23.0348,22.8471,22.8397,37474505,1044066,1530460,37478144.0000,1044281.2500,1530410.2500,5,5234,119
00:26:25,1982.62,22.49,78.02,3276.70,0.00,23.0418,23.0348,22.8460,22.8401,37470631,1044052,1531004,37477672.0000,1044263.3125,1530428.7500,5,5234,119
00:26:27,2085.80,22.49,78.06,3276.70,0.00,23.0419,23.0348,22.8460,22.8402,37470631,1044052,1531004,37477672.0000,1044263.3125,1530428.7500,4,5234,119
00:26:28,2026.07,22.49,78.10,3276.70,0.00,23.0402,23.0348,22.8460,22.8402,37470631,1044052,1531004,37477672.0000,1044263.3125,1530428.7500,4,5234,119
00:26:29,2042.36,22.49,78.13,3276.70,0.00,23.0404,23.0358,22.8423,22.8402,37470631,1044052,1530694,37477848.0000,1044260.2500,1530443.1250,5,5234,119
00:26:30,2080.37,22.49,78.15,3276.70,0.00,23.0404,23.0358,22.8414,22.8404,37477745,1043944,1530895,37477848.0000,1044250.3750,1530443.1250,5,5234,119
00:26:31,2031.50,22.49,78.15,3276.70,0.00,23.0404,23.0358,22.8414,22.8404,37477745,1044515,1530895,37477848.0000,1044250.3750,1530443.1250,4,5234,119
00:26:32,1982.62,22.49,78.13,3276.70,0.00,23.0404,23.0358,22.8414,22.8404,37477745,1044503,1530609,37477896.0000,1044266.6875,1530472.7500,4,5234,119
00:26:33,2042.36,22.49,78.13,3276.70,0.00,23.0391,23.0363,22.8422,22.8404,37479706,1044327,1530666,37477896.0000,1044266.6875,1530472.7500,4,5234,119
00:26:34,2009.78,22.49,78.16,3276.70,0.00,23.0391,23.0363,22.8422,22.8404,37481267,1044171,1530781,37477896.0000,1044266.6875,1530472.7500,5,5234,119
00:26:35,2009.78,22.49,78.17,3276.70,0.00,23.0391,23.0363,22.8422,22.8404,37481267,1044171,1530781,37477896.0000,1044266.6875,1530472.7500,5,5234,119
00:26:36,2015.21,22.49,78.17,3276.70,0.00,23.0391,23.0363,22.8422,22.8404,37481267,1044171,1530781,37477896.0000,1044266.6875,1530503.5000,6,5234,119
00:26:37,2036.93,22.49,78.18,3276.70,0.00,23.0391,23.0363,22.8438,22.8409,37471548,1043401,1530423,37477800.0000,1044197.5625,1530503.5000,6,5234,119
00:26:38,2080.37,22.49,78.18,3276.70,0.00,23.0382,23.0366,22.8423,22.8409,37473812,1043629,1529973,37477676.0000,1044197.5625,1530503.5000,6,5234,119
00:26:39,2064.08,22.49,78.18,3276.70,0.00,23.0382,23.0366,22.8423,22.8409,37473812,1043629,1529973,37477676.0000,1044197.5625,1530503.5000,6,5234,119
00:26:40,2036.93,22.49,78.18,3276.70,0.00,23.0382,23.0366,22.8423,22.8409,37473812,1043629,1529973,37477676.0000,1044197.5625,1530503.5000,6,5234,119
00:26:41,2064.08,22.49,78.19,3276.70,0.00,23.0382,23.0366,22.8423,22.8409,37473812,1043629,1529973,37477676.0000,1044197.5625,1530503.5000,6,5234,119
00:26:42,1982.62,22.49,78.20,3276.70,0.00,23.0421,23.0370,22.8423,22.8409,37473812,1043629,1529973,37477396.0000,1044131.0625,1530461.2500,6,5234,119
00:26:43,1966.33,22.49,78.20,3276.70,0.00,23.0421,23.0370,22.8423,22.8409,37473812,1043629,1529973,37477456.0000,1044128.0625,1530458.1250,5,5234,119
00:26:44,2047.79,22.49,78.20,3276.70,0.00,23.0421,23.0370,22.8423,22.8419,37476270,1043953,1531746,37477412.0000,1044116.9375,1530534.7500,5,5234,119
00:26:45,2026.07,22.49,78.21,3276.70,0.00,23.0421,23.0370,22.8423,22.8419,37480448,1043953,1531746,37477412.0000,1044110.8750,1530556.6250,5,5234,119
00:26:46,1988.05,22.49,78.21,3276.70,0.00,23.0421,23.0370,22.8423,22.8421,37481815,1043737,1530903,37477640.0000,1044099.1875,1530567.5000,6,5234,119
00:26:47,2031.50,22.49,78.21,3276.70,0.00,23.0421,23.0370,22.8423,22.8421,37481815,1043737,1530903,37477640.0000,1044076.8750,1530553.5000,6,5234,119
00:26:48,1993.48,22.49,78.21,3276.70,0.00,23.0421,23.0379,22.8429,22.8421,37481815,1043604,1530612,37477676.0000,1044047.8125,1530559.2500,6,5234,119
00:26:49,2058.65,22.49,78.21,3276.70,0.00,23.0421,23.0379,22.8437,22.8421,37472994,1043512,1530307,37477532.0000,1044031.1250,1530551.3750,6,5234,119
00:26:50,2053.22,22.49,78.21,3276.70,0.00,23.0421,23.0379,22.8437,22.8422,37476755,1043529,1530552,37477504.0000,1044015.4375,1530551.3750,6,5234,119
00:26:51,1993.48,22.49,78.21,3276.70,0.00,23.0421,23.0383,22.8445,22.8422,37475892,1043529,1530552,37477456.0000,1044004.0625,1530551.1250,6,5234,119
00:26:52,2064.08,22.49,78.20,3276.70,0.00,23.0409,23.0384,22.8441,22.8423,37477908,1043529,1530552,37477456.0000,1044004.0625,1530534.2500,6,5234,119
00:26:53,2080.37,22.49,78.25,3276.70,0.00,23.0387,23.0384,22.8441,22.8423,37478844,1043624,1530650,37477456.0000,1044004.0625,1530534.2500,6,5234,119
00:26:54,1977.19,22.49,78.25,3276.70,0.00,23.0387,23.0384,22.8420,22.8423,37478849,1043586,1530853,37477536.0000,1043965.4375,1530547.6250,6,5234,119
00:26:55,1988.05,22.49,78.26,3276.70,0.00,23.0387,23.0384,22.8420,22.8422,37481058,1043408,1530036,37477572.0000,1043936.1250,1530522.1250,6,5234,119
00:26:56,2053.22,22.49,78.28,3276.70,0.00,23.0387,23.0384,22.8420,22.8422,37481058,1043408,1530036,37477572.0000,1043936.1250,1530522.1250,6,5234,119
00:26:57,1977.19,22.49,78.28,3276.70,0.00,23.0345,23.0384,22.8420,22.8421,37473747,1043571,1529694,37477368.0000,1043912.4375,1530522.1250,6,5234,119
00:26:58,2036.93,22.49,78.28,3276.70,0.00,23.0346,23.0378,22.8415,22.8421,37473747,1043571,1529694,37477368.0000,1043912.4375,1530522.1250,6,5234,119
00:26:59,1971.76,22.49,78.27,3276.70,0.00,23.0346,23.0378,22.8415,22.8420,37476970,1043571,1530235,37477288.0000,1043852.6250,1530450.8750,6,5234,119
00:27:00,1988.05,22.50,78.27,3276.70,0.00,23.0366,23.0376,22.8415,22.8420,37474468,1043175,1530420,37477200.0000,1043831.4375,1530449.8750,7,5234,119
00:27:01,2036.93,22.50,78.27,3276.70,0.00,23.0365,23.0375,22.8416,22.8419,37476893,1043286,1530129,37477192.0000,1043831.4375,1530449.8750,7,5234,119
00:27:03,2031.50,22.50,78.27,3276.70,0.00,23.0374,23.0375,22.8418,22.8418,37468886,1043441,1529600,37476928.0000,1043831.4375,1530449.8750,6,5234,119
00:27:03,2053.22,22.50,78.27,3276.70,0.00,23.0414,23.0377,22.8454,22.8420,37475126,1043501,1529630,37476868.0000,1043831.4375,1530449.8750,6,5234,119
00:27:05,2015.21,22.50,78.30,3276.70,0.00,23.0433,23.0378,22.8470,22.8421,37474064,1043507,1530570,37476780.0000,1043831.4375,1530449.8750,6,5234,119
00:27:05,2020.64,22.50,78.32,3276.70,0.00,23.0442,23.0380,22.8475,22.8423,37475010,1043417,1529077,37476780.0000,1043831.4375,1530449.8750,6,5234,119
00:27:07,2053.22,22.50,78.30,3276.70,0.00,23.0450,23.0382,22.8490,22.8425,37469673,1043357,1528368,37476780.0000,1043831.4375,1530449.8750,6,5234,119
00:27:08,1988.05,22.50,78.32,3276.70,0.00,23.0450,23.0382,22.8490,22.8425,37469673,1043574,1529094,37476780.0000,1043831.4375,1530449.8750,6,5234,119
00:27:09,2042.36,22.50,78.32,3276.70,0.00,23.0450,23.0389,22.8496,22.8431,37469673,1043574,1529094,37476780.0000,1043831.4375,1530449.8750,6,5234,119
00:27:10,2053.22,22.50,78.32,3276.70,0.00,23.0450,23.0389,22.8496,22.8431,37469673,1043574,1529094,37476388.0000,1043712.2500,1530125.0000,7,5234,120
00:27:11,2058.65,22.50,78.30,3276.70,0.00,23.0477,23.0389,22.8496,22.8435,37474593,1043043,1528658,37476392.0000,1043712.2500,1530023.2500,7,5234,120
00:27:12,2058.65,22.50,78.31,3276.70,0.00,23.0477,23.0389,22.8496,22.8435,37474593,1043043,1528658,37476392.0000,1043712.2500,1530023.2500,7,5234,120
00:27:13,2036.93,22.50,78.31,3276.70,0.00,23.0477,23.0389,22.8496,22.8435,37474593,1043043,1528658,37476392.0000,1043712.2500,1530023.2500,7,5234,120
00:27:14,2080.37,22.50,78.31,3276.70,0.00,23.0477,23.0389,22.8499,22.8441,37471419,1042999,1528658,37476392.0000,1043601.4375,1530023.2500,7,5234,120
00:27:15,2026.07,22.50,78.35,3276.70,0.00,23.0464,23.0406,22.8501,22.8441,37471419,1042999,1528658,37476008.0000,1043556.1250,1529984.6250,7,5234,120
00:27:16,2085.80,22.50,78.35,3276.70,0.00,23.0464,23.0406,22.8501,22.8441,37471419,1042999,1528658,37476008.0000,1043551.1250,1529974.8750,7,5234,120
00:27:17,2020.64,22.50,78.34,3276.70,0.00,23.0466,23.0409,22.8501,22.8441,37471419,1042999,1528658,37476008.0000,1043549.1250,1529975.1250,6,5234,120
00:27:18,2064.08,22.50,78.27,3276.70,0.00,23.0466,23.0414,22.8545,22.8453,37472559,1043594,1531046,37475564.0000,1043549.1250,1529975.1250,6,5234,120
00:27:19,2036.93,22.50,78.28,3276.70,0.00,23.0511,23.0416,22.8557,22.8457,37472559,1043594,1531046,37475564.0000,1043547.0000,1530024.0000,6,5234,120
00:27:20,2036.93,22.50,78.28,3276.70,0.00,23.0511,23.0416,22.8567,22.8460,37475463,1043023,1530395,37475692.0000,1043520.3125,1530039.7500,7,5234,120
00:27:21,2129.25,22.50,78.28,3276.70,0.00,23.0527,23.0427,22.8564,22.8466,37474373,1042736,1529930,37475652.0000,1043495.8125,1530036.3750,8,5234,120
00:27:22,1982.62,22.51,78.29,3276.70,0.00,23.0522,23.0429,22.8572,22.8469,37471688,1042834,1530002,37475652.0000,1043495.8125,1530036.3750,8,5234,120
00:27:23,2047.79,22.51,78.29,3276.70,0.00,23.0526,23.0432,22.8571,22.8472,37471688,1042834,1530002,37475652.0000,1043495.8125,1530036.3750,8,5234,120
00:27:24,1988.05,22.51,78.29,3276.70,0.00,23.0540,23.0435,22.8578,22.8475,37471313,1042940,1529938,37475224.0000,1043495.8125,1530036.3750,8,5234,120
00:27:25,1993.48,22.51,78.31,3276.70,0.00,23.0554,23.0442,22.8589,22.8482,37470425,1042651,1531215,37475224.0000,1043495.8125,1530084.8750,8,5234,120
00:27:26,2042.36,22.51,78.31,3276.70,0.00,23.0558,23.0446,22.8602,22.8485,37469707,1042600,1531215,37475224.0000,1043495.8125,1530084.8750,8,5234,120
00:27:27,2047.79,22.51,78.32,3276.70,0.00,23.0558,23.0446,22.8602,22.8485,37469707,1042600,1531215,37475224.0000,1043495.8125,1530084.8750,8,5234,120
00:27:28,2036.93,22.51,78.33,3276.70,0.00,23.0558,23.0457,22.8597,22.8495,37470318,1042600,1530560,37474496.0000,1043308.6875,1530097.1250,8,5234,119
00:27:29,2031.50,22.51,78.33,3276.70,0.00,23.0558,23.0457,22.8597,22.8495,37470318,1042600,1531294,37474496.0000,1043294.5000,1530134.5000,8,5234,119
00:27:30,2015.21,22.51,78.33,3276.70,0.00,23.0577,23.0464,22.8600,22.8501,37474873,1042919,1531294,37474496.0000,1043294.5000,1530140.5000,7,5234,119
00:27:31,2020.64,22.51,78.34,3276.70,0.00,23.0577,23.0464,22.8600,22.8501,37474873,1042919,1529892,37474384.0000,1043248.5625,1530130.1250,8,5234,119
00:27:33,2026.07,22.51,78.34,3276.70,0.00,23.0577,23.0464,22.8600,22.8509,37470941,1042687,1529577,37474384.0000,1043248.5625,1530130.1250,8,5234,119
00:27:34,2069.51,22.51,78.32,3276.70,0.00,23.0577,23.0464,22.8600,22.8512,37467095,1042741,1530286,37474384.0000,1043248.5625,1530130.1250,8,5234,119
00:27:35,2015.21,22.51,78.32,3276.70,0.00,23.0577,23.0464,22.8600,22.8512,37467095,1042741,1530286,37474384.0000,1043248.5625,1530130.1250,8,5234,119
00:27:36,2085.80,22.51,78.34,3276.70,0.00,23.0555,23.0464,22.8600,22.8512,37467095,1042741,1530286,37474384.0000,1043248.5625,1530130.1250,8,5234,119
00:27:37,2074.94,22.51,78.34,3276.70,0.00,23.0555,23.0464,22.8579,22.8521,37470290,1042509,1531201,37473696.0000,1043150.5000,1530130.1250,8,5234,119
00:27:38,2036.93,22.51,78.34,3276.70,0.00,23.0555,23.0486,22.8577,22.8523,37470290,1042509,1530738,37473856.0000,1043135.8125,1530203.2500,8,5234,119
00:27:39,2026.07,22.51,78.34,3276.70,0.00,23.0555,23.0486,22.8577,22.8523,37470290,1042509,1530738,37473856.0000,1043135.8125,1530203.2500,8,5234,119
00:27:40,2036.93,22.51,78.34,3276.70,0.00,23.0507,23.0487,22.8571,22.8527,37474296,1042715,1530738,37473856.0000,1043135.8125,1530203.2500,8,5234,119
00:27:41,2074.94,22.51,78.41,3276.70,0.00,23.0507,23.0487,22.8571,22.8527,37474296,1042841,1530789,37473712.0000,1043075.3750,1530205.5000,8,5234,119
00:27:42,1988.05,22.51,78.45,3276.70,0.00,23.0507,23.0487,22.8569,22.8529,37473127,1042841,1530789,37473712.0000,1043075.3750,1530205.5000,8,5234,119
00:27:44,2053.22,22.51,78.45,3276.70,0.00,23.0507,23.0488,22.8557,22.8530,37479608,1043135,1530992,37473712.0000,1043045.4375,1530299.3750,7,5234,119
00:27:45,2036.93,22.51,78.45,3276.70,0.00,23.0507,23.0488,22.8553,22.8532,37476273,1042846,1531225,37473960.0000,1043045.4375,1530364.8750,8,5234,119
00:27:47,2064.08,22.51,78.45,3276.70,0.00,23.0490,23.0487,22.8547,22.8532,37476273,1042846,1531225,37473960.0000,1043045.4375,1530364.8750,8,5234,119
00:27:49,2064.08,22.51,78.45,3276.70,0.00,23.0518,23.0488,22.8560,22.8534,37476600,1042393,1531225,37474120.0000,1043045.4375,1530364.8750,8,5234,119
00:27:50,1998.91,22.51,78.53,3276.70,0.00,23.0533,23.0488,22.8566,22.8535,37474582,1042289,1530814,37474136.0000,1043045.4375,1530427.7500,8,5234,119
00:27:52,2042.36,22.51,78.53,3276.70,0.00,23.0558,23.0494,22.8580,22.8538,37467496,1042289,1530814,37473708.0000,1042862.2500,1530419.2500,10,5234,119
00:27:54,1998.91,22.51,78.53,3276.70,0.00,23.0573,23.0498,22.8584,22.8538,37467496,1042289,1530814,37473708.0000,1042816.5000,1530472.7500,10,5234,119
00:27:56,2058.65,22.52,78.50,3276.70,0.00,23.0571,23.0505,22.8584,22.8543,37474347,1041737,1531591,37473712.0000,1042716.4375,1530580.2500,11,5234,119
00:27:58,2004.34,22.51,78.53,3276.70,0.00,23.0571,23.0509,22.8595,22.8546,37474347,1041513,1531326,37473712.0000,1042716.4375,1530580.2500,11,5234,118
00:28:00,2091.23,22.51,78.53,3276.70,0.00,23.0579,23.0513,22.8595,22.8546,37471880,1041822,1531123,37473120.0000,1042565.1875,1530663.5000,11,5234,118
00:28:01,2064.08,22.51,78.54,3276.70,0.00,23.0575,23.0516,22.8595,22.8554,37467424,1041680,1531234,37472752.0000,1042507.9375,1530686.2500,10,5234,118
00:28:03,2058.65,22.51,78.54,3276.70,0.00,23.0557,23.0519,22.8605,22.8557,37470234,1041680,1531234,37472672.0000,1042480.0000,1530686.2500,10,5234,118
00:28:04,2036.93,22.51,78.56,3276.70,0.00,23.0561,23.0521,22.8600,22.8559,37470956,1041346,1529861,37472496.0000,1042409.6875,1530663.2500,10,5234,118
00:28:07,2069.51,22.52,78.54,3276.70,0.00,23.0547,23.0523,22.8600,22.8561,37470956,1041604,1529861,37472596.0000,1042294.6875,1530684.5000,11,5234,118
00:28:08,2047.79,22.52,78.54,3276.70,0.00,23.0537,23.0524,22.8555,22.8561,37469296,1041224,1530733,37472592.0000,1042261.2500,1530686.0000,11,5234,118
00:28:10,2047.79,22.52,78.57,3276.70,0.00,23.0543,23.0524,22.8552,22.8560,37473209,1041255,1530733,37472592.0000,1042261.2500,1530639.3750,12,5234,118
00:28:11,2047.79,22.52,78.58,3276.70,0.00,23.0543,23.0524,22.8547,22.8558,37473315,1041172,1530741,37472596.0000,1042098.8125,1530647.7500,11,5234,118
00:28:14,2074.94,22.52,78.57,3276.70,0.00,23.0563,23.0526,22.8569,22.8558,37475091,1041103,1530741,37472596.0000,1042098.8125,1530662.6250,12,5234,118
00:28:16,2102.10,22.52,78.57,3276.70,0.00,23.0587,23.0530,22.8593,22.8558,37466540,1040815,1530653,37471984.0000,1041908.8750,1530666.8750,12,5234,118
00:28:18,2064.08,22.52,78.65,3276.70,0.00,23.0603,23.0530,22.8611,22.8563,37472205,1040784,1531285,37471920.0000,1041843.9375,1530727.1250,12,5234,118
00:28:19,2118.39,22.52,78.68,3276.70,0.00,23.0603,23.0541,22.8630,22.8566,37468552,1040784,1531256,37471728.0000,1041781.8125,1530743.6250,12,5234,118
00:28:20,2047.79,22.52,78.71,3276.70,0.00,23.0614,23.0543,22.8627,22.8568,37471059,1040918,1531528,37471796.0000,1041733.1250,1530786.3750,12,5234,118
00:28:23,2096.67,22.52,78.73,3276.70,0.00,23.0579,23.0546,22.8607,22.8571,37474331,1040747,1531528,37471796.0000,1041733.1250,1530786.3750,12,5234,118
00:28:26,2107.53,22.51,78.77,3276.70,0.00,23.0564,23.0547,22.8598,22.8571,37469840,1040712,1531528,37471796.0000,1041563.1875,1530679.5000,13,5234,118
00:28:28,2091.23,22.52,78.73,3276.70,0.00,23.0585,23.0547,22.8598,22.8579,37469073,1041015,1531132,37471724.0000,1041497.5625,1530709.7500,12,5234,118
00:28:30,2085.80,22.52,78.73,3276.70,0.00,23.0589,23.0552,22.8643,22.8584,37468358,1040972,1530988,37471732.0000,1041457.6250,1530735.3750,12,5234,118
00:28:32,2036.93,22.52,78.74,3276.70,0.00,23.0605,23.0555,22.8637,22.8585,37468358,1040975,1530816,37471880.0000,1041432.1875,1530735.3750,11,5234,118
00:28:35,2020.64,22.52,78.71,3276.70,0.00,23.0582,23.0555,22.8616,22.8588,37476685,1041865,1530816,37472152.0000,1041470.7500,1530735.3750,9,5234,118
00:28:37,2009.78,22.51,78.68,3276.70,0.00,23.0536,23.0555,22.8616,22.8586,37474707,1042684,1531370,37472328.0000,1041537.4375,1530804.2500,8,5234,118
00:28:38,1998.91,22.51,78.63,3276.70,0.00,23.0407,23.0543,22.8472,22.8577,37477704,1043700,1530756,37472808.0000,1041701.7500,1530767.5000,6,5234,118
00:28:41,2031.50,22.50,78.63,3276.70,0.00,23.0375,23.0538,22.8472,22.8568,37474478,1043859,1530756,37472808.0000,1041899.3750,1530726.3750,6,5234,118
00:28:43,1971.76,22.49,78.63,3276.70,0.00,23.0287,23.0511,22.8375,22.8551,37475339,1044752,1529861,37473216.0000,1042061.7500,1530726.3750,3,5234,118
00:28:47,1901.16,22.49,78.61,3276.70,0.00,23.0238,23.0494,22.8316,22.8551,37475339,1045092,1529861,37473216.0000,1042061.7500,1530726.3750,3,5234,119
00:28:48,2009.78,22.49,78.53,3276.70,0.00,23.0087,23.0441,22.8164,22.8489,37473612,1046084,1529556,37473928.0000,1042852.4375,1530406.0000,0,5234,119
00:28:49,1988.05,22.48,78.51,3276.70,0.00,23.0042,23.0417,22.8128,22.8467,37477427,1046115,1529499,37474040.0000,1042954.3750,1530377.6250,1,5234,119
00:28:51,1982.62,22.48,78.49,3276.70,0.00,23.0029,23.0405,22.8102,22.8455,37472860,1046220,1528455,37474004.0000,1043056.4375,1530317.6250,1,5234,119
00:28:53,1922.88,22.48,78.48,3276.70,0.00,22.9955,23.0365,22.8046,22.8419,37467905,1046864,1528472,37473552.0000,1043384.5625,1530103.8750,-1,5234,119
00:28:56,1933.75,22.47,78.48,3276.70,0.00,22.9931,23.0365,22.8046,22.8383,37472239,1047468,1527564,37473496.0000,1043744.1250,1529896.2500,-2,5234,119
00:28:58,1917.45,22.46,78.48,3276.70,0.00,22.9873,23.0273,22.7991,22.8336,37469320,1048199,1527444,37473304.0000,1044239.7500,1529617.1250,-4,5234,120
00:29:02,1944.61,22.46,78.48,3276.70,0.00,22.9873,23.0236,22.7977,22.8304,37468095,1048088,1527313,37472680.0000,1044589.8750,1529433.7500,-4,5234,120
00:29:05,1901.16,22.46,78.48,3276.70,0.00,22.9873,23.0190,22.7949,22.8262,37466306,1048097,1527652,37472680.0000,1044589.8750,1529433.7500,-3,5234,120
00:29:07,1928.32,22.45,78.48,3276.70,0.00,22.9882,23.0151,22.7974,22.8225,37461072,1047671,1526915,37470976.0000,1045414.3125,1528889.0000,-3,5234,121
00:29:12,1852.29,22.45,78.48,3276.70,0.00,22.9898,23.0151,22.7985,22.8196,37465528,1047929,1526250,37470328.0000,1045414.3125,1528889.0000,-3,5234,122
00:29:13,1868.58,22.45,78.71,3276.70,0.00,22.9877,23.0098,22.7974,22.8176,37467632,1048284,1526867,37470136.0000,1045870.8750,1528491.6250,-4,5234,122
00:29:16,1939.18,22.45,78.71,3276.70,0.00,22.9892,23.0078,22.7980,22.8157,37463356,1048284,1526867,37470136.0000,1046204.3750,1528357.6250,-3,5234,123
00:29:21,1884.87,22.45,78.71,3276.70,0.00,22.9915,23.0056,22.7963,22.8133,37463356,1048284,1526867,37470136.0000,1046204.3750,1528357.6250,1,5234,123
00:29:24,1922.88,22.45,79.06,3276.70,0.00,23.0037,23.0040,22.8079,22.8114,37464732,1045817,1527108,37468400.0000,1046204.3750,1528059.1250,1,5234,123
00:29:27,1939.18,22.45,79.06,3276.70,0.00,23.0037,23.0040,22.8079,22.8121,37454246,1043492,1528508,37467312.0000,1046044.4375,1528011.7500,6,5234,123
00:29:32,2036.93,22.45,79.06,3276.70,0.00,23.0364,23.0077,22.8367,22.8138,37454246,1043492,1528508,37467312.0000,1046044.4375,1528214.1250,14,5234,123
00:29:33,2053.22,22.49,79.36,3276.70,0.00,23.0524,23.0123,22.8529,22.8177,37444486,1039971,1529797,37463168.0000,1045091.4375,1528263.6250,14,5234,123
00:29:37,2036.93,22.49,79.36,3276.70,0.00,23.0618,23.0152,22.8613,22.8202,37444486,1039971,1529797,37463168.0000,1045091.4375,1528263.6250,14,5234,122
00:29:39,2042.36,22.51,79.50,3276.70,0.00,23.0787,23.0220,22.8778,22.8264,37437264,1038057,1529797,37463168.0000,1045091.4375,1528263.6250,14,5234,122
00:29:41,2042.36,22.52,79.56,3276.70,0.00,23.0865,23.0276,22.8856,22.8314,37441387,1038012,1529797,37463168.0000,1045091.4375,1529023.8750,19,5234,121
00:29:44,2069.51,22.52,79.55,3276.70,0.00,23.0930,23.0333,22.8920,22.8367,37444106,1038012,1529797,37456468.0000,1042786.9375,1529023.8750,19,5234,121
00:29:46,2123.82,22.53,79.58,3276.70,0.00,23.0948,23.0333,22.8920,22.8420,37453792,1037646,1531016,37456280.0000,1042480.8125,1529023.8750,19,5234,121
00:29:49,2031.50,22.54,79.57,3276.70,0.00,23.0948,23.0458,22.8920,22.8420,37448606,1037098,1531434,37455152.0000,1041704.4375,1529469.0000,19,5234,120
00:29:51,2047.79,22.54,79.54,3276.70,0.00,23.0983,23.0505,22.9000,22.8532,37448475,1036899,1531434,37455152.0000,1041704.4375,1529606.8750,20,5234,120
00:29:54,2102.10,22.54,79.54,3276.70,0.00,23.0983,23.0550,22.9033,22.8576,37457316,1037751,1531434,37455152.0000,1041704.4375,1529828.6250,19,5234,120
00:29:55,2102.10,22.55,79.54,3276.70,0.00,23.1012,23.0591,22.9043,22.8618,37448065,1037754,1531674,37454200.0000,1040748.6875,1529943.1250,19,5234,120
00:29:57,2069.51,22.55,79.54,3276.70,0.00,23.1004,23.0604,22.9026,22.8631,37451771,1037754,1531674,37454336.0000,1040469.8750,1530171.6250,19,5234,119
00:29:59,2074.94,22.56,79.40,3276.70,0.00,23.0966,23.0638,22.8990,22.8664,37454392,1037862,1530794,37454336.0000,1040388.3750,1530191.0000,19,5234,119
00:30:01,1912.02,22.56,79.40,3276.70,0.00,23.0966,23.0657,22.8982,22.8692,37453167,1037520,1532508,37454192.0000,1040136.0625,1530426.0000,19,5234,119
00:30:03,2058.65,22.56,79.33,3276.70,0.00,23.0966,23.0682,22.8956,22.8708,37451158,1037520,1532021,37454216.0000,1039962.0625,1530539.0000,20,5234,119
00:30:04,2080.37,22.57,79.26,3276.70,0.00,23.0921,23.0689,22.8956,22.8722,37449478,1037560,1531308,37453984.0000,1039812.3125,1530588.1250,20,5234,119
00:30:07,2080.37,22.57,79.26,3276.70,0.00,23.0921,23.0710,22.8956,22.8742,37458058,1037529,1530914,37454256.0000,1039618.0625,1530675.8750,20,5234,119
00:30:08,2112.96,22.57,79.27,3276.70,0.00,23.0910,23.0710,22.8956,22.8742,37453365,1037515,1531638,37454312.0000,1039488.5625,1530720.7500,20,5234,118
00:30:10,2080.37,22.56,79.27,3276.70,0.00,23.0910,23.0710,22.8937,22.8765,37456412,1037443,1531638,37454312.0000,1039488.5625,1530720.7500,19,5234,118
00:30:12,2085.80,22.56,79.29,3276.70,0.00,23.0910,23.0750,22.8914,22.8779,37457366,1037740,1530761,37454228.0000,1039211.0000,1530823.1250,19,5234,118
00:30:14,2064.08,22.57,79.26,3276.70,0.00,23.0940,23.0762,22.8899,22.8786,37454861,1037820,1531020,37454268.0000,1039125.1875,1530796.7500,19,5234,118
00:30:17,2058.65,22.57,79.24,3276.70,0.00,23.0941,23.0768,22.8905,22.8786,37454861,1037929,1531020,37454268.0000,1039125.1875,1530950.6250,20,5234,118
00:30:20,2069.51,22.57,79.29,3276.70,0.00,23.0883,23.0786,22.8907,22.8786,37454861,1037657,1530785,37454268.0000,1039125.1875,1530945.8750,19,5234,118
00:30:20,2080.37,22.57,79.25,3276.70,0.00,23.0893,23.0792,22.8925,22.8812,37453501,1037678,1532538,37454252.0000,1038771.5625,1531005.8750,19,5234,118
00:30:22,2085.80,22.57,79.25,3276.70,0.00,23.0925,23.0800,22.8944,22.8820,37452982,1037467,1531680,37454212.0000,1038730.8125,1531027.0000,20,5234,118
00:30:24,2080.37,22.57,79.25,3276.70,0.00,23.0932,23.0808,22.8944,22.8828,37448153,1037488,1531321,37453896.0000,1038652.8750,1531038.5000,19,5234,118
00:30:26,2064.08,22.57,79.22,3276.70,0.00,23.0936,23.0812,22.8944,22.8836,37448005,1037439,1531401,37453652.0000,1038580.0625,1531038.5000,19,5234,118
00:30:29,2069.51,22.57,79.22,3276.70,0.00,23.0920,23.0825,22.8971,22.8848,37449760,1037287,1532069,37453652.0000,1038580.0625,1531038.5000,19,5234,117
00:30:31,2069.51,22.56,79.22,3276.70,0.00,23.0920,23.0825,22.8968,22.8861,37453993,1037453,1530777,37452600.0000,1038326.5625,1531038.5000,19,5234,117
00:30:35,2085.80,22.56,79.40,3276.70,0.00,23.0920,23.0825,22.8956,22.8872,37453418,1037398,1531332,37452600.0000,1038326.5625,1531038.5000,19,5234,117
00:30:36,2080.37,22.57,79.39,3276.70,0.00,23.0939,23.0851,22.8956,22.8876,37448751,1037080,1530399,37452508.0000,1038326.5625,1531146.7500,20,5234,117
00:30:38,2058.65,22.57,79.39,3276.70,0.00,23.0939,23.0859,22.8946,22.8882,37448920,1036938,1532539,37452320.0000,1038055.5000,1531234.5000,21,5234,117
00:30:39,2053.22,22.57,79.39,3276.70,0.00,23.0940,23.0861,22.8953,22.8884,37448295,1036999,1531802,37452196.0000,1038055.5000,1531234.5000,21,5234,117
00:30:41,2036.93,22.57,79.42,3276.70,0.00,23.0937,23.0866,22.8968,22.8889,37447178,1036889,1532357,37452076.0000,1037958.6250,1531307.2500,21,5234,117
00:30:43,2080.37,22.57,79.42,3276.70,0.00,23.0925,23.0871,22.8968,22.8896,37452002,1037003,1532170,37451924.0000,1037878.5625,1531405.0000,21,5234,117
00:30:45,2102.10,22.57,79.42,3276.70,0.00,23.0924,23.0874,22.8947,22.8899,37450351,1036856,1532170,37451924.0000,1037789.5625,1531427.5000,21,5234,117
00:30:47,2085.80,22.57,79.40,3276.70,0.00,23.0918,23.0877,22.8925,22.8901,37452231,1036931,1532150,37451924.0000,1037789.5625,1531427.5000,21,5234,117
00:30:49,2080.37,22.57,79.43,3276.70,0.00,23.0930,23.0877,22.8925,22.8901,37447858,1036931,1532150,37451672.0000,1037673.7500,1531436.5000,21,5234,117
00:30:51,2085.80,22.57,79.44,3276.70,0.00,23.0929,23.0883,22.8953,22.8905,37455189,1036922,1531923,37451780.0000,1037673.7500,1531436.5000,21,5234,117
00:30:53,2069.51,22.57,79.41,3276.70,0.00,23.0941,23.0887,22.8950,22.8908,37450878,1037028,1531058,37451432.0000,1037572.1250,1531468.8750,21,5234,117
00:30:55,2069.51,22.57,79.36,3276.70,0.00,23.0941,23.0887,22.8941,22.8911,37445555,1037044,1531178,37450984.0000,1037533.9375,1531468.8750,21,5234,117
00:30:57,2069.51,22.57,79.36,3276.70,0.00,23.0952,23.0895,22.8941,22.8911,37445555,1036966,1531178,37450536.0000,1037485.9375,1531446.0000,21,5234,117
00:30:59,2112.96,22.57,79.44,3276.70,0.00,23.0933,23.0897,22.8944,22.8911,37445555,1036966,1531736,37450824.0000,1037480.8750,1531458.8750,19,5234,117
00:31:02,2107.53,22.56,79.44,3276.70,0.00,23.0933,23.0899,22.8944,22.8911,37446513,1036966,1531736,37450676.0000,1037480.8750,1531458.8750,21,5234,117
00:31:03,2102.10,22.57,79.44,3276.70,0.00,23.0964,23.0905,22.9004,22.8926,37446699,1037263,1531529,37450272.0000,1037395.6250,1531410.7500,20,5234,117
00:31:06,2091.23,22.57,79.44,3276.70,0.00,23.0974,23.0907,22.9016,22.8926,37446699,1037029,1531529,37450272.0000,1037395.6250,1531410.7500,20,5234,117
00:31:09,2053.22,22.57,79.44,3276.70,0.00,23.1025,23.0907,22.9055,22.8944,37437863,1036753,1531444,37450272.0000,1037395.6250,1531410.7500,20,5234,117
00:31:11,2074.94,22.57,79.41,3276.70,0.00,23.1077,23.0930,22.9080,22.8952,37443359,1036862,1531075,37448396.0000,1037263.3125,1531378.3750,20,5234,117
00:31:13,2085.80,22.57,79.45,3276.70,0.00,23.1080,23.0944,22.9080,22.8952,37443359,1036314,1532041,37448012.0000,1037183.2500,1531438.6250,22,5234,117
00:31:14,2102.10,22.57,79.52,3276.70,0.00,23.1072,23.0951,22.9098,22.8970,37444776,1036425,1532041,37448012.0000,1037137.6250,1531428.1250,22,5234,117
00:31:17,2053.22,22.57,79.52,3276.70,0.00,23.1121,23.0964,22.9134,22.8984,37441337,1036541,1532041,37448012.0000,1037137.6250,1531505.7500,21,5234,117
00:31:19,2058.65,22.57,79.52,3276.70,0.00,23.1121,23.0977,22.9107,22.8996,37445713,1036505,1532262,37447144.0000,1037056.8125,1531529.3750,21,5234,117
00:31:21,2074.94,22.58,79.38,3276.70,0.00,23.1082,23.0986,22.9093,22.9004,37442257,1036349,1531685,37447144.0000,1037056.8125,1531529.5000,22,5234,117
00:31:23,2053.22,22.58,79.35,3276.70,0.00,23.1075,23.0989,22.9080,22.9007,37442257,1036349,1532309,37446712.0000,1036969.6875,1531568.3750,22,5234,117
00:31:25,2102.10,22.58,79.31,3276.70,0.00,23.1052,23.0989,22.9062,22.9007,37442257,1036395,1530500,37446736.0000,1036917.4375,1531604.3750,22,5234,116
00:31:29,2064.08,22.58,79.31,3276.70,0.00,23.1009,23.0989,22.9012,22.9012,37450370,1036215,1532273,37446736.0000,1036917.4375,1531604.3750,22,5234,116
00:31:31,2096.67,22.58,79.43,3276.70,0.00,23.1009,23.0995,22.9011,22.9012,37446568,1036231,1530969,37446988.0000,1036800.0000,1531656.1250,22,5234,116
00:31:33,2031.50,22.58,79.43,3276.70,0.00,23.0983,23.0994,22.9009,22.9012,37440508,1036143,1531493,37446728.0000,1036760.6250,1531656.1250,22,5234,116
00:31:35,2118.39,22.58,79.43,3276.70,0.00,23.0983,23.0993,22.9000,22.9010,37450048,1036356,1531809,37446480.0000,1036760.6250,1531656.1250,23,5234,117
00:31:39,2102.10,22.58,79.47,3276.70,0.00,23.0983,23.0993,22.9000,22.9009,37443343,1035928,1530741,37446480.0000,1036760.6250,1531502.8750,23,5234,117
00:31:41,2107.53,22.58,79.58,3276.70,0.00,23.0922,23.0983,22.9000,22.9004,37442760,1036261,1531370,37446480.0000,1036760.6250,1531491.5000,23,5234,117
00:31:42,2074.94,22.57,79.59,3276.70,0.00,23.0922,23.0979,22.8975,22.9002,37448057,1036657,1531609,37446024.0000,1036614.1875,1531495.1250,23,5234,117
00:31:44,2102.10,22.57,79.59,3276.70,0.00,23.0922,23.0974,22.8967,22.8998,37448057,1036657,1530613,37446056.0000,1036598.6875,1531435.6250,22,5234,117
00:31:46,2134.68,22.57,79.56,3276.70,0.00,23.0902,23.0974,22.8937,22.8994,37442713,1036215,1530763,37445908.0000,1036577.5625,1531395.8750,23,5234,117
00:31:48,2074.94,22.57,79.56,3276.70,0.00,23.0898,23.0965,22.8939,22.8992,37439971,1036286,1530763,37445908.0000,1036577.5625,1531395.8750,23,5234,117
00:31:49,2134.68,22.57,79.60,3276.70,0.00,23.0894,23.0958,22.8923,22.8986,37448105,1036460,1530782,37446056.0000,1036538.6250,1531290.0000,22,5234,117
00:31:51,2140.11,22.57,79.60,3276.70,0.00,23.0875,23.0952,22.8918,22.8981,37441371,1036632,1530882,37446056.0000,1036538.6250,1531277.2500,22,5234,117
00:31:53,2107.53,22.57,79.61,3276.70,0.00,23.0875,23.0946,22.8914,22.8974,37448507,1036872,1531103,37446056.0000,1036538.6250,1531268.1250,21,5234,117
00:31:55,2102.10,22.57,79.61,3276.70,0.00,23.0893,23.0944,22.8909,22.8972,37445874,1036844,1531098,37446104.0000,1036586.2500,1531277.2500,21,5234,117
00:31:56,2064.08,22.57,79.56,3276.70,0.00,23.0863,23.0939,22.8884,22.8966,37442209,1037072,1531098,37446104.0000,1036586.2500,1531201.8750,20,5234,117
00:32:01,2026.07,22.57,79.54,3276.70,0.00,23.0843,23.0933,22.8884,22.8966,37442209,1037072,1531098,37446104.0000,1036586.2500,1531201.8750,20,5234,117
00:32:02,2058.65,22.57,79.60,3276.70,0.00,23.0843,23.0933,22.8783,22.8966,37451375,1038585,1531187,37446320.0000,1036915.8750,1531055.1250,17,5234,117
00:32:06,2053.22,22.56,79.60,3276.70,0.00,23.0843,23.0933,22.8783,22.8966,37451375,1038800,1529499,37446128.0000,1037117.1250,1530913.1250,17,5234,117
00:32:10,1998.91,22.56,79.52,3276.70,0.00,23.0736,23.0879,22.8728,22.8898,37451375,1038879,1529499,37446128.0000,1037117.1250,1530913.1250,17,5234,117
00:32:13,2020.64,22.55,79.44,3276.70,0.00,23.0627,23.0879,22.8728,22.8898,37451375,1039730,1529700,37446288.0000,1037594.8750,1530716.1250,15,5234,118
00:32:15,2074.94,22.55,79.44,3276.70,0.00,23.0627,23.0810,22.8624,22.8835,37446112,1040083,1529527,37446236.0000,1037594.8750,1530716.1250,15,5234,118
00:32:17,2036.93,22.55,79.49,3276.70,0.00,23.0592,23.0796,22.8639,22.8823,37450120,1040102,1529252,37446456.0000,1037594.8750,1530541.7500,14,5234,118
00:32:19,1955.47,22.54,79.50,3276.70,0.00,23.0580,23.0783,22.8614,22.8810,37441357,1039897,1529252,37446456.0000,1037594.8750,1530457.7500,13,5234,119
00:32:23,1998.91,22.54,79.50,3276.70,0.00,23.0556,23.0762,22.8585,22.8810,37441357,1040291,1529252,37446456.0000,1037594.8750,1530457.7500,13,5234,119
00:32:28,2004.34,22.54,79.51,3276.70,0.00,23.0556,23.0721,22.8547,22.8750,37446350,1040340,1529252,37446456.0000,1037594.8750,1530208.6250,13,5234,119
00:32:29,2031.50,22.54,79.51,3276.70,0.00,23.0509,23.0698,22.8531,22.8725,37444575,1040506,1529260,37445832.0000,1038826.5625,1530141.0000,13,5234,119
00:32:31,1998.91,22.54,79.51,3276.70,0.00,23.0509,23.0679,22.8528,22.8706,37444315,1040631,1531092,37445568.0000,1038990.3750,1530160.3750,13,5234,119
00:32:33,1993.48,22.54,79.48,3276.70,0.00,23.0475,23.0666,22.8515,22.8706,37441605,1040631,1531092,37445360.0000,1039137.5625,1530119.1250,13,5234,119
00:32:35,1998.91,22.54,79.48,3276.70,0.00,23.0471,23.0654,22.8515,22.8706,37444637,1040631,1527938,37445224.0000,1039288.2500,1529938.5000,12,5234,120
00:32:37,2009.78,22.54,79.54,3276.70,0.00,23.0496,23.0638,22.8537,22.8668,37441120,1040716,1528580,37445096.0000,1039332.8750,1529896.0000,13,5234,120
00:32:40,1939.18,22.54,79.57,3276.70,0.00,23.0496,23.0628,22.8537,22.8654,37441120,1040716,1528580,37445472.0000,1039492.3125,1529720.7500,13,5234,120
00:32:43,1971.76,22.54,79.57,3276.70,0.00,23.0496,23.0609,22.8537,22.8634,37441120,1040440,1528346,37445196.0000,1039614.3750,1529586.1250,13,5234,120
00:32:44,1955.47,22.53,79.61,3276.70,0.00,23.0496,23.0595,22.8457,22.8623,37445245,1040346,1528249,37445196.0000,1039662.9375,1529507.6250,13,5234,120
00:32:46,1966.33,22.53,79.63,3276.70,0.00,23.0449,23.0590,22.8453,22.8617,37435780,1040457,1528249,37445196.0000,1039662.9375,1529481.3750,13,5234,120
00:32:47,1998.91,22.54,79.60,3276.70,0.00,23.0443,23.0577,22.8466,22.8603,37440706,1040609,1527859,37444704.0000,1039744.1250,1529370.1250,13,5234,120
00:32:49,2053.22,22.54,79.57,3276.70,0.00,23.0437,23.0567,22.8485,22.8595,37435329,1040546,1527780,37444144.0000,1039795.4375,1529320.3750,13,5234,121
00:32:50,2069.51,22.54,79.61,3276.70,0.00,23.0454,23.0559,22.8503,22.8588,37443924,1040353,1528004,37443920.0000,1039831.0625,1529266.1250,13,5234,121
00:32:53,1950.04,22.54,79.61,3276.70,0.00,23.0454,23.0551,22.8503,22.8580,37440972,1040483,1528008,37443532.0000,1039883.3125,1529163.1250,14,5234,121
00:32:54,1971.76,22.54,79.60,3276.70,0.00,23.0504,23.0550,22.8503,22.8576,37436403,1040376,1528307,37443104.0000,1039910.6875,1529136.3750,13,5234,121
00:32:58,1939.18,22.54,79.60,3276.70,0.00,23.0527,23.0547,22.8503,22.8571,37436403,1040486,1528393,37443104.0000,1039910.6875,1529136.3750,13,5234,121
00:33:00,1944.61,22.54,79.65,3276.70,0.00,23.0561,23.0546,22.8588,22.8570,37439399,1040486,1529683,37441916.0000,1040053.1250,1529134.6250,13,5234,121
00:33:01,1912.02,22.54,79.64,3276.70,0.00,23.0587,23.0548,22.8588,22.8572,37432045,1040616,1529547,37441608.0000,1040070.6875,1529147.5000,13,5234,121
00:33:04,1988.05,22.54,79.69,3276.70,0.00,23.0587,23.0549,22.8603,22.8575,37437326,1040616,1528408,37441028.0000,1040070.6875,1529140.5000,13,5234,121
00:33:07,2004.34,22.54,79.70,3276.70,0.00,23.0581,23.0549,22.8599,22.8575,37438041,1040376,1528717,37440752.0000,1040151.6875,1529123.2500,13,5234,121
00:33:09,1988.05,22.54,79.81,3276.70,0.00,23.0607,23.0555,22.8610,22.8578,37438526,1039746,1528803,37440752.0000,1040151.6875,1529123.2500,13,5234,121
00:33:10,2015.21,22.54,79.89,3276.70,0.00,23.0630,23.0561,22.8661,22.8583,37433697,1038514,1529190,37440148.0000,1040025.6875,1529137.8750,17,5234,121
00:33:11,2004.34,22.54,79.96,3276.70,0.00,23.0661,23.0564,22.8683,22.8586,37430622,1038288,1529472,37439852.0000,1039971.3750,1529148.2500,18,5234,121
00:33:14,2036.93,22.54,79.96,3276.70,0.00,23.0756,23.0578,22.8763,22.8599,37428272,1037432,1529510,37438824.0000,1039971.3750,1529193.1250,20,5234,121
00:33:15,2053.22,22.54,80.05,3276.70,0.00,23.0814,23.0591,22.8813,22.8611,37433364,1037086,1529752,37438392.0000,1039620.3750,1529210.6250,21,5234,121
00:33:17,2020.64,22.55,80.07,3276.70,0.00,23.0860,23.0607,22.8868,22.8611,37421467,1036513,1529072,37437616.0000,1039337.9375,1529210.6250,21,5234,121
00:33:19,2053.22,22.56,80.08,3276.70,0.00,23.0898,23.0624,22.8868,22.8649,37425780,1036197,1530393,37436620.0000,1039143.6250,1529314.2500,23,5234,120
00:33:19,2058.65,22.56,80.12,3276.70,0.00,23.0947,23.0643,22.8931,22.8657,37426602,1035739,1530006,37436304.0000,1039037.2500,1529335.8750,24,5234,120
00:33:21,2074.94,22.56,80.14,3276.70,0.00,23.0981,23.0653,22.8959,22.8667,37425520,1035612,1530336,37435968.0000,1039037.2500,1529335.8750,24,5234,120
00:33:23,2020.64,22.56,80.14,3276.70,0.00,23.0981,23.0675,22.8959,22.8698,37425520,1035279,1531624,37434912.0000,1038525.3750,1529537.6250,24,5234,120
00:33:25,2129.25,22.57,80.14,3276.70,0.00,23.1115,23.0675,22.8959,22.8698,37425520,1035095,1531565,37434384.0000,1038314.9375,1529656.6250,25,5234,120
00:33:28,2069.51,22.58,80.15,3276.70,0.00,23.1197,23.0752,22.9145,22.8758,37423748,1034555,1531018,37433776.0000,1038090.1875,1529744.6250,26,5234,120
00:33:31,2107.53,22.59,80.17,3276.70,0.00,23.1237,23.0752,22.9202,22.8758,37428910,1033932,1531018,37433776.0000,1037493.5625,1529973.5000,28,5234,119
00:33:35,2096.67,22.59,80.20,3276.70,0.00,23.1321,23.0868,22.9202,22.8758,37428910,1033046,1531018,37433776.0000,1037493.5625,1530196.8750,30,5234,119
00:33:37,2031.50,22.60,80.20,3276.70,0.00,23.1321,23.0931,22.9202,22.8946,37415632,1032502,1532348,37428736.0000,1036482.4375,1530381.2500,31,5234,118
00:33:40,2178.13,22.61,80.19,3276.70,0.00,23.1482,23.0931,22.9464,22.8946,37415632,1032142,1532318,37427728.0000,1036482.4375,1530381.2500,31,5234,118
00:33:45,2134.68,22.61,80.20,3276.70,0.00,23.1493,23.1040,22.9492,22.9038,37416104,1032142,1532318,37426408.0000,1036482.4375,1530874.0000,31,5234,118
00:33:47,2156.40,22.61,80.21,3276.70,0.00,23.1577,23.1111,22.9559,22.9108,37423595,1031649,1532431,37425796.0000,1036482.4375,1531106.2500,33,5234,117
00:33:50,2156.40,22.63,80.20,3276.70,0.00,23.1639,23.1157,22.9616,22.9152,37412246,1031110,1532431,37425796.0000,1034661.1875,1531255.8750,33,5234,117
00:33:53,2123.82,22.63,80.23,3276.70,0.00,23.1610,23.1198,22.9621,22.9195,37418954,1031110,1533525,37425796.0000,1034661.1875,1531255.8750,33,5234,116
00:33:55,2134.68,22.63,80.23,3276.70,0.00,23.1544,23.1253,22.9575,22.9253,37422862,1032240,1532472,37425008.0000,1033967.1250,1531728.6250,30,5234,116
00:33:58,2107.53,22.63,80.16,3276.70,0.00,23.1522,23.1261,22.9565,22.9271,37430940,1033085,1532472,37425008.0000,1033967.1250,1531809.7500,29,5234,116
00:34:00,2047.79,22.63,80.09,3276.70,0.00,23.1522,23.1289,22.9468,22.9297,37431305,1033962,1532661,37426016.0000,1033967.1250,1531809.7500,29,5234,116
00:34:02,2085.80,22.62,79.98,3276.70,0.00,23.1391,23.1295,22.9430,22.9305,37432809,1034339,1533074,37426284.0000,1033928.1875,1531955.0000,26,5234,115
00:34:06,2074.94,22.62,79.91,3276.70,0.00,23.1362,23.1299,22.9430,22.9305,37432809,1034892,1533074,37426284.0000,1034080.5000,1531955.0000,26,5234,116
00:34:09,2102.10,22.61,79.91,3276.70,0.00,23.1362,23.1297,22.9430,22.9305,37432809,1034413,1530745,37427688.0000,1034166.5000,1531929.1250,26,5234,116
00:34:12,2107.53,22.61,80.00,3276.70,0.00,23.1205,23.1288,22.9257,22.9304,37430664,1034107,1532429,37427688.0000,1034166.5000,1531929.1250,26,5234,116
00:34:13,2112.96,22.61,80.04,3276.70,0.00,23.1282,23.1284,22.9324,22.9304,37416381,1032538,1531198,37426976.0000,1034033.6875,1531860.8750,31,5234,116
00:34:17,2145.54,22.61,80.04,3276.70,0.00,23.1282,23.1297,22.9324,22.9314,37416381,1030863,1531198,37424632.0000,1033634.7500,1531887.7500,35,5234,116
00:34:19,2194.42,22.62,80.07,3276.70,0.00,23.1560,23.1318,22.9540,22.9332,37408864,1030208,1532860,37424136.0000,1033527.6875,1531918.1250,35,5234,116
00:34:20,2199.85,22.63,80.10,3276.70,0.00,23.1598,23.1334,22.9585,22.9347,37412884,1029723,1533328,37423324.0000,1033299.8750,1531988.1250,37,5234,116
00:34:22,2313.89,22.63,80.13,3276.70,0.00,23.1620,23.1343,22.9601,22.9355,37413491,1029481,1533181,37423016.0000,1033180.5625,1532025.3750,38,5234,116
00:34:23,2216.14,22.64,80.19,3276.70,0.00,23.1739,23.1374,22.9730,22.9384,37409866,1027925,1532752,37421936.0000,1032759.8125,1532097.1250,42,5234,116
00:34:25,2161.83,22.64,80.27,3276.70,0.00,23.1739,23.1400,22.9730,22.9419,37402064,1027456,1532958,37420136.0000,1032250.4375,1532158.0000,43,5234,115
00:34:27,2123.82,22.65,80.11,3276.70,0.00,23.1792,23.1424,22.9770,22.9419,37415376,1030787,1534831,37419588.0000,1032086.5625,1532276.5000,34,5234,115
00:34:29,2069.51,22.65,79.92,3276.70,0.00,23.1730,23.1424,22.9770,22.9456,37415376,1037879,1535718,37423224.0000,1032456.0625,1532544.7500,18,5234,115
00:34:30,2031.50,22.65,79.66,3276.70,0.00,23.1446,23.1454,22.9425,22.9458,37479777,1039605,1535080,37424992.0000,1032679.5000,1532624.0000,14,5234,115
00:34:31,2009.78,22.66,79.58,3276.70,0.00,23.1306,23.1449,22.9279,22.9452,37490917,1043040,1534016,37428888.0000,1033264.6250,1532713.8750,7,5234,114
00:34:32,1982.62,22.67,79.42,3276.70,0.00,23.1004,23.1427,22.8965,22.9426,37493736,1044660,1534191,37430916.0000,1033620.7500,1532760.0000,3,5234,114
00:34:35,1928.32,22.67,79.34,3276.70,0.00,23.0846,23.1427,22.8650,22.9426,37497328,1047459,1532312,37434984.0000,1033620.7500,1532747.2500,-7,5234,114
00:34:36,1912.02,22.68,79.11,3276.70,0.00,23.0411,23.1330,22.8348,22.9323,37502345,1050345,1532197,37439092.0000,1035367.6875,1532730.0000,-10,5234,114
00:34:37,1890.30,22.68,79.03,3276.70,0.00,23.0268,23.1297,22.8200,22.9288,37501962,1051668,1531859,37441056.0000,1035877.0625,1532702.7500,-12,5234,115
00:34:39,1694.80,22.68,78.96,3276.70,0.00,23.0139,23.1261,22.8200,22.9208,37501962,1055387,1529587,37446792.0000,1037534.8750,1532451.0000,-12,5234,115
00:34:41,1656.78,22.69,78.17,3276.70,0.00,22.9618,23.1129,22.7523,22.9208,37546904,1055387,1528893,37455144.0000,1040275.5000,1532162.7500,-68,5234,116
00:34:44,1640.49,22.68,77.91,3276.70,0.00,22.9618,23.0877,22.6551,22.8844,37521463,1073794,1525472,37455144.0000,1042351.2500,1531776.6250,-68,5234,117
00:34:45,1629.63,22.67,77.81,3276.70,0.00,22.8441,23.0730,22.6279,22.8689,37512657,1073757,1524182,37462808.0000,1044281.4375,1531324.0000,-66,5234,117
00:34:46,1759.97,22.67,77.81,3276.70,0.00,22.8327,23.0583,22.6151,22.8534,37511080,1074508,1521719,37465832.0000,1046128.0000,1530794.2500,-68,5234,119
00:34:49,1895.73,22.67,78.38,3276.70,0.00,22.8327,23.0583,22.6501,22.8534,37439433,1056787,1519700,37466256.0000,1047797.5625,1529837.7500,-23,5234,121
00:34:52,1944.61,22.67,78.68,3276.70,0.00,22.8327,23.0308,22.6501,22.8203,37439433,1043503,1522449,37460616.0000,1047683.6250,1528810.0000,7,5234,122
00:34:54,1944.61,22.76,78.68,3276.70,0.00,22.8327,23.0217,22.6501,22.8119,37418011,1040811,1526755,37456480.0000,1047119.1250,1528481.8750,13,5234,122
00:34:55,1944.61,22.80,78.56,3276.70,0.00,23.0040,23.0202,22.7840,22.8110,37421995,1040960,1527345,37455400.0000,1046926.6250,1528446.3750,12,5234,122
00:34:57,1944.61,22.81,78.52,3276.70,0.00,23.0144,23.0200,22.7957,22.8105,37429732,1042418,1527345,37455400.0000,1046630.1250,1528452.5000,9,5234,122
00:34:58,1944.61,22.84,78.49,3276.70,0.00,23.0327,23.0205,22.8151,22.8105,37442356,1042573,1530036,37453752.0000,1046503.3125,1528502.0000,8,5234,122
00:34:59,1944.61,22.86,78.44,3276.70,0.00,23.0479,23.0220,22.8316,22.8115,37442356,1042795,1531468,37453192.0000,1046171.0625,1528707.8750,7,5234,122
00:35:01,1944.61,22.86,78.44,3276.70,0.00,23.0614,23.0241,22.8460,22.8134,37451582,1043205,1531369,37453140.0000,1046078.3750,1528791.1250,7,5234,122
00:35:02,1950.04,22.89,78.38,3276.70,0.00,23.0677,23.0255,22.8529,22.8146,37454514,1043227,1531671,37453184.0000,1045989.2500,1528881.1250,7,5234,122
00:35:04,1950.04,22.90,78.35,3276.70,0.00,23.0741,23.0270,22.8529,22.8175,37454514,1043367,1532850,37453692.0000,1045746.5000,1529162.5000,7,5234,121
00:35:06,1955.47,22.93,78.29,3276.70,0.00,23.0923,23.0323,22.8786,22.8175,37464131,1043136,1532850,37454664.0000,1045746.5000,1529497.5000,6,5234,121
00:35:09,1982.62,22.96,78.22,3276.70,0.00,23.0923,23.0411,22.8786,22.8321,37464131,1043382,1536206,37456812.0000,1045268.5000,1530143.1250,6,5234,119
00:35:10,2004.34,22.98,78.25,3276.70,0.00,23.1368,23.0489,22.9240,22.8375,37469658,1042296,1535310,37457216.0000,1045175.5625,1530304.6250,8,5234,119
00:35:12,2036.93,23.00,78.30,3276.70,0.00,23.1474,23.0520,22.9341,22.8405,37459389,1040278,1535310,37457056.0000,1044810.1250,1530304.6250,8,5234,119
00:35:15,2026.07,23.02,78.30,3276.70,0.00,23.1474,23.0627,22.9341,22.8548,37448362,1040278,1538194,37455944.0000,1043778.9375,1530304.6250,22,5234,117
00:35:17,2026.07,23.07,78.30,3276.70,0.00,23.2140,23.0794,22.9987,22.8672,37469331,1037406,1539961,37456444.0000,1043359.7500,1531870.3750,19,5234,116
00:35:19,2015.21,23.07,78.08,3276.70,0.00,23.2259,23.0882,23.0108,22.8758,37475988,1037406,1540752,37458136.0000,1043359.7500,1531870.3750,16,5234,115
00:35:21,2004.34,23.07,78.03,3276.70,0.00,23.2395,23.0882,23.0278,22.8933,37491693,1039779,1542278,37460480.0000,1042512.2500,1533465.5000,13,5234,114
00:35:23,2004.34,23.13,77.90,3276.70,0.00,23.2449,23.1102,23.0303,22.8975,37496438,1040614,1542169,37461604.0000,1042452.9375,1533737.5000,13,5234,113
00:35:25,1998.91,23.13,77.84,3276.70,0.00,23.2525,23.1102,23.0383,22.8975,37501584,1041386,1542190,37466232.0000,1042307.4375,1534721.8750,9,5234,111
00:35:27,1998.91,23.17,77.77,3276.70,0.00,23.2581,23.1310,23.0441,22.9182,37501584,1041386,1543259,37468496.0000,1042262.3750,1535233.7500,9,5234,110
00:35:28,1998.91,23.18,77.75,3276.70,0.00,23.2648,23.1391,23.0441,22.9302,37505323,1041692,1542873,37470768.0000,1042220.8750,1535715.2500,8,5234,110
00:35:30,1998.91,23.18,77.65,3276.70,0.00,23.2719,23.1471,23.0579,22.9341,37506695,1041720,1542873,37473024.0000,1042191.9375,1536209.2500,8,5234,109
00:35:32,1998.91,23.21,77.60,3276.70,0.00,23.2719,23.1471,23.0693,22.9341,37510351,1041875,1544763,37475312.0000,1042169.8750,1536737.5000,8,5234,107
00:35:35,2004.34,23.21,77.54,3276.70,0.00,23.2719,23.1711,23.0693,22.9579,37510351,1041875,1545494,37479928.0000,1042135.9375,1536737.5000,7,5234,106
00:35:38,2004.34,23.26,77.43,3276.70,0.00,23.2719,23.1873,23.0693,22.9738,37517947,1042049,1545061,37483352.0000,1042126.4375,1538374.1250,7,5234,105
00:35:39,1998.91,23.27,77.36,3276.70,0.00,23.2719,23.1873,23.1068,22.9819,37520949,1042024,1545959,37485572.0000,1042119.9375,1538824.7500,7,5234,104
00:35:42,1998.91,23.27,77.32,3276.70,0.00,23.3302,23.2035,23.1150,22.9899,37523619,1042176,1546775,37487888.0000,1042119.9375,1539543.6250,7,5234,103
00:35:44,1998.91,23.30,77.32,3276.70,0.00,23.3426,23.2157,23.1272,23.0020,37526932,1042260,1547374,37491396.0000,1042119.9375,1540257.0000,6,5234,102
00:35:46,2004.34,23.32,77.16,3276.70,0.00,23.3426,23.2280,23.1272,23.0181,37533140,1042533,1548781,37496176.0000,1042119.9375,1541005.8750,5,5234,100
00:35:48,2004.34,23.34,77.16,3276.70,0.00,23.3674,23.2402,23.1518,23.0261,37534785,1042613,1548781,37499676.0000,1042210.6250,1541788.0000,5,5234,100
00:35:50,2004.34,23.35,77.06,3276.70,0.00,23.3674,23.2484,23.1594,23.0261,37538318,1042684,1548645,37502024.0000,1042237.1875,1542206.3750,5,5234,98
00:35:52,2004.34,23.37,76.98,3276.70,0.00,23.3831,23.2565,23.1673,23.0261,37539566,1042758,1551208,37504376.0000,1042237.1875,1542730.7500,5,5234,97
00:35:53,2004.34,23.38,76.94,3276.70,0.00,23.3914,23.2646,23.1750,23.0503,37541427,1042636,1551802,37505536.0000,1042276.1875,1543014.2500,5,5234,97
00:35:54,1998.91,23.38,76.91,3276.70,0.00,23.3952,23.2687,23.1793,23.0543,37541699,1042814,1552365,37506664.0000,1042313.4375,1543584.2500,4,5234,97
00:35:55,1998.91,23.39,76.87,3276.70,0.00,23.4029,23.2768,23.1867,23.0623,37545037,1042937,1551637,37508980.0000,1042332.8750,1543835.8750,4,5234,95
00:35:56,2004.34,23.40,76.84,3276.70,0.00,23.4070,23.2809,23.1906,23.0662,37547485,1042974,1551643,37510184.0000,1042352.9375,1544321.2500,4,5234,95
00:35:58,1998.91,23.40,76.83,3276.70,0.00,23.4108,23.2889,23.1980,23.0742,37549298,1043090,1552565,37512556.0000,1042396.5625,1544578.7500,4,5234,94
00:36:00,1998.91,23.41,76.78,3276.70,0.00,23.4108,23.2970,23.1980,23.0861,37552707,1043268,1553707,37516088.0000,1042466.5625,1545336.1250,3,5234,93
00:36:01,1998.91,23.43,76.71,3276.70,0.00,23.4298,23.3050,23.2131,23.0901,37553191,1043279,1553223,37517248.0000,1042491.9375,1545582.6250,3,5234,92
00:36:03,2004.34,23.44,76.69,3276.70,0.00,23.4336,23.3090,23.2131,23.0980,37553191,1043325,1554843,37520912.0000,1042566.4375,1546303.1250,3,5234,91
00:36:06,2004.34,23.45,76.64,3276.70,0.00,23.4336,23.3249,23.2131,23.1097,37553191,1043435,1554843,37525652.0000,1042669.8750,1547278.5000,2,5234,90
00:36:08,2004.34,23.47,76.52,3276.70,0.00,23.4597,23.3368,23.2424,23.1214,37563266,1043464,1554259,37526828.0000,1042669.8750,1547711.0000,2,5234,89
00:36:09,2004.34,23.48,76.47,3276.70,0.00,23.4669,23.3446,23.2496,23.1291,37565922,1043623,1554641,37529200.0000,1042750.5625,1547927.5000,2,5234,89
00:36:10,2004.34,23.48,76.45,3276.70,0.00,23.4702,23.3485,23.2496,23.1291,37567438,1043770,1556120,37531524.0000,1042810.9375,1548411.3750,1,5234,88
00:36:12,1998.91,23.49,76.40,3276.70,0.00,23.4772,23.3563,23.2601,23.1407,37567438,1043615,1556149,37533808.0000,1042859.3125,1548877.8750,2,5234,87
00:36:13,2004.34,23.49,76.38,3276.70,0.00,23.4845,23.3640,23.2672,23.1484,37569919,1043771,1556710,37534936.0000,1042859.3125,1549122.6250,1,5234,87
00:36:15,2004.34,23.51,76.38,3276.70,0.00,23.4845,23.3718,23.2672,23.1597,37574387,1043889,1556590,37538368.0000,1042978.1875,1549791.7500,1,5234,86
00:36:17,2004.34,23.52,76.24,3276.70,0.00,23.4984,23.3794,23.2810,23.1635,37574457,1043894,1557654,37538368.0000,1043035.5000,1550263.8750,1,5234,85
00:36:19,1998.91,23.53,76.20,3276.70,0.00,23.5048,23.3870,23.2810,23.1710,37574457,1044169,1557654,37538368.0000,1043137.1250,1550926.0000,1,5234,83
00:36:23,2004.34,23.54,76.12,3276.70,0.00,23.5048,23.4020,23.2810,23.1896,37574457,1044254,1559334,37538368.0000,1043264.1250,1551864.3750,0,5234,82
00:36:24,2004.34,23.56,76.12,3276.70,0.00,23.5048,23.4205,23.3178,23.2042,37585925,1044428,1559161,37551980.0000,1043360.0000,1552471.3750,-1,5234,81
00:36:26,2004.34,23.57,75.95,3276.70,0.00,23.5386,23.4242,23.3178,23.2042,37587421,1044507,1559883,37553088.0000,1043395.8125,1552703.0000,-1,5234,81
00:36:27,2004.34,23.58,75.91,3276.70,0.00,23.5450,23.4315,23.3274,23.2151,37590039,1044592,1559798,37555312.0000,1043466.5625,1553157.6250,-1,5234,80
00:36:29,2004.34,23.58,75.89,3276.70,0.00,23.5484,23.4351,23.3304,23.2187,37590241,1044629,1559798,37557536.0000,1043534.5000,1553567.6250,-1,5234,79
00:36:31,2004.34,23.58,75.84,3276.70,0.00,23.5549,23.4423,23.3304,23.2294,37592645,1044605,1561550,37557536.0000,1043534.5000,1554265.5000,-2,5234,78
00:36:32,2004.34,23.60,75.84,3276.70,0.00,23.5643,23.4531,23.3463,23.2364,37597578,1044796,1560883,37561952.0000,1043707.1250,1554676.8750,-2,5234,77
00:36:34,1998.91,23.60,75.84,3276.70,0.00,23.5711,23.4602,23.3527,23.2435,37598433,1044869,1560883,37565212.0000,1043778.4375,1555097.7500,-2,5234,77
00:36:36,2004.34,23.60,75.68,3276.70,0.00,23.5767,23.4672,23.3586,23.2504,37598277,1044863,1561482,37566244.0000,1043778.4375,1555503.1250,-2,5234,76
00:36:38,2004.34,23.63,75.68,3276.70,0.00,23.5767,23.4777,23.3586,23.2642,37602560,1044846,1563240,37570456.0000,1043937.8125,1556189.1250,-2,5234,75
00:36:39,2004.34,23.64,75.57,3276.70,0.00,23.5921,23.4846,23.3741,23.2676,37603857,1044932,1562801,37571500.0000,1043968.8750,1556395.7500,-2,5234,75
00:36:41,2004.34,23.64,75.54,3276.70,0.00,23.5951,23.4880,23.3770,23.2710,37605880,1044932,1562801,37573600.0000,1044041.0000,1556842.0000,-3,5234,74
00:36:41,2004.34,23.65,75.49,3276.70,0.00,23.6013,23.4948,23.3833,23.2778,37606678,1045232,1563557,37574636.0000,1044078.1875,1557051.7500,-3,5234,74
00:36:44,1998.91,23.65,75.47,3276.70,0.00,23.6041,23.4948,23.3833,23.2845,37606678,1045322,1563011,37576752.0000,1044154.1875,1557439.2500,-3,5234,73
00:36:46,1998.91,23.66,75.40,3276.70,0.00,23.6041,23.5117,23.3976,23.2945,37611513,1045378,1563011,37580884.0000,1044299.3750,1558236.5000,-4,5234,72
00:36:48,2004.34,23.67,75.40,3276.70,0.00,23.6215,23.5183,23.4034,23.3011,37612854,1045428,1565589,37582888.0000,1044372.7500,1558678.1250,-4,5234,71
00:36:49,1998.91,23.67,75.32,3276.70,0.00,23.6246,23.5216,23.4057,23.3011,37615293,1045617,1565980,37583900.0000,1044411.6250,1558906.3750,-4,5234,71
00:36:51,2004.34,23.68,75.32,3276.70,0.00,23.6332,23.5315,23.4146,23.3140,37617989,1045651,1565430,37585944.0000,1044488.7500,1559325.5000,-4,5234,70
00:36:53,2004.34,23.68,75.20,3276.70,0.00,23.6332,23.5412,23.4146,23.3236,37619562,1045770,1566410,37588960.0000,1044601.3125,1559923.2500,-5,5234,69
00:36:54,2004.34,23.69,75.14,3276.70,0.00,23.6441,23.5444,23.4259,23.3268,37620648,1045744,1566534,37590944.0000,1044673.0625,1560342.6250,-5,5234,68
00:36:55,1998.91,23.70,75.12,3276.70,0.00,23.6497,23.5507,23.4312,23.3331,37622507,1045937,1567140,37591932.0000,1044712.5625,1560555.0000,-5,5234,68
00:36:57,1998.91,23.70,75.06,3276.70,0.00,23.6528,23.5539,23.4343,23.3362,37624763,1045924,1567140,37591932.0000,1044787.5625,1560555.0000,-5,5234,67
00:37:00,2004.34,23.71,75.00,3276.70,0.00,23.6579,23.5602,23.4395,23.3362,37629280,1045924,1567901,37591932.0000,1044910.6250,1561609.5000,-5,5234,66
00:37:01,2004.34,23.71,74.93,3276.70,0.00,23.6688,23.5726,23.4502,23.3548,37630366,1046248,1568466,37599120.0000,1044990.9375,1562022.5000,-6,5234,65
00:37:02,2004.34,23.72,74.87,3276.70,0.00,23.6711,23.5757,23.4527,23.3579,37630374,1046283,1568969,37600096.0000,1044990.9375,1562454.6250,-6,5234,65
00:37:05,2004.34,23.72,74.83,3276.70,0.00,23.6791,23.5757,23.4607,23.3579,37632097,1046212,1569046,37603816.0000,1045178.8750,1562997.5000,-6,5234,64
00:37:07,2004.34,23.74,74.75,3276.70,0.00,23.6845,23.5908,23.4658,23.3728,37632097,1046360,1569447,37605704.0000,1045249.8750,1563392.5000,-6,5234,63
00:37:09,2004.34,23.74,74.67,3276.70,0.00,23.6845,23.5997,23.4735,23.3846,37638441,1046584,1569447,37608608.0000,1045249.8750,1564172.7500,-7,5234,62
00:37:11,2004.34,23.74,74.58,3276.70,0.00,23.6998,23.6086,23.4809,23.3904,37639461,1046695,1569948,37611408.0000,1045484.6875,1564523.1250,-8,5234,61
00:37:13,2004.34,23.75,74.58,3276.70,0.00,23.7048,23.6144,23.4861,23.3962,37640822,1046629,1569948,37613260.0000,1045556.3750,1564875.5000,-8,5234,61
00:37:14,1998.91,23.76,74.47,3276.70,0.00,23.7097,23.6201,23.4912,23.3962,37642921,1046625,1569948,37615128.0000,1045624.5625,1565230.5000,-8,5234,60
00:37:17,2004.34,23.77,74.42,3276.70,0.00,23.7097,23.6286,23.4980,23.4104,37646726,1046891,1570576,37617056.0000,1045701.3750,1565554.2500,-8,5234,59
00:37:20,2004.34,23.77,74.32,3276.70,0.00,23.7097,23.6286,23.5054,23.4104,37649114,1047094,1572039,37620784.0000,1045856.1250,1566303.7500,-9,5234,59
00:37:23,2004.34,23.78,74.24,3276.70,0.00,23.7097,23.6480,23.5054,23.4296,37649114,1047236,1572605,37620784.0000,1046060.0625,1567173.3750,-10,5234,57
00:37:24,1998.91,23.79,74.11,3276.70,0.00,23.7376,23.6534,23.5192,23.4350,37655030,1047460,1571246,37626348.0000,1046103.8125,1567300.6250,-10,5234,57
00:37:25,2004.34,23.79,74.06,3276.70,0.00,23.7419,23.6587,23.5232,23.4404,37655784,1047461,1572197,37627268.0000,1046146.2500,1567453.6250,-10,5234,56
00:37:26,2004.34,23.79,74.00,3276.70,0.00,23.7466,23.6640,23.5277,23.4456,37658361,1047658,1572334,37629164.0000,1046237.3125,1567763.7500,-10,5234,56
00:37:29,2004.34,23.80,73.96,3276.70,0.00,23.7466,23.6693,23.5277,23.4534,37660323,1047763,1573217,37631936.0000,1046363.0625,1568234.6250,-11,5234,55
00:37:31,1998.91,23.81,73.87,3276.70,0.00,23.7466,23.6770,23.5277,23.4586,37661816,1047798,1573262,37633768.0000,1046450.0000,1568541.1250,-11,5234,55
00:37:32,2004.34,23.81,73.77,3276.70,0.00,23.7614,23.6821,23.5427,23.4636,37662819,1047953,1573262,37636456.0000,1046584.5625,1569080.1250,-11,5234,54
00:37:34,2004.34,23.82,73.74,3276.70,0.00,23.7638,23.6846,23.5471,23.4687,37665109,1047976,1574152,37637352.0000,1046628.0625,1569238.6250,-11,5234,54
00:37:35,2004.34,23.82,73.67,3276.70,0.00,23.7679,23.6896,23.5493,23.4712,37666276,1048096,1574338,37638256.0000,1046673.9375,1569398.0000,-11,5234,53
00:37:37,2004.34,23.82,73.67,3276.70,0.00,23.7721,23.6946,23.5552,23.4786,37670062,1048259,1575636,37641056.0000,1046813.7500,1569949.0000,-11,5234,52
00:37:39,1998.91,23.83,73.67,3276.70,0.00,23.7780,23.7020,23.5552,23.4835,37672215,1048430,1573607,37643864.0000,1046957.1875,1569949.0000,-11,5234,52
00:37:41,2004.34,23.83,73.42,3276.70,0.00,23.7820,23.7068,23.5633,23.4835,37673812,1048487,1574615,37645672.0000,1047052.5000,1569949.0000,-12,5234,51
00:37:43,2004.34,23.84,73.35,3276.70,0.00,23.7883,23.7140,23.5693,23.4835,37673812,1048764,1576148,37648340.0000,1047198.8750,1571048.2500,-13,5234,51
00:37:45,2004.34,23.84,73.29,3276.70,0.00,23.7921,23.7187,23.5732,23.5001,37676399,1048815,1576148,37648340.0000,1047299.6875,1571048.2500,-13,5234,50
00:37:48,2004.34,23.85,73.18,3276.70,0.00,23.7921,23.7279,23.5732,23.5094,37678658,1048932,1576594,37648340.0000,1047299.6875,1572061.7500,-14,5234,49
00:37:50,2004.34,23.86,73.03,3276.70,0.00,23.8036,23.7325,23.5866,23.5162,37681092,1049081,1576837,37655364.0000,1047589.5000,1572396.6250,-14,5234,48
00:37:53,2004.34,23.86,72.91,3276.70,0.00,23.8090,23.7325,23.5918,23.5162,37684543,1049351,1577348,37658760.0000,1047788.4375,1572974.3750,-14,5234,47
00:37:54,2004.34,23.87,72.81,3276.70,0.00,23.8145,23.7458,23.5958,23.5162,37686258,1049549,1578377,37660452.0000,1047893.6250,1573301.0000,-15,5234,47
00:37:57,2004.34,23.87,72.81,3276.70,0.00,23.8145,23.7523,23.5958,23.5359,37686258,1049735,1578138,37663888.0000,1048107.1875,1573899.1250,-16,5234,46
00:38:00,2004.34,23.87,72.60,3276.70,0.00,23.8145,23.7609,23.5958,23.5422,37690104,1049846,1578557,37665476.0000,1048212.5000,1574172.3750,-16,5234,45
00:38:02,2004.34,23.88,72.48,3276.70,0.00,23.8145,23.7671,23.6134,23.5484,37693173,1050042,1578857,37667964.0000,1048375.3125,1574591.3750,-17,5234,45
00:38:04,1998.91,23.88,72.34,3276.70,0.00,23.8337,23.7692,23.6147,23.5484,37693372,1050257,1578490,37669540.0000,1048375.3125,1574930.0000,-17,5234,44
00:38:06,1998.91,23.89,72.21,3276.70,0.00,23.8388,23.7753,23.6199,23.5566,37696182,1050386,1578446,37671128.0000,1048600.2500,1575039.8750,-17,5234,44
00:38:07,2004.34,23.89,72.21,3276.70,0.00,23.8420,23.7793,23.6233,23.5606,37698301,1050584,1579707,37673568.0000,1048780.1250,1575419.0000,-18,5234,43
00:38:09,2004.34,23.89,72.03,3276.70,0.00,23.8453,23.7833,23.6267,23.5646,37699429,1050584,1579707,37675204.0000,1048903.0000,1575698.6250,-19,5234,43
00:38:10,1998.91,23.90,71.93,3276.70,0.00,23.8487,23.7872,23.6300,23.5646,37701296,1050838,1581004,37676848.0000,1049025.3750,1576015.8750,-19,5234,42
00:38:12,2004.34,23.90,71.88,3276.70,0.00,23.8487,23.7930,23.6346,23.5743,37704161,1051131,1580806,37678536.0000,1049152.1250,1576303.8750,-19,5234,42
00:38:14,2004.34,23.91,71.75,3276.70,0.00,23.8551,23.7930,23.6364,23.5743,37706815,1051282,1581043,37680208.0000,1049279.8750,1576600.5000,-20,5234,41
00:38:16,1998.91,23.91,71.75,3276.70,0.00,23.8551,23.8007,23.6405,23.5819,37707653,1051590,1581725,37681832.0000,1049416.1250,1576900.8750,-20,5234,41
00:38:18,2004.34,23.91,71.50,3276.70,0.00,23.8625,23.8044,23.6436,23.5856,37711095,1051536,1581725,37681832.0000,1049416.1250,1577342.5000,-21,5234,40
00:38:21,2004.34,23.91,71.50,3276.70,0.00,23.8673,23.8044,23.6436,23.5911,37711095,1051993,1582090,37687056.0000,1049822.1250,1577736.6250,-21,5234,39
00:38:23,2004.34,23.91,71.18,3276.70,0.00,23.8714,23.8153,23.6532,23.5965,37714668,1051993,1582898,37689564.0000,1050035.5000,1577736.6250,-22,5234,39
00:38:25,1998.91,23.92,71.08,3276.70,0.00,23.8758,23.8206,23.6532,23.5965,37716185,1052383,1582196,37691176.0000,1050179.6250,1578416.8750,-22,5234,38
00:38:26,2004.34,23.92,70.92,3276.70,0.00,23.8782,23.8241,23.6598,23.6054,37717375,1052697,1582196,37693600.0000,1050408.2500,1578729.2500,-23,5234,38
00:38:29,2004.34,23.93,70.87,3276.70,0.00,23.8782,23.8292,23.6598,23.6105,37717375,1052697,1583607,37693600.0000,1050724.0000,1579275.3750,-24,5234,37
00:38:31,2004.34,23.93,70.64,3276.70,0.00,23.8867,23.8343,23.6686,23.6156,37721727,1053167,1582426,37697600.0000,1050724.0000,1579275.3750,-24,5234,37
00:38:32,2004.34,23.93,70.51,3276.70,0.00,23.8893,23.8376,23.6710,23.6189,37725043,1053550,1582692,37699232.0000,1050964.6250,1579556.6250,-25,5234,37
00:38:34,1998.91,23.94,70.51,3276.70,0.00,23.8893,23.8409,23.6710,23.6238,37729070,1053873,1582247,37701788.0000,1051220.6250,1579852.2500,-26,5234,36
00:38:37,1998.91,23.94,70.21,3276.70,0.00,23.8944,23.8409,23.6710,23.6270,37729350,1054075,1583574,37701788.0000,1051220.6250,1579852.2500,-26,5234,36
00:38:39,1998.91,23.94,70.01,3276.70,0.00,23.8985,23.8488,23.6800,23.6302,37732764,1054363,1583574,37706112.0000,1051661.0000,1579852.2500,-28,5234,35
00:38:41,2004.34,23.94,69.89,3276.70,0.00,23.8985,23.8550,23.6800,23.6302,37734693,1054920,1584929,37708672.0000,1051940.5000,1580987.5000,-29,5234,34
00:38:43,2004.34,23.95,69.89,3276.70,0.00,23.9058,23.8581,23.6800,23.6302,37738531,1055363,1586361,37711244.0000,1052239.3750,1581315.6250,-29,5234,34
00:38:45,2004.34,23.95,69.47,3276.70,0.00,23.9081,23.8581,23.6908,23.6302,37741364,1055713,1587416,37713888.0000,1052545.8750,1581812.2500,-30,5234,33
00:38:48,2004.34,23.95,69.25,3276.70,0.00,23.9115,23.8581,23.6945,23.6302,37743402,1056005,1586941,37715656.0000,1052862.7500,1582268.6250,-32,5234,32
00:38:51,2004.34,23.95,69.04,3276.70,0.00,23.9150,23.8581,23.6979,23.6302,37746752,1056520,1586941,37719296.0000,1053195.1250,1582652.6250,-32,5234,32
00:38:53,2004.34,23.96,68.81,3276.70,0.00,23.9186,23.8581,23.7012,23.6302,37750252,1057256,1587209,37722096.0000,1053543.3750,1583059.8750,-34,5234,31
00:38:55,1998.91,23.96,68.57,3276.70,0.00,23.9217,23.8782,23.7033,23.6598,37751589,1057471,1587209,37723928.0000,1053788.2500,1583340.8750,-35,5234,31
00:38:56,2004.34,23.96,68.41,3276.70,0.00,23.9237,23.8810,23.7057,23.6625,37751354,1057746,1587790,37724784.0000,1053788.2500,1583607.1250,-36,5234,30
00:38:59,1998.91,23.96,68.24,3276.70,0.00,23.9259,23.8810,23.7087,23.6665,37755074,1058192,1588638,37724784.0000,1054413.3750,1584053.3750,-36,5234,29
00:39:00,1998.91,23.97,67.98,3276.70,0.00,23.9291,23.8876,23.7109,23.6692,37758318,1058613,1588345,37729308.0000,1054544.6250,1584187.5000,-38,5234,29
00:39:02,2004.34,23.97,67.80,3276.70,0.00,23.9291,23.8915,23.7109,23.6743,37762929,1059359,1588027,37733168.0000,1055082.0000,1584701.3750,-40,5234,28
00:39:04,2004.34,23.97,67.80,3276.70,0.00,23.9337,23.8940,23.7155,23.6756,37766491,1059739,1588910,37735144.0000,1055362.6250,1584947.5000,-41,5234,28
00:39:05,1998.91,23.97,67.44,3276.70,0.00,23.9347,23.8940,23.7155,23.6781,37767053,1059941,1588318,37736140.0000,1055505.7500,1585052.7500,-41,5234,28
00:39:08,2004.34,23.97,67.44,3276.70,0.00,23.9374,23.8989,23.7155,23.6805,37767053,1060652,1588639,37736140.0000,1056101.8750,1585506.5000,-44,5234,27
00:39:10,1998.91,23.98,66.88,3276.70,0.00,23.9403,23.9026,23.7155,23.6854,37774495,1061307,1591072,37742112.0000,1056412.8750,1585843.0000,-45,5234,27
00:39:12,2004.34,23.98,66.70,3276.70,0.00,23.9425,23.9061,23.7155,23.6878,37776240,1061748,1590542,37744160.0000,1056733.6250,1586152.1250,-46,5234,26
00:39:14,1998.91,23.98,66.70,3276.70,0.00,23.9445,23.9084,23.7264,23.6901,37780301,1062199,1590542,37744160.0000,1056733.6250,1586535.6250,-48,5234,26
00:39:17,1998.91,23.98,66.70,3276.70,0.00,23.9445,23.9129,23.7264,23.6957,37785558,1063446,1590534,37751756.0000,1057924.5000,1586991.7500,-51,5234,25
00:39:18,2004.34,23.98,65.86,3276.70,0.00,23.9494,23.9151,23.7316,23.6968,37785781,1063750,1590806,37752820.0000,1058106.5000,1587111.0000,-51,5234,25
00:39:20,1998.91,23.98,65.64,3276.70,0.00,23.9504,23.9162,23.7316,23.6979,37785781,1064172,1590806,37756056.0000,1058662.3750,1587400.0000,-54,5234,24
00:39:22,1998.91,23.98,65.33,3276.70,0.00,23.9527,23.9194,23.7346,23.7011,37791789,1064869,1590338,37757172.0000,1058662.3750,1587612.0000,-55,5234,24
00:39:23,1998.91,23.99,65.13,3276.70,0.00,23.9540,23.9215,23.7364,23.7032,37794460,1065419,1590688,37759420.0000,1059250.2500,1587708.1250,-56,5234,24
00:39:24,1998.91,23.99,65.02,3276.70,0.00,23.9549,23.9225,23.7368,23.7043,37793155,1065637,1591211,37760472.0000,1059449.7500,1587817.6250,-57,5234,24
00:39:26,1998.91,23.99,64.91,3276.70,0.00,23.9558,23.9235,23.7386,23.7063,37796666,1066037,1591211,37760472.0000,1059449.7500,1588165.6250,-59,5234,23
00:39:29,2004.34,23.99,64.57,3276.70,0.00,23.9558,23.9275,23.7386,23.7103,37796666,1067422,1591211,37768240.0000,1060914.2500,1588165.6250,-59,5234,22
00:39:30,1998.91,23.99,64.13,3276.70,0.00,23.9607,23.9305,23.7426,23.7122,37805278,1068269,1593095,37770556.0000,1061355.7500,1588967.7500,-64,5234,22
00:39:32,1998.91,23.99,63.89,3276.70,0.00,23.9619,23.9323,23.7439,23.7122,37805278,1068607,1591824,37771712.0000,1061582.3750,1589057.0000,-65,5234,22
00:39:34,1998.91,24.00,63.67,3276.70,0.00,23.9632,23.9342,23.7450,23.7122,37810334,1069378,1593713,37775148.0000,1061582.3750,1589443.0000,-67,5234,21
00:39:35,2004.34,24.00,63.67,3276.70,0.00,23.9649,23.9369,23.7469,23.7187,37813083,1070176,1593442,37777408.0000,1062741.3750,1589689.3750,-69,5234,21
00:39:37,2004.34,24.00,63.22,3276.70,0.00,23.9657,23.9386,23.7483,23.7205,37815598,1070176,1593833,37779764.0000,1063228.5000,1589928.7500,-69,5234,21
00:39:39,2004.34,24.00,62.89,3276.70,0.00,23.9677,23.9404,23.7492,23.7222,37819379,1071884,1593692,37783348.0000,1063983.1250,1590265.7500,-69,5234,20
00:39:41,2004.34,24.00,62.78,3276.70,0.00,23.9682,23.9412,23.7492,23.7222,37821056,1072162,1593731,37783348.0000,1063983.1250,1590485.5000,-69,5234,20
00:39:44,1998.91,24.00,62.44,3276.70,0.00,23.9697,23.9412,23.7524,23.7222,37826941,1073670,1593731,37783348.0000,1063983.1250,1590897.5000,-69,5234,19
00:39:46,2004.34,24.00,61.97,3276.70,0.00,23.9697,23.9477,23.7524,23.7303,37832586,1075099,1593931,37794204.0000,1066400.6250,1591177.6250,-69,5234,19
00:39:48,1998.91,24.01,61.59,3276.70,0.00,23.9733,23.9492,23.7551,23.7310,37833684,1075345,1593010,37794204.0000,1066680.1250,1591234.8750,-69,5234,19
00:39:51,1998.91,24.01,61.34,3276.70,0.00,23.9733,23.9492,23.7565,23.7310,37839515,1077003,1594691,37800496.0000,1067842.6250,1591642.3750,-69,5234,18
00:39:53,2004.34,24.01,61.34,3276.70,0.00,23.9733,23.9492,23.7584,23.7310,37843756,1078319,1594882,37800496.0000,1067842.6250,1591961.2500,-69,5234,18
00:39:56,2004.34,24.01,60.55,3276.70,0.00,23.9777,23.9492,23.7596,23.7375,37848791,1078319,1594882,37808220.0000,1067842.6250,1592359.6250,-69,5234,17
00:39:58,2004.34,24.01,60.03,3276.70,0.00,23.9777,23.9584,23.7617,23.7402,37848791,1081463,1595291,37813400.0000,1071040.6250,1592648.1250,-69,5234,17
00:40:00,1998.91,24.01,59.76,3276.70,0.00,23.9807,23.9598,23.7625,23.7416,37855901,1081463,1595291,37814728.0000,1071381.7500,1592736.3750,-69,5234,17
00:40:01,1998.91,24.01,59.52,3276.70,0.00,23.9811,23.9604,23.7630,23.7416,37860079,1083067,1595439,37817448.0000,1072085.7500,1592892.6250,-69,5234,16
00:40:03,1998.91,24.01,59.28,3276.70,0.00,23.9811,23.9623,23.7630,23.7447,37863616,1084365,1596197,37821504.0000,1073160.2500,1593152.8750,-69,5234,16
00:40:05,2004.34,24.02,58.93,3276.70,0.00,23.9829,23.9635,23.7646,23.7453,37865090,1085278,1596209,37824172.0000,1073892.5000,1593345.1250,-69,5234,16
00:40:07,1998.91,24.02,58.61,3276.70,0.00,23.9835,23.9653,23.7653,23.7471,37867404,1086189,1595424,37826824.0000,1074634.5000,1593490.0000,-69,5234,16
00:40:10,1998.91,24.02,58.51,3276.70,0.00,23.9838,23.9653,23.7661,23.7471,37870344,1086189,1595424,37832008.0000,1074634.5000,1593845.1250,-69,5234,15
00:40:13,1998.91,24.02,58.12,3276.70,0.00,23.9846,23.9653,23.7666,23.7471,37877587,1089515,1596993,37837280.0000,1077667.5000,1594129.2500,-69,5234,15
00:40:14,1998.91,24.02,57.92,3276.70,0.00,23.9843,23.9698,23.7666,23.7517,37878540,1089833,1596160,37838568.0000,1078047.6250,1594192.6250,-69,5234,14
00:40:15,1998.91,24.02,57.84,3276.70,0.00,23.9846,23.9702,23.7670,23.7521,37878840,1090239,1596081,37839828.0000,1078047.6250,1594314.2500,-69,5234,14
00:40:17,2004.34,24.02,57.84,3276.70,0.00,23.9849,23.9715,23.7671,23.7535,37882875,1091525,1596211,37843620.0000,1078047.6250,1594433.6250,-69,5234,14
00:40:20,1998.91,24.02,57.84,3276.70,0.00,23.9851,23.9723,23.7671,23.7535,37886849,1092268,1597015,37847480.0000,1080733.5000,1594633.7500,-69,5234,14
00:40:22,2004.34,24.02,57.30,3276.70,0.00,23.9851,23.9734,23.7677,23.7555,37887146,1093575,1597015,37851128.0000,1081894.8750,1594773.3750,-69,5234,14
00:40:23,2004.34,24.02,57.07,3276.70,0.00,23.9854,23.9741,23.7682,23.7562,37891219,1094220,1596271,37852384.0000,1082280.1250,1594820.1250,-69,5234,14
00:40:25,2004.34,24.02,57.00,3276.70,0.00,23.9855,23.9745,23.7682,23.7569,37894010,1095114,1596927,37854896.0000,1082280.1250,1595027.7500,-69,5234,13
00:40:27,2004.34,24.02,56.77,3276.70,0.00,23.9858,23.9754,23.7682,23.7575,37895047,1095958,1597517,37857336.0000,1082280.1250,1595027.7500,-69,5234,13
00:40:30,1998.91,24.02,56.57,3276.70,0.00,23.9858,23.9766,23.7682,23.7587,37895047,1098083,1597517,37863456.0000,1086207.7500,1595533.1250,-69,5234,13
00:40:31,2004.34,24.02,56.36,3276.70,0.00,23.9861,23.9771,23.7684,23.7593,37903561,1098928,1596938,37865892.0000,1086605.2500,1595577.0000,-69,5234,12
00:40:33,1998.91,24.02,56.22,3276.70,0.00,23.9862,23.9777,23.7684,23.7598,37903897,1099302,1596961,37865892.0000,1086605.2500,1595679.5000,-69,5234,12
00:40:34,2004.34,24.02,56.22,3276.70,0.00,23.9859,23.9784,23.7684,23.7606,37906279,1100646,1597356,37870588.0000,1088197.3750,1595798.3750,-69,5234,12
00:40:38,2004.34,24.02,56.22,3276.70,0.00,23.9862,23.9784,23.7687,23.7606,37906279,1101493,1597356,37870588.0000,1088197.3750,1595959.2500,-69,5234,12
00:40:40,2004.34,24.03,55.64,3276.70,0.00,23.9862,23.9795,23.7689,23.7617,37913377,1102949,1597599,37876460.0000,1090226.0000,1595959.2500,-69,5234,12
00:40:41,1998.91,24.03,55.49,3276.70,0.00,23.9868,23.9800,23.7693,23.7617,37914552,1104137,1597494,37879788.0000,1091451.8750,1596160.8750,-69,5234,12
00:40:43,1998.91,24.03,55.27,3276.70,0.00,23.9868,23.9804,23.7693,23.7627,37917616,1104977,1597238,37882032.0000,1092270.7500,1596239.6250,-69,5234,11
00:40:45,1998.91,24.03,55.27,3276.70,0.00,23.9870,23.9808,23.7696,23.7631,37918846,1105965,1597348,37884288.0000,1092270.7500,1596293.6250,-69,5234,11
00:40:48,1998.91,24.03,54.98,3276.70,0.00,23.9875,23.9812,23.7696,23.7631,37922212,1107514,1597348,37884288.0000,1092270.7500,1596494.5000,-69,5234,11
00:40:51,1998.91,24.03,54.67,3276.70,0.00,23.9875,23.9812,23.7706,23.7631,37928752,1109803,1597963,37893304.0000,1096509.0000,1596704.1250,-69,5234,11
00:40:52,2004.34,24.03,54.67,3276.70,0.00,23.9882,23.9823,23.7706,23.7647,37928119,1110286,1597850,37893304.0000,1096509.0000,1596780.3750,-69,5234,11
00:40:54,2004.34,24.03,54.67,3276.70,0.00,23.9884,23.9827,23.7709,23.7652,37931385,1111768,1597850,37897688.0000,1098246.2500,1596877.0000,-69,5234,11
00:40:55,1998.91,24.03,54.10,3276.70,0.00,23.9881,23.9829,23.7713,23.7653,37933625,1112363,1599434,37898812.0000,1098687.3750,1596956.8750,-69,5234,10
00:40:58,1998.91,24.03,54.03,3276.70,0.00,23.9885,23.9832,23.7713,23.7657,37933625,1113830,1598905,37898812.0000,1100019.8750,1597245.2500,-69,5234,10
00:40:59,1998.91,24.03,53.82,3276.70,0.00,23.9889,23.9835,23.7714,23.7660,37938195,1114824,1598859,37904424.0000,1100019.8750,1597295.6250,-69,5234,10
00:41:00,2004.34,24.03,53.67,3276.70,0.00,23.9893,23.9838,23.7720,23.7663,37938277,1115308,1598922,37904424.0000,1101817.6250,1597407.7500,-69,5234,10
00:41:02,1998.91,24.03,53.50,3276.70,0.00,23.9895,23.9841,23.7720,23.7666,37942248,1116402,1598803,37907688.0000,1102273.3750,1597451.3750,-69,5234,10
00:41:03,1998.91,24.03,53.50,3276.70,0.00,23.9897,23.9845,23.7721,23.7669,37943394,1117330,1600019,37909900.0000,1103183.1250,1597596.5000,-69,5234,10
00:41:06,1998.91,24.03,53.20,3276.70,0.00,23.9900,23.9845,23.7729,23.7669,37948050,1117330,1600019,37914272.0000,1105039.7500,1597738.5000,-69,5234,9
00:41:08,1998.91,24.04,53.20,3276.70,0.00,23.9906,23.9854,23.7729,23.7679,37949124,1120988,1598640,37917476.0000,1106436.3750,1597857.6250,-69,5234,9
00:41:09,1998.91,24.04,52.81,3276.70,0.00,23.9906,23.9857,23.7734,23.7682,37953189,1121587,1598823,37918592.0000,1106909.7500,1597887.7500,-69,5234,9
00:41:12,2004.34,24.04,52.63,3276.70,0.00,23.9909,23.9857,23.7735,23.7682,37956056,1123047,1599328,37921916.0000,1108330.7500,1597973.1250,-69,5234,9
00:41:14,1998.91,24.04,52.43,3276.70,0.00,23.9915,23.9857,23.7739,23.7682,37959710,1124630,1599328,37926388.0000,1110238.6250,1598148.2500,-69,5234,9
00:41:17,1998.91,24.04,52.19,3276.70,0.00,23.9921,23.9869,23.7745,23.7682,37960257,1125686,1599328,37926388.0000,1110238.6250,1598234.1250,-69,5234,9
00:41:18,2004.34,24.04,52.19,3276.70,0.00,23.9923,23.9872,23.7747,23.7697,37963868,1127375,1600003,37930648.0000,1112188.3750,1598289.3750,-69,5234,9
00:41:19,1998.91,24.04,51.79,3276.70,0.00,23.9926,23.9875,23.7750,23.7700,37964328,1127927,1600462,37931700.0000,1112680.2500,1598357.2500,-69,5234,8
00:41:21,1998.91,24.04,51.71,3276.70,0.00,23.9929,23.9875,23.7755,23.7700,37965827,1128946,1601540,37933784.0000,1113666.2500,1598524.2500,-69,5234,8
00:41:22,2004.34,24.04,51.57,3276.70,0.00,23.9934,23.9881,23.7755,23.7700,37970572,1130168,1600132,37937092.0000,1115162.1250,1598692.3750,-69,5234,8
00:41:24,1998.91,24.05,51.41,3276.70,0.00,23.9934,23.9883,23.7760,23.7710,37972989,1130168,1599799,37938216.0000,1115659.8750,1598727.0000,-69,5234,8
00:41:27,1998.91,24.05,51.22,3276.70,0.00,23.9934,23.9887,23.7760,23.7714,37972989,1133400,1600142,37942524.0000,1117687.5000,1598857.1250,-69,5234,8
00:41:29,1998.91,24.05,51.00,3276.70,0.00,23.9934,23.9894,23.7760,23.7719,37977090,1134929,1598998,37945656.0000,1119207.7500,1598857.1250,-69,5234,8
00:41:31,1998.91,24.05,50.73,3276.70,0.00,23.9952,23.9897,23.7773,23.7722,37978028,1135400,1600098,37946664.0000,1119713.7500,1598857.1250,-69,5234,7
00:41:33,1998.91,24.05,50.63,3276.70,0.00,23.9957,23.9900,23.7779,23.7725,37978028,1135400,1600022,37949760.0000,1121241.1250,1599068.6250,-69,5234,7
00:41:34,1998.91,24.05,50.54,3276.70,0.00,23.9963,23.9905,23.7786,23.7730,37983006,1138010,1600209,37951804.0000,1122259.2500,1599141.1250,-69,5234,7
00:41:36,1998.91,24.05,50.45,3276.70,0.00,23.9966,23.9908,23.7789,23.7733,37985655,1138952,1600209,37951804.0000,1123777.8750,1599276.5000,-69,5234,7
00:41:38,1998.91,24.05,50.28,3276.70,0.00,23.9972,23.9911,23.7796,23.7736,37987002,1140003,1600209,37955876.0000,1124284.8750,1599290.0000,-69,5234,7
00:41:41,1998.91,24.05,50.28,3276.70,0.00,23.9972,23.9917,23.7804,23.7736,37987002,1141398,1600209,37959852.0000,1124284.8750,1599490.8750,-69,5234,7
00:41:43,1998.91,24.06,49.85,3276.70,0.00,23.9992,23.9923,23.7804,23.7749,37993224,1143539,1600975,37962816.0000,1127821.2500,1599570.5000,-69,5234,7
00:41:44,1998.91,24.06,49.66,3276.70,0.00,24.0002,23.9928,23.7821,23.7749,37995020,1143993,1601336,37963820.0000,1127821.2500,1599570.5000,-69,5234,7
00:41:46,1998.91,24.06,49.47,3276.70,0.00,24.0009,23.9932,23.7835,23.7757,37999030,1145683,1601818,37966888.0000,1129850.7500,1599780.0000,-69,5234,6
00:41:47,1998.91,24.06,49.47,3276.70,0.00,24.0017,23.9937,23.7835,23.7760,37999546,1146246,1601711,37967908.0000,1130363.1250,1599840.3750,-69,5234,6
00:41:49,1998.91,24.06,49.18,3276.70,0.00,24.0027,23.9937,23.7845,23.7760,38001358,1147850,1601433,37970944.0000,1131905.1250,1599985.8750,-69,5234,6
00:41:52,1998.91,24.06,48.78,3276.70,0.00,24.0044,23.9937,23.7845,23.7772,38001358,1147850,1601375,37973956.0000,1133462.7500,1600115.5000,-69,5234,6
00:41:54,1998.91,24.06,48.56,3276.70,0.00,24.0056,23.9937,23.7845,23.7780,38001358,1147850,1601701,37977076.0000,1135043.6250,1600251.0000,-69,5234,6
00:41:55,1998.91,24.07,48.25,3276.70,0.00,24.0067,23.9965,23.7845,23.7786,38011191,1152541,1602031,37979140.0000,1136104.3750,1600360.3750,-69,5234,6
00:41:57,1998.91,24.07,48.17,3276.70,0.00,24.0078,23.9971,23.7895,23.7793,38013176,1153130,1602144,37980204.0000,1136636.3750,1600416.1250,-69,5234,5
00:41:58,1998.91,24.07,47.85,3276.70,0.00,24.0091,23.9978,23.7905,23.7799,38012878,1154443,1601995,37982216.0000,1137712.7500,1600510.5000,-69,5234,5
00:41:59,1998.91,24.07,47.74,3276.70,0.00,24.0093,23.9982,23.7909,23.7802,38013147,1155030,1602638,37983184.0000,1138253.8750,1600577.0000,-69,5234,5
00:42:00,1998.91,24.08,47.63,3276.70,0.00,24.0100,23.9985,23.7914,23.7805,38015219,1155595,1602221,37984184.0000,1139340.5000,1600655.1250,-69,5234,5
00:42:02,1998.91,24.08,47.51,3276.70,0.00,24.0110,23.9992,23.7927,23.7812,38015219,1155595,1601370,37986128.0000,1139887.7500,1600655.1250,-69,5234,5
00:42:05,1998.91,24.08,47.16,3276.70,0.00,24.0110,24.0004,23.7942,23.7823,38021299,1158692,1602087,37986128.0000,1142088.8750,1600655.1250,-69,5234,5
00:42:06,1998.91,24.08,46.81,3276.70,0.00,24.0141,24.0015,23.7959,23.7834,38025223,1160566,1602466,37992276.0000,1143206.6250,1600942.6250,-69,5234,5
00:42:08,1998.91,24.08,46.57,3276.70,0.00,24.0150,24.0023,23.7969,23.7842,38027462,1161980,1603592,37994360.0000,1143206.6250,1601075.5000,-69,5234,4
00:42:10,1998.91,24.08,46.57,3276.70,0.00,24.0164,24.0031,23.7978,23.7850,38028905,1163114,1603592,37997504.0000,1146047.0000,1601236.0000,-69,5234,4
00:42:12,1998.91,24.08,45.96,3276.70,0.00,24.0164,24.0031,23.7997,23.7862,38032108,1165011,1604050,37999584.0000,1147194.1250,1601373.7500,-69,5234,4
00:42:15,1998.91,24.08,45.70,3276.70,0.00,24.0189,24.0031,23.8010,23.7862,38034140,1165011,1604050,38003704.0000,1149508.7500,1601595.1250,-69,5234,4
00:42:16,1998.91,24.08,45.25,3276.70,0.00,24.0205,24.0065,23.8019,23.7882,38037575,1168070,1603093,38004760.0000,1150088.7500,1601595.1250,-69,5234,4
00:42:19,1998.91,24.09,45.13,3276.70,0.00,24.0205,24.0078,23.8019,23.7895,38037575,1170516,1604178,38008944.0000,1152431.3750,1601875.5000,-69,5234,3
00:42:21,1998.91,24.09,44.64,3276.70,0.00,24.0230,24.0087,23.8045,23.7904,38042044,1171217,1604178,38008944.0000,1152431.3750,1602021.1250,-69,5234,3
00:42:22,1998.91,24.09,44.64,3276.70,0.00,24.0246,24.0100,23.8061,23.7917,38044449,1173169,1603507,38013052.0000,1154797.6250,1602125.1250,-69,5234,3
00:42:24,1998.91,24.10,44.64,3276.70,0.00,24.0256,24.0109,23.8070,23.7926,38047078,1174437,1604150,38015116.0000,1155986.7500,1602258.5000,-69,5234,3
00:42:27,1998.91,24.10,43.84,3276.70,0.00,24.0266,24.0119,23.8085,23.7926,38050344,1176229,1604150,38019256.0000,1158370.6250,1602499.3750,-69,5234,2
00:42:30,1998.91,24.10,43.51,3276.70,0.00,24.0266,24.0137,23.8085,23.7958,38050344,1178814,1604392,38022344.0000,1160170.0000,1602649.3750,-69,5234,2
00:42:31,1998.91,24.10,43.20,3276.70,0.00,24.0266,24.0152,23.8085,23.7967,38056756,1180515,1604203,38025400.0000,1161976.5000,1602813.8750,-69,5234,2
00:42:34,1993.48,24.10,43.00,3276.70,0.00,24.0313,24.0161,23.8126,23.7977,38057428,1181053,1604203,38027392.0000,1161976.5000,1602975.3750,-69,5234,2
00:42:36,1998.91,24.10,42.67,3276.70,0.00,24.0325,24.0170,23.8138,23.7986,38060539,1182978,1603999,38027392.0000,1164372.0000,1603007.3750,-69,5234,2
00:42:37,1998.91,24.10,42.35,3276.70,0.00,24.0340,24.0184,23.8152,23.8000,38064509,1184219,1604973,38027392.0000,1166176.7500,1603146.2500,-69,5234,1
00:42:39,1998.91,24.10,42.13,3276.70,0.00,24.0361,24.0199,23.8168,23.8014,38064747,1186070,1604975,38034436.0000,1167384.1250,1603241.6250,-69,5234,1
00:42:41,1998.91,24.11,41.93,3276.70,0.00,24.0360,24.0204,23.8173,23.8019,38065706,1186626,1605446,38034436.0000,1168587.8750,1603374.7500,-69,5234,1
00:42:44,1998.91,24.11,41.93,3276.70,0.00,24.0360,24.0224,23.8173,23.8038,38068354,1186626,1605038,38040120.0000,1170990.0000,1603568.6250,-69,5234,1
00:42:46,1998.91,24.11,41.32,3276.70,0.00,24.0360,24.0239,23.8210,23.8052,38072296,1190718,1604643,38042092.0000,1172185.2500,1603650.3750,-69,5234,1
00:42:48,1998.91,24.11,41.32,3276.70,0.00,24.0407,24.0249,23.8220,23.8062,38077628,1192040,1605981,38044192.0000,1172185.2500,1603820.1250,-69,5234,0
00:42:50,1998.91,24.11,40.90,3276.70,0.00,24.0429,24.0264,23.8233,23.8077,38077520,1193769,1605290,38047272.0000,1172185.2500,1603939.6250,-69,5234,0
00:42:51,1998.91,24.11,40.72,3276.70,0.00,24.0428,24.0275,23.8247,23.8087,38079455,1194712,1605808,38049236.0000,1176375.0000,1603998.0000,-69,5234,0
00:42:52,1998.91,24.11,40.55,3276.70,0.00,24.0442,24.0280,23.8248,23.8091,38079296,1195305,1605973,38050176.0000,1176966.6250,1604059.6250,-69,5234,0
00:42:53,1998.91,24.11,40.47,3276.70,0.00,24.0448,24.0285,23.8256,23.8102,38080597,1196469,1605616,38052056.0000,1178148.0000,1604142.3750,-69,5234,0
00:42:55,1998.91,24.12,40.29,3276.70,0.00,24.0458,24.0295,23.8268,23.8107,38083396,1197070,1606268,38053036.0000,1178148.0000,1604275.0000,-69,5234,0
00:42:57,1998.91,24.12,40.29,3276.70,0.00,24.0469,24.0295,23.8283,23.8107,38086279,1198796,1605888,38055944.0000,1178148.0000,1604411.5000,-69,5234,0
00:43:00,1998.91,24.12,39.84,3276.70,0.00,24.0469,24.0325,23.8302,23.8137,38086279,1198796,1606652,38059808.0000,1182850.0000,1604411.5000,-69,5234,-1
00:43:04,1998.91,24.12,39.60,3276.70,0.00,24.0469,24.0346,23.8302,23.8157,38086279,1203156,1606652,38063396.0000,1185756.1250,1604411.5000,-69,5234,-1
00:43:05,1993.48,24.12,39.22,3276.70,0.00,24.0529,24.0346,23.8302,23.8178,38092711,1204776,1606792,38066032.0000,1186908.8750,1604901.2500,-69,5234,-1
00:43:08,1993.48,24.12,39.06,3276.70,0.00,24.0540,24.0346,23.8357,23.8178,38094773,1206421,1607222,38068600.0000,1186908.8750,1605119.5000,-69,5234,-1
00:43:09,1998.91,24.12,38.82,3276.70,0.00,24.0556,24.0387,23.8369,23.8198,38095983,1206992,1606696,38069456.0000,1189202.6250,1605168.7500,-69,5234,-2
00:43:10,1998.91,24.12,38.74,3276.70,0.00,24.0565,24.0393,23.8375,23.8204,38098477,1207475,1606752,38071256.0000,1190341.8750,1605257.0000,-69,5234,-2
00:43:12,1998.91,24.13,38.74,3276.70,0.00,24.0579,24.0409,23.8375,23.8204,38099805,1209062,1607419,38073016.0000,1191475.6250,1605375.6250,-69,5234,-2
00:43:15,1998.91,24.13,38.74,3276.70,0.00,24.0579,24.0420,23.8375,23.8235,38099805,1211200,1607571,38076304.0000,1193734.1250,1605608.5000,-69,5234,-2
00:43:16,1998.91,24.13,38.10,3276.70,0.00,24.0607,24.0436,23.8414,23.8245,38101961,1211716,1607503,38077104.0000,1193734.1250,1605717.5000,-69,5234,-2
00:43:19,1998.91,24.13,38.02,3276.70,0.00,24.0616,24.0447,23.8425,23.8255,38105307,1212738,1607503,38079620.0000,1193734.1250,1605815.2500,-69,5234,-3
00:43:20,1998.91,24.13,38.02,3276.70,0.00,24.0632,24.0462,23.8441,23.8271,38105685,1212738,1607928,38082012.0000,1197640.3750,1605966.5000,-69,5234,-3
00:43:24,1998.91,24.13,37.54,3276.70,0.00,24.0632,24.0478,23.8441,23.8287,38105685,1216413,1607285,38084408.0000,1199295.1250,1606076.5000,-69,5234,-3
00:43:26,1998.91,24.13,37.23,3276.70,0.00,24.0661,24.0478,23.8476,23.8287,38112110,1218580,1608349,38087492.0000,1201504.3750,1606273.8750,-69,5234,-3
00:43:28,1998.91,24.13,36.90,3276.70,0.00,24.0681,24.0513,23.8493,23.8323,38111453,1219461,1608081,38088968.0000,1201504.3750,1606431.3750,-69,5234,-3
00:43:31,1993.48,24.13,36.82,3276.70,0.00,24.0681,24.0529,23.8493,23.8338,38112914,1221006,1607424,38091104.0000,1204223.2500,1606431.3750,-69,5234,-4
00:43:33,1998.91,24.13,36.49,3276.70,0.00,24.0707,24.0529,23.8520,23.8354,38115294,1222462,1608728,38093312.0000,1205835.6250,1606431.3750,-69,5234,-4
00:43:35,1998.91,24.13,36.26,3276.70,0.00,24.0721,24.0529,23.8529,23.8354,38117727,1224108,1608587,38095444.0000,1207445.6250,1606837.3750,-69,5234,-4
00:43:37,1993.48,24.14,36.26,3276.70,0.00,24.0736,24.0570,23.8544,23.8379,38119350,1224927,1608363,38096852.0000,1208508.3750,1606949.2500,-69,5234,-4
00:43:38,1993.48,24.14,35.94,3276.70,0.00,24.0739,24.0575,23.8550,23.8384,38119350,1226046,1608727,38098200.0000,1208508.3750,1607055.7500,-69,5234,-4
00:43:40,1998.91,24.14,35.79,3276.70,0.00,24.0746,24.0585,23.8558,23.8395,38119312,1226046,1608309,38099520.0000,1210635.6250,1607147.6250,-69,5234,-5
00:43:42,1993.48,24.14,35.63,3276.70,0.00,24.0759,24.0585,23.8567,23.8395,38122636,1228123,1609538,38100904.0000,1211697.3750,1607282.2500,-69,5234,-5
00:43:44,1998.91,24.14,35.63,3276.70,0.00,24.0759,24.0610,23.8567,23.8425,38122202,1229360,1609011,38102884.0000,1213264.0000,1607434.5000,-69,5234,-5
00:43:46,1998.91,24.14,35.23,3276.70,0.00,24.0780,24.0620,23.8593,23.8425,38122202,1230383,1609099,38104212.0000,1213264.0000,1607552.0000,-69,5234,-5
00:43:47,1993.48,24.14,35.23,3276.70,0.00,24.0796,24.0636,23.8604,23.8445,38126137,1231471,1608920,38105544.0000,1215341.8750,1607619.8750,-69,5234,-5
00:43:48,1998.91,24.14,34.90,3276.70,0.00,24.0798,24.0641,23.8610,23.8450,38125054,1231930,1609153,38106152.0000,1215860.2500,1607667.7500,-69,5234,-5
00:43:50,1993.48,24.14,34.82,3276.70,0.00,24.0804,24.0646,23.8614,23.8450,38125054,1232886,1609590,38107468.0000,1216892.3750,1607769.7500,-69,5234,-6
00:43:52,1993.48,24.14,34.66,3276.70,0.00,24.0804,24.0661,23.8628,23.8471,38126950,1233823,1609850,38108676.0000,1217918.1250,1607909.7500,-69,5234,-6
00:43:53,1998.91,24.14,34.43,3276.70,0.00,24.0828,24.0670,23.8637,23.8480,38128695,1234761,1608696,38109908.0000,1218939.3750,1607963.6250,-69,5234,-6
00:43:55,1998.91,24.14,34.35,3276.70,0.00,24.0834,24.0675,23.8643,23.8480,38129835,1235776,1609507,38111112.0000,1218939.3750,1607963.6250,-69,5234,-6
00:43:57,1998.91,24.15,34.19,3276.70,0.00,24.0839,24.0685,23.8643,23.8500,38132141,1235776,1609696,38113000.0000,1221499.3750,1607963.6250,-69,5234,-6
00:43:58,1998.91,24.15,33.96,3276.70,0.00,24.0856,24.0699,23.8664,23.8509,38133711,1237711,1609696,38114272.0000,1222511.8750,1608268.6250,-69,5234,-6
00:44:00,1998.91,24.15,33.96,3276.70,0.00,24.0856,24.0713,23.8664,23.8528,38135225,1239660,1610025,38116144.0000,1224023.3750,1608439.3750,-69,5234,-7
00:44:02,1998.91,24.15,33.57,3276.70,0.00,24.0876,24.0722,23.8688,23.8528,38136348,1240135,1609475,38116776.0000,1224526.8750,1608471.7500,-69,5234,-7
00:44:03,1998.91,24.15,33.57,3276.70,0.00,24.0882,24.0732,23.8696,23.8542,38135518,1240976,1609773,38117920.0000,1225527.0000,1608556.5000,-69,5234,-7
00:44:05,1998.91,24.15,33.57,3276.70,0.00,24.0894,24.0741,23.8705,23.8552,38136773,1241998,1610050,38119108.0000,1226522.3750,1608636.2500,-69,5234,-7
00:44:06,1998.91,24.15,33.19,3276.70,0.00,24.0899,24.0746,23.8709,23.8556,38136270,1242540,1609872,38120232.0000,1226522.3750,1608685.3750,-69,5234,-7
00:44:10,1998.91,24.15,32.98,3276.70,0.00,24.0899,24.0760,23.8709,23.8575,38136270,1244737,1610496,38122560.0000,1229487.0000,1608880.8750,-69,5234,-7
00:44:11,1998.91,24.15,32.75,3276.70,0.00,24.0927,24.0774,23.8736,23.8575,38140514,1245526,1610198,38123648.0000,1230460.8750,1608947.5000,-69,5234,-7
00:44:15,1993.48,24.15,32.60,3276.70,0.00,24.0927,24.0788,23.8736,23.8603,38140514,1247084,1610198,38125768.0000,1232410.7500,1608947.5000,-69,5234,-8
00:44:17,1998.91,24.15,32.31,3276.70,0.00,24.0927,24.0807,23.8736,23.8622,38140514,1248933,1610809,38127456.0000,1233867.1250,1609259.3750,-69,5234,-8
00:44:19,1993.48,24.16,32.11,3276.70,0.00,24.0927,24.0825,23.8736,23.8636,38145038,1250285,1610138,38129048.0000,1235320.0000,1609364.0000,-69,5234,-8
00:44:21,1993.48,24.16,32.11,3276.70,0.00,24.0980,24.0835,23.8789,23.8645,38147249,1251113,1610430,38130136.0000,1236279.5000,1609421.0000,-69,5234,-8
00:44:24,1993.48,24.16,32.11,3276.70,0.00,24.0980,24.0844,23.8789,23.8658,38147249,1252323,1610430,38132144.0000,1238178.1250,1609563.2500,-69,5234,-8
00:44:25,1998.91,24.16,31.50,3276.70,0.00,24.1000,24.0857,23.8814,23.8658,38149070,1253740,1610843,38133164.0000,1239122.8750,1609637.0000,-69,5234,-8
00:44:28,1993.48,24.16,31.50,3276.70,0.00,24.1000,24.0870,23.8814,23.8684,38150251,1255053,1611306,38134728.0000,1240527.3750,1609737.8750,-69,5234,-8
00:44:29,1993.48,24.16,31.24,3276.70,0.00,24.1022,24.0879,23.8832,23.8688,38150557,1255475,1611088,38135224.0000,1240994.5000,1609780.1250,-69,5234,-9
00:44:31,1998.91,24.16,31.10,3276.70,0.00,24.1022,24.0887,23.8832,23.8702,38151507,1256783,1609684,38136756.0000,1242391.6250,1609800.8750,-69,5234,-9
00:44:33,1998.91,24.16,30.97,3276.70,0.00,24.1040,24.0896,23.8832,23.8702,38154555,1257589,1611463,38137800.0000,1243315.1250,1609856.2500,-69,5234,-9
00:44:35,1993.48,24.17,30.79,3276.70,0.00,24.1040,24.0904,23.8832,23.8719,38154555,1258736,1610427,38139284.0000,1244679.6250,1609937.2500,-69,5234,-9
00:44:37,1993.48,24.17,30.60,3276.70,0.00,24.1062,24.0921,23.8873,23.8732,38155536,1259566,1609902,38140256.0000,1245585.3750,1609933.5000,-69,5234,-9
00:44:39,1993.48,24.17,30.47,3276.70,0.00,24.1066,24.0930,23.8879,23.8740,38155922,1260410,1611121,38141240.0000,1246481.8750,1609984.2500,-69,5234,-9
00:44:41,1993.48,24.17,30.28,3276.70,0.00,24.1075,24.0939,23.8879,23.8753,38155922,1261534,1611032,38142656.0000,1246481.8750,1610110.6250,-69,5234,-9
00:44:45,1993.48,24.17,30.09,3276.70,0.00,24.1075,24.0956,23.8879,23.8770,38155922,1263018,1611032,38145024.0000,1250009.0000,1610281.3750,-69,5234,-9
00:44:48,1993.48,24.17,29.86,3276.70,0.00,24.1105,24.0969,23.8879,23.8783,38155922,1264772,1611032,38145024.0000,1251312.6250,1610391.1250,-69,5234,-9
00:44:49,1998.91,24.18,29.62,3276.70,0.00,24.1118,24.0986,23.8928,23.8796,38160955,1265579,1611712,38147324.0000,1252180.1250,1610468.3750,-69,5234,-9
00:44:50,1993.48,24.18,29.51,3276.70,0.00,24.1126,24.0994,23.8935,23.8804,38161740,1266294,1611832,38148172.0000,1253036.0000,1610536.0000,-69,5234,-10
00:44:52,1993.48,24.18,29.44,3276.70,0.00,24.1132,24.0998,23.8943,23.8808,38161041,1266646,1612523,38148572.0000,1253461.3750,1610598.0000,-69,5234,-10
00:44:53,1993.48,24.18,29.38,3276.70,0.00,24.1142,24.1007,23.8952,23.8817,38162817,1267434,1611033,38149376.0000,1254309.5000,1610642.2500,-69,5234,-10
00:44:55,1993.48,24.18,29.27,3276.70,0.00,24.1146,24.1007,23.8956,23.8817,38164465,1267434,1611033,38150656.0000,1255568.1250,1610764.8750,-69,5234,-10
00:44:57,1993.48,24.18,29.10,3276.70,0.00,24.1158,24.1023,23.8965,23.8817,38163539,1268808,1611342,38151060.0000,1256396.6250,1610801.6250,-69,5234,-10
00:44:58,1993.48,24.18,28.98,3276.70,0.00,24.1163,24.1031,23.8975,23.8817,38164451,1270057,1613178,38152200.0000,1257223.2500,1610922.1250,-69,5234,-10
00:45:00,1993.48,24.18,28.87,3276.70,0.00,24.1173,24.1039,23.8984,23.8850,38165905,1270453,1612566,38152628.0000,1257636.7500,1610995.5000,-69,5234,-10
00:45:02,1993.48,24.18,28.87,3276.70,0.00,24.1182,24.1052,23.8994,23.8862,38167342,1271408,1611235,38153896.0000,1257636.7500,1610995.5000,-69,5234,-10
00:45:03,1993.48,24.18,28.66,3276.70,0.00,24.1189,24.1056,23.8999,23.8866,38167666,1271884,1611196,38154324.0000,1259257.7500,1611032.0000,-69,5234,-10
00:45:06,1993.48,24.18,28.55,3276.70,0.00,24.1189,24.1068,23.9012,23.8878,38168120,1272937,1611910,38155496.0000,1260467.0000,1611032.0000,-69,5234,-11
00:45:07,1993.48,24.19,28.40,3276.70,0.00,24.1208,24.1075,23.9020,23.8886,38168106,1273822,1611910,38156656.0000,1261659.6250,1611169.6250,-69,5234,-11
00:45:10,1993.48,24.19,28.40,3276.70,0.00,24.1216,24.1087,23.9027,23.8898,38170375,1273822,1612875,38157444.0000,1262840.0000,1611169.6250,-69,5234,-11
00:45:12,1993.48,24.19,28.12,3276.70,0.00,24.1227,24.1087,23.9043,23.8898,38171112,1275769,1612777,38158624.0000,1263621.3750,1611390.8750,-69,5234,-11
00:45:13,1993.48,24.19,27.96,3276.70,0.00,24.1234,24.1107,23.9047,23.8918,38170444,1275769,1612353,38159672.0000,1264788.0000,1611512.8750,-69,5234,-11
00:45:16,1993.48,24.19,27.90,3276.70,0.00,24.1241,24.1107,23.9054,23.8918,38171689,1275769,1612109,38160720.0000,1265945.7500,1611557.6250,-69,5234,-11
00:45:17,1993.48,24.19,27.74,3276.70,0.00,24.1252,24.1122,23.9066,23.8918,38173191,1278154,1612930,38161112.0000,1266327.2500,1611600.5000,-69,5234,-11
00:45:20,1993.48,24.19,27.74,3276.70,0.00,24.1262,24.1122,23.9072,23.8918,38173191,1279165,1612465,38162324.0000,1267463.8750,1611724.5000,-69,5234,-11
00:45:23,1993.48,24.19,27.45,3276.70,0.00,24.1271,24.1122,23.9087,23.8918,38174744,1280538,1613703,38163864.0000,1267463.8750,1611844.5000,-69,5234,-12
00:45:25,1993.48,24.19,27.45,3276.70,0.00,24.1287,24.1161,23.9087,23.8918,38176445,1281168,1613237,38164648.0000,1269707.1250,1611954.5000,-69,5234,-12
00:45:27,1993.48,24.19,27.16,3276.70,0.00,24.1293,24.1169,23.9087,23.8984,38176445,1282252,1613561,38165752.0000,1270818.6250,1612061.8750,-69,5234,-12
00:45:30,1993.48,24.19,27.01,3276.70,0.00,24.1303,24.1169,23.9113,23.8984,38178084,1283359,1612746,38166924.0000,1270818.6250,1612195.6250,-69,5234,-12
00:45:32,1993.48,24.19,27.01,3276.70,0.00,24.1312,24.1169,23.9126,23.8984,38179698,1284538,1612082,38168380.0000,1273381.6250,1612231.2500,-69,5234,-12
00:45:34,1993.48,24.19,26.73,3276.70,0.00,24.1321,24.1169,23.9126,23.9016,38180922,1285272,1612949,38169108.0000,1274102.8750,1612266.3750,-69,5234,-12
00:45:35,1993.48,24.19,26.63,3276.70,0.00,24.1329,24.1209,23.9145,23.9023,38180565,1285978,1612701,38169816.0000,1274822.6250,1612293.7500,-69,5234,-12
00:45:38,1993.48,24.19,26.55,3276.70,0.00,24.1337,24.1209,23.9149,23.9023,38181241,1286703,1613376,38170828.0000,1275877.8750,1612385.8750,-69,5234,-13
00:45:40,1993.48,24.20,26.38,3276.70,0.00,24.1347,24.1230,23.9149,23.9041,38180012,1287412,1613455,38171416.0000,1276576.6250,1612441.5000,-69,5234,-13
00:45:41,1993.48,24.20,26.34,3276.70,0.00,24.1351,24.1234,23.9162,23.9045,38182638,1287732,1613279,38172112.0000,1277273.6250,1612504.3750,-69,5234,-13
00:45:42,1993.48,24.20,26.30,3276.70,0.00,24.1355,24.1241,23.9170,23.9052,38183939,1288510,1612676,38172480.0000,1277624.8750,1612509.7500,-69,5234,-13
00:45:43,1993.48,24.20,26.21,3276.70,0.00,24.1360,24.1244,23.9172,23.9052,38183939,1289047,1612676,38173184.0000,1278318.7500,1612529.5000,-69,5234,-13
00:46:05,1993.48,24.20,25.09,3276.70,0.00,24.1436,24.1337,23.9249,23.9150,38189957,1297057,1613682,38181256.0000,1287244.6250,1613296.6250,-69,5234,-14
00:46:07,1988.05,24.20,24.97,3276.70,0.00,24.1436,24.1344,23.9249,23.9159,38191392,1297952,1614330,38182120.0000,1288192.7500,1613372.1250,-69,5234,-14
00:46:09,1993.48,24.20,24.84,3276.70,0.00,24.1458,24.1353,23.9275,23.9166,38190766,1298580,1615091,38182120.0000,1288192.7500,1613526.2500,-69,5234,-14
00:46:11,1993.48,24.20,24.76,3276.70,0.00,24.1461,24.1356,23.9275,23.9172,38191592,1299250,1615294,38183200.0000,1289452.5000,1613581.5000,-69,5234,-14
00:46:13,1993.48,24.21,24.76,3276.70,0.00,24.1461,24.1366,23.9275,23.9182,38192038,1299250,1614699,38184320.0000,1290689.3750,1613729.6250,-69,5234,-14
00:46:15,1988.05,24.20,24.55,3276.70,0.00,24.1477,24.1375,23.9291,23.9188,38192801,1300573,1614539,38184320.0000,1290998.2500,1613754.8750,-69,5234,-15
00:46:18,1993.48,24.21,24.55,3276.70,0.00,24.1477,24.1381,23.9291,23.9197,38194804,1301438,1614955,38185436.0000,1291923.2500,1613754.8750,-69,5234,-15
00:46:20,1988.05,24.21,24.55,3276.70,0.00,24.1477,24.1394,23.9291,23.9210,38196307,1302516,1615036,38186700.0000,1293135.2500,1614008.6250,-69,5234,-15
00:46:23,1993.48,24.21,24.55,3276.70,0.00,24.1477,24.1403,23.9291,23.9216,38196307,1303226,1614071,38187464.0000,1294026.8750,1614073.0000,-69,5234,-15
00:46:25,1993.48,24.21,24.00,3276.70,0.00,24.1518,24.1403,23.9336,23.9216,38197442,1304333,1614269,38188712.0000,1295215.7500,1614130.3750,-69,5234,-15
00:46:28,1993.48,24.21,23.90,3276.70,0.00,24.1518,24.1422,23.9336,23.9239,38197442,1305081,1614269,38189480.0000,1296103.6250,1614218.2500,-69,5234,-15
00:46:30,1993.48,24.21,23.70,3276.70,0.00,24.1541,24.1432,23.9354,23.9245,38196166,1305349,1614863,38189688.0000,1296392.5000,1614218.2500,-69,5234,-15
00:46:34,1993.48,24.21,23.61,3276.70,0.00,24.1541,24.1442,23.9354,23.9259,38196166,1306541,1614863,38189688.0000,1296392.5000,1614266.1250,-69,5234,-15
00:46:36,1998.91,24.21,23.61,3276.70,0.00,24.1541,24.1459,23.9354,23.9259,38200858,1307901,1616182,38192048.0000,1298992.0000,1614427.6250,-69,5234,-16
00:46:38,2009.78,24.21,23.29,3276.70,0.00,24.1580,24.1466,23.9396,23.9280,38200366,1308347,1615736,38192524.0000,1298992.0000,1614510.0000,-69,5234,-16
00:46:39,2015.21,24.21,23.23,3276.70,0.00,24.1609,24.1474,23.9421,23.9288,38198074,1308347,1615648,38192880.0000,1300090.2500,1614570.3750,-69,5234,-16
00:46:41,2015.21,24.21,23.15,3276.70,0.00,24.1648,24.1484,23.9457,23.9298,38199456,1308244,1615975,38193084.0000,1300345.0000,1614614.2500,-69,5234,-16
00:46:43,2015.21,24.21,23.04,3276.70,0.00,24.1694,24.1501,23.9502,23.9298,38203843,1308244,1615975,38194328.0000,1301361.5000,1614784.0000,-69,5234,-16
00:46:45,2009.78,24.21,22.79,3276.70,0.00,24.1717,24.1520,23.9527,23.9333,38208220,1310257,1616491,38195144.0000,1301894.1250,1614884.8750,-69,5234,-16
00:46:47,2009.78,24.21,22.61,3276.70,0.00,24.1714,24.1525,23.9528,23.9333,38209112,1310991,1615959,38195984.0000,1302443.3750,1614959.7500,-69,5234,-16
00:46:49,2009.78,24.21,22.50,3276.70,0.00,24.1714,24.1542,23.9530,23.9355,38208402,1311660,1615959,38195984.0000,1303280.8750,1615098.8750,-69,5234,-17
00:46:51,2009.78,24.22,22.50,3276.70,0.00,24.1711,24.1552,23.9524,23.9366,38209432,1311660,1616055,38197816.0000,1303839.3750,1615098.8750,-69,5234,-17
00:46:54,2009.78,24.22,22.50,3276.70,0.00,24.1705,24.1566,23.9524,23.9384,38209432,1313742,1616055,38199128.0000,1304976.7500,1615294.7500,-69,5234,-17
00:46:56,2009.78,24.22,22.44,3276.70,0.00,24.1705,24.1582,23.9520,23.9395,38208991,1314216,1616705,38199716.0000,1305534.6250,1615398.6250,-69,5234,-17
00:46:58,2009.78,24.22,22.43,3276.70,0.00,24.1702,24.1589,23.9518,23.9402,38210399,1314718,1616407,38200376.0000,1305534.6250,1615476.7500,-69,5234,-17
00:47:01,2009.78,24.22,22.40,3276.70,0.00,24.1706,24.1598,23.9520,23.9412,38210784,1315515,1615494,38200376.0000,1307202.8750,1615521.2500,-69,5234,-17
00:47:03,2009.78,24.22,22.30,3276.70,0.00,24.1707,24.1598,23.9520,23.9412,38210981,1315515,1616462,38202620.0000,1308295.1250,1615644.7500,-69,5234,-17
00:47:07,2009.78,24.22,22.17,3276.70,0.00,24.1707,24.1619,23.9527,23.9434,38210981,1317510,1616462,38202620.0000,1309104.0000,1615657.7500,-69,5234,-17
00:47:08,2009.78,24.22,22.03,3276.70,0.00,24.1718,24.1627,23.9530,23.9442,38211924,1317885,1616241,38203920.0000,1309638.6250,1615685.6250,-69,5234,-17
00:47:10,2009.78,24.22,21.98,3276.70,0.00,24.1718,24.1635,23.9530,23.9450,38212346,1318691,1616182,38204648.0000,1310442.2500,1615726.2500,-69,5234,-17
00:47:12,2009.78,24.22,21.87,3276.70,0.00,24.1725,24.1640,23.9541,23.9455,38213782,1319265,1615134,38205144.0000,1310974.1250,1615707.7500,-69,5234,-17
00:47:15,2009.78,24.22,21.87,3276.70,0.00,24.1725,24.1640,23.9545,23.9462,38212806,1320070,1615926,38205144.0000,1312045.2500,1615745.1250,-69,5234,-18
00:47:17,2004.34,24.22,21.63,3276.70,0.00,24.1725,24.1654,23.9545,23.9471,38215578,1321084,1616223,38206984.0000,1312847.5000,1615791.0000,-69,5234,-18
00:47:19,2009.78,24.22,21.51,3276.70,0.00,24.1737,24.1661,23.9553,23.9476,38214809,1321674,1616223,38207468.0000,1313381.6250,1615860.8750,-69,5234,-18
00:47:21,2009.78,24.22,21.51,3276.70,0.00,24.1740,24.1661,23.9558,23.9476,38215947,1322289,1616044,38208200.0000,1314170.3750,1615891.7500,-69,5234,-18
00:47:23,2009.78,24.22,21.51,3276.70,0.00,24.1742,24.1672,23.9561,23.9488,38215277,1322814,1616397,38208656.0000,1314697.2500,1615899.3750,-69,5234,-18
00:47:26,2004.34,24.22,21.25,3276.70,0.00,24.1748,24.1676,23.9561,23.9495,38215277,1323575,1615730,38209248.0000,1314697.2500,1615968.8750,-69,5234,-18
00:47:28,2009.78,24.22,21.11,3276.70,0.00,24.1748,24.1684,23.9561,23.9503,38216902,1324414,1616796,38210056.0000,1316512.3750,1616016.5000,-69,5234,-18
00:47:30,2004.34,24.22,21.01,3276.70,0.00,24.1759,24.1688,23.9577,23.9503,38217977,1324895,1615528,38210488.0000,1317018.5000,1615990.8750,-69,5234,-18
00:47:32,2009.78,24.22,21.01,3276.70,0.00,24.1761,24.1694,23.9577,23.9503,38216888,1325400,1615528,38211100.0000,1317780.0000,1616065.2500,-69,5234,-18
00:47:34,2009.78,24.22,20.82,3276.70,0.00,24.1768,24.1700,23.9586,23.9517,38218824,1326143,1615528,38211580.0000,1318288.5000,1616082.8750,-69,5234,-18
00:47:37,2004.34,24.22,20.73,3276.70,0.00,24.1771,24.1700,23.9593,23.9517,38219773,1327119,1617057,38212360.0000,1319296.2500,1616156.6250,-69,5234,-18
00:47:40,2004.34,24.22,20.64,3276.70,0.00,24.1775,24.1700,23.9598,23.9517,38218879,1327794,1616573,38212952.0000,1319296.2500,1616180.1250,-69,5234,-18
00:47:43,2004.34,24.22,20.54,3276.70,0.00,24.1775,24.1700,23.9599,23.9517,38218885,1328438,1616944,38213508.0000,1320790.5000,1616240.6250,-69,5234,-18
00:47:43,2004.34,24.22,20.45,3276.70,0.00,24.1785,24.1723,23.9604,23.9540,38219688,1328952,1616397,38213872.0000,1321285.6250,1616282.8750,-69,5234,-18
00:47:45,2009.78,24.22,20.43,3276.70,0.00,24.1786,24.1725,23.9607,23.9542,38220332,1329193,1615797,38214072.0000,1321532.7500,1616267.6250,-69,5234,-18
00:47:46,2004.34,24.22,20.37,3276.70,0.00,24.1789,24.1729,23.9606,23.9546,38220392,1329531,1617844,38214464.0000,1322261.6250,1616370.0000,-69,5234,-18
00:47:48,2009.78,24.22,20.35,3276.70,0.00,24.1791,24.1732,23.9611,23.9550,38221247,1329948,1616721,38214864.0000,1322501.7500,1616381.0000,-69,5234,-18
00:47:50,2004.34,24.22,20.31,3276.70,0.00,24.1794,24.1732,23.9615,23.9550,38220487,1330351,1616721,38215384.0000,1323216.3750,1616431.5000,-69,5234,-18
00:47:52,2004.34,24.22,20.24,3276.70,0.00,24.1802,24.1741,23.9618,23.9558,38220206,1330946,1616721,38215716.0000,1323686.7500,1616492.6250,-69,5234,-19
00:47:53,2004.34,24.22,20.18,3276.70,0.00,24.1802,24.1743,23.9618,23.9559,38221475,1331303,1617138,38215896.0000,1324162.7500,1616538.0000,-69,5234,-19
00:47:54,2004.34,24.22,20.17,3276.70,0.00,24.1807,24.1746,23.9624,23.9563,38223349,1331724,1617294,38216296.0000,1324399.0000,1616561.6250,-69,5234,-19
00:47:57,2009.78,24.22,20.12,3276.70,0.00,24.1811,24.1746,23.9626,23.9568,38223349,1332254,1617539,38216888.0000,1325106.1250,1616612.6250,-69,5234,-19
00:47:58,2009.78,24.22,20.04,3276.70,0.00,24.1818,24.1755,23.9635,23.9571,38224047,1332867,1616763,38217484.0000,1325803.5000,1616619.0000,-69,5234,-19
00:48:02,2004.34,24.22,20.04,3276.70,0.00,24.1818,24.1760,23.9635,23.9577,38224047,1333595,1616763,38218232.0000,1326714.5000,1616630.8750,-69,5234,-19
00:48:04,2004.34,24.23,19.95,3276.70,0.00,24.1818,24.1768,23.9635,23.9584,38225437,1333595,1616511,38218864.0000,1327390.8750,1616643.7500,-69,5234,-19
00:48:06,2004.34,24.23,19.86,3276.70,0.00,24.1836,24.1773,23.9649,23.9589,38225919,1333595,1616511,38219268.0000,1327843.8750,1616619.5000,-69,5234,-19
00:48:08,2004.34,24.23,19.86,3276.70,0.00,24.1839,24.1777,23.9656,23.9593,38224708,1335282,1618063,38219640.0000,1328294.1250,1616671.7500,-69,5234,-19
00:48:11,2009.78,24.23,19.77,3276.70,0.00,24.1839,24.1781,23.9656,23.9598,38224708,1335769,1617722,38220464.0000,1329181.1250,1616739.1250,-69,5234,-19
00:48:13,2004.34,24.23,19.67,3276.70,0.00,24.1854,24.1789,23.9671,23.9604,38224958,1336359,1616470,38220776.0000,1329618.6250,1616736.0000,-69,5234,-19
00:48:14,2004.34,24.23,19.63,3276.70,0.00,24.1856,24.1791,23.9671,23.9606,38224963,1336581,1617804,38221072.0000,1330052.7500,1616799.8750,-69,5234,-19
00:48:16,2004.34,24.23,19.60,3276.70,0.00,24.1861,24.1791,23.9673,23.9606,38227856,1336581,1617804,38221676.0000,1330698.1250,1616801.8750,-69,5234,-19
00:48:18,2004.34,24.23,19.60,3276.70,0.00,24.1861,24.1803,23.9685,23.9618,38227856,1337621,1617879,38222028.0000,1331119.2500,1616843.1250,-69,5234,-19
00:48:20,2004.34,24.23,19.48,3276.70,0.00,24.1861,24.1807,23.9685,23.9624,38228559,1338342,1618444,38222588.0000,1331759.3750,1616928.2500,-69,5234,-19
00:48:22,2004.34,24.23,19.48,3276.70,0.00,24.1879,24.1811,23.9692,23.9626,38227996,1338342,1618444,38222928.0000,1332180.7500,1616999.6250,-69,5234,-19
00:48:23,2004.34,24.23,19.36,3276.70,0.00,24.1882,24.1814,23.9697,23.9626,38229765,1339117,1616861,38223332.0000,1332599.6250,1617020.3750,-69,5234,-19
00:48:26,2004.34,24.23,19.36,3276.70,0.00,24.1882,24.1820,23.9703,23.9636,38228485,1339419,1617936,38223640.0000,1333014.7500,1617060.5000,-69,5234,-19
00:48:27,2004.34,24.23,19.26,3276.70,0.00,24.1891,24.1822,23.9708,23.9636,38227758,1339721,1617519,38223912.0000,1333014.7500,1617091.2500,-69,5234,-19
00:48:29,2004.34,24.23,19.26,3276.70,0.00,24.1898,24.1828,23.9715,23.9643,38230295,1340136,1617995,38224392.0000,1333014.7500,1617120.6250,-69,5234,-19
00:48:32,2004.34,24.23,19.26,3276.70,0.00,24.1898,24.1834,23.9715,23.9651,38229527,1340136,1616721,38224968.0000,1334831.6250,1617116.0000,-69,5234,-19
00:48:34,2004.34,24.23,19.26,3276.70,0.00,24.1911,24.1840,23.9715,23.9657,38229527,1341503,1617545,38225520.0000,1335432.7500,1617127.0000,-69,5234,-19
00:48:36,2004.34,24.23,19.01,3276.70,0.00,24.1918,24.1846,23.9730,23.9661,38230183,1341686,1617545,38225840.0000,1335823.6250,1617144.2500,-69,5234,-19
00:48:38,2004.34,24.23,18.93,3276.70,0.00,24.1920,24.1850,23.9734,23.9665,38229439,1342058,1617115,38225952.0000,1336215.2500,1617163.8750,-69,5234,-19
00:48:39,2009.78,24.24,18.93,3276.70,0.00,24.1924,24.1854,23.9739,23.9669,38230794,1342444,1617438,38226224.0000,1336409.8750,1617172.5000,-69,5234,-19
00:48:41,2004.34,24.24,18.86,3276.70,0.00,24.1924,24.1858,23.9739,23.9675,38229811,1343009,1617971,38226664.0000,1336991.1250,1617247.8750,-69,5234,-20
00:48:43,2004.34,24.24,18.79,3276.70,0.00,24.1934,24.1862,23.9747,23.9677,38231572,1343139,1617861,38226816.0000,1336991.1250,1617247.8750,-69,5234,-20
00:48:44,2004.34,24.24,18.73,3276.70,0.00,24.1940,24.1866,23.9755,23.9682,38230534,1343409,1617558,38227060.0000,1337560.8750,1617298.2500,-69,5234,-20
00:48:45,2004.34,24.24,18.70,3276.70,0.00,24.1937,24.1868,23.9756,23.9684,38232136,1343639,1617558,38227060.0000,1337560.8750,1617298.2500,-69,5234,-20
00:48:47,2004.34,24.24,18.65,3276.70,0.00,24.1943,24.1868,23.9760,23.9690,38231888,1344350,1617783,38227060.0000,1337560.8750,1617332.5000,-69,5234,-20
00:48:49,2009.78,24.24,18.57,3276.70,0.00,24.1951,24.1879,23.9763,23.9694,38232423,1344614,1617657,38228064.0000,1338718.2500,1617342.6250,-69,5234,-20
00:48:50,2004.34,24.24,18.55,3276.70,0.00,24.1957,24.1883,23.9763,23.9694,38232734,1345008,1618243,38228356.0000,1339289.5000,1617419.5000,-69,5234,-20
00:48:52,2004.34,24.24,18.48,3276.70,0.00,24.1961,24.1887,23.9775,23.9703,38233013,1345008,1618243,38228844.0000,1339664.5000,1617500.5000,-69,5234,-20
00:48:55,2004.34,24.24,18.43,3276.70,0.00,24.1961,24.1893,23.9775,23.9711,38233013,1346167,1617555,38229352.0000,1340232.6250,1617533.2500,-69,5234,-20
00:48:57,2004.34,24.24,18.33,3276.70,0.00,24.1961,24.1902,23.9790,23.9717,38233705,1346650,1616079,38229836.0000,1340798.3750,1617475.7500,-69,5234,-20
00:49:00,2004.34,24.24,18.27,3276.70,0.00,24.1977,24.1902,23.9795,23.9717,38234850,1347153,1618062,38230260.0000,1341358.1250,1617502.5000,-69,5234,-20
00:49:02,2009.78,24.24,18.18,3276.70,0.00,24.1977,24.1912,23.9795,23.9729,38235008,1347624,1617988,38230672.0000,1341917.2500,1617551.7500,-69,5234,-20
00:49:05,2004.34,24.24,18.18,3276.70,0.00,24.1977,24.1912,23.9803,23.9729,38235808,1347624,1618279,38231184.0000,1342470.6250,1617551.7500,-69,5234,-20
00:49:08,2004.34,24.24,18.18,3276.70,0.00,24.1995,24.1923,23.9803,23.9741,38235808,1348871,1617183,38231660.0000,1343197.1250,1617609.0000,-69,5234,-20
00:49:10,2004.34,24.24,17.91,3276.70,0.00,24.1998,24.1929,23.9819,23.9741,38235534,1349339,1617967,38231920.0000,1343566.5000,1617630.8750,-69,5234,-20
00:49:12,2009.78,24.23,17.83,3276.70,0.00,24.1998,24.1937,23.9823,23.9754,38236394,1349776,1617967,38232456.0000,1344303.2500,1617714.7500,-69,5234,-20
00:49:15,2004.34,24.23,17.79,3276.70,0.00,24.2007,24.1937,23.9830,23.9754,38238359,1350455,1618551,38232920.0000,1344859.1250,1617714.7500,-69,5234,-20
00:49:18,2004.34,24.23,17.68,3276.70,0.00,24.2007,24.1949,23.9830,23.9767,38237558,1350925,1618240,38233316.0000,1344859.1250,1617851.8750,-69,5234,-20
00:49:20,2009.78,24.23,17.68,3276.70,0.00,24.2018,24.1955,23.9837,23.9771,38237243,1350925,1618450,38233680.0000,1345937.0000,1617888.1250,-69,5234,-21
00:49:21,2004.34,24.24,17.57,3276.70,0.00,24.2022,24.1955,23.9840,23.9775,38237133,1351889,1618797,38233928.0000,1346294.6250,1617948.0000,-69,5234,-21
00:49:22,2004.34,24.24,17.56,3276.70,0.00,24.2026,24.1962,23.9845,23.9779,38240367,1352094,1618563,38234128.0000,1346475.8750,1617967.2500,-69,5234,-21
00:49:26,2004.34,24.24,17.52,3276.70,0.00,24.2026,24.1966,23.9845,23.9785,38240367,1352720,1618039,38234772.0000,1347186.6250,1617967.2500,-69,5234,-21
00:49:28,2004.34,24.24,17.47,3276.70,0.00,24.2026,24.1974,23.9845,23.9792,38239646,1353183,1618514,38235160.0000,1347722.5000,1618064.7500,-69,5234,-21
00:49:30,2004.34,24.24,17.42,3276.70,0.00,24.2039,24.1979,23.9854,23.9795,38239604,1353334,1617675,38235448.0000,1347722.5000,1618050.6250,-69,5234,-21
00:49:32,2004.34,24.24,17.40,3276.70,0.00,24.2043,24.1979,23.9854,23.9799,38239604,1354053,1618932,38236008.0000,1348592.7500,1618079.2500,-69,5234,-21
00:49:33,2004.34,24.24,17.33,3276.70,0.00,24.2050,24.1987,23.9865,23.9805,38240345,1354380,1617897,38236296.0000,1348942.5000,1618089.8750,-69,5234,-21
00:49:34,2004.34,24.24,17.32,3276.70,0.00,24.2051,24.1989,23.9865,23.9806,38240722,1354528,1618549,38236432.0000,1349117.0000,1618104.1250,-69,5234,-21
00:49:35,2004.34,24.24,17.29,3276.70,0.00,24.2050,24.1991,23.9864,23.9808,38242514,1354642,1619139,38236624.0000,1349289.6250,1618136.5000,-69,5234,-21
00:49:37,2004.34,24.24,17.27,3276.70,0.00,24.2053,24.1993,23.9871,23.9811,38242427,1354891,1618506,38237004.0000,1349630.2500,1618169.1250,-69,5234,-21
00:49:39,2004.34,24.24,17.22,3276.70,0.00,24.2053,24.1998,23.9871,23.9816,38242296,1355511,1618502,38237456.0000,1350149.7500,1618203.1250,-69,5234,-21
00:49:40,2004.34,24.24,17.22,3276.70,0.00,24.2062,24.2003,23.9879,23.9819,38242396,1355868,1618671,38237760.0000,1350495.6250,1618226.8750,-69,5234,-21
00:49:42,2004.34,24.24,17.13,3276.70,0.00,24.2068,24.2003,23.9879,23.9822,38241821,1356110,1617812,38238048.0000,1350837.3750,1618205.8750,-69,5234,-21
00:49:45,2004.34,24.24,17.10,3276.70,0.00,24.2068,24.2010,23.9879,23.9827,38241821,1356792,1618565,38238696.0000,1351520.3750,1618246.7500,-69,5234,-21
00:49:47,2004.34,24.25,17.02,3276.70,0.00,24.2075,24.2014,23.9879,23.9832,38243973,1357124,1618712,38239036.0000,1351858.0000,1618274.0000,-69,5234,-21
00:49:49,2004.34,24.25,16.98,3276.70,0.00,24.2079,24.2014,23.9897,23.9832,38243391,1357734,1619126,38239428.0000,1352371.6250,1618338.3750,-69,5234,-21
00:49:51,2004.34,24.25,16.93,3276.70,0.00,24.2083,24.2023,23.9901,23.9840,38244930,1357771,1618982,38239600.0000,1352706.2500,1618378.1250,-69,5234,-21
00:49:53,2004.34,24.25,16.90,3276.70,0.00,24.2083,24.2027,23.9901,23.9845,38242713,1357771,1619262,38239984.0000,1353045.3750,1618436.1250,-69,5234,-21
00:49:54,2004.34,24.25,16.82,3276.70,0.00,24.2093,24.2032,23.9907,23.9848,38244930,1358595,1619184,38240304.0000,1353382.8750,1618471.1250,-69,5234,-21
00:49:56,2009.78,24.25,16.82,3276.70,0.00,24.2095,24.2035,23.9912,23.9851,38246010,1358595,1619350,38240644.0000,1353382.8750,1618471.1250,-69,5234,-21
00:49:59,2009.78,24.25,16.73,3276.70,0.00,24.2098,24.2038,23.9912,23.9857,38243954,1359424,1618947,38241000.0000,1353382.8750,1618555.5000,-69,5234,-22
00:50:02,2004.34,24.25,16.73,3276.70,0.00,24.2098,24.2045,23.9912,23.9864,38243954,1359981,1618172,38241572.0000,1354892.8750,1618563.2500,-69,5234,-22
00:50:03,2004.34,24.25,16.73,3276.70,0.00,24.2114,24.2050,23.9927,23.9867,38246816,1360444,1619773,38242000.0000,1355392.2500,1618648.8750,-69,5234,-22
00:50:05,2004.34,24.25,16.56,3276.70,0.00,24.2116,24.2054,23.9929,23.9870,38246056,1360743,1619773,38242220.0000,1355725.2500,1618633.1250,-69,5234,-22
00:50:07,2004.34,24.25,16.49,3276.70,0.00,24.2116,24.2057,23.9934,23.9870,38246664,1361066,1619291,38242504.0000,1356057.6250,1618666.6250,-69,5234,-22
00:50:08,2004.34,24.25,16.47,3276.70,0.00,24.2117,24.2059,23.9934,23.9877,38246946,1361322,1619775,38242504.0000,1356222.1250,1618701.2500,-69,5234,-22
00:50:10,2004.34,24.25,16.41,3276.70,0.00,24.2122,24.2063,23.9939,23.9880,38246883,1361635,1618420,38242504.0000,1356715.7500,1618708.3750,-69,5234,-22
00:50:12,2004.34,24.25,16.38,3276.70,0.00,24.2125,24.2065,23.9941,23.9884,38248784,1361960,1618420,38242504.0000,1356715.7500,1618707.1250,-69,5234,-22
00:50:14,2004.34,24.25,16.38,3276.70,0.00,24.2125,24.2071,23.9941,23.9890,38247307,1362557,1619564,38243688.0000,1357535.1250,1618786.6250,-69,5234,-22
00:50:17,2004.34,24.25,16.38,3276.70,0.00,24.2125,24.2076,23.9941,23.9893,38247307,1363134,1619109,38244032.0000,1358025.8750,1618833.2500,-69,5234,-22
00:50:18,2009.78,24.25,16.18,3276.70,0.00,24.2139,24.2079,23.9958,23.9897,38247919,1363305,1619076,38244152.0000,1358190.8750,1618840.7500,-69,5234,-22
00:50:21,2004.34,24.25,16.13,3276.70,0.00,24.2143,24.2082,23.9958,23.9902,38247575,1363305,1619563,38244628.0000,1358190.8750,1618840.7500,-69,5234,-22
00:50:24,2009.78,24.24,16.07,3276.70,0.00,24.2143,24.2089,23.9958,23.9909,38247575,1364404,1618909,38245216.0000,1359495.5000,1618981.6250,-69,5234,-22
00:50:25,2009.78,24.24,15.97,3276.70,0.00,24.2153,24.2089,23.9971,23.9909,38249081,1364855,1619000,38245448.0000,1359818.3750,1618967.1250,-69,5234,-22
00:50:27,2004.34,24.24,15.97,3276.70,0.00,24.2157,24.2098,23.9977,23.9916,38249151,1365036,1618473,38245648.0000,1360136.6250,1618981.2500,-69,5234,-22
00:50:28,2004.34,24.24,15.90,3276.70,0.00,24.2156,24.2100,23.9976,23.9918,38249671,1365214,1617760,38245828.0000,1360452.8750,1618921.2500,-69,5234,-22
00:50:30,2004.34,24.24,15.88,3276.70,0.00,24.2160,24.2103,23.9976,23.9918,38248682,1365504,1619261,38245916.0000,1360610.6250,1618931.8750,-69,5234,-22
00:50:31,2004.34,24.24,15.86,3276.70,0.00,24.2163,24.2105,23.9981,23.9918,38247941,1365504,1619261,38246160.0000,1361082.6250,1618992.5000,-69,5234,-22
00:50:32,2004.34,24.24,15.83,3276.70,0.00,24.2164,24.2109,23.9986,23.9927,38249748,1366151,1619611,38246272.0000,1361241.0000,1619011.7500,-69,5234,-22
00:50:34,2009.78,24.25,15.81,3276.70,0.00,24.2170,24.2109,23.9986,23.9929,38248413,1366151,1618758,38246440.0000,1361555.6250,1619003.8750,-69,5234,-22
00:50:36,2004.34,24.25,15.78,3276.70,0.00,24.2175,24.2116,23.9989,23.9934,38250662,1366759,1619636,38246664.0000,1361871.6250,1619029.0000,-69,5234,-22
00:50:38,2004.34,24.25,15.76,3276.70,0.00,24.2176,24.2117,23.9991,23.9935,38251883,1366826,1619636,38246664.0000,1361871.6250,1619132.7500,-69,5234,-22
00:50:40,2004.34,24.25,15.72,3276.70,0.00,24.2182,24.2122,23.9999,23.9940,38251319,1367319,1619485,38247296.0000,1361871.6250,1619160.8750,-69,5234,-22
00:50:42,2004.34,24.25,15.69,3276.70,0.00,24.2180,24.2125,23.9999,23.9945,38251015,1367688,1618640,38247680.0000,1362952.8750,1619148.1250,-69,5234,-22
00:50:45,2004.34,24.25,15.66,3276.70,0.00,24.2180,24.2130,23.9999,23.9949,38251648,1367688,1620016,38247680.0000,1363567.6250,1619199.7500,-69,5234,-22
00:50:46,2004.34,24.25,15.60,3276.70,0.00,24.2188,24.2134,24.0008,23.9952,38252697,1368463,1618913,38248336.0000,1363720.6250,1619190.7500,-69,5234,-22
00:50:47,2004.34,24.25,15.57,3276.70,0.00,24.2191,24.2137,24.0008,23.9955,38252670,1368684,1619674,38248612.0000,1364021.8750,1619200.3750,-69,5234,-22
00:50:49,2004.34,24.25,15.56,3276.70,0.00,24.2193,24.2139,24.0013,23.9957,38253642,1369009,1619674,38248948.0000,1364334.5000,1619199.5000,-69,5234,-22
00:50:50,2009.78,24.25,15.52,3276.70,0.00,24.2193,24.2139,24.0012,23.9957,38253879,1369325,1619666,38249308.0000,1364639.8750,1619222.2500,-69,5234,-23
00:50:53,2004.34,24.25,15.49,3276.70,0.00,24.2193,24.2147,24.0012,23.9966,38255649,1369795,1618402,38249760.0000,1365098.7500,1619178.1250,-69,5234,-22
00:50:54,2004.34,24.25,15.44,3276.70,0.00,24.2205,24.2150,24.0020,23.9968,38256407,1369987,1618895,38249968.0000,1365251.5000,1619169.2500,-69,5234,-22
00:50:55,2004.34,24.25,15.43,3276.70,0.00,24.2205,24.2152,24.0020,23.9970,38255049,1370186,1619729,38250128.0000,1365556.1250,1619208.0000,-69,5234,-22
00:50:59,2004.34,24.25,15.43,3276.70,0.00,24.2205,24.2156,24.0020,23.9976,38255049,1370798,1620134,38250776.0000,1365556.1250,1619208.0000,-69,5234,-23
00:51:00,2004.34,24.25,15.30,3276.70,0.00,24.2214,24.2162,24.0032,23.9980,38254928,1370934,1620134,38251064.0000,1366436.1250,1619321.8750,-69,5234,-23
00:51:03,2009.78,24.25,15.28,3276.70,0.00,24.2214,24.2167,24.0032,23.9985,38254928,1371657,1619096,38251608.0000,1367038.6250,1619288.0000,-69,5234,-23
00:51:05,2004.34,24.25,15.21,3276.70,0.00,24.2226,24.2172,24.0041,23.9990,38255333,1371869,1619526,38251872.0000,1367332.6250,1619295.2500,-69,5234,-23
00:51:08,2009.78,24.25,15.15,3276.70,0.00,24.2226,24.2175,24.0041,23.9995,38255333,1372389,1618796,38252268.0000,1367911.1250,1619295.6250,-69,5234,-23
00:51:10,2009.78,24.25,15.10,3276.70,0.00,24.2230,24.2175,24.0052,23.9995,38256937,1372742,1620277,38252680.0000,1368346.0000,1619326.5000,-69,5234,-23
00:51:13,2004.34,24.25,15.06,3276.70,0.00,24.2236,24.2175,24.0057,23.9995,38256279,1373100,1619569,38252904.0000,1368346.0000,1619346.0000,-69,5234,-23
00:51:15,2004.34,24.25,15.06,3276.70,0.00,24.2236,24.2191,24.0057,24.0010,38258479,1373652,1619165,38253448.0000,1369210.7500,1619356.3750,-69,5234,-23
00:51:18,2004.34,24.25,14.94,3276.70,0.00,24.2236,24.2195,24.0057,24.0015,38258479,1374021,1619199,38253844.0000,1369637.3750,1619375.6250,-69,5234,-23
00:51:20,2004.34,24.25,14.87,3276.70,0.00,24.2252,24.2200,24.0057,24.0020,38258121,1374521,1620428,38254192.0000,1370063.3750,1619425.8750,-69,5234,-23
00:51:21,2004.34,24.25,14.87,3276.70,0.00,24.2257,24.2203,24.0074,24.0021,38256696,1374628,1619946,38254272.0000,1370206.0000,1619442.1250,-69,5234,-23
00:51:23,2004.34,24.25,14.79,3276.70,0.00,24.2258,24.2206,24.0077,24.0024,38257605,1374990,1620235,38254436.0000,1370206.0000,1619492.2500,-69,5234,-23
00:51:26,2004.34,24.25,14.75,3276.70,0.00,24.2258,24.2211,24.0077,24.0029,38257605,1375324,1619478,38254776.0000,1371050.5000,1619506.6250,-69,5234,-23
00:51:29,2004.34,24.25,14.69,3276.70,0.00,24.2258,24.2216,24.0083,24.0029,38257561,1375684,1619839,38255024.0000,1371050.5000,1619506.6250,-69,5234,-23
00:51:30,2004.34,24.25,14.62,3276.70,0.00,24.2271,24.2220,24.0090,24.0038,38257252,1376018,1619839,38255296.0000,1371882.0000,1619542.6250,-69,5234,-23
00:51:32,2004.34,24.25,14.60,3276.70,0.00,24.2271,24.2220,24.0095,24.0043,38258555,1376553,1619217,38255504.0000,1372166.7500,1619528.1250,-69,5234,-23
00:51:34,2009.78,24.25,14.57,3276.70,0.00,24.2277,24.2228,24.0100,24.0046,38258930,1376669,1620053,38255692.0000,1372166.7500,1619581.1250,-69,5234,-23
00:51:36,2009.78,24.25,14.57,3276.70,0.00,24.2279,24.2232,24.0099,24.0051,38260348,1377129,1620498,38256060.0000,1372849.2500,1619631.0000,-69,5234,-23
00:51:37,2009.78,24.25,14.49,3276.70,0.00,24.2284,24.2233,24.0100,24.0052,38260068,1377219,1620511,38256184.0000,1373120.2500,1619694.6250,-69,5234,-23
00:51:39,2004.34,24.25,14.49,3276.70,0.00,24.2285,24.2236,24.0103,24.0055,38258270,1377219,1620511,38256384.0000,1373381.8750,1619710.1250,-69,5234,-23
00:51:41,2004.34,24.25,14.45,3276.70,0.00,24.2288,24.2239,24.0105,24.0055,38258707,1377219,1620290,38256536.0000,1373638.3750,1619726.1250,-69,5234,-23
00:51:42,2004.34,24.25,14.45,3276.70,0.00,24.2289,24.2243,24.0108,24.0061,38260216,1377916,1620645,38256712.0000,1373897.8750,1619784.8750,-69,5234,-23
00:51:45,2004.34,24.25,14.45,3276.70,0.00,24.2289,24.2246,24.0108,24.0063,38260216,1378390,1619256,38256944.0000,1374291.1250,1619772.2500,-69,5234,-23
00:51:46,2004.34,24.25,14.38,3276.70,0.00,24.2295,24.2250,24.0113,24.0067,38260578,1378618,1620682,38257164.0000,1374551.5000,1619819.5000,-69,5234,-23
00:51:48,2004.34,24.25,14.37,3276.70,0.00,24.2298,24.2251,24.0115,24.0068,38260774,1378729,1620682,38257164.0000,1374551.5000,1619825.2500,-69,5234,-23
00:51:49,2004.34,24.25,14.34,3276.70,0.00,24.2297,24.2254,24.0119,24.0071,38260772,1378977,1619037,38257496.0000,1374941.8750,1619800.6250,-69,5234,-23
00:51:51,2009.78,24.25,14.33,3276.70,0.00,24.2304,24.2255,24.0120,24.0071,38260001,1379094,1619987,38257660.0000,1375195.3750,1619796.0000,-69,5234,-23
00:51:51,2009.78,24.26,14.30,3276.70,0.00,24.2304,24.2257,24.0122,24.0074,38260042,1379224,1620292,38257736.0000,1375321.2500,1619811.5000,-69,5234,-23
00:51:53,2009.78,24.26,14.29,3276.70,0.00,24.2308,24.2259,24.0123,24.0075,38260400,1379245,1621145,38257924.0000,1375321.2500,1619889.6250,-69,5234,-23
00:51:55,2009.78,24.26,14.29,3276.70,0.00,24.2310,24.2262,24.0130,24.0080,38261024,1379590,1619653,38258144.0000,1375929.1250,1619904.2500,-69,5234,-23
00:51:57,2004.34,24.26,14.23,3276.70,0.00,24.2314,24.2265,24.0130,24.0082,38260109,1379936,1619653,38258384.0000,1375929.1250,1619939.1250,-69,5234,-23
00:51:59,2009.78,24.26,14.19,3276.70,0.00,24.2315,24.2269,24.0135,24.0087,38263221,1380282,1620058,38258656.0000,1376428.6250,1619939.5000,-69,5234,-23
00:52:02,2004.34,24.26,14.15,3276.70,0.00,24.2323,24.2269,24.0140,24.0087,38261372,1380595,1620058,38259112.0000,1377029.1250,1619991.8750,-69,5234,-24
00:52:04,2009.78,24.26,14.09,3276.70,0.00,24.2330,24.2278,24.0143,24.0095,38261720,1380868,1620058,38259288.0000,1377267.2500,1620040.0000,-69,5234,-24
00:52:06,2004.34,24.26,14.07,3276.70,0.00,24.2331,24.2278,24.0148,24.0095,38263419,1381268,1620540,38259288.0000,1377267.2500,1620088.7500,-69,5234,-24
00:52:09,2004.34,24.26,14.04,3276.70,0.00,24.2336,24.2278,24.0154,24.0105,38263135,1381626,1619527,38259892.0000,1377990.6250,1620078.6250,-69,5234,-24
00:52:11,2009.78,24.26,14.04,3276.70,0.00,24.2336,24.2291,24.0154,24.0109,38263741,1382038,1621098,38260216.0000,1378346.3750,1620155.8750,-69,5234,-24
00:52:14,2009.78,24.26,13.97,3276.70,0.00,24.2336,24.2295,24.0154,24.0111,38262283,1382038,1621098,38260216.0000,1378346.3750,1620208.8750,-69,5234,-24
00:52:15,2009.78,24.26,13.92,3276.70,0.00,24.2345,24.2298,24.0159,24.0115,38263912,1382553,1620911,38260640.0000,1378935.3750,1620230.7500,-69,5234,-24
00:52:18,2004.34,24.26,13.89,3276.70,0.00,24.2350,24.2298,24.0168,24.0115,38264051,1382750,1619912,38260876.0000,1379271.7500,1620227.7500,-69,5234,-24
00:52:21,2009.78,24.26,13.85,3276.70,0.00,24.2352,24.2298,24.0170,24.0115,38265162,1382750,1620361,38261320.0000,1379727.7500,1620238.3750,-69,5234,-24
00:52:22,2009.78,24.26,13.81,3276.70,0.00,24.2355,24.2308,24.0174,24.0125,38264831,1383333,1620625,38261432.0000,1379840.3750,1620250.3750,-69,5234,-24
00:52:26,2004.34,24.26,13.81,3276.70,0.00,24.2355,24.2313,24.0174,24.0131,38264831,1383693,1620625,38261812.0000,1380399.5000,1620290.0000,-69,5234,-24
00:52:28,2004.34,24.26,13.73,3276.70,0.00,24.2366,24.2318,24.0174,24.0135,38264831,1384099,1621216,38262040.0000,1380726.5000,1620355.0000,-69,5234,-24
00:52:30,2009.78,24.26,13.70,3276.70,0.00,24.2368,24.2321,24.0186,24.0139,38263861,1384166,1621216,38262200.0000,1380936.6250,1620317.2500,-69,5234,-24
00:52:32,2004.34,24.26,13.68,3276.70,0.00,24.2372,24.2323,24.0187,24.0140,38263861,1384355,1621028,38262336.0000,1381143.7500,1620359.2500,-69,5234,-24
00:52:33,2009.78,24.26,13.65,3276.70,0.00,24.2371,24.2326,24.0191,24.0145,38265294,1384651,1622021,38262488.0000,1381354.3750,1620359.2500,-69,5234,-24
00:52:34,2004.34,24.26,13.63,3276.70,0.00,24.2375,24.2329,24.0193,24.0146,38264174,1384826,1622021,38262616.0000,1381570.3750,1620463.0000,-69,5234,-24
00:52:37,2009.78,24.26,13.61,3276.70,0.00,24.2375,24.2333,24.0193,24.0151,38265712,1384826,1620722,38262896.0000,1381895.8750,1620473.3750,-69,5234,-24
00:52:39,2009.78,24.26,13.61,3276.70,0.00,24.2384,24.2336,24.0193,24.0155,38265805,1385498,1620592,38263160.0000,1382212.2500,1620524.5000,-69,5234,-24
00:52:40,2009.78,24.26,13.61,3276.70,0.00,24.2387,24.2339,24.0204,24.0156,38265614,1385615,1620397,38263236.0000,1382318.6250,1620520.6250,-69,5234,-24
00:52:43,2009.78,24.26,13.52,3276.70,0.00,24.2389,24.2339,24.0207,24.0156,38266250,1385885,1620397,38263552.0000,1382730.8750,1620552.8750,-69,5234,-24
00:52:45,2009.78,24.26,13.52,3276.70,0.00,24.2389,24.2346,24.0207,24.0166,38265881,1386217,1620638,38263808.0000,1383039.3750,1620538.0000,-69,5234,-24
00:52:46,2009.78,24.26,13.44,3276.70,0.00,24.2395,24.2348,24.0211,24.0167,38265623,1386462,1620231,38263864.0000,1383146.3750,1620528.3750,-69,5234,-24
00:52:48,2009.78,24.26,13.43,3276.70,0.00,24.2395,24.2349,24.0215,24.0168,38264968,1386466,1620606,38263900.0000,1383146.3750,1620538.7500,-69,5234,-24
00:52:50,2009.78,24.26,13.40,3276.70,0.00,24.2398,24.2352,24.0218,24.0168,38266185,1386706,1621044,38264156.0000,1383146.3750,1620569.0000,-69,5234,-24
00:52:52,2004.34,24.26,13.36,3276.70,0.00,24.2403,24.2352,24.0222,24.0168,38267180,1386906,1622115,38264392.0000,1383847.5000,1620630.5000,-69,5234,-25
00:52:55,2009.78,24.26,13.33,3276.70,0.00,24.2406,24.2359,24.0222,24.0179,38267180,1386906,1620514,38264648.0000,1384146.2500,1620682.3750,-69,5234,-25
00:52:57,2009.78,24.27,13.29,3276.70,0.00,24.2411,24.2359,24.0222,24.0181,38267180,1387520,1621313,38264728.0000,1384441.0000,1620721.1250,-69,5234,-25
00:52:58,2009.78,24.27,13.27,3276.70,0.00,24.2414,24.2366,24.0232,24.0184,38267019,1387713,1621757,38264796.0000,1384543.2500,1620753.5000,-69,5234,-25
00:53:02,2009.78,24.27,13.23,3276.70,0.00,24.2415,24.2366,24.0239,24.0184,38267660,1387713,1621874,38265216.0000,1385043.5000,1620875.8750,-69,5234,-25
00:53:03,2009.78,24.26,13.23,3276.70,0.00,24.2420,24.2373,24.0240,24.0193,38268393,1388304,1621874,38265428.0000,1385239.2500,1620869.3750,-69,5234,-25
00:53:04,2004.34,24.26,13.17,3276.70,0.00,24.2421,24.2375,24.0243,24.0194,38268551,1388337,1620751,38265528.0000,1385336.1250,1620865.7500,-69,5234,-25
00:53:06,2009.78,24.26,13.15,3276.70,0.00,24.2422,24.2377,24.0241,24.0195,38269379,1388560,1620415,38265796.0000,1385531.0000,1620856.7500,-69,5234,-25
00:53:07,2004.34,24.26,13.14,3276.70,0.00,24.2423,24.2379,24.0244,24.0198,38269741,1388622,1620415,38265992.0000,1385728.6250,1620860.1250,-69,5234,-25
00:53:09,2004.34,24.26,13.12,3276.70,0.00,24.2427,24.2381,24.0246,24.0200,38269559,1388966,1621042,38266248.0000,1385926.6250,1620866.1250,-69,5234,-25
00:53:11,2009.78,24.26,13.10,3276.70,0.00,24.2427,24.2385,24.0246,24.0205,38269868,1389217,1620703,38266608.0000,1386219.8750,1620882.0000,-69,5234,-25
00:53:13,2004.34,24.26,13.06,3276.70,0.00,24.2436,24.2389,24.0254,24.0207,38270105,1389224,1620468,38266768.0000,1386403.1250,1620858.5000,-69,5234,-25
00:53:16,2004.34,24.27,13.06,3276.70,0.00,24.2436,24.2391,24.0254,24.0210,38270105,1389617,1621700,38266980.0000,1386692.3750,1620953.5000,-69,5234,-25
00:53:17,2009.78,24.26,13.00,3276.70,0.00,24.2441,24.2395,24.0261,24.0213,38271621,1389729,1622358,38267368.0000,1386972.7500,1621045.5000,-69,5234,-25
00:53:19,2009.78,24.26,12.99,3276.70,0.00,24.2442,24.2396,24.0259,24.0214,38271226,1390025,1622358,38267368.0000,1386972.7500,1621077.2500,-69,5234,-25
00:53:21,2004.34,24.26,12.99,3276.70,0.00,24.2445,24.2399,24.0266,24.0218,38271704,1390080,1621458,38267760.0000,1386972.7500,1621113.0000,-69,5234,-25
00:53:23,2009.78,24.26,12.93,3276.70,0.00,24.2448,24.2403,24.0267,24.0221,38271193,1390347,1621458,38267760.0000,1387529.6250,1621094.5000,-69,5234,-25
00:53:24,2004.34,24.27,12.91,3276.70,0.00,24.2449,24.2404,24.0269,24.0223,38270240,1390490,1620110,38268080.0000,1387622.1250,1621010.6250,-69,5234,-25
00:53:25,2004.34,24.27,12.91,3276.70,0.00,24.2451,24.2406,24.0269,24.0225,38268792,1390634,1620608,38268156.0000,1387622.1250,1621010.6250,-69,5234,-25
00:53:26,2009.78,24.27,12.89,3276.70,0.00,24.2451,24.2407,24.0270,24.0226,38270294,1390788,1620930,38268224.0000,1387898.2500,1620996.0000,-69,5234,-25
00:53:29,2004.34,24.27,12.89,3276.70,0.00,24.2451,24.2411,24.0270,24.0231,38270294,1391025,1620891,38268524.0000,1388267.2500,1620967.5000,-69,5234,-25
00:53:32,2009.78,24.27,12.83,3276.70,0.00,24.2451,24.2416,24.0270,24.0234,38271960,1391257,1620563,38268800.0000,1388540.7500,1620952.5000,-69,5234,-25
00:53:33,2009.78,24.27,12.83,3276.70,0.00,24.2463,24.2418,24.0282,24.0237,38271161,1391257,1621750,38268984.0000,1388809.2500,1620953.7500,-69,5234,-25
00:53:36,2009.78,24.27,12.77,3276.70,0.00,24.2463,24.2421,24.0282,24.0240,38272621,1391806,1621707,38269228.0000,1389081.2500,1621005.5000,-69,5234,-25
00:53:39,2009.78,24.27,12.75,3276.70,0.00,24.2463,24.2425,24.0282,24.0244,38272621,1391806,1622130,38269500.0000,1389348.5000,1621005.5000,-69,5234,-25
00:53:40,2004.34,24.27,12.71,3276.70,0.00,24.2471,24.2427,24.0288,24.0247,38271939,1392401,1622130,38269688.0000,1389529.6250,1621109.1250,-69,5234,-25
00:53:42,2004.34,24.27,12.69,3276.70,0.00,24.2475,24.2431,24.0293,24.0250,38273491,1392567,1620509,38269896.0000,1389712.0000,1621087.0000,-69,5234,-25
00:53:43,2009.78,24.27,12.67,3276.70,0.00,24.2477,24.2432,24.0294,24.0252,38273907,1392586,1620862,38270136.0000,1389892.6250,1621068.6250,-69,5234,-25
00:53:45,2004.34,24.27,12.67,3276.70,0.00,24.2479,24.2434,24.0296,24.0253,38272987,1392576,1620862,38270320.0000,1390062.0000,1621080.5000,-69,5234,-25
00:53:46,2009.78,24.27,12.63,3276.70,0.00,24.2478,24.2437,24.0298,24.0255,38272194,1392758,1621803,38270380.0000,1390146.2500,1621103.1250,-69,5234,-25
00:53:47,2004.34,24.27,12.62,3276.70,0.00,24.2481,24.2438,24.0299,24.0257,38272727,1392837,1621735,38270456.0000,1390230.2500,1621122.8750,-69,5234,-25
00:53:48,2009.78,24.27,12.61,3276.70,0.00,24.2481,24.2439,24.0300,24.0259,38271754,1393006,1620715,38270544.0000,1390399.1250,1621115.0000,-69,5234,-25
00:53:50,2009.78,24.27,12.57,3276.70,0.00,24.2484,24.2443,24.0305,24.0261,38272015,1393150,1620744,38270660.0000,1390566.3750,1621090.2500,-69,5234,-25
00:53:52,2009.78,24.27,12.56,3276.70,0.00,24.2489,24.2444,24.0306,24.0261,38273215,1393407,1621860,38270808.0000,1390736.8750,1621126.8750,-69,5234,-25
00:53:54,2009.78,24.27,12.54,3276.70,0.00,24.2489,24.2447,24.0310,24.0266,38272247,1393533,1622413,38271008.0000,1390736.8750,1621211.5000,-69,5234,-25
00:53:56,2009.78,24.27,12.54,3276.70,0.00,24.2493,24.2451,24.0312,24.0270,38273864,1393839,1620532,38271192.0000,1390736.8750,1621205.5000,-69,5234,-25
00:53:59,2004.34,24.27,12.48,3276.70,0.00,24.2493,24.2454,24.0312,24.0274,38273978,1394116,1620882,38271500.0000,1391500.3750,1621211.6250,-69,5234,-25
00:54:00,2009.78,24.27,12.46,3276.70,0.00,24.2499,24.2457,24.0317,24.0274,38273582,1394378,1621735,38271616.0000,1391675.2500,1621213.0000,-69,5234,-25
00:54:03,2009.78,24.27,12.45,3276.70,0.00,24.2499,24.2460,24.0317,24.0279,38273582,1394586,1621619,38271908.0000,1391933.3750,1621262.6250,-69,5234,-25
00:54:05,2004.34,24.27,12.41,3276.70,0.00,24.2499,24.2464,24.0323,24.0282,38274739,1394670,1621619,38272080.0000,1392100.5000,1621325.3750,-69,5234,-25
00:54:07,2009.78,24.27,12.39,3276.70,0.00,24.2506,24.2464,24.0325,24.0282,38272794,1394834,1621179,38272200.0000,1392100.5000,1621325.3750,-69,5234,-25
00:54:08,2009.78,24.27,12.37,3276.70,0.00,24.2513,24.2470,24.0330,24.0288,38273339,1395052,1621790,38272248.0000,1392510.2500,1621346.7500,-69,5234,-25
00:54:11,2004.34,24.27,12.36,3276.70,0.00,24.2512,24.2471,24.0330,24.0288,38273379,1395052,1621530,38272376.0000,1392510.2500,1621346.7500,-69,5234,-26
00:54:13,2009.78,24.27,12.32,3276.70,0.00,24.2514,24.2474,24.0333,24.0288,38273602,1395052,1621530,38272508.0000,1393002.5000,1621404.0000,-69,5234,-26
00:54:16,2009.78,24.27,12.30,3276.70,0.00,24.2514,24.2479,24.0333,24.0298,38273602,1395816,1621487,38272688.0000,1393246.6250,1621367.8750,-69,5234,-25
00:54:17,2009.78,24.27,12.25,3276.70,0.00,24.2522,24.2482,24.0342,24.0301,38275807,1395932,1622178,38272824.0000,1393409.2500,1621414.1250,-69,5234,-26
00:54:19,2004.34,24.27,12.23,3276.70,0.00,24.2523,24.2484,24.0342,24.0302,38273775,1395932,1622148,38272872.0000,1393565.6250,1621452.1250,-69,5234,-26
00:54:21,2009.78,24.27,12.22,3276.70,0.00,24.2523,24.2487,24.0342,24.0302,38275452,1396333,1621130,38273100.0000,1393810.5000,1621451.0000,-69,5234,-26
00:54:23,2009.78,24.27,12.17,3276.70,0.00,24.2534,24.2491,24.0350,24.0309,38275275,1396524,1621401,38273224.0000,1393975.5000,1621457.8750,-69,5234,-26
00:54:27,2009.78,24.27,12.15,3276.70,0.00,24.2534,24.2494,24.0350,24.0314,38275275,1396664,1621829,38273348.0000,1394287.5000,1621503.7500,-69,5234,-26
00:54:28,2009.78,24.27,12.11,3276.70,0.00,24.2539,24.2498,24.0350,24.0318,38274606,1397025,1621520,38273512.0000,1394526.7500,1621515.6250,-69,5234,-26
00:54:30,2009.78,24.27,12.10,3276.70,0.00,24.2539,24.2501,24.0350,24.0320,38275145,1397260,1620807,38273684.0000,1394773.0000,1621543.5000,-69,5234,-26
00:54:33,2004.34,24.27,12.07,3276.70,0.00,24.2543,24.2502,24.0364,24.0320,38274265,1397203,1620871,38273700.0000,1394773.0000,1621516.7500,-69,5234,-26
00:54:35,2009.78,24.27,12.07,3276.70,0.00,24.2550,24.2507,24.0365,24.0326,38276409,1397510,1620871,38273700.0000,1394773.0000,1621541.6250,-69,5234,-26
00:54:36,2009.78,24.27,12.01,3276.70,0.00,24.2550,24.2511,24.0368,24.0329,38277543,1397848,1622011,38274132.0000,1395330.2500,1621569.1250,-69,5234,-26
00:54:38,2009.78,24.27,12.01,3276.70,0.00,24.2549,24.2513,24.0372,24.0331,38275338,1397912,1621647,38274280.0000,1395330.2500,1621580.3750,-69,5234,-26
00:54:41,2009.78,24.27,12.01,3276.70,0.00,24.2549,24.2515,24.0372,24.0335,38276112,1397912,1621647,38274500.0000,1395800.5000,1621651.0000,-69,5234,-26
00:54:43,2009.78,24.27,11.95,3276.70,0.00,24.2549,24.2515,24.0377,24.0335,38276777,1398390,1621953,38274628.0000,1395957.7500,1621673.1250,-69,5234,-26
00:54:45,2009.78,24.27,11.95,3276.70,0.00,24.2549,24.2521,24.0380,24.0340,38276070,1398461,1621383,38274712.0000,1396111.1250,1621655.0000,-69,5234,-26
00:54:47,2009.78,24.27,11.92,3276.70,0.00,24.2561,24.2523,24.0378,24.0342,38277142,1398461,1621935,38274712.0000,1396353.7500,1621687.7500,-69,5234,-26
00:54:48,2009.78,24.27,11.88,3276.70,0.00,24.2562,24.2523,24.0378,24.0346,38277978,1398993,1621681,38275032.0000,1396515.0000,1621707.8750,-69,5234,-26
00:54:51,2009.78,24.27,11.88,3276.70,0.00,24.2562,24.2529,24.0378,24.0349,38277978,1399057,1621799,38275272.0000,1396515.0000,1621671.2500,-69,5234,-26
00:54:54,2004.34,24.27,11.84,3276.70,0.00,24.2562,24.2533,24.0387,24.0352,38279002,1399276,1621424,38275272.0000,1397037.8750,1621669.6250,-69,5234,-26
00:54:56,2009.78,24.27,11.80,3276.70,0.00,24.2572,24.2536,24.0387,24.0352,38279608,1399582,1621995,38275844.0000,1397190.8750,1621681.1250,-69,5234,-26
00:54:57,2009.78,24.27,11.78,3276.70,0.00,24.2573,24.2538,24.0395,24.0358,38277521,1399632,1621999,38275996.0000,1397342.0000,1621716.1250,-69,5234,-26
00:54:59,2009.78,24.27,11.77,3276.70,0.00,24.2573,24.2541,24.0398,24.0360,38278858,1399932,1621628,38276140.0000,1397495.7500,1621712.7500,-69,5234,-26
00:55:01,2009.78,24.27,11.76,3276.70,0.00,24.2580,24.2543,24.0398,24.0362,38278706,1399883,1621912,38276300.0000,1397643.5000,1621718.2500,-69,5234,-26
00:55:01,2004.34,24.27,11.73,3276.70,0.00,24.2582,24.2544,24.0399,24.0363,38278245,1399985,1622055,38276360.0000,1397789.8750,1621723.7500,-69,5234,-26
00:55:04,2009.78,24.27,11.73,3276.70,0.00,24.2584,24.2544,24.0399,24.0364,38278245,1400168,1622910,38276536.0000,1397934.6250,1621768.7500,-69,5234,-26
00:55:07,2009.78,24.27,11.71,3276.70,0.00,24.2584,24.2544,24.0404,24.0364,38278336,1400372,1621837,38276704.0000,1397934.6250,1621819.2500,-69,5234,-26
00:55:08,2009.78,24.27,11.68,3276.70,0.00,24.2590,24.2552,24.0408,24.0364,38278336,1400582,1621837,38276864.0000,1398358.8750,1621875.8750,-69,5234,-26
00:55:11,2004.34,24.27,11.66,3276.70,0.00,24.2589,24.2554,24.0408,24.0372,38278336,1400739,1621837,38276864.0000,1398358.8750,1621890.8750,-69,5234,-26
00:55:14,2009.78,24.27,11.64,3276.70,0.00,24.2589,24.2558,24.0408,24.0377,38278336,1401039,1622331,38277368.0000,1398865.6250,1621905.3750,-69,5234,-26
00:55:15,2004.34,24.27,11.61,3276.70,0.00,24.2596,24.2561,24.0415,24.0377,38278466,1401182,1621852,38277396.0000,1399007.7500,1621900.3750,-69,5234,-26
00:55:19,2009.78,24.27,11.61,3276.70,0.00,24.2596,24.2564,24.0415,24.0383,38278466,1401261,1623082,38277580.0000,1399007.7500,1621900.3750,-69,5234,-26
00:55:21,2009.78,24.27,11.56,3276.70,0.00,24.2596,24.2566,24.0415,24.0386,38279406,1401261,1621356,38277776.0000,1399481.6250,1621967.8750,-69,5234,-26
00:55:23,2009.78,24.27,11.56,3276.70,0.00,24.2596,24.2570,24.0415,24.0391,38281052,1401761,1621788,38278000.0000,1399681.2500,1621984.5000,-69,5234,-26
00:55:25,2009.78,24.27,11.51,3276.70,0.00,24.2608,24.2572,24.0431,24.0392,38279291,1401900,1622081,38278000.0000,1399750.6250,1621987.5000,-69,5234,-26
00:55:27,2009.78,24.27,11.49,3276.70,0.00,24.2608,24.2574,24.0434,24.0395,38280620,1402007,1622081,38278180.0000,1399750.6250,1621976.7500,-69,5234,-26
00:55:29,2004.34,24.27,11.47,3276.70,0.00,24.2614,24.2577,24.0432,24.0397,38281057,1402170,1621685,38278368.0000,1400154.2500,1621978.0000,-69,5234,-26
00:55:31,2009.78,24.27,11.46,3276.70,0.00,24.2614,24.2579,24.0435,24.0399,38279240,1402311,1621739,38278396.0000,1400221.6250,1621970.6250,-69,5234,-26
00:55:32,2009.78,24.27,11.43,3276.70,0.00,24.2616,24.2580,24.0435,24.0399,38280309,1402294,1621739,38278552.0000,1400414.3750,1621984.3750,-69,5234,-27
00:55:36,2009.78,24.27,11.42,3276.70,0.00,24.2619,24.2584,24.0435,24.0404,38278371,1402294,1621739,38278552.0000,1400414.3750,1621978.0000,-69,5234,-27
00:55:37,2009.78,24.27,11.42,3276.70,0.00,24.2624,24.2587,24.0443,24.0407,38281023,1402811,1621560,38278752.0000,1400810.2500,1621945.0000,-69,5234,-26
00:55:39,2009.78,24.27,11.38,3276.70,0.00,24.2625,24.2589,24.0447,24.0409,38280358,1402876,1621628,38278876.0000,1400937.8750,1621944.6250,-69,5234,-26
00:55:40,2009.78,24.27,11.38,3276.70,0.00,24.2627,24.2591,24.0445,24.0411,38280100,1403109,1621867,38278948.0000,1401068.7500,1621925.0000,-69,5234,-26
00:55:42,2009.78,24.27,11.38,3276.70,0.00,24.2627,24.2591,24.0446,24.0412,38280133,1403131,1621867,38279000.0000,1401200.0000,1621918.7500,-69,5234,-26
00:55:44,2009.78,24.27,11.33,3276.70,0.00,24.2630,24.2591,24.0451,24.0414,38281962,1403118,1621701,38279176.0000,1401319.7500,1621905.2500,-69,5234,-26
00:55:46,2009.78,24.27,11.31,3276.70,0.00,24.2630,24.2591,24.0455,24.0414,38280477,1403607,1621803,38279368.0000,1401514.3750,1621896.1250,-69,5234,-26
00:55:50,2009.78,24.27,11.30,3276.70,0.00,24.2630,24.2600,24.0455,24.0420,38280477,1403770,1621803,38279696.0000,1401779.8750,1621896.1250,-69,5234,-27
00:55:52,2009.78,24.27,11.26,3276.70,0.00,24.2638,24.2603,24.0461,24.0423,38282423,1404041,1622586,38279880.0000,1401975.2500,1622013.5000,-69,5234,-27
00:55:54,2009.78,24.27,11.24,3276.70,0.00,24.2639,24.2605,24.0460,24.0425,38282334,1404125,1621812,38279956.0000,1401975.2500,1621993.7500,-69,5234,-27
00:55:56,2009.78,24.27,11.21,3276.70,0.00,24.2643,24.2605,24.0464,24.0425,38281757,1404240,1621812,38280240.0000,1402291.6250,1622039.0000,-69,5234,-27
00:55:58,2009.78,24.27,11.19,3276.70,0.00,24.2646,24.2605,24.0466,24.0432,38282801,1404322,1622533,38280408.0000,1402466.3750,1622095.0000,-69,5234,-27
00:56:00,2009.78,24.27,11.17,3276.70,0.00,24.2651,24.2614,24.0472,24.0434,38282517,1404490,1623104,38280572.0000,1402466.3750,1622095.0000,-69,5234,-27
00:56:02,2009.78,24.27,11.17,3276.70,0.00,24.2651,24.2616,24.0472,24.0436,38282839,1404755,1622308,38280708.0000,1402718.7500,1622160.0000,-69,5234,-27
00:56:04,2015.21,24.27,11.13,3276.70,0.00,24.2653,24.2618,24.0474,24.0437,38282290,1404742,1621628,38280836.0000,1402906.6250,1622107.3750,-69,5234,-27
00:56:06,2009.78,24.27,11.12,3276.70,0.00,24.2656,24.2618,24.0478,24.0437,38282016,1405022,1621124,38280976.0000,1403092.7500,1622064.7500,-69,5234,-27
00:56:09,2009.78,24.28,11.10,3276.70,0.00,24.2656,24.2623,24.0478,24.0445,38282016,1405110,1622906,38281252.0000,1403332.0000,1622132.3750,-69,5234,-27
00:56:10,2009.78,24.27,11.08,3276.70,0.00,24.2661,24.2625,24.0480,24.0446,38282824,1405110,1622884,38281304.0000,1403393.7500,1622155.8750,-69,5234,-27
00:56:13,2009.78,24.27,11.07,3276.70,0.00,24.2661,24.2627,24.0481,24.0448,38283291,1405366,1622909,38281508.0000,1403574.5000,1622195.0000,-69,5234,-27
00:56:15,2009.78,24.27,11.04,3276.70,0.00,24.2666,24.2627,24.0484,24.0448,38282765,1405366,1622909,38281672.0000,1403819.7500,1622269.1250,-69,5234,-27
00:56:17,2009.78,24.27,11.02,3276.70,0.00,24.2666,24.2632,24.0486,24.0453,38283293,1405366,1622909,38281808.0000,1403941.3750,1622356.7500,-69,5234,-27
00:56:19,2009.78,24.27,11.01,3276.70,0.00,24.2670,24.2632,24.0490,24.0456,38285067,1405896,1623258,38281972.0000,1404059.6250,1622418.2500,-69,5234,-27
00:56:21,2009.78,24.27,10.98,3276.70,0.00,24.2671,24.2636,24.0490,24.0458,38284090,1406062,1622309,38282160.0000,1404059.6250,1622454.1250,-69,5234,-27
00:56:23,2009.78,24.27,10.97,3276.70,0.00,24.2671,24.2638,24.0490,24.0459,38284090,1406062,1623322,38282324.0000,1404363.8750,1622524.5000,-69,5234,-27
00:56:25,2009.78,24.27,10.95,3276.70,0.00,24.2671,24.2641,24.0490,24.0462,38284350,1406268,1622931,38282516.0000,1404541.8750,1622570.3750,-69,5234,-27
00:56:28,2004.34,24.27,10.95,3276.70,0.00,24.2671,24.2643,24.0496,24.0464,38285173,1406551,1622931,38282516.0000,1404541.8750,1622597.3750,-69,5234,-27
00:56:29,2009.78,24.27,10.89,3276.70,0.00,24.2679,24.2645,24.0499,24.0466,38285192,1406643,1622111,38282844.0000,1404842.0000,1622591.7500,-69,5234,-27
00:56:31,2009.78,24.27,10.88,3276.70,0.00,24.2679,24.2647,24.0499,24.0469,38285435,1406813,1622470,38283100.0000,1405019.3750,1622566.5000,-69,5234,-27
00:56:35,2009.78,24.27,10.87,3276.70,0.00,24.2679,24.2650,24.0499,24.0470,38285435,1407116,1623575,38283212.0000,1405199.2500,1622635.1250,-69,5234,-27
00:56:37,2009.78,24.27,10.87,3276.70,0.00,24.2689,24.2652,24.0508,24.0473,38284824,1407040,1623575,38283360.0000,1405372.5000,1622635.1250,-69,5234,-27
00:56:39,2009.78,24.27,10.81,3276.70,0.00,24.2692,24.2655,24.0508,24.0476,38284824,1407325,1622149,38283512.0000,1405554.2500,1622601.3750,-69,5234,-27
00:56:42,2009.78,24.27,10.79,3276.70,0.00,24.2692,24.2658,24.0508,24.0479,38284824,1407636,1623205,38283512.0000,1405853.8750,1622617.8750,-69,5234,-27
00:56:45,2009.78,24.27,10.79,3276.70,0.00,24.2695,24.2658,24.0516,24.0479,38287282,1407867,1623568,38284016.0000,1405974.7500,1622665.2500,-69,5234,-27
00:56:47,2009.78,24.27,10.79,3276.70,0.00,24.2699,24.2663,24.0516,24.0479,38285405,1408070,1622491,38284228.0000,1406156.7500,1622667.1250,-69,5234,-27
00:56:49,2009.78,24.27,10.71,3276.70,0.00,24.2701,24.2663,24.0521,24.0479,38286127,1408225,1624153,38284376.0000,1406346.7500,1622792.2500,-69,5234,-28
00:56:51,2009.78,24.28,10.70,3276.70,0.00,24.2701,24.2668,24.0522,24.0488,38286035,1408372,1622952,38284468.0000,1406469.7500,1622792.2500,-69,5234,-28
00:56:53,2009.78,24.28,10.67,3276.70,0.00,24.2700,24.2668,24.0522,24.0489,38285201,1408445,1622354,38284544.0000,1406593.3750,1622817.0000,-69,5234,-28
00:56:56,2009.78,24.28,10.66,3276.70,0.00,24.2700,24.2671,24.0522,24.0492,38285201,1408597,1623218,38284712.0000,1406830.1250,1622838.5000,-69,5234,-28
00:56:57,2009.78,24.28,10.62,3276.70,0.00,24.2708,24.2674,24.0529,24.0495,38286886,1408792,1622925,38284808.0000,1406947.3750,1622838.6250,-69,5234,-28
00:56:59,2009.78,24.28,10.60,3276.70,0.00,24.2707,24.2674,24.0529,24.0496,38285674,1408946,1622558,38284808.0000,1406947.3750,1622832.5000,-69,5234,-28
00:57:01,2009.78,24.27,10.60,3276.70,0.00,24.2711,24.2677,24.0532,24.0498,38286162,1408962,1622558,38285032.0000,1407246.3750,1622892.6250,-69,5234,-28
00:57:04,2009.78,24.27,10.56,3276.70,0.00,24.2711,24.2680,24.0532,24.0501,38287198,1409324,1623006,38285160.0000,1407430.1250,1622945.8750,-69,5234,-28
00:57:07,2009.78,24.28,10.54,3276.70,0.00,24.2711,24.2683,24.0532,24.0504,38287198,1409559,1622194,38285392.0000,1407624.3750,1622892.8750,-69,5234,-28
00:57:08,2009.78,24.28,10.51,3276.70,0.00,24.2730,24.2687,24.0546,24.0504,38289076,1409689,1622983,38285752.0000,1407804.1250,1622850.7500,-69,5234,-28
00:57:11,2009.78,24.28,10.49,3276.70,0.00,24.2734,24.2687,24.0554,24.0504,38289838,1410024,1623378,38286064.0000,1408000.1250,1622891.8750,-69,5234,-28
00:57:12,2009.78,24.28,10.48,3276.70,0.00,24.2741,24.2693,24.0560,24.0512,38287847,1410105,1623057,38286120.0000,1408065.8750,1622891.8750,-69,5234,-28
00:57:13,2009.78,24.28,10.48,3276.70,0.00,24.2754,24.2696,24.0567,24.0516,38287760,1410119,1622331,38286212.0000,1408190.7500,1622879.6250,-69,5234,-28
00:57:16,2009.78,24.28,10.43,3276.70,0.00,24.2755,24.2700,24.0574,24.0519,38287760,1410208,1623104,38286404.0000,1408190.7500,1622881.5000,-69,5234,-28
00:57:18,2009.78,24.28,10.43,3276.70,0.00,24.2755,24.2706,24.0574,24.0526,38287895,1410441,1622605,38286680.0000,1408566.6250,1622858.1250,-69,5234,-28
00:57:20,2009.78,24.28,10.37,3276.70,0.00,24.2755,24.2712,24.0574,24.0532,38289055,1410672,1622086,38286864.0000,1408746.3750,1622829.5000,-69,5234,-28
00:57:23,2009.78,24.28,10.36,3276.70,0.00,24.2755,24.2718,24.0574,24.0536,38289511,1410672,1623529,38287076.0000,1408930.3750,1622816.8750,-69,5234,-28
00:57:26,2009.78,24.29,10.33,3276.70,0.00,24.2755,24.2725,24.0574,24.0545,38289511,1411179,1622805,38287424.0000,1409180.1250,1622863.3750,-69,5234,-28
00:57:28,2009.78,24.29,10.30,3276.70,0.00,24.2755,24.2736,24.0574,24.0552,38288801,1411410,1623173,38287552.0000,1409384.0000,1622877.5000,-69,5234,-28
00:57:29,2009.78,24.29,10.28,3276.70,0.00,24.2823,24.2738,24.0634,24.0554,38288223,1411531,1623358,38287604.0000,1409451.0000,1622892.5000,-69,5234,-28
00:57:30,2009.78,24.29,10.26,3276.70,0.00,24.2832,24.2744,24.0643,24.0559,38288819,1411468,1623888,38287640.0000,1409514.1250,1622923.6250,-69,5234,-28
00:57:32,2009.78,24.29,10.25,3276.70,0.00,24.2836,24.2746,24.0646,24.0561,38289511,1411465,1623888,38287736.0000,1409639.6250,1622936.1250,-69,5234,-28
00:57:34,2009.78,24.29,10.24,3276.70,0.00,24.2836,24.2755,24.0646,24.0570,38289524,1411857,1623548,38287928.0000,1409830.3750,1622936.1250,-69,5234,-28
00:57:36,2009.78,24.29,10.20,3276.70,0.00,24.2855,24.2760,24.0662,24.0575,38290745,1411904,1623622,38288016.0000,1409895.1250,1622993.8750,-69,5234,-28
00:57:37,2009.78,24.29,10.19,3276.70,0.00,24.2855,24.2766,24.0669,24.0580,38289809,1412106,1622866,38288176.0000,1410087.0000,1623034.0000,-69,5234,-28
00:57:39,2009.78,24.29,10.17,3276.70,0.00,24.2855,24.2766,24.0677,24.0589,38290383,1412323,1624134,38288176.0000,1410221.8750,1623087.1250,-69,5234,-28
00:57:40,2009.78,24.30,10.16,3276.70,0.00,24.2865,24.2777,24.0678,24.0591,38289399,1412418,1623395,38288452.0000,1410357.6250,1623117.2500,-69,5234,-28
00:57:42,2009.78,24.29,10.16,3276.70,0.00,24.2870,24.2782,24.0683,24.0597,38290171,1412518,1622978,38288504.0000,1410425.1250,1623112.8750,-69,5234,-28
00:57:43,2009.78,24.30,10.16,3276.70,0.00,24.2871,24.2787,24.0687,24.0602,38289891,1412574,1623776,38288588.0000,1410556.5000,1623148.6250,-69,5234,-28
00:57:44,2009.78,24.30,10.11,3276.70,0.00,24.2873,24.2792,24.0687,24.0607,38290980,1412636,1623363,38288736.0000,1410684.5000,1623155.6250,-69,5234,-28
00:57:46,2009.78,24.30,10.10,3276.70,0.00,24.2873,24.2794,24.0687,24.0609,38290001,1412724,1623878,38288776.0000,1410748.2500,1623196.0000,-69,5234,-28
00:57:48,2009.78,24.30,10.09,3276.70,0.00,24.2873,24.2801,24.0687,24.0616,38289955,1413170,1624030,38288912.0000,1410953.6250,1623238.7500,-69,5234,-28
00:57:50,2009.78,24.30,10.09,3276.70,0.00,24.2873,24.2806,24.0687,24.0623,38291202,1413139,1623978,38289140.0000,1411145.8750,1623325.8750,-69,5234,-28
00:57:53,2009.78,24.30,10.03,3276.70,0.00,24.2873,24.2812,24.0687,24.0630,38291974,1413453,1623326,38289352.0000,1411345.5000,1623318.3750,-69,5234,-28
00:57:56,2009.78,24.30,10.00,3276.70,0.00,24.2873,24.2818,24.0687,24.0636,38291974,1413704,1623912,38289624.0000,1411615.7500,1623376.7500,-69,5234,-28
00:57:58,2009.78,24.30,9.97,3276.70,0.00,24.2873,24.2818,24.0703,24.0636,38292188,1413923,1623997,38289724.0000,1411615.7500,1623441.8750,-69,5234,-29
00:58:00,2009.78,24.30,9.94,3276.70,0.00,24.2887,24.2830,24.0705,24.0646,38291676,1414024,1623308,38289900.0000,1411615.7500,1623441.8750,-69,5234,-29
00:58:01,2009.78,24.29,9.92,3276.70,0.00,24.2887,24.2832,24.0707,24.0648,38292267,1414230,1623308,38290040.0000,1412100.7500,1623478.6250,-69,5234,-29
00:58:03,2009.78,24.29,9.90,3276.70,0.00,24.2892,24.2837,24.0709,24.0653,38294005,1414472,1623163,38290244.0000,1412246.7500,1623476.2500,-69,5234,-29
00:58:05,2009.78,24.29,9.87,3276.70,0.00,24.2892,24.2840,24.0709,24.0657,38291907,1414622,1623979,38290408.0000,1412461.2500,1623476.6250,-69,5234,-29
00:58:08,2015.21,24.29,9.86,3276.70,0.00,24.2891,24.2840,24.0709,24.0661,38292888,1414622,1623678,38290408.0000,1412680.0000,1623494.6250,-69,5234,-29
00:58:11,2015.21,24.29,9.81,3276.70,0.00,24.2891,24.2847,24.0709,24.0665,38292888,1415387,1623678,38290776.0000,1412979.1250,1623529.2500,-69,5234,-29
00:58:13,2009.78,24.29,9.76,3276.70,0.00,24.2891,24.2852,24.0713,24.0669,38293744,1415330,1623678,38291000.0000,1413200.0000,1623550.3750,-69,5234,-29
00:58:16,2009.78,24.29,9.76,3276.70,0.00,24.2891,24.2855,24.0713,24.0673,38292028,1415803,1622862,38291064.0000,1413430.0000,1623567.6250,-69,5234,-29
00:58:18,2009.78,24.29,9.76,3276.70,0.00,24.2896,24.2858,24.0714,24.0675,38293090,1415973,1624215,38291208.0000,1413430.0000,1623569.3750,-69,5234,-29
00:58:19,2004.34,24.29,9.66,3276.70,0.00,24.2889,24.2860,24.0707,24.0677,38294092,1416263,1624519,38291368.0000,1413743.0000,1623608.5000,-69,5234,-29
00:58:21,2004.34,24.29,9.65,3276.70,0.00,24.2881,24.2860,24.0698,24.0678,38293908,1416569,1623581,38291544.0000,1413914.8750,1623644.3750,-69,5234,-29
00:58:24,2004.34,24.29,9.62,3276.70,0.00,24.2881,24.2861,24.0698,24.0678,38293908,1416890,1623370,38291736.0000,1414259.2500,1623609.7500,-69,5234,-29
00:58:26,2004.34,24.29,9.61,3276.70,0.00,24.2855,24.2861,24.0674,24.0678,38292822,1417013,1623370,38291776.0000,1414512.8750,1623639.3750,-69,5234,-29
00:58:28,2004.34,24.29,9.61,3276.70,0.00,24.2852,24.2859,24.0674,24.0677,38292822,1417423,1623621,38291872.0000,1414688.8750,1623624.0000,-69,5234,-29
00:58:30,2004.34,24.29,9.58,3276.70,0.00,24.2848,24.2858,24.0665,24.0675,38292162,1417456,1623224,38291908.0000,1414858.8750,1623634.0000,-69,5234,-29
00:58:33,2004.34,24.29,9.57,3276.70,0.00,24.2848,24.2857,24.0665,24.0674,38292162,1417836,1623874,38292024.0000,1415210.3750,1623589.5000,-69,5234,-29
00:58:35,2004.34,24.29,9.57,3276.70,0.00,24.2848,24.2856,24.0668,24.0673,38292821,1417836,1624573,38292152.0000,1415469.2500,1623589.5000,-69,5234,-29
00:58:38,2009.78,24.29,9.47,3276.70,0.00,24.2850,24.2856,24.0671,24.0673,38293745,1418466,1623586,38292292.0000,1415469.2500,1623589.5000,-69,5234,-29
00:58:42,2004.34,24.29,9.47,3276.70,0.00,24.2850,24.2853,24.0671,24.0671,38293745,1418872,1623586,38292696.0000,1415469.2500,1623628.0000,-69,5234,-29
00:58:44,2004.34,24.29,9.37,3276.70,0.00,24.2855,24.2853,24.0671,24.0671,38293745,1419202,1623711,38292904.0000,1415469.2500,1623628.0000,-69,5234,-29
00:58:45,2004.34,24.29,9.33,3276.70,0.00,24.2859,24.2853,24.0675,24.0671,38296015,1419382,1623711,38293052.0000,1416635.8750,1623614.7500,-69,5234,-29
00:58:48,2004.34,24.29,9.33,3276.70,0.00,24.2859,24.2853,24.0678,24.0671,38296929,1419737,1624233,38293240.0000,1416824.5000,1623621.3750,-69,5234,-29
00:58:50,2004.34,24.29,9.27,3276.70,0.00,24.2859,24.2853,24.0682,24.0671,38297386,1419838,1624202,38293724.0000,1417192.3750,1623659.1250,-69,5234,-29
00:58:53,2004.34,24.29,9.27,3276.70,0.00,24.2859,24.2853,24.0682,24.0671,38295766,1419838,1624202,38293952.0000,1417467.3750,1623640.8750,-69,5234,-29
00:58:55,2004.34,24.29,9.21,3276.70,0.00,24.2864,24.2853,24.0684,24.0671,38295021,1419838,1623735,38294040.0000,1417653.8750,1623646.8750,-69,5234,-29
00:58:56,1998.91,24.28,9.19,3276.70,0.00,24.2864,24.2853,24.0685,24.0671,38294321,1420673,1622883,38294112.0000,1417927.0000,1623611.1250,-69,5234,-29
00:58:59,2004.34,24.28,9.17,3276.70,0.00,24.2865,24.2853,24.0688,24.0671,38296624,1420865,1622724,38294276.0000,1417927.0000,1623611.1250,-69,5234,-29
00:59:01,2004.34,24.28,9.13,3276.70,0.00,24.2865,24.2855,24.0688,24.0675,38296306,1421293,1623769,38294584.0000,1418477.0000,1623550.3750,-69,5234,-29
00:59:04,2004.34,24.28,9.09,3276.70,0.00,24.2865,24.2856,24.0688,24.0676,38296306,1421293,1623383,38294788.0000,1418759.6250,1623548.5000,-69,5234,-29
00:59:05,2004.34,24.28,9.06,3276.70,0.00,24.2868,24.2856,24.0689,24.0676,38296931,1421693,1622884,38294856.0000,1418851.2500,1623519.3750,-69,5234,-29
00:59:07,2004.34,24.28,9.06,3276.70,0.00,24.2871,24.2857,24.0693,24.0677,38297015,1421742,1624057,38294980.0000,1419025.7500,1623536.2500,-69,5234,-29
00:59:09,2004.34,24.28,9.04,3276.70,0.00,24.2871,24.2858,24.0690,24.0678,38297550,1421957,1623423,38295220.0000,1419025.7500,1623564.8750,-69,5234,-29
00:59:11,2004.34,24.28,9.00,3276.70,0.00,24.2870,24.2858,24.0691,24.0678,38297463,1421957,1623678,38295348.0000,1419555.0000,1623592.6250,-69,5234,-29
00:59:12,2009.78,24.28,9.00,3276.70,0.00,24.2869,24.2858,24.0694,24.0679,38298472,1422449,1623678,38295504.0000,1419645.3750,1623614.2500,-69,5234,-29
00:59:13,2004.34,24.28,8.98,3276.70,0.00,24.2873,24.2859,24.0695,24.0680,38298472,1422724,1623872,38295632.0000,1419829.8750,1623639.6250,-69,5234,-29
00:59:15,2004.34,24.28,8.96,3276.70,0.00,24.2873,24.2860,24.0694,24.0680,38298870,1422724,1623872,38295840.0000,1420014.2500,1623614.3750,-69,5234,-29
00:59:16,2004.34,24.28,8.96,3276.70,0.00,24.2875,24.2860,24.0697,24.0681,38299063,1422800,1624273,38295940.0000,1420101.3750,1623634.8750,-69,5234,-29
00:59:17,2004.34,24.28,8.93,3276.70,0.00,24.2878,24.2861,24.0697,24.0681,38298788,1422869,1624589,38296032.0000,1420277.2500,1623668.5000,-69,5234,-29
00:59:19,2004.34,24.28,8.92,3276.70,0.00,24.2878,24.2862,24.0697,24.0683,38297868,1423086,1624266,38296144.0000,1420450.6250,1623677.6250,-69,5234,-29
00:59:20,1998.91,24.28,8.90,3276.70,0.00,24.2879,24.2862,24.0699,24.0683,38297420,1423149,1623841,38296184.0000,1420618.2500,1623671.2500,-69,5234,-29
00:59:23,2004.34,24.28,8.89,3276.70,0.00,24.2882,24.2862,24.0702,24.0683,38299100,1423149,1625444,38296520.0000,1420878.7500,1623775.3750,-69,5234,-29
00:59:24,2004.34,24.28,8.89,3276.70,0.00,24.2882,24.2864,24.0703,24.0685,38300630,1423659,1624319,38296648.0000,1420965.6250,1623792.3750,-69,5234,-29
00:59:26,2004.34,24.29,8.84,3276.70,0.00,24.2886,24.2865,24.0705,24.0686,38299229,1423839,1623734,38296832.0000,1421138.0000,1623792.2500,-69,5234,-29
00:59:28,2004.34,24.29,8.82,3276.70,0.00,24.2884,24.2865,24.0706,24.0687,38299762,1424068,1623668,38297088.0000,1421398.6250,1623820.5000,-69,5234,-29
00:59:30,2004.34,24.29,8.79,3276.70,0.00,24.2886,24.2867,24.0707,24.0688,38300176,1424068,1623668,38297336.0000,1421651.8750,1623823.5000,-69,5234,-29
00:59:32,2004.34,24.28,8.79,3276.70,0.00,24.2886,24.2868,24.0710,24.0688,38300220,1424287,1623748,38297424.0000,1421651.8750,1623810.3750,-69,5234,-29
00:59:34,2004.34,24.28,8.79,3276.70,0.00,24.2884,24.2869,24.0710,24.0688,38299809,1424633,1623553,38297672.0000,1421987.0000,1623784.6250,-69,5234,-29
00:59:37,2004.34,24.28,8.75,3276.70,0.00,24.2884,24.2870,24.0710,24.0691,38299076,1424707,1623722,38297808.0000,1421987.0000,1623815.5000,-69,5234,-29
00:59:39,2004.34,24.29,8.75,3276.70,0.00,24.2884,24.2871,24.0709,24.0692,38300334,1424938,1623559,38298072.0000,1422466.3750,1623800.1250,-69,5234,-29
00:59:41,2004.34,24.29,8.69,3276.70,0.00,24.2890,24.2872,24.0709,24.0693,38300334,1424938,1623860,38298128.0000,1422705.3750,1623804.0000,-69,5234,-29
00:59:44,2004.34,24.29,8.68,3276.70,0.00,24.2889,24.2873,24.0710,24.0693,38299130,1424938,1624799,38298128.0000,1422946.8750,1623843.7500,-69,5234,-29
00:59:47,2004.34,24.28,8.64,3276.70,0.00,24.2889,24.2875,24.0710,24.0696,38299130,1425614,1624382,38298332.0000,1423250.6250,1623891.0000,-69,5234,-29
00:59:50,2004.34,24.28,8.64,3276.70,0.00,24.2889,24.2877,24.0710,24.0698,38299130,1425806,1623577,38298452.0000,1423624.7500,1623867.3750,-69,5234,-29
00:59:52,2004.34,24.28,8.60,3276.70,0.00,24.2889,24.2878,24.0710,24.0699,38300654,1426036,1623351,38298624.0000,1423771.2500,1623872.5000,-69,5234,-29
00:59:54,2004.34,24.28,8.58,3276.70,0.00,24.2896,24.2879,24.0719,24.0699,38300291,1426191,1623828,38298708.0000,1423771.2500,1623847.5000,-69,5234,-29
00:59:55,2004.34,24.28,8.55,3276.70,0.00,24.2894,24.2880,24.0718,24.0700,38299577,1426326,1624745,38298780.0000,1424064.1250,1623875.5000,-69,5234,-29
00:59:57,2004.34,24.28,8.54,3276.70,0.00,24.2896,24.2880,24.0720,24.0701,38300094,1426451,1624221,38298820.0000,1424138.7500,1623886.3750,-69,5234,-29
00:59:58,2004.34,24.28,8.54,3276.70,0.00,24.2895,24.2881,24.0718,24.0702,38300897,1426451,1623026,38298932.0000,1424287.6250,1623886.3750,-69,5234,-29
01:00:01,2004.34,24.28,8.52,3276.70,0.00,24.2896,24.2882,24.0718,24.0702,38300897,1426665,1624767,38298932.0000,1424570.7500,1623891.2500,-69,5234,-29
01:00:03,2004.34,24.28,8.48,3276.70,0.00,24.2896,24.2882,24.0718,24.0702,38299406,1426770,1623306,38298932.0000,1424570.7500,1623854.7500,-69,5234,-29
01:00:04,2004.34,24.28,8.47,3276.70,0.00,24.2898,24.2884,24.0721,24.0705,38300642,1426969,1624375,38299156.0000,1424841.5000,1623871.0000,-69,5234,-29
01:00:07,2004.34,24.28,8.46,3276.70,0.00,24.2898,24.2884,24.0721,24.0706,38299081,1427073,1623896,38299196.0000,1425038.7500,1623871.0000,-69,5234,-29
01:00:08,2004.34,24.28,8.44,3276.70,0.00,24.2895,24.2884,24.0720,24.0707,38300963,1427242,1625220,38299292.0000,1425235.7500,1623934.7500,-69,5234,-29
01:00:10,2009.78,24.28,8.44,3276.70,0.00,24.2895,24.2885,24.0719,24.0707,38300275,1427357,1625220,38299408.0000,1425368.5000,1623899.7500,-69,5234,-29
01:00:14,2004.34,24.28,8.41,3276.70,0.00,24.2895,24.2885,24.0719,24.0708,38300275,1427554,1623858,38299540.0000,1425565.3750,1623879.2500,-69,5234,-29
01:00:16,2004.34,24.28,8.38,3276.70,0.00,24.2895,24.2886,24.0719,24.0709,38300491,1427762,1623889,38299688.0000,1425817.2500,1623879.2500,-69,5234,-29
01:00:18,2004.34,24.28,8.38,3276.70,0.00,24.2900,24.2887,24.0725,24.0710,38301368,1427878,1623682,38299768.0000,1425942.2500,1623832.0000,-69,5234,-29
01:00:20,2004.34,24.28,8.38,3276.70,0.00,24.2900,24.2888,24.0725,24.0710,38301954,1428260,1624114,38299944.0000,1426139.3750,1623885.3750,-69,5234,-29
01:00:22,2004.34,24.28,8.32,3276.70,0.00,24.2907,24.2889,24.0727,24.0712,38303267,1428242,1623711,38300144.0000,1426139.3750,1623891.7500,-69,5234,-29
01:00:24,2004.34,24.28,8.32,3276.70,0.00,24.2909,24.2890,24.0730,24.0713,38302195,1428439,1623573,38300284.0000,1426403.7500,1623891.7500,-69,5234,-29
01:00:27,2004.34,24.28,8.29,3276.70,0.00,24.2916,24.2890,24.0733,24.0713,38301899,1428439,1623218,38300616.0000,1426704.0000,1623891.7500,-69,5234,-29
01:00:30,2004.34,24.28,8.26,3276.70,0.00,24.2929,24.2890,24.0745,24.0713,38304575,1428719,1624656,38300944.0000,1426890.5000,1623950.6250,-69,5234,-29
01:00:32,2004.34,24.28,8.25,3276.70,0.00,24.2930,24.2890,24.0749,24.0713,38302644,1428909,1625013,38301104.0000,1427069.2500,1624011.1250,-69,5234,-29
01:00:35,2004.34,24.29,8.25,3276.70,0.00,24.2930,24.2900,24.0749,24.0723,38302644,1429072,1625013,38301344.0000,1427302.1250,1624053.5000,-69,5234,-29
01:00:37,2004.34,24.29,8.21,3276.70,0.00,24.2948,24.2904,24.0764,24.0725,38304135,1429401,1624577,38301536.0000,1427429.8750,1624078.5000,-69,5234,-29
01:00:39,2004.34,24.29,8.19,3276.70,0.00,24.2948,24.2907,24.0764,24.0730,38303943,1429341,1624352,38301752.0000,1427597.3750,1624120.0000,-69,5234,-30
01:00:41,2004.34,24.29,8.17,3276.70,0.00,24.2957,24.2911,24.0774,24.0732,38304500,1429417,1624352,38301880.0000,1427710.3750,1624089.3750,-69,5234,-30
01:00:42,2004.34,24.29,8.16,3276.70,0.00,24.2959,24.2912,24.0778,24.0733,38305289,1429438,1625129,38301984.0000,1427820.7500,1624156.3750,-69,5234,-30
01:00:44,2004.34,24.29,8.16,3276.70,0.00,24.2961,24.2914,24.0779,24.0736,38304814,1429699,1625129,38302136.0000,1427879.3750,1624156.3750,-69,5234,-30
01:00:45,2004.34,24.29,8.14,3276.70,0.00,24.2964,24.2917,24.0782,24.0738,38303353,1429707,1623647,38302136.0000,1428044.5000,1624101.3750,-69,5234,-30
01:00:48,2004.34,24.29,8.14,3276.70,0.00,24.2964,24.2917,24.0783,24.0738,38303559,1429823,1625178,38302392.0000,1428202.6250,1624156.6250,-69,5234,-30
01:00:50,2004.34,24.29,8.11,3276.70,0.00,24.2964,24.2924,24.0783,24.0746,38302378,1429926,1624053,38302468.0000,1428352.8750,1624181.1250,-69,5234,-30
01:00:52,2004.34,24.29,8.09,3276.70,0.00,24.2969,24.2926,24.0788,24.0748,38303198,1430031,1624434,38302528.0000,1428456.1250,1624201.8750,-69,5234,-30
01:00:55,2004.34,24.29,8.09,3276.70,0.00,24.2969,24.2930,24.0788,24.0751,38303721,1430151,1624628,38302616.0000,1428456.1250,1624235.7500,-69,5234,-30
01:00:56,2004.34,24.29,8.09,3276.70,0.00,24.2973,24.2933,24.0791,24.0754,38303217,1430350,1623989,38302652.0000,1428712.8750,1624219.6250,-69,5234,-30
01:00:58,2004.34,24.29,8.06,3276.70,0.00,24.2971,24.2934,24.0794,24.0755,38303085,1430334,1624112,38302664.0000,1428813.3750,1624199.0000,-69,5234,-30
01:00:59,2004.34,24.29,8.04,3276.70,0.00,24.2973,24.2937,24.0795,24.0759,38303012,1430365,1623570,38302676.0000,1428908.5000,1624164.6250,-69,5234,-30
01:01:02,2004.34,24.29,8.02,3276.70,0.00,24.2973,24.2937,24.0795,24.0760,38303012,1430644,1624786,38302740.0000,1429055.2500,1624175.6250,-69,5234,-30
01:01:04,2004.34,24.29,8.01,3276.70,0.00,24.2973,24.2941,24.0793,24.0762,38304808,1430691,1623918,38302856.0000,1429055.2500,1624175.6250,-69,5234,-30
01:01:06,2004.34,24.29,8.00,3276.70,0.00,24.2973,24.2943,24.0793,24.0765,38303862,1430921,1623457,38302892.0000,1429358.3750,1624128.7500,-69,5234,-30
01:01:08,2004.34,24.29,7.99,3276.70,0.00,24.2975,24.2945,24.0793,24.0767,38304934,1430950,1625111,38303080.0000,1429458.1250,1624159.5000,-69,5234,-30
01:01:11,2004.34,24.29,7.96,3276.70,0.00,24.2972,24.2945,24.0796,24.0767,38305116,1431123,1624177,38303328.0000,1429458.1250,1624209.0000,-69,5234,-30
01:01:13,2004.34,24.29,7.96,3276.70,0.00,24.2975,24.2949,24.0798,24.0771,38305230,1431219,1624177,38303484.0000,1429753.0000,1624246.2500,-69,5234,-30
01:01:16,2004.34,24.29,7.94,3276.70,0.00,24.2975,24.2949,24.0798,24.0773,38305230,1431390,1624845,38303544.0000,1429893.2500,1624278.7500,-69,5234,-30
01:01:17,2004.34,24.29,7.92,3276.70,0.00,24.2976,24.2953,24.0798,24.0775,38304386,1431472,1624242,38303596.0000,1429993.5000,1624297.6250,-69,5234,-30
01:01:20,2004.34,24.29,7.92,3276.70,0.00,24.2977,24.2954,24.0799,24.0775,38304838,1431472,1624716,38303688.0000,1430129.3750,1624297.6250,-69,5234,-30
01:01:21,2004.34,24.29,7.88,3276.70,0.00,24.2976,24.2954,24.0799,24.0776,38306330,1431637,1624725,38303772.0000,1430176.5000,1624320.3750,-69,5234,-30
01:01:24,2004.34,24.29,7.87,3276.70,0.00,24.2977,24.2955,24.0796,24.0777,38305027,1431842,1624725,38303876.0000,1430176.5000,1624322.7500,-69,5234,-30
01:01:27,2004.34,24.29,7.85,3276.70,0.00,24.2977,24.2957,24.0796,24.0779,38305027,1431953,1623379,38303984.0000,1430555.0000,1624271.5000,-69,5234,-30
01:01:29,2004.34,24.29,7.83,3276.70,0.00,24.2977,24.2958,24.0800,24.0780,38304393,1432039,1624460,38304012.0000,1430644.1250,1624254.6250,-69,5234,-30
01:01:30,2004.34,24.29,7.81,3276.70,0.00,24.2975,24.2959,24.0798,24.0781,38304865,1432260,1624139,38304040.0000,1430739.1250,1624283.1250,-69,5234,-30
01:01:31,2004.34,24.28,7.81,3276.70,0.00,24.2978,24.2959,24.0798,24.0781,38305892,1432329,1623916,38304100.0000,1430788.7500,1624271.6250,-69,5234,-30
01:01:33,2004.34,24.28,7.80,3276.70,0.00,24.2976,24.2960,24.0798,24.0782,38306775,1432292,1624236,38304272.0000,1430788.7500,1624257.0000,-69,5234,-30
01:01:35,2004.34,24.28,7.78,3276.70,0.00,24.2976,24.2961,24.0800,24.0783,38306094,1432424,1624240,38304272.0000,1430788.7500,1624243.2500,-69,5234,-30
01:01:37,2004.34,24.28,7.78,3276.70,0.00,24.2975,24.2962,24.0799,24.0784,38306021,1432528,1624138,38304508.0000,1430788.7500,1624243.2500,-69,5234,-30
01:01:38,2009.78,24.28,7.76,3276.70,0.00,24.2977,24.2962,24.0798,24.0784,38306711,1432674,1624192,38304636.0000,1431200.1250,1624237.5000,-69,5234,-30
01:01:40,2004.34,24.28,7.76,3276.70,0.00,24.2975,24.2963,24.0800,24.0785,38306547,1432779,1623862,38304752.0000,1431295.5000,1624237.5000,-69,5234,-30
01:01:41,2004.34,24.28,7.73,3276.70,0.00,24.2979,24.2963,24.0802,24.0786,38307806,1432865,1623862,38304932.0000,1431390.5000,1624233.1250,-69,5234,-30
01:01:43,2004.34,24.28,7.73,3276.70,0.00,24.2975,24.2964,24.0800,24.0786,38307954,1432863,1623862,38305088.0000,1431481.0000,1624290.6250,-69,5234,-30
01:01:45,2004.34,24.28,7.72,3276.70,0.00,24.2976,24.2964,24.0801,24.0787,38308434,1433122,1623862,38305300.0000,1431576.6250,1624274.1250,-69,5234,-30
01:01:47,2004.34,24.28,7.71,3276.70,0.00,24.2979,24.2966,24.0803,24.0789,38307635,1433087,1623862,38305300.0000,1431576.6250,1624289.3750,-69,5234,-30
01:01:50,2004.34,24.28,7.71,3276.70,0.00,24.2979,24.2967,24.0803,24.0789,38306957,1433318,1624985,38305752.0000,1431889.6250,1624329.2500,-69,5234,-30
01:01:51,2004.34,24.28,7.71,3276.70,0.00,24.2987,24.2968,24.0807,24.0791,38307417,1433390,1625405,38305804.0000,1431936.5000,1624365.5000,-69,5234,-30
01:01:54,2004.34,24.28,7.66,3276.70,0.00,24.2987,24.2969,24.0807,24.0792,38306186,1433390,1625405,38305856.0000,1432108.0000,1624373.1250,-69,5234,-30
01:01:56,2004.34,24.28,7.63,3276.70,0.00,24.2999,24.2969,24.0820,24.0794,38306592,1433548,1624345,38305856.0000,1432108.0000,1624392.6250,-69,5234,-30
01:01:58,2004.34,24.28,7.62,3276.70,0.00,24.3006,24.2974,24.0821,24.0796,38308320,1433754,1626293,38306064.0000,1432330.7500,1624477.8750,-69,5234,-30
01:02:00,2004.34,24.29,7.61,3276.70,0.00,24.3007,24.2975,24.0830,24.0796,38308817,1433754,1624227,38306336.0000,1432455.7500,1624520.0000,-69,5234,-30
01:02:01,2004.34,24.29,7.59,3276.70,0.00,24.3009,24.2977,24.0831,24.0799,38307662,1433723,1624927,38306380.0000,1432495.2500,1624532.7500,-69,5234,-30
01:02:03,2004.34,24.29,7.58,3276.70,0.00,24.3013,24.2978,24.0831,24.0800,38309211,1433723,1624927,38306380.0000,1432495.2500,1624504.3750,-69,5234,-30
01:02:05,2004.34,24.29,7.57,3276.70,0.00,24.3015,24.2980,24.0834,24.0802,38308422,1434048,1624927,38306708.0000,1432710.7500,1624546.6250,-69,5234,-30
01:02:06,2004.34,24.29,7.55,3276.70,0.00,24.3015,24.2980,24.0836,24.0804,38307645,1434097,1626257,38306736.0000,1432754.1250,1624600.0000,-69,5234,-30
01:02:08,2009.78,24.29,7.54,3276.70,0.00,24.3017,24.2984,24.0840,24.0806,38307428,1434349,1624192,38306832.0000,1432890.3750,1624610.5000,-69,5234,-30
01:02:10,2009.78,24.29,7.53,3276.70,0.00,24.3020,24.2985,24.0839,24.0807,38307625,1434374,1624326,38306856.0000,1432890.3750,1624610.5000,-69,5234,-30
01:02:12,2009.78,24.29,7.53,3276.70,0.00,24.3019,24.2987,24.0839,24.0809,38307345,1434302,1625276,38306908.0000,1433063.2500,1624615.0000,-69,5234,-30
01:02:14,2004.34,24.29,7.50,3276.70,0.00,24.3018,24.2987,24.0844,24.0809,38308704,1434566,1624809,38307088.0000,1433063.2500,1624615.0000,-69,5234,-30
01:02:17,2004.34,24.29,7.49,3276.70,0.00,24.3018,24.2991,24.0844,24.0814,38308704,1434566,1625017,38307216.0000,1433364.2500,1624699.8750,-69,5234,-31
01:02:19,2004.34,24.29,7.47,3276.70,0.00,24.3021,24.2994,24.0842,24.0816,38307249,1434566,1624890,38307216.0000,1433404.8750,1624705.7500,-69,5234,-31
01:02:21,2004.34,24.29,7.44,3276.70,0.00,24.3021,24.2996,24.0842,24.0819,38307249,1434871,1624611,38307288.0000,1433572.3750,1624723.0000,-69,5234,-31
01:02:23,2009.78,24.29,7.44,3276.70,0.00,24.3020,24.2998,24.0843,24.0820,38308398,1435069,1625178,38307280.0000,1433661.2500,1624741.1250,-69,5234,-31
01:02:26,2009.78,24.29,7.42,3276.70,0.00,24.3023,24.2998,24.0843,24.0821,38307854,1435048,1624866,38307248.0000,1433661.2500,1624741.1250,-69,5234,-31
01:02:27,2009.78,24.29,7.40,3276.70,0.00,24.3021,24.3000,24.0846,24.0823,38306646,1435113,1625200,38307228.0000,1433865.8750,1624805.8750,-69,5234,-31
01:02:28,2004.34,24.29,7.40,3276.70,0.00,24.3023,24.3000,24.0846,24.0823,38306271,1435245,1625191,38307160.0000,1433950.0000,1624811.2500,-69,5234,-31
01:02:31,2009.78,24.29,7.39,3276.70,0.00,24.3023,24.3002,24.0846,24.0824,38306618,1435449,1625191,38307104.0000,1433950.0000,1624797.7500,-69,5234,-31
01:02:32,2004.34,24.29,7.36,3276.70,0.00,24.3022,24.3002,24.0846,24.0824,38307847,1435574,1623873,38307140.0000,1434175.0000,1624775.8750,-69,5234,-31
01:02:35,1971.76,24.29,7.36,3276.70,0.00,24.3022,24.3003,24.0846,24.0826,38308596,1435733,1625222,38307276.0000,1434308.6250,1624780.8750,-69,5234,-31
01:02:37,1906.59,24.28,7.31,3276.70,0.00,24.2980,24.3003,24.0809,24.0826,38314058,1436743,1624826,38307544.0000,1434436.8750,1624793.7500,-69,5234,-31
01:02:38,1906.59,24.28,7.18,3276.70,0.00,24.2789,24.2989,24.0621,24.0812,38312211,1437466,1624920,38307972.0000,1434627.2500,1624798.8750,-69,5234,-31
01:02:40,1955.47,24.27,7.02,3276.70,0.00,24.2683,24.2971,24.0527,24.0795,38275861,1437309,1622420,38306300.0000,1434775.2500,1624689.5000,-69,5234,-30
01:02:43,2026.07,24.25,7.02,3276.70,0.00,24.2683,24.2954,24.0527,24.0774,38275861,1444114,1622420,38303492.0000,1435584.1250,1624413.5000,-69,5234,-30
01:02:44,2031.50,24.22,6.45,3276.70,0.00,24.2899,24.2942,24.0729,24.0769,38296346,1445748,1623026,38303268.0000,1435901.7500,1624413.5000,-69,5234,-30
01:02:46,2020.64,24.20,6.31,3276.70,0.00,24.3017,24.2945,24.0826,24.0771,38297921,1447781,1623637,38303088.0000,1436613.8750,1624303.6250,-69,5234,-30
01:02:48,2015.21,24.18,6.16,3276.70,0.00,24.3059,24.2951,24.0882,24.0771,38310039,1450499,1623962,38303088.0000,1436613.8750,1624288.2500,-69,5234,-30
01:02:50,2009.78,24.16,6.16,3276.70,0.00,24.3081,24.2962,24.0882,24.0771,38306227,1452940,1624043,38303816.0000,1438779.2500,1624274.3750,-69,5234,-30
01:02:52,2009.78,24.16,5.88,3276.70,0.00,24.3059,24.2968,24.0911,24.0796,38310656,1452940,1624583,38304244.0000,1440215.1250,1624322.0000,-69,5234,-30
01:02:53,2009.78,24.11,5.79,3276.70,0.00,24.3045,24.2972,24.0915,24.0796,38310349,1456274,1624468,38304520.0000,1440215.1250,1624322.0000,-69,5234,-30
01:02:56,2009.78,24.11,5.70,3276.70,0.00,24.3041,24.2979,24.0920,24.0796,38310349,1457765,1624404,38305048.0000,1440215.1250,1624322.0000,-69,5234,-30
01:02:58,2009.78,24.06,5.57,3276.70,0.00,24.2995,24.2982,24.0888,24.0820,38310677,1458744,1624123,38305392.0000,1443626.1250,1624314.1250,-69,5234,-30
01:02:59,2004.34,24.06,5.54,3276.70,0.00,24.2982,24.2982,24.0875,24.0823,38311926,1459760,1624174,38305392.0000,1444599.2500,1624307.1250,-69,5234,-30
01:03:02,2004.34,24.04,5.48,3276.70,0.00,24.2982,24.2979,24.0875,24.0825,38311926,1460618,1624174,38306436.0000,1446465.7500,1624291.5000,-69,5234,-30
01:03:04,1998.91,24.02,5.37,3276.70,0.00,24.2898,24.2973,24.0797,24.0825,38315795,1461180,1623787,38306904.0000,1447360.2500,1624251.5000,-69,5234,-30
01:03:05,1998.91,24.00,5.37,3276.70,0.00,24.2898,24.2963,24.0758,24.0818,38312045,1461479,1623611,38307284.0000,1448225.6250,1624216.2500,-69,5234,-30
01:03:08,1998.91,23.99,5.26,3276.70,0.00,24.2898,24.2955,24.0712,24.0812,38317060,1462532,1623487,38307284.0000,1449495.7500,1624216.2500,-69,5234,-30
01:03:11,1998.91,23.97,5.17,3276.70,0.00,24.2898,24.2929,24.0712,24.0787,38317060,1462896,1623006,38308800.0000,1451079.0000,1624055.7500,-69,5234,-29
01:03:14,1993.48,23.95,5.11,3276.70,0.00,24.2688,24.2914,24.0712,24.0775,38317060,1463516,1623071,38308800.0000,1452186.7500,1623927.1250,-69,5234,-29
01:03:16,1998.91,23.93,5.11,3276.70,0.00,24.2688,24.2874,24.0537,24.0748,38318756,1464062,1623071,38310500.0000,1453585.8750,1623709.2500,-69,5234,-29
01:03:18,1998.91,23.92,5.11,3276.70,0.00,24.2587,24.2856,24.0505,24.0733,38318228,1464062,1623071,38310984.0000,1454230.5000,1623574.5000,-69,5234,-29
01:03:20,1998.91,23.90,5.11,3276.70,0.00,24.2564,24.2838,24.0482,24.0718,38317688,1464562,1620750,38311504.0000,1454854.8750,1623420.2500,-69,5234,-29
01:03:21,1993.48,23.89,4.91,3276.70,0.00,24.2532,24.2820,24.0454,24.0702,38324222,1464693,1621063,38311900.0000,1455162.2500,1623420.2500,-69,5234,-28
01:03:22,1998.91,23.88,4.89,3276.70,0.00,24.2498,24.2800,24.0454,24.0684,38321914,1464915,1622217,38312872.0000,1456035.8750,1623182.0000,-69,5234,-28
01:03:24,1998.91,23.88,4.88,3276.70,0.00,24.2460,24.2780,24.0382,24.0666,38324211,1464884,1620706,38313224.0000,1456312.3750,1623104.6250,-69,5234,-28
01:03:27,1998.91,23.87,4.88,3276.70,0.00,24.2460,24.2757,24.0382,24.0636,38324211,1465204,1621929,38314520.0000,1457366.8750,1622874.2500,-69,5234,-28
01:03:28,1993.48,23.87,4.80,3276.70,0.00,24.2340,24.2721,24.0270,24.0613,38324301,1465371,1621161,38314824.0000,1457366.8750,1622730.7500,-69,5234,-28
01:03:31,1998.91,23.87,4.77,3276.70,0.00,24.2340,24.2721,24.0219,24.0613,38326821,1465833,1619691,38316048.0000,1458583.0000,1622469.3750,-69,5234,-27
01:03:32,1998.91,23.84,4.72,3276.70,0.00,24.2247,24.2656,24.0175,24.0554,38323822,1465910,1620168,38316500.0000,1459028.2500,1622311.1250,-69,5234,-27
01:03:33,1998.91,23.83,4.69,3276.70,0.00,24.2202,24.2628,24.0129,24.0528,38327229,1466089,1620362,38316836.0000,1459248.8750,1622250.2500,-69,5234,-27
01:03:35,1998.91,23.82,4.68,3276.70,0.00,24.2173,24.2614,24.0100,24.0514,38327865,1466089,1620362,38317484.0000,1459679.6250,1622135.8750,-69,5234,-27
01:03:37,1993.48,23.82,4.68,3276.70,0.00,24.2123,24.2584,24.0050,24.0514,38330180,1466463,1619936,38318216.0000,1459679.6250,1621950.7500,-69,5234,-26
01:03:40,1998.91,23.82,4.63,3276.70,0.00,24.2033,24.2584,23.9971,24.0514,38330757,1466663,1619093,38319392.0000,1460857.2500,1621689.8750,-69,5234,-26
01:03:43,1998.91,23.80,4.59,3276.70,0.00,24.2033,24.2473,23.9971,24.0366,38330757,1466913,1619035,38320352.0000,1460857.2500,1621357.2500,-69,5234,-26
01:03:44,1998.91,23.79,4.54,3276.70,0.00,24.1932,24.2425,23.9863,24.0336,38326678,1466888,1618390,38320872.0000,1461739.5000,1621264.6250,-69,5234,-25
01:03:45,1998.91,23.78,4.53,3276.70,0.00,24.1912,24.2408,23.9848,24.0320,38329313,1466857,1618100,38321136.0000,1461899.3750,1621071.8750,-69,5234,-25
01:03:46,1998.91,23.78,4.53,3276.70,0.00,24.1891,24.2375,23.9795,24.0289,38330945,1467081,1617211,38321636.0000,1461899.3750,1621071.8750,-69,5234,-25
01:03:48,1993.48,23.78,4.50,3276.70,0.00,24.1839,24.2375,23.9795,24.0255,38331450,1467343,1618449,38322280.0000,1462525.6250,1620747.6250,-69,5234,-25
01:03:49,1998.91,23.77,4.48,3276.70,0.00,24.1786,24.2323,23.9715,24.0238,38330243,1467334,1618651,38322280.0000,1462821.3750,1620589.2500,-69,5234,-24
01:03:51,1998.91,23.77,4.46,3276.70,0.00,24.1721,24.2270,23.9649,24.0186,38334878,1467662,1617693,38323444.0000,1462821.3750,1620313.8750,-69,5234,-24
01:03:53,1998.91,23.77,4.45,3276.70,0.00,24.1682,24.2234,23.9614,24.0151,38333047,1467637,1617069,38324048.0000,1463391.0000,1620212.5000,-69,5234,-24
01:03:54,1998.91,23.77,4.43,3276.70,0.00,24.1648,24.2198,23.9579,24.0116,38334526,1467627,1617768,38324592.0000,1463778.1250,1619940.2500,-69,5234,-23
01:03:57,1998.91,23.76,4.41,3276.70,0.00,24.1625,24.2180,23.9559,24.0098,38334526,1467732,1616488,38325160.0000,1463778.1250,1619761.2500,-69,5234,-23
01:04:00,1998.91,23.76,4.39,3276.70,0.00,24.1561,24.2180,23.9559,24.0011,38334526,1467990,1616327,38326256.0000,1464380.5000,1619447.0000,-69,5234,-23
01:04:02,1998.91,23.74,4.36,3276.70,0.00,24.1561,24.2180,23.9438,24.0011,38334683,1467990,1616327,38327352.0000,1464844.7500,1619070.3750,-69,5234,-22
01:04:03,1998.91,23.74,4.33,3276.70,0.00,24.1462,24.2002,23.9387,23.9923,38334683,1468610,1616895,38327620.0000,1464962.3750,1619002.3750,-69,5234,-22
01:04:05,1998.91,23.74,4.31,3276.70,0.00,24.1462,24.1967,23.9387,23.9871,38336231,1468656,1616426,38328424.0000,1465297.2500,1618760.2500,-69,5234,-22
01:04:07,1998.91,23.73,4.29,3276.70,0.00,24.1462,24.1916,23.9328,23.9837,38340442,1469162,1615672,38329088.0000,1465525.6250,1618569.5000,-69,5234,-21
01:04:10,1998.91,23.73,4.24,3276.70,0.00,24.1462,24.1866,23.9328,23.9789,38338430,1469270,1615267,38329936.0000,1465858.3750,1618341.7500,-69,5234,-21
01:04:11,1998.91,23.73,4.22,3276.70,0.00,24.1342,24.1834,23.9279,23.9757,38338593,1469364,1615954,38330488.0000,1466069.8750,1618190.2500,-69,5234,-21
01:04:14,1998.91,23.72,4.20,3276.70,0.00,24.1342,24.1803,23.9279,23.9711,38337596,1469364,1615066,38331548.0000,1466475.2500,1617871.1250,-69,5234,-20
01:04:15,1998.91,23.72,4.18,3276.70,0.00,24.1284,24.1756,23.9215,23.9680,38343490,1469686,1614826,38331920.0000,1466575.5000,1617776.0000,-69,5234,-20
01:04:16,1998.91,23.72,4.16,3276.70,0.00,24.1273,24.1741,23.9202,23.9665,38342759,1469714,1614531,38332260.0000,1466673.6250,1617674.6250,-69,5234,-20
01:04:17,1998.91,23.71,4.16,3276.70,0.00,24.1261,24.1711,23.9187,23.9636,38343484,1470141,1616155,38332984.0000,1466880.6250,1617568.1250,-69,5234,-20
01:04:21,1998.91,23.71,4.10,3276.70,0.00,24.1261,24.1683,23.9187,23.9592,38343484,1470117,1615651,38334052.0000,1467270.1250,1617273.6250,-69,5234,-20
01:04:23,1998.91,23.71,4.10,3276.70,0.00,24.1261,24.1627,23.9187,23.9536,38346847,1470417,1615549,38335132.0000,1467552.2500,1617128.5000,-69,5234,-19
01:04:25,1998.91,23.71,4.08,3276.70,0.00,24.1261,24.1587,23.9187,23.9496,38346946,1470528,1615699,38336216.0000,1467822.1250,1616941.6250,-69,5234,-19
01:04:26,1998.91,23.71,4.05,3276.70,0.00,24.1182,24.1562,23.9098,23.9484,38348450,1470655,1615845,38336596.0000,1467910.6250,1616907.3750,-69,5234,-19
01:04:27,1998.91,23.70,4.05,3276.70,0.00,24.1170,24.1549,23.9094,23.9471,38347270,1470808,1614757,38336928.0000,1468001.2500,1616781.2500,-69,5234,-19
01:04:29,1998.91,23.70,4.05,3276.70,0.00,24.1160,24.1525,23.9083,23.9447,38348962,1470932,1615393,38337700.0000,1468001.2500,1616737.8750,-69,5234,-19
01:04:31,1998.91,23.70,4.01,3276.70,0.00,24.1154,24.1502,23.9074,23.9424,38350705,1470932,1614801,38338792.0000,1468439.3750,1616573.6250,-69,5234,-19
01:04:32,1998.91,23.70,4.00,3276.70,0.00,24.1135,24.1479,23.9056,23.9401,38346747,1471009,1614801,38339324.0000,1468597.0000,1616491.8750,-69,5234,-18
01:04:34,1998.91,23.69,3.99,3276.70,0.00,24.1110,24.1456,23.9039,23.9379,38350159,1471240,1614234,38340016.0000,1468758.6250,1616491.8750,-69,5234,-18
01:04:36,1998.91,23.69,3.98,3276.70,0.00,24.1087,24.1423,23.9011,23.9346,38353871,1471433,1614234,38340792.0000,1468916.1250,1616206.0000,-69,5234,-18
01:04:37,1998.91,23.69,3.95,3276.70,0.00,24.1068,24.1401,23.8996,23.9324,38350693,1471283,1614696,38341460.0000,1469065.3750,1616158.7500,-69,5234,-18
01:04:39,1998.91,23.69,3.94,3276.70,0.00,24.1051,24.1379,23.8996,23.9324,38351566,1471543,1614456,38342112.0000,1469216.7500,1616051.7500,-69,5234,-18
01:04:42,1998.91,23.69,3.94,3276.70,0.00,24.1051,24.1346,23.8996,23.9269,38354244,1471406,1614036,38343264.0000,1469424.0000,1615916.8750,-69,5234,-18
01:04:43,1998.91,23.69,3.91,3276.70,0.00,24.0995,24.1324,23.8917,23.9247,38354197,1471717,1614586,38343940.0000,1469560.3750,1615916.8750,-69,5234,-17
01:04:45,1998.91,23.69,3.91,3276.70,0.00,24.0983,24.1313,23.8896,23.9225,38353955,1471592,1614586,38344496.0000,1469685.3750,1615916.8750,-69,5234,-17
01:04:48,1998.91,23.69,3.88,3276.70,0.00,24.0959,24.1313,23.8880,23.9225,38355483,1471886,1614586,38345756.0000,1469943.1250,1615544.0000,-69,5234,-17
01:04:49,1998.91,23.68,3.88,3276.70,0.00,24.0942,24.1250,23.8858,23.9173,38354720,1471943,1614001,38346036.0000,1469943.1250,1615432.5000,-69,5234,-17
01:04:53,1998.91,23.68,3.88,3276.70,0.00,24.0942,24.1250,23.8843,23.9173,38355123,1471943,1614622,38346036.0000,1469943.1250,1615286.1250,-69,5234,-17
01:04:55,2004.34,23.68,3.83,3276.70,0.00,24.0904,24.1184,23.8843,23.9096,38356838,1472112,1614388,38348248.0000,1470458.5000,1615209.2500,-69,5234,-16
01:04:57,2004.34,23.68,3.83,3276.70,0.00,24.0881,24.1165,23.8799,23.9096,38356838,1472036,1614287,38348248.0000,1470458.5000,1615209.2500,-69,5234,-16
01:05:00,1998.91,23.68,3.83,3276.70,0.00,24.0852,24.1165,23.8765,23.9096,38355477,1472036,1613016,38349824.0000,1470754.0000,1614957.7500,-69,5234,-16
01:05:02,1998.91,23.68,3.79,3276.70,0.00,24.0825,24.1109,23.8755,23.9030,38355882,1472182,1613016,38349824.0000,1470754.0000,1614800.7500,-69,5234,-16
01:05:05,1998.91,23.68,3.78,3276.70,0.00,24.0825,24.1073,23.8738,23.8995,38360137,1472618,1613575,38349824.0000,1471035.2500,1614696.7500,-69,5234,-16
01:05:08,1998.91,23.68,3.77,3276.70,0.00,24.0825,24.1047,23.8738,23.8961,38360137,1472447,1613575,38349824.0000,1471202.1250,1614520.2500,-69,5234,-16
01:05:11,1998.91,23.68,3.75,3276.70,0.00,24.0825,24.1005,23.8738,23.8927,38362860,1472641,1613561,38353404.0000,1471369.0000,1614412.6250,-69,5234,-15
01:05:12,1998.91,23.68,3.73,3276.70,0.00,24.0761,24.0997,23.8675,23.8927,38362503,1472699,1613365,38353688.0000,1471410.5000,1614379.8750,-69,5234,-15
01:05:14,1998.91,23.68,3.72,3276.70,0.00,24.0754,24.0974,23.8668,23.8896,38364143,1472846,1613127,38354484.0000,1471536.5000,1614271.8750,-69,5234,-15
01:05:16,2004.34,23.68,3.70,3276.70,0.00,24.0741,24.0959,23.8656,23.8896,38364143,1473003,1613241,38354956.0000,1471620.8750,1614197.1250,-69,5234,-15
01:05:18,1998.91,23.67,3.70,3276.70,0.00,24.0741,24.0937,23.8656,23.8851,38364143,1473003,1613393,38355512.0000,1471722.8750,1614115.7500,-69,5234,-15
01:05:20,2004.34,23.68,3.70,3276.70,0.00,24.0710,24.0923,23.8630,23.8844,38364617,1472964,1613845,38355792.0000,1471761.6250,1614115.7500,-69,5234,-15
01:05:21,1998.91,23.68,3.68,3276.70,0.00,24.0709,24.0910,23.8625,23.8830,38362856,1472953,1613108,38356504.0000,1471871.6250,1614037.3750,-69,5234,-15
01:05:25,1998.91,23.67,3.68,3276.70,0.00,24.0709,24.0892,23.8625,23.8811,38362856,1472989,1613108,38356504.0000,1471871.6250,1613934.0000,-69,5234,-14
01:05:26,1998.91,23.67,3.65,3276.70,0.00,24.0722,24.0876,23.8634,23.8811,38362299,1473034,1612898,38357500.0000,1472058.6250,1613885.0000,-69,5234,-14
01:05:28,1998.91,23.67,3.65,3276.70,0.00,24.0716,24.0866,23.8628,23.8784,38363806,1472918,1613615,38357876.0000,1472111.8750,1613848.3750,-69,5234,-14
01:05:30,1998.91,23.67,3.64,3276.70,0.00,24.0716,24.0850,23.8628,23.8768,38366782,1473130,1613949,38358680.0000,1472205.0000,1613839.2500,-69,5234,-14
01:05:32,1998.91,23.67,3.64,3276.70,0.00,24.0677,24.0839,23.8628,23.8768,38366125,1473178,1613835,38359072.0000,1472265.8750,1613845.8750,-69,5234,-14
01:05:34,2004.34,23.67,3.63,3276.70,0.00,24.0670,24.0828,23.8590,23.8746,38365095,1473144,1613835,38359072.0000,1472265.8750,1613790.8750,-69,5234,-14
01:05:35,2004.34,23.67,3.63,3276.70,0.00,24.0655,24.0812,23.8590,23.8731,38366549,1473296,1612841,38359848.0000,1472376.7500,1613761.1250,-69,5234,-14
01:05:37,1998.91,23.67,3.63,3276.70,0.00,24.0645,24.0801,23.8571,23.8721,38364498,1473077,1612841,38360432.0000,1472447.7500,1613734.1250,-69,5234,-14
01:05:38,1998.91,23.67,3.61,3276.70,0.00,24.0635,24.0791,23.8554,23.8711,38368813,1473291,1614639,38360696.0000,1472474.1250,1613762.3750,-69,5234,-14
01:05:41,1998.91,23.67,3.61,3276.70,0.00,24.0635,24.0781,23.8554,23.8695,38366771,1473353,1612192,38361244.0000,1472546.7500,1613676.0000,-69,5234,-14
01:05:44,2004.34,23.67,3.58,3276.70,0.00,24.0622,24.0781,23.8529,23.8695,38364844,1473262,1612798,38361720.0000,1472629.5000,1613525.5000,-69,5234,-14
01:05:45,1998.91,23.68,3.58,3276.70,0.00,24.0601,24.0751,23.8508,23.8669,38366066,1473262,1613807,38362020.0000,1472671.8750,1613534.1250,-69,5234,-14
01:05:47,1998.91,23.68,3.56,3276.70,0.00,24.0592,24.0741,23.8503,23.8654,38366207,1473347,1613262,38362352.0000,1472717.7500,1613519.0000,-69,5234,-14
01:05:48,1998.91,23.68,3.56,3276.70,0.00,24.0596,24.0732,23.8506,23.8649,38362543,1473289,1613585,38362356.0000,1472735.6250,1613521.1250,-69,5234,-14
01:05:50,1998.91,23.68,3.56,3276.70,0.00,24.0602,24.0732,23.8517,23.8649,38367867,1473397,1613299,38362800.0000,1472798.5000,1613515.6250,-69,5234,-14
01:05:53,2004.34,23.68,3.54,3276.70,0.00,24.0602,24.0732,23.8520,23.8649,38366753,1473397,1612739,38362800.0000,1472893.0000,1613424.2500,-69,5234,-14
01:05:55,2004.34,23.68,3.53,3276.70,0.00,24.0603,24.0732,23.8510,23.8649,38370993,1473801,1612665,38363656.0000,1472945.5000,1613374.2500,-69,5234,-14
01:05:57,2004.34,23.68,3.53,3276.70,0.00,24.0595,24.0693,23.8503,23.8607,38367374,1473666,1612265,38363980.0000,1472990.5000,1613302.7500,-69,5234,-13
01:05:58,1998.91,23.68,3.51,3276.70,0.00,24.0594,24.0689,23.8504,23.8604,38371044,1473762,1612955,38364200.0000,1473014.6250,1613291.8750,-69,5234,-13
01:06:00,1998.91,23.68,3.51,3276.70,0.00,24.0592,24.0683,23.8498,23.8597,38371044,1473800,1613103,38364672.0000,1473078.0000,1613305.7500,-69,5234,-13
01:06:02,1998.91,23.68,3.50,3276.70,0.00,24.0576,24.0673,23.8487,23.8586,38367070,1473421,1612689,38364996.0000,1473120.3750,1613259.3750,-69,5234,-13
01:06:04,2004.34,23.68,3.49,3276.70,0.00,24.0568,24.0666,23.8483,23.8580,38367595,1473575,1612201,38365080.0000,1473120.3750,1613222.5000,-69,5234,-13
01:06:06,1998.91,23.68,3.48,3276.70,0.00,24.0572,24.0657,23.8495,23.8571,38372184,1474023,1612576,38365664.0000,1473199.5000,1613207.8750,-69,5234,-13
01:06:07,2004.34,23.68,3.48,3276.70,0.00,24.0595,24.0652,23.8505,23.8566,38368717,1473763,1613003,38365912.0000,1473239.3750,1613194.0000,-69,5234,-13
01:06:09,1998.91,23.68,3.48,3276.70,0.00,24.0599,24.0650,23.8508,23.8564,38367529,1473686,1613002,38366040.0000,1473271.0000,1613163.2500,-69,5234,-13
01:06:12,1998.91,23.68,3.46,3276.70,0.00,24.0599,24.0645,23.8508,23.8556,38367529,1473865,1612929,38366400.0000,1473339.2500,1613166.6250,-69,5234,-13
01:06:13,1998.91,23.68,3.45,3276.70,0.00,24.0581,24.0639,23.8493,23.8552,38371138,1473968,1613449,38366552.0000,1473358.8750,1613175.5000,-69,5234,-13
01:06:15,1998.91,23.68,3.45,3276.70,0.00,24.0573,24.0634,23.8484,23.8548,38371544,1473967,1613001,38366804.0000,1473358.8750,1613156.2500,-69,5234,-13
01:06:17,1998.91,23.68,3.43,3276.70,0.00,24.0573,24.0627,23.8484,23.8540,38371264,1474041,1613019,38367360.0000,1473468.0000,1613138.3750,-69,5234,-13
01:06:20,2004.34,23.68,3.43,3276.70,0.00,24.0573,24.0620,23.8484,23.8532,38371264,1474000,1613188,38367744.0000,1473524.7500,1613173.0000,-69,5234,-13
01:06:22,2004.34,23.68,3.42,3276.70,0.00,24.0573,24.0613,23.8484,23.8523,38369227,1474000,1613214,38367980.0000,1473573.5000,1613132.0000,-69,5234,-13
01:06:24,2004.34,23.68,3.41,3276.70,0.00,24.0525,24.0607,23.8429,23.8517,38371534,1474194,1612795,38368088.0000,1473592.8750,1613121.5000,-69,5234,-13
01:06:25,1998.91,23.68,3.41,3276.70,0.00,24.0519,24.0602,23.8423,23.8511,38369665,1473966,1612524,38368136.0000,1473614.8750,1613067.0000,-69,5234,-13
01:06:26,2004.34,23.68,3.40,3276.70,0.00,24.0518,24.0596,23.8421,23.8505,38370206,1473990,1612632,38368200.0000,1473636.2500,1613048.0000,-69,5234,-13
01:06:28,2004.34,23.68,3.40,3276.70,0.00,24.0514,24.0594,23.8422,23.8505,38370330,1473985,1612474,38368384.0000,1473660.2500,1613006.5000,-69,5234,-13
01:06:30,2004.34,23.68,3.40,3276.70,0.00,24.0505,24.0588,23.8412,23.8496,38369907,1473983,1612595,38368500.0000,1473660.2500,1612987.0000,-69,5234,-13
01:06:32,2004.34,23.68,3.40,3276.70,0.00,24.0505,24.0588,23.8408,23.8496,38369874,1474145,1612421,38368700.0000,1473660.2500,1612897.1250,-69,5234,-13
01:06:35,2004.34,23.68,3.36,3276.70,0.00,24.0515,24.0588,23.8425,23.8496,38368015,1474001,1613347,38368628.0000,1473660.2500,1612880.3750,-69,5234,-13
01:06:37,1998.91,23.68,3.36,3276.70,0.00,24.0531,24.0567,23.8443,23.8475,38370513,1474072,1611623,38368852.0000,1473786.6250,1612812.1250,-69,5234,-13
01:06:39,2004.34,23.68,3.36,3276.70,0.00,24.0530,24.0567,23.8448,23.8475,38372476,1474250,1613476,38369052.0000,1473816.2500,1612824.1250,-69,5234,-13
01:06:41,2004.34,23.68,3.35,3276.70,0.00,24.0544,24.0563,23.8455,23.8471,38373117,1474296,1613476,38369236.0000,1473840.6250,1612824.1250,-69,5234,-13
01:06:43,2004.34,23.68,3.34,3276.70,0.00,24.0523,24.0559,23.8432,23.8466,38369245,1474172,1612755,38369324.0000,1473874.5000,1612827.2500,-69,5234,-13
01:06:45,2004.34,23.67,3.34,3276.70,0.00,24.0514,24.0556,23.8432,23.8462,38371757,1474341,1612905,38369504.0000,1473905.2500,1612895.0000,-69,5234,-13
01:06:48,1998.91,23.67,3.34,3276.70,0.00,24.0514,24.0552,23.8433,23.8460,38369975,1474069,1613100,38369504.0000,1473905.2500,1612869.5000,-69,5234,-13
01:06:50,2004.34,23.67,3.32,3276.70,0.00,24.0524,24.0550,23.8428,23.8458,38370194,1474208,1612452,38369544.0000,1473905.2500,1612819.1250,-69,5234,-13
01:06:52,2004.34,23.67,3.32,3276.70,0.00,24.0537,24.0548,23.8432,23.8458,38372076,1474415,1612452,38369728.0000,1473905.2500,1612768.3750,-69,5234,-13
01:06:55,1998.91,23.67,3.30,3276.70,0.00,24.0541,24.0547,23.8432,23.8458,38372068,1474296,1612769,38369824.0000,1474004.7500,1612786.2500,-69,5234,-13
01:06:56,2004.34,23.67,3.31,3276.70,0.00,24.0549,24.0547,23.8459,23.8453,38372290,1474220,1612482,38369956.0000,1474018.6250,1612778.5000,-69,5234,-13
01:07:00,2004.34,23.68,3.31,3276.70,0.00,24.0549,24.0545,23.8459,23.8453,38372290,1474295,1613408,38370164.0000,1474055.0000,1612796.7500,-69,5234,-13
01:07:01,2004.34,23.67,3.27,3276.70,0.00,24.0540,24.0544,23.8444,23.8452,38371578,1474341,1612405,38370164.0000,1474072.0000,1612783.3750,-69,5234,-13
01:07:04,2004.34,23.67,3.27,3276.70,0.00,24.0540,24.0542,23.8444,23.8448,38369454,1474224,1612564,38370200.0000,1474097.7500,1612745.0000,-69,5234,-13
01:07:06,2004.34,23.67,3.27,3276.70,0.00,24.0544,24.0541,23.8440,23.8448,38371360,1474288,1612576,38370236.0000,1474103.7500,1612739.7500,-69,5234,-12
01:07:07,1998.91,23.67,3.26,3276.70,0.00,24.0550,24.0541,23.8457,23.8448,38373543,1474586,1612576,38370432.0000,1474136.3750,1612741.5000,-69,5234,-12
01:07:10,2004.34,23.67,3.26,3276.70,0.00,24.0550,24.0541,23.8457,23.8448,38371062,1474422,1613388,38370512.0000,1474162.3750,1612789.7500,-69,5234,-13
01:07:12,2004.34,23.67,3.25,3276.70,0.00,24.0538,24.0541,23.8444,23.8448,38371769,1474551,1613388,38370584.0000,1474187.1250,1612716.8750,-69,5234,-12
01:07:12,2004.34,23.67,3.24,3276.70,0.00,24.0532,24.0540,23.8439,23.8446,38370637,1474471,1611935,38370640.0000,1474204.3750,1612692.5000,-69,5234,-12
01:07:14,1998.91,23.67,3.25,3276.70,0.00,24.0532,24.0539,23.8441,23.8446,38370346,1474241,1612507,38370652.0000,1474206.6250,1612671.1250,-69,5234,-12
01:07:17,2004.34,23.67,3.25,3276.70,0.00,24.0531,24.0538,23.8437,23.8445,38372586,1474493,1612507,38370652.0000,1474206.6250,1612613.6250,-69,5234,-12
01:07:19,2004.34,23.67,3.23,3276.70,0.00,24.0518,24.0536,23.8437,23.8445,38373306,1474593,1612678,38371084.0000,1474264.3750,1612596.2500,-69,5234,-12
01:07:20,2004.34,23.67,3.23,3276.70,0.00,24.0525,24.0534,23.8442,23.8443,38370643,1474447,1612654,38371072.0000,1474270.0000,1612598.0000,-69,5234,-12
01:07:21,2004.34,23.68,3.23,3276.70,0.00,24.0535,24.0534,23.8448,23.8443,38371391,1474468,1612654,38371096.0000,1474281.7500,1612600.1250,-69,5234,-12
01:07:24,1998.91,23.68,3.23,3276.70,0.00,24.0535,24.0535,23.8465,23.8443,38372260,1474467,1611894,38371096.0000,1474294.8750,1612540.8750,-69,5234,-12
01:07:26,2004.34,23.68,3.21,3276.70,0.00,24.0560,24.0535,23.8477,23.8445,38372260,1474467,1612854,38371096.0000,1474294.8750,1612554.2500,-69,5234,-12
01:07:27,2004.34,23.68,3.21,3276.70,0.00,24.0564,24.0539,23.8465,23.8446,38373188,1474583,1613103,38371376.0000,1474321.6250,1612565.5000,-69,5234,-12
01:07:29,2004.34,23.68,3.21,3276.70,0.00,24.0556,24.0539,23.8465,23.8446,38372381,1474599,1612457,38371492.0000,1474341.8750,1612587.1250,-69,5234,-12
01:07:30,2004.34,23.68,3.20,3276.70,0.00,24.0558,24.0540,23.8463,23.8448,38373257,1474614,1612640,38371548.0000,1474350.3750,1612588.8750,-69,5234,-12
01:07:32,2004.34,23.68,3.19,3276.70,0.00,24.0564,24.0540,23.8463,23.8448,38372877,1474634,1613236,38371640.0000,1474350.3750,1612654.8750,-69,5234,-12
01:07:35,2004.34,23.68,3.19,3276.70,0.00,24.0564,24.0544,23.8463,23.8451,38369264,1474463,1611915,38371484.0000,1474378.7500,1612650.0000,-69,5234,-12
01:07:37,2004.34,23.68,3.18,3276.70,0.00,24.0564,24.0545,23.8463,23.8453,38367948,1474463,1612978,38371400.0000,1474400.6250,1612624.2500,-69,5234,-12
01:07:39,2004.34,23.68,3.17,3276.70,0.00,24.0580,24.0548,23.8487,23.8455,38371330,1474537,1612978,38371420.0000,1474410.7500,1612622.8750,-69,5234,-12
01:07:41,2004.34,23.68,3.17,3276.70,0.00,24.0586,24.0550,23.8489,23.8455,38368913,1474427,1613253,38371288.0000,1474417.0000,1612645.1250,-69,5234,-12
01:07:42,2004.34,23.68,3.16,3276.70,0.00,24.0586,24.0552,23.8491,23.8458,38370308,1474355,1612693,38371256.0000,1474415.1250,1612645.1250,-69,5234,-12
01:07:45,2004.34,23.68,3.15,3276.70,0.00,24.0606,24.0552,23.8491,23.8461,38370308,1474710,1613186,38371256.0000,1474437.3750,1612688.0000,-69,5234,-12
01:07:49,2004.34,23.69,3.15,3276.70,0.00,24.0606,24.0561,23.8491,23.8466,38370308,1474765,1613186,38371240.0000,1474486.3750,1612745.8750,-69,5234,-13
01:07:50,2004.34,23.69,3.13,3276.70,0.00,24.0603,24.0564,23.8505,23.8469,38372022,1474765,1613186,38371264.0000,1474497.6250,1612738.7500,-69,5234,-12
01:07:51,2004.34,23.69,3.13,3276.70,0.00,24.0597,24.0566,23.8503,23.8470,38371409,1474741,1613119,38371276.0000,1474516.1250,1612779.5000,-69,5234,-13
01:07:53,2004.34,23.68,3.13,3276.70,0.00,24.0594,24.0567,23.8503,23.8472,38372308,1474848,1613060,38371272.0000,1474537.6250,1612786.3750,-69,5234,-13
01:07:55,2004.34,23.68,3.11,3276.70,0.00,24.0572,24.0568,23.8486,23.8472,38371135,1474848,1613060,38371208.0000,1474555.6250,1612769.8750,-69,5234,-13
01:07:59,2009.78,23.69,3.11,3276.70,0.00,24.0572,24.0568,23.8486,23.8473,38370957,1474845,1611735,38371064.0000,1474555.6250,1612769.8750,-69,5234,-12
01:08:00,2004.34,23.69,3.11,3276.70,0.00,24.0580,24.0568,23.8488,23.8473,38370574,1474846,1612272,38371088.0000,1474598.1250,1612717.8750,-69,5234,-12
01:08:04,2004.34,23.69,3.11,3276.70,0.00,24.0591,24.0568,23.8489,23.8473,38368128,1474767,1612201,38370856.0000,1474598.1250,1612717.8750,-69,5234,-12
01:08:05,2004.34,23.69,3.09,3276.70,0.00,24.0582,24.0570,23.8479,23.8474,38370895,1474904,1613268,38370880.0000,1474634.3750,1612715.3750,-69,5234,-12
01:08:06,2004.34,23.69,3.09,3276.70,0.00,24.0578,24.0570,23.8475,23.8474,38370785,1474904,1613268,38370880.0000,1474649.5000,1612705.3750,-69,5234,-12
01:08:08,2004.34,23.69,3.09,3276.70,0.00,24.0567,24.0570,23.8474,23.8474,38371535,1474766,1613152,38370904.0000,1474649.5000,1612724.2500,-69,5234,-12
01:08:09,2004.34,23.69,3.08,3276.70,0.00,24.0557,24.0569,23.8476,23.8474,38373622,1474849,1612894,38371040.0000,1474666.0000,1612729.5000,-69,5234,-12
01:08:11,2004.34,23.69,3.08,3276.70,0.00,24.0561,24.0569,23.8478,23.8474,38368138,1474773,1612898,38370948.0000,1474669.2500,1612734.7500,-69,5234,-12
01:08:12,2004.34,23.69,3.08,3276.70,0.00,24.0568,24.0568,23.8480,23.8474,38369767,1474890,1613042,38370828.0000,1474694.3750,1612744.5000,-69,5234,-13
01:08:13,2004.34,23.69,3.06,3276.70,0.00,24.0575,24.0568,23.8480,23.8474,38368854,1474943,1612505,38370768.0000,1474702.1250,1612737.0000,-69,5234,-12
01:08:16,2004.34,23.69,3.06,3276.70,0.00,24.0575,24.0568,23.8480,23.8474,38369569,1474821,1612721,38370728.0000,1474702.1250,1612727.8750,-69,5234,-12
01:08:18,2004.34,23.69,3.05,3276.70,0.00,24.0595,24.0570,23.8504,23.8475,38371970,1474899,1612678,38370752.0000,1474736.1250,1612710.1250,-69,5234,-12
01:08:21,2004.34,23.69,3.05,3276.70,0.00,24.0595,24.0570,23.8518,23.8475,38372236,1474930,1612678,38370944.0000,1474764.7500,1612654.0000,-69,5234,-12
01:08:24,2004.34,23.69,3.04,3276.70,0.00,24.0595,24.0576,23.8518,23.8483,38372236,1475118,1612678,38370944.0000,1474764.7500,1612654.0000,-69,5234,-12
01:08:26,2004.34,23.69,3.03,3276.70,0.00,24.0647,24.0582,23.8546,23.8488,38372598,1475120,1612678,38371112.0000,1474815.6250,1612654.0000,-69,5234,-12
01:08:28,2004.34,23.69,3.03,3276.70,0.00,24.0648,24.0586,23.8555,23.8488,38372893,1475127,1612383,38371112.0000,1474815.6250,1612663.8750,-69,5234,-12
01:08:32,2009.78,23.69,3.02,3276.70,0.00,24.0648,24.0592,23.8555,23.8500,38372893,1475192,1612383,38371352.0000,1474815.6250,1612714.3750,-69,5234,-13
01:08:34,2004.34,23.68,3.01,3276.70,0.00,24.0648,24.0597,23.8555,23.8504,38372893,1475114,1613084,38371296.0000,1474910.7500,1612788.2500,-69,5234,-13
01:08:36,2009.78,23.68,3.01,3276.70,0.00,24.0648,24.0599,23.8555,23.8507,38369735,1475175,1612649,38371084.0000,1474927.6250,1612765.3750,-69,5234,-13
01:08:39,2009.78,23.68,3.01,3276.70,0.00,24.0648,24.0603,23.8541,23.8508,38370608,1475061,1612480,38371036.0000,1474927.6250,1612765.3750,-69,5234,-13
01:08:40,2009.78,23.68,2.98,3276.70,0.00,24.0628,24.0604,23.8536,23.8508,38372421,1475268,1612837,38371136.0000,1474963.7500,1612728.5000,-69,5234,-13
01:08:42,2009.78,23.68,2.98,3276.70,0.00,24.0628,24.0605,23.8536,23.8512,38370805,1475219,1613395,38371240.0000,1474989.7500,1612744.1250,-69,5234,-13
01:08:46,2009.78,23.68,2.97,3276.70,0.00,24.0628,24.0606,23.8536,23.8514,38370805,1475126,1613395,38371240.0000,1475013.0000,1612719.5000,-69,5234,-13
01:08:47,2009.78,23.69,2.97,3276.70,0.00,24.0611,24.0606,23.8519,23.8514,38370995,1475268,1613122,38371088.0000,1475020.8750,1612732.1250,-69,5234,-13
01:08:48,2009.78,23.69,2.97,3276.70,0.00,24.0607,24.0606,23.8520,23.8514,38370201,1475407,1612704,38370992.0000,1475042.8750,1612738.8750,-69,5234,-13
01:08:51,2004.34,23.69,2.97,3276.70,0.00,24.0609,24.0606,23.8522,23.8514,38368911,1475407,1612973,38370752.0000,1475068.0000,1612727.6250,-69,5234,-13
01:08:53,2004.34,23.70,2.96,3276.70,0.00,24.0609,24.0604,23.8509,23.8513,38365507,1474994,1611277,38370480.0000,1475067.3750,1612687.8750,-69,5234,-13
01:08:55,2004.34,23.71,2.95,3276.70,0.00,24.0602,24.0604,23.8509,23.8513,38365507,1475247,1611277,38370216.0000,1475075.2500,1612638.8750,-69,5234,-12
01:08:56,2004.34,23.71,2.95,3276.70,0.00,24.0612,24.0604,23.8514,23.8512,38366317,1475163,1612229,38370096.0000,1475078.0000,1612626.0000,-69,5234,-12
01:08:58,1960.90,23.72,2.95,3276.70,0.00,24.0620,24.0604,23.8520,23.8512,38367757,1475172,1612560,38370020.0000,1475081.0000,1612624.0000,-69,5234,-12
01:08:59,1944.61,23.72,2.94,3276.70,0.00,24.0557,24.0602,23.8461,23.8510,38366170,1475406,1612914,38369776.0000,1475088.8750,1612643.5000,-69,5234,-12
01:09:01,1977.19,23.72,2.93,3276.70,0.00,24.0557,24.0595,23.8461,23.8501,38349225,1474881,1612132,38368768.0000,1475109.3750,1612653.0000,-69,5234,-12
01:09:02,1988.05,23.73,2.93,3276.70,0.00,24.0476,24.0587,23.8416,23.8498,38352367,1474736,1612657,38368252.0000,1475097.6250,1612653.1250,-69,5234,-12
01:09:04,1993.48,23.73,2.91,3276.70,0.00,24.0505,24.0587,23.8455,23.8494,38352765,1474719,1610842,38367240.0000,1475073.7500,1612563.5000,-69,5234,-12
01:09:05,2009.78,23.73,2.90,3276.70,0.00,24.0577,24.0587,23.8502,23.8494,38353047,1474784,1611848,38366384.0000,1475046.8750,1612490.1250,-69,5234,-12
01:09:07,2015.21,23.73,2.89,3276.70,0.00,24.0692,24.0588,23.8552,23.8496,38356958,1474927,1611873,38365776.0000,1475043.1250,1612470.8750,-69,5234,-12
01:09:09,2009.78,23.74,2.88,3276.70,0.00,24.0717,24.0588,23.8552,23.8500,38355145,1474927,1612791,38365132.0000,1475038.1250,1612473.7500,-69,5234,-12
01:09:10,2004.34,23.74,2.87,3276.70,0.00,24.0761,24.0602,23.8611,23.8504,38360236,1475074,1612791,38364880.0000,1475038.1250,1612523.3750,-69,5234,-12
01:09:13,2004.34,23.74,2.86,3276.70,0.00,24.0806,24.0602,23.8657,23.8504,38361525,1475701,1614469,38364464.0000,1475112.2500,1612682.3750,-69,5234,-13
01:09:14,2004.34,23.75,2.83,3276.70,0.00,24.0832,24.0636,23.8671,23.8528,38359251,1475640,1613840,38364304.0000,1475128.7500,1612718.5000,-69,5234,-13
01:09:16,2004.34,23.75,2.82,3276.70,0.00,24.0848,24.0642,23.8682,23.8533,38361113,1475831,1613383,38364244.0000,1475175.0000,1612769.6250,-69,5234,-13
01:09:17,2004.34,23.74,2.81,3276.70,0.00,24.0873,24.0655,23.8704,23.8543,38362110,1475782,1613043,38364176.0000,1475194.0000,1612769.6250,-69,5234,-13
01:09:18,2004.34,23.74,2.81,3276.70,0.00,24.0898,24.0670,23.8732,23.8554,38365172,1476081,1614104,38364208.0000,1475242.0000,1612835.6250,-69,5234,-13
01:09:21,2004.34,23.74,2.81,3276.70,0.00,24.0913,24.0677,23.8732,23.8565,38365172,1475988,1613774,38364264.0000,1475315.5000,1612953.5000,-69,5234,-13
01:09:22,2004.34,23.74,2.80,3276.70,0.00,24.0975,24.0709,23.8801,23.8585,38365687,1475923,1613629,38364304.0000,1475352.5000,1613011.1250,-69,5234,-13
01:09:26,2004.34,23.75,2.78,3276.70,0.00,24.0975,24.0736,23.8801,23.8614,38365687,1476094,1613629,38364304.0000,1475352.5000,1613161.2500,-69,5234,-13
01:09:28,2004.34,23.75,2.78,3276.70,0.00,24.1047,24.0770,23.8880,23.8637,38366289,1475926,1614231,38364448.0000,1475498.1250,1613216.0000,-69,5234,-13
01:09:29,2004.34,23.75,2.78,3276.70,0.00,24.1066,24.0787,23.8902,23.8652,38367692,1476398,1614552,38364600.0000,1475547.3750,1613292.3750,-69,5234,-13
01:09:32,2004.34,23.75,2.78,3276.70,0.00,24.1076,24.0787,23.8927,23.8652,38367236,1476398,1614693,38364820.0000,1475615.3750,1613408.0000,-69,5234,-14
01:09:35,2004.34,23.75,2.75,3276.70,0.00,24.1076,24.0831,23.8927,23.8700,38367236,1476293,1614656,38365144.0000,1475717.1250,1613599.0000,-69,5234,-14
01:09:37,2004.34,23.75,2.73,3276.70,0.00,24.1118,24.0855,23.8959,23.8716,38364765,1476158,1614788,38365144.0000,1475746.2500,1613669.5000,-69,5234,-14
01:09:39,2004.34,23.75,2.72,3276.70,0.00,24.1143,24.0880,23.8982,23.8739,38366297,1476414,1614788,38365144.0000,1475803.0000,1613828.8750,-69,5234,-14
01:09:42,2004.34,23.75,2.72,3276.70,0.00,24.1143,24.0905,23.8982,23.8770,38366297,1476573,1615817,38365672.0000,1475870.5000,1613982.5000,-69,5234,-15
01:09:44,2004.34,23.75,2.71,3276.70,0.00,24.1208,24.0905,23.9035,23.8792,38365378,1476424,1616144,38365816.0000,1475921.3750,1613982.5000,-69,5234,-15
01:09:46,2004.34,23.75,2.70,3276.70,0.00,24.1220,24.0956,23.9045,23.8807,38366947,1476621,1615650,38366072.0000,1475921.3750,1614314.6250,-69,5234,-15
01:09:49,2004.34,23.76,2.70,3276.70,0.00,24.1220,24.0980,23.9045,23.8835,38366947,1476719,1615650,38366072.0000,1476055.1250,1614406.3750,-69,5234,-15
01:09:52,2004.34,23.76,2.70,3276.70,0.00,24.1237,24.0980,23.9070,23.8835,38369903,1476719,1615118,38366608.0000,1476098.1250,1614481.3750,-69,5234,-15
01:09:54,2004.34,23.76,2.68,3276.70,0.00,24.1247,24.1023,23.9070,23.8875,38369903,1476712,1615665,38366868.0000,1476098.1250,1614570.8750,-69,5234,-15
01:09:57,2004.34,23.76,2.67,3276.70,0.00,24.1265,24.1052,23.9108,23.8895,38369903,1476353,1615110,38367272.0000,1476098.1250,1614646.0000,-69,5234,-16
01:09:58,2004.34,23.76,2.66,3276.70,0.00,24.1277,24.1071,23.9115,23.8914,38368153,1476546,1615164,38367300.0000,1476201.2500,1614699.5000,-69,5234,-16
01:10:00,2004.34,23.76,2.66,3276.70,0.00,24.1277,24.1083,23.9116,23.8927,38370039,1476743,1616671,38367464.0000,1476230.7500,1614699.5000,-69,5234,-16
01:10:03,2004.34,23.76,2.65,3276.70,0.00,24.1277,24.1098,23.9116,23.8948,38372448,1476901,1615821,38367816.0000,1476288.6250,1614906.2500,-69,5234,-16
01:10:04,2004.34,23.76,2.65,3276.70,0.00,24.1259,24.1108,23.9111,23.8953,38371020,1476718,1616468,38367920.0000,1476302.0000,1614955.0000,-69,5234,-16
01:10:05,2004.34,23.76,2.65,3276.70,0.00,24.1255,24.1112,23.9111,23.8953,38375152,1476922,1615477,38368152.0000,1476302.0000,1615033.1250,-69,5234,-16
01:10:07,2004.34,23.76,2.65,3276.70,0.00,24.1274,24.1125,23.9126,23.8972,38374505,1476898,1615889,38368568.0000,1476367.5000,1615059.8750,-69,5234,-16
01:10:10,2004.34,23.76,2.64,3276.70,0.00,24.1274,24.1139,23.9126,23.8989,38372366,1476737,1615735,38369140.0000,1476427.7500,1615140.8750,-69,5234,-16
01:10:13,2004.34,23.76,2.64,3276.70,0.00,24.1274,24.1153,23.9126,23.8998,38372366,1476725,1615966,38369200.0000,1476462.7500,1615257.1250,-69,5234,-16
01:10:15,2004.34,23.76,2.62,3276.70,0.00,24.1274,24.1174,23.9126,23.9021,38373422,1476726,1616888,38369504.0000,1476506.6250,1615405.5000,-69,5234,-17
01:10:17,2004.34,23.76,2.62,3276.70,0.00,24.1352,24.1184,23.9180,23.9026,38371314,1476892,1617017,38369560.0000,1476518.6250,1615455.8750,-69,5234,-17
01:10:19,2004.34,23.76,2.62,3276.70,0.00,24.1361,24.1195,23.9190,23.9026,38372315,1476937,1616282,38369776.0000,1476551.5000,1615532.0000,-69,5234,-17
01:10:21,2004.34,23.76,2.60,3276.70,0.00,24.1361,24.1210,23.9190,23.9049,38370161,1476717,1616349,38369864.0000,1476570.8750,1615636.6250,-69,5234,-17
01:10:23,2004.34,23.76,2.60,3276.70,0.00,24.1361,24.1210,23.9210,23.9049,38371892,1477028,1616349,38370016.0000,1476599.8750,1615747.2500,-69,5234,-17
01:10:25,2004.34,23.75,2.60,3276.70,0.00,24.1361,24.1235,23.9217,23.9077,38372124,1476899,1616937,38370164.0000,1476626.0000,1615847.8750,-69,5234,-17
01:10:27,2004.34,23.75,2.59,3276.70,0.00,24.1375,24.1247,23.9211,23.9085,38371645,1476939,1617579,38370264.0000,1476642.5000,1615946.5000,-69,5234,-17
01:10:29,2004.34,23.75,2.59,3276.70,0.00,24.1375,24.1251,23.9211,23.9092,38374662,1477033,1616320,38370544.0000,1476642.5000,1615993.3750,-69,5234,-17
01:10:31,2009.78,23.75,2.58,3276.70,0.00,24.1375,24.1262,23.9211,23.9103,38373716,1476971,1616281,38370768.0000,1476695.7500,1616000.8750,-69,5234,-18
01:10:34,2004.34,23.75,2.57,3276.70,0.00,24.1375,24.1271,23.9211,23.9109,38373716,1477172,1616014,38370884.0000,1476695.7500,1616000.8750,-69,5234,-18
01:10:35,2004.34,23.75,2.57,3276.70,0.00,24.1396,24.1284,23.9225,23.9121,38373482,1476934,1616518,38371152.0000,1476750.0000,1616062.0000,-69,5234,-18
01:10:37,2004.34,23.74,2.57,3276.70,0.00,24.1396,24.1288,23.9230,23.9125,38370362,1477012,1616689,38371092.0000,1476765.0000,1616092.1250,-69,5234,-18
01:10:39,2009.78,23.74,2.57,3276.70,0.00,24.1405,24.1291,23.9232,23.9131,38373259,1477012,1616689,38371092.0000,1476765.0000,1616148.1250,-69,5234,-18
01:10:40,2004.34,23.74,2.56,3276.70,0.00,24.1422,24.1291,23.9250,23.9141,38372206,1477084,1616716,38371348.0000,1476813.1250,1616167.7500,-69,5234,-18
01:10:42,2004.34,23.74,2.55,3276.70,0.00,24.1422,24.1314,23.9253,23.9147,38369377,1476924,1616761,38371240.0000,1476819.1250,1616208.3750,-69,5234,-18
01:10:44,2004.34,23.73,2.56,3276.70,0.00,24.1422,24.1321,23.9253,23.9157,38370507,1477058,1617134,38371256.0000,1476840.6250,1616235.0000,-69,5234,-18
01:10:45,2004.34,23.73,2.56,3276.70,0.00,24.1449,24.1328,23.9275,23.9161,38371067,1476994,1616063,38371252.0000,1476845.5000,1616229.6250,-69,5234,-18
01:10:49,2004.34,23.73,2.56,3276.70,0.00,24.1449,24.1336,23.9275,23.9171,38371067,1476994,1616550,38371252.0000,1476888.0000,1616249.3750,-69,5234,-18
01:10:51,2004.34,23.73,2.56,3276.70,0.00,24.1423,24.1346,23.9266,23.9182,38371911,1477087,1616550,38371572.0000,1476916.8750,1616321.0000,-69,5234,-18
01:10:54,2004.34,23.74,2.56,3276.70,0.00,24.1423,24.1352,23.9259,23.9186,38371911,1477430,1617238,38371976.0000,1476916.8750,1616416.0000,-69,5234,-18
01:10:58,2004.34,23.74,2.51,3276.70,0.00,24.1423,24.1356,23.9259,23.9195,38371911,1477167,1617238,38371944.0000,1477008.3750,1616390.8750,-69,5234,-18
01:11:00,2004.34,23.74,2.50,3276.70,0.00,24.1423,24.1360,23.9259,23.9200,38371538,1477141,1616010,38372016.0000,1477008.3750,1616379.5000,-69,5234,-18
01:11:02,2004.34,23.74,2.49,3276.70,0.00,24.1403,24.1363,23.9250,23.9202,38373832,1477449,1616812,38372024.0000,1477059.7500,1616379.5000,-69,5234,-18
01:11:04,2004.34,23.74,2.49,3276.70,0.00,24.1418,24.1367,23.9250,23.9206,38372082,1477273,1616787,38371920.0000,1477072.1250,1616415.7500,-69,5234,-18
01:11:06,2123.82,23.74,2.49,3276.70,0.00,24.1418,24.1373,23.9250,23.9212,38370035,1477207,1616562,38371680.0000,1477082.6250,1616430.3750,-69,5234,-18
01:11:09,2558.27,23.74,2.49,3276.70,0.00,24.1694,24.1388,23.9250,23.9225,38379831,1476320,1616684,38371680.0000,1477046.7500,1616406.1250,-69,5234,-18
01:11:11,2525.69,23.74,2.55,3276.70,0.00,24.2759,24.1388,24.0416,23.9350,38429897,1476080,1622629,38376064.0000,1476921.0000,1616877.5000,-69,5234,-19
01:11:13,2009.78,23.74,2.56,3276.70,0.00,24.2758,24.1579,24.0350,23.9382,38454680,1477537,1625097,38378520.0000,1476921.0000,1617496.5000,-69,5234,-20
01:11:16,1271.21,23.74,2.52,3276.70,0.00,24.1420,24.1579,24.0350,23.9377,38483306,1483188,1624262,38392724.0000,1477651.1250,1618398.3750,-69,5234,-21
01:11:18,836.75,23.78,2.52,3276.70,0.00,24.1420,24.1579,23.6609,23.9123,38358948,1481282,1609811,38393312.0000,1478043.0000,1618092.3750,-69,5234,-20
01:11:19,576.08,23.78,2.37,3276.70,0.00,23.6938,24.1196,23.4693,23.8984,38303008,1480000,1603260,38390488.0000,1478104.2500,1617628.8750,-69,5234,-20
