00:04:13,-15.86,23.02,4.21,1015.80,0.00,23.0550,23.0465,22.8325,22.8286,37795914,1451768,1538430,37795592.0000,1451668.2500,1537009.0000,-32768,1047,107
00:04:15,-15.86,23.07,4.22,1015.20,0.00,23.0637,23.0554,22.8365,22.8289,37795535,1451737,1538430,37795592.0000,1451668.2500,1537009.0000,-32768,1047,107
00:04:16,-15.86,23.10,4.24,1014.80,0.00,23.0787,23.0570,22.8501,22.8303,37797479,1451394,1539449,37795680.0000,1451648.0000,1538233.5000,-32768,1047,107
00:04:17,-15.86,23.14,4.25,1014.60,0.00,23.0834,23.0578,22.8547,22.8311,37798201,1451237,1539411,37795756.0000,1451635.1250,1538270.3750,-32768,1047,106
00:04:19,-10.43,23.16,4.26,1014.50,0.00,23.0945,23.0598,22.8651,22.8330,37799256,1451118,1539411,37795924.0000,1451603.8750,1538441.2500,-32768,1047,106
00:04:21,-10.43,23.22,4.26,1014.20,0.00,23.1061,23.0625,22.8759,22.8354,37801690,1450848,1542385,37796312.0000,1451603.8750,1538441.2500,-32768,1047,106
00:04:23,-15.86,23.28,4.28,1013.90,0.00,23.1243,23.0675,22.8934,22.8354,37803303,1450665,1542546,37796684.0000,1451458.0000,1539122.0000,-32768,1047,105
00:04:25,-15.86,23.28,4.30,1013.70,0.00,23.1440,23.0675,22.9123,22.8354,37807891,1450470,1543738,37797676.0000,1451367.1250,1539490.8750,-32768,1047,105
00:04:28,-15.86,23.38,4.31,1013.50,0.00,23.1440,23.0675,22.9253,22.8354,37809788,1450202,1544889,37798364.0000,1451300.1250,1539807.5000,-32768,1047,104
00:04:29,-15.86,23.38,4.32,1013.40,0.00,23.1793,23.0871,22.9455,22.8586,37812697,1450175,1547538,37799628.0000,1451189.7500,1540459.6250,-32768,1047,103
00:04:30,-15.86,23.45,4.32,1013.30,0.00,23.1944,23.0934,22.9599,22.8646,37813224,1449836,1546230,37800052.0000,1451147.5000,1540639.8750,-32768,1047,102
00:04:33,-15.86,23.48,4.32,1013.30,0.00,23.1944,23.1003,22.9743,22.8711,37816125,1449691,1547954,37801508.0000,1451015.1250,1541282.0000,-32768,1047,101
00:04:35,-15.86,23.54,4.34,1013.20,0.00,23.2254,23.1003,22.9971,22.8711,37817601,1449527,1549189,37802484.0000,1451015.1250,1541977.5000,-32768,1047,100
00:04:37,-10.43,23.54,4.34,1013.30,0.00,23.2580,23.1241,23.0206,22.8937,37819724,1449527,1550110,37804024.0000,1450776.0000,1542458.6250,-32768,1047,99
00:04:39,-15.86,23.62,4.34,1013.30,0.00,23.2580,23.1331,23.0368,22.9022,37822558,1448923,1551135,37805656.0000,1450615.1250,1543224.8750,-32768,1047,98
00:04:41,348.00,23.65,4.37,1013.60,0.00,23.2832,23.1426,23.0368,22.9113,37822558,1448202,1552108,37806704.0000,1450486.6250,1543755.7500,-32768,1047,97
00:04:42,565.22,23.71,4.53,3276.70,0.00,23.3570,23.1546,23.1125,22.9226,37818144,1443904,1554489,37808320.0000,1450146.7500,1544358.5000,-32768,1047,96
00:04:43,782.45,23.74,4.58,3276.70,0.00,23.4682,23.1722,23.2038,22.9384,37890777,1443039,1558115,37810896.0000,1449924.6250,1544788.3750,-32768,1047,94
00:04:46,863.91,23.74,4.54,3276.70,0.00,23.4682,23.1722,23.3214,22.9384,37970978,1442534,1569353,37824040.0000,1449277.3750,1546703.6250,-32768,1047,92
00:04:48,912.78,23.74,4.60,3276.70,0.00,23.6574,23.2354,23.3731,22.9941,37979933,1442813,1574356,37833720.0000,1448876.3750,1546703.6250,-32768,1047,88
00:04:50,956.23,24.01,4.60,3276.70,0.00,23.6924,23.2354,23.4332,22.9941,37983164,1442963,1577355,37847416.0000,1448876.3750,1551784.1250,-32768,1047,84
00:04:52,983.38,24.01,4.70,3276.70,0.00,23.7473,23.3184,23.4808,23.0716,37991764,1443412,1580950,37860200.0000,1447881.0000,1553542.8750,-32768,1047,81
00:04:54,1026.83,24.18,4.70,3276.70,0.00,23.7601,23.3321,23.4951,23.0848,37995462,1443412,1580937,37868532.0000,1447629.0000,1555219.6250,-32768,1047,78
00:04:55,1092.00,24.23,4.77,3276.70,0.00,23.7874,23.3321,23.5404,23.0848,37993979,1443302,1582125,37876304.0000,1447371.1250,1556864.0000,-32768,1047,75
00:04:57,1119.15,24.27,4.77,3276.70,0.00,23.8334,23.4013,23.5724,23.1518,37990391,1442648,1583247,37883384.0000,1447091.5000,1558482.6250,-32768,1047,73
00:04:58,1124.58,24.27,4.85,3276.70,0.00,23.8621,23.4292,23.6016,23.1790,37996547,1442405,1583873,37890192.0000,1446802.2500,1560016.6250,-32768,1047,70
00:04:59,1135.44,24.35,4.87,3276.70,0.00,23.8752,23.4431,23.6142,23.1790,38000922,1442685,1585474,37893652.0000,1446673.5000,1561619.8750,-32768,1047,67
00:05:02,1151.73,24.37,4.87,3276.70,0.00,23.8752,23.4843,23.6481,23.2330,38011709,1443483,1585474,37904164.0000,1446364.8750,1563225.0000,-32768,1047,65
00:05:05,1189.75,24.42,4.87,3276.70,0.00,23.8752,23.5113,23.6692,23.2330,38006695,1443483,1589967,37904164.0000,1446364.8750,1566310.0000,-32768,1047,58
00:05:07,1195.18,24.49,4.87,3276.70,0.00,23.9680,23.5639,23.6692,23.2330,38009282,1443483,1590765,37925028.0000,1445779.2500,1568566.1250,-32768,1047,56
00:05:09,1195.18,24.49,4.88,3276.70,0.00,23.9952,23.6022,23.7388,23.3494,38014507,1443615,1591896,37930456.0000,1445642.6250,1569986.3750,-32768,1047,52
00:05:13,1195.18,24.55,4.88,3276.70,0.00,23.9952,23.6393,23.7388,23.3862,38014507,1443920,1593642,37940372.0000,1445642.6250,1569986.3750,-32768,1047,48
00:05:15,1189.75,24.61,4.86,3276.70,0.00,24.0384,23.6393,23.7897,23.3862,38009264,1444138,1595246,37946704.0000,1445642.6250,1575431.2500,-32768,1047,44
00:05:18,1189.75,24.64,4.85,3276.70,0.00,24.0384,23.7201,23.8089,23.4666,38005869,1444142,1595246,37953840.0000,1445156.1250,1577264.0000,-32768,1047,41
00:05:20,1189.75,24.67,4.85,3276.70,0.00,24.0384,23.7201,23.8207,23.4666,38002941,1444094,1595246,37958272.0000,1445057.0000,1578957.2500,-32768,1047,39
00:05:22,1184.32,24.70,4.85,3276.70,0.00,24.0934,23.7731,23.8207,23.5296,38001265,1444167,1596608,37960960.0000,1444999.6250,1580051.2500,-32768,1047,37
00:05:25,1195.18,24.72,4.85,3276.70,0.00,24.0934,23.8032,23.8207,23.5593,38001265,1444127,1597569,37965724.0000,1444999.6250,1582220.7500,-32768,1047,33
00:05:28,1222.33,24.72,4.88,3276.70,0.00,24.0934,23.8419,23.8207,23.5976,37995798,1443584,1598755,37965724.0000,1444999.6250,1584130.0000,-32768,1047,30
00:05:30,1233.19,24.77,4.89,3276.70,0.00,24.1639,23.8703,23.9091,23.5976,37995798,1443557,1601200,37971416.0000,1444999.6250,1585638.5000,-32768,1047,28
00:05:32,1233.19,24.80,4.91,3276.70,0.00,24.1809,23.8891,23.9260,23.6445,37995798,1443483,1600683,37973416.0000,1444605.2500,1586108.6250,-32768,1047,26
00:05:33,1254.91,24.83,4.92,3276.70,0.00,24.2057,23.9171,23.9506,23.6445,38004429,1443416,1602511,37976192.0000,1444491.6250,1587568.0000,-32768,1047,24
00:05:35,1287.50,24.84,4.93,3276.70,0.00,24.2241,23.9357,23.9691,23.6816,38004325,1443087,1603205,37977072.0000,1444447.6250,1588056.6250,-32768,1047,23
00:05:37,1320.08,24.84,4.96,3276.70,0.00,24.2241,23.9544,23.9691,23.6816,38007765,1442550,1603979,37979688.0000,1444291.3750,1589455.6250,-32768,1047,22
00:05:39,1347.24,24.89,4.99,3276.70,0.00,24.2682,23.9733,24.0120,23.6816,38013659,1442251,1606514,37981708.0000,1444172.0000,1590476.0000,-32768,1047,20
00:05:40,1352.67,24.91,5.03,3276.70,0.00,24.2912,23.9925,24.0349,23.7380,38017337,1441963,1606932,37981708.0000,1444033.8750,1591513.2500,-32768,1047,18
00:05:41,1368.96,24.93,5.04,3276.70,0.00,24.3132,24.0118,24.0558,23.7380,38026605,1442193,1607518,37986440.0000,1443916.7500,1592502.1250,-32768,1047,17
00:05:42,1374.39,24.95,5.06,3276.70,0.00,24.3335,24.0313,24.0757,23.7766,38025971,1441973,1608663,37987680.0000,1443856.0000,1593007.1250,-32768,1047,16
00:05:45,1374.39,24.96,5.07,3276.70,0.00,24.3431,24.0410,24.0850,23.7766,38025971,1441910,1609034,37990232.0000,1443856.0000,1594012.7500,-32768,1047,13
00:05:47,1374.39,24.99,5.09,3276.70,0.00,24.3677,24.0699,24.0850,23.8148,38025971,1441871,1609034,37995404.0000,1443511.5000,1596023.3750,-32768,1047,11
00:05:48,1385.25,24.99,5.06,3276.70,0.00,24.3882,24.0982,24.1308,23.8429,38033762,1441848,1611485,37996604.0000,1443459.5000,1596994.5000,-32768,1047,10
00:05:50,1428.70,24.99,5.06,3276.70,0.00,24.4031,24.1167,24.1461,23.8612,38033039,1441848,1612918,37999872.0000,1443307.0000,1597966.7500,-32768,1047,8
00:05:52,1466.71,24.99,5.06,3276.70,0.00,24.4220,24.1351,24.1649,23.8796,38027777,1441004,1612801,37999872.0000,1443235.0000,1598894.2500,-32768,1047,7
00:05:54,1483.00,25.07,5.10,3276.70,0.00,24.4430,24.1537,24.1854,23.8796,38038247,1440760,1612801,38003840.0000,1443017.8750,1599857.5000,-32768,1047,5
00:05:56,1499.29,25.08,5.12,3276.70,0.00,24.4430,24.1537,24.2158,23.8796,38049238,1440628,1617873,38007604.0000,1442809.1250,1601368.1250,-32768,1047,3
00:05:58,1515.59,25.08,5.15,3276.70,0.00,24.4430,24.2101,24.2158,23.9539,38049238,1440481,1618833,38011680.0000,1442607.3750,1602873.8750,-32768,1047,0
00:06:01,1526.45,25.13,5.17,3276.70,0.00,24.4430,24.2381,24.2664,23.9816,38056983,1440636,1618677,38014408.0000,1442484.6250,1603851.1250,-32768,1047,-2
00:06:02,1542.74,25.16,5.17,3276.70,0.00,24.5402,24.2564,24.2807,23.9997,38058008,1440584,1621127,38017104.0000,1442366.1250,1603851.1250,-32768,1047,-4
00:06:04,1564.46,25.16,5.16,3276.70,0.00,24.5553,24.2745,24.2958,24.0177,38055543,1440220,1621127,38019520.0000,1442241.1250,1605844.0000,-32768,1047,-5
00:06:05,1575.32,25.18,5.15,3276.70,0.00,24.5716,24.2925,24.3124,24.0355,38058489,1440129,1621909,38021880.0000,1442112.1250,1606808.3750,-32768,1047,-6
00:06:08,1607.91,25.19,5.15,3276.70,0.00,24.5716,24.3104,24.3124,24.0621,38058489,1440040,1621909,38026836.0000,1441866.0000,1608735.5000,-32768,1047,-9
00:06:10,1624.20,25.22,5.18,3276.70,0.00,24.6198,24.3458,24.3601,24.0884,38069881,1439914,1621909,38029404.0000,1441749.8750,1609672.3750,-32768,1047,-11
00:06:11,1635.06,25.24,5.19,3276.70,0.00,24.6275,24.3546,24.3601,24.1058,38071825,1439841,1624029,38032004.0000,1441632.1250,1610571.8750,-32768,1047,-12
00:06:13,1651.35,25.24,5.19,3276.70,0.00,24.6429,24.3721,24.3835,24.1145,38073330,1439743,1624945,38033296.0000,1441573.1250,1611021.0000,-32768,1047,-13
00:06:14,1656.78,25.26,5.20,3276.70,0.00,24.6584,24.3894,24.3982,24.1317,38076543,1439744,1626406,38035916.0000,1441459.8750,1611978.6250,-32768,1047,-13
00:06:16,1683.94,25.27,5.20,3276.70,0.00,24.6729,24.4066,24.4127,24.1487,38079049,1439663,1626528,38038504.0000,1441459.8750,1611978.6250,-32768,1047,-16
00:06:17,1711.09,25.29,5.22,3276.70,0.00,24.6882,24.4236,24.4284,24.1657,38081928,1439590,1628615,38042356.0000,1441187.7500,1614232.2500,-32768,1047,-17
00:06:18,1727.38,25.30,5.23,3276.70,0.00,24.6967,24.4321,24.4457,24.1826,38079091,1439194,1628535,38043504.0000,1441125.3750,1614679.1250,-32768,1047,-18
00:06:20,1749.10,25.31,5.24,3276.70,0.00,24.7149,24.4492,24.4545,24.1911,38080830,1439031,1628737,38044672.0000,1441060.0000,1615118.5000,-32768,1047,-19
00:06:21,1776.26,25.32,5.25,3276.70,0.00,24.7334,24.4663,24.4723,24.2081,38086394,1439031,1628737,38048464.0000,1440864.8750,1616467.1250,-32768,1047,-21
00:06:23,1797.98,25.34,5.29,3276.70,0.00,24.7513,24.4836,24.4902,24.2081,38092348,1438839,1631267,38049832.0000,1440737.5000,1617386.6250,-32768,1047,-22
00:06:24,1808.84,25.35,5.29,3276.70,0.00,24.7689,24.5008,24.5068,24.2421,38096311,1438614,1632534,38052656.0000,1440671.1250,1617860.0000,-32768,1047,-23
00:06:26,1819.70,25.36,5.32,3276.70,0.00,24.7768,24.5094,24.5144,24.2421,38102774,1438612,1633921,38055612.0000,1440545.2500,1618808.1250,-32768,1047,-24
00:06:28,1835.99,25.38,5.32,3276.70,0.00,24.7768,24.5350,24.5144,24.2842,38107645,1438761,1634464,38060224.0000,1440378.2500,1620211.1250,-32768,1047,-26
00:06:29,1846.86,25.40,5.32,3276.70,0.00,24.8105,24.5517,24.5485,24.2925,38106810,1438653,1634464,38061680.0000,1440324.3750,1621108.2500,-32768,1047,-28
00:06:32,1879.44,25.40,5.31,3276.70,0.00,24.8105,24.5762,24.5485,24.3168,38106810,1438653,1635280,38067436.0000,1440128.8750,1621108.2500,-32768,1047,-30
00:06:35,1939.18,25.43,5.29,3276.70,0.00,24.8401,24.5762,24.5861,24.3168,38111549,1438406,1638286,38071440.0000,1439985.2500,1621108.2500,-32768,1047,-32
00:06:38,1988.05,25.44,5.28,3276.70,0.00,24.8401,24.6320,24.5861,24.3723,38111549,1437884,1637362,38076256.0000,1439744.6250,1625335.0000,-32768,1047,-35
00:06:39,2004.34,25.48,5.33,3276.70,0.00,24.8979,24.6320,24.6443,24.3962,38121156,1437858,1639991,38078996.0000,1439629.5000,1626212.3750,-32768,1047,-35
00:06:41,2020.64,25.48,5.38,3276.70,0.00,24.9217,24.6722,24.6594,24.4121,38128792,1437924,1640166,38081960.0000,1439629.5000,1627520.2500,-32768,1047,-38
00:06:45,2047.79,25.51,5.38,3276.70,0.00,24.9217,24.6961,24.6594,24.4358,38128792,1438035,1640166,38089544.0000,1439300.7500,1629312.1250,-32768,1047,-40
00:06:47,2069.51,25.53,5.38,3276.70,0.00,24.9217,24.7272,24.6594,24.4666,38136523,1438098,1642747,38092404.0000,1439300.7500,1630569.5000,-32768,1047,-42
00:06:50,2091.23,25.56,5.34,3276.70,0.00,24.9809,24.7497,24.7201,24.4891,38137359,1438191,1642747,38092404.0000,1439300.7500,1630569.5000,-32768,1047,-47
00:06:52,2112.96,25.57,5.29,3276.70,0.00,24.9916,24.7497,24.7364,24.4891,38140560,1438244,1645187,38101684.0000,1439024.1250,1633070.7500,-32768,1047,-47
00:06:53,2118.39,25.59,5.27,3276.70,0.00,25.0067,24.7859,24.7465,24.5254,38142853,1438409,1645225,38102968.0000,1438988.7500,1633819.1250,-32768,1047,-58
00:06:55,2123.82,25.59,5.27,3276.70,0.00,25.0160,24.7999,24.7564,24.5394,38143384,1438421,1645578,38105400.0000,1438971.0000,1634186.6250,-32768,1047,-60
00:06:56,2123.82,25.60,5.24,3276.70,0.00,25.0210,24.8068,24.7612,24.5463,38144152,1438458,1646253,38106608.0000,1438955.0000,1634563.6250,-32768,1047,-66
00:06:57,2140.11,25.60,5.24,3276.70,0.00,25.0252,24.8204,24.7703,24.5463,38144634,1438467,1647295,38108972.0000,1438926.5000,1635343.0000,-32768,1047,-68
00:06:58,2150.97,25.61,5.22,3276.70,0.00,25.0343,24.8270,24.7749,24.5666,38144900,1438451,1646696,38110092.0000,1438911.6250,1635697.7500,-32768,1047,-73
00:07:00,2178.13,25.62,5.22,3276.70,0.00,25.0388,24.8270,24.7749,24.5799,38144900,1438346,1648059,38113144.0000,1438868.6250,1636776.3750,-32768,1047,-78
00:07:01,2188.99,25.63,5.21,3276.70,0.00,25.0553,24.8532,24.7960,24.5930,38142093,1438176,1648705,38114048.0000,1438847.0000,1637149.1250,-32768,1047,-83
00:07:03,2194.42,25.64,5.21,3276.70,0.00,25.0606,24.8596,24.7960,24.6059,38147053,1438375,1648125,38115960.0000,1438811.6250,1637813.0000,-32768,1047,-85
00:07:05,2205.28,25.65,5.21,3276.70,0.00,25.0760,24.8788,24.8170,24.6187,38149053,1438375,1649117,38117976.0000,1438774.3750,1638863.0000,-32768,1047,-93
00:07:06,2210.71,25.66,5.23,3276.70,0.00,25.0854,24.8913,24.8260,24.6313,38149657,1438348,1649303,38119952.0000,1438761.0000,1639189.2500,-32768,1047,-97
00:07:08,2210.71,25.67,5.22,3276.70,0.00,25.0930,24.9036,24.8260,24.6313,38152651,1438476,1649675,38121928.0000,1438739.6250,1639816.3750,-32768,1047,-101
00:07:10,2210.71,25.67,5.21,3276.70,0.00,25.0962,24.9096,24.8375,24.6313,38152557,1438574,1650347,38123792.0000,1438727.1250,1640459.1250,-32768,1047,-106
00:07:11,2210.71,25.69,5.18,3276.70,0.00,25.1041,24.9096,24.8457,24.6672,38151418,1438773,1650316,38125528.0000,1438727.3750,1641055.7500,-32768,1047,-110
00:07:14,2178.13,25.69,5.18,3276.70,0.00,25.1041,24.9433,24.8457,24.6837,38151418,1439105,1651642,38128620.0000,1438751.3750,1642267.2500,-32768,1047,-110
00:07:16,2161.83,25.70,5.18,3276.70,0.00,25.1067,24.9582,24.8491,24.6987,38148559,1439408,1651244,38129844.0000,1438751.3750,1642267.2500,-32768,1047,-110
00:07:17,2145.54,25.71,5.08,3276.70,0.00,25.1021,24.9671,24.8460,24.7078,38148008,1439478,1651428,38130976.0000,1438751.3750,1643612.3750,-32768,1047,-110
00:07:19,2118.39,25.71,5.08,3276.70,0.00,25.0966,24.9751,24.8412,24.7161,38141762,1439646,1650017,38131748.0000,1438751.3750,1643971.8750,-32768,1047,-110
00:07:21,2085.80,25.71,5.03,3276.70,0.00,25.0888,24.9822,24.8339,24.7234,38140922,1439898,1650017,38132552.0000,1438967.6250,1644383.0000,-32768,1047,-110
00:07:23,2064.08,25.71,5.01,3276.70,0.00,25.0746,24.9910,24.8204,24.7325,38133115,1439942,1650017,38132552.0000,1439028.0000,1644725.8750,-32768,1047,-110
00:07:24,2042.36,25.71,5.00,3276.70,0.00,25.0649,24.9957,24.8111,24.7375,38127280,1439679,1647682,38132424.0000,1439075.3750,1644944.5000,-32768,1047,-110
00:07:27,2004.34,25.70,4.99,3276.70,0.00,25.0649,24.9957,24.8014,24.7415,38121839,1439620,1648002,38132424.0000,1439111.1250,1645101.3750,-32768,1047,-110
00:07:28,1988.05,25.70,4.99,3276.70,0.00,25.0454,25.0024,24.7917,24.7447,38118263,1439620,1648002,38130548.0000,1439145.8750,1645302.2500,-32768,1047,-110
00:07:31,1939.18,25.70,4.98,3276.70,0.00,25.0454,25.0054,24.7917,24.7481,38118263,1439378,1645633,38128840.0000,1439163.3750,1645388.1250,-32768,1047,-110
00:07:33,1895.73,25.70,4.98,3276.70,0.00,25.0454,25.0068,24.7917,24.7500,38105601,1439550,1644493,38126856.0000,1439195.3750,1645327.1250,-32768,1047,-110
00:07:35,1857.72,25.68,4.98,3276.70,0.00,25.0057,25.0068,24.7462,24.7500,38099142,1439550,1644493,38124408.0000,1439207.5000,1645243.5000,-32768,1047,-110
00:07:37,1830.56,25.67,4.98,3276.70,0.00,24.9900,25.0057,24.7358,24.7491,38093752,1439271,1643285,38122564.0000,1439211.7500,1645123.3750,-32768,1047,-110
00:07:39,1803.41,25.67,4.97,3276.70,0.00,24.9900,25.0043,24.7358,24.7469,38089025,1439283,1642642,38120572.0000,1439216.0000,1644986.1250,-32768,1047,-110
00:07:41,1754.53,25.65,4.97,3276.70,0.00,24.9900,25.0011,24.7358,24.7437,38089025,1439318,1641030,38117424.0000,1439221.0000,1644654.2500,-32768,1047,-110
00:07:45,1705.66,25.64,4.97,3276.70,0.00,24.9900,24.9957,24.7358,24.7396,38079766,1439318,1641030,38113044.0000,1439223.0000,1644654.2500,-32768,1047,-110
00:07:46,1678.51,25.63,4.95,3276.70,0.00,24.9425,24.9925,24.6886,24.7396,38075686,1439327,1639425,38110784.0000,1439223.0000,1644654.2500,-32768,1047,-110
00:07:48,1651.35,25.62,4.95,3276.70,0.00,24.9323,24.9872,24.6886,24.7315,38074525,1439262,1638751,38108544.0000,1439230.3750,1643564.8750,-32768,1047,-110
00:07:50,1618.77,25.61,4.95,3276.70,0.00,24.9259,24.9835,24.6886,24.7315,38068888,1439357,1638751,38105096.0000,1439230.3750,1643025.2500,-32768,1047,-110
00:07:52,1597.05,25.61,4.94,3276.70,0.00,24.9170,24.9777,24.6641,24.7315,38067077,1439412,1637198,38101624.0000,1439255.5000,1642704.1250,-32768,1047,-110
00:07:55,1548.17,25.60,4.94,3276.70,0.00,24.9115,24.9777,24.6567,24.7315,38065112,1439694,1637198,38101624.0000,1439255.5000,1642029.5000,-32768,1047,-110
00:07:57,1526.45,25.59,4.92,3276.70,0.00,24.9019,24.9654,24.6505,24.7106,38062613,1439707,1637198,38095080.0000,1439329.1250,1641730.2500,-32768,1047,-110
00:07:58,1510.16,25.58,4.92,3276.70,0.00,24.8978,24.9612,24.6462,24.7048,38060995,1439833,1636620,38092992.0000,1439356.8750,1641437.0000,-32768,1047,-110
00:08:01,1477.57,25.58,4.91,3276.70,0.00,24.8978,24.9551,24.6414,24.7048,38060748,1439978,1637216,38090080.0000,1439414.1250,1641029.7500,-32768,1047,-109
00:08:02,1461.28,25.57,4.91,3276.70,0.00,24.8892,24.9510,24.6387,24.6970,38060518,1440021,1635995,38089160.0000,1439433.1250,1640872.5000,-32768,1047,-108
00:08:04,1439.56,25.57,4.91,3276.70,0.00,24.8866,24.9471,24.6364,24.6933,38057091,1440124,1636293,38087280.0000,1439433.1250,1640450.0000,-32768,1047,-106
00:08:05,1428.70,25.56,4.90,3276.70,0.00,24.8854,24.9451,24.6355,24.6896,38058503,1440135,1634729,38085496.0000,1439515.0000,1640271.2500,-32768,1047,-104
00:08:06,1417.83,25.55,4.88,3276.70,0.00,24.8830,24.9413,24.6337,24.6879,38056855,1440336,1634230,38084600.0000,1439540.6250,1640082.5000,-32768,1047,-103
00:08:08,1396.11,25.55,4.88,3276.70,0.00,24.8825,24.9394,24.6337,24.6845,38056280,1440336,1634230,38082844.0000,1439594.8750,1639831.7500,-32768,1047,-101
00:08:09,1390.68,25.55,4.88,3276.70,0.00,24.8814,24.9358,24.6324,24.6828,38056232,1440444,1636149,38082012.0000,1439621.3750,1639716.6250,-32768,1047,-100
00:08:10,1379.82,25.54,4.88,3276.70,0.00,24.8811,24.9341,24.6325,24.6797,38054783,1440366,1635002,38080408.0000,1439621.3750,1639716.6250,-32768,1047,-98
00:08:12,1374.39,25.54,4.88,3276.70,0.00,24.8818,24.9308,24.6333,24.6782,38055633,1440399,1635002,38078960.0000,1439621.3750,1639114.0000,-32768,1047,-96
00:08:14,1396.11,25.54,4.88,3276.70,0.00,24.8843,24.9279,24.6361,24.6743,38055633,1440327,1635002,38076936.0000,1439762.1250,1638915.5000,-32768,1047,-95
00:08:15,1406.97,25.53,4.90,3276.70,0.00,24.8960,24.9245,24.6480,24.6725,38055963,1440174,1623227,38076280.0000,1439775.0000,1638425.2500,-32768,1047,-92
00:08:17,1434.13,25.53,4.91,3276.70,0.00,24.9021,24.9245,24.6609,24.6725,38059367,1439522,1636521,38075164.0000,1439775.0000,1638425.2500,-32768,1047,-91
00:08:18,1455.85,25.54,4.95,3276.70,0.00,24.9246,24.9231,24.6609,24.6725,38068732,1439178,1638879,38074352.0000,1439721.2500,1638326.1250,-32768,1047,-91
00:08:20,1483.00,25.54,4.98,3276.70,0.00,24.9423,24.9240,24.6930,24.6725,38071683,1439178,1638879,38074312.0000,1439685.1250,1638349.6250,-32768,1047,-91
00:08:22,1510.16,25.54,5.02,3276.70,0.00,24.9611,24.9260,24.7112,24.6725,38080261,1438587,1640244,38074608.0000,1439625.6250,1638458.1250,-32768,1047,-92
00:08:23,1526.45,25.54,5.07,3276.70,0.00,24.9802,24.9290,24.7294,24.6777,38085655,1438420,1640647,38074952.0000,1439587.8750,1638526.5000,-32768,1047,-92
00:08:24,1542.74,25.55,5.08,3276.70,0.00,24.9895,24.9309,24.7385,24.6796,38090039,1438425,1642450,38076000.0000,1439587.8750,1638732.7500,-32768,1047,-94
00:08:26,1597.05,25.55,5.14,3276.70,0.00,25.0176,24.9378,24.7653,24.6865,38101847,1438155,1640635,38077432.0000,1439435.8750,1638997.0000,-32768,1047,-96
00:08:29,1645.92,25.56,5.14,3276.70,0.00,25.0386,24.9436,24.7850,24.6923,38103019,1438155,1644635,38077432.0000,1439435.8750,1638997.0000,-32768,1047,-100
00:08:32,1656.78,25.58,5.23,3276.70,0.00,25.0681,24.9541,24.7850,24.7061,38103019,1436989,1643401,38077432.0000,1438980.3750,1639970.5000,-32768,1047,-105
00:08:33,1667.64,25.59,5.24,3276.70,0.00,25.0894,24.9657,24.7850,24.7177,38130849,1437268,1648605,38087024.0000,1438872.3750,1640514.0000,-32768,1047,-107
00:08:35,1667.64,25.60,5.24,3276.70,0.00,25.1057,24.9780,24.8511,24.7257,38132315,1437161,1649404,38089816.0000,1438774.7500,1641026.3750,-32768,1047,-110
00:08:36,1667.64,25.60,5.24,3276.70,0.00,25.1100,24.9821,24.8511,24.7257,38136543,1437227,1650500,38092584.0000,1438675.0000,1641580.2500,-32768,1047,-110
00:08:38,1694.80,25.61,5.24,3276.70,0.00,25.1213,24.9943,24.8684,24.7420,38136926,1437227,1654793,38095328.0000,1438576.6250,1642268.1250,-32768,1047,-110
00:08:40,1721.95,25.61,5.24,3276.70,0.00,25.1254,24.9984,24.8726,24.7460,38135522,1436832,1654793,38097760.0000,1438576.6250,1643191.8750,-32768,1047,-110
00:08:43,1825.13,25.62,5.26,3276.70,0.00,25.1254,25.0152,24.8726,24.7628,38134603,1435526,1651130,38097760.0000,1438576.6250,1643191.8750,-32768,1047,-110
00:08:45,1857.72,25.64,5.34,3276.70,0.00,25.1785,25.0152,24.9244,24.7628,38147037,1435017,1653445,38105844.0000,1437901.0000,1644731.6250,-32768,1047,-110
00:08:48,1939.18,25.66,5.34,3276.70,0.00,25.2054,25.0443,24.9244,24.7628,38157048,1435017,1653445,38105844.0000,1437901.0000,1645716.8750,-32768,1047,-110
00:08:50,1988.05,25.68,5.41,3276.70,0.00,25.2328,25.0606,24.9755,24.8075,38157180,1434059,1656460,38113120.0000,1437423.5000,1645716.8750,-32768,1047,-110
00:08:52,1982.62,25.70,5.41,3276.70,0.00,25.2328,25.0778,24.9755,24.8242,38174479,1433927,1658153,38119868.0000,1437012.6250,1647423.3750,-32768,1047,-110
00:08:55,1960.90,25.71,5.41,3276.70,0.00,25.2328,25.0948,25.0110,24.8409,38174479,1435013,1665244,38119868.0000,1436825.7500,1648846.7500,-32768,1047,-110
00:08:57,1966.33,25.71,5.33,3276.70,0.00,25.2710,25.1107,25.0145,24.8565,38186318,1435561,1659729,38119868.0000,1436825.7500,1649533.7500,-32768,1047,-110
00:08:59,2015.21,25.73,5.30,3276.70,0.00,25.2710,25.1206,25.0145,24.8711,38179098,1435415,1656861,38134480.0000,1436637.7500,1650273.5000,-32768,1047,-110
00:09:02,2009.78,25.73,5.30,3276.70,0.00,25.2801,25.1206,25.0275,24.8711,38177613,1435240,1656861,38134480.0000,1436469.8750,1651366.8750,-32768,1047,-110
00:09:04,1998.91,25.74,5.29,3276.70,0.00,25.2801,25.1484,25.0275,24.8986,38177613,1436399,1661806,38144028.0000,1436436.5000,1652175.1250,-32768,1047,-110
00:09:06,1998.91,25.74,5.29,3276.70,0.00,25.2846,25.1646,25.0336,24.9109,38186368,1436531,1664084,38146660.0000,1436441.3750,1652812.3750,-32768,1047,-110
00:09:07,1998.91,25.75,5.28,3276.70,0.00,25.2839,25.1684,25.0334,24.9147,38183544,1436466,1663151,38147812.0000,1436441.3750,1652812.3750,-32768,1047,-110
00:09:09,1998.91,25.75,5.27,3276.70,0.00,25.2830,25.1719,25.0323,24.9147,38183544,1436450,1661509,38149856.0000,1436441.3750,1653865.1250,-32768,1047,-110
00:09:11,1998.91,25.76,5.26,3276.70,0.00,25.2820,25.1819,25.0322,24.9147,38179419,1436446,1661509,38152528.0000,1436447.5000,1654318.3750,-32768,1047,-110
00:09:14,1998.91,25.76,5.26,3276.70,0.00,25.2805,25.1908,25.0322,24.9379,38179419,1436742,1660048,38154872.0000,1436447.5000,1655015.8750,-32768,1047,-110
00:09:16,1998.91,25.76,5.25,3276.70,0.00,25.2790,25.1988,25.0322,24.9379,38175635,1436742,1660048,38156832.0000,1436501.6250,1655015.8750,-32768,1047,-110
00:09:17,1998.91,25.77,5.26,3276.70,0.00,25.2777,25.2060,25.0289,24.9538,38175010,1436979,1659722,38157932.0000,1436525.5000,1655581.1250,-32768,1047,-110
00:09:20,1998.91,25.77,5.26,3276.70,0.00,25.2773,25.2060,25.0289,24.9583,38175010,1436773,1660092,38159512.0000,1436525.5000,1655581.1250,-32768,1047,-110
00:09:21,1998.91,25.77,5.26,3276.70,0.00,25.2758,25.2163,25.0276,24.9646,38172456,1436688,1659645,38160360.0000,1436567.6250,1656215.0000,-32768,1047,-110
00:09:22,1998.91,25.77,5.26,3276.70,0.00,25.2754,25.2181,25.0273,24.9665,38172885,1436737,1659645,38160360.0000,1436580.6250,1656432.6250,-32768,1047,-110
00:09:24,1998.91,25.77,5.26,3276.70,0.00,25.2752,25.2199,25.0273,24.9665,38173573,1436887,1659645,38161904.0000,1436595.7500,1656585.0000,-32768,1047,-110
00:09:27,1998.91,25.77,5.27,3276.70,0.00,25.2744,25.2248,25.0268,24.9665,38173573,1436771,1659416,38161904.0000,1436595.7500,1656585.0000,-32768,1047,-110
00:09:29,1998.91,25.77,5.27,3276.70,0.00,25.2741,25.2293,25.0268,24.9799,38173573,1436799,1660116,38163512.0000,1436631.8750,1657166.5000,-32768,1047,-110
00:09:31,1998.91,25.77,5.28,3276.70,0.00,25.2737,25.2332,25.0268,24.9799,38169998,1436768,1659143,38163716.0000,1436631.8750,1657269.2500,-32768,1047,-110
00:09:32,1998.91,25.78,5.28,3276.70,0.00,25.2731,25.2357,25.0262,24.9799,38170487,1436715,1658720,38164304.0000,1436642.2500,1657358.1250,-32768,1047,-110
00:09:33,1998.91,25.78,5.29,3276.70,0.00,25.2731,25.2357,25.0264,24.9878,38170226,1436653,1659124,38164492.0000,1436642.6250,1657413.2500,-32768,1047,-110
00:09:37,1998.91,25.78,5.29,3276.70,0.00,25.2731,25.2401,25.0264,24.9913,38170226,1436374,1658499,38164936.0000,1436624.1250,1657561.5000,-32768,1047,-110
00:09:39,1993.48,25.78,5.30,3276.70,0.00,25.2731,25.2440,25.0264,24.9955,38167039,1436374,1658738,38165276.0000,1436588.8750,1657675.1250,-32768,1047,-110
00:09:41,1998.91,25.78,5.30,3276.70,0.00,25.2731,25.2466,25.0277,24.9974,38166013,1436270,1658419,38165364.0000,1436569.3750,1657741.8750,-32768,1047,-110
00:09:42,1998.91,25.78,5.32,3276.70,0.00,25.2738,25.2482,25.0276,24.9993,38167405,1436222,1658747,38165428.0000,1436558.5000,1657773.2500,-32768,1047,-110
00:09:45,1998.91,25.78,5.33,3276.70,0.00,25.2738,25.2498,25.0276,25.0018,38167405,1435957,1657938,38165572.0000,1436495.5000,1657851.1250,-32768,1047,-110
00:09:46,1998.91,25.78,5.34,3276.70,0.00,25.2741,25.2519,25.0288,25.0034,38166657,1435899,1658021,38165608.0000,1436476.8750,1657883.0000,-32768,1047,-110
00:09:50,1993.48,25.79,5.34,3276.70,0.00,25.2741,25.2539,25.0288,25.0057,38166657,1435674,1657652,38165436.0000,1436386.7500,1657877.5000,-32768,1047,-110
00:09:52,1993.48,25.79,5.36,3276.70,0.00,25.2754,25.2552,25.0288,25.0078,38166657,1435526,1659331,38165436.0000,1436317.8750,1657980.0000,-32768,1047,-110
00:09:53,1998.91,25.79,5.37,3276.70,0.00,25.2761,25.2570,25.0309,25.0092,38164926,1435466,1658970,38165368.0000,1436264.0000,1658011.0000,-32768,1047,-110
00:09:56,1998.91,25.79,5.37,3276.70,0.00,25.2765,25.2570,25.0320,25.0112,38163746,1435366,1658745,38165368.0000,1436212.5000,1658078.8750,-32768,1047,-110
00:09:58,1993.48,25.79,5.38,3276.70,0.00,25.2771,25.2570,25.0333,25.0112,38164300,1435333,1658388,38165216.0000,1436135.5000,1658089.7500,-32768,1047,-110
00:09:59,1993.48,25.79,5.40,3276.70,0.00,25.2785,25.2614,25.0339,25.0143,38164809,1435157,1658622,38165188.0000,1436079.7500,1658120.7500,-32768,1047,-110
00:10:01,1993.48,25.79,5.40,3276.70,0.00,25.2786,25.2620,25.0340,25.0143,38163808,1435083,1658768,38165120.0000,1436019.8750,1658120.7500,-32768,1047,-110
00:10:03,1993.48,25.79,5.40,3276.70,0.00,25.2795,25.2635,25.0340,25.0173,38164441,1434944,1658900,38165052.0000,1435923.7500,1658120.7500,-32768,1047,-110
00:10:04,1993.48,25.79,5.41,3276.70,0.00,25.2805,25.2645,25.0364,25.0179,38162094,1434863,1659246,38164960.0000,1435923.7500,1658250.5000,-32768,1047,-110
00:10:07,1998.91,25.79,5.41,3276.70,0.00,25.2811,25.2655,25.0364,25.0179,38162900,1434666,1659311,38164820.0000,1435783.5000,1658320.7500,-32768,1047,-110
00:10:08,2004.34,25.80,5.42,3276.70,0.00,25.2824,25.2669,25.0386,25.0207,38162203,1434568,1659311,38164624.0000,1435674.5000,1658395.1250,-32768,1047,-110
00:10:10,2015.21,25.80,5.42,3276.70,0.00,25.2850,25.2679,25.0414,25.0219,38161815,1434318,1659311,38164368.0000,1435582.7500,1658445.8750,-32768,1047,-110
00:10:11,2015.21,25.80,5.44,3276.70,0.00,25.2891,25.2691,25.0453,25.0233,38160160,1433961,1658876,38164232.0000,1435532.1250,1658459.3750,-32768,1047,-110
00:10:12,2015.21,25.80,5.45,3276.70,0.00,25.2908,25.2698,25.0470,25.0240,38163871,1434030,1658546,38164224.0000,1435485.1250,1658462.1250,-32768,1047,-110
00:10:14,2015.21,25.80,5.47,3276.70,0.00,25.2940,25.2698,25.0499,25.0255,38165558,1434131,1659478,38164296.0000,1435402.6250,1658535.3750,-32768,1047,-110
00:10:16,1988.05,25.81,5.47,3276.70,0.00,25.2954,25.2727,25.0511,25.0270,38166809,1434088,1659715,38164404.0000,1435322.2500,1658572.2500,-32768,1047,-110
00:10:17,1982.62,25.81,5.48,3276.70,0.00,25.2931,25.2739,25.0495,25.0284,38170666,1434488,1664876,38164676.0000,1435262.2500,1658916.8750,-32768,1047,-110
00:10:19,1982.62,25.81,5.48,3276.70,0.00,25.2899,25.2749,25.0467,25.0296,38166538,1434475,1659619,38164676.0000,1435190.0000,1658987.0000,-32768,1047,-110
00:10:21,1982.62,25.81,5.48,3276.70,0.00,25.2899,25.2757,25.0467,25.0309,38166538,1434072,1659619,38164444.0000,1435083.1250,1659013.1250,-32768,1047,-110
00:10:23,1982.62,25.81,5.47,3276.70,0.00,25.2857,25.2765,25.0434,25.0316,38161429,1434082,1658951,38164352.0000,1435051.7500,1659013.1250,-32768,1047,-110
00:10:24,1982.62,25.81,5.48,3276.70,0.00,25.2852,25.2770,25.0434,25.0323,38160156,1433825,1659024,38164104.0000,1434977.8750,1659008.7500,-32768,1047,-110
00:10:25,1982.62,25.81,5.48,3276.70,0.00,25.2856,25.2773,25.0435,25.0326,38161491,1433837,1658774,38164024.0000,1434942.2500,1659001.3750,-32768,1047,-110
00:10:27,1982.62,25.81,5.49,3276.70,0.00,25.2862,25.2773,25.0444,25.0326,38159981,1433633,1659616,38163704.0000,1434826.7500,1659007.2500,-32768,1047,-110
00:10:28,1982.62,25.81,5.49,3276.70,0.00,25.2875,25.2786,25.0458,25.0343,38159792,1433598,1659675,38163452.0000,1434749.5000,1659076.6250,-32768,1047,-110
00:10:30,1982.62,25.82,5.49,3276.70,0.00,25.2882,25.2788,25.0462,25.0347,38159792,1433529,1658632,38163368.0000,1434677.3750,1659053.8750,-32768,1047,-110
00:10:32,1982.62,25.82,5.50,3276.70,0.00,25.2902,25.2797,25.0484,25.0358,38160748,1433486,1659306,38163228.0000,1434677.3750,1659054.3750,-32768,1047,-110
00:10:34,1982.62,25.82,5.50,3276.70,0.00,25.2909,25.2800,25.0499,25.0366,38161171,1433386,1659421,38163228.0000,1434529.5000,1659065.8750,-32768,1047,-110
00:10:35,1982.62,25.82,5.51,3276.70,0.00,25.2930,25.2811,25.0510,25.0375,38161235,1433181,1658353,38162964.0000,1434450.5000,1659042.5000,-32768,1047,-110
00:10:37,1982.62,25.82,5.51,3276.70,0.00,25.2940,25.2815,25.0510,25.0384,38161235,1433332,1656492,38162784.0000,1434380.5000,1658900.0000,-32768,1047,-110
00:10:39,1982.62,25.82,5.51,3276.70,0.00,25.2951,25.2815,25.0544,25.0384,38160548,1433027,1660244,38162560.0000,1434265.1250,1658900.0000,-32768,1047,-110
00:10:41,1982.62,25.83,5.52,3276.70,0.00,25.2975,25.2836,25.0561,25.0403,38162040,1433233,1657823,38162560.0000,1434202.6250,1658838.1250,-32768,1047,-110
00:10:43,2004.34,25.83,5.54,3276.70,0.00,25.2993,25.2845,25.0596,25.0403,38162040,1432959,1659890,38162576.0000,1434202.6250,1658838.1250,-32768,1047,-110
00:10:46,2004.34,25.83,5.55,3276.70,0.00,25.2993,25.2868,25.0660,25.0438,38162508,1432403,1659890,38162576.0000,1434202.6250,1658838.1250,-32768,1047,-110
00:10:47,2004.34,25.83,5.57,3276.70,0.00,25.3123,25.2868,25.0724,25.0461,38166801,1432403,1659662,38162680.0000,1433837.8750,1658995.0000,-32768,1047,-110
00:10:48,2004.34,25.83,5.58,3276.70,0.00,25.3162,25.2898,25.0758,25.0479,38167820,1432287,1667517,38162940.0000,1433742.6250,1659458.3750,-32768,1047,-110
00:10:51,2004.34,25.84,5.58,3276.70,0.00,25.3162,25.2915,25.0758,25.0497,38167820,1432422,1660455,38163492.0000,1433623.0000,1659540.7500,-32768,1047,-110
00:10:53,2009.78,25.84,5.59,3276.70,0.00,25.3162,25.2951,25.0758,25.0525,38169258,1432396,1665456,38163836.0000,1433547.6250,1659911.5000,-32768,1047,-110
00:10:54,2009.78,25.85,5.61,3276.70,0.00,25.3242,25.2960,25.0830,25.0534,38169259,1432262,1659779,38164172.0000,1433472.0000,1659907.3750,-32768,1047,-110
00:10:56,2004.34,25.85,5.61,3276.70,0.00,25.3259,25.2960,25.0857,25.0534,38169578,1432422,1656503,38164504.0000,1433404.7500,1659689.5000,-32768,1047,-110
00:10:58,2004.34,25.85,5.61,3276.70,0.00,25.3283,25.3004,25.0873,25.0581,38169281,1432085,1662486,38164820.0000,1433330.5000,1659776.8750,-32768,1047,-110
00:11:00,2004.34,25.85,5.61,3276.70,0.00,25.3296,25.3021,25.0892,25.0600,38169888,1432061,1662086,38165104.0000,1433330.5000,1659948.8750,-32768,1047,-110
00:11:03,2004.34,25.86,5.61,3276.70,0.00,25.3296,25.3047,25.0892,25.0636,38169888,1431910,1661416,38165828.0000,1433330.5000,1660125.8750,-32768,1047,-110
00:11:06,2004.34,25.86,5.63,3276.70,0.00,25.3296,25.3081,25.0892,25.0672,38169784,1431910,1661154,38166276.0000,1432919.8750,1660125.8750,-32768,1047,-110
00:11:08,2004.34,25.86,5.64,3276.70,0.00,25.3366,25.3105,25.0966,25.0672,38169041,1431572,1667106,38166476.0000,1432919.8750,1660125.8750,-32768,1047,-110
00:11:10,2004.34,25.87,5.65,3276.70,0.00,25.3382,25.3122,25.0982,25.0707,38169615,1431620,1661747,38166660.0000,1432759.8750,1661017.7500,-32768,1047,-110
00:11:12,2004.34,25.87,5.65,3276.70,0.00,25.3403,25.3146,25.1009,25.0732,38170365,1431581,1662300,38166904.0000,1432759.8750,1661157.6250,-32768,1047,-110
00:11:13,2004.34,25.87,5.66,3276.70,0.00,25.3417,25.3162,25.1024,25.0750,38168015,1431241,1662300,38167060.0000,1432568.0000,1661279.5000,-32768,1047,-110
00:11:15,2004.34,25.87,5.66,3276.70,0.00,25.3434,25.3178,25.1039,25.0767,38170819,1431498,1662300,38167060.0000,1432502.3750,1661357.8750,-32768,1047,-110
00:11:17,2004.34,25.88,5.66,3276.70,0.00,25.3434,25.3203,25.1069,25.0793,38173372,1431419,1659083,38167664.0000,1432437.5000,1661250.8750,-32768,1047,-110
00:11:19,2004.34,25.88,5.68,3276.70,0.00,25.3434,25.3219,25.1069,25.0818,38172537,1431344,1662948,38168128.0000,1432437.5000,1661402.6250,-32768,1047,-110
00:11:21,2004.34,25.88,5.68,3276.70,0.00,25.3491,25.3235,25.1105,25.0818,38172543,1431327,1657868,38168392.0000,1432279.6250,1661216.1250,-32768,1047,-110
00:11:22,2004.34,25.88,5.68,3276.70,0.00,25.3509,25.3252,25.1124,25.0845,38172028,1431253,1662780,38168508.0000,1432247.6250,1661265.0000,-32768,1047,-110
00:11:24,2004.34,25.89,5.69,3276.70,0.00,25.3529,25.3268,25.1143,25.0845,38172247,1431144,1662780,38168812.0000,1432152.7500,1661211.0000,-32768,1047,-110
00:11:27,2004.34,25.89,5.69,3276.70,0.00,25.3556,25.3293,25.1143,25.0889,38172247,1430946,1662910,38169280.0000,1432053.7500,1661164.6250,-32768,1047,-110
00:11:29,2004.34,25.89,5.70,3276.70,0.00,25.3575,25.3309,25.1193,25.0889,38172527,1431013,1659236,38169500.0000,1432053.7500,1661081.7500,-32768,1047,-110
00:11:30,2004.34,25.89,5.71,3276.70,0.00,25.3600,25.3309,25.1234,25.0943,38173079,1430856,1663034,38169904.0000,1431895.3750,1661208.3750,-32768,1047,-110
00:11:32,2004.34,25.90,5.71,3276.70,0.00,25.3622,25.3351,25.1246,25.0953,38173652,1430855,1663140,38170020.0000,1431895.3750,1661353.2500,-32768,1047,-110
00:11:33,2004.34,25.90,5.72,3276.70,0.00,25.3640,25.3368,25.1262,25.0953,38174606,1430900,1664370,38170400.0000,1431769.5000,1661495.6250,-32768,1047,-110
00:11:36,2004.34,25.90,5.72,3276.70,0.00,25.3640,25.3395,25.1262,25.0999,38174606,1430710,1668124,38170920.0000,1431674.7500,1661818.8750,-32768,1047,-110
00:11:37,2004.34,25.90,5.73,3276.70,0.00,25.3707,25.3421,25.1330,25.1027,38174875,1430549,1664572,38171184.0000,1431605.7500,1662159.6250,-32768,1047,-110
00:11:39,2004.34,25.91,5.73,3276.70,0.00,25.3715,25.3430,25.1345,25.1037,38176734,1430537,1664572,38171184.0000,1431605.7500,1662159.6250,-32768,1047,-110
00:11:41,1998.91,25.91,5.75,3276.70,0.00,25.3738,25.3448,25.1367,25.1057,38176594,1430507,1667727,38171672.0000,1431509.3750,1662434.7500,-32768,1047,-110
00:11:43,2004.34,25.91,5.75,3276.70,0.00,25.3756,25.3466,25.1388,25.1076,38177887,1430612,1663643,38172224.0000,1431509.3750,1662434.7500,-32768,1047,-110
00:11:45,2004.34,25.91,5.76,3276.70,0.00,25.3793,25.3495,25.1425,25.1106,38178889,1430545,1663643,38172784.0000,1431342.5000,1662743.0000,-32768,1047,-110
00:11:47,2004.34,25.92,5.76,3276.70,0.00,25.3827,25.3523,25.1462,25.1137,38175634,1430408,1662794,38172984.0000,1431286.8750,1662759.6250,-32768,1047,-110
00:11:48,2004.34,25.92,5.76,3276.70,0.00,25.3839,25.3533,25.1475,25.1147,38176931,1430356,1663658,38172984.0000,1431234.3750,1662633.7500,-32768,1047,-110
00:11:50,2004.34,25.92,5.77,3276.70,0.00,25.3873,25.3533,25.1511,25.1147,38179670,1430280,1664932,38173792.0000,1431156.3750,1662580.1250,-32768,1047,-110
00:11:52,1998.91,25.93,5.77,3276.70,0.00,25.3873,25.3533,25.1538,25.1211,38180592,1430318,1663274,38174180.0000,1431100.5000,1662580.1250,-32768,1047,-110
00:11:54,2004.34,25.93,5.77,3276.70,0.00,25.3873,25.3613,25.1538,25.1244,38182365,1430148,1664901,38174856.0000,1431024.1250,1662768.2500,-32768,1047,-110
00:11:56,2004.34,25.93,5.77,3276.70,0.00,25.3974,25.3645,25.1617,25.1266,38180167,1430123,1670104,38175176.0000,1430970.1250,1662768.2500,-32768,1047,-110
00:11:58,2004.34,25.94,5.79,3276.70,0.00,25.4002,25.3666,25.1647,25.1288,38182806,1430082,1665513,38175632.0000,1430917.5000,1663399.7500,-32768,1047,-110
00:11:59,2004.34,25.94,5.79,3276.70,0.00,25.4025,25.3687,25.1672,25.1311,38183330,1430106,1665044,38176124.0000,1430865.6250,1663504.5000,-32768,1047,-110
00:12:03,1998.91,25.94,5.79,3276.70,0.00,25.4025,25.3709,25.1672,25.1346,38183330,1429862,1666287,38177008.0000,1430747.1250,1664024.3750,-32768,1047,-110
00:12:04,2004.34,25.95,5.80,3276.70,0.00,25.4091,25.3709,25.1755,25.1346,38184839,1429744,1663623,38177672.0000,1430663.2500,1664062.8750,-32768,1047,-110
00:12:07,2004.34,25.96,5.82,3276.70,0.00,25.4091,25.3787,25.1755,25.1417,38184839,1429825,1665685,38178352.0000,1430584.8750,1664258.2500,-32768,1047,-110
00:12:10,1998.91,25.96,5.82,3276.70,0.00,25.4091,25.3822,25.1842,25.1454,38187398,1429849,1665685,38178352.0000,1430584.8750,1664156.5000,-32768,1047,-110
00:12:12,2004.34,25.97,5.83,3276.70,0.00,25.4229,25.3857,25.1885,25.1454,38185840,1429722,1666512,38179504.0000,1430465.7500,1664230.1250,-32768,1047,-110
00:12:14,1998.91,25.97,5.83,3276.70,0.00,25.4262,25.3857,25.1931,25.1454,38187505,1429623,1667183,38180304.0000,1430465.7500,1664264.3750,-32768,1047,-110
00:12:16,2004.34,25.97,5.84,3276.70,0.00,25.4262,25.3930,25.1979,25.1568,38186797,1429379,1674743,38180968.0000,1430312.0000,1664686.1250,-32768,1047,-110
00:12:18,1998.91,25.97,5.84,3276.70,0.00,25.4350,25.3955,25.2010,25.1595,38187682,1429412,1667968,38181396.0000,1430312.0000,1665145.1250,-32768,1047,-110
00:12:20,1998.91,25.98,5.85,3276.70,0.00,25.4380,25.3980,25.2010,25.1595,38187911,1429239,1671920,38181996.0000,1430171.6250,1665427.7500,-32768,1047,-110
00:12:21,2004.34,25.98,5.85,3276.70,0.00,25.4411,25.4006,25.2075,25.1648,38189594,1429322,1673609,38182232.0000,1430145.0000,1665739.6250,-32768,1047,-110
00:12:22,1998.91,25.98,5.85,3276.70,0.00,25.4427,25.4019,25.2091,25.1662,38189594,1429417,1667875,38182772.0000,1430097.8750,1665806.3750,-32768,1047,-110
00:12:24,1998.91,25.99,5.86,3276.70,0.00,25.4457,25.4045,25.2123,25.1689,38190858,1429408,1667875,38183188.0000,1430049.6250,1666169.0000,-32768,1047,-110
00:12:25,1998.91,25.99,5.86,3276.70,0.00,25.4489,25.4072,25.2155,25.1717,38191312,1429248,1676877,38183444.0000,1430024.6250,1666503.6250,-32768,1047,-110
00:12:26,1998.91,25.99,5.87,3276.70,0.00,25.4506,25.4085,25.2171,25.1731,38192498,1429422,1669145,38183728.0000,1430005.7500,1666586.1250,-32768,1047,-110
00:12:28,1998.91,25.99,5.87,3276.70,0.00,25.4536,25.4112,25.2203,25.1759,38191372,1429195,1669145,38184376.0000,1429932.0000,1666919.3750,-32768,1047,-110
00:12:29,1998.91,26.00,5.87,3276.70,0.00,25.4553,25.4125,25.2203,25.1788,38191098,1429050,1674173,38184584.0000,1429904.3750,1667146.1250,-32768,1047,-110
00:12:31,1998.91,26.00,5.89,3276.70,0.00,25.4600,25.4166,25.2270,25.1817,38193614,1429063,1669345,38185096.0000,1429855.2500,1667146.1250,-32768,1047,-110
00:12:33,1998.91,26.00,5.89,3276.70,0.00,25.4600,25.4209,25.2322,25.1861,38193698,1428954,1673705,38185792.0000,1429776.6250,1667146.1250,-32768,1047,-110
00:12:35,1998.91,26.01,5.89,3276.70,0.00,25.4686,25.4237,25.2322,25.1905,38194268,1429021,1669518,38186564.0000,1429712.8750,1667827.3750,-32768,1047,-110
00:12:37,1998.91,26.01,5.89,3276.70,0.00,25.4686,25.4280,25.2322,25.1935,38195362,1428899,1669452,38187300.0000,1429645.5000,1667724.8750,-32768,1047,-110
00:12:39,1998.91,26.02,5.89,3276.70,0.00,25.4771,25.4310,25.2322,25.1935,38197622,1428888,1670213,38187876.0000,1429598.8750,1667869.7500,-32768,1047,-110
00:12:41,1998.91,26.02,5.90,3276.70,0.00,25.4807,25.4339,25.2483,25.1935,38197622,1428814,1670562,38188468.0000,1429550.5000,1668037.6250,-32768,1047,-110
00:12:43,1998.91,26.03,5.91,3276.70,0.00,25.4807,25.4384,25.2483,25.2059,38199453,1428766,1669934,38189464.0000,1429489.6250,1668205.8750,-32768,1047,-110
00:12:45,1998.91,26.03,5.91,3276.70,0.00,25.4890,25.4414,25.2574,25.2075,38199422,1428875,1666823,38189772.0000,1429470.3750,1668162.6250,-32768,1047,-110
00:12:46,1998.91,26.03,5.91,3276.70,0.00,25.4926,25.4445,25.2610,25.2075,38201333,1428792,1671083,38190464.0000,1429431.1250,1668301.8750,-32768,1047,-110
00:12:48,1998.91,26.03,5.91,3276.70,0.00,25.4926,25.4492,25.2668,25.2156,38202671,1428983,1666167,38191496.0000,1429380.1250,1668321.3750,-32768,1047,-110
00:12:51,1998.91,26.04,5.92,3276.70,0.00,25.5002,25.4492,25.2705,25.2156,38202671,1428794,1666167,38192528.0000,1429331.0000,1668355.1250,-32768,1047,-110
00:12:53,1998.91,26.05,5.93,3276.70,0.00,25.5002,25.4571,25.2762,25.2238,38202671,1428897,1662818,38193692.0000,1429289.0000,1668150.8750,-32768,1047,-110
00:12:56,1998.91,26.06,5.93,3276.70,0.00,25.5002,25.4636,25.2762,25.2306,38205713,1428496,1672705,38195116.0000,1429210.7500,1668150.8750,-32768,1047,-110
00:12:58,1998.91,26.06,5.94,3276.70,0.00,25.5186,25.4636,25.2898,25.2306,38207332,1428541,1672450,38196244.0000,1429152.6250,1668883.0000,-32768,1047,-110
00:13:02,1998.91,26.07,5.94,3276.70,0.00,25.5186,25.4736,25.2898,25.2427,38207332,1428598,1673853,38196244.0000,1429080.8750,1669757.8750,-32768,1047,-110
00:13:05,1993.48,26.08,5.95,3276.70,0.00,25.5340,25.4804,25.2898,25.2480,38207332,1428369,1676946,38198888.0000,1429080.8750,1670446.7500,-32768,1047,-110
00:13:05,1998.91,26.08,5.96,3276.70,0.00,25.5401,25.4855,25.3100,25.2534,38211291,1428417,1673130,38199616.0000,1428985.0000,1670530.6250,-32768,1047,-110
00:13:07,1998.91,26.09,5.96,3276.70,0.00,25.5418,25.4873,25.3118,25.2552,38211776,1428471,1672426,38199616.0000,1428985.0000,1670671.6250,-32768,1047,-110
00:13:09,1998.91,26.09,5.97,3276.70,0.00,25.5460,25.4908,25.3163,25.2552,38213034,1428463,1676109,38201100.0000,1428927.3750,1670913.5000,-32768,1047,-110
00:13:11,1998.91,26.09,5.97,3276.70,0.00,25.5501,25.4944,25.3202,25.2552,38215283,1428342,1675173,38201972.0000,1428927.3750,1670913.5000,-32768,1047,-110
00:13:12,1998.91,26.10,5.97,3276.70,0.00,25.5541,25.4944,25.3267,25.2682,38213648,1428342,1669853,38202712.0000,1428857.7500,1671230.1250,-32768,1047,-110
00:13:13,1993.48,26.10,5.97,3276.70,0.00,25.5582,25.5016,25.3267,25.2682,38214463,1428269,1675225,38203452.0000,1428821.5000,1671372.6250,-32768,1047,-110
00:13:16,1998.91,26.10,5.97,3276.70,0.00,25.5582,25.5071,25.3267,25.2757,38214463,1428215,1676126,38204664.0000,1428771.2500,1671769.1250,-32768,1047,-110
00:13:17,1998.91,26.11,5.98,3276.70,0.00,25.5582,25.5126,25.3418,25.2815,38217944,1428246,1674096,38205452.0000,1428738.7500,1671901.5000,-32768,1047,-110
00:13:18,1998.91,26.11,5.98,3276.70,0.00,25.5729,25.5145,25.3438,25.2834,38219814,1428292,1675346,38205904.0000,1428724.7500,1672009.2500,-32768,1047,-110
00:13:20,1998.91,26.12,5.98,3276.70,0.00,25.5751,25.5145,25.3438,25.2873,38219814,1428259,1672801,38206728.0000,1428699.0000,1672144.6250,-32768,1047,-110
00:13:23,1998.91,26.12,5.98,3276.70,0.00,25.5814,25.5145,25.3525,25.2873,38218517,1428148,1672801,38208112.0000,1428628.7500,1672144.6250,-32768,1047,-110
00:13:26,1998.91,26.13,5.99,3276.70,0.00,25.5814,25.5297,25.3525,25.3011,38220407,1427992,1676668,38209288.0000,1428575.3750,1672848.1250,-32768,1047,-110
00:13:28,1998.91,26.14,5.99,3276.70,0.00,25.5814,25.5356,25.3525,25.3072,38223714,1427989,1680492,38210504.0000,1428522.0000,1673304.3750,-32768,1047,-110
00:13:30,1998.91,26.14,6.00,3276.70,0.00,25.6034,25.5415,25.3754,25.3112,38225379,1428009,1676525,38211376.0000,1428522.0000,1673508.8750,-32768,1047,-110
00:13:31,1998.91,26.15,6.00,3276.70,0.00,25.6056,25.5435,25.3774,25.3133,38224992,1428021,1676440,38212240.0000,1428457.8750,1673695.2500,-32768,1047,-110
00:13:34,1998.91,26.16,6.00,3276.70,0.00,25.6100,25.5475,25.3774,25.3174,38224992,1428066,1676163,38213032.0000,1428457.8750,1674064.6250,-32768,1047,-110
00:13:35,1998.91,26.16,6.02,3276.70,0.00,25.6167,25.5535,25.3889,25.3174,38228137,1427959,1678383,38214292.0000,1428390.5000,1674316.6250,-32768,1047,-110
00:13:37,1993.48,26.16,6.02,3276.70,0.00,25.6167,25.5596,25.3964,25.3300,38229688,1428055,1676802,38215232.0000,1428366.7500,1674563.0000,-32768,1047,-110
00:13:40,1998.91,26.17,6.02,3276.70,0.00,25.6167,25.5637,25.3964,25.3363,38231060,1428055,1676802,38217080.0000,1428301.2500,1675111.2500,-32768,1047,-110
00:13:42,1998.91,26.18,6.03,3276.70,0.00,25.6353,25.5699,25.3964,25.3363,38230901,1427777,1678478,38217908.0000,1428274.1250,1675284.1250,-32768,1047,-110
00:13:43,1998.91,26.18,6.03,3276.70,0.00,25.6403,25.5741,25.4127,25.3449,38231934,1427794,1679229,38218764.0000,1428246.0000,1675514.6250,-32768,1047,-110
00:13:45,1998.91,26.19,6.03,3276.70,0.00,25.6449,25.5784,25.4178,25.3493,38233077,1427692,1680186,38219212.0000,1428246.0000,1675781.1250,-32768,1047,-110
00:13:46,1998.91,26.20,6.03,3276.70,0.00,25.6499,25.5827,25.4227,25.3537,38234037,1427788,1680170,38219212.0000,1428190.3750,1676038.3750,-32768,1047,-110
00:13:48,1998.91,26.20,6.03,3276.70,0.00,25.6499,25.5870,25.4227,25.3604,38236411,1427654,1679597,38221544.0000,1428161.2500,1676246.6250,-32768,1047,-110
00:13:50,1998.91,26.20,6.03,3276.70,0.00,25.6592,25.5913,25.4324,25.3626,38237467,1427748,1679597,38222520.0000,1428136.7500,1676246.6250,-32768,1047,-110
00:13:52,1998.91,26.21,6.04,3276.70,0.00,25.6638,25.5913,25.4397,25.3626,38237213,1427745,1681246,38223840.0000,1428136.7500,1676884.3750,-32768,1047,-110
00:13:55,1998.91,26.22,6.04,3276.70,0.00,25.6638,25.6045,25.4397,25.3785,38237213,1427618,1681475,38225656.0000,1428136.7500,1677462.8750,-32768,1047,-110
00:13:58,1993.48,26.23,6.04,3276.70,0.00,25.6638,25.6135,25.4397,25.3877,38242237,1427644,1681828,38227036.0000,1428013.7500,1677869.5000,-32768,1047,-110
00:14:00,1993.48,26.24,6.04,3276.70,0.00,25.6638,25.6203,25.4397,25.3948,38241760,1427575,1681033,38228396.0000,1427977.1250,1678182.8750,-32768,1047,-110
00:14:03,1993.48,26.25,6.06,3276.70,0.00,25.6638,25.6272,25.4397,25.4018,38245842,1427659,1682765,38228396.0000,1427977.1250,1678585.7500,-32768,1047,-110
00:14:06,1993.48,26.26,6.08,3276.70,0.00,25.7073,25.6272,25.4838,25.4018,38247577,1427584,1682168,38231316.0000,1427906.2500,1678960.1250,-32768,1047,-110
00:14:08,1998.91,26.27,6.06,3276.70,0.00,25.7150,25.6272,25.4892,25.4018,38247577,1427499,1684309,38232852.0000,1427871.8750,1679347.2500,-32768,1047,-110
00:14:10,1998.91,26.28,6.08,3276.70,0.00,25.7229,25.6272,25.4971,25.4018,38250683,1427402,1684460,38234384.0000,1427831.3750,1679767.7500,-32768,1047,-110
00:14:11,1998.91,26.28,6.08,3276.70,0.00,25.7284,25.6531,25.5025,25.4018,38251971,1427427,1684060,38235432.0000,1427807.8750,1680038.3750,-32768,1047,-110
00:14:14,1998.91,26.29,6.08,3276.70,0.00,25.7334,25.6531,25.5109,25.4018,38251876,1427359,1684713,38235432.0000,1427807.8750,1680479.6250,-32768,1047,-110
00:14:16,1998.91,26.29,6.09,3276.70,0.00,25.7415,25.6652,25.5161,25.4018,38255001,1427341,1685003,38237976.0000,1427739.0000,1680758.7500,-32768,1047,-110
00:14:19,1993.48,26.30,6.09,3276.70,0.00,25.7471,25.6652,25.5243,25.4018,38253828,1427268,1685163,38239376.0000,1427739.0000,1681180.3750,-32768,1047,-110
00:14:21,1993.48,26.31,6.09,3276.70,0.00,25.7579,25.6801,25.5327,25.4018,38257010,1427391,1685892,38240956.0000,1427739.0000,1681180.3750,-32768,1047,-110
00:14:23,1993.48,26.32,6.10,3276.70,0.00,25.7658,25.6801,25.5410,25.4611,38260542,1427386,1687318,38242656.0000,1427639.7500,1682028.3750,-32768,1047,-110
00:14:25,1993.48,26.33,6.10,3276.70,0.00,25.7718,25.6801,25.5495,25.4611,38259610,1427396,1684231,38242656.0000,1427639.7500,1682413.1250,-32768,1047,-110
00:14:26,1993.48,26.34,6.09,3276.70,0.00,25.7798,25.7002,25.5549,25.4740,38263851,1427337,1686886,38244888.0000,1427606.6250,1682552.8750,-32768,1047,-110
00:14:28,1993.48,26.34,6.10,3276.70,0.00,25.7826,25.7028,25.5579,25.4766,38263515,1427238,1686886,38244888.0000,1427583.5000,1682843.8750,-32768,1047,-110
00:14:30,1993.48,26.34,6.09,3276.70,0.00,25.7885,25.7105,25.5667,25.4766,38263913,1427233,1689693,38247048.0000,1427583.5000,1683311.0000,-32768,1047,-110
00:14:32,1993.48,26.35,6.10,3276.70,0.00,25.7968,25.7157,25.5667,25.4924,38263913,1427266,1689693,38249288.0000,1427525.8750,1683770.2500,-32768,1047,-110
00:14:34,1993.48,26.36,6.10,3276.70,0.00,25.8082,25.7261,25.5841,25.5004,38268761,1427187,1689137,38249288.0000,1427525.8750,1684297.0000,-32768,1047,-110
00:14:36,1993.48,26.36,6.10,3276.70,0.00,25.8139,25.7314,25.5894,25.5057,38269187,1427093,1689213,38251592.0000,1427481.0000,1684450.6250,-32768,1047,-110
00:14:38,1993.48,26.37,6.10,3276.70,0.00,25.8139,25.7368,25.5894,25.5138,38271010,1427234,1690416,38253316.0000,1427456.6250,1684980.3750,-32768,1047,-110
00:14:40,1993.48,26.37,6.11,3276.70,0.00,25.8285,25.7448,25.6041,25.5193,38273683,1427162,1690314,38255136.0000,1427429.1250,1685402.8750,-32768,1047,-110
00:14:42,1993.48,26.38,6.11,3276.70,0.00,25.8316,25.7448,25.6101,25.5193,38273920,1427287,1690253,38256312.0000,1427415.5000,1685732.1250,-32768,1047,-110
00:14:43,1998.91,26.39,6.12,3276.70,0.00,25.8404,25.7556,25.6163,25.5303,38274885,1427238,1690703,38256892.0000,1427409.8750,1685887.5000,-32768,1047,-110
00:14:45,1993.48,26.40,6.12,3276.70,0.00,25.8432,25.7583,25.6163,25.5358,38274885,1427096,1690289,38258088.0000,1427392.5000,1686176.3750,-32768,1047,-110
00:14:46,1993.48,26.40,6.12,3276.70,0.00,25.8522,25.7665,25.6282,25.5414,38277646,1427027,1691629,38259260.0000,1427392.5000,1686725.3750,-32768,1047,-110
00:14:48,1993.48,26.41,6.12,3276.70,0.00,25.8579,25.7720,25.6339,25.5469,38277207,1427116,1693097,38260336.0000,1427392.5000,1687105.8750,-32768,1047,-110
00:14:50,1993.48,26.41,6.12,3276.70,0.00,25.8641,25.7720,25.6434,25.5554,38279511,1426977,1692175,38261956.0000,1427315.5000,1687406.1250,-32768,1047,-110
00:14:51,1993.48,26.42,6.12,3276.70,0.00,25.8730,25.7859,25.6497,25.5610,38280634,1427029,1692596,38263092.0000,1427296.0000,1687724.3750,-32768,1047,-110
00:14:53,1993.48,26.43,6.13,3276.70,0.00,25.8760,25.7887,25.6528,25.5610,38280306,1426951,1691926,38264176.0000,1427296.0000,1688019.5000,-32768,1047,-110
00:14:56,1993.48,26.44,6.13,3276.70,0.00,25.8760,25.7971,25.6528,25.5753,38280306,1426958,1695904,38266500.0000,1427241.0000,1688752.3750,-32768,1047,-110
00:14:57,1993.48,26.45,6.14,3276.70,0.00,25.8946,25.8057,25.6709,25.5811,38284746,1426984,1692316,38267068.0000,1427232.8750,1688752.3750,-32768,1047,-110
00:14:59,1993.48,26.45,6.14,3276.70,0.00,25.8973,25.8085,25.6743,25.5840,38285828,1426997,1695312,38268284.0000,1427217.5000,1689234.7500,-32768,1047,-110
00:15:01,1993.48,26.45,6.14,3276.70,0.00,25.9068,25.8171,25.6837,25.5927,38289869,1426983,1696389,38269584.0000,1427201.8750,1689632.6250,-32768,1047,-110
00:15:02,1998.91,26.46,6.14,3276.70,0.00,25.9126,25.8229,25.6900,25.5986,38289725,1426885,1695599,38270796.0000,1427185.7500,1689930.8750,-32768,1047,-110
00:15:04,1993.48,26.47,6.14,3276.70,0.00,25.9126,25.8287,25.6900,25.6074,38290746,1426846,1696762,38272572.0000,1427159.7500,1690408.8750,-32768,1047,-110
00:15:06,1993.48,26.48,6.14,3276.70,0.00,25.9283,25.8374,25.7059,25.6134,38292006,1426957,1694570,38273744.0000,1427145.2500,1690684.5000,-32768,1047,-110
00:15:08,1993.48,26.49,6.15,3276.70,0.00,25.9283,25.8432,25.7059,25.6223,38293743,1426957,1696179,38275504.0000,1427124.5000,1691167.5000,-32768,1047,-110
00:15:12,1993.48,26.49,6.15,3276.70,0.00,25.9283,25.8520,25.7215,25.6282,38293743,1426906,1696179,38275504.0000,1427124.5000,1691167.5000,-32768,1047,-110
00:15:13,1993.48,26.50,6.15,3276.70,0.00,25.9532,25.8609,25.7312,25.6373,38296486,1426779,1696466,38278532.0000,1427082.8750,1692077.8750,-32768,1047,-110
00:15:14,1993.48,26.51,6.15,3276.70,0.00,25.9561,25.8639,25.7342,25.6433,38298850,1426795,1698822,38279764.0000,1427064.0000,1692552.6250,-32768,1047,-110
00:15:16,1993.48,26.52,6.16,3276.70,0.00,25.9626,25.8639,25.7440,25.6433,38298619,1426762,1697411,38281500.0000,1427038.2500,1693117.0000,-32768,1047,-110
00:15:18,1993.48,26.52,6.16,3276.70,0.00,25.9719,25.8639,25.7537,25.6433,38300904,1426732,1699600,38282648.0000,1427020.8750,1693531.8750,-32768,1047,-110
00:15:20,1993.48,26.53,6.15,3276.70,0.00,25.9781,25.8847,25.7566,25.6616,38302438,1426760,1699234,38282648.0000,1427005.8750,1693882.1250,-32768,1047,-110
00:15:23,1993.48,26.53,6.16,3276.70,0.00,25.9908,25.8847,25.7728,25.6616,38305991,1426782,1700756,38286392.0000,1426977.7500,1693882.1250,-32768,1047,-110
00:15:25,1993.48,26.53,6.16,3276.70,0.00,26.0007,25.9059,25.7791,25.6831,38306814,1426660,1704107,38288272.0000,1426954.5000,1695272.5000,-32768,1047,-110
00:15:27,1993.48,26.55,6.16,3276.70,0.00,26.0007,25.9150,25.7893,25.6924,38310471,1426752,1699915,38289560.0000,1426944.0000,1695606.2500,-32768,1047,-110
00:15:28,1993.48,26.56,6.17,3276.70,0.00,26.0134,25.9180,25.7922,25.6955,38311879,1426719,1702996,38290968.0000,1426929.2500,1695982.5000,-32768,1047,-110
00:15:30,1993.48,26.57,6.17,3276.70,0.00,26.0193,25.9241,25.7988,25.6955,38313865,1426823,1702651,38292400.0000,1426922.6250,1696348.7500,-32768,1047,-110
00:15:33,1993.48,26.58,6.17,3276.70,0.00,26.0257,25.9241,25.8086,25.6955,38316322,1426782,1702152,38294468.0000,1426922.6250,1696878.2500,-32768,1047,-110
00:15:35,1993.48,26.58,6.16,3276.70,0.00,26.0257,25.9426,25.8086,25.7236,38319811,1426842,1703584,38296648.0000,1426905.3750,1697416.1250,-32768,1047,-110
00:15:38,1993.48,26.58,6.17,3276.70,0.00,26.0484,25.9426,25.8313,25.7236,38320146,1426658,1703662,38299424.0000,1426885.1250,1698167.3750,-32768,1047,-110
00:15:39,1993.48,26.60,6.17,3276.70,0.00,26.0582,25.9612,25.8382,25.7394,38321306,1426759,1703811,38300112.0000,1426885.1250,1698525.6250,-32768,1047,-110
00:15:41,1988.05,26.61,6.17,3276.70,0.00,26.0644,25.9674,25.8446,25.7394,38323867,1426692,1707046,38302328.0000,1426885.1250,1698931.1250,-32768,1047,-110
00:15:44,2004.34,26.62,6.17,3276.70,0.00,26.0740,25.9768,25.8446,25.7552,38323867,1426580,1705514,38304468.0000,1426847.0000,1699538.6250,-32768,1047,-110
00:15:47,2015.21,26.62,6.18,3276.70,0.00,26.0853,25.9862,25.8446,25.7682,38323867,1426331,1706791,38304468.0000,1426801.2500,1700304.3750,-32768,1047,-110
00:15:49,2015.21,26.65,6.20,3276.70,0.00,26.1048,25.9994,25.8852,25.7783,38330779,1426374,1706791,38309216.0000,1426759.6250,1700917.7500,-32768,1047,-110
00:15:52,2009.78,26.65,6.20,3276.70,0.00,26.1048,25.9994,25.8986,25.7783,38335927,1426337,1708172,38310824.0000,1426759.6250,1700917.7500,-32768,1047,-110
00:15:53,1988.05,26.66,6.20,3276.70,0.00,26.1270,26.0201,25.9084,25.7994,38339647,1426508,1709672,38310824.0000,1426714.7500,1701958.2500,-32768,1047,-110
00:15:56,1982.62,26.67,6.18,3276.70,0.00,26.1270,26.0268,25.9084,25.8095,38339647,1426988,1709931,38310824.0000,1426742.1250,1702797.7500,-32768,1047,-110
00:15:58,1982.62,26.68,6.17,3276.70,0.00,26.1320,26.0362,25.9137,25.8158,38338695,1426853,1709896,38310824.0000,1426742.1250,1703217.8750,-32768,1047,-110
00:15:59,1982.62,26.68,6.17,3276.70,0.00,26.1357,26.0422,25.9173,25.8220,38337089,1426919,1709596,38318600.0000,1426754.2500,1703417.1250,-32768,1047,-110
00:16:00,1993.48,26.69,6.17,3276.70,0.00,26.1382,26.0452,25.9198,25.8250,38336741,1426781,1709976,38319168.0000,1426755.1250,1703622.1250,-32768,1047,-110
00:16:02,2004.34,26.69,6.19,3276.70,0.00,26.1416,26.0482,25.9233,25.8250,38337454,1426501,1709958,38320296.0000,1426755.1250,1704123.1250,-32768,1047,-110
00:16:04,2004.34,26.70,6.20,3276.70,0.00,26.1596,26.0606,25.9415,25.8407,38339860,1426305,1709670,38321836.0000,1426700.1250,1704475.3750,-32768,1047,-110
00:16:06,2004.34,26.71,6.20,3276.70,0.00,26.1684,26.0606,25.9498,25.8407,38344359,1426396,1710684,38323752.0000,1426667.0000,1705031.5000,-32768,1047,-110
00:16:09,2004.34,26.71,6.20,3276.70,0.00,26.1684,26.0770,25.9498,25.8607,38344359,1426434,1710492,38325752.0000,1426638.2500,1705795.1250,-32768,1047,-110
00:16:11,2004.34,26.72,6.20,3276.70,0.00,26.1911,26.0870,25.9498,25.8709,38344359,1426538,1712390,38327788.0000,1426628.0000,1706218.1250,-32768,1047,-110
00:16:12,2004.34,26.74,6.20,3276.70,0.00,26.2018,26.0970,25.9844,25.8778,38350999,1426455,1711806,38329232.0000,1426621.2500,1706569.7500,-32768,1047,-110
00:16:14,2004.34,26.74,6.20,3276.70,0.00,26.2053,26.1004,25.9878,25.8778,38351167,1426367,1711806,38330572.0000,1426603.3750,1706951.1250,-32768,1047,-110
00:16:17,1998.91,26.75,6.20,3276.70,0.00,26.2158,26.1004,25.9989,25.8778,38353825,1426461,1712884,38332608.0000,1426603.3750,1707682.1250,-32768,1047,-110
00:16:20,2004.34,26.76,6.21,3276.70,0.00,26.2158,26.1241,25.9989,25.9087,38353825,1426218,1715577,38335256.0000,1426545.3750,1708346.6250,-32768,1047,-110
00:16:22,2004.34,26.77,6.20,3276.70,0.00,26.2403,26.1343,26.0234,25.9156,38358932,1426455,1713789,38336676.0000,1426545.3750,1708934.6250,-32768,1047,-110
00:16:23,2004.34,26.78,6.21,3276.70,0.00,26.2471,26.1411,26.0306,25.9226,38357965,1426139,1714580,38337976.0000,1426518.0000,1709111.0000,-32768,1047,-110
00:16:24,2004.34,26.79,6.21,3276.70,0.00,26.2507,26.1445,26.0341,25.9261,38359435,1426253,1715052,38338648.0000,1426509.7500,1709296.7500,-32768,1047,-110
00:16:25,2004.34,26.79,6.20,3276.70,0.00,26.2542,26.1478,26.0414,25.9330,38360740,1426363,1715137,38340032.0000,1426509.7500,1709716.2500,-32768,1047,-110
00:16:27,1998.91,26.80,6.20,3276.70,0.00,26.2611,26.1546,26.0445,25.9330,38360516,1426114,1715816,38340032.0000,1426509.7500,1710301.1250,-32768,1047,-110
00:16:28,2004.34,26.81,6.21,3276.70,0.00,26.2681,26.1615,26.0552,25.9469,38364387,1426160,1718434,38342664.0000,1426459.7500,1710555.2500,-32768,1047,-110
00:16:30,2004.34,26.82,6.21,3276.70,0.00,26.2751,26.1684,26.0589,25.9504,38364200,1426254,1715253,38343336.0000,1426453.3750,1710702.1250,-32768,1047,-110
00:16:31,2004.34,26.82,6.21,3276.70,0.00,26.2821,26.1752,26.0661,25.9573,38364523,1426336,1718029,38344672.0000,1426443.8750,1711138.7500,-32768,1047,-110
00:16:33,2004.34,26.82,6.21,3276.70,0.00,26.2890,26.1821,26.0730,25.9643,38368140,1426201,1718029,38346756.0000,1426426.8750,1711764.0000,-32768,1047,-110
00:16:36,2004.34,26.83,6.21,3276.70,0.00,26.2961,26.1821,26.0838,25.9643,38368016,1426201,1718450,38348704.0000,1426406.6250,1712356.8750,-32768,1047,-110
00:16:38,2004.34,26.85,6.21,3276.70,0.00,26.2961,26.1821,26.0949,25.9643,38369980,1426105,1720215,38350684.0000,1426383.0000,1712966.6250,-32768,1047,-110
00:16:41,1998.91,26.85,6.21,3276.70,0.00,26.2961,26.2131,26.0949,25.9994,38369980,1426079,1721559,38352512.0000,1426357.6250,1713675.0000,-32768,1047,-110
00:16:43,2004.34,26.87,6.22,3276.70,0.00,26.2961,26.2235,26.1162,25.9994,38369980,1426061,1721559,38354456.0000,1426332.0000,1714296.5000,-32768,1047,-110
00:16:45,2004.34,26.88,6.22,3276.70,0.00,26.3387,26.2305,26.1237,25.9994,38376123,1425918,1721559,38356448.0000,1426301.1250,1714971.6250,-32768,1047,-110
00:16:47,1998.91,26.89,6.22,3276.70,0.00,26.3497,26.2305,26.1237,26.0278,38377647,1426005,1721804,38357736.0000,1426286.2500,1715402.3750,-32768,1047,-110
00:16:48,2004.34,26.89,6.23,3276.70,0.00,26.3566,26.2479,26.1422,26.0278,38377023,1426034,1722035,38358960.0000,1426269.5000,1715810.8750,-32768,1047,-110
00:16:50,2004.34,26.90,6.23,3276.70,0.00,26.3637,26.2548,26.1493,26.0384,38379677,1425954,1723457,38359608.0000,1426259.6250,1716049.8750,-32768,1047,-110
00:16:52,2004.34,26.91,6.22,3276.70,0.00,26.3711,26.2548,26.1569,26.0384,38381901,1426102,1722571,38361564.0000,1426238.7500,1716662.3750,-32768,1047,-110
00:16:55,2004.34,26.92,6.22,3276.70,0.00,26.3821,26.2724,26.1680,26.0384,38381901,1425883,1722571,38363580.0000,1426238.7500,1716662.3750,-32768,1047,-110
00:16:56,1998.91,26.93,6.22,3276.70,0.00,26.3931,26.2830,26.1791,26.0671,38384878,1425898,1722576,38364876.0000,1426201.2500,1717629.3750,-32768,1047,-110
00:16:58,1998.91,26.93,6.24,3276.70,0.00,26.4004,26.2830,26.1867,26.0743,38386460,1426081,1724419,38366800.0000,1426186.7500,1717629.3750,-32768,1047,-110
00:17:01,2004.34,26.94,6.24,3276.70,0.00,26.4080,26.2830,26.1977,26.0743,38387436,1425800,1724419,38368680.0000,1426155.2500,1718707.8750,-32768,1047,-110
00:17:03,1998.91,26.95,6.24,3276.70,0.00,26.4228,26.3114,26.2093,26.0960,38389274,1425802,1724419,38369904.0000,1426133.2500,1718707.8750,-32768,1047,-110
00:17:07,2004.34,26.96,6.24,3276.70,0.00,26.4228,26.3221,26.2093,26.1105,38389274,1425792,1726214,38372444.0000,1426133.2500,1720274.5000,-32768,1047,-110
00:17:08,1998.91,26.98,6.24,3276.70,0.00,26.4490,26.3365,26.2355,26.1105,38392581,1425789,1726214,38374852.0000,1426058.2500,1720976.8750,-32768,1047,-110
00:17:12,1998.91,26.99,6.24,3276.70,0.00,26.4490,26.3473,26.2355,26.1362,38392581,1425784,1726214,38377472.0000,1426029.2500,1721860.0000,-32768,1047,-110
00:17:14,1998.91,27.00,6.24,3276.70,0.00,26.4748,26.3618,26.2622,26.1472,38399005,1425745,1729339,38378748.0000,1426012.8750,1722327.8750,-32768,1047,-110
00:17:16,2004.34,27.01,6.24,3276.70,0.00,26.4827,26.3691,26.2622,26.1584,38400294,1425739,1730073,38380672.0000,1425990.1250,1722327.8750,-32768,1047,-110
00:17:17,1998.91,27.02,6.25,3276.70,0.00,26.4899,26.3691,26.2622,26.1658,38401120,1425783,1732287,38381932.0000,1425977.5000,1723414.2500,-32768,1047,-110
00:17:20,1998.91,27.03,6.25,3276.70,0.00,26.4978,26.3837,26.2622,26.1695,38401120,1425683,1732287,38381932.0000,1425977.5000,1723414.2500,-32768,1047,-110
00:17:22,1998.91,27.04,6.25,3276.70,0.00,26.5090,26.3837,26.3009,26.1695,38406678,1425683,1731642,38385796.0000,1425933.7500,1724692.5000,-32768,1047,-110
00:17:24,1998.91,27.05,6.25,3276.70,0.00,26.5205,26.4057,26.3086,26.1919,38408457,1425777,1731687,38386504.0000,1425928.8750,1724911.0000,-32768,1047,-110
00:17:25,1998.91,27.06,6.25,3276.70,0.00,26.5282,26.4131,26.3200,26.2032,38408581,1425563,1729575,38388436.0000,1425903.3750,1725528.1250,-32768,1047,-110
00:17:27,1998.91,27.06,6.25,3276.70,0.00,26.5357,26.4131,26.3280,26.2107,38410569,1425749,1732949,38389724.0000,1425889.5000,1725970.0000,-32768,1047,-110
00:17:28,1998.91,27.07,6.25,3276.70,0.00,26.5436,26.4279,26.3321,26.2145,38412260,1425643,1733133,38390428.0000,1425881.7500,1726193.8750,-32768,1047,-110
00:17:29,2004.34,27.08,6.25,3276.70,0.00,26.5479,26.4316,26.3359,26.2182,38411435,1425506,1734574,38391084.0000,1425870.0000,1726455.7500,-32768,1047,-110
00:17:32,1998.91,27.08,6.25,3276.70,0.00,26.5479,26.4428,26.3475,26.2296,38413088,1425585,1734574,38393732.0000,1425835.1250,1727172.7500,-32768,1047,-110
00:17:34,2004.34,27.09,6.25,3276.70,0.00,26.5479,26.4540,26.3475,26.2448,38413088,1425438,1734588,38395648.0000,1425794.0000,1728231.0000,-32768,1047,-110
00:17:37,1998.91,27.09,6.25,3276.70,0.00,26.5825,26.4540,26.3713,26.2448,38416995,1425361,1731971,38397504.0000,1425756.8750,1728769.0000,-32768,1047,-110
00:17:39,1998.91,27.12,6.25,3276.70,0.00,26.5901,26.4728,26.3792,26.2448,38418294,1425408,1731971,38399332.0000,1425723.0000,1729382.0000,-32768,1047,-110
00:17:41,1998.91,27.13,6.25,3276.70,0.00,26.5901,26.4879,26.3792,26.2754,38418294,1425553,1730360,38401184.0000,1425703.8750,1729685.3750,-32768,1047,-110
00:17:44,1998.91,27.15,6.25,3276.70,0.00,26.6139,26.4879,26.4070,26.2754,38422677,1425303,1736801,38402488.0000,1425680.5000,1730112.1250,-32768,1047,-110
00:17:46,1998.91,27.15,6.25,3276.70,0.00,26.6255,26.5069,26.4151,26.2947,38425381,1425345,1745383,38404444.0000,1425680.5000,1731310.3750,-32768,1047,-110
00:17:48,1998.91,27.17,6.25,3276.70,0.00,26.6255,26.5222,26.4311,26.3102,38425911,1425258,1738591,38406344.0000,1425618.7500,1732001.7500,-32768,1047,-110
00:17:51,1998.91,27.18,6.25,3276.70,0.00,26.6255,26.5337,26.4432,26.3219,38425911,1425268,1739853,38408992.0000,1425573.7500,1733031.2500,-32768,1047,-110
00:17:52,1998.91,27.19,6.25,3276.70,0.00,26.6577,26.5414,26.4432,26.3219,38430002,1425165,1739848,38409648.0000,1425561.0000,1733244.2500,-32768,1047,-110
00:17:53,1998.91,27.20,6.25,3276.70,0.00,26.6656,26.5453,26.4549,26.3219,38430439,1425541,1733042,38410944.0000,1425555.8750,1733214.2500,-32768,1047,-110
00:17:55,1998.91,27.21,6.25,3276.70,0.00,26.6736,26.5530,26.4675,26.3453,38432299,1425187,1740960,38412220.0000,1425536.0000,1733674.6250,-32768,1047,-110
00:17:58,1998.91,27.21,6.25,3276.70,0.00,26.6736,26.5646,26.4675,26.3532,38432299,1425040,1740960,38412220.0000,1425536.0000,1734942.3750,-32768,1047,-110
00:18:00,1998.91,27.23,6.25,3276.70,0.00,26.6977,26.5763,26.4881,26.3532,38436133,1425099,1743518,38415956.0000,1425456.2500,1735438.5000,-32768,1047,-110
00:18:01,1998.91,27.24,6.25,3276.70,0.00,26.7059,26.5841,26.4962,26.3532,38437099,1424916,1746888,38417256.0000,1425424.0000,1736176.7500,-32768,1047,-110
00:18:04,1998.91,27.24,6.26,3276.70,0.00,26.7059,26.5959,26.4962,26.3889,38437099,1425082,1743784,38419200.0000,1425424.0000,1736830.5000,-32768,1047,-110
00:18:07,1998.91,27.27,6.26,3276.70,0.00,26.7059,26.6116,26.4962,26.4048,38437099,1424903,1743382,38421624.0000,1425343.2500,1737291.8750,-32768,1047,-110
00:18:10,2004.34,27.28,6.26,3276.70,0.00,26.7059,26.6235,26.4962,26.4168,38437099,1425102,1744634,38424244.0000,1425319.7500,1737907.8750,-32768,1047,-110
00:18:11,1998.91,27.29,6.25,3276.70,0.00,26.7590,26.6354,26.5500,26.4249,38445349,1425108,1746476,38424904.0000,1425313.2500,1738175.6250,-32768,1047,-110
00:18:14,1998.91,27.30,6.25,3276.70,0.00,26.7672,26.6354,26.5623,26.4249,38448430,1424963,1750630,38426912.0000,1425313.2500,1739416.5000,-32768,1047,-110
00:18:15,1998.91,27.31,6.26,3276.70,0.00,26.7795,26.6553,26.5708,26.4450,38449274,1424944,1747275,38428256.0000,1425268.0000,1739662.1250,-32768,1047,-110
00:18:16,1998.91,27.32,6.26,3276.70,0.00,26.7838,26.6593,26.5748,26.4490,38450665,1424863,1747773,38428956.0000,1425255.3750,1739915.6250,-32768,1047,-110
00:18:17,1998.91,27.32,6.26,3276.70,0.00,26.7880,26.6633,26.5790,26.4531,38450270,1424691,1752660,38430292.0000,1425220.3750,1740736.0000,-32768,1047,-110
00:18:18,1998.91,27.32,6.26,3276.70,0.00,26.7963,26.6713,26.5875,26.4612,38450675,1424835,1748384,38430928.0000,1425220.3750,1740975.0000,-32768,1047,-110
00:18:20,1998.91,27.33,6.26,3276.70,0.00,26.8045,26.6793,26.5964,26.4693,38453876,1424897,1747967,38432304.0000,1425220.3750,1740975.0000,-32768,1047,-110
00:18:24,1998.91,27.34,6.26,3276.70,0.00,26.8045,26.6914,26.5964,26.4816,38453876,1424712,1749453,38435068.0000,1425152.2500,1741972.1250,-32768,1047,-110
00:18:25,1998.91,27.36,6.26,3276.70,0.00,26.8297,26.7035,26.6214,26.4939,38454765,1424909,1744003,38436296.0000,1425133.1250,1742386.5000,-32768,1047,-110
00:18:27,1998.91,27.37,6.26,3276.70,0.00,26.8382,26.7116,26.6301,26.5021,38457671,1424878,1744003,38438252.0000,1425109.7500,1742914.0000,-32768,1047,-110
00:18:28,1998.91,27.38,6.26,3276.70,0.00,26.8467,26.7198,26.6391,26.5104,38460276,1424765,1751566,38438940.0000,1425099.0000,1743184.3750,-32768,1047,-110
00:18:29,1998.91,27.38,6.26,3276.70,0.00,26.8507,26.7238,26.6432,26.5145,38459820,1424603,1758833,38439592.0000,1425083.5000,1743673.3750,-32768,1047,-110
00:18:31,1998.91,27.39,6.26,3276.70,0.00,26.8507,26.7320,26.6432,26.5269,38462060,1424805,1750991,38441544.0000,1425054.0000,1744543.1250,-32768,1047,-110
00:18:33,1998.91,27.40,6.26,3276.70,0.00,26.8507,26.7443,26.6647,26.5352,38462962,1424567,1759148,38441544.0000,1425016.1250,1745596.0000,-32768,1047,-110
00:18:36,1998.91,27.41,6.26,3276.70,0.00,26.8507,26.7567,26.6647,26.5519,38465987,1424653,1752916,38441544.0000,1425016.1250,1746266.1250,-32768,1047,-110
00:18:38,1998.91,27.43,6.26,3276.70,0.00,26.8980,26.7691,26.6909,26.5602,38466753,1424634,1749469,38446840.0000,1425016.1250,1746266.1250,-32768,1047,-110
00:18:40,1993.48,27.43,6.27,3276.70,0.00,26.9067,26.7691,26.6909,26.5686,38466753,1424475,1749469,38449636.0000,1424923.6250,1747179.2500,-32768,1047,-110
00:18:43,1998.91,27.45,6.27,3276.70,0.00,26.9157,26.7899,26.6909,26.5813,38466753,1424561,1755912,38449636.0000,1424890.3750,1747806.0000,-32768,1047,-110
00:18:44,1998.91,27.47,6.27,3276.70,0.00,26.9286,26.7982,26.7212,26.5897,38470499,1424581,1755912,38449636.0000,1424890.3750,1747806.0000,-32768,1047,-110
00:18:47,1998.91,27.48,6.27,3276.70,0.00,26.9286,26.8150,26.7212,26.6109,38476583,1424508,1757347,38455004.0000,1424837.0000,1749283.5000,-32768,1047,-110
00:18:49,1998.91,27.49,6.25,3276.70,0.00,26.9550,26.8234,26.7212,26.6194,38476583,1424508,1767271,38456292.0000,1424790.8750,1750599.7500,-32768,1047,-110
00:18:51,1998.91,27.50,6.27,3276.70,0.00,26.9636,26.8319,26.7212,26.6280,38476583,1424407,1759076,38458316.0000,1424766.6250,1751126.8750,-32768,1047,-110
00:18:54,1998.91,27.51,6.27,3276.70,0.00,26.9770,26.8319,26.7748,26.6280,38480876,1424264,1758732,38460368.0000,1424730.5000,1751126.8750,-32768,1047,-110
00:18:57,1993.48,27.53,6.27,3276.70,0.00,26.9770,26.8618,26.7748,26.6581,38480876,1424445,1754366,38462992.0000,1424678.2500,1752563.1250,-32768,1047,-110
00:19:00,1998.91,27.54,6.27,3276.70,0.00,27.0132,26.8789,26.7748,26.6754,38480876,1424374,1761933,38464984.0000,1424651.3750,1753196.2500,-32768,1047,-110
00:19:02,1998.91,27.54,6.27,3276.70,0.00,27.0267,26.8919,26.8204,26.6842,38489359,1424254,1764860,38467088.0000,1424651.3750,1753196.2500,-32768,1047,-110
00:19:03,1993.48,27.57,6.27,3276.70,0.00,27.0360,26.9005,26.8293,26.6929,38489038,1424314,1764860,38468448.0000,1424593.6250,1753196.2500,-32768,1047,-110
00:19:05,1998.91,27.58,6.27,3276.70,0.00,27.0449,26.9005,26.8432,26.6929,38492365,1424209,1765827,38470456.0000,1424562.2500,1755529.6250,-32768,1047,-110
00:19:07,1998.91,27.60,6.27,3276.70,0.00,27.0589,26.9224,26.8524,26.7149,38491020,1424186,1764183,38470456.0000,1424550.5000,1756054.2500,-32768,1047,-110
00:19:09,1993.48,27.60,6.27,3276.70,0.00,27.0680,26.9312,26.8524,26.7149,38492590,1424111,1764183,38472972.0000,1424550.5000,1756764.7500,-32768,1047,-110
00:19:11,1993.48,27.62,6.27,3276.70,0.00,27.0818,26.9444,26.8760,26.7371,38497534,1424018,1765666,38474992.0000,1424470.3750,1757315.5000,-32768,1047,-110
00:19:14,1998.91,27.63,6.27,3276.70,0.00,27.0818,26.9577,26.8760,26.7506,38497534,1424084,1764975,38477044.0000,1424433.2500,1758028.8750,-32768,1047,-110
00:19:16,1998.91,27.64,6.26,3276.70,0.00,27.1100,26.9577,26.9051,26.7506,38500471,1424031,1766759,38479208.0000,1424433.2500,1759091.2500,-32768,1047,-110
00:19:17,1998.91,27.66,6.27,3276.70,0.00,27.1193,26.9845,26.9198,26.7778,38500979,1424060,1768570,38480548.0000,1424375.6250,1759387.5000,-32768,1047,-110
00:19:19,1993.48,27.67,6.27,3276.70,0.00,27.1288,26.9890,26.9198,26.7778,38503716,1424087,1768057,38481272.0000,1424375.6250,1759387.5000,-32768,1047,-110
00:19:21,1998.91,27.68,6.26,3276.70,0.00,27.1288,27.0025,26.9391,26.7962,38505400,1423990,1768057,38484008.0000,1424323.6250,1760741.8750,-32768,1047,-110
00:19:23,1998.91,27.69,6.26,3276.70,0.00,27.1528,27.0116,26.9539,26.8100,38506082,1423939,1770148,38485372.0000,1424299.7500,1761302.6250,-32768,1047,-110
00:19:26,1998.91,27.69,6.27,3276.70,0.00,27.1528,27.0252,26.9539,26.8193,38506082,1423977,1770901,38487480.0000,1424269.6250,1762150.3750,-32768,1047,-110
00:19:28,1993.48,27.72,6.27,3276.70,0.00,27.1528,27.0435,26.9539,26.8426,38510186,1423821,1771476,38490084.0000,1424229.7500,1763190.5000,-32768,1047,-110
00:19:30,1993.48,27.73,6.27,3276.70,0.00,27.1960,27.0527,26.9931,26.8473,38510352,1423789,1771955,38490716.0000,1424216.0000,1763464.5000,-32768,1047,-110
00:19:32,1993.48,27.74,6.27,3276.70,0.00,27.2054,27.0619,27.0034,26.8567,38511818,1423784,1773168,38492036.0000,1424187.3750,1764025.0000,-32768,1047,-110
00:19:33,1998.91,27.74,6.26,3276.70,0.00,27.2054,27.0712,27.0034,26.8709,38515840,1423680,1773911,38494128.0000,1424147.7500,1764912.7500,-32768,1047,-110
00:19:36,1993.48,27.76,6.26,3276.70,0.00,27.2054,27.0851,27.0034,26.8851,38517955,1423657,1775232,38496272.0000,1424103.2500,1765822.0000,-32768,1047,-110
00:19:38,1998.91,27.77,6.26,3276.70,0.00,27.2392,27.0944,27.0034,26.8899,38517955,1423737,1775293,38497672.0000,1424081.2500,1766394.0000,-32768,1047,-110
00:19:39,1998.91,27.78,6.26,3276.70,0.00,27.2493,27.1037,27.0481,26.8994,38521599,1423737,1775251,38499176.0000,1424052.3750,1766928.7500,-32768,1047,-110
00:19:40,1993.48,27.79,6.26,3276.70,0.00,27.2589,27.1131,27.0584,26.9090,38522349,1423652,1775657,38500612.0000,1424026.1250,1767457.0000,-32768,1047,-110
00:19:42,1993.48,27.80,6.26,3276.70,0.00,27.2689,27.1225,27.0683,26.9186,38522047,1423599,1775665,38501280.0000,1424012.7500,1767713.5000,-32768,1047,-110
00:19:45,1993.48,27.82,6.26,3276.70,0.00,27.2689,27.1225,27.0839,26.9186,38525313,1423599,1775665,38503996.0000,1423959.3750,1768786.5000,-32768,1047,-110
00:19:47,1993.48,27.83,6.26,3276.70,0.00,27.2689,27.1509,27.0839,26.9526,38527618,1423566,1778911,38506040.0000,1423919.8750,1769669.0000,-32768,1047,-110
00:19:49,1998.91,27.84,6.26,3276.70,0.00,27.3085,27.1604,27.1096,26.9575,38528892,1423600,1778904,38506756.0000,1423909.8750,1769669.0000,-32768,1047,-110
00:19:50,1993.48,27.85,6.26,3276.70,0.00,27.3188,27.1700,27.1201,26.9673,38530509,1423498,1779079,38508148.0000,1423869.0000,1771001.0000,-32768,1047,-110
00:19:52,1993.48,27.86,6.26,3276.70,0.00,27.3288,27.1700,27.1358,26.9673,38533233,1423294,1781591,38510500.0000,1423828.6250,1771819.8750,-32768,1047,-110
00:19:54,1993.48,27.87,6.26,3276.70,0.00,27.3288,27.1989,27.1520,26.9970,38533476,1423469,1774637,38512620.0000,1423785.3750,1772402.8750,-32768,1047,-110
00:19:56,1993.48,27.88,6.26,3276.70,0.00,27.3548,27.1989,27.1520,27.0020,38533476,1423362,1774637,38512620.0000,1423747.7500,1773104.1250,-32768,1047,-110
00:19:57,1998.91,27.88,6.26,3276.70,0.00,27.3655,27.2134,27.1738,27.0170,38537348,1423316,1781551,38515376.0000,1423734.2500,1773368.1250,-32768,1047,-110
00:19:59,1998.91,27.91,6.26,3276.70,0.00,27.3759,27.2232,27.1791,27.0221,38539713,1423351,1781551,38516136.0000,1423711.2500,1774026.5000,-32768,1047,-110
00:20:01,1998.91,27.91,6.26,3276.70,0.00,27.3867,27.2331,27.1903,27.0322,38539286,1423351,1783839,38518240.0000,1423693.2500,1774026.5000,-32768,1047,-110
00:20:03,1998.91,27.93,6.26,3276.70,0.00,27.3867,27.2480,27.1903,27.0528,38543888,1423113,1791227,38520512.0000,1423641.1250,1775854.3750,-32768,1047,-110
00:20:06,1993.48,27.94,6.26,3276.70,0.00,27.3867,27.2630,27.1903,27.0683,38546143,1423289,1784813,38522752.0000,1423641.1250,1776758.3750,-32768,1047,-110
00:20:09,1993.48,27.96,6.26,3276.70,0.00,27.4366,27.2782,27.2418,27.0788,38547314,1423289,1787491,38525020.0000,1423590.0000,1776758.3750,-32768,1047,-110
00:20:11,1998.91,27.97,6.26,3276.70,0.00,27.4534,27.2936,27.2418,27.0998,38547314,1423297,1785880,38525020.0000,1423546.6250,1778276.0000,-32768,1047,-110
00:20:15,1993.48,27.99,6.26,3276.70,0.00,27.4534,27.3143,27.2418,27.1212,38547314,1423297,1796455,38531056.0000,1423492.2500,1778276.0000,-32768,1047,-110
00:20:17,1993.48,27.99,6.25,3276.70,0.00,27.4989,27.3143,27.3051,27.1212,38557079,1423124,1791117,38533280.0000,1423451.2500,1781034.2500,-32768,1047,-110
00:20:20,1993.48,28.02,6.25,3276.70,0.00,27.5155,27.3143,27.3218,27.1212,38558043,1423124,1791117,38536320.0000,1423407.2500,1782254.0000,-32768,1047,-110
00:20:22,1993.48,28.04,6.25,3276.70,0.00,27.5272,27.3617,27.3218,27.1698,38558043,1423006,1792959,38536320.0000,1423384.8750,1782254.0000,-32768,1047,-110
00:20:23,1993.48,28.06,6.25,3276.70,0.00,27.5507,27.3831,27.3564,27.1862,38563463,1423195,1783869,38539452.0000,1423372.3750,1783011.1250,-32768,1047,-110
00:20:25,1993.48,28.06,6.25,3276.70,0.00,27.5565,27.3885,27.3616,27.1916,38563092,1422996,1793339,38540192.0000,1423372.3750,1783011.1250,-32768,1047,-110
00:20:26,1993.48,28.07,6.25,3276.70,0.00,27.5672,27.3993,27.3732,27.2026,38565514,1423067,1794467,38541704.0000,1423341.6250,1783989.7500,-32768,1047,-110
00:20:29,1993.48,28.08,6.25,3276.70,0.00,27.5672,27.4155,27.3905,27.2191,38568412,1422926,1794603,38541704.0000,1423292.7500,1783989.7500,-32768,1047,-110
00:20:30,1993.48,28.10,6.25,3276.70,0.00,27.5962,27.4265,27.4020,27.2301,38571224,1422964,1795908,38545696.0000,1423282.5000,1785948.0000,-32768,1047,-110
00:20:31,1993.48,28.10,6.25,3276.70,0.00,27.6019,27.4320,27.4079,27.2357,38571224,1422964,1804092,38547272.0000,1423244.8750,1786976.7500,-32768,1047,-110
00:20:34,1993.48,28.12,6.25,3276.70,0.00,27.6187,27.4484,27.4252,27.2523,38573539,1422964,1797574,38548840.0000,1423222.3750,1786976.7500,-32768,1047,-110
00:20:34,1993.48,28.13,6.25,3276.70,0.00,27.6295,27.4593,27.4356,27.2634,38575015,1422924,1791689,38550460.0000,1423207.3750,1788044.2500,-32768,1047,-110
00:20:36,1993.48,28.14,6.25,3276.70,0.00,27.6352,27.4648,27.4411,27.2689,38574489,1422815,1790923,38551212.0000,1423207.3750,1788464.2500,-32768,1047,-110
00:20:38,1993.48,28.14,6.25,3276.70,0.00,27.6518,27.4812,27.4566,27.2855,38577700,1422783,1799494,38553624.0000,1423156.2500,1789137.8750,-32768,1047,-110
00:20:40,2004.34,28.16,6.25,3276.70,0.00,27.6629,27.4921,27.4684,27.2965,38579996,1422862,1799390,38555272.0000,1423138.8750,1789725.5000,-32768,1047,-110
00:20:41,2009.78,28.16,6.25,3276.70,0.00,27.6691,27.4977,27.4746,27.3076,38579583,1422394,1800349,38556812.0000,1423100.1250,1790373.5000,-32768,1047,-110
00:20:43,2009.78,28.18,6.26,3276.70,0.00,27.6822,27.4977,27.4942,27.3076,38582229,1422307,1808330,38559148.0000,1423029.2500,1791878.3750,-32768,1047,-110
00:20:46,2009.78,28.20,6.25,3276.70,0.00,27.7019,27.4977,27.5132,27.3076,38587174,1422482,1803876,38560840.0000,1423029.2500,1792969.2500,-32768,1047,-110
00:20:48,2009.78,28.21,6.25,3276.70,0.00,27.7249,27.5484,27.5298,27.3530,38590514,1422548,1799409,38563456.0000,1422955.0000,1793388.7500,-32768,1047,-110
00:20:49,2004.34,28.22,6.25,3276.70,0.00,27.7304,27.5540,27.5354,27.3587,38589536,1422523,1804447,38563456.0000,1422924.5000,1794117.8750,-32768,1047,-110
00:20:53,2009.78,28.23,6.25,3276.70,0.00,27.7304,27.5767,27.5354,27.3812,38593967,1422457,1813910,38568472.0000,1422924.5000,1796036.5000,-32768,1047,-110
00:20:56,2009.78,28.25,6.24,3276.70,0.00,27.7304,27.5992,27.5354,27.4037,38593967,1422274,1813910,38568472.0000,1422777.2500,1797509.2500,-32768,1047,-110
00:20:58,2009.78,28.28,6.24,3276.70,0.00,27.7304,27.6215,27.5354,27.4315,38600968,1422227,1812937,38574944.0000,1422730.2500,1798643.7500,-32768,1047,-110
00:21:01,2009.78,28.29,6.24,3276.70,0.00,27.7304,27.6382,27.5354,27.4425,38602696,1422227,1810649,38577504.0000,1422691.8750,1798643.7500,-32768,1047,-110
00:21:03,2009.78,28.31,6.24,3276.70,0.00,27.8268,27.6548,27.6312,27.4591,38605685,1422222,1810649,38579144.0000,1422661.8750,1800260.1250,-32768,1047,-110
00:21:06,2009.78,28.32,6.24,3276.70,0.00,27.8427,27.6713,27.6482,27.4758,38607337,1422260,1810649,38579144.0000,1422661.8750,1801598.6250,-32768,1047,-110
00:21:08,2009.78,28.34,6.24,3276.70,0.00,27.8427,27.6879,27.6652,27.4924,38610061,1422303,1811762,38584104.0000,1422598.6250,1801598.6250,-32768,1047,-110
00:21:09,2009.78,28.35,6.24,3276.70,0.00,27.8703,27.6989,27.6759,27.5035,38612421,1422343,1813068,38585824.0000,1422582.0000,1802821.6250,-32768,1047,-110
00:21:11,2004.34,28.36,6.24,3276.70,0.00,27.8760,27.7044,27.6816,27.5091,38611501,1422297,1813068,38587424.0000,1422582.0000,1803583.1250,-32768,1047,-110
00:21:12,2009.78,28.37,6.24,3276.70,0.00,27.8870,27.7154,27.6923,27.5202,38614518,1422297,1813068,38589124.0000,1422545.1250,1804182.2500,-32768,1047,-110
00:21:14,2009.78,28.38,6.24,3276.70,0.00,27.9029,27.7319,27.7089,27.5368,38615947,1422004,1813068,38590740.0000,1422513.3750,1804858.5000,-32768,1047,-110
00:21:16,2004.34,28.39,6.24,3276.70,0.00,27.9029,27.7429,27.7089,27.5532,38619601,1422129,1817319,38593248.0000,1422476.8750,1805882.8750,-32768,1047,-110
00:21:19,2009.78,28.41,6.23,3276.70,0.00,27.9221,27.7537,27.7089,27.5641,38619601,1422113,1817319,38595768.0000,1422444.5000,1806860.2500,-32768,1047,-110
00:21:22,2009.78,28.42,6.23,3276.70,0.00,27.9221,27.7752,27.7089,27.5857,38619601,1422159,1819334,38599096.0000,1422444.5000,1808226.7500,-32768,1047,-110
00:21:23,2004.34,28.44,6.23,3276.70,0.00,27.9573,27.7912,27.7643,27.5964,38624984,1422095,1817825,38599904.0000,1422402.2500,1808526.6250,-32768,1047,-110
00:21:25,2004.34,28.45,6.23,3276.70,0.00,27.9618,27.7965,27.7690,27.6018,38625368,1421986,1818702,38601512.0000,1422402.2500,1809224.6250,-32768,1047,-110
00:21:28,2009.78,28.47,6.23,3276.70,0.00,27.9769,27.7965,27.7836,27.6018,38630359,1421986,1819816,38601512.0000,1422346.3750,1810504.0000,-32768,1047,-110
00:21:30,2004.34,28.49,6.23,3276.70,0.00,27.9769,27.8388,27.7836,27.6498,38633108,1422084,1824187,38608220.0000,1422316.1250,1811904.5000,-32768,1047,-110
00:21:33,2009.78,28.50,6.23,3276.70,0.00,28.0138,27.8388,27.8264,27.6605,38633583,1421902,1822543,38609776.0000,1422297.1250,1811904.5000,-32768,1047,-110
00:21:35,2009.78,28.51,6.23,3276.70,0.00,28.0281,27.8651,27.8367,27.6712,38636455,1421887,1823542,38611368.0000,1422297.1250,1811904.5000,-32768,1047,-110
00:21:36,2004.34,28.53,6.23,3276.70,0.00,28.0385,27.8756,27.8474,27.6818,38637454,1421919,1824020,38613852.0000,1422236.8750,1814132.1250,-32768,1047,-110
00:21:40,2004.34,28.53,6.23,3276.70,0.00,28.0489,27.8756,27.8627,27.6818,38641175,1421919,1822777,38613852.0000,1422236.8750,1814132.1250,-32768,1047,-110
00:21:41,2004.34,28.56,6.23,3276.70,0.00,28.0756,27.9123,27.8843,27.7190,38643938,1421728,1826611,38618728.0000,1422174.1250,1816073.1250,-32768,1047,-110
00:21:42,2004.34,28.57,6.22,3276.70,0.00,28.0861,27.9227,27.8948,27.7296,38646421,1422018,1824907,38620424.0000,1422163.2500,1816674.6250,-32768,1047,-110
00:21:43,2004.34,28.58,6.22,3276.70,0.00,28.0912,27.9280,27.9001,27.7349,38647624,1421940,1826597,38621272.0000,1422156.2500,1816984.7500,-32768,1047,-110
00:21:46,2004.34,28.59,6.23,3276.70,0.00,28.0964,27.9332,27.9054,27.7349,38649854,1421873,1826597,38622980.0000,1422156.2500,1817895.7500,-32768,1047,-110
00:21:47,2009.78,28.60,6.22,3276.70,0.00,28.1130,27.9490,27.9213,27.7562,38649714,1421778,1829373,38624616.0000,1422120.1250,1818254.3750,-32768,1047,-110
00:21:48,2004.34,28.60,6.22,3276.70,0.00,28.1185,27.9543,27.9270,27.7615,38651028,1421858,1829373,38626288.0000,1422103.3750,1818829.6250,-32768,1047,-110
00:21:51,2004.34,28.61,6.24,3276.70,0.00,28.1185,27.9702,27.9270,27.7828,38651028,1421835,1830850,38628712.0000,1422073.8750,1819849.2500,-32768,1047,-110
00:21:53,2004.34,28.63,6.22,3276.70,0.00,28.1520,27.9861,27.9607,27.7936,38656767,1421632,1830889,38630420.0000,1422073.8750,1820861.6250,-32768,1047,-110
00:21:55,2004.34,28.64,6.22,3276.70,0.00,28.1627,27.9968,27.9717,27.7936,38658412,1421744,1830931,38632912.0000,1422019.0000,1821554.0000,-32768,1047,-110
00:21:57,2004.34,28.64,6.22,3276.70,0.00,28.1799,28.0128,27.9882,27.7936,38660200,1421615,1832569,38634600.0000,1421996.7500,1822261.1250,-32768,1047,-110
00:22:00,2009.78,28.67,6.22,3276.70,0.00,28.1799,28.0289,27.9882,27.8421,38660200,1421657,1831101,38637968.0000,1421961.1250,1823589.2500,-32768,1047,-110
00:22:02,2004.34,28.69,6.22,3276.70,0.00,28.1799,28.0503,27.9882,27.8583,38667310,1421588,1835028,38640524.0000,1421928.7500,1824568.8750,-32768,1047,-110
00:22:05,2004.34,28.70,6.22,3276.70,0.00,28.2293,28.0503,27.9882,27.8692,38667310,1421572,1834950,38640524.0000,1421880.7500,1825874.8750,-32768,1047,-110
00:22:07,2009.78,28.72,6.22,3276.70,0.00,28.2293,28.0773,27.9882,27.8909,38673652,1421572,1835058,38646600.0000,1421855.5000,1826782.7500,-32768,1047,-110
00:22:10,2004.34,28.73,6.22,3276.70,0.00,28.2293,28.0989,27.9882,27.9072,38673652,1421553,1835058,38650232.0000,1421822.3750,1828151.3750,-32768,1047,-110
00:22:12,2004.34,28.76,6.22,3276.70,0.00,28.2842,28.1152,28.0932,27.9235,38680683,1421621,1835058,38652048.0000,1421806.1250,1828779.6250,-32768,1047,-110
00:22:15,2004.34,28.77,6.22,3276.70,0.00,28.3018,28.1316,28.0932,27.9399,38680683,1421562,1837784,38654668.0000,1421782.2500,1829730.1250,-32768,1047,-110
00:22:17,2004.34,28.79,6.21,3276.70,0.00,28.3018,28.1535,28.0932,27.9620,38684912,1421471,1842694,38657248.0000,1421751.7500,1830913.5000,-32768,1047,-110
00:22:19,2009.78,28.80,6.21,3276.70,0.00,28.3357,28.1645,28.1456,27.9730,38686971,1421422,1841754,38659036.0000,1421751.7500,1830913.5000,-32768,1047,-110
00:22:21,2004.34,28.81,6.21,3276.70,0.00,28.3472,28.1645,28.1571,27.9841,38687069,1421554,1842398,38660720.0000,1421721.5000,1832167.1250,-32768,1047,-110
00:22:23,2004.34,28.82,6.21,3276.70,0.00,28.3472,28.1922,28.1744,28.0009,38687069,1421280,1842398,38664200.0000,1421680.1250,1833589.2500,-32768,1047,-110
00:22:26,2004.34,28.85,6.20,3276.70,0.00,28.3766,28.2033,28.1861,28.0120,38692789,1421400,1842398,38664200.0000,1421665.1250,1834266.1250,-32768,1047,-110
00:22:28,2004.34,28.86,6.21,3276.70,0.00,28.3943,28.2033,28.2102,28.0120,38697120,1421254,1842398,38669600.0000,1421623.2500,1835902.6250,-32768,1047,-110
00:22:30,2004.34,28.88,6.22,3276.70,0.00,28.4172,28.2425,28.2277,28.0516,38700080,1421326,1847918,38671380.0000,1421602.5000,1836597.8750,-32768,1047,-110
00:22:31,2004.34,28.89,6.20,3276.70,0.00,28.4232,28.2481,28.2334,28.0572,38699538,1421567,1840419,38672260.0000,1421601.3750,1836717.2500,-32768,1047,-110
00:22:32,2004.34,28.90,6.20,3276.70,0.00,28.4289,28.2537,28.2385,28.0629,38699456,1421614,1842115,38673108.0000,1421601.7500,1836885.8750,-32768,1047,-110
00:22:33,2009.78,28.90,6.20,3276.70,0.00,28.4340,28.2594,28.2436,28.0685,38701454,1421288,1849627,38674848.0000,1421582.2500,1837613.3750,-32768,1047,-110
00:22:34,2004.34,28.91,6.20,3276.70,0.00,28.4445,28.2705,28.2538,28.0797,38703852,1421442,1849631,38675756.0000,1421577.8750,1837989.0000,-32768,1047,-110
00:22:37,2004.34,28.92,6.20,3276.70,0.00,28.4445,28.2873,28.2538,28.0964,38706558,1421185,1850530,38675756.0000,1421577.8750,1837989.0000,-32768,1047,-110
00:22:40,2009.78,28.94,6.20,3276.70,0.00,28.4743,28.2873,28.2883,28.0964,38708465,1420977,1861345,38681884.0000,1421493.6250,1840884.2500,-32768,1047,-110
00:22:42,2004.34,28.94,6.19,3276.70,0.00,28.4890,28.3201,28.2979,28.1291,38708465,1420977,1853293,38684416.0000,1421457.8750,1841905.7500,-32768,1047,-110
00:22:43,2004.34,28.97,6.19,3276.70,0.00,28.5000,28.3309,28.2979,28.1454,38711469,1420953,1854582,38686028.0000,1421423.6250,1842695.3750,-32768,1047,-110
00:22:46,2004.34,28.97,6.19,3276.70,0.00,28.5106,28.3309,28.2979,28.1562,38711469,1421142,1854530,38688508.0000,1421423.6250,1843686.6250,-32768,1047,-110
00:22:48,2004.34,29.00,6.19,3276.70,0.00,28.5106,28.3633,28.3389,28.1777,38716657,1421126,1854993,38690992.0000,1421378.0000,1844209.5000,-32768,1047,-110
00:22:51,2004.34,29.01,6.19,3276.70,0.00,28.5106,28.3792,28.3389,28.1884,38716657,1421262,1853667,38693520.0000,1421378.0000,1845470.0000,-32768,1047,-110
00:22:52,2004.34,29.03,6.19,3276.70,0.00,28.5610,28.3952,28.3693,28.2043,38720929,1421043,1857648,38695244.0000,1421345.0000,1845850.6250,-32768,1047,-110
00:22:54,2004.34,29.04,6.19,3276.70,0.00,28.5668,28.4005,28.3748,28.2096,38720778,1420987,1856855,38696040.0000,1421333.8750,1846194.5000,-32768,1047,-110
00:22:57,2004.34,29.04,6.19,3276.70,0.00,28.5668,28.4166,28.3748,28.2256,38720778,1421007,1858005,38699228.0000,1421333.8750,1846194.5000,-32768,1047,-110
00:22:59,2004.34,29.07,6.19,3276.70,0.00,28.5986,28.4166,28.4124,28.2256,38726861,1420856,1857750,38702468.0000,1421244.6250,1849274.8750,-32768,1047,-110
00:23:02,2004.34,29.08,6.19,3276.70,0.00,28.5986,28.4537,28.4264,28.2628,38729869,1421037,1859780,38704108.0000,1421229.5000,1849890.5000,-32768,1047,-110
00:23:04,2004.34,29.08,6.18,3276.70,0.00,28.6251,28.4640,28.4361,28.2733,38731151,1421037,1852466,38704108.0000,1421219.1250,1850606.0000,-32768,1047,-110
00:23:08,2004.34,29.11,6.18,3276.70,0.00,28.6251,28.4846,28.4361,28.2941,38731151,1421118,1852466,38704108.0000,1421219.1250,1850606.0000,-32768,1047,-110
00:23:09,2004.34,29.14,6.18,3276.70,0.00,28.6679,28.5055,28.4779,28.3150,38737573,1420869,1863464,38712444.0000,1421177.3750,1852764.2500,-32768,1047,-110
00:23:11,2004.34,29.15,6.18,3276.70,0.00,28.6733,28.5107,28.4830,28.3150,38738473,1420596,1872764,38714032.0000,1421147.8750,1853686.0000,-32768,1047,-110
00:23:12,2004.34,29.16,6.18,3276.70,0.00,28.6845,28.5212,28.4936,28.3307,38741291,1420700,1872009,38714884.0000,1421133.8750,1854258.6250,-32768,1047,-110
00:23:13,2004.34,29.17,6.18,3276.70,0.00,28.6896,28.5264,28.4987,28.3360,38740430,1420865,1865731,38716528.0000,1421117.0000,1854946.7500,-32768,1047,-110
00:23:14,2004.34,29.17,6.18,3276.70,0.00,28.7002,28.5369,28.5096,28.3464,38744128,1420865,1864591,38717392.0000,1421109.1250,1855248.1250,-32768,1047,-110
00:23:16,2004.34,29.18,6.18,3276.70,0.00,28.7052,28.5421,28.5148,28.3517,38744146,1420913,1864591,38719068.0000,1421095.1250,1855501.2500,-32768,1047,-110
00:23:18,2004.34,29.19,6.18,3276.70,0.00,28.7153,28.5526,28.5148,28.3674,38744146,1420815,1866578,38719068.0000,1421095.1250,1855501.2500,-32768,1047,-110
00:23:20,2004.34,29.20,6.18,3276.70,0.00,28.7309,28.5526,28.5148,28.3831,38750331,1421131,1863252,38723260.0000,1421070.3750,1856873.8750,-32768,1047,-110
00:23:22,2004.34,29.20,6.17,3276.70,0.00,28.7461,28.5839,28.5561,28.3936,38751680,1420783,1868697,38725764.0000,1421070.3750,1857858.1250,-32768,1047,-110
00:23:23,2004.34,29.23,6.17,3276.70,0.00,28.7561,28.5943,28.5651,28.3936,38752037,1420657,1876258,38727360.0000,1421024.8750,1859026.3750,-32768,1047,-110
00:23:24,2004.34,29.24,6.17,3276.70,0.00,28.7657,28.6047,28.5742,28.4143,38753641,1420624,1868694,38728180.0000,1421012.3750,1859328.3750,-32768,1047,-110
00:23:26,2004.34,29.24,6.17,3276.70,0.00,28.7710,28.6099,28.5793,28.4194,38753963,1420619,1868744,38728988.0000,1421012.3750,1859942.8750,-32768,1047,-110
00:23:29,2004.34,29.25,6.17,3276.70,0.00,28.7710,28.6253,28.5793,28.4398,38753963,1420560,1871570,38732260.0000,1420943.7500,1861169.8750,-32768,1047,-110
00:23:31,2004.34,29.27,6.17,3276.70,0.00,28.7914,28.6253,28.6082,28.4398,38762737,1420879,1862399,38734780.0000,1420927.5000,1861804.5000,-32768,1047,-110
00:23:33,2004.34,29.28,6.17,3276.70,0.00,28.8055,28.6253,28.6229,28.4398,38761448,1420533,1862399,38737236.0000,1420898.0000,1862476.3750,-32768,1047,-110
00:23:37,2004.34,29.30,6.17,3276.70,0.00,28.8055,28.6702,28.6229,28.4854,38765912,1420836,1872243,38737236.0000,1420898.0000,1863722.0000,-32768,1047,-110
00:23:38,2004.34,29.32,6.17,3276.70,0.00,28.8400,28.6702,28.6578,28.5006,38767805,1420573,1875668,38737236.0000,1420855.2500,1865047.2500,-32768,1047,-110
00:23:41,2004.34,29.32,6.17,3276.70,0.00,28.8400,28.7000,28.6578,28.5157,38767805,1420445,1875668,38745528.0000,1420807.7500,1866259.0000,-32768,1047,-110
00:23:44,2004.34,29.34,6.16,3276.70,0.00,28.8400,28.7197,28.6578,28.5354,38767805,1420564,1875668,38748744.0000,1420770.7500,1867097.1250,-32768,1047,-110
00:23:47,2004.34,29.37,6.16,3276.70,0.00,28.8891,28.7391,28.6994,28.5354,38767805,1420392,1875668,38748744.0000,1420736.1250,1868275.0000,-32768,1047,-110
00:23:48,2004.34,29.38,6.16,3276.70,0.00,28.8967,28.7487,28.7074,28.5595,38775879,1420493,1884609,38751972.0000,1420736.1250,1869104.3750,-32768,1047,-110
00:23:50,2004.34,29.39,6.16,3276.70,0.00,28.9004,28.7581,28.7167,28.5595,38777618,1420444,1877403,38753512.0000,1420710.8750,1869363.7500,-32768,1047,-110
00:23:52,2004.34,29.40,6.16,3276.70,0.00,28.9152,28.7675,28.7277,28.5785,38781759,1420444,1878165,38755968.0000,1420689.3750,1869363.7500,-32768,1047,-110
00:23:56,2004.34,29.42,6.16,3276.70,0.00,28.9152,28.7867,28.7277,28.6025,38781759,1420267,1878165,38760096.0000,1420689.3750,1871693.8750,-32768,1047,-110
00:23:57,2004.34,29.42,6.16,3276.70,0.00,28.9500,28.8010,28.7627,28.6121,38786823,1420363,1881516,38761776.0000,1420610.3750,1872259.8750,-32768,1047,-110
00:23:58,2004.34,29.45,6.16,3276.70,0.00,28.9594,28.8106,28.7734,28.6219,38787259,1420265,1881285,38762572.0000,1420599.6250,1872541.8750,-32768,1047,-110
00:24:00,2004.34,29.46,6.16,3276.70,0.00,28.9637,28.8106,28.7777,28.6219,38788350,1420350,1882139,38764164.0000,1420599.6250,1872541.8750,-32768,1047,-110
00:24:03,2004.34,29.47,6.15,3276.70,0.00,28.9637,28.8344,28.7777,28.6508,38788883,1420022,1883508,38766992.0000,1420529.3750,1874326.2500,-32768,1047,-110
00:24:05,2004.34,29.48,6.15,3276.70,0.00,28.9637,28.8486,28.7777,28.6602,38792279,1420218,1884246,38769248.0000,1420489.8750,1875162.8750,-32768,1047,-110
00:24:06,2004.34,29.50,6.16,3276.70,0.00,29.0008,28.8580,28.8158,28.6696,38793256,1420182,1885183,38769996.0000,1420480.2500,1875162.8750,-32768,1047,-110
00:24:08,2004.34,29.51,6.15,3276.70,0.00,29.0091,28.8627,28.8201,28.6743,38794390,1420118,1885183,38771524.0000,1420459.8750,1876111.0000,-32768,1047,-110
00:24:11,2004.34,29.52,6.15,3276.70,0.00,29.0091,28.8768,28.8201,28.6930,38794390,1419948,1887319,38773736.0000,1420396.3750,1877354.1250,-32768,1047,-110
00:24:13,2004.34,29.54,6.14,3276.70,0.00,29.0361,28.8768,28.8534,28.6930,38797389,1419987,1886343,38775840.0000,1420396.3750,1878186.5000,-32768,1047,-110
00:24:15,1998.91,29.55,6.15,3276.70,0.00,29.0479,28.9047,28.8618,28.7165,38797389,1420015,1887811,38777912.0000,1420339.3750,1878757.8750,-32768,1047,-110
00:24:16,2004.34,29.55,6.15,3276.70,0.00,29.0563,28.9138,28.8618,28.7304,38801504,1419948,1890377,38779352.0000,1420314.1250,1879408.3750,-32768,1047,-110
00:24:19,2004.34,29.57,6.16,3276.70,0.00,29.0563,28.9275,28.8846,28.7397,38802970,1419876,1888754,38780776.0000,1420292.0000,1880070.2500,-32768,1047,-110
00:24:20,2004.34,29.58,6.16,3276.70,0.00,29.0825,28.9368,28.8952,28.7397,38802970,1419788,1891865,38782872.0000,1420247.7500,1881008.1250,-32768,1047,-110
00:24:22,2004.34,29.59,6.16,3276.70,0.00,29.0937,28.9462,28.9056,28.7585,38807385,1419808,1892478,38783640.0000,1420234.0000,1881366.5000,-32768,1047,-110
00:24:24,1998.91,29.59,6.14,3276.70,0.00,29.1031,28.9462,28.9056,28.7727,38808337,1419834,1892035,38785744.0000,1420192.7500,1882262.5000,-32768,1047,-110
00:24:25,2004.34,29.61,6.14,3276.70,0.00,29.1177,28.9699,28.9299,28.7821,38811922,1419369,1899619,38787292.0000,1420148.8750,1883288.3750,-32768,1047,-110
00:24:27,1998.91,29.62,6.14,3276.70,0.00,29.1234,28.9747,28.9356,28.7821,38809683,1419616,1893144,38788640.0000,1420116.6250,1883836.6250,-32768,1047,-110
00:24:29,1971.76,29.63,6.14,3276.70,0.00,29.1371,28.9891,28.9356,28.8013,38812704,1419618,1898326,38790024.0000,1420085.6250,1884570.6250,-32768,1047,-110
00:24:32,1922.88,29.64,6.13,3276.70,0.00,29.1371,29.0027,28.9533,28.8150,38819561,1420663,1898326,38790024.0000,1420106.3750,1884570.6250,-32768,1047,-110
00:24:33,1901.16,29.66,6.09,3276.70,0.00,29.1346,29.0027,28.9533,28.8234,38817446,1421035,1901929,38794788.0000,1420182.5000,1886983.5000,-32768,1047,-110
00:24:34,1879.44,29.66,6.07,3276.70,0.00,29.1282,29.0181,28.9462,28.8311,38813381,1421311,1893222,38795368.0000,1420217.7500,1887178.5000,-32768,1047,-110
00:24:37,1841.43,29.66,6.05,3276.70,0.00,29.1203,29.0181,28.9373,28.8311,38806125,1421846,1893222,38796852.0000,1420400.6250,1887771.0000,-32768,1047,-110
00:24:39,1803.41,29.66,6.05,3276.70,0.00,29.1082,29.0324,28.9216,28.8457,38802772,1422258,1892881,38797036.0000,1420400.6250,1887771.0000,-32768,1047,-110
00:24:41,1770.83,29.67,5.97,3276.70,0.00,29.0951,29.0324,28.9070,28.8457,38795306,1423123,1887823,38797236.0000,1420734.3750,1888180.7500,-32768,1047,-110
00:24:43,1754.53,29.67,5.93,3276.70,0.00,29.0869,29.0415,28.8978,28.8546,38794070,1423162,1890892,38797136.0000,1420810.2500,1888180.7500,-32768,1047,-110
00:24:44,1721.95,29.66,5.92,3276.70,0.00,29.0869,29.0439,28.8978,28.8576,38788919,1423922,1882105,38796396.0000,1421062.8750,1888218.2500,-32768,1047,-110
00:24:46,1694.80,29.66,5.92,3276.70,0.00,29.0731,29.0457,28.8795,28.8590,38788472,1423922,1889676,38795936.0000,1421260.3750,1887997.7500,-32768,1047,-110
00:24:49,1651.35,29.66,5.86,3276.70,0.00,29.0659,29.0457,28.8743,28.8590,38784928,1424675,1880478,38794944.0000,1421260.3750,1887846.2500,-32768,1047,-110
00:24:51,1618.77,29.66,5.81,3276.70,0.00,29.0557,29.0457,28.8693,28.8590,38780800,1425294,1887293,38793744.0000,1421914.8750,1887487.0000,-32768,1047,-110
00:24:54,1575.32,29.66,5.77,3276.70,0.00,29.0530,29.0487,28.8639,28.8590,38779520,1425989,1887293,38792860.0000,1421914.8750,1887314.8750,-32768,1047,-110
00:24:55,1559.03,29.65,5.74,3276.70,0.00,29.0434,29.0484,28.8639,28.8607,38778002,1426306,1885984,38791544.0000,1422517.6250,1887249.2500,-32768,1047,-110
00:24:58,1515.59,29.65,5.74,3276.70,0.00,29.0434,29.0478,28.8504,28.8600,38777656,1426912,1892254,38791544.0000,1422909.7500,1887249.2500,-32768,1047,-110
00:24:59,1493.86,29.65,5.65,3276.70,0.00,29.0371,29.0468,28.8493,28.8590,38775997,1427254,1886146,38789388.0000,1423170.1250,1887386.3750,-32768,1047,-110
00:25:01,1472.14,29.65,5.64,3276.70,0.00,29.0355,29.0464,28.8480,28.8586,38775997,1427532,1886146,38787984.0000,1423571.1250,1887795.6250,-32768,1047,-110
00:25:04,1428.70,29.65,5.64,3276.70,0.00,29.0355,29.0447,28.8480,28.8572,38775997,1428490,1886261,38786656.0000,1423993.8750,1887581.3750,-32768,1047,-110
00:25:05,1417.83,29.65,5.56,3276.70,0.00,29.0327,29.0439,28.8468,28.8565,38775702,1428562,1891057,38786312.0000,1424136.6250,1887690.0000,-32768,1047,-110
00:25:06,1406.97,29.65,5.55,3276.70,0.00,29.0336,29.0435,28.8469,28.8562,38774958,1428664,1886234,38785564.0000,1424424.2500,1887795.1250,-32768,1047,-110
00:25:08,1379.82,29.65,5.53,3276.70,0.00,29.0357,29.0435,28.8469,28.8557,38774958,1429415,1885538,38784972.0000,1424721.1250,1887671.3750,-32768,1047,-110
00:25:09,1368.96,29.65,5.50,3276.70,0.00,29.0387,29.0426,28.8543,28.8554,38775375,1429533,1882994,38784424.0000,1425019.8750,1887396.3750,-32768,1047,-110
00:25:11,1358.10,29.65,5.48,3276.70,0.00,29.0403,29.0424,28.8571,28.8555,38776501,1429757,1886845,38784176.0000,1425167.8750,1887379.1250,-32768,1047,-110
00:25:12,1352.67,29.66,5.45,3276.70,0.00,29.0430,29.0424,28.8602,28.8558,38776423,1429941,1886789,38783680.0000,1425167.8750,1887341.1250,-32768,1047,-110
00:25:14,1385.25,29.66,5.44,3276.70,0.00,29.0430,29.0424,28.8701,28.8558,38777907,1430057,1877267,38783328.0000,1425868.5000,1886783.8750,-32768,1047,-110
00:25:17,1434.13,29.67,5.45,3276.70,0.00,29.0430,29.0452,28.8701,28.8604,38777907,1427738,1880055,38781240.0000,1426178.7500,1886409.5000,-32768,1047,-110
00:25:20,1466.71,29.68,5.48,3276.70,0.00,29.1186,29.0452,28.9532,28.8604,38777907,1426796,1880055,38780116.0000,1426234.2500,1886680.6250,-32768,1047,-110
00:25:22,1483.00,29.71,5.53,3276.70,0.00,29.1854,29.0636,29.0045,28.8782,38776677,1426226,1880055,38779872.0000,1426238.3750,1886942.3750,-32768,1047,-110
00:25:24,1510.16,29.72,5.54,3276.70,0.00,29.2191,29.0726,29.0045,28.8782,38790599,1425912,1894815,38780400.0000,1426217.3750,1886942.3750,-32768,1047,-110
00:25:25,1521.02,29.75,5.54,3276.70,0.00,29.2679,29.0889,29.0861,28.9041,38794073,1425475,1900331,38781164.0000,1426181.3750,1888358.8750,-32768,1047,-110
00:25:28,1597.05,29.76,5.54,3276.70,0.00,29.2679,29.1012,29.0861,28.9235,38808568,1425334,1902120,38783080.0000,1426181.3750,1889431.3750,-32768,1047,-110
00:25:31,1683.94,29.79,5.58,3276.70,0.00,29.2679,29.1223,29.1887,28.9235,38808568,1423891,1903891,38785564.0000,1425931.5000,1891101.1250,-32768,1047,-110
00:25:32,1716.52,29.83,5.58,3276.70,0.00,29.4113,29.1467,29.2279,28.9626,38831427,1423595,1916262,38789668.0000,1425712.7500,1892803.3750,-32768,1047,-110
00:25:34,1743.67,29.83,5.67,3276.70,0.00,29.4503,29.1647,29.2668,28.9807,38846501,1423124,1919841,38791444.0000,1425631.7500,1893648.2500,-32768,1047,-110
00:25:36,1797.98,29.85,5.67,3276.70,0.00,29.4503,29.1840,29.2668,29.0100,38846501,1423201,1918772,38800172.0000,1425349.1250,1896146.5000,-32768,1047,-110
00:25:39,1830.56,29.88,5.61,3276.70,0.00,29.5381,29.1840,29.3714,29.0100,38890459,1423368,1920867,38807896.0000,1425159.2500,1898328.5000,-32768,1047,-110
00:25:41,1863.15,29.90,5.60,3276.70,0.00,29.5838,29.2468,29.4019,29.0630,38898844,1423501,1920867,38810740.0000,1425107.3750,1899053.1250,-32768,1047,-110
00:25:43,1884.87,29.92,5.60,3276.70,0.00,29.6114,29.2688,29.4303,29.0963,38914809,1423823,1920867,38819672.0000,1424983.7500,1901017.7500,-32768,1047,-110
00:25:46,1960.90,29.94,5.60,3276.70,0.00,29.6114,29.3135,29.4303,29.1416,38925870,1423823,1920867,38832088.0000,1424861.0000,1903557.0000,-32768,1047,-110
00:25:48,2015.21,29.96,5.59,3276.70,0.00,29.6114,29.3479,29.5246,29.1647,38933920,1423262,1920867,38841300.0000,1424720.2500,1906051.0000,-32768,1047,-110
00:25:51,2069.51,29.98,5.59,3276.70,0.00,29.6114,29.3829,29.5246,29.2119,38933920,1423884,1934903,38854444.0000,1424590.8750,1909194.3750,-32768,1047,-110
00:25:53,2091.23,30.00,5.52,3276.70,0.00,29.6114,29.4185,29.5246,29.2478,38971778,1424364,1943789,38861496.0000,1424573.0000,1911119.7500,-32768,1047,-110
00:25:54,2096.67,30.02,5.50,3276.70,0.00,29.8095,29.4422,29.6296,29.2478,38980936,1425008,1939026,38868676.0000,1424587.1250,1913041.6250,-32768,1047,-110
00:25:57,2129.25,30.03,5.50,3276.70,0.00,29.8292,29.4657,29.6500,29.2478,38980936,1425826,1939026,38879776.0000,1424692.8750,1913041.6250,-32768,1047,-110
00:25:58,2129.25,30.05,5.44,3276.70,0.00,29.8556,29.5003,29.6761,29.3182,38995640,1426080,1950454,38883396.0000,1424736.2500,1913041.6250,-32768,1047,-110
00:26:00,2145.54,30.06,5.38,3276.70,0.00,29.8556,29.5337,29.6761,29.3182,39000485,1427328,1944218,38897056.0000,1424985.7500,1920094.3750,-32768,1047,-110
00:26:03,2167.26,30.06,5.30,3276.70,0.00,29.8902,29.5657,29.7084,29.3182,39002223,1428560,1946267,38906656.0000,1425271.6250,1922387.0000,-32768,1047,-110
00:26:04,2172.69,30.10,5.24,3276.70,0.00,29.8958,29.5861,29.7197,29.4043,39002223,1428785,1946601,38909716.0000,1425381.3750,1923143.6250,-32768,1047,-110
00:26:06,2194.42,30.11,5.24,3276.70,0.00,29.9141,29.6061,29.7321,29.4243,39003595,1429043,1946601,38918248.0000,1425712.0000,1924765.8750,-32768,1047,-110
00:26:09,2232.43,30.12,5.16,3276.70,0.00,29.9141,29.6354,29.7321,29.4535,39003595,1429687,1943740,38926152.0000,1426049.3750,1926625.2500,-32768,1047,-110
00:26:11,2227.00,30.14,5.17,3276.70,0.00,29.9568,29.6639,29.7763,29.4535,39003595,1430076,1943740,38933264.0000,1426417.5000,1926625.2500,-32768,1047,-110
00:26:13,2210.71,30.15,5.19,3276.70,0.00,29.9687,29.6824,29.7880,29.5007,39012680,1431032,1958561,38938008.0000,1426687.7500,1926625.2500,-32768,1047,-110
00:26:15,2178.13,30.15,5.17,3276.70,0.00,29.9774,29.7090,29.7972,29.5274,39024595,1432324,1958561,38945732.0000,1426687.7500,1932346.3750,-32768,1047,-110
00:26:17,2129.25,30.16,5.17,3276.70,0.00,29.9774,29.7331,29.7972,29.5591,39025082,1433743,1949947,38952760.0000,1427740.0000,1933928.5000,-32768,1047,-110
00:26:20,2096.67,30.16,5.04,3276.70,0.00,29.9774,29.7537,29.7740,29.5725,39020211,1434039,1949947,38958884.0000,1428304.0000,1935430.6250,-32768,1047,-110
00:26:21,2080.37,30.17,5.04,3276.70,0.00,29.9334,29.7651,29.7561,29.5841,39004778,1433141,1940579,38961888.0000,1428616.1250,1935824.6250,-32768,1047,-110
00:26:24,2047.79,30.17,4.98,3276.70,0.00,29.9334,29.7782,29.7561,29.5979,39004778,1431694,1940579,38966388.0000,1429008.6250,1936907.1250,-32768,1047,-110
00:26:27,2015.21,30.17,4.98,3276.70,0.00,29.8716,29.7875,29.7561,29.6107,38989787,1431694,1942413,38968552.0000,1429192.5000,1937277.8750,-32768,1047,-110
00:26:29,1971.76,30.17,4.99,3276.70,0.00,29.8716,29.7952,29.6640,29.6164,38985797,1430814,1942413,38969608.0000,1429340.6250,1938166.7500,-32768,1047,-110
00:26:32,1912.02,30.17,4.99,3276.70,0.00,29.8716,29.7973,29.6640,29.6188,38985797,1430907,1942413,38970840.0000,1429525.5000,1938606.2500,-32768,1047,-110
00:26:36,1857.72,30.16,4.98,3276.70,0.00,29.8716,29.7959,29.6640,29.6172,38985797,1431445,1936758,38970480.0000,1429680.6250,1938753.7500,-32768,1047,-110
00:26:37,1835.99,30.14,4.98,3276.70,0.00,29.7447,29.7920,29.5575,29.6126,38961569,1431586,1932589,38970016.0000,1429797.3750,1938456.0000,-32768,1047,-110
00:26:38,1808.84,30.14,4.99,3276.70,0.00,29.7355,29.7902,29.5482,29.6106,38959325,1431498,1936794,38969680.0000,1429850.5000,1938404.0000,-32768,1047,-110
00:26:41,1776.26,30.14,4.99,3276.70,0.00,29.7136,29.7902,29.5256,29.6106,38952247,1432313,1926862,38967896.0000,1430097.8750,1937583.5000,-32768,1047,-110
00:26:42,1754.53,30.12,4.96,3276.70,0.00,29.6964,29.7786,29.5098,29.6106,38947666,1432279,1930661,38966728.0000,1430230.2500,1937124.2500,-32768,1047,-110
00:26:43,1738.24,30.11,4.97,3276.70,0.00,29.6805,29.7728,29.4968,29.5918,38946733,1432487,1930413,38966728.0000,1430230.2500,1936914.5000,-32768,1047,-110
00:26:46,1705.66,30.11,4.96,3276.70,0.00,29.6734,29.7728,29.4849,29.5918,38943046,1432861,1921245,38966728.0000,1430230.2500,1936914.5000,-32768,1047,-110
00:26:48,1694.80,30.08,4.96,3276.70,0.00,29.6509,29.7563,29.4689,29.5918,38939702,1432998,1928546,38962792.0000,1430675.6250,1935150.3750,-32768,1047,-110
00:26:50,1673.07,30.08,4.95,3276.70,0.00,29.6407,29.7563,29.4689,29.5649,38938061,1433203,1925973,38960660.0000,1430894.8750,1935150.3750,-32768,1047,-110
00:26:53,1667.64,30.07,4.95,3276.70,0.00,29.6339,29.7563,29.4537,29.5649,38940127,1433462,1926508,38958784.0000,1431116.8750,1934008.0000,-32768,1047,-110
00:26:55,1656.78,30.06,4.95,3276.70,0.00,29.6339,29.7260,29.4537,29.5421,38938646,1433462,1925441,38956384.0000,1431398.5000,1933140.0000,-32768,1047,-110
00:26:57,1651.35,30.06,4.96,3276.70,0.00,29.6255,29.7198,29.4489,29.5391,38941029,1433462,1925513,38955904.0000,1431463.0000,1932901.6250,-32768,1047,-110
00:26:59,1645.92,30.06,4.96,3276.70,0.00,29.6246,29.7198,29.4547,29.5391,38945639,1433718,1926034,38954484.0000,1431733.7500,1932074.5000,-32768,1047,-110
00:27:00,1645.92,30.06,4.97,3276.70,0.00,29.6331,29.7063,29.4612,29.5267,38944246,1433558,1923784,38953804.0000,1431841.5000,1931632.1250,-32768,1047,-110
00:27:03,1629.63,30.06,4.97,3276.70,0.00,29.6331,29.7000,29.4612,29.5212,38948288,1433508,1926475,38953344.0000,1431841.5000,1931234.1250,-32768,1047,-110
00:27:06,1607.91,30.06,4.97,3276.70,0.00,29.6437,29.7000,29.4766,29.5154,38952505,1434086,1928116,38953256.0000,1431841.5000,1931234.1250,-32768,1047,-110
00:27:08,1591.62,30.07,4.97,3276.70,0.00,29.6484,29.7000,29.4766,29.5122,38954737,1434490,1928992,38953316.0000,1432383.5000,1930538.6250,-32768,1047,-110
00:27:10,1575.32,30.08,4.96,3276.70,0.00,29.6499,29.6877,29.4811,29.5112,38954391,1434486,1925844,38953352.0000,1432383.5000,1930361.6250,-32768,1047,-110
00:27:13,1569.89,30.08,4.95,3276.70,0.00,29.6499,29.6842,29.4811,29.5075,38954391,1434641,1928297,38953420.0000,1432383.5000,1930361.6250,-32768,1047,-110
00:27:14,1575.32,30.08,4.95,3276.70,0.00,29.6506,29.6809,29.4819,29.5058,38948164,1434352,1926731,38953256.0000,1432817.1250,1930027.2500,-32768,1047,-110
00:27:17,1559.03,30.09,4.96,3276.70,0.00,29.6558,29.6809,29.4869,29.5058,38952229,1434249,1927333,38952956.0000,1432952.1250,1929810.0000,-32768,1047,-110
00:27:18,1548.17,30.09,4.95,3276.70,0.00,29.6625,29.6809,29.4933,29.5058,38958378,1434859,1929059,38953288.0000,1433101.5000,1929759.1250,-32768,1047,-110
00:27:20,1537.31,30.09,4.95,3276.70,0.00,29.6662,29.6763,29.4968,29.5025,38959221,1435013,1928930,38953712.0000,1433101.5000,1929690.2500,-32768,1047,-110
00:27:21,1531.88,30.10,4.95,3276.70,0.00,29.6670,29.6760,29.4997,29.5024,38956932,1434910,1931493,38953812.0000,1433271.7500,1929667.7500,-32768,1047,-110
00:27:22,1531.88,30.10,4.93,3276.70,0.00,29.6689,29.6756,29.5064,29.5025,38957318,1434894,1928852,38953992.0000,1433371.7500,1929642.2500,-32768,1047,-110
00:27:24,1526.45,30.11,4.93,3276.70,0.00,29.6749,29.6755,29.5100,29.5028,38957148,1434945,1929173,38954088.0000,1433420.8750,1929627.6250,-32768,1047,-110
00:27:26,1521.02,30.11,4.93,3276.70,0.00,29.6749,29.6761,29.5100,29.5040,38959651,1434971,1930951,38954556.0000,1433564.5000,1929682.0000,-32768,1047,-110
00:27:27,1510.16,30.11,4.93,3276.70,0.00,29.6904,29.6768,29.5259,29.5052,38962212,1434860,1931978,38954960.0000,1433644.1250,1929814.5000,-32768,1047,-110
00:27:29,1504.72,30.12,4.93,3276.70,0.00,29.6952,29.6779,29.5318,29.5068,38966020,1435217,1929176,38955604.0000,1433735.0000,1929833.1250,-32768,1047,-110
00:27:31,1499.29,30.12,4.92,3276.70,0.00,29.6974,29.6785,29.5318,29.5086,38966020,1435154,1930950,38956444.0000,1433866.6250,1929993.5000,-32768,1047,-110
00:27:33,1499.29,30.12,4.93,3276.70,0.00,29.7114,29.6817,29.5485,29.5119,38964146,1435118,1930059,38956892.0000,1433943.0000,1930042.8750,-32768,1047,-110
00:27:34,1499.29,30.13,4.93,3276.70,0.00,29.7161,29.6827,29.5522,29.5132,38964938,1435095,1933265,38957144.0000,1433979.0000,1930143.5000,-32768,1047,-110
00:27:35,1504.72,30.14,4.93,3276.70,0.00,29.7210,29.6839,29.5566,29.5145,38965371,1435101,1931782,38957400.0000,1434014.1250,1930194.7500,-32768,1047,-110
00:27:36,1504.72,30.14,4.93,3276.70,0.00,29.7258,29.6852,29.5612,29.5175,38966917,1434909,1932431,38957976.0000,1434072.5000,1930318.1250,-32768,1047,-110
00:27:37,1504.72,30.15,4.93,3276.70,0.00,29.7364,29.6881,29.5723,29.5192,38967326,1434881,1930591,38958264.0000,1434097.7500,1930326.6250,-32768,1047,-110
00:27:40,1537.31,30.15,4.95,3276.70,0.00,29.7484,29.6881,29.5896,29.5192,38969457,1434785,1935404,38959180.0000,1434164.0000,1930771.5000,-32768,1047,-110
00:27:42,1597.05,30.16,4.96,3276.70,0.00,29.7642,29.6958,29.5985,29.5192,38968514,1434049,1935404,38959180.0000,1434164.0000,1931146.8750,-32768,1047,-110
00:27:44,1613.34,30.19,5.02,3276.70,0.00,29.8175,29.7076,29.6513,29.5395,38960281,1432130,1935404,38959968.0000,1433963.5000,1931678.3750,-32768,1047,-110
00:27:47,1662.21,30.19,5.02,3276.70,0.00,29.8175,29.7205,29.6513,29.5523,38960281,1431448,1940591,38960712.0000,1433745.2500,1932333.2500,-32768,1047,-110
00:27:48,1673.07,30.21,5.02,3276.70,0.00,29.9130,29.7366,29.7416,29.5681,38982792,1431654,1943890,38961920.0000,1433615.1250,1933027.5000,-32768,1047,-110
00:27:50,1705.66,30.21,5.08,3276.70,0.00,29.9130,29.7366,29.7691,29.5864,38998075,1432063,1946657,38964728.0000,1433465.1250,1934154.5000,-32768,1047,-110
00:27:53,1754.53,30.23,5.08,3276.70,0.00,29.9664,29.7616,29.7691,29.5929,38998075,1431439,1946657,38967932.0000,1433291.8750,1934154.5000,-32768,1047,-110
00:27:55,1803.41,30.27,5.08,3276.70,0.00,30.0193,29.7900,29.8491,29.6210,39012693,1431233,1952086,38970528.0000,1433291.8750,1936434.3750,-32768,1047,-110
00:27:57,1863.15,30.29,5.08,3276.70,0.00,30.0468,29.8133,29.8912,29.6442,39025865,1431233,1955522,38975144.0000,1432974.0000,1938026.8750,-32768,1047,-110
00:27:59,1912.02,30.29,5.08,3276.70,0.00,30.0961,29.8301,29.9245,29.6609,39028343,1430077,1956019,38975144.0000,1432974.0000,1939733.2500,-32768,1047,-110
00:28:01,1922.88,30.32,5.11,3276.70,0.00,30.1127,29.8389,29.9579,29.6609,39038140,1429464,1959014,38981836.0000,1432603.2500,1940335.8750,-32768,1047,-110
00:28:02,1928.32,30.32,5.11,3276.70,0.00,30.1582,29.8666,29.9877,29.6971,39052874,1429836,1961505,38985952.0000,1432427.7500,1941593.2500,-32768,1047,-110
00:28:03,1939.18,30.35,5.10,3276.70,0.00,30.1709,29.8761,30.0009,29.7066,39057735,1430144,1963021,38988196.0000,1432356.3750,1942262.8750,-32768,1047,-110
00:28:05,1955.47,30.37,5.10,3276.70,0.00,30.1925,29.8953,30.0223,29.7257,39063344,1430618,1963021,38988196.0000,1432356.3750,1945017.7500,-32768,1047,-110
00:28:07,1977.19,30.38,5.10,3276.70,0.00,30.2183,29.9238,30.0462,29.7540,39057804,1430570,1966186,38998968.0000,1432089.3750,1945679.2500,-32768,1047,-110
00:28:09,1988.05,30.41,4.94,3276.70,0.00,30.2369,29.9427,30.0638,29.7728,39053074,1430436,1966700,39002404.0000,1431990.7500,1946937.7500,-32768,1047,-110
00:28:11,2004.34,30.43,4.91,3276.70,0.00,30.2369,29.9711,30.0638,29.8008,39049161,1430436,1966700,39008024.0000,1431839.0000,1949418.5000,-32768,1047,-110
00:28:13,2009.78,30.47,4.89,3276.70,0.00,30.2910,29.9994,30.1162,29.8287,39056387,1431951,1973002,39010880.0000,1431839.0000,1949418.5000,-32768,1047,-110
00:28:16,2009.78,30.47,4.87,3276.70,0.00,30.3051,29.9994,30.1377,29.8287,39063323,1432884,1971424,39015512.0000,1431907.1250,1952560.3750,-32768,1047,-110
00:28:18,1988.05,30.47,4.82,3276.70,0.00,30.3226,30.0452,30.1488,29.8287,39065476,1433170,1972384,39020004.0000,1432007.6250,1954439.8750,-32768,1047,-110
00:28:21,1988.05,30.54,4.78,3276.70,0.00,30.3226,30.0787,30.1488,29.9152,39068968,1433170,1973605,39025736.0000,1432220.0000,1956779.2500,-32768,1047,-110
00:28:23,2004.34,30.56,4.78,3276.70,0.00,30.3219,30.1008,30.1536,29.9299,39054415,1433075,1972715,39027808.0000,1432297.5000,1957823.6250,-32768,1047,-110
00:28:25,2009.78,30.57,4.78,3276.70,0.00,30.3219,30.1145,30.1536,29.9299,39031302,1431266,1969930,39028228.0000,1432229.2500,1959003.8750,-32768,1047,-110
00:28:27,2009.78,30.59,4.79,3276.70,0.00,30.3274,30.1275,30.1536,29.9634,39044913,1431646,1972736,39029080.0000,1432186.8750,1959936.3750,-32768,1047,-110
00:28:30,2009.78,30.60,4.79,3276.70,0.00,30.3274,30.1459,30.1536,29.9816,39044913,1431195,1974035,39029080.0000,1432090.6250,1961482.5000,-32768,1047,-110
00:28:34,2009.78,30.63,4.81,3276.70,0.00,30.3407,30.1687,30.1536,30.0042,39044913,1431055,1974035,39033216.0000,1431981.8750,1961482.5000,-32768,1047,-110
00:28:35,2009.78,30.65,4.82,3276.70,0.00,30.3525,30.1900,30.1822,30.0200,39048585,1431011,1973954,39034156.0000,1431923.8750,1963543.5000,-32768,1047,-110
00:28:38,2009.78,30.65,4.82,3276.70,0.00,30.3578,30.1900,30.1912,30.0200,39048630,1430742,1973954,39035976.0000,1431798.8750,1964871.1250,-32768,1047,-110
00:28:40,2009.78,30.67,4.82,3276.70,0.00,30.3578,30.2198,30.2031,30.0500,39048970,1430696,1975660,39036772.0000,1431734.2500,1965501.7500,-32768,1047,-110
00:28:41,1998.91,30.68,4.83,3276.70,0.00,30.3759,30.2293,30.2117,30.0598,39048470,1430410,1975274,39036772.0000,1431617.5000,1966425.5000,-32768,1047,-110
00:28:43,1971.76,30.69,4.83,3276.70,0.00,30.3796,30.2385,30.2143,30.0693,39051439,1430341,1975274,39038832.0000,1431547.8750,1967082.3750,-32768,1047,-110
00:28:45,1966.33,30.70,4.83,3276.70,0.00,30.3768,30.2470,30.2113,30.0822,39052756,1430341,1975274,39039756.0000,1431500.5000,1967570.0000,-32768,1047,-110
00:28:48,2004.34,30.71,4.83,3276.70,0.00,30.3718,30.2470,30.2071,30.0822,39042069,1430341,1974434,39040240.0000,1431348.1250,1968558.1250,-32768,1047,-110
00:28:50,2015.21,30.72,4.86,3276.70,0.00,30.3718,30.2688,30.2071,30.1042,39042069,1427903,1974649,39039300.0000,1431097.2500,1969086.2500,-32768,1047,-110
00:28:52,2020.64,30.74,4.89,3276.70,0.00,30.3850,30.2793,30.2229,30.1113,39022358,1427930,1973873,39038772.0000,1430998.3750,1969086.2500,-32768,1047,-110
00:28:55,1988.05,30.75,4.91,3276.70,0.00,30.3850,30.2866,30.2229,30.1222,39022358,1429167,1977282,39038772.0000,1430725.1250,1970072.8750,-32768,1047,-110
00:28:57,1982.62,30.77,4.91,3276.70,0.00,30.4129,30.2976,30.2229,30.1331,39022358,1429412,1977402,39039568.0000,1430617.0000,1970762.5000,-32768,1047,-110
00:28:59,1988.05,30.78,4.89,3276.70,0.00,30.4189,30.3084,30.2495,30.1331,39022358,1429203,1977051,39039660.0000,1430532.1250,1971220.3750,-32768,1047,-110
00:29:01,1998.91,30.79,4.89,3276.70,0.00,30.4315,30.3191,30.2635,30.1508,39038128,1429061,1977051,39039528.0000,1430398.7500,1971763.5000,-32768,1047,-110
00:29:03,1998.91,30.81,4.91,3276.70,0.00,30.4435,30.3265,30.2751,30.1582,39038128,1428552,1978270,39039248.0000,1430275.7500,1972221.0000,-32768,1047,-110
00:29:04,1998.91,30.82,4.91,3276.70,0.00,30.4559,30.3342,30.2885,30.1660,39033360,1428234,1979375,39039064.0000,1430211.8750,1972221.0000,-32768,1047,-110
00:29:06,1998.91,30.83,4.92,3276.70,0.00,30.4559,30.3459,30.2999,30.1660,39033360,1428409,1981549,39039584.0000,1429999.8750,1973468.1250,-32768,1047,-110
00:29:10,1998.91,30.84,4.92,3276.70,0.00,30.4559,30.3573,30.2999,30.1930,39047734,1428409,1981549,39039584.0000,1429999.8750,1974433.3750,-32768,1047,-110
00:29:12,1998.91,30.86,4.94,3276.70,0.00,30.4873,30.3573,30.2999,30.2079,39047533,1428423,1980924,39040996.0000,1429682.8750,1975078.7500,-32768,1047,-110
00:29:13,1998.91,30.86,4.95,3276.70,0.00,30.4927,30.3796,30.3248,30.2115,39049238,1428498,1979397,39041256.0000,1429645.8750,1975213.6250,-32768,1047,-110
00:29:15,1998.91,30.87,4.95,3276.70,0.00,30.4957,30.3832,30.3284,30.2151,39046251,1428310,1984896,39041408.0000,1429604.1250,1975759.8750,-32768,1047,-110
00:29:16,1998.91,30.88,4.95,3276.70,0.00,30.5002,30.3832,30.3370,30.2258,39050643,1428327,1983274,39042200.0000,1429488.0000,1976213.6250,-32768,1047,-110
00:29:17,1998.91,30.89,4.97,3276.70,0.00,30.5066,30.3973,30.3395,30.2293,39051462,1428554,1984495,39042488.0000,1429458.7500,1976472.3750,-32768,1047,-110
00:29:19,1993.48,30.90,4.97,3276.70,0.00,30.5100,30.3973,30.3457,30.2293,39052999,1428289,1983582,39043392.0000,1429354.2500,1977035.0000,-32768,1047,-110
00:29:22,1993.48,30.91,4.97,3276.70,0.00,30.5100,30.4150,30.3612,30.2472,39055211,1428056,1986933,39043392.0000,1429245.8750,1977735.7500,-32768,1047,-110
00:29:23,1998.91,30.93,4.98,3276.70,0.00,30.5362,30.4223,30.3712,30.2546,39055777,1428199,1985285,39044880.0000,1429213.2500,1977971.6250,-32768,1047,-110
00:29:25,1998.91,30.94,4.98,3276.70,0.00,30.5446,30.4334,30.3862,30.2661,39056736,1427961,1985513,39045864.0000,1429111.0000,1978696.3750,-32768,1047,-110
00:29:27,1998.91,30.94,4.98,3276.70,0.00,30.5446,30.4408,30.3862,30.2738,39059033,1428067,1987272,39047032.0000,1429010.0000,1979505.5000,-32768,1047,-110
00:29:29,2020.64,30.95,4.98,3276.70,0.00,30.5655,30.4483,30.4007,30.2814,39059112,1427944,1987272,39047700.0000,1428942.3750,1979696.0000,-32768,1047,-110
00:29:31,1998.91,30.97,4.98,3276.70,0.00,30.5759,30.4559,30.4120,30.2892,39059112,1427944,1987015,39047700.0000,1428942.3750,1980155.8750,-32768,1047,-110
00:29:34,1993.48,30.98,5.00,3276.70,0.00,30.5759,30.4678,30.4120,30.3052,39059112,1427944,1983712,39049532.0000,1428709.5000,1980715.3750,-32768,1047,-110
00:29:35,1993.48,31.00,5.00,3276.70,0.00,30.5965,30.4794,30.4317,30.3129,39062879,1428012,1989186,39049948.0000,1428687.6250,1980980.1250,-32768,1047,-110
00:29:37,1993.48,31.01,5.00,3276.70,0.00,30.6004,30.4832,30.4336,30.3129,39061600,1428012,2001457,39051056.0000,1428598.7500,1982167.7500,-32768,1047,-110
00:29:38,1993.48,31.02,5.00,3276.70,0.00,30.6057,30.4943,30.4420,30.3278,39061217,1427457,2000034,39051376.0000,1428598.7500,1982167.7500,-32768,1047,-110
00:29:40,1993.48,31.02,5.00,3276.70,0.00,30.6130,30.4943,30.4504,30.3278,39062064,1427690,1991329,39052324.0000,1428479.6250,1983439.5000,-32768,1047,-110
00:29:41,1993.48,31.03,5.01,3276.70,0.00,30.6229,30.5093,30.4604,30.3427,39063622,1427519,1986508,39052676.0000,1428479.6250,1983439.5000,-32768,1047,-110
00:29:42,1993.48,31.04,5.01,3276.70,0.00,30.6320,30.5131,30.4648,30.3465,39063679,1427405,1987911,39053020.0000,1428417.0000,1983672.1250,-32768,1047,-110
00:29:44,1993.48,31.04,5.01,3276.70,0.00,30.6360,30.5169,30.4686,30.3541,39064938,1427347,1992895,39053712.0000,1428417.0000,1983672.1250,-32768,1047,-110
00:29:46,1993.48,31.06,5.01,3276.70,0.00,30.6360,30.5325,30.4904,30.3660,39066603,1427559,1984673,39054840.0000,1428280.1250,1983672.1250,-32768,1047,-110
00:29:48,1993.48,31.07,5.01,3276.70,0.00,30.6651,30.5404,30.4904,30.3660,39068817,1427362,1993421,39055704.0000,1428224.0000,1984999.2500,-32768,1047,-110
00:29:49,1993.48,31.08,5.03,3276.70,0.00,30.6706,30.5445,30.5075,30.3782,39068752,1427394,1992808,39056112.0000,1428172.7500,1985625.7500,-32768,1047,-110
00:29:51,1993.48,31.09,5.03,3276.70,0.00,30.6812,30.5527,30.5075,30.3866,39068752,1427305,1995169,39057424.0000,1428121.1250,1986279.5000,-32768,1047,-110
00:29:53,2004.34,31.11,5.03,3276.70,0.00,30.6812,30.5527,30.5238,30.3866,39071675,1427284,1995169,39058712.0000,1428032.2500,1986279.5000,-32768,1047,-110
00:29:55,2004.34,31.12,5.04,3276.70,0.00,30.7030,30.5734,30.5350,30.3866,39072214,1427038,1996402,39059556.0000,1427964.1250,1988290.7500,-32768,1047,-110
00:29:58,1998.91,31.13,5.04,3276.70,0.00,30.7155,30.5859,30.5483,30.3866,39074960,1427034,1996402,39059556.0000,1427964.1250,1989701.1250,-32768,1047,-110
00:30:00,2004.34,31.15,5.04,3276.70,0.00,30.7283,30.5859,30.5655,30.3866,39079881,1426880,1998397,39062556.0000,1427964.1250,1989701.1250,-32768,1047,-110
00:30:02,2004.34,31.17,5.05,3276.70,0.00,30.7415,30.6110,30.5741,30.4445,39078681,1426980,1990230,39063608.0000,1427964.1250,1990544.8750,-32768,1047,-110
00:30:03,2004.34,31.17,5.06,3276.70,0.00,30.7520,30.6110,30.5863,30.4445,39081182,1426889,2001055,39065160.0000,1427652.0000,1991166.3750,-32768,1047,-110
00:30:06,2004.34,31.19,5.06,3276.70,0.00,30.7520,30.6327,30.5863,30.4710,39083776,1426955,1996464,39065160.0000,1427652.0000,1992035.5000,-32768,1047,-110
00:30:08,2004.34,31.20,5.05,3276.70,0.00,30.7901,30.6327,30.5863,30.4855,39088386,1426818,2001475,39068640.0000,1427514.2500,1992634.7500,-32768,1047,-110
00:30:10,2004.34,31.22,5.05,3276.70,0.00,30.8019,30.6557,30.6404,30.4903,39089821,1426717,2013396,39069300.0000,1427489.3750,1993283.6250,-32768,1047,-110
00:30:12,2004.34,31.23,5.06,3276.70,0.00,30.8141,30.6697,30.6500,30.5045,39091125,1426731,2013396,39071292.0000,1427420.1250,1994470.7500,-32768,1047,-110
00:30:15,2004.34,31.24,5.06,3276.70,0.00,30.8141,30.6789,30.6500,30.5184,39091125,1426684,2004735,39073944.0000,1427330.3750,1995533.2500,-32768,1047,-110
00:30:17,2004.34,31.26,5.06,3276.70,0.00,30.8454,30.6789,30.6944,30.5380,39097410,1427011,1997714,39076000.0000,1427275.1250,1996190.8750,-32768,1047,-110
00:30:18,2004.34,31.27,5.06,3276.70,0.00,30.8573,30.7072,30.6988,30.5430,39099188,1426943,2000622,39076724.0000,1427264.7500,1996329.3750,-32768,1047,-110
00:30:19,2004.34,31.28,5.08,3276.70,0.00,30.8624,30.7121,30.7027,30.5480,39101534,1426648,2007699,39078280.0000,1427224.0000,1997008.7500,-32768,1047,-110
00:30:21,2004.34,31.28,5.08,3276.70,0.00,30.8711,30.7217,30.7099,30.5578,39102950,1426625,2007699,39078280.0000,1427205.3750,1997364.2500,-32768,1047,-110
00:30:23,2004.34,31.30,5.09,3276.70,0.00,30.8786,30.7217,30.7247,30.5723,39105349,1426675,2009059,39078280.0000,1427152.5000,1998858.3750,-32768,1047,-110
00:30:26,2004.34,31.31,5.09,3276.70,0.00,30.8786,30.7503,30.7382,30.5870,39106937,1426304,2016821,39083720.0000,1427096.1250,1999996.1250,-32768,1047,-110
00:30:27,2004.34,31.33,5.09,3276.70,0.00,30.9105,30.7503,30.7382,30.5968,39109484,1426455,2010721,39085272.0000,1427052.0000,2000811.6250,-32768,1047,-110
00:30:29,2004.34,31.33,5.09,3276.70,0.00,30.9222,30.7697,30.7601,30.6067,39110776,1426493,2011149,39085272.0000,1427005.7500,2001526.6250,-32768,1047,-110
00:30:32,2004.34,31.34,5.09,3276.70,0.00,30.9358,30.7844,30.7707,30.6212,39115375,1426493,2013423,39085272.0000,1426968.8750,2002386.8750,-32768,1047,-110
00:30:35,2004.34,31.36,5.10,3276.70,0.00,30.9475,30.7844,30.7802,30.6212,39118077,1426493,2014150,39093488.0000,1426933.0000,2003248.3750,-32768,1047,-110
00:30:36,2004.34,31.37,5.10,3276.70,0.00,30.9570,30.8129,30.7881,30.6489,39118776,1426611,2013811,39094280.0000,1426923.0000,2003578.3750,-32768,1047,-110
00:30:38,2004.34,31.39,5.10,3276.70,0.00,30.9696,30.8266,30.8034,30.6623,39123340,1426434,2019977,39096848.0000,1426923.0000,2004925.1250,-32768,1047,-110
00:30:42,2004.34,31.40,5.10,3276.70,0.00,30.9783,30.8358,30.8034,30.6759,39123340,1426439,2015959,39099372.0000,1426923.0000,2006543.8750,-32768,1047,-110
00:30:42,2004.34,31.42,5.10,3276.70,0.00,30.9923,30.8494,30.8288,30.6850,39127769,1426347,2024146,39101948.0000,1426797.6250,2007388.7500,-32768,1047,-110
00:30:44,2004.34,31.42,5.10,3276.70,0.00,31.0050,30.8587,30.8410,30.6850,39129680,1426470,2024146,39103708.0000,1426775.6250,2007982.0000,-32768,1047,-110
00:30:46,2004.34,31.42,5.11,3276.70,0.00,31.0140,30.8682,30.8505,30.7038,39131447,1426602,2006726,39104576.0000,1426770.1250,2007942.7500,-32768,1047,-110
00:30:48,2004.34,31.44,5.11,3276.70,0.00,31.0264,30.8682,30.8617,30.7038,39134297,1426420,2019100,39107124.0000,1426770.1250,2007942.7500,-32768,1047,-110
00:30:51,2004.34,31.44,5.11,3276.70,0.00,31.0264,30.8973,30.8617,30.7329,39134297,1426446,2021866,39110812.0000,1426700.6250,2010042.3750,-32768,1047,-110
00:30:53,2004.34,31.47,5.11,3276.70,0.00,31.0667,30.9123,30.8617,30.7329,39141237,1426384,2021866,39113592.0000,1426671.8750,2011386.8750,-32768,1047,-110
00:30:54,2004.34,31.49,5.12,3276.70,0.00,31.0769,30.9222,30.8617,30.7583,39144100,1426379,2022578,39115456.0000,1426653.3750,2012277.3750,-32768,1047,-110
00:30:58,2004.34,31.49,5.12,3276.70,0.00,31.0769,30.9369,30.8617,30.7731,39144100,1426264,2022578,39118984.0000,1426608.1250,2013610.3750,-32768,1047,-110
00:31:00,2004.34,31.51,5.13,3276.70,0.00,31.0991,30.9369,30.9377,30.7731,39148517,1426427,2025096,39121652.0000,1426587.8750,2014593.0000,-32768,1047,-110
00:31:01,2004.34,31.52,5.13,3276.70,0.00,31.1062,30.9607,30.9441,30.8013,39149615,1426212,2024445,39122524.0000,1426576.1250,2014900.8750,-32768,1047,-110
00:31:02,2004.34,31.53,5.13,3276.70,0.00,31.1153,30.9607,30.9441,30.8059,39150661,1426282,2024612,39123404.0000,1426565.3750,2015509.8750,-32768,1047,-110
00:31:04,2004.34,31.54,5.13,3276.70,0.00,31.1231,30.9607,30.9441,30.8195,39154096,1426225,2026024,39126080.0000,1426549.5000,2016140.8750,-32768,1047,-110
00:31:07,2004.34,31.55,5.13,3276.70,0.00,31.1316,30.9607,30.9693,30.8195,39155310,1426173,2026784,39128644.0000,1426521.8750,2017005.2500,-32768,1047,-110
00:31:09,2004.34,31.57,5.14,3276.70,0.00,31.1423,31.0021,30.9693,30.8195,39156861,1426210,2026524,39130412.0000,1426502.6250,2017611.1250,-32768,1047,-110
00:31:10,2004.34,31.58,5.14,3276.70,0.00,31.1489,31.0109,30.9840,30.8508,39158113,1426214,2028943,39132068.0000,1426484.7500,2018250.8750,-32768,1047,-110
00:31:12,2004.34,31.59,5.14,3276.70,0.00,31.1489,31.0242,30.9997,30.8598,39157056,1426185,2029279,39133624.0000,1426467.1250,2018913.6250,-32768,1047,-110
00:31:14,2004.34,31.59,5.14,3276.70,0.00,31.1489,31.0374,30.9997,30.8730,39159599,1426101,2029848,39136692.0000,1426421.3750,2020132.1250,-32768,1047,-110
00:31:16,2004.34,31.61,5.14,3276.70,0.00,31.1782,31.0418,31.0153,30.8816,39162216,1426272,2030144,39136692.0000,1426416.7500,2020445.0000,-32768,1047,-110
00:31:17,2004.34,31.62,5.14,3276.70,0.00,31.1868,31.0505,31.0204,30.8859,39162907,1426089,2030884,39138284.0000,1426406.5000,2020771.2500,-32768,1047,-110
00:31:18,2004.34,31.62,5.14,3276.70,0.00,31.1905,31.0549,31.0243,30.8902,39163532,1426119,2030347,39139832.0000,1426386.6250,2020771.2500,-32768,1047,-110
00:31:20,2004.34,31.63,5.14,3276.70,0.00,31.1987,31.0636,31.0329,30.8902,39166096,1425861,2031648,39141408.0000,1426360.8750,2021922.7500,-32768,1047,-110
00:31:22,2004.34,31.64,5.14,3276.70,0.00,31.2073,31.0722,31.0329,30.9118,39166096,1425920,2031127,39143640.0000,1426321.8750,2022765.2500,-32768,1047,-110
00:31:25,2004.34,31.65,5.14,3276.70,0.00,31.2073,31.0894,31.0329,30.9287,39170374,1425958,2032936,39145880.0000,1426296.7500,2023625.6250,-32768,1047,-110
00:31:26,2004.34,31.67,5.14,3276.70,0.00,31.2355,31.1022,31.0682,30.9371,39172027,1425765,2032936,39148264.0000,1426250.1250,2024729.1250,-32768,1047,-110
00:31:28,2004.34,31.67,5.14,3276.70,0.00,31.2436,31.1108,31.0751,30.9455,39173410,1425697,2043049,39149048.0000,1426232.8750,2025301.6250,-32768,1047,-110
00:31:29,2004.34,31.67,5.15,3276.70,0.00,31.2466,31.1150,31.0789,30.9496,39172278,1425759,2034637,39149776.0000,1426218.0000,2025593.3750,-32768,1047,-110
00:31:31,2004.34,31.69,5.15,3276.70,0.00,31.2548,31.1234,31.0888,30.9580,39173097,1425763,2034637,39151928.0000,1426172.2500,2026664.5000,-32768,1047,-110
00:31:32,2004.34,31.70,5.15,3276.70,0.00,31.2654,31.1320,31.1001,30.9666,39178708,1425466,2046054,39152764.0000,1426150.2500,2027270.5000,-32768,1047,-110
00:31:34,2004.34,31.71,5.15,3276.70,0.00,31.2756,31.1406,31.1134,30.9795,39178256,1425875,2035833,39154956.0000,1426150.2500,2028012.7500,-32768,1047,-110
00:31:37,2004.34,31.72,5.15,3276.70,0.00,31.2756,31.1539,31.1134,30.9929,39180216,1425575,2038306,39157072.0000,1426090.3750,2028212.0000,-32768,1047,-110
00:31:41,2004.34,31.74,5.15,3276.70,0.00,31.2756,31.1723,31.1134,31.0069,39182301,1425575,2038306,39157072.0000,1426090.3750,2029963.2500,-32768,1047,-110
00:31:43,1998.91,31.76,5.15,3276.70,0.00,31.3304,31.1905,31.1649,31.0251,39184727,1425604,2041116,39162184.0000,1426090.3750,2031110.2500,-32768,1047,-110
00:31:45,2004.34,31.77,5.15,3276.70,0.00,31.3304,31.2040,31.1649,31.0387,39187242,1425456,2040349,39165196.0000,1426090.3750,2032172.2500,-32768,1047,-110
00:31:48,2004.34,31.79,5.15,3276.70,0.00,31.3566,31.2175,31.1906,31.0387,39187242,1425624,2030574,39167424.0000,1426090.3750,2032763.2500,-32768,1047,-110
00:31:50,2004.34,31.80,5.15,3276.70,0.00,31.3566,31.2354,31.1906,31.0702,39193684,1425328,2043547,39169624.0000,1425836.2500,2033786.7500,-32768,1047,-110
00:31:52,2004.34,31.82,5.15,3276.70,0.00,31.3859,31.2444,31.2207,31.0793,39193853,1425402,2043547,39171780.0000,1425796.2500,2034507.2500,-32768,1047,-110
00:31:55,1998.91,31.83,5.15,3276.70,0.00,31.3859,31.2582,31.2207,31.0793,39194879,1424864,2053100,39173804.0000,1425729.3750,2035741.2500,-32768,1047,-110
00:31:56,2004.34,31.84,5.15,3276.70,0.00,31.4171,31.2678,31.2207,31.0793,39197515,1424878,2055997,39174544.0000,1425729.3750,2035741.2500,-32768,1047,-110
00:31:59,2004.34,31.86,5.15,3276.70,0.00,31.4171,31.2825,31.2207,31.1238,39199514,1425215,2039814,39177448.0000,1425637.6250,2035741.2500,-32768,1047,-110
00:32:01,2004.34,31.87,5.16,3276.70,0.00,31.4495,31.2926,31.2943,31.1291,39200525,1425124,2037858,39178168.0000,1425621.5000,2037790.6250,-32768,1047,-110
00:32:01,2004.34,31.87,5.16,3276.70,0.00,31.4616,31.3028,31.3073,31.1398,39201558,1424953,2049384,39179588.0000,1425578.7500,2038153.0000,-32768,1047,-110
00:32:04,2004.34,31.88,5.15,3276.70,0.00,31.4691,31.3028,31.3182,31.1398,39205464,1424953,2055285,39181856.0000,1425531.7500,2039512.7500,-32768,1047,-110
00:32:05,2004.34,31.90,5.15,3276.70,0.00,31.4852,31.3028,31.3280,31.1664,39204543,1424907,2051974,39183288.0000,1425495.8750,2040240.2500,-32768,1047,-110
00:32:07,2004.34,31.91,5.15,3276.70,0.00,31.4929,31.3338,31.3326,31.1768,39202753,1424747,2057685,39184512.0000,1425495.8750,2040240.2500,-32768,1047,-110
00:32:10,2004.34,31.92,5.15,3276.70,0.00,31.5057,31.3491,31.3326,31.1868,39207621,1424883,2053371,39184512.0000,1425495.8750,2042383.0000,-32768,1047,-110
00:32:11,2004.34,31.93,5.16,3276.70,0.00,31.5148,31.3638,31.3515,31.2014,39209911,1425069,2042544,39188000.0000,1425371.1250,2042724.1250,-32768,1047,-110
00:32:13,2004.34,31.94,5.17,3276.70,0.00,31.5181,31.3686,31.3515,31.2014,39210131,1424677,2042544,39189372.0000,1425339.2500,2043016.3750,-32768,1047,-110
00:32:15,1998.91,31.95,5.17,3276.70,0.00,31.5181,31.3829,31.3515,31.2252,39211089,1424677,2061574,39191916.0000,1425257.0000,2044697.2500,-32768,1047,-110
00:32:17,2004.34,31.97,5.15,3276.70,0.00,31.5427,31.3970,31.3769,31.2344,39212849,1424548,2054693,39192568.0000,1425234.8750,2045009.6250,-32768,1047,-110
00:32:19,2004.34,31.98,5.17,3276.70,0.00,31.5511,31.4064,31.3842,31.2434,39212849,1424383,2061014,39194344.0000,1425234.8750,2046171.2500,-32768,1047,-110
00:32:21,2004.34,31.99,5.17,3276.70,0.00,31.5607,31.4157,31.3968,31.2527,39214046,1424287,2061702,39194960.0000,1425234.8750,2046171.2500,-32768,1047,-110
00:32:21,2004.34,32.00,5.17,3276.70,0.00,31.5724,31.4251,31.4093,31.2621,39214839,1424566,2054860,39196192.0000,1425107.7500,2047199.5000,-32768,1047,-110
00:32:23,2004.34,32.00,5.17,3276.70,0.00,31.5779,31.4298,31.4140,31.2668,39216616,1424493,2056297,39196832.0000,1425107.7500,2047444.2500,-32768,1047,-110
00:32:24,2004.34,32.01,5.17,3276.70,0.00,31.5901,31.4395,31.4253,31.2668,39219495,1424406,2057561,39198836.0000,1425040.8750,2047668.5000,-32768,1047,-110
00:32:27,2004.34,32.02,5.17,3276.70,0.00,31.6000,31.4395,31.4432,31.2668,39219886,1424406,2058111,39200748.0000,1424975.6250,2048673.8750,-32768,1047,-110
00:32:29,2004.34,32.04,5.17,3276.70,0.00,31.6000,31.4686,31.4597,31.3057,39222783,1424345,2061013,39202064.0000,1424933.2500,2049471.0000,-32768,1047,-110
00:32:30,2004.34,32.05,5.17,3276.70,0.00,31.6255,31.4735,31.4659,31.3107,39224596,1424309,2061013,39203456.0000,1424895.1250,2050211.6250,-32768,1047,-110
00:32:32,1998.91,32.06,5.17,3276.70,0.00,31.6352,31.4833,31.4779,31.3207,39222847,1424351,2061013,39204704.0000,1424895.1250,2050856.0000,-32768,1047,-110
00:32:34,2004.34,32.06,5.17,3276.70,0.00,31.6439,31.4930,31.4779,31.3207,39227171,1424188,2062355,39206076.0000,1424895.1250,2050856.0000,-32768,1047,-110
00:32:36,1998.91,32.08,5.17,3276.70,0.00,31.6439,31.5123,31.5077,31.3509,39230290,1424283,2058857,39208160.0000,1424763.7500,2050856.0000,-32768,1047,-110
00:32:39,2004.34,32.10,5.17,3276.70,0.00,31.6439,31.5266,31.5077,31.3659,39230939,1424086,2064667,39210252.0000,1424763.7500,2053921.3750,-32768,1047,-110
00:32:42,2004.34,32.12,5.17,3276.70,0.00,31.6818,31.5360,31.5269,31.3659,39234241,1424120,2064667,39212312.0000,1424763.7500,2053921.3750,-32768,1047,-110
00:32:44,2004.34,32.13,5.17,3276.70,0.00,31.6942,31.5500,31.5402,31.3659,39234641,1424056,2063782,39214316.0000,1424591.0000,2055611.7500,-32768,1047,-110
00:32:45,2004.34,32.14,5.18,3276.70,0.00,31.7088,31.5500,31.5553,31.4046,39237757,1424021,2068614,39216384.0000,1424539.6250,2056766.0000,-32768,1047,-110
00:32:46,2004.34,32.15,5.18,3276.70,0.00,31.7139,31.5686,31.5598,31.4143,39238012,1423893,2067268,39217056.0000,1424519.3750,2057094.1250,-32768,1047,-110
00:32:47,2004.34,32.16,5.17,3276.70,0.00,31.7230,31.5779,31.5665,31.4190,39240995,1423835,2068219,39217808.0000,1424498.0000,2057441.7500,-32768,1047,-110
00:32:49,1998.91,32.16,5.17,3276.70,0.00,31.7268,31.5826,31.5698,31.4237,39239785,1423959,2068153,39219112.0000,1424463.3750,2057441.7500,-32768,1047,-110
00:32:51,1998.91,32.17,5.17,3276.70,0.00,31.7352,31.5918,31.5778,31.4330,39240594,1423871,2068153,39220472.0000,1424425.7500,2057441.7500,-32768,1047,-110
00:32:51,2004.34,32.18,5.17,3276.70,0.00,31.7411,31.6009,31.5839,31.4422,39243465,1423886,2070470,39221844.0000,1424389.7500,2059411.5000,-32768,1047,-110
00:32:53,2004.34,32.19,5.18,3276.70,0.00,31.7478,31.6097,31.5887,31.4511,39242786,1423886,2070470,39222496.0000,1424374.6250,2059685.1250,-32768,1047,-110
00:32:54,1998.91,32.19,5.17,3276.70,0.00,31.7510,31.6097,31.5941,31.4598,39244903,1423816,2069747,39223816.0000,1424338.8750,2060299.2500,-32768,1047,-110
00:32:57,2004.34,32.20,5.17,3276.70,0.00,31.7610,31.6271,31.6007,31.4684,39244920,1423676,2069747,39225080.0000,1424338.8750,2061122.0000,-32768,1047,-110
00:32:59,2004.34,32.22,5.17,3276.70,0.00,31.7610,31.6400,31.6098,31.4809,39247105,1423693,2070370,39227004.0000,1424250.6250,2061122.0000,-32768,1047,-110
00:33:01,1998.91,32.23,5.17,3276.70,0.00,31.7610,31.6528,31.6225,31.4934,39248251,1423693,2072227,39228872.0000,1424200.5000,2062604.6250,-32768,1047,-110
00:33:03,2004.34,32.24,5.17,3276.70,0.00,31.7941,31.6528,31.6294,31.4934,39250287,1423512,2070371,39230832.0000,1424146.6250,2063523.2500,-32768,1047,-110
00:33:04,1998.91,32.25,5.17,3276.70,0.00,31.8046,31.6740,31.6417,31.5139,39253353,1423547,2072982,39232176.0000,1424110.3750,2064142.3750,-32768,1047,-110
00:33:07,2004.34,32.26,5.17,3276.70,0.00,31.8083,31.6782,31.6450,31.5180,39253345,1423580,2072982,39233448.0000,1424110.3750,2065031.8750,-32768,1047,-110
00:33:08,2004.34,32.26,5.17,3276.70,0.00,31.8189,31.6782,31.6552,31.5301,39255722,1423524,2073169,39234776.0000,1424046.8750,2065286.1250,-32768,1047,-110
00:33:10,1998.91,32.28,5.17,3276.70,0.00,31.8189,31.7029,31.6552,31.5420,39255918,1423648,2074094,39236652.0000,1424003.1250,2066085.5000,-32768,1047,-110
00:33:13,1998.91,32.29,5.17,3276.70,0.00,31.8189,31.7110,31.6552,31.5542,39260271,1423648,2077594,39239340.0000,1423941.7500,2067304.8750,-32768,1047,-110
00:33:15,2004.34,32.31,5.17,3276.70,0.00,31.8523,31.7234,31.6934,31.5626,39259955,1423622,2077594,39239984.0000,1423917.0000,2067304.8750,-32768,1047,-110
00:33:16,1998.91,32.32,5.18,3276.70,0.00,31.8625,31.7317,31.7046,31.5711,39261103,1423252,2079541,39241280.0000,1423917.0000,2068502.2500,-32768,1047,-110
00:33:18,2004.34,32.33,5.18,3276.70,0.00,31.8736,31.7403,31.7184,31.5711,39263155,1423463,2078208,39242592.0000,1423850.3750,2069106.6250,-32768,1047,-110
00:33:20,1998.91,32.33,5.18,3276.70,0.00,31.8858,31.7490,31.7280,31.5889,39265226,1423372,2077232,39243948.0000,1423835.5000,2069360.5000,-32768,1047,-110
00:33:22,1998.91,32.33,5.17,3276.70,0.00,31.8950,31.7490,31.7366,31.5889,39268529,1423361,2080684,39246096.0000,1423786.2500,2070323.6250,-32768,1047,-110
00:33:23,1998.91,32.33,5.17,3276.70,0.00,31.9042,31.7666,31.7366,31.5889,39268476,1423245,2083950,39247508.0000,1423786.2500,2070323.6250,-32768,1047,-110
00:33:25,2004.34,32.36,5.17,3276.70,0.00,31.9117,31.7754,31.7517,31.6154,39270707,1423310,2079271,39248232.0000,1423740.7500,2071665.8750,-32768,1047,-110
00:33:27,1998.91,32.37,5.18,3276.70,0.00,31.9214,31.7883,31.7599,31.6282,39271624,1423233,2082093,39250376.0000,1423740.7500,2072302.8750,-32768,1047,-110
00:33:29,1998.91,32.39,5.18,3276.70,0.00,31.9290,31.7968,31.7666,31.6366,39272523,1423242,2082093,39250376.0000,1423649.0000,2073215.8750,-32768,1047,-110
00:33:30,2004.34,32.40,5.18,3276.70,0.00,31.9375,31.8054,31.7666,31.6366,39274423,1423225,2082693,39253816.0000,1423618.8750,2073806.8750,-32768,1047,-110
00:33:33,1998.91,32.41,5.17,3276.70,0.00,31.9375,31.8180,31.7666,31.6615,39276838,1422987,2084066,39255904.0000,1423578.0000,2074739.0000,-32768,1047,-110
00:33:34,1998.91,32.42,5.17,3276.70,0.00,31.9590,31.8265,31.7943,31.6656,39277645,1423069,2085595,39256584.0000,1423549.6250,2075381.7500,-32768,1047,-110
00:33:37,2004.34,32.43,5.18,3276.70,0.00,31.9668,31.8265,31.8062,31.6656,39279907,1423044,2086782,39258700.0000,1423518.5000,2075962.2500,-32768,1047,-110
00:33:39,1998.91,32.45,5.18,3276.70,0.00,31.9792,31.8518,31.8062,31.6903,39283385,1422833,2086505,39260856.0000,1423468.3750,2076892.7500,-32768,1047,-110
00:33:40,1998.91,32.46,5.18,3276.70,0.00,31.9870,31.8561,31.8228,31.6945,39283320,1422974,2084028,39260856.0000,1423438.2500,2077514.6250,-32768,1047,-110
00:33:41,1998.91,32.47,5.18,3276.70,0.00,31.9947,31.8645,31.8303,31.7027,39284347,1422983,2087837,39262916.0000,1423438.2500,2078148.6250,-32768,1047,-110
00:33:43,1998.91,32.47,5.18,3276.70,0.00,32.0041,31.8729,31.8398,31.7109,39285813,1422947,2088245,39264320.0000,1423396.6250,2078464.1250,-32768,1047,-110
00:33:45,2004.34,32.48,5.17,3276.70,0.00,32.0041,31.8855,31.8398,31.7233,39287677,1422928,2088646,39266432.0000,1423352.2500,2079303.2500,-32768,1047,-110
00:33:47,1998.91,32.49,5.17,3276.70,0.00,32.0041,31.8938,31.8609,31.7315,39288428,1422821,2089184,39268488.0000,1423307.1250,2080202.0000,-32768,1047,-110
00:33:51,2004.34,32.51,5.18,3276.70,0.00,32.0041,31.9066,31.8609,31.7488,39288428,1422717,2089184,39271340.0000,1423249.3750,2081273.3750,-32768,1047,-110
00:33:53,2004.34,32.53,5.18,3276.70,0.00,32.0651,31.9244,31.8609,31.7622,39295716,1422717,2093021,39273584.0000,1423207.8750,2082204.6250,-32768,1047,-110
00:33:55,1998.91,32.53,5.18,3276.70,0.00,32.0810,31.9244,31.9219,31.7622,39297093,1422600,2096739,39275712.0000,1423158.5000,2083349.7500,-32768,1047,-110
00:33:57,1998.91,32.55,5.18,3276.70,0.00,32.0984,31.9520,31.9390,31.7903,39299519,1422655,2095050,39277116.0000,1423128.8750,2084033.2500,-32768,1047,-110
00:33:58,1998.91,32.55,5.18,3276.70,0.00,32.1046,31.9568,31.9436,31.7951,39302057,1422675,2094980,39277896.0000,1423114.7500,2084693.2500,-32768,1047,-110
00:33:59,1998.91,32.57,5.18,3276.70,0.00,32.1102,31.9616,31.9486,31.7951,39301239,1422491,2094877,39279304.0000,1423078.6250,2085011.5000,-32768,1047,-110
00:34:00,1998.91,32.58,5.18,3276.70,0.00,32.1212,31.9712,31.9593,31.8095,39301954,1422506,2099084,39280012.0000,1423060.7500,2085451.2500,-32768,1047,-110
00:34:02,2004.34,32.58,5.18,3276.70,0.00,32.1255,31.9760,31.9649,31.8143,39302862,1422607,2097510,39281440.0000,1423060.7500,2086162.8750,-32768,1047,-110
00:34:04,1998.91,32.59,5.18,3276.70,0.00,32.1255,31.9903,31.9649,31.8335,39303986,1422323,2099294,39283488.0000,1422972.8750,2087153.6250,-32768,1047,-110
00:34:07,1998.91,32.61,5.18,3276.70,0.00,32.1255,32.0042,31.9649,31.8475,39303986,1422285,2097834,39286236.0000,1422900.1250,2088424.5000,-32768,1047,-110
00:34:09,1998.91,32.62,5.19,3276.70,0.00,32.1255,32.0226,32.0058,31.8616,39306488,1422213,2098425,39287436.0000,1422863.2500,2089033.8750,-32768,1047,-110
00:34:11,2004.34,32.64,5.19,3276.70,0.00,32.1695,32.0226,32.0141,31.8616,39310877,1422459,2102639,39289496.0000,1422818.3750,2090067.5000,-32768,1047,-110
00:34:13,1998.91,32.64,5.19,3276.70,0.00,32.1822,32.0408,32.0214,31.8799,39310603,1422459,2102639,39290152.0000,1422806.6250,2090309.6250,-32768,1047,-110
00:34:14,1998.91,32.64,5.19,3276.70,0.00,32.1893,32.0543,32.0354,31.8936,39313122,1422136,2100875,39292168.0000,1422753.5000,2091234.6250,-32768,1047,-110
00:34:17,1998.91,32.66,5.19,3276.70,0.00,32.1893,32.0632,32.0354,31.9027,39313122,1422129,2102695,39294280.0000,1422692.2500,2092226.1250,-32768,1047,-110
00:34:20,2004.34,32.68,5.19,3276.70,0.00,32.2129,32.0764,32.0354,31.9160,39313122,1421988,2103564,39294280.0000,1422618.1250,2093545.6250,-32768,1047,-110
00:34:22,1998.91,32.70,5.19,3276.70,0.00,32.2251,32.0895,32.0354,31.9160,39317809,1422092,2104884,39298172.0000,1422586.2500,2094168.3750,-32768,1047,-110
00:34:23,1998.91,32.72,5.19,3276.70,0.00,32.2323,32.0981,32.0722,31.9421,39319302,1421934,2100460,39299464.0000,1422549.5000,2094657.6250,-32768,1047,-110
00:34:24,1998.91,32.72,5.19,3276.70,0.00,32.2399,32.1067,32.0804,31.9464,39320597,1421891,2105303,39300124.0000,1422529.0000,2094990.3750,-32768,1047,-110
00:34:25,1998.91,32.73,5.17,3276.70,0.00,32.2454,32.1110,32.0841,31.9507,39322017,1422020,2104820,39300808.0000,1422513.1250,2095297.5000,-32768,1047,-110
00:34:28,1998.91,32.74,5.17,3276.70,0.00,32.2547,32.1197,32.0841,31.9637,39323872,1422020,2095496,39303504.0000,1422463.5000,2095297.5000,-32768,1047,-110
00:34:29,2004.34,32.75,5.19,3276.70,0.00,32.2730,32.1371,32.1114,31.9768,39326262,1421936,2107094,39304896.0000,1422433.8750,2096578.0000,-32768,1047,-110
00:34:31,2004.34,32.76,5.19,3276.70,0.00,32.2770,32.1414,32.1166,31.9811,39327653,1421836,2107247,39305604.0000,1422415.2500,2096578.0000,-32768,1047,-110
00:34:32,1998.91,32.77,5.19,3276.70,0.00,32.2820,32.1458,32.1226,31.9899,39327463,1421967,2100971,39306952.0000,1422415.2500,2097221.0000,-32768,1047,-110
00:34:34,1998.91,32.78,5.19,3276.70,0.00,32.2820,32.1590,32.1386,31.9989,39329678,1421831,2100971,39306952.0000,1422337.7500,2098192.7500,-32768,1047,-110
00:34:37,1998.91,32.79,5.19,3276.70,0.00,32.2820,32.1724,32.1386,32.0125,39329678,1421754,2100971,39306952.0000,1422252.7500,2100253.0000,-32768,1047,-110
00:34:39,1998.91,32.80,5.18,3276.70,0.00,32.3209,32.1859,32.1696,32.0261,39336150,1421754,2111337,39312660.0000,1422236.5000,2100599.2500,-32768,1047,-110
00:34:40,1998.91,32.81,5.19,3276.70,0.00,32.3320,32.1904,32.1745,32.0307,39336114,1421736,2111337,39312660.0000,1422236.5000,2101350.2500,-32768,1047,-110
00:34:42,1998.91,32.81,5.19,3276.70,0.00,32.3392,32.1904,32.1876,32.0444,39336877,1421729,2109458,39315584.0000,1422178.2500,2101603.5000,-32768,1047,-110
00:34:43,1998.91,32.83,5.19,3276.70,0.00,32.3490,32.2085,32.1954,32.0491,39338217,1421730,2109458,39317028.0000,1422150.6250,2102261.0000,-32768,1047,-110
00:34:46,1998.91,32.83,5.19,3276.70,0.00,32.3606,32.2085,32.2145,32.0491,39342807,1421607,2114728,39319308.0000,1422104.1250,2103400.2500,-32768,1047,-110
00:34:47,1998.91,32.83,5.19,3276.70,0.00,32.3798,32.2085,32.2253,32.0491,39344470,1421534,2121326,39320844.0000,1422069.7500,2104274.5000,-32768,1047,-110
00:34:48,1998.91,32.86,5.18,3276.70,0.00,32.3884,32.2412,32.2332,32.0829,39345064,1421516,2120904,39321600.0000,1422052.3750,2104794.2500,-32768,1047,-110
00:34:50,1998.91,32.87,5.19,3276.70,0.00,32.3937,32.2459,32.2407,32.0829,39347377,1421629,2115066,39323112.0000,1422024.3750,2105438.0000,-32768,1047,-110
00:34:51,1998.91,32.88,5.18,3276.70,0.00,32.4062,32.2555,32.2570,32.0980,39347977,1421585,2115932,39323888.0000,1422010.6250,2105766.0000,-32768,1047,-110
00:34:53,1998.91,32.89,5.18,3276.70,0.00,32.4140,32.2555,32.2570,32.1084,39351140,1421419,2124468,39325504.0000,1421972.6250,2105766.0000,-32768,1047,-110
00:34:55,1998.91,32.89,5.19,3276.70,0.00,32.4140,32.2804,32.2820,32.1238,39353403,1421564,2124468,39328784.0000,1421928.2500,2108023.5000,-32768,1047,-110
00:34:56,1998.91,32.91,5.19,3276.70,0.00,32.4402,32.2854,32.2865,32.1340,39354907,1421601,2110593,39329600.0000,1421918.0000,2108023.5000,-32768,1047,-110
00:34:58,1998.91,32.92,5.18,3276.70,0.00,32.4510,32.2953,32.2970,32.1391,39356042,1421518,2119642,39330428.0000,1421905.5000,2108464.5000,-32768,1047,-110
00:35:01,2004.34,32.92,5.18,3276.70,0.00,32.4510,32.3104,32.2970,32.1593,39356042,1421594,2119642,39334676.0000,1421862.1250,2110166.7500,-32768,1047,-110
00:35:02,1998.91,32.94,5.18,3276.70,0.00,32.4840,32.3306,32.3333,32.1746,39364698,1421525,2122210,39336468.0000,1421838.3750,2110871.5000,-32768,1047,-110
00:35:04,1998.91,32.95,5.19,3276.70,0.00,32.4840,32.3306,32.3376,32.1746,39365987,1421553,2123820,39338264.0000,1421818.7500,2111730.5000,-32768,1047,-110
00:35:05,1998.91,32.96,5.19,3276.70,0.00,32.5007,32.3457,32.3446,32.1746,39366912,1421489,2123534,39340032.0000,1421798.3750,2112482.7500,-32768,1047,-110
00:35:07,1998.91,32.96,5.19,3276.70,0.00,32.5117,32.3557,32.3531,32.1995,39367443,1421370,2123799,39340888.0000,1421785.0000,2112836.5000,-32768,1047,-110
00:35:08,1998.91,32.97,5.19,3276.70,0.00,32.5209,32.3657,32.3608,32.2093,39370130,1421603,2115788,39342684.0000,1421772.0000,2112966.5000,-32768,1047,-110
00:35:11,1998.91,32.98,5.19,3276.70,0.00,32.5314,32.3657,32.3709,32.2093,39372030,1421488,2125670,39345296.0000,1421772.0000,2114490.7500,-32768,1047,-110
00:35:13,1998.91,32.99,5.18,3276.70,0.00,32.5314,32.3954,32.3868,32.2381,39375980,1421443,2126932,39347968.0000,1421728.2500,2115283.7500,-32768,1047,-110
00:35:16,1998.91,33.00,5.19,3276.70,0.00,32.5314,32.4099,32.3868,32.2527,39376217,1421114,2136498,39350664.0000,1421693.3750,2116625.7500,-32768,1047,-110
00:35:17,1998.91,33.02,5.19,3276.70,0.00,32.5662,32.4148,32.4069,32.2527,39382199,1421566,2128470,39352556.0000,1421693.3750,2117902.5000,-32768,1047,-110
00:35:19,1998.91,33.02,5.19,3276.70,0.00,32.5793,32.4293,32.4154,32.2716,39383788,1421457,2128470,39355392.0000,1421656.2500,2118531.2500,-32768,1047,-110
00:35:22,1998.91,33.02,5.19,3276.70,0.00,32.5877,32.4436,32.4248,32.2852,39383788,1421574,2130474,39357208.0000,1421656.2500,2118531.2500,-32768,1047,-110
00:35:23,1998.91,33.05,5.18,3276.70,0.00,32.5992,32.4530,32.4341,32.2941,39386571,1421514,2130474,39359960.0000,1421629.8750,2120545.7500,-32768,1047,-110
00:35:25,1998.91,33.06,5.18,3276.70,0.00,32.5992,32.4670,32.4341,32.3073,39390450,1421412,2132195,39361868.0000,1421615.5000,2121650.7500,-32768,1047,-110
00:35:28,1998.91,33.06,5.18,3276.70,0.00,32.6160,32.4670,32.4498,32.3073,39391124,1421313,2143918,39364552.0000,1421595.0000,2122647.0000,-32768,1047,-110
00:35:29,1998.91,33.08,5.19,3276.70,0.00,32.6293,32.4670,32.4689,32.3293,39395602,1421422,2132660,39364552.0000,1421575.3750,2123825.5000,-32768,1047,-110
00:35:33,1998.91,33.09,5.19,3276.70,0.00,32.6293,32.5034,32.4689,32.3426,39395602,1421575,2132660,39371076.0000,1421572.8750,2124497.5000,-32768,1047,-110
00:35:35,1998.91,33.11,5.19,3276.70,0.00,32.6293,32.5210,32.4689,32.3642,39405259,1421689,2132783,39374008.0000,1421576.0000,2125410.5000,-32768,1047,-110
00:35:36,1998.91,33.12,5.18,3276.70,0.00,32.6649,32.5297,32.5020,32.3685,39406377,1421572,2134978,39375020.0000,1421576.0000,2125709.5000,-32768,1047,-110
00:35:39,1998.91,33.12,5.18,3276.70,0.00,32.6709,32.5382,32.5066,32.3769,39407355,1421506,2134978,39377976.0000,1421576.0000,2126748.7500,-32768,1047,-110
00:35:41,1998.91,33.13,5.19,3276.70,0.00,32.6771,32.5466,32.5136,32.3769,39409650,1421587,2134978,39380900.0000,1421568.2500,2128229.0000,-32768,1047,-110
00:35:44,1998.91,33.14,5.19,3276.70,0.00,32.6771,32.5631,32.5136,32.4014,39409650,1421583,2137709,39383868.0000,1421565.8750,2129083.0000,-32768,1047,-110
00:35:45,1998.91,33.16,5.18,3276.70,0.00,32.6980,32.5750,32.5364,32.4134,39418493,1421571,2137478,39385892.0000,1421565.8750,2129083.0000,-32768,1047,-110
00:35:47,1998.91,33.16,5.19,3276.70,0.00,32.7008,32.5789,32.5391,32.4173,39419525,1421479,2139396,39386944.0000,1421564.8750,2129900.2500,-32768,1047,-110
00:35:50,1998.91,33.17,5.19,3276.70,0.00,32.7008,32.5905,32.5391,32.4329,39419525,1421479,2139582,39386944.0000,1421564.5000,2131318.2500,-32768,1047,-110
00:35:51,1998.91,33.18,5.18,3276.70,0.00,32.7239,32.6058,32.5654,32.4446,39423490,1421767,2133987,39393752.0000,1421568.8750,2131718.2500,-32768,1047,-110
00:35:53,1998.91,33.18,5.18,3276.70,0.00,32.7275,32.6096,32.5689,32.4485,39425614,1421676,2133745,39394748.0000,1421572.2500,2132024.0000,-32768,1047,-110
00:35:56,1998.91,33.19,5.19,3276.70,0.00,32.7275,32.6209,32.5689,32.4598,39425614,1421501,2142340,39398496.0000,1421568.8750,2132911.2500,-32768,1047,-110
00:35:59,1998.91,33.20,5.19,3276.70,0.00,32.7456,32.6320,32.5689,32.4742,39425614,1421660,2142861,39401412.0000,1421575.8750,2134063.2500,-32768,1047,-110
00:36:01,1998.91,33.22,5.19,3276.70,0.00,32.7543,32.6427,32.5929,32.4813,39432348,1421417,2142861,39401412.0000,1421575.8750,2134063.2500,-32768,1047,-110
00:36:03,1998.91,33.23,5.19,3276.70,0.00,32.7670,32.6427,32.6040,32.4813,39435443,1421665,2144919,39407088.0000,1421575.6250,2135509.0000,-32768,1047,-110
00:36:06,1998.91,33.24,5.19,3276.70,0.00,32.7670,32.6645,32.6123,32.4813,39435443,1421535,2144485,39409808.0000,1421573.3750,2136361.7500,-32768,1047,-110
00:36:07,1998.91,33.25,5.18,3276.70,0.00,32.7879,32.6754,32.6229,32.5134,39438452,1421501,2143384,39409808.0000,1421570.8750,2136804.0000,-32768,1047,-110
00:36:10,1998.91,33.26,5.19,3276.70,0.00,32.7879,32.6861,32.6229,32.5275,39441859,1421559,2143778,39415180.0000,1421561.2500,2136804.0000,-32768,1047,-110
00:36:12,1998.91,33.27,5.18,3276.70,0.00,32.8021,32.6861,32.6430,32.5345,39441859,1421655,2143778,39417968.0000,1421564.5000,2138742.0000,-32768,1047,-110
00:36:14,1998.91,33.27,5.19,3276.70,0.00,32.8106,32.7035,32.6460,32.5413,39447168,1421697,2147948,39418880.0000,1421569.3750,2139353.7500,-32768,1047,-110
00:36:15,1993.48,33.28,5.19,3276.70,0.00,32.8172,32.7104,32.6511,32.5479,39447343,1421586,2147079,39420632.0000,1421570.0000,2139595.0000,-32768,1047,-110
00:36:16,1998.91,33.29,5.19,3276.70,0.00,32.8192,32.7138,32.6532,32.5512,39448212,1421608,2149155,39421492.0000,1421571.1250,2139893.7500,-32768,1047,-110
00:36:17,1998.91,33.29,5.19,3276.70,0.00,32.8219,32.7171,32.6578,32.5577,39447886,1421451,2145035,39423136.0000,1421569.5000,2140334.7500,-32768,1047,-110
00:36:18,1998.91,33.30,5.19,3276.70,0.00,32.8292,32.7239,32.6584,32.5608,39448834,1421413,2143714,39423136.0000,1421569.5000,2140716.7500,-32768,1047,-110
00:36:20,1998.91,33.30,5.19,3276.70,0.00,32.8321,32.7272,32.6592,32.5638,39450840,1421413,2143714,39425564.0000,1421565.2500,2140973.0000,-32768,1047,-110
00:36:22,1998.91,33.31,5.19,3276.70,0.00,32.8389,32.7272,32.6682,32.5638,39453084,1421823,2142607,39427956.0000,1421576.0000,2141274.2500,-32768,1047,-110
00:36:23,1998.91,33.32,5.19,3276.70,0.00,32.8486,32.7469,32.6813,32.5823,39455450,1421455,2144140,39429584.0000,1421571.1250,2141655.7500,-32768,1047,-110
00:36:26,1998.91,33.33,5.19,3276.70,0.00,32.8528,32.7469,32.6882,32.5823,39456956,1421263,2164459,39432028.0000,1421571.1250,2141655.7500,-32768,1047,-110
00:36:27,1998.91,33.33,5.19,3276.70,0.00,32.8614,32.7600,32.6931,32.5950,39458119,1421477,2152173,39432844.0000,1421552.7500,2143292.2500,-32768,1047,-110
00:36:28,1993.48,33.34,5.19,3276.70,0.00,32.8644,32.7632,32.6955,32.5982,39458282,1421526,2151095,39434380.0000,1421552.7500,2143804.2500,-32768,1047,-110
00:36:30,1998.91,33.34,5.19,3276.70,0.00,32.8709,32.7728,32.7028,32.6073,39459666,1421285,2146044,39435908.0000,1421536.2500,2143977.7500,-32768,1047,-110
00:36:33,1998.91,33.35,5.19,3276.70,0.00,32.8740,32.7759,32.7052,32.6073,39459454,1421285,2146044,39438048.0000,1421525.0000,2143977.7500,-32768,1047,-110
00:36:34,1998.91,33.36,5.19,3276.70,0.00,32.8894,32.7887,32.7187,32.6226,39461354,1421689,2143258,39439468.0000,1421530.6250,2144764.0000,-32768,1047,-110
00:36:36,1998.91,33.37,5.19,3276.70,0.00,32.8962,32.7952,32.7265,32.6288,39462434,1421251,2153410,39440892.0000,1421530.6250,2145293.7500,-32768,1047,-110
00:36:37,1998.91,33.38,5.19,3276.70,0.00,32.8998,32.7984,32.7306,32.6320,39462514,1421308,2154094,39441568.0000,1421509.8750,2145842.7500,-32768,1047,-110
00:36:38,1998.91,33.38,5.19,3276.70,0.00,32.9064,32.8049,32.7381,32.6384,39465062,1421259,2156054,39442972.0000,1421509.8750,2145842.7500,-32768,1047,-110
00:36:40,1998.91,33.39,5.19,3276.70,0.00,32.9064,32.8114,32.7381,32.6482,39467490,1421294,2155123,39445120.0000,1421482.3750,2146921.2500,-32768,1047,-110
00:36:42,1998.91,33.39,5.19,3276.70,0.00,32.9257,32.8114,32.7564,32.6547,39467995,1421087,2161259,39446512.0000,1421455.7500,2148002.5000,-32768,1047,-110
00:36:44,1998.91,33.41,5.19,3276.70,0.00,32.9282,32.8248,32.7564,32.6611,39467995,1421237,2156430,39448588.0000,1421445.5000,2148507.2500,-32768,1047,-110
00:36:46,1993.48,33.42,5.21,3276.70,0.00,32.9368,32.8346,32.7684,32.6675,39470464,1421393,2148500,39449272.0000,1421445.5000,2148507.2500,-32768,1047,-110
00:36:49,1998.91,33.43,5.19,3276.70,0.00,32.9368,32.8445,32.7684,32.6807,39470464,1421009,2158690,39452540.0000,1421445.5000,2149479.5000,-32768,1047,-110
00:36:50,1998.91,33.44,5.19,3276.70,0.00,32.9585,32.8545,32.7899,32.6873,39473223,1421334,2158612,39453184.0000,1421405.5000,2149765.0000,-32768,1047,-110
00:36:52,1998.91,33.44,5.19,3276.70,0.00,32.9618,32.8578,32.7922,32.6873,39473223,1421124,2148593,39454464.0000,1421387.0000,2149971.5000,-32768,1047,-110
00:36:54,1998.91,33.45,5.19,3276.70,0.00,32.9618,32.8676,32.7922,32.7035,39475707,1420820,2171149,39456352.0000,1421387.0000,2151489.5000,-32768,1047,-110
00:36:57,1998.91,33.46,5.19,3276.70,0.00,32.9618,32.8803,32.8139,32.7035,39475707,1421168,2159924,39458240.0000,1421335.3750,2151969.0000,-32768,1047,-110
00:36:59,1998.91,33.47,5.19,3276.70,0.00,32.9618,32.8896,32.8139,32.7227,39479338,1420896,2159904,39460184.0000,1421317.6250,2152168.0000,-32768,1047,-110
00:37:00,1998.91,33.48,5.20,3276.70,0.00,32.9870,32.8926,32.8139,32.7288,39479856,1420970,2158773,39461376.0000,1421295.2500,2152604.5000,-32768,1047,-110
00:37:02,1998.91,33.48,5.21,3276.70,0.00,32.9921,32.8986,32.8294,32.7320,39479856,1420970,2160478,39462560.0000,1421282.1250,2152604.5000,-32768,1047,-110
00:37:04,1998.91,33.49,5.21,3276.70,0.00,33.0029,32.9077,32.8389,32.7414,39481875,1420895,2161367,39463752.0000,1421256.6250,2153582.7500,-32768,1047,-110
00:37:05,1998.91,33.49,5.20,3276.70,0.00,33.0101,32.9139,32.8453,32.7477,39481136,1420584,2169694,39464844.0000,1421222.0000,2154358.5000,-32768,1047,-110
00:37:08,1998.91,33.50,5.20,3276.70,0.00,33.0132,32.9139,32.8506,32.7477,39486342,1420902,2160880,39466616.0000,1421222.0000,2154358.5000,-32768,1047,-110
00:37:09,1998.91,33.50,5.20,3276.70,0.00,33.0248,32.9291,32.8592,32.7631,39487377,1421078,2153759,39467848.0000,1421171.7500,2155339.5000,-32768,1047,-110
00:37:11,1998.91,33.52,5.20,3276.70,0.00,33.0282,32.9322,32.8620,32.7631,39488177,1420791,2165690,39469112.0000,1421156.8750,2155548.5000,-32768,1047,-110
00:37:13,1998.91,33.52,5.20,3276.70,0.00,33.0396,32.9322,32.8725,32.7755,39488603,1420901,2164872,39470952.0000,1421127.7500,2156735.5000,-32768,1047,-110
00:37:14,1998.91,33.53,5.20,3276.70,0.00,33.0450,32.9479,32.8786,32.7817,39489986,1420746,2173970,39471548.0000,1421115.7500,2157274.0000,-32768,1047,-110
00:37:15,1998.91,33.53,5.21,3276.70,0.00,33.0509,32.9541,32.8832,32.7878,39489766,1420868,2165345,39472640.0000,1421101.5000,2157752.5000,-32768,1047,-110
00:37:16,1998.91,33.54,5.21,3276.70,0.00,33.0536,32.9572,32.8853,32.7909,39491539,1420766,2165537,39473228.0000,1421091.0000,2157995.7500,-32768,1047,-110
00:37:18,1998.91,33.55,5.21,3276.70,0.00,33.0567,32.9603,32.8853,32.7909,39490552,1420686,2165410,39474300.0000,1421069.7500,2158352.7500,-32768,1047,-110
00:37:20,1998.91,33.55,5.21,3276.70,0.00,33.0674,32.9696,32.8957,32.8029,39491029,1420602,2167766,39475332.0000,1421042.3750,2158857.0000,-32768,1047,-110
00:37:21,1998.91,33.56,5.21,3276.70,0.00,33.0712,32.9757,32.9011,32.8087,39489133,1420739,2157741,39476196.0000,1421022.7500,2159054.7500,-32768,1047,-110
00:37:23,1998.91,33.57,5.20,3276.70,0.00,33.0751,32.9788,32.9046,32.8117,39491537,1420711,2167115,39477168.0000,1421001.3750,2159340.0000,-32768,1047,-110
00:37:24,1998.91,33.57,5.20,3276.70,0.00,33.0802,32.9850,32.9115,32.8177,39493698,1420614,2167309,39477688.0000,1420989.2500,2159589.0000,-32768,1047,-110
00:37:27,1993.48,33.58,5.20,3276.70,0.00,33.0879,32.9911,32.9209,32.8239,39495324,1420677,2167309,39479324.0000,1420989.2500,2160554.0000,-32768,1047,-110
00:37:28,1998.91,33.59,5.21,3276.70,0.00,33.0965,33.0004,32.9268,32.8330,39496979,1420677,2171558,39480440.0000,1420912.3750,2161139.5000,-32768,1047,-110
00:37:31,1993.48,33.60,5.21,3276.70,0.00,33.0965,33.0095,32.9268,32.8445,39497331,1420428,2169375,39482444.0000,1420912.3750,2161139.5000,-32768,1047,-110
00:37:33,1993.48,33.61,5.21,3276.70,0.00,33.1148,33.0187,32.9384,32.8501,39499327,1420472,2169375,39483968.0000,1420827.6250,2162653.2500,-32768,1047,-110
00:37:35,1998.91,33.62,5.21,3276.70,0.00,33.1205,33.0249,32.9454,32.8558,39499446,1420498,2169593,39484964.0000,1420827.6250,2163074.2500,-32768,1047,-110
00:37:38,1998.91,33.63,5.20,3276.70,0.00,33.1273,33.0249,32.9560,32.8558,39501201,1420337,2169897,39486432.0000,1420760.8750,2163766.0000,-32768,1047,-110
00:37:40,1998.91,33.63,5.21,3276.70,0.00,33.1379,33.0459,32.9667,32.8762,39503533,1420225,2172269,39487940.0000,1420718.7500,2164530.5000,-32768,1047,-110
00:37:42,1998.91,33.63,5.21,3276.70,0.00,33.1426,33.0517,32.9699,32.8819,39502738,1420184,2169139,39488856.0000,1420685.5000,2164896.0000,-32768,1047,-110
00:37:44,1998.91,33.66,5.21,3276.70,0.00,33.1487,33.0576,32.9743,32.8875,39504701,1420480,2169139,39490376.0000,1420651.2500,2165352.5000,-32768,1047,-110
00:37:46,1993.48,33.66,5.21,3276.70,0.00,33.1586,33.0664,32.9857,32.8960,39505653,1420180,2170264,39491344.0000,1420651.2500,2165724.0000,-32768,1047,-110
00:37:47,1993.48,33.67,5.21,3276.70,0.00,33.1621,33.0693,32.9904,32.8989,39505745,1420162,2170264,39492252.0000,1420597.2500,2165957.0000,-32768,1047,-110
00:37:50,1998.91,33.68,5.21,3276.70,0.00,33.1621,33.0784,32.9904,32.9111,39505745,1420086,2170264,39494032.0000,1420538.8750,2166784.5000,-32768,1047,-110
00:37:52,1993.48,33.69,5.21,3276.70,0.00,33.1833,33.0876,33.0123,32.9111,39509655,1420086,2174932,39495436.0000,1420495.7500,2167481.5000,-32768,1047,-110
00:37:53,1998.91,33.70,5.21,3276.70,0.00,33.1885,33.0967,33.0193,32.9262,39509172,1419921,2174932,39495864.0000,1420477.7500,2167780.7500,-32768,1047,-110
00:37:58,1993.48,33.70,5.21,3276.70,0.00,33.1986,33.0967,33.0267,32.9262,39510607,1419940,2174932,39495864.0000,1420477.7500,2167780.7500,-32768,1047,-110
00:38:00,1993.48,33.73,5.21,3276.70,0.00,33.2137,33.0967,33.0381,32.9262,39512480,1419836,2177716,39499312.0000,1420350.2500,2169712.2500,-32768,1047,-110
00:38:01,1993.48,33.73,5.21,3276.70,0.00,33.2221,33.1273,33.0459,32.9551,39513984,1419999,2175239,39500144.0000,1420324.3750,2170120.0000,-32768,1047,-110
00:38:04,1998.91,33.75,5.21,3276.70,0.00,33.2221,33.1333,33.0541,32.9551,39513984,1419814,2178450,39501536.0000,1420284.3750,2170832.2500,-32768,1047,-110
00:38:05,1998.91,33.76,5.20,3276.70,0.00,33.2316,33.1393,33.0541,32.9698,39517134,1419853,2180695,39502456.0000,1420257.8750,2171373.7500,-32768,1047,-110
00:38:07,1993.48,33.76,5.21,3276.70,0.00,33.2386,33.1393,33.0683,32.9698,39516671,1419761,2175310,39503756.0000,1420214.3750,2171931.5000,-32768,1047,-110
00:38:10,1998.91,33.77,5.21,3276.70,0.00,33.2386,33.1573,33.0852,32.9851,39517640,1419621,2183713,39503756.0000,1420181.2500,2172696.2500,-32768,1047,-110
00:38:11,1998.91,33.79,5.21,3276.70,0.00,33.2589,33.1634,33.0917,32.9916,39518237,1419684,2179971,39505428.0000,1420151.0000,2172923.5000,-32768,1047,-110
00:38:13,1993.48,33.80,5.21,3276.70,0.00,33.2662,33.1696,33.0974,32.9980,39518678,1419534,2181158,39506244.0000,1420114.6250,2173645.0000,-32768,1047,-110
00:38:16,1993.48,33.80,5.21,3276.70,0.00,33.2716,33.1696,33.1046,32.9980,39520630,1419590,2180444,39507536.0000,1420114.6250,2174354.0000,-32768,1047,-110
00:38:18,1998.91,33.81,5.21,3276.70,0.00,33.2716,33.1879,33.1046,33.0200,39523175,1419467,2184736,39509360.0000,1420001.1250,2175080.2500,-32768,1047,-110
00:38:19,1998.91,33.81,5.21,3276.70,0.00,33.2895,33.1941,33.1046,33.0200,39523427,1419605,2183033,39510232.0000,1419977.1250,2175505.0000,-32768,1047,-110
00:38:21,1993.48,33.83,5.21,3276.70,0.00,33.2895,33.1941,33.1280,33.0295,39524376,1419480,2182546,39510672.0000,1419961.6250,2175725.2500,-32768,1047,-110
00:38:23,1993.48,33.84,5.21,3276.70,0.00,33.3011,33.1941,33.1338,33.0357,39524708,1419508,2182796,39510672.0000,1419961.6250,2175725.2500,-32768,1047,-110
00:38:25,2009.78,33.85,5.21,3276.70,0.00,33.3105,33.2128,33.1376,33.0419,39524708,1419508,2183390,39512916.0000,1419890.3750,2175725.2500,-32768,1047,-110
00:38:26,2020.64,33.85,5.22,3276.70,0.00,33.3202,33.2192,33.1457,33.0481,39527272,1419508,2183390,39513676.0000,1419838.7500,2177257.0000,-32768,1047,-110
00:38:27,2020.64,33.86,5.22,3276.70,0.00,33.3358,33.2293,33.1607,33.0578,39509088,1417868,2182941,39513388.0000,1419721.0000,2177575.5000,-32768,1047,-110
00:38:30,1993.48,33.87,5.23,3276.70,0.00,33.3358,33.2327,33.1607,33.0645,39509088,1418583,2184530,39513996.0000,1419593.2500,2178319.7500,-32768,1047,-110
00:38:34,1988.05,33.89,5.21,3276.70,0.00,33.3358,33.2466,33.1607,33.0782,39509088,1419119,2184530,39516104.0000,1419528.3750,2179409.7500,-32768,1047,-110
00:38:35,1988.05,33.89,5.20,3276.70,0.00,33.3602,33.2598,33.1914,33.0883,39525985,1418984,2186901,39516744.0000,1419495.1250,2179932.5000,-32768,1047,-110
00:38:36,1988.05,33.90,5.19,3276.70,0.00,33.3669,33.2662,33.1947,33.0948,39525867,1418862,2186914,39517312.0000,1419459.2500,2180340.5000,-32768,1047,-110
00:38:38,1988.05,33.91,5.20,3276.70,0.00,33.3713,33.2662,33.1966,33.0948,39525065,1418850,2191613,39517832.0000,1419423.5000,2180831.2500,-32768,1047,-110
00:38:39,1988.05,33.92,5.20,3276.70,0.00,33.3775,33.2760,33.1989,33.1041,39527351,1418906,2188734,39518128.0000,1419407.3750,2181078.2500,-32768,1047,-110
00:38:40,1993.48,33.92,5.20,3276.70,0.00,33.3811,33.2793,33.2012,33.1071,39528259,1418874,2190454,39518800.0000,1419374.8750,2181598.2500,-32768,1047,-110
00:38:42,1993.48,33.92,5.20,3276.70,0.00,33.3880,33.2858,33.2012,33.1131,39528811,1418990,2187329,39519112.0000,1419362.7500,2181777.5000,-32768,1047,-110
00:38:44,2004.34,33.93,5.20,3276.70,0.00,33.3880,33.2924,33.2167,33.1222,39530786,1418674,2187329,39520272.0000,1419311.7500,2182394.2500,-32768,1047,-110
00:38:47,2004.34,33.94,5.20,3276.70,0.00,33.3880,33.3023,33.2167,33.1316,39534288,1418674,2191942,39521920.0000,1419233.1250,2183382.7500,-32768,1047,-110
00:38:49,2004.34,33.95,5.20,3276.70,0.00,33.4164,33.3122,33.2394,33.1380,39540374,1418544,2192687,39522496.0000,1419211.5000,2183933.2500,-32768,1047,-110
00:38:50,2004.34,33.96,5.21,3276.70,0.00,33.4257,33.3191,33.2491,33.1447,39541716,1418694,2193340,39523688.0000,1419211.5000,2184486.5000,-32768,1047,-110
00:38:53,2004.34,33.97,5.20,3276.70,0.00,33.4257,33.3291,33.2491,33.1582,39541716,1418699,2194752,39526320.0000,1419124.6250,2185284.0000,-32768,1047,-110
00:38:56,2004.34,33.98,5.21,3276.70,0.00,33.4257,33.3424,33.2491,33.1716,39547745,1418699,2194752,39528852.0000,1419070.0000,2186292.0000,-32768,1047,-110
00:38:58,2004.34,33.99,5.20,3276.70,0.00,33.4257,33.3523,33.2491,33.1815,39549017,1418529,2195876,39530616.0000,1419031.0000,2187039.2500,-32768,1047,-110
00:39:01,1998.91,34.00,5.21,3276.70,0.00,33.4257,33.3623,33.2491,33.1915,39552936,1418609,2195492,39532416.0000,1418990.3750,2187778.2500,-32768,1047,-110
00:39:03,2004.34,34.01,5.21,3276.70,0.00,33.4257,33.3756,33.3036,33.2014,39553404,1418706,2196698,39534244.0000,1418959.6250,2188562.5000,-32768,1047,-110
00:39:05,2004.34,34.02,5.21,3276.70,0.00,33.4824,33.3789,33.3036,33.2014,39555246,1418493,2196552,39535492.0000,1418959.6250,2188562.5000,-32768,1047,-110
00:39:07,2004.34,34.04,5.21,3276.70,0.00,33.4932,33.3890,33.3149,33.2144,39555650,1418539,2196552,39537332.0000,1418891.1250,2189841.7500,-32768,1047,-110
00:39:10,2004.34,34.04,5.21,3276.70,0.00,33.5025,33.3990,33.3149,33.2241,39558235,1418539,2197065,39539208.0000,1418860.1250,2189841.7500,-32768,1047,-110
00:39:11,2004.34,34.06,5.21,3276.70,0.00,33.5111,33.4089,33.3314,33.2336,39559034,1418483,2198545,39540432.0000,1418841.1250,2191153.7500,-32768,1047,-110
00:39:12,2004.34,34.07,5.23,3276.70,0.00,33.5141,33.4089,33.3314,33.2368,39558757,1418502,2199597,39541600.0000,1418820.6250,2191639.5000,-32768,1047,-110
00:39:14,2004.34,34.07,5.23,3276.70,0.00,33.5195,33.4187,33.3392,33.2429,39559882,1418502,2202929,39542664.0000,1418801.1250,2192157.5000,-32768,1047,-110
00:39:16,2004.34,34.08,5.21,3276.70,0.00,33.5195,33.4284,33.3504,33.2523,39562631,1418597,2197867,39543876.0000,1418787.7500,2192552.2500,-32768,1047,-110
00:39:17,2004.34,34.09,5.21,3276.70,0.00,33.5329,33.4317,33.3529,33.2555,39564149,1418366,2197867,39545092.0000,1418761.1250,2193042.2500,-32768,1047,-110
00:39:19,2004.34,34.10,5.21,3276.70,0.00,33.5380,33.4381,33.3529,33.2617,39564149,1418464,2200710,39546336.0000,1418741.1250,2193487.0000,-32768,1047,-110
00:39:22,2004.34,34.10,5.21,3276.70,0.00,33.5380,33.4476,33.3529,33.2748,39566582,1418492,2204612,39548056.0000,1418741.1250,2193487.0000,-32768,1047,-110
00:39:24,2004.34,34.11,5.21,3276.70,0.00,33.5568,33.4572,33.3828,33.2748,39566582,1418400,2204612,39549980.0000,1418696.6250,2195039.5000,-32768,1047,-110
00:39:26,2004.34,34.13,5.21,3276.70,0.00,33.5640,33.4572,33.3828,33.2909,39566582,1418344,2203992,39551768.0000,1418663.7500,2195927.5000,-32768,1047,-110
00:39:29,2004.34,34.14,5.21,3276.70,0.00,33.5776,33.4766,33.3982,33.3003,39572064,1418286,2203992,39553620.0000,1418663.7500,2196657.0000,-32768,1047,-110
00:39:31,1998.91,34.14,5.21,3276.70,0.00,33.5851,33.4861,33.4097,33.3003,39572064,1418221,2214171,39555544.0000,1418598.1250,2197922.2500,-32768,1047,-110
00:39:33,2004.34,34.14,5.21,3276.70,0.00,33.5968,33.4861,33.4216,33.3003,39576660,1418138,2207172,39557352.0000,1418561.5000,2198626.7500,-32768,1047,-110
00:39:36,2004.34,34.17,5.21,3276.70,0.00,33.6066,33.5054,33.4316,33.3295,39577071,1418138,2206333,39558556.0000,1418539.7500,2199293.2500,-32768,1047,-110
00:39:38,2004.34,34.17,5.23,3276.70,0.00,33.6150,33.5120,33.4383,33.3360,39576511,1418264,2206333,39560264.0000,1418539.7500,2199891.2500,-32768,1047,-110
00:39:40,2004.34,34.20,5.23,3276.70,0.00,33.6254,33.5220,33.4470,33.3458,39579497,1418206,2207630,39561992.0000,1418489.0000,2200647.5000,-32768,1047,-110
00:39:41,2004.34,34.20,5.21,3276.70,0.00,33.6323,33.5286,33.4524,33.3458,39581039,1418483,2199049,39563184.0000,1418484.1250,2200828.5000,-32768,1047,-110
00:39:42,2004.34,34.21,5.21,3276.70,0.00,33.6391,33.5353,33.4593,33.3587,39577819,1418236,2201864,39563640.0000,1418476.3750,2200860.7500,-32768,1047,-110
00:39:45,2004.34,34.21,5.21,3276.70,0.00,33.6418,33.5353,33.4698,33.3587,39581748,1418236,2209163,39565348.0000,1418446.3750,2201600.2500,-32768,1047,-110
00:39:47,2004.34,34.22,5.21,3276.70,0.00,33.6418,33.5519,33.4811,33.3755,39581748,1418011,2210270,39567008.0000,1418426.5000,2201783.5000,-32768,1047,-110
00:39:49,2004.34,34.23,5.21,3276.70,0.00,33.6617,33.5586,33.4856,33.3821,39586052,1418155,2210270,39567008.0000,1418426.5000,2202283.5000,-32768,1047,-110
00:39:51,2004.34,34.24,5.23,3276.70,0.00,33.6617,33.5684,33.4856,33.3957,39587688,1417966,2210961,39569972.0000,1418369.7500,2203093.5000,-32768,1047,-110
00:39:52,2004.34,34.24,5.22,3276.70,0.00,33.6792,33.5751,33.5054,33.3991,39589779,1418091,2211717,39570592.0000,1418361.1250,2203363.0000,-32768,1047,-110
00:39:53,2004.34,34.26,5.23,3276.70,0.00,33.6832,33.5784,33.5092,33.4025,39590250,1418014,2212992,39571204.0000,1418350.2500,2203663.7500,-32768,1047,-110
00:39:54,2004.34,34.26,5.23,3276.70,0.00,33.6870,33.5818,33.5120,33.4093,39588856,1418080,2205094,39572296.0000,1418331.1250,2203881.0000,-32768,1047,-110
00:39:57,2004.34,34.26,5.22,3276.70,0.00,33.6951,33.5918,33.5203,33.4161,39590884,1417915,2205094,39573996.0000,1418297.1250,2203881.0000,-32768,1047,-110
00:39:58,2004.34,34.28,5.22,3276.70,0.00,33.7033,33.5985,33.5276,33.4228,39592235,1417970,2213078,39574564.0000,1418286.8750,2205031.2500,-32768,1047,-110
00:40:00,1998.91,34.28,5.22,3276.70,0.00,33.7100,33.6053,33.5341,33.4295,39593707,1417832,2212970,39575728.0000,1418261.1250,2205442.5000,-32768,1047,-110
00:40:02,2004.34,34.29,5.22,3276.70,0.00,33.7164,33.6120,33.5341,33.4295,39596992,1417686,2223686,39577472.0000,1418218.7500,2206555.5000,-32768,1047,-110
00:40:03,2004.34,34.30,5.23,3276.70,0.00,33.7218,33.6186,33.5462,33.4459,39596157,1417982,2215734,39578624.0000,1418199.2500,2207317.0000,-32768,1047,-110
00:40:06,2004.34,34.30,5.23,3276.70,0.00,33.7322,33.6186,33.5543,33.4459,39597493,1417916,2214980,39580316.0000,1418165.5000,2208064.7500,-32768,1047,-110
00:40:08,2004.34,34.30,5.22,3276.70,0.00,33.7432,33.6186,33.5694,33.4626,39598219,1417880,2217325,39581368.0000,1418149.5000,2208064.7500,-32768,1047,-110
00:40:09,2004.34,34.33,5.23,3276.70,0.00,33.7510,33.6452,33.5778,33.4695,39601745,1417865,2216012,39582548.0000,1418130.5000,2209183.5000,-32768,1047,-110
00:40:12,2004.34,34.33,5.23,3276.70,0.00,33.7573,33.6520,33.5778,33.4695,39601316,1417722,2217925,39582548.0000,1418130.5000,2209183.5000,-32768,1047,-110
00:40:14,2004.34,34.35,5.22,3276.70,0.00,33.7652,33.6520,33.5946,33.4695,39603252,1417859,2222191,39586004.0000,1418070.7500,2210697.5000,-32768,1047,-110
00:40:15,2004.34,34.36,5.22,3276.70,0.00,33.7726,33.6686,33.5995,33.4931,39603729,1417710,2219863,39587112.0000,1418059.5000,2210983.7500,-32768,1047,-110
00:40:16,2004.34,34.36,5.22,3276.70,0.00,33.7797,33.6752,33.6054,33.4999,39605035,1417680,2220432,39587672.0000,1418047.6250,2211279.0000,-32768,1047,-110
00:40:18,2004.34,34.36,5.22,3276.70,0.00,33.7829,33.6786,33.6075,33.5032,39604624,1417626,2223932,39588748.0000,1418023.8750,2211942.5000,-32768,1047,-110
00:40:18,2004.34,34.36,5.22,3276.70,0.00,33.7889,33.6852,33.6167,33.5100,39604714,1417628,2221493,39589248.0000,1418011.5000,2212240.7500,-32768,1047,-110
00:40:20,2004.34,34.38,5.22,3276.70,0.00,33.7935,33.6886,33.6167,33.5171,39607705,1417722,2218727,39590348.0000,1417991.1250,2212708.0000,-32768,1047,-110
00:40:23,2004.34,34.39,5.22,3276.70,0.00,33.7935,33.6988,33.6167,33.5279,39607705,1417535,2223667,39592796.0000,1417927.8750,2214281.2500,-32768,1047,-110
00:40:26,2004.34,34.40,5.22,3276.70,0.00,33.8161,33.7091,33.6167,33.5382,39611353,1417535,2223667,39593900.0000,1417927.8750,2214998.7500,-32768,1047,-110
00:40:27,2004.34,34.41,5.22,3276.70,0.00,33.8260,33.7194,33.6491,33.5382,39612829,1417551,2223751,39595620.0000,1417864.2500,2215496.2500,-32768,1047,-110
00:40:29,2004.34,34.42,5.22,3276.70,0.00,33.8315,33.7262,33.6542,33.5515,39615401,1417593,2225459,39596240.0000,1417864.2500,2216045.5000,-32768,1047,-110
00:40:30,2004.34,34.43,5.22,3276.70,0.00,33.8368,33.7329,33.6599,33.5515,39616393,1417583,2216586,39598000.0000,1417831.6250,2216015.7500,-32768,1047,-110
00:40:32,2004.34,34.44,5.22,3276.70,0.00,33.8421,33.7395,33.6599,33.5515,39616269,1417555,2222432,39599160.0000,1417814.0000,2216421.5000,-32768,1047,-110
00:40:34,1998.91,34.44,5.22,3276.70,0.00,33.8472,33.7460,33.6727,33.5711,39616269,1417555,2212595,39600260.0000,1417796.7500,2216421.5000,-32768,1047,-110
00:40:36,2004.34,34.45,5.22,3276.70,0.00,33.8527,33.7525,33.6790,33.5711,39618806,1417402,2225908,39601376.0000,1417776.2500,2216421.5000,-32768,1047,-110
00:40:37,2004.34,34.46,5.22,3276.70,0.00,33.8631,33.7621,33.6880,33.5874,39621480,1417432,2225908,39602572.0000,1417755.6250,2217385.5000,-32768,1047,-110
00:40:40,2004.34,34.46,5.22,3276.70,0.00,33.8695,33.7621,33.6929,33.5874,39623000,1417499,2226922,39604284.0000,1417755.6250,2218462.7500,-32768,1047,-110
00:40:42,2004.34,34.48,5.22,3276.70,0.00,33.8784,33.7783,33.6929,33.6061,39625290,1417602,2223882,39606160.0000,1417706.8750,2218873.0000,-32768,1047,-110
00:40:44,2004.34,34.48,5.22,3276.70,0.00,33.8784,33.7880,33.7059,33.6061,39625290,1417395,2227721,39607312.0000,1417692.8750,2219340.0000,-32768,1047,-110
00:40:46,1998.91,34.49,5.22,3276.70,0.00,33.8784,33.7975,33.7164,33.6212,39627217,1417127,2236549,39609016.0000,1417654.7500,2220395.7500,-32768,1047,-110
00:40:48,2004.34,34.50,5.22,3276.70,0.00,33.9030,33.8038,33.7212,33.6273,39627651,1417256,2229895,39610100.0000,1417626.2500,2221159.0000,-32768,1047,-110
00:40:49,1998.91,34.51,5.22,3276.70,0.00,33.9051,33.8038,33.7259,33.6273,39629620,1417285,2229392,39611872.0000,1417591.7500,2221998.2500,-32768,1047,-110
00:40:50,1998.91,34.52,5.22,3276.70,0.00,33.9125,33.8163,33.7376,33.6395,39631666,1417372,2227103,39612492.0000,1417584.8750,2222157.7500,-32768,1047,-110
00:40:52,1998.91,34.52,5.22,3276.70,0.00,33.9151,33.8194,33.7422,33.6427,39630735,1417286,2228524,39613064.0000,1417575.5000,2222356.7500,-32768,1047,-110
00:40:55,2004.34,34.52,5.22,3276.70,0.00,33.9201,33.8194,33.7508,33.6427,39634017,1417142,2228524,39615472.0000,1417525.5000,2223479.0000,-32768,1047,-110
00:40:57,2004.34,34.54,5.22,3276.70,0.00,33.9201,33.8378,33.7602,33.6617,39634972,1417125,2231162,39615472.0000,1417487.1250,2224161.7500,-32768,1047,-110
00:40:59,2004.34,34.55,5.22,3276.70,0.00,33.9201,33.8470,33.7602,33.6711,39636431,1417083,2226008,39618408.0000,1417451.3750,2224496.2500,-32768,1047,-110
00:41:01,2004.34,34.55,5.22,3276.70,0.00,33.9507,33.8532,33.7602,33.6711,39639607,1417103,2232355,39620208.0000,1417451.3750,2224965.2500,-32768,1047,-110
00:41:03,1998.91,34.57,5.22,3276.70,0.00,33.9507,33.8532,33.7826,33.6711,39639735,1417149,2232355,39622008.0000,1417419.6250,2225082.2500,-32768,1047,-110
00:41:05,1998.91,34.58,5.22,3276.70,0.00,33.9702,33.8720,33.7901,33.6957,39640491,1417121,2234529,39623184.0000,1417419.6250,2225082.2500,-32768,1047,-110
00:41:07,2004.34,34.58,5.22,3276.70,0.00,33.9732,33.8752,33.7927,33.6987,39641124,1417251,2234529,39624332.0000,1417393.3750,2226281.5000,-32768,1047,-110
00:41:09,1998.91,34.59,5.22,3276.70,0.00,33.9833,33.8846,33.8032,33.7078,39644309,1417251,2234529,39626128.0000,1417361.8750,2227091.0000,-32768,1047,-110
00:41:10,2004.34,34.60,5.22,3276.70,0.00,33.9945,33.8943,33.8176,33.7172,39646298,1417041,2233007,39627336.0000,1417343.0000,2227554.5000,-32768,1047,-110
00:41:12,1998.91,34.60,5.22,3276.70,0.00,33.9966,33.8943,33.8256,33.7172,39647159,1416984,2235826,39629184.0000,1417317.2500,2228312.5000,-32768,1047,-110
00:41:14,2004.34,34.61,5.22,3276.70,0.00,34.0061,33.9070,33.8332,33.7303,39645498,1416752,2238479,39629184.0000,1417299.5000,2228312.5000,-32768,1047,-110
00:41:18,1998.91,34.62,5.22,3276.70,0.00,34.0061,33.9166,33.8332,33.7436,39645498,1416895,2238479,39629184.0000,1417247.8750,2229918.0000,-32768,1047,-110
00:41:19,2004.34,34.63,5.22,3276.70,0.00,34.0266,33.9261,33.8529,33.7502,39652286,1417008,2239108,39633368.0000,1417240.3750,2230205.2500,-32768,1047,-110
00:41:21,2004.34,34.64,5.22,3276.70,0.00,34.0266,33.9357,33.8529,33.7597,39657107,1417260,2229962,39635888.0000,1417212.8750,2231061.7500,-32768,1047,-110
00:41:23,2004.34,34.65,5.22,3276.70,0.00,34.0417,33.9421,33.8629,33.7660,39655818,1417136,2233194,39636508.0000,1417210.5000,2231128.2500,-32768,1047,-110
00:41:24,1998.91,34.65,5.22,3276.70,0.00,34.0471,33.9485,33.8696,33.7722,39655865,1416810,2240747,39637656.0000,1417188.7500,2231710.7500,-32768,1047,-110
00:41:26,1998.91,34.65,5.22,3276.70,0.00,34.0505,33.9516,33.8726,33.7754,39656960,1416899,2240747,39638956.0000,1417188.7500,2232387.7500,-32768,1047,-110
00:41:27,2004.34,34.67,5.22,3276.70,0.00,34.0554,33.9579,33.8791,33.7816,39658165,1416991,2242439,39639556.0000,1417168.8750,2232950.0000,-32768,1047,-110
00:41:28,1998.91,34.67,5.22,3276.70,0.00,34.0594,33.9642,33.8791,33.7880,39658157,1416789,2240934,39640680.0000,1417149.0000,2233199.5000,-32768,1047,-110
00:41:31,1998.91,34.68,5.22,3276.70,0.00,34.0654,33.9642,33.8934,33.7880,39662162,1416795,2242626,39642584.0000,1417149.0000,2234329.5000,-32768,1047,-110
00:41:33,1998.91,34.68,5.22,3276.70,0.00,34.0654,33.9642,33.9017,33.7880,39663860,1416671,2253776,39645028.0000,1417079.5000,2235322.7500,-32768,1047,-110
00:41:35,1998.91,34.70,5.22,3276.70,0.00,34.0833,33.9886,33.9065,33.8128,39663860,1416699,2253776,39646240.0000,1417057.6250,2236055.2500,-32768,1047,-110
00:41:37,1998.91,34.71,5.22,3276.70,0.00,34.0833,33.9978,33.9126,33.8217,39665581,1416634,2243818,39647408.0000,1417038.8750,2236055.2500,-32768,1047,-110
00:41:40,1960.90,34.72,5.22,3276.70,0.00,34.0833,34.0068,33.9126,33.8329,39670186,1416634,2243818,39649768.0000,1417008.7500,2237944.0000,-32768,1047,-110
00:41:42,1939.18,34.72,5.20,3276.70,0.00,34.0971,34.0150,33.9185,33.8381,39672652,1417633,2245401,39651168.0000,1417044.7500,2238399.2500,-32768,1047,-110
00:41:44,1906.59,34.73,5.17,3276.70,0.00,34.0953,34.0200,33.9180,33.8430,39671866,1417903,2245401,39653076.0000,1417125.8750,2238915.5000,-32768,1047,-110
00:41:46,1884.87,34.73,5.15,3276.70,0.00,34.0928,34.0245,33.9130,33.8474,39667870,1418686,2233337,39653960.0000,1417210.6250,2238903.5000,-32768,1047,-110
00:41:48,1857.72,34.73,5.13,3276.70,0.00,34.0875,34.0245,33.8995,33.8474,39660848,1418952,2243655,39653960.0000,1417210.6250,2239085.0000,-32768,1047,-110
00:41:50,1825.13,34.72,5.10,3276.70,0.00,34.0875,34.0245,33.8866,33.8474,39659308,1419547,2238120,39654788.0000,1417499.8750,2239163.2500,-32768,1047,-110
00:41:54,1776.26,34.71,5.07,3276.70,0.00,34.0875,34.0368,33.8866,33.8582,39649780,1419547,2240326,39654788.0000,1417884.5000,2239380.0000,-32768,1047,-110
00:41:55,1754.53,34.70,5.03,3276.70,0.00,34.0453,34.0380,33.8599,33.8584,39649122,1420744,2240326,39653956.0000,1418070.3750,2239424.7500,-32768,1047,-110
00:41:57,1716.52,34.70,5.01,3276.70,0.00,34.0317,34.0378,33.8599,33.8580,39645529,1420744,2239152,39653956.0000,1418383.5000,2239342.7500,-32768,1047,-110
00:42:00,1683.94,34.68,5.00,3276.70,0.00,34.0204,34.0378,33.8393,33.8580,39644257,1422526,2237401,39652512.0000,1418383.5000,2239342.7500,-32768,1047,-110
00:42:02,1640.49,34.67,4.95,3276.70,0.00,34.0020,34.0334,33.8393,33.8530,39644257,1423205,2244523,39651628.0000,1419017.2500,2239356.7500,-32768,1047,-110
00:42:06,1602.48,34.67,4.95,3276.70,0.00,34.0020,34.0284,33.8393,33.8475,39644257,1424172,2244523,39649636.0000,1419743.6250,2239370.5000,-32768,1047,-110
00:42:09,1575.32,34.66,4.95,3276.70,0.00,34.0020,34.0222,33.8393,33.8408,39644257,1424913,2234933,39648216.0000,1420344.7500,2239005.2500,-32768,1047,-110
00:42:11,1564.46,34.66,4.82,3276.70,0.00,33.9654,34.0155,33.8393,33.8408,39631857,1425113,2233324,39646348.0000,1420793.6250,2238529.2500,-32768,1047,-110
00:42:13,1564.46,34.66,4.79,3276.70,0.00,33.9671,34.0111,33.7912,33.8316,39632074,1425285,2233324,39645480.0000,1421067.0000,2238225.7500,-32768,1047,-110
00:42:16,1564.46,34.66,4.79,3276.70,0.00,33.9727,34.0086,33.7964,33.8316,39634596,1425356,2234330,39644584.0000,1421067.0000,2238225.7500,-32768,1047,-110
00:42:17,1564.46,34.66,4.78,3276.70,0.00,33.9818,34.0058,33.8155,33.8273,39640340,1425436,2235454,39644276.0000,1421701.1250,2238053.2500,-32768,1047,-110
00:42:18,1564.46,34.66,4.78,3276.70,0.00,33.9878,34.0052,33.8246,33.8271,39645122,1425267,2235454,39644388.0000,1421921.0000,2238102.2500,-32768,1047,-110
00:42:21,1564.46,34.66,4.78,3276.70,0.00,33.9878,34.0047,33.8246,33.8284,39654710,1425267,2235454,39645120.0000,1422241.0000,2237888.7500,-32768,1047,-110
00:42:23,1559.03,34.67,4.78,3276.70,0.00,33.9878,34.0060,33.8246,33.8327,39659599,1425656,2237889,39646140.0000,1422558.2500,2237433.0000,-32768,1047,-110
00:42:25,1553.60,34.67,4.78,3276.70,0.00,34.0436,34.0088,33.8886,33.8358,39662089,1425656,2237889,39647128.0000,1422739.8750,2237579.5000,-32768,1047,-110
00:42:27,1553.60,34.68,4.78,3276.70,0.00,34.0436,34.0115,33.9054,33.8420,39668047,1425588,2237889,39648988.0000,1423000.5000,2237681.7500,-32768,1047,-110
00:42:29,1553.60,34.69,4.77,3276.70,0.00,34.0780,34.0169,33.9243,33.8469,39671118,1425720,2243935,39650276.0000,1423164.0000,2238022.7500,-32768,1047,-110
00:42:32,1553.60,34.69,4.78,3276.70,0.00,34.0780,34.0236,33.9243,33.8548,39675273,1425657,2245470,39652512.0000,1423393.0000,2238583.0000,-32768,1047,-110
00:42:33,1553.60,34.70,4.78,3276.70,0.00,34.1110,34.0288,33.9465,33.8603,39677931,1425551,2246108,39654060.0000,1423527.2500,2238818.2500,-32768,1047,-110
00:42:35,1542.74,34.71,4.78,3276.70,0.00,34.1166,34.0315,33.9499,33.8603,39680976,1425558,2247695,39655712.0000,1423527.2500,2238818.2500,-32768,1047,-110
00:42:36,1542.74,34.71,4.77,3276.70,0.00,34.1229,34.0370,33.9560,33.8687,39682469,1425529,2249072,39657416.0000,1423770.6250,2239824.7500,-32768,1047,-110
00:42:38,1531.88,34.72,4.77,3276.70,0.00,34.1294,34.0426,33.9560,33.8742,39687386,1425715,2247355,39658352.0000,1423770.6250,2240104.7500,-32768,1047,-110
00:42:39,1537.31,34.72,4.76,3276.70,0.00,34.1334,34.0480,33.9639,33.8796,39690026,1425935,2242112,39658352.0000,1424016.7500,2240443.5000,-32768,1047,-110
00:42:41,1537.31,34.73,4.76,3276.70,0.00,34.1334,34.0535,33.9639,33.8876,39688862,1425702,2248182,39662840.0000,1424122.7500,2240948.5000,-32768,1047,-110
00:42:42,1526.45,34.73,4.76,3276.70,0.00,34.1460,34.0619,33.9766,33.8930,39690739,1425705,2246357,39664544.0000,1424219.0000,2241255.0000,-32768,1047,-110
00:42:44,1526.45,34.74,4.76,3276.70,0.00,34.1543,34.0647,33.9796,33.8957,39692794,1425798,2248236,39665424.0000,1424268.3750,2241473.2500,-32768,1047,-110
00:42:45,1526.45,34.74,4.76,3276.70,0.00,34.1563,34.0676,33.9820,33.8957,39697849,1425798,2248236,39668340.0000,1424421.0000,2242297.2500,-32768,1047,-110
00:42:47,1526.45,34.74,4.75,3276.70,0.00,34.1610,34.0759,33.9904,33.9064,39696706,1425981,2248236,39668340.0000,1424469.7500,2242584.7500,-32768,1047,-110
00:42:48,1521.02,34.75,4.75,3276.70,0.00,34.1610,34.0813,33.9956,33.9118,39697582,1426013,2249701,39670928.0000,1424561.8750,2243048.5000,-32768,1047,-110
00:42:50,1521.02,34.75,4.76,3276.70,0.00,34.1696,34.0840,33.9983,33.9145,39698933,1426022,2251326,39671804.0000,1424607.5000,2243307.2500,-32768,1047,-110
00:42:52,1515.59,34.76,4.75,3276.70,0.00,34.1696,34.0923,33.9983,33.9252,39705442,1426022,2252366,39675500.0000,1424762.6250,2244426.2500,-32768,1047,-110
00:42:55,1510.16,34.76,4.75,3276.70,0.00,34.1875,34.1006,34.0142,33.9252,39705442,1426199,2260952,39678432.0000,1424891.5000,2245710.7500,-32768,1047,-110
00:42:57,1510.16,34.77,4.75,3276.70,0.00,34.1928,34.1061,34.0198,33.9360,39708202,1426311,2260952,39680292.0000,1424975.7500,2245710.7500,-32768,1047,-110
00:42:59,1504.72,34.77,4.75,3276.70,0.00,34.1991,34.1061,34.0282,33.9360,39712576,1426165,2258944,39683048.0000,1425083.0000,2247317.0000,-32768,1047,-110
00:43:01,1499.29,34.78,4.74,3276.70,0.00,34.2079,34.1061,34.0372,33.9523,39715743,1426267,2257208,39683048.0000,1425083.0000,2248079.7500,-32768,1047,-110
00:43:02,1499.29,34.78,4.74,3276.70,0.00,34.2167,34.1286,34.0417,33.9577,39717159,1426345,2257078,39686952.0000,1425227.0000,2248079.7500,-32768,1047,-110
00:43:05,1488.43,34.79,4.74,3276.70,0.00,34.2167,34.1341,34.0417,33.9656,39717159,1426611,2257078,39690896.0000,1425391.2500,2249248.2500,-32768,1047,-110
00:43:08,1488.43,34.79,4.73,3276.70,0.00,34.2167,34.1478,34.0417,33.9762,39717159,1426495,2256332,39694328.0000,1425526.0000,2250095.0000,-32768,1047,-110
00:43:09,1499.29,34.80,4.73,3276.70,0.00,34.2167,34.1478,34.0676,33.9816,39723395,1426516,2257087,39696092.0000,1425589.3750,2250552.5000,-32768,1047,-110
00:43:11,1515.59,34.80,4.74,3276.70,0.00,34.2462,34.1593,34.0757,33.9873,39723315,1426380,2255982,39696944.0000,1425614.0000,2250722.2500,-32768,1047,-110
00:43:14,1542.74,34.80,4.75,3276.70,0.00,34.2636,34.1593,34.0871,33.9873,39688808,1423748,2255703,39697748.0000,1425614.0000,2250722.2500,-32768,1047,-110
00:43:16,1569.89,34.81,4.77,3276.70,0.00,34.2636,34.1792,34.1209,34.0066,39703499,1423642,2258146,39697328.0000,1425338.1250,2250722.2500,-32768,1047,-110
00:43:18,1597.05,34.81,4.80,3276.70,0.00,34.3106,34.1870,34.1454,34.0148,39705384,1422715,2258146,39697716.0000,1425090.1250,2252789.7500,-32768,1047,-110
00:43:19,1624.20,34.81,4.80,3276.70,0.00,34.3346,34.2004,34.1879,34.0292,39678626,1420387,2260444,39696620.0000,1424816.8750,2253225.5000,-32768,1047,-110
00:43:21,1645.92,34.81,4.86,3276.70,0.00,34.3611,34.2054,34.2026,34.0346,39679609,1420109,2260444,39696088.0000,1424669.7500,2253474.7500,-32768,1047,-110
00:43:24,1678.51,34.81,4.88,3276.70,0.00,34.3611,34.2219,34.2026,34.0524,39679609,1420109,2264606,39696088.0000,1424669.7500,2254646.7500,-32768,1047,-110
00:43:25,1689.37,34.81,4.90,3276.70,0.00,34.4224,34.2338,34.2696,34.0653,39688976,1418863,2265733,39696088.0000,1424669.7500,2255314.2500,-32768,1047,-110
00:43:26,1700.23,34.81,4.91,3276.70,0.00,34.4470,34.2465,34.2934,34.0789,39692191,1418647,2266423,39694336.0000,1423547.5000,2255661.2500,-32768,1047,-110
00:43:27,1711.09,34.81,4.91,3276.70,0.00,34.4587,34.2531,34.3043,34.0860,39690234,1418333,2266423,39694044.0000,1423221.3750,2256360.0000,-32768,1047,-110
00:43:29,1727.38,34.80,4.91,3276.70,0.00,34.4927,34.2738,34.3389,34.1078,39698450,1418262,2266423,39694168.0000,1422914.6250,2257163.0000,-32768,1047,-110
00:43:31,1759.97,34.80,4.91,3276.70,0.00,34.5041,34.2810,34.3493,34.1154,39700553,1418313,2271277,39694368.0000,1422914.6250,2257163.0000,-32768,1047,-110
00:43:32,1787.12,34.80,4.93,3276.70,0.00,34.5271,34.2958,34.3493,34.1387,39702924,1417957,2273148,39695024.0000,1422355.1250,2258998.5000,-32768,1047,-110
00:43:33,1814.27,34.80,4.93,3276.70,0.00,34.5525,34.3112,34.3963,34.1467,39703073,1417762,2273432,39695276.0000,1422211.6250,2259913.0000,-32768,1047,-110
00:43:36,1846.86,34.81,4.93,3276.70,0.00,34.5525,34.3354,34.3963,34.1717,39703073,1417790,2278967,39697216.0000,1421671.2500,2261547.5000,-32768,1047,-110
00:43:37,1857.72,34.81,4.91,3276.70,0.00,34.6111,34.3520,34.4579,34.1889,39725360,1418079,2279556,39698096.0000,1421559.0000,2262110.2500,-32768,1047,-110
00:43:39,1868.58,34.82,4.90,3276.70,0.00,34.6210,34.3604,34.4679,34.1977,39731955,1418358,2281280,39699152.0000,1421559.0000,2263340.5000,-32768,1047,-110
00:43:41,1890.30,34.82,4.89,3276.70,0.00,34.6395,34.3604,34.4947,34.1977,39726644,1418138,2283397,39702480.0000,1421057.5000,2265157.7500,-32768,1047,-110
00:43:42,1906.59,34.82,4.89,3276.70,0.00,34.6659,34.4027,34.5118,34.2412,39726297,1418149,2283091,39703936.0000,1420878.2500,2266303.2500,-32768,1047,-110
00:43:43,1917.45,34.82,4.89,3276.70,0.00,34.6747,34.4112,34.5198,34.2499,39723498,1418065,2285377,39704548.0000,1420790.3750,2266899.2500,-32768,1047,-110
00:43:46,1939.18,34.83,4.89,3276.70,0.00,34.6911,34.4112,34.5198,34.2672,39717791,1418065,2284135,39704548.0000,1420519.6250,2266899.2500,-32768,1047,-110
00:43:48,1955.47,34.83,4.89,3276.70,0.00,34.7139,34.4534,34.5198,34.2672,39712465,1417982,2287112,39705776.0000,1420519.6250,2270161.5000,-32768,1047,-110
00:43:50,1977.19,34.83,4.89,3276.70,0.00,34.7337,34.4782,34.5198,34.3264,39714897,1418287,2288181,39706576.0000,1420164.2500,2271261.0000,-32768,1047,-110
00:43:52,1982.62,34.83,4.89,3276.70,0.00,34.7442,34.4944,34.5886,34.3346,39705023,1418063,2288181,39706328.0000,1420028.7500,2271261.0000,-32768,1047,-110
00:43:54,2004.34,34.83,4.89,3276.70,0.00,34.7566,34.5178,34.6004,34.3584,39710917,1418568,2288181,39706796.0000,1419899.8750,2271261.0000,-32768,1047,-110
00:43:57,2031.50,34.83,4.88,3276.70,0.00,34.7566,34.5470,34.6004,34.3880,39709553,1418846,2289701,39707872.0000,1419838.1250,2275679.2500,-32768,1047,-110
00:43:58,2042.36,34.83,4.88,3276.70,0.00,34.7696,34.5605,34.6178,34.4020,39693702,1417781,2287892,39707336.0000,1419729.6250,2276060.7500,-32768,1047,-110
00:44:01,2047.79,34.82,4.89,3276.70,0.00,34.7696,34.5798,34.6178,34.4283,39722085,1417781,2290361,39706744.0000,1419569.8750,2277636.2500,-32768,1047,-110
00:44:03,2047.79,34.82,4.88,3276.70,0.00,34.7743,34.5975,34.6246,34.4404,39730101,1419964,2291506,39708156.0000,1419588.0000,2278500.5000,-32768,1047,-110
00:44:04,2053.22,34.82,4.88,3276.70,0.00,34.7723,34.6030,34.6232,34.4516,39734894,1419964,2291506,39709728.0000,1419622.2500,2279302.7500,-32768,1047,-110
00:44:06,2080.37,34.81,4.87,3276.70,0.00,34.7684,34.6132,34.6220,34.4569,39736642,1420384,2291506,39711384.0000,1419671.5000,2279302.7500,-32768,1047,-110
00:44:08,2107.53,34.80,4.87,3276.70,0.00,34.7664,34.6132,34.6220,34.4718,39729617,1419527,2290856,39712724.0000,1419687.3750,2280775.2500,-32768,1047,-110
00:44:09,2134.68,34.80,4.89,3276.70,0.00,34.7663,34.6314,34.6220,34.4765,39707214,1418162,2290856,39712016.0000,1419569.6250,2281282.5000,-32768,1047,-110
00:44:12,2161.83,34.80,4.89,3276.70,0.00,34.7714,34.6398,34.6220,34.4765,39708116,1417019,2290856,39712016.0000,1419569.6250,2281960.5000,-32768,1047,-110
00:44:15,2178.13,34.80,4.89,3276.70,0.00,34.7775,34.6560,34.6220,34.5073,39708116,1416002,2289758,39711068.0000,1419030.0000,2282651.7500,-32768,1047,-110
00:44:16,2183.56,34.78,4.89,3276.70,0.00,34.7822,34.6672,34.6381,34.5152,39723941,1417225,2290906,39712016.0000,1418853.2500,2283383.2500,-32768,1047,-110
00:44:18,2194.42,34.78,4.95,3276.70,0.00,34.7855,34.6744,34.6412,34.5229,39726047,1417347,2289707,39712456.0000,1418853.2500,2283383.2500,-32768,1047,-110
00:44:20,2210.71,34.77,4.95,3276.70,0.00,34.7855,34.6846,34.6447,34.5338,39732665,1417739,2292980,39714176.0000,1418704.8750,2284373.5000,-32768,1047,-110
00:44:21,2216.14,34.76,4.91,3276.70,0.00,34.7876,34.6909,34.6459,34.5406,39737818,1418473,2291772,39715364.0000,1418675.1250,2284842.5000,-32768,1047,-110
00:44:23,2216.14,34.76,4.90,3276.70,0.00,34.7867,34.6939,34.6466,34.5439,39739436,1418613,2291891,39716728.0000,1418669.1250,2285297.5000,-32768,1047,-110
00:44:24,2221.57,34.75,4.89,3276.70,0.00,34.7802,34.6939,34.6379,34.5527,39742855,1419139,2293017,39718192.0000,1418687.2500,2285740.5000,-32768,1047,-110
00:44:27,2183.56,34.74,4.89,3276.70,0.00,34.7802,34.7057,34.6379,34.5592,39752823,1419727,2291897,39721104.0000,1418763.1250,2286355.2500,-32768,1047,-110
00:44:30,2123.82,34.73,4.87,3276.70,0.00,34.7802,34.7099,34.6379,34.5628,39752823,1420296,2290248,39724608.0000,1418763.1250,2286355.2500,-32768,1047,-110
00:44:32,2102.10,34.70,4.83,3276.70,0.00,34.7086,34.7099,34.5535,34.5630,39754381,1420296,2287614,39727532.0000,1419020.1250,2287008.5000,-32768,1047,-110
00:44:33,2069.51,34.68,4.83,3276.70,0.00,34.6808,34.7094,34.5371,34.5622,39749862,1420112,2287614,39728744.0000,1419020.1250,2286949.0000,-32768,1047,-110
00:44:36,2026.07,34.67,4.83,3276.70,0.00,34.6334,34.7039,34.5371,34.5535,39749862,1420570,2287614,39729820.0000,1419245.6250,2286409.2500,-32768,1047,-110
00:44:38,2004.34,34.65,4.75,3276.70,0.00,34.5834,34.6944,34.5371,34.5461,39724675,1420912,2277641,39729568.0000,1419342.3750,2285945.0000,-32768,1047,-110
00:44:39,1982.62,34.65,4.74,3276.70,0.00,34.5506,34.6860,34.3892,34.5370,39724221,1421242,2275786,39729400.0000,1419401.7500,2285627.5000,-32768,1047,-110
00:44:41,1971.76,34.64,4.71,3276.70,0.00,34.5226,34.6763,34.3584,34.5370,39716729,1422076,2273058,39728444.0000,1419617.1250,2284611.7500,-32768,1047,-110
00:44:44,1950.04,34.64,4.71,3276.70,0.00,34.4948,34.6763,34.3195,34.5370,39711958,1422045,2271400,39727520.0000,1419845.1250,2283399.7500,-32768,1047,-110
00:44:45,1933.75,34.62,4.68,3276.70,0.00,34.4580,34.6477,34.2909,34.5370,39710029,1422627,2268180,39725980.0000,1419845.1250,2283399.7500,-32768,1047,-110
00:44:47,1906.59,34.61,4.69,3276.70,0.00,34.4329,34.6477,34.2491,34.4743,39707432,1423188,2267173,39724908.0000,1420199.5000,2281574.2500,-32768,1047,-110
00:44:49,1868.58,34.60,4.70,3276.70,0.00,34.4329,34.6143,34.2491,34.4516,39706817,1423882,2263369,39723308.0000,1420517.0000,2280099.7500,-32768,1047,-110
00:44:51,1835.99,34.58,4.70,3276.70,0.00,34.3688,34.5996,34.2004,34.4438,39704726,1424087,2262932,39723308.0000,1420744.6250,2278989.2500,-32768,1047,-110
00:44:52,1819.70,34.56,4.70,3276.70,0.00,34.3310,34.5763,34.1569,34.4191,39695740,1424646,2259149,39720520.0000,1420980.3750,2277795.0000,-32768,1047,-110
00:44:55,1787.12,34.56,4.64,3276.70,0.00,34.3165,34.5763,34.1262,34.4191,39688476,1425193,2256244,39717832.0000,1420980.3750,2275313.2500,-32768,1047,-110
00:44:58,1754.53,34.56,4.60,3276.70,0.00,34.2483,34.5250,34.0794,34.4191,39682514,1425193,2251106,39713776.0000,1421881.1250,2273274.2500,-32768,1047,-110
00:45:00,1738.24,34.51,4.58,3276.70,0.00,34.2483,34.4980,34.0540,34.3373,39680483,1426444,2249802,39711688.0000,1422154.7500,2271826.0000,-32768,1047,-110
00:45:03,1711.09,34.50,4.57,3276.70,0.00,34.2483,34.4802,34.0540,34.3099,39678902,1426444,2249802,39707728.0000,1422700.3750,2269062.5000,-32768,1047,-110
00:45:04,1689.37,34.50,4.53,3276.70,0.00,34.1789,34.4536,34.0184,34.2921,39675380,1427090,2247173,39706720.0000,1422700.3750,2269062.5000,-32768,1047,-110
00:45:06,1673.07,34.46,4.52,3276.70,0.00,34.1682,34.4276,34.0044,34.2664,39672806,1427438,2247173,39703652.0000,1423249.0000,2266311.7500,-32768,1047,-110
00:45:08,1656.78,34.45,4.52,3276.70,0.00,34.1569,34.4191,34.0044,34.2493,39670106,1427628,2245314,39701584.0000,1423517.1250,2265033.7500,-32768,1047,-110
00:45:10,1635.06,34.44,4.52,3276.70,0.00,34.1569,34.3939,33.9659,34.2321,39667794,1427953,2243086,39699608.0000,1423787.0000,2263704.7500,-32768,1047,-110
00:45:12,1613.34,34.42,4.49,3276.70,0.00,34.1202,34.3939,33.9533,34.2151,39667794,1428547,2242637,39696468.0000,1424199.7500,2261839.5000,-32768,1047,-110
00:45:14,1607.91,34.42,4.47,3276.70,0.00,34.1006,34.3525,33.9321,34.1900,39661702,1428678,2241414,39696468.0000,1424199.7500,2259950.2500,-32768,1047,-110
00:45:16,1597.05,34.41,4.46,3276.70,0.00,34.1006,34.3286,33.9321,34.1656,39658132,1428891,2239570,39691216.0000,1424871.7500,2258683.5000,-32768,1047,-110
00:45:19,1580.75,34.39,4.47,3276.70,0.00,34.1006,34.3132,33.9080,34.1656,39658132,1429102,2239863,39688296.0000,1425247.7500,2257017.5000,-32768,1047,-110
00:45:21,1569.89,34.37,4.48,3276.70,0.00,34.1006,34.2840,33.9036,34.1208,39662574,1429483,2238642,39685876.0000,1425619.8750,2255373.5000,-32768,1047,-110
00:45:24,1564.46,34.35,4.47,3276.70,0.00,34.1006,34.2635,33.9036,34.0939,39662492,1429544,2236935,39683184.0000,1425619.8750,2255373.5000,-32768,1047,-110
00:45:28,1553.60,34.33,4.47,3276.70,0.00,34.1006,34.2377,33.9036,34.0692,39662492,1429938,2236935,39680636.0000,1426631.2500,2250928.5000,-32768,1047,-110
00:45:29,1548.17,34.33,4.47,3276.70,0.00,34.0389,34.2197,33.8831,34.0577,39670834,1430006,2235683,39680636.0000,1426631.2500,2250020.5000,-32768,1047,-110
00:45:32,1531.88,34.32,4.47,3276.70,0.00,34.0340,34.2197,33.8786,34.0577,39671855,1430046,2235683,39679120.0000,1427224.1250,2248416.5000,-32768,1047,-110
00:45:34,1521.02,34.31,4.47,3276.70,0.00,34.0314,34.1874,33.8763,34.0264,39677930,1430329,2235984,39679084.0000,1427321.1250,2248028.0000,-32768,1047,-110
00:45:36,1510.16,34.30,4.47,3276.70,0.00,34.0286,34.1776,33.8763,34.0126,39677800,1430672,2236744,39679056.0000,1427621.8750,2247023.0000,-32768,1047,-110
00:45:38,1504.72,34.29,4.47,3276.70,0.00,34.0230,34.1637,33.8763,34.0037,39675737,1430753,2236699,39678804.0000,1427906.6250,2246117.7500,-32768,1047,-110
00:45:40,1499.29,34.28,4.47,3276.70,0.00,34.0186,34.1548,33.8763,33.9909,39672850,1430837,2235863,39678460.0000,1428087.5000,2245542.0000,-32768,1047,-110
00:45:43,1548.17,34.28,4.45,3276.70,0.00,34.0186,34.1420,33.8763,33.9787,39672850,1430886,2235674,39678152.0000,1428341.1250,2244629.2500,-32768,1047,-110
00:45:46,1586.18,34.28,4.50,3276.70,0.00,34.0202,34.1306,33.8698,33.9787,39662967,1429088,2235674,39676976.0000,1428341.1250,2243470.7500,-32768,1047,-110
00:45:48,1607.91,34.26,4.50,3276.70,0.00,34.0507,34.1306,33.8698,33.9589,39662967,1429282,2238738,39678012.0000,1428544.2500,2242960.2500,-32768,1047,-110
00:45:52,1645.92,34.26,4.55,3276.70,0.00,34.0507,34.1138,33.8698,33.9547,39662967,1427823,2239828,39678012.0000,1428541.2500,2242581.0000,-32768,1047,-110
00:45:54,1673.07,34.25,4.58,3276.70,0.00,34.0507,34.1133,33.8698,33.9563,39695848,1427006,2243653,39682056.0000,1428405.3750,2242581.0000,-32768,1047,-110
00:45:56,1689.37,34.25,4.59,3276.70,0.00,34.1532,34.1160,34.0046,33.9590,39693923,1426563,2245303,39682928.0000,1428301.8750,2242737.2500,-32768,1047,-110
00:45:58,1727.38,34.25,4.59,3276.70,0.00,34.1532,34.1191,34.0046,33.9650,39681334,1425252,2246006,39683428.0000,1428079.6250,2242993.2500,-32768,1047,-110
00:46:00,1765.40,34.25,4.62,3276.70,0.00,34.1532,34.1257,34.0560,33.9702,39679167,1424594,2246728,39683000.0000,1427868.2500,2242993.2500,-32768,1047,-110
00:46:02,1787.12,34.26,4.65,3276.70,0.00,34.2241,34.1314,34.0761,33.9764,39696509,1425164,2249912,39683512.0000,1427692.2500,2243554.2500,-32768,1047,-110
00:46:03,1803.41,34.26,4.66,3276.70,0.00,34.2479,34.1381,34.0967,33.9835,39706653,1424723,2252072,39684892.0000,1427521.3750,2244067.0000,-32768,1047,-110
00:46:05,1835.99,34.26,4.66,3276.70,0.00,34.2590,34.1419,34.1068,33.9835,39706653,1424710,2252072,39686704.0000,1427354.0000,2244611.7500,-32768,1047,-110
00:46:06,1868.58,34.27,4.66,3276.70,0.00,34.2882,34.1543,34.1369,34.0000,39721196,1424519,2252072,39688840.0000,1427185.3750,2245235.2500,-32768,1047,-110
00:46:10,1939.18,34.27,4.63,3276.70,0.00,34.2882,34.1679,34.1369,34.0139,39721196,1425328,2259370,39694464.0000,1426917.8750,2246680.5000,-32768,1047,-110
00:46:12,2009.78,34.28,4.59,3276.70,0.00,34.3384,34.1824,34.1369,34.0337,39736948,1425328,2260863,39698764.0000,1426702.3750,2247912.2500,-32768,1047,-110
00:46:14,2042.36,34.29,4.58,3276.70,0.00,34.3637,34.1824,34.2179,34.0337,39755993,1424285,2263412,39703528.0000,1426480.8750,2249292.0000,-32768,1047,-110
00:46:16,2009.78,34.31,4.58,3276.70,0.00,34.3944,34.2105,34.2372,34.0563,39760284,1424502,2264252,39705300.0000,1426480.8750,2250245.0000,-32768,1047,-110
00:46:18,1993.48,34.31,4.47,3276.70,0.00,34.3944,34.2280,34.2536,34.0737,39788796,1427254,2268064,39711968.0000,1426480.8750,2251831.0000,-32768,1047,-110
00:46:20,1993.48,34.31,4.39,3276.70,0.00,34.4084,34.2391,34.2577,34.0737,39791869,1428894,2271228,39719480.0000,1426480.8750,2252965.7500,-32768,1047,-110
00:46:23,2004.34,34.31,4.38,3276.70,0.00,34.4084,34.2391,34.2555,34.0737,39783944,1429820,2269311,39725376.0000,1426480.8750,2252965.7500,-32768,1047,-110
00:46:24,2004.34,34.31,4.39,3276.70,0.00,34.3976,34.2674,34.2499,34.1142,39779934,1429996,2268242,39728848.0000,1426480.8750,2252965.7500,-32768,1047,-110
00:46:27,2004.34,34.32,4.39,3276.70,0.00,34.3942,34.2752,34.2448,34.1261,39780425,1429996,2267714,39733372.0000,1427296.1250,2252965.7500,-32768,1047,-110
00:46:29,2004.34,34.33,4.39,3276.70,0.00,34.3942,34.2886,34.2299,34.1358,39772363,1428865,2266560,39737384.0000,1427473.8750,2257472.5000,-32768,1047,-110
00:46:30,2004.34,34.33,4.39,3276.70,0.00,34.3775,34.2913,34.2250,34.1386,39771106,1428756,2266961,39738436.0000,1427514.0000,2257769.0000,-32768,1047,-110
00:46:31,2004.34,34.34,4.40,3276.70,0.00,34.3721,34.2938,34.2215,34.1412,39772102,1428724,2265770,39739488.0000,1427589.6250,2258272.2500,-32768,1047,-110
00:46:33,2004.34,34.34,4.40,3276.70,0.00,34.3620,34.2981,34.2215,34.1455,39772102,1428447,2265460,39742312.0000,1427589.6250,2258931.2500,-32768,1047,-110
00:46:34,2004.34,34.35,4.44,3276.70,0.00,34.3498,34.3014,34.1947,34.1500,39766242,1428372,2264572,39743760.0000,1427694.1250,2259107.7500,-32768,1047,-110
00:46:36,2004.34,34.36,4.46,3276.70,0.00,34.3345,34.3037,34.1792,34.1509,39767220,1428201,2264080,39744492.0000,1427694.1250,2259375.2500,-32768,1047,-110
00:46:38,1998.91,34.36,4.50,3276.70,0.00,34.3164,34.3052,34.1619,34.1522,39761670,1427888,2263100,39746208.0000,1427738.3750,2259594.2500,-32768,1047,-110
00:46:39,2004.34,34.36,4.51,3276.70,0.00,34.3113,34.3054,34.1585,34.1522,39761670,1427829,2261708,39746904.0000,1427743.6250,2259759.0000,-32768,1047,-110
00:46:42,2004.34,34.36,4.51,3276.70,0.00,34.3113,34.3053,34.1585,34.1521,39755447,1427829,2260984,39748012.0000,1427747.8750,2259862.0000,-32768,1047,-110
