elapsed_time,mpx5500_pressure_hpa,rh_temp_c,humidity_pct,k96_pressure_hpa,k96_pressure_filtered_hpa,ntc0_temp_c,ntc0_temp_filtered_c,ntc1_temp_c,ntc1_temp_filtered_c,lpl_signal,mpl_signal,spl_signal,lpl_signal_filtered,mpl_signal_filtered,spl_signal_filtered,mpl_conc,lpl_conc,spl_conc
00:00:02,2237.86,19.12,0.00,3276.70,0.00,19.2408,19.0175,19.0173,18.7764,37755942,1446576,1354952,37589592.0000,1427297.3750,1341200.0000,-32768,12854,540
00:00:04,2237.86,19.14,6.18,3276.70,0.00,19.2383,19.0310,19.0152,18.7911,37754166,1446062,1354862,37599732.0000,1428458.8750,1342041.8750,-32768,12854,538
00:00:07,2232.43,19.15,6.16,3276.70,0.00,19.2383,19.0433,19.0152,18.8112,37754166,1446062,1353558,37617688.0000,1430496.8750,1343479.1250,-32768,12854,533
00:00:08,2232.43,19.18,6.12,3276.70,0.00,19.2225,19.0597,19.0063,18.8112,37744045,1444676,1352122,37625520.0000,1431377.8750,1344015.0000,-32768,12854,533
00:00:11,2232.43,19.20,6.10,3276.70,0.00,19.2150,19.0740,19.0002,18.8112,37740420,1444148,1353067,37632624.0000,1432172.0000,1344566.6250,-32768,12854,533
00:00:13,2227.00,19.23,6.10,3276.70,0.00,19.2109,19.0864,18.9942,18.8536,37737001,1443551,1352091,37642304.0000,1432172.0000,1345282.8750,-32768,12854,529
00:00:16,2227.00,19.25,6.06,3276.70,0.00,19.2109,19.0972,18.9942,18.8698,37737001,1442575,1352568,37653264.0000,1434382.2500,1346105.5000,-32768,12854,526
00:00:18,2227.00,19.27,6.05,3276.70,0.00,19.1997,19.1065,18.9857,18.8770,37731144,1442185,1351667,37658068.0000,1434866.3750,1346473.2500,-32768,12854,525
00:00:21,2221.57,19.29,6.04,3276.70,0.00,19.1997,19.1147,18.9857,18.8866,37726190,1442185,1351667,37666380.0000,1434866.3750,1347303.8750,-32768,12854,524
00:00:23,2221.57,19.29,6.03,3276.70,0.00,19.1947,19.1147,18.9808,18.8952,37724529,1442185,1351667,37671624.0000,1434866.3750,1347667.1250,-32768,12854,522
00:00:25,2227.00,19.33,6.03,3276.70,0.00,19.1939,19.1285,18.9796,18.9028,37722178,1440209,1352251,37674704.0000,1434866.3750,1347667.1250,-32768,12854,522
00:00:26,2221.57,19.34,6.05,3276.70,0.00,19.1937,19.1325,18.9792,18.9075,37719493,1439614,1351356,37678824.0000,1436688.2500,1348136.5000,-32768,12854,521
00:00:29,2221.57,19.34,6.04,3276.70,0.00,19.1938,19.1362,18.9792,18.9119,37718493,1439614,1351293,37681200.0000,1436841.6250,1348136.5000,-32768,12854,521
00:00:31,2221.57,19.36,6.05,3276.70,0.00,19.1940,19.1362,18.9798,18.9119,37715929,1438339,1350706,37684400.0000,1437004.2500,1348527.0000,-32768,12854,520
00:00:32,2221.57,19.36,6.05,3276.70,0.00,19.1952,19.1447,18.9804,18.9218,37713729,1438182,1350706,37685320.0000,1437070.6250,1348527.0000,-32768,12854,520
00:00:35,2221.57,19.38,6.06,3276.70,0.00,19.1961,19.1447,18.9804,18.9271,37713737,1437579,1350706,37685320.0000,1437070.6250,1348527.0000,-32768,12854,519
00:00:36,2221.57,19.40,6.07,3276.70,0.00,19.1977,19.1522,18.9829,18.9305,37711943,1437340,1351064,37689424.0000,1437070.6250,1348983.2500,-32768,12854,519
00:00:38,2221.57,19.40,6.07,3276.70,0.00,19.1977,19.1564,18.9829,18.9354,37713048,1436691,1350815,37692196.0000,1437086.6250,1349179.2500,-32768,12854,518
00:00:41,2221.57,19.41,6.07,3276.70,0.00,19.1977,19.1605,18.9874,18.9400,37708556,1436269,1350815,37692196.0000,1437086.6250,1348815.1250,-32768,12854,519
00:00:44,2216.14,19.41,6.10,3276.70,0.00,19.2043,19.1605,18.9898,18.9400,37708521,1435700,1350815,37695032.0000,1437086.6250,1348746.6250,-32768,12854,519
00:00:47,2205.28,19.44,6.10,3276.70,0.00,19.2043,19.1695,18.9939,18.9501,37707898,1434919,1351591,37696236.0000,1436737.1250,1348902.0000,-32768,12854,519
00:00:49,2167.26,19.44,6.10,3276.70,0.00,19.2093,19.1719,18.9936,18.9527,37712627,1434919,1350410,37697496.0000,1436574.8750,1349060.3750,-32768,12854,518
00:00:50,2145.54,19.45,6.11,3276.70,0.00,19.2038,19.1739,18.9888,18.9550,37719836,1435435,1352837,37698192.0000,1436574.8750,1349300.6250,-32768,12854,518
00:00:53,2107.53,19.45,6.08,3276.70,0.00,19.2038,19.1756,18.9888,18.9571,37719909,1435435,1353040,37701080.0000,1436417.2500,1349605.5000,-32768,12854,517
00:00:56,2085.80,19.45,6.08,3276.70,0.00,19.1669,19.1756,18.9888,18.9562,37719909,1434624,1349968,37701080.0000,1436215.6250,1349813.1250,-32768,12854,516
00:00:57,2080.37,19.45,6.08,3276.70,0.00,19.1516,19.1735,18.9298,18.9548,37707440,1434213,1349590,37702700.0000,1436084.3750,1350001.6250,-32768,12854,516
00:00:58,2069.51,19.46,6.01,3276.70,0.00,19.1471,19.1727,18.9210,18.9548,37702081,1433773,1349392,37702680.0000,1436012.1250,1349982.6250,-32768,12854,516
00:01:01,2042.36,19.45,6.01,3276.70,0.00,19.1367,19.1727,18.9135,18.9548,37698909,1433514,1357769,37702460.0000,1435792.3750,1350408.3750,-32768,12854,515
00:01:02,2009.78,19.45,6.02,3276.70,0.00,19.1295,19.1672,18.9062,18.9548,37701654,1433700,1357769,37702336.0000,1435661.1250,1350205.7500,-32768,12854,516
00:01:05,1977.19,19.45,6.02,3276.70,0.00,19.1295,19.1611,18.8849,18.9412,37705641,1433765,1359150,37702544.0000,1435492.6250,1350660.0000,-32768,12854,515
00:01:08,1966.33,19.45,6.01,3276.70,0.00,19.1295,19.1573,18.8849,18.9349,37705641,1433270,1351147,37702344.0000,1435272.5000,1350660.0000,-32768,12854,515
00:01:09,1971.76,19.44,6.02,3276.70,0.00,19.0822,19.1508,18.8569,18.9302,37694723,1433009,1352753,37702104.0000,1435128.0000,1350352.6250,-32768,12854,516
00:01:12,1993.48,19.44,6.04,3276.70,0.00,19.0801,19.1508,18.8558,18.9233,37683378,1432077,1344284,37702104.0000,1434950.2500,1350024.3750,-32768,12854,517
00:01:13,2004.34,19.44,6.10,3276.70,0.00,19.0877,19.1508,18.8681,18.9178,37678020,1431132,1345715,37698788.0000,1434624.0000,1349407.5000,-32768,12854,518
00:01:15,2015.21,19.44,6.10,3276.70,0.00,19.0983,19.1379,18.8743,18.9164,37680552,1430991,1345531,37698216.0000,1434510.5000,1349286.3750,-32768,12854,519
00:01:16,2015.21,19.45,6.18,3276.70,0.00,19.1108,19.1379,18.8956,18.9138,37689835,1431200,1335535,37697216.0000,1434202.1250,1348409.0000,-32768,12854,520
00:01:17,2015.21,19.45,6.21,3276.70,0.00,19.1236,19.1351,18.9029,18.9134,37691874,1430983,1346920,37697048.0000,1434101.6250,1348362.5000,-32768,12854,521
00:01:18,2015.21,19.45,6.22,3276.70,0.00,19.1295,19.1349,18.9091,18.9133,37692920,1430911,1348126,37696920.0000,1434001.8750,1348355.1250,-32768,12854,521
00:01:20,2015.21,19.45,6.23,3276.70,0.00,19.1354,19.1349,18.9150,18.9133,37694522,1430791,1349040,37696844.0000,1434001.8750,1348355.1250,-32768,12854,521
00:01:22,2009.78,19.46,6.27,3276.70,0.00,19.1443,19.1353,18.9150,18.9143,37694522,1430689,1349040,37696844.0000,1433539.7500,1348043.8750,-32768,12854,521
00:01:25,2004.34,19.47,6.29,3276.70,0.00,19.1544,19.1367,18.9150,18.9163,37694522,1430244,1355126,37697256.0000,1433250.2500,1348443.1250,-32768,12854,521
00:01:27,2004.34,19.47,6.29,3276.70,0.00,19.1544,19.1396,18.9150,18.9198,37698413,1430244,1355126,37697440.0000,1432841.6250,1348798.7500,-32768,12854,519
00:01:30,2004.34,19.48,6.29,3276.70,0.00,19.1544,19.1433,18.9150,18.9229,37699560,1429116,1349826,37697520.0000,1432514.3750,1349229.5000,-32768,12854,518
00:01:32,2009.78,19.48,6.33,3276.70,0.00,19.1800,19.1433,18.9651,18.9265,37698626,1428736,1354097,37697576.0000,1432289.8750,1349398.5000,-32768,12854,518
00:01:33,2004.34,19.50,6.33,3276.70,0.00,19.1848,19.1477,18.9679,18.9278,37697730,1428749,1350483,37697592.0000,1432066.8750,1349612.7500,-32768,12854,517
00:01:34,2004.34,19.50,6.35,3276.70,0.00,19.1893,19.1502,18.9726,18.9304,37699640,1428586,1350483,37697656.0000,1431958.1250,1349639.8750,-32768,12854,517
00:01:36,2004.34,19.51,6.35,3276.70,0.00,19.1916,19.1515,18.9726,18.9318,37699640,1428556,1348344,37697692.0000,1431958.1250,1349585.6250,-32768,12854,517
00:01:38,2004.34,19.51,6.35,3276.70,0.00,19.1993,19.1556,18.9826,18.9361,37698926,1428305,1351922,37697732.0000,1431537.8750,1349709.5000,-32768,12854,517
00:01:41,2004.34,19.52,6.38,3276.70,0.00,19.1993,19.1599,18.9826,18.9423,37698058,1427762,1345824,37697836.0000,1431104.6250,1349709.5000,-32768,12854,517
00:01:43,2004.34,19.52,6.39,3276.70,0.00,19.2113,19.1630,18.9975,18.9423,37698408,1427480,1351252,37697868.0000,1431104.6250,1349709.5000,-32768,12854,517
00:01:45,2004.34,19.53,6.41,3276.70,0.00,19.2184,19.1677,19.0025,18.9490,37698117,1427423,1344304,37697896.0000,1431104.6250,1349709.5000,-32768,12854,518
00:01:47,2004.34,19.53,6.42,3276.70,0.00,19.2234,19.1677,19.0095,18.9490,37699681,1427121,1351823,37697944.0000,1430352.1250,1349474.8750,-32768,12854,518
00:01:49,2004.34,19.54,6.43,3276.70,0.00,19.2326,19.1779,19.0165,18.9596,37700601,1427009,1341640,37698120.0000,1430045.2500,1349159.6250,-32768,12854,518
00:01:51,2004.34,19.54,6.44,3276.70,0.00,19.2349,19.1797,19.0191,18.9596,37699292,1426567,1352378,37698172.0000,1429835.3750,1349355.8750,-32768,12854,517
00:01:52,2004.34,19.55,6.44,3276.70,0.00,19.2392,19.1851,19.0261,18.9670,37701099,1426626,1343772,37698316.0000,1429635.0000,1349280.3750,-32768,12854,518
00:01:53,2004.34,19.55,6.44,3276.70,0.00,19.2440,19.1869,19.0261,18.9670,37701652,1426632,1340786,37698492.0000,1429437.3750,1349280.3750,-32768,12854,518
00:01:55,2004.34,19.56,6.45,3276.70,0.00,19.2486,19.1906,19.0328,18.9727,37698523,1426245,1353879,37698492.0000,1429437.3750,1349445.3750,-32768,12854,517
00:01:58,1998.91,19.56,6.45,3276.70,0.00,19.2486,19.1943,19.0328,18.9786,37698523,1425914,1353349,37698780.0000,1429437.3750,1349223.0000,-32768,12854,517
00:01:59,2004.34,19.57,6.46,3276.70,0.00,19.2594,19.2000,19.0441,18.9786,37700524,1425914,1346845,37699044.0000,1428680.8750,1349383.8750,-32768,12854,517
00:02:01,2004.34,19.57,6.46,3276.70,0.00,19.2637,19.2057,19.0502,18.9884,37701024,1426081,1345129,37699108.0000,1428599.6250,1349250.8750,-32768,12854,517
00:02:03,2004.34,19.58,6.48,3276.70,0.00,19.2637,19.2096,19.0502,18.9943,37700027,1425379,1354308,37699184.0000,1428319.6250,1349694.0000,-32768,12854,516
00:02:05,2004.34,19.58,6.48,3276.70,0.00,19.2767,19.2154,19.0609,18.9983,37699701,1425512,1348817,37699304.0000,1428055.0000,1349826.6250,-32768,12854,516
00:02:07,2004.34,19.59,6.50,3276.70,0.00,19.2805,19.2193,19.0650,18.9983,37700516,1425196,1355759,37699356.0000,1428055.0000,1350168.5000,-32768,12854,515
00:02:09,2004.34,19.60,6.50,3276.70,0.00,19.2805,19.2252,19.0650,19.0104,37701389,1425102,1355588,37699596.0000,1427642.5000,1350372.6250,-32768,12854,514
00:02:11,2004.34,19.60,6.50,3276.70,0.00,19.2908,19.2291,19.0754,19.0124,37699881,1424925,1354989,37699604.0000,1427642.5000,1350372.6250,-32768,12854,514
00:02:11,2004.34,19.61,6.51,3276.70,0.00,19.2926,19.2311,19.0775,19.0144,37699751,1424823,1354807,37699728.0000,1427394.0000,1350698.0000,-32768,12854,513
00:02:13,2004.34,19.61,6.50,3276.70,0.00,19.2968,19.2350,19.0814,19.0184,37702739,1424921,1351644,37699824.0000,1427316.7500,1350727.6250,-32768,12854,513
00:02:14,1998.91,19.61,6.50,3276.70,0.00,19.2991,19.2370,19.0835,19.0205,37701179,1424664,1355151,37699864.0000,1427150.8750,1350992.0000,-32768,12854,513
00:02:18,2004.34,19.61,6.50,3276.70,0.00,19.2991,19.2370,19.0892,19.0205,37703331,1424623,1359681,37700300.0000,1427150.8750,1350992.0000,-32768,12854,510
00:02:20,2004.34,19.62,6.50,3276.70,0.00,19.2991,19.2370,19.0971,19.0205,37705097,1424448,1354306,37700632.0000,1426617.2500,1352184.2500,-32768,12854,510
00:02:22,2004.34,19.63,6.52,3276.70,0.00,19.3163,19.2566,19.1031,19.0404,37703189,1424195,1356064,37700804.0000,1426617.2500,1352319.7500,-32768,12854,510
00:02:24,2004.34,19.63,6.53,3276.70,0.00,19.3163,19.2605,19.1068,19.0444,37703927,1424239,1353524,37701008.0000,1426259.5000,1352319.7500,-32768,12854,508
00:02:27,2004.34,19.64,6.54,3276.70,0.00,19.3163,19.2664,19.1068,19.0524,37703927,1423886,1357371,37701428.0000,1425999.6250,1353006.0000,-32768,12854,507
00:02:29,2004.34,19.64,6.54,3276.70,0.00,19.3335,19.2723,19.1184,19.0564,37706131,1423925,1355351,37701576.0000,1425999.6250,1353142.0000,-32768,12854,506
00:02:31,2004.34,19.65,6.56,3276.70,0.00,19.3373,19.2781,19.1237,19.0622,37704784,1423654,1356674,37701912.0000,1425999.6250,1353142.0000,-32768,12854,506
00:02:33,2004.34,19.65,6.56,3276.70,0.00,19.3425,19.2820,19.1276,19.0661,37706094,1423721,1362492,37702228.0000,1425550.5000,1353142.0000,-32768,12854,505
00:02:36,2004.34,19.66,6.56,3276.70,0.00,19.3425,19.2878,19.1276,19.0739,37706094,1423721,1357404,37702228.0000,1425550.5000,1354464.7500,-32768,12854,503
00:02:39,2004.34,19.67,6.56,3276.70,0.00,19.3425,19.2878,19.1421,19.0816,37706913,1423379,1348087,37702228.0000,1425069.8750,1354285.3750,-32768,12854,504
00:02:43,2004.34,19.68,6.57,3276.70,0.00,19.3425,19.3030,19.1421,19.0893,37706913,1422955,1355318,37703676.0000,1424835.8750,1354582.3750,-32768,12854,503
00:02:45,2004.34,19.69,6.63,3276.70,0.00,19.3425,19.3104,19.1564,19.0971,37715665,1423248,1358968,37704312.0000,1424676.3750,1354984.2500,-32768,12854,503
00:02:47,2004.34,19.69,6.65,3276.70,0.00,19.3716,19.3141,19.1593,19.0971,37715665,1422971,1359096,37704312.0000,1424522.3750,1355361.6250,-32768,12854,501
00:02:50,2004.34,19.70,6.65,3276.70,0.00,19.3786,19.3141,19.1656,19.0971,37711011,1422971,1359196,37706184.0000,1424276.3750,1355780.3750,-32768,12854,500
00:02:51,2004.34,19.70,6.67,3276.70,0.00,19.3848,19.3270,19.1714,19.1122,37714997,1422507,1359518,37706456.0000,1424221.1250,1355897.1250,-32768,12854,500
00:02:53,2004.34,19.70,6.67,3276.70,0.00,19.3894,19.3307,19.1754,19.1160,37714229,1422398,1359930,37706948.0000,1424221.1250,1355897.1250,-32768,12854,499
00:02:55,2004.34,19.70,6.66,3276.70,0.00,19.3928,19.3344,19.1791,19.1198,37713606,1422353,1360478,37707392.0000,1424004.0000,1356405.2500,-32768,12854,498
00:02:57,2004.34,19.71,6.66,3276.70,0.00,19.3928,19.3400,19.1844,19.1254,37715538,1422419,1360254,37708152.0000,1423850.6250,1356780.1250,-32768,12854,497
00:02:58,2004.34,19.71,6.65,3276.70,0.00,19.4002,19.3400,19.1876,19.1292,37717728,1422293,1361076,37708652.0000,1423756.7500,1357013.0000,-32768,12854,497
00:03:01,2004.34,19.72,6.65,3276.70,0.00,19.4002,19.3474,19.1876,19.1347,37718489,1422445,1360713,37709416.0000,1423635.6250,1357335.0000,-32768,12854,496
00:03:03,2004.34,19.72,6.65,3276.70,0.00,19.4002,19.3529,19.1876,19.1402,37718063,1422452,1361152,37710168.0000,1423520.5000,1357686.0000,-32768,12854,495
00:03:05,2004.34,19.72,6.65,3276.70,0.00,19.4134,19.3566,19.1995,19.1421,37717262,1422332,1361002,37710388.0000,1423520.5000,1357789.6250,-32768,12854,495
00:03:08,2004.34,19.73,6.65,3276.70,0.00,19.4134,19.3620,19.1995,19.1494,37717262,1422373,1361002,37710388.0000,1423309.8750,1358212.6250,-32768,12854,493
00:03:11,2004.34,19.73,6.71,3276.70,0.00,19.4134,19.3689,19.1995,19.1550,37717262,1422373,1362064,37710388.0000,1423309.8750,1358633.1250,-32768,12854,492
00:03:13,2009.78,19.74,6.75,3276.70,0.00,19.4275,19.3741,19.2195,19.1606,37726515,1421662,1360700,37713820.0000,1423101.5000,1358697.7500,-32768,12854,492
00:03:14,2004.34,19.75,6.80,3276.70,0.00,19.4303,19.3775,19.2231,19.1644,37731568,1421519,1365698,37715344.0000,1422952.6250,1359223.7500,-32768,12854,491
00:03:17,2004.34,19.75,6.83,3276.70,0.00,19.4336,19.3775,19.2297,19.1644,37716644,1421519,1365698,37715852.0000,1422760.8750,1359223.7500,-32768,12854,491
00:03:19,2004.34,19.76,6.87,3276.70,0.00,19.4398,19.3859,19.2337,19.1644,37726774,1421519,1362136,37716652.0000,1422569.5000,1359482.5000,-32768,12854,490
00:03:20,2009.78,19.77,6.87,3276.70,0.00,19.4464,19.3912,19.2365,19.1793,37721332,1420486,1362176,37716800.0000,1422504.3750,1359566.6250,-32768,12854,490
00:03:21,2004.34,19.77,6.86,3276.70,0.00,19.4485,19.3929,19.2382,19.1812,37720039,1420428,1362396,37716900.0000,1422504.3750,1359740.2500,-32768,12854,489
00:03:23,2004.34,19.77,6.83,3276.70,0.00,19.4525,19.3965,19.2414,19.1848,37720082,1420468,1361875,37717272.0000,1422260.5000,1359918.8750,-32768,12854,489
00:03:26,2004.34,19.77,6.80,3276.70,0.00,19.4568,19.3965,19.2459,19.1902,37723771,1420837,1362324,37717272.0000,1422167.5000,1360084.6250,-32768,12854,488
00:03:27,2004.34,19.77,6.76,3276.70,0.00,19.4623,19.3965,19.2501,19.1954,37723771,1420837,1362432,37718080.0000,1422022.7500,1360337.1250,-32768,12854,488
00:03:31,2004.34,19.77,6.74,3276.70,0.00,19.4623,19.4109,19.2501,19.2005,37723771,1420914,1363599,37718752.0000,1421880.3750,1360642.2500,-32768,12854,488
00:03:32,2004.34,19.78,6.74,3276.70,0.00,19.4714,19.4178,19.2578,19.2056,37721432,1420907,1363997,37718916.0000,1421880.3750,1360968.1250,-32768,12854,488
00:03:33,2004.34,19.78,6.72,3276.70,0.00,19.4743,19.4212,19.2602,19.2089,37727850,1421195,1364581,37719368.0000,1421776.5000,1361081.1250,-32768,12854,486
00:03:35,2004.34,19.78,6.71,3276.70,0.00,19.4754,19.4229,19.2615,19.2089,37731382,1421185,1364836,37720088.0000,1421743.2500,1361297.7500,-32768,12854,485
00:03:36,2004.34,19.78,6.71,3276.70,0.00,19.4780,19.4262,19.2641,19.2137,37724524,1421084,1364186,37720228.0000,1421722.6250,1361388.0000,-32768,12854,485
00:03:38,2004.34,19.78,6.71,3276.70,0.00,19.4780,19.4295,19.2641,19.2137,37728263,1421073,1363344,37720920.0000,1421671.1250,1361548.6250,-32768,12854,485
00:03:39,2004.34,19.78,6.71,3276.70,0.00,19.4827,19.4327,19.2689,19.2200,37728529,1421066,1364197,37720920.0000,1421652.2500,1361631.3750,-32768,12854,484
00:03:42,2004.34,19.78,6.71,3276.70,0.00,19.4853,19.4359,19.2715,19.2231,37734265,1421306,1364197,37722080.0000,1421612.8750,1361631.3750,-32768,12854,484
00:03:43,1998.91,19.79,6.71,3276.70,0.00,19.4888,19.4405,19.2751,19.2277,37728814,1421131,1365231,37722464.0000,1421579.2500,1362111.1250,-32768,12854,483
00:03:45,2004.34,19.79,6.70,3276.70,0.00,19.4888,19.4436,19.2751,19.2321,37736106,1421280,1365192,37723660.0000,1421556.8750,1362352.0000,-32768,12854,482
00:03:48,1998.91,19.79,6.70,3276.70,0.00,19.4939,19.4466,19.2751,19.2336,37736106,1420835,1371967,37724032.0000,1421518.7500,1362720.7500,-32768,12854,481
00:03:51,2004.34,19.80,6.70,3276.70,0.00,19.4973,19.4466,19.2841,19.2380,37736106,1421100,1365032,37724680.0000,1421518.7500,1363253.6250,-32768,12854,480
00:03:52,2004.34,19.80,6.68,3276.70,0.00,19.5025,19.4569,19.2893,19.2439,37730922,1420668,1365091,37725304.0000,1421518.7500,1363253.6250,-32768,12854,480
00:03:54,2004.34,19.80,6.68,3276.70,0.00,19.5025,19.4598,19.2918,19.2468,37731461,1420799,1365913,37725620.0000,1421372.8750,1363510.3750,-32768,12854,480
00:03:55,1998.91,19.81,6.68,3276.70,0.00,19.5063,19.4612,19.2931,19.2482,37730278,1420806,1365505,37725764.0000,1421372.8750,1363510.3750,-32768,12854,479
00:03:58,1998.91,19.81,6.68,3276.70,0.00,19.5063,19.4655,19.2931,19.2539,37733493,1420806,1365528,37726552.0000,1421292.0000,1363773.3750,-32768,12854,479
00:04:00,1998.91,19.81,6.68,3276.70,0.00,19.5127,19.4655,19.3012,19.2539,37730617,1420848,1365198,37727044.0000,1421248.0000,1363938.8750,-32768,12854,478
00:04:02,1998.91,19.81,6.68,3276.70,0.00,19.5166,19.4725,19.3037,19.2595,37732488,1420720,1365198,37727380.0000,1421214.1250,1364012.0000,-32768,12854,478
00:04:03,2004.34,19.82,6.67,3276.70,0.00,19.5193,19.4754,19.3068,19.2595,37733516,1420815,1359278,37727776.0000,1421184.3750,1363911.2500,-32768,12854,478
00:04:06,2004.34,19.82,6.67,3276.70,0.00,19.5193,19.4796,19.3068,19.2679,37734577,1420815,1365436,37728416.0000,1421134.1250,1363701.7500,-32768,12854,479
00:04:09,1998.91,19.82,6.67,3276.70,0.00,19.5193,19.4838,19.3068,19.2721,37735042,1420815,1367258,37729080.0000,1421092.2500,1363701.7500,-32768,12854,478
00:04:10,2004.34,19.83,6.67,3276.70,0.00,19.5318,19.4880,19.3197,19.2750,37736632,1420646,1366823,37729320.0000,1421078.2500,1364049.1250,-32768,12854,478
00:04:13,1998.91,19.83,6.67,3276.70,0.00,19.5318,19.4922,19.3197,19.2807,37736495,1420515,1367245,37730156.0000,1421022.0000,1364383.0000,-32768,12854,477
00:04:15,2004.34,19.83,6.67,3276.70,0.00,19.5318,19.4964,19.3197,19.2850,37736319,1420359,1366389,37730664.0000,1420963.7500,1364600.5000,-32768,12854,477
00:04:17,1998.91,19.84,6.67,3276.70,0.00,19.5318,19.5007,19.3335,19.2879,37735027,1420404,1367486,37730932.0000,1420928.5000,1364765.6250,-32768,12854,476
00:04:19,2004.34,19.84,6.67,3276.70,0.00,19.5318,19.5035,19.3367,19.2908,37736073,1420479,1367102,37731232.0000,1420898.8750,1364924.0000,-32768,12854,476
00:04:20,2004.34,19.84,6.67,3276.70,0.00,19.5498,19.5050,19.3367,19.2908,37738254,1420480,1367413,37731660.0000,1420873.8750,1365068.2500,-32768,12854,475
00:04:22,1998.91,19.85,6.67,3276.70,0.00,19.5530,19.5093,19.3429,19.2967,37737443,1420401,1367198,37732000.0000,1420847.7500,1365211.3750,-32768,12854,475
00:04:24,1998.91,19.85,6.66,3276.70,0.00,19.5560,19.5107,19.3447,19.2982,37737289,1420329,1367198,37732384.0000,1420847.7500,1365381.5000,-32768,12854,475
00:04:27,1977.19,19.85,6.66,3276.70,0.00,19.5560,19.5165,19.3447,19.3041,37737289,1420386,1368240,37733196.0000,1420766.2500,1365623.8750,-32768,12854,475
00:04:28,1960.90,19.86,6.66,3276.70,0.00,19.5627,19.5207,19.3520,19.3084,37745337,1420848,1367803,37733816.0000,1420762.6250,1365762.8750,-32768,12854,473
00:04:32,1922.88,19.86,6.66,3276.70,0.00,19.5627,19.5241,19.3520,19.3119,37745337,1421802,1369201,37736520.0000,1420762.6250,1365762.8750,-32768,12854,473
00:04:34,1895.73,19.87,6.66,3276.70,0.00,19.5436,19.5262,19.3304,19.3139,37757822,1422045,1369201,37738424.0000,1420762.6250,1366342.2500,-32768,12854,472
00:04:36,1874.01,19.87,6.56,3276.70,0.00,19.5345,19.5268,19.3200,19.3144,37757416,1421962,1368537,37738424.0000,1421031.2500,1366477.5000,-32768,12854,472
00:04:39,1814.27,19.87,6.53,3276.70,0.00,19.5198,19.5268,19.2972,19.3133,37757416,1421962,1366697,37741096.0000,1421191.2500,1366477.5000,-32768,12854,472
00:04:41,1765.40,19.86,6.49,3276.70,0.00,19.5006,19.5268,19.2745,19.3105,37757242,1423049,1367039,37741096.0000,1421298.0000,1366583.5000,-32768,12854,472
00:04:43,1716.52,19.85,6.48,3276.70,0.00,19.4758,19.5268,19.2473,19.3055,37751342,1423213,1364877,37741096.0000,1421468.2500,1366499.7500,-32768,12854,472
00:04:46,1645.92,19.84,6.48,3276.70,0.00,19.4758,19.5127,19.2473,19.2954,37743886,1423213,1364319,37743920.0000,1421695.8750,1366300.0000,-32768,12854,473
00:04:49,1580.75,19.83,6.49,3276.70,0.00,19.4758,19.5007,19.2473,19.2816,37743886,1423739,1362664,37743316.0000,1421927.5000,1365790.5000,-32768,12854,473
00:04:52,1531.88,19.81,6.49,3276.70,0.00,19.4758,19.4853,19.1348,19.2691,37730058,1423881,1359756,37742316.0000,1421927.5000,1365790.5000,-32768,12854,475
00:04:53,1510.16,19.80,6.51,3276.70,0.00,19.3487,19.4810,19.1255,19.2646,37727601,1424005,1359119,37741856.0000,1421927.5000,1365790.5000,-32768,12854,476
00:04:54,1488.43,19.79,6.54,3276.70,0.00,19.3310,19.4810,19.1003,19.2504,37721763,1423863,1358675,37740256.0000,1422318.3750,1364690.0000,-32768,12854,477
00:04:56,1483.00,19.79,6.55,3276.70,0.00,19.3178,19.4627,19.0938,19.2454,37718911,1423742,1357927,37739592.0000,1422362.8750,1364478.6250,-32768,12854,478
00:04:57,1477.57,19.78,6.56,3276.70,0.00,19.3126,19.4579,19.0889,19.2405,37715914,1423603,1357597,37738104.0000,1422440.1250,1364025.1250,-32768,12854,479
00:04:58,1477.57,19.78,6.57,3276.70,0.00,19.3071,19.4487,19.0838,19.2309,37713954,1423766,1356691,37737348.0000,1422481.6250,1363796.0000,-32768,12854,479
00:04:59,1477.57,19.78,6.58,3276.70,0.00,19.3066,19.4443,19.0834,19.2263,37715885,1423798,1356975,37736680.0000,1422522.7500,1363582.8750,-32768,12854,480
00:05:00,1483.00,19.77,6.60,3276.70,0.00,19.3093,19.4359,19.0871,19.2176,37714521,1423416,1356730,37735360.0000,1422584.8750,1363167.3750,-32768,12854,481
00:05:02,1483.00,19.77,6.62,3276.70,0.00,19.3125,19.4320,19.0906,19.2136,37714263,1423167,1356126,37734700.0000,1422603.0000,1362947.2500,-32768,12854,482
00:05:03,1493.86,19.77,6.65,3276.70,0.00,19.3221,19.4250,19.1011,19.2065,37712552,1422735,1355981,37733368.0000,1422616.6250,1362523.3750,-32768,12854,482
00:05:04,1493.86,19.77,6.66,3276.70,0.00,19.3278,19.4220,19.1079,19.2034,37711447,1422557,1356573,37732684.0000,1422614.7500,1362337.3750,-32768,12854,483
00:05:05,1499.29,19.77,6.68,3276.70,0.00,19.3344,19.4192,19.1151,19.2006,37714915,1422224,1356722,37731520.0000,1422614.7500,1361994.8750,-32768,12854,484
00:05:07,1510.16,19.77,6.72,3276.70,0.00,19.3573,19.4129,19.1404,19.1943,37716455,1421977,1357101,37730568.0000,1422561.6250,1361693.6250,-32768,12854,485
00:05:09,1510.16,19.78,6.75,3276.70,0.00,19.3740,19.4102,19.1589,19.1918,37719453,1421696,1357101,37729520.0000,1422485.1250,1361386.3750,-32768,12854,485
00:05:11,1515.59,19.78,6.75,3276.70,0.00,19.3911,19.4087,19.1772,19.1906,37722578,1421702,1357101,37729168.0000,1422437.3750,1361386.3750,-32768,12854,486
00:05:13,1521.02,19.79,6.81,3276.70,0.00,19.3911,19.4090,19.2116,19.1916,37729610,1421653,1360968,37729048.0000,1422365.7500,1361386.3750,-32768,12854,486
00:05:16,1521.02,19.80,6.84,3276.70,0.00,19.3911,19.4116,19.2343,19.1947,37735547,1421678,1360968,37729524.0000,1422304.7500,1361409.6250,-32768,12854,485
00:05:17,1526.45,19.80,6.87,3276.70,0.00,19.4513,19.4128,19.2418,19.1962,37735282,1421468,1362996,37729876.0000,1422254.0000,1361459.1250,-32768,12854,485
00:05:19,1548.17,19.81,6.88,3276.70,0.00,19.4655,19.4158,19.2565,19.1996,37736237,1421304,1362846,37729876.0000,1422254.0000,1361459.1250,-32768,12854,484
00:05:21,1580.75,19.82,6.90,3276.70,0.00,19.4823,19.4158,19.2832,19.1996,37728718,1420091,1365201,37730068.0000,1422005.5000,1362162.2500,-32768,12854,483
00:05:23,1597.05,19.83,6.90,3276.70,0.00,19.5140,19.4271,19.3045,19.2120,37729459,1419827,1364962,37730048.0000,1421937.3750,1362566.2500,-32768,12854,482
00:05:24,1618.77,19.83,6.99,3276.70,0.00,19.5487,19.4371,19.3377,19.2224,37741233,1419773,1364962,37730660.0000,1421729.8750,1363042.8750,-32768,12854,481
00:05:26,1629.63,19.85,7.03,3276.70,0.00,19.5599,19.4409,19.3377,19.2305,37746032,1419599,1368252,37731544.0000,1421603.5000,1363321.8750,-32768,12854,480
00:05:28,1651.35,19.85,7.05,3276.70,0.00,19.5918,19.4537,19.3796,19.2393,37753839,1419582,1374922,37732764.0000,1421603.5000,1363985.8750,-32768,12854,478
00:05:29,1662.21,19.88,7.06,3276.70,0.00,19.6120,19.4631,19.3995,19.2488,37759476,1419902,1370334,37734288.0000,1421379.2500,1364337.1250,-32768,12854,477
00:05:32,1683.94,19.89,7.06,3276.70,0.00,19.6120,19.4783,19.3995,19.2642,37764440,1419750,1373461,37737868.0000,1421200.5000,1365305.5000,-32768,12854,475
00:05:34,1694.80,19.90,7.06,3276.70,0.00,19.6586,19.4891,19.4461,19.2751,37769648,1419956,1373318,37738864.0000,1421200.5000,1365305.5000,-32768,12854,474
00:05:35,1700.23,19.92,7.08,3276.70,0.00,19.6755,19.5002,19.4633,19.2864,37774115,1420356,1370298,37740948.0000,1421078.6250,1366078.5000,-32768,12854,473
00:05:37,1721.95,19.92,7.08,3276.70,0.00,19.6914,19.5118,19.4797,19.2980,37779565,1420283,1370298,37740948.0000,1421078.6250,1366612.6250,-32768,12854,472
00:05:39,1738.24,19.94,7.08,3276.70,0.00,19.7065,19.5235,19.4950,19.2980,37782686,1420371,1370298,37747972.0000,1420972.8750,1367045.0000,-32768,12854,470
00:05:40,1749.10,19.96,7.06,3276.70,0.00,19.7290,19.5414,19.4950,19.3280,37786654,1420452,1376332,37749180.0000,1420956.6250,1367335.1250,-32768,12854,469
00:05:42,1770.83,19.97,7.06,3276.70,0.00,19.7368,19.5475,19.5258,19.3342,37786654,1420333,1377148,37751504.0000,1420918.0000,1367919.2500,-32768,12854,468
00:05:44,1781.69,19.98,7.06,3276.70,0.00,19.7604,19.5661,19.5496,19.3530,37790548,1420491,1369067,37753908.0000,1420890.8750,1368051.5000,-32768,12854,467
00:05:46,1803.41,19.99,7.06,3276.70,0.00,19.7604,19.5787,19.5730,19.3530,37797810,1420365,1379738,37757680.0000,1420844.1250,1369058.3750,-32768,12854,465
00:05:47,1819.70,20.00,7.06,3276.70,0.00,19.7920,19.5916,19.5810,19.3787,37799937,1420551,1370783,37759000.0000,1420844.1250,1369058.3750,-32768,12854,465
00:05:49,1846.86,20.01,7.08,3276.70,0.00,19.8080,19.5916,19.5810,19.3985,37799937,1420428,1380301,37762908.0000,1420805.1250,1369794.5000,-32768,12854,463
00:05:52,1884.87,20.02,7.08,3276.70,0.00,19.8080,19.6246,19.6222,19.4120,37805046,1420378,1379620,37766816.0000,1420767.6250,1369794.5000,-32768,12854,461
00:05:53,1906.59,20.04,7.10,3276.70,0.00,19.8526,19.6383,19.6401,19.4257,37809816,1420532,1382058,37768160.0000,1420767.6250,1369794.5000,-32768,12854,459
00:05:56,1939.18,20.06,7.11,3276.70,0.00,19.8526,19.6594,19.6401,19.4538,37824423,1420532,1382058,37774184.0000,1420774.2500,1369794.5000,-32768,12854,455
00:05:58,1971.76,20.09,7.10,3276.70,0.00,19.9052,19.6594,19.6910,19.4538,37833656,1421698,1385905,37779308.0000,1420840.7500,1373785.5000,-32768,12854,452
00:05:59,1982.62,20.11,7.07,3276.70,0.00,19.9284,19.7027,19.7140,19.4898,37835228,1421787,1387160,37782740.0000,1420894.6250,1374596.0000,-32768,12854,451
00:06:01,2015.21,20.11,7.04,3276.70,0.00,19.9366,19.7027,19.7302,19.4898,37834627,1421794,1387913,37785944.0000,1420952.5000,1375411.2500,-32768,12854,449
00:06:02,2031.50,20.12,7.02,3276.70,0.00,19.9532,19.7247,19.7380,19.5116,37836051,1421922,1387832,37787508.0000,1420982.7500,1375799.3750,-32768,12854,447
00:06:05,2069.51,20.13,7.01,3276.70,0.00,19.9619,19.7321,19.7468,19.5263,37842688,1422231,1387832,37787508.0000,1420982.7500,1376980.0000,-32768,12854,444
00:06:06,2085.80,20.15,7.02,3276.70,0.00,19.9889,19.7546,19.7727,19.5412,37848505,1422438,1390166,37796044.0000,1420982.7500,1377791.1250,-32768,12854,443
00:06:08,2102.10,20.17,7.02,3276.70,0.00,20.0053,19.7697,19.7887,19.5412,37858614,1422940,1390166,37799772.0000,1421285.2500,1378617.1250,-32768,12854,440
00:06:10,2129.25,20.17,7.02,3276.70,0.00,20.0053,19.7999,19.8178,19.5861,37864188,1423413,1390166,37799772.0000,1421469.0000,1379862.8750,-32768,12854,438
00:06:13,2156.40,20.20,6.99,3276.70,0.00,20.0053,19.8149,19.8178,19.6009,37864188,1423979,1393605,37811036.0000,1421674.1250,1381065.0000,-32768,12854,438
00:06:17,2172.69,20.22,6.92,3276.70,0.00,20.0053,19.8445,19.8178,19.6374,37864188,1424524,1393605,37811036.0000,1422069.8750,1381065.0000,-32768,12854,429
00:06:19,2183.56,20.25,6.84,3276.70,0.00,20.0053,19.8795,19.8787,19.6654,37872835,1424873,1393605,37811036.0000,1422320.3750,1384055.3750,-32768,12854,426
00:06:21,2194.42,20.26,6.78,3276.70,0.00,20.0968,19.8928,19.8860,19.6789,37870530,1424767,1395113,37827928.0000,1422473.1250,1384757.5000,-32768,12854,425
00:06:22,2199.85,20.27,6.77,3276.70,0.00,20.1028,19.9055,19.8928,19.6919,37869066,1424534,1395114,37830472.0000,1422606.5000,1385377.8750,-32768,12854,424
00:06:23,2205.28,20.28,6.76,3276.70,0.00,20.1062,19.9118,19.8963,19.6982,37869002,1424566,1395167,37831676.0000,1422667.7500,1385683.7500,-32768,12854,424
00:06:26,2216.14,20.28,6.76,3276.70,0.00,20.1062,19.9240,19.8963,19.7168,37869002,1424282,1395167,37831676.0000,1422667.7500,1387243.2500,-32768,12854,420
00:06:28,2216.14,20.30,6.71,3276.70,0.00,20.1233,19.9473,19.9151,19.7345,37869920,1424282,1395167,37831676.0000,1422667.7500,1387830.2500,-32768,12854,418
00:06:30,2221.57,20.31,6.71,3276.70,0.00,20.1274,19.9582,19.9210,19.7513,37867731,1424282,1395167,37840876.0000,1423124.0000,1388438.6250,-32768,12854,417
00:06:32,2221.57,20.31,6.71,3276.70,0.00,20.1311,19.9738,19.9238,19.7618,37866799,1424424,1395167,37843216.0000,1423247.5000,1389259.8750,-32768,12854,415
00:06:34,2199.85,20.32,6.71,3276.70,0.00,20.1325,19.9835,19.9263,19.7719,37864038,1424476,1396502,37843868.0000,1423247.5000,1389259.8750,-32768,12854,414
00:06:35,2188.99,20.33,6.59,3276.70,0.00,20.1310,19.9926,19.9253,19.7813,37862898,1424584,1396962,37845012.0000,1423362.1250,1389942.6250,-32768,12854,413
00:06:37,2161.83,20.33,6.58,3276.70,0.00,20.1284,19.9926,19.9200,19.7813,37872132,1425256,1396962,37845012.0000,1423527.3750,1390547.6250,-32768,12854,412
00:06:40,2129.25,20.34,6.51,3276.70,0.00,20.1155,19.9926,19.9113,19.7813,37864587,1425256,1396077,37848904.0000,1423660.8750,1390547.6250,-32768,12854,410
00:06:41,2112.96,20.34,6.44,3276.70,0.00,20.1005,20.0168,19.8934,19.8067,37859410,1424530,1396184,37849424.0000,1423660.8750,1391380.7500,-32768,12854,410
00:06:44,2080.37,20.34,6.41,3276.70,0.00,20.0818,20.0232,19.8738,19.8133,37854141,1424147,1394886,37849704.0000,1423660.8750,1391594.6250,-32768,12854,409
00:06:44,2064.08,20.34,6.35,3276.70,0.00,20.0680,20.0261,19.8586,19.8163,37852220,1423838,1394149,37849904.0000,1423747.1250,1391764.6250,-32768,12854,409
00:06:46,2042.36,20.34,6.34,3276.70,0.00,20.0607,20.0272,19.8499,19.8173,37851165,1423891,1394149,37849940.0000,1423759.3750,1391876.8750,-32768,12854,409
00:06:48,2004.34,20.34,6.32,3276.70,0.00,20.0450,20.0285,19.8233,19.8186,37845410,1423889,1392758,37849740.0000,1423759.3750,1391876.8750,-32768,12854,409
00:06:51,1955.47,20.33,6.30,3276.70,0.00,20.0450,20.0279,19.8233,19.8163,37845410,1423889,1391219,37848892.0000,1423768.6250,1391918.6250,-32768,12854,409
00:06:53,1933.75,20.32,6.30,3276.70,0.00,19.9855,20.0247,19.7693,19.8163,37832973,1423565,1389581,37847696.0000,1423768.6250,1391918.6250,-32768,12854,409
00:06:55,1922.88,20.31,6.30,3276.70,0.00,19.9709,20.0247,19.7693,19.8082,37829586,1423430,1387862,37846648.0000,1423738.7500,1391572.1250,-32768,12854,410
00:06:56,1912.02,20.31,6.31,3276.70,0.00,19.9580,20.0178,19.7414,19.8061,37825869,1423316,1388004,37846000.0000,1423725.5000,1391460.6250,-32768,12854,410
00:06:57,1901.16,20.31,6.33,3276.70,0.00,19.9523,20.0157,19.7356,19.8038,37823944,1423296,1388389,37845312.0000,1423712.1250,1391364.6250,-32768,12854,410
00:07:01,1868.58,20.30,6.35,3276.70,0.00,19.9523,20.0091,19.7356,19.7943,37823944,1423296,1387498,37845312.0000,1423632.8750,1391364.6250,-32768,12854,412
00:07:02,1857.72,20.30,6.36,3276.70,0.00,19.9295,20.0021,19.7128,19.7893,37820408,1422899,1386022,37840620.0000,1423632.8750,1390503.1250,-32768,12854,412
00:07:05,1825.13,20.30,6.36,3276.70,0.00,19.9295,19.9950,19.7128,19.7795,37820408,1423162,1386268,37837972.0000,1423632.8750,1389962.2500,-32768,12854,413
00:07:07,1803.41,20.29,6.38,3276.70,0.00,19.9140,19.9857,19.6977,19.7722,37819275,1423225,1386205,37836832.0000,1423498.7500,1389732.7500,-32768,12854,414
00:07:09,1792.55,20.29,6.38,3276.70,0.00,19.9120,19.9834,19.6959,19.7674,37818424,1423317,1385950,37836832.0000,1423487.1250,1389515.0000,-32768,12854,414
00:07:11,1765.40,20.29,6.38,3276.70,0.00,19.9120,19.9764,19.6901,19.7627,37820940,1423416,1384378,37836832.0000,1423477.7500,1389129.0000,-32768,12854,415
00:07:12,1754.53,20.29,6.39,3276.70,0.00,19.9017,19.9719,19.6858,19.7580,37819623,1423391,1384937,37833812.0000,1423477.7500,1388906.1250,-32768,12854,416
00:07:15,1727.38,20.28,6.41,3276.70,0.00,19.8979,19.9719,19.6858,19.7533,37819623,1423450,1385266,37832480.0000,1423472.1250,1388706.3750,-32768,12854,417
00:07:16,1700.23,20.28,6.41,3276.70,0.00,19.8925,19.9607,19.6762,19.7464,37821557,1423450,1385402,37831452.0000,1423485.1250,1388344.7500,-32768,12854,417
00:07:18,1673.07,20.28,6.43,3276.70,0.00,19.8866,19.9562,19.6706,19.7464,37819874,1423812,1384867,37830740.0000,1423501.3750,1388131.5000,-32768,12854,418
00:07:20,1635.06,20.28,6.44,3276.70,0.00,19.8866,19.9491,19.6706,19.7346,37820507,1423999,1382832,37829768.0000,1423545.5000,1387726.3750,-32768,12854,419
00:07:22,1607.91,20.27,6.45,3276.70,0.00,19.8699,19.9440,19.6706,19.7294,37820507,1423999,1384442,37828952.0000,1423571.8750,1387513.8750,-32768,12854,419
00:07:24,1591.62,20.27,6.46,3276.70,0.00,19.8566,19.9387,19.6706,19.7294,37814123,1423927,1383194,37828028.0000,1423595.6250,1387513.8750,-32768,12854,420
00:07:26,1569.89,20.27,6.47,3276.70,0.00,19.8566,19.9305,19.6706,19.7129,37814123,1423665,1382596,37825896.0000,1423620.3750,1386724.5000,-32768,12854,421
00:07:28,1564.46,20.26,6.51,3276.70,0.00,19.8422,19.9305,19.6706,19.7075,37808222,1423610,1382257,37825344.0000,1423620.1250,1386585.0000,-32768,12854,421
00:07:30,1548.17,20.26,6.53,3276.70,0.00,19.8423,19.9305,19.6265,19.7025,37809691,1423677,1382606,37823916.0000,1423616.5000,1386217.6250,-32768,12854,422
00:07:31,1548.17,20.26,6.55,3276.70,0.00,19.8439,19.9129,19.6286,19.6978,37812247,1423606,1382243,37823552.0000,1423616.1250,1386093.5000,-32768,12854,423
00:07:33,1537.31,20.26,6.57,3276.70,0.00,19.8451,19.9108,19.6301,19.6978,37810608,1423574,1382442,37822764.0000,1423616.1250,1386093.5000,-32768,12854,423
00:07:36,1515.59,20.26,6.57,3276.70,0.00,19.8451,19.9035,19.6398,19.6885,37810608,1423452,1382411,37821596.0000,1423598.5000,1385409.7500,-32768,12854,424
00:07:38,1510.16,20.26,6.61,3276.70,0.00,19.8617,19.9035,19.6515,19.6885,37816557,1423418,1383441,37820944.0000,1423577.7500,1385150.2500,-32768,12854,425
00:07:40,1504.72,20.26,6.65,3276.70,0.00,19.8711,19.8965,19.6581,19.6818,37817549,1423262,1383273,37820944.0000,1423577.7500,1385001.3750,-32768,12854,425
00:07:43,1499.29,20.27,6.66,3276.70,0.00,19.8785,19.8953,19.6659,19.6818,37818109,1423061,1383273,37820592.0000,1423577.7500,1385011.2500,-32768,12854,425
00:07:45,1499.29,20.27,6.66,3276.70,0.00,19.8910,19.8945,19.6790,19.6818,37818109,1422832,1383302,37820212.0000,1423457.1250,1384956.1250,-32768,12854,425
00:07:47,1521.02,20.27,6.69,3276.70,0.00,19.8910,19.8953,19.6790,19.6813,37817487,1422513,1385338,37820136.0000,1423394.0000,1384991.3750,-32768,12854,425
00:07:49,1542.74,20.28,6.69,3276.70,0.00,19.9249,19.8969,19.7140,19.6830,37805683,1421488,1386431,37819484.0000,1423293.7500,1385036.3750,-32768,12854,425
00:07:50,1575.32,20.29,6.76,3276.70,0.00,19.9343,19.8980,19.7234,19.6843,37802740,1420876,1385286,37819484.0000,1423293.7500,1385036.3750,-32768,12854,425
00:07:52,1597.05,20.29,6.81,3276.70,0.00,19.9572,19.9012,19.7473,19.6877,37802635,1420481,1386489,37817532.0000,1423293.7500,1385116.2500,-32768,12854,425
00:07:53,1624.20,20.30,6.81,3276.70,0.00,19.9983,19.9087,19.7878,19.6956,37813261,1420122,1386492,37817128.0000,1422794.0000,1385280.5000,-32768,12854,424
00:07:55,1662.21,20.31,6.81,3276.70,0.00,20.0128,19.9120,19.8018,19.6989,37817938,1419823,1389381,37817320.0000,1422794.0000,1385534.6250,-32768,12854,424
00:07:57,1700.23,20.32,6.98,3276.70,0.00,20.0431,19.9196,19.8307,19.6989,37832175,1419823,1393031,37818096.0000,1422441.6250,1386041.7500,-32768,12854,422
00:07:59,1727.38,20.34,7.02,3276.70,0.00,20.0725,19.9196,19.8307,19.7203,37841696,1419823,1393031,37820272.0000,1422199.6250,1386460.1250,-32768,12854,421
00:08:01,1749.10,20.36,7.08,3276.70,0.00,20.0725,19.9498,19.8307,19.7366,37860287,1419697,1396273,37823444.0000,1421975.7500,1387283.7500,-32768,12854,420
00:08:03,1765.40,20.37,7.08,3276.70,0.00,20.1499,19.9617,19.9353,19.7484,37865867,1419697,1398502,37826212.0000,1421857.5000,1387945.5000,-32768,12854,418
00:08:05,1770.83,20.39,7.07,3276.70,0.00,20.1704,19.9617,19.9557,19.7484,37877830,1420348,1399548,37829300.0000,1421761.8750,1388645.2500,-32768,12854,416
00:08:08,1792.55,20.40,7.07,3276.70,0.00,20.1704,19.9936,19.9557,19.7867,37879486,1420348,1399548,37829300.0000,1421761.8750,1388645.2500,-32768,12854,412
00:08:11,1803.41,20.43,6.97,3276.70,0.00,20.1704,20.0264,19.9557,19.8200,37878662,1420647,1401244,37840352.0000,1421474.7500,1391298.8750,-32768,12854,410
00:08:14,1819.70,20.44,6.95,3276.70,0.00,20.1704,20.0460,19.9557,19.8333,37878662,1420885,1401244,37845352.0000,1421397.0000,1391298.8750,-32768,12854,406
00:08:17,1819.70,20.46,6.91,3276.70,0.00,20.2662,20.0460,20.0646,19.8333,37882833,1421095,1403004,37848776.0000,1421397.0000,1391298.8750,-32768,12854,404
00:08:19,1825.13,20.47,6.88,3276.70,0.00,20.2662,20.0908,20.0646,19.8857,37883100,1421571,1404598,37851836.0000,1421372.3750,1394515.0000,-32768,12854,402
00:08:20,1830.56,20.49,6.84,3276.70,0.00,20.2975,20.1092,20.0925,19.8983,37885646,1421693,1404575,37853892.0000,1421390.2500,1395137.6250,-32768,12854,401
00:08:23,1841.43,20.49,6.82,3276.70,0.00,20.2975,20.1211,20.0925,19.9166,37879991,1421713,1404771,37856420.0000,1421416.8750,1396052.5000,-32768,12854,398
00:08:25,1852.29,20.51,6.82,3276.70,0.00,20.3133,20.1211,20.1139,19.9166,37878684,1421603,1405247,37858468.0000,1421439.7500,1396052.5000,-32768,12854,396
00:08:27,1857.72,20.52,6.78,3276.70,0.00,20.3314,20.1556,20.1281,19.9462,37878888,1421676,1406410,37859688.0000,1421439.7500,1396052.5000,-32768,12854,394
00:08:28,1863.15,20.53,6.76,3276.70,0.00,20.3363,20.1612,20.1327,19.9521,37879527,1421871,1405360,37860944.0000,1421475.7500,1397934.7500,-32768,12854,394
00:08:30,1868.58,20.54,6.75,3276.70,0.00,20.3456,20.1724,20.1420,19.9636,37882167,1421966,1405360,37861608.0000,1421491.1250,1398190.0000,-32768,12854,392
00:08:32,1895.73,20.54,6.75,3276.70,0.00,20.3599,20.1724,20.1559,19.9636,37882054,1421816,1407911,37864108.0000,1421553.2500,1399323.0000,-32768,12854,390
00:08:34,1901.16,20.56,6.74,3276.70,0.00,20.3711,20.2000,20.1668,19.9918,37881030,1421751,1407847,37864640.0000,1421553.2500,1399323.0000,-32768,12854,389
00:08:35,1912.02,20.56,6.74,3276.70,0.00,20.3832,20.2111,20.1784,20.0031,37882094,1421843,1408706,37865680.0000,1421553.2500,1400135.7500,-32768,12854,388
00:08:37,1933.75,20.57,6.75,3276.70,0.00,20.3895,20.2166,20.1845,20.0087,37883719,1421884,1408220,37865680.0000,1421595.6250,1400619.5000,-32768,12854,387
00:08:39,1977.19,20.58,6.78,3276.70,0.00,20.4031,20.2278,20.1845,20.0259,37883719,1422017,1408495,37868160.0000,1421620.3750,1401104.6250,-32768,12854,387
00:08:41,2015.21,20.59,6.82,3276.70,0.00,20.4031,20.2512,20.2310,20.0436,37892646,1421820,1410113,37870256.0000,1421643.3750,1401918.1250,-32768,12854,384
00:08:44,2042.36,20.59,6.87,3276.70,0.00,20.4031,20.2637,20.2310,20.0623,37892646,1422346,1412034,37874300.0000,1421704.3750,1403081.5000,-32768,12854,381
00:08:47,2053.22,20.63,6.95,3276.70,0.00,20.4031,20.2895,20.2310,20.0879,37892646,1423327,1412034,37880412.0000,1421874.0000,1403081.5000,-32768,12854,377
00:08:49,2053.22,20.65,6.93,3276.70,0.00,20.5078,20.3089,20.2972,20.1005,37932486,1423663,1415458,37883592.0000,1421989.1250,1405057.0000,-32768,12854,377
00:08:51,2036.93,20.66,6.87,3276.70,0.00,20.5078,20.3275,20.2972,20.1251,37924145,1424083,1416151,37887520.0000,1422163.5000,1406090.1250,-32768,12854,374
00:08:54,2026.07,20.67,6.75,3276.70,0.00,20.5078,20.3448,20.2972,20.1419,37924145,1424676,1416261,37891224.0000,1422457.5000,1407311.2500,-32768,12854,372
00:08:56,2020.64,20.68,6.63,3276.70,0.00,20.5131,20.3602,20.3086,20.1522,37917521,1424436,1415662,37893008.0000,1422519.3750,1407572.1250,-32768,12854,372
00:08:57,2015.21,20.69,6.58,3276.70,0.00,20.5102,20.3695,20.3086,20.1661,37907606,1423864,1409748,37894696.0000,1422661.6250,1408153.1250,-32768,12854,370
00:08:59,2009.78,20.69,6.54,3276.70,0.00,20.5068,20.3820,20.3012,20.1744,37905066,1423806,1415218,37895344.0000,1422729.5000,1408433.6250,-32768,12854,369
00:09:01,2004.34,20.70,6.50,3276.70,0.00,20.5053,20.3858,20.3001,20.1744,37903366,1423822,1414411,37895344.0000,1422729.5000,1408818.5000,-32768,12854,368
00:09:02,1998.91,20.70,6.48,3276.70,0.00,20.5032,20.3930,20.2980,20.1856,37901902,1423469,1414411,37896176.0000,1422827.5000,1409156.6250,-32768,12854,367
00:09:05,1998.91,20.71,6.46,3276.70,0.00,20.5032,20.4029,20.2980,20.1987,37901902,1422700,1414244,37896104.0000,1422835.5000,1409630.6250,-32768,12854,367
00:09:07,1998.91,20.71,6.45,3276.70,0.00,20.5011,20.4117,20.2943,20.2045,37901902,1422264,1412887,37895408.0000,1422794.3750,1409911.8750,-32768,12854,367
00:09:10,1998.91,20.71,6.43,3276.70,0.00,20.5011,20.4198,20.2957,20.2127,37886686,1422099,1406884,37894480.0000,1422729.8750,1409911.8750,-32768,12854,365
00:09:12,1993.48,20.72,6.43,3276.70,0.00,20.5011,20.4273,20.2957,20.2229,37886686,1421786,1412276,37892944.0000,1422623.3750,1410228.8750,-32768,12854,365
00:09:15,1993.48,20.72,6.42,3276.70,0.00,20.5011,20.4367,20.3036,20.2300,37879482,1421667,1412276,37891672.0000,1422537.5000,1410000.0000,-32768,12854,365
00:09:16,1993.48,20.72,6.42,3276.70,0.00,20.5109,20.4412,20.3070,20.2346,37876737,1421623,1412914,37891204.0000,1422509.0000,1410091.1250,-32768,12854,365
00:09:18,1998.91,20.73,6.41,3276.70,0.00,20.5139,20.4456,20.3101,20.2346,37877637,1421817,1412914,37889900.0000,1422440.6250,1409870.5000,-32768,12854,365
00:09:19,1993.48,20.73,6.40,3276.70,0.00,20.5166,20.4499,20.3133,20.2436,37874539,1421596,1414007,37889420.0000,1422414.2500,1409999.7500,-32768,12854,365
00:09:20,1993.48,20.74,6.39,3276.70,0.00,20.5184,20.4520,20.3149,20.2459,37875455,1421640,1413733,37888984.0000,1422367.5000,1410229.5000,-32768,12854,365
00:09:21,1993.48,20.74,6.39,3276.70,0.00,20.5216,20.4562,20.3184,20.2502,37874165,1421824,1403760,37888096.0000,1422350.5000,1410027.3750,-32768,12854,365
00:09:23,1988.05,20.74,6.38,3276.70,0.00,20.5227,20.4583,20.3200,20.2524,37875064,1421877,1403760,37887344.0000,1422320.0000,1410033.3750,-32768,12854,365
00:09:25,1988.05,20.74,6.38,3276.70,0.00,20.5248,20.4623,20.3220,20.2566,37875463,1421835,1403760,37887344.0000,1422320.0000,1410269.5000,-32768,12854,365
00:09:28,1993.48,20.75,6.36,3276.70,0.00,20.5248,20.4700,20.3220,20.2647,37875463,1421646,1414064,37887344.0000,1422211.2500,1410261.3750,-32768,12854,364
00:09:30,1998.91,20.76,6.33,3276.70,0.00,20.5336,20.4738,20.3305,20.2706,37867441,1421514,1402974,37883768.0000,1422211.2500,1410261.3750,-32768,12854,365
00:09:31,2009.78,20.76,6.32,3276.70,0.00,20.5418,20.4797,20.3384,20.2746,37867233,1421411,1413981,37882700.0000,1422144.6250,1410027.7500,-32768,12854,365
00:09:34,2015.21,20.76,6.32,3276.70,0.00,20.5418,20.4859,20.3384,20.2810,37867223,1421521,1403784,37881192.0000,1422075.3750,1410099.0000,-32768,12854,365
00:09:35,2020.64,20.77,6.32,3276.70,0.00,20.5559,20.4880,20.3534,20.2832,37867796,1421415,1414965,37880440.0000,1422034.6250,1410141.3750,-32768,12854,364
00:09:37,2020.64,20.77,6.33,3276.70,0.00,20.5639,20.4925,20.3616,20.2879,37870783,1421524,1414965,37880440.0000,1422034.6250,1410141.3750,-32768,12854,364
00:09:38,2020.64,20.77,6.33,3276.70,0.00,20.5720,20.4973,20.3695,20.2953,37876081,1422276,1407272,37879600.0000,1422018.7500,1410184.6250,-32768,12854,364
00:09:39,2020.64,20.78,6.33,3276.70,0.00,20.5790,20.5021,20.3761,20.2978,37878465,1422280,1415752,37879564.0000,1422026.8750,1410358.6250,-32768,12854,364
00:09:41,2020.64,20.78,6.33,3276.70,0.00,20.5844,20.5071,20.3817,20.3029,37879610,1422280,1407403,37879560.0000,1422068.0000,1410626.2500,-32768,12854,363
00:09:43,2020.64,20.79,6.31,3276.70,0.00,20.5886,20.5120,20.3861,20.3079,37879038,1422682,1409970,37879544.0000,1422087.1250,1410605.7500,-32768,12854,363
00:09:45,2009.78,20.79,6.31,3276.70,0.00,20.5886,20.5168,20.3861,20.3152,37879038,1422851,1417063,37879160.0000,1422149.6250,1411307.7500,-32768,12854,362
00:09:47,2004.34,20.81,6.25,3276.70,0.00,20.5949,20.5168,20.3939,20.3223,37878033,1422782,1417582,37879072.0000,1422189.8750,1411697.6250,-32768,12854,361
00:09:49,2004.34,20.81,6.23,3276.70,0.00,20.5961,20.5282,20.3943,20.3223,37875375,1422685,1416968,37878868.0000,1422222.8750,1412030.3750,-32768,12854,360
00:09:51,1998.91,20.81,6.22,3276.70,0.00,20.5976,20.5282,20.3943,20.3309,37875375,1422595,1416007,37878256.0000,1422251.7500,1412915.5000,-32768,12854,358
00:09:53,1998.91,20.82,6.20,3276.70,0.00,20.6005,20.5384,20.3943,20.3369,37869315,1422205,1416700,37877768.0000,1422252.5000,1413151.8750,-32768,12854,358
00:09:54,1998.91,20.82,6.20,3276.70,0.00,20.6028,20.5442,20.4002,20.3407,37871468,1422109,1424244,37877276.0000,1422242.2500,1413879.3750,-32768,12854,356
00:09:57,1998.91,20.83,6.17,3276.70,0.00,20.6028,20.5480,20.4002,20.3445,37867345,1422109,1424244,37876604.0000,1422231.0000,1414175.0000,-32768,12854,355
00:09:59,1993.48,20.83,6.17,3276.70,0.00,20.6116,20.5536,20.4078,20.3500,37867257,1421928,1424244,37876060.0000,1422215.6250,1414186.7500,-32768,12854,355
00:10:00,1998.91,20.84,6.17,3276.70,0.00,20.6154,20.5573,20.4120,20.3537,37866703,1421928,1417483,37875148.0000,1422171.2500,1414405.6250,-32768,12854,355
00:10:02,1998.91,20.84,6.17,3276.70,0.00,20.6186,20.5610,20.4120,20.3575,37867156,1422026,1407604,37874896.0000,1422160.0000,1414040.0000,-32768,12854,356
00:10:03,1998.91,20.84,6.17,3276.70,0.00,20.6205,20.5628,20.4175,20.3593,37866856,1421823,1416821,37874360.0000,1422149.5000,1414126.8750,-32768,12854,355
00:10:04,1998.91,20.85,6.16,3276.70,0.00,20.6244,20.5665,20.4214,20.3631,37863523,1421801,1416821,37874360.0000,1422138.6250,1414237.7500,-32768,12854,355
00:10:06,1998.91,20.85,6.16,3276.70,0.00,20.6262,20.5683,20.4235,20.3650,37864967,1421779,1416821,37873472.0000,1422112.2500,1414237.7500,-32768,12854,354
00:10:08,1993.48,20.85,6.15,3276.70,0.00,20.6318,20.5738,20.4294,20.3706,37863524,1421799,1416821,37872656.0000,1422112.2500,1415031.1250,-32768,12854,353
00:10:10,1998.91,20.86,6.15,3276.70,0.00,20.6375,20.5793,20.4357,20.3706,37862256,1421583,1416821,37871824.0000,1422040.8750,1415848.5000,-32768,12854,352
00:10:12,1998.91,20.86,6.14,3276.70,0.00,20.6415,20.5831,20.4397,20.3801,37863391,1421712,1418108,37871312.0000,1422020.8750,1415989.6250,-32768,12854,351
00:10:13,1998.91,20.87,6.14,3276.70,0.00,20.6452,20.5831,20.4397,20.3858,37861604,1421813,1412914,37870752.0000,1422006.3750,1415976.5000,-32768,12854,351
00:10:15,1998.91,20.87,6.13,3276.70,0.00,20.6493,20.5906,20.4478,20.3877,37862602,1421814,1418153,37870300.0000,1421993.7500,1415987.7500,-32768,12854,351
00:10:16,1993.48,20.88,6.13,3276.70,0.00,20.6515,20.5943,20.4517,20.3877,37863031,1421852,1418461,37870072.0000,1421989.3750,1416065.0000,-32768,12854,351
00:10:18,1998.91,20.88,6.12,3276.70,0.00,20.6515,20.5981,20.4560,20.3954,37862947,1422090,1412201,37869408.0000,1421989.3750,1416065.0000,-32768,12854,351
00:10:20,1993.48,20.89,6.11,3276.70,0.00,20.6617,20.6019,20.4603,20.3993,37862590,1421938,1418840,37869196.0000,1421981.0000,1415934.0000,-32768,12854,351
00:10:22,1998.91,20.90,6.09,3276.70,0.00,20.6655,20.6057,20.4603,20.3993,37862598,1421815,1418915,37868688.0000,1421967.3750,1416248.8750,-32768,12854,350
00:10:24,1993.48,20.90,6.09,3276.70,0.00,20.6717,20.6114,20.4704,20.4091,37863651,1421838,1418915,37868388.0000,1421967.3750,1416552.0000,-32768,12854,350
00:10:27,1993.48,20.91,6.08,3276.70,0.00,20.6717,20.6173,20.4704,20.4171,37863542,1421802,1425893,37867812.0000,1421967.3750,1417321.0000,-32768,12854,350
00:10:29,1993.48,20.91,6.07,3276.70,0.00,20.6843,20.6232,20.4831,20.4211,37863542,1421802,1419997,37867344.0000,1421944.0000,1417321.0000,-32768,12854,348
00:10:31,1993.48,20.92,6.06,3276.70,0.00,20.6843,20.6310,20.4919,20.4290,37863548,1421926,1419997,37867344.0000,1421943.6250,1417693.3750,-32768,12854,347
00:10:34,1993.48,20.92,6.06,3276.70,0.00,20.6843,20.6350,20.4961,20.4330,37863205,1422004,1420519,37867344.0000,1421944.7500,1417934.3750,-32768,12854,347
00:10:35,1993.48,20.93,6.05,3276.70,0.00,20.7012,20.6390,20.5004,20.4371,37864021,1422008,1421865,37866580.0000,1421946.7500,1418057.1250,-32768,12854,346
00:10:36,1993.48,20.93,6.05,3276.70,0.00,20.7036,20.6410,20.5028,20.4371,37860834,1421932,1420998,37866580.0000,1421946.7500,1418329.8750,-32768,12854,346
00:10:38,1993.48,20.94,6.05,3276.70,0.00,20.7098,20.6410,20.5112,20.4473,37863067,1421864,1421272,37866040.0000,1421944.6250,1418493.8750,-32768,12854,346
00:10:40,1993.48,20.94,6.04,3276.70,0.00,20.7143,20.6510,20.5136,20.4493,37863067,1421864,1422135,37865936.0000,1421945.2500,1418493.8750,-32768,12854,345
00:10:41,1993.48,20.94,6.03,3276.70,0.00,20.7186,20.6550,20.5180,20.4535,37862976,1422101,1421780,37865840.0000,1421950.1250,1418798.5000,-32768,12854,344
00:10:43,1993.48,20.95,6.03,3276.70,0.00,20.7208,20.6571,20.5200,20.4555,37863580,1422101,1421780,37865712.0000,1421950.1250,1419063.0000,-32768,12854,344
00:10:45,1993.48,20.95,6.01,3276.70,0.00,20.7275,20.6632,20.5267,20.4618,37863487,1422101,1422294,37865524.0000,1421965.5000,1419063.0000,-32768,12854,344
00:10:48,1993.48,20.96,6.01,3276.70,0.00,20.7275,20.6715,20.5267,20.4701,37862605,1422109,1422382,37865232.0000,1421976.0000,1419589.5000,-32768,12854,343
00:10:49,1993.48,20.97,6.01,3276.70,0.00,20.7405,20.6756,20.5401,20.4743,37864763,1422149,1422352,37865216.0000,1421976.0000,1419768.6250,-32768,12854,343
00:10:51,1993.48,20.98,5.99,3276.70,0.00,20.7449,20.6798,20.5446,20.4743,37864458,1422099,1423151,37865204.0000,1421995.6250,1419768.6250,-32768,12854,342
00:10:53,1993.48,20.98,5.99,3276.70,0.00,20.7496,20.6798,20.5512,20.4743,37865149,1422070,1423380,37865124.0000,1422000.5000,1420268.6250,-32768,12854,341
00:10:55,1993.48,20.99,5.99,3276.70,0.00,20.7563,20.6903,20.5512,20.4913,37864943,1422240,1422743,37865156.0000,1422017.7500,1420432.0000,-32768,12854,341
00:10:57,1993.48,21.00,5.98,3276.70,0.00,20.7609,20.6945,20.5512,20.4934,37864943,1422181,1422648,37865232.0000,1422032.3750,1420556.8750,-32768,12854,340
00:11:00,1993.48,21.00,5.98,3276.70,0.00,20.7679,20.7009,20.5672,20.4999,37867326,1422150,1422648,37865232.0000,1422042.1250,1420885.1250,-32768,12854,340
00:11:02,1993.48,21.01,5.97,3276.70,0.00,20.7721,20.7009,20.5744,20.4999,37865606,1422222,1425078,37865528.0000,1422054.1250,1421236.6250,-32768,12854,339
00:11:03,1993.48,21.02,5.97,3276.70,0.00,20.7791,20.7116,20.5789,20.5108,37866630,1422189,1424596,37865560.0000,1422056.3750,1421471.1250,-32768,12854,339
00:11:05,1998.91,21.02,5.96,3276.70,0.00,20.7839,20.7160,20.5789,20.5174,37866630,1422027,1423615,37865752.0000,1422051.8750,1421633.0000,-32768,12854,338
00:11:06,2004.34,21.03,5.96,3276.70,0.00,20.7896,20.7204,20.5895,20.5196,37866195,1422030,1424280,37865784.0000,1422056.6250,1421633.0000,-32768,12854,338
00:11:08,2004.34,21.03,5.95,3276.70,0.00,20.7955,20.7249,20.5956,20.5196,37865555,1422214,1424911,37865836.0000,1422066.0000,1422006.5000,-32768,12854,337
00:11:11,2004.34,21.03,5.95,3276.70,0.00,20.8047,20.7318,20.5956,20.5336,37865555,1422388,1425628,37866200.0000,1422093.0000,1422315.7500,-32768,12854,337
00:11:13,2004.34,21.04,5.95,3276.70,0.00,20.8047,20.7413,20.5956,20.5433,37873637,1422507,1425702,37866984.0000,1422145.1250,1422427.0000,-32768,12854,336
00:11:16,2004.34,21.04,5.94,3276.70,0.00,20.8243,20.7486,20.6251,20.5482,37874436,1422564,1432095,37867428.0000,1422169.1250,1422820.2500,-32768,12854,335
00:11:18,2004.34,21.06,5.94,3276.70,0.00,20.8298,20.7535,20.6305,20.5482,37874076,1422653,1425802,37867832.0000,1422169.1250,1422820.2500,-32768,12854,334
00:11:19,2004.34,21.06,5.92,3276.70,0.00,20.8348,20.7584,20.6357,20.5482,37876806,1422413,1433509,37868540.0000,1422169.1250,1422820.2500,-32768,12854,333
00:11:21,2004.34,21.07,5.91,3276.70,0.00,20.8398,20.7633,20.6406,20.5631,37878712,1422428,1435534,37868856.0000,1422169.1250,1424219.3750,-32768,12854,332
00:11:23,2004.34,21.08,5.91,3276.70,0.00,20.8450,20.7682,20.6454,20.5680,37876825,1422706,1427744,37869548.0000,1422169.1250,1424219.3750,-32768,12854,332
00:11:25,2004.34,21.08,5.90,3276.70,0.00,20.8498,20.7682,20.6529,20.5680,37879149,1422500,1438615,37870080.0000,1422309.8750,1424219.3750,-32768,12854,330
00:11:27,2004.34,21.09,5.90,3276.70,0.00,20.8498,20.7830,20.6529,20.5853,37878471,1422727,1434805,37870948.0000,1422349.6250,1425805.8750,-32768,12854,329
00:11:29,2004.34,21.10,5.88,3276.70,0.00,20.8641,20.7879,20.6529,20.5902,37878907,1422710,1428983,37871444.0000,1422366.8750,1426233.3750,-32768,12854,328
00:11:30,2004.34,21.10,5.88,3276.70,0.00,20.8712,20.7952,20.6723,20.5951,37878315,1422746,1428409,37871884.0000,1422390.0000,1426365.0000,-32768,12854,328
00:11:31,2004.34,21.10,5.88,3276.70,0.00,20.8738,20.7976,20.6750,20.5976,37879515,1422838,1429916,37872124.0000,1422404.0000,1426475.8750,-32768,12854,327
00:11:33,2004.34,21.11,5.87,3276.70,0.00,20.8763,20.8000,20.6773,20.6000,37879202,1422884,1429868,37872344.0000,1422419.0000,1426581.8750,-32768,12854,327
00:11:35,2004.34,21.11,5.87,3276.70,0.00,20.8810,20.8000,20.6820,20.6000,37879918,1422884,1429868,37873208.0000,1422453.3750,1426652.6250,-32768,12854,327
00:11:37,2004.34,21.12,5.87,3276.70,0.00,20.8810,20.8146,20.6920,20.6148,37880212,1422772,1429424,37873652.0000,1422476.8750,1426652.6250,-32768,12854,327
00:11:39,2004.34,21.12,5.86,3276.70,0.00,20.8956,20.8194,20.6968,20.6197,37880827,1422831,1430003,37874064.0000,1422496.3750,1426741.6250,-32768,12854,327
00:11:41,2004.34,21.13,5.86,3276.70,0.00,20.8983,20.8194,20.7017,20.6197,37881360,1422819,1430836,37874672.0000,1422496.3750,1426647.3750,-32768,12854,327
00:11:42,2004.34,21.14,5.84,3276.70,0.00,20.9057,20.8293,20.7066,20.6296,37881444,1422799,1430328,37874880.0000,1422531.5000,1426762.5000,-32768,12854,326
00:11:43,2004.34,21.14,5.84,3276.70,0.00,20.9079,20.8317,20.7093,20.6320,37882706,1423067,1422426,37875336.0000,1422531.5000,1426752.5000,-32768,12854,326
00:11:45,1998.91,21.14,5.83,3276.70,0.00,20.9132,20.8366,20.7145,20.6320,37883042,1422785,1431889,37875804.0000,1422581.0000,1426710.5000,-32768,12854,326
00:11:46,2004.34,21.15,5.83,3276.70,0.00,20.9181,20.8415,20.7194,20.6320,37884268,1422875,1432243,37876284.0000,1422595.8750,1427033.2500,-32768,12854,326
00:11:48,2004.34,21.15,5.83,3276.70,0.00,20.9230,20.8464,20.7243,20.6320,37884565,1423063,1421854,37876544.0000,1422610.5000,1426871.3750,-32768,12854,326
00:11:49,2004.34,21.15,5.83,3276.70,0.00,20.9284,20.8513,20.7299,20.6518,37885201,1422810,1432263,37877060.0000,1422610.5000,1426871.3750,-32768,12854,326
00:11:52,2004.34,21.16,5.82,3276.70,0.00,20.9331,20.8513,20.7350,20.6518,37885424,1422991,1424010,37877912.0000,1422610.5000,1426871.3750,-32768,12854,326
00:11:53,2004.34,21.16,5.82,3276.70,0.00,20.9383,20.8612,20.7398,20.6618,37885144,1422894,1432134,37878400.0000,1422677.0000,1427003.1250,-32768,12854,326
00:11:55,1998.91,21.17,5.82,3276.70,0.00,20.9435,20.8612,20.7480,20.6618,37886232,1422904,1432679,37878868.0000,1422702.0000,1427368.8750,-32768,12854,325
00:11:58,2004.34,21.18,5.81,3276.70,0.00,20.9435,20.8761,20.7480,20.6795,37886831,1422904,1432930,37880072.0000,1422736.8750,1427857.0000,-32768,12854,324
00:12:00,2004.34,21.19,5.80,3276.70,0.00,20.9596,20.8761,20.7637,20.6795,37888182,1423112,1437099,37880600.0000,1422761.0000,1428400.3750,-32768,12854,322
00:12:02,1998.91,21.19,5.80,3276.70,0.00,20.9674,20.8886,20.7693,20.6896,37889696,1423019,1437099,37881140.0000,1422777.6250,1428701.5000,-32768,12854,322
00:12:04,2004.34,21.19,5.79,3276.70,0.00,20.9753,20.8962,20.7775,20.6974,37889826,1422957,1437099,37881140.0000,1422777.6250,1429711.5000,-32768,12854,320
00:12:05,1998.91,21.21,5.79,3276.70,0.00,20.9807,20.9013,20.7829,20.7025,37889714,1423073,1434199,37882160.0000,1422802.8750,1429851.7500,-32768,12854,319
00:12:07,1998.91,21.21,5.79,3276.70,0.00,20.9832,20.9038,20.7856,20.7051,37891900,1423066,1434241,37882464.0000,1422811.1250,1429988.8750,-32768,12854,319
00:12:08,1998.91,21.22,5.79,3276.70,0.00,20.9914,20.9115,20.7941,20.7129,37895021,1422803,1446021,37883484.0000,1422811.1250,1429988.8750,-32768,12854,317
00:12:10,1998.91,21.22,5.79,3276.70,0.00,20.9969,20.9166,20.7995,20.7181,37893541,1423176,1446021,37884468.0000,1422851.5000,1431403.0000,-32768,12854,316
00:12:12,2004.34,21.22,5.78,3276.70,0.00,21.0024,20.9218,20.8052,20.7234,37893541,1423176,1440334,37885084.0000,1422860.3750,1431916.0000,-32768,12854,315
00:12:13,1998.91,21.24,5.77,3276.70,0.00,21.0079,20.9270,20.8107,20.7286,37894391,1423090,1435795,37885376.0000,1422867.5000,1432037.2500,-32768,12854,315
00:12:14,1998.91,21.24,5.77,3276.70,0.00,21.0108,20.9296,20.8132,20.7312,37895546,1423185,1435531,37885696.0000,1422877.5000,1432146.3750,-32768,12854,314
00:12:16,1998.91,21.24,5.77,3276.70,0.00,21.0165,20.9348,20.8193,20.7365,37894948,1423155,1435531,37886324.0000,1422903.5000,1432137.1250,-32768,12854,314
00:12:19,2004.34,21.25,5.77,3276.70,0.00,21.0165,20.9427,20.8193,20.7445,37894948,1423269,1436102,37887556.0000,1422936.8750,1432484.3750,-32768,12854,314
00:12:22,1998.91,21.25,5.75,3276.70,0.00,21.0362,20.9427,20.8395,20.7445,37898561,1423262,1436571,37888936.0000,1422994.5000,1432390.2500,-32768,12854,314
00:12:25,1998.91,21.27,5.75,3276.70,0.00,21.0362,20.9612,20.8395,20.7661,37898561,1423452,1437032,37890288.0000,1423037.2500,1433163.0000,-32768,12854,312
00:12:26,1998.91,21.28,5.75,3276.70,0.00,21.0534,20.9612,20.8597,20.7743,37902770,1423381,1437262,37891044.0000,1423061.2500,1433420.6250,-32768,12854,312
00:12:29,1998.91,21.28,5.75,3276.70,0.00,21.0591,20.9747,20.8628,20.7770,37903356,1423147,1449509,37891044.0000,1423067.5000,1434322.6250,-32768,12854,309
00:12:31,1998.91,21.29,5.73,3276.70,0.00,21.0678,20.9747,20.8716,20.7770,37904626,1423435,1438310,37892976.0000,1423067.5000,1434322.6250,-32768,12854,308
00:12:32,1998.91,21.30,5.72,3276.70,0.00,21.0765,20.9910,20.8804,20.7936,37905414,1423390,1442874,37893728.0000,1423116.6250,1435148.3750,-32768,12854,308
00:12:34,1998.91,21.30,5.72,3276.70,0.00,21.0823,20.9965,20.8863,20.7992,37904914,1423542,1439671,37894404.0000,1423142.2500,1435402.7500,-32768,12854,307
00:12:36,1998.91,21.30,5.72,3276.70,0.00,21.0883,21.0020,20.8924,20.8048,37906445,1423587,1433554,37895104.0000,1423142.2500,1435471.1250,-32768,12854,307
00:12:37,1998.91,21.31,5.72,3276.70,0.00,21.0911,21.0048,20.8953,20.8076,37906299,1423593,1431875,37895104.0000,1423195.2500,1435503.7500,-32768,12854,307
00:12:39,1998.91,21.32,5.72,3276.70,0.00,21.0911,21.0131,20.9044,20.8161,37907817,1423664,1440957,37896536.0000,1423223.5000,1435820.1250,-32768,12854,307
00:12:41,1998.91,21.33,5.72,3276.70,0.00,21.1061,21.0187,20.9105,20.8218,37909279,1423664,1440957,37897684.0000,1423271.7500,1435579.2500,-32768,12854,307
00:12:44,1993.48,21.33,5.71,3276.70,0.00,21.1061,21.0271,20.9105,20.8332,37912055,1423901,1438153,37898900.0000,1423271.7500,1435959.5000,-32768,12854,306
00:12:46,1998.91,21.34,5.70,3276.70,0.00,21.1241,21.0356,20.9289,20.8332,37912055,1423732,1441333,37899660.0000,1423350.0000,1436127.3750,-32768,12854,305
00:12:47,1998.91,21.35,5.69,3276.70,0.00,21.1300,21.0413,20.9349,20.8332,37912403,1423684,1448618,37900860.0000,1423382.6250,1436833.1250,-32768,12854,305
00:12:49,1998.91,21.35,5.70,3276.70,0.00,21.1300,21.0470,20.9349,20.8534,37915324,1423863,1442195,37901716.0000,1423408.6250,1437422.5000,-32768,12854,303
00:12:51,1993.48,21.36,5.69,3276.70,0.00,21.1423,21.0527,20.9502,20.8592,37915365,1423697,1441857,37902560.0000,1423429.7500,1437695.6250,-32768,12854,302
00:12:53,1998.91,21.36,5.68,3276.70,0.00,21.1423,21.0614,20.9502,20.8592,37916849,1423597,1453345,37903376.0000,1423451.5000,1438702.3750,-32768,12854,300
00:12:55,1998.91,21.37,5.68,3276.70,0.00,21.1575,21.0614,20.9655,20.8592,37918737,1423795,1443699,37904672.0000,1423451.5000,1438702.3750,-32768,12854,299
00:12:58,1998.91,21.38,5.68,3276.70,0.00,21.1575,21.0788,20.9750,20.8827,37919593,1423822,1443654,37904672.0000,1423511.2500,1439544.3750,-32768,12854,298
00:13:00,1998.91,21.39,5.66,3276.70,0.00,21.1763,21.0846,20.9815,20.8887,37919799,1424139,1434299,37907312.0000,1423546.5000,1439525.7500,-32768,12854,298
00:13:01,1998.91,21.39,5.66,3276.70,0.00,21.1820,21.0905,20.9875,20.8946,37921551,1424097,1431295,37907756.0000,1423563.6250,1439268.5000,-32768,12854,299
00:13:02,1998.91,21.40,5.65,3276.70,0.00,21.1884,21.0905,20.9939,20.9006,37922404,1423983,1444649,37909092.0000,1423594.3750,1439753.2500,-32768,12854,298
00:13:04,1998.91,21.40,5.64,3276.70,0.00,21.1948,21.1023,20.9999,20.9066,37926672,1424164,1441802,37909640.0000,1423612.1250,1439817.2500,-32768,12854,297
00:13:05,1993.48,21.41,5.65,3276.70,0.00,21.2008,21.1083,21.0065,20.9126,37923205,1424184,1445982,37910968.0000,1423663.7500,1440242.8750,-32768,12854,297
00:13:08,1998.91,21.42,5.64,3276.70,0.00,21.2008,21.1172,21.0065,20.9216,37923205,1423841,1455536,37912224.0000,1423688.6250,1441260.1250,-32768,12854,295
00:13:10,1998.91,21.43,5.64,3276.70,0.00,21.2165,21.1232,21.0225,20.9277,37926822,1424088,1445983,37912680.0000,1423688.6250,1441260.1250,-32768,12854,294
00:13:11,1998.91,21.43,5.64,3276.70,0.00,21.2230,21.1292,21.0287,20.9338,37926334,1423991,1444929,37913488.0000,1423721.8750,1442028.1250,-32768,12854,294
00:13:14,1993.48,21.44,5.63,3276.70,0.00,21.2230,21.1382,21.0287,20.9460,37929865,1424140,1446848,37915152.0000,1423750.3750,1442752.1250,-32768,12854,291
00:13:16,1993.48,21.45,5.63,3276.70,0.00,21.2386,21.1443,21.0287,20.9521,37929865,1424140,1437290,37915944.0000,1423775.5000,1442752.1250,-32768,12854,292
00:13:18,1993.48,21.46,5.63,3276.70,0.00,21.2386,21.1564,21.0575,20.9521,37934633,1424335,1448030,37917924.0000,1423829.7500,1443124.3750,-32768,12854,291
00:13:20,1993.48,21.47,5.62,3276.70,0.00,21.2579,21.1625,21.0640,20.9675,37935285,1424591,1448030,37918468.0000,1423853.6250,1443025.2500,-32768,12854,291
00:13:22,1993.48,21.47,5.61,3276.70,0.00,21.2611,21.1656,21.0673,20.9706,37935285,1424139,1448670,37919436.0000,1423853.6250,1443025.2500,-32768,12854,290
00:13:23,1993.48,21.48,5.61,3276.70,0.00,21.2710,21.1656,21.0769,20.9800,37936314,1424373,1448667,37920428.0000,1423909.0000,1443415.1250,-32768,12854,290
00:13:24,1993.48,21.48,5.60,3276.70,0.00,21.2738,21.1779,21.0802,20.9831,37939673,1424439,1438662,37921520.0000,1423909.0000,1443050.5000,-32768,12854,290
00:13:27,1993.48,21.49,5.61,3276.70,0.00,21.2841,21.1779,21.0902,20.9831,37935449,1424341,1449604,37922812.0000,1423978.5000,1443620.3750,-32768,12854,289
00:13:29,1993.48,21.49,5.60,3276.70,0.00,21.2934,21.1779,21.0999,21.0018,37940256,1424687,1440347,37923892.0000,1424015.6250,1443489.7500,-32768,12854,289
00:13:29,1993.48,21.50,5.60,3276.70,0.00,21.2966,21.1996,21.1032,21.0050,37940004,1424449,1450229,37924392.0000,1424029.2500,1443700.3750,-32768,12854,288
00:13:31,1993.48,21.51,5.60,3276.70,0.00,21.3000,21.2028,21.1098,21.0113,37939773,1424440,1450074,37925328.0000,1424053.0000,1444107.8750,-32768,12854,288
00:13:34,2004.34,21.51,5.60,3276.70,0.00,21.3065,21.2028,21.1163,21.0113,37942586,1424466,1450074,37925328.0000,1424053.0000,1445273.1250,-32768,12854,286
00:13:36,2009.78,21.52,5.59,3276.70,0.00,21.3218,21.2217,21.1280,21.0113,37941417,1424466,1450729,37928276.0000,1424117.2500,1445638.8750,-32768,12854,285
00:13:37,2009.78,21.53,5.59,3276.70,0.00,21.3353,21.2315,21.1416,21.0372,37945066,1424420,1450845,37929308.0000,1424138.7500,1446016.0000,-32768,12854,285
00:13:41,2015.21,21.54,5.59,3276.70,0.00,21.3353,21.2383,21.1416,21.0474,37945066,1424594,1463748,37931784.0000,1424189.3750,1447373.0000,-32768,12854,285
00:13:42,2015.21,21.56,5.59,3276.70,0.00,21.3624,21.2523,21.1670,21.0579,37953168,1424820,1452977,37933112.0000,1424228.6250,1447724.7500,-32768,12854,280
00:13:43,2009.78,21.56,5.59,3276.70,0.00,21.3662,21.2558,21.1711,21.0614,37955259,1424750,1453413,37933804.0000,1424245.0000,1447902.5000,-32768,12854,280
00:13:45,2015.21,21.57,5.59,3276.70,0.00,21.3699,21.2594,21.1711,21.0685,37955588,1424922,1460277,37935064.0000,1424245.0000,1448716.5000,-32768,12854,278
00:13:46,2009.78,21.58,5.58,3276.70,0.00,21.3811,21.2700,21.1857,21.0685,37957355,1425018,1454404,37936416.0000,1424330.6250,1448894.2500,-32768,12854,278
00:13:47,2009.78,21.58,5.58,3276.70,0.00,21.3841,21.2736,21.1890,21.0790,37957509,1425054,1454655,37937656.0000,1424376.6250,1449065.3750,-32768,12854,278
00:13:49,2009.78,21.59,5.56,3276.70,0.00,21.3911,21.2807,21.1959,21.0861,37956396,1424991,1452612,37938240.0000,1424395.8750,1449176.2500,-32768,12854,277
00:13:50,2009.78,21.59,5.56,3276.70,0.00,21.3974,21.2877,21.2023,21.0931,37959037,1425113,1452612,37940120.0000,1424464.6250,1449711.8750,-32768,12854,276
00:13:53,2015.21,21.60,5.56,3276.70,0.00,21.3974,21.2877,21.2127,21.0931,37959590,1425049,1455713,37941924.0000,1424524.5000,1449740.6250,-32768,12854,276
00:13:55,2015.21,21.61,5.54,3276.70,0.00,21.4130,21.3052,21.2127,21.0931,37961610,1425078,1456551,37943128.0000,1424524.5000,1450136.1250,-32768,12854,275
00:13:56,2009.78,21.62,5.54,3276.70,0.00,21.4192,21.3120,21.2253,21.1175,37961938,1425158,1459513,37944284.0000,1424596.3750,1450536.0000,-32768,12854,274
00:13:57,2009.78,21.62,5.53,3276.70,0.00,21.4253,21.3189,21.2319,21.1244,37960907,1424954,1457124,37944800.0000,1424596.3750,1450741.8750,-32768,12854,274
00:14:00,2009.78,21.63,5.53,3276.70,0.00,21.4320,21.3257,21.2319,21.1347,37963540,1424954,1457124,37946432.0000,1424655.8750,1451311.8750,-32768,12854,273
00:14:02,2009.78,21.64,5.53,3276.70,0.00,21.4320,21.3359,21.2319,21.1449,37964888,1425242,1457263,37948080.0000,1424705.5000,1451829.7500,-32768,12854,272
00:14:04,2009.78,21.65,5.53,3276.70,0.00,21.4480,21.3427,21.2546,21.1449,37965174,1425127,1457263,37949164.0000,1424733.5000,1452152.1250,-32768,12854,271
00:14:07,2009.78,21.65,5.52,3276.70,0.00,21.4480,21.3561,21.2546,21.1619,37965711,1425167,1457973,37950640.0000,1424770.5000,1452152.1250,-32768,12854,269
00:14:08,2009.78,21.66,5.52,3276.70,0.00,21.4480,21.3561,21.2779,21.1721,37971222,1425224,1461387,37952304.0000,1424813.8750,1453303.3750,-32768,12854,269
00:14:11,2009.78,21.67,5.52,3276.70,0.00,21.4480,21.3729,21.2779,21.1823,37970346,1425224,1456914,37954460.0000,1424871.3750,1453953.2500,-32768,12854,267
00:14:15,2009.78,21.68,5.50,3276.70,0.00,21.4480,21.3864,21.2779,21.1924,37970346,1425314,1456914,37956524.0000,1424922.7500,1454639.8750,-32768,12854,266
00:14:16,2009.78,21.70,5.49,3276.70,0.00,21.5008,21.3964,21.3077,21.1924,37973186,1425427,1458450,37957044.0000,1424922.7500,1454976.7500,-32768,12854,265
00:14:19,2009.78,21.70,5.49,3276.70,0.00,21.5073,21.4032,21.3145,21.1924,37974401,1425427,1458450,37958560.0000,1424922.7500,1454976.7500,-32768,12854,264
00:14:21,2009.78,21.71,5.49,3276.70,0.00,21.5179,21.4132,21.3248,21.2194,37973522,1425413,1461448,37959972.0000,1424922.7500,1455856.3750,-32768,12854,263
00:14:21,2009.78,21.72,5.49,3276.70,0.00,21.5247,21.4200,21.3318,21.2262,37974832,1425507,1461197,37960436.0000,1425026.3750,1456023.2500,-32768,12854,263
00:14:24,2004.34,21.72,5.47,3276.70,0.00,21.5281,21.4233,21.3318,21.2330,37974832,1425447,1461357,37961824.0000,1425060.6250,1456524.5000,-32768,12854,262
00:14:26,2009.78,21.73,5.47,3276.70,0.00,21.5418,21.4233,21.3318,21.2432,37979466,1425421,1463591,37963272.0000,1425092.2500,1457113.2500,-32768,12854,261
00:14:28,2009.78,21.73,5.46,3276.70,0.00,21.5418,21.4470,21.3318,21.2534,37980371,1425529,1461764,37964288.0000,1425128.6250,1457605.2500,-32768,12854,260
00:14:30,2009.78,21.75,5.46,3276.70,0.00,21.5594,21.4537,21.3669,21.2602,37979791,1425506,1463052,37965268.0000,1425140.3750,1457775.5000,-32768,12854,259
00:14:31,2009.78,21.76,5.45,3276.70,0.00,21.5665,21.4605,21.3737,21.2671,37979601,1425609,1463642,37965268.0000,1425140.3750,1458308.5000,-32768,12854,259
00:14:33,2009.78,21.77,5.45,3276.70,0.00,21.5702,21.4605,21.3737,21.2739,37982311,1425674,1463490,37967168.0000,1425199.2500,1458470.3750,-32768,12854,258
00:14:33,2009.78,21.77,5.45,3276.70,0.00,21.5769,21.4707,21.3841,21.2774,37981367,1425602,1464031,37967612.0000,1425211.8750,1458644.2500,-32768,12854,258
00:14:35,2009.78,21.78,5.44,3276.70,0.00,21.5808,21.4742,21.3880,21.2774,37983308,1425603,1464748,37968556.0000,1425233.3750,1459000.3750,-32768,12854,256
00:14:37,2009.78,21.78,5.44,3276.70,0.00,21.5912,21.4844,21.3985,21.2911,37984883,1425547,1463904,37968556.0000,1425256.3750,1459374.0000,-32768,12854,256
00:14:39,2009.78,21.79,5.43,3276.70,0.00,21.5946,21.4878,21.4022,21.2911,37984883,1425630,1465537,37970556.0000,1425278.1250,1459733.7500,-32768,12854,255
00:14:40,2009.78,21.79,5.43,3276.70,0.00,21.6057,21.4982,21.4127,21.3049,37985852,1425592,1466387,37971476.0000,1425299.5000,1460109.8750,-32768,12854,255
00:14:41,2009.78,21.79,5.43,3276.70,0.00,21.6092,21.5016,21.4166,21.3084,37984584,1425518,1463062,37972332.0000,1425299.5000,1460109.8750,-32768,12854,254
00:14:43,2004.34,21.81,5.43,3276.70,0.00,21.6162,21.5085,21.4235,21.3154,37985978,1425518,1463062,37973160.0000,1425333.5000,1460726.1250,-32768,12854,254
00:14:44,2009.78,21.81,5.42,3276.70,0.00,21.6234,21.5155,21.4312,21.3154,37986502,1425651,1469215,37973580.0000,1425353.1250,1461080.2500,-32768,12854,253
00:14:45,2009.78,21.82,5.42,3276.70,0.00,21.6271,21.5189,21.4345,21.3258,37986863,1425606,1466801,37974404.0000,1425361.1250,1461259.1250,-32768,12854,252
00:14:46,2009.78,21.83,5.42,3276.70,0.00,21.6344,21.5259,21.4418,21.3328,37987992,1425666,1467609,37974828.0000,1425370.6250,1461457.5000,-32768,12854,252
00:14:49,2009.78,21.83,5.41,3276.70,0.00,21.6382,21.5259,21.4492,21.3328,37989361,1425679,1467609,37976040.0000,1425394.1250,1462045.6250,-32768,12854,251
00:14:50,2009.78,21.84,5.41,3276.70,0.00,21.6487,21.5398,21.4564,21.3328,37988927,1425775,1467442,37976816.0000,1425415.8750,1462370.7500,-32768,12854,250
00:14:52,2009.78,21.85,5.41,3276.70,0.00,21.6487,21.5503,21.4564,21.3328,37990333,1425914,1465544,37977980.0000,1425444.0000,1462867.1250,-32768,12854,249
00:14:54,2009.78,21.86,5.40,3276.70,0.00,21.6673,21.5574,21.4752,21.3328,37992004,1425757,1468646,37978852.0000,1425466.7500,1463223.8750,-32768,12854,249
00:14:55,2009.78,21.87,5.38,3276.70,0.00,21.6708,21.5645,21.4752,21.3717,37990835,1425771,1468566,37979224.0000,1425476.2500,1463390.8750,-32768,12854,248
00:14:58,2004.34,21.87,5.38,3276.70,0.00,21.6818,21.5716,21.4752,21.3788,37990835,1425814,1468566,37980864.0000,1425476.2500,1464134.2500,-32768,12854,246
00:15:00,2009.78,21.89,5.38,3276.70,0.00,21.6928,21.5822,21.5007,21.3788,37994961,1425897,1471834,37981708.0000,1425541.3750,1464544.0000,-32768,12854,246
00:15:03,2009.78,21.89,5.38,3276.70,0.00,21.6928,21.5929,21.5007,21.4038,37994961,1425855,1471834,37983552.0000,1425590.0000,1465192.7500,-32768,12854,245
00:15:05,2009.78,21.89,5.36,3276.70,0.00,21.7190,21.6072,21.5269,21.4146,37999611,1426025,1471834,37984472.0000,1425612.0000,1465731.3750,-32768,12854,244
00:15:06,2009.78,21.92,5.36,3276.70,0.00,21.7262,21.6144,21.5344,21.4218,38000133,1425927,1471269,37985380.0000,1425629.7500,1465904.5000,-32768,12854,243
00:15:08,2009.78,21.93,5.36,3276.70,0.00,21.7302,21.6180,21.5383,21.4254,37999020,1425927,1472161,37986240.0000,1425646.7500,1466252.2500,-32768,12854,243
00:15:09,2009.78,21.93,5.36,3276.70,0.00,21.7375,21.6252,21.5454,21.4327,37999208,1425937,1472507,37987064.0000,1425646.7500,1466551.5000,-32768,12854,242
00:15:11,2009.78,21.94,5.35,3276.70,0.00,21.7448,21.6323,21.5531,21.4327,38001962,1426069,1472187,37987960.0000,1425689.7500,1466910.0000,-32768,12854,241
00:15:13,2009.78,21.95,5.35,3276.70,0.00,21.7524,21.6396,21.5609,21.4472,38002516,1426076,1471358,37988856.0000,1425689.7500,1466910.0000,-32768,12854,241
00:15:13,2009.78,21.95,5.34,3276.70,0.00,21.7601,21.6469,21.5683,21.4545,38001801,1426074,1472953,37989264.0000,1425722.0000,1467416.2500,-32768,12854,240
00:15:14,2009.78,21.95,5.34,3276.70,0.00,21.7638,21.6505,21.5720,21.4582,38001935,1426011,1473188,37990068.0000,1425739.2500,1467778.1250,-32768,12854,239
00:15:17,2009.78,21.96,5.34,3276.70,0.00,21.7638,21.6578,21.5720,21.4691,38001935,1426003,1473188,37991296.0000,1425761.3750,1468312.1250,-32768,12854,239
00:15:19,2009.78,21.97,5.33,3276.70,0.00,21.7862,21.6724,21.5946,21.4802,38003170,1426081,1474135,37992048.0000,1425761.3750,1468840.8750,-32768,12854,237
00:15:21,2009.78,21.98,5.32,3276.70,0.00,21.7939,21.6797,21.6025,21.4875,38004167,1426078,1472953,37992740.0000,1425797.2500,1468969.3750,-32768,12854,237
00:15:23,2009.78,21.99,5.32,3276.70,0.00,21.8016,21.6871,21.6100,21.4949,38005611,1426078,1474590,37993504.0000,1425807.8750,1468969.3750,-32768,12854,236
00:15:24,2004.34,22.00,5.32,3276.70,0.00,21.8092,21.6944,21.6179,21.5023,38006403,1426076,1476126,37994316.0000,1425824.1250,1469675.5000,-32768,12854,236
00:15:25,2004.34,22.00,5.31,3276.70,0.00,21.8130,21.6981,21.6214,21.5060,38007783,1426138,1475608,37994736.0000,1425833.8750,1469860.8750,-32768,12854,235
00:15:28,2004.34,22.01,5.31,3276.70,0.00,21.8130,21.7092,21.6214,21.5209,38007783,1426129,1476830,37996424.0000,1425881.0000,1470694.1250,-32768,12854,233
00:15:29,2009.78,22.02,5.31,3276.70,0.00,21.8321,21.7166,21.6407,21.5246,38010558,1426129,1476170,37997288.0000,1425891.0000,1470865.1250,-32768,12854,233
00:15:30,2004.34,22.03,5.29,3276.70,0.00,21.8398,21.7241,21.6485,21.5321,38010367,1426162,1476733,37997696.0000,1425899.5000,1471048.5000,-32768,12854,233
00:15:32,2004.34,22.04,5.29,3276.70,0.00,21.8437,21.7278,21.6485,21.5321,38010404,1426131,1479274,37998472.0000,1425916.7500,1471480.6250,-32768,12854,232
00:15:34,2009.78,22.04,5.29,3276.70,0.00,21.8550,21.7389,21.6642,21.5471,38012809,1426168,1478158,37999324.0000,1425933.0000,1471836.5000,-32768,12854,232
00:15:36,2004.34,22.05,5.29,3276.70,0.00,21.8550,21.7502,21.6755,21.5471,38012809,1426087,1480315,38000520.0000,1425954.7500,1472502.0000,-32768,12854,230
00:15:38,2004.34,22.06,5.27,3276.70,0.00,21.8744,21.7577,21.6834,21.5659,38014714,1426234,1478954,38001340.0000,1425970.6250,1472867.3750,-32768,12854,229
00:15:39,2004.34,22.07,5.28,3276.70,0.00,21.8823,21.7652,21.6911,21.5735,38014172,1426230,1478431,38002156.0000,1425988.8750,1473218.5000,-32768,12854,228
00:15:41,2004.34,22.07,5.28,3276.70,0.00,21.8823,21.7727,21.6991,21.5811,38014761,1426302,1478573,38002904.0000,1426004.1250,1473564.2500,-32768,12854,227
00:15:43,2004.34,22.09,5.26,3276.70,0.00,21.8977,21.7727,21.7070,21.5811,38017700,1426312,1479769,38004192.0000,1426032.6250,1474102.8750,-32768,12854,227
00:15:45,2004.34,22.09,5.26,3276.70,0.00,21.9093,21.7916,21.7183,21.5811,38017613,1426347,1480775,38005024.0000,1426032.6250,1474102.8750,-32768,12854,225
00:15:47,2004.34,22.10,5.25,3276.70,0.00,21.9173,21.7991,21.7264,21.6077,38018276,1426477,1481093,38005820.0000,1426032.6250,1474102.8750,-32768,12854,224
00:15:48,2004.34,22.11,5.25,3276.70,0.00,21.9250,21.8067,21.7345,21.6153,38018515,1426257,1479996,38006600.0000,1426091.3750,1475231.6250,-32768,12854,224
00:15:50,2004.34,22.12,5.25,3276.70,0.00,21.9290,21.8105,21.7345,21.6230,38018515,1426203,1481873,38007760.0000,1426091.3750,1475231.6250,-32768,12854,223
00:15:53,2004.34,22.12,5.24,3276.70,0.00,21.9448,21.8105,21.7539,21.6230,38021648,1426426,1484345,38009020.0000,1426091.3750,1476653.1250,-32768,12854,221
00:15:55,2004.34,22.14,5.24,3276.70,0.00,21.9448,21.8411,21.7539,21.6537,38024764,1426451,1480902,38010784.0000,1426158.1250,1477166.1250,-32768,12854,220
00:15:57,2004.34,22.15,5.24,3276.70,0.00,21.9685,21.8411,21.7821,21.6615,38025334,1426506,1483288,38011708.0000,1426177.3750,1477618.8750,-32768,12854,219
00:15:58,2004.34,22.16,5.23,3276.70,0.00,21.9764,21.8564,21.7855,21.6654,38025682,1426501,1484104,38012144.0000,1426187.5000,1477821.5000,-32768,12854,219
00:16:00,2004.34,22.17,5.23,3276.70,0.00,21.9805,21.8603,21.7899,21.6692,38025427,1426443,1484768,38012560.0000,1426195.5000,1478038.6250,-32768,12854,218
00:16:01,2004.34,22.17,5.23,3276.70,0.00,21.9886,21.8680,21.7980,21.6809,38028645,1426486,1485548,38013916.0000,1426219.6250,1478643.8750,-32768,12854,217
00:16:04,2004.34,22.18,5.23,3276.70,0.00,21.9886,21.8796,21.7980,21.6886,38028645,1426538,1485548,38015716.0000,1426256.0000,1479394.2500,-32768,12854,216
00:16:07,2004.34,22.19,5.22,3276.70,0.00,22.0125,21.8914,21.8220,21.6886,38030994,1426608,1486650,38016640.0000,1426277.0000,1479817.2500,-32768,12854,215
00:16:09,1998.91,22.19,5.20,3276.70,0.00,22.0247,21.8914,21.8382,21.6886,38033392,1426543,1485930,38018008.0000,1426314.1250,1480674.5000,-32768,12854,213
00:16:12,2004.34,22.23,5.19,3276.70,0.00,22.0368,21.8914,21.8504,21.6886,38033450,1426599,1486940,38019384.0000,1426332.1250,1481062.8750,-32768,12854,212
00:16:13,2004.34,22.24,5.18,3276.70,0.00,22.0489,21.8914,21.8625,21.7396,38037366,1426641,1486939,38020976.0000,1426361.1250,1481593.0000,-32768,12854,212
00:16:14,2004.34,22.24,5.18,3276.70,0.00,22.0572,21.9345,21.8665,21.7436,38036883,1426556,1487502,38021476.0000,1426361.1250,1481777.6250,-32768,12854,211
00:16:16,2004.34,22.25,5.18,3276.70,0.00,22.0612,21.9384,21.8708,21.7475,38037077,1426608,1487876,38021964.0000,1426380.6250,1482227.3750,-32768,12854,210
00:16:17,2004.34,22.26,5.18,3276.70,0.00,22.0695,21.9463,21.8791,21.7475,38038361,1426732,1488690,38023364.0000,1426403.1250,1482579.8750,-32768,12854,210
00:16:19,2004.34,22.27,5.18,3276.70,0.00,22.0776,21.9542,21.8871,21.7475,38038633,1426682,1488279,38024328.0000,1426419.2500,1482936.3750,-32768,12854,209
00:16:22,2004.34,22.27,5.17,3276.70,0.00,22.0857,21.9542,21.8995,21.7475,38041553,1426677,1488279,38025852.0000,1426442.8750,1482936.3750,-32768,12854,207
00:16:23,2004.34,22.29,5.17,3276.70,0.00,22.1021,21.9781,21.9118,21.7873,38042959,1426629,1489679,38026860.0000,1426455.5000,1483947.5000,-32768,12854,207
00:16:26,2004.34,22.30,5.16,3276.70,0.00,22.1021,21.9861,21.9118,21.7993,38045215,1426629,1490427,38028928.0000,1426495.1250,1484668.7500,-32768,12854,206
00:16:27,2004.34,22.32,5.15,3276.70,0.00,22.1225,21.9980,21.9324,21.8073,38045160,1426844,1491277,38029436.0000,1426506.1250,1484875.3750,-32768,12854,205
00:16:28,2004.34,22.32,5.15,3276.70,0.00,22.1268,22.0020,21.9324,21.8073,38047704,1426981,1487915,38030556.0000,1426530.5000,1485256.6250,-32768,12854,205
00:16:31,2004.34,22.32,5.15,3276.70,0.00,22.1350,22.0101,21.9449,21.8194,38046716,1426879,1487915,38030556.0000,1426552.5000,1485644.2500,-32768,12854,204
00:16:33,1998.91,22.34,5.15,3276.70,0.00,22.1475,22.0221,21.9572,21.8315,38047172,1426761,1487915,38033096.0000,1426579.5000,1486231.1250,-32768,12854,203
00:16:34,2004.34,22.35,5.14,3276.70,0.00,22.1559,22.0302,21.9659,21.8396,38050972,1426945,1487915,38034264.0000,1426602.2500,1486644.6250,-32768,12854,202
00:16:36,1998.91,22.35,5.14,3276.70,0.00,22.1643,22.0302,21.9784,21.8518,38051238,1427073,1490429,38035316.0000,1426627.5000,1486644.6250,-32768,12854,201
00:16:38,1998.91,22.37,5.13,3276.70,0.00,22.1727,22.0302,21.9866,21.8518,38053900,1427066,1494034,38036972.0000,1426666.6250,1487698.5000,-32768,12854,200
00:16:42,1998.91,22.38,5.13,3276.70,0.00,22.1727,22.0627,21.9866,21.8763,38053900,1427045,1494671,38039236.0000,1426713.2500,1488528.3750,-32768,12854,198
00:16:44,2004.34,22.40,5.13,3276.70,0.00,22.1727,22.0831,22.0205,21.8927,38057362,1427025,1498557,38040876.0000,1426739.7500,1489223.2500,-32768,12854,197
00:16:45,1998.91,22.41,5.11,3276.70,0.00,22.2148,22.0872,22.0249,21.8927,38059035,1427138,1493475,38041444.0000,1426752.1250,1489356.1250,-32768,12854,196
00:16:47,1998.91,22.41,5.11,3276.70,0.00,22.2235,22.0954,22.0334,21.9050,38059713,1427150,1496575,38042576.0000,1426774.8750,1489795.3750,-32768,12854,196
00:16:49,1998.91,22.43,5.11,3276.70,0.00,22.2318,22.1036,22.0418,21.9133,38060303,1427073,1496575,38044232.0000,1426808.0000,1490503.1250,-32768,12854,195
00:16:51,1998.91,22.43,5.09,3276.70,0.00,22.2402,22.1036,22.0545,21.9133,38062957,1427073,1497378,38045968.0000,1426836.8750,1491161.5000,-32768,12854,193
00:16:54,1998.91,22.45,5.09,3276.70,0.00,22.2402,22.1284,22.0545,21.9423,38065707,1427250,1497525,38045968.0000,1426836.8750,1491758.5000,-32768,12854,192
00:16:57,1998.91,22.46,5.09,3276.70,0.00,22.2402,22.1408,22.0545,21.9548,38065707,1427216,1501234,38050008.0000,1426919.0000,1492569.5000,-32768,12854,190
00:16:59,1998.91,22.47,5.08,3276.70,0.00,22.2829,22.1533,22.0933,21.9632,38069755,1427417,1499540,38050008.0000,1426949.2500,1493006.5000,-32768,12854,189
00:17:01,1998.91,22.49,5.07,3276.70,0.00,22.2957,22.1658,22.1062,21.9757,38070340,1427409,1499010,38052388.0000,1426978.1250,1493605.2500,-32768,12854,188
00:17:02,1998.91,22.49,5.07,3276.70,0.00,22.3087,22.1784,22.1193,21.9883,38070413,1427272,1499838,38054060.0000,1427008.7500,1493994.1250,-32768,12854,188
00:17:04,1998.91,22.50,5.07,3276.70,0.00,22.3087,22.1867,22.1277,21.9968,38073095,1427519,1502174,38055196.0000,1427034.0000,1494446.5000,-32768,12854,187
00:17:06,1998.91,22.51,5.06,3276.70,0.00,22.3216,22.1867,22.1365,21.9968,38074876,1427461,1501677,38055196.0000,1427034.0000,1495044.7500,-32768,12854,186
00:17:08,1998.91,22.53,5.05,3276.70,0.00,22.3343,22.2035,22.1450,22.0136,38076816,1427461,1505762,38058208.0000,1427101.2500,1495608.3750,-32768,12854,185
00:17:08,1998.91,22.53,5.05,3276.70,0.00,22.3431,22.2119,22.1538,22.0221,38078253,1427485,1499790,38058836.0000,1427113.2500,1495739.1250,-32768,12854,184
00:17:10,1998.91,22.54,5.05,3276.70,0.00,22.3474,22.2161,22.1538,22.0221,38075954,1427485,1501750,38059928.0000,1427133.7500,1496125.8750,-32768,12854,183
00:17:13,1998.91,22.55,5.05,3276.70,0.00,22.3560,22.2161,22.1713,22.0221,38080437,1427354,1501750,38061820.0000,1427133.7500,1497016.0000,-32768,12854,182
00:17:15,1998.91,22.56,5.02,3276.70,0.00,22.3733,22.2414,22.1842,22.0221,38080148,1427687,1503968,38062952.0000,1427194.7500,1497233.2500,-32768,12854,181
00:17:16,1998.91,22.57,5.02,3276.70,0.00,22.3776,22.2457,22.1886,22.0221,38084212,1427494,1506120,38064144.0000,1427219.5000,1497718.8750,-32768,12854,180
00:17:19,1998.91,22.57,5.02,3276.70,0.00,22.3907,22.2457,22.2017,22.0221,38084212,1427702,1506120,38064144.0000,1427219.5000,1498565.8750,-32768,12854,179
00:17:21,1998.91,22.60,5.01,3276.70,0.00,22.4082,22.2457,22.2194,22.0860,38086102,1427689,1507085,38067756.0000,1427293.8750,1499009.6250,-32768,12854,177
00:17:24,1998.91,22.60,5.01,3276.70,0.00,22.4082,22.2882,22.2326,22.0989,38086102,1427721,1505901,38069600.0000,1427334.2500,1499646.6250,-32768,12854,176
00:17:25,1998.91,22.62,5.00,3276.70,0.00,22.4302,22.2968,22.2415,22.1075,38089290,1427725,1509981,38070764.0000,1427359.5000,1500096.5000,-32768,12854,176
00:17:27,1998.91,22.63,5.00,3276.70,0.00,22.4390,22.3054,22.2502,22.1161,38091503,1427799,1507843,38072020.0000,1427385.5000,1500096.5000,-32768,12854,175
00:17:30,1998.91,22.64,4.99,3276.70,0.00,22.4390,22.3140,22.2502,22.1291,38091503,1427927,1508075,38074456.0000,1427435.0000,1501401.1250,-32768,12854,173
00:17:32,1998.91,22.65,4.99,3276.70,0.00,22.4609,22.3140,22.2772,22.1291,38094691,1427901,1508001,38074456.0000,1427435.0000,1502025.2500,-32768,12854,172
00:17:35,1998.91,22.66,4.99,3276.70,0.00,22.4788,22.3442,22.2772,22.1551,38094691,1427902,1508604,38074456.0000,1427530.7500,1502808.6250,-32768,12854,171
00:17:37,1993.48,22.66,4.98,3276.70,0.00,22.4968,22.3615,22.2772,22.1551,38097834,1427851,1510386,38080444.0000,1427571.0000,1503468.5000,-32768,12854,170
00:17:40,1998.91,22.66,4.97,3276.70,0.00,22.5056,22.3615,22.3217,22.1551,38100566,1427851,1514738,38082288.0000,1427604.5000,1504279.0000,-32768,12854,168
00:17:43,1998.91,22.71,4.96,3276.70,0.00,22.5191,22.3615,22.3353,22.1551,38102405,1427851,1514738,38082288.0000,1427604.5000,1505166.7500,-32768,12854,166
00:17:44,1993.48,22.72,4.96,3276.70,0.00,22.5325,22.3964,22.3488,22.2120,38103356,1427754,1514738,38085328.0000,1427650.5000,1505561.5000,-32768,12854,166
00:17:45,1998.91,22.73,4.96,3276.70,0.00,22.5460,22.4095,22.3579,22.2208,38102961,1427896,1513260,38086492.0000,1427662.5000,1506138.3750,-32768,12854,165
00:17:47,1998.91,22.74,4.95,3276.70,0.00,22.5460,22.4095,22.3624,22.2208,38105144,1428096,1513842,38087608.0000,1427687.6250,1506588.3750,-32768,12854,164
00:17:48,1998.91,22.75,4.95,3276.70,0.00,22.5594,22.4227,22.3716,22.2340,38107204,1427704,1521690,38088224.0000,1427688.1250,1507060.2500,-32768,12854,163
00:17:50,1998.91,22.75,4.95,3276.70,0.00,22.5642,22.4271,22.3759,22.2384,38108200,1428168,1514061,38089440.0000,1427705.6250,1507060.2500,-32768,12854,162
00:17:51,1993.48,22.76,4.95,3276.70,0.00,22.5730,22.4359,22.3849,22.2473,38108593,1428137,1513906,38090040.0000,1427719.1250,1507988.8750,-32768,12854,161
00:17:53,1998.91,22.77,4.93,3276.70,0.00,22.5730,22.4448,22.3943,22.2561,38107958,1427822,1516438,38090040.0000,1427719.1250,1508818.8750,-32768,12854,160
00:17:55,1998.91,22.78,4.93,3276.70,0.00,22.5913,22.4536,22.4034,22.2561,38109296,1427822,1516438,38092748.0000,1427753.2500,1509237.1250,-32768,12854,158
00:17:58,1993.48,22.79,4.93,3276.70,0.00,22.6048,22.4536,22.4034,22.2828,38109296,1428110,1517003,38092748.0000,1427798.6250,1509945.2500,-32768,12854,157
00:18:00,1998.91,22.81,4.93,3276.70,0.00,22.6231,22.4846,22.4352,22.2962,38114073,1428110,1506437,38096744.0000,1427834.8750,1510256.7500,-32768,12854,157
00:18:03,1998.91,22.82,4.91,3276.70,0.00,22.6231,22.4980,22.4352,22.3141,38114073,1428110,1518005,38098336.0000,1427834.8750,1510256.7500,-32768,12854,156
00:18:06,1993.48,22.82,4.90,3276.70,0.00,22.6502,22.4980,22.4675,22.3141,38117865,1428226,1517844,38100560.0000,1427834.8750,1511178.7500,-32768,12854,155
00:18:08,1998.91,22.85,4.90,3276.70,0.00,22.6643,22.5248,22.4768,22.3141,38119472,1428226,1517844,38102320.0000,1427944.7500,1512358.7500,-32768,12854,153
00:18:09,1998.91,22.85,4.90,3276.70,0.00,22.6782,22.5383,22.4905,22.3500,38121355,1428174,1531542,38102916.0000,1427951.8750,1512958.2500,-32768,12854,152
00:18:10,1993.48,22.87,4.89,3276.70,0.00,22.6827,22.5428,22.4949,22.3545,38120938,1428359,1520420,38103480.0000,1427964.6250,1513191.3750,-32768,12854,151
00:18:11,1993.48,22.88,4.89,3276.70,0.00,22.6873,22.5473,22.4998,22.3591,38122154,1428302,1519921,38104640.0000,1427985.7500,1513606.1250,-32768,12854,151
00:18:12,1993.48,22.89,4.88,3276.70,0.00,22.6960,22.5562,22.5088,22.3591,38122249,1428228,1519328,38105192.0000,1427993.3750,1513784.8750,-32768,12854,150
00:18:16,1993.48,22.89,4.88,3276.70,0.00,22.6960,22.5697,22.5088,22.3817,38122249,1428281,1521707,38107368.0000,1428025.8750,1514642.8750,-32768,12854,149
00:18:17,1993.48,22.91,4.88,3276.70,0.00,22.7239,22.5833,22.5368,22.3953,38124562,1428412,1521707,38108940.0000,1428057.2500,1514771.2500,-32768,12854,148
00:18:20,1993.48,22.92,4.87,3276.70,0.00,22.7239,22.5969,22.5368,22.4135,38126296,1428609,1511441,38110496.0000,1428086.5000,1515132.7500,-32768,12854,148
00:18:22,1993.48,22.93,4.86,3276.70,0.00,22.7239,22.6105,22.5368,22.4227,38129748,1428427,1525489,38112212.0000,1428123.6250,1515712.5000,-32768,12854,146
00:18:23,1993.48,22.94,4.86,3276.70,0.00,22.7567,22.6196,22.5740,22.4227,38129876,1428457,1525735,38112764.0000,1428134.0000,1516025.7500,-32768,12854,146
00:18:25,1993.48,22.96,4.86,3276.70,0.00,22.7706,22.6287,22.5834,22.4409,38130481,1428642,1519151,38113824.0000,1428167.2500,1516191.8750,-32768,12854,145
00:18:28,1998.91,22.96,4.86,3276.70,0.00,22.7706,22.6379,22.5834,22.4409,38132343,1428458,1525292,38115484.0000,1428167.2500,1516191.8750,-32768,12854,143
00:18:29,1993.48,22.98,4.84,3276.70,0.00,22.7891,22.6470,22.6022,22.4593,38132923,1428615,1526727,38116568.0000,1428215.2500,1517601.7500,-32768,12854,143
00:18:31,1998.91,22.99,4.84,3276.70,0.00,22.7985,22.6470,22.6164,22.4731,38132923,1428615,1525441,38117620.0000,1428223.1250,1518069.6250,-32768,12854,142
00:18:32,1993.48,22.99,4.83,3276.70,0.00,22.8079,22.6653,22.6210,22.4777,38135339,1428496,1535973,38118736.0000,1428239.6250,1518891.3750,-32768,12854,141
00:18:33,1993.48,23.00,4.83,3276.70,0.00,22.8174,22.6745,22.6306,22.4869,38136708,1428414,1534094,38119296.0000,1428245.1250,1519366.3750,-32768,12854,139
00:18:35,1993.48,23.01,4.82,3276.70,0.00,22.8220,22.6791,22.6351,22.4869,38136089,1428478,1526299,38120300.0000,1428258.1250,1519807.1250,-32768,12854,139
00:18:36,1993.48,23.01,4.82,3276.70,0.00,22.8359,22.6928,22.6493,22.5053,38137500,1428367,1539726,38121324.0000,1428272.2500,1520634.7500,-32768,12854,137
00:18:38,1993.48,23.02,4.81,3276.70,0.00,22.8406,22.6975,22.6540,22.5053,38139479,1428552,1528864,38122400.0000,1428282.3750,1521433.7500,-32768,12854,136
00:18:40,1998.91,23.03,4.81,3276.70,0.00,22.8501,22.7067,22.6636,22.5053,38139420,1428412,1528715,38123472.0000,1428282.3750,1521433.7500,-32768,12854,135
00:18:41,1993.48,23.04,4.81,3276.70,0.00,22.8593,22.7159,22.6636,22.5053,38141158,1428420,1539570,38124520.0000,1428297.3750,1523039.7500,-32768,12854,134
00:18:44,1993.48,23.05,4.81,3276.70,0.00,22.8593,22.7297,22.6872,22.5425,38141158,1428605,1530332,38124520.0000,1428324.5000,1524144.2500,-32768,12854,132
00:18:46,1993.48,23.07,4.79,3276.70,0.00,22.8832,22.7297,22.7016,22.5425,38145131,1428598,1530332,38127708.0000,1428335.5000,1524762.8750,-32768,12854,130
00:18:48,1993.48,23.08,4.79,3276.70,0.00,22.8832,22.7622,22.7207,22.5751,38144798,1428486,1529433,38129200.0000,1428335.5000,1524762.8750,-32768,12854,130
00:18:50,1993.48,23.09,4.78,3276.70,0.00,22.9115,22.7669,22.7207,22.5751,38145590,1428615,1531801,38130232.0000,1428371.1250,1525638.0000,-32768,12854,129
00:18:51,1993.48,23.10,4.78,3276.70,0.00,22.9211,22.7762,22.7349,22.5751,38148307,1428706,1533028,38131344.0000,1428389.5000,1526064.5000,-32768,12854,128
00:18:54,1993.48,23.11,4.78,3276.70,0.00,22.9307,22.7762,22.7490,22.5751,38148481,1428706,1533422,38132896.0000,1428418.6250,1526202.6250,-32768,12854,128
00:18:56,1993.48,23.12,4.78,3276.70,0.00,22.9449,22.7762,22.7636,22.5751,38148801,1428661,1533442,38133864.0000,1428449.1250,1526470.8750,-32768,12854,127
00:18:58,1993.48,23.14,4.75,3276.70,0.00,22.9588,22.7762,22.7777,22.6313,38152078,1428737,1534385,38135424.0000,1428470.8750,1526637.6250,-32768,12854,127
00:18:59,1993.48,23.15,4.75,3276.70,0.00,22.9688,22.8229,22.7777,22.6313,38152228,1428810,1536185,38135948.0000,1428470.8750,1527207.0000,-32768,12854,126
00:19:00,1998.91,23.16,4.75,3276.70,0.00,22.9783,22.8323,22.7922,22.6455,38153985,1429064,1521482,38137048.0000,1428508.0000,1527028.0000,-32768,12854,126
00:19:01,1993.48,23.16,4.75,3276.70,0.00,22.9832,22.8370,22.7968,22.6502,38154739,1429043,1525055,38137600.0000,1428524.7500,1526966.3750,-32768,12854,126
00:19:06,1993.48,23.19,4.74,3276.70,0.00,23.0069,22.8604,22.8255,22.6786,38159496,1428850,1537339,38140976.0000,1428553.1250,1528038.8750,-32768,12854,124
00:19:08,1993.48,23.20,4.73,3276.70,0.00,23.0166,22.8699,22.8305,22.6786,38161211,1428931,1537453,38142176.0000,1428553.1250,1528038.8750,-32768,12854,123
00:19:10,1993.48,23.20,4.73,3276.70,0.00,23.0166,22.8888,22.8497,22.7022,38161639,1428987,1538765,38143924.0000,1428656.3750,1529017.7500,-32768,12854,122
00:19:11,1993.48,23.21,4.73,3276.70,0.00,23.0404,22.8935,22.8545,22.7070,38161245,1428824,1537861,38145004.0000,1428668.6250,1529565.0000,-32768,12854,121
00:19:12,1993.48,23.21,4.72,3276.70,0.00,23.0493,22.9029,22.8638,22.7164,38163244,1429266,1536190,38145576.0000,1428668.6250,1529772.1250,-32768,12854,121
00:19:15,1993.48,23.22,4.72,3276.70,0.00,23.0588,22.9123,22.8732,22.7259,38164939,1429069,1536190,38145576.0000,1428668.6250,1530623.0000,-32768,12854,120
00:19:17,1993.48,23.23,4.72,3276.70,0.00,23.0729,22.9264,22.8872,22.7400,38166529,1429034,1544712,38148464.0000,1428743.0000,1531326.1250,-32768,12854,118
00:19:18,1993.48,23.24,4.71,3276.70,0.00,23.0773,22.9311,22.8969,22.7400,38168336,1429053,1540109,38149660.0000,1428763.2500,1531975.3750,-32768,12854,117
00:19:22,1988.05,23.25,4.71,3276.70,0.00,23.0913,22.9452,22.8969,22.7637,38168336,1429053,1550472,38149660.0000,1428786.5000,1533687.3750,-32768,12854,114
00:19:24,1993.48,23.27,4.70,3276.70,0.00,23.1102,22.9452,22.9248,22.7637,38171898,1429125,1542339,38153812.0000,1428786.5000,1535172.0000,-32768,12854,112
00:19:26,1993.48,23.28,4.69,3276.70,0.00,23.1240,22.9780,22.9386,22.7920,38173580,1428875,1554328,38154976.0000,1428786.5000,1535960.8750,-32768,12854,111
00:19:27,1988.05,23.29,4.69,3276.70,0.00,23.1332,22.9780,22.9531,22.8062,38174313,1429093,1543921,38156664.0000,1428847.6250,1536396.3750,-32768,12854,110
00:19:29,1993.48,23.30,4.69,3276.70,0.00,23.1426,22.9967,22.9577,22.8109,38175844,1428809,1553895,38157264.0000,1428846.5000,1536943.2500,-32768,12854,110
00:19:31,1993.48,23.31,4.69,3276.70,0.00,23.1521,23.0061,22.9577,22.8251,38175844,1429277,1544650,38159068.0000,1428877.7500,1537822.1250,-32768,12854,107
00:19:33,1993.48,23.31,4.68,3276.70,0.00,23.1664,23.0248,22.9861,22.8393,38179722,1429012,1545992,38160852.0000,1428892.5000,1538530.0000,-32768,12854,106
00:19:35,1993.48,23.34,4.66,3276.70,0.00,23.1757,23.0295,22.9911,22.8440,38179987,1429172,1545992,38162000.0000,1428910.5000,1538952.1250,-32768,12854,105
00:19:36,1993.48,23.35,4.66,3276.70,0.00,23.1902,23.0436,23.0053,22.8582,38182107,1429401,1536566,38163184.0000,1428936.0000,1539103.1250,-32768,12854,105
00:19:38,1993.48,23.36,4.66,3276.70,0.00,23.1949,23.0484,23.0103,22.8629,38182990,1429394,1539247,38163804.0000,1428936.0000,1539365.5000,-32768,12854,105
00:19:41,1998.91,23.37,4.66,3276.70,0.00,23.1949,23.0625,23.0103,22.8819,38182990,1429503,1534717,38166140.0000,1428936.0000,1539365.5000,-32768,12854,103
00:19:44,2004.34,23.39,4.66,3276.70,0.00,23.2325,23.0625,23.0103,22.9013,38189620,1429503,1534717,38168736.0000,1429059.2500,1540658.6250,-32768,12854,102
00:19:47,2004.34,23.41,4.66,3276.70,0.00,23.2325,23.1014,23.0103,22.9161,38194619,1429642,1549637,38170916.0000,1429097.7500,1541134.6250,-32768,12854,102
00:19:49,2004.34,23.43,4.66,3276.70,0.00,23.2325,23.1164,23.0103,22.9361,38194619,1429573,1559234,38174020.0000,1429175.8750,1543111.5000,-32768,12854,102
00:19:53,2004.34,23.45,4.64,3276.70,0.00,23.2325,23.1365,23.0103,22.9512,38194619,1429405,1565216,38177016.0000,1429219.6250,1544347.5000,-32768,12854,102
00:19:55,2009.78,23.46,4.62,3276.70,0.00,23.3092,23.1518,23.0103,22.9715,38203136,1429405,1553006,38180028.0000,1429287.1250,1545634.6250,-32768,12854,94
00:19:58,2009.78,23.48,4.62,3276.70,0.00,23.3092,23.1720,23.0103,22.9866,38203136,1429847,1554277,38182064.0000,1429324.6250,1546633.3750,-32768,12854,94
00:20:02,2009.78,23.50,4.61,3276.70,0.00,23.3092,23.1921,23.0103,23.0068,38205557,1429847,1554277,38184944.0000,1429324.6250,1547667.6250,-32768,12854,90
00:20:03,2004.34,23.53,4.60,3276.70,0.00,23.3620,23.2071,23.1773,23.0068,38207346,1429795,1555788,38186336.0000,1429407.7500,1547921.3750,-32768,12854,90
00:20:07,2004.34,23.54,4.60,3276.70,0.00,23.3620,23.2170,23.1773,23.0367,38207346,1429996,1556645,38186336.0000,1429466.8750,1547921.3750,-32768,12854,88
00:20:09,2004.34,23.56,4.57,3276.70,0.00,23.3909,23.2368,23.2059,23.0367,38213289,1430107,1546283,38191096.0000,1429466.8750,1548823.6250,-32768,12854,88
00:20:11,2004.34,23.56,4.57,3276.70,0.00,23.4055,23.2368,23.2254,23.0714,38214866,1430068,1558619,38193212.0000,1429569.7500,1549419.6250,-32768,12854,87
00:20:13,2004.34,23.58,4.56,3276.70,0.00,23.4200,23.2665,23.2350,23.0812,38217699,1430192,1558619,38195400.0000,1429621.7500,1549586.8750,-32768,12854,87
00:20:15,2004.34,23.59,4.56,3276.70,0.00,23.4297,23.2665,23.2495,23.0812,38214783,1430055,1559560,38196660.0000,1429650.3750,1550177.2500,-32768,12854,85
00:20:18,2004.34,23.61,4.55,3276.70,0.00,23.4440,23.2665,23.2495,23.1108,38214783,1430189,1548821,38198632.0000,1429694.6250,1550306.8750,-32768,12854,85
00:20:20,2004.34,23.63,4.55,3276.70,0.00,23.4440,23.2665,23.2789,23.1108,38224087,1430189,1548747,38201348.0000,1429747.5000,1551243.8750,-32768,12854,84
00:20:23,2004.34,23.63,4.54,3276.70,0.00,23.4440,23.2665,23.2935,23.1108,38223496,1430104,1562366,38203304.0000,1429779.8750,1551917.3750,-32768,12854,82
00:20:24,2004.34,23.66,4.53,3276.70,0.00,23.4885,23.3354,23.3036,23.1502,38225680,1430208,1562904,38204004.0000,1429793.2500,1552260.6250,-32768,12854,82
00:20:25,2004.34,23.67,4.53,3276.70,0.00,23.4933,23.3404,23.3084,23.1551,38228098,1430481,1556372,38205448.0000,1429830.5000,1552427.8750,-32768,12854,82
00:20:27,2004.34,23.68,4.53,3276.70,0.00,23.5030,23.3502,23.3184,23.1551,38226873,1430146,1563485,38206720.0000,1429849.3750,1553118.7500,-32768,12854,81
00:20:29,2004.34,23.69,4.52,3276.70,0.00,23.5127,23.3502,23.3334,23.1551,38229346,1430315,1562050,38208696.0000,1429888.2500,1553942.8750,-32768,12854,79
00:20:31,2004.34,23.71,4.52,3276.70,0.00,23.5276,23.3748,23.3430,23.1895,38229014,1430252,1564502,38209328.0000,1429888.2500,1554618.8750,-32768,12854,78
00:20:34,1998.91,23.72,4.52,3276.70,0.00,23.5373,23.3748,23.3430,23.2043,38229014,1430076,1564502,38209328.0000,1429932.1250,1555910.5000,-32768,12854,75
00:20:36,2004.34,23.74,4.50,3276.70,0.00,23.5574,23.4043,23.3430,23.2043,38234349,1430363,1565445,38213896.0000,1429932.1250,1555910.5000,-32768,12854,74
00:20:38,2004.34,23.74,4.50,3276.70,0.00,23.5574,23.4191,23.3430,23.2389,38235658,1430181,1566803,38215764.0000,1429976.7500,1558295.8750,-32768,12854,72
00:20:41,2004.34,23.76,4.50,3276.70,0.00,23.5574,23.4339,23.3430,23.2488,38236624,1430181,1581323,38215764.0000,1429976.7500,1560148.0000,-32768,12854,69
00:20:43,1998.91,23.78,4.48,3276.70,0.00,23.6020,23.4486,23.4176,23.2637,38239686,1430314,1581323,38215764.0000,1430023.5000,1560660.8750,-32768,12854,68
00:20:46,2004.34,23.79,4.48,3276.70,0.00,23.6020,23.4684,23.4176,23.2836,38241647,1430314,1569781,38222140.0000,1430065.1250,1562352.0000,-32768,12854,66
00:20:48,2004.34,23.81,4.47,3276.70,0.00,23.6322,23.4684,23.4530,23.2836,38243960,1430357,1570752,38223488.0000,1430085.2500,1562862.2500,-32768,12854,64
00:20:50,1998.91,23.83,4.47,3276.70,0.00,23.6471,23.4931,23.4630,23.3084,38245327,1430287,1571049,38225496.0000,1430107.5000,1564106.1250,-32768,12854,63
00:20:51,2004.34,23.84,4.46,3276.70,0.00,23.6522,23.4980,23.4679,23.3084,38247906,1430287,1571770,38226924.0000,1430137.5000,1564573.6250,-32768,12854,62
00:20:53,2004.34,23.85,4.45,3276.70,0.00,23.6673,23.4980,23.4834,23.3084,38249755,1430583,1574798,38228256.0000,1430162.5000,1565213.5000,-32768,12854,61
00:20:57,1998.91,23.86,4.45,3276.70,0.00,23.6673,23.5278,23.4834,23.3482,38249755,1430798,1574798,38230920.0000,1430162.5000,1566040.5000,-32768,12854,59
00:20:58,2004.34,23.89,4.45,3276.70,0.00,23.7025,23.5477,23.5186,23.3632,38256022,1430711,1574107,38232412.0000,1430269.6250,1566547.2500,-32768,12854,59
00:21:01,2004.34,23.89,4.45,3276.70,0.00,23.7129,23.5577,23.5287,23.3732,38258392,1430775,1574107,38232412.0000,1430269.6250,1566711.6250,-32768,12854,58
00:21:02,1998.91,23.89,4.43,3276.70,0.00,23.7278,23.5727,23.5441,23.3882,38258682,1430807,1575938,38236088.0000,1430337.8750,1566982.8750,-32768,12854,57
00:21:04,2004.34,23.92,4.43,3276.70,0.00,23.7383,23.5827,23.5544,23.3982,38259164,1430837,1576413,38237512.0000,1430369.6250,1567555.7500,-32768,12854,57
00:21:07,1998.91,23.93,4.43,3276.70,0.00,23.7483,23.5827,23.5544,23.4133,38264009,1430837,1577405,38239792.0000,1430432.3750,1567555.7500,-32768,12854,56
00:21:08,2004.34,23.95,4.42,3276.70,0.00,23.7636,23.6077,23.5800,23.4234,38264507,1430879,1577374,38241296.0000,1430461.3750,1568398.7500,-32768,12854,55
00:21:10,1998.91,23.95,4.41,3276.70,0.00,23.7684,23.6127,23.5847,23.4234,38264507,1430996,1570973,38242928.0000,1430495.6250,1568501.7500,-32768,12854,55
00:21:11,2004.34,23.97,4.41,3276.70,0.00,23.7839,23.6277,23.6002,23.4436,38267743,1430967,1578581,38244420.0000,1430524.5000,1569112.1250,-32768,12854,54
00:21:13,1998.91,23.97,4.41,3276.70,0.00,23.7889,23.6327,23.6052,23.4436,38267743,1430810,1576668,38245992.0000,1430524.5000,1569112.1250,-32768,12854,53
00:21:14,2004.34,23.99,4.39,3276.70,0.00,23.8042,23.6478,23.6209,23.4637,38269503,1430808,1576668,38248264.0000,1430574.8750,1570500.3750,-32768,12854,52
00:21:16,2004.34,23.99,4.39,3276.70,0.00,23.8144,23.6579,23.6309,23.4738,38269503,1430808,1580177,38249056.0000,1430592.3750,1570802.7500,-32768,12854,51
00:21:18,2004.34,24.00,4.39,3276.70,0.00,23.8194,23.6629,23.6363,23.4738,38274584,1431096,1583145,38250708.0000,1430592.3750,1571868.6250,-32768,12854,49
00:21:21,1998.91,24.01,4.39,3276.70,0.00,23.8194,23.6831,23.6363,23.4738,38279051,1431081,1593406,38253796.0000,1430671.7500,1573140.6250,-32768,12854,46
00:21:22,1998.91,24.03,4.39,3276.70,0.00,23.8555,23.6982,23.6721,23.5143,38280112,1431161,1582875,38255352.0000,1430702.2500,1573991.5000,-32768,12854,46
00:21:25,1998.91,24.04,4.39,3276.70,0.00,23.8658,23.7083,23.6825,23.5245,38279712,1431162,1582875,38255352.0000,1430702.2500,1575033.3750,-32768,12854,44
00:21:26,1998.91,24.04,4.37,3276.70,0.00,23.8658,23.7083,23.6978,23.5397,38281956,1431240,1584339,38259144.0000,1430786.7500,1575976.7500,-32768,12854,43
00:21:28,1998.91,24.06,4.37,3276.70,0.00,23.8862,23.7286,23.6978,23.5498,38282682,1431232,1585149,38260568.0000,1430800.6250,1576263.3750,-32768,12854,42
00:21:29,1998.91,24.07,4.36,3276.70,0.00,23.8964,23.7387,23.7133,23.5549,38283995,1431279,1584130,38261304.0000,1430815.6250,1576509.2500,-32768,12854,42
00:21:31,1998.91,24.08,4.36,3276.70,0.00,23.9015,23.7438,23.7185,23.5549,38283995,1431306,1585874,38262792.0000,1430815.6250,1577318.0000,-32768,12854,40
00:21:33,1998.91,24.08,4.35,3276.70,0.00,23.9173,23.7438,23.7390,23.5549,38288033,1431327,1585815,38265804.0000,1430902.7500,1578112.3750,-32768,12854,39
00:21:36,2004.34,24.10,4.35,3276.70,0.00,23.9324,23.7438,23.7545,23.5549,38289921,1431327,1585815,38265804.0000,1430902.7500,1579215.2500,-32768,12854,37
00:21:38,1998.91,24.12,4.35,3276.70,0.00,23.9532,23.7946,23.7700,23.6111,38292268,1431435,1585815,38270200.0000,1430902.7500,1580014.7500,-32768,12854,36
00:21:40,1998.91,24.12,4.34,3276.70,0.00,23.9635,23.8048,23.7700,23.6264,38295429,1431458,1588369,38271736.0000,1431012.5000,1580275.7500,-32768,12854,36
00:21:42,1998.91,24.15,4.34,3276.70,0.00,23.9788,23.8201,23.7961,23.6366,38296371,1431458,1589195,38273956.0000,1431050.3750,1581079.2500,-32768,12854,34
00:21:43,1998.91,24.16,4.33,3276.70,0.00,23.9842,23.8252,23.8012,23.6469,38297069,1431441,1589858,38274676.0000,1431062.5000,1581353.6250,-32768,12854,34
00:21:45,1998.91,24.17,4.33,3276.70,0.00,23.9943,23.8252,23.8169,23.6469,38299819,1431542,1590289,38276868.0000,1431105.7500,1582160.6250,-32768,12854,32
00:21:48,1998.91,24.19,4.32,3276.70,0.00,23.9943,23.8559,23.8169,23.6726,38305130,1431542,1591062,38279252.0000,1431148.2500,1582967.6250,-32768,12854,31
00:21:48,1998.91,24.19,4.32,3276.70,0.00,24.0255,23.8662,23.8430,23.6829,38304148,1431682,1592045,38280028.0000,1431165.0000,1583251.2500,-32768,12854,30
00:21:50,1998.91,24.21,4.32,3276.70,0.00,24.0308,23.8713,23.8479,23.6880,38304588,1431638,1593018,38280796.0000,1431165.0000,1583859.5000,-32768,12854,29
00:21:52,1998.91,24.22,4.30,3276.70,0.00,24.0413,23.8815,23.8584,23.6880,38306696,1431580,1594159,38283068.0000,1431218.1250,1584476.0000,-32768,12854,29
00:21:53,1998.91,24.23,4.30,3276.70,0.00,24.0517,23.8918,23.8689,23.6880,38308372,1431627,1593782,38284624.0000,1431243.0000,1585059.0000,-32768,12854,28
00:21:56,1998.91,24.23,4.29,3276.70,0.00,24.0672,23.8918,23.8897,23.6880,38309091,1431768,1594665,38286808.0000,1431287.3750,1585901.7500,-32768,12854,26
00:21:58,1998.91,24.26,4.29,3276.70,0.00,24.0775,23.9176,23.8950,23.7344,38309091,1431768,1594721,38286808.0000,1431287.3750,1585901.7500,-32768,12854,25
00:22:00,1998.91,24.28,4.29,3276.70,0.00,24.0936,23.9176,23.9160,23.7551,38313899,1431682,1595525,38290312.0000,1431342.3750,1585901.7500,-32768,12854,24
00:22:01,1998.91,24.29,4.28,3276.70,0.00,24.1040,23.9485,23.9267,23.7654,38315244,1431670,1596045,38291804.0000,1431342.3750,1587749.2500,-32768,12854,23
00:22:05,1998.91,24.30,4.27,3276.70,0.00,24.1040,23.9588,23.9267,23.7758,38315244,1431704,1598555,38293856.0000,1431342.3750,1589002.8750,-32768,12854,21
00:22:06,1998.91,24.31,4.27,3276.70,0.00,24.1355,23.9744,23.9529,23.7914,38316770,1431852,1597876,38295224.0000,1431420.5000,1589591.1250,-32768,12854,21
00:22:07,1993.48,24.32,4.27,3276.70,0.00,24.1407,23.9744,23.9529,23.8018,38320642,1431948,1599563,38296696.0000,1431451.7500,1589902.7500,-32768,12854,20
00:22:08,1998.91,24.32,4.26,3276.70,0.00,24.1564,23.9952,23.9737,23.8122,38319304,1431715,1599733,38298096.0000,1431471.7500,1590481.3750,-32768,12854,19
00:22:12,1998.91,24.34,4.27,3276.70,0.00,24.1564,24.0055,23.9737,23.8278,38319304,1431897,1599739,38300408.0000,1431503.3750,1591583.7500,-32768,12854,17
00:22:14,1993.48,24.36,4.25,3276.70,0.00,24.1564,24.0263,23.9737,23.8434,38319304,1431918,1599739,38304060.0000,1431571.2500,1592610.7500,-32768,12854,16
00:22:15,1998.91,24.38,4.25,3276.70,0.00,24.1988,24.0367,24.0162,23.8591,38327173,1431881,1602086,38304780.0000,1431581.0000,1592906.8750,-32768,12854,15
00:22:17,1998.91,24.39,4.25,3276.70,0.00,24.2094,24.0471,24.0272,23.8643,38327759,1431917,1602343,38305500.0000,1431591.5000,1593201.7500,-32768,12854,14
00:22:20,1998.91,24.39,4.25,3276.70,0.00,24.2094,24.0628,24.0272,23.8800,38327759,1432047,1602427,38308304.0000,1431639.0000,1594299.1250,-32768,12854,13
00:22:21,1998.91,24.41,4.25,3276.70,0.00,24.2359,24.0732,24.0536,23.8957,38330994,1432063,1603242,38309700.0000,1431639.0000,1594299.1250,-32768,12854,12
00:22:23,1993.48,24.42,4.23,3276.70,0.00,24.2463,24.0837,24.0536,23.9062,38333365,1432168,1603626,38311112.0000,1431639.0000,1595646.7500,-32768,12854,11
00:22:25,1998.91,24.43,4.23,3276.70,0.00,24.2625,24.0994,24.0802,23.9167,38334258,1432129,1605356,38312520.0000,1431717.1250,1595950.2500,-32768,12854,10
00:22:27,1998.91,24.45,4.23,3276.70,0.00,24.2625,24.1151,24.0802,23.9378,38336160,1432111,1605530,38315360.0000,1431762.6250,1597077.2500,-32768,12854,9
00:22:30,1998.91,24.46,4.21,3276.70,0.00,24.2890,24.1256,24.1069,23.9431,38336160,1432148,1605530,38315360.0000,1431762.6250,1597940.3750,-32768,12854,7
00:22:33,1998.91,24.47,4.20,3276.70,0.00,24.3050,24.1256,24.1283,23.9431,38341049,1432148,1608228,38319536.0000,1431837.2500,1598806.6250,-32768,12854,6
00:22:35,1993.48,24.50,4.20,3276.70,0.00,24.3050,24.1625,24.1441,23.9800,38343121,1432129,1608228,38321648.0000,1431866.3750,1599725.2500,-32768,12854,5
00:22:37,1993.48,24.51,4.20,3276.70,0.00,24.3050,24.1783,24.1441,24.0011,38345490,1432328,1609605,38323656.0000,1431905.0000,1600590.7500,-32768,12854,3
00:22:39,1998.91,24.51,4.19,3276.70,0.00,24.3532,24.1889,24.1711,24.0064,38347059,1432166,1609986,38324388.0000,1431905.0000,1601180.5000,-32768,12854,2
00:22:42,1998.91,24.54,4.19,3276.70,0.00,24.3532,24.2100,24.1711,24.0064,38347873,1432314,1611787,38327832.0000,1431964.1250,1602361.1250,-32768,12854,0
00:22:44,1998.91,24.56,4.19,3276.70,0.00,24.3532,24.2258,24.1711,24.0435,38349081,1432365,1611519,38329116.0000,1431986.2500,1602912.8750,-32768,12854,-1
00:22:46,1998.91,24.57,4.17,3276.70,0.00,24.3959,24.2311,24.2140,24.0488,38349081,1432189,1611519,38331216.0000,1432008.2500,1603775.6250,-32768,12854,-2
00:22:49,1988.05,24.58,4.17,3276.70,0.00,24.3959,24.2524,24.2140,24.0701,38349081,1432402,1613038,38333284.0000,1432039.8750,1604617.8750,-32768,12854,-3
00:22:51,1982.62,24.60,4.16,3276.70,0.00,24.4320,24.2524,24.2500,24.0859,38358144,1432517,1613072,38334720.0000,1432080.5000,1604617.8750,-32768,12854,-4
00:22:53,1977.19,24.61,4.16,3276.70,0.00,24.4445,24.2838,24.2627,24.1016,38357392,1432445,1615786,38336800.0000,1432080.5000,1606048.2500,-32768,12854,-6
00:22:55,1966.33,24.63,4.13,3276.70,0.00,24.4517,24.2940,24.2701,24.1016,38355912,1432347,1615534,38338544.0000,1432130.3750,1606936.8750,-32768,12854,-7
00:22:56,1955.47,24.64,4.13,3276.70,0.00,24.4580,24.3040,24.2761,24.1218,38355801,1432527,1616021,38339084.0000,1432142.7500,1607220.7500,-32768,12854,-8
00:22:59,1906.59,24.64,4.13,3276.70,0.00,24.4580,24.3136,24.2761,24.1361,38355801,1432946,1616940,38339084.0000,1432214.5000,1608300.0000,-32768,12854,-9
00:23:02,1846.86,24.64,4.08,3276.70,0.00,24.4580,24.3349,24.2761,24.1530,38355801,1433700,1617692,38344500.0000,1432362.8750,1609356.0000,-32768,12854,-11
00:23:04,1803.41,24.66,4.04,3276.70,0.00,24.4580,24.3453,24.2761,24.1667,38377630,1434271,1616798,38347404.0000,1432522.0000,1610040.3750,-32768,12854,-12
00:23:08,1754.53,24.66,4.01,3276.70,0.00,24.4372,24.3511,24.2761,24.1667,38378576,1434271,1616242,38347404.0000,1432522.0000,1610040.3750,-32768,12854,-13
00:23:09,1738.24,24.67,4.00,3276.70,0.00,24.4181,24.3598,24.2291,24.1776,38377150,1434188,1616654,38351848.0000,1432771.3750,1610989.6250,-32768,12854,-13
00:23:12,1711.09,24.67,4.00,3276.70,0.00,24.4104,24.3630,24.2291,24.1776,38381591,1434284,1616654,38354392.0000,1432904.5000,1610989.6250,-32768,12854,-14
00:23:14,1694.80,24.67,4.02,3276.70,0.00,24.4027,24.3668,24.2291,24.1839,38380821,1434108,1615902,38356776.0000,1433017.0000,1610989.6250,-32768,12854,-14
00:23:15,1683.94,24.67,4.03,3276.70,0.00,24.4000,24.3688,24.2082,24.1847,38380704,1434006,1616305,38357524.0000,1433047.8750,1611940.2500,-32768,12854,-15
00:23:17,1667.64,24.67,4.04,3276.70,0.00,24.4002,24.3707,24.2089,24.1847,38380302,1433972,1615769,38359592.0000,1433047.8750,1612312.8750,-32768,12854,-15
00:23:18,1656.78,24.67,4.04,3276.70,0.00,24.4019,24.3726,24.2112,24.1875,38383303,1434095,1615128,38360336.0000,1433157.8750,1612400.8750,-32768,12854,-15
00:23:19,1651.35,24.67,4.05,3276.70,0.00,24.4027,24.3735,24.2130,24.1891,38388482,1434124,1615347,38361976.0000,1433217.6250,1612597.1250,-32768,12854,-15
00:23:21,1645.92,24.68,4.05,3276.70,0.00,24.4082,24.3764,24.2198,24.1909,38386003,1433965,1615347,38364088.0000,1433278.7500,1612852.7500,-32768,12854,-16
00:23:23,1640.49,24.68,4.05,3276.70,0.00,24.4152,24.3787,24.2270,24.1930,38378468,1433205,1614489,38364536.0000,1433276.3750,1612903.8750,-32768,12854,-16
00:23:25,1635.06,24.68,4.09,3276.70,0.00,24.4240,24.3813,24.2365,24.1954,38374625,1432877,1615039,38365412.0000,1433276.3750,1613106.3750,-32768,12854,-16
00:23:26,1635.06,24.69,4.11,3276.70,0.00,24.4354,24.3845,24.2487,24.1985,38371616,1432761,1615038,38365608.0000,1433228.1250,1613106.3750,-32768,12854,-16
00:23:28,1635.06,24.70,4.11,3276.70,0.00,24.4477,24.3881,24.2622,24.2021,38368707,1432304,1615038,38365964.0000,1433157.0000,1613384.7500,-32768,12854,-17
00:23:29,1635.06,24.71,4.16,3276.70,0.00,24.4653,24.3946,24.2830,24.2088,38366781,1432060,1616886,38366084.0000,1433096.2500,1613559.7500,-32768,12854,-17
00:23:31,1629.63,24.71,4.18,3276.70,0.00,24.4714,24.3970,24.2900,24.2113,38364548,1431888,1617768,38366084.0000,1433017.5000,1613844.0000,-32768,12854,-17
00:23:32,1629.63,24.72,4.19,3276.70,0.00,24.4845,24.4021,24.3048,24.2168,38364855,1431558,1617404,38366016.0000,1432971.8750,1613955.2500,-32768,12854,-17
00:23:34,1629.63,24.73,4.19,3276.70,0.00,24.4986,24.4078,24.3199,24.2229,38365738,1431655,1616867,38366016.0000,1432891.3750,1614136.5000,-32768,12854,-18
00:23:35,1624.20,24.74,4.20,3276.70,0.00,24.5123,24.4140,24.3337,24.2229,38365738,1431499,1618179,38366060.0000,1432808.3750,1614353.3750,-32768,12854,-18
00:23:38,1602.48,24.74,4.23,3276.70,0.00,24.5123,24.4206,24.3337,24.2400,38365738,1431970,1620731,38366864.0000,1432689.8750,1615022.1250,-32768,12854,-19
00:23:40,1586.18,24.76,4.23,3276.70,0.00,24.5398,24.4309,24.3604,24.2473,38380003,1432139,1621766,38367804.0000,1432689.8750,1615460.3750,-32768,12854,-20
00:23:44,1548.17,24.77,4.22,3276.70,0.00,24.5398,24.4448,24.3604,24.2619,38380003,1433179,1621766,38371632.0000,1432709.1250,1616527.8750,-32768,12854,-21
00:23:47,1510.16,24.79,4.22,3276.70,0.00,24.5398,24.4586,24.3604,24.2800,38380003,1433699,1621766,38371632.0000,1432819.1250,1617380.3750,-32768,12854,-23
00:23:50,1477.57,24.80,4.22,3276.70,0.00,24.5398,24.4586,24.3888,24.2800,38415611,1433899,1624646,38379384.0000,1432918.6250,1617380.3750,-32768,12854,-23
00:23:51,1472.14,24.81,4.21,3276.70,0.00,24.5693,24.4775,24.3880,24.2959,38417117,1433921,1624323,38380564.0000,1432950.0000,1618231.1250,-32768,12854,-24
00:23:53,1472.14,24.81,4.22,3276.70,0.00,24.5695,24.4775,24.3865,24.2959,38419984,1433839,1624947,38384116.0000,1432950.0000,1618231.1250,-32768,12854,-25
00:23:54,1477.57,24.82,4.24,3276.70,0.00,24.5745,24.4886,24.3879,24.3067,38420985,1433772,1624979,38385268.0000,1432950.0000,1618231.1250,-32768,12854,-25
00:23:56,1483.00,24.83,4.24,3276.70,0.00,24.5880,24.4971,24.4007,24.3148,38404478,1432351,1624979,38387532.0000,1433034.7500,1619613.0000,-32768,12854,-26
00:23:58,1504.72,24.84,4.24,3276.70,0.00,24.5880,24.5033,24.4152,24.3239,38397611,1431483,1625187,38388612.0000,1433034.7500,1620104.5000,-32768,12854,-26
00:24:00,1510.16,24.85,4.32,3276.70,0.00,24.6182,24.5101,24.4335,24.3273,38394985,1431233,1625897,38388812.0000,1432865.2500,1620104.5000,-32768,12854,-27
00:24:03,1521.02,24.86,4.32,3276.70,0.00,24.6370,24.5175,24.4335,24.3388,38394985,1431004,1627584,38389760.0000,1432642.7500,1621079.0000,-32768,12854,-27
00:24:05,1521.02,24.86,4.37,3276.70,0.00,24.6370,24.5395,24.4335,24.3567,38403266,1430973,1628934,38390804.0000,1432489.1250,1621737.6250,-32768,12854,-29
00:24:07,1521.02,24.90,4.37,3276.70,0.00,24.7053,24.5493,24.5235,24.3666,38405131,1430935,1629546,38391652.0000,1432394.0000,1622194.6250,-32768,12854,-30
00:24:09,1526.45,24.91,4.40,3276.70,0.00,24.7234,24.5598,24.5235,24.3825,38402670,1430634,1631678,38392792.0000,1432243.3750,1622982.2500,-32768,12854,-31
00:24:10,1521.02,24.93,4.40,3276.70,0.00,24.7405,24.5706,24.5596,24.3880,38402670,1430716,1631975,38393516.0000,1432146.0000,1623551.5000,-32768,12854,-32
00:24:13,1526.45,24.94,4.39,3276.70,0.00,24.7573,24.5818,24.5596,24.3993,38402670,1430697,1631975,38393516.0000,1432146.0000,1623551.5000,-32768,12854,-34
00:24:15,1521.02,24.97,4.39,3276.70,0.00,24.7885,24.5818,24.6076,24.3993,38407594,1430420,1635060,38395744.0000,1431875.3750,1625412.2500,-32768,12854,-35
00:24:17,1526.45,24.97,4.38,3276.70,0.00,24.8031,24.6170,24.6223,24.4408,38406896,1430318,1635645,38396476.0000,1431875.3750,1626030.7500,-32768,12854,-36
00:24:18,1537.31,25.00,4.38,3276.70,0.00,24.8254,24.6352,24.6449,24.4531,38405089,1430070,1635638,38397016.0000,1431679.8750,1626606.6250,-32768,12854,-37
00:24:20,1564.46,25.00,4.38,3276.70,0.00,24.8336,24.6413,24.6626,24.4657,38401494,1429741,1635638,38397324.0000,1431566.3750,1627242.3750,-32768,12854,-38
00:24:22,1591.62,25.02,4.38,3276.70,0.00,24.8336,24.6413,24.6829,24.4787,38400523,1429428,1637277,38397812.0000,1431374.7500,1628163.2500,-32768,12854,-39
00:24:25,1618.77,25.04,4.42,3276.70,0.00,24.8746,24.6413,24.7057,24.4923,38400523,1429749,1641014,38397812.0000,1431267.2500,1628903.3750,-32768,12854,-41
00:24:27,1645.92,25.06,4.45,3276.70,0.00,24.8746,24.7028,24.7057,24.5289,38400523,1430646,1643680,38403340.0000,1431148.5000,1630965.6250,-32768,12854,-43
00:24:28,1651.35,25.08,4.47,3276.70,0.00,24.9561,24.7180,24.7780,24.5367,38448718,1430554,1645450,38406008.0000,1431129.8750,1631418.2500,-32768,12854,-44
00:24:30,1673.07,25.10,4.49,3276.70,0.00,24.9814,24.7337,24.8025,24.5527,38453005,1430562,1646614,38407476.0000,1431112.1250,1631893.1250,-32768,12854,-50
00:24:32,1705.66,25.11,4.49,3276.70,0.00,24.9814,24.7586,24.8025,24.5776,38469578,1430884,1649115,38412756.0000,1431095.3750,1633350.0000,-32768,12854,-56
00:24:34,1727.38,25.11,4.50,3276.70,0.00,25.0480,24.7759,24.8675,24.5950,38478461,1431105,1649115,38418728.0000,1431093.2500,1634909.0000,-32768,12854,-67
00:24:36,1754.53,25.15,4.50,3276.70,0.00,25.0729,24.7938,24.8938,24.6130,38488383,1431105,1649115,38423176.0000,1431093.2500,1636537.1250,-32768,12854,-79
00:24:38,1776.26,25.18,4.48,3276.70,0.00,25.0982,24.8121,24.9184,24.6130,38504603,1431912,1649115,38430596.0000,1431179.1250,1637669.6250,-32768,12854,-86
00:24:41,1808.84,25.20,4.48,3276.70,0.00,25.0982,24.8496,24.9184,24.6786,38514301,1432023,1657673,38437808.0000,1431179.1250,1639433.8750,-32768,12854,-98
00:24:44,1830.56,25.23,4.48,3276.70,0.00,25.0982,24.8784,24.9184,24.7075,38514301,1432521,1661972,38448096.0000,1431179.1250,1639433.8750,-32768,12854,-110
00:24:46,1846.86,25.25,4.44,3276.70,0.00,25.2100,24.9076,25.0277,24.7269,38531289,1432817,1662718,38450696.0000,1431179.1250,1643135.2500,-32768,12854,-110
00:24:48,1874.01,25.26,4.43,3276.70,0.00,25.2382,24.9076,25.0563,24.7269,38540481,1433108,1663721,38461228.0000,1431179.1250,1643135.2500,-32768,12854,-110
00:24:50,1890.30,25.28,4.43,3276.70,0.00,25.2571,24.9561,25.0741,24.7752,38545683,1433108,1665618,38466376.0000,1431716.6250,1643135.2500,-32768,12854,-110
00:24:52,1895.73,25.30,4.40,3276.70,0.00,25.2827,24.9849,25.0986,24.8038,38548173,1433536,1666590,38471392.0000,1431825.3750,1647443.7500,-32768,12854,-110
00:24:53,1912.02,25.31,4.40,3276.70,0.00,25.2990,25.0039,25.1133,24.8226,38552125,1433803,1668129,38476288.0000,1431942.5000,1648686.7500,-32768,12854,-110
00:24:56,1933.75,25.32,4.40,3276.70,0.00,25.3134,25.0227,25.1133,24.8502,38552125,1433825,1668129,38485596.0000,1432176.7500,1651090.3750,-32768,12854,-110
00:24:59,1960.90,25.34,4.40,3276.70,0.00,25.3134,25.0227,25.1556,24.8502,38559790,1434257,1669812,38492208.0000,1432176.7500,1651090.3750,-32768,12854,-110
00:25:00,1977.19,25.35,4.36,3276.70,0.00,25.3600,25.0861,25.1556,24.9037,38562261,1434466,1671132,38496500.0000,1432479.3750,1653913.2500,-32768,12854,-110
00:25:03,2026.07,25.35,4.36,3276.70,0.00,25.3752,25.1036,25.1894,24.9037,38562261,1434754,1672018,38502600.0000,1432678.2500,1655510.3750,-32768,12854,-110
00:25:05,2074.94,25.37,4.37,3276.70,0.00,25.3937,25.1036,25.2137,24.9037,38580925,1435006,1675015,38509212.0000,1432678.2500,1655510.3750,-32768,12854,-110
00:25:07,2096.67,25.39,4.41,3276.70,0.00,25.4221,25.1036,25.2378,24.9037,38594150,1435787,1675339,38514276.0000,1433140.6250,1658893.5000,-32768,12854,-110
00:25:08,2107.53,25.40,4.43,3276.70,0.00,25.4389,25.1652,25.2445,24.9810,38606940,1436302,1677750,38519780.0000,1433239.3750,1659482.7500,-32768,12854,-110
00:25:09,2112.96,25.41,4.45,3276.70,0.00,25.4532,25.1827,25.2576,24.9978,38612156,1436499,1677559,38522668.0000,1433341.2500,1660047.6250,-32768,12854,-110
00:25:10,2118.39,25.42,4.47,3276.70,0.00,25.4592,25.1913,25.2633,25.0061,38618968,1436769,1678272,38528652.0000,1433557.6250,1661147.1250,-32768,12854,-110
00:25:12,2123.82,25.42,4.48,3276.70,0.00,25.4687,25.1913,25.2633,25.0303,38622011,1437105,1679645,38534320.0000,1433557.6250,1662819.0000,-32768,12854,-110
00:25:14,2129.25,25.43,4.47,3276.70,0.00,25.4806,25.2326,25.2855,25.0459,38616718,1437265,1679459,38539432.0000,1433986.2500,1663339.0000,-32768,12854,-110
00:25:16,2129.25,25.44,4.43,3276.70,0.00,25.4868,25.2482,25.2921,25.0609,38618243,1437446,1679459,38546596.0000,1434304.5000,1664920.2500,-32768,12854,-110
00:25:18,2129.25,25.44,4.43,3276.70,0.00,25.4868,25.2702,25.3002,25.0823,38621238,1438088,1680662,38546596.0000,1434532.7500,1666349.3750,-32768,12854,-110
00:25:20,2140.11,25.45,4.43,3276.70,0.00,25.4985,25.2907,25.3068,25.1024,38612309,1438300,1680422,38556948.0000,1434875.3750,1667225.2500,-32768,12854,-110
00:25:21,2140.11,25.45,4.34,3276.70,0.00,25.5006,25.2972,25.3095,25.1089,38613292,1438305,1680589,38558712.0000,1434982.6250,1667642.8750,-32768,12854,-110
00:25:22,2145.54,25.46,4.34,3276.70,0.00,25.5039,25.3037,25.3122,25.1152,38614017,1438336,1680937,38560440.0000,1435087.3750,1668058.3750,-32768,12854,-110
00:25:25,2161.83,25.46,4.33,3276.70,0.00,25.5095,25.3162,25.3122,25.1274,38614017,1438656,1681503,38565248.0000,1435407.0000,1669260.3750,-32768,12854,-110
00:25:26,2167.26,25.46,4.33,3276.70,0.00,25.5104,25.3338,25.3145,25.1443,38610998,1438656,1681630,38568092.0000,1435603.1250,1670022.5000,-32768,12854,-110
00:25:28,2183.56,25.46,4.33,3276.70,0.00,25.5120,25.3447,25.3161,25.1548,38611068,1438677,1681145,38570632.0000,1435789.8750,1670712.7500,-32768,12854,-110
00:25:31,2210.71,25.47,4.34,3276.70,0.00,25.5120,25.3602,25.3161,25.1696,38611068,1439082,1682372,38575852.0000,1436151.8750,1672077.0000,-32768,12854,-110
00:25:31,2227.00,25.48,4.36,3276.70,0.00,25.5220,25.3700,25.3219,25.1789,38617208,1439107,1682128,38577144.0000,1436244.1250,1672391.1250,-32768,12854,-110
00:25:33,2237.86,25.48,4.37,3276.70,0.00,25.5247,25.3748,25.3239,25.1834,38616936,1439042,1682345,38579640.0000,1436411.6250,1672972.3750,-32768,12854,-110
00:25:35,2248.72,25.48,4.40,3276.70,0.00,25.5320,25.3748,25.3338,25.1834,38630737,1439435,1683853,38582580.0000,1436587.5000,1673580.6250,-32768,12854,-110
00:25:37,2248.72,25.48,4.44,3276.70,0.00,25.5350,25.3748,25.3368,25.1834,38640750,1439566,1683853,38587640.0000,1436859.0000,1674578.7500,-32768,12854,-110
00:25:39,2243.29,25.48,4.48,3276.70,0.00,25.5358,25.3748,25.3365,25.2210,38635337,1439268,1683898,38592332.0000,1437104.1250,1675471.0000,-32768,12854,-110
00:25:41,2243.29,25.49,4.47,3276.70,0.00,25.5350,25.4182,25.3371,25.2246,38633285,1439325,1684504,38593612.0000,1437173.5000,1675753.2500,-32768,12854,-110
00:25:42,2243.29,25.49,4.43,3276.70,0.00,25.5305,25.4252,25.3371,25.2343,38634381,1439996,1683593,38597440.0000,1437414.5000,1676496.5000,-32768,12854,-110
00:25:43,2237.86,25.49,4.40,3276.70,0.00,25.5250,25.4313,25.3294,25.2373,38635347,1440208,1683605,38598624.0000,1437501.7500,1676718.6250,-32768,12854,-110
00:25:45,2232.43,25.48,4.35,3276.70,0.00,25.5230,25.4342,25.3288,25.2401,38632489,1440299,1683909,38599684.0000,1437501.7500,1677174.7500,-32768,12854,-110
00:25:45,2227.00,25.48,4.32,3276.70,0.00,25.5215,25.4395,25.3243,25.2454,38632051,1440724,1683274,38601648.0000,1437774.7500,1677365.3750,-32768,12854,-110
00:25:47,2210.71,25.48,4.29,3276.70,0.00,25.5185,25.4420,25.3193,25.2454,38633183,1440993,1683158,38603680.0000,1437774.7500,1677365.3750,-32768,12854,-110
00:25:49,2194.42,25.47,4.27,3276.70,0.00,25.5073,25.4462,25.3087,25.2516,38637688,1441553,1683158,38605828.0000,1437774.7500,1678005.3750,-32768,12854,-110
00:25:51,2178.13,25.47,4.24,3276.70,0.00,25.4810,25.4500,25.2956,25.2560,38646982,1442549,1682486,38605828.0000,1437774.7500,1678371.1250,-32768,12854,-110
00:25:54,2156.40,25.46,4.20,3276.70,0.00,25.4810,25.4500,25.2579,25.2560,38651644,1443514,1682486,38605828.0000,1439035.2500,1678624.5000,-32768,12854,-110
00:25:56,2150.97,25.45,4.13,3276.70,0.00,25.4240,25.4494,25.2163,25.2547,38653731,1443999,1679734,38615784.0000,1439331.8750,1678730.7500,-32768,12854,-110
00:25:58,2134.68,25.45,4.12,3276.70,0.00,25.4161,25.4494,25.1970,25.2547,38651641,1444549,1677357,38619024.0000,1439331.8750,1678730.7500,-32768,12854,-110
00:26:00,2118.39,25.43,4.07,3276.70,0.00,25.3793,25.4416,25.1970,25.2547,38654169,1445168,1675705,38622052.0000,1440268.2500,1678431.8750,-32768,12854,-110
00:26:03,2096.67,25.43,4.07,3276.70,0.00,25.3655,25.4416,25.1970,25.2371,38654169,1445377,1675275,38624152.0000,1440268.2500,1678431.8750,-32768,12854,-110
00:26:04,2080.37,25.41,4.01,3276.70,0.00,25.3387,25.4290,25.1290,25.2307,38656954,1445467,1674357,38626192.0000,1440268.2500,1677891.2500,-32768,12854,-110
00:26:06,2069.51,25.41,3.98,3276.70,0.00,25.3063,25.4187,25.1013,25.2198,38658807,1445673,1672502,38629104.0000,1441304.3750,1677568.2500,-32768,12854,-110
00:26:08,2053.22,25.39,3.98,3276.70,0.00,25.2915,25.4111,25.0843,25.2116,38662452,1446262,1671281,38631132.0000,1441304.3750,1677228.0000,-32768,12854,-110
00:26:09,2042.36,25.38,3.98,3276.70,0.00,25.2786,25.4031,25.0662,25.2029,38663735,1446558,1671565,38633096.0000,1441901.2500,1676845.1250,-32768,12854,-110
00:26:12,2020.64,25.38,3.95,3276.70,0.00,25.2640,25.3947,25.0511,25.1938,38667329,1446886,1671460,38635120.0000,1441901.2500,1676845.1250,-32768,12854,-110
00:26:15,1998.91,25.35,3.93,3276.70,0.00,25.2374,25.3812,25.0511,25.1746,38667329,1446886,1670278,38635120.0000,1441901.2500,1675611.1250,-32768,12854,-110
00:26:18,1993.48,25.33,3.93,3276.70,0.00,25.2003,25.3611,25.0511,25.1537,38667329,1446008,1670278,38642200.0000,1441901.2500,1674384.2500,-32768,12854,-110
00:26:21,1971.76,25.33,3.86,3276.70,0.00,25.2003,25.3350,25.0511,25.1327,38667329,1444706,1665100,38642432.0000,1443478.8750,1673526.8750,-32768,12854,-110
00:26:24,1955.47,25.27,3.87,3276.70,0.00,25.2003,25.3141,24.9491,25.1116,38633708,1444955,1663802,38641800.0000,1443598.0000,1672704.8750,-32768,12854,-110
00:26:26,1939.18,25.26,3.86,3276.70,0.00,25.1436,25.3037,24.9382,25.1116,38635895,1445171,1663491,38641336.0000,1443598.0000,1672704.8750,-32768,12854,-110
00:26:28,1917.45,25.24,3.86,3276.70,0.00,25.1364,25.2935,24.9382,25.0854,38635895,1445171,1663464,38641524.0000,1443922.6250,1671102.7500,-32768,12854,-110
00:26:29,1901.16,25.23,3.87,3276.70,0.00,25.1245,25.2786,24.9168,25.0751,38648199,1445781,1662761,38641732.0000,1443980.6250,1670842.1250,-32768,12854,-110
00:26:31,1884.87,25.22,3.87,3276.70,0.00,25.1179,25.2786,24.8994,25.0751,38653702,1446104,1662681,38642648.0000,1444166.6250,1670123.1250,-32768,12854,-110
00:26:33,1857.72,25.21,3.87,3276.70,0.00,25.1179,25.2523,24.8994,25.0429,38657761,1446366,1660893,38643920.0000,1444361.8750,1669359.1250,-32768,12854,-110
00:26:37,1835.99,25.19,3.86,3276.70,0.00,25.1179,25.2362,24.8994,25.0320,38657761,1446266,1660576,38645308.0000,1444361.8750,1668349.2500,-32768,12854,-110
00:26:40,1797.98,25.16,3.84,3276.70,0.00,25.1179,25.2143,24.8994,25.0027,38657761,1446426,1659241,38645308.0000,1444802.8750,1667320.1250,-32768,12854,-110
00:26:43,1781.69,25.14,3.84,3276.70,0.00,24.9988,25.1904,24.7874,24.9838,38660842,1446426,1657922,38648608.0000,1444951.0000,1666516.1250,-32768,12854,-110
00:26:44,1759.97,25.12,3.84,3276.70,0.00,24.9779,25.1776,24.7700,24.9709,38662164,1446485,1656898,38649028.0000,1444998.8750,1666215.5000,-32768,12854,-110
00:26:46,1738.24,25.11,3.84,3276.70,0.00,24.9779,25.1580,24.7700,24.9440,38637485,1445717,1653210,38648744.0000,1445117.6250,1664912.7500,-32768,12854,-110
00:26:50,1716.52,25.08,3.84,3276.70,0.00,24.9779,25.1382,24.7700,24.9232,38637485,1445819,1651062,38648744.0000,1445117.6250,1664912.7500,-32768,12854,-110
00:26:52,1705.66,25.05,3.79,3276.70,0.00,24.9077,25.1118,24.7700,24.8956,38613402,1445652,1651632,38643764.0000,1445246.0000,1662278.5000,-32768,12854,-110
00:26:54,1689.37,25.03,3.77,3276.70,0.00,24.8957,25.1118,24.6709,24.8956,38598869,1445164,1648818,38640072.0000,1445247.5000,1661120.3750,-32768,12854,-110
00:26:55,1678.51,25.02,3.76,3276.70,0.00,24.8770,25.0791,24.6589,24.8684,38597284,1445131,1648964,38638732.0000,1445243.8750,1660740.5000,-32768,12854,-110
00:26:57,1667.64,25.02,3.76,3276.70,0.00,24.8708,25.0725,24.6527,24.8548,38597866,1445634,1647920,38636168.0000,1445260.5000,1659966.6250,-32768,12854,-110
00:26:58,1645.92,25.02,3.76,3276.70,0.00,24.8566,25.0595,24.6393,24.8548,38599285,1445714,1647658,38635016.0000,1445260.5000,1659966.6250,-32768,12854,-110
00:27:00,1629.63,24.98,3.77,3276.70,0.00,24.8394,25.0462,24.6235,24.8345,38601608,1446100,1647658,38631932.0000,1445347.6250,1658404.6250,-32768,12854,-110
00:27:01,1613.34,24.98,3.78,3276.70,0.00,24.8221,25.0326,24.6094,24.8207,38599674,1446122,1647224,38630924.0000,1445371.7500,1658055.2500,-32768,12854,-110
00:27:03,1602.48,24.96,3.77,3276.70,0.00,24.8152,25.0258,24.6032,24.8139,38598814,1446045,1647241,38629920.0000,1445392.7500,1657352.5000,-32768,12854,-110
00:27:06,1575.32,24.95,3.78,3276.70,0.00,24.8152,25.0053,24.6032,24.7862,38594892,1446045,1643526,38625048.0000,1445481.1250,1657352.5000,-32768,12854,-110
00:27:07,1569.89,24.92,3.78,3276.70,0.00,24.7726,24.9848,24.5546,24.7862,38593846,1445654,1644082,38623184.0000,1445494.0000,1655070.1250,-32768,12854,-110
00:27:09,1559.03,24.91,3.78,3276.70,0.00,24.7591,24.9710,24.5400,24.7580,38593416,1445624,1642515,38621264.0000,1445503.2500,1654331.3750,-32768,12854,-110
00:27:10,1553.60,24.90,3.79,3276.70,0.00,24.7527,24.9573,24.5273,24.7439,38590249,1445573,1641609,38620296.0000,1445505.3750,1653933.7500,-32768,12854,-110
00:27:11,1548.17,24.89,3.79,3276.70,0.00,24.7410,24.9505,24.5211,24.7370,38585940,1445466,1641152,38619224.0000,1445504.1250,1653534.3750,-32768,12854,-110
00:27:13,1542.74,24.89,3.79,3276.70,0.00,24.7410,24.9305,24.5211,24.7164,38577905,1445005,1639180,38615800.0000,1445476.7500,1652288.3750,-32768,12854,-110
00:27:16,1531.88,24.87,3.81,3276.70,0.00,24.7172,24.9305,24.4948,24.6966,38568441,1444440,1639620,38611680.0000,1445410.7500,1652288.3750,-32768,12854,-110
00:27:18,1521.02,24.86,3.81,3276.70,0.00,24.7172,24.8984,24.4878,24.6838,38568441,1444288,1639620,38606336.0000,1445282.5000,1649333.0000,-32768,12854,-110
00:27:20,1526.45,24.85,3.85,3276.70,0.00,24.6946,24.8801,24.4811,24.6838,38558047,1443840,1637230,38604828.0000,1445185.1250,1648587.3750,-32768,12854,-110
00:27:23,1515.59,24.84,3.85,3276.70,0.00,24.6914,24.8801,24.4777,24.6485,38552169,1443247,1637341,38604828.0000,1445070.2500,1647882.0000,-32768,12854,-110
00:27:23,1515.59,24.83,3.88,3276.70,0.00,24.6869,24.8521,24.4754,24.6379,38548506,1443102,1636209,38597124.0000,1444949.8750,1647180.6250,-32768,12854,-110
00:27:25,1510.16,24.83,3.89,3276.70,0.00,24.6854,24.8468,24.4745,24.6327,38547907,1442851,1635976,38595584.0000,1444949.8750,1646490.8750,-32768,12854,-110
00:27:29,1493.86,24.82,3.92,3276.70,0.00,24.6809,24.8468,24.4687,24.6327,38543013,1442746,1635976,38588128.0000,1444560.3750,1646490.8750,-32768,12854,-110
00:27:31,1483.00,24.81,3.93,3276.70,0.00,24.6809,24.8085,24.4687,24.5953,38544217,1442560,1635857,38588128.0000,1444560.3750,1644114.3750,-32768,12854,-110
00:27:33,1483.00,24.80,3.93,3276.70,0.00,24.6610,24.7952,24.4510,24.5824,38537360,1442239,1635857,38580168.0000,1444204.1250,1643506.5000,-32768,12854,-110
00:27:36,1477.57,24.79,3.93,3276.70,0.00,24.6610,24.7868,24.4510,24.5824,38531089,1441943,1635857,38574428.0000,1443934.6250,1642332.2500,-32768,12854,-110
00:27:38,1488.43,24.79,3.93,3276.70,0.00,24.6610,24.7707,24.4382,24.5581,38526923,1441533,1633914,38571536.0000,1443934.6250,1642332.2500,-32768,12854,-106
00:27:40,1499.29,24.78,3.93,3276.70,0.00,24.6484,24.7631,24.4370,24.5581,38526923,1441212,1633914,38566892.0000,1443546.0000,1641030.7500,-32768,12854,-103
00:27:42,1515.59,24.78,3.96,3276.70,0.00,24.6508,24.7631,24.4370,24.5405,38510671,1440290,1632996,38563468.0000,1443350.3750,1640538.7500,-32768,12854,-100
00:27:43,1526.45,24.78,4.01,3276.70,0.00,24.6601,24.7470,24.4493,24.5347,38510833,1439996,1631855,38560216.0000,1443150.0000,1640040.6250,-32768,12854,-96
00:27:45,1548.17,24.78,4.01,3276.70,0.00,24.6601,24.7421,24.4580,24.5298,38512034,1439834,1634679,38557232.0000,1442946.0000,1639641.1250,-32768,12854,-93
00:27:47,1564.46,24.78,4.07,3276.70,0.00,24.6601,24.7381,24.4580,24.5259,38513708,1439850,1634505,38554576.0000,1442659.0000,1639190.7500,-32768,12854,-91
00:27:49,1580.75,24.78,4.07,3276.70,0.00,24.6941,24.7352,24.4811,24.5229,38516286,1439663,1634456,38554576.0000,1442659.0000,1638911.0000,-32768,12854,-89
00:27:50,1597.05,24.78,4.07,3276.70,0.00,24.7077,24.7332,24.4930,24.5208,38524026,1439606,1635566,38550336.0000,1442384.8750,1638741.0000,-32768,12854,-88
00:27:52,1629.63,24.78,4.07,3276.70,0.00,24.7203,24.7322,24.5056,24.5196,38531270,1439606,1635566,38548548.0000,1442139.2500,1638633.5000,-32768,12854,-87
00:27:55,1673.07,24.79,4.07,3276.70,0.00,24.7203,24.7323,24.5258,24.5195,38531270,1439475,1638088,38547192.0000,1441898.0000,1638568.1250,-32768,12854,-87
00:27:57,1694.80,24.79,4.25,3276.70,0.00,24.7631,24.7344,24.5461,24.5213,38544528,1439643,1640576,38547000.0000,1441691.2500,1638647.0000,-32768,12854,-87
00:27:59,1716.52,24.80,4.26,3276.70,0.00,24.7765,24.7344,24.5635,24.5213,38559557,1439888,1641411,38547600.0000,1441578.0000,1638795.2500,-32768,12854,-89
00:28:01,1738.24,24.81,4.26,3276.70,0.00,24.7925,24.7413,24.5635,24.5290,38567079,1440232,1642305,38549120.0000,1441443.6250,1639096.6250,-32768,12854,-90
00:28:03,1759.97,24.83,4.22,3276.70,0.00,24.8014,24.7448,24.5826,24.5306,38566488,1440192,1642492,38549664.0000,1441443.6250,1639292.2500,-32768,12854,-91
00:28:06,1792.55,24.83,4.19,3276.70,0.00,24.8014,24.7507,24.5826,24.5382,38566488,1440166,1644004,38552192.0000,1441221.5000,1639816.6250,-32768,12854,-95
00:28:08,1819.70,24.83,4.19,3276.70,0.00,24.8291,24.7507,24.6148,24.5382,38578074,1440735,1644781,38553712.0000,1441188.6250,1640104.6250,-32768,12854,-98
00:28:11,1841.43,24.85,4.18,3276.70,0.00,24.8411,24.7507,24.6261,24.5382,38579095,1440895,1644781,38553712.0000,1441152.8750,1640702.1250,-32768,12854,-101
00:28:13,1852.29,24.86,4.15,3276.70,0.00,24.8509,24.7721,24.6261,24.5591,38579095,1441319,1646506,38559312.0000,1441156.5000,1641232.3750,-32768,12854,-105
00:28:15,1863.15,24.87,4.15,3276.70,0.00,24.8571,24.7796,24.6261,24.5591,38586277,1441565,1646984,38560912.0000,1441156.5000,1641232.3750,-32768,12854,-108
00:28:17,1874.01,24.87,4.08,3276.70,0.00,24.8600,24.7868,24.6454,24.5591,38581194,1441298,1646857,38562264.0000,1441192.2500,1641864.3750,-32768,12854,-110
00:28:19,1901.16,24.87,4.06,3276.70,0.00,24.8620,24.7914,24.6454,24.5591,38574219,1441264,1646623,38563580.0000,1441209.2500,1641864.3750,-32768,12854,-110
00:28:21,1917.45,24.88,4.03,3276.70,0.00,24.8677,24.7980,24.6545,24.5827,38572822,1441142,1646676,38564200.0000,1441207.1250,1642514.3750,-32768,12854,-110
00:28:23,1950.04,24.88,4.03,3276.70,0.00,24.8705,24.7980,24.6599,24.5827,38576938,1441276,1646444,38565232.0000,1441207.1250,1642514.3750,-32768,12854,-110
00:28:25,1982.62,24.89,4.04,3276.70,0.00,24.8839,24.8096,24.6698,24.5945,38581472,1441539,1646444,38565232.0000,1441207.1250,1643837.5000,-32768,12854,-110
00:28:28,1998.91,24.90,4.06,3276.70,0.00,24.8955,24.8170,24.6698,24.6020,38581472,1441923,1648639,38568680.0000,1441284.5000,1644582.2500,-32768,12854,-110
00:28:30,2004.34,24.91,4.06,3276.70,0.00,24.9039,24.8246,24.6879,24.6095,38581472,1442158,1652390,38570364.0000,1441337.2500,1645232.0000,-32768,12854,-110
00:28:31,2004.34,24.91,4.02,3276.70,0.00,24.9067,24.8295,24.6909,24.6145,38600772,1442692,1648988,38572208.0000,1441409.1250,1645349.3750,-32768,12854,-110
00:28:33,2009.78,24.92,3.99,3276.70,0.00,24.9068,24.8343,24.6922,24.6192,38596210,1442588,1649133,38573792.0000,1441409.1250,1645349.3750,-32768,12854,-110
00:28:34,2009.78,24.92,3.98,3276.70,0.00,24.9064,24.8365,24.6928,24.6214,38592865,1442695,1640410,38574912.0000,1441555.7500,1645325.5000,-32768,12854,-110
00:28:36,2009.78,24.92,3.94,3276.70,0.00,24.9048,24.8365,24.6916,24.6214,38587406,1442591,1649763,38575696.0000,1441555.7500,1645325.5000,-32768,12854,-110
00:28:38,2009.78,24.93,3.91,3276.70,0.00,24.8989,24.8479,24.6916,24.6334,38581994,1442909,1635813,38576372.0000,1441729.0000,1645198.2500,-32768,12854,-110
00:28:40,2009.78,24.93,3.87,3276.70,0.00,24.8946,24.8508,24.6849,24.6365,38576336,1442909,1647580,38576416.0000,1441810.0000,1645407.3750,-32768,12854,-110
00:28:43,2015.21,24.93,3.86,3276.70,0.00,24.8896,24.8508,24.6785,24.6365,38568876,1442627,1647580,38576416.0000,1441810.0000,1645295.0000,-32768,12854,-110
00:28:45,2009.78,24.93,3.83,3276.70,0.00,24.8792,24.8508,24.6712,24.6434,38562138,1442118,1646649,38575080.0000,1441890.3750,1645337.3750,-32768,12854,-110
00:28:47,2009.78,24.93,3.83,3276.70,0.00,24.8731,24.8578,24.6656,24.6449,38557323,1442022,1649801,38574068.0000,1441901.0000,1645595.7500,-32768,12854,-110
00:28:48,2009.78,24.93,3.80,3276.70,0.00,24.8675,24.8578,24.6601,24.6449,38551309,1441696,1644638,38572180.0000,1441890.0000,1645572.1250,-32768,12854,-110
00:28:50,2009.78,24.93,3.79,3276.70,0.00,24.8618,24.8587,24.6545,24.6449,38545975,1441446,1655508,38570632.0000,1441863.7500,1646124.0000,-32768,12854,-110
00:28:51,2009.78,24.93,3.78,3276.70,0.00,24.8559,24.8586,24.6486,24.6466,38545363,1441518,1644401,38569844.0000,1441853.0000,1646070.1250,-32768,12854,-110
00:28:53,2009.78,24.93,3.77,3276.70,0.00,24.8532,24.8584,24.6457,24.6466,38545363,1441283,1644476,38568088.0000,1441853.0000,1645995.7500,-32768,12854,-110
00:28:55,2009.78,24.93,3.76,3276.70,0.00,24.8454,24.8584,24.6378,24.6459,38535712,1441023,1644476,38568088.0000,1441853.0000,1646326.5000,-32768,12854,-110
00:28:57,2009.78,24.93,3.74,3276.70,0.00,24.8377,24.8558,24.6308,24.6459,38533590,1440870,1642683,38563144.0000,1441696.3750,1646212.6250,-32768,12854,-110
00:28:58,2004.34,24.93,3.74,3276.70,0.00,24.8333,24.8545,24.6262,24.6436,38529830,1440463,1653016,38561140.0000,1441623.0000,1646561.7500,-32768,12854,-110
00:29:01,2004.34,24.93,3.74,3276.70,0.00,24.8333,24.8529,24.6262,24.6416,38529830,1440463,1643754,38556900.0000,1441500.0000,1646083.8750,-32768,12854,-110
00:29:03,2004.34,24.93,3.73,3276.70,0.00,24.8333,24.8494,24.6150,24.6393,38520541,1440416,1643754,38553660.0000,1441394.8750,1645695.7500,-32768,12854,-110
00:29:04,2009.78,24.93,3.72,3276.70,0.00,24.8198,24.8485,24.6133,24.6376,38519082,1440224,1642335,38552580.0000,1441358.2500,1645590.7500,-32768,12854,-110
00:29:07,2004.34,24.93,3.72,3276.70,0.00,24.8167,24.8485,24.6087,24.6376,38516801,1440091,1639960,38549320.0000,1441244.6250,1644968.0000,-32768,12854,-110
00:29:09,2009.78,24.93,3.71,3276.70,0.00,24.8167,24.8424,24.6046,24.6330,38510903,1439997,1633236,38545936.0000,1441129.8750,1644968.0000,-32768,12854,-110
00:29:11,2004.34,24.93,3.70,3276.70,0.00,24.8083,24.8403,24.6023,24.6312,38509005,1439851,1633236,38545936.0000,1441129.8750,1643818.5000,-32768,12854,-110
00:29:13,2009.78,24.93,3.69,3276.70,0.00,24.8048,24.8371,24.5989,24.6282,38507306,1439936,1639519,38541424.0000,1441129.8750,1643159.1250,-32768,12854,-110
00:29:14,2009.78,24.93,3.67,3276.70,0.00,24.8029,24.8350,24.5970,24.6263,38505775,1439987,1639519,38539320.0000,1440920.0000,1642660.0000,-32768,12854,-110
00:29:17,2004.34,24.93,3.67,3276.70,0.00,24.8018,24.8340,24.5970,24.6243,38505775,1439806,1639539,38536088.0000,1440819.0000,1642357.3750,-32768,12854,-110
00:29:19,2004.34,24.93,3.66,3276.70,0.00,24.8018,24.8298,24.5929,24.6205,38502200,1439603,1639256,38533128.0000,1440720.1250,1642357.3750,-32768,12854,-109
00:29:20,2004.34,24.94,3.66,3276.70,0.00,24.7964,24.8267,24.5912,24.6187,38500786,1439593,1639373,38531160.0000,1440653.1250,1641341.0000,-32768,12854,-108
00:29:22,2009.78,24.94,3.65,3276.70,0.00,24.7958,24.8257,24.5908,24.6179,38499207,1439907,1630475,38529280.0000,1440605.3750,1640721.0000,-32768,12854,-104
00:29:24,2004.34,24.94,3.65,3276.70,0.00,24.7948,24.8257,24.5893,24.6152,38497139,1439423,1638002,38527360.0000,1440533.7500,1640589.2500,-32768,12854,-103
00:29:24,2004.34,24.94,3.64,3276.70,0.00,24.7938,24.8220,24.5889,24.6144,38498141,1439572,1637945,38526444.0000,1440503.6250,1640506.6250,-32768,12854,-102
00:29:27,2004.34,24.94,3.64,3276.70,0.00,24.7936,24.8211,24.5889,24.6127,38498141,1439559,1636580,38524692.0000,1440448.5000,1640227.7500,-32768,12854,-101
00:29:29,2004.34,24.94,3.63,3276.70,0.00,24.7926,24.8184,24.5874,24.6127,38498141,1439508,1636580,38522108.0000,1440358.2500,1640117.6250,-32768,12854,-100
00:29:31,2004.34,24.95,3.63,3276.70,0.00,24.7920,24.8160,24.5873,24.6090,38493740,1439508,1639144,38519616.0000,1440274.5000,1640117.6250,-32768,12854,-101
00:29:33,2004.34,24.95,3.62,3276.70,0.00,24.7917,24.8160,24.5870,24.6090,38493076,1439265,1638498,38517232.0000,1440180.8750,1640459.3750,-32768,12854,-102
00:29:34,2009.78,24.95,3.62,3276.70,0.00,24.7913,24.8123,24.5869,24.6057,38493547,1439239,1649598,38516488.0000,1440151.5000,1640744.8750,-32768,12854,-102
00:29:38,2004.34,24.95,3.62,3276.70,0.00,24.7913,24.8110,24.5869,24.6040,38493547,1439406,1646219,38513392.0000,1440053.8750,1640669.3750,-32768,12854,-102
00:29:39,2004.34,24.96,3.62,3276.70,0.00,24.7918,24.8110,24.5869,24.6020,38489051,1439302,1637493,38511272.0000,1439988.1250,1640685.3750,-32768,12854,-103
00:29:42,2004.34,24.96,3.62,3276.70,0.00,24.7918,24.8110,24.5887,24.6020,38487110,1439141,1646612,38509144.0000,1439915.1250,1641039.1250,-32768,12854,-105
00:29:45,2009.78,24.96,3.62,3276.70,0.00,24.7918,24.8058,24.5887,24.5997,38487110,1439129,1646612,38506768.0000,1439832.2500,1640934.1250,-32768,12854,-104
00:29:47,2004.34,24.96,3.57,3276.70,0.00,24.7949,24.8044,24.5916,24.5989,38488229,1439304,1637703,38505608.0000,1439792.7500,1641103.7500,-32768,12854,-105
00:29:50,2004.34,24.97,3.57,3276.70,0.00,24.7949,24.8036,24.5916,24.5982,38486471,1439117,1647442,38504052.0000,1439744.1250,1641115.3750,-32768,12854,-108
00:29:52,2004.34,24.97,3.56,3276.70,0.00,24.7969,24.8033,24.5916,24.5980,38486471,1439373,1638894,38502504.0000,1439698.6250,1641282.6250,-32768,12854,-106
00:29:53,2004.34,24.97,3.56,3276.70,0.00,24.7987,24.8028,24.5916,24.5980,38484218,1439318,1633706,38501460.0000,1439674.8750,1640948.0000,-32768,12854,-104
00:29:56,2004.34,24.98,3.56,3276.70,0.00,24.7987,24.8028,24.5978,24.5980,38488073,1439369,1638357,38500200.0000,1439638.0000,1640698.7500,-32768,12854,-102
00:29:58,2004.34,24.98,3.55,3276.70,0.00,24.8021,24.8028,24.6002,24.5980,38487307,1439191,1641912,38498968.0000,1439638.0000,1640698.7500,-32768,12854,-103
00:30:00,2004.34,24.98,3.54,3276.70,0.00,24.8045,24.8025,24.6021,24.5980,38486609,1439191,1641912,38498968.0000,1439638.0000,1640543.8750,-32768,12854,-102
00:30:02,2004.34,24.98,3.54,3276.70,0.00,24.8062,24.8026,24.6049,24.5980,38487133,1439290,1638587,38497504.0000,1439568.7500,1640482.7500,-32768,12854,-101
00:30:03,2004.34,24.98,3.53,3276.70,0.00,24.8080,24.8029,24.6057,24.5986,38485704,1439225,1637839,38497136.0000,1439568.7500,1640323.2500,-32768,12854,-100
00:30:06,2004.34,24.99,3.53,3276.70,0.00,24.8080,24.8035,24.6057,24.5997,38485704,1439469,1636370,38495960.0000,1439568.7500,1640323.2500,-32768,12854,-99
00:30:08,2004.34,25.00,3.53,3276.70,0.00,24.8141,24.8043,24.6121,24.6004,38486811,1439508,1639296,38495408.0000,1439568.7500,1639965.8750,-32768,12854,-99
00:30:09,2004.34,25.00,3.51,3276.70,0.00,24.8141,24.8050,24.6121,24.6017,38486618,1439482,1635932,38494744.0000,1439525.8750,1639817.1250,-32768,12854,-98
00:30:12,2004.34,25.00,3.51,3276.70,0.00,24.8141,24.8061,24.6121,24.6032,38487516,1439417,1639145,38494080.0000,1439515.2500,1639591.5000,-32768,12854,-96
00:30:14,2004.34,25.01,3.51,3276.70,0.00,24.8221,24.8070,24.6208,24.6043,38488622,1439305,1629700,38493688.0000,1439506.0000,1639279.6250,-32768,12854,-96
00:30:16,2004.34,25.01,3.50,3276.70,0.00,24.8221,24.8086,24.6248,24.6054,38487064,1439355,1639237,38493688.0000,1439490.6250,1639279.6250,-32768,12854,-93
00:30:18,1998.91,25.02,3.50,3276.70,0.00,24.8300,24.8104,24.6287,24.6074,38489100,1439826,1632818,38492844.0000,1439490.6250,1639279.6250,-32768,12854,-90
00:30:20,2004.34,25.02,3.50,3276.70,0.00,24.8327,24.8124,24.6287,24.6095,38489774,1439476,1640154,38492524.0000,1439506.6250,1638727.2500,-32768,12854,-91
00:30:22,2004.34,25.02,3.49,3276.70,0.00,24.8370,24.8124,24.6364,24.6095,38490676,1439815,1630697,38492252.0000,1439529.1250,1638334.1250,-32768,12854,-89
00:30:25,2004.34,25.03,3.49,3276.70,0.00,24.8414,24.8124,24.6412,24.6095,38490801,1439536,1640773,38492084.0000,1439528.2500,1638555.1250,-32768,12854,-90
00:30:26,2004.34,25.04,3.48,3276.70,0.00,24.8445,24.8178,24.6440,24.6154,38489823,1439657,1637038,38492084.0000,1439536.1250,1638419.3750,-32768,12854,-89
00:30:29,2004.34,25.04,3.48,3276.70,0.00,24.8445,24.8196,24.6440,24.6183,38489823,1439655,1641250,38491936.0000,1439544.1250,1638650.5000,-32768,12854,-91
00:30:30,2004.34,25.04,3.47,3276.70,0.00,24.8527,24.8224,24.6529,24.6203,38489264,1439446,1641250,38491860.0000,1439535.1250,1639105.6250,-32768,12854,-94
00:30:33,2004.34,25.05,3.47,3276.70,0.00,24.8527,24.8254,24.6529,24.6246,38491337,1439446,1641250,38491936.0000,1439544.5000,1639310.5000,-32768,12854,-96
00:30:36,2004.34,25.05,3.46,3276.70,0.00,24.8527,24.8297,24.6529,24.6281,38491337,1439778,1642618,38491936.0000,1439544.5000,1639875.6250,-32768,12854,-99
00:30:38,2004.34,25.05,3.46,3276.70,0.00,24.8699,24.8331,24.6710,24.6318,38492033,1439548,1642618,38491944.0000,1439563.7500,1640589.1250,-32768,12854,-104
00:30:40,2004.34,25.07,3.44,3276.70,0.00,24.8737,24.8355,24.6747,24.6318,38493972,1439730,1641802,38492008.0000,1439563.7500,1640589.1250,-32768,12854,-104
00:30:42,2004.34,25.07,3.44,3276.70,0.00,24.8775,24.8380,24.6789,24.6369,38494697,1439806,1641802,38492272.0000,1439563.7500,1640823.8750,-32768,12854,-106
00:30:44,2004.34,25.08,3.44,3276.70,0.00,24.8809,24.8405,24.6825,24.6369,38495597,1439827,1643279,38492488.0000,1439563.7500,1641054.8750,-32768,12854,-107
00:30:47,2004.34,25.08,3.43,3276.70,0.00,24.8809,24.8459,24.6825,24.6467,38495597,1439700,1644056,38493112.0000,1439653.8750,1640820.6250,-32768,12854,-106
00:30:49,2004.34,25.09,3.43,3276.70,0.00,24.8949,24.8501,24.6825,24.6467,38495032,1439834,1642908,38493304.0000,1439653.8750,1640820.6250,-32768,12854,-106
00:30:50,2004.34,25.09,3.43,3276.70,0.00,24.9012,24.8545,24.7035,24.6543,38497718,1439987,1631572,38493620.0000,1439686.0000,1640456.0000,-32768,12854,-104
00:30:52,2004.34,25.10,3.43,3276.70,0.00,24.9032,24.8560,24.7056,24.6559,38498004,1439805,1645020,38493756.0000,1439686.0000,1640720.8750,-32768,12854,-105
00:30:55,2004.34,25.10,3.42,3276.70,0.00,24.9096,24.8560,24.7125,24.6559,38500908,1440111,1629913,38494504.0000,1439686.0000,1640720.8750,-32768,12854,-104
00:30:55,2004.34,25.11,3.42,3276.70,0.00,24.9142,24.8638,24.7171,24.6642,38500096,1439952,1644220,38494808.0000,1439744.1250,1640455.2500,-32768,12854,-104
00:30:57,2004.34,25.12,3.41,3276.70,0.00,24.9186,24.8671,24.7216,24.6676,38499900,1439993,1644243,38494968.0000,1439744.1250,1640333.0000,-32768,12854,-104
00:30:59,2004.34,25.12,3.41,3276.70,0.00,24.9230,24.8704,24.7263,24.6711,38501184,1440219,1644243,38495560.0000,1439784.8750,1640165.8750,-32768,12854,-103
00:31:01,2004.34,25.12,3.41,3276.70,0.00,24.9300,24.8756,24.7335,24.6711,38504254,1440229,1635620,38496240.0000,1439810.3750,1640355.8750,-32768,12854,-104
00:31:03,2004.34,25.13,3.41,3276.70,0.00,24.9350,24.8791,24.7385,24.6803,38504082,1440281,1631844,38496484.0000,1439825.1250,1640355.8750,-32768,12854,-104
00:31:04,2004.34,25.14,3.40,3276.70,0.00,24.9395,24.8827,24.7437,24.6841,38503302,1440010,1645803,38496908.0000,1439825.1250,1640642.2500,-32768,12854,-106
00:31:07,1998.91,25.14,3.40,3276.70,0.00,24.9395,24.8883,24.7437,24.6899,38506541,1440366,1634877,38497976.0000,1439885.5000,1640579.6250,-32768,12854,-106
00:31:08,2004.34,25.15,3.40,3276.70,0.00,24.9516,24.8921,24.7437,24.6959,38506064,1440115,1646372,38498432.0000,1439899.3750,1640945.8750,-32768,12854,-109
00:31:11,2004.34,25.16,3.40,3276.70,0.00,24.9567,24.8959,24.7437,24.6959,38507698,1440411,1646372,38498432.0000,1439899.3750,1641007.1250,-32768,12854,-109
00:31:13,2004.34,25.17,3.39,3276.70,0.00,24.9668,24.9039,24.7725,24.7062,38508653,1440058,1647955,38499788.0000,1439899.3750,1641359.1250,-32768,12854,-110
00:31:15,2004.34,25.17,3.38,3276.70,0.00,24.9668,24.9100,24.7804,24.7127,38507782,1440233,1647788,38500608.0000,1439974.5000,1641402.7500,-32768,12854,-110
00:31:16,2004.34,25.18,3.38,3276.70,0.00,24.9776,24.9121,24.7830,24.7149,38508296,1440183,1648672,38500848.0000,1439981.0000,1641629.8750,-32768,12854,-110
00:31:20,2004.34,25.18,3.38,3276.70,0.00,24.9776,24.9185,24.7830,24.7215,38508296,1440207,1648717,38501984.0000,1440022.8750,1641834.1250,-32768,12854,-110
00:31:21,2004.34,25.19,3.36,3276.70,0.00,24.9938,24.9250,24.7997,24.7283,38511950,1440263,1648717,38502524.0000,1440037.6250,1642279.6250,-32768,12854,-110
00:31:22,2004.34,25.19,3.36,3276.70,0.00,24.9992,24.9294,24.8053,24.7329,38512970,1440411,1635411,38503184.0000,1440059.1250,1641948.6250,-32768,12854,-110
00:31:24,2004.34,25.21,3.36,3276.70,0.00,25.0043,24.9339,24.8110,24.7376,38511244,1440192,1649571,38503720.0000,1440065.6250,1642410.3750,-32768,12854,-110
00:31:26,2004.34,25.21,3.35,3276.70,0.00,25.0074,24.9362,24.8143,24.7400,38512921,1440339,1649507,38504300.0000,1440088.5000,1642601.2500,-32768,12854,-110
00:31:28,2004.34,25.22,3.35,3276.70,0.00,25.0074,24.9431,24.8229,24.7472,38512921,1440186,1650906,38505288.0000,1440109.8750,1643044.6250,-32768,12854,-110
00:31:30,2004.34,25.23,3.34,3276.70,0.00,25.0074,24.9502,24.8229,24.7570,38517259,1440203,1650492,38506248.0000,1440117.8750,1643705.8750,-32768,12854,-110
00:31:32,2004.34,25.24,3.34,3276.70,0.00,25.0300,24.9550,24.8378,24.7595,38517962,1440335,1651469,38506928.0000,1440132.6250,1644178.5000,-32768,12854,-110
00:31:34,2004.34,25.24,3.34,3276.70,0.00,25.0361,24.9550,24.8468,24.7595,38515988,1440197,1661931,38507912.0000,1440143.7500,1645565.0000,-32768,12854,-110
00:31:36,1998.91,25.25,3.34,3276.70,0.00,25.0450,24.9672,24.8529,24.7723,38519531,1440444,1651710,38508272.0000,1440153.1250,1645757.0000,-32768,12854,-110
00:31:38,2004.34,25.26,3.34,3276.70,0.00,25.0509,24.9722,24.8529,24.7802,38523017,1440443,1660739,38509444.0000,1440180.5000,1646653.0000,-32768,12854,-110
00:31:39,2004.34,25.26,3.33,3276.70,0.00,25.0568,24.9773,24.8654,24.7828,38521127,1440438,1663118,38509808.0000,1440188.6250,1646653.0000,-32768,12854,-110
00:31:41,2004.34,25.27,3.33,3276.70,0.00,25.0630,24.9825,24.8654,24.7882,38523796,1440406,1653853,38511004.0000,1440213.8750,1647710.1250,-32768,12854,-110
00:31:43,2004.34,25.27,3.33,3276.70,0.00,25.0630,24.9825,24.8815,24.7963,38524500,1440797,1646169,38511816.0000,1440249.1250,1647684.7500,-32768,12854,-110
00:31:44,2004.34,25.28,3.32,3276.70,0.00,25.0756,24.9930,24.8815,24.8018,38524500,1440593,1653284,38513016.0000,1440276.3750,1648192.8750,-32768,12854,-110
00:31:47,1998.91,25.29,3.33,3276.70,0.00,25.0850,24.9930,24.8946,24.8018,38527621,1440540,1642868,38513832.0000,1440276.3750,1648192.8750,-32768,12854,-110
00:31:49,2004.34,25.30,3.33,3276.70,0.00,25.0980,25.0120,24.9078,24.8187,38527394,1440695,1654697,38515060.0000,1440329.0000,1648553.6250,-32768,12854,-110
00:31:51,2004.34,25.31,3.31,3276.70,0.00,25.1012,25.0148,24.9109,24.8187,38527614,1440403,1656394,38515828.0000,1440329.0000,1648553.6250,-32768,12854,-110
00:31:53,1998.91,25.31,3.31,3276.70,0.00,25.1012,25.0260,24.9109,24.8361,38531575,1440455,1666068,38517608.0000,1440377.8750,1650196.6250,-32768,12854,-110
00:31:55,2004.34,25.32,3.31,3276.70,0.00,25.1210,25.0317,24.9109,24.8420,38533181,1440868,1657683,38518532.0000,1440396.6250,1651033.0000,-32768,12854,-110
00:31:57,2004.34,25.33,3.31,3276.70,0.00,25.1273,25.0375,24.9380,24.8450,38534090,1440817,1657365,38518532.0000,1440420.8750,1651389.0000,-32768,12854,-110
00:31:59,2004.34,25.33,3.31,3276.70,0.00,25.1379,25.0375,24.9486,24.8541,38534321,1440885,1658316,38518532.0000,1440455.2500,1652559.7500,-32768,12854,-110
00:32:00,2004.34,25.35,3.30,3276.70,0.00,25.1444,25.0521,24.9553,24.8602,38534914,1440801,1657527,38521264.0000,1440466.0000,1652715.0000,-32768,12854,-110
00:32:02,2004.34,25.35,3.30,3276.70,0.00,25.1480,25.0551,24.9586,24.8632,38536752,1440850,1656599,38522232.0000,1440496.1250,1652989.3750,-32768,12854,-110
00:32:04,2004.34,25.36,3.30,3276.70,0.00,25.1544,25.0551,24.9693,24.8632,38539691,1441033,1658785,38523264.0000,1440496.1250,1653427.6250,-32768,12854,-110
00:32:06,2004.34,25.37,3.30,3276.70,0.00,25.1648,25.0702,24.9762,24.8632,38538230,1440985,1648049,38524668.0000,1440572.8750,1653421.5000,-32768,12854,-110
00:32:07,2004.34,25.37,3.29,3276.70,0.00,25.1718,25.0763,24.9832,24.8850,38538947,1441071,1646127,38525112.0000,1440588.3750,1653402.5000,-32768,12854,-110
00:32:09,2004.34,25.38,3.29,3276.70,0.00,25.1791,25.0825,24.9905,24.8913,38540846,1440912,1659617,38526076.0000,1440609.0000,1653596.6250,-32768,12854,-110
00:32:10,2004.34,25.39,3.29,3276.70,0.00,25.1855,25.0886,24.9971,24.8977,38542888,1441052,1656159,38527076.0000,1440635.8750,1653852.1250,-32768,12854,-110
00:32:12,2004.34,25.39,3.29,3276.70,0.00,25.1894,25.0918,25.0013,24.9009,38542888,1441052,1660618,38527992.0000,1440654.6250,1653852.1250,-32768,12854,-110
00:32:15,2004.34,25.40,3.29,3276.70,0.00,25.1894,25.1044,25.0013,24.9172,38545201,1440651,1671426,38527992.0000,1440654.6250,1655514.1250,-32768,12854,-110
00:32:16,1998.91,25.40,3.27,3276.70,0.00,25.2139,25.1140,25.0263,24.9237,38546844,1441109,1662359,38531008.0000,1440702.7500,1655914.2500,-32768,12854,-110
00:32:17,2004.34,25.42,3.27,3276.70,0.00,25.2175,25.1172,25.0301,24.9271,38548260,1441082,1663232,38531008.0000,1440719.6250,1656690.1250,-32768,12854,-110
00:32:20,2004.34,25.42,3.27,3276.70,0.00,25.2248,25.1237,25.0301,24.9370,38548260,1440942,1663232,38533532.0000,1440737.0000,1657691.5000,-32768,12854,-110
00:32:22,2004.34,25.43,3.27,3276.70,0.00,25.2395,25.1368,25.0521,24.9471,38551126,1440942,1668053,38534600.0000,1440760.6250,1658174.0000,-32768,12854,-110
00:32:24,1998.91,25.44,3.27,3276.70,0.00,25.2468,25.1434,25.0597,24.9539,38552259,1441000,1663091,38535660.0000,1440782.1250,1658668.6250,-32768,12854,-110
00:32:26,1998.91,25.45,3.27,3276.70,0.00,25.2539,25.1500,25.0668,24.9607,38552252,1441054,1663396,38536656.0000,1440782.1250,1658917.2500,-32768,12854,-110
00:32:27,1998.91,25.46,3.25,3276.70,0.00,25.2615,25.1568,25.0747,24.9676,38552427,1441421,1656456,38537616.0000,1440832.8750,1658917.2500,-32768,12854,-110
00:32:28,2004.34,25.47,3.25,3276.70,0.00,25.2687,25.1635,25.0821,24.9745,38554662,1441214,1665020,38538600.0000,1440851.7500,1659216.3750,-32768,12854,-110
00:32:29,2004.34,25.47,3.26,3276.70,0.00,25.2728,25.1669,25.0859,24.9779,38556295,1441240,1665020,38539696.0000,1440882.2500,1659248.8750,-32768,12854,-110
00:32:32,2004.34,25.47,3.25,3276.70,0.00,25.2837,25.1771,25.0971,24.9884,38557059,1441174,1665777,38540712.0000,1440909.5000,1659184.3750,-32768,12854,-110
00:32:33,2004.34,25.49,3.25,3276.70,0.00,25.2913,25.1840,25.1048,24.9884,38557059,1441343,1665777,38542356.0000,1440944.8750,1659769.1250,-32768,12854,-110
00:32:35,2004.34,25.50,3.25,3276.70,0.00,25.2989,25.1909,25.1048,24.9884,38559915,1441201,1667261,38543424.0000,1440956.2500,1660057.1250,-32768,12854,-110
00:32:38,2004.34,25.51,3.25,3276.70,0.00,25.3104,25.2014,25.1048,25.0131,38559915,1440947,1676498,38545168.0000,1440972.5000,1661009.0000,-32768,12854,-110
00:32:40,1998.91,25.52,3.24,3276.70,0.00,25.3216,25.2119,25.1048,25.0131,38563002,1441352,1668077,38546340.0000,1440972.5000,1661972.8750,-32768,12854,-110
00:32:41,2004.34,25.53,3.24,3276.70,0.00,25.3295,25.2190,25.1436,25.0131,38566822,1441093,1673554,38548036.0000,1441008.7500,1662529.6250,-32768,12854,-110
00:32:44,2004.34,25.54,3.24,3276.70,0.00,25.3295,25.2297,25.1554,25.0420,38566737,1441303,1670011,38549232.0000,1441019.5000,1662529.6250,-32768,12854,-110
00:32:47,1998.91,25.55,3.24,3276.70,0.00,25.3295,25.2405,25.1554,25.0530,38566737,1441524,1667440,38551344.0000,1441019.5000,1664072.0000,-32768,12854,-110
00:32:50,1998.91,25.56,3.23,3276.70,0.00,25.3295,25.2550,25.1554,25.0677,38566737,1441554,1667094,38553484.0000,1441102.8750,1664579.1250,-32768,12854,-110
00:32:52,1998.91,25.59,3.23,3276.70,0.00,25.3803,25.2659,25.1950,25.0789,38571115,1441251,1671786,38554504.0000,1441121.0000,1665081.2500,-32768,12854,-110
00:32:53,1998.91,25.59,3.22,3276.70,0.00,25.3883,25.2733,25.2034,25.0864,38573781,1441438,1672366,38555648.0000,1441121.0000,1665081.2500,-32768,12854,-110
00:32:55,2004.34,25.60,3.22,3276.70,0.00,25.3964,25.2807,25.2117,25.0939,38573773,1441653,1658671,38556748.0000,1441169.2500,1664989.1250,-32768,12854,-110
00:32:56,1998.91,25.60,3.22,3276.70,0.00,25.4044,25.2881,25.2198,25.1015,38575010,1441531,1673564,38557864.0000,1441190.3750,1665501.6250,-32768,12854,-110
00:32:58,1998.91,25.61,3.22,3276.70,0.00,25.4080,25.2918,25.2240,25.1053,38577308,1441531,1673564,38559084.0000,1441205.0000,1665975.5000,-32768,12854,-110
00:32:59,2004.34,25.62,3.22,3276.70,0.00,25.4165,25.2993,25.2321,25.1130,38578879,1441549,1673889,38560252.0000,1441224.1250,1666431.5000,-32768,12854,-110
00:33:01,1998.91,25.62,3.22,3276.70,0.00,25.4165,25.3069,25.2321,25.1245,38579742,1441414,1674557,38561408.0000,1441237.0000,1666929.3750,-32768,12854,-110
00:33:04,2004.34,25.63,3.21,3276.70,0.00,25.4165,25.3221,25.2569,25.1361,38581333,1441546,1674557,38563256.0000,1441237.0000,1667858.0000,-32768,12854,-110
00:33:05,2004.34,25.65,3.21,3276.70,0.00,25.4491,25.3298,25.2649,25.1361,38582796,1441667,1675209,38564968.0000,1441289.0000,1668316.5000,-32768,12854,-110
00:33:08,1998.91,25.65,3.21,3276.70,0.00,25.4573,25.3375,25.2649,25.1361,38584275,1441524,1676560,38566096.0000,1441289.0000,1668316.5000,-32768,12854,-110
00:33:09,1998.91,25.67,3.21,3276.70,0.00,25.4656,25.3452,25.2819,25.1634,38583895,1441614,1676466,38567184.0000,1441289.0000,1668316.5000,-32768,12854,-110
00:33:10,2004.34,25.68,3.21,3276.70,0.00,25.4743,25.3530,25.2903,25.1673,38584923,1441611,1677689,38567736.0000,1441289.0000,1668316.5000,-32768,12854,-110
00:33:12,2004.34,25.68,3.21,3276.70,0.00,25.4822,25.3608,25.2985,25.1752,38586784,1441689,1677982,38568804.0000,1441350.5000,1670088.6250,-32768,12854,-110
00:33:15,1998.91,25.69,3.19,3276.70,0.00,25.4822,25.3725,25.3115,25.1872,38586784,1441470,1678657,38570612.0000,1441365.8750,1671054.8750,-32768,12854,-110
00:33:16,1998.91,25.71,3.19,3276.70,0.00,25.5075,25.3844,25.3243,25.1992,38592303,1441648,1679668,38572420.0000,1441387.6250,1671559.1250,-32768,12854,-110
00:33:18,2004.34,25.71,3.18,3276.70,0.00,25.5118,25.3883,25.3285,25.2032,38592148,1441618,1679351,38573632.0000,1441400.8750,1671559.1250,-32768,12854,-110
00:33:20,1998.91,25.72,3.18,3276.70,0.00,25.5203,25.3963,25.3285,25.2154,38592148,1441708,1679479,38574868.0000,1441417.1250,1672481.3750,-32768,12854,-110
00:33:23,2004.34,25.73,3.18,3276.70,0.00,25.5203,25.4123,25.3285,25.2316,38592148,1441795,1679479,38577900.0000,1441460.1250,1673714.5000,-32768,12854,-110
00:33:26,2004.34,25.73,3.18,3276.70,0.00,25.5543,25.4284,25.3719,25.2439,38597594,1441707,1679479,38579104.0000,1441472.7500,1673714.5000,-32768,12854,-110
00:33:27,1998.91,25.76,3.17,3276.70,0.00,25.5629,25.4365,25.3804,25.2521,38598561,1441807,1679479,38580944.0000,1441498.8750,1675046.2500,-32768,12854,-110
00:33:28,2004.34,25.77,3.17,3276.70,0.00,25.5715,25.4446,25.3891,25.2604,38600552,1441698,1683237,38581556.0000,1441505.1250,1675302.2500,-32768,12854,-110
00:33:31,1998.91,25.77,3.17,3276.70,0.00,25.5715,25.4570,25.3891,25.2729,38600552,1441834,1685063,38583980.0000,1441537.7500,1676335.2500,-32768,12854,-110
00:33:34,1998.91,25.79,3.17,3276.70,0.00,25.5715,25.4693,25.3891,25.2896,38606783,1441865,1684726,38585912.0000,1441568.5000,1677105.6250,-32768,12854,-110
00:33:36,2004.34,25.80,3.17,3276.70,0.00,25.6064,25.4776,25.3891,25.2980,38606783,1441841,1685110,38587840.0000,1441600.3750,1677853.5000,-32768,12854,-110
00:33:38,1998.91,25.81,3.17,3276.70,0.00,25.6064,25.4943,25.3891,25.3107,38607471,1441789,1686225,38589680.0000,1441620.5000,1678580.8750,-32768,12854,-110
00:33:41,1998.91,25.83,3.16,3276.70,0.00,25.6330,25.4943,25.3891,25.3234,38611546,1441789,1686822,38589680.0000,1441620.5000,1679329.8750,-32768,12854,-110
00:33:43,2004.34,25.84,3.16,3276.70,0.00,25.6507,25.5195,25.4693,25.3362,38612867,1441801,1688096,38592896.0000,1441645.5000,1679867.0000,-32768,12854,-110
00:33:45,1998.91,25.86,3.16,3276.70,0.00,25.6507,25.5279,25.4693,25.3491,38613700,1441792,1688255,38594744.0000,1441659.8750,1680619.5000,-32768,12854,-110
00:33:47,2004.34,25.87,3.15,3276.70,0.00,25.6733,25.5279,25.4919,25.3491,38615925,1441964,1689736,38596604.0000,1441681.0000,1681384.2500,-32768,12854,-110
00:33:49,1998.91,25.88,3.15,3276.70,0.00,25.6868,25.5535,25.5056,25.3706,38615660,1441876,1690064,38597764.0000,1441694.0000,1681902.6250,-32768,12854,-110
00:33:51,2004.34,25.88,3.15,3276.70,0.00,25.6914,25.5578,25.5099,25.3750,38617265,1441866,1690064,38598936.0000,1441701.0000,1682449.3750,-32768,12854,-110
00:33:52,2004.34,25.88,3.15,3276.70,0.00,25.7050,25.5707,25.5236,25.3880,38618350,1441931,1689506,38600092.0000,1441711.6250,1682892.3750,-32768,12854,-110
00:33:55,1998.91,25.91,3.15,3276.70,0.00,25.7050,25.5836,25.5374,25.4011,38620050,1442049,1689506,38601880.0000,1441739.5000,1683700.0000,-32768,12854,-110
00:33:58,1998.91,25.92,3.14,3276.70,0.00,25.7050,25.5923,25.5374,25.4143,38620050,1441945,1692735,38604416.0000,1441765.5000,1684679.1250,-32768,12854,-110
00:34:00,2004.34,25.94,3.14,3276.70,0.00,25.7418,25.5923,25.5605,25.4143,38624137,1441855,1692735,38606212.0000,1441777.2500,1685656.7500,-32768,12854,-110
00:34:02,2004.34,25.94,3.13,3276.70,0.00,25.7553,25.5923,25.5740,25.4143,38629226,1441978,1693440,38607552.0000,1441791.5000,1686273.7500,-32768,12854,-110
00:34:04,1998.91,25.96,3.13,3276.70,0.00,25.7647,25.6318,25.5882,25.4497,38627325,1442109,1693881,38608808.0000,1441806.0000,1686723.1250,-32768,12854,-110
00:34:06,1998.91,25.97,3.13,3276.70,0.00,25.7647,25.6406,25.5973,25.4586,38631617,1442151,1693881,38608808.0000,1441806.0000,1688189.2500,-32768,12854,-110
00:34:08,2004.34,25.99,3.13,3276.70,0.00,25.7926,25.6540,25.6115,25.4586,38632337,1442246,1695407,38612012.0000,1441857.5000,1688951.2500,-32768,12854,-110
00:34:10,2004.34,26.00,3.13,3276.70,0.00,25.8020,25.6629,25.6115,25.4855,38632337,1442045,1696696,38613996.0000,1441880.5000,1689659.7500,-32768,12854,-110
00:34:12,1998.91,26.01,3.12,3276.70,0.00,25.8160,25.6763,25.6348,25.4945,38635295,1442006,1697452,38615328.0000,1441888.6250,1690107.2500,-32768,12854,-110
00:34:14,2004.34,26.02,3.12,3276.70,0.00,25.8254,25.6853,25.6445,25.4945,38637603,1442029,1707645,38616656.0000,1441895.5000,1691262.3750,-32768,12854,-110
00:34:16,1998.91,26.03,3.12,3276.70,0.00,25.8348,25.6988,25.6585,25.5171,38639512,1442021,1707645,38618612.0000,1441911.7500,1691966.5000,-32768,12854,-110
00:34:17,1998.91,26.04,3.12,3276.70,0.00,25.8489,25.7079,25.6683,25.5263,38641230,1442029,1708064,38619976.0000,1441911.7500,1693259.2500,-32768,12854,-110
00:34:19,1998.91,26.05,3.12,3276.70,0.00,25.8537,25.7170,25.6779,25.5263,38643448,1442124,1699926,38621360.0000,1441930.2500,1693467.5000,-32768,12854,-110
00:34:20,1998.91,26.06,3.12,3276.70,0.00,25.8634,25.7215,25.6825,25.5400,38642404,1442093,1700151,38622020.0000,1441935.3750,1693676.3750,-32768,12854,-110
00:34:22,1998.91,26.06,3.12,3276.70,0.00,25.8679,25.7261,25.6922,25.5492,38642404,1442069,1708956,38623424.0000,1441945.7500,1694716.2500,-32768,12854,-110
00:34:24,1998.91,26.08,3.12,3276.70,0.00,25.8821,25.7398,25.7018,25.5584,38646105,1442112,1708956,38625468.0000,1441964.3750,1695201.2500,-32768,12854,-110
00:34:26,1998.91,26.08,3.10,3276.70,0.00,25.8919,25.7490,25.7018,25.5723,38646105,1442079,1711071,38625468.0000,1441977.8750,1696403.6250,-32768,12854,-110
00:34:29,1998.91,26.10,3.10,3276.70,0.00,25.8919,25.7720,25.7018,25.5909,38652063,1442138,1713548,38630336.0000,1442004.2500,1697874.6250,-32768,12854,-110
00:34:30,1998.91,26.11,3.09,3276.70,0.00,25.9205,25.7813,25.7452,25.6002,38651572,1442151,1704548,38631000.0000,1442008.8750,1698083.1250,-32768,12854,-110
00:34:32,2004.34,26.12,3.09,3276.70,0.00,25.9303,25.7813,25.7503,25.6002,38653360,1442311,1703628,38632332.0000,1442023.1250,1698432.8750,-32768,12854,-110
00:34:34,1998.91,26.13,3.09,3276.70,0.00,25.9303,25.7998,25.7648,25.6189,38656426,1442314,1703628,38632332.0000,1442023.1250,1699861.8750,-32768,12854,-110
00:34:36,1998.91,26.15,3.09,3276.70,0.00,25.9543,25.8091,25.7795,25.6189,38657828,1442263,1705933,38635884.0000,1442066.2500,1700051.5000,-32768,12854,-110
00:34:38,1998.91,26.16,3.09,3276.70,0.00,25.9688,25.8232,25.7795,25.6472,38658699,1442263,1707124,38638628.0000,1442087.3750,1701380.5000,-32768,12854,-110
00:34:40,1998.91,26.18,3.08,3276.70,0.00,25.9834,25.8373,25.8041,25.6566,38660279,1442261,1707197,38639304.0000,1442092.8750,1701562.2500,-32768,12854,-110
00:34:43,1998.91,26.18,3.08,3276.70,0.00,25.9834,25.8514,25.8190,25.6709,38661428,1442327,1708217,38639304.0000,1442113.0000,1702655.3750,-32768,12854,-110
00:34:44,1998.91,26.20,3.08,3276.70,0.00,26.0081,25.8655,25.8337,25.6852,38665268,1442327,1718869,38643368.0000,1442122.3750,1703528.2500,-32768,12854,-110
00:34:46,2004.34,26.21,3.08,3276.70,0.00,26.0225,25.8750,25.8432,25.6947,38664172,1442248,1708543,38644656.0000,1442130.7500,1703528.2500,-32768,12854,-110
00:34:48,1998.91,26.22,3.08,3276.70,0.00,26.0324,25.8845,25.8532,25.7043,38667236,1442312,1708543,38646776.0000,1442148.1250,1704905.7500,-32768,12854,-110
00:34:49,1998.91,26.24,3.06,3276.70,0.00,26.0424,25.8940,25.8635,25.7139,38669424,1442256,1717165,38647484.0000,1442151.5000,1705288.8750,-32768,12854,-110
00:34:51,1998.91,26.24,3.06,3276.70,0.00,26.0521,25.9036,25.8732,25.7235,38669771,1442312,1711653,38648816.0000,1442158.2500,1705664.1250,-32768,12854,-110
00:34:53,2004.34,26.25,3.06,3276.70,0.00,26.0618,25.9131,25.8732,25.7380,38674509,1442295,1714968,38650976.0000,1442166.8750,1706459.7500,-32768,12854,-110
00:34:55,1998.91,26.27,3.06,3276.70,0.00,26.0769,25.9131,25.8732,25.7477,38672989,1442436,1713569,38652356.0000,1442182.7500,1706858.0000,-32768,12854,-110
00:34:57,1998.91,26.28,3.05,3276.70,0.00,26.0816,25.9323,25.9033,25.7525,38673608,1442401,1715173,38652356.0000,1442194.5000,1707294.2500,-32768,12854,-110
00:34:59,1998.91,26.29,3.05,3276.70,0.00,26.0966,25.9468,25.9182,25.7525,38673608,1442422,1713192,38652356.0000,1442212.7500,1707294.2500,-32768,12854,-110
00:35:02,1998.91,26.30,3.05,3276.70,0.00,26.1116,25.9612,25.9182,25.7816,38673608,1442405,1713192,38652356.0000,1442230.5000,1708806.5000,-32768,12854,-110
00:35:04,2004.34,26.32,3.05,3276.70,0.00,26.1268,25.9612,25.9182,25.8011,38673608,1442451,1715424,38660020.0000,1442244.3750,1709212.2500,-32768,12854,-110
00:35:05,1998.91,26.33,3.04,3276.70,0.00,26.1417,25.9903,25.9633,25.8109,38684416,1442608,1717015,38661492.0000,1442265.2500,1709699.6250,-32768,12854,-110
00:35:07,2004.34,26.34,3.04,3276.70,0.00,26.1463,25.9952,25.9683,25.8158,38682964,1442525,1717015,38661492.0000,1442275.3750,1710116.2500,-32768,12854,-110
00:35:09,1998.91,26.35,3.04,3276.70,0.00,26.1463,26.0147,25.9683,25.8354,38684873,1442360,1720273,38664752.0000,1442278.7500,1710947.0000,-32768,12854,-110
00:35:11,1998.91,26.36,3.04,3276.70,0.00,26.1716,26.0196,25.9935,25.8404,38684158,1442479,1720273,38666024.0000,1442294.2500,1711386.1250,-32768,12854,-110
00:35:13,1998.91,26.37,3.04,3276.70,0.00,26.1716,26.0196,26.0086,25.8404,38689522,1442457,1719831,38667392.0000,1442306.7500,1711859.2500,-32768,12854,-110
00:35:14,1998.91,26.38,3.04,3276.70,0.00,26.1913,26.0391,26.0135,25.8404,38687421,1442419,1718774,38668644.0000,1442315.1250,1712316.1250,-32768,12854,-110
00:35:16,1998.91,26.39,3.03,3276.70,0.00,26.2069,26.0539,26.0290,25.8749,38689666,1442462,1719419,38669896.0000,1442323.6250,1712759.1250,-32768,12854,-110
00:35:17,2004.34,26.40,3.03,3276.70,0.00,26.2119,26.0588,26.0339,25.8799,38691837,1442418,1714222,38670584.0000,1442326.6250,1712886.6250,-32768,12854,-110
00:35:18,1998.91,26.41,3.03,3276.70,0.00,26.2168,26.0686,26.0441,25.8898,38691510,1442528,1720163,38671880.0000,1442338.8750,1713114.0000,-32768,12854,-110
00:35:20,1998.91,26.42,3.03,3276.70,0.00,26.2168,26.0785,26.0540,25.8997,38693229,1442780,1720163,38673820.0000,1442362.1250,1713530.7500,-32768,12854,-110
00:35:22,1998.91,26.43,3.03,3276.70,0.00,26.2472,26.0933,26.0697,25.9146,38695502,1442565,1722809,38675112.0000,1442362.1250,1714114.2500,-32768,12854,-110
00:35:25,1998.91,26.44,3.01,3276.70,0.00,26.2574,26.1032,26.0697,25.9296,38695502,1442771,1710535,38677008.0000,1442405.1250,1714276.5000,-32768,12854,-110
00:35:26,1998.91,26.46,3.00,3276.70,0.00,26.2574,26.1181,26.0948,25.9396,38696896,1442534,1723623,38678224.0000,1442417.8750,1714554.2500,-32768,12854,-110
00:35:28,1998.91,26.47,3.00,3276.70,0.00,26.2825,26.1280,26.1052,25.9496,38699474,1442524,1724253,38679492.0000,1442425.5000,1715146.5000,-32768,12854,-110
00:35:30,1998.91,26.47,3.00,3276.70,0.00,26.2927,26.1280,26.1206,25.9496,38701308,1442512,1724887,38681292.0000,1442439.8750,1715355.7500,-32768,12854,-110
00:35:32,1998.91,26.47,3.00,3276.70,0.00,26.3080,26.1529,26.1305,25.9746,38703394,1442520,1724850,38682600.0000,1442446.6250,1715938.8750,-32768,12854,-110
00:35:36,1998.91,26.47,3.00,3276.70,0.00,26.3080,26.1679,26.1305,25.9898,38703394,1442621,1724850,38682600.0000,1442472.3750,1717059.2500,-32768,12854,-110
00:35:38,1998.91,26.53,3.00,3276.70,0.00,26.3437,26.1879,26.1666,26.0099,38707500,1442509,1730911,38686992.0000,1442472.3750,1718261.5000,-32768,12854,-110
00:35:39,1998.91,26.54,2.99,3276.70,0.00,26.3493,26.1929,26.1770,26.0099,38709896,1442709,1728986,38688336.0000,1442486.6250,1718596.6250,-32768,12854,-110
00:35:40,1998.91,26.55,2.99,3276.70,0.00,26.3591,26.2029,26.1820,26.0099,38707529,1442504,1739028,38689600.0000,1442489.7500,1719559.7500,-32768,12854,-110
00:35:42,1998.91,26.56,2.99,3276.70,0.00,26.3695,26.2130,26.1975,26.0402,38711142,1442649,1730729,38690888.0000,1442498.6250,1720452.2500,-32768,12854,-110
00:35:44,1998.91,26.56,2.99,3276.70,0.00,26.3695,26.2281,26.1975,26.0503,38711142,1442532,1741241,38692856.0000,1442512.8750,1721685.2500,-32768,12854,-110
00:35:46,1998.91,26.58,2.98,3276.70,0.00,26.3952,26.2382,26.1975,26.0503,38715208,1442596,1731084,38694200.0000,1442512.8750,1722794.1250,-32768,12854,-110
00:35:48,1998.91,26.59,2.98,3276.70,0.00,26.4104,26.2533,26.2338,26.0757,38716441,1442619,1732155,38695512.0000,1442521.0000,1723086.7500,-32768,12854,-110
00:35:50,1998.91,26.61,2.98,3276.70,0.00,26.4208,26.2533,26.2442,26.0757,38718459,1442614,1732078,38697448.0000,1442524.7500,1724132.1250,-32768,12854,-110
00:35:51,1998.91,26.62,2.98,3276.70,0.00,26.4311,26.2736,26.2546,26.0757,38721111,1442758,1733166,38698880.0000,1442538.7500,1724669.0000,-32768,12854,-110
00:35:53,1998.91,26.63,2.97,3276.70,0.00,26.4416,26.2837,26.2646,26.0757,38718426,1442646,1722018,38699488.0000,1442542.0000,1724592.0000,-32768,12854,-110
00:35:55,1998.91,26.63,2.97,3276.70,0.00,26.4516,26.2939,26.2751,26.1164,38721362,1442706,1734560,38700832.0000,1442551.1250,1724903.5000,-32768,12854,-110
00:35:56,1998.91,26.65,2.97,3276.70,0.00,26.4620,26.3040,26.2853,26.1267,38723091,1442649,1734560,38702844.0000,1442570.5000,1725420.8750,-32768,12854,-110
00:35:58,1998.91,26.66,2.97,3276.70,0.00,26.4774,26.3193,26.3010,26.1420,38725525,1442750,1736526,38704208.0000,1442587.2500,1725772.8750,-32768,12854,-110
00:36:01,1998.91,26.67,2.97,3276.70,0.00,26.4774,26.3243,26.3010,26.1523,38725525,1442669,1736526,38704208.0000,1442589.3750,1726548.5000,-32768,12854,-110
00:36:02,1998.91,26.69,2.96,3276.70,0.00,26.5035,26.3447,26.3271,26.1676,38728219,1442707,1737462,38707648.0000,1442599.1250,1727029.3750,-32768,12854,-110
00:36:05,2004.34,26.70,2.96,3276.70,0.00,26.5035,26.3447,26.3429,26.1676,38733147,1442537,1737462,38710408.0000,1442597.3750,1728516.8750,-32768,12854,-110
00:36:07,1998.91,26.71,2.95,3276.70,0.00,26.5346,26.3754,26.3587,26.1985,38734466,1442879,1739115,38711844.0000,1442611.1250,1729143.6250,-32768,12854,-110
00:36:09,1998.91,26.72,2.95,3276.70,0.00,26.5346,26.3856,26.3587,26.2139,38737053,1442749,1746297,38714076.0000,1442623.0000,1730498.1250,-32768,12854,-110
00:36:11,1998.91,26.74,2.95,3276.70,0.00,26.5556,26.3959,26.3587,26.2243,38736469,1442722,1740525,38715468.0000,1442628.5000,1731131.6250,-32768,12854,-110
00:36:13,1998.91,26.75,2.95,3276.70,0.00,26.5661,26.4061,26.3899,26.2294,38738656,1442717,1752699,38716840.0000,1442636.3750,1732079.6250,-32768,12854,-110
00:36:14,1998.91,26.76,2.95,3276.70,0.00,26.5765,26.4164,26.4007,26.2397,38739226,1442678,1751107,38717540.0000,1442637.6250,1732674.2500,-32768,12854,-110
00:36:15,1998.91,26.77,2.95,3276.70,0.00,26.5872,26.4268,26.4111,26.2500,38740114,1442783,1743553,38719588.0000,1442651.3750,1733617.2500,-32768,12854,-110
00:36:18,1998.91,26.77,2.95,3276.70,0.00,26.5973,26.4371,26.4219,26.2604,38740956,1442818,1743553,38720960.0000,1442651.3750,1735103.5000,-32768,12854,-110
00:36:20,1998.91,26.79,2.94,3276.70,0.00,26.5973,26.4577,26.4219,26.2812,38740956,1442771,1756778,38723620.0000,1442669.7500,1736287.0000,-32768,12854,-110
00:36:22,1998.91,26.82,2.92,3276.70,0.00,26.6291,26.4680,26.4533,26.2916,38744965,1442880,1755120,38724288.0000,1442676.3750,1736287.0000,-32768,12854,-110
00:36:23,1998.91,26.83,2.94,3276.70,0.00,26.6394,26.4784,26.4533,26.2916,38747612,1442847,1745794,38725648.0000,1442687.5000,1737420.0000,-32768,12854,-110
00:36:25,1998.91,26.83,2.92,3276.70,0.00,26.6394,26.4784,26.4798,26.2916,38748574,1442857,1755250,38727752.0000,1442704.8750,1738831.0000,-32768,12854,-110
00:36:26,1998.91,26.84,2.92,3276.70,0.00,26.6608,26.4991,26.4850,26.3228,38749552,1442874,1746359,38728432.0000,1442710.1250,1739066.2500,-32768,12854,-110
00:36:28,1998.91,26.85,2.92,3276.70,0.00,26.6661,26.5043,26.4906,26.3228,38749552,1442881,1747368,38729800.0000,1442721.6250,1739558.5000,-32768,12854,-110
00:36:30,1998.91,26.86,2.92,3276.70,0.00,26.6820,26.5043,26.5064,26.3228,38754300,1442848,1748494,38731896.0000,1442736.3750,1740933.5000,-32768,12854,-110
00:36:33,1998.91,26.88,2.92,3276.70,0.00,26.6820,26.5355,26.5064,26.3647,38754300,1442981,1757958,38734720.0000,1442760.8750,1742497.0000,-32768,12854,-110
00:36:34,1998.91,26.89,2.92,3276.70,0.00,26.7136,26.5512,26.5384,26.3752,38756677,1442889,1749645,38735404.0000,1442764.8750,1742720.3750,-32768,12854,-110
00:36:37,1998.91,26.89,2.91,3276.70,0.00,26.7136,26.5617,26.5384,26.3909,38762147,1442900,1762567,38737608.0000,1442764.8750,1744315.5000,-32768,12854,-110
00:36:40,1998.91,26.92,2.90,3276.70,0.00,26.7402,26.5774,26.5384,26.4068,38763910,1442900,1762567,38740540.0000,1442808.1250,1744315.5000,-32768,12854,-110
00:36:42,1998.91,26.94,2.90,3276.70,0.00,26.7616,26.5983,26.5865,26.4226,38763939,1442967,1762567,38742720.0000,1442826.7500,1746310.7500,-32768,12854,-110
00:36:43,1998.91,26.94,2.90,3276.70,0.00,26.7668,26.6036,26.5972,26.4331,38765204,1443080,1753076,38743424.0000,1442834.6250,1746522.1250,-32768,12854,-110
00:36:44,1993.48,26.95,2.90,3276.70,0.00,26.7777,26.6141,26.6024,26.4384,38766439,1443011,1753808,38744144.0000,1442840.1250,1746749.7500,-32768,12854,-110
00:36:46,1998.91,26.96,2.89,3276.70,0.00,26.7830,26.6193,26.6079,26.4384,38766439,1442980,1753808,38744144.0000,1442856.0000,1748015.7500,-32768,12854,-110
00:36:48,1998.91,26.98,2.89,3276.70,0.00,26.7987,26.6352,26.6079,26.4595,38769305,1442980,1755768,38747700.0000,1442864.7500,1748473.8750,-32768,12854,-110
00:36:50,1998.91,26.99,2.89,3276.70,0.00,26.7987,26.6510,26.6400,26.4754,38771220,1443054,1766285,38749152.0000,1442876.7500,1749617.3750,-32768,12854,-110
00:36:51,1998.91,27.00,2.89,3276.70,0.00,26.8203,26.6562,26.6454,26.4807,38771766,1443159,1756772,38749856.0000,1442885.5000,1750060.5000,-32768,12854,-110
00:36:52,1998.91,27.01,2.89,3276.70,0.00,26.8313,26.6668,26.6565,26.4913,38772301,1443085,1756772,38752000.0000,1442907.5000,1750861.5000,-32768,12854,-110
00:36:55,1998.91,27.02,2.89,3276.70,0.00,26.8420,26.6773,26.6671,26.5019,38772301,1443085,1758119,38753460.0000,1442921.8750,1750861.5000,-32768,12854,-110
00:36:57,1998.91,27.03,2.88,3276.70,0.00,26.8420,26.6986,26.6671,26.5232,38778174,1443061,1769569,38756320.0000,1442921.8750,1753012.1250,-32768,12854,-110
00:36:59,1998.91,27.05,2.88,3276.70,0.00,26.8745,26.7092,26.6998,26.5338,38778264,1443079,1758742,38757004.0000,1442940.5000,1753012.1250,-32768,12854,-110
00:37:00,1998.91,27.06,2.88,3276.70,0.00,26.8854,26.7092,26.6998,26.5445,38780043,1442961,1761126,38759092.0000,1442947.2500,1754187.7500,-32768,12854,-110
00:37:02,1998.91,27.06,2.88,3276.70,0.00,26.8904,26.7252,26.6998,26.5552,38780043,1443056,1761524,38760520.0000,1442955.7500,1754868.0000,-32768,12854,-110
00:37:05,1998.91,27.08,2.88,3276.70,0.00,26.9074,26.7412,26.6998,26.5712,38780043,1443032,1769938,38762684.0000,1442962.8750,1755727.7500,-32768,12854,-110
00:37:07,1998.91,27.09,2.87,3276.70,0.00,26.9237,26.7412,26.7541,26.5712,38785629,1443032,1769938,38764744.0000,1442970.8750,1756586.7500,-32768,12854,-110
00:37:08,1998.91,27.11,2.86,3276.70,0.00,26.9455,26.7786,26.7704,26.6033,38787695,1443117,1765930,38766104.0000,1442977.1250,1757076.0000,-32768,12854,-110
00:37:10,1998.91,27.12,2.87,3276.70,0.00,26.9510,26.7840,26.7757,26.6087,38787712,1443072,1764555,38767420.0000,1442984.5000,1757594.7500,-32768,12854,-110
00:37:13,1998.91,27.13,2.86,3276.70,0.00,26.9510,26.8001,26.7920,26.6248,38789088,1443046,1766097,38768712.0000,1442984.5000,1757594.7500,-32768,12854,-110
00:37:14,1998.91,27.15,2.87,3276.70,0.00,26.9780,26.8109,26.8031,26.6356,38791312,1443016,1764105,38770132.0000,1442987.6250,1758449.3750,-32768,12854,-110
00:37:17,1998.91,27.16,2.87,3276.70,0.00,26.9780,26.8271,26.8031,26.6571,38794869,1443183,1759234,38772896.0000,1442996.2500,1758449.3750,-32768,12854,-110
00:37:18,1998.91,27.18,2.84,3276.70,0.00,27.0059,26.8379,26.8305,26.6625,38794495,1443181,1761466,38773568.0000,1443002.0000,1759266.8750,-32768,12854,-110
00:37:20,1998.91,27.19,2.84,3276.70,0.00,27.0169,26.8379,26.8417,26.6625,38795414,1443181,1757373,38776244.0000,1443020.7500,1760025.0000,-32768,12854,-110
00:37:23,1993.48,27.20,2.84,3276.70,0.00,27.0336,26.8379,26.8580,26.6625,38797542,1442946,1757373,38776244.0000,1443020.7500,1760587.7500,-32768,12854,-110
00:37:25,1998.91,27.22,2.84,3276.70,0.00,27.0499,26.8812,26.8743,26.7059,38798360,1443076,1768661,38776244.0000,1443020.7500,1760726.5000,-32768,12854,-110
00:37:27,1998.91,27.23,2.84,3276.70,0.00,27.0664,26.8812,26.8969,26.7059,38802522,1443128,1771932,38781640.0000,1443065.5000,1761685.5000,-32768,12854,-110
00:37:29,1998.91,27.24,2.83,3276.70,0.00,27.0777,26.9083,26.9021,26.7059,38804164,1443303,1758497,38783008.0000,1443073.8750,1761585.8750,-32768,12854,-110
00:37:30,1998.91,27.24,2.83,3276.70,0.00,27.0940,26.9246,26.9190,26.7494,38805202,1443279,1772341,38784344.0000,1443085.7500,1761936.1250,-32768,12854,-110
00:37:32,1998.91,27.26,2.83,3276.70,0.00,27.0993,26.9246,26.9298,26.7494,38805546,1443233,1767056,38786344.0000,1443101.3750,1762738.3750,-32768,12854,-110
00:37:36,1998.91,27.27,2.83,3276.70,0.00,27.0993,26.9518,26.9298,26.7822,38805546,1443264,1767056,38789008.0000,1443108.7500,1763940.0000,-32768,12854,-110
00:37:37,2004.34,27.29,2.82,3276.70,0.00,27.1385,26.9682,26.9639,26.7822,38808188,1443001,1785675,38790252.0000,1443108.7500,1763940.0000,-32768,12854,-110
00:37:38,1998.91,27.30,2.82,3276.70,0.00,27.1506,26.9792,26.9759,26.8042,38810696,1443189,1776913,38790892.0000,1443100.1250,1765709.8750,-32768,12854,-110
00:37:40,2004.34,27.30,2.82,3276.70,0.00,27.1564,26.9847,26.9817,26.8097,38813451,1443236,1776913,38792312.0000,1443107.2500,1766428.2500,-32768,12854,-110
00:37:41,2004.34,27.30,2.82,3276.70,0.00,27.1681,26.9957,26.9936,26.8208,38813110,1442789,1789226,38792964.0000,1443097.3750,1767140.6250,-32768,12854,-110
00:37:42,2004.34,27.32,2.82,3276.70,0.00,27.1741,27.0013,26.9994,26.8264,38816762,1442981,1786767,38793708.0000,1443097.3750,1768061.1250,-32768,12854,-110
00:37:44,2004.34,27.33,2.82,3276.70,0.00,27.1859,27.0124,27.0111,26.8375,38818091,1443300,1778946,38793708.0000,1443115.8750,1768752.5000,-32768,12854,-110
00:37:46,2004.34,27.35,2.82,3276.70,0.00,27.1859,27.0292,27.0111,26.8599,38821566,1443245,1779024,38798348.0000,1443143.7500,1769815.6250,-32768,12854,-110
00:37:48,2004.34,27.36,2.82,3276.70,0.00,27.2149,27.0404,27.0405,26.8655,38821317,1443297,1780986,38799064.0000,1443148.5000,1770164.7500,-32768,12854,-110
00:37:51,2004.34,27.37,2.82,3276.70,0.00,27.2149,27.0572,27.0405,26.8880,38821317,1443247,1782162,38802164.0000,1443148.5000,1771501.7500,-32768,12854,-110
00:37:54,2004.34,27.39,2.81,3276.70,0.00,27.2540,27.0796,27.0799,26.9049,38830204,1443811,1782162,38802164.0000,1443148.5000,1771501.7500,-32768,12854,-110
00:37:55,2004.34,27.41,2.81,3276.70,0.00,27.2653,27.0908,27.0911,26.9218,38829547,1443451,1783895,38806672.0000,1443253.6250,1772582.2500,-32768,12854,-110
00:37:57,2004.34,27.42,2.80,3276.70,0.00,27.2816,27.1076,27.1075,26.9330,38834224,1443715,1770986,38808256.0000,1443272.0000,1772866.3750,-32768,12854,-110
00:37:59,2004.34,27.43,2.79,3276.70,0.00,27.2929,27.1187,27.1075,26.9499,38832773,1443490,1785137,38810448.0000,1443293.0000,1773658.5000,-32768,12854,-110
00:38:02,2004.34,27.45,2.79,3276.70,0.00,27.3091,27.1355,27.1358,26.9611,38836514,1443760,1770797,38811964.0000,1443293.0000,1773658.5000,-32768,12854,-110
00:38:04,2004.34,27.47,2.79,3276.70,0.00,27.3260,27.1523,27.1521,26.9779,38835805,1443393,1787857,38814084.0000,1443293.0000,1775180.5000,-32768,12854,-110
00:38:05,2004.34,27.47,2.79,3276.70,0.00,27.3369,27.1634,27.1634,26.9891,38840672,1443652,1774069,38814084.0000,1443348.5000,1775213.0000,-32768,12854,-110
00:38:07,2004.34,27.50,2.78,3276.70,0.00,27.3481,27.1746,27.1747,27.0003,38839444,1443434,1788346,38817052.0000,1443351.1250,1775623.3750,-32768,12854,-110
00:38:08,2004.34,27.50,2.78,3276.70,0.00,27.3593,27.1858,27.1860,27.0115,38841004,1443515,1788657,38818496.0000,1443358.5000,1775623.3750,-32768,12854,-110
00:38:09,2004.34,27.51,2.78,3276.70,0.00,27.3649,27.1914,27.1916,27.0171,38842831,1443563,1777452,38819256.0000,1443368.5000,1776554.5000,-32768,12854,-110
00:38:11,2004.34,27.52,2.78,3276.70,0.00,27.3761,27.1914,27.2026,27.0171,38844223,1443445,1791048,38821408.0000,1443373.5000,1777412.6250,-32768,12854,-110
00:38:14,2004.34,27.54,2.77,3276.70,0.00,27.3761,27.2193,27.2026,27.0508,38844223,1443635,1783631,38821408.0000,1443396.7500,1778514.6250,-32768,12854,-110
00:38:17,2004.34,27.56,2.77,3276.70,0.00,27.3761,27.2416,27.2026,27.0677,38848077,1443635,1785178,38826476.0000,1443409.5000,1779506.1250,-32768,12854,-110
00:38:18,2004.34,27.58,2.75,3276.70,0.00,27.4266,27.2528,27.2026,27.0789,38848077,1443670,1792926,38827904.0000,1443422.5000,1780157.7500,-32768,12854,-110
00:38:20,2004.34,27.59,2.75,3276.70,0.00,27.4434,27.2696,27.2706,27.0958,38851412,1443568,1793689,38829336.0000,1443433.1250,1780952.7500,-32768,12854,-110
00:38:22,2004.34,27.60,2.77,3276.70,0.00,27.4434,27.2807,27.2706,27.1127,38854501,1443484,1795049,38831480.0000,1443441.5000,1781719.2500,-32768,12854,-110
00:38:24,2004.34,27.60,2.75,3276.70,0.00,27.4661,27.2807,27.2989,27.1127,38857081,1443689,1784908,38833632.0000,1443458.7500,1782649.7500,-32768,12854,-110
00:38:26,2004.34,27.63,2.75,3276.70,0.00,27.4828,27.3087,27.3101,27.1352,38857974,1443653,1787768,38834392.0000,1443458.7500,1783237.8750,-32768,12854,-110
00:38:28,2004.34,27.65,2.75,3276.70,0.00,27.4940,27.3087,27.3272,27.1521,38858825,1443608,1796862,38836544.0000,1443479.8750,1784071.5000,-32768,12854,-110
00:38:30,2004.34,27.66,2.75,3276.70,0.00,27.5108,27.3087,27.3272,27.1633,38861642,1443907,1798213,38838800.0000,1443510.3750,1784602.5000,-32768,12854,-110
00:38:32,2004.34,27.67,2.75,3276.70,0.00,27.5221,27.3478,27.3500,27.1746,38861082,1443568,1798945,38839496.0000,1443512.2500,1785050.7500,-32768,12854,-110
00:38:34,2004.34,27.68,2.73,3276.70,0.00,27.5334,27.3478,27.3612,27.1746,38864392,1443568,1799811,38842456.0000,1443535.3750,1786078.1250,-32768,12854,-110
00:38:35,2004.34,27.70,2.74,3276.70,0.00,27.5505,27.3759,27.3781,27.1746,38865993,1443721,1799919,38843192.0000,1443541.2500,1786949.1250,-32768,12854,-110
00:38:38,2004.34,27.70,2.73,3276.70,0.00,27.5616,27.3759,27.3953,27.1746,38868864,1444034,1792524,38845568.0000,1443578.3750,1787204.2500,-32768,12854,-110
00:38:39,2004.34,27.73,2.72,3276.70,0.00,27.5788,27.4040,27.4065,27.2309,38871514,1443650,1801894,38847112.0000,1443584.8750,1788086.5000,-32768,12854,-110
00:38:41,2004.34,27.73,2.73,3276.70,0.00,27.5846,27.4096,27.4125,27.2366,38871658,1443626,1802840,38847880.0000,1443586.1250,1788547.5000,-32768,12854,-110
00:38:43,2004.34,27.74,2.73,3276.70,0.00,27.5957,27.4209,27.4125,27.2366,38873554,1443626,1804051,38851020.0000,1443625.0000,1790015.7500,-32768,12854,-110
00:38:44,2004.34,27.76,2.72,3276.70,0.00,27.6124,27.4378,27.4410,27.2649,38874978,1443848,1804745,38851768.0000,1443632.0000,1790476.1250,-32768,12854,-110
00:38:45,2004.34,27.76,2.71,3276.70,0.00,27.6183,27.4434,27.4463,27.2705,38876761,1443973,1804745,38853252.0000,1443645.6250,1791388.5000,-32768,12854,-110
00:38:47,2004.34,27.78,2.71,3276.70,0.00,27.6296,27.4546,27.4578,27.2819,38877443,1443722,1804473,38854008.0000,1443648.0000,1791797.3750,-32768,12854,-110
00:38:50,2004.34,27.79,2.72,3276.70,0.00,27.6296,27.4715,27.4578,27.3045,38881790,1443652,1811495,38854008.0000,1443648.0000,1794263.7500,-32768,12854,-110
00:38:53,2004.34,27.81,2.71,3276.70,0.00,27.6637,27.4715,27.4975,27.3045,38884228,1443861,1811495,38860192.0000,1443658.6250,1795918.8750,-32768,12854,-110
00:38:54,2004.34,27.83,2.71,3276.70,0.00,27.6863,27.5109,27.5148,27.3385,38883763,1443695,1809124,38861672.0000,1443652.8750,1797011.3750,-32768,12854,-110
00:38:58,1998.91,27.84,2.71,3276.70,0.00,27.6921,27.5109,27.5263,27.3385,38886789,1443300,1809124,38863916.0000,1443652.8750,1797011.3750,-32768,12854,-110
00:39:00,2004.34,27.86,2.71,3276.70,0.00,27.7151,27.5392,27.5263,27.3725,38886789,1443777,1809124,38866972.0000,1443661.8750,1800392.3750,-32768,12854,-110
00:39:03,2004.34,27.88,2.70,3276.70,0.00,27.7318,27.5562,27.5263,27.3895,38886789,1443813,1809124,38866972.0000,1443661.8750,1802631.8750,-32768,12854,-110
00:39:05,2004.34,27.90,2.69,3276.70,0.00,27.7318,27.5845,27.5889,27.4122,38893446,1443702,1809124,38872188.0000,1443674.6250,1804386.2500,-32768,12854,-110
00:39:08,1998.91,27.91,2.70,3276.70,0.00,27.7718,27.5845,27.6061,27.4122,38899093,1443802,1815514,38874644.0000,1443688.5000,1805335.7500,-32768,12854,-110
00:39:09,2004.34,27.93,2.69,3276.70,0.00,27.7890,27.6128,27.6178,27.4407,38898006,1443717,1830816,38875376.0000,1443689.3750,1806132.0000,-32768,12854,-110
00:39:10,2004.34,27.94,2.69,3276.70,0.00,27.7946,27.6185,27.6234,27.4464,38901512,1443735,1827634,38876192.0000,1443694.8750,1807109.5000,-32768,12854,-110
00:39:12,1998.91,27.95,2.69,3276.70,0.00,27.8115,27.6355,27.6405,27.4635,38907130,1443869,1816462,38878812.0000,1443705.8750,1807687.6250,-32768,12854,-110
00:39:15,2004.34,27.96,2.67,3276.70,0.00,27.8175,27.6355,27.6521,27.4635,38906930,1443869,1816462,38881224.0000,1443722.6250,1809342.2500,-32768,12854,-110
00:39:16,2004.34,27.98,2.67,3276.70,0.00,27.8346,27.6581,27.6521,27.4920,38908454,1444045,1818508,38882888.0000,1443741.5000,1809870.8750,-32768,12854,-110
00:39:18,2004.34,27.99,2.67,3276.70,0.00,27.8458,27.6695,27.6750,27.4977,38906499,1443754,1834331,38882888.0000,1443745.2500,1811283.7500,-32768,12854,-110
00:39:19,2004.34,28.00,2.66,3276.70,0.00,27.8570,27.6808,27.6866,27.5091,38912580,1444068,1819805,38885356.0000,1443755.3750,1811550.0000,-32768,12854,-110
00:39:20,2004.34,28.01,2.66,3276.70,0.00,27.8631,27.6864,27.6920,27.5205,38912811,1443971,1820000,38887040.0000,1443755.3750,1812053.5000,-32768,12854,-110
00:39:21,2004.34,28.02,2.67,3276.70,0.00,27.8745,27.6978,27.7036,27.5262,38911327,1443817,1835701,38887800.0000,1443770.2500,1812792.5000,-32768,12854,-110
00:39:23,2004.34,28.02,2.66,3276.70,0.00,27.8802,27.7034,27.7093,27.5320,38915888,1444037,1821917,38889488.0000,1443780.2500,1813709.0000,-32768,12854,-110
00:39:25,2004.34,28.03,2.66,3276.70,0.00,27.8972,27.7205,27.7269,27.5491,38918365,1444037,1821917,38891240.0000,1443794.0000,1813709.0000,-32768,12854,-110
00:39:28,2004.34,28.05,2.66,3276.70,0.00,27.8972,27.7376,27.7269,27.5719,38918365,1444102,1821917,38891240.0000,1443816.6250,1816195.5000,-32768,12854,-110
00:39:31,2004.34,28.07,2.65,3276.70,0.00,27.8972,27.7604,27.7269,27.5947,38924988,1444102,1824335,38898868.0000,1443832.2500,1816195.5000,-32768,12854,-110
00:39:33,1998.91,28.09,2.65,3276.70,0.00,27.9545,27.7775,27.7269,27.6119,38927682,1444226,1829491,38900604.0000,1443853.2500,1818393.1250,-32768,12854,-110
00:39:35,2004.34,28.11,2.65,3276.70,0.00,27.9663,27.7889,27.7959,27.6176,38928162,1444243,1827039,38902360.0000,1443877.0000,1818919.0000,-32768,12854,-110
00:39:36,1998.91,28.12,2.65,3276.70,0.00,27.9832,27.8061,27.8129,27.6348,38931590,1444092,1827672,38904152.0000,1443877.0000,1820061.3750,-32768,12854,-110
00:39:39,2004.34,28.13,2.64,3276.70,0.00,27.9832,27.8232,27.8129,27.6521,38933538,1444092,1827672,38907568.0000,1443904.8750,1821200.1250,-32768,12854,-110
00:39:41,2004.34,28.13,2.64,3276.70,0.00,28.0121,27.8346,27.8474,27.6693,38931856,1443810,1827672,38907568.0000,1443904.8750,1822851.7500,-32768,12854,-110
00:39:43,1998.91,28.18,2.64,3276.70,0.00,28.0295,27.8517,27.8593,27.6808,38936626,1444222,1831335,38911560.0000,1443926.3750,1823361.7500,-32768,12854,-110
00:39:44,1998.91,28.18,2.64,3276.70,0.00,28.0410,27.8631,27.8709,27.6923,38939086,1444230,1830865,38912420.0000,1443935.7500,1823596.2500,-32768,12854,-110
00:39:47,2004.34,28.19,2.64,3276.70,0.00,28.0466,27.8688,27.8709,27.7037,38939086,1444040,1833125,38914928.0000,1443951.8750,1825142.0000,-32768,12854,-110
00:39:49,1998.91,28.21,2.63,3276.70,0.00,28.0466,27.8918,27.8997,27.7210,38944231,1444244,1833111,38916624.0000,1443977.7500,1825142.0000,-32768,12854,-110
00:39:50,2004.34,28.22,2.63,3276.70,0.00,28.0818,27.9032,27.9114,27.7325,38942990,1444244,1833111,38919032.0000,1443999.8750,1826943.6250,-32768,12854,-110
00:39:53,2004.34,28.22,2.63,3276.70,0.00,28.0927,27.9032,27.9286,27.7325,38946184,1444355,1834114,38921540.0000,1444033.5000,1827675.0000,-32768,12854,-110
00:39:54,2004.34,28.25,2.62,3276.70,0.00,28.1100,27.9319,27.9404,27.7612,38949352,1444307,1835160,38922408.0000,1444033.5000,1828196.3750,-32768,12854,-110
00:39:56,2004.34,28.26,2.62,3276.70,0.00,28.1218,27.9319,27.9574,27.7784,38952431,1444381,1836236,38925040.0000,1444068.5000,1828692.7500,-32768,12854,-110
00:39:58,2004.34,28.27,2.62,3276.70,0.00,28.1333,27.9319,27.9691,27.7900,38953019,1444492,1827048,38926716.0000,1444095.1250,1828521.2500,-32768,12854,-110
00:39:59,2004.34,28.29,2.62,3276.70,0.00,28.1449,27.9664,27.9809,27.8015,38956299,1444400,1827048,38928532.0000,1444114.3750,1829039.8750,-32768,12854,-110
00:40:01,1998.91,28.30,2.62,3276.70,0.00,28.1624,27.9836,27.9923,27.8130,38955676,1444526,1825304,38930200.0000,1444134.8750,1829202.1250,-32768,12854,-110
00:40:03,2004.34,28.31,2.62,3276.70,0.00,28.1682,27.9893,28.0039,27.8246,38960002,1444490,1840279,38931952.0000,1444160.7500,1829537.3750,-32768,12854,-110
00:40:05,2004.34,28.32,2.62,3276.70,0.00,28.1858,28.0066,28.0157,27.8362,38962014,1444490,1838519,38934640.0000,1444182.3750,1830441.1250,-32768,12854,-110
00:40:06,2004.34,28.33,2.61,3276.70,0.00,28.1916,28.0181,28.0272,27.8477,38962635,1444554,1841103,38935516.0000,1444194.0000,1830441.1250,-32768,12854,-110
00:40:07,2004.34,28.34,2.61,3276.70,0.00,28.2031,28.0239,28.0330,27.8535,38963076,1444612,1841277,38936376.0000,1444207.0000,1831102.5000,-32768,12854,-110
00:40:09,2004.34,28.35,2.61,3276.70,0.00,28.2147,28.0412,28.0505,27.8709,38966489,1444882,1831215,38939012.0000,1444251.1250,1831833.5000,-32768,12854,-110
00:40:11,2004.34,28.36,2.61,3276.70,0.00,28.2325,28.0528,28.0621,27.8824,38967608,1444494,1844134,38940740.0000,1444274.5000,1832290.3750,-32768,12854,-110
00:40:13,1998.91,28.38,2.61,3276.70,0.00,28.2439,28.0644,28.0733,27.8940,38968885,1444582,1844134,38943416.0000,1444300.0000,1833229.2500,-32768,12854,-110
00:40:14,1998.91,28.39,2.60,3276.70,0.00,28.2558,28.0759,28.0852,27.8940,38970254,1444418,1845310,38945052.0000,1444308.3750,1833796.0000,-32768,12854,-110
00:40:16,1998.91,28.40,2.60,3276.70,0.00,28.2674,28.0875,28.0968,27.9171,38971439,1444464,1845324,38945876.0000,1444313.2500,1833796.0000,-32768,12854,-110
00:40:18,2004.34,28.41,2.58,3276.70,0.00,28.2791,28.0875,28.1086,27.9171,38974360,1444388,1844237,38948464.0000,1444321.2500,1835101.5000,-32768,12854,-110
00:40:21,1998.91,28.42,2.60,3276.70,0.00,28.2968,28.1164,28.1086,27.9460,38974360,1444567,1847761,38950864.0000,1444344.0000,1836230.6250,-32768,12854,-110
00:40:23,2004.34,28.44,2.58,3276.70,0.00,28.2968,28.1396,28.1086,27.9691,38974360,1444509,1849027,38954296.0000,1444360.7500,1837615.2500,-32768,12854,-110
00:40:26,2004.34,28.47,2.58,3276.70,0.00,28.2968,28.1570,28.1086,27.9923,38984130,1444663,1845677,38956936.0000,1444381.1250,1838433.3750,-32768,12854,-110
00:40:28,1998.91,28.49,2.58,3276.70,0.00,28.3495,28.1687,28.1789,27.9982,38984130,1444713,1851038,38958632.0000,1444381.1250,1839206.7500,-32768,12854,-110
00:40:30,2004.34,28.50,2.57,3276.70,0.00,28.3495,28.1687,28.1789,28.0214,38986079,1444764,1844383,38961164.0000,1444437.7500,1839787.7500,-32768,12854,-110
00:40:31,1998.91,28.52,2.57,3276.70,0.00,28.3846,28.2036,28.2139,28.0331,38989486,1444665,1850058,38962864.0000,1444451.5000,1840502.1250,-32768,12854,-110
00:40:35,1998.91,28.52,2.57,3276.70,0.00,28.3964,28.2036,28.2318,28.0331,38989037,1444607,1854820,38965336.0000,1444470.7500,1840502.1250,-32768,12854,-110
00:40:37,1998.91,28.55,2.57,3276.70,0.00,28.3964,28.2385,28.2495,28.0680,38994216,1444718,1855734,38967904.0000,1444492.3750,1840502.1250,-32768,12854,-110
00:40:38,2004.34,28.57,2.57,3276.70,0.00,28.4314,28.2502,28.2611,28.0855,38997680,1444745,1857468,38970448.0000,1444525.0000,1843470.2500,-32768,12854,-110
00:40:41,2004.34,28.57,2.56,3276.70,0.00,28.4434,28.2618,28.2729,28.0913,38996439,1444674,1857092,38971260.0000,1444525.0000,1843470.2500,-32768,12854,-110
00:40:44,1998.91,28.59,2.55,3276.70,0.00,28.4434,28.2851,28.2729,28.1147,38996439,1444850,1858566,38975684.0000,1444591.6250,1845358.2500,-32768,12854,-110
00:40:45,1998.91,28.61,2.55,3276.70,0.00,28.4784,28.3027,28.3139,28.1323,39005277,1445183,1847669,38977440.0000,1444618.1250,1845853.7500,-32768,12854,-110
00:40:46,2004.34,28.62,2.55,3276.70,0.00,28.4903,28.3085,28.3199,28.1381,39006056,1445060,1850364,38978336.0000,1444618.1250,1846456.1250,-32768,12854,-110
00:40:48,1998.91,28.62,2.55,3276.70,0.00,28.5018,28.3202,28.3318,28.1498,39005729,1444706,1861030,38980024.0000,1444637.0000,1846911.5000,-32768,12854,-110
00:40:51,1998.91,28.64,2.55,3276.70,0.00,28.5018,28.3319,28.3318,28.1674,39005729,1444686,1862086,38983440.0000,1444637.0000,1847994.7500,-32768,12854,-110
00:40:53,2004.34,28.67,2.54,3276.70,0.00,28.5373,28.3553,28.3672,28.1909,39010830,1445136,1850045,38985892.0000,1444688.3750,1848951.3750,-32768,12854,-110
00:40:55,1998.91,28.67,2.54,3276.70,0.00,28.5550,28.3729,28.3846,28.2026,39012717,1444860,1863086,38987536.0000,1444705.1250,1849498.8750,-32768,12854,-110
00:40:57,1998.91,28.69,2.54,3276.70,0.00,28.5550,28.3905,28.3846,28.2202,39014966,1444730,1865884,38990008.0000,1444713.0000,1851396.5000,-32768,12854,-110
00:41:00,1998.91,28.71,2.53,3276.70,0.00,28.5843,28.4022,28.3846,28.2377,39014966,1444974,1866753,38992536.0000,1444713.0000,1852751.1250,-32768,12854,-110
00:41:01,1998.91,28.73,2.53,3276.70,0.00,28.6020,28.4198,28.4319,28.2553,39021220,1445210,1857349,38995068.0000,1444757.3750,1852917.8750,-32768,12854,-110
00:41:04,2004.34,28.73,2.53,3276.70,0.00,28.6020,28.4373,28.4319,28.2670,39021220,1444964,1868115,38997684.0000,1444785.8750,1854263.1250,-32768,12854,-110
00:41:07,1998.91,28.76,2.53,3276.70,0.00,28.6020,28.4549,28.4319,28.2905,39026983,1444964,1869637,39001112.0000,1444820.6250,1855444.2500,-32768,12854,-110
00:41:08,1998.91,28.78,2.52,3276.70,0.00,28.6550,28.4725,28.4850,28.3023,39027550,1444914,1870016,39001940.0000,1444820.6250,1855899.6250,-32768,12854,-110
00:41:12,1998.91,28.79,2.52,3276.70,0.00,28.6550,28.4842,28.4850,28.3200,39027550,1444981,1871413,39005288.0000,1444850.2500,1857062.0000,-32768,12854,-110
00:41:14,1998.91,28.82,2.52,3276.70,0.00,28.6550,28.5135,28.5266,28.3435,39034486,1444932,1873292,39007820.0000,1444866.8750,1858420.0000,-32768,12854,-110
00:41:15,2004.34,28.83,2.50,3276.70,0.00,28.7020,28.5194,28.5325,28.3494,39034366,1445044,1873366,39008648.0000,1444872.5000,1858887.0000,-32768,12854,-110
00:41:16,1998.91,28.84,2.52,3276.70,0.00,28.7079,28.5252,28.5386,28.3553,39035313,1445067,1875198,39010300.0000,1444882.8750,1859968.7500,-32768,12854,-110
00:41:19,1998.91,28.85,2.50,3276.70,0.00,28.7196,28.5252,28.5562,28.3553,39039387,1445223,1875198,39012916.0000,1444911.3750,1860701.8750,-32768,12854,-110
00:41:20,1998.91,28.87,2.50,3276.70,0.00,28.7433,28.5605,28.5737,28.3907,39040590,1445124,1877010,39014592.0000,1444925.7500,1861671.0000,-32768,12854,-110
00:41:22,1998.91,28.88,2.50,3276.70,0.00,28.7489,28.5663,28.5794,28.3907,39043644,1445336,1877010,39016352.0000,1444948.2500,1861944.8750,-32768,12854,-110
00:41:24,2004.34,28.89,2.50,3276.70,0.00,28.7667,28.5840,28.5974,28.4142,39044899,1445336,1878203,39018056.0000,1444957.7500,1862929.7500,-32768,12854,-110
00:41:26,2004.34,28.90,2.49,3276.70,0.00,28.7726,28.5840,28.6091,28.4142,39048259,1445346,1868436,39020728.0000,1444988.5000,1863631.3750,-32768,12854,-110
00:41:28,1998.91,28.92,2.49,3276.70,0.00,28.7964,28.6134,28.6266,28.4437,39050189,1445346,1880302,39023352.0000,1445001.7500,1863631.3750,-32768,12854,-110
00:41:30,1998.91,28.94,2.49,3276.70,0.00,28.8080,28.6252,28.6389,28.4555,39050980,1445391,1867119,39024216.0000,1445001.7500,1863631.3750,-32768,12854,-110
00:41:32,1998.91,28.95,2.49,3276.70,0.00,28.8199,28.6370,28.6504,28.4673,39052726,1445176,1867119,39026860.0000,1445033.0000,1866304.8750,-32768,12854,-110
00:41:34,1998.91,28.97,2.48,3276.70,0.00,28.8375,28.6370,28.6682,28.4673,39057630,1445490,1873497,39029560.0000,1445064.3750,1867128.1250,-32768,12854,-110
00:41:37,2004.34,28.97,2.48,3276.70,0.00,28.8549,28.6370,28.6920,28.4673,39059322,1445220,1876958,39033004.0000,1445099.3750,1868808.7500,-32768,12854,-110
00:41:38,1998.91,29.00,2.48,3276.70,0.00,28.8729,28.6899,28.6920,28.5262,39062099,1445274,1885163,39034680.0000,1445120.0000,1869612.2500,-32768,12854,-110
00:41:42,2004.34,29.01,2.47,3276.70,0.00,28.8729,28.7075,28.6920,28.5439,39062099,1445281,1885163,39034680.0000,1445120.0000,1869612.2500,-32768,12854,-110
00:41:45,1977.19,29.04,2.47,3276.70,0.00,28.9142,28.7311,28.6920,28.5675,39062099,1445566,1886485,39041000.0000,1445120.0000,1869612.2500,-32768,12854,-110
00:41:46,1982.62,29.06,2.46,3276.70,0.00,28.9276,28.7485,28.7586,28.5791,39080142,1445881,1888849,39043252.0000,1445211.5000,1873815.0000,-32768,12854,-110
00:41:49,1977.19,29.07,2.46,3276.70,0.00,28.9276,28.7655,28.7724,28.5961,39069559,1445480,1888541,39045856.0000,1445248.3750,1875236.0000,-32768,12854,-110
00:41:52,1982.62,29.08,2.46,3276.70,0.00,28.9276,28.7823,28.7724,28.6131,39069559,1445011,1889441,39048260.0000,1445230.8750,1875236.0000,-32768,12854,-110
00:41:54,1988.05,29.08,2.44,3276.70,0.00,28.9757,28.7823,28.8148,28.6359,39068804,1445051,1891197,39049996.0000,1445214.0000,1875236.0000,-32768,12854,-110
00:41:56,1988.05,29.12,2.45,3276.70,0.00,28.9888,28.8106,28.8212,28.6417,39069874,1445004,1889893,39051240.0000,1445203.1250,1879134.8750,-32768,12854,-110
00:41:57,1988.05,29.13,2.45,3276.70,0.00,29.0082,28.8280,28.8406,28.6591,39073425,1444970,1901666,39052584.0000,1445189.7500,1880256.5000,-32768,12854,-110
00:41:58,1993.48,29.15,2.45,3276.70,0.00,29.0150,28.8338,28.8469,28.6591,39075116,1444967,1893835,39053936.0000,1445175.3750,1881285.6250,-32768,12854,-110
00:42:00,2004.34,29.15,2.46,3276.70,0.00,29.0285,28.8455,28.8603,28.6768,39075609,1444932,1893253,39054612.0000,1445167.7500,1881659.6250,-32768,12854,-110
00:42:02,2009.78,29.15,2.46,3276.70,0.00,29.0439,28.8575,28.8745,28.6887,39075228,1444837,1895922,39055872.0000,1445148.1250,1882463.6250,-32768,12854,-110
00:42:05,2020.64,29.18,2.46,3276.70,0.00,29.0439,28.8758,28.8745,28.7069,39075228,1445204,1897374,39059280.0000,1445133.5000,1884138.6250,-32768,12854,-110
00:42:08,2020.64,29.21,2.46,3276.70,0.00,29.0439,28.9008,28.8745,28.7318,39075228,1445330,1902351,39063520.0000,1445156.1250,1885962.8750,-32768,12854,-110
00:42:08,2020.64,29.23,2.45,3276.70,0.00,29.1096,28.9134,28.9403,28.7444,39098643,1445511,1899621,39064620.0000,1445167.2500,1886389.7500,-32768,12854,-110
00:42:10,2015.21,29.24,2.45,3276.70,0.00,29.1163,28.9197,28.9468,28.7444,39098643,1445395,1912397,39066692.0000,1445178.5000,1887974.1250,-32768,12854,-110
00:42:12,2009.78,29.25,2.45,3276.70,0.00,29.1342,28.9387,28.9652,28.7696,39101144,1445736,1901664,39068772.0000,1445209.7500,1888789.5000,-32768,12854,-110
00:42:15,2004.34,29.26,2.44,3276.70,0.00,29.1342,28.9573,28.9652,28.7882,39106753,1445994,1900952,39072168.0000,1445278.6250,1889931.1250,-32768,12854,-110
00:42:18,2004.34,29.29,2.41,3276.70,0.00,29.1342,28.9756,28.9652,28.8125,39106753,1445830,1903333,39072168.0000,1445371.7500,1891967.7500,-32768,12854,-110
00:42:20,1998.91,29.31,2.40,3276.70,0.00,29.1342,28.9994,29.0147,28.8304,39103121,1445802,1905236,39078528.0000,1445400.0000,1891967.7500,-32768,12854,-110
00:42:22,2004.34,29.32,2.40,3276.70,0.00,29.1937,29.0111,29.0250,28.8421,39104252,1445752,1904596,39080080.0000,1445423.1250,1893559.8750,-32768,12854,-110
00:42:23,1998.91,29.33,2.40,3276.70,0.00,29.2045,29.0228,29.0250,28.8421,39106243,1445801,1906816,39082384.0000,1445446.8750,1894676.3750,-32768,12854,-110
00:42:25,1998.91,29.34,2.39,3276.70,0.00,29.2160,29.0345,29.0481,28.8656,39106720,1445671,1910214,39083916.0000,1445457.5000,1895552.3750,-32768,12854,-110
00:42:27,1998.91,29.35,2.39,3276.70,0.00,29.2334,29.0519,29.0657,28.8832,39108613,1445514,1908393,39085416.0000,1445462.3750,1896337.0000,-32768,12854,-110
00:42:29,1998.91,29.35,2.40,3276.70,0.00,29.2334,29.0636,29.0657,28.9007,39112209,1445504,1922514,39087652.0000,1445467.1250,1897792.0000,-32768,12854,-110
00:42:31,1998.91,29.35,2.39,3276.70,0.00,29.2624,29.0810,29.0943,28.9125,39112757,1445640,1909194,39089196.0000,1445467.1250,1899136.0000,-32768,12854,-110
00:42:33,2004.34,29.39,2.39,3276.70,0.00,29.2737,29.0927,29.1058,28.9125,39114576,1445600,1910234,39090720.0000,1445467.1250,1900187.7500,-32768,12854,-110
00:42:34,1998.91,29.41,2.39,3276.70,0.00,29.2854,29.1043,29.1171,28.9358,39114576,1445600,1911557,39093108.0000,1445498.0000,1901134.8750,-32768,12854,-110
00:42:36,2004.34,29.41,2.39,3276.70,0.00,29.2971,29.1159,29.1287,28.9474,39117542,1445665,1912132,39093872.0000,1445498.0000,1901810.1250,-32768,12854,-110
00:42:39,2004.34,29.44,2.38,3276.70,0.00,29.3090,29.1276,29.1405,28.9474,39122151,1445665,1918904,39096304.0000,1445498.0000,1901810.1250,-32768,12854,-110
00:42:40,2004.34,29.46,2.38,3276.70,0.00,29.3268,29.1276,29.1405,28.9766,39124357,1445764,1913864,39097944.0000,1445540.1250,1903922.5000,-32768,12854,-110
00:42:42,2004.34,29.47,2.38,3276.70,0.00,29.3443,29.1626,29.1759,28.9942,39124584,1445752,1913864,39100380.0000,1445554.1250,1904535.8750,-32768,12854,-110
00:42:43,2004.34,29.48,2.37,3276.70,0.00,29.3501,29.1685,29.1816,29.0000,39125139,1445768,1915662,39101936.0000,1445566.7500,1905310.8750,-32768,12854,-110
00:42:45,2004.34,29.48,2.37,3276.70,0.00,29.3622,29.1802,29.1936,29.0000,39125139,1445839,1916008,39102724.0000,1445575.2500,1905645.2500,-32768,12854,-110
00:42:46,2004.34,29.50,2.37,3276.70,0.00,29.3740,29.1919,29.2054,29.0000,39130536,1445853,1919054,39105224.0000,1445595.7500,1906739.7500,-32768,12854,-110
00:42:49,2004.34,29.51,2.37,3276.70,0.00,29.3740,29.2095,29.2229,29.0411,39132389,1445814,1919054,39107704.0000,1445616.3750,1907680.3750,-32768,12854,-110
00:42:50,2004.34,29.53,2.37,3276.70,0.00,29.4030,29.2212,29.2351,29.0528,39133779,1445868,1914805,39108520.0000,1445624.2500,1907903.1250,-32768,12854,-110
00:42:53,2004.34,29.54,2.36,3276.70,0.00,29.4154,29.2329,29.2351,29.0645,39133779,1445948,1920477,39110968.0000,1445651.6250,1908994.0000,-32768,12854,-110
00:42:55,2004.34,29.56,2.35,3276.70,0.00,29.4333,29.2329,29.2644,29.0645,39139853,1445948,1920477,39114424.0000,1445703.2500,1910099.5000,-32768,12854,-110
00:42:58,2004.34,29.57,2.36,3276.70,0.00,29.4509,29.2681,29.2818,29.0645,39139853,1446173,1920477,39114424.0000,1445735.5000,1910099.5000,-32768,12854,-110
00:43:00,2004.34,29.59,2.35,3276.70,0.00,29.4509,29.2917,29.3058,29.1231,39146162,1446237,1921349,39118896.0000,1445771.1250,1911425.1250,-32768,12854,-110
00:43:02,2004.34,29.59,2.33,3276.70,0.00,29.4869,29.2917,29.3231,29.1407,39145956,1446142,1928060,39121384.0000,1445805.3750,1911425.1250,-32768,12854,-110
00:43:04,2004.34,29.59,2.33,3276.70,0.00,29.5048,29.3212,29.3354,29.1524,39148848,1446101,1926793,39123064.0000,1445805.3750,1913935.8750,-32768,12854,-110
00:43:08,1998.91,29.63,2.33,3276.70,0.00,29.5048,29.3389,29.3354,29.1700,39148848,1446341,1927394,39123064.0000,1445891.1250,1915111.2500,-32768,12854,-110
00:43:09,2004.34,29.66,2.32,3276.70,0.00,29.5401,29.3566,29.3702,29.1876,39153680,1446214,1927394,39123064.0000,1445908.1250,1915815.8750,-32768,12854,-110
00:43:11,2004.34,29.67,2.32,3276.70,0.00,29.5519,29.3684,29.3702,29.2052,39153680,1446250,1929733,39131080.0000,1445926.6250,1916601.1250,-32768,12854,-110
00:43:12,2004.34,29.68,2.32,3276.70,0.00,29.5639,29.3684,29.3999,29.2170,39159756,1446297,1929562,39132760.0000,1445950.5000,1917392.5000,-32768,12854,-110
00:43:14,2004.34,29.70,2.31,3276.70,0.00,29.5758,29.3920,29.4058,29.2229,39162246,1446197,1930381,39133684.0000,1445958.1250,1917798.5000,-32768,12854,-110
00:43:16,2004.34,29.70,2.32,3276.70,0.00,29.5874,29.4037,29.4058,29.2346,39160842,1446414,1930634,39135336.0000,1445984.7500,1917798.5000,-32768,12854,-110
00:43:17,2004.34,29.72,2.31,3276.70,0.00,29.5994,29.4155,29.4296,29.2464,39163445,1446345,1932470,39137024.0000,1446008.0000,1919316.8750,-32768,12854,-110
00:43:19,1982.62,29.73,2.31,3276.70,0.00,29.5994,29.4273,29.4296,29.2640,39169066,1446577,1932400,39139736.0000,1446066.1250,1919802.7500,-32768,12854,-110
00:43:21,1960.90,29.74,2.30,3276.70,0.00,29.6193,29.4273,29.4526,29.2640,39179570,1447207,1934556,39142000.0000,1446126.6250,1920673.7500,-32768,12854,-110
00:43:23,1939.18,29.75,2.30,3276.70,0.00,29.6193,29.4558,29.4526,29.2921,39179570,1446988,1935236,39146348.0000,1446262.7500,1922422.7500,-32768,12854,-110
00:43:27,1906.59,29.77,2.30,3276.70,0.00,29.6193,29.4769,29.4526,29.3132,39179570,1447108,1935236,39146348.0000,1446351.0000,1923976.2500,-32768,12854,-110
00:43:28,1906.59,29.78,2.24,3276.70,0.00,29.6445,29.4919,29.4750,29.3230,39166058,1446873,1935784,39150212.0000,1446381.6250,1924693.5000,-32768,12854,-110
00:43:30,1901.16,29.78,2.25,3276.70,0.00,29.6495,29.5015,29.4787,29.3325,39161962,1446661,1935949,39150576.0000,1446381.6250,1925045.2500,-32768,12854,-110
00:43:31,1901.16,29.79,2.24,3276.70,0.00,29.6558,29.5108,29.4848,29.3418,39157537,1446153,1934854,39151008.0000,1446384.2500,1925666.8750,-32768,12854,-110
00:43:32,1895.73,29.80,2.25,3276.70,0.00,29.6596,29.5155,29.4886,29.3464,39153772,1445906,1935370,39151096.0000,1446369.2500,1925970.1250,-32768,12854,-110
00:43:35,1884.87,29.80,2.25,3276.70,0.00,29.6596,29.5293,29.5010,29.3600,39152832,1445753,1937169,39151096.0000,1446298.1250,1927282.1250,-32768,12854,-110
00:43:37,1895.73,29.82,2.28,3276.70,0.00,29.6811,29.5384,29.5103,29.3690,39156072,1445936,1936422,39151476.0000,1446272.7500,1927833.7500,-32768,12854,-110
00:43:39,1895.73,29.82,2.29,3276.70,0.00,29.6811,29.5524,29.5271,29.3829,39149306,1445300,1937117,39151424.0000,1446220.8750,1927833.7500,-32768,12854,-110
00:43:41,1912.02,29.84,2.31,3276.70,0.00,29.7183,29.5668,29.5483,29.3971,39149782,1444773,1937117,39151424.0000,1446119.7500,1927833.7500,-32768,12854,-110
00:43:43,1912.02,29.85,2.31,3276.70,0.00,29.7345,29.5768,29.5641,29.4071,39153793,1444703,1939762,39151536.0000,1446031.0000,1929890.5000,-32768,12854,-110
00:43:44,1906.59,29.86,2.31,3276.70,0.00,29.7345,29.5768,29.5881,29.4229,39163008,1445069,1941572,39152252.0000,1445931.6250,1930918.0000,-32768,12854,-110
00:43:46,1901.16,29.88,2.32,3276.70,0.00,29.7657,29.5980,29.5954,29.4282,39169228,1445307,1942542,39152784.0000,1445912.1250,1931281.2500,-32768,12854,-110
00:43:48,1890.30,29.88,2.33,3276.70,0.00,29.7657,29.6143,29.5954,29.4446,39174393,1445674,1943847,39155244.0000,1445879.0000,1932747.2500,-32768,12854,-110
00:43:49,1884.87,29.90,2.31,3276.70,0.00,29.7887,29.6197,29.5954,29.4446,39172058,1445494,1944382,39155772.0000,1445867.0000,1933110.8750,-32768,12854,-110
00:43:50,1879.44,29.91,2.30,3276.70,0.00,29.7983,29.6305,29.6307,29.4610,39170317,1445546,1944158,39156224.0000,1445857.0000,1933456.1250,-32768,12854,-110
00:43:52,1868.58,29.91,2.30,3276.70,0.00,29.8025,29.6359,29.6359,29.4664,39170010,1445434,1944023,39157000.0000,1445857.0000,1934093.5000,-32768,12854,-110
00:43:53,1852.29,29.92,2.29,3276.70,0.00,29.8104,29.6464,29.6449,29.4664,39167160,1445591,1944506,39157616.0000,1445817.3750,1934733.2500,-32768,12854,-110
00:43:55,1825.13,29.93,2.28,3276.70,0.00,29.8104,29.6619,29.6449,29.4982,39172488,1445954,1946048,39158664.0000,1445810.8750,1935723.3750,-32768,12854,-110
00:43:58,1803.41,29.93,2.27,3276.70,0.00,29.8249,29.6718,29.6449,29.5032,39171805,1445954,1944889,39159284.0000,1445812.0000,1935723.3750,-32768,12854,-110
00:43:59,1792.55,29.94,2.25,3276.70,0.00,29.8313,29.6861,29.6632,29.5176,39159608,1445512,1947519,39159360.0000,1445796.7500,1936974.2500,-32768,12854,-110
00:44:02,1765.40,29.94,2.25,3276.70,0.00,29.8313,29.6861,29.6669,29.5176,39154373,1445397,1947110,39159232.0000,1445796.7500,1938195.8750,-32768,12854,-110
00:44:03,1765.40,29.95,2.24,3276.70,0.00,29.8405,29.7082,29.6699,29.5395,39151002,1445285,1946641,39158772.0000,1445736.2500,1938459.8750,-32768,12854,-110
00:44:06,1721.95,29.95,2.24,3276.70,0.00,29.8422,29.7123,29.6716,29.5395,39150424,1445285,1946921,39158772.0000,1445694.2500,1939234.1250,-32768,12854,-110
00:44:08,1705.66,29.95,2.24,3276.70,0.00,29.8455,29.7281,29.6724,29.5395,39150424,1445596,1946658,39157632.0000,1445680.2500,1939691.6250,-32768,12854,-110
00:44:09,1694.80,29.95,2.24,3276.70,0.00,29.8454,29.7352,29.6724,29.5659,39157949,1445847,1948361,39157672.0000,1445698.7500,1940430.1250,-32768,12854,-110
00:44:11,1673.07,29.95,2.25,3276.70,0.00,29.8454,29.7453,29.6724,29.5755,39149610,1445416,1947764,39157360.0000,1445689.7500,1940890.0000,-32768,12854,-110
00:44:13,1645.92,29.95,2.25,3276.70,0.00,29.8477,29.7485,29.6730,29.5814,39153483,1445663,1948190,39157016.0000,1445689.7500,1941322.0000,-32768,12854,-110
00:44:14,1629.63,29.96,2.25,3276.70,0.00,29.8480,29.7546,29.6735,29.5814,39158923,1446000,1948621,39157056.0000,1445698.0000,1941322.0000,-32768,12854,-110
00:44:17,1607.91,29.96,2.25,3276.70,0.00,29.8480,29.7657,29.6733,29.5948,39162626,1446110,1948641,39157544.0000,1445733.3750,1942408.3750,-32768,12854,-110
00:44:19,1591.62,29.96,2.28,3276.70,0.00,29.8487,29.7657,29.6738,29.5948,39165036,1445980,1948473,39158204.0000,1445733.3750,1943008.2500,-32768,12854,-110
00:44:20,1580.75,29.96,2.29,3276.70,0.00,29.8516,29.7757,29.6762,29.5948,39163314,1445755,1948720,39158576.0000,1445761.2500,1943347.3750,-32768,12854,-110
00:44:22,1564.46,29.97,2.30,3276.70,0.00,29.8543,29.7828,29.6803,29.6110,39160679,1445626,1948380,39158712.0000,1445754.1250,1943653.0000,-32768,12854,-110
00:44:24,1548.17,29.97,2.30,3276.70,0.00,29.8571,29.7851,29.6813,29.6110,39164078,1445695,1949081,39158880.0000,1445752.2500,1943822.6250,-32768,12854,-110
00:44:26,1531.88,29.97,2.31,3276.70,0.00,29.8601,29.7851,29.6857,29.6110,39171984,1446002,1948888,39159888.0000,1445765.8750,1944315.5000,-32768,12854,-110
00:44:27,1526.45,29.97,2.32,3276.70,0.00,29.8660,29.7963,29.6891,29.6237,39170580,1446002,1948888,39160912.0000,1445759.5000,1944782.2500,-32768,12854,-110
00:44:30,1499.29,29.98,2.34,3276.70,0.00,29.8660,29.8030,29.6891,29.6301,39169601,1445473,1950889,39161456.0000,1445738.6250,1945315.2500,-32768,12854,-110
00:44:32,1483.00,29.98,2.35,3276.70,0.00,29.8766,29.8030,29.7014,29.6364,39177158,1445743,1951395,39162544.0000,1445735.1250,1945688.6250,-32768,12854,-110
00:44:33,1472.14,29.98,2.35,3276.70,0.00,29.8797,29.8118,29.7029,29.6384,39179965,1445924,1950713,39163088.0000,1445750.6250,1945996.7500,-32768,12854,-110
00:44:35,1477.57,29.98,2.37,3276.70,0.00,29.8832,29.8161,29.7054,29.6425,39184022,1446065,1951006,39164312.0000,1445750.6250,1946326.7500,-32768,12854,-110
00:44:37,1493.86,29.99,2.39,3276.70,0.00,29.8893,29.8161,29.7159,29.6487,39173312,1444824,1951392,39165768.0000,1445737.8750,1946653.8750,-32768,12854,-110
00:44:38,1504.72,29.99,2.41,3276.70,0.00,29.8995,29.8251,29.7217,29.6487,39166097,1444824,1951392,39165820.0000,1445651.3750,1946978.6250,-32768,12854,-110
00:44:40,1510.16,30.00,2.42,3276.70,0.00,29.9131,29.8302,29.7217,29.6587,39165635,1443808,1952788,39165880.0000,1445547.2500,1947286.3750,-32768,12854,-110
00:44:42,1504.72,30.01,2.42,3276.70,0.00,29.9370,29.8391,29.7618,29.6648,39164471,1443585,1952939,39165752.0000,1445547.2500,1947641.6250,-32768,12854,-110
00:44:44,1499.29,30.01,2.45,3276.70,0.00,29.9442,29.8424,29.7692,29.6648,39176721,1443886,1955197,39166284.0000,1445547.2500,1948307.2500,-32768,12854,-110
00:44:44,1499.29,30.02,2.49,3276.70,0.00,29.9613,29.8527,29.7869,29.6783,39193587,1444825,1956457,39167708.0000,1445282.5000,1948561.8750,-32768,12854,-110
00:44:46,1499.29,30.03,2.49,3276.70,0.00,29.9648,29.8562,29.7902,29.6783,39193587,1444959,1956613,39167708.0000,1445263.3750,1949072.0000,-32768,12854,-110
00:44:48,1510.16,30.03,2.48,3276.70,0.00,29.9726,29.8632,29.7951,29.6886,39198740,1444843,1957009,39170508.0000,1445250.2500,1949320.0000,-32768,12854,-110
00:44:49,1515.59,30.04,2.46,3276.70,0.00,29.9807,29.8703,29.8022,29.6954,39189802,1444403,1956889,39171840.0000,1445204.5000,1949786.8750,-32768,12854,-110
00:44:51,1515.59,30.04,2.45,3276.70,0.00,29.9899,29.8703,29.8118,29.6954,39191356,1444508,1957313,39173384.0000,1445204.5000,1949786.8750,-32768,12854,-110
00:44:54,1531.88,30.05,2.46,3276.70,0.00,29.9899,29.8923,29.8357,29.7170,39190816,1444348,1958722,39174968.0000,1445066.5000,1949786.8750,-32768,12854,-110
00:44:55,1548.17,30.06,2.49,3276.70,0.00,30.0193,29.8962,29.8440,29.7210,39190122,1444082,1959031,39175848.0000,1444998.6250,1951695.8750,-32768,12854,-110
00:44:57,1564.46,30.07,2.50,3276.70,0.00,30.0193,29.9088,29.8694,29.7337,39188062,1443519,1960333,39176580.0000,1444912.2500,1952196.3750,-32768,12854,-110
00:44:59,1580.75,30.08,2.50,3276.70,0.00,30.0601,29.9178,29.8865,29.7428,39191759,1443384,1962471,39177432.0000,1444822.5000,1952787.8750,-32768,12854,-110
00:45:00,1597.05,30.08,2.52,3276.70,0.00,30.0807,29.9275,29.9058,29.7525,39196372,1443471,1963153,39178484.0000,1444737.2500,1953402.7500,-32768,12854,-110
00:45:02,1624.20,30.10,2.52,3276.70,0.00,30.1026,29.9379,29.9260,29.7628,39197740,1443188,1964891,39179656.0000,1444648.1250,1954085.3750,-32768,12854,-110
00:45:04,1678.51,30.11,2.52,3276.70,0.00,30.1026,29.9491,29.9485,29.7738,39201151,1442917,1965715,39180912.0000,1444544.2500,1955167.8750,-32768,12854,-110
00:45:05,1700.23,30.12,2.52,3276.70,0.00,30.1656,29.9676,29.9834,29.7918,39219284,1443092,1968762,39183700.0000,1444394.8750,1955954.0000,-32768,12854,-110
00:45:07,1754.53,30.14,2.52,3276.70,0.00,30.1785,29.9741,29.9947,29.7981,39226653,1443307,1970748,39185040.0000,1444333.6250,1956902.8750,-32768,12854,-110
00:45:09,1808.84,30.15,2.64,3276.70,0.00,30.1785,29.9950,30.0306,29.8181,39243413,1443575,1973345,39185040.0000,1444263.6250,1958388.7500,-32768,12854,-110
00:45:11,1830.56,30.17,2.69,3276.70,0.00,30.1785,30.0175,30.0306,29.8394,39262824,1443799,1976920,39195988.0000,1444228.7500,1959469.5000,-32768,12854,-110
00:45:15,1890.30,30.18,2.71,3276.70,0.00,30.1785,30.0329,30.0306,29.8616,39262824,1444619,1976920,39206048.0000,1444255.5000,1961823.6250,-32768,12854,-110
00:45:16,1933.75,30.18,2.66,3276.70,0.00,30.3143,30.0647,30.1306,29.8920,39302221,1445294,1984700,39214304.0000,1444319.5000,1963733.2500,-32768,12854,-110
00:45:18,1982.62,30.22,2.68,3276.70,0.00,30.3343,30.0647,30.1306,29.8997,39306846,1445619,1984628,39217196.0000,1444360.1250,1964386.2500,-32768,12854,-110
00:45:19,2009.78,30.22,2.66,3276.70,0.00,30.3450,30.0892,30.1510,29.9076,39309182,1445601,1983874,39220072.0000,1444435.3750,1965633.0000,-32768,12854,-110
00:45:20,2026.07,30.24,2.66,3276.70,0.00,30.3661,30.1059,30.1700,29.9234,39317488,1445690,1987242,39225860.0000,1444474.6250,1966308.2500,-32768,12854,-110
00:45:21,2047.79,30.26,2.68,3276.70,0.00,30.3760,30.1143,30.1791,29.9314,39324803,1445882,1987232,39228952.0000,1444518.6250,1966962.1250,-32768,12854,-110
00:45:23,2080.37,30.26,2.68,3276.70,0.00,30.3850,30.1228,30.1791,29.9314,39337811,1446376,1989236,39228952.0000,1444518.6250,1968302.6250,-32768,12854,-110
00:45:25,2112.96,30.27,2.69,3276.70,0.00,30.4082,30.1480,30.2102,29.9632,39347547,1446947,1992199,39242240.0000,1444518.6250,1968302.6250,-32768,12854,-110
00:45:27,2161.83,30.29,2.66,3276.70,0.00,30.4082,30.1728,30.2102,29.9946,39363573,1447995,1992990,39256220.0000,1445107.6250,1972493.5000,-32768,12854,-110
00:45:30,2210.71,30.29,2.62,3276.70,0.00,30.4469,30.1728,30.2480,29.9946,39371000,1448415,1995047,39266424.0000,1445391.2500,1974509.3750,-32768,12854,-110
00:45:33,2221.57,30.31,2.61,3276.70,0.00,30.4469,30.2286,30.2480,30.0399,39382174,1449180,1996551,39279984.0000,1445830.5000,1977135.0000,-32768,12854,-110
00:45:34,2227.00,30.33,2.55,3276.70,0.00,30.4768,30.2437,30.2758,30.0543,39394037,1450187,1998499,39283548.0000,1445966.7500,1977802.6250,-32768,12854,-110
00:45:37,2227.00,30.33,2.50,3276.70,0.00,30.4768,30.2582,30.2758,30.0748,39394037,1451335,1998499,39283548.0000,1445966.7500,1980941.2500,-32768,12854,-110
00:45:40,2188.99,30.33,2.41,3276.70,0.00,30.4768,30.2582,30.2845,30.0748,39381102,1451342,1997722,39305260.0000,1447004.1250,1981973.2500,-32768,12854,-110
00:45:41,2145.54,30.33,2.34,3276.70,0.00,30.4628,30.3016,30.2745,30.1105,39378969,1452042,1997722,39311756.0000,1447459.6250,1983424.7500,-32768,12854,-110
00:45:45,2091.23,30.32,2.34,3276.70,0.00,30.4628,30.3144,30.2745,30.1268,39365723,1453155,1996468,39316912.0000,1447459.6250,1985006.5000,-32768,12854,-110
00:45:46,2080.37,30.30,2.22,3276.70,0.00,30.3941,30.3227,30.2083,30.1321,39358217,1453372,1993702,39319668.0000,1448290.2500,1985278.2500,-32768,12854,-110
00:45:47,2091.23,30.30,2.20,3276.70,0.00,30.3760,30.3262,30.1893,30.1359,39351092,1453491,1992138,39321604.0000,1448605.6250,1985723.1250,-32768,12854,-110
00:45:49,2080.37,30.28,2.17,3276.70,0.00,30.3689,30.3276,30.1893,30.1383,39351092,1452549,1989887,39322516.0000,1448867.3750,1986015.8750,-32768,12854,-110
00:45:50,2074.94,30.27,2.16,3276.70,0.00,30.3496,30.3301,30.1573,30.1396,39319793,1452635,1989362,39322384.0000,1449090.1250,1986205.3750,-32768,12854,-110
00:45:52,2058.65,30.26,2.16,3276.70,0.00,30.3427,30.3305,30.1514,30.1400,39321324,1452820,1989362,39322184.0000,1449319.2500,1986285.2500,-32768,12854,-110
00:45:55,2031.50,30.25,2.16,3276.70,0.00,30.3427,30.3304,30.1514,30.1394,39321324,1453310,1989362,39321040.0000,1449782.2500,1986342.2500,-32768,12854,-110
00:45:58,2004.34,30.22,2.16,3276.70,0.00,30.3427,30.3275,30.1020,30.1366,39293498,1452616,1989362,39318744.0000,1449782.2500,1986342.2500,-32768,12854,-110
00:46:00,1993.48,30.20,2.14,3276.70,0.00,30.2736,30.3232,30.0789,30.1321,39288113,1452660,1984524,39316884.0000,1450213.5000,1985949.3750,-32768,12854,-110
00:46:01,1982.62,30.19,2.14,3276.70,0.00,30.2587,30.3194,30.0637,30.1280,39276398,1452451,1980247,39314508.0000,1450349.7500,1985432.3750,-32768,12854,-110
00:46:02,1971.76,30.18,2.14,3276.70,0.00,30.2443,30.3150,30.0480,30.1233,39274736,1452425,1979918,39312044.0000,1450477.0000,1985260.0000,-32768,12854,-110
00:46:06,1933.75,30.18,2.13,3276.70,0.00,30.2296,30.3150,30.0246,30.1233,39260249,1452395,1978726,39305964.0000,1450477.0000,1985260.0000,-32768,12854,-110
00:46:08,1906.59,30.15,2.13,3276.70,0.00,30.2296,30.2978,29.9995,30.1052,39252838,1452309,1978726,39301232.0000,1450839.5000,1983503.1250,-32768,12854,-110
00:46:10,1863.15,30.13,2.09,3276.70,0.00,30.1790,30.2907,29.9995,30.0939,39252838,1452235,1973755,39301232.0000,1450964.0000,1982583.2500,-32768,12854,-110
00:46:12,1825.13,30.11,2.08,3276.70,0.00,30.1790,30.2744,29.9386,30.0939,39241836,1452465,1971976,39292500.0000,1451046.6250,1981913.2500,-32768,12854,-110
00:46:14,1792.55,30.09,2.07,3276.70,0.00,30.1268,30.2698,29.9254,30.0939,39249022,1453211,1970762,39289800.0000,1451046.6250,1980924.6250,-32768,12854,-110
00:46:16,1759.97,30.08,2.07,3276.70,0.00,30.0859,30.2543,29.8836,30.0595,39250694,1453318,1969327,39289800.0000,1451301.3750,1980562.2500,-32768,12854,-110
00:46:17,1743.67,30.05,2.07,3276.70,0.00,30.0584,30.2426,29.8548,30.0473,39250381,1453295,1968415,39285108.0000,1451423.5000,1979832.5000,-32768,12854,-110
00:46:18,1711.09,30.04,2.07,3276.70,0.00,30.0440,30.2364,29.8400,30.0409,39251897,1453428,1966994,39284068.0000,1451486.1250,1979431.3750,-32768,12854,-110
00:46:20,1689.37,30.03,2.08,3276.70,0.00,30.0155,30.2232,29.8100,30.0271,39249905,1453350,1965104,39284068.0000,1451656.2500,1978102.1250,-32768,12854,-110
00:46:21,1673.07,30.02,2.08,3276.70,0.00,29.9881,30.2091,29.7804,30.0123,39250301,1453241,1965104,39280044.0000,1451705.7500,1977633.7500,-32768,12854,-110
00:46:24,1618.77,30.00,2.08,3276.70,0.00,29.9881,30.1942,29.7804,29.9887,39250301,1453194,1960234,39276420.0000,1451884.2500,1975718.0000,-32768,12854,-110
00:46:26,1580.75,29.97,2.10,3276.70,0.00,29.9881,30.1545,29.6918,29.9554,39253566,1453203,1957690,39274160.0000,1452001.7500,1974134.5000,-32768,12854,-110
00:46:29,1515.59,29.96,2.11,3276.70,0.00,29.9881,30.1377,29.6918,29.9380,39253566,1453547,1955904,39272508.0000,1452131.6250,1972537.1250,-32768,12854,-110
00:46:32,1504.72,29.92,2.12,3276.70,0.00,29.9881,30.1025,29.6918,29.8922,39245933,1453218,1953158,39269916.0000,1452289.5000,1970355.7500,-32768,12854,-110
00:46:34,1499.29,29.90,2.16,3276.70,0.00,29.8068,30.0845,29.5965,29.8922,39245933,1453043,1952228,39269160.0000,1452289.5000,1970355.7500,-32768,12854,-110
00:46:35,1493.86,29.89,2.17,3276.70,0.00,29.7933,30.0845,29.5965,29.8556,39245933,1452144,1949619,39266672.0000,1452331.8750,1968010.2500,-32768,12854,-110
00:46:37,1488.43,29.88,2.17,3276.70,0.00,29.7809,30.0411,29.5702,29.8381,39230236,1451770,1948693,39264592.0000,1452305.1250,1968010.2500,-32768,12854,-110
00:46:39,1521.02,29.87,2.20,3276.70,0.00,29.7780,30.0411,29.5662,29.8381,39223219,1451013,1947413,39261052.0000,1452206.2500,1964998.2500,-32768,12854,-110
00:46:40,1580.75,29.86,2.22,3276.70,0.00,29.7789,30.0095,29.5698,29.8058,39217621,1450475,1946360,39258076.0000,1452076.0000,1963857.8750,-32768,12854,-110
00:46:43,1678.51,29.85,2.23,3276.70,0.00,29.7927,30.0095,29.5953,29.8058,39213723,1449201,1946360,39258076.0000,1451816.0000,1962369.2500,-32768,12854,-110
00:46:45,1743.67,29.86,2.36,3276.70,0.00,29.8310,29.9796,29.6195,29.7750,39231078,1449127,1948353,39253400.0000,1451732.0000,1961931.1250,-32768,12854,-110
00:46:47,1879.44,29.87,2.42,3276.70,0.00,29.8607,29.9796,29.6460,29.7750,39246662,1448384,1951655,39252332.0000,1451732.0000,1961931.1250,-32768,12854,-110
00:46:49,1950.04,29.89,2.42,3276.70,0.00,29.8607,29.9796,29.6991,29.7563,39266032,1447600,1955480,39252948.0000,1451126.7500,1960173.5000,-32768,12854,-110
00:46:51,2015.21,29.90,2.45,3276.70,0.00,29.9334,29.9622,29.6991,29.7563,39282450,1447808,1955480,39255608.0000,1450819.0000,1960005.2500,-32768,12854,-110
00:46:54,2036.93,29.93,2.43,3276.70,0.00,29.9334,29.9623,29.6991,29.7534,39282450,1447808,1963678,39259928.0000,1450563.6250,1960005.2500,-32768,12854,-110
00:46:57,2031.50,29.95,2.38,3276.70,0.00,29.9334,29.9659,29.6991,29.7559,39339893,1450344,1966716,39268492.0000,1450453.5000,1960806.6250,-32768,12854,-110
00:46:58,2020.64,29.95,2.31,3276.70,0.00,30.0017,29.9680,29.7812,29.7566,39344070,1450622,1967974,39270856.0000,1450458.7500,1961030.6250,-32768,12854,-110
00:46:59,2009.78,29.96,2.30,3276.70,0.00,30.0017,29.9691,29.7820,29.7574,39345579,1451016,1967974,39275392.0000,1450499.2500,1961480.3750,-32768,12854,-110
00:47:02,2004.34,29.96,2.28,3276.70,0.00,30.0017,29.9717,29.7820,29.7603,39321326,1450936,1967272,39280152.0000,1450545.5000,1961964.0000,-32768,12854,-110
00:47:03,2004.34,29.96,2.27,3276.70,0.00,30.0017,29.9717,29.7786,29.7614,39309649,1450919,1965963,39282104.0000,1450566.0000,1962213.5000,-32768,12854,-110
00:47:06,2004.34,29.95,2.25,3276.70,0.00,29.9877,29.9739,29.7786,29.7623,39309649,1450776,1965963,39282104.0000,1450566.0000,1962472.2500,-32768,12854,-110
00:47:09,2009.78,29.95,2.23,3276.70,0.00,29.9802,29.9739,29.7717,29.7623,39292012,1450776,1962312,39285360.0000,1450636.5000,1962570.1250,-32768,12854,-110
00:47:11,2009.78,29.94,2.20,3276.70,0.00,29.9761,29.9752,29.7693,29.7640,39291231,1451279,1962859,39285752.0000,1450673.5000,1962588.8750,-32768,12854,-110
00:47:14,2015.21,29.94,2.18,3276.70,0.00,29.9761,29.9750,29.7693,29.7643,39291231,1451532,1961495,39286124.0000,1450774.2500,1962520.2500,-32768,12854,-110
00:47:16,2009.78,29.94,2.17,3276.70,0.00,29.9721,29.9750,29.7635,29.7643,39285320,1451643,1963001,39286068.0000,1450828.5000,1962537.1250,-32768,12854,-110
00:47:19,2009.78,29.94,2.17,3276.70,0.00,29.9721,29.9743,29.7635,29.7641,39285320,1452026,1960252,39285956.0000,1450962.7500,1962545.7500,-32768,12854,-110
00:47:20,2009.78,29.93,2.17,3276.70,0.00,29.9644,29.9733,29.7577,29.7635,39280248,1452160,1961360,39285648.0000,1451032.1250,1962400.0000,-32768,12854,-110
00:47:22,2015.21,29.93,2.12,3276.70,0.00,29.9620,29.9726,29.7556,29.7630,39278202,1452160,1961853,39285260.0000,1451032.1250,1962400.0000,-32768,12854,-110
00:47:24,2009.78,29.93,2.11,3276.70,0.00,29.9599,29.9718,29.7531,29.7630,39274203,1452105,1967413,39284324.0000,1451197.3750,1962478.2500,-32768,12854,-110
00:47:27,2009.78,29.93,2.11,3276.70,0.00,29.9599,29.9704,29.7492,29.7613,39273233,1452439,1960938,39284324.0000,1451302.8750,1962579.2500,-32768,12854,-110
00:47:28,2009.78,29.93,2.09,3276.70,0.00,29.9520,29.9688,29.7453,29.7599,39270758,1452367,1966682,39282584.0000,1451369.5000,1962653.2500,-32768,12854,-110
00:47:30,2009.78,29.93,2.09,3276.70,0.00,29.9493,29.9676,29.7427,29.7588,39271151,1452818,1960096,39281884.0000,1451450.1250,1962755.7500,-32768,12854,-110
00:47:33,2009.78,29.93,2.08,3276.70,0.00,29.9493,29.9663,29.7427,29.7571,39271151,1452658,1965409,39280236.0000,1451603.7500,1962540.5000,-32768,12854,-110
00:47:35,2009.78,29.92,2.07,3276.70,0.00,29.9431,29.9663,29.7349,29.7551,39265711,1452813,1957854,39279364.0000,1451675.6250,1962540.5000,-32768,12854,-110
00:47:38,2004.34,29.92,2.05,3276.70,0.00,29.9431,29.9612,29.7349,29.7530,39265711,1452850,1958305,39277336.0000,1451812.6250,1961718.8750,-32768,12854,-110
00:47:41,2009.78,29.92,2.04,3276.70,0.00,29.9341,29.9612,29.7264,29.7530,39260046,1452857,1957729,39275376.0000,1451941.5000,1961335.1250,-32768,12854,-110
00:47:42,2009.78,29.92,2.03,3276.70,0.00,29.9301,29.9563,29.7235,29.7484,39259797,1452870,1957309,39274892.0000,1451970.5000,1961209.2500,-32768,12854,-110
00:47:44,2004.34,29.92,2.03,3276.70,0.00,29.9277,29.9545,29.7235,29.7458,39257354,1452865,1960593,39273336.0000,1452054.1250,1960941.5000,-32768,12854,-110
00:47:46,2009.78,29.92,2.03,3276.70,0.00,29.9252,29.9527,29.7186,29.7450,39257067,1452975,1955507,39272828.0000,1452054.1250,1960686.6250,-32768,12854,-110
00:47:48,2009.78,29.92,2.02,3276.70,0.00,29.9252,29.9490,29.7130,29.7413,39254683,1452868,1955507,39270800.0000,1452180.7500,1960282.8750,-32768,12854,-110
00:47:51,2009.78,29.92,2.01,3276.70,0.00,29.9252,29.9461,29.7130,29.7384,39253085,1452981,1956299,39269204.0000,1452248.7500,1960035.7500,-32768,12854,-110
00:47:53,2004.34,29.92,2.00,3276.70,0.00,29.9252,29.9441,29.7130,29.7355,39275995,1453926,1956200,39268560.0000,1452351.6250,1959733.8750,-32768,12854,-110
00:47:56,2004.34,29.92,1.98,3276.70,0.00,29.9094,29.9441,29.7039,29.7335,39287086,1454109,1957462,39268560.0000,1452514.3750,1959561.1250,-32768,12854,-110
00:47:58,2004.34,29.91,1.96,3276.70,0.00,29.9050,29.9378,29.6987,29.7305,39293602,1454109,1957875,39272388.0000,1452685.3750,1959561.1250,-32768,12854,-110
00:47:59,2004.34,29.91,1.95,3276.70,0.00,29.9003,29.9345,29.6934,29.7272,39300167,1454711,1958222,39274056.0000,1452807.2500,1959390.2500,-32768,12854,-110
00:48:01,2004.34,29.91,1.94,3276.70,0.00,29.8987,29.9333,29.6920,29.7261,39303716,1454803,1955319,39274984.0000,1452869.6250,1959263.0000,-32768,12854,-110
00:48:03,2004.34,29.91,1.93,3276.70,0.00,29.8987,29.9298,29.6920,29.7227,39309729,1455026,1957611,39277856.0000,1453129.0000,1959075.7500,-32768,12854,-110
00:48:06,2004.34,29.90,1.91,3276.70,0.00,29.8987,29.9261,29.6920,29.7180,39309729,1455383,1957620,39283008.0000,1453390.0000,1958933.2500,-32768,12854,-110
00:48:08,2004.34,29.90,1.91,3276.70,0.00,29.8856,29.9224,29.6785,29.7155,39316717,1455515,1957206,39284064.0000,1453390.0000,1958760.3750,-32768,12854,-110
00:48:09,2004.34,29.90,1.90,3276.70,0.00,29.8839,29.9200,29.6761,29.7155,39320487,1455764,1958633,39287352.0000,1453657.3750,1958799.3750,-32768,12854,-110
00:48:12,2004.34,29.90,1.90,3276.70,0.00,29.8821,29.9200,29.6736,29.7155,39324335,1455941,1958633,39290740.0000,1453865.1250,1958677.3750,-32768,12854,-110
00:48:14,2004.34,29.89,1.90,3276.70,0.00,29.8784,29.9131,29.6710,29.7061,39326722,1455816,1957859,39292944.0000,1453988.6250,1958685.0000,-32768,12854,-110
00:48:15,2004.34,29.89,1.90,3276.70,0.00,29.8773,29.9120,29.6698,29.7050,39328178,1455960,1957848,39294044.0000,1454116.3750,1958637.6250,-32768,12854,-110
00:48:17,1998.91,29.89,1.89,3276.70,0.00,29.8755,29.9097,29.6678,29.7050,39331326,1456046,1961812,39297392.0000,1454116.3750,1958687.1250,-32768,12854,-110
00:48:19,2004.34,29.89,1.89,3276.70,0.00,29.8728,29.9064,29.6652,29.6993,39334384,1456196,1958393,39299656.0000,1454359.8750,1958673.2500,-32768,12854,-110
00:48:20,2004.34,29.89,1.90,3276.70,0.00,29.8714,29.9043,29.6634,29.6971,39337320,1456378,1955445,39301912.0000,1454479.2500,1958553.0000,-32768,12854,-110
00:48:22,2004.34,29.89,1.89,3276.70,0.00,29.8705,29.9032,29.6631,29.6960,39337993,1456342,1955445,39304136.0000,1454595.1250,1958608.0000,-32768,12854,-110
00:48:24,2004.34,29.89,1.89,3276.70,0.00,29.8682,29.9000,29.6617,29.6929,39340368,1456463,1958290,39306344.0000,1454709.6250,1958608.3750,-32768,12854,-110
00:48:25,2004.34,29.89,1.89,3276.70,0.00,29.8675,29.8990,29.6605,29.6919,39341216,1456623,1956041,39307436.0000,1454826.3750,1958605.0000,-32768,12854,-110
00:48:28,2004.34,29.89,1.89,3276.70,0.00,29.8675,29.8959,29.6605,29.6879,39341216,1456748,1956041,39307436.0000,1455047.7500,1958571.6250,-32768,12854,-110
00:48:31,2004.34,29.89,1.89,3276.70,0.00,29.8637,29.8959,29.6562,29.6879,39348223,1456748,1958431,39316084.0000,1455205.2500,1958639.2500,-32768,12854,-110
00:48:32,2004.34,29.89,1.89,3276.70,0.00,29.8620,29.8902,29.6554,29.6832,39348587,1456723,1957596,39317100.0000,1455205.2500,1958543.0000,-32768,12854,-110
00:48:35,2004.34,29.89,1.89,3276.70,0.00,29.8610,29.8902,29.6548,29.6832,39353343,1457000,1959289,39321224.0000,1455447.6250,1958710.7500,-32768,12854,-110
00:48:36,2004.34,29.89,1.89,3276.70,0.00,29.8602,29.8858,29.6544,29.6789,39353742,1456860,1958310,39322240.0000,1455491.7500,1958698.2500,-32768,12854,-110
00:48:38,2004.34,29.89,1.88,3276.70,0.00,29.8592,29.8858,29.6533,29.6789,39355772,1456960,1958625,39325200.0000,1455621.2500,1958651.8750,-32768,12854,-110
00:48:39,2009.78,29.89,1.88,3276.70,0.00,29.8586,29.8826,29.6531,29.6758,39355754,1456960,1959115,39327116.0000,1455704.2500,1958661.5000,-32768,12854,-110
00:48:41,2004.34,29.89,1.88,3276.70,0.00,29.8580,29.8810,29.6525,29.6743,39357715,1457027,1959115,39327116.0000,1455787.2500,1958658.7500,-32768,12854,-110
00:48:43,2009.78,29.89,1.88,3276.70,0.00,29.8576,29.8788,29.6522,29.6723,39358812,1457054,1958367,39330832.0000,1455865.5000,1958631.7500,-32768,12854,-110
00:48:45,2009.78,29.89,1.88,3276.70,0.00,29.8571,29.8781,29.6522,29.6723,39361851,1457048,1958367,39333552.0000,1455977.2500,1958618.7500,-32768,12854,-110
00:48:48,2004.34,29.89,1.88,3276.70,0.00,29.8571,29.8755,29.6522,29.6686,39361851,1457260,1958576,39336280.0000,1456092.2500,1958665.7500,-32768,12854,-110
00:48:50,2009.78,29.89,1.88,3276.70,0.00,29.8571,29.8732,29.6522,29.6665,39364686,1457372,1959286,39339704.0000,1456237.2500,1958650.1250,-32768,12854,-110
00:48:51,2009.78,29.90,1.87,3276.70,0.00,29.8564,29.8721,29.6520,29.6660,39365363,1457336,1960099,39340504.0000,1456271.6250,1958695.3750,-32768,12854,-110
00:48:54,2009.78,29.90,1.87,3276.70,0.00,29.8567,29.8711,29.6520,29.6651,39365363,1457367,1960339,39342900.0000,1456372.0000,1958854.1250,-32768,12854,-110
00:48:57,2004.34,29.90,1.87,3276.70,0.00,29.8567,29.8694,29.6520,29.6636,39365363,1457317,1956929,39345944.0000,1456372.0000,1958910.8750,-32768,12854,-110
00:49:00,2004.34,29.90,1.87,3276.70,0.00,29.8567,29.8679,29.6533,29.6623,39371189,1457518,1956929,39345944.0000,1456576.0000,1959042.6250,-32768,12854,-110
00:49:03,2004.34,29.90,1.87,3276.70,0.00,29.8567,29.8673,29.6533,29.6615,39371189,1457660,1959877,39350280.0000,1456667.8750,1958992.0000,-32768,12854,-110
00:49:05,2004.34,29.91,1.87,3276.70,0.00,29.8589,29.8664,29.6549,29.6608,39373870,1457529,1959877,39352372.0000,1456667.8750,1959156.3750,-32768,12854,-110
00:49:08,2004.34,29.91,1.87,3276.70,0.00,29.8589,29.8656,29.6549,29.6602,39373870,1457733,1960309,39355048.0000,1456853.3750,1959212.6250,-32768,12854,-110
00:49:10,2004.34,29.92,1.86,3276.70,0.00,29.8623,29.8652,29.6582,29.6600,39378361,1457725,1960309,39357056.0000,1456934.5000,1959317.0000,-32768,12854,-110
00:49:12,2004.34,29.92,1.86,3276.70,0.00,29.8639,29.8650,29.6599,29.6599,39378027,1457567,1960309,39358984.0000,1456998.6250,1959165.3750,-32768,12854,-110
00:49:15,2004.34,29.92,1.86,3276.70,0.00,29.8651,29.8650,29.6599,29.6600,39378027,1457675,1960537,39360100.0000,1457041.1250,1959041.8750,-32768,12854,-110
00:49:17,2004.34,29.93,1.84,3276.70,0.00,29.8683,29.8652,29.6646,29.6600,39377802,1457826,1952067,39361780.0000,1457041.1250,1958746.0000,-32768,12854,-110
00:49:18,2004.34,29.93,1.84,3276.70,0.00,29.8695,29.8654,29.6661,29.6606,39379920,1457826,1952067,39363456.0000,1457168.1250,1958845.3750,-32768,12854,-110
00:49:20,2004.34,29.93,1.84,3276.70,0.00,29.8712,29.8656,29.6680,29.6610,39381224,1457777,1961128,39364012.0000,1457168.1250,1958924.0000,-32768,12854,-110
00:49:21,2004.34,29.93,1.86,3276.70,0.00,29.8729,29.8660,29.6697,29.6615,39381712,1457679,1963560,39365084.0000,1457218.7500,1959068.8750,-32768,12854,-110
00:49:22,2004.34,29.93,1.84,3276.70,0.00,29.8732,29.8662,29.6705,29.6618,39383207,1457841,1961511,39365648.0000,1457238.2500,1959145.1250,-32768,12854,-110
00:49:24,2009.78,29.94,1.84,3276.70,0.00,29.8743,29.8664,29.6713,29.6620,39382994,1458001,1961511,39366720.0000,1457283.7500,1959265.1250,-32768,12854,-110
00:49:26,2004.34,29.94,1.84,3276.70,0.00,29.8743,29.8672,29.6713,29.6633,39382994,1457918,1961618,39368852.0000,1457343.1250,1959960.5000,-32768,12854,-110
00:49:29,2004.34,29.94,1.84,3276.70,0.00,29.8743,29.8686,29.6713,29.6645,39388313,1457841,1970844,39368852.0000,1457343.1250,1960629.0000,-32768,12854,-110
00:49:30,2004.34,29.95,1.84,3276.70,0.00,29.8841,29.8699,29.6812,29.6659,39387064,1458037,1961019,39371568.0000,1457428.3750,1960669.5000,-32768,12854,-110
00:49:32,2004.34,29.95,1.83,3276.70,0.00,29.8853,29.8704,29.6827,29.6659,39388891,1458105,1960499,39372108.0000,1457464.1250,1960712.0000,-32768,12854,-110
00:49:33,2004.34,29.95,1.83,3276.70,0.00,29.8862,29.8708,29.6836,29.6669,39388594,1457991,1959881,39373172.0000,1457480.6250,1960712.0000,-32768,12854,-110
00:49:36,2004.34,29.96,1.83,3276.70,0.00,29.8897,29.8724,29.6836,29.6669,39390846,1458135,1962190,39374252.0000,1457480.6250,1960712.0000,-32768,12854,-110
00:49:38,2004.34,29.96,1.83,3276.70,0.00,29.8934,29.8724,29.6909,29.6669,39391235,1458106,1963840,39376260.0000,1457590.5000,1960524.0000,-32768,12854,-110
00:49:39,2004.34,29.97,1.83,3276.70,0.00,29.8961,29.8754,29.6937,29.6718,39391953,1458196,1962863,39376752.0000,1457609.5000,1960597.0000,-32768,12854,-110
00:49:40,2004.34,29.97,1.82,3276.70,0.00,29.8974,29.8761,29.6950,29.6725,39393046,1458339,1961913,39377260.0000,1457632.2500,1960638.1250,-32768,12854,-110
00:49:43,2004.34,29.98,1.82,3276.70,0.00,29.8974,29.8782,29.6950,29.6755,39393046,1458191,1961913,39379712.0000,1457724.2500,1961068.3750,-32768,12854,-110
00:49:45,2004.34,29.98,1.82,3276.70,0.00,29.9057,29.8805,29.7047,29.6780,39396478,1458380,1961913,39380804.0000,1457764.1250,1960626.2500,-32768,12854,-110
00:49:48,2004.34,29.99,1.82,3276.70,0.00,29.9057,29.8830,29.7047,29.6806,39395698,1458220,1963859,39382156.0000,1457809.1250,1960899.2500,-32768,12854,-110
00:49:50,2004.34,29.99,1.81,3276.70,0.00,29.9057,29.8857,29.7125,29.6825,39398138,1458502,1952454,39382156.0000,1457861.3750,1960608.3750,-32768,12854,-110
00:49:54,2004.34,30.00,1.81,3276.70,0.00,29.9057,29.8895,29.7125,29.6865,39398138,1458596,1952454,39382156.0000,1457861.3750,1960707.5000,-32768,12854,-110
00:49:57,2004.34,30.00,1.81,3276.70,0.00,29.9276,29.8895,29.7125,29.6908,39401319,1458596,1955767,39382156.0000,1458014.1250,1960581.1250,-32768,12854,-110
00:49:59,2004.34,30.02,1.81,3276.70,0.00,29.9344,29.8981,29.7329,29.6954,39403153,1458435,1965660,39388820.0000,1458039.7500,1960881.3750,-32768,12854,-110
00:50:02,2004.34,30.02,1.81,3276.70,0.00,29.9379,29.9005,29.7362,29.6978,39404705,1458563,1965660,39388820.0000,1458039.7500,1960881.3750,-32768,12854,-110
00:50:04,2004.34,30.03,1.80,3276.70,0.00,29.9434,29.9041,29.7362,29.7029,39404705,1458629,1967084,39391648.0000,1458139.7500,1961965.3750,-32768,12854,-110
00:50:05,2004.34,30.04,1.80,3276.70,0.00,29.9470,29.9067,29.7457,29.7042,39409317,1458693,1958592,39392680.0000,1458174.7500,1961678.7500,-32768,12854,-110
00:50:07,2004.34,30.04,1.79,3276.70,0.00,29.9526,29.9106,29.7516,29.7083,39406912,1458535,1958592,39393572.0000,1458197.1250,1961978.0000,-32768,12854,-110
00:50:10,2004.34,30.05,1.79,3276.70,0.00,29.9526,29.9134,29.7516,29.7125,39409161,1458809,1958273,39394984.0000,1458197.1250,1962182.3750,-32768,12854,-110
00:50:12,1998.91,30.06,1.79,3276.70,0.00,29.9625,29.9176,29.7612,29.7154,39409539,1458652,1967332,39396332.0000,1458292.3750,1962550.3750,-32768,12854,-110
00:50:14,2004.34,30.06,1.79,3276.70,0.00,29.9625,29.9220,29.7612,29.7154,39411566,1458637,1968639,39397768.0000,1458292.3750,1962550.3750,-32768,12854,-110
00:50:17,2004.34,30.07,1.79,3276.70,0.00,29.9748,29.9266,29.7739,29.7245,39414343,1458737,1968639,39399268.0000,1458376.0000,1962550.3750,-32768,12854,-110
00:50:20,2004.34,30.08,1.77,3276.70,0.00,29.9748,29.9329,29.7739,29.7310,39415404,1458781,1970324,39400672.0000,1458376.0000,1963350.2500,-32768,12854,-110
00:50:21,2004.34,30.09,1.77,3276.70,0.00,29.9872,29.9361,29.7868,29.7310,39417606,1458893,1968946,39402176.0000,1458376.0000,1963807.1250,-32768,12854,-110
00:50:23,2004.34,30.09,1.77,3276.70,0.00,29.9920,29.9361,29.7941,29.7310,39419007,1458856,1969979,39403584.0000,1458493.8750,1964406.7500,-32768,12854,-110
00:50:25,1998.91,30.11,1.76,3276.70,0.00,29.9987,29.9361,29.7941,29.7448,39420049,1459086,1964766,39404660.0000,1458527.5000,1964476.3750,-32768,12854,-110
00:50:27,2004.34,30.11,1.76,3276.70,0.00,30.0034,29.9481,29.7941,29.7466,39421175,1459086,1971308,39405696.0000,1458552.3750,1964893.1250,-32768,12854,-110
00:50:29,1998.91,30.12,1.76,3276.70,0.00,30.0101,29.9534,29.7941,29.7466,39422683,1459036,1981813,39406704.0000,1458582.3750,1966111.2500,-32768,12854,-110
00:50:31,1998.91,30.13,1.76,3276.70,0.00,30.0148,29.9571,29.8148,29.7558,39424078,1459001,1981813,39408296.0000,1458621.2500,1966492.3750,-32768,12854,-110
00:50:33,2004.34,30.13,1.76,3276.70,0.00,30.0196,29.9571,29.8222,29.7558,39424161,1458808,1981989,39409724.0000,1458621.2500,1966492.3750,-32768,12854,-110
00:50:34,1998.91,30.14,1.76,3276.70,0.00,30.0269,29.9666,29.8271,29.7655,39423558,1459064,1972356,39410156.0000,1458659.0000,1967704.5000,-32768,12854,-110
00:50:36,2004.34,30.14,1.75,3276.70,0.00,30.0293,29.9685,29.8271,29.7695,39427095,1459047,1972614,39411164.0000,1458682.6250,1968019.0000,-32768,12854,-110
00:50:38,2004.34,30.15,1.75,3276.70,0.00,30.0342,29.9725,29.8346,29.7695,39427095,1459190,1977585,39412096.0000,1458714.8750,1968446.8750,-32768,12854,-110
00:50:39,1998.91,30.15,1.75,3276.70,0.00,30.0390,29.9764,29.8396,29.7756,39429251,1459011,1974266,39413164.0000,1458737.1250,1968807.6250,-32768,12854,-110
00:50:41,2004.34,30.15,1.75,3276.70,0.00,30.0468,29.9764,29.8473,29.7818,39429613,1459219,1972847,39414148.0000,1458773.1250,1968807.6250,-32768,12854,-110
00:50:44,2004.34,30.17,1.75,3276.70,0.00,30.0468,29.9888,29.8473,29.7904,39431550,1459101,1974468,39416176.0000,1458807.1250,1969670.1250,-32768,12854,-110
00:50:46,1998.91,30.17,1.74,3276.70,0.00,30.0468,29.9952,29.8634,29.7904,39435684,1459310,1975206,39417824.0000,1458845.3750,1969594.0000,-32768,12854,-110
00:50:47,2004.34,30.19,1.74,3276.70,0.00,30.0680,29.9996,29.8686,29.7992,39435866,1459148,1975386,39418912.0000,1458866.0000,1969957.1250,-32768,12854,-110
00:50:49,1998.91,30.19,1.75,3276.70,0.00,30.0731,30.0040,29.8739,29.8037,39435006,1459123,1975386,39419416.0000,1458874.1250,1970236.8750,-32768,12854,-110
00:50:51,2004.34,30.20,1.74,3276.70,0.00,30.0789,30.0085,29.8739,29.8082,39439428,1459123,1977052,39421040.0000,1458915.2500,1970763.8750,-32768,12854,-110
00:50:52,2004.34,30.21,1.74,3276.70,0.00,30.0839,30.0130,29.8852,29.8128,39438721,1459406,1976809,39421592.0000,1458930.6250,1970952.7500,-32768,12854,-110
00:50:56,2004.34,30.21,1.74,3276.70,0.00,30.0839,30.0199,29.8852,29.8198,39438721,1459360,1977450,39421592.0000,1458984.0000,1972005.0000,-32768,12854,-110
00:50:59,1998.91,30.23,1.74,3276.70,0.00,30.1034,30.0199,29.9049,29.8198,39442168,1459478,1977962,39425712.0000,1458984.0000,1972848.5000,-32768,12854,-110
00:51:00,1998.91,30.25,1.73,3276.70,0.00,30.1119,30.0365,29.9134,29.8367,39442975,1459371,1979055,39426752.0000,1459043.0000,1973042.5000,-32768,12854,-110
00:51:02,1998.91,30.25,1.72,3276.70,0.00,30.1174,30.0414,29.9193,29.8441,39444731,1459504,1978700,39428352.0000,1459090.5000,1973617.0000,-32768,12854,-110
00:51:06,2004.34,30.26,1.72,3276.70,0.00,30.1174,30.0487,29.9193,29.8517,39444731,1459511,1981817,39428352.0000,1459090.5000,1973617.0000,-32768,12854,-110
00:51:08,2004.34,30.26,1.72,3276.70,0.00,30.1174,30.0613,29.9193,29.8646,39448218,1459571,1980176,39432528.0000,1459182.7500,1975138.0000,-32768,12854,-110
00:51:12,2004.34,30.29,1.72,3276.70,0.00,30.1174,30.0691,29.9193,29.8725,39448218,1459523,1982298,39434144.0000,1459214.0000,1975846.6250,-32768,12854,-110
00:51:13,2004.34,30.30,1.70,3276.70,0.00,30.1589,30.0769,29.9611,29.8778,39450449,1459478,1979683,39435144.0000,1459231.0000,1976142.0000,-32768,12854,-110
00:51:14,2004.34,30.30,1.70,3276.70,0.00,30.1650,30.0822,29.9674,29.8832,39451862,1459563,1981224,39436160.0000,1459246.8750,1976548.0000,-32768,12854,-110
00:51:17,2004.34,30.31,1.70,3276.70,0.00,30.1650,30.0875,29.9674,29.8914,39453642,1459622,1979598,39437672.0000,1459281.3750,1976973.3750,-32768,12854,-110
00:51:18,2004.34,30.32,1.70,3276.70,0.00,30.1772,30.0929,29.9796,29.8941,39453642,1459622,1983003,39438640.0000,1459296.6250,1977408.0000,-32768,12854,-110
00:51:20,2004.34,30.32,1.70,3276.70,0.00,30.1772,30.1011,29.9796,29.9052,39455760,1459638,1981467,39440168.0000,1459325.5000,1977946.0000,-32768,12854,-110
00:51:23,1998.91,30.34,1.69,3276.70,0.00,30.1772,30.1094,29.9796,29.9136,39457308,1459713,1984652,39441640.0000,1459325.5000,1977946.0000,-32768,12854,-110
00:51:24,2004.34,30.35,1.69,3276.70,0.00,30.2024,30.1150,30.0051,29.9165,39459977,1459723,1985022,39442216.0000,1459372.5000,1978832.8750,-32768,12854,-110
00:51:25,2004.34,30.35,1.69,3276.70,0.00,30.2054,30.1178,30.0084,29.9193,39460452,1459688,1985022,39443312.0000,1459387.3750,1979244.3750,-32768,12854,-110
00:51:27,1998.91,30.36,1.69,3276.70,0.00,30.2150,30.1263,30.0180,29.9280,39463025,1459767,1986525,39444488.0000,1459408.8750,1979686.8750,-32768,12854,-110
00:51:28,1998.91,30.36,1.68,3276.70,0.00,30.2184,30.1291,30.0214,29.9309,39463356,1459833,1984752,39445676.0000,1459435.8750,1980044.3750,-32768,12854,-110
00:51:31,1993.48,30.36,1.68,3276.70,0.00,30.2245,30.1291,30.0309,29.9309,39463161,1459723,1984752,39447276.0000,1459461.7500,1980771.0000,-32768,12854,-110
00:51:32,1998.91,30.38,1.68,3276.70,0.00,30.2334,30.1435,30.0367,29.9455,39464262,1459889,1987792,39447808.0000,1459475.1250,1980990.5000,-32768,12854,-110
00:51:34,1998.91,30.39,1.68,3276.70,0.00,30.2362,30.1435,30.0367,29.9513,39464262,1459753,1987792,39449488.0000,1459505.1250,1981601.3750,-32768,12854,-110
00:51:37,1998.91,30.40,1.68,3276.70,0.00,30.2362,30.1579,30.0367,29.9631,39466835,1459774,1987792,39449488.0000,1459538.0000,1982338.5000,-32768,12854,-110
00:51:40,2004.34,30.41,1.68,3276.70,0.00,30.2607,30.1695,30.0367,29.9721,39466835,1459692,1989923,39453152.0000,1459551.1250,1983022.0000,-32768,12854,-110
00:51:42,2004.34,30.43,1.67,3276.70,0.00,30.2723,30.1784,30.0767,29.9812,39470000,1459635,1991199,39454160.0000,1459561.8750,1983409.6250,-32768,12854,-110
00:51:44,2004.34,30.44,1.67,3276.70,0.00,30.2723,30.1877,30.0767,29.9937,39474666,1459881,1992070,39456436.0000,1459585.6250,1984311.6250,-32768,12854,-110
00:51:46,2004.34,30.45,1.67,3276.70,0.00,30.2926,30.1939,30.0957,29.9969,39475741,1459833,1992070,39457628.0000,1459600.2500,1984723.5000,-32768,12854,-110
00:51:48,2004.34,30.45,1.66,3276.70,0.00,30.3039,30.2036,30.1071,30.0065,39476951,1459948,1993668,39458796.0000,1459620.0000,1985240.1250,-32768,12854,-110
00:51:49,2009.78,30.47,1.66,3276.70,0.00,30.3077,30.2068,30.1109,30.0098,39477343,1459886,1995445,39459376.0000,1459628.3750,1985559.0000,-32768,12854,-110
00:51:50,2004.34,30.47,1.66,3276.70,0.00,30.3111,30.2068,30.1185,30.0163,39478645,1460083,1993487,39460536.0000,1459655.1250,1985926.2500,-32768,12854,-110
00:51:51,2004.34,30.48,1.66,3276.70,0.00,30.3178,30.2165,30.1221,30.0196,39479357,1460003,1993126,39461124.0000,1459655.1250,1985926.2500,-32768,12854,-110
00:51:53,2004.34,30.48,1.66,3276.70,0.00,30.3247,30.2230,30.1293,30.0262,39481022,1459988,1995355,39462308.0000,1459655.1250,1986812.0000,-32768,12854,-110
00:51:55,2004.34,30.49,1.65,3276.70,0.00,30.3321,30.2296,30.1364,30.0328,39481210,1460157,1993953,39462308.0000,1459728.6250,1987271.1250,-32768,12854,-110
00:51:57,2004.34,30.50,1.65,3276.70,0.00,30.3321,30.2362,30.1364,30.0429,39483716,1460157,1995079,39462308.0000,1459728.6250,1988020.7500,-32768,12854,-110
00:51:59,2004.34,30.51,1.65,3276.70,0.00,30.3504,30.2462,30.1554,30.0429,39486215,1460163,1995779,39466988.0000,1459784.8750,1988512.1250,-32768,12854,-110
00:52:00,2004.34,30.52,1.64,3276.70,0.00,30.3575,30.2529,30.1625,30.0429,39486561,1460138,1996245,39467600.0000,1459796.0000,1988937.7500,-32768,12854,-110
00:52:01,2004.34,30.53,1.65,3276.70,0.00,30.3608,30.2562,30.1662,30.0598,39486916,1460084,1999204,39468816.0000,1459815.0000,1989258.6250,-32768,12854,-110
00:52:03,2004.34,30.53,1.65,3276.70,0.00,30.3678,30.2630,30.1732,30.0667,39486558,1460084,1999204,39468816.0000,1459815.0000,1989258.6250,-32768,12854,-110
00:52:06,2004.34,30.53,1.64,3276.70,0.00,30.3678,30.2764,30.1879,30.0804,39490345,1460122,1999892,39471684.0000,1459869.0000,1990369.6250,-32768,12854,-110
00:52:08,2004.34,30.53,1.64,3276.70,0.00,30.3891,30.2832,30.1954,30.0873,39490619,1460105,1999051,39472840.0000,1459886.5000,1990877.3750,-32768,12854,-110
00:52:16,2004.34,30.59,1.62,3276.70,0.00,30.4255,30.3176,30.2323,30.1223,39497763,1460346,2000508,39478916.0000,1459986.0000,1993451.3750,-32768,12854,-110
00:52:18,2004.34,30.59,1.62,3276.70,0.00,30.4367,30.3280,30.2435,30.1329,39502414,1460285,2000552,39480280.0000,1459997.6250,1993987.6250,-32768,12854,-110
00:52:20,2004.34,30.59,1.62,3276.70,0.00,30.4367,30.3385,30.2435,30.1436,39504209,1460376,2002677,39482432.0000,1460029.2500,1994797.1250,-32768,12854,-110
00:52:21,1998.91,30.59,1.62,3276.70,0.00,30.4534,30.3454,30.2611,30.1507,39503526,1460290,2002074,39483732.0000,1460044.7500,1995300.3750,-32768,12854,-110
00:52:23,1998.91,30.59,1.62,3276.70,0.00,30.4600,30.3523,30.2677,30.1577,39503291,1460301,2004162,39484952.0000,1460060.0000,1995780.7500,-32768,12854,-110
00:52:25,2004.34,30.59,1.62,3276.70,0.00,30.4632,30.3557,30.2677,30.1648,39504306,1460306,2003414,39486128.0000,1460075.2500,1996258.2500,-32768,12854,-110
00:52:28,1998.91,30.59,1.62,3276.70,0.00,30.4721,30.3660,30.2809,30.1718,39507525,1460306,2004719,39486128.0000,1460075.2500,1996258.2500,-32768,12854,-110
00:52:30,1998.91,30.61,1.61,3276.70,0.00,30.4721,30.3796,30.2809,30.1893,39507544,1460194,2004861,39490336.0000,1460129.6250,1997966.3750,-32768,12854,-110
00:52:32,1998.91,30.61,1.60,3276.70,0.00,30.4964,30.3796,30.2809,30.1998,39508420,1460195,2007532,39491924.0000,1460140.6250,1998657.1250,-32768,12854,-110
00:52:34,2004.34,30.64,1.60,3276.70,0.00,30.5035,30.3967,30.2809,30.2033,39509524,1460310,2005265,39492992.0000,1460149.2500,1999118.7500,-32768,12854,-110
00:52:38,2004.34,30.65,1.60,3276.70,0.00,30.5035,30.4070,30.2809,30.2174,39509524,1460284,2004932,39492992.0000,1460167.5000,2000165.6250,-32768,12854,-110
00:52:40,2004.34,30.67,1.60,3276.70,0.00,30.5290,30.4070,30.3389,30.2174,39513458,1460213,2007892,39496600.0000,1460167.5000,2001170.2500,-32768,12854,-110
00:52:42,1998.91,30.68,1.60,3276.70,0.00,30.5410,30.4314,30.3506,30.2387,39513855,1460249,2006777,39497672.0000,1460173.8750,2001345.3750,-32768,12854,-110
00:52:45,1998.91,30.69,1.59,3276.70,0.00,30.5491,30.4314,30.3624,30.2387,39516916,1460255,2006777,39499936.0000,1460186.1250,2002446.0000,-32768,12854,-110
00:52:46,2004.34,30.71,1.59,3276.70,0.00,30.5620,30.4493,30.3704,30.2568,39517482,1460339,2010357,39501044.0000,1460197.2500,2002446.0000,-32768,12854,-110
00:52:48,1998.91,30.72,1.59,3276.70,0.00,30.5704,30.4566,30.3787,30.2641,39518871,1460398,2010357,39502132.0000,1460197.2500,2003409.6250,-32768,12854,-110
00:52:50,1998.91,30.72,1.59,3276.70,0.00,30.5819,30.4676,30.3907,30.2752,39520419,1460398,2010357,39503820.0000,1460211.7500,2004202.6250,-32768,12854,-110
00:52:53,1998.91,30.74,1.58,3276.70,0.00,30.5891,30.4749,30.3907,30.2864,39520419,1460476,2011050,39505372.0000,1460227.1250,2004889.3750,-32768,12854,-110
00:52:56,1998.91,30.77,1.58,3276.70,0.00,30.5891,30.4897,30.3907,30.3014,39523240,1460369,2014574,39507040.0000,1460236.2500,2004889.3750,-32768,12854,-110
00:52:57,2004.34,30.78,1.58,3276.70,0.00,30.6181,30.5009,30.3907,30.3090,39524438,1460423,2011557,39508064.0000,1460244.2500,2006168.1250,-32768,12854,-110
00:52:59,1998.91,30.79,1.58,3276.70,0.00,30.6223,30.5047,30.4315,30.3090,39523644,1460441,2014515,39509044.0000,1460251.6250,2006722.8750,-32768,12854,-110
00:53:01,1998.91,30.80,1.58,3276.70,0.00,30.6344,30.5047,30.4443,30.3090,39527825,1460365,2013153,39509044.0000,1460251.6250,2007747.8750,-32768,12854,-110
00:53:02,2004.34,30.82,1.57,3276.70,0.00,30.6419,30.5275,30.4569,30.3360,39526223,1460311,2015782,39511616.0000,1460269.8750,2007998.8750,-32768,12854,-110
00:53:04,1998.91,30.83,1.57,3276.70,0.00,30.6502,30.5313,30.4607,30.3398,39526846,1460366,2015812,39512092.0000,1460269.8750,2008513.6250,-32768,12854,-110
00:53:06,1998.91,30.83,1.57,3276.70,0.00,30.6584,30.5390,30.4691,30.3477,39536371,1460366,2019293,39512092.0000,1460303.7500,2009074.2500,-32768,12854,-110
00:53:08,1998.91,30.85,1.57,3276.70,0.00,30.6584,30.5505,30.4820,30.3594,39536076,1460589,2018751,39515572.0000,1460322.2500,2009074.2500,-32768,12854,-110
00:53:11,2004.34,30.86,1.57,3276.70,0.00,30.6584,30.5622,30.4820,30.3752,39536076,1460601,2018751,39518752.0000,1460358.7500,2011088.7500,-32768,12854,-110
00:53:14,1998.91,30.88,1.55,3276.70,0.00,30.6584,30.5780,30.4820,30.3912,39537355,1460353,2019608,39520476.0000,1460361.3750,2011088.7500,-32768,12854,-110
00:53:15,1998.91,30.89,1.55,3276.70,0.00,30.7105,30.5860,30.4820,30.3993,39539567,1460398,2020770,39521628.0000,1460363.3750,2012433.2500,-32768,12854,-110
00:53:17,1998.91,30.90,1.55,3276.70,0.00,30.7193,30.5940,30.5296,30.4034,39540229,1460360,2021221,39521628.0000,1460364.1250,2012433.2500,-32768,12854,-110
00:53:19,1998.91,30.91,1.55,3276.70,0.00,30.7277,30.6021,30.5381,30.4115,39540168,1460497,2020320,39523296.0000,1460364.1250,2012433.2500,-32768,12854,-110
00:53:22,1998.91,30.92,1.55,3276.70,0.00,30.7277,30.6183,30.5381,30.4278,39543102,1460326,2025740,39525464.0000,1460370.0000,2014697.6250,-32768,12854,-110
00:53:23,1998.91,30.94,1.54,3276.70,0.00,30.7544,30.6265,30.5644,30.4360,39543496,1460314,2023734,39526600.0000,1460368.2500,2014980.0000,-32768,12854,-110
00:53:24,1998.91,30.95,1.54,3276.70,0.00,30.7628,30.6347,30.5733,30.4443,39543784,1460489,2024382,39527672.0000,1460372.3750,2015548.5000,-32768,12854,-110
00:53:25,1998.91,30.95,1.54,3276.70,0.00,30.7671,30.6388,30.5775,30.4484,39545147,1460370,2027874,39528216.0000,1460372.3750,2015933.7500,-32768,12854,-110
00:53:26,1998.91,30.96,1.54,3276.70,0.00,30.7758,30.6471,30.5863,30.4568,39546139,1460413,2024582,39529352.0000,1460375.0000,2016402.7500,-32768,12854,-110
00:53:27,1998.91,30.97,1.53,3276.70,0.00,30.7800,30.6512,30.5911,30.4609,39548154,1460474,2023940,39529936.0000,1460378.1250,2016638.3750,-32768,12854,-110
00:53:29,1998.91,30.97,1.54,3276.70,0.00,30.7847,30.6512,30.6002,30.4693,39548061,1460412,2029979,39531052.0000,1460381.1250,2017301.1250,-32768,12854,-110
00:53:30,1998.91,30.98,1.54,3276.70,0.00,30.7939,30.6637,30.6046,30.4736,39549767,1460508,2029979,39532200.0000,1460391.1250,2017810.0000,-32768,12854,-110
00:53:33,1998.91,30.98,1.53,3276.70,0.00,30.7939,30.6763,30.6180,30.4862,39550252,1460457,2027474,39532200.0000,1460397.7500,2018769.8750,-32768,12854,-110
00:53:34,1998.91,31.01,1.52,3276.70,0.00,30.8167,30.6847,30.6275,30.4947,39551477,1460387,2025429,39534368.0000,1460397.5000,2018978.0000,-32768,12854,-110
00:53:36,1998.91,31.01,1.52,3276.70,0.00,30.8211,30.6890,30.6316,30.4990,39551771,1460356,2025429,39534368.0000,1460397.5000,2019605.8750,-32768,12854,-110
00:53:37,1998.91,31.02,1.52,3276.70,0.00,30.8345,30.7018,30.6455,30.5118,39553533,1460417,2032148,39536592.0000,1460401.7500,2019605.8750,-32768,12854,-110
00:53:40,1998.91,31.03,1.52,3276.70,0.00,30.8345,30.7103,30.6455,30.5247,39553533,1460557,2030091,39538780.0000,1460401.7500,2019605.8750,-32768,12854,-110
00:53:41,1998.91,31.05,1.52,3276.70,0.00,30.8575,30.7232,30.6680,30.5334,39558733,1460497,2030276,39540024.0000,1460426.5000,2021971.3750,-32768,12854,-110
00:53:44,1998.91,31.05,1.52,3276.70,0.00,30.8671,30.7232,30.6773,30.5334,39559634,1460557,2031827,39541196.0000,1460434.6250,2022589.3750,-32768,12854,-110
00:53:47,1998.91,31.07,1.51,3276.70,0.00,30.8671,30.7493,30.6773,30.5595,39559634,1460444,2032673,39543500.0000,1460442.6250,2023837.1250,-32768,12854,-110
00:53:49,1998.91,31.09,1.51,3276.70,0.00,30.8671,30.7669,30.7148,30.5772,39559634,1460485,2033499,39545968.0000,1460438.6250,2025087.2500,-32768,12854,-110
00:53:51,1993.48,31.11,1.51,3276.70,0.00,30.9133,30.7757,30.7242,30.5861,39564194,1460605,2034099,39546536.0000,1460443.8750,2025368.8750,-32768,12854,-110
00:53:53,1998.91,31.12,1.51,3276.70,0.00,30.9228,30.7846,30.7333,30.5950,39566768,1460640,2036092,39548336.0000,1460456.2500,2026249.6250,-32768,12854,-110
00:53:54,1998.91,31.13,1.50,3276.70,0.00,30.9323,30.7936,30.7428,30.6039,39567049,1460625,2035621,39548920.0000,1460456.2500,2026842.7500,-32768,12854,-110
00:53:56,1998.91,31.14,1.50,3276.70,0.00,30.9414,30.8025,30.7520,30.6039,39568143,1460424,2036190,39550688.0000,1460466.1250,2027393.0000,-32768,12854,-110
00:53:57,1998.91,31.15,1.50,3276.70,0.00,30.9509,30.8114,30.7618,30.6218,39568911,1460498,2036347,39551256.0000,1460467.1250,2027672.8750,-32768,12854,-110
00:54:00,1998.91,31.16,1.50,3276.70,0.00,30.9603,30.8204,30.7618,30.6352,39568911,1460518,2039195,39552964.0000,1460468.8750,2028710.2500,-32768,12854,-110
00:54:02,1998.91,31.18,1.50,3276.70,0.00,30.9603,30.8384,30.7618,30.6534,39573648,1460467,2039457,39555308.0000,1460470.7500,2029849.2500,-32768,12854,-110
00:54:03,1998.91,31.19,1.49,3276.70,0.00,30.9888,30.8475,30.7991,30.6579,39574002,1460519,2040165,39555892.0000,1460472.2500,2030171.6250,-32768,12854,-110
00:54:06,1998.91,31.20,1.49,3276.70,0.00,30.9934,30.8520,30.7991,30.6670,39574002,1460591,2037231,39555892.0000,1460477.0000,2031079.2500,-32768,12854,-110
00:54:08,1998.91,31.20,1.49,3276.70,0.00,31.0124,30.8520,30.8279,30.6853,39577849,1460508,2040614,39559436.0000,1460483.8750,2031940.5000,-32768,12854,-110
00:54:11,1998.91,31.23,1.49,3276.70,0.00,31.0124,30.8794,30.8279,30.6944,39577849,1460472,2041954,39561264.0000,1460480.8750,2032831.2500,-32768,12854,-110
00:54:13,1998.91,31.24,1.49,3276.70,0.00,31.0411,30.8978,30.8279,30.7082,39577849,1460710,2040312,39563024.0000,1460490.0000,2033643.5000,-32768,12854,-110
00:54:15,1998.91,31.26,1.47,3276.70,0.00,31.0502,30.8978,30.8658,30.7082,39582850,1460710,2045145,39564872.0000,1460497.2500,2034744.0000,-32768,12854,-110
00:54:18,1998.91,31.27,1.47,3276.70,0.00,31.0695,30.9254,30.8805,30.7082,39583951,1460710,2048625,39566656.0000,1460505.5000,2035739.3750,-32768,12854,-110
00:54:19,1998.91,31.29,1.47,3276.70,0.00,31.0795,30.9254,30.8948,30.7499,39588268,1460561,2047269,39567940.0000,1460507.2500,2036447.2500,-32768,12854,-110
00:54:21,1998.91,31.30,1.47,3276.70,0.00,31.0888,30.9440,30.8995,30.7499,39589161,1460765,2044248,39569248.0000,1460519.5000,2037017.2500,-32768,12854,-110
00:54:23,1998.91,31.31,1.47,3276.70,0.00,31.0888,30.9580,30.9141,30.7686,39590298,1460584,2048749,39569248.0000,1460526.7500,2038098.0000,-32768,12854,-110
00:54:24,1998.91,31.32,1.46,3276.70,0.00,31.1129,30.9673,30.9234,30.7779,39591442,1460584,2047169,39571796.0000,1460536.2500,2038626.8750,-32768,12854,-110
00:54:25,1998.91,31.33,1.47,3276.70,0.00,31.1175,30.9720,30.9282,30.7826,39592935,1460611,2052662,39573056.0000,1460538.6250,2039065.5000,-32768,12854,-110
00:54:28,1998.91,31.34,1.47,3276.70,0.00,31.1273,30.9814,30.9282,30.7920,39592935,1460665,2049897,39574344.0000,1460548.3750,2039724.2500,-32768,12854,-110
00:54:30,1998.91,31.34,1.46,3276.70,0.00,31.1416,30.9814,30.9523,30.7920,39595506,1460665,2049897,39576924.0000,1460558.2500,2041058.1250,-32768,12854,-110
00:54:32,1998.91,31.36,1.46,3276.70,0.00,31.1416,31.0143,30.9719,30.8250,39598156,1460662,2051890,39576924.0000,1460558.2500,2041686.6250,-32768,12854,-110
00:54:36,1993.48,31.38,1.46,3276.70,0.00,31.1416,31.0285,30.9719,30.8391,39598156,1460783,2053342,39580740.0000,1460558.2500,2043431.2500,-32768,12854,-110
00:54:38,1998.91,31.38,1.46,3276.70,0.00,31.1416,31.0285,31.0061,30.8391,39603134,1460639,2057267,39582748.0000,1460600.8750,2044148.3750,-32768,12854,-110
00:54:39,1998.91,31.41,1.45,3276.70,0.00,31.1996,31.0521,31.0111,30.8391,39604279,1460787,2055697,39584048.0000,1460607.1250,2044825.8750,-32768,12854,-110
00:54:43,1998.91,31.43,1.45,3276.70,0.00,31.1996,31.0664,31.0111,30.8819,39604279,1460771,2057116,39586680.0000,1460631.1250,2046207.6250,-32768,12854,-110
00:54:45,1998.91,31.45,1.45,3276.70,0.00,31.2343,31.0664,31.0453,30.8819,39610198,1460672,2054828,39588740.0000,1460644.8750,2047145.7500,-32768,12854,-110
00:54:47,1998.91,31.46,1.44,3276.70,0.00,31.2438,31.0950,31.0553,30.9059,39611482,1460702,2059932,39588740.0000,1460650.0000,2047880.6250,-32768,12854,-110
00:54:50,1993.48,31.47,1.45,3276.70,0.00,31.2587,31.1094,31.0553,30.9251,39611482,1460793,2057193,39592200.0000,1460661.0000,2048833.3750,-32768,12854,-110
00:54:51,1993.48,31.49,1.45,3276.70,0.00,31.2738,31.1238,31.0850,30.9348,39614365,1460743,2060171,39594224.0000,1460666.5000,2049882.8750,-32768,12854,-110
00:54:54,1998.91,31.50,1.44,3276.70,0.00,31.2835,31.1238,31.0995,30.9348,39616900,1460880,2057462,39595608.0000,1460666.5000,2050812.5000,-32768,12854,-110
00:54:56,1998.91,31.52,1.44,3276.70,0.00,31.3033,31.1528,31.1148,30.9639,39617175,1460899,2061727,39597596.0000,1460666.5000,2050812.5000,-32768,12854,-110
00:54:56,1993.48,31.53,1.44,3276.70,0.00,31.3085,31.1577,31.1198,30.9687,39617787,1460886,2061441,39598228.0000,1460697.7500,2051795.1250,-32768,12854,-110
00:54:57,1993.48,31.53,1.43,3276.70,0.00,31.3134,31.1625,31.1298,30.9784,39621478,1460749,2062444,39599576.0000,1460704.0000,2052416.0000,-32768,12854,-110
00:55:00,1993.48,31.55,1.43,3276.70,0.00,31.3232,31.1625,31.1298,30.9881,39621478,1460957,2062444,39601676.0000,1460725.5000,2053492.8750,-32768,12854,-110
00:55:02,1993.48,31.56,1.43,3276.70,0.00,31.3414,31.1915,31.1534,31.0027,39624300,1461039,2061794,39603056.0000,1460744.2500,2054093.5000,-32768,12854,-110
00:55:03,1988.05,31.57,1.43,3276.70,0.00,31.3457,31.1963,31.1581,31.0075,39623848,1461079,2064758,39603704.0000,1460744.2500,2054093.5000,-32768,12854,-110
00:55:05,1998.91,31.58,1.43,3276.70,0.00,31.3537,31.1963,31.1668,31.0075,39625869,1460916,2068172,39605656.0000,1460744.2500,2055719.1250,-32768,12854,-110
00:55:07,2009.78,31.59,1.43,3276.70,0.00,31.3678,31.2200,31.1817,31.0316,39625902,1460695,2066032,39606888.0000,1460768.5000,2056041.5000,-32768,12854,-110
00:55:09,2015.21,31.59,1.44,3276.70,0.00,31.3806,31.2297,31.1936,31.0413,39624364,1460486,2070887,39608520.0000,1460745.0000,2057213.3750,-32768,12854,-110
00:55:10,2020.64,31.59,1.43,3276.70,0.00,31.3955,31.2396,31.1936,31.0562,39631001,1460593,2068776,39609824.0000,1460736.7500,2057828.6250,-32768,12854,-110
00:55:14,2020.64,31.59,1.42,3276.70,0.00,31.3955,31.2396,31.2234,31.0562,39637004,1460694,2073114,39612100.0000,1460736.7500,2057828.6250,-32768,12854,-110
00:55:15,2020.64,31.59,1.40,3276.70,0.00,31.4359,31.2709,31.2404,31.0815,39641842,1461185,2070872,39614624.0000,1460760.8750,2060017.7500,-32768,12854,-110
00:55:17,2009.78,31.66,1.39,3276.70,0.00,31.4473,31.2709,31.2578,31.0970,39645722,1461397,2074668,39616440.0000,1460797.5000,2060826.8750,-32768,12854,-110
00:55:19,1998.91,31.68,1.39,3276.70,0.00,31.4561,31.2921,31.2629,31.1073,39649558,1461697,2075414,39618396.0000,1460851.3750,2061674.8750,-32768,12854,-110
00:55:22,1998.91,31.68,1.41,3276.70,0.00,31.4561,31.3076,31.2629,31.1223,39650833,1462009,2074083,39618396.0000,1460851.3750,2063222.1250,-32768,12854,-110
00:55:24,1993.48,31.70,1.42,3276.70,0.00,31.4748,31.3076,31.2889,31.1223,39649418,1461805,2076029,39624768.0000,1461065.8750,2064341.3750,-32768,12854,-110
00:55:25,1993.48,31.72,1.43,3276.70,0.00,31.4862,31.3369,31.2968,31.1467,39650412,1461810,2072653,39625568.0000,1461089.1250,2064601.1250,-32768,12854,-110
00:55:27,1993.48,31.72,1.43,3276.70,0.00,31.4898,31.3417,31.3011,31.1515,39651268,1461640,2072653,39625568.0000,1461126.2500,2065366.1250,-32768,12854,-110
00:55:30,1988.05,31.74,1.42,3276.70,0.00,31.4898,31.3606,31.3011,31.1754,39651268,1461375,2072653,39631120.0000,1461183.3750,2067114.5000,-32768,12854,-110
00:55:32,1993.48,31.76,1.42,3276.70,0.00,31.5214,31.3748,31.3320,31.1849,39655843,1461400,2078041,39632636.0000,1461192.7500,2067781.1250,-32768,12854,-110
00:55:34,2004.34,31.76,1.42,3276.70,0.00,31.5318,31.3843,31.3428,31.1944,39655801,1461258,2075391,39633360.0000,1461194.7500,2067781.1250,-32768,12854,-110
00:55:35,2004.34,31.78,1.42,3276.70,0.00,31.5435,31.3938,31.3428,31.2040,39654193,1460870,2078938,39635272.0000,1461194.7500,2069095.6250,-32768,12854,-110
00:55:37,2004.34,31.78,1.41,3276.70,0.00,31.5603,31.4084,31.3699,31.2185,39656265,1460913,2076648,39636500.0000,1461147.2500,2069647.6250,-32768,12854,-110
00:55:38,2004.34,31.78,1.41,3276.70,0.00,31.5658,31.4133,31.3742,31.2234,39657857,1460703,2083353,39637808.0000,1461119.8750,2070439.6250,-32768,12854,-110
00:55:41,2004.34,31.81,1.41,3276.70,0.00,31.5658,31.4282,31.3742,31.2380,39659976,1460867,2083120,39639100.0000,1461103.2500,2071202.2500,-32768,12854,-110
00:55:43,2009.78,31.83,1.39,3276.70,0.00,31.5658,31.4432,31.3742,31.2527,39663408,1461103,2083239,39641136.0000,1461090.0000,2072293.8750,-32768,12854,-110
00:55:44,2009.78,31.83,1.37,3276.70,0.00,31.6040,31.4432,31.4150,31.2624,39665281,1461116,2083756,39642576.0000,1461093.6250,2073009.5000,-32768,12854,-110
00:55:46,2009.78,31.85,1.38,3276.70,0.00,31.6199,31.4632,31.4251,31.2723,39666456,1461120,2083756,39644016.0000,1461097.7500,2073697.6250,-32768,12854,-110
00:55:48,2009.78,31.86,1.38,3276.70,0.00,31.6291,31.4732,31.4251,31.2723,39669667,1461334,2086125,39646240.0000,1461115.3750,2074749.0000,-32768,12854,-110
00:55:51,2009.78,31.87,1.37,3276.70,0.00,31.6378,31.4832,31.4251,31.2967,39669667,1461343,2089780,39648436.0000,1461138.1250,2075870.5000,-32768,12854,-110
00:55:52,2009.78,31.89,1.37,3276.70,0.00,31.6527,31.4981,31.4583,31.3064,39671723,1461362,2086992,39649160.0000,1461145.1250,2076218.0000,-32768,12854,-110
00:55:53,2009.78,31.89,1.37,3276.70,0.00,31.6578,31.5030,31.4633,31.3113,39672039,1461352,2086992,39650592.0000,1461161.3750,2076797.2500,-32768,12854,-110
00:55:55,2009.78,31.90,1.37,3276.70,0.00,31.6578,31.5179,31.4778,31.3259,39673129,1461356,2087685,39651968.0000,1461174.2500,2077565.8750,-32768,12854,-110
00:55:59,2009.78,31.91,1.36,3276.70,0.00,31.6578,31.5329,31.4778,31.3407,39673129,1461357,2087685,39651968.0000,1461205.8750,2077565.8750,-32768,12854,-110
00:56:00,2009.78,31.94,1.36,3276.70,0.00,31.7044,31.5329,31.5169,31.3407,39677388,1461487,2091780,39656936.0000,1461230.6250,2080074.0000,-32768,12854,-110
00:56:02,2009.78,31.94,1.36,3276.70,0.00,31.7208,31.5631,31.5290,31.3708,39679021,1461356,2091780,39658964.0000,1461250.1250,2081069.2500,-32768,12854,-110
00:56:06,2009.78,31.96,1.36,3276.70,0.00,31.7208,31.5784,31.5290,31.3861,39679021,1461561,2091780,39661888.0000,1461281.6250,2082406.1250,-32768,12854,-110
00:56:07,2009.78,31.98,1.35,3276.70,0.00,31.7527,31.5937,31.5622,31.4016,39685269,1461524,2093469,39662620.0000,1461281.6250,2082406.1250,-32768,12854,-110
00:56:10,2009.78,31.99,1.35,3276.70,0.00,31.7527,31.6090,31.5622,31.4171,39685269,1461454,2097194,39665336.0000,1461319.3750,2084172.5000,-32768,12854,-110
00:56:13,2009.78,32.01,1.33,3276.70,0.00,31.7527,31.6244,31.5622,31.4380,39687699,1461337,2096788,39667372.0000,1461333.0000,2084172.5000,-32768,12854,-110
00:56:14,2004.34,32.02,1.33,3276.70,0.00,31.7951,31.6244,31.6109,31.4484,39689480,1461407,2098531,39667372.0000,1461333.0000,2086349.7500,-32768,12854,-110
00:56:16,2004.34,32.02,1.32,3276.70,0.00,31.8107,31.6244,31.6215,31.4484,39690568,1461484,2099223,39670680.0000,1461352.3750,2087106.6250,-32768,12854,-110
00:56:18,2009.78,32.05,1.32,3276.70,0.00,31.8211,31.6604,31.6321,31.4484,39692868,1461408,2099065,39672024.0000,1461358.7500,2087823.3750,-32768,12854,-110
00:56:21,2009.78,32.05,1.32,3276.70,0.00,31.8211,31.6759,31.6321,31.4851,39692868,1461566,2100408,39674092.0000,1461372.5000,2088907.8750,-32768,12854,-110
00:56:22,2009.78,32.08,1.31,3276.70,0.00,31.8525,31.6914,31.6637,31.5008,39696030,1461450,2101144,39675440.0000,1461381.3750,2089658.0000,-32768,12854,-110
00:56:24,2009.78,32.08,1.31,3276.70,0.00,31.8577,31.6966,31.6687,31.5060,39697507,1461534,2101087,39675440.0000,1461388.1250,2090391.3750,-32768,12854,-110
00:56:26,2004.34,32.10,1.31,3276.70,0.00,31.8577,31.7122,31.6845,31.5217,39699589,1461507,2103251,39678144.0000,1461393.5000,2091133.3750,-32768,12854,-110
00:56:27,2009.78,32.11,1.31,3276.70,0.00,31.8842,31.7122,31.7002,31.5374,39702022,1461560,2102202,39680224.0000,1461404.2500,2092098.3750,-32768,12854,-110
00:56:30,2009.78,32.12,1.31,3276.70,0.00,31.8945,31.7330,31.7002,31.5479,39703340,1461612,2105693,39681604.0000,1461416.1250,2092098.3750,-32768,12854,-110
00:56:33,2009.78,32.13,1.31,3276.70,0.00,31.8945,31.7538,31.7002,31.5636,39703340,1461515,2105747,39684344.0000,1461432.3750,2094261.6250,-32768,12854,-110
00:56:36,2004.34,32.15,1.30,3276.70,0.00,31.8945,31.7746,31.7002,31.5845,39703340,1461497,2107400,39687040.0000,1461449.0000,2095820.7500,-32768,12854,-110
00:56:39,2009.78,32.17,1.30,3276.70,0.00,31.8945,31.7902,31.7002,31.6055,39703340,1461752,2110153,39689840.0000,1461470.2500,2097357.5000,-32768,12854,-110
00:56:42,2004.34,32.19,1.29,3276.70,0.00,31.8945,31.8109,31.7002,31.6264,39703340,1461809,2109765,39692652.0000,1461505.5000,2098965.2500,-32768,12854,-110
00:56:44,2004.34,32.21,1.29,3276.70,0.00,31.9883,31.8265,31.7002,31.6420,39716260,1461671,2107684,39694064.0000,1461512.7500,2099577.7500,-32768,12854,-110
00:56:46,2009.78,32.22,1.29,3276.70,0.00,31.9990,31.8369,31.7002,31.6524,39716260,1461536,2115307,39695372.0000,1461515.6250,2100415.5000,-32768,12854,-110
00:56:48,2009.78,32.23,1.29,3276.70,0.00,32.0150,31.8578,31.8303,31.6680,39718917,1461662,2115307,39695372.0000,1461515.6250,2101791.7500,-32768,12854,-110
00:56:50,2004.34,32.24,1.28,3276.70,0.00,32.0305,31.8683,31.8405,31.6784,39719586,1461680,2111796,39699480.0000,1461549.7500,2102566.7500,-32768,12854,-110
00:56:51,2009.78,32.25,1.28,3276.70,0.00,32.0411,31.8787,31.8505,31.6888,39721274,1461847,2114565,39700160.0000,1461559.0000,2102941.7500,-32768,12854,-110
00:56:53,2009.78,32.26,1.27,3276.70,0.00,32.0463,31.8840,31.8557,31.6888,39721505,1461847,2118545,39702136.0000,1461574.5000,2102941.7500,-32768,12854,-110
00:56:55,2004.34,32.27,1.28,3276.70,0.00,32.0623,31.8996,31.8712,31.6888,39724627,1461717,2115753,39703456.0000,1461574.5000,2105112.0000,-32768,12854,-110
00:56:58,2009.78,32.28,1.27,3276.70,0.00,32.0779,31.8996,31.8918,31.6888,39724894,1461717,2115214,39706116.0000,1461607.7500,2106199.5000,-32768,12854,-110
00:57:00,2009.78,32.30,1.25,3276.70,0.00,32.0939,31.9311,31.8918,31.7459,39724894,1461823,2117572,39707520.0000,1461620.7500,2106883.2500,-32768,12854,-110
00:57:02,2009.78,32.31,1.25,3276.70,0.00,32.1094,31.9311,31.9173,31.7459,39730518,1461768,2117760,39709464.0000,1461645.2500,2107963.7500,-32768,12854,-110
00:57:03,2009.78,32.33,1.25,3276.70,0.00,32.1252,31.9625,31.9327,31.7717,39734029,1461761,2120025,39710920.0000,1461652.2500,2108727.2500,-32768,12854,-110
00:57:06,2009.78,32.34,1.25,3276.70,0.00,32.1302,31.9677,31.9377,31.7769,39733446,1461892,2120025,39712312.0000,1461663.1250,2108727.2500,-32768,12854,-110
00:57:07,2004.34,32.35,1.24,3276.70,0.00,32.1459,31.9834,31.9377,31.7769,39735469,1461877,2121535,39713712.0000,1461678.6250,2110552.7500,-32768,12854,-110
00:57:09,2009.78,32.35,1.24,3276.70,0.00,32.1563,31.9939,31.9629,31.8027,39736159,1461857,2121745,39715084.0000,1461678.6250,2110552.7500,-32768,12854,-110
00:57:10,2009.78,32.36,1.24,3276.70,0.00,32.1666,32.0043,31.9733,31.8130,39738072,1461868,2122787,39716500.0000,1461700.1250,2111648.0000,-32768,12854,-110
00:57:13,2009.78,32.37,1.23,3276.70,0.00,32.1721,32.0096,31.9733,31.8233,39739228,1461868,2125076,39716500.0000,1461718.8750,2112842.7500,-32768,12854,-110
00:57:15,2009.78,32.39,1.23,3276.70,0.00,32.1928,32.0096,31.9987,31.8233,39741889,1461891,2125143,39720720.0000,1461740.1250,2113983.5000,-32768,12854,-110
00:57:18,2004.34,32.40,1.23,3276.70,0.00,32.1928,32.0460,31.9987,31.8593,39741889,1461891,2129183,39723492.0000,1461765.6250,2113983.5000,-32768,12854,-110
00:57:21,2009.78,32.43,1.23,3276.70,0.00,32.2289,32.0668,31.9987,31.8746,39741889,1461945,2127707,39723492.0000,1461789.3750,2116787.5000,-32768,12854,-110
00:57:23,2009.78,32.45,1.22,3276.70,0.00,32.2442,32.0823,31.9987,31.8900,39741889,1461931,2127707,39728264.0000,1461799.2500,2117972.7500,-32768,12854,-110
00:57:25,2009.78,32.45,1.22,3276.70,0.00,32.2596,32.0979,32.0643,31.9054,39748861,1461861,2130318,39728908.0000,1461801.1250,2118358.7500,-32768,12854,-110
00:57:26,2009.78,32.47,1.22,3276.70,0.00,32.2697,32.1083,32.0740,31.9155,39750146,1462010,2132492,39730244.0000,1461817.1250,2119072.0000,-32768,12854,-110
00:57:27,2009.78,32.47,1.22,3276.70,0.00,32.2749,32.1135,32.0789,31.9206,39752006,1461962,2130744,39730924.0000,1461821.6250,2119436.7500,-32768,12854,-110
00:57:29,2004.34,32.48,1.21,3276.70,0.00,32.2798,32.1187,32.0789,31.9308,39752066,1461974,2132471,39732224.0000,1461830.7500,2120198.0000,-32768,12854,-110
00:57:30,2009.78,32.48,1.21,3276.70,0.00,32.2951,32.1342,32.0985,31.9409,39753955,1461913,2134907,39733532.0000,1461830.7500,2121302.0000,-32768,12854,-110
00:57:32,2009.78,32.50,1.21,3276.70,0.00,32.3002,32.1394,32.1032,31.9460,39753640,1462125,2130873,39734848.0000,1461830.7500,2121302.0000,-32768,12854,-110
00:57:35,2004.34,32.51,1.21,3276.70,0.00,32.3002,32.1548,32.1032,31.9661,39753640,1462094,2134015,39737544.0000,1461879.1250,2123104.5000,-32768,12854,-110
00:57:37,2009.78,32.52,1.21,3276.70,0.00,32.3278,32.1548,32.1353,31.9661,39761819,1462128,2137278,39739676.0000,1461894.6250,2124230.0000,-32768,12854,-110
00:57:39,2009.78,32.53,1.21,3276.70,0.00,32.3411,32.1851,32.1353,31.9957,39761819,1462126,2134967,39741056.0000,1461909.3750,2125139.5000,-32768,12854,-110
00:57:42,2009.78,32.54,1.21,3276.70,0.00,32.3411,32.2049,32.1353,32.0103,39764801,1462125,2134967,39741056.0000,1461937.5000,2126215.2500,-32768,12854,-110
00:57:44,2009.78,32.56,1.20,3276.70,0.00,32.3645,32.2145,32.1675,32.0245,39766525,1462240,2138525,39745204.0000,1461955.5000,2126215.2500,-32768,12854,-110
00:57:46,2009.78,32.58,1.20,3276.70,0.00,32.3759,32.2288,32.1790,32.0338,39767226,1461999,2141270,39746516.0000,1461955.5000,2128028.0000,-32768,12854,-110
00:57:47,2009.78,32.58,1.18,3276.70,0.00,32.3798,32.2335,32.1832,32.0338,39769535,1462098,2138465,39747928.0000,1461955.5000,2128673.7500,-32768,12854,-110
00:57:50,2009.78,32.60,1.18,3276.70,0.00,32.3906,32.2335,32.1832,32.0568,39771109,1462098,2138465,39750752.0000,1461981.6250,2129683.0000,-32768,12854,-110
00:57:52,2009.78,32.60,1.18,3276.70,0.00,32.4023,32.2610,32.2060,32.0658,39774117,1462130,2139868,39751480.0000,1461986.2500,2129683.0000,-32768,12854,-110
00:57:53,2004.34,32.62,1.18,3276.70,0.00,32.4098,32.2700,32.2137,32.0748,39774344,1462010,2141253,39752884.0000,1461988.8750,2130667.5000,-32768,12854,-110
00:57:55,2009.78,32.62,1.18,3276.70,0.00,32.4098,32.2834,32.2137,32.0881,39777034,1461909,2144407,39755696.0000,1461977.1250,2132017.0000,-32768,12854,-110
00:57:57,2009.78,32.64,1.18,3276.70,0.00,32.4258,32.2878,32.2337,32.0969,39777034,1461746,2143539,39756392.0000,1461969.8750,2132377.2500,-32768,12854,-110
00:57:59,2009.78,32.64,1.18,3276.70,0.00,32.4380,32.2878,32.2419,32.0969,39780978,1461935,2142690,39758468.0000,1461967.5000,2133291.7500,-32768,12854,-110
00:58:01,2004.34,32.66,1.18,3276.70,0.00,32.4508,32.3143,32.2545,32.1188,39783894,1462072,2143287,39760008.0000,1461975.2500,2134120.2500,-32768,12854,-110
00:58:02,2009.78,32.67,1.18,3276.70,0.00,32.4594,32.3230,32.2631,32.1275,39785002,1461980,2147213,39761532.0000,1461975.3750,2134529.5000,-32768,12854,-110
00:58:05,2009.78,32.68,1.18,3276.70,0.00,32.4594,32.3318,32.2631,32.1406,39786527,1461945,2145687,39763792.0000,1461966.5000,2135559.2500,-32768,12854,-110
00:58:06,2009.78,32.69,1.17,3276.70,0.00,32.4773,32.3405,32.2807,32.1450,39788299,1461950,2143088,39764560.0000,1461966.0000,2135794.5000,-32768,12854,-110
00:58:08,2004.34,32.70,1.17,3276.70,0.00,32.4865,32.3405,32.2807,32.1581,39789351,1461725,2147375,39766760.0000,1461966.0000,2137234.2500,-32768,12854,-110
00:58:10,2009.78,32.71,1.17,3276.70,0.00,32.5002,32.3626,32.3033,32.1669,39793395,1461976,2145971,39768304.0000,1461966.0000,2137908.5000,-32768,12854,-110
00:58:11,2009.78,32.72,1.17,3276.70,0.00,32.5095,32.3714,32.3127,32.1669,39795575,1461818,2148565,39770740.0000,1461936.1250,2138529.2500,-32768,12854,-110
00:58:13,2009.78,32.73,1.17,3276.70,0.00,32.5095,32.3803,32.3127,32.1889,39796684,1461912,2146684,39772344.0000,1461931.7500,2139128.5000,-32768,12854,-110
00:58:15,2009.78,32.73,1.16,3276.70,0.00,32.5285,32.3892,32.3311,32.1977,39798147,1461913,2148951,39773896.0000,1461927.2500,2139777.7500,-32768,12854,-110
00:58:16,2009.78,32.75,1.16,3276.70,0.00,32.5371,32.3981,32.3402,32.2021,39798147,1461830,2151283,39774704.0000,1461924.2500,2140137.2500,-32768,12854,-110
00:58:19,2004.34,32.76,1.16,3276.70,0.00,32.5371,32.4116,32.3402,32.2200,39802782,1462028,2151287,39777852.0000,1461921.6250,2141429.2500,-32768,12854,-110
00:58:22,2009.78,32.78,1.16,3276.70,0.00,32.5609,32.4206,32.3402,32.2289,39802782,1462011,2151287,39780292.0000,1461926.0000,2142449.7500,-32768,12854,-110
00:58:23,2009.78,32.79,1.16,3276.70,0.00,32.5609,32.4387,32.3825,32.2468,39806401,1461944,2153078,39782624.0000,1461923.7500,2143461.0000,-32768,12854,-110
00:58:26,2009.78,32.80,1.15,3276.70,0.00,32.5892,32.4387,32.3963,32.2468,39808996,1461944,2157208,39785000.0000,1461920.6250,2144413.0000,-32768,12854,-110
00:58:28,2004.34,32.82,1.15,3276.70,0.00,32.6033,32.4614,32.3963,32.2694,39811439,1461934,2155544,39786568.0000,1461919.2500,2145095.5000,-32768,12854,-110
00:58:29,2009.78,32.82,1.15,3276.70,0.00,32.6128,32.4705,32.4157,32.2740,39811643,1461893,2155544,39788116.0000,1461919.3750,2145665.2500,-32768,12854,-110
00:58:32,2009.78,32.82,1.15,3276.70,0.00,32.6128,32.4843,32.4302,32.2740,39813389,1461907,2157721,39790420.0000,1461923.1250,2146823.7500,-32768,12854,-110
00:58:33,2004.34,32.85,1.15,3276.70,0.00,32.6370,32.4935,32.4397,32.2968,39815997,1461844,2157831,39791220.0000,1461920.6250,2146823.7500,-32768,12854,-110
00:58:36,2009.78,32.86,1.15,3276.70,0.00,32.6370,32.5073,32.4397,32.3153,39819538,1461923,2158958,39794388.0000,1461916.3750,2146823.7500,-32768,12854,-110
00:58:37,2009.78,32.88,1.14,3276.70,0.00,32.6609,32.5166,32.4638,32.3199,39818995,1461883,2158648,39795156.0000,1461915.3750,2148821.7500,-32768,12854,-110
00:58:40,2009.78,32.89,1.14,3276.70,0.00,32.6705,32.5259,32.4785,32.3337,39822970,1461911,2158648,39795156.0000,1461915.3750,2150268.5000,-32768,12854,-110
00:58:40,2004.34,32.90,1.14,3276.70,0.00,32.6850,32.5398,32.4879,32.3430,39824018,1461876,2161827,39799144.0000,1461915.0000,2150629.7500,-32768,12854,-110
00:58:42,2004.34,32.91,1.14,3276.70,0.00,32.6901,32.5445,32.4929,32.3477,39823822,1462018,2158868,39799916.0000,1461915.0000,2150629.7500,-32768,12854,-110
00:58:44,2009.78,32.92,1.14,3276.70,0.00,32.7001,32.5539,32.5025,32.3571,39825079,1461994,2162212,39801468.0000,1461921.0000,2152015.7500,-32768,12854,-110
00:58:46,2004.34,32.93,1.14,3276.70,0.00,32.7001,32.5680,32.5173,32.3711,39828952,1461797,2158923,39803920.0000,1461918.2500,2152530.7500,-32768,12854,-110
00:59:01,2004.34,32.97,1.13,3276.70,0.00,32.8068,32.6584,32.6098,32.4614,39851257,1462499,2170904,39820696.0000,1462059.5000,2159560.5000,-32768,12854,-110
00:59:03,2009.78,32.97,1.13,3276.70,0.00,32.8204,32.6727,32.6237,32.4757,39854924,1462604,2170821,39823748.0000,1462100.2500,2160335.5000,-32768,12854,-110
00:59:04,2009.78,32.96,1.11,3276.70,0.00,32.8250,32.6774,32.6284,32.4805,39854924,1462604,2172062,39824752.0000,1462132.5000,2161087.5000,-32768,12854,-110
00:59:07,2004.34,32.96,1.11,3276.70,0.00,32.8250,32.6915,32.6411,32.4946,39858061,1462467,2174301,39824752.0000,1462156.5000,2161087.5000,-32768,12854,-110
00:59:08,2004.34,32.96,1.11,3276.70,0.00,32.8465,32.7009,32.6502,32.5040,39859475,1462467,2174301,39830560.0000,1462197.6250,2162824.0000,-32768,12854,-110
00:59:11,2009.78,32.96,1.13,3276.70,0.00,32.8465,32.7148,32.6502,32.5180,39860387,1462467,2174301,39833332.0000,1462232.6250,2163800.2500,-32768,12854,-110
00:59:12,2004.34,32.97,1.11,3276.70,0.00,32.8681,32.7241,32.6502,32.5320,39863260,1462631,2175449,39835128.0000,1462255.3750,2164600.0000,-32768,12854,-110
00:59:14,2004.34,32.98,1.11,3276.70,0.00,32.8766,32.7333,32.6502,32.5366,39863575,1462665,2178326,39836912.0000,1462283.5000,2164600.0000,-32768,12854,-110
00:59:16,2009.78,33.00,1.11,3276.70,0.00,32.8853,32.7424,32.6897,32.5458,39865080,1462776,2176741,39837792.0000,1462283.5000,2165994.0000,-32768,12854,-110
00:59:17,2004.34,33.01,1.11,3276.70,0.00,32.8940,32.7424,32.7030,32.5596,39866731,1462631,2174855,39840368.0000,1462329.7500,2166598.5000,-32768,12854,-110
00:59:18,2004.34,33.02,1.11,3276.70,0.00,32.9031,32.7607,32.7076,32.5643,39866813,1462614,2180094,39841196.0000,1462338.6250,2167020.2500,-32768,12854,-110
00:59:20,2004.34,33.03,1.11,3276.70,0.00,32.9074,32.7653,32.7120,32.5689,39866966,1462752,2178104,39842768.0000,1462362.6250,2167721.0000,-32768,12854,-110
00:59:23,2004.34,33.04,1.10,3276.70,0.00,32.9207,32.7790,32.7120,32.5827,39866966,1462545,2180862,39845176.0000,1462384.0000,2168765.2500,-32768,12854,-110
00:59:24,2004.34,33.06,1.10,3276.70,0.00,32.9350,32.7927,32.7400,32.5965,39871212,1462644,2179843,39846744.0000,1462397.1250,2169442.7500,-32768,12854,-110
00:59:27,2004.34,33.08,1.10,3276.70,0.00,32.9350,32.8018,32.7493,32.6104,39871212,1462687,2183086,39849000.0000,1462397.1250,2169442.7500,-32768,12854,-110
00:59:29,2004.34,33.08,1.10,3276.70,0.00,32.9637,32.8018,32.7738,32.6289,39875312,1462750,2182643,39852004.0000,1462456.0000,2171828.2500,-32768,12854,-110
00:59:32,2004.34,33.12,1.09,3276.70,0.00,32.9637,32.8341,32.7738,32.6382,39875312,1462650,2182788,39854176.0000,1462478.3750,2172919.2500,-32768,12854,-110
00:59:34,2004.34,33.15,1.09,3276.70,0.00,32.9932,32.8481,32.7981,32.6523,39878053,1462715,2181978,39855672.0000,1462499.8750,2172919.2500,-32768,12854,-110
00:59:36,2004.34,33.16,1.09,3276.70,0.00,33.0030,32.8575,32.8085,32.6617,39880164,1462801,2181978,39857880.0000,1462515.1250,2174637.0000,-32768,12854,-110
00:59:37,2004.34,33.16,1.08,3276.70,0.00,33.0133,32.8575,32.8185,32.6617,39880741,1462648,2183125,39859268.0000,1462521.5000,2175222.2500,-32768,12854,-110
00:59:39,2004.34,33.19,1.08,3276.70,0.00,33.0236,32.8763,32.8286,32.6617,39882014,1462740,2185431,39860636.0000,1462521.5000,2175950.5000,-32768,12854,-110
00:59:41,2004.34,33.20,1.08,3276.70,0.00,33.0389,32.8905,32.8442,32.6950,39884184,1462747,2188161,39862080.0000,1462521.5000,2176931.2500,-32768,12854,-110
00:59:43,2009.78,33.21,1.08,3276.70,0.00,33.0490,32.9000,32.8442,32.6950,39886236,1462700,2189336,39864212.0000,1462559.2500,2177677.5000,-32768,12854,-110
00:59:44,2004.34,33.23,1.08,3276.70,0.00,33.0593,32.9096,32.8698,32.7192,39887029,1462710,2190565,39865624.0000,1462567.8750,2178530.5000,-32768,12854,-110
00:59:48,2004.34,33.24,1.08,3276.70,0.00,33.0593,32.9242,32.8698,32.7289,39887029,1462855,2190636,39867744.0000,1462567.8750,2179943.7500,-32768,12854,-110
00:59:51,2009.78,33.24,1.07,3276.70,0.00,33.0960,32.9242,32.8698,32.7485,39894716,1462803,2193229,39870788.0000,1462567.8750,2179943.7500,-32768,12854,-110
00:59:53,1998.91,33.24,1.07,3276.70,0.00,33.0960,32.9242,32.9174,32.7485,39896163,1462778,2192703,39873012.0000,1462628.2500,2182032.0000,-32768,12854,-110
00:59:55,1998.91,33.30,1.07,3276.70,0.00,33.0960,32.9733,32.9333,32.7782,39896699,1462746,2193351,39874472.0000,1462635.2500,2182032.0000,-32768,12854,-110
00:59:57,2004.34,33.32,1.07,3276.70,0.00,33.0960,32.9883,32.9333,32.7983,39900387,1462727,2200019,39877392.0000,1462645.7500,2184343.7500,-32768,12854,-110
00:59:59,2004.34,33.34,1.07,3276.70,0.00,33.1544,32.9883,32.9333,32.8084,39901144,1462679,2196762,39878812.0000,1462648.7500,2185115.5000,-32768,12854,-110
01:00:01,2004.34,33.35,1.06,3276.70,0.00,33.1652,32.9883,32.9766,32.8084,39903061,1462609,2206388,39880220.0000,1462644.6250,2186426.5000,-32768,12854,-110
01:00:02,2004.34,33.36,1.07,3276.70,0.00,33.1763,33.0185,32.9818,32.8084,39902592,1462856,2196530,39881608.0000,1462658.1250,2187171.5000,-32768,12854,-110
01:00:04,2004.34,33.38,1.06,3276.70,0.00,33.1873,33.0286,32.9933,32.8084,39904261,1462789,2199149,39882924.0000,1462658.1250,2188259.0000,-32768,12854,-110
01:00:06,2004.34,33.39,1.06,3276.70,0.00,33.2034,33.0440,33.0093,32.8493,39904152,1462811,2190226,39884292.0000,1462658.1250,2188456.7500,-32768,12854,-110
01:00:09,2004.34,33.40,1.06,3276.70,0.00,33.2034,33.0594,33.0093,32.8699,39904152,1462811,2202219,39887284.0000,1462692.8750,2189621.5000,-32768,12854,-110
01:00:10,1998.91,33.42,1.06,3276.70,0.00,33.2306,33.0697,33.0364,32.8751,39908344,1462999,2202219,39887284.0000,1462708.8750,2190620.7500,-32768,12854,-110
01:00:11,2004.34,33.44,1.04,3276.70,0.00,33.2414,33.0801,33.0474,32.8855,39914123,1462908,2203023,39889488.0000,1462715.1250,2191008.5000,-32768,12854,-110
01:00:13,1998.91,33.44,1.04,3276.70,0.00,33.2466,33.0853,33.0527,32.8907,39915344,1462793,2203051,39890296.0000,1462717.6250,2191384.7500,-32768,12854,-110
01:00:16,2004.34,33.45,1.04,3276.70,0.00,33.2466,33.1010,33.0527,32.9116,39916572,1462793,2205377,39893272.0000,1462718.2500,2191384.7500,-32768,12854,-110
01:00:18,1998.91,33.48,1.04,3276.70,0.00,33.2796,33.1010,33.0857,32.9116,39920584,1462886,2207300,39895648.0000,1462727.5000,2194644.5000,-32768,12854,-110
01:00:19,2004.34,33.48,1.04,3276.70,0.00,33.2966,33.1325,33.1024,32.9380,39920601,1462913,2207005,39897180.0000,1462727.5000,2194644.5000,-32768,12854,-110
01:00:21,1998.91,33.50,1.04,3276.70,0.00,33.3071,33.1430,33.1132,32.9485,39923147,1462880,2208915,39898752.0000,1462727.5000,2196667.5000,-32768,12854,-110
01:00:24,2004.34,33.50,1.03,3276.70,0.00,33.3179,33.1430,33.1293,32.9644,39924136,1463053,2209689,39898752.0000,1462781.3750,2197750.5000,-32768,12854,-110
01:00:26,1998.91,33.53,1.03,3276.70,0.00,33.3179,33.1748,33.1459,32.9857,39928449,1463211,2199589,39904132.0000,1462812.7500,2198254.7500,-32768,12854,-110
01:00:29,1998.91,33.54,1.04,3276.70,0.00,33.3179,33.1907,33.1459,32.9963,39928449,1462916,2199589,39907204.0000,1462825.1250,2200024.5000,-32768,12854,-110
01:00:32,1998.91,33.57,1.04,3276.70,0.00,33.3179,33.2121,33.1836,33.0176,39928449,1462959,2214185,39909536.0000,1462841.8750,2201200.5000,-32768,12854,-110
01:00:33,1998.91,33.58,1.02,3276.70,0.00,33.3842,33.2228,33.1944,33.0283,39933650,1463036,2214167,39910288.0000,1462847.8750,2201605.7500,-32768,12854,-110
01:00:36,1998.91,33.59,1.02,3276.70,0.00,33.3842,33.2335,33.1944,33.0443,39937350,1463036,2216418,39913420.0000,1462883.1250,2202920.7500,-32768,12854,-110
01:00:37,2004.34,33.61,1.02,3276.70,0.00,33.4175,33.2496,33.2217,33.0550,39937721,1463101,2215891,39914176.0000,1462883.1250,2203479.2500,-32768,12854,-110
01:00:39,1998.91,33.62,1.03,3276.70,0.00,33.4237,33.2550,33.2272,33.0550,39939153,1463101,2215891,39914176.0000,1462883.1250,2204017.7500,-32768,12854,-110
01:00:40,2004.34,33.64,1.02,3276.70,0.00,33.4406,33.2713,33.2451,33.0766,39940626,1463124,2217013,39917224.0000,1462939.2500,2204855.7500,-32768,12854,-110
01:00:41,1998.91,33.64,1.01,3276.70,0.00,33.4516,33.2822,33.2562,33.0875,39942432,1463037,2222271,39918732.0000,1462942.2500,2205399.7500,-32768,12854,-110
01:00:43,1998.91,33.65,1.02,3276.70,0.00,33.4572,33.2877,33.2619,33.0929,39943840,1462921,2219497,39919516.0000,1462942.2500,2206246.0000,-32768,12854,-110
01:00:45,1998.91,33.66,1.02,3276.70,0.00,33.4572,33.2877,33.2739,33.1038,39942988,1463180,2217143,39920956.0000,1462950.5000,2206586.5000,-32768,12854,-110
01:00:47,1998.91,33.67,1.01,3276.70,0.00,33.4820,33.2877,33.2866,33.1038,39944841,1463258,2208867,39923168.0000,1462974.0000,2207234.0000,-32768,12854,-110
01:00:48,1998.91,33.69,1.01,3276.70,0.00,33.4980,33.3262,33.3045,33.1314,39948123,1463071,2220418,39924668.0000,1462980.8750,2208069.0000,-32768,12854,-110
01:00:50,1998.91,33.70,1.01,3276.70,0.00,33.5107,33.3373,33.3161,33.1426,39951352,1463095,2216123,39926252.0000,1462984.6250,2208739.0000,-32768,12854,-110
01:00:52,1998.91,33.71,1.01,3276.70,0.00,33.5107,33.3486,33.3161,33.1595,39951352,1463163,2226790,39929064.0000,1463009.8750,2210411.0000,-32768,12854,-110
01:00:54,1998.91,33.71,1.01,3276.70,0.00,33.5399,33.3654,33.3470,33.1708,39953745,1463068,2233078,39929836.0000,1463011.7500,2211119.2500,-32768,12854,-110
01:00:56,1998.91,33.74,1.01,3276.70,0.00,33.5504,33.3654,33.3470,33.1878,39953720,1463149,2226499,39931984.0000,1463021.6250,2212614.7500,-32768,12854,-110
01:00:58,1998.91,33.75,1.01,3276.70,0.00,33.5504,33.3934,33.3470,33.1992,39953720,1463151,2238157,39934192.0000,1463030.7500,2214584.0000,-32768,12854,-110
01:01:00,1998.91,33.75,1.00,3276.70,0.00,33.5801,33.4046,33.3882,33.2106,39957834,1463163,2238157,39935672.0000,1463035.6250,2215483.5000,-32768,12854,-110
01:01:03,1998.91,33.79,1.00,3276.70,0.00,33.5910,33.4046,33.4062,33.2106,39961635,1463129,2232822,39937940.0000,1463035.6250,2215483.5000,-32768,12854,-110
01:01:06,1998.91,33.80,1.00,3276.70,0.00,33.5910,33.4384,33.4062,33.2507,39961635,1462968,2240599,39940912.0000,1463047.7500,2218769.5000,-32768,12854,-110
01:01:08,1998.91,33.82,1.00,3276.70,0.00,33.6364,33.4610,33.4461,33.2678,39965884,1463208,2232127,39942452.0000,1463052.7500,2219906.5000,-32768,12854,-110
01:01:09,1998.91,33.84,0.99,3276.70,0.00,33.6475,33.4722,33.4579,33.2793,39967295,1463216,2233641,39943936.0000,1463052.7500,2221064.5000,-32768,12854,-110
01:01:11,1998.91,33.85,0.99,3276.70,0.00,33.6528,33.4779,33.4628,33.2793,39967738,1463092,2237601,39945392.0000,1463068.8750,2221581.2500,-32768,12854,-110
01:01:13,1998.91,33.86,0.99,3276.70,0.00,33.6528,33.4947,33.4800,33.2793,39971622,1463244,2235469,39947636.0000,1463081.7500,2222808.0000,-32768,12854,-110
01:01:15,1998.91,33.87,0.99,3276.70,0.00,33.6857,33.5115,33.4963,33.3192,39972507,1463244,2236484,39949852.0000,1463094.5000,2224037.2500,-32768,12854,-110
01:01:17,1993.48,33.89,0.99,3276.70,0.00,33.6965,33.5227,33.5079,33.3192,39973840,1463244,2237295,39951352.0000,1463104.3750,2224874.7500,-32768,12854,-110
01:01:19,1998.91,33.90,0.99,3276.70,0.00,33.6965,33.5395,33.5243,33.3476,39977100,1463228,2237843,39953544.0000,1463116.7500,2225825.2500,-32768,12854,-110
01:01:21,1998.91,33.91,0.97,3276.70,0.00,33.6965,33.5563,33.5243,33.3646,39979283,1463156,2238606,39955104.0000,1463120.5000,2226996.2500,-32768,12854,-110
01:01:24,1998.91,33.91,0.97,3276.70,0.00,33.7472,33.5731,33.5584,33.3816,39983017,1463186,2239472,39957416.0000,1463119.6250,2227735.5000,-32768,12854,-110
01:01:26,1998.91,33.91,0.97,3276.70,0.00,33.7584,33.5731,33.5754,33.3816,39984230,1463186,2239472,39960508.0000,1463131.3750,2229019.7500,-32768,12854,-110
01:01:29,1998.91,33.91,0.96,3276.70,0.00,33.7801,33.6066,33.5912,33.4156,39986562,1463055,2243086,39962048.0000,1463126.3750,2229877.5000,-32768,12854,-110
01:01:31,1998.91,33.98,0.96,3276.70,0.00,33.7801,33.6234,33.5912,33.4383,39988404,1463230,2245241,39965072.0000,1463131.6250,2231654.5000,-32768,12854,-110
01:01:33,1998.91,34.00,0.96,3276.70,0.00,33.8089,33.6346,33.6205,33.4440,39990042,1463242,2245538,39965072.0000,1463135.0000,2232088.5000,-32768,12854,-110
01:01:34,1998.91,34.01,0.96,3276.70,0.00,33.8206,33.6346,33.6373,33.4610,39992856,1463224,2247490,39968224.0000,1463141.7500,2233539.2500,-32768,12854,-110
01:01:36,1998.91,34.02,0.96,3276.70,0.00,33.8305,33.6570,33.6423,33.4667,39992690,1463126,2247909,39968988.0000,1463141.2500,2233988.5000,-32768,12854,-110
01:01:37,1998.91,34.03,0.95,3276.70,0.00,33.8432,33.6570,33.6606,33.4837,39995010,1463177,2248081,39971236.0000,1463147.3750,2235216.7500,-32768,12854,-110
01:01:39,1998.91,34.04,0.96,3276.70,0.00,33.8543,33.6795,33.6661,33.4894,39996070,1463212,2249828,39972012.0000,1463149.3750,2235673.5000,-32768,12854,-110
01:01:40,1993.48,34.05,0.96,3276.70,0.00,33.8659,33.6907,33.6783,33.5008,39996200,1463173,2250008,39973496.0000,1463149.6250,2236549.7500,-32768,12854,-110
01:01:41,1998.91,34.07,0.95,3276.70,0.00,33.8713,33.6963,33.6836,33.5065,39996482,1463277,2250716,39974212.0000,1463153.6250,2236992.5000,-32768,12854,-110
01:01:43,1998.91,34.07,0.95,3276.70,0.00,33.8766,33.7020,33.6889,33.5121,39998358,1463229,2250716,39974212.0000,1463153.6250,2238272.5000,-32768,12854,-110
01:01:47,1998.91,34.08,0.95,3276.70,0.00,33.8766,33.7243,33.6889,33.5347,39998358,1463271,2250716,39974212.0000,1463153.6250,2239880.7500,-32768,12854,-110
01:01:48,1998.91,34.08,0.95,3276.70,0.00,33.9213,33.7468,33.7332,33.5573,40003799,1463426,2251524,39980896.0000,1463166.5000,2240693.5000,-32768,12854,-110
01:01:50,1998.91,34.12,0.95,3276.70,0.00,33.9266,33.7523,33.7384,33.5573,40003963,1463208,2254259,39982328.0000,1463172.3750,2241397.7500,-32768,12854,-110
01:01:53,1998.91,34.12,0.94,3276.70,0.00,33.9423,33.7690,33.7384,33.5573,40006043,1463126,2256321,39984512.0000,1463172.3750,2241397.7500,-32768,12854,-110
01:01:55,1998.91,34.12,0.94,3276.70,0.00,33.9592,33.7857,33.7701,33.5964,40006814,1463204,2258905,39985896.0000,1463172.3750,2243968.0000,-32768,12854,-110
01:01:56,1998.91,34.12,0.94,3276.70,0.00,33.9705,33.7857,33.7867,33.6132,40010098,1463101,2257523,39988016.0000,1463170.0000,2244804.2500,-32768,12854,-110
01:01:57,1993.48,34.18,0.94,3276.70,0.00,33.9806,33.8080,33.7920,33.6187,40011053,1463254,2258183,39988736.0000,1463172.6250,2245222.2500,-32768,12854,-110
01:01:58,1998.91,34.18,0.93,3276.70,0.00,33.9865,33.8136,33.7979,33.6187,40011053,1463303,2260822,39990160.0000,1463180.0000,2246245.5000,-32768,12854,-110
01:02:01,1998.91,34.20,0.93,3276.70,0.00,33.9979,33.8136,33.8144,33.6187,40016041,1463305,2260786,39992336.0000,1463188.2500,2247400.0000,-32768,12854,-110
01:02:03,1998.91,34.21,0.93,3276.70,0.00,34.0203,33.8470,33.8144,33.6579,40016444,1463256,2258948,39994504.0000,1463190.7500,2248731.2500,-32768,12854,-110
01:02:05,1998.91,34.21,0.93,3276.70,0.00,34.0308,33.8581,33.8430,33.6690,40018210,1463212,2262243,39995244.0000,1463191.3750,2249153.5000,-32768,12854,-110
01:02:07,1998.91,34.24,0.93,3276.70,0.00,34.0419,33.8692,33.8548,33.6803,40019364,1463212,2262765,39997464.0000,1463197.0000,2250446.2500,-32768,12854,-110
01:02:08,1998.91,34.25,0.93,3276.70,0.00,34.0534,33.8692,33.8716,33.6803,40020694,1463241,2265288,39998916.0000,1463196.7500,2251832.5000,-32768,12854,-110
01:02:11,1998.91,34.27,0.92,3276.70,0.00,34.0534,33.9026,33.8716,33.7139,40024807,1463196,2265067,40001148.0000,1463207.3750,2252645.5000,-32768,12854,-110
01:02:13,1998.91,34.28,0.92,3276.70,0.00,34.0807,33.9081,33.8930,33.7195,40024753,1463142,2265067,40001148.0000,1463207.3750,2253908.5000,-32768,12854,-110
01:02:14,1993.48,34.29,0.92,3276.70,0.00,34.0978,33.9248,33.9099,33.7362,40024753,1463142,2263956,40004216.0000,1463213.1250,2254222.5000,-32768,12854,-110
01:02:15,1998.91,34.30,0.92,3276.70,0.00,34.1088,33.9359,33.9218,33.7475,40028925,1463282,2269220,40005712.0000,1463217.3750,2255200.5000,-32768,12854,-110
01:02:18,1993.48,34.31,0.92,3276.70,0.00,34.1194,33.9470,33.9218,33.7586,40028925,1463357,2268623,40007944.0000,1463223.3750,2256447.2500,-32768,12854,-110
01:02:20,1998.91,34.33,0.92,3276.70,0.00,34.1194,33.9580,33.9218,33.7752,40028925,1463357,2270978,40010224.0000,1463236.6250,2257731.2500,-32768,12854,-110
01:02:22,1998.91,34.34,0.91,3276.70,0.00,34.1461,33.9580,33.9580,33.7752,40034846,1463223,2270978,40012476.0000,1463241.3750,2259137.0000,-32768,12854,-110
01:02:24,1998.91,34.35,0.91,3276.70,0.00,34.1628,33.9911,33.9748,33.8029,40034846,1463388,2272441,40013216.0000,1463246.0000,2259552.7500,-32768,12854,-110
01:02:25,1998.91,34.36,0.91,3276.70,0.00,34.1676,33.9966,33.9800,33.8084,40038399,1463454,2270220,40014764.0000,1463254.6250,2260293.0000,-32768,12854,-110
01:02:26,1998.91,34.38,0.91,3276.70,0.00,34.1780,34.0076,33.9899,33.8193,40038733,1463212,2276504,40015512.0000,1463253.2500,2260799.5000,-32768,12854,-110
01:02:28,1998.91,34.39,0.91,3276.70,0.00,34.1895,34.0186,33.9899,33.8357,40041034,1463176,2274844,40017712.0000,1463256.1250,2262042.2500,-32768,12854,-110
01:02:32,1998.91,34.40,0.89,3276.70,0.00,34.1895,34.0350,33.9899,33.8522,40041034,1463286,2276490,40020616.0000,1463256.1250,2263680.0000,-32768,12854,-110
01:02:33,1998.91,34.42,0.89,3276.70,0.00,34.2269,34.0568,34.0389,33.8686,40045302,1463365,2277765,40022096.0000,1463260.5000,2264531.7500,-32768,12854,-110
01:02:35,1998.91,34.43,0.89,3276.70,0.00,34.2323,34.0623,34.0447,33.8796,40045018,1463358,2277747,40023528.0000,1463260.5000,2265240.5000,-32768,12854,-110
01:02:37,1998.91,34.44,0.89,3276.70,0.00,34.2490,34.0787,34.0613,33.8905,40047587,1463314,2277747,40025624.0000,1463276.1250,2266488.0000,-32768,12854,-110
01:02:40,1998.91,34.45,0.89,3276.70,0.00,34.2490,34.0950,34.0613,33.9070,40047587,1463233,2277747,40028404.0000,1463277.0000,2268062.7500,-32768,12854,-110
01:02:42,1993.48,34.47,0.89,3276.70,0.00,34.2807,34.1113,34.0939,33.9234,40050260,1463233,2284842,40029716.0000,1463274.7500,2268062.7500,-32768,12854,-110
01:02:44,1998.91,34.49,0.88,3276.70,0.00,34.2807,34.1331,34.0939,33.9453,40053231,1463200,2286093,40031808.0000,1463280.6250,2270262.0000,-32768,12854,-110
01:02:47,1993.48,34.49,0.88,3276.70,0.00,34.2807,34.1494,34.1300,33.9453,40055427,1463315,2284584,40033892.0000,1463279.1250,2271532.5000,-32768,12854,-110
01:02:50,1993.48,34.52,0.88,3276.70,0.00,34.2807,34.1602,34.1300,33.9779,40055427,1463234,2285317,40036616.0000,1463275.3750,2271532.5000,-32768,12854,-110
01:02:53,1993.48,34.54,0.87,3276.70,0.00,34.2807,34.1820,34.1300,33.9996,40057513,1463195,2287660,40038584.0000,1463275.3750,2274947.7500,-32768,12854,-110
01:02:55,1998.91,34.56,0.87,3276.70,0.00,34.3650,34.1980,34.1300,34.0158,40057513,1463263,2288718,40041208.0000,1463269.5000,2276182.5000,-32768,12854,-110
01:02:56,1998.91,34.58,0.87,3276.70,0.00,34.3812,34.2142,34.1933,34.0265,40061641,1463322,2286770,40041848.0000,1463271.1250,2276513.5000,-32768,12854,-110
01:02:58,1993.48,34.58,0.87,3276.70,0.00,34.3870,34.2196,34.1987,34.0319,40062778,1463388,2289858,40042504.0000,1463271.1250,2276513.5000,-32768,12854,-110
01:03:01,1998.91,34.59,0.86,3276.70,0.00,34.3979,34.2196,34.2153,34.0319,40065884,1463388,2289858,40045280.0000,1463286.0000,2276513.5000,-32768,12854,-110
01:03:03,1993.48,34.61,0.86,3276.70,0.00,34.3979,34.2571,34.2361,34.0695,40068865,1463280,2294766,40047376.0000,1463286.1250,2279905.5000,-32768,12854,-110
01:03:04,1998.91,34.63,0.86,3276.70,0.00,34.4291,34.2571,34.2470,34.0802,40070034,1463394,2293590,40048784.0000,1463291.1250,2280725.0000,-32768,12854,-110
01:03:07,1993.48,34.64,0.86,3276.70,0.00,34.4291,34.2786,34.2470,34.0802,40074047,1463361,2294330,40050948.0000,1463291.1250,2280725.0000,-32768,12854,-110
01:03:08,1998.91,34.65,0.85,3276.70,0.00,34.4557,34.2893,34.2681,34.1017,40074215,1463422,2294656,40051676.0000,1463307.5000,2280725.0000,-32768,12854,-110
01:03:09,1993.48,34.66,0.85,3276.70,0.00,34.4667,34.3000,34.2681,34.1017,40074433,1463297,2297088,40053716.0000,1463310.0000,2283626.5000,-32768,12854,-110
01:03:11,1993.48,34.67,0.85,3276.70,0.00,34.4719,34.3107,34.2902,34.1232,40074989,1463302,2294547,40054380.0000,1463309.7500,2283967.7500,-32768,12854,-110
01:03:14,1993.48,34.68,0.85,3276.70,0.00,34.4719,34.3215,34.3020,34.1340,40074989,1463430,2297501,40056380.0000,1463309.7500,2283967.7500,-32768,12854,-110
01:03:16,1993.48,34.70,0.85,3276.70,0.00,34.5032,34.3215,34.3020,34.1554,40078613,1463329,2298752,40056380.0000,1463309.7500,2286853.5000,-32768,12854,-110
01:03:19,1998.91,34.72,0.83,3276.70,0.00,34.5032,34.3589,34.3020,34.1715,40078613,1463271,2302702,40061000.0000,1463320.3750,2288117.7500,-32768,12854,-110
01:03:21,1982.62,34.73,0.83,3276.70,0.00,34.5407,34.3750,34.3543,34.1876,40084976,1463384,2301380,40062440.0000,1463320.3750,2288964.2500,-32768,12854,-110
01:03:23,1966.33,34.73,0.82,3276.70,0.00,34.5482,34.3907,34.3654,34.2033,40091039,1463793,2303583,40064792.0000,1463352.2500,2290222.7500,-32768,12854,-110
01:03:25,1933.75,34.76,0.85,3276.70,0.00,34.5558,34.3958,34.3695,34.2033,40091039,1463973,2303338,40066512.0000,1463387.2500,2291013.2500,-32768,12854,-110
01:03:27,1901.16,34.77,0.86,3276.70,0.00,34.5602,34.4106,34.3758,34.2234,40098702,1463973,2303338,40069304.0000,1463483.8750,2292284.0000,-32768,12854,-110
01:03:29,1846.86,34.78,0.86,3276.70,0.00,34.5602,34.4238,34.3758,34.2412,40094176,1464853,2305565,40071636.0000,1463595.1250,2292284.0000,-32768,12854,-110
01:03:31,1808.84,34.78,0.83,3276.70,0.00,34.5457,34.4314,34.3647,34.2450,40090779,1464995,2305565,40071636.0000,1463682.8750,2294122.0000,-32768,12854,-110
01:03:32,1781.69,34.79,0.83,3276.70,0.00,34.5383,34.4410,34.3478,34.2548,40082453,1465002,2302728,40073408.0000,1463764.2500,2294678.0000,-32768,12854,-110
01:03:33,1759.97,34.79,0.82,3276.70,0.00,34.5275,34.4437,34.3410,34.2575,40080462,1465121,2301805,40073628.0000,1463806.7500,2294900.7500,-32768,12854,-110
01:03:34,1727.38,34.79,0.82,3276.70,0.00,34.5209,34.4461,34.3343,34.2598,40078989,1465250,2300660,40073796.0000,1463851.7500,2295080.7500,-32768,12854,-110
01:03:35,1689.37,34.79,0.82,3276.70,0.00,34.5136,34.4482,34.3264,34.2619,40077310,1465187,2300258,40073904.0000,1463893.5000,2295418.0000,-32768,12854,-110
01:03:37,1640.49,34.78,0.82,3276.70,0.00,34.4967,34.4514,34.3100,34.2619,40068478,1465164,2300249,40073680.0000,1464013.8750,2295732.5000,-32768,12854,-110
01:03:40,1564.46,34.78,0.85,3276.70,0.00,34.4967,34.4537,34.3100,34.2675,40068478,1465123,2297165,40072732.0000,1464123.1250,2295950.7500,-32768,12854,-110
01:03:42,1504.72,34.77,0.85,3276.70,0.00,34.4967,34.4528,34.2525,34.2668,40051169,1465160,2294085,40070800.0000,1464219.5000,2295896.2500,-32768,12854,-110
01:03:43,1477.57,34.77,0.87,3276.70,0.00,34.4143,34.4507,34.2315,34.2650,40046198,1465066,2293685,40070032.0000,1464219.5000,2295754.7500,-32768,12854,-110
01:03:46,1461.28,34.77,0.87,3276.70,0.00,34.4143,34.4459,34.2315,34.2588,40046198,1464626,2290020,40066352.0000,1464319.8750,2295333.0000,-32768,12854,-110
01:03:48,1461.28,34.76,0.91,3276.70,0.00,34.3878,34.4423,34.2023,34.2570,40046198,1464403,2288642,40064276.0000,1464319.8750,2294736.7500,-32768,12854,-110
01:03:51,1477.57,34.76,0.92,3276.70,0.00,34.3915,34.4375,34.2023,34.2505,40046198,1464057,2289193,40060632.0000,1464298.7500,2294214.2500,-32768,12854,-110
01:03:53,1483.00,34.77,0.96,3276.70,0.00,34.3915,34.4336,34.2286,34.2478,40041807,1463903,2290908,40059412.0000,1464298.7500,2294214.2500,-32768,12854,-110
01:03:54,1488.43,34.78,0.98,3276.70,0.00,34.4341,34.4333,34.2452,34.2473,40046083,1463722,2292314,40058536.0000,1464242.6250,2293891.0000,-32768,12854,-110
01:03:57,1493.86,34.78,1.00,3276.70,0.00,34.4341,34.4351,34.2452,34.2498,40058631,1463584,2295094,40058044.0000,1464163.8750,2293866.7500,-32768,12854,-110
01:03:59,1499.29,34.79,1.02,3276.70,0.00,34.4341,34.4393,34.2452,34.2526,40064288,1463390,2296659,40058640.0000,1464098.0000,2294046.0000,-32768,12854,-110
01:04:01,1504.72,34.79,1.05,3276.70,0.00,34.5081,34.4433,34.3151,34.2561,40070643,1463559,2297673,40059016.0000,1464081.1250,2294159.2500,-32768,12854,-110
01:04:02,1504.72,34.81,1.06,3276.70,0.00,34.5256,34.4433,34.3323,34.2605,40076197,1463689,2300695,40060520.0000,1464036.7500,2294691.0000,-32768,12854,-110
01:04:04,1499.29,34.81,1.06,3276.70,0.00,34.5333,34.4535,34.3486,34.2657,40081025,1463685,2301687,40061160.0000,1464025.7500,2294909.5000,-32768,12854,-110
01:04:06,1515.59,34.82,1.06,3276.70,0.00,34.5333,34.4595,34.3642,34.2714,40088353,1463969,2301687,40063504.0000,1464012.0000,2295604.0000,-32768,12854,-110
01:04:09,1569.89,34.82,1.07,3276.70,0.00,34.5821,34.4698,34.3907,34.2714,40084936,1463282,2306053,40065556.0000,1463965.2500,2296445.2500,-32768,12854,-110
01:04:11,1613.34,34.84,1.06,3276.70,0.00,34.6158,34.4698,34.4215,34.2714,40092900,1462942,2306614,40067760.0000,1463880.8750,2297308.7500,-32768,12854,-110
01:04:13,1635.06,34.86,1.05,3276.70,0.00,34.6414,34.4914,34.4529,34.2714,40102102,1463035,2310170,40069720.0000,1463827.7500,2298082.0000,-32768,12854,-110
01:04:14,1662.21,34.86,1.04,3276.70,0.00,34.6791,34.5073,34.4529,34.3166,40111009,1463239,2312381,40073432.0000,1463764.8750,2299309.2500,-32768,12854,-110
01:04:16,1700.23,34.87,1.04,3276.70,0.00,34.6911,34.5189,34.4529,34.3271,40119977,1463316,2312986,40074888.0000,1463750.8750,2299309.2500,-32768,12854,-110
01:04:18,1732.81,34.89,1.05,3276.70,0.00,34.7268,34.5313,34.4529,34.3383,40129166,1463471,2317680,40079816.0000,1463719.5000,2301198.7500,-32768,12854,-110
01:04:19,1765.40,34.89,1.06,3276.70,0.00,34.7384,34.5444,34.5357,34.3501,40137088,1463550,2317933,40081608.0000,1463714.2500,2301721.7500,-32768,12854,-110
01:04:22,1819.70,34.89,1.07,3276.70,0.00,34.7384,34.5580,34.5357,34.3688,40137088,1463588,2322293,40089496.0000,1463690.8750,2303956.2500,-32768,12854,-110
01:04:24,1857.72,34.93,1.10,3276.70,0.00,34.8041,34.5795,34.5852,34.3818,40158768,1463745,2323769,40093904.0000,1463690.8750,2303956.2500,-32768,12854,-110
01:04:25,1884.87,34.94,1.11,3276.70,0.00,34.8237,34.5795,34.6131,34.4019,40170394,1463914,2325851,40098504.0000,1463712.2500,2306447.7500,-32768,12854,-110
01:04:26,1928.32,34.95,1.12,3276.70,0.00,34.8434,34.6091,34.6227,34.4088,40174900,1463924,2327177,40100896.0000,1463712.2500,2307749.5000,-32768,12854,-110
01:04:29,1998.91,34.95,1.12,3276.70,0.00,34.8434,34.6321,34.6227,34.4299,40184642,1463924,2327177,40110644.0000,1463730.5000,2309710.2500,-32768,12854,-110
01:04:32,2064.08,34.96,1.13,3276.70,0.00,34.8911,34.6477,34.6227,34.4516,40184642,1464194,2332589,40118504.0000,1463763.5000,2311758.5000,-32768,12854,-110
01:04:34,2085.80,34.97,1.13,3276.70,0.00,34.8911,34.6477,34.7064,34.4807,40212583,1464765,2334652,40126668.0000,1463829.7500,2313790.0000,-32768,12854,-110
01:04:36,2096.67,34.97,1.11,3276.70,0.00,34.9360,34.6477,34.7169,34.4807,40227884,1465748,2337038,40135472.0000,1463975.3750,2315876.5000,-32768,12854,-110
01:04:38,2096.67,34.97,1.08,3276.70,0.00,34.9486,34.7175,34.7246,34.5091,40230949,1466165,2337340,40138452.0000,1464043.7500,2316547.2500,-32768,12854,-110
01:04:39,2096.67,34.99,1.05,3276.70,0.00,34.9543,34.7319,34.7317,34.5091,40230949,1466833,2338985,40147304.0000,1464280.5000,2318572.7500,-32768,12854,-110
01:04:42,2107.53,34.99,1.04,3276.70,0.00,34.9580,34.7319,34.7396,34.5091,40239908,1467491,2339341,40155684.0000,1464570.1250,2320486.0000,-32768,12854,-110
01:04:43,2118.39,34.98,1.04,3276.70,0.00,34.9635,34.7653,34.7439,34.5544,40237678,1467667,2339193,40158248.0000,1464666.8750,2321070.5000,-32768,12854,-110
01:04:44,2129.25,34.98,0.95,3276.70,0.00,34.9680,34.7777,34.7479,34.5662,40231169,1467566,2339491,40162748.0000,1464843.8750,2322179.0000,-32768,12854,-110
01:04:47,2172.69,34.98,0.93,3276.70,0.00,34.9680,34.7895,34.7479,34.5662,40227866,1467712,2340576,40168776.0000,1465099.0000,2323790.2500,-32768,12854,-110
01:04:48,2205.28,34.98,0.93,3276.70,0.00,34.9811,34.8011,34.7479,34.5662,40229659,1467795,2340431,40172504.0000,1465262.5000,2324793.0000,-32768,12854,-110
01:04:51,2216.14,34.98,0.97,3276.70,0.00,34.9811,34.8011,34.7680,34.5662,40234853,1468058,2340950,40176256.0000,1465262.5000,2324793.0000,-32768,12854,-110
01:04:54,2216.14,34.98,0.97,3276.70,0.00,34.9811,34.8397,34.7680,34.6245,40248897,1469208,2343187,40184608.0000,1465830.0000,2327753.7500,-32768,12854,-110
01:04:56,2205.28,34.97,0.95,3276.70,0.00,34.9811,34.8543,34.7680,34.6380,40256731,1470157,2342580,40190916.0000,1466196.6250,2329161.0000,-32768,12854,-110
01:04:58,2183.56,34.96,0.92,3276.70,0.00,34.9980,34.8587,34.7680,34.6461,40262022,1470157,2343639,40197280.0000,1466609.5000,2330487.2500,-32768,12854,-110
01:04:59,2167.26,34.95,0.88,3276.70,0.00,34.9859,34.8707,34.7627,34.6534,40262610,1471399,2343639,40199320.0000,1466759.2500,2330971.0000,-32768,12854,-110
01:05:01,2134.68,34.95,0.88,3276.70,0.00,34.9732,34.8771,34.7525,34.6596,40262588,1471786,2342578,40203216.0000,1467064.1250,2331691.5000,-32768,12854,-110
01:05:04,2102.10,34.94,0.85,3276.70,0.00,34.9732,34.8844,34.7525,34.6668,40255269,1471786,2342578,40209516.0000,1467633.5000,2332808.5000,-32768,12854,-110
01:05:06,2047.79,34.92,0.86,3276.70,0.00,34.9732,34.8887,34.7525,34.6727,40244031,1471786,2342578,40213584.0000,1468128.0000,2333417.5000,-32768,12854,-110
01:05:08,2015.21,34.90,0.87,3276.70,0.00,34.8934,34.8900,34.6864,34.6738,40235594,1471775,2336298,40214272.0000,1468242.0000,2333507.5000,-32768,12854,-110
01:05:11,1944.61,34.88,0.86,3276.70,0.00,34.8934,34.8891,34.6864,34.6728,40225154,1471775,2336298,40215744.0000,1468669.1250,2333498.2500,-32768,12854,-110
01:05:12,1890.30,34.86,0.85,3276.70,0.00,34.8226,34.8844,34.6224,34.6701,40218232,1471698,2336298,40215772.0000,1468851.6250,2333284.7500,-32768,12854,-110
01:05:14,1857.72,34.85,0.85,3276.70,0.00,34.7889,34.8790,34.6224,34.6625,40206746,1471514,2327703,40215352.0000,1469015.2500,2332994.2500,-32768,12854,-110
01:05:17,1776.26,34.83,0.85,3276.70,0.00,34.7889,34.8677,34.6224,34.6507,40193050,1470960,2323258,40213736.0000,1469211.8750,2332994.2500,-32768,12854,-110
01:05:18,1727.38,34.80,0.87,3276.70,0.00,34.7039,34.8677,34.4822,34.6507,40184043,1470920,2318766,40211124.0000,1469368.1250,2331072.5000,-32768,12854,-110
01:05:21,1651.35,34.79,0.87,3276.70,0.00,34.7039,34.8677,34.4344,34.6507,40171091,1470920,2315576,40207528.0000,1469499.7500,2329752.0000,-32768,12854,-110
01:05:24,1607.91,34.75,0.89,3276.70,0.00,34.7039,34.8133,34.4344,34.5957,40154518,1470280,2310579,40203064.0000,1469581.2500,2328120.5000,-32768,12854,-110
01:05:26,1569.89,34.73,0.89,3276.70,0.00,34.7039,34.7899,34.3404,34.5803,40145684,1470232,2305889,40203064.0000,1469581.2500,2326143.5000,-32768,12854,-110
01:05:30,1521.02,34.69,0.92,3276.70,0.00,34.7039,34.7653,34.3404,34.5485,40145684,1469872,2302015,40190712.0000,1469667.1250,2323440.5000,-32768,12854,-110
01:05:31,1515.59,34.66,0.93,3276.70,0.00,34.4814,34.7404,34.2845,34.5485,40145684,1469767,2300915,40187336.0000,1469675.0000,2322045.7500,-32768,12854,-110
01:05:32,1504.72,34.65,0.94,3276.70,0.00,34.4682,34.7238,34.2695,34.5165,40133410,1469714,2301091,40185652.0000,1469676.2500,2321390.7500,-32768,12854,-110
01:05:33,1499.29,34.64,0.95,3276.70,0.00,34.4633,34.7156,34.2630,34.5165,40133410,1469449,2298354,40182300.0000,1469668.6250,2319999.0000,-32768,12854,-110
01:05:35,1504.72,34.63,0.95,3276.70,0.00,34.4633,34.6920,34.2630,34.4853,40125347,1469058,2297118,40178936.0000,1469635.1250,2318656.5000,-32768,12854,-110
01:05:37,1499.29,34.61,0.95,3276.70,0.00,34.4633,34.6772,34.2630,34.4636,40127642,1468923,2298228,40174072.0000,1469576.2500,2316767.7500,-32768,12854,-110
01:05:39,1531.88,34.60,0.95,3276.70,0.00,34.4531,34.6566,34.2459,34.4502,40128188,1468677,2298228,40169872.0000,1469489.6250,2315005.2500,-32768,12854,-110
01:05:42,1613.34,34.59,1.00,3276.70,0.00,34.4531,34.6389,34.2459,34.4322,40128188,1467486,2297347,40165960.0000,1469333.2500,2313304.0000,-32768,12854,-110
01:05:43,1640.49,34.58,1.05,3276.70,0.00,34.4859,34.6291,34.2743,34.4221,40130005,1467341,2297655,40164836.0000,1469271.0000,2312815.0000,-32768,12854,-110
01:05:44,1673.07,34.58,1.07,3276.70,0.00,34.4978,34.6250,34.2828,34.4178,40134267,1467221,2301042,40163880.0000,1469206.8750,2312447.0000,-32768,12854,-110
01:05:45,1705.66,34.58,1.09,3276.70,0.00,34.5103,34.6214,34.3007,34.4103,40144135,1466996,2301562,40162560.0000,1469076.7500,2311718.0000,-32768,12854,-110
01:05:47,1759.97,34.58,1.12,3276.70,0.00,34.5334,34.6156,34.3090,34.4071,40150527,1466974,2302861,40162184.0000,1469076.7500,2311718.0000,-32768,12854,-110
01:05:48,1787.12,34.58,1.14,3276.70,0.00,34.5536,34.6114,34.3252,34.4018,40164228,1466952,2303387,40162104.0000,1469076.7500,2310807.7500,-32768,12854,-110
01:05:49,1797.98,34.58,1.13,3276.70,0.00,34.5693,34.6086,34.3387,34.3977,40176969,1467415,2306559,40162848.0000,1468786.2500,2310675.0000,-32768,12854,-110
01:05:51,1819.70,34.58,1.13,3276.70,0.00,34.5759,34.6075,34.3447,34.3960,40184486,1467666,2306559,40164384.0000,1468724.5000,2310498.2500,-32768,12854,-110
01:05:53,1857.72,34.58,1.13,3276.70,0.00,34.5869,34.6075,34.3595,34.3960,40207069,1468525,2306559,40167720.0000,1468688.7500,2310327.0000,-32768,12854,-110
01:05:56,1884.87,34.58,1.13,3276.70,0.00,34.5869,34.6051,34.3714,34.3900,40214759,1468922,2311652,40171972.0000,1468716.3750,2310327.0000,-32768,12854,-110
01:05:57,1901.16,34.58,1.11,3276.70,0.00,34.6121,34.6054,34.3785,34.3891,40220518,1469502,2312235,40173488.0000,1468740.8750,2310482.2500,-32768,12854,-110
01:05:58,1928.32,34.57,1.11,3276.70,0.00,34.6168,34.6057,34.3824,34.3889,40222598,1469425,2312796,40175024.0000,1468740.8750,2310606.2500,-32768,12854,-110
01:06:01,1960.90,34.57,1.12,3276.70,0.00,34.6168,34.6075,34.3824,34.3893,40222598,1469888,2315146,40175024.0000,1468740.8750,2311044.0000,-32768,12854,-110
01:06:03,1977.19,34.57,1.13,3276.70,0.00,34.6407,34.6110,34.4052,34.3905,40241148,1470215,2315019,40186456.0000,1468966.5000,2311287.5000,-32768,12854,-110
01:06:06,2036.93,34.57,1.12,3276.70,0.00,34.6407,34.6141,34.4052,34.3923,40244912,1470710,2316527,40191880.0000,1469114.2500,2312154.5000,-32768,12854,-110
01:06:07,2047.79,34.56,1.11,3276.70,0.00,34.6525,34.6153,34.4173,34.3930,40242254,1470361,2316527,40195028.0000,1469197.0000,2312506.7500,-32768,12854,-110
01:06:10,2047.79,34.56,1.09,3276.70,0.00,34.6525,34.6192,34.4173,34.3966,40242254,1470361,2317924,40202472.0000,1469457.2500,2312506.7500,-32768,12854,-110
01:06:13,2020.64,34.56,1.06,3276.70,0.00,34.6610,34.6192,34.4272,34.3966,40267038,1472939,2311807,40208420.0000,1469740.0000,2313180.5000,-32768,12854,-110
01:06:15,2009.78,34.55,1.06,3276.70,0.00,34.6529,34.6271,34.4272,34.4022,40275027,1473627,2318748,40214400.0000,1470074.8750,2313726.2500,-32768,12854,-110
01:06:18,1998.91,34.55,0.96,3276.70,0.00,34.6400,34.6286,34.4164,34.4022,40275027,1473773,2318682,40219616.0000,1470418.1250,2313927.2500,-32768,12854,-110
01:06:20,1993.48,34.54,0.94,3276.70,0.00,34.6299,34.6286,34.4082,34.4022,40258955,1473288,2329351,40223540.0000,1470696.7500,2314654.7500,-32768,12854,-110
01:06:22,1998.91,34.54,0.91,3276.70,0.00,34.6299,34.6275,34.3998,34.4036,40255264,1473293,2316446,40225500.0000,1470854.6250,2314654.7500,-32768,12854,-110
01:06:23,2004.34,34.53,0.88,3276.70,0.00,34.6072,34.6263,34.3998,34.4036,40255007,1473588,2315536,40227336.0000,1471017.1250,2315109.7500,-32768,12854,-110
01:06:25,2004.34,34.53,0.86,3276.70,0.00,34.6042,34.6256,34.3922,34.4027,40253847,1473475,2317589,40228164.0000,1471093.8750,2315187.2500,-32768,12854,-110
01:06:27,2009.78,34.52,0.86,3276.70,0.00,34.5996,34.6232,34.3867,34.4013,40248700,1473656,2317589,40230176.0000,1471093.8750,2315169.0000,-32768,12854,-110
01:06:30,2009.78,34.51,0.86,3276.70,0.00,34.5996,34.6194,34.3791,34.3989,40246087,1473888,2313616,40230176.0000,1471093.8750,2314499.5000,-32768,12854,-110
01:06:31,2009.78,34.50,0.82,3276.70,0.00,34.5861,34.6183,34.3769,34.3989,40247362,1474229,2312686,40233068.0000,1471768.3750,2314379.5000,-32768,12854,-110
01:06:33,2009.78,34.50,0.80,3276.70,0.00,34.5824,34.6151,34.3700,34.3957,40246687,1474582,2306032,40233940.0000,1471941.5000,2313801.7500,-32768,12854,-110
01:06:36,2009.78,34.50,0.80,3276.70,0.00,34.5824,34.6129,34.3700,34.3929,40245611,1474328,2306032,40233940.0000,1472236.0000,2313601.0000,-32768,12854,-110
01:06:37,2015.21,34.49,0.79,3276.70,0.00,34.5735,34.6094,34.3584,34.3909,40243608,1474529,2311207,40235628.0000,1472307.6250,2313526.2500,-32768,12854,-110
01:06:38,2015.21,34.49,0.78,3276.70,0.00,34.5712,34.6082,34.3555,34.3897,40244866,1474420,2311869,40235628.0000,1472437.8750,2313430.0000,-32768,12854,-110
01:06:40,2015.21,34.48,0.76,3276.70,0.00,34.5673,34.6057,34.3512,34.3897,40244866,1474527,2318603,40236604.0000,1472565.8750,2313554.5000,-32768,12854,-110
01:06:43,2009.78,34.48,0.76,3276.70,0.00,34.5607,34.6057,34.3469,34.3897,40242784,1474527,2309690,40237268.0000,1472810.7500,2313554.5000,-32768,12854,-110
01:06:45,2015.21,34.47,0.74,3276.70,0.00,34.5565,34.5977,34.3412,34.3897,40241672,1474754,2309690,40237268.0000,1472810.7500,2313510.0000,-32768,12854,-110
01:06:48,2015.21,34.47,0.74,3276.70,0.00,34.5565,34.5924,34.3412,34.3734,40240566,1474754,2320976,40237996.0000,1473217.7500,2313668.5000,-32768,12854,-110
01:06:51,2015.21,34.46,0.73,3276.70,0.00,34.5470,34.5924,34.3294,34.3734,40238944,1474918,2309426,40238056.0000,1473323.1250,2313410.0000,-32768,12854,-110
01:06:52,2015.21,34.46,0.73,3276.70,0.00,34.5418,34.5924,34.3243,34.3734,40238819,1474956,2311749,40238200.0000,1473466.1250,2313266.7500,-32768,12854,-110
01:06:54,2015.21,34.45,0.72,3276.70,0.00,34.5352,34.5811,34.3209,34.3638,40239182,1475181,2307860,40238232.0000,1473519.6250,2313097.7500,-32768,12854,-110
01:06:55,2015.21,34.45,0.72,3276.70,0.00,34.5299,34.5779,34.3175,34.3610,40238317,1475082,2308455,40238264.0000,1473616.8750,2312807.2500,-32768,12854,-110
01:06:57,2015.21,34.44,0.72,3276.70,0.00,34.5278,34.5763,34.3155,34.3595,40237351,1474959,2306710,40238236.0000,1473658.8750,2312616.7500,-32768,12854,-110
01:06:59,2009.78,34.44,0.72,3276.70,0.00,34.5278,34.5715,34.3155,34.3536,40236470,1475262,2306317,40238040.0000,1473841.0000,2311963.7500,-32768,12854,-110
01:07:01,2015.21,34.43,0.72,3276.70,0.00,34.5278,34.5666,34.3059,34.3507,40236094,1475095,2303408,40237944.0000,1473917.2500,2311385.2500,-32768,12854,-110
01:07:03,2009.78,34.43,0.70,3276.70,0.00,34.5123,34.5632,34.3021,34.3477,40235351,1475126,2305798,40237760.0000,1473992.3750,2311075.5000,-32768,12854,-110
01:07:03,2015.21,34.43,0.69,3276.70,0.00,34.5108,34.5616,34.2997,34.3462,40233680,1475097,2298491,40237532.0000,1474061.8750,2310517.2500,-32768,12854,-110
01:07:05,2015.21,34.42,0.69,3276.70,0.00,34.5064,34.5582,34.2977,34.3432,40233458,1475043,2300216,40237408.0000,1474061.8750,2310195.2500,-32768,12854,-110
01:07:06,2009.78,34.42,0.69,3276.70,0.00,34.5048,34.5565,34.2970,34.3432,40233985,1475109,2305602,40237216.0000,1474152.6250,2309917.0000,-32768,12854,-110
01:07:09,2009.78,34.42,0.69,3276.70,0.00,34.5011,34.5515,34.2925,34.3373,40232712,1475094,2305602,40236952.0000,1474152.6250,2308983.5000,-32768,12854,-110
01:07:11,2009.78,34.42,0.68,3276.70,0.00,34.4960,34.5466,34.2890,34.3330,40230525,1475096,2305602,40236372.0000,1474288.6250,2308762.5000,-32768,12854,-110
01:07:13,2009.78,34.41,0.68,3276.70,0.00,34.4960,34.5433,34.2890,34.3287,40229201,1475248,2296023,40235780.0000,1474374.1250,2307740.2500,-32768,12854,-110
01:07:14,2009.78,34.41,0.68,3276.70,0.00,34.4879,34.5383,34.2816,34.3258,40228982,1475088,2305024,40235388.0000,1474417.1250,2307579.2500,-32768,12854,-110
01:07:17,2009.78,34.41,0.68,3276.70,0.00,34.4879,34.5350,34.2816,34.3215,40228379,1475353,2294202,40234744.0000,1474493.7500,2306650.0000,-32768,12854,-110
01:07:19,2009.78,34.41,0.67,3276.70,0.00,34.4831,34.5350,34.2816,34.3187,40228379,1475094,2303155,40233944.0000,1474540.1250,2306350.7500,-32768,12854,-110
01:07:21,2015.21,34.40,0.67,3276.70,0.00,34.4807,34.5257,34.2730,34.3146,40225836,1475090,2301682,40233456.0000,1474577.1250,2306049.2500,-32768,12854,-110
01:07:23,2009.78,34.40,0.67,3276.70,0.00,34.4807,34.5215,34.2730,34.3105,40225442,1474959,2303836,40232536.0000,1474623.7500,2306060.2500,-32768,12854,-110
01:07:24,2009.78,34.39,0.67,3276.70,0.00,34.4779,34.5201,34.2669,34.3078,40227506,1474974,2310680,40232380.0000,1474634.6250,2306204.7500,-32768,12854,-110
01:07:25,2009.78,34.39,0.67,3276.70,0.00,34.4746,34.5173,34.2646,34.3064,40227638,1474998,2303394,40232232.0000,1474646.0000,2306116.7500,-32768,12854,-110
01:07:27,2009.78,34.39,0.67,3276.70,0.00,34.4720,34.5159,34.2633,34.3064,40227638,1474927,2301639,40231768.0000,1474666.0000,2305874.7500,-32768,12854,-110
01:07:30,2009.78,34.39,0.67,3276.70,0.00,34.4720,34.5114,34.2633,34.3009,40227638,1474905,2302316,40230888.0000,1474676.2500,2306072.0000,-32768,12854,-110
01:07:31,2015.21,34.39,0.66,3276.70,0.00,34.4596,34.5114,34.2633,34.2969,40220786,1474811,2302072,40230304.0000,1474691.0000,2305524.2500,-32768,12854,-110
01:07:34,2009.78,34.38,0.66,3276.70,0.00,34.4570,34.5114,34.2633,34.2930,40220799,1474818,2301085,40230304.0000,1474691.0000,2305524.2500,-32768,12854,-110
01:07:37,2009.78,34.37,0.64,3276.70,0.00,34.4570,34.4977,34.2633,34.2878,40219822,1474944,2291181,40228284.0000,1474691.0000,2303967.2500,-32768,12854,-110
01:07:39,2009.78,34.37,0.66,3276.70,0.00,34.4570,34.4931,34.2633,34.2839,40218716,1474948,2300266,40227396.0000,1474742.2500,2303619.5000,-32768,12854,-110
01:07:40,2009.78,34.37,0.64,3276.70,0.00,34.4448,34.4902,34.2440,34.2827,40218716,1474948,2297035,40227104.0000,1474753.5000,2303413.7500,-32768,12854,-110
01:07:42,2009.78,34.37,0.64,3276.70,0.00,34.4442,34.4902,34.2419,34.2827,40216420,1474816,2299563,40226244.0000,1474767.7500,2302987.2500,-32768,12854,-110
01:07:43,2015.21,34.37,0.63,3276.70,0.00,34.4436,34.4846,34.2413,34.2778,40217331,1474799,2300147,40225968.0000,1474768.6250,2302898.5000,-32768,12854,-110
01:07:44,2009.78,34.36,0.63,3276.70,0.00,34.4424,34.4833,34.2406,34.2766,40217158,1474814,2310074,40225692.0000,1474770.1250,2303122.7500,-32768,12854,-110
01:07:46,2009.78,34.36,0.64,3276.70,0.00,34.4431,34.4807,34.2390,34.2766,40217169,1474787,2301199,40225152.0000,1474769.2500,2303225.0000,-32768,12854,-110
01:07:49,2009.78,34.36,0.64,3276.70,0.00,34.4431,34.4784,34.2390,34.2709,40217169,1474611,2308063,40223912.0000,1474753.6250,2303350.2500,-32768,12854,-110
01:07:50,2009.78,34.36,0.63,3276.70,0.00,34.4435,34.4752,34.2343,34.2686,40218259,1474819,2308063,40223912.0000,1474757.0000,2303135.0000,-32768,12854,-110
01:07:53,2009.78,34.36,0.63,3276.70,0.00,34.4435,34.4721,34.2343,34.2641,40218259,1474932,2299296,40222608.0000,1474770.1250,2302327.7500,-32768,12854,-110
01:07:56,2015.21,34.36,0.63,3276.70,0.00,34.4435,34.4676,34.2343,34.2609,40215263,1474891,2298592,40222184.0000,1474776.6250,2301700.0000,-32768,12854,-110
01:07:57,2009.78,34.36,0.63,3276.70,0.00,34.4306,34.4676,34.2286,34.2579,40215000,1474823,2299387,40221644.0000,1474792.5000,2301318.7500,-32768,12854,-110
01:07:59,2009.78,34.36,0.62,3276.70,0.00,34.4284,34.4631,34.2282,34.2570,40214245,1474777,2299524,40221412.0000,1474789.8750,2301181.5000,-32768,12854,-110
01:08:00,2009.78,34.36,0.62,3276.70,0.00,34.4271,34.4609,34.2270,34.2551,40213410,1474494,2306780,40220928.0000,1474780.6250,2301356.2500,-32768,12854,-110
01:08:02,2009.78,34.36,0.62,3276.70,0.00,34.4277,34.4598,34.2270,34.2542,40213527,1474603,2305098,40220696.0000,1474780.6250,2301381.0000,-32768,12854,-110
01:08:04,2009.78,34.36,0.62,3276.70,0.00,34.4284,34.4578,34.2282,34.2542,40212546,1474630,2298646,40220048.0000,1474780.6250,2301381.0000,-32768,12854,-110
01:08:05,2009.78,34.36,0.62,3276.70,0.00,34.4296,34.4551,34.2298,34.2504,40211531,1474606,2306063,40219476.0000,1474780.6250,2301480.5000,-32768,12854,-110
01:08:08,2009.78,34.36,0.62,3276.70,0.00,34.4296,34.4535,34.2293,34.2491,40213349,1474816,2306063,40218908.0000,1474780.6250,2300883.7500,-32768,12854,-110
01:08:09,2009.78,34.36,0.62,3276.70,0.00,34.4305,34.4521,34.2306,34.2491,40213789,1474794,2290350,40218564.0000,1474761.7500,2300554.5000,-32768,12854,-110
01:08:12,2009.78,34.36,0.61,3276.70,0.00,34.4318,34.4502,34.2324,34.2491,40213789,1474639,2290350,40218056.0000,1474761.7500,2300267.7500,-32768,12854,-110
01:08:14,2009.78,34.36,0.61,3276.70,0.00,34.4313,34.4484,34.2324,34.2491,40212142,1474692,2298808,40217584.0000,1474746.1250,2300034.7500,-32768,12854,-110
01:08:15,2009.78,34.36,0.61,3276.70,0.00,34.4303,34.4467,34.2314,34.2437,40211096,1474560,2297292,40217208.0000,1474737.0000,2299881.2500,-32768,12854,-110
01:08:17,2009.78,34.36,0.61,3276.70,0.00,34.4298,34.4456,34.2309,34.2429,40212426,1474630,2298913,40216776.0000,1474720.7500,2300008.7500,-32768,12854,-110
01:08:20,2015.21,34.36,0.61,3276.70,0.00,34.4301,34.4456,34.2299,34.2421,40211170,1474562,2298542,40216776.0000,1474710.7500,2299947.0000,-32768,12854,-110
01:08:21,2009.78,34.36,0.61,3276.70,0.00,34.4331,34.4456,34.2307,34.2406,40211558,1474653,2298777,40215948.0000,1474703.3750,2300313.0000,-32768,12854,-110
01:08:25,2009.78,34.36,0.60,3276.70,0.00,34.4331,34.4425,34.2307,34.2397,40211558,1474714,2297541,40215500.0000,1474703.3750,2300083.2500,-32768,12854,-110
01:08:27,2009.78,34.37,0.60,3276.70,0.00,34.4361,34.4418,34.2318,34.2392,40211938,1474565,2299030,40215124.0000,1474684.3750,2300013.7500,-32768,12854,-110
01:08:29,2009.78,34.37,0.60,3276.70,0.00,34.4361,34.4413,34.2318,34.2382,40212484,1474668,2298105,40214868.0000,1474677.7500,2299853.7500,-32768,12854,-110
01:08:30,2009.78,34.37,0.60,3276.70,0.00,34.4359,34.4408,34.2310,34.2378,40213075,1474627,2299380,40214740.0000,1474675.6250,2299822.7500,-32768,12854,-110
01:08:32,2009.78,34.38,0.60,3276.70,0.00,34.4346,34.4406,34.2311,34.2375,40213696,1474627,2299677,40214616.0000,1474673.5000,2299806.7500,-32768,12854,-110
01:08:35,2009.78,34.38,0.59,3276.70,0.00,34.4346,34.4399,34.2311,34.2369,40213601,1474627,2299813,40214352.0000,1474673.7500,2299806.7500,-32768,12854,-110
01:08:37,2009.78,34.38,0.60,3276.70,0.00,34.4353,34.4394,34.2359,34.2369,40212466,1474611,2299025,40214204.0000,1474673.7500,2299826.2500,-32768,12854,-110
01:08:39,2009.78,34.38,0.60,3276.70,0.00,34.4353,34.4389,34.2362,34.2366,40210832,1474598,2298796,40214000.0000,1474671.5000,2299740.2500,-32768,12854,-110
01:08:40,2009.78,34.39,0.60,3276.70,0.00,34.4384,34.4389,34.2378,34.2366,40209199,1474452,2299202,40213852.0000,1474664.6250,2299723.5000,-32768,12854,-110
01:08:41,2009.78,34.39,0.60,3276.70,0.00,34.4393,34.4389,34.2397,34.2368,40211172,1474381,2298484,40213640.0000,1474649.0000,2299677.2500,-32768,12854,-110
01:08:43,2009.78,34.39,0.60,3276.70,0.00,34.4403,34.4389,34.2410,34.2369,40211134,1474375,2298910,40213564.0000,1474640.5000,2299653.2500,-32768,12854,-110
01:08:44,2009.78,34.39,0.60,3276.70,0.00,34.4421,34.4391,34.2422,34.2372,40208126,1474384,2299000,40213280.0000,1474625.6250,2299619.2500,-32768,12854,-110
01:08:46,2009.78,34.39,0.60,3276.70,0.00,34.4435,34.4393,34.2442,34.2375,40210018,1474353,2300355,40213060.0000,1474606.6250,2299635.5000,-32768,12854,-110
01:08:48,2009.78,34.39,0.59,3276.70,0.00,34.4463,34.4396,34.2471,34.2375,40211468,1474431,2299796,40212920.0000,1474589.5000,2299689.7500,-32768,12854,-110
01:08:51,2009.78,34.39,0.59,3276.70,0.00,34.4495,34.4396,34.2517,34.2375,40212689,1474539,2299796,40212920.0000,1474589.5000,2299686.7500,-32768,12854,-110
01:08:53,2009.78,34.41,0.59,3276.70,0.00,34.4543,34.4416,34.2537,34.2403,40212689,1474581,2300507,40212856.0000,1474585.8750,2299756.0000,-32768,12854,-110
01:08:55,2009.78,34.41,0.59,3276.70,0.00,34.4543,34.4427,34.2537,34.2419,40213405,1474393,2300719,40212804.0000,1474578.0000,2299862.0000,-32768,12854,-110
01:08:57,2009.78,34.41,0.57,3276.70,0.00,34.4575,34.4440,34.2564,34.2428,40213807,1474507,2300695,40212820.0000,1474575.7500,2299911.0000,-32768,12854,-110
01:08:59,2009.78,34.41,0.57,3276.70,0.00,34.4575,34.4440,34.2564,34.2436,40212559,1474475,2301316,40212820.0000,1474569.1250,2300019.5000,-32768,12854,-110
01:09:01,2009.78,34.41,0.57,3276.70,0.00,34.4575,34.4455,34.2564,34.2448,40213917,1474480,2301334,40212924.0000,1474564.5000,2300134.0000,-32768,12854,-110
01:09:03,2009.78,34.41,0.57,3276.70,0.00,34.4575,34.4464,34.2560,34.2454,40213917,1474414,2300387,40212948.0000,1474562.6250,2300190.0000,-32768,12854,-110
01:09:06,2009.78,34.42,0.57,3276.70,0.00,34.4550,34.4464,34.2579,34.2454,40213317,1474574,2299611,40212976.0000,1474562.6250,2300226.2500,-32768,12854,-110
01:09:08,2009.78,34.42,0.57,3276.70,0.00,34.4550,34.4479,34.2579,34.2480,40212531,1474535,2302243,40212900.0000,1474547.0000,2300312.5000,-32768,12854,-110
01:09:10,2009.78,34.43,0.57,3276.70,0.00,34.4564,34.4484,34.2627,34.2480,40212225,1474438,2300423,40212816.0000,1474540.6250,2300336.5000,-32768,12854,-110
01:09:11,2009.78,34.43,0.57,3276.70,0.00,34.4599,34.4493,34.2683,34.2501,40212535,1474384,2300166,40212820.0000,1474533.2500,2300324.5000,-32768,12854,-110
01:09:13,2009.78,34.43,0.57,3276.70,0.00,34.4626,34.4497,34.2700,34.2507,40211668,1474423,2300166,40212724.0000,1474533.2500,2300545.0000,-32768,12854,-110
01:09:15,2009.78,34.43,0.56,3276.70,0.00,34.4648,34.4511,34.2734,34.2526,40212491,1474582,2304477,40212724.0000,1474529.7500,2300668.0000,-32768,12854,-110
01:09:18,2009.78,34.43,0.56,3276.70,0.00,34.4648,34.4521,34.2734,34.2540,40212491,1474226,2300613,40212416.0000,1474510.6250,2300704.7500,-32768,12854,-110
01:09:19,2004.34,34.44,0.56,3276.70,0.00,34.4755,34.4540,34.2788,34.2561,40214985,1474409,2300613,40212508.0000,1474502.6250,2300809.7500,-32768,12854,-110
01:09:21,2009.78,34.44,0.56,3276.70,0.00,34.4755,34.4561,34.2815,34.2583,40213295,1474490,2302250,40212556.0000,1474503.6250,2300809.7500,-32768,12854,-110
01:09:23,2004.34,34.44,0.55,3276.70,0.00,34.4808,34.4569,34.2823,34.2591,40213773,1474428,2302478,40212596.0000,1474503.6250,2300809.7500,-32768,12854,-110
01:09:25,2009.78,34.45,0.55,3276.70,0.00,34.4855,34.4593,34.2847,34.2613,40213000,1474600,2303452,40212716.0000,1474499.3750,2301144.7500,-32768,12854,-110
01:09:28,2009.78,34.45,0.55,3276.70,0.00,34.4855,34.4619,34.2847,34.2643,40216698,1474696,2302258,40212716.0000,1474499.3750,2301318.7500,-32768,12854,-110
01:09:29,2009.78,34.45,0.55,3276.70,0.00,34.4930,34.4638,34.2888,34.2643,40214992,1474670,2302258,40213472.0000,1474531.0000,2301550.7500,-32768,12854,-110
01:09:31,2009.78,34.45,0.55,3276.70,0.00,34.4952,34.4665,34.2917,34.2673,40219560,1474695,2303743,40213664.0000,1474536.1250,2301550.7500,-32768,12854,-110
01:09:33,2004.34,34.46,0.55,3276.70,0.00,34.4958,34.4683,34.2931,34.2689,40216520,1474695,2303743,40213932.0000,1474545.1250,2301823.0000,-32768,12854,-110
01:09:34,2009.78,34.46,0.55,3276.70,0.00,34.4955,34.4699,34.2946,34.2704,40218243,1474468,2311498,40214064.0000,1474542.6250,2302125.2500,-32768,12854,-110
01:09:35,2009.78,34.46,0.54,3276.70,0.00,34.4954,34.4707,34.2955,34.2712,40220166,1474493,2314266,40214256.0000,1474541.1250,2302504.7500,-32768,12854,-110
01:09:36,2009.78,34.46,0.54,3276.70,0.00,34.4959,34.4715,34.2966,34.2712,40220166,1474570,2304324,40214480.0000,1474544.6250,2302612.2500,-32768,12854,-110
01:09:38,2009.78,34.46,0.54,3276.70,0.00,34.4965,34.4715,34.3003,34.2712,40219907,1474816,2304252,40214880.0000,1474565.2500,2302786.5000,-32768,12854,-110
01:09:40,2004.34,34.47,0.54,3276.70,0.00,34.4992,34.4752,34.3021,34.2760,40219907,1474766,2303709,40215024.0000,1474571.5000,2302838.0000,-32768,12854,-110
01:09:41,2009.78,34.47,0.54,3276.70,0.00,34.5006,34.4760,34.3030,34.2768,40218324,1474749,2303380,40215228.0000,1474579.6250,2302855.0000,-32768,12854,-110
01:09:42,2009.78,34.47,0.54,3276.70,0.00,34.5021,34.4775,34.3055,34.2785,40217992,1474687,2303590,40215312.0000,1474579.6250,2302878.0000,-32768,12854,-110
01:09:43,2009.78,34.48,0.54,3276.70,0.00,34.5032,34.4783,34.3069,34.2794,40218694,1474595,2303615,40215480.0000,1474584.1250,2302924.7500,-32768,12854,-110
01:09:44,2009.78,34.48,0.54,3276.70,0.00,34.5052,34.4799,34.3097,34.2812,40217832,1474639,2303904,40215552.0000,1474585.7500,2302955.5000,-32768,12854,-110
01:09:47,2004.34,34.48,0.54,3276.70,0.00,34.5052,34.4815,34.3097,34.2839,40218510,1474402,2304774,40215764.0000,1474582.0000,2303083.7500,-32768,12854,-110
01:09:50,2009.78,34.49,0.54,3276.70,0.00,34.5052,34.4840,34.3097,34.2867,40218510,1474458,2304942,40216032.0000,1474585.5000,2303279.2500,-32768,12854,-110
01:09:51,2009.78,34.49,0.54,3276.70,0.00,34.5152,34.4866,34.3195,34.2886,40216430,1474331,2305170,40216044.0000,1474577.6250,2303398.5000,-32768,12854,-110
01:09:53,2009.78,34.49,0.54,3276.70,0.00,34.5152,34.4895,34.3228,34.2916,40220679,1474714,2305394,40216344.0000,1474586.8750,2303516.5000,-32768,12854,-110
01:09:55,2009.78,34.49,0.53,3276.70,0.00,34.5218,34.4905,34.3239,34.2916,40220679,1474862,2293576,40216344.0000,1474605.1250,2303093.7500,-32768,12854,-110
01:09:57,2009.78,34.50,0.53,3276.70,0.00,34.5268,34.4936,34.3264,34.2955,40220962,1474851,2306621,40216800.0000,1474605.1250,2303093.7500,-32768,12854,-110
01:09:59,2004.34,34.50,0.53,3276.70,0.00,34.5302,34.4969,34.3299,34.2984,40219927,1474803,2306153,40217152.0000,1474605.1250,2303093.7500,-32768,12854,-110
01:10:01,2009.78,34.51,0.53,3276.70,0.00,34.5355,34.4992,34.3332,34.3005,40222717,1474738,2306805,40217448.0000,1474638.1250,2303660.2500,-32768,12854,-110
01:10:03,2009.78,34.51,0.53,3276.70,0.00,34.5355,34.5027,34.3377,34.3037,40220349,1474920,2306048,40217448.0000,1474663.2500,2303970.2500,-32768,12854,-110
01:10:05,2009.78,34.52,0.53,3276.70,0.00,34.5355,34.5052,34.3377,34.3070,40225710,1474895,2307359,40218480.0000,1474674.2500,2304169.5000,-32768,12854,-110
01:10:07,2009.78,34.52,0.51,3276.70,0.00,34.5455,34.5088,34.3451,34.3093,40221392,1475028,2307393,40218768.0000,1474694.1250,2304366.2500,-32768,12854,-110
01:10:08,2009.78,34.53,0.51,3276.70,0.00,34.5457,34.5110,34.3482,34.3116,40224459,1474971,2307393,40219196.0000,1474711.2500,2304551.5000,-32768,12854,-110
01:10:10,2009.78,34.53,0.51,3276.70,0.00,34.5461,34.5121,34.3500,34.3127,40227428,1474955,2307487,40219452.0000,1474734.0000,2304504.0000,-32768,12854,-110
01:10:11,2009.78,34.54,0.51,3276.70,0.00,34.5497,34.5153,34.3559,34.3164,40225963,1474903,2308230,40220048.0000,1474752.6250,2304433.7500,-32768,12854,-110
01:10:13,2009.78,34.54,0.51,3276.70,0.00,34.5519,34.5164,34.3592,34.3164,40228427,1474801,2308233,40220528.0000,1474752.5000,2304655.0000,-32768,12854,-110
01:10:15,2009.78,34.54,0.51,3276.70,0.00,34.5559,34.5164,34.3656,34.3218,40227691,1474585,2318838,40220528.0000,1474742.1250,2304655.0000,-32768,12854,-110
01:10:17,2009.78,34.55,0.51,3276.70,0.00,34.5615,34.5236,34.3705,34.3260,40227296,1474704,2309231,40221504.0000,1474743.0000,2305735.2500,-32768,12854,-110
01:10:19,2009.78,34.55,0.51,3276.70,0.00,34.5664,34.5250,34.3731,34.3275,40228388,1474464,2316867,40221720.0000,1474734.3750,2306083.0000,-32768,12854,-110
01:10:20,2009.78,34.55,0.51,3276.70,0.00,34.5747,34.5292,34.3791,34.3319,40228930,1474909,2309353,40222356.0000,1474734.3750,2306665.5000,-32768,12854,-110
01:10:22,2004.34,34.56,0.51,3276.70,0.00,34.5785,34.5321,34.3827,34.3350,40229754,1474915,2301608,40222820.0000,1474743.2500,2306594.2500,-32768,12854,-110
01:10:24,2009.78,34.57,0.51,3276.70,0.00,34.5818,34.5321,34.3827,34.3380,40229754,1474847,2309947,40223460.0000,1474753.2500,2306584.5000,-32768,12854,-110
01:10:26,2004.34,34.57,0.51,3276.70,0.00,34.5818,34.5397,34.3827,34.3442,40230718,1474979,2302596,40224064.0000,1474771.7500,2306499.0000,-32768,12854,-110
01:10:28,2009.78,34.58,0.51,3276.70,0.00,34.5921,34.5428,34.3950,34.3457,40231200,1474748,2311956,40224512.0000,1474770.5000,2306853.5000,-32768,12854,-110
01:10:30,2009.78,34.58,0.50,3276.70,0.00,34.5970,34.5461,34.3987,34.3457,40231200,1474862,2316859,40225072.0000,1474770.5000,2306853.5000,-32768,12854,-110
01:10:32,2004.34,34.59,0.50,3276.70,0.00,34.5970,34.5511,34.4065,34.3554,40235610,1474970,2312201,40226004.0000,1474787.3750,2307985.5000,-32768,12854,-110
01:10:36,2009.78,34.59,0.50,3276.70,0.00,34.5970,34.5562,34.4065,34.3604,40235610,1474886,2313236,40227168.0000,1474778.8750,2309301.2500,-32768,12854,-110
01:10:38,2009.78,34.60,0.50,3276.70,0.00,34.6128,34.5562,34.4184,34.3604,40237737,1474840,2316265,40228080.0000,1474794.8750,2309774.7500,-32768,12854,-110
01:10:39,2004.34,34.61,0.50,3276.70,0.00,34.6158,34.5660,34.4227,34.3688,40238451,1474777,2316605,40228404.0000,1474794.2500,2309988.0000,-32768,12854,-110
01:10:41,2009.78,34.61,0.50,3276.70,0.00,34.6176,34.5676,34.4253,34.3705,40237703,1474899,2313796,40229008.0000,1474794.2500,2310193.7500,-32768,12854,-110
01:10:42,2009.78,34.62,0.50,3276.70,0.00,34.6280,34.5727,34.4349,34.3761,40237858,1474885,2306614,40229552.0000,1474806.3750,2310195.7500,-32768,12854,-110
01:10:44,2004.34,34.62,0.50,3276.70,0.00,34.6308,34.5763,34.4416,34.3800,40238980,1474793,2306614,40230100.0000,1474808.2500,2310195.5000,-32768,12854,-110
01:10:46,2004.34,34.63,0.50,3276.70,0.00,34.6355,34.5782,34.4416,34.3839,40238980,1474983,2305424,40230928.0000,1474816.5000,2310358.7500,-32768,12854,-110
01:10:47,2009.78,34.64,0.50,3276.70,0.00,34.6461,34.5857,34.4537,34.3900,40240106,1474821,2316187,40231484.0000,1474822.0000,2310294.5000,-32768,12854,-110
01:10:49,2004.34,34.64,0.52,3276.70,0.00,34.6487,34.5877,34.4557,34.3900,40240106,1474672,2315576,40232124.0000,1474816.2500,2310636.5000,-32768,12854,-110
01:10:51,2009.78,34.65,0.50,3276.70,0.00,34.6528,34.5916,34.4595,34.3961,40242699,1474864,2312815,40232456.0000,1474817.7500,2310704.5000,-32768,12854,-110
01:10:53,2009.78,34.65,0.50,3276.70,0.00,34.6528,34.5974,34.4595,34.4042,40243653,1474852,2317558,40233680.0000,1474819.1250,2311340.0000,-32768,12854,-110
01:10:56,2004.34,34.66,0.50,3276.70,0.00,34.6528,34.6034,34.4595,34.4104,40243047,1474779,2317697,40234532.0000,1474819.1250,2312381.5000,-32768,12854,-110
01:10:58,2009.78,34.67,0.49,3276.70,0.00,34.6758,34.6097,34.4809,34.4104,40245647,1474878,2327421,40234532.0000,1474819.1250,2313178.2500,-32768,12854,-110
01:11:00,2004.34,34.67,0.49,3276.70,0.00,34.6813,34.6140,34.4854,34.4104,40246841,1474943,2318297,40234532.0000,1474819.1250,2313872.7500,-32768,12854,-110
01:11:02,2004.34,34.68,0.49,3276.70,0.00,34.6903,34.6206,34.4919,34.4252,40248733,1474828,2318192,40236920.0000,1474814.3750,2314125.2500,-32768,12854,-110
01:11:03,2004.34,34.69,0.49,3276.70,0.00,34.6956,34.6251,34.4919,34.4295,40248860,1474501,2328972,40237640.0000,1474798.1250,2315114.2500,-32768,12854,-110
01:11:05,2004.34,34.69,0.49,3276.70,0.00,34.6987,34.6274,34.4993,34.4316,40250456,1474959,2319202,40238428.0000,1474798.1250,2315114.2500,-32768,12854,-110
01:11:06,2004.34,34.70,0.48,3276.70,0.00,34.7025,34.6341,34.5057,34.4381,40250326,1474768,2324294,40239152.0000,1474807.3750,2315662.5000,-32768,12854,-110
01:11:09,2009.78,34.70,0.48,3276.70,0.00,34.7025,34.6405,34.5057,34.4447,40250326,1474941,2321145,40240700.0000,1474815.1250,2316369.2500,-32768,12854,-110
01:11:10,2004.34,34.72,0.49,3276.70,0.00,34.7114,34.6447,34.5203,34.4492,40253462,1474817,2321938,40241096.0000,1474815.2500,2316543.2500,-32768,12854,-110
01:11:11,2004.34,34.72,0.48,3276.70,0.00,34.7142,34.6469,34.5234,34.4515,40253329,1474728,2321606,40241480.0000,1474812.5000,2316701.5000,-32768,12854,-110
01:11:13,2004.34,34.73,0.49,3276.70,0.00,34.7194,34.6512,34.5296,34.4562,40253705,1474968,2321340,40242240.0000,1474812.5000,2317123.5000,-32768,12854,-110
01:11:14,2009.78,34.73,0.48,3276.70,0.00,34.7255,34.6556,34.5347,34.4562,40253814,1474758,2318927,40242952.0000,1474823.3750,2317179.7500,-32768,12854,-110
01:11:16,2009.78,34.73,0.49,3276.70,0.00,34.7255,34.6602,34.5413,34.4657,40254745,1474793,2322512,40244004.0000,1474819.2500,2317512.7500,-32768,12854,-110
01:11:19,2009.78,34.73,0.49,3276.70,0.00,34.7409,34.6602,34.5477,34.4729,40255848,1474920,2319069,40244004.0000,1474825.1250,2317765.2500,-32768,12854,-110
01:11:21,2009.78,34.75,0.48,3276.70,0.00,34.7409,34.6743,34.5539,34.4800,40259262,1474941,2323098,40245900.0000,1474831.2500,2318085.2500,-32768,12854,-110
01:11:23,2004.34,34.76,0.48,3276.70,0.00,34.7538,34.6790,34.5539,34.4800,40259049,1474958,2316127,40247104.0000,1474840.1250,2318218.7500,-32768,12854,-110
01:11:25,2009.78,34.76,0.48,3276.70,0.00,34.7538,34.6863,34.5539,34.4943,40258563,1474845,2325571,40248148.0000,1474845.1250,2318797.0000,-32768,12854,-110
01:11:27,2004.34,34.77,0.48,3276.70,0.00,34.7737,34.6939,34.5746,34.4992,40261113,1475121,2316335,40248912.0000,1474860.3750,2318696.7500,-32768,12854,-110
01:11:29,2004.34,34.78,0.47,3276.70,0.00,34.7769,34.6965,34.5746,34.5040,40261113,1475077,2326068,40250168.0000,1474869.2500,2319310.7500,-32768,12854,-110
01:11:31,2004.34,34.78,0.47,3276.70,0.00,34.7850,34.7042,34.5847,34.5089,40264447,1475233,2319563,40250616.0000,1474891.3750,2319310.7500,-32768,12854,-110
01:11:33,2004.34,34.79,0.47,3276.70,0.00,34.7921,34.7120,34.5922,34.5089,40264447,1475267,2323584,40251984.0000,1474913.0000,2319656.5000,-32768,12854,-110
01:11:34,2004.34,34.80,0.47,3276.70,0.00,34.7946,34.7145,34.5950,34.5186,40268353,1475247,2326669,40252496.0000,1474923.5000,2319825.0000,-32768,12854,-110
01:11:36,2004.34,34.80,0.47,3276.70,0.00,34.7946,34.7145,34.6034,34.5186,40267531,1475092,2328336,40253928.0000,1474962.5000,2319967.5000,-32768,12854,-110
01:11:39,2004.34,34.81,0.47,3276.70,0.00,34.7946,34.7270,34.6034,34.5334,40267531,1475092,2316819,40255772.0000,1474996.3750,2320294.2500,-32768,12854,-110
01:11:39,2004.34,34.82,0.47,3276.70,0.00,34.8081,34.7342,34.6149,34.5383,40271915,1475235,2328943,40256276.0000,1475003.7500,2320564.5000,-32768,12854,-110
01:11:40,2009.78,34.82,0.47,3276.70,0.00,34.8096,34.7366,34.6173,34.5408,40270430,1475286,2329245,40256720.0000,1475012.6250,2320835.7500,-32768,12854,-110
01:11:43,2004.34,34.83,0.47,3276.70,0.00,34.8116,34.7389,34.6173,34.5457,40270430,1475414,2319012,40258080.0000,1475040.7500,2320965.7500,-32768,12854,-110
01:11:45,2009.78,34.83,0.47,3276.70,0.00,34.8221,34.7483,34.6304,34.5531,40272105,1475225,2319012,40259388.0000,1475054.8750,2320965.7500,-32768,12854,-110
01:11:48,2004.34,34.83,0.46,3276.70,0.00,34.8221,34.7554,34.6304,34.5629,40272105,1475204,2331049,40260948.0000,1475054.8750,2320965.7500,-32768,12854,-110
01:11:50,2009.78,34.85,0.46,3276.70,0.00,34.8382,34.7627,34.6429,34.5677,40272978,1475238,2330688,40261324.0000,1475086.1250,2322622.2500,-32768,12854,-110
01:11:52,2004.34,34.85,0.46,3276.70,0.00,34.8438,34.7675,34.6429,34.5677,40275572,1475238,2338583,40262832.0000,1475099.1250,2323463.5000,-32768,12854,-110
01:11:53,2009.78,34.86,0.46,3276.70,0.00,34.8538,34.7750,34.6562,34.5798,40275516,1475121,2339460,40263232.0000,1475099.7500,2323963.5000,-32768,12854,-110
01:11:55,2004.34,34.87,0.46,3276.70,0.00,34.8570,34.7776,34.6590,34.5823,40274565,1475411,2325354,40263584.0000,1475099.7500,2323952.5000,-32768,12854,-110
01:11:57,2009.78,34.87,0.46,3276.70,0.00,34.8570,34.7854,34.6673,34.5823,40276914,1475351,2333311,40265184.0000,1475138.0000,2324760.0000,-32768,12854,-110
01:11:59,2004.34,34.88,0.46,3276.70,0.00,34.8712,34.7908,34.6734,34.5823,40279473,1475351,2333311,40266052.0000,1475158.8750,2324751.2500,-32768,12854,-110
01:12:00,2004.34,34.88,0.44,3276.70,0.00,34.8810,34.7962,34.6792,34.5998,40281400,1475379,2334997,40266968.0000,1475173.0000,2325355.7500,-32768,12854,-110
01:12:02,2004.34,34.88,0.44,3276.70,0.00,34.8864,34.8016,34.6849,34.6049,40281063,1475380,2335230,40267408.0000,1475173.0000,2325706.7500,-32768,12854,-110
01:12:03,2009.78,34.89,0.44,3276.70,0.00,34.8916,34.8070,34.6907,34.6049,40282141,1475383,2336200,40268728.0000,1475204.8750,2326020.5000,-32768,12854,-110
01:12:05,2009.78,34.90,0.44,3276.70,0.00,34.8957,34.8124,34.6968,34.6153,40282890,1475383,2336283,40269652.0000,1475216.7500,2326628.5000,-32768,12854,-110
01:12:07,2009.78,34.91,0.44,3276.70,0.00,34.8978,34.8176,34.7019,34.6205,40284423,1475726,2336283,40269652.0000,1475251.7500,2326628.5000,-32768,12854,-110
01:12:08,2004.34,34.91,0.44,3276.70,0.00,34.9019,34.8227,34.7077,34.6258,40284841,1475567,2335513,40271008.0000,1475251.7500,2327052.5000,-32768,12854,-110
01:12:11,2004.34,34.92,0.44,3276.70,0.00,34.9019,34.8302,34.7177,34.6258,40284841,1475655,2335513,40272684.0000,1475300.1250,2327299.7500,-32768,12854,-110
01:12:12,2004.34,34.92,0.44,3276.70,0.00,34.9169,34.8377,34.7269,34.6419,40286447,1475221,2346585,40273508.0000,1475302.5000,2328165.2500,-32768,12854,-110
01:12:15,2009.78,34.93,0.43,3276.70,0.00,34.9226,34.8428,34.7314,34.6473,40290177,1475666,2346585,40273508.0000,1475302.5000,2328562.2500,-32768,12854,-110
01:12:18,2004.34,34.94,0.43,3276.70,0.00,34.9226,34.8529,34.7314,34.6578,40289529,1475581,2338212,40276204.0000,1475302.5000,2329363.7500,-32768,12854,-110
01:12:20,2004.34,34.95,0.43,3276.70,0.00,34.9226,34.8529,34.7465,34.6655,40289529,1475761,2338212,40278036.0000,1475397.6250,2329905.5000,-32768,12854,-110
01:12:22,2009.78,34.95,0.43,3276.70,0.00,34.9491,34.8660,34.7519,34.6707,40293832,1475739,2329052,40279000.0000,1475424.2500,2330162.7500,-32768,12854,-110
01:12:24,2009.78,34.96,0.43,3276.70,0.00,34.9491,34.8741,34.7519,34.6787,40294432,1475767,2340328,40279920.0000,1475453.8750,2330691.5000,-32768,12854,-110
01:12:25,2004.34,34.96,0.43,3276.70,0.00,34.9648,34.8795,34.7657,34.6839,40296483,1475769,2341180,40280904.0000,1475473.7500,2331019.2500,-32768,12854,-110
01:12:27,2009.78,34.97,0.42,3276.70,0.00,34.9680,34.8823,34.7685,34.6865,40295866,1475974,2329629,40281372.0000,1475489.3750,2331019.2500,-32768,12854,-110
01:12:29,2009.78,34.98,0.42,3276.70,0.00,34.9739,34.8823,34.7734,34.6865,40295363,1475691,2352430,40281372.0000,1475489.3750,2332612.0000,-32768,12854,-110
01:12:31,2009.78,34.98,0.42,3276.70,0.00,34.9739,34.8989,34.7846,34.7023,40300652,1476290,2327460,40281372.0000,1475585.7500,2332704.0000,-32768,12854,-110
01:12:33,2009.78,34.99,0.42,3276.70,0.00,34.9902,34.9044,34.7846,34.7023,40300602,1475967,2342851,40285856.0000,1475609.3750,2333321.7500,-32768,12854,-110
01:12:35,2009.78,34.99,0.41,3276.70,0.00,34.9942,34.9098,34.7949,34.7155,40304341,1476245,2332179,40286992.0000,1475644.7500,2333337.2500,-32768,12854,-110
01:12:37,2009.78,35.00,0.42,3276.70,0.00,34.9966,34.9098,34.8033,34.7155,40303800,1476211,2342972,40288484.0000,1475692.1250,2334258.2500,-32768,12854,-110
01:12:39,2009.78,35.01,0.41,3276.70,0.00,35.0026,34.9227,34.8099,34.7261,40304727,1476240,2334760,40288992.0000,1475692.1250,2334258.2500,-32768,12854,-110
01:12:40,2009.78,35.02,0.41,3276.70,0.00,35.0068,34.9278,34.8152,34.7315,40307190,1475978,2344684,40290056.0000,1475738.2500,2334857.2500,-32768,12854,-110
01:12:42,2009.78,35.02,0.41,3276.70,0.00,35.0110,34.9328,34.8200,34.7368,40307568,1476014,2344753,40291120.0000,1475746.8750,2335166.5000,-32768,12854,-110
01:12:44,2009.78,35.02,0.41,3276.70,0.00,35.0110,34.9328,34.8274,34.7368,40309211,1476135,2345802,40292716.0000,1475787.3750,2335564.7500,-32768,12854,-110
01:12:47,2009.78,35.03,0.41,3276.70,0.00,35.0282,34.9457,34.8346,34.7368,40309211,1476056,2345802,40294196.0000,1475787.3750,2335564.7500,-32768,12854,-110
01:12:48,2009.78,35.05,0.41,3276.70,0.00,35.0348,34.9536,34.8410,34.7368,40309211,1475975,2347229,40295656.0000,1475836.0000,2337359.0000,-32768,12854,-110
01:12:50,2009.78,35.05,0.41,3276.70,0.00,35.0348,34.9588,34.8410,34.7663,40310474,1476285,2339351,40296568.0000,1475857.7500,2337714.7500,-32768,12854,-110
01:12:53,2009.78,35.06,0.41,3276.70,0.00,35.0348,34.9667,34.8410,34.7741,40313599,1476173,2347317,40298016.0000,1475857.7500,2338608.0000,-32768,12854,-110
01:12:56,2009.78,35.07,0.40,3276.70,0.00,35.0595,34.9667,34.8642,34.7741,40314707,1476052,2350054,40300024.0000,1475920.3750,2339027.5000,-32768,12854,-110
01:12:58,2009.78,35.08,0.40,3276.70,0.00,35.0696,34.9667,34.8722,34.7741,40315142,1476320,2348935,40301424.0000,1475920.3750,2339710.2500,-32768,12854,-110
01:13:00,2009.78,35.08,0.40,3276.70,0.00,35.0696,34.9943,34.8816,34.7979,40318930,1476376,2350874,40302440.0000,1475978.0000,2340148.5000,-32768,12854,-110
01:13:02,2009.78,35.09,0.40,3276.70,0.00,35.0889,35.0000,34.8816,34.7979,40321304,1476740,2341474,40304024.0000,1476030.3750,2340718.5000,-32768,12854,-110
01:13:08,2009.78,35.11,0.39,3276.70,0.00,35.1012,35.0195,34.9009,34.8248,40324336,1476545,2353475,40307780.0000,1476150.0000,2342146.2500,-32768,12854,-110
01:13:11,2009.78,35.11,0.39,3276.70,0.00,35.1092,35.0195,34.9155,34.8327,40324336,1476545,2353519,40310068.0000,1476225.5000,2343491.2500,-32768,12854,-110
01:13:12,2009.78,35.12,0.39,3276.70,0.00,35.1147,35.0351,34.9207,34.8380,40327528,1476652,2353646,40310616.0000,1476238.8750,2343808.7500,-32768,12854,-110
01:13:13,2015.21,35.12,0.37,3276.70,0.00,35.1179,35.0377,34.9231,34.8407,40326508,1476672,2352826,40311112.0000,1476252.3750,2344090.5000,-32768,12854,-110
01:13:14,2015.21,35.12,0.39,3276.70,0.00,35.1228,35.0429,34.9275,34.8459,40327238,1476607,2359426,40312132.0000,1476278.1250,2344831.2500,-32768,12854,-110
01:13:16,2009.78,35.12,0.39,3276.70,0.00,35.1244,35.0454,34.9298,34.8486,40327410,1476587,2360434,40312608.0000,1476287.8750,2345318.7500,-32768,12854,-110
01:13:18,2009.78,35.12,0.39,3276.70,0.00,35.1291,35.0504,34.9347,34.8537,40328947,1476624,2360434,40314052.0000,1476287.8750,2345318.7500,-32768,12854,-110
01:13:20,2009.78,35.12,0.37,3276.70,0.00,35.1376,35.0580,34.9408,34.8639,40330321,1476610,2360434,40314052.0000,1476287.8750,2347874.0000,-32768,12854,-110
01:13:24,2009.78,35.13,0.37,3276.70,0.00,35.1376,35.0680,34.9408,34.8740,40330321,1476416,2368522,40317240.0000,1476287.8750,2349497.0000,-32768,12854,-110
01:13:26,2015.21,35.14,0.37,3276.70,0.00,35.1543,35.0756,34.9567,34.8740,40333795,1476734,2368522,40318664.0000,1476389.5000,2349967.2500,-32768,12854,-110
01:13:27,2009.78,35.14,0.37,3276.70,0.00,35.1605,35.0830,34.9634,34.8864,40332854,1476469,2368522,40319516.0000,1476406.7500,2351075.7500,-32768,12854,-110
01:13:29,2009.78,35.15,0.37,3276.70,0.00,35.1654,35.0880,34.9681,34.8913,40334504,1476469,2368522,40320868.0000,1476428.5000,2351379.7500,-32768,12854,-110
01:13:31,2009.78,35.16,0.37,3276.70,0.00,35.1698,35.0929,34.9735,34.8962,40334951,1476851,2357340,40321308.0000,1476452.2500,2351819.2500,-32768,12854,-110
01:13:34,2009.78,35.16,0.37,3276.70,0.00,35.1698,35.1002,34.9735,34.9061,40336192,1476939,2358286,40323004.0000,1476488.3750,2351819.2500,-32768,12854,-110
01:13:35,2015.21,35.17,0.36,3276.70,0.00,35.1801,35.1050,34.9875,34.9110,40335892,1476702,2357690,40323736.0000,1476503.5000,2352785.0000,-32768,12854,-110
01:13:36,2009.78,35.18,0.36,3276.70,0.00,35.1835,35.1098,34.9901,34.9134,40335538,1476809,2358038,40324104.0000,1476513.0000,2352949.2500,-32768,12854,-110
01:13:38,2015.21,35.18,0.36,3276.70,0.00,35.1859,35.1121,34.9901,34.9134,40338698,1476785,2359971,40324952.0000,1476528.7500,2353409.7500,-32768,12854,-110
01:13:38,2015.21,35.19,0.36,3276.70,0.00,35.1900,35.1168,34.9961,34.9207,40337817,1476947,2352258,40325352.0000,1476541.7500,2353373.7500,-32768,12854,-110
01:13:41,2009.78,35.19,0.36,3276.70,0.00,35.1900,35.1237,34.9961,34.9279,40336922,1476772,2359758,40326520.0000,1476570.5000,2353373.7500,-32768,12854,-110
01:13:45,2009.78,35.20,0.36,3276.70,0.00,35.1900,35.1308,34.9961,34.9375,40341151,1476916,2360617,40326520.0000,1476570.5000,2353373.7500,-32768,12854,-110
01:13:46,2009.78,35.21,0.35,3276.70,0.00,35.2112,35.1308,35.0164,34.9422,40341615,1477116,2352195,40326520.0000,1476647.6250,2354272.5000,-32768,12854,-110
01:13:49,2015.21,35.22,0.35,3276.70,0.00,35.2112,35.1451,35.0164,34.9516,40341615,1476926,2362353,40330720.0000,1476685.6250,2354788.2500,-32768,12854,-110
01:13:52,2009.78,35.23,0.34,3276.70,0.00,35.2112,35.1548,35.0164,34.9516,40343474,1476907,2362509,40331892.0000,1476718.8750,2354818.2500,-32768,12854,-110
01:13:54,2015.21,35.24,0.34,3276.70,0.00,35.2112,35.1621,35.0393,34.9657,40344148,1477018,2362925,40332672.0000,1476750.3750,2354818.2500,-32768,12854,-110
01:13:56,2015.21,35.24,0.34,3276.70,0.00,35.2425,35.1670,35.0443,34.9704,40346332,1477303,2352346,40333484.0000,1476750.3750,2355462.7500,-32768,12854,-110
01:13:57,2009.78,35.25,0.34,3276.70,0.00,35.2476,35.1719,35.0495,34.9752,40346442,1476969,2365656,40334272.0000,1476784.1250,2355781.2500,-32768,12854,-110
01:13:58,2015.21,35.25,0.34,3276.70,0.00,35.2507,35.1743,35.0521,34.9775,40348243,1477035,2363078,40334708.0000,1476792.0000,2356009.2500,-32768,12854,-110
01:14:00,2009.78,35.26,0.34,3276.70,0.00,35.2554,35.1743,35.0521,34.9847,40350010,1477035,2363990,40336504.0000,1476837.1250,2356888.2500,-32768,12854,-110
01:14:02,2009.78,35.26,0.34,3276.70,0.00,35.2614,35.1864,35.0648,34.9895,40349431,1477310,2363542,40336908.0000,1476851.8750,2357096.2500,-32768,12854,-110
01:14:05,2009.78,35.27,0.34,3276.70,0.00,35.2614,35.1937,35.0648,34.9992,40351095,1477310,2365739,40338640.0000,1476900.0000,2357361.2500,-32768,12854,-110
01:14:07,2009.78,35.28,0.34,3276.70,0.00,35.2614,35.2034,35.0821,35.0065,40354245,1477507,2353169,40340008.0000,1476937.6250,2357468.2500,-32768,12854,-110
01:14:10,2015.21,35.29,0.34,3276.70,0.00,35.2614,35.2082,35.0821,35.0114,40354261,1477507,2366263,40341288.0000,1476967.8750,2358351.5000,-32768,12854,-110
01:14:11,2009.78,35.30,0.33,3276.70,0.00,35.2885,35.2131,35.0821,35.0187,40356518,1477360,2365023,40342164.0000,1476990.1250,2358825.0000,-32768,12854,-110
01:14:12,2015.21,35.30,0.33,3276.70,0.00,35.2936,35.2179,35.0976,35.0212,40355744,1477221,2367722,40342588.0000,1476997.3750,2359103.0000,-32768,12854,-110
01:14:14,2009.78,35.31,0.33,3276.70,0.00,35.2977,35.2227,35.1026,35.0261,40355480,1477292,2367722,40343868.0000,1477027.6250,2359624.0000,-32768,12854,-110
01:14:17,2009.78,35.31,0.33,3276.70,0.00,35.2977,35.2299,35.1026,35.0359,40355480,1477353,2368307,40345232.0000,1477057.8750,2360014.0000,-32768,12854,-110
01:14:20,2009.78,35.32,0.33,3276.70,0.00,35.3110,35.2370,35.1026,35.0432,40355480,1477739,2354988,40345232.0000,1477116.8750,2360014.0000,-32768,12854,-110
01:14:22,2009.78,35.33,0.33,3276.70,0.00,35.3182,35.2441,35.1259,35.0507,40360214,1477336,2370034,40347864.0000,1477116.8750,2360014.0000,-32768,12854,-110
01:14:23,2009.78,35.34,0.31,3276.70,0.00,35.3243,35.2489,35.1296,35.0532,40362163,1477518,2360137,40348308.0000,1477116.8750,2360824.2500,-32768,12854,-110
01:14:25,2015.21,35.35,0.31,3276.70,0.00,35.3290,35.2537,35.1339,35.0580,40359334,1477152,2379900,40349444.0000,1477164.3750,2361697.5000,-32768,12854,-110
01:14:26,2009.78,35.35,0.31,3276.70,0.00,35.3344,35.2537,35.1414,35.0653,40363535,1477649,2362196,40350288.0000,1477183.1250,2362267.0000,-32768,12854,-110
01:14:29,2015.21,35.36,0.31,3276.70,0.00,35.3344,35.2660,35.1414,35.0726,40363305,1477336,2372281,40351424.0000,1477183.1250,2362798.7500,-32768,12854,-110
01:14:30,2009.78,35.37,0.31,3276.70,0.00,35.3480,35.2710,35.1516,35.0751,40363151,1477525,2372267,40352152.0000,1477224.6250,2363100.5000,-32768,12854,-110
01:14:31,2009.78,35.37,0.31,3276.70,0.00,35.3539,35.2759,35.1575,35.0800,40363074,1477443,2361586,40352492.0000,1477224.6250,2363053.2500,-32768,12854,-110
01:14:33,2009.78,35.38,0.30,3276.70,0.00,35.3575,35.2785,35.1600,35.0800,40364718,1477504,2372720,40353224.0000,1477224.6250,2363942.0000,-32768,12854,-110
01:14:36,2009.78,35.38,0.30,3276.70,0.00,35.3655,35.2785,35.1724,35.0800,40366457,1477607,2373168,40354772.0000,1477294.1250,2364237.2500,-32768,12854,-110
01:14:37,2009.78,35.39,0.30,3276.70,0.00,35.3739,35.2938,35.1777,35.0977,40367116,1477607,2374842,40355580.0000,1477306.6250,2364931.2500,-32768,12854,-110
01:14:39,2009.78,35.40,0.30,3276.70,0.00,35.3799,35.2989,35.1828,35.1029,40368803,1477531,2374842,40355580.0000,1477323.7500,2365471.0000,-32768,12854,-110
01:14:41,2009.78,35.40,0.30,3276.70,0.00,35.3861,35.3066,35.1915,35.1105,40370493,1477695,2374896,40357200.0000,1477345.6250,2366041.0000,-32768,12854,-110
01:14:42,2009.78,35.40,0.30,3276.70,0.00,35.3894,35.3091,35.1944,35.1132,40370545,1477436,2367897,40357976.0000,1477354.1250,2366382.2500,-32768,12854,-110
01:14:43,2009.78,35.40,0.30,3276.70,0.00,35.3952,35.3143,35.1993,35.1183,40370495,1477560,2366915,40358368.0000,1477360.6250,2366399.0000,-32768,12854,-110
01:14:46,2009.78,35.42,0.29,3276.70,0.00,35.3986,35.3143,35.2046,35.1183,40371325,1477469,2377496,40359552.0000,1477371.1250,2367325.2500,-32768,12854,-110
01:14:48,2009.78,35.42,0.29,3276.70,0.00,35.4080,35.3271,35.2121,35.1313,40372654,1477553,2369186,40360348.0000,1477371.1250,2367325.2500,-32768,12854,-110
01:14:50,2009.78,35.42,0.29,3276.70,0.00,35.4157,35.3271,35.2207,35.1313,40374150,1477559,2377506,40361916.0000,1477407.2500,2368616.0000,-32768,12854,-110
01:14:52,2009.78,35.42,0.29,3276.70,0.00,35.4217,35.3400,35.2292,35.1470,40375511,1477554,2377223,40362704.0000,1477411.8750,2369146.2500,-32768,12854,-110
01:14:55,2009.78,35.45,0.29,3276.70,0.00,35.4217,35.3480,35.2292,35.1549,40372314,1477554,2386265,40364144.0000,1477413.3750,2370687.5000,-32768,12854,-110
01:14:57,2009.78,35.46,0.29,3276.70,0.00,35.4369,35.3558,35.2425,35.1602,40376527,1477557,2386265,40364144.0000,1477413.3750,2371143.5000,-32768,12854,-110
01:15:00,2009.78,35.46,0.29,3276.70,0.00,35.4369,35.3636,35.2425,35.1707,40377851,1477392,2392648,40366008.0000,1477413.3750,2371143.5000,-32768,12854,-110
01:15:01,2009.78,35.48,0.29,3276.70,0.00,35.4526,35.3714,35.2588,35.1760,40378000,1477737,2378437,40366756.0000,1477439.0000,2373062.7500,-32768,12854,-110
01:15:03,2009.78,35.48,0.28,3276.70,0.00,35.4596,35.3767,35.2588,35.1813,40379376,1477701,2383736,40367880.0000,1477439.0000,2373823.5000,-32768,12854,-110
01:15:06,2009.78,35.48,0.28,3276.70,0.00,35.4672,35.3767,35.2728,35.1813,40380521,1477701,2382754,40369468.0000,1477493.7500,2374757.0000,-32768,12854,-110
01:15:08,2009.78,35.50,0.28,3276.70,0.00,35.4672,35.3955,35.2728,35.2000,40383314,1477770,2382001,40370756.0000,1477520.7500,2375461.7500,-32768,12854,-110
01:15:10,2009.78,35.51,0.28,3276.70,0.00,35.4846,35.4009,35.2895,35.2054,40383307,1477817,2382523,40371148.0000,1477530.0000,2375682.5000,-32768,12854,-110
01:15:12,2009.78,35.51,0.28,3276.70,0.00,35.4846,35.4062,35.2963,35.2109,40385787,1477969,2380116,40372480.0000,1477562.5000,2376182.5000,-32768,12854,-110
01:15:15,2009.78,35.52,0.28,3276.70,0.00,35.4846,35.4145,35.3049,35.2109,40385787,1477802,2380116,40372480.0000,1477562.5000,2377099.7500,-32768,12854,-110
01:15:17,2009.78,35.53,0.28,3276.70,0.00,35.5033,35.4198,35.3139,35.2109,40387116,1477786,2384551,40374560.0000,1477601.8750,2377332.7500,-32768,12854,-110
01:15:19,2009.78,35.54,0.27,3276.70,0.00,35.5140,35.4198,35.3197,35.2109,40387635,1477814,2374587,40375720.0000,1477615.2500,2377332.7500,-32768,12854,-110
01:15:20,2009.78,35.56,0.27,3276.70,0.00,35.5210,35.4362,35.3284,35.2412,40390427,1477616,2385407,40376636.0000,1477619.1250,2377749.7500,-32768,12854,-110
01:15:23,2009.78,35.56,0.27,3276.70,0.00,35.5210,35.4445,35.3284,35.2497,40390941,1477598,2384088,40377936.0000,1477624.0000,2378500.2500,-32768,12854,-110
01:15:24,2009.78,35.57,0.27,3276.70,0.00,35.5359,35.4500,35.3438,35.2554,40392254,1477707,2386959,40378780.0000,1477626.2500,2378890.5000,-32768,12854,-110
01:15:25,2009.78,35.57,0.27,3276.70,0.00,35.5382,35.4527,35.3475,35.2554,40391462,1477884,2386999,40379584.0000,1477639.1250,2379402.5000,-32768,12854,-110
01:15:27,2009.78,35.57,0.27,3276.70,0.00,35.5461,35.4527,35.3564,35.2668,40394486,1477543,2395700,40380428.0000,1477636.6250,2380402.0000,-32768,12854,-110
01:15:30,2009.78,35.59,0.27,3276.70,0.00,35.5559,35.4669,35.3564,35.2725,40394486,1477761,2395700,40380428.0000,1477651.2500,2381763.5000,-32768,12854,-110
01:15:33,2009.78,35.60,0.27,3276.70,0.00,35.5656,35.4755,35.3564,35.2842,40394486,1477837,2389412,40382756.0000,1477661.2500,2382522.0000,-32768,12854,-110
01:15:35,2009.78,35.61,0.26,3276.70,0.00,35.5756,35.4842,35.3830,35.2902,40395972,1477846,2389412,40382756.0000,1477661.2500,2383115.5000,-32768,12854,-110
01:15:36,2009.78,35.62,0.26,3276.70,0.00,35.5846,35.4930,35.3929,35.2991,40397463,1477812,2390818,40384764.0000,1477697.5000,2383461.7500,-32768,12854,-110
01:15:37,2009.78,35.62,0.26,3276.70,0.00,35.5879,35.4930,35.3993,35.3052,40397695,1477774,2391891,40385584.0000,1477700.8750,2384026.5000,-32768,12854,-110
01:15:39,2009.78,35.63,0.26,3276.70,0.00,35.5879,35.5018,35.3993,35.3112,40399524,1477826,2389532,40386348.0000,1477705.0000,2384460.7500,-32768,12854,-110
01:15:42,2004.34,35.64,0.26,3276.70,0.00,35.6045,35.5108,35.4132,35.3112,40399524,1477909,2389532,40387604.0000,1477721.1250,2385217.2500,-32768,12854,-110
01:15:45,2009.78,35.65,0.26,3276.70,0.00,35.6045,35.5199,35.4132,35.3298,40399524,1477830,2389532,40389292.0000,1477738.8750,2385669.5000,-32768,12854,-110
01:15:46,2009.78,35.66,0.26,3276.70,0.00,35.6256,35.5323,35.4368,35.3392,40402674,1477826,2390216,40390132.0000,1477748.7500,2386075.7500,-32768,12854,-110
01:15:48,2009.78,35.67,0.26,3276.70,0.00,35.6334,35.5354,35.4405,35.3392,40404052,1477676,2390353,40390568.0000,1477746.5000,2386209.5000,-32768,12854,-110
01:15:49,2009.78,35.67,0.26,3276.70,0.00,35.6371,35.5354,35.4405,35.3487,40405338,1477958,2396765,40391468.0000,1477755.2500,2386822.7500,-32768,12854,-110
01:15:50,2009.78,35.68,0.24,3276.70,0.00,35.6485,35.5481,35.4538,35.3550,40404461,1477799,2394798,40392316.0000,1477761.2500,2387351.5000,-32768,12854,-110
01:15:53,2009.78,35.68,0.24,3276.70,0.00,35.6522,35.5481,35.4611,35.3550,40406892,1477936,2395620,40393584.0000,1477773.1250,2388084.5000,-32768,12854,-110
01:15:53,2009.78,35.70,0.24,3276.70,0.00,35.6640,35.5612,35.4680,35.3678,40407534,1477921,2396491,40394024.0000,1477777.7500,2388347.2500,-32768,12854,-110
01:15:55,2009.78,35.70,0.24,3276.70,0.00,35.6676,35.5645,35.4716,35.3711,40408103,1477714,2396491,40394912.0000,1477771.5000,2389292.5000,-32768,12854,-110
01:15:56,2009.78,35.71,0.24,3276.70,0.00,35.6737,35.5711,35.4783,35.3775,40407924,1477924,2398454,40395316.0000,1477776.2500,2389578.7500,-32768,12854,-110
01:15:59,2004.34,35.71,0.24,3276.70,0.00,35.6805,35.5711,35.4890,35.3873,40409024,1477613,2405966,40395316.0000,1477772.5000,2390606.5000,-32768,12854,-110
01:16:01,2004.34,35.73,0.24,3276.70,0.00,35.6907,35.5876,35.4890,35.3873,40412281,1478016,2392318,40397996.0000,1477772.5000,2391394.0000,-32768,12854,-110
01:16:03,2004.34,35.74,0.23,3276.70,0.00,35.6966,35.5942,35.5020,35.4003,40412281,1477739,2409102,40398872.0000,1477801.8750,2391963.5000,-32768,12854,-110
01:16:06,2004.34,35.75,0.23,3276.70,0.00,35.7074,35.6041,35.5123,35.4101,40414937,1477932,2409102,40398872.0000,1477801.8750,2391963.5000,-32768,12854,-110
01:16:07,2009.78,35.76,0.23,3276.70,0.00,35.7165,35.6041,35.5223,35.4199,40414178,1477895,2413230,40401608.0000,1477814.3750,2391963.5000,-32768,12854,-110
01:16:10,2004.34,35.77,0.24,3276.70,0.00,35.7165,35.6239,35.5223,35.4332,40415796,1477819,2402884,40402908.0000,1477827.5000,2391963.5000,-32768,12854,-110
01:16:13,2004.34,35.78,0.23,3276.70,0.00,35.7165,35.6373,35.5223,35.4431,40417554,1477759,2403320,40404696.0000,1477828.7500,2396121.7500,-32768,12854,-110
01:16:16,2009.78,35.79,0.23,3276.70,0.00,35.7165,35.6471,35.5223,35.4532,40417554,1478181,2403072,40406108.0000,1477828.7500,2396121.7500,-32768,12854,-110
01:16:19,2004.34,35.81,0.23,3276.70,0.00,35.7165,35.6598,35.5695,35.4665,40421829,1477939,2403072,40407976.0000,1477868.0000,2397662.2500,-32768,12854,-110
01:16:21,2004.34,35.82,0.23,3276.70,0.00,35.7704,35.6695,35.5695,35.4764,40421829,1477939,2411332,40409232.0000,1477869.3750,2398419.2500,-32768,12854,-110
01:16:23,2004.34,35.83,0.23,3276.70,0.00,35.7790,35.6761,35.5861,35.4831,40422599,1477612,2411988,40409652.0000,1477869.3750,2398419.2500,-32768,12854,-110
01:16:24,2004.34,35.84,0.22,3276.70,0.00,35.7861,35.6827,35.5938,35.4897,40424721,1478260,2396695,40410564.0000,1477882.1250,2398764.5000,-32768,12854,-110
01:16:25,2004.34,35.84,0.23,3276.70,0.00,35.7947,35.6894,35.6013,35.4964,40425167,1477942,2406207,40411424.0000,1477882.7500,2399223.5000,-32768,12854,-110
01:16:27,2004.34,35.85,0.22,3276.70,0.00,35.8025,35.6962,35.6087,35.5032,40425092,1478125,2401360,40412288.0000,1477882.7500,2399568.2500,-32768,12854,-110
01:16:29,2004.34,35.86,0.22,3276.70,0.00,35.8089,35.6962,35.6087,35.5134,40428159,1477825,2411648,40413688.0000,1477899.3750,2400252.5000,-32768,12854,-110
01:16:31,2004.34,35.87,0.22,3276.70,0.00,35.8154,35.7098,35.6227,35.5168,40428542,1477939,2408579,40414152.0000,1477900.6250,2400512.7500,-32768,12854,-110
01:16:33,2004.34,35.88,0.22,3276.70,0.00,35.8154,35.7198,35.6227,35.5305,40429105,1477927,2409107,40415940.0000,1477901.2500,2401558.5000,-32768,12854,-110
01:16:35,2004.34,35.89,0.22,3276.70,0.00,35.8298,35.7265,35.6227,35.5339,40429105,1478051,2408366,40416856.0000,1477909.7500,2401995.2500,-32768,12854,-110
01:16:37,2004.34,35.90,0.22,3276.70,0.00,35.8392,35.7265,35.6545,35.5339,40431938,1477797,2412705,40418552.0000,1477905.2500,2403072.0000,-32768,12854,-110
01:16:39,2004.34,35.90,0.22,3276.70,0.00,35.8493,35.7463,35.6618,35.5545,40431699,1477962,2412705,40419380.0000,1477910.3750,2403366.2500,-32768,12854,-110
01:16:41,2004.34,35.92,0.22,3276.70,0.00,35.8577,35.7530,35.6721,35.5648,40433383,1477688,2412705,40420264.0000,1477900.7500,2404127.7500,-32768,12854,-110
01:16:44,2004.34,35.93,0.22,3276.70,0.00,35.8577,35.7630,35.6721,35.5751,40433383,1477779,2412705,40421960.0000,1477898.3750,2405007.2500,-32768,12854,-110
01:16:47,2004.34,35.94,0.22,3276.70,0.00,35.8577,35.7766,35.6721,35.5888,40436806,1478131,2406455,40423200.0000,1477901.2500,2405602.0000,-32768,12854,-110
01:16:50,2004.34,35.95,0.22,3276.70,0.00,35.8577,35.7869,35.6721,35.5993,40436806,1477825,2416747,40424704.0000,1477901.2500,2406663.7500,-32768,12854,-110
01:16:52,1998.91,35.97,0.21,3276.70,0.00,35.9113,35.8009,35.7195,35.6098,40437572,1478011,2413898,40425524.0000,1477901.2500,2406663.7500,-32768,12854,-110
01:16:56,2004.34,35.98,0.21,3276.70,0.00,35.9113,35.8115,35.7195,35.6240,40440241,1477885,2409449,40425524.0000,1477901.2500,2408215.0000,-32768,12854,-110
01:16:59,2004.34,36.00,0.21,3276.70,0.00,35.9113,35.8258,35.7195,35.6382,40440241,1477825,2419540,40429280.0000,1477886.1250,2409533.5000,-32768,12854,-110
01:17:00,2004.34,36.00,0.20,3276.70,0.00,35.9476,35.8364,35.7195,35.6382,40443460,1477876,2420675,40430180.0000,1477884.6250,2410192.7500,-32768,12854,-110
01:17:02,2004.34,36.02,0.21,3276.70,0.00,35.9569,35.8473,35.7687,35.6562,40446559,1477876,2421703,40431124.0000,1477883.8750,2410865.2500,-32768,12854,-110
01:17:03,2004.34,36.03,0.21,3276.70,0.00,35.9659,35.8510,35.7728,35.6598,40444821,1477516,2430826,40431552.0000,1477883.8750,2412163.5000,-32768,12854,-110
01:17:07,1998.91,36.04,0.20,3276.70,0.00,35.9659,35.8621,35.7728,35.6745,40444821,1477936,2421920,40433488.0000,1477862.0000,2413662.5000,-32768,12854,-110
01:17:08,2004.34,36.05,0.20,3276.70,0.00,35.9909,35.8734,35.7977,35.6819,40451982,1477710,2430980,40434528.0000,1477857.2500,2414203.5000,-32768,12854,-110
01:17:09,1998.91,36.06,0.20,3276.70,0.00,35.9936,35.8771,35.8013,35.6856,40450054,1477970,2422643,40435016.0000,1477860.8750,2414493.2500,-32768,12854,-110
01:17:11,2004.34,36.06,0.18,3276.70,0.00,36.0009,35.8771,35.8139,35.6968,40450717,1477652,2430902,40436388.0000,1477869.8750,2414493.2500,-32768,12854,-110
01:17:13,1998.91,36.07,0.20,3276.70,0.00,36.0085,35.8920,35.8181,35.6968,40450717,1477902,2430902,40436388.0000,1477865.3750,2416198.0000,-32768,12854,-110
01:17:16,1998.91,36.08,0.20,3276.70,0.00,36.0085,35.9070,35.8181,35.7195,40450717,1478040,2426816,40439804.0000,1477874.0000,2418000.5000,-32768,12854,-110
01:17:18,1998.91,36.10,0.20,3276.70,0.00,36.0335,35.9182,35.8448,35.7271,40455733,1477957,2424978,40439804.0000,1477877.2500,2418482.7500,-32768,12854,-110
01:17:21,1998.91,36.11,0.20,3276.70,0.00,36.0335,35.9332,35.8448,35.7420,40455423,1477957,2428767,40442512.0000,1477875.7500,2419665.0000,-32768,12854,-110
01:17:22,2004.34,36.12,0.18,3276.70,0.00,36.0582,35.9407,35.8663,35.7494,40457082,1477974,2429818,40442968.0000,1477878.8750,2419982.2500,-32768,12854,-110
01:17:26,1998.91,36.13,0.18,3276.70,0.00,36.0582,35.9522,35.8663,35.7607,40457082,1477995,2429933,40444708.0000,1477894.3750,2420818.5000,-32768,12854,-110
01:17:27,1998.91,36.14,0.18,3276.70,0.00,36.0820,35.9637,35.8887,35.7720,40460091,1478018,2431732,40445684.0000,1477901.3750,2421482.0000,-32768,12854,-110
01:17:29,1998.91,36.15,0.18,3276.70,0.00,36.0853,35.9675,35.8928,35.7795,40461144,1477919,2431732,40445684.0000,1477901.3750,2422487.7500,-32768,12854,-110
01:17:31,1998.91,36.15,0.17,3276.70,0.00,36.0978,35.9789,35.9037,35.7870,40460552,1477898,2428983,40447420.0000,1477901.3750,2422989.7500,-32768,12854,-110
01:17:32,1998.91,36.15,0.18,3276.70,0.00,36.1084,35.9903,35.9144,35.7982,40464598,1477983,2433071,40448832.0000,1477889.2500,2423583.7500,-32768,12854,-110
01:17:34,1998.91,36.17,0.18,3276.70,0.00,36.1121,35.9903,35.9219,35.8057,40464444,1477973,2434059,40449752.0000,1477894.5000,2424234.0000,-32768,12854,-110
01:17:35,1998.91,36.18,0.18,3276.70,0.00,36.1198,36.0017,35.9256,35.8094,40466142,1477752,2441956,40450264.0000,1477890.0000,2424787.7500,-32768,12854,-110
01:17:39,1998.91,36.18,0.17,3276.70,0.00,36.1198,36.0130,35.9256,35.8243,40466142,1478139,2425518,40452020.0000,1477901.2500,2425684.7500,-32768,12854,-110
01:17:40,1998.91,36.20,0.16,3276.70,0.00,36.1382,36.0241,35.9479,35.8317,40469573,1477844,2425518,40453456.0000,1477895.1250,2426615.2500,-32768,12854,-110
01:17:43,1998.91,36.20,0.17,3276.70,0.00,36.1451,36.0241,35.9570,35.8317,40468307,1477920,2435568,40453456.0000,1477895.1250,2427445.2500,-32768,12854,-110
01:17:44,1998.91,36.22,0.17,3276.70,0.00,36.1557,36.0423,35.9634,35.8500,40470446,1477881,2436828,40455320.0000,1477895.1250,2427738.5000,-32768,12854,-110
01:17:46,1998.91,36.22,0.17,3276.70,0.00,36.1597,36.0460,35.9671,35.8537,40469410,1477813,2436828,40455320.0000,1477892.1250,2428274.0000,-32768,12854,-110
01:17:47,1998.91,36.23,0.16,3276.70,0.00,36.1732,36.0571,35.9780,35.8646,40470505,1477817,2438202,40457132.0000,1477889.3750,2428856.7500,-32768,12854,-110
01:17:48,1998.91,36.23,0.16,3276.70,0.00,36.1772,36.0608,35.9813,35.8682,40470543,1477836,2437427,40457552.0000,1477887.7500,2429124.5000,-32768,12854,-110
01:17:50,1998.91,36.24,0.16,3276.70,0.00,36.1842,36.0682,35.9891,35.8682,40472197,1477970,2439422,40458872.0000,1477891.3750,2430072.2500,-32768,12854,-110
01:17:51,1998.91,36.25,0.16,3276.70,0.00,36.1925,36.0757,35.9975,35.8828,40471639,1477944,2438641,40459272.0000,1477893.0000,2430340.0000,-32768,12854,-110
01:17:52,1998.91,36.25,0.15,3276.70,0.00,36.1964,36.0795,36.0011,35.8865,40472381,1477905,2440928,40460164.0000,1477894.6250,2430942.0000,-32768,12854,-110
01:17:54,1993.48,36.25,0.16,3276.70,0.00,36.2028,36.0870,36.0011,35.8938,40472381,1477905,2440217,40461188.0000,1477903.2500,2431505.2500,-32768,12854,-110
01:17:56,1998.91,36.26,0.15,3276.70,0.00,36.2091,36.0870,36.0011,35.9046,40472381,1477917,2443898,40462128.0000,1477903.2500,2432492.0000,-32768,12854,-110
01:17:57,1998.91,36.27,0.15,3276.70,0.00,36.2191,36.1053,36.0240,35.9046,40478542,1477918,2444603,40463592.0000,1477910.0000,2433272.7500,-32768,12854,-110
01:17:59,1998.91,36.27,0.15,3276.70,0.00,36.2191,36.1053,36.0329,35.9224,40480063,1478013,2442903,40464576.0000,1477917.2500,2433837.5000,-32768,12854,-110
01:18:01,1998.91,36.28,0.15,3276.70,0.00,36.2308,36.1197,36.0361,35.9259,40479931,1477972,2442848,40465056.0000,1477919.0000,2434119.2500,-32768,12854,-110
01:18:03,1998.91,36.29,0.15,3276.70,0.00,36.2308,36.1304,36.0361,35.9365,40482740,1478244,2443304,40466568.0000,1477938.8750,2434119.2500,-32768,12854,-110
01:18:06,1998.91,36.30,0.14,3276.70,0.00,36.2308,36.1410,36.0361,35.9503,40484259,1478188,2444883,40468636.0000,1477963.3750,2435929.5000,-32768,12854,-110
01:18:07,1998.91,36.31,0.14,3276.70,0.00,36.2565,36.1479,36.0361,35.9538,40485465,1478370,2447578,40469616.0000,1477986.0000,2436579.5000,-32768,12854,-110
01:18:09,1993.48,36.32,0.12,3276.70,0.00,36.2565,36.1583,36.0696,35.9640,40485490,1478169,2445114,40469616.0000,1478004.0000,2437359.2500,-32768,12854,-110
01:18:12,1998.91,36.32,0.12,3276.70,0.00,36.2704,36.1651,36.0758,35.9707,40486162,1478093,2445749,40471580.0000,1478004.0000,2437901.0000,-32768,12854,-110
01:18:14,1998.91,36.34,0.12,3276.70,0.00,36.2704,36.1785,36.0758,35.9841,40487400,1478149,2447577,40473408.0000,1478030.7500,2438821.7500,-32768,12854,-110
01:18:16,1998.91,36.34,0.12,3276.70,0.00,36.2863,36.1818,36.0905,35.9874,40488464,1478089,2447248,40473408.0000,1478030.7500,2439298.2500,-32768,12854,-110
01:18:17,1993.48,36.35,0.12,3276.70,0.00,36.2927,36.1918,36.1001,35.9973,40489484,1478199,2458937,40475204.0000,1478045.8750,2440198.2500,-32768,12854,-110
01:18:20,1998.91,36.36,0.12,3276.70,0.00,36.2927,36.1986,36.1070,36.0039,40489484,1478199,2448991,40476448.0000,1478045.8750,2440198.2500,-32768,12854,-110
01:18:22,1998.91,36.38,0.12,3276.70,0.00,36.3124,36.1986,36.1198,36.0039,40492857,1478177,2450266,40478304.0000,1478061.8750,2442289.5000,-32768,12854,-110
01:18:25,1993.48,36.38,0.11,3276.70,0.00,36.3124,36.2219,36.1198,36.0270,40493303,1478359,2449536,40479700.0000,1478087.2500,2442885.2500,-32768,12854,-110
01:18:27,1993.48,36.39,0.11,3276.70,0.00,36.3344,36.2287,36.1373,36.0336,40494383,1478217,2452619,40480160.0000,1478091.3750,2443189.5000,-32768,12854,-110
01:18:28,1998.91,36.41,0.11,3276.70,0.00,36.3406,36.2355,36.1439,36.0403,40492381,1478234,2452619,40481376.0000,1478097.8750,2443818.5000,-32768,12854,-110
01:18:31,1993.48,36.41,0.11,3276.70,0.00,36.3501,36.2355,36.1583,36.0403,40495082,1478426,2452452,40482892.0000,1478116.3750,2444765.5000,-32768,12854,-110
01:18:32,1993.48,36.42,0.11,3276.70,0.00,36.3580,36.2557,36.1650,36.0604,40496802,1478418,2453250,40483328.0000,1478125.8750,2445030.7500,-32768,12854,-110
01:18:34,1993.48,36.43,0.10,3276.70,0.00,36.3656,36.2591,36.1684,36.0638,40497731,1478192,2453250,40483328.0000,1478127.3750,2445645.2500,-32768,12854,-110
01:18:36,1993.48,36.43,0.10,3276.70,0.00,36.3656,36.2694,36.1684,36.0739,40498178,1478340,2452887,40485004.0000,1478137.3750,2445645.2500,-32768,12854,-110
01:18:40,1993.48,36.44,0.10,3276.70,0.00,36.3656,36.2797,36.1684,36.0875,40498178,1478159,2455286,40486688.0000,1478142.0000,2447774.7500,-32768,12854,-110
01:18:42,1993.48,36.46,0.10,3276.70,0.00,36.3982,36.2933,36.2027,36.0977,40503957,1478159,2450812,40486688.0000,1478174.1250,2448271.2500,-32768,12854,-110
01:18:44,1993.48,36.47,0.10,3276.70,0.00,36.3982,36.3034,36.2027,36.1077,40501955,1478348,2454648,40489408.0000,1478181.1250,2448271.2500,-32768,12854,-110
01:18:46,1993.48,36.48,0.10,3276.70,0.00,36.4150,36.3102,36.2186,36.1178,40504700,1478120,2460318,40490740.0000,1478182.2500,2449583.7500,-32768,12854,-110
01:18:47,1998.91,36.48,0.10,3276.70,0.00,36.4211,36.3169,36.2267,36.1212,40505722,1478252,2456902,40491208.0000,1478184.3750,2449812.5000,-32768,12854,-110
01:18:48,1998.91,36.49,0.10,3276.70,0.00,36.4296,36.3236,36.2344,36.1280,40505327,1478302,2458304,40492060.0000,1478190.7500,2450299.7500,-32768,12854,-110
01:18:50,1993.48,36.50,0.10,3276.70,0.00,36.4334,36.3270,36.2384,36.1314,40507952,1478559,2446222,40492560.0000,1478202.2500,2450172.5000,-32768,12854,-110
01:18:52,1993.48,36.51,0.10,3276.70,0.00,36.4334,36.3373,36.2384,36.1453,40508349,1478186,2461814,40494308.0000,1478213.7500,2451145.7500,-32768,12854,-110
01:18:55,1993.48,36.52,0.09,3276.70,0.00,36.4504,36.3373,36.2628,36.1453,40510517,1478397,2461814,40495716.0000,1478227.5000,2451894.7500,-32768,12854,-110
01:18:56,1998.91,36.53,0.09,3276.70,0.00,36.4654,36.3579,36.2739,36.1630,40511734,1478342,2461586,40496704.0000,1478234.3750,2452553.7500,-32768,12854,-110
01:18:58,1993.48,36.54,0.09,3276.70,0.00,36.4697,36.3648,36.2800,36.1701,40512849,1478269,2457531,40497648.0000,1478236.7500,2452803.7500,-32768,12854,-110
01:19:00,1993.48,36.54,0.09,3276.70,0.00,36.4697,36.3718,36.2800,36.1771,40512947,1478256,2463211,40498984.0000,1478239.2500,2453732.7500,-32768,12854,-110
01:19:03,1998.91,36.55,0.09,3276.70,0.00,36.4891,36.3789,36.2800,36.1877,40512947,1478300,2462470,40499888.0000,1478241.7500,2454583.5000,-32768,12854,-110
01:19:05,1993.48,36.56,0.09,3276.70,0.00,36.4891,36.3932,36.2800,36.2018,40512770,1478021,2473523,40501568.0000,1478235.0000,2455790.7500,-32768,12854,-110
01:19:07,1993.48,36.57,0.08,3276.70,0.00,36.5124,36.4004,36.3152,36.2053,40514342,1478052,2473523,40501568.0000,1478231.0000,2455790.7500,-32768,12854,-110
01:19:08,1993.48,36.58,0.08,3276.70,0.00,36.5189,36.4075,36.3216,36.2123,40516591,1478343,2465709,40502884.0000,1478234.5000,2456874.2500,-32768,12854,-110
01:19:10,1993.48,36.58,0.08,3276.70,0.00,36.5218,36.4075,36.3216,36.2193,40516591,1478191,2477276,40504184.0000,1478234.5000,2458512.7500,-32768,12854,-110
01:19:12,1998.91,36.59,0.08,3276.70,0.00,36.5305,36.4216,36.3340,36.2262,40516591,1478191,2469898,40505172.0000,1478246.1250,2459133.2500,-32768,12854,-110
01:19:14,1993.48,36.60,0.08,3276.70,0.00,36.5305,36.4318,36.3340,36.2366,40520424,1478417,2468214,40506136.0000,1478253.0000,2459662.2500,-32768,12854,-110
01:19:16,1993.48,36.60,0.08,3276.70,0.00,36.5424,36.4318,36.3513,36.2366,40524082,1478460,2468576,40507656.0000,1478271.6250,2460411.2500,-32768,12854,-110
01:19:19,1993.48,36.62,0.08,3276.70,0.00,36.5515,36.4485,36.3513,36.2534,40524082,1478625,2468576,40507656.0000,1478306.7500,2461482.7500,-32768,12854,-110
01:19:22,1993.48,36.63,0.08,3276.70,0.00,36.5647,36.4618,36.3513,36.2700,40524082,1478394,2470382,40511056.0000,1478321.2500,2462244.5000,-32768,12854,-110
01:19:25,1993.48,36.64,0.08,3276.70,0.00,36.5647,36.4749,36.3513,36.2832,40524082,1478495,2470382,40513336.0000,1478353.3750,2463158.7500,-32768,12854,-110
01:19:28,1993.48,36.65,0.08,3276.70,0.00,36.5647,36.4882,36.3954,36.2930,40527693,1478590,2471158,40513336.0000,1478353.3750,2463158.7500,-32768,12854,-110
01:19:30,1993.48,36.66,0.07,3276.70,0.00,36.5973,36.4948,36.4015,36.2930,40527693,1478555,2469701,40515560.0000,1478385.5000,2464080.7500,-32768,12854,-110
01:19:31,1993.48,36.67,0.07,3276.70,0.00,36.6074,36.5047,36.4015,36.3093,40531284,1478610,2473057,40516504.0000,1478398.5000,2464593.7500,-32768,12854,-110
01:19:33,1993.48,36.68,0.05,3276.70,0.00,36.6074,36.5145,36.4015,36.3190,40529696,1478263,2476563,40517732.0000,1478403.8750,2465532.7500,-32768,12854,-110
01:19:35,1993.48,36.68,0.07,3276.70,0.00,36.6215,36.5145,36.4254,36.3254,40530360,1478562,2473941,40518872.0000,1478409.6250,2466360.7500,-32768,12854,-110
01:19:38,1993.48,36.69,0.07,3276.70,0.00,36.6274,36.5274,36.4316,36.3318,40532697,1478546,2473941,40519740.0000,1478409.6250,2467251.5000,-32768,12854,-110
01:19:40,1993.48,36.70,0.05,3276.70,0.00,36.6274,36.5402,36.4460,36.3447,40533606,1478485,2472779,40520960.0000,1478417.8750,2467687.7500,-32768,12854,-110
01:19:42,1993.48,36.71,0.05,3276.70,0.00,36.6482,36.5467,36.4460,36.3546,40534040,1478368,2484851,40522096.0000,1478422.0000,2469040.2500,-32768,12854,-110
01:19:43,1993.48,36.72,0.05,3276.70,0.00,36.6564,36.5533,36.4627,36.3579,40535146,1478518,2477387,40522504.0000,1478425.0000,2469301.2500,-32768,12854,-110
01:19:47,1993.48,36.73,0.05,3276.70,0.00,36.6659,36.5566,36.4762,36.3646,40535391,1478533,2477449,40524420.0000,1478442.2500,2470555.0000,-32768,12854,-110
01:19:49,1993.48,36.74,0.05,3276.70,0.00,36.6793,36.5764,36.4864,36.3815,40537218,1478458,2477449,40524420.0000,1478442.1250,2471039.7500,-32768,12854,-110
01:19:50,1993.48,36.75,0.05,3276.70,0.00,36.6820,36.5797,36.4900,36.3848,40539352,1478780,2477449,40526144.0000,1478464.1250,2471080.2500,-32768,12854,-110
01:19:52,2004.34,36.75,0.05,3276.70,0.00,36.6926,36.5896,36.4900,36.3949,40540478,1478384,2479674,40527056.0000,1478461.8750,2471898.7500,-32768,12854,-110
01:19:54,2009.78,36.75,0.04,3276.70,0.00,36.6926,36.5996,36.4900,36.4051,40537859,1478461,2470768,40528164.0000,1478465.8750,2471733.2500,-32768,12854,-110
01:19:56,2015.21,36.75,0.04,3276.70,0.00,36.7146,36.6064,36.5195,36.4119,40539871,1478209,2480015,40528824.0000,1478446.7500,2472280.2500,-32768,12854,-110
01:19:59,2020.64,36.76,0.05,3276.70,0.00,36.7243,36.6064,36.5195,36.4189,40539871,1478484,2483532,40530200.0000,1478440.2500,2473219.0000,-32768,12854,-110
01:20:00,2015.21,36.77,0.04,3276.70,0.00,36.7354,36.6242,36.5397,36.4295,40549084,1478358,2482357,40531324.0000,1478438.7500,2473778.2500,-32768,12854,-110
01:20:02,2020.64,36.78,0.04,3276.70,0.00,36.7444,36.6314,36.5467,36.4366,40550616,1478258,2491552,40533104.0000,1478431.1250,2475119.0000,-32768,12854,-110
01:20:04,2020.64,36.78,0.04,3276.70,0.00,36.7516,36.6387,36.5535,36.4436,40552351,1478813,2485809,40533704.0000,1478443.1250,2475453.2500,-32768,12854,-110
01:20:05,2015.21,36.79,0.04,3276.70,0.00,36.7516,36.6459,36.5535,36.4541,40556452,1478894,2486386,40535664.0000,1478476.5000,2476503.7500,-32768,12854,-110
01:20:08,2015.21,36.80,0.03,3276.70,0.00,36.7638,36.6530,36.5535,36.4610,40556452,1478809,2485843,40536968.0000,1478499.0000,2476994.7500,-32768,12854,-110
01:20:09,2009.78,36.81,0.04,3276.70,0.00,36.7705,36.6635,36.5739,36.4678,40555695,1478936,2487561,40538132.0000,1478523.7500,2477656.2500,-32768,12854,-110
01:20:10,2009.78,36.81,0.03,3276.70,0.00,36.7721,36.6668,36.5773,36.4712,40555925,1479031,2487561,40539240.0000,1478552.2500,2478596.0000,-32768,12854,-110
01:20:12,2009.78,36.81,0.03,3276.70,0.00,36.7772,36.6668,36.5773,36.4813,40555925,1478930,2488302,40540928.0000,1478588.1250,2479454.2500,-32768,12854,-110
01:20:14,2009.78,36.82,0.03,3276.70,0.00,36.7854,36.6834,36.5883,36.4877,40557044,1478876,2488302,40541920.0000,1478604.0000,2480031.7500,-32768,12854,-110
01:20:16,2009.78,36.83,0.03,3276.70,0.00,36.7897,36.6898,36.5930,36.4941,40558234,1478827,2488302,40542912.0000,1478615.5000,2480528.2500,-32768,12854,-110
01:20:17,2009.78,36.84,0.03,3276.70,0.00,36.7952,36.6962,36.5989,36.5004,40557221,1478979,2476710,40543804.0000,1478628.1250,2480669.7500,-32768,12854,-110
01:20:18,2009.78,36.84,0.03,3276.70,0.00,36.8009,36.7025,36.6050,36.5068,40558373,1479018,2479245,40544260.0000,1478640.2500,2480625.2500,-32768,12854,-110
01:20:20,2009.78,36.85,0.02,3276.70,0.00,36.8061,36.7088,36.6114,36.5130,40556749,1478894,2485999,40545056.0000,1478640.2500,2481306.5000,-32768,12854,-110
01:20:23,2009.78,36.86,0.02,3276.70,0.00,36.8130,36.7088,36.6200,36.5225,40559078,1478768,2491800,40545056.0000,1478666.5000,2482193.5000,-32768,12854,-110
01:20:25,2009.78,36.87,0.02,3276.70,0.00,36.8237,36.7088,36.6286,36.5225,40558114,1478804,2491800,40547792.0000,1478666.5000,2483193.0000,-32768,12854,-110
01:20:28,2009.78,36.88,0.02,3276.70,0.00,36.8237,36.7370,36.6377,36.5411,40560173,1478829,2492303,40548532.0000,1478666.5000,2483193.0000,-32768,12854,-110
01:20:30,2009.78,36.89,0.01,3276.70,0.00,36.8237,36.7463,36.6377,36.5533,40563027,1478770,2492534,40550124.0000,1478686.2500,2483193.0000,-32768,12854,-110
01:20:32,2009.78,36.90,0.01,3276.70,0.00,36.8466,36.7523,36.6518,36.5564,40564189,1478861,2492548,40550564.0000,1478686.2500,2483193.0000,-32768,12854,-110
01:20:34,2009.78,36.90,0.02,3276.70,0.00,36.8537,36.7615,36.6602,36.5655,40563297,1478800,2492548,40550564.0000,1478707.1250,2486092.2500,-32768,12854,-110
01:20:37,2004.34,36.91,0.02,3276.70,0.00,36.8537,36.7705,36.6602,36.5775,40563297,1478800,2494202,40553256.0000,1478707.1250,2486092.2500,-32768,12854,-110
01:20:39,2004.34,36.92,0.01,3276.70,0.00,36.8727,36.7794,36.6762,36.5835,40565617,1478831,2488413,40554000.0000,1478722.6250,2487361.2500,-32768,12854,-110
01:20:41,2009.78,36.93,0.01,3276.70,0.00,36.8794,36.7854,36.6762,36.5924,40565617,1479012,2495213,40555624.0000,1478752.8750,2488275.0000,-32768,12854,-110
01:20:43,2009.78,36.94,0.01,3276.70,0.00,36.8922,36.7975,36.6948,36.6014,40569322,1478900,2496947,40556432.0000,1478758.3750,2488799.7500,-32768,12854,-110
01:20:45,2004.34,36.94,0.01,3276.70,0.00,36.8953,36.7975,36.7008,36.6074,40571655,1479018,2496221,40557304.0000,1478773.6250,2489260.5000,-32768,12854,-110
01:20:47,2004.34,36.95,0.00,3276.70,0.00,36.8953,36.8096,36.7057,36.6134,40567705,1479193,2496221,40558408.0000,1478804.8750,2489456.5000,-32768,12854,-110
01:20:49,2004.34,36.95,0.00,3276.70,0.00,36.9120,36.8186,36.7153,36.6223,40571971,1478958,2498782,40559244.0000,1478804.8750,2489900.5000,-32768,12854,-110
01:20:51,2009.78,36.97,0.01,3276.70,0.00,36.9177,36.8186,36.7220,36.6223,40573920,1479149,2497875,40560468.0000,1478836.0000,2490749.7500,-32768,12854,-110
01:20:53,2004.34,36.98,0.00,3276.70,0.00,36.9248,36.8306,36.7292,36.6223,40575044,1478998,2497875,40561776.0000,1478854.3750,2491501.0000,-32768,12854,-110
01:20:54,2004.34,36.98,0.00,3276.70,0.00,36.9347,36.8397,36.7379,36.6434,40576763,1478928,2503730,40562244.0000,1478856.6250,2491883.0000,-32768,12854,-110
01:20:56,2004.34,36.99,0.00,3276.70,0.00,36.9406,36.8458,36.7436,36.6495,40575826,1479179,2503730,40563544.0000,1478882.1250,2492598.0000,-32768,12854,-110
01:20:58,2004.34,36.99,0.00,3276.70,0.00,36.9437,36.8489,36.7462,36.6555,40576804,1479007,2501181,40563544.0000,1478886.0000,2492598.0000,-32768,12854,-110
01:20:59,2009.78,37.00,0.00,3276.70,0.00,36.9508,36.8578,36.7544,36.6614,40577424,1479013,2501657,40564784.0000,1478894.2500,2493423.2500,-32768,12854,-110
01:21:01,2004.34,37.01,0.00,3276.70,0.00,36.9522,36.8608,36.7573,36.6673,40576414,1478993,2501480,40564784.0000,1478900.1250,2493912.5000,-32768,12854,-110
01:21:03,2004.34,37.02,0.00,3276.70,0.00,36.9522,36.8724,36.7680,36.6762,40579272,1479099,2502715,40566816.0000,1478902.7500,2495030.5000,-32768,12854,-110
01:21:05,2004.34,37.03,0.00,3276.70,0.00,36.9522,36.8783,36.7680,36.6821,40579272,1479001,2503874,40568208.0000,1478916.6250,2495798.0000,-32768,12854,-110
01:21:08,2004.34,37.04,0.00,3276.70,0.00,36.9807,36.8783,36.7839,36.6821,40583134,1479090,2503044,40569556.0000,1478934.1250,2496398.5000,-32768,12854,-110
01:21:10,2004.34,37.05,0.00,3276.70,0.00,36.9878,36.8933,36.7904,36.6970,40585510,1479099,2503044,40569556.0000,1478948.0000,2497032.5000,-32768,12854,-110
01:21:12,2004.34,37.06,0.00,3276.70,0.00,36.9958,36.8933,36.7989,36.6970,40586831,1479176,2505870,40571992.0000,1478959.1250,2497772.2500,-32768,12854,-110
01:21:13,2004.34,37.07,0.00,3276.70,0.00,37.0054,36.9113,36.8086,36.7149,40587169,1479135,2509249,40572884.0000,1478972.2500,2498390.2500,-32768,12854,-110
01:21:15,2004.34,37.07,0.00,3276.70,0.00,37.0087,36.9143,36.8121,36.7149,40587893,1479200,2506471,40573352.0000,1478984.3750,2498926.2500,-32768,12854,-110
01:21:16,2004.34,37.08,0.00,3276.70,0.00,37.0136,36.9203,36.8182,36.7239,40588637,1479289,2506471,40574712.0000,1479004.0000,2499387.2500,-32768,12854,-110
01:21:19,2004.34,37.09,0.00,3276.70,0.00,37.0136,36.9291,36.8182,36.7361,40589206,1479232,2507599,40576048.0000,1479020.7500,2500184.0000,-32768,12854,-110
01:21:20,2004.34,37.09,0.00,3276.70,0.00,37.0274,36.9350,36.8339,36.7392,40590699,1479160,2507980,40576508.0000,1479025.1250,2500427.7500,-32768,12854,-110
01:21:21,2004.34,37.10,0.00,3276.70,0.00,37.0302,36.9380,36.8368,36.7422,40590469,1479124,2507267,40577328.0000,1479031.3750,2500920.0000,-32768,12854,-110
01:21:23,2004.34,37.10,0.00,3276.70,0.00,37.0302,36.9439,36.8368,36.7514,40590469,1479181,2507308,40578696.0000,1479048.7500,2501623.5000,-32768,12854,-110
01:21:24,2004.34,37.11,0.00,3276.70,0.00,37.0438,36.9499,36.8518,36.7574,40592966,1479435,2509714,40579140.0000,1479060.8750,2501876.5000,-32768,12854,-110
01:21:26,2004.34,37.12,0.00,3276.70,0.00,37.0500,36.9559,36.8550,36.7605,40592191,1479613,2512440,40579548.0000,1479078.1250,2502206.5000,-32768,12854,-110
01:21:28,2004.34,37.12,0.00,3276.70,0.00,37.0531,36.9559,36.8614,36.7605,40593847,1479212,2511031,40580800.0000,1479097.1250,2502902.0000,-32768,12854,-110
01:21:31,2004.34,37.13,0.00,3276.70,0.00,37.0531,36.9712,36.8614,36.7788,40593847,1479259,2511274,40580800.0000,1479113.2500,2503889.0000,-32768,12854,-110
01:21:33,2004.34,37.14,0.00,3276.70,0.00,37.0763,36.9712,36.8842,36.7788,40598133,1479478,2508798,40584052.0000,1479128.6250,2504593.5000,-32768,12854,-110
01:21:36,1998.91,37.15,0.00,3276.70,0.00,37.0763,36.9929,36.8842,36.8004,40600173,1479245,2514119,40585368.0000,1479139.6250,2505491.2500,-32768,12854,-110
01:21:38,2004.34,37.16,0.00,3276.70,0.00,37.0763,37.0021,36.8842,36.8066,40602395,1479441,2514748,40586672.0000,1479158.1250,2506272.5000,-32768,12854,-110
01:21:40,2004.34,37.16,0.00,3276.70,0.00,37.1052,37.0021,36.8842,36.8160,40601226,1479170,2514422,40587560.0000,1479163.1250,2506778.7500,-32768,12854,-110
01:21:41,2004.34,37.18,0.00,3276.70,0.00,37.1119,37.0146,36.9163,36.8191,40601587,1479308,2516607,40588428.0000,1479173.5000,2507368.2500,-32768,12854,-110
01:21:44,1998.91,37.18,0.00,3276.70,0.00,37.1173,37.0146,36.9275,36.8191,40605558,1479372,2516607,40589908.0000,1479190.2500,2507980.7500,-32768,12854,-110
01:21:45,2004.34,37.20,0.00,3276.70,0.00,37.1280,37.0302,36.9332,36.8349,40604917,1479262,2516483,40590376.0000,1479192.5000,2508246.5000,-32768,12854,-110
01:21:46,2004.34,37.20,0.00,3276.70,0.00,37.1316,37.0333,36.9367,36.8381,40605361,1479258,2520327,40590844.0000,1479192.5000,2508839.7500,-32768,12854,-110
01:21:47,2004.34,37.21,0.00,3276.70,0.00,37.1373,37.0396,36.9432,36.8444,40607559,1479489,2518348,40591884.0000,1479214.1250,2509137.0000,-32768,12854,-110
01:21:49,1998.91,37.21,0.00,3276.70,0.00,37.1407,37.0427,36.9467,36.8444,40607147,1479462,2516709,40592832.0000,1479225.5000,2509662.7500,-32768,12854,-110
01:21:50,2004.34,37.22,0.00,3276.70,0.00,37.1484,37.0523,36.9567,36.8571,40608321,1479451,2515544,40593748.0000,1479240.1250,2510095.0000,-32768,12854,-110
01:21:52,2004.34,37.22,0.00,3276.70,0.00,37.1552,37.0555,36.9601,36.8571,40609981,1479520,2515544,40594800.0000,1479240.1250,2510926.5000,-32768,12854,-110
01:21:54,2004.34,37.23,0.00,3276.70,0.00,37.1645,37.0650,36.9705,36.8700,40612293,1479512,2521355,40595940.0000,1479267.5000,2511252.2500,-32768,12854,-110
01:21:57,1998.91,37.24,0.00,3276.70,0.00,37.1721,37.0650,36.9771,36.8764,40612263,1479366,2521466,40595940.0000,1479267.5000,2511252.2500,-32768,12854,-110
01:21:58,1998.91,37.25,0.00,3276.70,0.00,37.1808,37.0811,36.9871,36.8861,40614350,1479623,2521028,40598372.0000,1479296.1250,2512670.5000,-32768,12854,-110
01:21:59,2004.34,37.26,0.00,3276.70,0.00,37.1841,37.0843,36.9908,36.8894,40614856,1479649,2521185,40599384.0000,1479315.2500,2512670.5000,-32768,12854,-110
01:22:01,2004.34,37.26,0.00,3276.70,0.00,37.1912,37.0907,36.9971,36.8959,40615565,1479626,2521185,40599384.0000,1479331.8750,2513710.0000,-32768,12854,-110
01:22:03,2004.34,37.27,0.00,3276.70,0.00,37.1912,37.0972,36.9971,36.9056,40615565,1479546,2521271,40601828.0000,1479356.8750,2514413.7500,-32768,12854,-110
01:22:05,1998.91,37.28,0.00,3276.70,0.00,37.2118,37.1102,37.0174,36.9154,40618602,1479520,2524983,40602888.0000,1479356.8750,2515322.0000,-32768,12854,-110
01:22:09,2004.34,37.28,0.00,3276.70,0.00,37.2118,37.1200,37.0174,36.9252,40618602,1479508,2524484,40604952.0000,1479393.3750,2516099.5000,-32768,12854,-110
01:22:10,1998.91,37.30,0.00,3276.70,0.00,37.2311,37.1298,37.0372,36.9351,40620565,1479599,2525693,40605932.0000,1479407.7500,2516657.2500,-32768,12854,-110
01:22:13,1998.91,37.30,0.00,3276.70,0.00,37.2384,37.1298,37.0473,36.9351,40622986,1479654,2525305,40607408.0000,1479424.7500,2517461.0000,-32768,12854,-110
01:22:15,1998.91,37.32,0.00,3276.70,0.00,37.2459,37.1461,37.0575,36.9548,40623020,1479451,2528370,40608716.0000,1479432.8750,2518347.2500,-32768,12854,-110
01:22:17,1998.91,37.33,0.00,3276.70,0.00,37.2527,37.1525,37.0605,36.9548,40626821,1479655,2528370,40610256.0000,1479450.0000,2518347.2500,-32768,12854,-110
01:22:19,1998.91,37.34,0.00,3276.70,0.00,37.2631,37.1525,37.0734,36.9548,40625140,1479442,2529899,40611176.0000,1479452.7500,2519611.5000,-32768,12854,-110
01:22:21,1998.91,37.35,0.00,3276.70,0.00,37.2631,37.1752,37.0734,36.9810,40626984,1479538,2529739,40612496.0000,1479463.7500,2520369.2500,-32768,12854,-110
01:22:24,1998.91,37.36,0.00,3276.70,0.00,37.2631,37.1818,37.0734,36.9909,40626984,1479554,2529739,40614232.0000,1479475.1250,2521549.0000,-32768,12854,-110
01:22:26,1998.91,37.37,0.00,3276.70,0.00,37.2970,37.1818,37.0734,37.0040,40629241,1479581,2532332,40615616.0000,1479493.2500,2522408.2500,-32768,12854,-110
01:22:28,2004.34,37.38,0.00,3276.70,0.00,37.3032,37.2015,37.0734,37.0106,40631024,1479584,2532055,40616508.0000,1479497.8750,2523016.0000,-32768,12854,-110
01:22:29,1998.91,37.39,0.00,3276.70,0.00,37.3093,37.2112,37.1187,37.0171,40633119,1479673,2532538,40617500.0000,1479508.3750,2523591.0000,-32768,12854,-110
01:22:32,1998.91,37.39,0.00,3276.70,0.00,37.3161,37.2112,37.1245,37.0171,40632086,1479624,2533084,40618860.0000,1479517.1250,2524363.5000,-32768,12854,-110
01:22:34,1998.91,37.40,0.00,3276.70,0.00,37.3261,37.2243,37.1307,37.0171,40635656,1479615,2533084,40619868.0000,1479533.1250,2525238.0000,-32768,12854,-110
01:22:36,1998.91,37.40,0.00,3276.70,0.00,37.3315,37.2308,37.1380,37.0366,40635601,1479580,2535607,40619868.0000,1479534.5000,2525562.0000,-32768,12854,-110
01:22:37,1998.91,37.42,0.00,3276.70,0.00,37.3425,37.2405,37.1484,37.0464,40637682,1479590,2534334,40621876.0000,1479534.5000,2526450.5000,-32768,12854,-110
01:22:39,1998.91,37.43,0.00,3276.70,0.00,37.3463,37.2438,37.1519,37.0497,40637172,1479721,2533875,40621876.0000,1479544.7500,2526682.5000,-32768,12854,-110
01:22:41,1998.91,37.43,0.00,3276.70,0.00,37.3463,37.2537,37.1519,37.0595,40638734,1479698,2535208,40624260.0000,1479563.2500,2526682.5000,-32768,12854,-110
01:22:42,2004.34,37.44,0.00,3276.70,0.00,37.3627,37.2602,37.1683,37.0661,40640297,1479870,2536449,40624760.0000,1479572.7500,2527739.5000,-32768,12854,-110
01:22:44,1998.91,37.45,0.00,3276.70,0.00,37.3702,37.2668,37.1755,37.0661,40642324,1479753,2536675,40626292.0000,1479592.6250,2528543.5000,-32768,12854,-110
01:22:46,1998.91,37.45,0.00,3276.70,0.00,37.3802,37.2768,37.1859,37.0826,40640273,1479798,2537610,40627172.0000,1479605.3750,2528543.5000,-32768,12854,-110
01:22:48,1998.91,37.46,0.00,3276.70,0.00,37.3858,37.2834,37.1859,37.0925,40643260,1479621,2539211,40628628.0000,1479618.1250,2528543.5000,-32768,12854,-110
01:22:50,1998.91,37.47,0.00,3276.70,0.00,37.3926,37.2834,37.2014,37.0925,40643804,1479851,2541136,40629952.0000,1479634.5000,2530843.5000,-32768,12854,-110
01:22:52,1998.91,37.48,0.00,3276.70,0.00,37.4026,37.2998,37.2089,37.1057,40644019,1479887,2538309,40630392.0000,1479642.3750,2531076.7500,-32768,12854,-110
01:22:54,1998.91,37.49,0.00,3276.70,0.00,37.4099,37.2998,37.2151,37.1057,40645686,1479907,2541120,40631824.0000,1479659.1250,2531817.2500,-32768,12854,-110
01:22:57,1998.91,37.49,0.00,3276.70,0.00,37.4205,37.2998,37.2276,37.1057,40647741,1479888,2542358,40633724.0000,1479692.7500,2533026.2500,-32768,12854,-110
01:22:59,1998.91,37.50,0.00,3276.70,0.00,37.4205,37.3297,37.2369,37.1057,40647741,1479828,2542358,40635088.0000,1479706.7500,2533852.2500,-32768,12854,-110
01:23:03,1998.91,37.51,0.00,3276.70,0.00,37.4205,37.3396,37.2369,37.1482,40651479,1479828,2541269,40637000.0000,1479727.3750,2534921.5000,-32768,12854,-110
01:23:04,1998.91,37.53,0.00,3276.70,0.00,37.4473,37.3492,37.2548,37.1546,40650739,1479969,2541269,40637872.0000,1479739.3750,2535446.7500,-32768,12854,-110
01:23:05,1998.91,37.53,0.00,3276.70,0.00,37.4539,37.3555,37.2597,37.1609,40651528,1479855,2543647,40638296.0000,1479743.0000,2535703.0000,-32768,12854,-110
01:23:07,1998.91,37.54,0.00,3276.70,0.00,37.4573,37.3555,37.2597,37.1673,40654395,1479855,2542326,40639288.0000,1479763.5000,2535703.0000,-32768,12854,-110
01:23:11,1998.91,37.54,0.00,3276.70,0.00,37.4573,37.3713,37.2597,37.1799,40654395,1479867,2545402,40641588.0000,1479780.2500,2537493.7500,-32768,12854,-110
01:23:12,1998.91,37.56,0.00,3276.70,0.00,37.4809,37.3809,37.2597,37.1894,40658113,1479887,2546766,40642612.0000,1479789.8750,2538039.7500,-32768,12854,-110
01:23:13,1993.48,37.56,0.00,3276.70,0.00,37.4875,37.3873,37.2909,37.1925,40656505,1480020,2546944,40643488.0000,1479801.0000,2538570.2500,-32768,12854,-110
01:23:14,1998.91,37.57,0.00,3276.70,0.00,37.4946,37.3938,37.2974,37.1989,40656891,1479811,2549206,40643908.0000,1479801.3750,2538902.7500,-32768,12854,-110
01:23:15,1998.91,37.57,0.00,3276.70,0.00,37.4981,37.3970,37.3011,37.2020,40655663,1479858,2547875,40644272.0000,1479803.1250,2539183.0000,-32768,12854,-110
01:23:17,1993.48,37.57,0.00,3276.70,0.00,37.5016,37.4003,37.3039,37.2052,40656046,1479900,2547364,40644640.0000,1479803.1250,2539683.0000,-32768,12854,-110
01:23:18,1998.91,37.58,0.00,3276.70,0.00,37.5068,37.4067,37.3102,37.2115,40659939,1480178,2547165,40645960.0000,1479833.8750,2540198.0000,-32768,12854,-110
01:23:20,1998.91,37.59,0.00,3276.70,0.00,37.5068,37.4130,37.3162,37.2178,40660458,1480128,2548738,40646412.0000,1479843.0000,2540198.0000,-32768,12854,-110
01:23:22,1993.48,37.59,0.00,3276.70,0.00,37.5182,37.4193,37.3216,37.2241,40656705,1480128,2546156,40647496.0000,1479873.1250,2540620.7500,-32768,12854,-110
01:23:24,1998.91,37.60,0.00,3276.70,0.00,37.5273,37.4288,37.3311,37.2335,40660899,1479948,2550562,40648336.0000,1479876.0000,2541225.7500,-32768,12854,-110
01:23:25,1998.91,37.61,0.00,3276.70,0.00,37.5295,37.4320,37.3343,37.2366,40661978,1479951,2549812,40648336.0000,1479876.0000,2541225.7500,-32768,12854,-110
01:23:28,1993.48,37.62,0.00,3276.70,0.00,37.5295,37.4447,37.3343,37.2492,40663097,1479951,2549242,40650856.0000,1479905.0000,2542806.0000,-32768,12854,-110
01:23:31,1993.48,37.63,0.00,3276.70,0.00,37.5295,37.4543,37.3343,37.2619,40663909,1479831,2553382,40652136.0000,1479916.0000,2543533.0000,-32768,12854,-110
01:23:33,1993.48,37.64,0.00,3276.70,0.00,37.5295,37.4639,37.3343,37.2715,40667231,1480030,2554487,40653448.0000,1479924.8750,2543533.0000,-32768,12854,-110
01:23:35,1998.91,37.65,0.00,3276.70,0.00,37.5716,37.4704,37.3785,37.2779,40668495,1480047,2554530,40654340.0000,1479924.8750,2545024.7500,-32768,12854,-110
01:23:36,1998.91,37.65,0.00,3276.70,0.00,37.5780,37.4769,37.3820,37.2812,40670429,1480085,2554501,40654844.0000,1479938.6250,2545024.7500,-32768,12854,-110
01:23:37,1993.48,37.66,0.00,3276.70,0.00,37.5866,37.4835,37.3897,37.2877,40671653,1480091,2555345,40655820.0000,1479938.6250,2546192.0000,-32768,12854,-110
01:23:39,1998.91,37.66,0.00,3276.70,0.00,37.5866,37.4901,37.3973,37.2943,40673517,1479968,2556807,40656848.0000,1479955.2500,2546192.0000,-32768,12854,-110
01:23:43,1993.48,37.66,0.00,3276.70,0.00,37.5866,37.4999,37.3973,37.3074,40673517,1480184,2554755,40658616.0000,1479955.2500,2547879.5000,-32768,12854,-110
01:23:43,1998.91,37.69,0.00,3276.70,0.00,37.6121,37.5097,37.4160,37.3139,40673514,1480082,2557251,40659480.0000,1479975.0000,2548172.5000,-32768,12854,-110
01:23:45,1993.48,37.70,0.00,3276.70,0.00,37.6161,37.5130,37.4197,37.3172,40673079,1480082,2557251,40660408.0000,1479994.6250,2548188.0000,-32768,12854,-110
01:23:48,1993.48,37.71,0.00,3276.70,0.00,37.6161,37.5231,37.4307,37.3271,40674526,1479972,2561481,40660408.0000,1479999.3750,2549158.5000,-32768,12854,-110
01:23:49,1998.91,37.72,0.00,3276.70,0.00,37.6354,37.5298,37.4382,37.3338,40677171,1480082,2559966,40662656.0000,1479999.3750,2549797.0000,-32768,12854,-110
01:23:51,1998.91,37.72,0.00,3276.70,0.00,37.6425,37.5366,37.4451,37.3405,40678228,1480125,2558073,40662656.0000,1479999.3750,2549797.0000,-32768,12854,-110
01:23:52,1993.48,37.73,0.00,3276.70,0.00,37.6479,37.5434,37.4526,37.3473,40679386,1480136,2558941,40664532.0000,1480016.3750,2550852.0000,-32768,12854,-110
01:23:54,1998.91,37.74,0.00,3276.70,0.00,37.6550,37.5434,37.4606,37.3473,40680433,1480136,2562344,40665568.0000,1480029.2500,2551497.7500,-32768,12854,-110
01:23:55,1993.48,37.74,0.00,3276.70,0.00,37.6643,37.5570,37.4692,37.3473,40681776,1480220,2561427,40666536.0000,1480040.1250,2552065.5000,-32768,12854,-110
01:23:58,2004.34,37.75,0.00,3276.70,0.00,37.6643,37.5673,37.4692,37.3749,40681776,1480083,2565689,40668052.0000,1480052.6250,2553102.0000,-32768,12854,-110
01:24:00,2009.78,37.76,0.00,3276.70,0.00,37.6864,37.5777,37.4921,37.3749,40682492,1480073,2560825,40669376.0000,1480052.6250,2554033.5000,-32768,12854,-110
01:24:04,2009.78,37.77,0.00,3276.70,0.00,37.6864,37.5884,37.4921,37.3963,40682492,1480276,2566269,40669376.0000,1480059.7500,2555429.0000,-32768,12854,-110
01:24:05,2009.78,37.78,0.00,3276.70,0.00,37.7143,37.5884,37.4921,37.4074,40691338,1480356,2567236,40672460.0000,1480079.7500,2556135.5000,-32768,12854,-110
01:24:08,2015.21,37.79,0.00,3276.70,0.00,37.7143,37.6141,37.5335,37.4185,40693714,1480484,2568438,40674336.0000,1480102.6250,2557259.7500,-32768,12854,-110
01:24:09,2009.78,37.80,0.00,3276.70,0.00,37.7316,37.6178,37.5367,37.4221,40695729,1480316,2571865,40675000.0000,1480102.6250,2557259.7500,-32768,12854,-110
01:24:10,1998.91,37.81,0.00,3276.70,0.00,37.7388,37.6250,37.5429,37.4295,40694682,1480522,2571865,40676928.0000,1480143.6250,2558798.0000,-32768,12854,-110
01:24:12,1998.91,37.82,0.00,3276.70,0.00,37.7439,37.6323,37.5429,37.4367,40694682,1480783,2570394,40678296.0000,1480182.2500,2559529.0000,-32768,12854,-110
01:24:14,1998.91,37.82,0.00,3276.70,0.00,37.7512,37.6428,37.5565,37.4473,40700213,1480719,2570051,40679676.0000,1480218.1250,2560171.2500,-32768,12854,-110
01:24:14,1998.91,37.83,0.00,3276.70,0.00,37.7540,37.6462,37.5591,37.4507,40697993,1480668,2568801,40680248.0000,1480232.2500,2560441.0000,-32768,12854,-110
01:24:16,1998.91,37.83,0.00,3276.70,0.00,37.7561,37.6496,37.5617,37.4542,40698263,1480744,2568908,40680808.0000,1480248.2500,2560705.5000,-32768,12854,-110
01:24:17,1993.48,37.84,0.00,3276.70,0.00,37.7607,37.6496,37.5658,37.4609,40695968,1480929,2561041,40681796.0000,1480288.5000,2560800.0000,-32768,12854,-110
01:24:19,1993.48,37.84,0.00,3276.70,0.00,37.7651,37.6630,37.5719,37.4677,40696016,1480583,2570084,40682688.0000,1480310.7500,2561348.5000,-32768,12854,-110
01:24:20,1993.48,37.85,0.00,3276.70,0.00,37.7686,37.6662,37.5751,37.4710,40697602,1480529,2570216,40683152.0000,1480317.6250,2561625.7500,-32768,12854,-110
01:24:21,1998.91,37.85,0.00,3276.70,0.00,37.7719,37.6695,37.5779,37.4743,40697516,1480580,2569079,40683600.0000,1480336.1250,2562120.7500,-32768,12854,-110
01:24:23,1993.48,37.86,0.00,3276.70,0.00,37.7793,37.6695,37.5882,37.4743,40698488,1480617,2571402,40684896.0000,1480354.7500,2562694.2500,-32768,12854,-110
01:24:25,1993.48,37.86,0.00,3276.70,0.00,37.7793,37.6893,37.5986,37.4943,40699783,1480568,2573349,40686212.0000,1480384.6250,2562694.2500,-32768,12854,-110
01:24:27,1993.48,37.87,0.00,3276.70,0.00,37.7943,37.6925,37.6024,37.4977,40699794,1480581,2573349,40687024.0000,1480394.6250,2564174.0000,-32768,12854,-110
01:24:29,1993.48,37.88,0.00,3276.70,0.00,37.8026,37.7025,37.6126,37.5077,40698263,1480521,2573349,40687024.0000,1480394.6250,2564971.2500,-32768,12854,-110
01:24:31,1993.48,37.89,0.00,3276.70,0.00,37.8139,37.7092,37.6203,37.5145,40700270,1480397,2573349,40688864.0000,1480399.3750,2565559.0000,-32768,12854,-110
01:24:33,1993.48,37.90,0.00,3276.70,0.00,37.8139,37.7195,37.6316,37.5248,40699956,1480445,2580240,40689608.0000,1480400.8750,2566741.7500,-32768,12854,-110
01:24:36,1993.48,37.90,0.00,3276.70,0.00,37.8139,37.7299,37.6316,37.5352,40703362,1480445,2576651,40689608.0000,1480395.6250,2567896.2500,-32768,12854,-110
01:24:39,1993.48,37.92,0.00,3276.70,0.00,37.8139,37.7299,37.6571,37.5352,40703905,1480411,2576489,40692592.0000,1480393.6250,2568777.2500,-32768,12854,-110
01:24:40,1993.48,37.93,0.00,3276.70,0.00,37.8576,37.7505,37.6639,37.5560,40703905,1480347,2576489,40693376.0000,1480395.5000,2569641.0000,-32768,12854,-110
01:24:43,1988.05,37.93,0.00,3276.70,0.00,37.8687,37.7505,37.6756,37.5560,40707330,1480513,2577699,40694632.0000,1480400.3750,2570771.7500,-32768,12854,-110
01:24:44,1993.48,37.94,0.00,3276.70,0.00,37.8810,37.7713,37.6868,37.5770,40709808,1480429,2582279,40695524.0000,1480402.8750,2571398.0000,-32768,12854,-110
01:24:47,1993.48,37.95,0.00,3276.70,0.00,37.8810,37.7784,37.6868,37.5876,40710227,1480583,2582279,40695524.0000,1480402.8750,2571398.0000,-32768,12854,-110
01:24:49,1988.05,37.96,0.00,3276.70,0.00,37.8982,37.7889,37.6868,37.5876,40712036,1480411,2581793,40698188.0000,1480420.8750,2573079.2500,-32768,12854,-110
01:24:51,1988.05,37.97,0.00,3276.70,0.00,37.9071,37.7960,37.7137,37.5876,40711321,1480439,2584972,40698596.0000,1480421.3750,2573079.2500,-32768,12854,-110
01:24:52,1993.48,37.98,0.00,3276.70,0.00,37.9144,37.8031,37.7137,37.5876,40713069,1480302,2585943,40699864.0000,1480425.1250,2574392.5000,-32768,12854,-110
01:24:55,1988.05,37.99,0.00,3276.70,0.00,37.9198,37.8031,37.7322,37.5876,40714827,1480587,2582196,40701216.0000,1480434.7500,2575091.2500,-32768,12854,-110
01:24:56,1988.05,38.00,0.00,3276.70,0.00,37.9317,37.8208,37.7322,37.5876,40715213,1480542,2585271,40702100.0000,1480440.5000,2575710.5000,-32768,12854,-110
01:24:59,1988.05,38.01,0.00,3276.70,0.00,37.9317,37.8279,37.7322,37.6378,40715213,1480458,2585271,40702100.0000,1480445.6250,2576607.7500,-32768,12854,-110
01:25:02,1988.05,38.02,0.00,3276.70,0.00,37.9317,37.8457,37.7322,37.6555,40719430,1480451,2587782,40705328.0000,1480459.5000,2577879.7500,-32768,12854,-110
01:25:04,1988.05,38.03,0.00,3276.70,0.00,37.9626,37.8528,37.7698,37.6591,40721035,1480451,2587782,40705328.0000,1480459.5000,2578751.5000,-32768,12854,-110
01:25:07,1993.48,38.04,0.00,3276.70,0.00,37.9732,37.8528,37.7698,37.6732,40721035,1480585,2587782,40705328.0000,1480459.5000,2579848.7500,-32768,12854,-110
01:25:09,1988.05,38.05,0.00,3276.70,0.00,37.9855,37.8773,37.7924,37.6837,40723899,1480590,2588477,40709068.0000,1480489.7500,2580118.5000,-32768,12854,-110
01:25:12,1988.05,38.06,0.00,3276.70,0.00,37.9855,37.8843,37.7924,37.6941,40723899,1480583,2590929,40710848.0000,1480489.7500,2580118.5000,-32768,12854,-110
01:25:13,1988.05,38.08,0.00,3276.70,0.00,38.0056,37.8981,37.8127,37.7045,40726714,1480628,2590729,40711784.0000,1480509.6250,2581969.7500,-32768,12854,-110
01:25:15,1993.48,38.08,0.00,3276.70,0.00,38.0129,37.9050,37.8193,37.7115,40727039,1480727,2590729,40713140.0000,1480532.7500,2582754.0000,-32768,12854,-110
01:25:17,1988.05,38.09,0.00,3276.70,0.00,38.0198,37.9120,37.8260,37.7184,40728247,1480727,2590729,40714072.0000,1480538.7500,2583389.2500,-32768,12854,-110
01:25:18,1993.48,38.09,0.00,3276.70,0.00,38.0254,37.9188,37.8328,37.7184,40728319,1480754,2588577,40714992.0000,1480547.0000,2583919.2500,-32768,12854,-110
01:25:19,1988.05,38.10,0.00,3276.70,0.00,38.0291,37.9223,37.8362,37.7321,40728645,1480654,2593814,40715420.0000,1480550.3750,2584228.5000,-32768,12854,-110
01:25:22,1988.05,38.10,0.00,3276.70,0.00,38.0366,37.9223,37.8428,37.7321,40732640,1480853,2594232,40716408.0000,1480568.1250,2584842.0000,-32768,12854,-110
01:25:23,1988.05,38.11,0.00,3276.70,0.00,38.0461,37.9395,37.8530,37.7459,40733591,1480745,2595497,40717444.0000,1480581.0000,2585384.7500,-32768,12854,-110
01:25:25,1988.05,38.12,0.00,3276.70,0.00,38.0499,37.9395,37.8602,37.7459,40733408,1481000,2586018,40718896.0000,1480613.0000,2585722.0000,-32768,12854,-110
01:25:28,1993.48,38.12,0.00,3276.70,0.00,38.0609,37.9395,37.8704,37.7459,40733946,1480829,2595538,40720272.0000,1480613.0000,2586604.7500,-32768,12854,-110
01:25:29,1988.05,38.14,0.00,3276.70,0.00,38.0689,37.9635,37.8774,37.7459,40736113,1480874,2596300,40721224.0000,1480646.7500,2587189.7500,-32768,12854,-110
01:25:31,1988.05,38.14,0.00,3276.70,0.00,38.0768,37.9703,37.8842,37.7768,40737662,1480906,2597073,40722188.0000,1480646.7500,2587189.7500,-32768,12854,-110
01:25:32,1988.05,38.15,0.00,3276.70,0.00,38.0842,37.9771,37.8909,37.7837,40739407,1480868,2597640,40722728.0000,1480668.3750,2588100.2500,-32768,12854,-110
01:25:35,1988.05,38.16,0.00,3276.70,0.00,38.0842,37.9875,37.9020,37.7941,40739068,1480844,2599379,40724228.0000,1480668.3750,2589461.0000,-32768,12854,-110
01:25:36,1988.05,38.17,0.00,3276.70,0.00,38.0842,37.9979,37.9125,37.8045,40741168,1480884,2598077,40725728.0000,1480698.8750,2590004.0000,-32768,12854,-110
01:25:39,1988.05,38.18,0.00,3276.70,0.00,38.0842,38.0048,37.9125,37.8114,40742330,1480828,2602800,40726744.0000,1480698.8750,2590004.0000,-32768,12854,-110
01:25:41,1988.05,38.19,0.00,3276.70,0.00,38.1200,38.0117,37.9280,37.8220,40745470,1480917,2602800,40728320.0000,1480733.7500,2591564.0000,-32768,12854,-110
01:25:42,1988.05,38.19,0.00,3276.70,0.00,38.1327,38.0223,37.9393,37.8290,40745988,1480862,2599998,40730024.0000,1480751.3750,2592432.0000,-32768,12854,-110
01:25:45,1988.05,38.19,0.00,3276.70,0.00,38.1389,38.0223,37.9505,37.8290,40746535,1480839,2601163,40731004.0000,1480759.2500,2592994.0000,-32768,12854,-110
01:25:46,1988.05,38.22,0.00,3276.70,0.00,38.1462,38.0364,37.9536,37.8432,40746776,1480852,2605399,40731984.0000,1480766.2500,2593628.7500,-32768,12854,-110
01:25:49,1988.05,38.22,0.00,3276.70,0.00,38.1462,38.0470,37.9536,37.8574,40746776,1480776,2605399,40733896.0000,1480781.5000,2595413.5000,-32768,12854,-110
01:25:52,1988.05,38.22,0.00,3276.70,0.00,38.1714,38.0470,37.9798,37.8574,40752301,1481124,2605455,40735436.0000,1480804.5000,2596324.5000,-32768,12854,-110
01:25:53,1998.91,38.24,0.00,3276.70,0.00,38.1849,38.0720,37.9914,37.8789,40752580,1481044,2606727,40736508.0000,1480820.3750,2596915.2500,-32768,12854,-110
01:25:55,2004.34,38.25,0.00,3276.70,0.00,38.1892,38.0720,37.9997,37.8789,40750666,1480816,2607297,40737788.0000,1480826.0000,2597914.5000,-32768,12854,-110
01:25:57,2009.78,38.26,0.00,3276.70,0.00,38.1892,38.0866,37.9997,37.8973,40754416,1480751,2615210,40738780.0000,1480820.5000,2598978.7500,-32768,12854,-110
01:25:58,2009.78,38.27,0.00,3276.70,0.00,38.2120,38.0942,38.0179,37.9011,40756602,1480865,2610713,40739336.0000,1480822.0000,2599345.5000,-32768,12854,-110
01:26:00,2009.78,38.27,0.00,3276.70,0.00,38.2214,38.1018,38.0271,37.9086,40759922,1481107,2609827,40740572.0000,1480838.2500,2599915.2500,-32768,12854,-110
01:26:01,2015.21,38.28,0.00,3276.70,0.00,38.2255,38.1057,38.0316,37.9125,40761847,1481155,2609157,40741236.0000,1480848.1250,2599915.2500,-32768,12854,-110
01:26:02,2009.78,38.28,0.00,3276.70,0.00,38.2345,38.1134,38.0401,37.9125,40764955,1481163,2613126,40742600.0000,1480868.1250,2600886.0000,-32768,12854,-110
01:26:05,2009.78,38.28,0.00,3276.70,0.00,38.2419,38.1211,38.0516,37.9318,40766898,1481340,2613231,40744780.0000,1480911.7500,2601949.5000,-32768,12854,-110
01:26:06,2009.78,38.30,0.00,3276.70,0.00,38.2494,38.1211,38.0589,37.9394,40767625,1481392,2612928,40746188.0000,1480939.2500,2602645.0000,-32768,12854,-110
01:26:07,2009.78,38.31,0.00,3276.70,0.00,38.2556,38.1365,38.0631,37.9432,40767894,1481466,2612724,40746868.0000,1480939.2500,2603244.0000,-32768,12854,-110
01:26:10,2009.78,38.31,0.00,3276.70,0.00,38.2556,38.1365,38.0745,37.9432,40767894,1481460,2614002,40749388.0000,1481013.8750,2604172.0000,-32768,12854,-110
01:26:11,2009.78,38.32,0.00,3276.70,0.00,38.2744,38.1557,38.0745,37.9661,40771818,1481468,2614983,40750740.0000,1481042.3750,2604837.5000,-32768,12854,-110
01:26:13,2009.78,38.33,0.00,3276.70,0.00,38.2811,38.1632,38.0873,37.9699,40770902,1481274,2617086,40750740.0000,1481057.3750,2605605.5000,-32768,12854,-110
01:26:15,2009.78,38.34,0.00,3276.70,0.00,38.2908,38.1632,38.0979,37.9811,40772484,1481443,2613609,40753264.0000,1481078.0000,2606192.7500,-32768,12854,-110
01:26:16,2015.21,38.35,0.00,3276.70,0.00,38.2939,38.1782,38.1016,37.9849,40773818,1481605,2615120,40754504.0000,1481109.7500,2606839.2500,-32768,12854,-110
01:26:18,2009.78,38.35,0.00,3276.70,0.00,38.3011,38.1782,38.1016,37.9923,40774444,1481605,2615120,40755764.0000,1481141.7500,2607462.5000,-32768,12854,-110
01:26:21,2009.78,38.36,0.00,3276.70,0.00,38.3011,38.1967,38.1016,38.0071,40774444,1481587,2617544,40757432.0000,1481179.8750,2608333.5000,-32768,12854,-110
01:26:24,2004.34,38.36,0.00,3276.70,0.00,38.3239,38.1967,38.1328,38.0071,40776856,1481730,2619183,40759616.0000,1481236.0000,2609486.5000,-32768,12854,-110
01:26:27,2004.34,38.39,0.00,3276.70,0.00,38.3239,38.1967,38.1441,38.0071,40779452,1481695,2619183,40761904.0000,1481293.8750,2610724.5000,-32768,12854,-110
01:26:30,2004.34,38.40,0.00,3276.70,0.00,38.3239,38.2355,38.1441,38.0467,40779452,1481555,2618727,40763284.0000,1481293.8750,2611867.0000,-32768,12854,-110
01:26:32,1998.91,38.41,0.00,3276.70,0.00,38.3515,38.2456,38.1636,38.0467,40779766,1481562,2618727,40764632.0000,1481339.8750,2612377.2500,-32768,12854,-110
01:26:34,1998.91,38.41,0.00,3276.70,0.00,38.3515,38.2559,38.1636,38.0677,40780342,1481641,2622588,40766024.0000,1481361.8750,2613245.0000,-32768,12854,-110
01:26:37,1998.91,38.41,0.00,3276.70,0.00,38.3738,38.2663,38.1828,38.0747,40779196,1481641,2622588,40767280.0000,1481386.8750,2613245.0000,-32768,12854,-110
01:26:39,1993.48,38.43,0.00,3276.70,0.00,38.3806,38.2663,38.1916,38.0747,40779917,1481626,2622588,40768448.0000,1481402.5000,2615056.7500,-32768,12854,-110
01:26:41,1993.48,38.44,0.00,3276.70,0.00,38.3806,38.2870,38.1916,38.0986,40782433,1481446,2623316,40769676.0000,1481409.7500,2615777.7500,-32768,12854,-110
01:26:43,1993.48,38.45,0.00,3276.70,0.00,38.4003,38.2938,38.2086,38.0986,40781796,1481515,2626619,40770468.0000,1481415.5000,2615777.7500,-32768,12854,-110
01:26:45,1993.48,38.46,0.00,3276.70,0.00,38.4067,38.3006,38.2143,38.0986,40782524,1481466,2626619,40771528.0000,1481415.5000,2617209.5000,-32768,12854,-110
01:26:47,1993.48,38.47,0.00,3276.70,0.00,38.4195,38.3141,38.2275,38.1223,40784738,1481560,2626671,40772344.0000,1481427.3750,2617766.0000,-32768,12854,-110
01:26:49,1993.48,38.48,0.00,3276.70,0.00,38.4230,38.3175,38.2307,38.1223,40784196,1481560,2626671,40773136.0000,1481433.1250,2618316.0000,-32768,12854,-110
01:26:50,1998.91,38.48,0.00,3276.70,0.00,38.4319,38.3277,38.2414,38.1358,40788117,1481469,2630025,40774008.0000,1481436.2500,2618949.2500,-32768,12854,-110
01:26:51,1993.48,38.48,0.00,3276.70,0.00,38.4350,38.3310,38.2414,38.1392,40788412,1481643,2625600,40774920.0000,1481446.3750,2619407.0000,-32768,12854,-110
01:26:53,1993.48,38.48,0.00,3276.70,0.00,38.4421,38.3377,38.2502,38.1459,40790047,1481643,2625600,40775832.0000,1481454.1250,2619925.5000,-32768,12854,-110
01:26:55,1993.48,38.50,0.00,3276.70,0.00,38.4493,38.3444,38.2572,38.1526,40789474,1481518,2625600,40775832.0000,1481458.3750,2620645.0000,-32768,12854,-110
01:26:57,1993.48,38.50,0.00,3276.70,0.00,38.4493,38.3545,38.2572,38.1661,40790196,1481452,2639338,40777788.0000,1481455.0000,2622085.5000,-32768,12854,-110
01:26:59,1993.48,38.52,0.00,3276.70,0.00,38.4493,38.3645,38.2772,38.1728,40793346,1481650,2627758,40778720.0000,1481466.2500,2622573.2500,-32768,12854,-110
01:27:00,1993.48,38.52,0.00,3276.70,0.00,38.4734,38.3679,38.2803,38.1761,40794173,1481610,2630639,40779204.0000,1481470.6250,2622825.2500,-32768,12854,-110
01:27:03,1998.91,38.53,0.00,3276.70,0.00,38.4762,38.3679,38.2803,38.1828,40794173,1481809,2621624,40779204.0000,1481496.5000,2623355.2500,-32768,12854,-110
01:27:05,1993.48,38.54,0.00,3276.70,0.00,38.4762,38.3880,38.3008,38.1963,40796809,1481952,2633151,40782016.0000,1481526.7500,2623929.0000,-32768,12854,-110
01:27:07,1993.48,38.55,0.00,3276.70,0.00,38.4998,38.3948,38.3071,38.2030,40796477,1481728,2630180,40782932.0000,1481542.7500,2624410.5000,-32768,12854,-110
01:27:08,1993.48,38.55,0.00,3276.70,0.00,38.5060,38.4015,38.3145,38.2097,40795660,1481728,2630180,40784124.0000,1481560.2500,2625203.5000,-32768,12854,-110
01:27:11,1993.48,38.56,0.00,3276.70,0.00,38.5060,38.4116,38.3145,38.2232,40799117,1481787,2636239,40784124.0000,1481560.2500,2626062.0000,-32768,12854,-110
01:27:13,1993.48,38.57,0.00,3276.70,0.00,38.5237,38.4184,38.3314,38.2232,40799742,1481734,2636239,40786796.0000,1481605.0000,2626896.0000,-32768,12854,-110
01:27:16,1993.48,38.57,0.00,3276.70,0.00,38.5237,38.4319,38.3314,38.2399,40801327,1481734,2636208,40788108.0000,1481620.7500,2626896.0000,-32768,12854,-110
01:27:18,1993.48,38.59,0.00,3276.70,0.00,38.5464,38.4420,38.3547,38.2500,40801403,1481944,2637640,40788932.0000,1481620.7500,2628957.0000,-32768,12854,-110
01:27:20,1993.48,38.59,0.00,3276.70,0.00,38.5536,38.4487,38.3613,38.2567,40802245,1481882,2635215,40789732.0000,1481620.7500,2628957.0000,-32768,12854,-110
01:27:21,1993.48,38.61,0.00,3276.70,0.00,38.5607,38.4555,38.3678,38.2634,40804017,1481852,2638068,40790584.0000,1481671.2500,2629993.5000,-32768,12854,-110
01:27:22,1993.48,38.61,0.00,3276.70,0.00,38.5665,38.4622,38.3743,38.2702,40806545,1482094,2630842,40791508.0000,1481684.3750,2630020.0000,-32768,12854,-110
01:27:24,1993.48,38.62,0.00,3276.70,0.00,38.5697,38.4655,38.3779,38.2735,40806700,1482142,2630842,40792424.0000,1481705.7500,2630295.2500,-32768,12854,-110
01:27:26,1993.48,38.63,0.00,3276.70,0.00,38.5768,38.4723,38.3779,38.2836,40806700,1481948,2640619,40793324.0000,1481717.8750,2630998.2500,-32768,12854,-110
01:27:27,1993.48,38.63,0.00,3276.70,0.00,38.5871,38.4823,38.3779,38.2903,40808532,1481832,2641183,40794684.0000,1481739.7500,2631789.7500,-32768,12854,-110
01:27:30,1993.48,38.63,0.00,3276.70,0.00,38.5932,38.4891,38.4019,38.2970,40809562,1481832,2642331,40794684.0000,1481764.8750,2632548.2500,-32768,12854,-110
01:27:31,1993.48,38.65,0.00,3276.70,0.00,38.6010,38.4958,38.4084,38.3071,40811230,1482178,2636384,40796512.0000,1481777.7500,2632668.0000,-32768,12854,-110
01:27:32,1988.05,38.66,0.00,3276.70,0.00,38.6075,38.4958,38.4084,38.3104,40812832,1481899,2642192,40797020.0000,1481781.6250,2632965.7500,-32768,12854,-110
01:27:33,1993.48,38.66,0.00,3276.70,0.00,38.6107,38.5059,38.4184,38.3138,40812792,1481841,2649197,40797968.0000,1481787.0000,2633948.7500,-32768,12854,-110
01:27:36,1988.05,38.67,0.00,3276.70,0.00,38.6174,38.5126,38.4184,38.3239,40812792,1482164,2649197,40799356.0000,1481817.0000,2634291.5000,-32768,12854,-110
01:27:38,1988.05,38.68,0.00,3276.70,0.00,38.6316,38.5262,38.4391,38.3339,40814320,1482003,2649197,40799356.0000,1481829.7500,2634887.0000,-32768,12854,-110
01:27:40,1993.48,38.69,0.00,3276.70,0.00,38.6316,38.5362,38.4498,38.3441,40817258,1482060,2649197,40802112.0000,1481855.6250,2635902.0000,-32768,12854,-110
01:27:44,1993.48,38.69,0.00,3276.70,0.00,38.6534,38.5362,38.4637,38.3441,40817598,1482282,2649197,40802112.0000,1481855.6250,2637254.5000,-32768,12854,-110
01:27:46,1988.05,38.71,0.00,3276.70,0.00,38.6534,38.5635,38.4637,38.3714,40818856,1482036,2638682,40805352.0000,1481892.7500,2637623.5000,-32768,12854,-110
01:27:48,1988.05,38.72,0.00,3276.70,0.00,38.6780,38.5704,38.4856,38.3783,40822269,1482041,2638682,40806808.0000,1481912.2500,2638152.7500,-32768,12854,-110
01:27:51,1993.48,38.73,0.00,3276.70,0.00,38.6780,38.5807,38.4856,38.3886,40822215,1481947,2650039,40808184.0000,1481927.6250,2638961.2500,-32768,12854,-110
01:27:52,1988.05,38.74,0.00,3276.70,0.00,38.6996,38.5911,38.5076,38.3991,40823544,1482010,2650923,40809136.0000,1481935.1250,2639711.0000,-32768,12854,-110
01:27:54,1993.48,38.74,0.00,3276.70,0.00,38.7029,38.5946,38.5109,38.3991,40822450,1481910,2655005,40810032.0000,1481937.1250,2640516.5000,-32768,12854,-110
01:27:56,1988.05,38.74,0.00,3276.70,0.00,38.7094,38.5946,38.5173,38.3991,40826945,1482130,2651470,40811032.0000,1481943.3750,2641321.5000,-32768,12854,-110
01:27:57,1993.48,38.76,0.00,3276.70,0.00,38.7159,38.6084,38.5247,38.4164,40826464,1482077,2652146,40811512.0000,1481947.5000,2641659.7500,-32768,12854,-110
01:27:58,1988.05,38.76,0.00,3276.70,0.00,38.7205,38.6119,38.5284,38.4199,40827481,1482102,2652146,40812380.0000,1481954.2500,2642568.2500,-32768,12854,-110
01:28:00,1988.05,38.76,0.00,3276.70,0.00,38.7279,38.6189,38.5352,38.4269,40828967,1482120,2652680,40813360.0000,1481954.2500,2642568.2500,-32768,12854,-110
01:28:01,1988.05,38.77,0.00,3276.70,0.00,38.7342,38.6259,38.5421,38.4338,40827126,1482077,2653348,40813792.0000,1481961.7500,2643742.0000,-32768,12854,-110
01:28:02,1988.05,38.77,0.00,3276.70,0.00,38.7374,38.6293,38.5421,38.4408,40827447,1481996,2661917,40814632.0000,1481968.8750,2644634.0000,-32768,12854,-110
01:28:04,1988.05,38.78,0.00,3276.70,0.00,38.7490,38.6398,38.5562,38.4477,40832620,1482145,2661917,40815700.0000,1481972.7500,2645447.0000,-32768,12854,-110
01:28:08,1988.05,38.78,0.00,3276.70,0.00,38.7580,38.6398,38.5659,38.4477,40831761,1482145,2657387,40818012.0000,1482010.7500,2645447.0000,-32768,12854,-110
01:28:11,1993.48,38.78,0.00,3276.70,0.00,38.7580,38.6641,38.5659,38.4754,40830549,1481857,2664312,40819244.0000,1482007.8750,2645447.0000,-32768,12854,-110
01:28:13,1988.05,38.81,0.00,3276.70,0.00,38.7813,38.6744,38.5659,38.4857,40834889,1481857,2657198,40820640.0000,1482012.8750,2649159.5000,-32768,12854,-110
01:28:14,1988.05,38.82,0.00,3276.70,0.00,38.7887,38.6813,38.5955,38.4891,40835664,1482219,2664549,40821480.0000,1482016.2500,2649980.7500,-32768,12854,-110
01:28:17,1993.48,38.82,0.00,3276.70,0.00,38.7887,38.6916,38.5955,38.4993,40835664,1482238,2656347,40822812.0000,1482019.8750,2650992.5000,-32768,12854,-110
01:28:18,1988.05,38.83,0.00,3276.70,0.00,38.8049,38.6984,38.6116,38.5060,40839328,1482186,2658768,40823328.0000,1482025.1250,2650992.5000,-32768,12854,-110
01:28:20,1988.05,38.84,0.00,3276.70,0.00,38.8120,38.6984,38.6209,38.5060,40840610,1482250,2661012,40825324.0000,1482057.7500,2652440.2500,-32768,12854,-110
01:28:22,1988.05,38.85,0.00,3276.70,0.00,38.8218,38.7155,38.6273,38.5060,40841822,1482232,2660407,40825840.0000,1482063.1250,2652689.2500,-32768,12854,-110
01:28:24,1988.05,38.85,0.00,3276.70,0.00,38.8218,38.7223,38.6273,38.5329,40842724,1482226,2662864,40827160.0000,1482060.0000,2652689.2500,-32768,12854,-110
01:28:26,1988.05,38.86,0.00,3276.70,0.00,38.8390,38.7325,38.6436,38.5395,40841450,1482253,2662864,40828064.0000,1482079.5000,2652689.2500,-32768,12854,-110
01:28:28,1988.05,38.87,0.00,3276.70,0.00,38.8446,38.7393,38.6500,38.5462,40841920,1482279,2664661,40828908.0000,1482079.5000,2652689.2500,-32768,12854,-110
01:28:43,1988.05,38.89,0.00,3276.70,0.00,38.9054,38.8029,38.7094,38.6087,40859490,1482791,2657692,40839008.0000,1482257.3750,2659513.0000,-32768,12854,-110
01:28:44,1988.05,38.89,0.00,3276.70,0.00,38.9054,38.8029,38.7152,38.6152,40861437,1482683,2668858,40840360.0000,1482290.6250,2659706.7500,-32768,12854,-110
01:28:45,1993.48,38.88,0.00,3276.70,0.00,38.9168,38.8159,38.7207,38.6215,40862999,1482875,2669138,40841728.0000,1482323.7500,2660274.0000,-32768,12854,-110
01:28:48,1988.05,38.88,0.00,3276.70,0.00,38.9210,38.8223,38.7259,38.6278,40863810,1482875,2671322,40841728.0000,1482363.3750,2661348.2500,-32768,12854,-110
01:28:51,1988.05,38.86,0.00,3276.70,0.00,38.9256,38.8223,38.7340,38.6278,40863810,1482950,2660710,40841728.0000,1482406.6250,2661348.2500,-32768,12854,-110
01:28:52,1988.05,38.86,0.00,3276.70,0.00,38.9364,38.8409,38.7409,38.6463,40864395,1482787,2671446,40846788.0000,1482435.7500,2662012.0000,-32768,12854,-110
01:28:54,1993.48,38.87,0.00,3276.70,0.00,38.9388,38.8439,38.7409,38.6524,40864395,1482715,2672700,40848336.0000,1482463.3750,2662982.7500,-32768,12854,-110
01:28:55,1993.48,38.87,0.00,3276.70,0.00,38.9444,38.8500,38.7409,38.6584,40864865,1482796,2669952,40848856.0000,1482473.7500,2663200.5000,-32768,12854,-110
01:28:57,1993.48,38.88,0.00,3276.70,0.00,38.9520,38.8590,38.7574,38.6643,40864984,1482823,2672956,40848856.0000,1482473.7500,2664083.5000,-32768,12854,-110
01:28:59,1993.48,38.89,0.00,3276.70,0.00,38.9520,38.8679,38.7657,38.6732,40869291,1483024,2672956,40851612.0000,1482532.1250,2663875.5000,-32768,12854,-110
01:29:02,1993.48,38.90,0.00,3276.70,0.00,38.9520,38.8768,38.7657,38.6821,40869291,1482881,2674928,40853592.0000,1482569.1250,2665168.0000,-32768,12854,-110
01:29:05,1993.48,38.92,0.00,3276.70,0.00,38.9740,38.8827,38.7805,38.6910,40870404,1482832,2675748,40853592.0000,1482586.1250,2665168.0000,-32768,12854,-110
01:29:06,2004.34,38.93,0.00,3276.70,0.00,38.9833,38.8914,38.7805,38.6910,40870966,1482914,2675059,40855632.0000,1482612.1250,2666656.7500,-32768,12854,-110
01:29:08,2009.78,38.94,0.00,3276.70,0.00,38.9902,38.8974,38.7960,38.7028,40869584,1482907,2672752,40856528.0000,1482612.1250,2666656.7500,-32768,12854,-110
01:29:10,2009.78,38.95,0.00,3276.70,0.00,38.9978,38.9034,38.7960,38.7088,40869584,1482785,2672752,40858440.0000,1482636.6250,2668049.0000,-32768,12854,-110
01:29:13,1993.48,38.96,0.00,3276.70,0.00,38.9978,38.9157,38.7960,38.7210,40876148,1482785,2672752,40858440.0000,1482636.6250,2669227.7500,-32768,12854,-110
01:29:16,1988.05,38.97,0.00,3276.70,0.00,38.9978,38.9279,38.7960,38.7210,40882071,1483249,2679525,40862336.0000,1482712.8750,2670500.5000,-32768,12854,-110
01:29:18,1982.62,38.98,0.00,3276.70,0.00,38.9978,38.9366,38.7960,38.7419,40877884,1483251,2680255,40862336.0000,1482712.8750,2671740.0000,-32768,12854,-110
01:29:20,1988.05,39.00,0.00,3276.70,0.00,39.0284,38.9422,38.8351,38.7419,40876598,1482808,2678781,40864388.0000,1482746.0000,2672576.2500,-32768,12854,-110
01:29:22,2009.78,39.00,0.00,3276.70,0.00,39.0356,38.9504,38.8436,38.7559,40873166,1482680,2679151,40864956.0000,1482747.1250,2672970.2500,-32768,12854,-110
01:29:23,2015.21,39.02,0.00,3276.70,0.00,39.0401,38.9532,38.8475,38.7588,40867659,1482284,2688646,40865040.0000,1482732.6250,2673460.2500,-32768,12854,-110
01:29:24,2009.78,39.02,0.00,3276.70,0.00,39.0499,38.9589,38.8569,38.7646,40870621,1482385,2681236,40865336.0000,1482707.2500,2674190.0000,-32768,12854,-110
01:29:27,2015.21,39.03,0.00,3276.70,0.00,39.0604,38.9650,38.8659,38.7707,40877209,1482531,2682644,40865952.0000,1482707.2500,2674190.0000,-32768,12854,-110
01:29:28,2015.21,39.04,0.00,3276.70,0.00,39.0694,38.9650,38.8787,38.7707,40882647,1482706,2682436,40867820.0000,1482685.6250,2676190.5000,-32768,12854,-110
01:29:30,2009.78,39.05,0.00,3276.70,0.00,39.0820,38.9809,38.8864,38.7707,40883793,1482571,2683044,40868320.0000,1482682.0000,2676404.5000,-32768,12854,-110
01:29:32,2015.21,39.05,0.00,3276.70,0.00,39.0855,38.9841,38.8894,38.7707,40887187,1483143,2681130,40869540.0000,1482682.0000,2676950.0000,-32768,12854,-110
01:29:34,2009.78,39.05,0.00,3276.70,0.00,39.0939,38.9938,38.8998,38.7993,40887114,1482817,2681130,40871104.0000,1482717.0000,2677384.5000,-32768,12854,-110
01:29:35,2009.78,39.07,0.00,3276.70,0.00,39.0992,39.0033,38.9084,38.8089,40889534,1483158,2681130,40872204.0000,1482740.7500,2677412.7500,-32768,12854,-110
01:29:38,2004.34,39.07,0.00,3276.70,0.00,39.1076,39.0033,38.9131,38.8089,40888961,1482770,2687573,40873752.0000,1482747.8750,2678329.0000,-32768,12854,-110
01:29:40,2004.34,39.09,0.00,3276.70,0.00,39.1076,39.0189,38.9131,38.8276,40887669,1482940,2686559,40875040.0000,1482763.8750,2679012.0000,-32768,12854,-110
01:29:41,2004.34,39.10,0.00,3276.70,0.00,39.1242,39.0282,38.9301,38.8338,40886755,1482857,2689361,40875784.0000,1482771.6250,2679585.7500,-32768,12854,-110
01:29:42,2004.34,39.11,0.00,3276.70,0.00,39.1270,39.0313,38.9330,38.8369,40888975,1482882,2679661,40876196.0000,1482775.0000,2679588.0000,-32768,12854,-110
01:29:44,2004.34,39.11,0.00,3276.70,0.00,39.1304,39.0344,38.9330,38.8369,40884665,1482639,2687777,40876792.0000,1482772.1250,2679796.5000,-32768,12854,-110
01:29:45,1998.91,39.12,0.00,3276.70,0.00,39.1364,39.0405,38.9417,38.8461,40885364,1482690,2684808,40877056.0000,1482769.6250,2679953.0000,-32768,12854,-110
01:29:47,2004.34,39.12,0.00,3276.70,0.00,39.1393,39.0436,38.9479,38.8522,40887414,1482956,2684808,40877688.0000,1482771.7500,2680162.5000,-32768,12854,-110
01:29:47,1998.91,39.13,0.00,3276.70,0.00,39.1452,39.0497,38.9517,38.8553,40888418,1482934,2679810,40878024.0000,1482776.7500,2680151.5000,-32768,12854,-110
01:29:49,2004.34,39.13,0.00,3276.70,0.00,39.1479,39.0528,38.9549,38.8614,40888941,1482630,2690482,40878696.0000,1482769.8750,2680771.0000,-32768,12854,-110
01:29:50,2004.34,39.14,0.00,3276.70,0.00,39.1581,39.0620,38.9653,38.8677,40888785,1482581,2689074,40879292.0000,1482760.2500,2681316.7500,-32768,12854,-110
01:29:52,2004.34,39.15,0.00,3276.70,0.00,39.1619,39.0651,38.9715,38.8739,40891537,1482613,2691559,40879944.0000,1482749.2500,2681865.5000,-32768,12854,-110
01:29:54,2004.34,39.15,0.00,3276.70,0.00,39.1719,39.0745,38.9784,38.8802,40892666,1482659,2691822,40880708.0000,1482749.2500,2682945.2500,-32768,12854,-110
01:29:56,1998.91,39.16,0.00,3276.70,0.00,39.1788,39.0807,38.9844,38.8865,40890383,1482214,2691822,40881640.0000,1482711.7500,2683712.7500,-32768,12854,-110
01:29:57,2004.34,39.17,0.00,3276.70,0.00,39.1862,39.0871,38.9918,38.8928,40890383,1482753,2692664,40882184.0000,1482712.5000,2684205.0000,-32768,12854,-110
01:29:59,2004.34,39.17,0.00,3276.70,0.00,39.1943,39.0935,38.9990,38.8992,40890874,1482893,2692824,40882452.0000,1482718.2500,2684474.5000,-32768,12854,-110
01:30:01,2004.34,39.19,0.00,3276.70,0.00,39.2011,39.1000,39.0059,38.9056,40893746,1482585,2692824,40883504.0000,1482711.7500,2685502.0000,-32768,12854,-110
01:30:03,2004.34,39.19,0.00,3276.70,0.00,39.2106,39.1098,39.0159,38.9154,40893666,1482442,2692824,40883504.0000,1482711.7500,2685502.0000,-32768,12854,-110
01:30:05,1998.91,39.20,0.00,3276.70,0.00,39.2175,39.1162,39.0218,38.9218,40894730,1482679,2695173,40884768.0000,1482711.7500,2687451.7500,-32768,12854,-110
01:30:07,1998.91,39.21,0.00,3276.70,0.00,39.2237,39.1227,39.0218,38.9314,40896014,1482634,2696524,40885864.0000,1482689.3750,2688003.2500,-32768,12854,-110
01:30:10,1998.91,39.21,0.00,3276.70,0.00,39.2331,39.1325,39.0218,38.9411,40896014,1482692,2696465,40886740.0000,1482689.0000,2688003.2500,-32768,12854,-110
01:30:12,2004.34,39.23,0.00,3276.70,0.00,39.2331,39.1454,39.0218,38.9540,40900008,1482671,2698024,40888192.0000,1482699.2500,2689775.5000,-32768,12854,-110
01:30:15,1998.91,39.23,0.00,3276.70,0.00,39.2533,39.1454,39.0609,38.9540,40900284,1482671,2698814,40888192.0000,1482691.6250,2690814.7500,-32768,12854,-110
01:30:17,1998.91,39.25,0.00,3276.70,0.00,39.2657,39.1649,39.0609,38.9540,40902413,1482734,2699521,40890360.0000,1482691.1250,2691307.2500,-32768,12854,-110
01:30:18,1998.91,39.25,0.00,3276.70,0.00,39.2723,39.1714,39.0769,38.9765,40902376,1482617,2699906,40890736.0000,1482688.8750,2691576.0000,-32768,12854,-110
01:30:20,2004.34,39.26,0.00,3276.70,0.00,39.2792,39.1778,39.0839,38.9830,40902376,1482706,2701014,40891960.0000,1482688.8750,2691988.5000,-32768,12854,-110
01:30:22,1998.91,39.27,0.00,3276.70,0.00,39.2860,39.1844,39.0900,38.9830,40903125,1482679,2702299,40892684.0000,1482701.5000,2692664.2500,-32768,12854,-110
01:30:23,1998.91,39.27,0.00,3276.70,0.00,39.2923,39.1909,39.0964,38.9830,40904284,1482900,2701722,40893364.0000,1482711.3750,2693269.7500,-32768,12854,-110
01:30:24,1998.91,39.27,0.00,3276.70,0.00,39.2980,39.1973,39.1023,39.0023,40903918,1482690,2702270,40893696.0000,1482709.0000,2693775.2500,-32768,12854,-110
01:30:26,1998.91,39.28,0.00,3276.70,0.00,39.3039,39.2038,39.1085,39.0023,40903918,1482941,2702197,40894864.0000,1482715.1250,2694275.5000,-32768,12854,-110
01:30:28,1998.91,39.30,0.00,3276.70,0.00,39.3104,39.2102,39.1154,39.0151,40906395,1483107,2702530,40894864.0000,1482731.0000,2694831.7500,-32768,12854,-110
01:30:30,1998.91,39.30,0.00,3276.70,0.00,39.3200,39.2102,39.1241,39.0151,40907548,1482655,2705699,40896688.0000,1482726.0000,2695709.2500,-32768,12854,-110
01:30:33,1998.91,39.31,0.00,3276.70,0.00,39.3200,39.2294,39.1241,39.0374,40909606,1482706,2703733,40897728.0000,1482727.7500,2696501.0000,-32768,12854,-110
01:30:34,1998.91,39.32,0.00,3276.70,0.00,39.3355,39.2358,39.1399,39.0406,40909865,1482756,2713425,40898472.0000,1482728.0000,2697269.5000,-32768,12854,-110
01:30:36,1998.91,39.32,0.00,3276.70,0.00,39.3387,39.2358,39.1463,39.0470,40910806,1482752,2713389,40898856.0000,1482728.7500,2697773.2500,-32768,12854,-110
01:30:36,1998.91,39.33,0.00,3276.70,0.00,39.3449,39.2454,39.1492,39.0502,40910441,1482737,2705829,40899216.0000,1482729.0000,2698025.0000,-32768,12854,-110
01:30:38,2004.34,39.33,0.00,3276.70,0.00,39.3480,39.2486,39.1492,39.0502,40912117,1482737,2705829,40900336.0000,1482729.2500,2698580.5000,-32768,12854,-110
01:30:41,1998.91,39.34,0.00,3276.70,0.00,39.3480,39.2613,39.1643,39.0659,40910380,1482691,2706645,40900988.0000,1482724.1250,2698580.5000,-32768,12854,-110
01:30:43,1998.91,39.35,0.00,3276.70,0.00,39.3480,39.2708,39.1643,39.0754,40913945,1482455,2711150,40902564.0000,1482714.7500,2698580.5000,-32768,12854,-110
01:30:45,2004.34,39.36,0.00,3276.70,0.00,39.3762,39.2708,39.1834,39.0849,40915294,1482657,2709161,40903332.0000,1482710.0000,2701040.5000,-32768,12854,-110
01:30:47,1998.91,39.37,0.00,3276.70,0.00,39.3826,39.2834,39.1863,39.0880,40914425,1482638,2709161,40903332.0000,1482706.3750,2701040.5000,-32768,12854,-110
01:30:48,1998.91,39.37,0.00,3276.70,0.00,39.3892,39.2898,39.1927,39.0944,40916505,1482682,2718831,40904404.0000,1482705.6250,2702292.7500,-32768,12854,-110
01:30:49,1998.91,39.38,0.00,3276.70,0.00,39.3950,39.2898,39.1990,39.1007,40918095,1482823,2710623,40905696.0000,1482715.6250,2703032.7500,-32768,12854,-110
01:30:52,1998.91,39.38,0.00,3276.70,0.00,39.4009,39.2898,39.1990,39.1070,40917318,1482791,2711204,40905696.0000,1482715.6250,2703032.7500,-32768,12854,-110
01:30:53,1998.91,39.39,0.00,3276.70,0.00,39.4074,39.3088,39.2117,39.1134,40919316,1482709,2711945,40907184.0000,1482721.5000,2704048.7500,-32768,12854,-110
01:30:54,1998.91,39.39,0.00,3276.70,0.00,39.4134,39.3088,39.2180,39.1134,40919493,1483073,2703228,40907904.0000,1482737.0000,2704301.0000,-32768,12854,-110
01:30:57,1998.91,39.40,0.00,3276.70,0.00,39.4198,39.3088,39.2273,39.1134,40919542,1482734,2709431,40908972.0000,1482749.2500,2704728.0000,-32768,12854,-110
01:30:58,1998.91,39.41,0.00,3276.70,0.00,39.4291,39.3309,39.2331,39.1354,40920234,1482880,2705234,40909692.0000,1482750.1250,2704991.2500,-32768,12854,-110
01:30:59,1998.91,39.41,0.00,3276.70,0.00,39.4323,39.3372,39.2395,39.1417,40921530,1483009,2702882,40910064.0000,1482758.2500,2704925.2500,-32768,12854,-110
01:31:01,1998.91,39.42,0.00,3276.70,0.00,39.4371,39.3403,39.2427,39.1448,40921530,1483009,2715036,40910784.0000,1482764.5000,2705499.7500,-32768,12854,-110
01:31:02,1998.91,39.42,0.00,3276.70,0.00,39.4403,39.3434,39.2459,39.1511,40921257,1482704,2714160,40911108.0000,1482762.6250,2705770.2500,-32768,12854,-110
01:31:04,1998.91,39.42,0.00,3276.70,0.00,39.4463,39.3496,39.2521,39.1542,40922352,1482660,2714160,40911108.0000,1482759.8750,2706114.0000,-32768,12854,-110
01:31:05,1998.91,39.43,0.00,3276.70,0.00,39.4515,39.3558,39.2606,39.1636,40925019,1482798,2716505,40912648.0000,1482763.5000,2706736.5000,-32768,12854,-110
01:31:06,1998.91,39.44,0.00,3276.70,0.00,39.4574,39.3619,39.2631,39.1666,40924709,1482742,2716809,40913024.0000,1482762.7500,2707051.2500,-32768,12854,-110
01:31:07,1998.91,39.44,0.00,3276.70,0.00,39.4606,39.3619,39.2694,39.1728,40926022,1482487,2723185,40913784.0000,1482750.1250,2707995.5000,-32768,12854,-110
01:31:10,1998.91,39.45,0.00,3276.70,0.00,39.4666,39.3619,39.2754,39.1728,40928093,1482814,2723185,40913784.0000,1482753.3750,2707995.5000,-32768,12854,-110
01:31:12,1998.91,39.46,0.00,3276.70,0.00,39.4666,39.3833,39.2842,39.1882,40928245,1482753,2720311,40915836.0000,1482755.2500,2709411.0000,-32768,12854,-110
01:31:14,1998.91,39.47,0.00,3276.70,0.00,39.4851,39.3833,39.2934,39.1882,40929656,1482741,2719184,40916960.0000,1482759.6250,2710285.0000,-32768,12854,-110
01:31:16,2004.34,39.48,0.00,3276.70,0.00,39.4950,39.3833,39.3000,39.1882,40930401,1482905,2719103,40918196.0000,1482748.8750,2711830.0000,-32768,12854,-110
01:31:18,1998.91,39.49,0.00,3276.70,0.00,39.5009,39.4049,39.3060,39.2098,40930619,1482900,2718030,40918584.0000,1482753.6250,2711830.0000,-32768,12854,-110
01:31:19,1998.91,39.49,0.00,3276.70,0.00,39.5066,39.4110,39.3118,39.2160,40930468,1482695,2718030,40919668.0000,1482746.8750,2712912.5000,-32768,12854,-110
01:31:22,1998.91,39.49,0.00,3276.70,0.00,39.5066,39.4202,39.3118,39.2252,40931456,1482887,2721903,40920368.0000,1482751.3750,2712912.5000,-32768,12854,-110
01:31:24,1998.91,39.51,0.00,3276.70,0.00,39.5218,39.4202,39.3118,39.2343,40934227,1482611,2734104,40921528.0000,1482748.7500,2712912.5000,-32768,12854,-110
01:31:25,1998.91,39.51,0.00,3276.70,0.00,39.5274,39.4323,39.3325,39.2373,40935188,1482853,2722344,40921956.0000,1482752.0000,2715228.7500,-32768,12854,-110
01:31:26,1998.91,39.51,0.00,3276.70,0.00,39.5305,39.4384,39.3382,39.2434,40936445,1482834,2722344,40921956.0000,1482762.6250,2715458.7500,-32768,12854,-110
01:31:28,1998.91,39.52,0.00,3276.70,0.00,39.5393,39.4445,39.3436,39.2495,40933407,1482834,2724026,40923848.0000,1482750.5000,2716272.7500,-32768,12854,-110
01:31:30,1998.91,39.53,0.00,3276.70,0.00,39.5416,39.4445,39.3494,39.2495,40936242,1482749,2723276,40924600.0000,1482752.0000,2716730.5000,-32768,12854,-110
01:31:32,1998.91,39.53,0.00,3276.70,0.00,39.5503,39.4566,39.3553,39.2615,40937078,1482778,2723276,40924600.0000,1482752.0000,2717908.5000,-32768,12854,-110
01:31:36,1998.91,39.54,0.00,3276.70,0.00,39.5503,39.4685,39.3553,39.2764,40937078,1482662,2735918,40927096.0000,1482752.7500,2718786.7500,-32768,12854,-110
01:31:38,1998.91,39.55,0.00,3276.70,0.00,39.5731,39.4804,39.3777,39.2854,40940444,1482825,2723830,40927880.0000,1482755.8750,2719175.0000,-32768,12854,-110
01:31:40,1998.91,39.56,0.00,3276.70,0.00,39.5731,39.4893,39.3777,39.2943,40940540,1482750,2727188,40929432.0000,1482755.8750,2720088.7500,-32768,12854,-110
01:31:42,1998.91,39.57,0.00,3276.70,0.00,39.5877,39.4953,39.3920,39.3001,40940540,1482820,2727160,40930168.0000,1482757.3750,2720541.2500,-32768,12854,-110
01:31:43,1998.91,39.57,0.00,3276.70,0.00,39.5932,39.5012,39.3977,39.3060,40940796,1482606,2736742,40930500.0000,1482752.6250,2721047.5000,-32768,12854,-110
01:31:44,1998.91,39.58,0.00,3276.70,0.00,39.5991,39.5071,39.4034,39.3118,40944178,1482895,2729003,40931288.0000,1482752.6250,2721858.0000,-32768,12854,-110
01:31:46,1998.91,39.58,0.00,3276.70,0.00,39.6044,39.5130,39.4091,39.3177,40943889,1482720,2728064,40932072.0000,1482752.6250,2722339.7500,-32768,12854,-110
01:31:48,1998.91,39.59,0.00,3276.70,0.00,39.6095,39.5188,39.4141,39.3235,40943877,1482779,2728064,40933160.0000,1482756.2500,2722839.2500,-32768,12854,-110
01:31:50,1998.91,39.59,0.00,3276.70,0.00,39.6151,39.5188,39.4141,39.3322,40942995,1482716,2729896,40933752.0000,1482753.5000,2723297.5000,-32768,12854,-110
01:31:53,1998.91,39.59,0.00,3276.70,0.00,39.6151,39.5332,39.4141,39.3408,40942995,1482790,2728816,40935100.0000,1482754.8750,2724716.5000,-32768,12854,-110
01:31:54,1998.91,39.61,0.00,3276.70,0.00,39.6309,39.5419,39.4353,39.3465,40945825,1482722,2732105,40935436.0000,1482753.8750,2724947.5000,-32768,12854,-110
01:31:56,1998.91,39.61,0.00,3276.70,0.00,39.6339,39.5447,39.4353,39.3522,40947025,1482700,2734139,40936152.0000,1482751.5000,2724947.5000,-32768,12854,-110
01:31:58,1998.91,39.61,0.00,3276.70,0.00,39.6384,39.5447,39.4453,39.3522,40947035,1482920,2732842,40937184.0000,1482760.7500,2724947.5000,-32768,12854,-110
01:31:59,1998.91,39.61,0.00,3276.70,0.00,39.6472,39.5589,39.4506,39.3634,40950028,1482775,2740774,40937588.0000,1482760.7500,2727003.7500,-32768,12854,-110
01:32:02,1998.91,39.63,0.00,3276.70,0.00,39.6472,39.5673,39.4589,39.3718,40950254,1482901,2724881,40938784.0000,1482767.6250,2727003.7500,-32768,12854,-110
01:32:03,1998.91,39.63,0.00,3276.70,0.00,39.6597,39.5673,39.4634,39.3718,40950765,1482831,2742774,40939868.0000,1482769.1250,2727926.2500,-32768,12854,-110
01:32:06,1998.91,39.64,0.00,3276.70,0.00,39.6597,39.5812,39.4634,39.3882,40952926,1482971,2734448,40941000.0000,1482782.5000,2728467.0000,-32768,12854,-110
01:32:07,1998.91,39.65,0.00,3276.70,0.00,39.6723,39.5866,39.4779,39.3936,40954920,1483007,2741249,40941836.0000,1482796.8750,2729221.0000,-32768,12854,-110
01:32:10,1993.48,39.65,0.00,3276.70,0.00,39.6771,39.5866,39.4832,39.3936,40953991,1483046,2736266,40942916.0000,1482811.6250,2729814.5000,-32768,12854,-110
01:32:12,1998.91,39.65,0.00,3276.70,0.00,39.6771,39.6029,39.4896,39.4070,40954440,1482876,2740309,40943624.0000,1482816.3750,2730616.0000,-32768,12854,-110
01:32:14,1998.91,39.67,0.00,3276.70,0.00,39.6915,39.6082,39.4946,39.4123,40956708,1482838,2736223,40944384.0000,1482817.0000,2730791.2500,-32768,12854,-110
01:32:16,1998.91,39.67,0.00,3276.70,0.00,39.6964,39.6136,39.4998,39.4175,40955998,1482825,2736985,40945092.0000,1482823.7500,2731383.7500,-32768,12854,-110
01:32:18,1998.91,39.68,0.00,3276.70,0.00,39.6964,39.6215,39.5067,39.4253,40957080,1482920,2737189,40946172.0000,1482830.7500,2731383.7500,-32768,12854,-110
01:32:20,1998.91,39.68,0.00,3276.70,0.00,39.7085,39.6215,39.5067,39.4331,40957080,1482984,2737150,40947688.0000,1482847.5000,2732840.5000,-32768,12854,-110
01:32:23,1998.91,39.69,0.00,3276.70,0.00,39.7085,39.6371,39.5067,39.4432,40957080,1483087,2739129,40948928.0000,1482867.1250,2733339.7500,-32768,12854,-110
01:32:25,1998.91,39.69,0.00,3276.70,0.00,39.7246,39.6448,39.5277,39.4483,40961048,1483161,2738698,40949668.0000,1482883.5000,2733759.5000,-32768,12854,-110
01:32:27,1998.91,39.70,0.00,3276.70,0.00,39.7293,39.6448,39.5319,39.4483,40962398,1482794,2749794,40950744.0000,1482889.3750,2734552.0000,-32768,12854,-110
01:32:30,1998.91,39.71,0.00,3276.70,0.00,39.7293,39.6575,39.5319,39.4633,40962398,1482967,2740523,40951888.0000,1482889.3750,2735476.7500,-32768,12854,-110
01:32:32,1982.62,39.72,0.00,3276.70,0.00,39.7427,39.6650,39.5446,39.4682,40963713,1483113,2741415,40951888.0000,1482909.6250,2735852.5000,-32768,12854,-110
01:32:33,1977.19,39.72,0.00,3276.70,0.00,39.7456,39.6698,39.5480,39.4730,40969905,1483340,2741415,40954192.0000,1482939.3750,2736301.0000,-32768,12854,-110
01:32:35,1966.33,39.72,0.00,3276.70,0.00,39.7459,39.6745,39.5495,39.4777,40969905,1483593,2742080,40955336.0000,1482976.2500,2736664.5000,-32768,12854,-110
01:32:35,1960.90,39.72,0.00,3276.70,0.00,39.7457,39.6789,39.5496,39.4821,40972037,1483581,2740977,40955856.0000,1482995.1250,2736799.5000,-32768,12854,-110
01:32:38,1944.61,39.73,0.00,3276.70,0.00,39.7451,39.6789,39.5487,39.4821,40970564,1483572,2740833,40956784.0000,1482995.1250,2736799.5000,-32768,12854,-110
01:32:42,1922.88,39.73,0.00,3276.70,0.00,39.7451,39.6881,39.5487,39.4934,40970564,1483755,2740833,40956784.0000,1482995.1250,2737799.7500,-32768,12854,-110
01:32:44,1912.02,39.73,0.00,3276.70,0.00,39.7416,39.6943,39.5509,39.4986,40969153,1483675,2740833,40956784.0000,1483182.1250,2738079.7500,-32768,12854,-110
01:32:46,1906.59,39.74,0.00,3276.70,0.00,39.7414,39.6985,39.5508,39.5032,40968887,1483693,2740833,40960300.0000,1483224.5000,2738458.5000,-32768,12854,-110
01:32:47,1901.16,39.74,0.00,3276.70,0.00,39.7418,39.7011,39.5511,39.5062,40965788,1483540,2742395,40960472.0000,1483234.3750,2738581.5000,-32768,12854,-110
01:32:48,1890.30,39.74,0.00,3276.70,0.00,39.7418,39.7023,39.5509,39.5075,40964594,1483482,2741110,40960728.0000,1483252.1250,2738742.2500,-32768,12854,-110
01:32:50,1868.58,39.74,0.00,3276.70,0.00,39.7408,39.7023,39.5495,39.5075,40964602,1483717,2740807,40961004.0000,1483278.6250,2738860.2500,-32768,12854,-110
01:32:52,1857.72,39.74,0.00,3276.70,0.00,39.7353,39.7076,39.5459,39.5134,40965752,1483771,2740807,40961412.0000,1483321.3750,2739101.0000,-32768,12854,-110
01:32:55,1846.86,39.74,0.00,3276.70,0.00,39.7312,39.7091,39.5428,39.5152,40965752,1483824,2740807,40961512.0000,1483321.3750,2739280.7500,-32768,12854,-110
01:32:56,1819.70,39.74,0.00,3276.70,0.00,39.7259,39.7107,39.5361,39.5173,40959541,1483698,2738183,40961412.0000,1483321.3750,2739236.2500,-32768,12854,-110
01:32:59,1792.55,39.73,0.00,3276.70,0.00,39.7259,39.7117,39.5361,39.5188,40958512,1483863,2738800,40961248.0000,1483432.1250,2739316.2500,-32768,12854,-110
01:33:01,1770.83,39.73,0.00,3276.70,0.00,39.7259,39.7119,39.5202,39.5189,40958249,1483736,2738498,40961012.0000,1483450.8750,2739281.2500,-32768,12854,-110
01:33:04,1738.24,39.72,0.00,3276.70,0.00,39.7064,39.7119,39.5146,39.5189,40958249,1483689,2738498,40960060.0000,1483485.6250,2739162.2500,-32768,12854,-110
01:33:06,1721.95,39.71,0.00,3276.70,0.00,39.6949,39.7101,39.5032,39.5173,40946805,1483644,2737990,40959312.0000,1483498.1250,2739093.5000,-32768,12854,-110
01:33:07,1711.09,39.70,0.00,3276.70,0.00,39.6871,39.7088,39.4966,39.5173,40945818,1483791,2737355,40958444.0000,1483512.5000,2739093.5000,-32768,12854,-110
01:33:09,1689.37,39.69,0.00,3276.70,0.00,39.6801,39.7071,39.4902,39.5145,40944416,1483602,2736853,40957640.0000,1483522.1250,2738862.2500,-32768,12854,-110
01:33:12,1667.64,39.69,0.00,3276.70,0.00,39.6801,39.7040,39.4813,39.5117,40942108,1483770,2736853,40957640.0000,1483522.1250,2738482.2500,-32768,12854,-110
01:33:13,1651.35,39.67,0.00,3276.70,0.00,39.6641,39.7016,39.4748,39.5117,40939964,1483744,2736853,40954800.0000,1483561.8750,2738260.2500,-32768,12854,-110
01:33:16,1629.63,39.67,0.00,3276.70,0.00,39.6641,39.6974,39.4748,39.5041,40939486,1483959,2733411,40954800.0000,1483561.8750,2737653.5000,-32768,12854,-110
01:33:20,1580.75,39.64,0.00,3276.70,0.00,39.6641,39.6904,39.4748,39.4973,40939486,1483865,2733411,40951204.0000,1483622.8750,2736956.5000,-32768,12854,-110
01:33:22,1537.31,39.62,0.00,3276.70,0.00,39.6151,39.6904,39.4227,39.4973,40935264,1484044,2730164,40949864.0000,1483659.7500,2736354.7500,-32768,12854,-110
01:33:24,1510.16,39.61,0.00,3276.70,0.00,39.5954,39.6766,39.4099,39.4973,40935264,1483929,2729380,40948584.0000,1483678.6250,2735938.0000,-32768,12854,-110
01:33:26,1488.43,39.60,0.00,3276.70,0.00,39.5954,39.6648,39.4099,39.4750,40916469,1483831,2724888,40945264.0000,1483693.7500,2734779.2500,-32768,12854,-110
01:33:29,1483.00,39.59,0.00,3276.70,0.00,39.5954,39.6550,39.3665,39.4656,40911481,1483489,2723870,40943272.0000,1483688.1250,2734779.2500,-32768,12854,-110
01:33:31,1515.59,39.58,0.00,3276.70,0.00,39.5506,39.6518,39.3626,39.4591,40910695,1483304,2723870,40941296.0000,1483688.1250,2733109.7500,-32768,12854,-110
01:33:33,1548.17,39.57,0.00,3276.70,0.00,39.5500,39.6518,39.3626,39.4529,40910695,1482432,2721476,40937916.0000,1483582.1250,2732411.0000,-32768,12854,-110
01:33:34,1559.03,39.56,0.00,3276.70,0.00,39.5687,39.6350,39.3626,39.4529,40905911,1482253,2721011,40935848.0000,1483500.0000,2731713.0000,-32768,12854,-110
01:33:36,1564.46,39.56,0.00,3276.70,0.00,39.5759,39.6331,39.3766,39.4529,40916369,1482698,2723250,40934472.0000,1483441.7500,2731151.2500,-32768,12854,-110
01:33:38,1559.03,39.55,0.00,3276.70,0.00,39.5925,39.6289,39.3876,39.4377,40929738,1483274,2726053,40933980.0000,1483441.7500,2731151.2500,-32768,12854,-110
01:33:40,1559.03,39.54,0.00,3276.70,0.00,39.5999,39.6289,39.3959,39.4377,40942355,1483541,2727718,40934460.0000,1483432.3750,2730456.5000,-32768,12854,-110
01:33:42,1564.46,39.54,0.00,3276.70,0.00,39.6080,39.6250,39.3959,39.4314,40948148,1483796,2728945,40935724.0000,1483455.0000,2730271.2500,-32768,12854,-110
01:33:44,1586.18,39.54,0.00,3276.70,0.00,39.6111,39.6250,39.4046,39.4314,40953468,1483874,2729797,40936776.0000,1483484.2500,2730223.5000,-32768,12854,-110
01:33:46,1613.34,39.53,0.00,3276.70,0.00,39.6179,39.6232,39.4096,39.4275,40949794,1483622,2729988,40937632.0000,1483494.5000,2730216.2500,-32768,12854,-110
01:33:48,1651.35,39.53,0.00,3276.70,0.00,39.6247,39.6232,39.4158,39.4275,40952054,1483416,2729988,40939416.0000,1483490.3750,2730274.7500,-32768,12854,-110
01:33:50,1683.94,39.53,0.00,3276.70,0.00,39.6377,39.6240,39.4269,39.4263,40957211,1483380,2731509,40939976.0000,1483487.0000,2730274.7500,-32768,12854,-110
01:33:51,1716.52,39.53,0.00,3276.70,0.00,39.6432,39.6240,39.4359,39.4267,40960148,1483212,2732083,40941176.0000,1483471.5000,2730407.0000,-32768,12854,-110
01:33:54,1787.12,39.53,0.00,3276.70,0.00,39.6432,39.6273,39.4359,39.4284,40971665,1483212,2732083,40944516.0000,1483450.1250,2730774.0000,-32768,12854,-110
01:33:56,1830.56,39.53,0.00,3276.70,0.00,39.6760,39.6312,39.4613,39.4303,40976537,1483213,2734759,40945516.0000,1483450.1250,2730774.0000,-32768,12854,-110
01:33:58,1857.72,39.53,0.00,3276.70,0.00,39.6851,39.6312,39.4735,39.4303,40983395,1483306,2736056,40949736.0000,1483421.0000,2731415.7500,-32768,12854,-110
01:33:59,1874.01,39.52,0.00,3276.70,0.00,39.6928,39.6394,39.4792,39.4365,40986728,1483436,2738372,40950896.0000,1483421.5000,2731633.0000,-32768,12854,-110
01:34:03,1933.75,39.52,0.00,3276.70,0.00,39.6957,39.6394,39.4859,39.4365,40992996,1483436,2737448,40956800.0000,1483470.6250,2732536.5000,-32768,12854,-110
01:34:05,1966.33,39.50,0.00,3276.70,0.00,39.7029,39.6494,39.4916,39.4452,40996554,1484012,2738696,40956800.0000,1483507.2500,2732536.5000,-32768,12854,-110
01:34:06,1993.48,39.50,0.00,3276.70,0.00,39.7083,39.6529,39.4963,39.4482,40996866,1484040,2737872,40961612.0000,1483537.7500,2733248.5000,-32768,12854,-110
01:34:07,2031.50,39.50,0.00,3276.70,0.00,39.7156,39.6566,39.5030,39.4514,40997733,1484019,2740429,40962744.0000,1483552.7500,2733473.0000,-32768,12854,-110
01:34:09,2074.94,39.49,0.00,3276.70,0.00,39.7223,39.6605,39.5088,39.4548,41000096,1483909,2737889,40965016.0000,1483577.7500,2733800.7500,-32768,12854,-110
01:34:12,2112.96,39.49,0.00,3276.70,0.00,39.7223,39.6666,39.5088,39.4602,41000096,1483894,2737889,40970652.0000,1483637.6250,2734645.0000,-32768,12854,-110
01:34:14,2129.25,39.47,0.00,3276.70,0.00,39.7353,39.6727,39.5211,39.4656,41010705,1484449,2740648,40971904.0000,1483691.3750,2735044.7500,-32768,12854,-110
01:34:16,2140.11,39.47,0.00,3276.70,0.00,39.7341,39.6727,39.5204,39.4706,41013107,1484518,2741823,40971904.0000,1483741.6250,2735461.0000,-32768,12854,-110
01:34:18,2161.83,39.46,0.00,3276.70,0.00,39.7310,39.6814,39.5190,39.4736,41016122,1484749,2741719,40978008.0000,1483801.5000,2735842.0000,-32768,12854,-110
01:34:19,2167.26,39.45,0.00,3276.70,0.00,39.7292,39.6844,39.5183,39.4762,41013982,1484806,2740640,40980272.0000,1483864.3750,2736164.7500,-32768,12854,-110
01:34:22,2188.99,39.44,0.00,3276.70,0.00,39.7292,39.6870,39.5183,39.4799,41013718,1485010,2739712,40983168.0000,1483956.5000,2736534.2500,-32768,12854,-110
01:34:23,2210.71,39.44,0.00,3276.70,0.00,39.7236,39.6903,39.5136,39.4820,41013688,1485098,2740753,40985072.0000,1484026.6250,2736769.0000,-32768,12854,-110
01:34:25,2237.86,39.44,0.00,3276.70,0.00,39.7224,39.6913,39.5136,39.4838,41013688,1485051,2740614,40986712.0000,1484091.2500,2736986.2500,-32768,12854,-110
01:34:27,2248.72,39.41,0.00,3276.70,0.00,39.7213,39.6913,39.5118,39.4855,41009377,1485012,2739178,40988840.0000,1484169.3750,2737180.0000,-32768,12854,-110
01:34:29,2227.00,39.40,0.00,3276.70,0.00,39.7195,39.6913,39.5078,39.4855,41018829,1485653,2740746,40990552.0000,1484300.0000,2737477.5000,-32768,12854,-110
01:34:31,2199.85,39.40,0.00,3276.70,0.00,39.7079,39.6971,39.4999,39.4884,41026315,1486140,2739967,40992652.0000,1484300.0000,2737637.5000,-32768,12854,-110
01:34:33,2178.13,39.38,0.00,3276.70,0.00,39.6952,39.6971,39.4999,39.4883,41026586,1486140,2739223,40996716.0000,1484624.8750,2737776.5000,-32768,12854,-110
01:34:36,2123.82,39.36,0.00,3276.70,0.00,39.6952,39.6943,39.4584,39.4862,41026586,1486914,2737109,40996716.0000,1484822.6250,2737803.2500,-32768,12854,-110
01:34:38,2102.10,39.34,0.00,3276.70,0.00,39.6289,39.6894,39.4287,39.4819,41017695,1487199,2735716,41000000.0000,1484967.7500,2737642.7500,-32768,12854,-110
01:34:39,2085.80,39.34,0.00,3276.70,0.00,39.6050,39.6845,39.4090,39.4777,41008009,1486901,2733026,41000620.0000,1485090.1250,2737498.5000,-32768,12854,-110
01:34:40,2058.65,39.33,0.00,3276.70,0.00,39.5939,39.6816,39.4090,39.4726,40997840,1486751,2729908,41000580.0000,1485196.1250,2737089.5000,-32768,12854,-110
01:34:42,2036.93,39.33,0.00,3276.70,0.00,39.5752,39.6753,39.3834,39.4698,40988742,1486616,2726752,40999948.0000,1485284.8750,2736508.0000,-32768,12854,-110
01:34:45,1982.62,39.31,0.00,3276.70,0.00,39.5752,39.6681,39.3834,39.4601,40982799,1486866,2725956,40998944.0000,1485284.8750,2735557.7500,-32768,12854,-110
01:34:46,1944.61,39.29,0.00,3276.70,0.00,39.5202,39.6681,39.3200,39.4601,40970250,1486631,2723212,40996760.0000,1485495.0000,2734866.0000,-32768,12854,-110
01:34:48,1922.88,39.29,0.00,3276.70,0.00,39.4865,39.6411,39.2970,39.4394,40963969,1486507,2723212,40993696.0000,1485586.2500,2733444.7500,-32768,12854,-110
01:34:51,1890.30,39.29,0.00,3276.70,0.00,39.4649,39.6411,39.2662,39.4394,40948274,1486076,2715336,40989860.0000,1485635.5000,2731925.2500,-32768,12854,-110
01:34:53,1857.72,39.27,0.00,3276.70,0.00,39.4649,39.6079,39.2662,39.4084,40943970,1485799,2714685,40987080.0000,1485651.3750,2731925.2500,-32768,12854,-110
01:34:57,1781.69,39.25,0.00,3276.70,0.00,39.4018,39.6079,39.2662,39.3917,40943970,1485787,2714685,40979928.0000,1485676.2500,2728206.5000,-32768,12854,-110
01:34:59,1711.09,39.24,0.00,3276.70,0.00,39.3784,39.6079,39.1830,39.3917,40930562,1485879,2714685,40979928.0000,1485690.0000,2726360.7500,-32768,12854,-110
01:35:02,1651.35,39.22,0.00,3276.70,0.00,39.3467,39.5450,39.1461,39.3494,40930562,1485498,2700623,40971912.0000,1485690.0000,2726360.7500,-32768,12854,-110
01:35:03,1618.77,39.21,0.00,3276.70,0.00,39.3111,39.5309,39.1209,39.3494,40894947,1485033,2701848,40965524.0000,1485637.2500,2722774.2500,-32768,12854,-110
01:35:05,1564.46,39.20,0.00,3276.70,0.00,39.2787,39.5309,39.0884,39.3494,40875361,1484603,2696961,40958028.0000,1485569.1250,2719993.0000,-32768,12854,-110
01:35:07,1531.88,39.20,0.00,3276.70,0.00,39.2465,39.4859,39.0567,39.2916,40868876,1484349,2694675,40952680.0000,1485498.6250,2718461.7500,-32768,12854,-110
01:35:09,1493.86,39.20,0.00,3276.70,0.00,39.2285,39.4703,39.0386,39.2762,40855648,1483888,2685854,40946808.0000,1485498.6250,2715648.2500,-32768,12854,-110
01:35:12,1477.57,39.16,0.00,3276.70,0.00,39.2141,39.4547,39.0386,39.2533,40855648,1483319,2697070,40946808.0000,1485168.6250,2713534.0000,-32768,12854,-110
01:35:14,1483.00,39.14,0.00,3276.70,0.00,39.2141,39.4244,39.0056,39.2311,40838671,1483123,2687208,40928620.0000,1485042.3750,2712139.0000,-32768,12854,-110
01:35:16,1510.16,39.13,0.00,3276.70,0.00,39.1932,39.4101,39.0056,39.2311,40837514,1482475,2687208,40920448.0000,1484840.1250,2710139.2500,-32768,12854,-110
01:35:18,1521.02,39.13,0.00,3276.70,0.00,39.2015,39.3908,39.0123,39.1981,40843548,1482519,2687517,40913088.0000,1484840.1250,2708292.5000,-32768,12854,-110
01:35:21,1531.88,39.13,0.00,3276.70,0.00,39.2015,39.3745,39.0123,39.1773,40858154,1482519,2690540,40906220.0000,1484387.0000,2706664.2500,-32768,12854,-110
01:35:23,1531.88,39.13,0.00,3276.70,0.00,39.2377,39.3615,39.0402,39.1687,40868051,1483026,2690438,40905028.0000,1484344.5000,2706157.2500,-32768,12854,-110
01:35:24,1531.88,39.13,0.00,3276.70,0.00,39.2472,39.3510,39.0521,39.1577,40882307,1483350,2703270,40902512.0000,1484246.0000,2705601.5000,-32768,12854,-110
01:35:26,1531.88,39.13,0.00,3276.70,0.00,39.2545,39.3480,39.0555,39.1577,40885448,1483599,2694058,40901980.0000,1484225.7500,2705241.0000,-32768,12854,-110
01:35:27,1531.88,39.13,0.00,3276.70,0.00,39.2569,39.3451,39.0586,39.1514,40886041,1483599,2695660,40901980.0000,1484187.8750,2704675.2500,-32768,12854,-110
01:35:29,1531.88,39.14,0.00,3276.70,0.00,39.2615,39.3399,39.0639,39.1460,40887720,1483401,2695660,40900296.0000,1484187.8750,2704724.2500,-32768,12854,-110
01:35:30,1531.88,39.14,0.00,3276.70,0.00,39.2675,39.3330,39.0698,39.1388,40894456,1483671,2697118,40899872.0000,1484113.1250,2704239.7500,-32768,12854,-110
01:35:34,1531.88,39.14,0.00,3276.70,0.00,39.2707,39.3330,39.0752,39.1388,40897494,1483850,2696026,40899376.0000,1484060.3750,2703886.2500,-32768,12854,-110
01:35:36,1531.88,39.15,0.00,3276.70,0.00,39.2707,39.3225,39.0752,39.1262,40902024,1483799,2708120,40899532.0000,1484047.7500,2703653.5000,-32768,12854,-110
01:35:37,1531.88,39.15,0.00,3276.70,0.00,39.2796,39.3184,39.0809,39.1233,40904149,1483972,2698676,40899760.0000,1484038.7500,2703567.7500,-32768,12854,-110
01:35:39,1537.31,39.15,0.00,3276.70,0.00,39.2808,39.3171,39.0818,39.1220,40905672,1484069,2698131,40900176.0000,1484042.7500,2703216.7500,-32768,12854,-110
01:35:41,1580.75,39.15,0.00,3276.70,0.00,39.2850,39.3151,39.0862,39.1196,40904296,1483843,2710068,40900304.0000,1484042.7500,2703216.7500,-32768,12854,-110
01:35:42,1607.91,39.16,0.00,3276.70,0.00,39.2931,39.3136,39.0932,39.1179,40900364,1483663,2699120,40900348.0000,1483995.2500,2703316.7500,-32768,12854,-110
01:35:43,1640.49,39.16,0.00,3276.70,0.00,39.3060,39.3129,39.1044,39.1168,40897925,1483066,2699651,40900272.0000,1483966.2500,2703202.0000,-32768,12854,-110
01:35:46,1700.23,39.17,0.00,3276.70,0.00,39.3060,39.3136,39.1044,39.1168,40901190,1483066,2701498,40900208.0000,1483817.0000,2703460.0000,-32768,12854,-110
01:35:48,1743.67,39.17,0.00,3276.70,0.00,39.3440,39.3136,39.1382,39.1168,40909966,1482673,2714691,40900756.0000,1483749.1250,2703786.2500,-32768,12854,-110
01:35:50,1770.83,39.17,0.00,3276.70,0.00,39.3576,39.3175,39.1513,39.1197,40913803,1482668,2714691,40900756.0000,1483684.0000,2704045.5000,-32768,12854,-110
01:35:52,1808.84,39.18,0.00,3276.70,0.00,39.3698,39.3205,39.1633,39.1222,40918993,1483027,2714691,40900756.0000,1483637.3750,2704167.0000,-32768,12854,-110
01:35:53,1825.13,39.18,0.00,3276.70,0.00,39.3857,39.3259,39.1795,39.1222,40925820,1482918,2714397,40904096.0000,1483592.8750,2704900.7500,-32768,12854,-110
01:35:55,1863.15,39.18,0.00,3276.70,0.00,39.3941,39.3259,39.1928,39.1222,40933088,1482843,2709060,40906528.0000,1483534.1250,2705119.2500,-32768,12854,-110
01:35:58,1917.45,39.18,0.00,3276.70,0.00,39.4052,39.3259,39.2065,39.1222,40932534,1482702,2711207,40906528.0000,1483534.1250,2706258.5000,-32768,12854,-110
01:36:00,1950.04,39.18,0.00,3276.70,0.00,39.4189,39.3434,39.2153,39.1222,40932161,1482772,2723116,40910936.0000,1483391.0000,2706923.5000,-32768,12854,-110
01:36:01,1971.76,39.18,0.00,3276.70,0.00,39.4281,39.3485,39.2232,39.1480,40933848,1482660,2720345,40911656.0000,1483368.1250,2707343.0000,-32768,12854,-110
01:36:02,1998.91,39.18,0.00,3276.70,0.00,39.4360,39.3537,39.2310,39.1530,40940291,1483059,2711349,40913344.0000,1483345.2500,2707570.5000,-32768,12854,-110
01:36:04,2031.50,39.18,0.00,3276.70,0.00,39.4407,39.3564,39.2359,39.1556,40945684,1483206,2712638,40914352.0000,1483345.2500,2708263.2500,-32768,12854,-110
01:36:06,2036.93,39.18,0.00,3276.70,0.00,39.4495,39.3620,39.2440,39.1609,40939328,1482559,2722541,40914352.0000,1483345.2500,2708263.2500,-32768,12854,-110
01:36:07,2015.21,39.18,0.00,3276.70,0.00,39.4554,39.3677,39.2495,39.1662,40946801,1482908,2713343,40917748.0000,1483269.8750,2708986.7500,-32768,12854,-110
01:36:09,2004.34,39.17,0.00,3276.70,0.00,39.4532,39.3729,39.2495,39.1737,40960817,1484191,2723189,40921264.0000,1483317.7500,2710094.2500,-32768,12854,-110
01:36:11,2004.34,39.17,0.00,3276.70,0.00,39.4432,39.3796,39.2440,39.1780,40961416,1484603,2716240,40923736.0000,1483394.5000,2710438.5000,-32768,12854,-110
01:36:12,1998.91,39.17,0.00,3276.70,0.00,39.4364,39.3832,39.2386,39.1818,40958980,1484466,2723996,40925956.0000,1483467.6250,2710995.2500,-32768,12854,-110
01:36:13,1998.91,39.16,0.00,3276.70,0.00,39.4339,39.3847,39.2359,39.1834,40960137,1484684,2722988,40925956.0000,1483467.6250,2711489.7500,-32768,12854,-110
01:36:15,1998.91,39.16,0.00,3276.70,0.00,39.4286,39.3875,39.2293,39.1863,40957853,1484684,2722988,40929876.0000,1483636.8750,2711616.5000,-32768,12854,-110
01:36:17,1998.91,39.16,0.00,3276.70,0.00,39.4215,39.3907,39.2219,39.1897,40954199,1484645,2720311,40931432.0000,1483636.8750,2712211.2500,-32768,12854,-110
01:36:20,1993.48,39.15,0.00,3276.70,0.00,39.4215,39.3923,39.2219,39.1922,40954199,1484780,2718638,40933980.0000,1483636.8750,2712211.2500,-32768,12854,-110
01:36:22,1998.91,39.15,0.00,3276.70,0.00,39.4215,39.3950,39.2097,39.1944,40949680,1485095,2711408,40935640.0000,1483956.1250,2712464.5000,-32768,12854,-110
01:36:23,1998.91,39.15,0.00,3276.70,0.00,39.4051,39.3954,39.2089,39.1949,40948785,1485045,2711146,40936052.0000,1483990.1250,2712423.2500,-32768,12854,-110
01:36:25,1998.91,39.15,0.00,3276.70,0.00,39.4037,39.3956,39.2073,39.1952,40949651,1484986,2712793,40936840.0000,1484048.5000,2712474.5000,-32768,12854,-110
01:36:26,1998.91,39.15,0.00,3276.70,0.00,39.4008,39.3959,39.2046,39.1958,40945474,1484913,2710825,40937112.0000,1484048.5000,2712474.5000,-32768,12854,-110
01:36:30,1998.91,39.15,0.00,3276.70,0.00,39.4008,39.3962,39.2046,39.1964,40945474,1485176,2710825,40938516.0000,1484048.5000,2712474.5000,-32768,12854,-110
01:36:33,1998.91,39.15,0.00,3276.70,0.00,39.4008,39.3959,39.2046,39.1964,40945474,1485207,2708126,40939688.0000,1484371.8750,2711375.5000,-32768,12854,-110
01:36:36,1998.91,39.15,0.00,3276.70,0.00,39.4008,39.3953,39.2046,39.1961,40942506,1485207,2708126,40939880.0000,1484418.2500,2710858.0000,-32768,12854,-110
