elapsed_time,mpx5500_pressure_hpa,rh_temp_c,humidity_pct,k96_pressure_hpa,k96_pressure_filtered_hpa,ntc0_temp_c,ntc0_temp_filtered_c,ntc1_temp_c,ntc1_temp_filtered_c,lpl_signal,mpl_signal,spl_signal,lpl_signal_filtered,mpl_signal_filtered,spl_signal_filtered,mpl_conc,lpl_conc,spl_conc
00:00:02,-10.43,27.70,0.00,0.00,0.00,27.3337,27.2987,27.0918,27.0567,38684679,0,0,38679408.0000,1434002.7500,1802549.8750,-69,-32768,-108
00:00:05,-10.43,27.70,7.33,0.00,0.00,27.3337,27.3009,27.0935,27.0589,38684876,1431019,0,38679912.0000,1433739.0000,1802762.7500,-69,-32768,-108
00:00:07,-10.43,27.70,7.36,1001.70,0.00,27.3387,27.3041,27.0964,27.0622,38683872,1430909,1805403,38680208.0000,1433739.0000,1802991.6250,-69,-32768,-108
00:00:09,-21.29,27.70,7.40,1001.70,0.00,27.3413,27.3074,27.0992,27.0654,38684840,1430638,1805035,38680640.0000,1433739.0000,1803119.7500,-69,-32768,-108
00:00:10,-21.29,27.70,7.43,1001.70,0.00,27.3433,27.3095,27.1013,27.0675,38683992,1430435,1804955,38680880.0000,1433138.0000,1803228.2500,-69,-32768,-108
00:00:12,-15.86,27.71,7.43,1001.70,0.00,27.3454,27.3116,27.1031,27.0696,38684933,1430369,1806443,38681136.0000,1433138.0000,1803393.5000,-69,-32768,-108
00:00:14,-15.86,27.71,7.45,1001.70,0.00,27.3454,27.3137,27.1031,27.0728,38685113,1430186,1806443,38681512.0000,1432719.5000,1803661.5000,-69,-32768,-108
00:00:18,-21.29,27.72,7.45,1001.70,0.00,27.3454,27.3169,27.1031,27.0760,38685113,1429868,1806443,38682072.0000,1432390.8750,1803661.5000,-69,-32768,-108
00:00:19,-10.43,27.72,7.53,1001.60,0.00,27.3536,27.3211,27.1116,27.0791,38685125,1429557,1806605,38682292.0000,1432222.6250,1804088.1250,-69,-32768,-108
00:00:21,-21.29,27.73,7.54,1001.60,0.00,27.3555,27.3232,27.1134,27.0811,38684331,1429406,1806081,38682432.0000,1432053.2500,1804218.3750,-69,-32768,-108
00:00:24,-15.86,27.73,7.57,1001.60,0.00,27.3575,27.3232,27.1163,27.0811,38687162,1429406,1806081,38682936.0000,1431719.1250,1804475.2500,-69,-32768,-108
00:00:27,-15.86,27.73,7.58,1001.60,0.00,27.3575,27.3293,27.1163,27.0882,38687162,1428855,1806718,38683348.0000,1431390.2500,1804684.6250,-69,-32768,-108
00:00:30,-15.86,27.74,7.62,1001.50,0.00,27.3642,27.3323,27.1223,27.0882,38687162,1428695,1806718,38683564.0000,1431390.2500,1804913.0000,-69,-32768,-108
00:00:31,-15.86,27.74,7.62,1001.50,0.00,27.3677,27.3363,27.1257,27.0943,38687748,1428546,1807046,38683812.0000,1430983.6250,1805041.1250,-69,-32768,-108
00:00:34,-15.86,27.75,7.68,1001.50,0.00,27.3677,27.3384,27.1257,27.0974,38687748,1426582,1805776,38683328.0000,1430519.8750,1805166.5000,-69,-32768,-108
00:00:36,-5.00,27.74,7.79,1009.40,0.00,27.3688,27.3412,27.1380,27.0974,38687748,1424049,1805776,38680208.0000,1430144.1250,1805126.7500,-69,-32768,-108
00:00:38,5.87,27.73,7.84,1013.00,0.00,27.3694,27.3429,27.1411,27.1023,38687748,1423045,1803432,38677308.0000,1429723.1250,1805041.6250,-69,-32768,-108
00:00:42,11.30,27.71,7.84,1020.40,0.00,27.3694,27.3471,27.1411,27.1075,38687748,1421253,1803432,38668240.0000,1429723.1250,1804744.7500,-69,-32768,-108
00:00:43,27.59,27.71,7.99,1037.00,0.00,27.4028,27.3529,27.1647,27.1136,38599332,1420007,1803271,38664116.0000,1428024.5000,1804686.8750,-69,-32768,-108
00:00:46,60.17,27.63,7.99,1040.50,0.00,27.4107,27.3529,27.1717,27.1136,38590933,1420007,1803271,38664116.0000,1428024.5000,1804600.8750,-69,-32768,-108
00:00:48,49.31,27.63,8.09,1054.70,0.00,27.4214,27.3636,27.1717,27.1136,38581353,1417524,1802421,38650968.0000,1426383.6250,1804508.5000,-69,-32768,-108
00:00:49,71.03,27.55,8.09,3276.70,0.00,27.4248,27.3673,27.1876,27.1282,38575621,1416887,1803421,38646460.0000,1425812.8750,1804430.6250,-69,-32768,-108
00:00:51,76.46,27.52,8.21,3276.70,0.00,27.4264,27.3691,27.1896,27.1282,38570039,1416887,1803404,38641792.0000,1425221.7500,1804374.7500,-69,-32768,-108
00:00:54,119.91,27.49,8.26,3276.70,0.00,27.4264,27.3745,27.1896,27.1376,38562631,1414674,1803755,38634792.0000,1424307.2500,1804315.2500,-69,-32768,-108
00:00:55,130.77,27.46,8.38,3276.70,0.00,27.4325,27.3780,27.1970,27.1376,38560316,1413377,1803009,38630216.0000,1424307.2500,1804315.2500,-69,-32768,-108
00:00:57,136.20,27.43,8.51,3276.70,0.00,27.4424,27.3834,27.2050,27.1451,38557310,1411061,1802990,38625808.0000,1422918.3750,1804179.5000,-69,-32768,-108
00:00:58,190.51,27.40,8.73,3276.70,0.00,27.4473,27.3854,27.2088,27.1471,38557459,1409921,1802796,38623672.0000,1422512.1250,1804179.5000,-69,-32768,-108
00:00:59,190.51,27.38,9.00,3276.70,0.00,27.4559,27.3895,27.2157,27.1512,38555365,1406997,1803793,38619464.0000,1421606.6250,1804105.6250,-69,-32768,-108
00:01:01,255.68,27.37,9.12,3276.70,0.00,27.4605,27.3917,27.2194,27.1533,38553958,1405391,1803793,38619464.0000,1421606.6250,1804105.6250,-69,-32768,-108
00:01:03,255.68,27.35,9.43,3276.70,0.00,27.4708,27.3986,27.2287,27.1598,38551696,1400533,1803581,38611632.0000,1421606.6250,1804174.3750,-69,-32768,-108
00:01:05,288.26,27.35,9.98,3276.70,0.00,27.4736,27.4052,27.2357,27.1665,38543873,1394403,1804429,38605700.0000,1421606.6250,1804189.5000,-69,-32768,-108
00:01:08,364.29,27.29,9.98,3276.70,0.00,27.4736,27.4111,27.2389,27.1729,38540130,1388264,1803174,38605700.0000,1414820.8750,1804140.0000,-69,-32768,-108
00:01:11,396.87,27.25,11.17,3276.70,0.00,27.4736,27.4166,27.2389,27.1808,38540130,1381520,1803075,38592272.0000,1410197.0000,1804016.1250,-69,-32768,-108
00:01:14,429.46,27.21,11.80,3276.70,0.00,27.4736,27.4232,27.2389,27.1878,38532662,1374313,1803091,38585056.0000,1407110.3750,1804016.1250,-69,-32768,-108
00:01:15,483.76,27.18,12.30,3276.70,0.00,27.4683,27.4273,27.2373,27.1878,38524402,1370571,1801803,38581404.0000,1404915.5000,1803795.6250,-69,-32768,-108
00:01:16,478.33,27.15,12.71,3276.70,0.00,27.4630,27.4284,27.2361,27.1923,38527339,1368904,1802545,38579716.0000,1403790.1250,1803756.5000,-69,-32768,-108
00:01:18,521.78,27.14,12.89,3276.70,0.00,27.4624,27.4294,27.2346,27.1948,38525514,1365297,1801119,38576352.0000,1401477.2500,1803611.1250,-69,-32768,-108
00:01:19,538.07,27.12,13.22,3276.70,0.00,27.4597,27.4313,27.2316,27.1959,38524782,1363693,1801464,38574744.0000,1400296.5000,1803544.0000,-69,-32768,-108
00:01:20,527.21,27.11,13.40,3276.70,0.00,27.4581,27.4321,27.2296,27.1979,38515301,1360382,1801073,38571176.0000,1397890.7500,1803404.0000,-69,-32768,-108
00:01:21,565.22,27.09,13.66,3276.70,0.00,27.4562,27.4321,27.2296,27.1987,38513910,1359126,1800240,38569384.0000,1396679.3750,1803305.1250,-69,-32768,-108
00:01:22,592.38,27.09,14.01,3276.70,0.00,27.4535,27.4348,27.2230,27.2002,38514254,1356343,1801457,38565940.0000,1394242.2500,1803151.7500,-69,-32768,-108
00:01:25,603.24,27.06,14.14,3276.70,0.00,27.4535,27.4357,27.2230,27.2020,38505410,1351320,1800092,38560816.0000,1390477.5000,1802917.8750,-69,-32768,-108
00:01:27,630.39,27.04,14.59,3276.70,0.00,27.4465,27.4368,27.2153,27.2020,38505410,1349177,1799973,38557360.0000,1387973.1250,1802733.5000,-69,-32768,-108
00:01:28,679.27,27.01,15.05,3276.70,0.00,27.4418,27.4371,27.2108,27.2034,38500934,1346226,1799973,38552140.0000,1384183.0000,1802449.6250,-69,-32768,-108
00:01:30,690.13,27.00,15.19,3276.70,0.00,27.4379,27.4372,27.2059,27.2034,38497902,1342480,1798321,38548836.0000,1381657.1250,1802197.0000,-69,-32768,-108
00:01:32,700.99,26.97,15.58,3276.70,0.00,27.4324,27.4370,27.2014,27.2034,38493708,1340032,1798083,38545524.0000,1379135.1250,1801968.8750,-69,-32768,-108
00:01:33,717.28,26.96,15.75,3276.70,0.00,27.4245,27.4363,27.1943,27.2030,38492338,1340032,1798094,38543860.0000,1377871.5000,1801968.8750,-69,-32768,-108
00:01:35,744.43,26.93,16.09,3276.70,0.00,27.4135,27.4350,27.1863,27.2020,38488649,1336308,1798094,38543860.0000,1374104.7500,1801456.0000,-69,-32768,-108
00:01:37,771.59,26.92,16.38,3276.70,0.00,27.3998,27.4350,27.1745,27.2020,38481019,1333055,1794736,38535592.0000,1370378.2500,1800878.3750,-69,-32768,-108
00:01:39,809.60,26.90,16.38,3276.70,0.00,27.3878,27.4293,27.1649,27.1978,38481579,1331060,1794736,38530676.0000,1367923.8750,1800477.0000,-69,-32768,-108
00:01:41,831.32,26.88,17.01,3276.70,0.00,27.3792,27.4263,27.1555,27.1978,38480164,1329074,1793843,38529096.0000,1365510.0000,1800030.3750,-69,-32768,-108
00:01:43,847.62,26.86,17.23,3276.70,0.00,27.3716,27.4263,27.1439,27.1978,38479514,1325520,1794853,38524440.0000,1363093.7500,1799702.7500,-69,-32768,-108
00:01:45,880.20,26.86,17.58,3276.70,0.00,27.3716,27.4175,27.1439,27.1857,38469447,1321884,1792969,38519532.0000,1359440.8750,1799702.7500,-69,-32768,-108
00:01:47,896.49,26.81,17.94,3276.70,0.00,27.3421,27.4111,27.1160,27.1857,38470993,1321884,1792969,38514924.0000,1355855.2500,1798428.0000,-69,-32768,-108
00:01:50,912.78,26.80,18.11,3276.70,0.00,27.3421,27.4037,27.1160,27.1722,38463962,1316628,1790255,38510344.0000,1352350.1250,1797676.0000,-69,-32768,-108
00:01:52,918.21,26.77,18.11,3276.70,0.00,27.3421,27.3958,27.0911,27.1673,38459076,1314488,1790255,38510344.0000,1352350.1250,1796730.3750,-69,-32768,-108
00:01:54,967.09,26.75,18.71,3276.70,0.00,27.3038,27.3903,27.0829,27.1673,38455986,1311715,1788871,38502456.0000,1346644.7500,1796484.8750,-69,-32768,-108
00:01:55,983.38,26.73,18.95,3276.70,0.00,27.2914,27.3816,27.0697,27.1541,38451875,1309830,1787904,38499376.0000,1344408.6250,1795974.3750,-69,-32768,-108
00:01:58,945.37,26.72,19.08,3276.70,0.00,27.2871,27.3816,27.0697,27.1485,38451875,1309830,1787328,38499376.0000,1341184.7500,1795191.2500,-69,-32768,-108
00:02:01,1059.41,26.72,19.42,3276.70,0.00,27.2638,27.3659,27.0697,27.1363,38451875,1304065,1786950,38499376.0000,1336846.1250,1794167.3750,-69,-32768,-108
00:02:02,1124.58,26.66,19.95,3276.70,0.00,27.2469,27.3555,27.0273,27.1298,38441864,1301549,1784851,38487704.0000,1335743.1250,1793876.2500,-69,-32768,-108
00:02:04,1102.86,26.66,20.05,3276.70,0.00,27.2374,27.3555,27.0166,27.1298,38443350,1298205,1783928,38483656.0000,1332420.8750,1793876.2500,-69,-32768,-108
00:02:07,1130.01,26.64,20.40,3276.70,0.00,27.2263,27.3555,27.0007,27.1298,38442854,1294703,1782330,38479680.0000,1332420.8750,1792089.5000,-69,-32768,-108
00:02:09,1157.16,26.62,20.80,3276.70,0.00,27.2263,27.3220,26.9820,27.0975,38442854,1290876,1782330,38474340.0000,1324612.2500,1790806.3750,-69,-32768,-108
00:02:11,1206.04,26.60,21.21,3276.70,0.00,27.1945,27.3142,26.9820,27.0862,38432552,1287961,1780649,38471768.0000,1322394.6250,1790172.1250,-69,-32768,-108
00:02:14,1249.48,26.59,21.45,3276.70,0.00,27.1782,27.3142,26.9593,27.0862,38423564,1287961,1779649,38465880.0000,1318003.0000,1788903.6250,-69,-32768,-108
00:02:16,1238.62,26.57,21.45,3276.70,0.00,27.1782,27.2856,26.9593,27.0626,38423198,1283032,1777426,38461996.0000,1314827.1250,1787936.6250,-69,-32768,-108
00:02:19,1298.36,26.56,21.45,3276.70,0.00,27.1782,27.2726,26.9593,27.0502,38428186,1280267,1778370,38459736.0000,1314827.1250,1787049.5000,-69,-32768,-108
00:02:21,1298.36,26.53,22.51,3276.70,0.00,27.1249,27.2591,26.9027,27.0373,38420270,1277644,1775771,38456480.0000,1314827.1250,1786405.6250,-69,-32768,-108
00:02:23,1336.37,26.52,22.70,3276.70,0.00,27.1249,27.2498,26.8899,27.0284,38416956,1275438,1774118,38452776.0000,1306561.1250,1785342.0000,-69,-32768,-108
00:02:25,1385.25,26.51,22.94,3276.70,0.00,27.1249,27.2498,26.8777,27.0284,38421838,1273747,1774463,38450680.0000,1304574.5000,1784683.6250,-69,-32768,-108
00:02:27,1358.10,26.49,23.20,3276.70,0.00,27.0794,27.2498,26.8597,27.0052,38415058,1270772,1773028,38450680.0000,1304574.5000,1783636.5000,-69,-32768,-108
00:02:30,1423.26,26.47,23.43,3276.70,0.00,27.0794,27.2105,26.8597,26.9862,38408579,1268279,1771721,38444128.0000,1298598.1250,1783636.5000,-69,-32768,-108
00:02:32,1439.56,26.47,23.85,3276.70,0.00,27.0400,27.1954,26.8253,26.9764,38404365,1266521,1771721,38440592.0000,1295689.8750,1781581.3750,-69,-32768,-108
00:02:33,1428.70,26.44,23.99,3276.70,0.00,27.0298,27.1853,26.8161,26.9666,38405535,1265245,1770324,38440592.0000,1295689.8750,1780885.6250,-69,-32768,-108
00:02:36,1444.99,26.44,24.09,3276.70,0.00,27.0190,27.1752,26.8070,26.9569,38403471,1265245,1768763,38436024.0000,1291967.1250,1780885.6250,-69,-32768,-108
00:02:38,1499.29,26.42,24.20,3276.70,0.00,27.0020,27.1598,26.8070,26.9569,38404693,1262414,1768763,38433136.0000,1289292.6250,1780885.6250,-69,-32768,-108
00:02:40,1493.86,26.41,24.20,3276.70,0.00,26.9891,27.1447,26.7811,26.9280,38395851,1259501,1767668,38430936.0000,1287495.5000,1778412.8750,-69,-32768,-108
00:02:42,1553.60,26.39,24.69,3276.70,0.00,26.9891,27.1296,26.7811,26.9280,38398114,1257250,1766220,38426696.0000,1283962.6250,1776973.3750,-69,-32768,-108
00:02:46,1553.60,26.38,24.69,3276.70,0.00,26.9891,27.1143,26.7811,26.8991,38398114,1254540,1766220,38426696.0000,1283962.6250,1775417.8750,-69,-32768,-108
00:02:48,1580.75,26.36,24.69,3276.70,0.00,26.9341,27.0937,26.7275,26.8795,38383098,1252967,1763019,38419780.0000,1278812.7500,1774657.3750,-69,-32768,-108
00:02:50,1602.48,26.35,24.69,3276.70,0.00,26.9224,27.0833,26.7156,26.8695,38384477,1251560,1763651,38417776.0000,1278812.7500,1773626.0000,-69,-32768,-108
00:02:51,1635.06,26.34,25.61,3276.70,0.00,26.9096,27.0833,26.6986,26.8544,38377603,1249508,1762388,38414208.0000,1274709.3750,1772919.8750,-69,-32768,-108
00:02:53,1635.06,26.33,25.80,3276.70,0.00,26.8987,27.0622,26.6928,26.8493,38377268,1248841,1762388,38411852.0000,1273093.3750,1772236.8750,-69,-32768,-108
00:02:54,1618.77,26.32,26.00,3276.70,0.00,26.8877,27.0516,26.6798,26.8391,38379130,1247529,1761695,38410828.0000,1272294.5000,1771907.5000,-69,-32768,-108
00:02:56,1656.78,26.31,26.04,3276.70,0.00,26.8818,27.0462,26.6733,26.8391,38379130,1246635,1760855,38408804.0000,1272294.5000,1771254.5000,-69,-32768,-108
00:02:58,1694.80,26.31,26.12,3276.70,0.00,26.8692,27.0462,26.6549,26.8391,38373524,1244109,1760441,38405428.0000,1268390.2500,1770215.5000,-69,-32768,-108
00:03:01,1700.23,26.29,26.12,3276.70,0.00,26.8453,27.0138,26.6386,26.8022,38371098,1244109,1760441,38402420.0000,1268390.2500,1768718.6250,-69,-32768,-108
00:03:03,1727.38,26.27,26.12,3276.70,0.00,26.8280,26.9974,26.6386,26.7809,38371098,1241150,1760441,38398024.0000,1263139.1250,1767616.0000,-69,-32768,-108
00:03:06,1754.53,26.26,26.77,3276.70,0.00,26.8280,26.9754,26.6386,26.7598,38366484,1239667,1756037,38394640.0000,1263139.1250,1766177.5000,-69,-32768,-108
00:03:08,1770.83,26.24,26.77,3276.70,0.00,26.7882,26.9589,26.5855,26.7492,38368122,1239112,1754751,38392856.0000,1259690.2500,1765464.7500,-69,-32768,-108
00:03:10,1792.55,26.23,27.18,3276.70,0.00,26.7882,26.9423,26.5855,26.7277,38361074,1236795,1753546,38389452.0000,1257048.5000,1764336.3750,-69,-32768,-108
00:03:12,1863.15,26.21,27.34,3276.70,0.00,26.7553,26.9310,26.5855,26.7170,38356503,1235969,1752451,38387520.0000,1255764.7500,1764336.3750,-69,-32768,-108
00:03:15,1814.27,26.21,27.33,3276.70,0.00,26.7553,26.9138,26.5380,26.7061,38356680,1234341,1751254,38384880.0000,1253818.1250,1764336.3750,-69,-32768,-108
00:03:16,1852.29,26.19,27.66,3276.70,0.00,26.7245,26.9023,26.5253,26.7061,38353763,1232360,1751254,38383132.0000,1252516.8750,1761748.5000,-69,-32768,-108
00:03:19,1835.99,26.18,27.66,3276.70,0.00,26.7245,26.8795,26.5253,26.6730,38346442,1230736,1748436,38380320.0000,1250581.0000,1760593.5000,-69,-32768,-108
00:03:21,1825.13,26.18,27.76,3276.70,0.00,26.6931,26.8681,26.4877,26.6617,38350066,1230225,1749331,38378384.0000,1249342.5000,1759891.3750,-69,-32768,-108
00:03:22,1879.44,26.17,27.84,3276.70,0.00,26.6868,26.8681,26.4778,26.6505,38346945,1229354,1747215,38378384.0000,1249342.5000,1758783.7500,-69,-32768,-108
00:03:25,1895.73,26.16,28.16,3276.70,0.00,26.6684,26.8452,26.4654,26.6505,38348444,1228394,1747215,38374112.0000,1249342.5000,1757741.6250,-69,-32768,-108
00:03:27,1922.88,26.16,28.37,3276.70,0.00,26.6684,26.8222,26.4654,26.6104,38341059,1226918,1744890,38370864.0000,1244138.3750,1757741.6250,-69,-32768,-108
00:03:29,1944.61,26.12,28.42,3276.70,0.00,26.6305,26.8106,26.4252,26.6045,38337782,1226657,1744347,38369832.0000,1243592.0000,1756280.5000,-69,-32768,-108
00:03:32,1830.56,26.12,28.33,3276.70,0.00,26.6305,26.7930,26.4252,26.5813,38337782,1224838,1743103,38365964.0000,1241437.2500,1754427.7500,-69,-32768,-108
00:03:34,1966.33,26.12,28.33,3276.70,0.00,26.5901,26.7698,26.3841,26.5638,38338146,1223277,1742486,38363552.0000,1239834.6250,1753710.1250,-69,-32768,-108
00:03:36,2004.34,26.10,28.86,3276.70,0.00,26.5901,26.7581,26.3841,26.5463,38336683,1222232,1741086,38361328.0000,1238278.6250,1752611.1250,-69,-32768,-108
00:03:40,1928.32,26.09,28.98,3276.70,0.00,26.5901,26.7407,26.3841,26.5346,38336683,1221457,1741086,38361328.0000,1238278.6250,1752611.1250,-69,-32768,-108
00:03:42,1895.73,26.07,29.07,3276.70,0.00,26.5307,26.7170,26.3269,26.5111,38330583,1224474,1741086,38354784.0000,1235052.3750,1750042.7500,-69,-32768,-108
00:03:44,1884.87,26.06,28.80,3276.70,0.00,26.5307,26.6975,26.2824,26.4917,38301858,1226731,1736087,38351632.0000,1234272.2500,1748749.5000,-69,-32768,-108
00:03:45,1944.61,26.04,28.86,3276.70,0.00,26.4722,26.6904,26.2658,26.4846,38304508,1227582,1734766,38348708.0000,1234063.1250,1748312.5000,-69,-32768,-108
00:03:46,1874.01,26.02,28.99,3276.70,0.00,26.4430,26.6755,26.2359,26.4697,38307113,1228410,1733604,38347408.0000,1233886.5000,1747852.8750,-69,-32768,-108
00:03:48,1884.87,26.02,29.02,3276.70,0.00,26.4430,26.6520,26.2359,26.4463,38305269,1228829,1732033,38343480.0000,1233407.0000,1746436.8750,-69,-32768,-108
00:03:50,1884.87,25.99,29.02,3276.70,0.00,26.3857,26.6359,26.1807,26.4302,38314038,1229502,1731155,38341380.0000,1233162.0000,1745496.3750,-69,-32768,-108
00:03:52,1901.16,25.97,29.16,3276.70,0.00,26.3857,26.6196,26.1625,26.4140,38299606,1227922,1729213,38338984.0000,1232853.1250,1744534.7500,-69,-32768,-108
00:03:53,1922.88,25.96,29.14,3276.70,0.00,26.3570,26.6114,26.1548,26.4059,38293376,1227704,1727957,38338984.0000,1232853.1250,1743496.2500,-69,-32768,-108
00:03:55,1884.87,25.95,29.27,3276.70,0.00,26.3350,26.6114,26.1548,26.3818,38296913,1226830,1726735,38333544.0000,1232203.6250,1742479.5000,-69,-32768,-108
00:03:58,1895.73,25.93,29.27,3276.70,0.00,26.3350,26.5707,26.1548,26.3582,38296913,1225497,1725290,38329640.0000,1231480.1250,1740600.0000,-69,-32768,-108
00:03:59,1939.18,25.93,29.61,3276.70,0.00,26.3035,26.5396,26.1008,26.3352,38296097,1224298,1725651,38327604.0000,1231050.2500,1739661.2500,-69,-32768,-108
00:04:01,1939.18,25.90,29.61,3276.70,0.00,26.2940,26.5246,26.0923,26.3204,38300320,1223771,1724130,38325944.0000,1230612.7500,1738752.1250,-69,-32768,-108
00:04:04,1950.04,25.89,29.61,3276.70,0.00,26.2861,26.5100,26.0923,26.2988,38295567,1222379,1723449,38323104.0000,1229899.2500,1738752.1250,-69,-32768,-108
00:04:05,1939.18,25.88,29.87,3276.70,0.00,26.2785,26.4958,26.0770,26.2919,38299359,1221870,1723825,38322360.0000,1229648.2500,1736497.2500,-69,-32768,-108
00:04:07,2031.50,25.87,29.87,3276.70,0.00,26.2785,26.4754,26.0770,26.2650,38295994,1220840,1722732,38319404.0000,1228604.1250,1735300.3750,-69,-32768,-108
00:04:08,1982.62,25.87,30.11,3276.70,0.00,26.2611,26.4623,26.0582,26.2586,38295879,1221441,1722919,38318672.0000,1228380.2500,1734913.3750,-69,-32768,-108
00:04:11,1966.33,25.86,30.10,3276.70,0.00,26.2573,26.4559,26.0545,26.2586,38295879,1220293,1721521,38317320.0000,1228380.2500,1733712.8750,-69,-32768,-108
00:04:14,2053.22,25.85,30.15,3276.70,0.00,26.2573,26.4308,26.0545,26.2211,38295879,1219090,1720086,38313416.0000,1226589.2500,1732230.0000,-69,-32768,-108
00:04:16,1977.19,25.83,30.15,3276.70,0.00,26.2573,26.4068,26.0243,26.2034,38304680,1219268,1721285,38313416.0000,1226589.2500,1731177.5000,-69,-32768,-108
00:04:19,2004.34,25.82,30.15,3276.70,0.00,26.2573,26.3895,26.0131,26.1864,38295744,1217020,1720256,38311088.0000,1225360.0000,1730491.2500,-69,-32768,-108
00:04:20,2015.21,25.81,30.59,3276.70,0.00,26.2049,26.3783,26.0035,26.1864,38295744,1215710,1720256,38309248.0000,1224514.0000,1729500.7500,-69,-32768,-108
00:04:23,1982.62,25.80,30.75,3276.70,0.00,26.1948,26.3671,26.0035,26.1587,38295744,1215791,1720256,38307432.0000,1223716.7500,1728506.6250,-69,-32768,-108
00:04:25,2004.34,25.78,30.86,3276.70,0.00,26.1948,26.3452,26.0035,26.1371,38291142,1215824,1717688,38305952.0000,1222997.5000,1727571.0000,-69,-32768,-108
00:04:28,2020.64,25.77,30.86,3276.70,0.00,26.1948,26.3288,26.0035,26.1371,38283830,1215486,1716718,38304560.0000,1222997.5000,1726345.8750,-69,-32768,-108
00:04:30,2009.78,25.76,30.90,3276.70,0.00,26.1465,26.3178,25.9446,26.1371,38277504,1214955,1715916,38302968.0000,1221924.7500,1726020.0000,-69,-32768,-108
00:04:32,2004.34,25.75,30.96,3276.70,0.00,26.1303,26.3011,25.9446,26.0931,38277504,1214537,1714672,38300624.0000,1221083.7500,1724699.0000,-69,-32768,-108
00:04:34,1993.48,25.74,30.92,3276.70,0.00,26.1149,26.2846,25.9155,26.0823,38283745,1214199,1714672,38299520.0000,1220665.7500,1724052.3750,-69,-32768,-108
00:04:36,2015.21,25.73,30.92,3276.70,0.00,26.1053,26.2846,25.9155,26.0663,38289592,1213761,1713298,38298920.0000,1220665.7500,1723061.7500,-69,-32768,-108
00:04:38,2069.51,25.72,31.21,3276.70,0.00,26.1053,26.2523,25.8900,26.0507,38280979,1212437,1713298,38296816.0000,1219358.7500,1722184.3750,-69,-32768,-108
00:04:40,2064.08,25.71,31.21,3276.70,0.00,26.0818,26.2419,25.8814,26.0404,38278111,1211730,1712261,38296232.0000,1219120.2500,1721874.2500,-69,-32768,-108
00:04:42,2042.36,25.71,31.47,3276.70,0.00,26.0780,26.2368,25.8782,26.0404,38282516,1211567,1712261,38296232.0000,1218442.3750,1721021.2500,-69,-32768,-108
00:04:43,2026.07,25.70,31.32,3276.70,0.00,26.0655,26.2215,25.8672,26.0203,38277349,1211743,1711469,38294172.0000,1218233.0000,1720722.7500,-69,-32768,-108
00:04:45,2069.51,25.70,31.39,3276.70,0.00,26.0572,26.2115,25.8591,26.0105,38267367,1211380,1709982,38292680.0000,1217810.5000,1720064.3750,-69,-32768,-108
00:04:47,1998.91,25.69,31.39,3276.70,0.00,26.0483,26.2015,25.8492,26.0006,38272232,1211277,1709981,38291420.0000,1217414.3750,1720064.3750,-69,-32768,-108
00:04:48,2009.78,25.68,31.71,3276.70,0.00,26.0384,26.1916,25.8396,25.9909,38280720,1212518,1709351,38290584.0000,1217094.3750,1718854.7500,-69,-32768,-108
00:04:50,2015.21,25.67,31.72,3276.70,0.00,26.0282,26.1817,25.8396,25.9810,38273812,1212518,1709351,38288000.0000,1216453.1250,1717683.2500,-69,-32768,-108
00:04:54,2015.21,25.66,31.63,3276.70,0.00,26.0148,26.1669,25.8396,25.9615,38273812,1210453,1709351,38288000.0000,1215802.6250,1716541.8750,-69,-32768,-108
00:04:55,2074.94,25.66,31.95,3276.70,0.00,26.0148,26.1473,25.8396,25.9421,38266853,1211607,1706862,38284192.0000,1215538.7500,1715956.5000,-69,-32768,-108
00:04:57,2112.96,25.63,31.78,3276.70,0.00,25.9896,26.1377,25.7909,25.9374,38265742,1211301,1707101,38283616.0000,1215406.2500,1715956.5000,-69,-32768,-108
00:04:59,2042.36,25.63,31.78,3276.70,0.00,25.9816,26.1282,25.7834,25.9280,38255223,1209954,1707101,38281200.0000,1214941.2500,1714834.8750,-69,-32768,-108
00:05:01,2047.79,25.62,31.78,3276.70,0.00,25.9816,26.1095,25.7646,25.9093,38262376,1210252,1705129,38279456.0000,1214527.3750,1714834.8750,-69,-32768,-108
00:05:04,2031.50,25.61,31.78,3276.70,0.00,25.9816,26.0956,25.7646,25.8953,38257540,1210905,1705033,38277312.0000,1214149.1250,1713154.8750,-69,-32768,-108
00:05:05,2004.34,25.60,31.99,3276.70,0.00,25.9411,26.0862,25.7402,25.8859,38252802,1210380,1703404,38275912.0000,1213928.2500,1712593.2500,-69,-32768,-108
00:05:07,2026.07,25.60,31.99,3276.70,0.00,25.9300,26.0862,25.7402,25.8764,38252802,1209732,1702789,38274228.0000,1213575.8750,1711731.3750,-69,-32768,-108
00:05:09,2004.34,25.59,32.19,3276.70,0.00,25.9201,26.0672,25.7206,25.8669,38248462,1210356,1703120,38273424.0000,1213575.8750,1711230.6250,-69,-32768,-108
00:05:10,2047.79,25.58,32.18,3276.70,0.00,25.9118,26.0577,25.7131,25.8575,38258932,1210807,1704266,38272452.0000,1213575.8750,1711230.6250,-69,-32768,-108
00:05:12,1982.62,25.58,32.38,3276.70,0.00,25.9118,26.0484,25.7048,25.8436,38254969,1210158,1702095,38270880.0000,1213034.2500,1710253.3750,-69,-32768,-108
00:05:14,2053.22,25.58,32.45,3276.70,0.00,25.8910,26.0344,25.7048,25.8345,38248278,1210082,1701031,38269108.0000,1212766.2500,1709439.8750,-69,-32768,-108
00:05:16,2036.93,25.55,32.41,3276.70,0.00,25.8878,26.0344,25.6868,25.8345,38246753,1208424,1700471,38267748.0000,1212520.2500,1708905.1250,-69,-32768,-108
00:05:18,2036.93,25.54,32.63,3276.70,0.00,25.8878,26.0116,25.6750,25.8121,38247459,1208180,1700471,38265952.0000,1212119.1250,1708190.8750,-69,-32768,-108
00:05:21,2047.79,25.53,32.63,3276.70,0.00,25.8644,26.0026,25.6679,25.8033,38242788,1207550,1700471,38265952.0000,1211834.3750,1707653.6250,-69,-32768,-108
00:05:23,2069.51,25.53,32.65,3276.70,0.00,25.8644,25.9852,25.6536,25.7861,38245422,1206434,1698750,38263040.0000,1211361.7500,1706878.0000,-69,-32768,-108
00:05:24,2047.79,25.53,32.86,3276.70,0.00,25.8497,25.9809,25.6492,25.7818,38245230,1206916,1699537,38263040.0000,1211361.7500,1706648.6250,-69,-32768,-108
00:05:25,2036.93,25.51,32.95,3276.70,0.00,25.8410,25.9724,25.6420,25.7732,38245542,1207258,1698965,38261544.0000,1210986.5000,1706186.2500,-69,-32768,-108
00:05:27,2123.82,25.51,32.88,3276.70,0.00,25.8378,25.9682,25.6391,25.7690,38247626,1207514,1699378,38261108.0000,1210878.0000,1705973.5000,-69,-32768,-108
00:05:30,2031.50,25.50,32.93,3276.70,0.00,25.8378,25.9555,25.6391,25.7522,38247626,1205926,1697816,38259364.0000,1210186.2500,1704737.8750,-69,-32768,-108
00:05:31,2031.50,25.49,33.04,3276.70,0.00,25.8111,25.9428,25.6132,25.7438,38240957,1204975,1696553,38258408.0000,1210023.3750,1704482.1250,-69,-32768,-108
00:05:34,2047.79,25.48,33.01,3276.70,0.00,25.8111,25.9298,25.6132,25.7269,38236009,1205359,1695483,38255664.0000,1209418.7500,1703507.8750,-69,-32768,-108
00:05:36,2026.07,25.48,33.01,3276.70,0.00,25.7879,25.9211,25.5929,25.7227,38238986,1205343,1695483,38254452.0000,1209418.7500,1702725.8750,-69,-32768,-108
00:05:38,1993.48,25.48,33.03,3276.70,0.00,25.7801,25.9211,25.5788,25.7099,38238030,1203790,1694566,38253224.0000,1209418.7500,1702725.8750,-69,-32768,-108
00:05:40,2009.78,25.45,33.18,3276.70,0.00,25.7679,25.9211,25.5717,25.7099,38238561,1203368,1694453,38251548.0000,1208285.2500,1701692.1250,-69,-32768,-108
00:05:42,2015.21,25.44,33.31,3276.70,0.00,25.7560,25.8869,25.5579,25.6888,38228323,1204164,1694453,38251548.0000,1208017.3750,1701177.3750,-69,-32768,-108
00:05:43,2004.34,25.44,33.52,3276.70,0.00,25.7475,25.8784,25.5494,25.6803,38233020,1204931,1693297,38249048.0000,1207811.5000,1700702.5000,-69,-32768,-108
00:05:44,2004.34,25.43,33.51,3276.70,0.00,25.7440,25.8742,25.5454,25.6761,38231820,1204890,1694148,38248508.0000,1207720.2500,1700497.6250,-69,-32768,-108
00:05:45,1988.05,25.43,33.46,3276.70,0.00,25.7404,25.8700,25.5420,25.6677,38228675,1203721,1692099,38247440.0000,1207720.2500,1700017.8750,-69,-32768,-108
00:05:48,1982.62,25.43,33.61,3276.70,0.00,25.7272,25.8573,25.5329,25.6594,38230030,1204862,1691975,38245592.0000,1207207.1250,1699266.6250,-69,-32768,-108
00:05:50,1998.91,25.42,33.60,3276.70,0.00,25.7196,25.8489,25.5250,25.6594,38230030,1202720,1690040,38244400.0000,1206937.5000,1698727.3750,-69,-32768,-108
00:05:52,2015.21,25.41,33.60,3276.70,0.00,25.7077,25.8364,25.5122,25.6389,38226591,1204048,1690040,38242952.0000,1206937.5000,1697943.7500,-69,-32768,-108
00:05:54,1982.62,25.40,33.91,3276.70,0.00,25.7001,25.8281,25.5041,25.6389,38229277,1202175,1690982,38242072.0000,1206937.5000,1697316.7500,-69,-32768,-108
00:05:55,1977.19,25.39,34.10,3276.70,0.00,25.6912,25.8159,25.4950,25.6186,38229799,1200546,1690723,38241180.0000,1206071.1250,1697110.7500,-69,-32768,-108
00:05:56,2026.07,25.39,33.97,3276.70,0.00,25.6880,25.8119,25.4923,25.6146,38227169,1199757,1689560,38240740.0000,1205873.7500,1696874.7500,-69,-32768,-108
00:05:58,2009.78,25.38,33.97,3276.70,0.00,25.6835,25.8040,25.4879,25.6069,38221214,1199702,1689560,38240740.0000,1205317.6250,1696201.1250,-69,-32768,-108
00:05:59,1971.76,25.37,34.39,3276.70,0.00,25.6799,25.7964,25.4831,25.5993,38222301,1199951,1689034,38238636.0000,1205317.6250,1695754.0000,-69,-32768,-108
00:06:01,1982.62,25.37,34.24,3276.70,0.00,25.6799,25.7852,25.4745,25.5882,38220621,1199817,1689396,38237136.0000,1204738.1250,1695344.8750,-69,-32768,-108
00:06:03,1993.48,25.36,34.24,3276.70,0.00,25.6799,25.7778,25.4694,25.5809,38227669,1201313,1689749,38236388.0000,1204492.5000,1695027.7500,-69,-32768,-108
00:06:05,1982.62,25.36,34.25,3276.70,0.00,25.6593,25.7705,25.4623,25.5737,38225864,1201629,1689749,38236388.0000,1204312.5000,1694622.6250,-69,-32768,-108
00:06:08,1988.05,25.35,34.25,3276.70,0.00,25.6593,25.7598,25.4538,25.5630,38218496,1197836,1688153,38234296.0000,1203812.7500,1694622.6250,-69,-32768,-108
00:06:10,1939.18,25.34,34.70,3276.70,0.00,25.6593,25.7491,25.4538,25.5489,38218496,1195170,1687667,38232708.0000,1202892.7500,1693311.7500,-69,-32768,-108
00:06:13,2015.21,25.33,34.88,3276.70,0.00,25.6593,25.7385,25.4538,25.5386,38216353,1194881,1685969,38231608.0000,1202264.3750,1693311.7500,-69,-32768,-108
00:06:14,1993.48,25.32,35.30,3276.70,0.00,25.6246,25.7283,25.4281,25.5318,38216301,1195549,1686045,38230744.0000,1201829.7500,1692322.2500,-69,-32768,-108
00:06:16,1988.05,25.32,35.19,3276.70,0.00,25.6210,25.7216,25.4243,25.5318,38216868,1193871,1686203,38229960.0000,1201385.7500,1691934.6250,-69,-32768,-108
00:06:17,1982.62,25.32,35.35,3276.70,0.00,25.6170,25.7184,25.4232,25.5220,38215348,1192812,1685364,38229504.0000,1201117.7500,1691729.3750,-69,-32768,-108
00:06:18,1971.76,25.31,35.51,3276.70,0.00,25.6170,25.7152,25.4224,25.5158,38213371,1191594,1684814,38228516.0000,1200545.8750,1691313.6250,-69,-32768,-108
00:06:19,1982.62,25.31,35.46,3276.70,0.00,25.6159,25.7091,25.4198,25.5128,38214490,1191018,1684606,38228076.0000,1200248.1250,1691104.0000,-69,-32768,-108
00:06:22,2009.78,25.31,35.46,3276.70,0.00,25.6159,25.7003,25.4198,25.5039,38209307,1190986,1685115,38226508.0000,1199363.5000,1690595.8750,-69,-32768,-108
00:06:23,1955.47,25.30,35.83,3276.70,0.00,25.6040,25.6944,25.4056,25.4979,38211601,1190697,1684676,38225572.0000,1199363.5000,1690064.5000,-69,-32768,-108
00:06:26,1998.91,25.30,35.91,3276.70,0.00,25.5995,25.6886,25.4030,25.4979,38211601,1188024,1684676,38225572.0000,1199363.5000,1689578.5000,-69,-32768,-108
00:06:29,2004.34,25.29,36.01,3276.70,0.00,25.5995,25.6773,25.4030,25.4780,38211601,1188484,1683288,38221760.0000,1196666.3750,1688878.5000,-69,-32768,-108
00:06:31,1950.04,25.28,36.14,3276.70,0.00,25.5865,25.6773,25.4030,25.4727,38211601,1188477,1684604,38220704.0000,1196169.3750,1688599.8750,-69,-32768,-108
00:06:34,1988.05,25.28,36.31,3276.70,0.00,25.5865,25.6586,25.3821,25.4622,38197041,1185578,1684604,38220704.0000,1196169.3750,1688599.8750,-69,-32768,-108
00:06:37,2004.34,25.27,36.73,3276.70,0.00,25.5733,25.6586,25.3735,25.4622,38197041,1182959,1684604,38217464.0000,1193909.0000,1687367.6250,-69,-32768,-108
00:06:39,1982.62,25.27,36.86,3276.70,0.00,25.5658,25.6431,25.3675,25.4466,38203528,1180940,1682124,38216728.0000,1193139.8750,1687203.7500,-69,-32768,-108
00:06:42,1988.05,25.26,37.20,3276.70,0.00,25.5658,25.6381,25.3675,25.4389,38203528,1179719,1682124,38214984.0000,1191599.8750,1686653.0000,-69,-32768,-108
00:06:43,1993.48,25.26,37.36,3276.70,0.00,25.5511,25.6281,25.3515,25.4311,38197573,1178548,1681811,38213924.0000,1190808.7500,1686374.7500,-69,-32768,-108
00:06:46,1998.91,25.26,37.55,3276.70,0.00,25.5511,25.6207,25.3515,25.4234,38195540,1178838,1681771,38212368.0000,1189687.7500,1685900.6250,-69,-32768,-108
00:06:47,2020.64,25.26,37.55,3276.70,0.00,25.5511,25.6133,25.3382,25.4157,38204420,1178769,1680940,38211380.0000,1188719.7500,1685465.8750,-69,-32768,-108
00:06:49,2009.78,25.25,37.55,3276.70,0.00,25.5364,25.6109,25.3365,25.4132,38199394,1177711,1681472,38211004.0000,1188375.7500,1685341.0000,-69,-32768,-108
00:06:50,1977.19,25.25,37.55,3276.70,0.00,25.5337,25.6061,25.3340,25.4084,38195838,1177040,1680775,38210068.0000,1187672.8750,1685075.0000,-69,-32768,-108
00:06:52,1982.62,25.25,37.95,3276.70,0.00,25.5323,25.6038,25.3340,25.4036,38195838,1176084,1680775,38208752.0000,1186628.0000,1684680.8750,-69,-32768,-108
00:06:54,2004.34,25.24,38.30,3276.70,0.00,25.5261,25.5947,25.3257,25.4036,38195451,1173818,1680397,38208072.0000,1185859.0000,1684410.7500,-69,-32768,-108
00:06:55,1988.05,25.24,38.32,3276.70,0.00,25.5247,25.5925,25.3231,25.3944,38192934,1174294,1681126,38207600.0000,1185497.6250,1684308.1250,-69,-32768,-108
00:06:58,2004.34,25.24,38.32,3276.70,0.00,25.5214,25.5925,25.3200,25.3944,38196187,1173904,1678892,38206112.0000,1184241.5000,1683760.0000,-69,-32768,-108
00:07:01,1998.91,25.24,38.57,3276.70,0.00,25.5214,25.5798,25.3200,25.3788,38196187,1171584,1679307,38204072.0000,1182801.8750,1683260.7500,-69,-32768,-108
00:07:03,2009.78,25.24,38.79,3276.70,0.00,25.5112,25.5757,25.3200,25.3788,38195343,1171343,1679433,38203800.0000,1182443.7500,1683141.1250,-69,-32768,-108
00:07:05,2009.78,25.23,39.00,3276.70,0.00,25.5062,25.5694,25.3200,25.3703,38188417,1171352,1679728,38203044.0000,1181422.2500,1683141.1250,-69,-32768,-108
00:07:07,1998.91,25.23,39.11,3276.70,0.00,25.5059,25.5694,25.3071,25.3703,38190907,1171352,1679728,38201608.0000,1180459.1250,1682440.8750,-69,-32768,-108
00:07:09,2004.34,25.23,39.15,3276.70,0.00,25.5039,25.5598,25.3071,25.3593,38190438,1169952,1678742,38200704.0000,1180459.1250,1682198.8750,-69,-32768,-108
00:07:11,2031.50,25.23,39.05,3276.70,0.00,25.5020,25.5545,25.3039,25.3559,38181498,1169005,1678742,38199336.0000,1180459.1250,1681902.2500,-69,-32768,-108
00:07:14,2004.34,25.23,39.29,3276.70,0.00,25.5020,25.5495,25.3039,25.3490,38186724,1166631,1677747,38198288.0000,1177794.0000,1681902.2500,-69,-32768,-108
00:07:15,1998.91,25.22,39.67,3276.70,0.00,25.4934,25.5445,25.2955,25.3457,38180019,1166384,1677747,38197160.0000,1177080.1250,1681338.7500,-69,-32768,-108
00:07:17,2004.34,25.22,39.82,3276.70,0.00,25.4943,25.5429,25.2943,25.3457,38184578,1167748,1677614,38196212.0000,1176491.2500,1681108.2500,-69,-32768,-108
00:07:19,2015.21,25.22,39.82,3276.70,0.00,25.4907,25.5382,25.2912,25.3393,38183232,1165784,1679039,38195568.0000,1175871.2500,1680974.7500,-69,-32768,-108
00:07:20,1977.19,25.22,39.75,3276.70,0.00,25.4890,25.5352,25.2899,25.3362,38181663,1165486,1679039,38194304.0000,1174911.5000,1680678.6250,-69,-32768,-108
00:07:22,2015.21,25.22,39.90,3276.70,0.00,25.4874,25.5322,25.2903,25.3362,38181663,1165166,1678672,38193684.0000,1174291.7500,1680511.6250,-69,-32768,-108
00:07:24,2009.78,25.21,40.14,3276.70,0.00,25.4872,25.5295,25.2898,25.3306,38185758,1165494,1678332,38193436.0000,1174291.7500,1680364.7500,-69,-32768,-108
00:07:26,2042.36,25.21,40.30,3276.70,0.00,25.4872,25.5255,25.2866,25.3266,38179033,1164646,1677730,38191732.0000,1172852.7500,1680134.8750,-69,-32768,-108
00:07:27,1993.48,25.21,40.04,3276.70,0.00,25.4859,25.5242,25.2855,25.3241,38176047,1162616,1677730,38191240.0000,1172532.8750,1680048.1250,-69,-32768,-108
00:07:30,2031.50,25.20,40.40,3276.70,0.00,25.4859,25.5205,25.2855,25.3204,38182038,1162616,1678222,38189676.0000,1172532.8750,1680048.1250,-69,-32768,-108
00:07:33,2069.51,25.20,40.62,3276.70,0.00,25.4859,25.5157,25.2855,25.3160,38175216,1160151,1678516,38188712.0000,1170281.7500,1679703.0000,-69,-32768,-108
00:07:35,2042.36,25.20,41.01,3276.70,0.00,25.4787,25.5123,25.2830,25.3139,38173735,1158813,1676963,38187868.0000,1169254.3750,1679481.2500,-69,-32768,-108
00:07:36,2031.50,25.19,41.01,3276.70,0.00,25.4781,25.5112,25.2823,25.3129,38176387,1158519,1676963,38187060.0000,1168918.8750,1679416.8750,-69,-32768,-108
00:07:38,2036.93,25.19,40.80,3276.70,0.00,25.4781,25.5079,25.2786,25.3099,38166367,1157624,1677000,38185944.0000,1167901.6250,1679416.8750,-69,-32768,-108
00:07:41,2004.34,25.19,41.24,3276.70,0.00,25.4781,25.5046,25.2786,25.3058,38175148,1157624,1677618,38183960.0000,1166674.0000,1678963.3750,-69,-32768,-108
00:07:43,2064.08,25.19,41.26,3276.70,0.00,25.4688,25.5046,25.2721,25.3058,38163958,1157087,1676222,38182764.0000,1166100.7500,1678809.5000,-69,-32768,-108
00:07:44,2064.08,25.19,41.42,3276.70,0.00,25.4676,25.4992,25.2717,25.3017,38169483,1155818,1677267,38181992.0000,1165487.0000,1678709.1250,-69,-32768,-108
00:07:48,2026.07,25.19,41.42,3276.70,0.00,25.4676,25.4961,25.2717,25.2987,38169483,1154157,1677267,38181992.0000,1164164.7500,1678388.8750,-69,-32768,-108
00:07:50,2042.36,25.19,41.71,3276.70,0.00,25.4626,25.4961,25.2671,25.2987,38166453,1154157,1677267,38179004.0000,1163209.7500,1678208.3750,-69,-32768,-108
00:07:52,2058.65,25.18,41.55,3276.70,0.00,25.4643,25.4904,25.2671,25.2987,38162042,1155580,1676761,38177980.0000,1162716.2500,1678103.5000,-69,-32768,-108
00:07:54,2091.23,25.18,41.55,3276.70,0.00,25.4643,25.4878,25.2671,25.2898,38162574,1154574,1675761,38176972.0000,1162716.2500,1677936.1250,-69,-32768,-108
00:07:57,2134.68,25.18,41.98,3276.70,0.00,25.4622,25.4862,25.2636,25.2898,38171049,1153761,1675761,38176972.0000,1162716.2500,1677840.2500,-69,-32768,-108
00:07:59,2074.94,25.18,42.45,3276.70,0.00,25.4591,25.4831,25.2587,25.2855,38167702,1153761,1676144,38175852.0000,1160729.2500,1677742.6250,-69,-32768,-108
00:08:00,2080.37,25.17,42.43,3276.70,0.00,25.4566,25.4822,25.2570,25.2846,38169860,1151871,1676418,38175340.0000,1160160.1250,1677660.3750,-69,-32768,-108
00:08:01,2047.79,25.17,42.46,3276.70,0.00,25.4515,25.4822,25.2528,25.2818,38161420,1151314,1675422,38174304.0000,1159599.7500,1677524.5000,-69,-32768,-108
00:08:04,1993.48,25.16,42.53,3276.70,0.00,25.4515,25.4774,25.2484,25.2798,38159378,1152680,1675115,38174304.0000,1158953.1250,1677524.5000,-69,-32768,-108
00:08:06,2020.64,25.16,42.55,3276.70,0.00,25.4515,25.4739,25.2484,25.2751,38155660,1152573,1675056,38171656.0000,1158346.8750,1677110.2500,-69,-32768,-108
00:08:10,2026.07,25.15,42.55,3276.70,0.00,25.4515,25.4700,25.2484,25.2711,38155660,1152982,1674510,38171656.0000,1157757.6250,1676863.0000,-69,-32768,-108
00:08:12,2026.07,25.13,42.90,3276.70,0.00,25.4515,25.4626,25.2131,25.2650,38153902,1154542,1674011,38168792.0000,1157468.3750,1676616.8750,-69,-32768,-108
00:08:14,2004.34,25.13,42.69,3276.70,0.00,25.4048,25.4591,25.2071,25.2615,38153210,1153247,1672149,38167888.0000,1157468.3750,1676247.3750,-69,-32768,-108
00:08:15,1960.90,25.12,42.63,3276.70,0.00,25.4019,25.4573,25.2049,25.2615,38152199,1152946,1672961,38166936.0000,1156984.0000,1676144.7500,-69,-32768,-108
00:08:17,1982.62,25.12,42.63,3276.70,0.00,25.3942,25.4518,25.1973,25.2542,38149252,1152581,1671440,38165832.0000,1156713.2500,1675908.8750,-69,-32768,-108
00:08:18,1993.48,25.12,42.71,3276.70,0.00,25.3902,25.4498,25.1943,25.2523,38143178,1154175,1672452,38164528.0000,1156512.8750,1675685.2500,-69,-32768,-108
00:08:20,1982.62,25.11,42.76,3276.70,0.00,25.3902,25.4438,25.1883,25.2466,38144270,1154020,1671797,38163440.0000,1156316.5000,1675332.8750,-69,-32768,-108
00:08:22,1988.05,25.10,42.94,3276.70,0.00,25.3772,25.4397,25.1850,25.2428,38145911,1155177,1671441,38162272.0000,1156316.5000,1675100.0000,-69,-32768,-108
00:08:24,1982.62,25.09,43.08,3276.70,0.00,25.3744,25.4357,25.1796,25.2390,38151994,1155902,1671870,38161488.0000,1156316.5000,1675100.0000,-69,-32768,-108
00:08:27,2031.50,25.09,43.25,3276.70,0.00,25.3744,25.4296,25.1796,25.2309,38151994,1153847,1670423,38158916.0000,1155931.1250,1674383.8750,-69,-32768,-108
00:08:28,1977.19,25.09,43.24,3276.70,0.00,25.3604,25.4254,25.1639,25.2269,38139555,1153574,1670468,38158312.0000,1155931.1250,1674261.5000,-69,-32768,-108
00:08:31,1977.19,25.08,43.31,3276.70,0.00,25.3604,25.4192,25.1639,25.2207,38140792,1153291,1669638,38156812.0000,1155643.2500,1674261.5000,-69,-32768,-108
00:08:33,1944.61,25.07,43.31,3276.70,0.00,25.3516,25.4131,25.1562,25.2168,38145978,1154332,1669684,38155964.0000,1155547.5000,1673604.8750,-69,-32768,-108
00:08:35,2009.78,25.06,43.88,3276.70,0.00,25.3516,25.4071,25.1562,25.2088,38146065,1151944,1669521,38154424.0000,1155200.1250,1673126.5000,-69,-32768,-108
00:08:36,1966.33,25.06,43.97,3276.70,0.00,25.3403,25.4030,25.1562,25.2088,38141348,1150214,1668019,38153752.0000,1154919.5000,1672830.2500,-69,-32768,-108
00:08:39,1971.76,25.06,43.97,3276.70,0.00,25.3403,25.3970,25.1416,25.2009,38137188,1149716,1669721,38152800.0000,1154592.8750,1672623.7500,-69,-32768,-108
00:08:40,1944.61,25.05,44.10,3276.70,0.00,25.3356,25.3970,25.1393,25.2009,38131097,1149869,1669101,38151264.0000,1154150.5000,1672341.5000,-69,-32768,-108
00:08:42,1901.16,25.05,44.31,3276.70,0.00,25.3319,25.3893,25.1349,25.1933,38135599,1150512,1669101,38151264.0000,1154036.7500,1672097.5000,-69,-32768,-108
00:08:45,1955.47,25.04,44.38,3276.70,0.00,25.3319,25.3836,25.1349,25.1876,38135599,1149069,1667759,38148664.0000,1153502.3750,1671704.1250,-69,-32768,-108
00:08:46,1895.73,25.04,44.34,3276.70,0.00,25.3319,25.3797,25.1247,25.1818,38139206,1148734,1668900,38147876.0000,1153196.6250,1671506.1250,-69,-32768,-108
00:08:49,1971.76,25.04,44.30,3276.70,0.00,25.3319,25.3757,25.1247,25.1780,38139206,1148479,1667475,38147876.0000,1152789.0000,1671188.7500,-69,-32768,-108
00:08:52,1944.61,25.03,44.32,3276.70,0.00,25.3121,25.3757,25.1247,25.1724,38125997,1148479,1667295,38147876.0000,1152789.0000,1670748.1250,-69,-32768,-108
00:08:54,1933.75,25.03,44.52,3276.70,0.00,25.3121,25.3757,25.1157,25.1724,38131053,1148479,1667295,38143340.0000,1151691.2500,1670573.8750,-69,-32768,-108
00:08:56,1944.61,25.03,44.52,3276.70,0.00,25.3121,25.3565,25.1157,25.1610,38123283,1143890,1667366,38141760.0000,1151043.2500,1670280.6250,-69,-32768,-108
00:08:59,1993.48,25.03,44.52,3276.70,0.00,25.3121,25.3535,25.1157,25.1566,38123283,1143042,1667072,38141760.0000,1150129.6250,1669910.0000,-69,-32768,-108
00:09:02,1971.76,25.03,45.21,3276.70,0.00,25.3121,25.3478,25.1157,25.1514,38123283,1141425,1666576,38141760.0000,1149135.6250,1669496.3750,-69,-32768,-108
00:09:05,1950.04,25.03,45.24,3276.70,0.00,25.3084,25.3441,25.1137,25.1514,38123283,1140358,1667177,38141760.0000,1148375.5000,1669305.3750,-69,-32768,-108
00:09:06,1955.47,25.03,45.43,3276.70,0.00,25.3070,25.3408,25.1117,25.1514,38117031,1141200,1666442,38135204.0000,1147952.2500,1669167.1250,-69,-32768,-108
00:09:09,1922.88,25.02,45.43,3276.70,0.00,25.3032,25.3374,25.1095,25.1514,38117031,1140830,1666631,38134100.0000,1147524.3750,1668987.1250,-69,-32768,-108
00:09:10,1933.75,25.02,45.77,3276.70,0.00,25.3007,25.3352,25.1073,25.1402,38119724,1139690,1665736,38133240.0000,1147060.7500,1668813.1250,-69,-32768,-108
00:09:11,1960.90,25.02,45.66,3276.70,0.00,25.2998,25.3329,25.1067,25.1381,38122193,1140696,1665736,38132596.0000,1146652.7500,1668696.7500,-69,-32768,-108
00:09:13,1912.02,25.02,45.92,3276.70,0.00,25.3003,25.3319,25.1071,25.1371,38116234,1140226,1666030,38132084.0000,1146451.8750,1668696.7500,-69,-32768,-108
00:09:14,1950.04,25.02,46.02,3276.70,0.00,25.3008,25.3299,25.1055,25.1352,38113588,1140940,1666389,38131072.0000,1146089.8750,1668478.8750,-69,-32768,-108
00:09:15,1971.76,25.02,46.02,3276.70,0.00,25.3007,25.3281,25.1045,25.1332,38123881,1141098,1666482,38130516.0000,1145805.5000,1668336.5000,-69,-32768,-108
00:09:17,1906.59,25.02,46.13,3276.70,0.00,25.3000,25.3272,25.1039,25.1323,38119881,1139481,1666518,38129792.0000,1145805.5000,1668231.8750,-69,-32768,-108
00:09:19,1939.18,25.02,46.29,3276.70,0.00,25.2980,25.3246,25.1015,25.1295,38117845,1139481,1666518,38129096.0000,1145005.0000,1668231.8750,-69,-32768,-108
00:09:21,1917.45,25.02,46.33,3276.70,0.00,25.2976,25.3246,25.1006,25.1295,38115594,1136613,1665490,38127728.0000,1144052.7500,1667928.8750,-69,-32768,-108
00:09:23,1966.33,25.02,46.64,3276.70,0.00,25.2976,25.3205,25.0992,25.1252,38113640,1135910,1666299,38126960.0000,1143538.1250,1667822.6250,-69,-32768,-108
00:09:25,1939.18,25.02,46.64,3276.70,0.00,25.2954,25.3183,25.0981,25.1227,38116934,1134735,1666089,38126272.0000,1143008.3750,1667714.6250,-69,-32768,-108
00:09:27,1955.47,25.02,46.64,3276.70,0.00,25.2954,25.3161,25.0989,25.1205,38109531,1135132,1665764,38124936.0000,1142256.3750,1667553.0000,-69,-32768,-108
00:09:31,1955.47,25.02,46.76,3276.70,0.00,25.2954,25.3147,25.0989,25.1185,38109531,1135130,1665167,38123400.0000,1142256.3750,1667317.6250,-69,-32768,-108
00:09:34,1960.90,25.02,47.01,3276.70,0.00,25.2954,25.3118,25.0989,25.1158,38109531,1134065,1665754,38121780.0000,1140323.5000,1667042.2500,-69,-32768,-108
00:09:36,1960.90,25.02,47.01,3276.70,0.00,25.2970,25.3104,25.1018,25.1150,38111487,1134065,1665754,38120836.0000,1139879.1250,1666988.8750,-69,-32768,-108
00:09:38,1966.33,25.01,47.40,3276.70,0.00,25.2971,25.3095,25.1015,25.1141,38107837,1133605,1667313,38120836.0000,1139879.1250,1666995.3750,-69,-32768,-108
00:09:39,1950.04,25.01,47.59,3276.70,0.00,25.2977,25.3087,25.1018,25.1133,38109111,1132407,1667702,38120836.0000,1139027.3750,1666998.2500,-69,-32768,-108
00:09:41,1966.33,25.00,47.70,3276.70,0.00,25.2977,25.3077,25.1018,25.1118,38107882,1130530,1666247,38118804.0000,1138263.5000,1666898.5000,-69,-32768,-108
00:09:44,1928.32,25.01,47.73,3276.70,0.00,25.2977,25.3077,25.1012,25.1114,38107882,1130530,1666302,38118844.0000,1137844.8750,1666898.5000,-69,-32768,-108
00:09:45,2004.34,25.01,47.85,3276.70,0.00,25.2996,25.3077,25.1043,25.1114,38110088,1129209,1666738,38118128.0000,1137116.5000,1666834.3750,-69,-32768,-108
00:09:47,2009.78,25.01,47.83,3276.70,0.00,25.3020,25.3060,25.1064,25.1114,38109123,1129260,1666738,38118128.0000,1136624.7500,1666858.0000,-69,-32768,-108
00:09:49,1998.91,25.01,48.05,3276.70,0.00,25.3047,25.3058,25.1090,25.1114,38109123,1127677,1666912,38117264.0000,1136087.7500,1666861.1250,-69,-32768,-108
00:09:52,1998.91,25.01,48.28,3276.70,0.00,25.3047,25.3057,25.1090,25.1100,38109123,1128048,1667568,38116936.0000,1135063.8750,1666922.8750,-69,-32768,-108
00:09:54,2009.78,25.01,48.28,3276.70,0.00,25.3099,25.3057,25.1154,25.1103,38113815,1126323,1666328,38116720.0000,1134553.3750,1666901.1250,-69,-32768,-108
00:09:56,2031.50,25.02,48.28,3276.70,0.00,25.3099,25.3066,25.1176,25.1106,38111695,1124522,1667536,38116380.0000,1133949.8750,1666905.6250,-69,-32768,-108
00:09:58,2031.50,25.02,48.48,3276.70,0.00,25.3099,25.3073,25.1176,25.1114,38111695,1124316,1668035,38116100.0000,1133099.2500,1667039.6250,-69,-32768,-108
00:10:00,2026.07,25.02,48.48,3276.70,0.00,25.3223,25.3086,25.1240,25.1124,38107568,1123862,1667107,38115476.0000,1132244.8750,1667046.5000,-69,-32768,-108
00:10:02,2026.07,25.02,48.86,3276.70,0.00,25.3240,25.3095,25.1242,25.1124,38126954,1123306,1667107,38116016.0000,1131409.5000,1667169.2500,-69,-32768,-108
00:10:04,2042.36,25.02,48.80,3276.70,0.00,25.3244,25.3112,25.1241,25.1141,38121424,1121364,1668991,38116256.0000,1130807.0000,1667272.6250,-69,-32768,-108
00:10:05,2058.65,25.03,48.90,3276.70,0.00,25.3248,25.3116,25.1226,25.1143,38119286,1120703,1668931,38116352.0000,1130807.0000,1667355.3750,-69,-32768,-108
00:10:06,2036.93,25.03,48.89,3276.70,0.00,25.3247,25.3120,25.1217,25.1147,38114235,1120081,1668521,38116216.0000,1129859.1250,1667391.8750,-69,-32768,-108
00:10:09,2058.65,25.03,48.99,3276.70,0.00,25.3240,25.3120,25.1206,25.1147,38115740,1120305,1667444,38116184.0000,1129859.1250,1667451.5000,-69,-32768,-108
00:10:11,2069.51,25.03,48.99,3276.70,0.00,25.3223,25.3136,25.1210,25.1154,38115514,1119127,1667444,38116124.0000,1129859.1250,1667553.6250,-69,-32768,-108
00:10:15,2042.36,25.04,49.13,3276.70,0.00,25.3223,25.3136,25.1220,25.1154,38110692,1119127,1668193,38116124.0000,1126817.6250,1667591.3750,-69,-32768,-108
00:10:17,2064.08,25.04,49.29,3276.70,0.00,25.3223,25.3151,25.1220,25.1168,38113103,1116050,1667948,38115684.0000,1125889.5000,1667678.5000,-69,-32768,-108
00:10:18,2096.67,25.04,49.48,3276.70,0.00,25.3207,25.3154,25.1234,25.1170,38108380,1115738,1667454,38115456.0000,1125572.2500,1667671.5000,-69,-32768,-108
00:10:20,2047.79,25.05,49.60,3276.70,0.00,25.3211,25.3155,25.1234,25.1174,38108380,1114380,1668808,38114848.0000,1125572.2500,1667727.0000,-69,-32768,-108
00:10:23,2074.94,25.05,49.69,3276.70,0.00,25.3220,25.3155,25.1219,25.1174,38113751,1114380,1668791,38114392.0000,1123662.3750,1667806.8750,-69,-32768,-108
00:10:26,2107.53,25.05,49.82,3276.70,0.00,25.3220,25.3168,25.1219,25.1182,38113751,1113140,1668791,38114392.0000,1123662.3750,1667806.8750,-69,-32768,-108
00:10:29,2091.23,25.05,49.87,3276.70,0.00,25.3220,25.3173,25.1219,25.1182,38102620,1112404,1667660,38112748.0000,1121287.3750,1667845.5000,-69,-32768,-108
00:10:30,2053.22,25.06,49.97,3276.70,0.00,25.3174,25.3173,25.1177,25.1182,38099723,1112344,1667903,38112344.0000,1121007.8750,1667847.3750,-69,-32768,-108
00:10:32,2123.82,25.06,49.97,3276.70,0.00,25.3166,25.3172,25.1173,25.1181,38103106,1111928,1668065,38111812.0000,1121007.8750,1667868.0000,-69,-32768,-108
00:10:34,2085.80,25.06,50.22,3276.70,0.00,25.3165,25.3171,25.1146,25.1179,38103106,1111907,1668119,38111812.0000,1121007.8750,1667868.0000,-69,-32768,-108
00:10:36,2102.10,25.06,50.22,3276.70,0.00,25.3147,25.3169,25.1137,25.1175,38101596,1111859,1667557,38110864.0000,1119200.7500,1667868.0000,-69,-32768,-108
00:10:40,2102.10,25.06,50.22,3276.70,0.00,25.3147,25.3167,25.1137,25.1171,38101596,1111836,1667557,38110048.0000,1118128.7500,1667868.0000,-69,-32768,-108
00:10:42,2091.23,25.06,50.26,3276.70,0.00,25.3147,25.3160,25.1137,25.1165,38101596,1112890,1668001,38108376.0000,1117419.3750,1667674.0000,-69,-32768,-108
00:10:46,2074.94,25.06,50.23,3276.70,0.00,25.3064,25.3160,25.1137,25.1155,38097273,1112890,1665440,38108376.0000,1117022.3750,1667674.0000,-69,-32768,-108
00:10:47,2140.11,25.05,50.30,3276.70,0.00,25.2966,25.3160,25.0959,25.1136,38103201,1113728,1666321,38106452.0000,1116702.8750,1667438.3750,-69,-32768,-108
00:10:49,2064.08,25.05,50.41,3276.70,0.00,25.2966,25.3114,25.0959,25.1114,38097946,1113206,1665819,38105536.0000,1116380.6250,1667297.6250,-69,-32768,-108
00:10:51,2058.65,25.05,50.53,3276.70,0.00,25.2821,25.3096,25.0854,25.1106,38100996,1113206,1665934,38105232.0000,1116179.3750,1667205.0000,-69,-32768,-108
00:10:54,2053.22,25.05,50.45,3276.70,0.00,25.2777,25.3077,25.0806,25.1078,38092053,1112939,1665082,38105232.0000,1116179.3750,1667205.0000,-69,-32768,-108
00:10:55,2020.64,25.04,50.42,3276.70,0.00,25.2703,25.3045,25.0734,25.1057,38090354,1113820,1665082,38103228.0000,1115777.3750,1666893.5000,-69,-32768,-108
00:10:59,1993.48,25.03,50.45,3276.70,0.00,25.2703,25.3008,25.0734,25.1007,38090354,1115444,1665082,38100992.0000,1115699.1250,1666535.3750,-69,-32768,-108
00:11:01,2036.93,25.03,50.28,3276.70,0.00,25.2703,25.2948,25.0734,25.0943,38086255,1117047,1664650,38099904.0000,1115821.7500,1666344.7500,-69,-32768,-108
00:11:03,1998.91,25.02,50.48,3276.70,0.00,25.2354,25.2912,25.0734,25.0908,38086255,1117184,1662470,38099060.0000,1115899.0000,1666143.7500,-69,-32768,-108
00:11:05,1971.76,25.01,50.65,3276.70,0.00,25.2251,25.2912,25.0245,25.0850,38087664,1117119,1662587,38097904.0000,1116024.5000,1665785.8750,-69,-32768,-108
00:11:06,1988.05,25.00,50.69,3276.70,0.00,25.2194,25.2813,25.0208,25.0830,38085080,1116971,1662587,38097504.0000,1116054.1250,1665703.8750,-69,-32768,-108
00:11:09,1955.47,25.00,50.70,3276.70,0.00,25.2194,25.2771,25.0208,25.0768,38085080,1116971,1661567,38095080.0000,1116157.7500,1665243.8750,-69,-32768,-108
00:11:12,1977.19,24.99,50.70,3276.70,0.00,25.2194,25.2685,25.0208,25.0683,38085080,1118332,1661019,38093936.0000,1116376.5000,1664827.0000,-69,-32768,-108
00:11:13,1982.62,24.98,50.67,3276.70,0.00,25.1942,25.2685,24.9973,25.0640,38073105,1118416,1660562,38092392.0000,1116605.8750,1664489.8750,-69,-32768,-108
00:11:15,1928.32,24.98,50.78,3276.70,0.00,25.1942,25.2685,24.9933,25.0597,38080331,1117966,1661346,38092016.0000,1116648.3750,1664391.6250,-69,-32768,-108
00:11:18,1944.61,24.97,50.78,3276.70,0.00,25.1868,25.2685,24.9898,25.0597,38075256,1117966,1660344,38092016.0000,1116798.6250,1663933.7500,-69,-32768,-108
00:11:20,1901.16,24.96,50.78,3276.70,0.00,25.1868,25.2445,24.9898,25.0450,38074486,1117452,1659893,38088784.0000,1116881.1250,1663933.7500,-69,-32768,-108
00:11:22,1874.01,24.96,51.15,3276.70,0.00,25.1785,25.2404,24.9812,25.0430,38075264,1117141,1659608,38088360.0000,1116889.2500,1663478.3750,-69,-32768,-108
00:11:24,1879.44,24.96,51.15,3276.70,0.00,25.1785,25.2345,24.9812,25.0353,38067371,1117276,1657957,38086288.0000,1116881.1250,1662945.5000,-69,-32768,-108
00:11:26,1922.88,24.96,51.17,3276.70,0.00,25.1785,25.2289,24.9745,25.0315,38071876,1117016,1659191,38085232.0000,1116881.1250,1662565.0000,-69,-32768,-108
00:11:29,1917.45,24.95,51.32,3276.70,0.00,25.1785,25.2253,24.9745,25.0263,38071876,1115281,1659191,38083552.0000,1116804.3750,1662184.3750,-69,-32768,-108
00:11:31,1944.61,24.95,51.44,3276.70,0.00,25.1768,25.2253,24.9783,25.0263,38071015,1113839,1659045,38082192.0000,1116576.3750,1661875.8750,-69,-32768,-108
00:11:34,1895.73,24.95,51.54,3276.70,0.00,25.1823,25.2157,24.9827,25.0181,38073337,1112907,1659045,38082192.0000,1116576.3750,1661521.8750,-69,-32768,-108
00:11:36,1933.75,24.95,51.54,3276.70,0.00,25.1861,25.2128,24.9868,25.0150,38077369,1111660,1659397,38080928.0000,1115969.7500,1661455.3750,-69,-32768,-108
00:11:38,1933.75,24.95,51.97,3276.70,0.00,25.1861,25.2112,24.9868,25.0127,38077369,1111110,1659234,38079928.0000,1115376.8750,1661205.1250,-69,-32768,-108
00:11:39,1955.47,24.95,52.24,3276.70,0.00,25.1928,25.2094,24.9946,25.0115,38078541,1111240,1660780,38079884.0000,1115247.6250,1661191.8750,-69,-32768,-108
00:11:41,1895.73,24.96,52.28,3276.70,0.00,25.1952,25.2089,24.9952,25.0110,38079393,1110125,1660633,38079868.0000,1115247.6250,1661147.6250,-69,-32768,-108
00:11:43,1928.32,24.96,52.32,3276.70,0.00,25.1952,25.2082,24.9952,25.0096,38077901,1108581,1660228,38079588.0000,1114535.3750,1661101.1250,-69,-32768,-108
00:11:44,1977.19,24.96,52.40,3276.70,0.00,25.2042,25.2077,25.0026,25.0090,38070866,1107877,1660711,38079176.0000,1114132.8750,1661076.7500,-69,-32768,-108
00:11:46,1928.32,24.97,52.44,3276.70,0.00,25.2042,25.2076,25.0026,25.0089,38074551,1106716,1660599,38078764.0000,1113694.2500,1661060.2500,-69,-32768,-108
00:11:47,2020.64,24.97,52.55,3276.70,0.00,25.2136,25.2079,25.0135,25.0091,38076146,1106214,1661208,38078684.0000,1113460.5000,1661064.8750,-69,-32768,-108
00:11:48,1993.48,24.98,52.49,3276.70,0.00,25.2192,25.2079,25.0159,25.0094,38075708,1105133,1662336,38078560.0000,1112964.7500,1661130.5000,-69,-32768,-108
00:11:50,2009.78,24.98,52.48,3276.70,0.00,25.2211,25.2088,25.0162,25.0096,38081159,1104855,1662657,38078644.0000,1112711.3750,1661178.2500,-69,-32768,-108
00:11:52,1971.76,24.98,52.67,3276.70,0.00,25.2211,25.2102,25.0198,25.0103,38078239,1104034,1662021,38078644.0000,1111701.2500,1661302.6250,-69,-32768,-108
00:11:54,2015.21,24.99,52.96,3276.70,0.00,25.2266,25.2111,25.0231,25.0103,38082962,1102718,1662562,38079200.0000,1111701.2500,1661430.3750,-69,-32768,-108
00:11:57,2015.21,24.99,53.09,3276.70,0.00,25.2299,25.2111,25.0300,25.0103,38073101,1101822,1662440,38079048.0000,1110342.3750,1661499.1250,-69,-32768,-108
00:11:58,2042.36,24.99,53.33,3276.70,0.00,25.2340,25.2139,25.0326,25.0103,38074519,1101620,1662844,38078824.0000,1109809.3750,1661499.1250,-69,-32768,-108
00:12:02,2047.79,24.99,53.33,3276.70,0.00,25.2340,25.2169,25.0326,25.0163,38074519,1101251,1663877,38078824.0000,1108600.3750,1661845.2500,-69,-32768,-108
00:12:04,2015.21,25.00,53.35,3276.70,0.00,25.2484,25.2196,25.0326,25.0163,38082143,1100423,1663542,38079028.0000,1108600.3750,1661845.2500,-69,-32768,-108
00:12:06,2009.78,25.00,53.62,3276.70,0.00,25.2545,25.2234,25.0505,25.0222,38079204,1099320,1664053,38079120.0000,1107326.6250,1662173.0000,-69,-32768,-108
00:12:08,2118.39,25.01,53.51,3276.70,0.00,25.2556,25.2244,25.0527,25.0222,38076198,1098954,1664349,38078968.0000,1107326.6250,1662354.6250,-69,-32768,-108
00:12:09,2047.79,25.01,53.80,3276.70,0.00,25.2596,25.2275,25.0565,25.0261,38082102,1098044,1664928,38079304.0000,1106300.6250,1662354.6250,-69,-32768,-108
00:12:11,2036.93,25.01,53.80,3276.70,0.00,25.2603,25.2275,25.0585,25.0261,38082355,1097551,1664325,38079308.0000,1105502.3750,1662596.0000,-69,-32768,-108
00:12:13,2064.08,25.02,53.96,3276.70,0.00,25.2611,25.2313,25.0596,25.0299,38079765,1098219,1664849,38079324.0000,1105274.7500,1662596.0000,-69,-32768,-108
00:12:15,2085.80,25.02,54.04,3276.70,0.00,25.2650,25.2313,25.0633,25.0328,38075218,1096788,1664892,38079512.0000,1104561.1250,1662596.0000,-69,-32768,-108
00:12:18,2031.50,25.02,54.04,3276.70,0.00,25.2650,25.2313,25.0633,25.0357,38075218,1096813,1665868,38079536.0000,1103613.8750,1663139.3750,-69,-32768,-108
00:12:20,2058.65,25.03,54.14,3276.70,0.00,25.2688,25.2391,25.0633,25.0385,38084349,1095743,1665433,38079984.0000,1103148.7500,1663308.7500,-69,-32768,-108
00:12:21,2080.37,25.03,54.21,3276.70,0.00,25.2697,25.2419,25.0688,25.0403,38076845,1095265,1664301,38079984.0000,1103148.7500,1663381.1250,-69,-32768,-108
00:12:23,2091.23,25.03,54.04,3276.70,0.00,25.2703,25.2436,25.0688,25.0420,38079491,1095265,1665632,38079504.0000,1101936.7500,1663501.8750,-69,-32768,-108
00:12:25,2145.54,25.03,54.04,3276.70,0.00,25.2704,25.2452,25.0694,25.0437,38074693,1094163,1665632,38079120.0000,1101458.6250,1663541.6250,-69,-32768,-108
00:12:26,2183.56,25.04,54.04,3276.70,0.00,25.2705,25.2475,25.0704,25.0461,38076864,1094723,1664480,38079068.0000,1101041.7500,1663573.1250,-69,-32768,-108
00:12:28,2085.80,25.04,54.25,3276.70,0.00,25.2706,25.2482,25.0704,25.0461,38075284,1094177,1664253,38078948.0000,1100827.2500,1663594.3750,-69,-32768,-108
00:12:29,2096.67,25.04,54.29,3276.70,0.00,25.2712,25.2489,25.0716,25.0475,38076900,1093921,1664728,38078748.0000,1100395.1250,1663668.0000,-69,-32768,-108
00:12:31,2091.23,25.04,54.36,3276.70,0.00,25.2724,25.2503,25.0723,25.0475,38076900,1093580,1665172,38078640.0000,1100182.2500,1663715.0000,-69,-32768,-108
00:12:32,2091.23,25.04,54.47,3276.70,0.00,25.2724,25.2523,25.0725,25.0511,38080443,1092803,1664514,38078720.0000,1099532.5000,1663800.6250,-69,-32768,-108
00:12:35,2080.37,25.04,54.45,3276.70,0.00,25.2724,25.2535,25.0725,25.0531,38071207,1092405,1664729,38078336.0000,1098914.1250,1663932.3750,-69,-32768,-108
00:12:37,2085.80,25.05,54.45,3276.70,0.00,25.2736,25.2535,25.0725,25.0544,38079585,1092283,1665404,38078320.0000,1098914.1250,1664044.0000,-69,-32768,-108
00:12:39,2112.96,25.05,54.40,3276.70,0.00,25.2743,25.2564,25.0764,25.0557,38068511,1092294,1665600,38078320.0000,1098914.1250,1664044.0000,-69,-32768,-108
00:12:40,2107.53,25.05,54.54,3276.70,0.00,25.2763,25.2576,25.0784,25.0571,38079849,1091757,1664442,38078068.0000,1097748.6250,1664144.5000,-69,-32768,-108
00:12:42,2096.67,25.05,54.67,3276.70,0.00,25.2768,25.2582,25.0785,25.0571,38075913,1091603,1665637,38077872.0000,1097365.7500,1664144.5000,-69,-32768,-108
00:12:43,2123.82,25.05,54.61,3276.70,0.00,25.2798,25.2600,25.0785,25.0571,38070331,1091838,1664984,38077276.0000,1096859.3750,1664289.2500,-69,-32768,-108
00:12:45,2118.39,25.05,54.55,3276.70,0.00,25.2825,25.2600,25.0832,25.0571,38078288,1091786,1665820,38077268.0000,1096551.0000,1664380.0000,-69,-32768,-108
00:12:48,2150.97,25.05,54.55,3276.70,0.00,25.2831,25.2600,25.0832,25.0636,38078288,1090853,1666056,38077384.0000,1096046.8750,1664478.2500,-69,-32768,-108
00:12:50,2107.53,25.05,55.00,3276.70,0.00,25.2854,25.2650,25.0848,25.0649,38077311,1090858,1666418,38077308.0000,1095577.7500,1664638.0000,-69,-32768,-108
00:12:52,2134.68,25.05,55.00,3276.70,0.00,25.2854,25.2669,25.0848,25.0672,38074846,1090221,1665484,38077204.0000,1095107.6250,1664734.6250,-69,-32768,-108
00:12:54,2145.54,25.05,55.00,3276.70,0.00,25.2854,25.2687,25.0848,25.0683,38074286,1089838,1665990,38077052.0000,1094788.6250,1664790.8750,-69,-32768,-108
00:12:57,2112.96,25.05,55.00,3276.70,0.00,25.2854,25.2703,25.0848,25.0696,38074286,1089572,1665911,38076924.0000,1094176.3750,1664988.8750,-69,-32768,-108
00:12:59,2129.25,25.06,55.09,3276.70,0.00,25.2848,25.2703,25.0822,25.0696,38076527,1088938,1666551,38076924.0000,1094176.3750,1665103.5000,-69,-32768,-108
00:13:02,2156.40,25.06,54.91,3276.70,0.00,25.2848,25.2727,25.0822,25.0723,38076223,1088508,1665591,38076656.0000,1093245.1250,1665153.8750,-69,-32768,-108
00:13:04,2150.97,25.06,55.02,3276.70,0.00,25.2848,25.2739,25.0852,25.0730,38077517,1087988,1666194,38076704.0000,1092927.7500,1665212.1250,-69,-32768,-108
00:13:06,2102.10,25.06,55.02,3276.70,0.00,25.2855,25.2746,25.0837,25.0737,38067412,1088034,1665021,38076348.0000,1092927.7500,1665219.5000,-69,-32768,-108
00:13:07,2140.11,25.06,55.37,3276.70,0.00,25.2840,25.2752,25.0824,25.0737,38069743,1088769,1665665,38075732.0000,1092244.0000,1665237.1250,-69,-32768,-108
00:13:08,2129.25,25.06,55.33,3276.70,0.00,25.2830,25.2757,25.0817,25.0746,38072828,1089100,1666170,38075640.0000,1092145.7500,1665266.3750,-69,-32768,-108
00:13:10,2123.82,25.06,55.22,3276.70,0.00,25.2812,25.2758,25.0808,25.0747,38072341,1089006,1665884,38075536.0000,1092047.6250,1665285.6250,-69,-32768,-108
00:13:12,2150.97,25.06,55.31,3276.70,0.00,25.2812,25.2761,25.0808,25.0750,38074227,1089006,1665478,38075252.0000,1091712.8750,1665346.7500,-69,-32768,-108
00:13:14,2123.82,25.06,55.25,3276.70,0.00,25.2742,25.2760,25.0729,25.0750,38068754,1089034,1665478,38075000.0000,1091548.8750,1665337.2500,-69,-32768,-108
00:13:17,2112.96,25.06,55.25,3276.70,0.00,25.2742,25.2756,25.0703,25.0745,38070178,1089446,1663946,38074500.0000,1091329.8750,1665232.5000,-69,-32768,-108
00:13:18,2064.08,25.06,55.24,3276.70,0.00,25.2664,25.2751,25.0652,25.0741,38066855,1089824,1663061,38074264.0000,1091282.7500,1665232.5000,-69,-32768,-108
00:13:20,2091.23,25.06,55.17,3276.70,0.00,25.2583,25.2751,25.0652,25.0727,38060675,1090650,1663422,38073044.0000,1091189.5000,1665032.1250,-69,-32768,-108
00:13:23,2064.08,25.06,55.06,3276.70,0.00,25.2439,25.2718,25.0451,25.0711,38060675,1090650,1663422,38071192.0000,1091325.2500,1664836.3750,-69,-32768,-108
00:13:23,2042.36,25.05,54.91,3276.70,0.00,25.2276,25.2682,25.0271,25.0675,38057266,1094423,1661849,38070760.0000,1091422.0000,1664743.0000,-69,-32768,-108
00:13:26,2020.64,25.04,54.94,3276.70,0.00,25.2220,25.2682,25.0153,25.0675,38052973,1095583,1661849,38070760.0000,1091422.0000,1664322.0000,-69,-32768,-108
00:13:30,1971.76,25.03,54.92,3276.70,0.00,25.2220,25.2576,25.0153,25.0570,38052973,1098125,1660970,38066760.0000,1091422.0000,1663903.5000,-69,-32768,-108
00:13:32,2009.78,25.02,54.88,3276.70,0.00,25.2220,25.2482,25.0153,25.0478,38050027,1099816,1659501,38065392.0000,1093063.3750,1663656.3750,-69,-32768,-108
00:13:35,1944.61,25.00,54.75,3276.70,0.00,25.2220,25.2404,25.0153,25.0399,38050027,1101464,1659501,38062224.0000,1094281.2500,1662884.2500,-69,-32768,-108
00:13:37,1944.61,24.98,54.87,3276.70,0.00,25.1496,25.2348,24.9496,25.0399,38048892,1101439,1657441,38061804.0000,1094281.2500,1662548.6250,-69,-32768,-108
00:13:38,1912.02,24.97,54.83,3276.70,0.00,25.1378,25.2263,24.9390,25.0399,38036976,1101816,1656627,38059656.0000,1095163.0000,1662152.5000,-69,-32768,-108
00:13:40,1890.30,24.97,54.83,3276.70,0.00,25.1302,25.2205,24.9315,25.0203,38033661,1101971,1655945,38058840.0000,1095375.7500,1661958.5000,-69,-32768,-108
00:13:42,1901.16,24.96,54.74,3276.70,0.00,25.1234,25.2145,24.9256,25.0145,38037150,1102423,1656091,38057520.0000,1095800.2500,1661588.5000,-69,-32768,-108
00:13:43,1901.16,24.95,54.74,3276.70,0.00,25.1178,25.2086,24.9186,25.0086,38034170,1102490,1655185,38056236.0000,1096213.5000,1661228.1250,-69,-32768,-108
00:13:44,1955.47,24.95,54.88,3276.70,0.00,25.1135,25.2028,24.9156,25.0029,38034871,1102921,1655574,38054940.0000,1096620.1250,1660866.5000,-69,-32768,-108
00:13:47,1846.86,24.94,54.99,3276.70,0.00,25.1106,25.2028,24.9156,25.0029,38033897,1104127,1654668,38053060.0000,1097247.5000,1660866.5000,-69,-32768,-108
00:13:49,1874.01,24.93,55.08,3276.70,0.00,25.1106,25.1884,24.9040,24.9862,38040674,1105232,1654229,38051612.0000,1098006.3750,1659838.6250,-69,-32768,-108
00:13:50,1846.86,24.92,55.06,3276.70,0.00,25.0989,25.1829,24.9030,24.9836,38042478,1105040,1653888,38051324.0000,1098226.2500,1659652.7500,-69,-32768,-108
00:13:53,1830.56,24.91,55.13,3276.70,0.00,25.0989,25.1776,24.9030,24.9759,38041957,1104252,1654677,38050456.0000,1098785.2500,1659238.3750,-69,-32768,-108
00:13:54,1835.99,24.90,55.13,3276.70,0.00,25.0933,25.1700,24.8966,24.9711,38034968,1104407,1654061,38049648.0000,1099115.3750,1658919.1250,-69,-32768,-108
00:13:56,1917.45,24.90,55.24,3276.70,0.00,25.0931,25.1652,24.8950,24.9664,38035784,1104780,1654464,38048768.0000,1099470.2500,1658643.6250,-69,-32768,-108
00:13:57,1857.72,24.89,55.36,3276.70,0.00,25.0914,25.1629,24.8942,24.9641,38036058,1104115,1654121,38048372.0000,1099470.2500,1658376.3750,-69,-32768,-108
00:13:58,1819.70,24.89,55.33,3276.70,0.00,25.0917,25.1584,24.8952,24.9598,38037789,1102874,1654983,38047672.0000,1099831.5000,1658270.3750,-69,-32768,-108
00:13:59,1819.70,24.89,55.42,3276.70,0.00,25.0911,25.1563,24.8967,24.9579,38034719,1102598,1654863,38047264.0000,1099917.8750,1658163.8750,-69,-32768,-108
00:14:01,1819.70,24.89,55.48,3276.70,0.00,25.0920,25.1543,24.8987,24.9560,38033714,1102092,1653932,38046488.0000,1100061.3750,1657916.6250,-69,-32768,-108
00:14:03,1825.13,24.88,55.48,3276.70,0.00,25.0920,25.1490,24.9032,24.9510,38033714,1102881,1654348,38045836.0000,1100283.6250,1657583.3750,-69,-32768,-108
00:14:05,1906.59,24.88,55.90,3276.70,0.00,25.1014,25.1445,24.9054,24.9467,38033714,1102289,1654462,38045244.0000,1100423.2500,1657386.0000,-69,-32768,-108
00:14:08,1863.15,24.88,56.01,3276.70,0.00,25.1014,25.1408,24.9054,24.9422,38041476,1100148,1655489,38044544.0000,1100546.3750,1657386.0000,-69,-32768,-108
00:14:09,1846.86,24.88,56.32,3276.70,0.00,25.1114,25.1389,24.9141,24.9413,38045636,1099037,1656723,38044488.0000,1100438.6250,1657078.7500,-69,-32768,-108
00:14:11,1879.44,24.88,56.36,3276.70,0.00,25.1176,25.1374,24.9199,24.9413,38045636,1099169,1656723,38043984.0000,1100372.5000,1656971.1250,-69,-32768,-108
00:14:13,1874.01,24.88,56.36,3276.70,0.00,25.1176,25.1361,24.9199,24.9382,38048837,1097446,1656449,38044036.0000,1100182.1250,1656923.5000,-69,-32768,-108
00:14:16,1906.59,24.89,56.67,3276.70,0.00,25.1358,25.1361,24.9402,24.9382,38049087,1095799,1656449,38044648.0000,1099880.2500,1656921.6250,-69,-32768,-108
00:14:17,1912.02,24.89,57.01,3276.70,0.00,25.1536,25.1372,24.9520,24.9391,38052553,1094404,1657722,38044836.0000,1099568.5000,1656949.3750,-69,-32768,-108
00:14:20,1906.59,24.90,57.01,3276.70,0.00,25.1536,25.1386,24.9577,24.9401,38049307,1092940,1658934,38045184.0000,1099178.7500,1656949.3750,-69,-32768,-108
00:14:22,1955.47,24.90,57.29,3276.70,0.00,25.1536,25.1412,24.9693,24.9424,38052372,1091665,1659269,38045580.0000,1099178.7500,1656949.3750,-69,-32768,-108
00:14:24,1977.19,24.91,57.51,3276.70,0.00,25.1815,25.1435,24.9693,24.9424,38050391,1088853,1660473,38046056.0000,1097691.8750,1657497.2500,-69,-32768,-108
00:14:27,2009.78,24.92,57.61,3276.70,0.00,25.1815,25.1495,24.9693,24.9500,38053845,1087167,1660672,38047016.0000,1096476.1250,1657497.2500,-69,-32768,-108
00:14:29,2031.50,24.94,57.74,3276.70,0.00,25.2128,25.1495,25.0141,24.9500,38053104,1087167,1662581,38047488.0000,1095393.2500,1658246.0000,-69,-32768,-108
00:14:31,2042.36,24.95,57.83,3276.70,0.00,25.2292,25.1619,25.0294,24.9616,38060686,1083196,1662490,38048136.0000,1094656.0000,1658520.0000,-69,-32768,-108
00:14:34,2058.65,24.95,57.77,3276.70,0.00,25.2425,25.1667,25.0294,24.9616,38060686,1080293,1662490,38048720.0000,1092975.0000,1659147.3750,-69,-32768,-108
00:14:36,2009.78,24.98,57.77,3276.70,0.00,25.2537,25.1667,25.0294,24.9756,38060296,1079380,1664335,38049216.0000,1092134.8750,1659455.3750,-69,-32768,-108
00:14:38,2042.36,24.99,57.85,3276.70,0.00,25.2606,25.1819,25.0560,24.9804,38053008,1078902,1663961,38049392.0000,1091326.5000,1659729.5000,-69,-32768,-108
00:14:40,2058.65,25.00,58.01,3276.70,0.00,25.2623,25.1819,25.0608,24.9804,38053008,1078009,1663176,38049740.0000,1090140.5000,1660110.5000,-69,-32768,-108
00:14:42,2064.08,25.00,58.01,3276.70,0.00,25.2690,25.1942,25.0646,24.9924,38056592,1077688,1666155,38050200.0000,1089376.8750,1660448.2500,-69,-32768,-108
00:14:44,2080.37,25.01,58.23,3276.70,0.00,25.2707,25.2011,25.0646,24.9924,38056592,1076790,1665472,38050448.0000,1087935.5000,1661027.1250,-69,-32768,-108
00:14:46,2020.64,25.02,58.04,3276.70,0.00,25.2706,25.2053,25.0663,25.0030,38056592,1077031,1664982,38050448.0000,1087257.3750,1661274.6250,-69,-32768,-108
00:14:49,2085.80,25.02,58.15,3276.70,0.00,25.2689,25.2110,25.0658,25.0087,38047996,1077436,1665464,38050536.0000,1086361.0000,1661633.5000,-69,-32768,-108
00:14:51,2096.67,25.03,58.32,3276.70,0.00,25.2638,25.2159,25.0613,25.0136,38047862,1077384,1665464,38050536.0000,1086361.0000,1661934.8750,-69,-32768,-108
00:14:53,2064.08,25.03,58.22,3276.70,0.00,25.2598,25.2186,25.0612,25.0136,38047862,1078916,1665464,38050640.0000,1084926.2500,1662234.7500,-69,-32768,-108
00:14:55,2064.08,25.03,58.24,3276.70,0.00,25.2607,25.2236,25.0602,25.0216,38052874,1078253,1665464,38050840.0000,1084525.6250,1662420.5000,-69,-32768,-108
00:14:57,2080.37,25.03,58.24,3276.70,0.00,25.2593,25.2257,25.0588,25.0239,38047435,1078119,1663171,38050812.0000,1084136.5000,1662505.3750,-69,-32768,-108
00:14:59,2042.36,25.02,58.37,3276.70,0.00,25.2572,25.2277,25.0588,25.0239,38044038,1078681,1663961,38050556.0000,1083607.3750,1662652.2500,-69,-32768,-108
00:15:00,2064.08,25.02,58.27,3276.70,0.00,25.2536,25.2293,25.0525,25.0275,38048868,1079378,1663453,38050296.0000,1083342.8750,1662687.5000,-69,-32768,-108
00:15:02,2140.11,25.02,58.29,3276.70,0.00,25.2502,25.2306,25.0492,25.0275,38048107,1079071,1663987,38050228.0000,1083209.3750,1662728.1250,-69,-32768,-108
00:15:04,2085.80,25.02,58.43,3276.70,0.00,25.2465,25.2316,25.0492,25.0275,38048107,1078990,1664091,38049440.0000,1083209.3750,1662877.7500,-69,-32768,-108
00:15:07,2069.51,25.02,58.43,3276.70,0.00,25.2429,25.2334,25.0444,25.0321,38042702,1078650,1663020,38048548.0000,1082332.8750,1662871.6250,-69,-32768,-108
00:15:09,2047.79,25.02,58.43,3276.70,0.00,25.2418,25.2334,25.0444,25.0327,38042702,1078653,1663020,38048084.0000,1081997.3750,1662955.6250,-69,-32768,-108
00:15:11,2074.94,25.02,58.61,3276.70,0.00,25.2397,25.2342,25.0404,25.0332,38045638,1078539,1663064,38048008.0000,1081889.3750,1662959.0000,-69,-32768,-108
00:15:13,2080.37,25.01,58.61,3276.70,0.00,25.2382,25.2345,25.0391,25.0332,38045638,1078456,1662504,38047132.0000,1081565.6250,1662926.7500,-69,-32768,-108
00:15:14,2047.79,25.01,58.71,3276.70,0.00,25.2368,25.2347,25.0383,25.0339,38047974,1078840,1663102,38047264.0000,1081403.3750,1662930.8750,-69,-32768,-108
00:15:17,2064.08,25.01,58.72,3276.70,0.00,25.2364,25.2347,25.0376,25.0339,38047974,1078612,1663124,38047264.0000,1081224.6250,1662925.1250,-69,-32768,-108
00:15:19,2064.08,25.01,58.63,3276.70,0.00,25.2364,25.2346,25.0354,25.0342,38047974,1078177,1662975,38046048.0000,1080888.1250,1662889.6250,-69,-32768,-108
00:15:22,2069.51,25.01,58.72,3276.70,0.00,25.2343,25.2346,25.0351,25.0342,38036888,1078084,1662975,38046048.0000,1080888.1250,1662864.5000,-69,-32768,-108
00:15:24,2031.50,25.01,58.78,3276.70,0.00,25.2343,25.2346,25.0351,25.0343,38041134,1079506,1663170,38044592.0000,1080515.5000,1662853.2500,-69,-32768,-108
00:15:26,2047.79,25.01,58.82,3276.70,0.00,25.2329,25.2343,25.0359,25.0343,38040902,1078591,1662633,38044592.0000,1080386.8750,1662842.6250,-69,-32768,-108
00:15:29,2085.80,25.00,58.82,3276.70,0.00,25.2339,25.2341,25.0359,25.0345,38040902,1078591,1662633,38043768.0000,1080083.3750,1662820.5000,-69,-32768,-108
00:15:33,2026.07,25.00,58.82,3276.70,0.00,25.2339,25.2341,25.0359,25.0346,38040902,1077278,1662633,38043768.0000,1079706.1250,1662830.3750,-69,-32768,-108
00:15:34,2102.10,25.00,58.99,3276.70,0.00,25.2308,25.2338,25.0346,25.0346,38031367,1077926,1662236,38042000.0000,1079650.5000,1662811.8750,-69,-32768,-108
00:15:36,2053.22,25.00,59.00,3276.70,0.00,25.2310,25.2337,25.0338,25.0346,38031367,1077729,1662236,38042000.0000,1079650.5000,1662811.8750,-69,-32768,-108
00:15:38,2058.65,25.00,59.05,3276.70,0.00,25.2318,25.2334,25.0324,25.0344,38035355,1077729,1662236,38041076.0000,1079238.6250,1662731.0000,-69,-32768,-108
00:15:41,2053.22,25.00,59.06,3276.70,0.00,25.2318,25.2330,25.0324,25.0339,38035355,1076630,1662615,38040800.0000,1079010.0000,1662710.8750,-69,-32768,-108
00:15:44,2053.22,24.99,59.21,3276.70,0.00,25.2318,25.2322,25.0271,25.0331,38037116,1077088,1661710,38040800.0000,1079010.0000,1662710.8750,-69,-32768,-108
00:15:46,2074.94,25.00,59.09,3276.70,0.00,25.2281,25.2317,25.0295,25.0326,38029678,1076551,1661517,38039692.0000,1078618.3750,1662553.5000,-69,-32768,-108
00:15:47,2074.94,25.00,59.16,3276.70,0.00,25.2293,25.2316,25.0305,25.0325,38032169,1076551,1661517,38039188.0000,1078476.1250,1662491.5000,-69,-32768,-108
00:15:50,2064.08,24.99,59.16,3276.70,0.00,25.2293,25.2314,25.0305,25.0323,38029740,1076283,1661590,38039188.0000,1078476.1250,1662417.8750,-69,-32768,-108
00:15:52,2091.23,24.99,59.10,3276.70,0.00,25.2269,25.2311,25.0293,25.0321,38028888,1076179,1661590,38037448.0000,1078103.6250,1662341.3750,-69,-32768,-108
00:15:54,2026.07,24.99,59.24,3276.70,0.00,25.2277,25.2307,25.0318,25.0320,38037023,1076382,1661729,38037456.0000,1078006.3750,1662292.5000,-69,-32768,-108
00:15:56,2069.51,24.99,59.24,3276.70,0.00,25.2277,25.2304,25.0290,25.0318,38034299,1076414,1661814,38037020.0000,1077851.0000,1662229.6250,-69,-32768,-108
00:15:59,2080.37,24.99,59.24,3276.70,0.00,25.2277,25.2300,25.0290,25.0313,38034299,1075415,1661826,38035956.0000,1077575.3750,1662181.3750,-69,-32768,-108
00:16:03,2074.94,24.99,59.24,3276.70,0.00,25.2277,25.2293,25.0290,25.0307,38027619,1075723,1661938,38035188.0000,1077334.2500,1662192.2500,-69,-32768,-108
00:16:04,2069.51,24.99,59.40,3276.70,0.00,25.2262,25.2291,25.0290,25.0307,38031955,1075309,1662168,38034428.0000,1077164.5000,1662125.7500,-69,-32768,-108
00:16:07,2058.65,24.99,59.39,3276.70,0.00,25.2262,25.2286,25.0247,25.0299,38035257,1075164,1662168,38034416.0000,1076975.5000,1662062.7500,-69,-32768,-108
00:16:09,2118.39,24.99,59.51,3276.70,0.00,25.2240,25.2284,25.0253,25.0296,38035257,1074812,1662007,38034416.0000,1076848.7500,1662065.2500,-69,-32768,-108
00:16:11,2069.51,24.99,59.49,3276.70,0.00,25.2240,25.2277,25.0257,25.0290,38030589,1075033,1662244,38034120.0000,1076669.6250,1662064.1250,-69,-32768,-108
00:16:14,2096.67,24.99,59.49,3276.70,0.00,25.2240,25.2274,25.0257,25.0287,38030589,1075033,1661969,38033440.0000,1076541.8750,1662074.2500,-69,-32768,-108
00:16:16,2074.94,24.99,59.54,3276.70,0.00,25.2240,25.2269,25.0257,25.0284,38027330,1074992,1661234,38032992.0000,1076411.7500,1662074.2500,-69,-32768,-108
00:16:19,2064.08,24.99,59.50,3276.70,0.00,25.2229,25.2269,25.0246,25.0284,38025366,1074732,1661541,38032648.0000,1076270.6250,1662027.6250,-69,-32768,-108
00:16:21,2053.22,24.99,59.66,3276.70,0.00,25.2211,25.2269,25.0234,25.0284,38028307,1075227,1661849,38032112.0000,1076270.6250,1662012.5000,-69,-32768,-108
00:16:23,2058.65,24.99,59.67,3276.70,0.00,25.2216,25.2256,25.0227,25.0284,38027033,1074896,1661849,38031720.0000,1076048.5000,1661985.2500,-69,-32768,-108
00:16:25,2091.23,24.99,59.72,3276.70,0.00,25.2197,25.2251,25.0194,25.0267,38029275,1074306,1661576,38031644.0000,1075994.0000,1661972.5000,-69,-32768,-108
00:16:27,2080.37,24.99,59.71,3276.70,0.00,25.2175,25.2244,25.0194,25.0259,38032131,1074582,1661307,38031688.0000,1075994.0000,1661890.2500,-69,-32768,-108
00:16:29,2074.94,24.99,59.66,3276.70,0.00,25.2186,25.2244,25.0196,25.0259,38027440,1074148,1661480,38031004.0000,1075687.1250,1661843.6250,-69,-32768,-108
00:16:31,2074.94,24.99,59.83,3276.70,0.00,25.2191,25.2234,25.0196,25.0259,38029369,1075254,1662149,38030736.0000,1075640.2500,1661840.2500,-69,-32768,-108
00:16:33,2091.23,24.99,59.80,3276.70,0.00,25.2186,25.2231,25.0204,25.0245,38027511,1074846,1661644,38030736.0000,1075575.5000,1661831.2500,-69,-32768,-108
00:16:34,2107.53,24.99,59.91,3276.70,0.00,25.2159,25.2225,25.0189,25.0240,38029247,1074582,1660976,38030472.0000,1075512.8750,1661777.1250,-69,-32768,-108
00:16:37,2085.80,24.98,59.91,3276.70,0.00,25.2159,25.2220,25.0189,25.0235,38023303,1074595,1660974,38030472.0000,1075512.8750,1661690.8750,-69,-32768,-108
00:16:39,2150.97,24.98,59.74,3276.70,0.00,25.2140,25.2212,25.0184,25.0232,38018536,1073705,1660005,38029464.0000,1075354.6250,1661638.2500,-69,-32768,-108
00:16:42,2053.22,24.98,59.74,3276.70,0.00,25.2140,25.2205,25.0184,25.0225,38018536,1073304,1660005,38028408.0000,1075070.0000,1661474.2500,-69,-32768,-108
00:16:46,2085.80,24.98,59.91,3276.70,0.00,25.2140,25.2205,25.0184,25.0220,38019351,1072929,1661002,38028408.0000,1075070.0000,1661474.2500,-69,-32768,-108
00:16:48,2064.08,24.98,59.98,3276.70,0.00,25.2168,25.2205,25.0184,25.0216,38022793,1072929,1661002,38027216.0000,1075070.0000,1661368.1250,-69,-32768,-108
00:16:49,2069.51,24.98,60.00,3276.70,0.00,25.2146,25.2192,25.0171,25.0213,38016074,1073085,1661002,38026392.0000,1074532.2500,1661344.2500,-69,-32768,-108
00:16:51,2102.10,24.98,59.89,3276.70,0.00,25.2133,25.2192,25.0171,25.0207,38028705,1072688,1660221,38026412.0000,1074423.3750,1661277.5000,-69,-32768,-108
00:16:54,2085.80,24.98,59.93,3276.70,0.00,25.2133,25.2182,25.0171,25.0202,38024936,1072637,1662031,38026412.0000,1074423.3750,1661258.7500,-69,-32768,-108
00:16:57,2053.22,24.98,59.98,3276.70,0.00,25.2161,25.2180,25.0171,25.0197,38024936,1073057,1661256,38026244.0000,1074127.3750,1661257.2500,-69,-32768,-108
00:17:00,2112.96,24.98,60.14,3276.70,0.00,25.2161,25.2175,25.0125,25.0197,38024936,1072076,1661563,38026244.0000,1073910.2500,1661219.1250,-69,-32768,-108
00:17:02,2096.67,24.98,60.07,3276.70,0.00,25.2105,25.2165,25.0094,25.0197,38019279,1071990,1661545,38025672.0000,1073757.8750,1661188.5000,-69,-32768,-108
00:17:04,2064.08,24.98,60.08,3276.70,0.00,25.2098,25.2161,25.0101,25.0174,38017461,1072155,1660945,38025416.0000,1073707.8750,1661166.8750,-69,-32768,-108
00:17:06,2085.80,24.98,60.07,3276.70,0.00,25.2098,25.2154,25.0086,25.0166,38024627,1072985,1660432,38025224.0000,1073628.5000,1661166.8750,-69,-32768,-108
00:17:08,2091.23,24.98,60.18,3276.70,0.00,25.2096,25.2152,25.0084,25.0166,38023206,1072869,1660609,38025224.0000,1073628.5000,1661066.2500,-69,-32768,-108
00:17:09,2096.67,24.98,60.08,3276.70,0.00,25.2083,25.2145,25.0075,25.0155,38015789,1072420,1659919,38024520.0000,1073515.8750,1661030.3750,-69,-32768,-108
00:17:10,2091.23,24.98,60.08,3276.70,0.00,25.2066,25.2143,25.0078,25.0153,38022987,1072412,1660061,38024472.0000,1073481.3750,1661000.1250,-69,-32768,-108
00:17:11,2085.80,24.98,60.07,3276.70,0.00,25.2069,25.2143,25.0062,25.0147,38018367,1072069,1660506,38023884.0000,1073395.7500,1660951.5000,-69,-32768,-108
00:17:13,2102.10,24.98,60.01,3276.70,0.00,25.2073,25.2136,25.0058,25.0144,38026180,1072033,1661097,38023956.0000,1073353.1250,1660956.0000,-69,-32768,-108
00:17:15,2107.53,24.98,60.13,3276.70,0.00,25.2063,25.2136,25.0046,25.0144,38019081,1071291,1660382,38023844.0000,1073137.8750,1660932.0000,-69,-32768,-108
00:17:17,2069.51,24.98,60.28,3276.70,0.00,25.2062,25.2124,25.0057,25.0129,38017994,1071209,1660445,38023844.0000,1073017.1250,1660932.0000,-69,-32768,-108
00:17:20,2107.53,24.98,60.33,3276.70,0.00,25.2062,25.2124,25.0028,25.0129,38019427,1071209,1660506,38023092.0000,1072770.2500,1660859.0000,-69,-32768,-108
00:17:21,2096.67,24.98,60.33,3276.70,0.00,25.2024,25.2109,25.0028,25.0111,38022399,1070783,1660592,38023072.0000,1072708.1250,1660850.6250,-69,-32768,-108
00:17:23,2085.80,24.98,60.36,3276.70,0.00,25.2022,25.2103,25.0009,25.0105,38024270,1071340,1660639,38022920.0000,1072708.1250,1660807.5000,-69,-32768,-108
00:17:24,2091.23,24.98,60.49,3276.70,0.00,25.2015,25.2098,25.0011,25.0099,38019010,1071199,1660315,38022728.0000,1072524.6250,1660792.1250,-69,-32768,-108
00:17:27,2134.68,24.98,60.49,3276.70,0.00,25.2015,25.2089,25.0019,25.0091,38017871,1071157,1660315,38022132.0000,1072404.8750,1660707.7500,-69,-32768,-108
00:17:29,2096.67,24.98,60.46,3276.70,0.00,25.2015,25.2084,25.0019,25.0084,38017511,1070856,1660089,38021808.0000,1072276.8750,1660662.7500,-69,-32768,-108
00:17:31,2102.10,24.98,60.28,3276.70,0.00,25.1998,25.2075,25.0003,25.0079,38018213,1070773,1660823,38021744.0000,1072139.0000,1660690.0000,-69,-32768,-108
00:17:33,2107.53,24.98,60.28,3276.70,0.00,25.1984,25.2067,24.9969,25.0069,38018761,1070643,1660823,38021512.0000,1072039.1250,1660697.2500,-69,-32768,-108
00:17:35,2091.23,24.98,60.39,3276.70,0.00,25.1983,25.2067,24.9965,25.0069,38012171,1069962,1659311,38021104.0000,1071881.0000,1660605.5000,-69,-32768,-108
00:17:37,2080.37,24.98,60.39,3276.70,0.00,25.1983,25.2053,24.9965,25.0054,38020986,1071014,1658997,38020728.0000,1071788.1250,1660462.1250,-69,-32768,-108
00:17:39,2091.23,24.98,60.48,3276.70,0.00,25.1969,25.2048,24.9987,25.0049,38019525,1071014,1658997,38020424.0000,1071728.7500,1660434.2500,-69,-32768,-108
00:17:41,2074.94,24.98,60.53,3276.70,0.00,25.1947,25.2041,24.9984,25.0045,38012428,1070513,1658997,38019888.0000,1071657.5000,1660410.6250,-69,-32768,-108
00:17:42,2053.22,24.98,60.43,3276.70,0.00,25.1939,25.2035,24.9971,25.0040,38012326,1070545,1659952,38019652.0000,1071657.5000,1660410.6250,-69,-32768,-108
00:17:44,2064.08,24.98,60.43,3276.70,0.00,25.1939,25.2025,24.9935,25.0031,38010560,1070308,1659190,38018728.0000,1071495.8750,1660327.0000,-69,-32768,-108
00:17:45,2085.80,24.98,60.51,3276.70,0.00,25.1922,25.2022,24.9925,25.0028,38011866,1070600,1659570,38018512.0000,1071467.8750,1660303.3750,-69,-32768,-108
00:17:46,2080.37,24.98,60.50,3276.70,0.00,25.1909,25.2018,24.9920,25.0024,38011963,1070441,1659813,38018308.0000,1071435.7500,1660275.7500,-69,-32768,-108
00:17:48,2074.94,24.98,60.53,3276.70,0.00,25.1905,25.2008,24.9920,25.0014,38011541,1070623,1658538,38017676.0000,1071380.7500,1660185.6250,-69,-32768,-108
00:17:51,2085.80,24.98,60.56,3276.70,0.00,25.1897,25.2004,24.9920,25.0007,38016998,1070401,1659364,38017676.0000,1071380.7500,1660185.6250,-69,-32768,-108
00:17:52,2053.22,24.98,60.63,3276.70,0.00,25.1882,25.2004,24.9911,25.0007,38013257,1070610,1659554,38017360.0000,1071244.5000,1660047.5000,-69,-32768,-108
00:17:54,2069.51,24.98,60.63,3276.70,0.00,25.1882,25.1982,24.9918,24.9993,38014732,1070164,1659554,38017344.0000,1071159.8750,1660008.3750,-69,-32768,-108
00:17:57,2080.37,24.97,60.78,3276.70,0.00,25.1888,25.1982,24.9918,24.9984,38014732,1070678,1659554,38016876.0000,1071102.0000,1659928.0000,-69,-32768,-108
00:17:59,2074.94,24.97,60.78,3276.70,0.00,25.1907,25.1966,24.9935,24.9977,38015645,1070320,1660436,38016732.0000,1071068.5000,1659944.6250,-69,-32768,-108
00:18:02,2074.94,24.97,60.78,3276.70,0.00,25.1932,25.1966,24.9935,24.9974,38015645,1070393,1659672,38016636.0000,1070999.1250,1659902.2500,-69,-32768,-108
00:18:04,2074.94,24.97,60.78,3276.70,0.00,25.1932,25.1958,24.9935,24.9969,38014369,1070914,1660177,38016496.0000,1070935.2500,1659931.8750,-69,-32768,-108
00:18:06,2107.53,24.97,60.78,3276.70,0.00,25.1932,25.1954,24.9935,24.9966,38009303,1070132,1659282,38015952.0000,1070881.8750,1659910.2500,-69,-32768,-108
00:18:08,2074.94,24.97,60.88,3276.70,0.00,25.1914,25.1950,24.9958,24.9966,38005218,1070339,1659750,38015616.0000,1070864.8750,1659905.2500,-69,-32768,-108
00:18:10,2085.80,24.97,60.89,3276.70,0.00,25.1919,25.1948,24.9955,24.9964,38007226,1070339,1659750,38015616.0000,1070864.8750,1659811.8750,-69,-32768,-108
00:18:12,2074.94,24.96,61.04,3276.70,0.00,25.1925,25.1945,24.9975,24.9964,38019997,1070815,1659902,38014936.0000,1070739.5000,1659801.8750,-69,-32768,-108
00:18:15,2047.79,24.97,60.90,3276.70,0.00,25.1925,25.1943,24.9959,24.9963,38007340,1069896,1659902,38014632.0000,1070686.8750,1659751.0000,-69,-32768,-108
00:18:18,2107.53,24.96,61.09,3276.70,0.00,25.1925,25.1939,24.9959,24.9960,38007340,1070375,1659647,38014784.0000,1070686.8750,1659751.0000,-69,-32768,-108
00:18:20,2085.80,24.96,61.19,3276.70,0.00,25.1868,25.1931,24.9889,24.9954,38014029,1069814,1660146,38014904.0000,1070617.3750,1659789.0000,-69,-32768,-108
00:18:22,2118.39,24.96,61.19,3276.70,0.00,25.1868,25.1924,24.9875,24.9954,38011328,1069609,1659604,38014532.0000,1070521.1250,1659751.1250,-69,-32768,-108
00:18:24,2053.22,24.96,61.14,3276.70,0.00,25.1862,25.1920,24.9892,24.9942,38015334,1068979,1657601,38014640.0000,1070438.1250,1659648.6250,-69,-32768,-108
00:18:26,2107.53,24.96,61.14,3276.70,0.00,25.1864,25.1916,24.9878,24.9938,38019869,1069281,1659919,38014824.0000,1070438.1250,1659637.2500,-69,-32768,-108
00:18:28,2080.37,24.96,61.25,3276.70,0.00,25.1864,25.1911,24.9878,24.9930,38013926,1069272,1658575,38014352.0000,1070217.0000,1659637.2500,-69,-32768,-108
00:18:30,2080.37,24.96,61.25,3276.70,0.00,25.1850,25.1907,24.9871,24.9929,38014526,1069056,1659446,38014272.0000,1070140.6250,1659552.5000,-69,-32768,-108
00:18:32,2069.51,24.96,61.25,3276.70,0.00,25.1823,25.1900,24.9851,24.9922,38007976,1068508,1659446,38013896.0000,1070040.0000,1659530.6250,-69,-32768,-108
00:18:34,2080.37,24.96,61.27,3276.70,0.00,25.1823,25.1891,24.9850,24.9915,38008026,1068964,1659446,38013408.0000,1069939.5000,1659530.6250,-69,-32768,-108
00:18:35,2102.10,24.96,61.23,3276.70,0.00,25.1827,25.1887,24.9834,24.9909,38009337,1068204,1659315,38013104.0000,1069842.3750,1659397.7500,-69,-32768,-108
00:18:37,2080.37,24.96,61.26,3276.70,0.00,25.1827,25.1885,24.9838,24.9907,38013475,1068223,1660356,38013116.0000,1069842.3750,1659397.7500,-69,-32768,-108
00:18:39,2069.51,24.95,61.30,3276.70,0.00,25.1841,25.1885,24.9838,24.9900,38010590,1068336,1658950,38013288.0000,1069648.6250,1659386.0000,-69,-32768,-108
00:18:40,2091.23,24.95,61.32,3276.70,0.00,25.1852,25.1878,24.9867,24.9899,38011560,1068295,1659597,38013232.0000,1069606.2500,1659392.6250,-69,-32768,-108
00:18:42,2129.25,24.95,61.40,3276.70,0.00,25.1841,25.1875,24.9872,24.9896,38008711,1068038,1659675,38013020.0000,1069606.2500,1659397.8750,-69,-32768,-108
00:18:45,2123.82,24.95,61.38,3276.70,0.00,25.1842,25.1873,24.9884,24.9896,38008673,1068086,1658611,38012768.0000,1069606.2500,1659332.1250,-69,-32768,-108
00:18:46,2107.53,24.95,61.45,3276.70,0.00,25.1866,25.1871,24.9887,24.9894,38012615,1067849,1658700,38012720.0000,1069300.6250,1659332.1250,-69,-32768,-108
00:18:47,2085.80,24.95,61.47,3276.70,0.00,25.1866,25.1871,24.9881,24.9893,38008967,1067260,1659205,38012600.0000,1069185.1250,1659269.6250,-69,-32768,-108
00:18:48,2102.10,24.95,61.43,3276.70,0.00,25.1862,25.1870,24.9877,24.9893,38008320,1067200,1659215,38012464.0000,1069123.1250,1659267.8750,-69,-32768,-108
00:18:49,2074.94,24.95,61.43,3276.70,0.00,25.1853,25.1870,24.9863,24.9891,38007656,1066999,1658935,38012316.0000,1069056.7500,1659257.5000,-69,-32768,-108
00:18:51,2118.39,24.95,61.49,3276.70,0.00,25.1847,25.1869,24.9866,24.9890,38000697,1067050,1658678,38011808.0000,1068930.8750,1659197.8750,-69,-32768,-108
00:18:52,2102.10,24.95,61.49,3276.70,0.00,25.1839,25.1866,24.9857,24.9888,38000697,1067017,1659818,38011388.0000,1068814.6250,1659230.1250,-69,-32768,-108
00:18:54,2080.37,24.95,61.39,3276.70,0.00,25.1825,25.1864,24.9845,24.9885,38000726,1067466,1659393,38011388.0000,1068814.6250,1659230.1250,-69,-32768,-108
00:18:56,2085.80,24.95,61.45,3276.70,0.00,25.1818,25.1864,24.9834,24.9885,38008306,1067374,1658915,38010700.0000,1068668.1250,1659256.3750,-69,-32768,-108
00:18:58,2107.53,24.96,61.58,3276.70,0.00,25.1813,25.1854,24.9834,24.9885,38003516,1068129,1657981,38010216.0000,1068581.1250,1659214.1250,-69,-32768,-108
00:19:00,2091.23,24.96,61.61,3276.70,0.00,25.1803,25.1851,24.9831,24.9871,38004934,1068129,1657981,38010024.0000,1068534.2500,1659163.7500,-69,-32768,-108
00:19:02,2069.51,24.96,61.61,3276.70,0.00,25.1787,25.1847,24.9821,24.9868,38007165,1068395,1657981,38009728.0000,1068534.2500,1659092.3750,-69,-32768,-108
00:19:04,2096.67,24.96,61.57,3276.70,0.00,25.1767,25.1842,24.9807,24.9868,38007901,1068095,1658725,38009616.0000,1068534.2500,1659092.3750,-69,-32768,-108
00:19:05,2107.53,24.96,61.69,3276.70,0.00,25.1777,25.1835,24.9790,24.9857,38013042,1068224,1660135,38009840.0000,1068471.7500,1659128.0000,-69,-32768,-108
00:19:07,2091.23,24.96,61.63,3276.70,0.00,25.1782,25.1833,24.9789,24.9857,38006008,1067319,1658766,38009768.0000,1068412.6250,1659138.1250,-69,-32768,-108
00:19:09,2064.08,24.96,61.69,3276.70,0.00,25.1793,25.1829,24.9818,24.9850,38007220,1067015,1658766,38009616.0000,1068412.6250,1659035.3750,-69,-32768,-108
00:19:11,2118.39,24.96,61.65,3276.70,0.00,25.1801,25.1825,24.9804,24.9846,38008925,1066934,1658681,38009304.0000,1068412.6250,1658968.8750,-69,-32768,-108
00:19:13,2096.67,24.96,61.56,3276.70,0.00,25.1789,25.1823,24.9809,24.9846,38008556,1066696,1658681,38008960.0000,1068057.0000,1658942.3750,-69,-32768,-108
00:19:15,2102.10,24.96,61.68,3276.70,0.00,25.1781,25.1820,24.9810,24.9841,38012528,1066744,1659114,38008960.0000,1067982.7500,1658940.6250,-69,-32768,-108
00:19:18,2053.22,24.95,61.75,3276.70,0.00,25.1781,25.1813,24.9810,24.9841,38007429,1066853,1658888,38009280.0000,1067982.7500,1658969.6250,-69,-32768,-108
00:19:22,2134.68,24.95,61.75,3276.70,0.00,25.1781,25.1807,24.9810,24.9827,38007429,1066055,1657751,38009280.0000,1067639.0000,1658870.7500,-69,-32768,-108
00:19:23,2107.53,24.96,61.68,3276.70,0.00,25.1778,25.1802,24.9812,24.9825,37998578,1065847,1658457,38007896.0000,1067639.0000,1658838.0000,-69,-32768,-108
00:19:26,2091.23,24.96,61.74,3276.70,0.00,25.1797,25.1801,24.9831,24.9824,38008128,1066830,1659230,38007552.0000,1067423.5000,1658856.7500,-69,-32768,-108
00:19:28,2112.96,24.95,61.87,3276.70,0.00,25.1802,25.1800,24.9834,24.9824,38010616,1065943,1659239,38007312.0000,1067313.6250,1658829.6250,-69,-32768,-108
00:19:30,2096.67,24.96,61.87,3276.70,0.00,25.1802,25.1800,24.9819,24.9823,38010616,1065597,1658428,38007192.0000,1067163.3750,1658830.7500,-69,-32768,-108
00:19:31,2107.53,24.96,61.87,3276.70,0.00,25.1821,25.1800,24.9823,24.9823,38003034,1065462,1659048,38007064.0000,1067110.2500,1658837.5000,-69,-32768,-108
00:19:32,2102.10,24.96,61.82,3276.70,0.00,25.1830,25.1801,24.9820,24.9822,38005244,1065689,1658981,38007008.0000,1067065.7500,1658842.0000,-69,-32768,-108
00:19:35,2096.67,24.96,61.82,3276.70,0.00,25.1811,25.1801,24.9805,24.9822,37998696,1065584,1659225,38006860.0000,1066899.2500,1658826.7500,-69,-32768,-108
00:19:36,2161.83,24.96,61.89,3276.70,0.00,25.1799,25.1802,24.9805,24.9822,38005002,1065481,1659320,38006560.0000,1066814.2500,1658859.3750,-69,-32768,-108
00:19:38,2096.67,24.96,61.97,3276.70,0.00,25.1799,25.1800,24.9805,24.9817,38005805,1065206,1659117,38006432.0000,1066665.7500,1658853.8750,-69,-32768,-108
00:19:39,2112.96,24.95,62.05,3276.70,0.00,25.1779,25.1799,24.9804,24.9816,38004499,1065250,1658535,38006372.0000,1066621.5000,1658843.8750,-69,-32768,-108
00:19:41,2178.13,24.95,62.04,3276.70,0.00,25.1788,25.1798,24.9804,24.9815,38001461,1065504,1659542,38006220.0000,1066552.5000,1658875.8750,-69,-32768,-108
00:19:42,2058.65,24.95,61.97,3276.70,0.00,25.1787,25.1798,24.9790,24.9814,37999549,1065554,1658146,38005864.0000,1066521.2500,1658853.1250,-69,-32768,-108
00:19:43,2102.10,24.95,61.99,3276.70,0.00,25.1775,25.1796,24.9779,24.9812,38005693,1065529,1658541,38005860.0000,1066490.2500,1658843.3750,-69,-32768,-108
00:19:45,2112.96,24.95,62.03,3276.70,0.00,25.1775,25.1794,24.9779,24.9809,38001938,1065693,1659038,38005744.0000,1066424.3750,1658858.1250,-69,-32768,-108
00:19:48,2080.37,24.95,62.01,3276.70,0.00,25.1767,25.1792,24.9773,24.9807,38005433,1065288,1659038,38005816.0000,1066424.3750,1658858.1250,-69,-32768,-108
00:19:50,2112.96,24.95,61.97,3276.70,0.00,25.1747,25.1788,24.9773,24.9807,37997184,1064462,1658311,38005384.0000,1066228.8750,1658804.6250,-68,-32768,-108
00:19:52,2118.39,24.95,62.03,3276.70,0.00,25.1755,25.1785,24.9773,24.9799,37993698,1064392,1658346,38005384.0000,1066077.2500,1658764.2500,-68,-32768,-108
00:19:53,2069.51,24.95,62.01,3276.70,0.00,25.1763,25.1784,24.9781,24.9798,37993780,1064522,1658483,38004080.0000,1065986.5000,1658750.5000,-68,-32768,-108
00:19:56,2140.11,24.95,62.01,3276.70,0.00,25.1771,25.1781,24.9781,24.9798,37997678,1064522,1658574,38003540.0000,1065839.1250,1658750.5000,-68,-32768,-108
00:19:57,2102.10,24.95,62.11,3276.70,0.00,25.1770,25.1780,24.9808,24.9798,37997678,1064611,1657772,38003060.0000,1065750.3750,1658728.1250,-68,-32768,-108
00:19:59,2102.10,24.95,62.11,3276.70,0.00,25.1768,25.1779,24.9805,24.9797,38003108,1064620,1659007,38003044.0000,1065695.3750,1658749.1250,-68,-32768,-108
00:20:00,2112.96,24.95,62.13,3276.70,0.00,25.1770,25.1779,24.9805,24.9797,37999572,1064207,1658664,38002740.0000,1065607.2500,1658737.2500,-67,-32768,-108
00:20:01,2102.10,24.95,62.17,3276.70,0.00,25.1777,25.1778,24.9788,24.9797,38001121,1064148,1658928,38002692.0000,1065561.6250,1658743.2500,-67,-32768,-108
00:20:04,2123.82,24.95,62.23,3276.70,0.00,25.1776,25.1778,24.9780,24.9797,38001557,1063751,1658282,38002512.0000,1065561.6250,1658754.3750,-65,-32768,-108
00:20:07,2150.97,24.95,62.27,3276.70,0.00,25.1776,25.1775,24.9780,24.9793,37998065,1063751,1658365,38002000.0000,1065159.8750,1658769.8750,-64,-32768,-108
00:20:09,2161.83,24.95,62.33,3276.70,0.00,25.1755,25.1773,24.9780,24.9793,37997621,1063241,1658374,38001520.0000,1065159.8750,1658700.1250,-64,-32768,-108
00:20:11,2091.23,24.95,62.31,3276.70,0.00,25.1755,25.1773,24.9756,24.9788,38001668,1063283,1659527,38001456.0000,1064868.8750,1658731.1250,-65,-32768,-108
00:20:12,2064.08,24.95,62.41,3276.70,0.00,25.1731,25.1773,24.9755,24.9788,37994657,1063639,1659126,38001044.0000,1064770.2500,1658771.8750,-65,-32768,-108
00:20:15,2134.68,24.95,62.31,3276.70,0.00,25.1730,25.1764,24.9757,24.9784,37995707,1064012,1657428,38000808.0000,1064770.2500,1658692.6250,-65,-32768,-108
00:20:18,2112.96,24.95,62.30,3276.70,0.00,25.1725,25.1760,24.9757,24.9781,37995707,1064325,1658394,38000344.0000,1064671.0000,1658634.1250,-65,-32768,-108
00:20:20,2080.37,24.96,62.22,3276.70,0.00,25.1752,25.1760,24.9764,24.9781,37995707,1064084,1658401,38000344.0000,1064623.2500,1658668.3750,-67,-32768,-108
00:20:22,2069.51,24.96,62.17,3276.70,0.00,25.1752,25.1751,24.9764,24.9773,37998014,1064919,1658125,38000208.0000,1064628.8750,1658641.6250,-69,-32768,-108
00:20:24,2074.94,24.95,62.17,3276.70,0.00,25.1610,25.1743,24.9634,24.9765,37997821,1065217,1658125,38000208.0000,1064628.8750,1658560.8750,-69,-32768,-108
00:20:27,2058.65,24.94,62.15,3276.70,0.00,25.1610,25.1726,24.9545,24.9748,37992146,1066563,1656962,37999472.0000,1064863.8750,1658435.1250,-69,-32768,-108
00:20:28,2042.36,24.94,62.10,3276.70,0.00,25.1473,25.1711,24.9489,24.9732,37993704,1066899,1656960,37999036.0000,1064927.3750,1658389.1250,-69,-32768,-108
00:20:30,2047.79,24.94,62.08,3276.70,0.00,25.1423,25.1694,24.9489,24.9715,38001592,1067156,1656520,37998808.0000,1065129.5000,1658389.1250,-69,-32768,-108
00:20:31,2053.22,24.93,62.04,3276.70,0.00,25.1370,25.1674,24.9424,24.9698,37991703,1067984,1656588,37998584.0000,1065218.7500,1658213.3750,-69,-32768,-108
00:20:33,2047.79,24.93,62.08,3276.70,0.00,25.1346,25.1664,24.9393,24.9688,37994015,1068666,1656588,37998584.0000,1065435.0000,1658055.8750,-69,-32768,-108
00:20:35,2009.78,24.93,62.10,3276.70,0.00,25.1346,25.1631,24.9320,24.9656,38005629,1068723,1656588,37998584.0000,1065435.0000,1657902.6250,-69,-32768,-108
00:20:37,2026.07,24.92,62.19,3276.70,0.00,25.1249,25.1608,24.9283,24.9621,37989929,1068433,1655983,37998168.0000,1065435.0000,1657902.6250,-69,-32768,-108
00:20:38,2009.78,24.91,62.01,3276.70,0.00,25.1212,25.1572,24.9242,24.9598,37989352,1068858,1655157,37997644.0000,1066078.8750,1657690.1250,-69,-32768,-108
00:20:41,2085.80,24.91,62.01,3276.70,0.00,25.1191,25.1538,24.9242,24.9563,37997162,1069694,1655098,37997288.0000,1066375.1250,1657463.8750,-69,-32768,-108
00:20:43,1998.91,24.91,62.14,3276.70,0.00,25.1191,25.1538,24.9160,24.9563,37989064,1069127,1655339,37996724.0000,1066641.0000,1657348.3750,-69,-32768,-108
00:20:45,2026.07,24.90,62.21,3276.70,0.00,25.1114,25.1490,24.9141,24.9515,37990241,1069496,1654888,37996724.0000,1066641.0000,1657190.2500,-69,-32768,-108
00:20:46,2004.34,24.90,62.27,3276.70,0.00,25.1064,25.1452,24.9084,24.9477,37992732,1070037,1654711,37996020.0000,1067000.8750,1657029.6250,-69,-32768,-108
00:20:48,2009.78,24.90,62.07,3276.70,0.00,25.1039,25.1438,24.9074,24.9477,37988386,1069647,1653909,37995600.0000,1067176.0000,1656863.1250,-69,-32768,-108
00:20:51,1982.62,24.90,62.07,3276.70,0.00,25.1008,25.1400,24.9074,24.9412,37988386,1069705,1653909,37994588.0000,1067491.0000,1656598.2500,-69,-32768,-108
00:20:53,1846.86,24.89,62.14,3276.70,0.00,25.1004,25.1352,24.9034,24.9377,37997342,1070337,1654989,37994680.0000,1067676.3750,1656509.3750,-69,-32768,-108
00:20:55,1960.90,24.89,62.14,3276.70,0.00,25.1004,25.1330,24.9034,24.9377,37991663,1069844,1654989,37994500.0000,1067893.7500,1656275.5000,-69,-32768,-108
00:20:58,1971.76,24.89,62.25,3276.70,0.00,25.0996,25.1300,24.9034,24.9324,37991663,1069765,1654396,37994024.0000,1067893.7500,1656015.0000,-69,-32768,-108
00:20:59,1960.90,24.88,62.34,3276.70,0.00,25.0978,25.1270,24.9008,24.9295,37986775,1070249,1653279,37993580.0000,1068182.6250,1655929.5000,-69,-32768,-108
00:21:01,1977.19,24.88,62.30,3276.70,0.00,25.0971,25.1261,24.8989,24.9285,37986740,1070851,1654008,37993364.0000,1068182.6250,1655819.2500,-69,-32768,-108
00:21:02,1977.19,24.88,62.38,3276.70,0.00,25.0948,25.1241,24.8972,24.9265,37987643,1070269,1653611,37992956.0000,1068398.3750,1655750.2500,-69,-32768,-108
00:21:03,1955.47,24.88,62.37,3276.70,0.00,25.0945,25.1241,24.8964,24.9246,37984936,1070754,1653139,37992472.0000,1068398.3750,1655750.2500,-69,-32768,-108
00:21:05,1922.88,24.88,62.28,3276.70,0.00,25.0918,25.1204,24.8960,24.9229,37986959,1070056,1654014,37992148.0000,1068398.3750,1655429.1250,-69,-32768,-108
00:21:07,1922.88,24.88,62.25,3276.70,0.00,25.0931,25.1187,24.8958,24.9229,37992282,1070663,1654297,37991756.0000,1068800.5000,1655348.1250,-69,-32768,-108
00:21:09,1982.62,24.88,62.25,3276.70,0.00,25.0934,25.1171,24.8945,24.9195,37988751,1070243,1654297,37991472.0000,1068887.5000,1655284.1250,-69,-32768,-108
00:21:11,1966.33,24.88,62.34,3276.70,0.00,25.0925,25.1155,24.8947,24.9195,37989280,1070243,1654297,37991472.0000,1068887.5000,1655147.1250,-69,-32768,-108
00:21:13,1966.33,24.88,62.56,3276.70,0.00,25.0893,25.1132,24.8930,24.9195,37983118,1069227,1654297,37990924.0000,1069010.8750,1655076.1250,-69,-32768,-108
00:21:15,1960.90,24.88,62.62,3276.70,0.00,25.0892,25.1132,24.8915,24.9128,37984410,1068945,1654114,37990028.0000,1069015.6250,1654994.7500,-69,-32768,-108
00:21:18,1950.04,24.88,62.67,3276.70,0.00,25.0907,25.1097,24.8925,24.9128,37976855,1068945,1652698,37990028.0000,1069015.6250,1654994.7500,-69,-32768,-108
00:21:21,1977.19,24.88,62.60,3276.70,0.00,25.0957,25.1072,24.8925,24.9097,37985821,1068481,1653625,37990028.0000,1069015.6250,1654742.8750,-69,-32768,-108
00:21:22,2015.21,24.88,62.65,3276.70,0.00,25.0975,25.1066,24.9002,24.9097,37991371,1068496,1653625,37988792.0000,1068908.0000,1654710.1250,-69,-32768,-108
00:21:23,1988.05,24.88,62.79,3276.70,0.00,25.0989,25.1061,24.9007,24.9085,37989557,1068027,1654284,37988704.0000,1068836.8750,1654702.1250,-69,-32768,-108
00:21:26,1944.61,24.88,62.80,3276.70,0.00,25.0998,25.1061,24.9031,24.9085,37983811,1066905,1654118,37988704.0000,1068836.8750,1654677.5000,-69,-32768,-108
00:21:27,1971.76,24.88,62.80,3276.70,0.00,25.1015,25.1053,24.9051,24.9077,37991601,1066648,1654493,37988704.0000,1068602.3750,1654671.7500,-69,-32768,-108
00:21:30,1982.62,24.88,62.92,3276.70,0.00,25.1078,25.1053,24.9090,24.9077,37987778,1066341,1654398,37988416.0000,1068602.3750,1654678.3750,-69,-32768,-108
00:21:31,1993.48,24.89,63.05,3276.70,0.00,25.1138,25.1059,24.9144,24.9077,37987778,1066304,1654937,37988192.0000,1068270.6250,1654686.3750,-69,-32768,-108
00:21:33,1977.19,24.89,63.08,3276.70,0.00,25.1152,25.1061,24.9153,24.9084,37994637,1066304,1656647,37988496.0000,1068114.5000,1654764.2500,-69,-32768,-108
00:21:33,2020.64,24.89,63.15,3276.70,0.00,25.1177,25.1068,24.9177,24.9089,37985716,1065305,1656541,37988408.0000,1068026.7500,1654819.7500,-69,-32768,-108
00:21:35,1971.76,24.89,63.10,3276.70,0.00,25.1196,25.1068,24.9199,24.9095,37990256,1065808,1655805,37988344.0000,1067887.0000,1654884.2500,-69,-32768,-108
00:21:38,1998.91,24.89,63.19,3276.70,0.00,25.1196,25.1084,24.9199,24.9105,37988707,1065808,1657232,37988288.0000,1067581.1250,1655077.0000,-69,-32768,-108
00:21:40,1998.91,24.90,63.17,3276.70,0.00,25.1250,25.1098,24.9199,24.9119,37986222,1065077,1656135,37988304.0000,1067440.0000,1655147.2500,-69,-32768,-108
00:21:42,1998.91,24.90,63.27,3276.70,0.00,25.1275,25.1098,24.9309,24.9119,37987002,1064555,1656790,37988288.0000,1067190.1250,1655252.5000,-68,-32768,-108
00:21:45,1998.91,24.90,63.22,3276.70,0.00,25.1275,25.1130,24.9309,24.9153,37987002,1064141,1656790,37988232.0000,1066856.5000,1655504.5000,-66,-32768,-108
00:21:48,1998.91,24.90,63.22,3276.70,0.00,25.1275,25.1157,24.9309,24.9180,37991200,1063556,1656628,37988328.0000,1066575.8750,1655617.6250,-65,-32768,-108
00:21:50,2009.78,24.90,63.44,3276.70,0.00,25.1402,25.1178,24.9406,24.9193,37992744,1062923,1656672,37988632.0000,1066575.8750,1655723.1250,-65,-32768,-108
00:21:53,2004.34,24.91,63.30,3276.70,0.00,25.1411,25.1192,24.9413,24.9193,37991019,1062820,1656972,37988840.0000,1066575.8750,1655723.1250,-65,-32768,-108
00:21:54,2020.64,24.92,63.46,3276.70,0.00,25.1439,25.1220,24.9413,24.9233,37982128,1062427,1656190,37988480.0000,1065732.0000,1655892.6250,-62,-32768,-108
00:21:58,2009.78,24.92,63.45,3276.70,0.00,25.1430,25.1220,24.9452,24.9233,37983348,1062427,1656172,37987908.0000,1065319.1250,1655892.6250,-60,-32768,-108
00:21:59,1993.48,24.92,63.53,3276.70,0.00,25.1434,25.1255,24.9443,24.9269,37988689,1061779,1656802,37987752.0000,1065319.1250,1655892.6250,-59,-32768,-108
00:22:01,2009.78,24.92,63.67,3276.70,0.00,25.1450,25.1267,24.9443,24.9269,37984009,1061852,1656809,37987540.0000,1064892.8750,1656055.2500,-59,-32768,-108
00:22:03,2004.34,24.92,63.76,3276.70,0.00,25.1451,25.1267,24.9452,24.9294,37989380,1061396,1657048,37987684.0000,1064602.0000,1656055.2500,-59,-32768,-108
00:22:05,1971.76,24.92,63.84,3276.70,0.00,25.1477,25.1295,24.9467,24.9304,37985651,1060861,1657666,37987548.0000,1064378.5000,1656252.5000,-57,-32768,-108
00:22:09,2004.34,24.92,63.84,3276.70,0.00,25.1494,25.1295,24.9483,24.9304,37991843,1060861,1656697,37987548.0000,1063844.0000,1656322.0000,-56,-32768,-108
00:22:10,2009.78,24.93,63.82,3276.70,0.00,25.1494,25.1334,24.9489,24.9339,37983607,1059866,1658693,37987088.0000,1063606.0000,1656453.0000,-55,-32768,-108
00:22:12,2026.07,24.93,63.91,3276.70,0.00,25.1502,25.1339,24.9489,24.9348,37983607,1059432,1657185,37986832.0000,1063353.7500,1656507.1250,-54,-32768,-108
00:22:14,1993.48,24.93,63.94,3276.70,0.00,25.1520,25.1339,24.9516,24.9358,37980954,1059616,1656838,37986712.0000,1063042.3750,1656507.1250,-54,-32768,-108
00:22:16,2020.64,24.93,63.99,3276.70,0.00,25.1541,25.1365,24.9536,24.9368,37982211,1059374,1657044,37986572.0000,1062927.7500,1656565.6250,-53,-32768,-108
00:22:18,2042.36,24.93,64.09,3276.70,0.00,25.1557,25.1376,24.9541,24.9384,37985048,1059881,1656437,37986576.0000,1062927.7500,1656593.6250,-55,-32768,-108
00:22:19,2020.64,24.93,64.13,3276.70,0.00,25.1585,25.1388,24.9566,24.9384,37979625,1059936,1657693,37986348.0000,1062473.5000,1656651.6250,-55,-32768,-108
00:22:21,2026.07,24.93,64.08,3276.70,0.00,25.1585,25.1407,24.9594,24.9407,37987978,1060004,1657693,37986304.0000,1062249.0000,1656747.7500,-56,-32768,-108
00:22:24,2031.50,24.93,64.18,3276.70,0.00,25.1585,25.1424,24.9594,24.9428,37984344,1060004,1658545,37986316.0000,1062249.0000,1656747.7500,-55,-32768,-108
00:22:27,2042.36,24.94,64.27,3276.70,0.00,25.1585,25.1445,24.9594,24.9450,37980119,1059602,1658151,37985896.0000,1061768.3750,1657070.1250,-54,-32768,-108
00:22:29,1998.91,24.94,64.23,3276.70,0.00,25.1642,25.1457,24.9636,24.9455,37979344,1059361,1658151,37985896.0000,1061768.3750,1657197.5000,-53,-32768,-108
00:22:32,2009.78,24.94,64.20,3276.70,0.00,25.1642,25.1473,24.9636,24.9475,37979344,1058571,1657433,37985176.0000,1061264.0000,1657241.2500,-51,-32768,-108
00:22:34,2031.50,24.94,64.40,3276.70,0.00,25.1637,25.1473,24.9628,24.9493,37994847,1059062,1658570,37985392.0000,1061027.8750,1657350.6250,-53,-32768,-108
00:22:36,2009.78,24.94,64.42,3276.70,0.00,25.1633,25.1504,24.9628,24.9493,37982944,1058572,1659324,37985348.0000,1060878.6250,1657447.0000,-51,-32768,-108
00:22:38,2020.64,24.94,64.42,3276.70,0.00,25.1638,25.1512,24.9649,24.9510,37987167,1058444,1659092,37985488.0000,1060878.6250,1657591.2500,-50,-32768,-108
00:22:39,2015.21,24.94,64.41,3276.70,0.00,25.1649,25.1520,24.9637,24.9518,37976994,1057918,1657899,37985488.0000,1060565.7500,1657600.8750,-50,-32768,-108
00:22:41,2020.64,24.95,64.45,3276.70,0.00,25.1636,25.1523,24.9635,24.9521,37975883,1057762,1657899,37985488.0000,1060390.0000,1657579.3750,-50,-32768,-108
00:22:43,2026.07,24.95,64.53,3276.70,0.00,25.1617,25.1532,24.9635,24.9521,37978737,1058546,1658583,37984272.0000,1060390.0000,1657644.7500,-51,-32768,-108
00:22:46,2004.34,24.95,64.48,3276.70,0.00,25.1617,25.1532,24.9630,24.9521,37979126,1058447,1657637,37983536.0000,1060040.8750,1657621.0000,-51,-32768,-108
00:22:48,2036.93,24.95,64.46,3276.70,0.00,25.1609,25.1532,24.9635,24.9521,37981691,1058551,1658470,37983324.0000,1059904.2500,1657655.1250,-51,-32768,-108
00:22:50,2020.64,24.95,64.50,3276.70,0.00,25.1609,25.1550,24.9631,24.9555,37979655,1058188,1656594,37983196.0000,1059805.0000,1657620.0000,-50,-32768,-108
00:22:52,1998.91,24.95,64.59,3276.70,0.00,25.1602,25.1553,24.9611,24.9558,37976296,1058154,1656594,37983196.0000,1059805.0000,1657586.5000,-49,-32768,-108
00:22:54,2036.93,24.94,64.59,3276.70,0.00,25.1603,25.1556,24.9621,24.9563,37975269,1058079,1657608,37982068.0000,1059547.6250,1657587.1250,-50,-32768,-108
00:22:56,2020.64,24.94,64.54,3276.70,0.00,25.1614,25.1559,24.9627,24.9566,37980462,1058079,1657608,37982008.0000,1059462.3750,1657568.6250,-52,-32768,-108
00:22:57,2053.22,24.94,64.60,3276.70,0.00,25.1632,25.1563,24.9630,24.9570,37980081,1058079,1657608,37981752.0000,1059390.8750,1657526.7500,-51,-32768,-108
00:22:59,2036.93,24.94,64.65,3276.70,0.00,25.1632,25.1567,24.9629,24.9570,37980081,1058101,1658083,37981752.0000,1059390.8750,1657526.7500,-51,-32768,-108
00:23:01,2036.93,24.94,64.70,3276.70,0.00,25.1640,25.1573,24.9631,24.9579,37982063,1057927,1657868,37981656.0000,1059390.8750,1657602.3750,-50,-32768,-108
00:23:03,2074.94,24.94,64.70,3276.70,0.00,25.1640,25.1577,24.9631,24.9581,37982021,1057329,1659210,37981648.0000,1059087.5000,1657701.8750,-48,-32768,-108
00:23:04,2009.78,24.94,64.75,3276.70,0.00,25.1624,25.1579,24.9640,24.9584,37975880,1057178,1658487,37981468.0000,1059027.7500,1657726.3750,-48,-32768,-108
00:23:06,2047.79,24.94,64.75,3276.70,0.00,25.1645,25.1583,24.9652,24.9587,37978742,1057600,1658310,37981208.0000,1058936.7500,1657780.8750,-49,-32768,-108
00:23:09,2042.36,24.94,64.57,3276.70,0.00,25.1645,25.1589,24.9652,24.9593,37979946,1057113,1658313,37980712.0000,1058719.3750,1657780.8750,-49,-32768,-108
00:23:10,2015.21,24.94,64.67,3276.70,0.00,25.1686,25.1595,24.9689,24.9599,37972224,1057237,1657454,37980448.0000,1058719.3750,1657780.8750,-49,-32768,-108
00:23:12,2064.08,24.94,64.64,3276.70,0.00,25.1671,25.1599,24.9679,24.9604,37972678,1057287,1658419,37980032.0000,1058719.3750,1657780.8750,-49,-32768,-108
00:23:14,2047.79,24.94,64.72,3276.70,0.00,25.1670,25.1599,24.9684,24.9604,37974892,1057068,1657993,37979828.0000,1058453.7500,1657880.0000,-47,-32768,-108
00:23:15,2026.07,24.95,64.75,3276.70,0.00,25.1674,25.1607,24.9684,24.9604,37973796,1056800,1657447,37979596.0000,1058360.3750,1657870.6250,-47,-32768,-108
00:23:17,2036.93,24.95,64.84,3276.70,0.00,25.1667,25.1611,24.9671,24.9616,37973796,1056675,1657447,37979540.0000,1058257.1250,1657951.1250,-46,-32768,-108
00:23:19,2069.51,24.95,64.79,3276.70,0.00,25.1667,25.1617,24.9683,24.9622,37979819,1056802,1658871,37979584.0000,1058114.6250,1658034.2500,-47,-32768,-108
00:23:22,2042.36,24.94,64.84,3276.70,0.00,25.1707,25.1622,24.9687,24.9622,37979819,1056802,1658871,37979340.0000,1057943.5000,1657989.0000,-45,-32768,-108
00:23:23,2031.50,24.95,64.84,3276.70,0.00,25.1707,25.1632,24.9688,24.9630,37972743,1055938,1658871,37978812.0000,1057814.2500,1657920.7500,-45,-32768,-108
00:23:26,2031.50,24.95,64.81,3276.70,0.00,25.1707,25.1638,24.9688,24.9636,37972743,1055485,1658144,37978476.0000,1057576.7500,1657971.3750,-43,-32768,-108
00:23:28,2042.36,24.95,64.99,3276.70,0.00,25.1706,25.1642,24.9709,24.9642,37977168,1055742,1658144,37978336.0000,1057456.2500,1657969.3750,-44,-32768,-108
00:23:30,2009.78,24.95,64.99,3276.70,0.00,25.1713,25.1647,24.9709,24.9642,37978111,1056064,1659004,37978380.0000,1057327.1250,1658048.7500,-45,-32768,-108
00:23:33,2042.36,24.95,64.99,3276.70,0.00,25.1713,25.1653,24.9709,24.9655,37978111,1054816,1657716,37978120.0000,1057143.2500,1658013.8750,-42,-32768,-108
00:23:35,2085.80,24.95,64.97,3276.70,0.00,25.1731,25.1660,24.9764,24.9664,37971342,1054926,1658447,37977628.0000,1057143.2500,1658028.0000,-42,-32768,-108
00:23:38,2064.08,24.95,65.05,3276.70,0.00,25.1751,25.1660,24.9782,24.9664,37981429,1055180,1658447,37977628.0000,1056787.2500,1658111.2500,-42,-32768,-108
00:23:39,2047.79,24.95,65.08,3276.70,0.00,25.1746,25.1672,24.9767,24.9679,37975322,1054870,1658585,37977512.0000,1056727.3750,1658115.8750,-42,-32768,-108
00:23:40,2042.36,24.95,65.10,3276.70,0.00,25.1741,25.1676,24.9775,24.9685,37976741,1054947,1658841,37977376.0000,1056615.6250,1658138.5000,-42,-32768,-108
00:23:42,2036.93,24.95,65.11,3276.70,0.00,25.1735,25.1679,24.9783,24.9690,37975114,1054978,1658350,37977232.0000,1056615.6250,1658160.3750,-42,-32768,-108
00:23:45,2036.93,24.95,65.12,3276.70,0.00,25.1735,25.1679,24.9796,24.9690,37975114,1054978,1658350,37977036.0000,1056307.3750,1658070.3750,-41,-32768,-108
00:23:47,2053.22,24.95,65.11,3276.70,0.00,25.1780,25.1694,24.9796,24.9707,37966472,1054349,1658350,37977036.0000,1056185.3750,1658026.3750,-41,-32768,-108
00:23:49,2042.36,24.95,65.10,3276.70,0.00,25.1777,25.1694,24.9783,24.9707,37972788,1054823,1658535,37976056.0000,1056185.3750,1658048.3750,-41,-32768,-108
00:23:50,2064.08,24.95,65.15,3276.70,0.00,25.1739,25.1703,24.9760,24.9716,37971185,1054341,1657394,37975748.0000,1055943.7500,1658027.8750,-40,-32768,-108
00:23:51,2047.79,24.95,65.18,3276.70,0.00,25.1730,25.1704,24.9752,24.9717,37973011,1054379,1657999,37975664.0000,1055894.8750,1658027.0000,-40,-32768,-108
00:23:53,2069.51,24.95,65.15,3276.70,0.00,25.1727,25.1704,24.9754,24.9718,37978411,1054478,1658430,37975752.0000,1055894.8750,1658027.0000,-42,-32768,-108
00:23:54,2047.79,24.95,65.19,3276.70,0.00,25.1724,25.1705,24.9730,24.9719,37972597,1054919,1658975,37975568.0000,1055788.6250,1658078.0000,-42,-32768,-108
00:23:56,2064.08,24.95,65.15,3276.70,0.00,25.1716,25.1705,24.9729,24.9719,37967273,1054657,1658279,37975080.0000,1055788.6250,1658136.8750,-42,-32768,-108
00:23:58,2053.22,24.94,65.12,3276.70,0.00,25.1716,25.1705,24.9765,24.9722,37967602,1055312,1658119,37974580.0000,1055671.8750,1658136.3750,-43,-32768,-108
00:24:00,2085.80,24.94,65.19,3276.70,0.00,25.1752,25.1709,24.9774,24.9725,37976648,1055267,1658119,37974580.0000,1055671.8750,1658166.6250,-43,-32768,-108
00:24:02,2042.36,24.94,65.22,3276.70,0.00,25.1751,25.1712,24.9774,24.9725,37969832,1055938,1658382,37973996.0000,1055671.8750,1658183.7500,-44,-32768,-108
00:24:05,2064.08,24.94,65.22,3276.70,0.00,25.1759,25.1716,24.9774,24.9733,37969832,1054979,1657963,37973552.0000,1055604.8750,1658141.8750,-42,-32768,-108
00:24:08,2058.65,24.94,65.09,3276.70,0.00,25.1759,25.1720,24.9770,24.9733,37969832,1054455,1657963,37973552.0000,1055604.8750,1658103.5000,-40,-32768,-108
00:24:10,2042.36,24.94,65.23,3276.70,0.00,25.1735,25.1721,24.9751,24.9737,37969364,1054423,1657264,37972996.0000,1055411.6250,1658077.3750,-41,-32768,-108
00:24:12,2047.79,24.94,65.25,3276.70,0.00,25.1737,25.1722,24.9751,24.9738,37975739,1054589,1657725,37973040.0000,1055330.6250,1658085.0000,-41,-32768,-108
00:24:15,2036.93,24.94,65.27,3276.70,0.00,25.1739,25.1723,24.9750,24.9738,37975739,1054536,1658251,37973040.0000,1055237.3750,1658079.2500,-41,-32768,-108
00:24:17,2064.08,24.94,65.15,3276.70,0.00,25.1753,25.1725,24.9777,24.9741,37964900,1054305,1658324,37972584.0000,1055237.3750,1658086.8750,-41,-32768,-108
00:24:18,2074.94,24.94,65.25,3276.70,0.00,25.1774,25.1727,24.9779,24.9743,37969352,1053817,1657982,37972332.0000,1055237.3750,1658075.0000,-39,-32768,-108
00:24:19,2004.34,24.93,65.27,3276.70,0.00,25.1763,25.1727,24.9779,24.9744,37969686,1053659,1658717,37972284.0000,1055042.8750,1658095.0000,-39,-32768,-108
00:24:24,2047.79,24.93,65.29,3276.70,0.00,25.1763,25.1729,24.9779,24.9746,37969686,1053890,1658717,37972052.0000,1055042.8750,1658095.0000,-39,-32768,-108
00:24:26,2074.94,24.94,65.26,3276.70,0.00,25.1755,25.1729,24.9749,24.9746,37966712,1053890,1658717,37971376.0000,1054792.6250,1658172.6250,-39,-32768,-108
00:24:28,2074.94,24.94,65.39,3276.70,0.00,25.1728,25.1729,24.9715,24.9746,37966689,1053757,1657444,37971248.0000,1054693.0000,1658167.1250,-39,-32768,-108
00:24:32,2058.65,24.93,65.41,3276.70,0.00,25.1728,25.1728,24.9715,24.9741,37966689,1053533,1657403,37970912.0000,1054569.5000,1658056.6250,-38,-32768,-108
00:24:33,2064.08,24.93,65.41,3276.70,0.00,25.1694,25.1725,24.9707,24.9738,37969298,1053684,1657753,37970796.0000,1054569.5000,1658056.6250,-39,-32768,-108
00:24:35,2069.51,24.93,65.45,3276.70,0.00,25.1690,25.1725,24.9706,24.9738,37974217,1053928,1657591,37970920.0000,1054472.5000,1658016.0000,-39,-32768,-108
00:24:37,2069.51,24.93,65.48,3276.70,0.00,25.1686,25.1719,24.9697,24.9732,37966521,1053902,1658647,37970844.0000,1054435.7500,1658016.0000,-39,-32768,-108
00:24:39,2074.94,24.93,65.58,3276.70,0.00,25.1686,25.1715,24.9697,24.9727,37975859,1054257,1658953,37970760.0000,1054384.2500,1658016.0000,-40,-32768,-108
00:24:42,2080.37,24.93,65.58,3276.70,0.00,25.1686,25.1711,24.9697,24.9723,37971193,1054257,1657928,37970920.0000,1054350.5000,1658080.7500,-40,-32768,-108
00:24:44,2102.10,24.92,65.58,3276.70,0.00,25.1664,25.1711,24.9697,24.9718,37966762,1053771,1657509,37970864.0000,1054323.8750,1658037.5000,-39,-32768,-108
00:24:46,2058.65,24.92,65.58,3276.70,0.00,25.1662,25.1704,24.9668,24.9718,37965153,1053771,1657481,37970652.0000,1054299.2500,1658037.5000,-40,-32768,-108
00:24:49,2074.94,24.92,65.59,3276.70,0.00,25.1662,25.1698,24.9668,24.9707,37968610,1053319,1658751,37970588.0000,1054222.6250,1658050.0000,-38,-32768,-108
00:24:51,2069.51,24.92,65.59,3276.70,0.00,25.1623,25.1692,24.9636,24.9703,37963664,1053835,1656555,37970588.0000,1054222.6250,1657963.3750,-40,-32768,-108
00:24:53,2091.23,24.92,65.59,3276.70,0.00,25.1623,25.1692,24.9618,24.9703,37963893,1054084,1657213,37969504.0000,1054171.2500,1657925.8750,-39,-32768,-108
00:24:55,2064.08,24.92,65.51,3276.70,0.00,25.1603,25.1680,24.9621,24.9690,37965812,1053761,1657499,37969388.0000,1054158.3750,1657912.5000,-39,-32768,-108
00:24:57,2064.08,24.92,65.58,3276.70,0.00,25.1595,25.1674,24.9631,24.9686,37965812,1054011,1657813,37969416.0000,1054140.0000,1657873.6250,-39,-32768,-108
00:25:00,2096.67,24.92,65.68,3276.70,0.00,25.1595,25.1667,24.9631,24.9679,37965812,1054180,1658075,37969948.0000,1054167.7500,1657914.3750,-40,-32768,-108
00:25:03,2145.54,24.92,65.67,3276.70,0.00,25.1595,25.1659,24.9631,24.9674,37965812,1054180,1656758,37969948.0000,1054167.7500,1657862.0000,-40,-32768,-108
00:25:05,2058.65,24.92,65.62,3276.70,0.00,25.1593,25.1651,24.9620,24.9668,37968894,1053523,1658029,37969720.0000,1054167.7500,1657862.0000,-40,-32768,-108
00:25:07,2069.51,24.92,65.60,3276.70,0.00,25.1591,25.1651,24.9619,24.9668,37966378,1053205,1658129,37969472.0000,1054167.7500,1657874.3750,-37,-32768,-108
00:25:10,2047.79,24.92,65.63,3276.70,0.00,25.1618,25.1651,24.9625,24.9660,37966378,1052958,1658129,37968952.0000,1053898.7500,1657841.6250,-37,-32768,-108
00:25:12,2058.65,24.92,65.70,3276.70,0.00,25.1618,25.1641,24.9664,24.9660,37964446,1052752,1657944,37968544.0000,1053792.1250,1657808.7500,-36,-32768,-108
00:25:15,2074.94,24.92,65.69,3276.70,0.00,25.1618,25.1641,24.9664,24.9657,37967326,1053103,1657538,37968184.0000,1053717.3750,1657773.7500,-37,-32768,-108
00:25:16,2053.22,24.92,65.73,3276.70,0.00,25.1629,25.1640,24.9649,24.9657,37961342,1053206,1657607,37967968.0000,1053701.3750,1657773.7500,-38,-32768,-108
00:25:18,2069.51,24.92,65.64,3276.70,0.00,25.1643,25.1639,24.9664,24.9656,37960748,1053437,1657607,37967968.0000,1053701.3750,1657651.3750,-37,-32768,-108
00:25:20,2096.67,24.92,65.57,3276.70,0.00,25.1643,25.1639,24.9694,24.9656,37960573,1053073,1657596,37966844.0000,1053636.1250,1657624.1250,-37,-32768,-108
00:25:23,2074.94,24.92,65.62,3276.70,0.00,25.1643,25.1644,24.9694,24.9659,37960573,1052918,1657596,37966444.0000,1053561.2500,1657640.1250,-37,-32768,-108
00:25:25,2123.82,24.92,65.62,3276.70,0.00,25.1646,25.1645,24.9652,24.9658,37969754,1053089,1658029,37966444.0000,1053561.2500,1657665.6250,-37,-32768,-108
00:25:26,2058.65,24.91,65.62,3276.70,0.00,25.1676,25.1646,24.9691,24.9659,37969463,1052562,1658024,37966368.0000,1053469.8750,1657704.3750,-36,-32768,-108
00:25:28,2140.11,24.92,65.62,3276.70,0.00,25.1681,25.1647,24.9692,24.9661,37961200,1052098,1658024,37966196.0000,1053388.7500,1657706.0000,-35,-32768,-108
00:25:30,2085.80,24.92,65.62,3276.70,0.00,25.1681,25.1649,24.9684,24.9662,37960497,1052144,1658024,37965704.0000,1053266.3750,1657662.8750,-34,-32768,-108
00:25:32,2064.08,24.92,65.60,3276.70,0.00,25.1679,25.1650,24.9688,24.9663,37960497,1051868,1656675,37965592.0000,1053222.6250,1657632.0000,-34,-32768,-108
00:25:33,2053.22,24.92,65.60,3276.70,0.00,25.1677,25.1652,24.9691,24.9664,37963147,1052356,1656675,37965592.0000,1053135.3750,1657574.2500,-35,-32768,-108
00:25:36,2096.67,24.92,65.67,3276.70,0.00,25.1677,25.1652,24.9691,24.9666,37966424,1053532,1658196,37965084.0000,1053152.5000,1657574.2500,-35,-32768,-108
00:25:38,2031.50,24.92,65.64,3276.70,0.00,25.1670,25.1653,24.9695,24.9668,37966875,1053300,1657926,37965148.0000,1053157.1250,1657620.8750,-38,-32768,-108
00:25:39,2074.94,24.92,65.67,3276.70,0.00,25.1682,25.1653,24.9687,24.9668,37967216,1052617,1657604,37965200.0000,1053115.2500,1657645.2500,-36,-32768,-108
00:25:41,2064.08,24.92,65.67,3276.70,0.00,25.1677,25.1655,24.9691,24.9669,37960323,1052437,1657584,37965048.0000,1053094.0000,1657645.2500,-36,-32768,-108
00:25:43,2091.23,24.92,65.66,3276.70,0.00,25.1677,25.1656,24.9691,24.9671,37965911,1052602,1657901,37964876.0000,1053033.6250,1657669.2500,-36,-32768,-108
00:25:45,2140.11,24.92,65.66,3276.70,0.00,25.1675,25.1656,24.9691,24.9671,37965911,1053110,1656742,37964960.0000,1053035.7500,1657648.8750,-37,-32768,-108
00:25:48,2069.51,24.91,65.75,3276.70,0.00,25.1667,25.1656,24.9691,24.9673,37965911,1052883,1657054,37964960.0000,1053024.6250,1657589.3750,-37,-32768,-108
00:25:50,2091.23,24.91,65.75,3276.70,0.00,25.1667,25.1659,24.9666,24.9672,37966381,1052278,1657926,37964960.0000,1052986.7500,1657589.2500,-35,-32768,-108
00:25:53,2091.23,24.91,65.71,3276.70,0.00,25.1667,25.1659,24.9651,24.9672,37966381,1052265,1658239,37964696.0000,1052922.6250,1657650.2500,-35,-32768,-108
00:25:55,2042.36,24.91,65.71,3276.70,0.00,25.1667,25.1655,24.9651,24.9665,37964209,1052220,1657143,37964208.0000,1052825.8750,1657648.2500,-35,-32768,-108
00:25:57,2107.53,24.91,65.71,3276.70,0.00,25.1601,25.1652,24.9651,24.9665,37960070,1051774,1656831,37963992.0000,1052764.6250,1657603.7500,-35,-32768,-108
00:25:59,2058.65,24.91,65.72,3276.70,0.00,25.1604,25.1648,24.9634,24.9660,37960725,1051767,1656988,37963796.0000,1052707.6250,1657548.1250,-33,-32768,-108
00:26:00,2069.51,24.91,65.63,3276.70,0.00,25.1591,25.1645,24.9618,24.9658,37960670,1051537,1657080,37963696.0000,1052671.0000,1657533.5000,-33,-32768,-108
00:26:01,2091.23,24.91,65.68,3276.70,0.00,25.1568,25.1640,24.9612,24.9655,37953915,1051434,1657037,37963004.0000,1052593.6250,1657487.6250,-33,-32768,-108
00:26:04,2085.80,24.91,65.68,3276.70,0.00,25.1568,25.1633,24.9596,24.9650,37961031,1051557,1656959,37962700.0000,1052498.8750,1657421.5000,-33,-32768,-108
00:26:06,2085.80,24.91,65.68,3276.70,0.00,25.1568,25.1626,24.9596,24.9642,37965727,1052119,1656914,37962484.0000,1052432.8750,1657320.0000,-34,-32768,-108
00:26:09,2112.96,24.91,65.71,3276.70,0.00,25.1535,25.1621,24.9596,24.9634,37965727,1051854,1656914,37961820.0000,1052360.7500,1657249.3750,-34,-32768,-108
00:26:12,2074.94,24.91,65.68,3276.70,0.00,25.1511,25.1621,24.9533,24.9634,37957093,1051410,1655761,37961624.0000,1052285.7500,1657157.3750,-33,-32768,-108
00:26:13,2112.96,24.91,65.76,3276.70,0.00,25.1495,25.1598,24.9520,24.9616,37957012,1051352,1656088,37961344.0000,1052225.0000,1657101.5000,-32,-32768,-108
00:26:14,2080.37,24.90,65.74,3276.70,0.00,25.1491,25.1595,24.9520,24.9613,37956787,1051438,1655651,37961200.0000,1052200.3750,1657056.2500,-33,-32768,-108
00:26:15,2096.67,24.90,65.79,3276.70,0.00,25.1482,25.1591,24.9522,24.9610,37964559,1051497,1656090,37961304.0000,1052178.3750,1656999.8750,-32,-32768,-108
00:26:19,2150.97,24.90,65.83,3276.70,0.00,25.1482,25.1580,24.9522,24.9600,37964559,1052200,1656090,37961304.0000,1052109.8750,1656936.6250,-33,-32768,-108
00:26:21,2085.80,24.90,65.83,3276.70,0.00,25.1443,25.1564,24.9522,24.9586,37956318,1051751,1655792,37960880.0000,1052087.5000,1656858.8750,-33,-32768,-108
00:26:24,2112.96,24.90,65.82,3276.70,0.00,25.1443,25.1552,24.9522,24.9575,37956318,1051334,1655835,37960188.0000,1052011.2500,1656724.5000,-32,-32768,-108
00:26:26,2134.68,24.89,65.82,3276.70,0.00,25.1446,25.1541,24.9477,24.9565,37958689,1051334,1654635,37959932.0000,1051985.1250,1656603.7500,-34,-32768,-108
00:26:27,2069.51,24.89,65.99,3276.70,0.00,25.1452,25.1536,24.9490,24.9560,37957359,1051334,1655862,37959840.0000,1051986.8750,1656534.7500,-34,-32768,-108
00:26:28,2096.67,24.89,65.97,3276.70,0.00,25.1448,25.1533,24.9489,24.9555,37954953,1051920,1655730,37959688.0000,1051984.7500,1656509.6250,-34,-32768,-108
00:26:30,2085.80,24.89,65.97,3276.70,0.00,25.1450,25.1527,24.9492,24.9553,37960309,1052142,1656058,37959708.0000,1051989.6250,1656495.5000,-34,-32768,-108
00:26:31,2036.93,24.89,65.92,3276.70,0.00,25.1461,25.1522,24.9492,24.9549,37951994,1051667,1655506,37959416.0000,1051978.5000,1656444.7500,-33,-32768,-108
00:26:33,2096.67,24.89,65.97,3276.70,0.00,25.1459,25.1522,24.9491,24.9549,37957965,1051594,1656207,37959336.0000,1051945.8750,1656397.7500,-33,-32768,-108
00:26:35,2074.94,24.89,66.00,3276.70,0.00,25.1455,25.1514,24.9481,24.9541,37958409,1051529,1656994,37959336.0000,1051917.3750,1656397.7500,-33,-32768,-108
00:26:38,2091.23,24.89,66.00,3276.70,0.00,25.1462,25.1514,24.9480,24.9541,37958409,1051530,1656994,37959076.0000,1051877.1250,1656318.0000,-33,-32768,-108
00:26:39,2080.37,24.89,66.04,3276.70,0.00,25.1444,25.1503,24.9471,24.9541,37958832,1051552,1656994,37958888.0000,1051850.1250,1656288.8750,-32,-32768,-108
00:26:42,2091.23,24.89,65.99,3276.70,0.00,25.1425,25.1503,24.9470,24.9541,37950857,1051700,1655910,37958080.0000,1051811.3750,1656303.3750,-33,-32768,-108
00:26:43,2074.94,24.89,66.00,3276.70,0.00,25.1423,25.1491,24.9453,24.9518,37952511,1051949,1656353,37957904.0000,1051815.7500,1656304.8750,-34,-32768,-108
00:26:44,2096.67,24.89,65.98,3276.70,0.00,25.1412,25.1488,24.9447,24.9516,37952582,1051753,1656456,37957740.0000,1051815.7500,1656304.8750,-33,-32768,-108
00:26:45,2123.82,24.89,66.02,3276.70,0.00,25.1408,25.1483,24.9444,24.9511,37955363,1051586,1655101,37957444.0000,1051798.6250,1656239.1250,-33,-32768,-108
00:26:47,2102.10,24.89,66.03,3276.70,0.00,25.1407,25.1478,24.9440,24.9506,37954536,1051174,1655803,37957336.0000,1051768.3750,1656210.5000,-33,-32768,-108
00:26:48,2091.23,24.89,65.98,3276.70,0.00,25.1410,25.1475,24.9443,24.9504,37951126,1051023,1655803,37956932.0000,1051728.6250,1656149.7500,-32,-32768,-108
00:26:50,2074.94,24.89,66.03,3276.70,0.00,25.1430,25.1470,24.9452,24.9498,37952329,1050786,1655803,37956744.0000,1051682.1250,1656121.1250,-31,-32768,-108
00:26:54,2074.94,24.89,66.03,3276.70,0.00,25.1430,25.1468,24.9452,24.9494,37952329,1051508,1656001,37956744.0000,1051608.3750,1656147.0000,-31,-32768,-108
00:26:55,2053.22,24.89,65.86,3276.70,0.00,25.1362,25.1460,24.9400,24.9486,37948219,1052315,1654645,37955784.0000,1051640.2500,1656069.2500,-35,-32768,-108
00:26:56,2053.22,24.88,65.80,3276.70,0.00,25.1336,25.1456,24.9380,24.9482,37957200,1053136,1655890,37955828.0000,1051687.0000,1656063.6250,-37,-32768,-108
00:26:57,2031.50,24.88,65.76,3276.70,0.00,25.1312,25.1451,24.9380,24.9482,37953493,1053878,1655235,37955824.0000,1051817.2500,1656043.5000,-39,-32768,-108
00:26:59,2020.64,24.88,65.81,3276.70,0.00,25.1261,25.1440,24.9296,24.9482,37943648,1053878,1655235,37955356.0000,1051971.6250,1655941.5000,-42,-32768,-108
00:27:02,2009.78,24.87,65.72,3276.70,0.00,25.1261,25.1411,24.9296,24.9439,37943648,1053878,1654448,37954380.0000,1052383.8750,1655763.3750,-44,-32768,-108
00:27:04,1971.76,24.86,65.72,3276.70,0.00,25.1261,25.1382,24.9105,24.9411,37943648,1056726,1654453,37953504.0000,1052740.0000,1655672.1250,-46,-32768,-108
00:27:05,1993.48,24.86,65.64,3276.70,0.00,25.1003,25.1360,24.9062,24.9389,37945438,1057096,1653564,37953248.0000,1052876.1250,1655606.2500,-47,-32768,-108
00:27:08,1988.05,24.85,65.64,3276.70,0.00,25.1003,25.1336,24.9062,24.9357,37945438,1057635,1653763,37952284.0000,1053285.2500,1655387.2500,-49,-32768,-108
00:27:10,2058.65,24.84,65.61,3276.70,0.00,25.0896,25.1298,24.8954,24.9357,37940993,1058375,1652568,37951496.0000,1053720.0000,1655211.2500,-50,-32768,-108
00:27:12,1960.90,24.83,65.65,3276.70,0.00,25.0837,25.1271,24.8904,24.9357,37948559,1058375,1652168,37951240.0000,1054042.3750,1655030.8750,-52,-32768,-108
00:27:13,1966.33,24.83,65.61,3276.70,0.00,25.0788,25.1241,24.8860,24.9279,37950461,1059688,1652168,37951240.0000,1054382.1250,1654827.3750,-52,-32768,-108
00:27:15,1982.62,24.82,65.56,3276.70,0.00,25.0732,25.1211,24.8806,24.9251,37945836,1059104,1651645,37951040.0000,1054529.7500,1654643.7500,-52,-32768,-108
00:27:16,1955.47,24.82,65.49,3276.70,0.00,25.0687,25.1179,24.8757,24.9251,37948522,1059322,1651544,37950500.0000,1054955.0000,1654453.7500,-52,-32768,-108
00:27:17,1971.76,24.81,65.49,3276.70,0.00,25.0658,25.1146,24.8706,24.9190,37945011,1059325,1651094,37950328.0000,1055091.6250,1654240.2500,-52,-32768,-108
00:27:19,1960.90,24.81,65.49,3276.70,0.00,25.0658,25.1146,24.8657,24.9190,37937798,1059975,1650715,37949296.0000,1055500.8750,1654032.8750,-54,-32768,-108
00:27:23,1944.61,24.81,65.51,3276.70,0.00,25.0563,25.1146,24.8629,24.9190,37942404,1060417,1650513,37949296.0000,1055500.8750,1654032.8750,-54,-32768,-108
00:27:26,1950.04,24.80,65.52,3276.70,0.00,25.0563,25.1002,24.8629,24.9032,37942404,1061241,1650578,37947948.0000,1056658.1250,1653313.3750,-57,-32768,-108
00:27:27,1922.88,24.79,65.48,3276.70,0.00,25.0486,25.0955,24.8544,24.9002,37938218,1061190,1649500,37947644.0000,1056799.7500,1653194.2500,-57,-32768,-108
00:27:28,1890.30,24.79,65.41,3276.70,0.00,25.0477,25.0940,24.8533,24.8987,37937112,1061322,1650232,37947316.0000,1056941.0000,1653101.6250,-57,-32768,-108
00:27:30,1901.16,24.79,65.44,3276.70,0.00,25.0462,25.0911,24.8520,24.8958,37938983,1061658,1651399,37947316.0000,1057379.8750,1652936.3750,-60,-32768,-108
00:27:31,1944.61,24.79,65.44,3276.70,0.00,25.0445,25.0896,24.8507,24.8929,37939482,1062941,1650716,37946316.0000,1057553.6250,1652867.0000,-62,-32768,-108
00:27:33,1912.02,24.79,65.49,3276.70,0.00,25.0376,25.0850,24.8416,24.8898,37938963,1062941,1650716,37945836.0000,1058110.0000,1652581.6250,-65,-32768,-108
00:27:35,1890.30,24.79,65.45,3276.70,0.00,25.0325,25.0818,24.8374,24.8866,37938963,1062941,1650301,37945548.0000,1058511.8750,1652581.6250,-68,-32768,-108
00:27:37,1879.44,24.77,65.48,3276.70,0.00,25.0306,25.0818,24.8344,24.8866,37944253,1065239,1649866,37945416.0000,1059137.2500,1652194.3750,-68,-32768,-108
00:27:41,1874.01,24.77,65.51,3276.70,0.00,25.0257,25.0818,24.8318,24.8866,37945586,1065538,1650104,37945416.0000,1059137.2500,1652194.3750,-68,-32768,-108
00:27:43,1901.16,24.75,65.64,3276.70,0.00,25.0257,25.0665,24.8318,24.8702,37945586,1063818,1649296,37944928.0000,1060428.5000,1651590.3750,-64,-32768,-108
00:27:46,1890.30,24.75,65.71,3276.70,0.00,25.0266,25.0626,24.8318,24.8678,37949080,1063172,1647593,37944928.0000,1060586.1250,1651377.8750,-62,-32768,-108
00:27:48,1868.58,24.75,65.85,3276.70,0.00,25.0326,25.0597,24.8318,24.8678,37946713,1062172,1649925,37944832.0000,1060586.1250,1651141.6250,-61,-32768,-108
00:27:50,1901.16,24.75,65.93,3276.70,0.00,25.0363,25.0573,24.8383,24.8678,37945982,1062549,1650803,37944880.0000,1060852.3750,1651131.0000,-61,-32768,-108
00:27:51,1895.73,24.75,66.03,3276.70,0.00,25.0386,25.0561,24.8413,24.8607,37940009,1061474,1650803,37944528.0000,1060912.6250,1651076.8750,-57,-32768,-108
00:27:54,1939.18,24.75,66.03,3276.70,0.00,25.0386,25.0547,24.8413,24.8591,37939784,1061072,1650036,37944216.0000,1060920.6250,1651076.8750,-57,-32768,-108
00:27:57,1922.88,24.75,66.13,3276.70,0.00,25.0510,25.0547,24.8413,24.8584,37940061,1061072,1651651,37944216.0000,1060920.6250,1651026.5000,-50,-32768,-108
00:27:58,1944.61,24.75,66.30,3276.70,0.00,25.0579,25.0542,24.8587,24.8583,37945396,1058141,1650825,37944056.0000,1060676.2500,1651020.2500,-49,-32768,-108
00:27:59,1933.75,24.76,66.36,3276.70,0.00,25.0621,25.0542,24.8618,24.8584,37940740,1057872,1650920,37943952.0000,1060588.6250,1651037.7500,-48,-32768,-108
00:28:00,1955.47,24.76,66.31,3276.70,0.00,25.0641,25.0548,24.8632,24.8585,37943066,1057118,1651374,37943884.0000,1060388.5000,1651048.2500,-46,-32768,-108
00:28:01,1933.75,24.76,66.37,3276.70,0.00,25.0696,25.0556,24.8685,24.8590,37942625,1056718,1651309,37943844.0000,1060273.8750,1651056.3750,-45,-32768,-108
00:28:03,2015.21,24.76,66.44,3276.70,0.00,25.0720,25.0561,24.8709,24.8593,37937931,1056718,1651309,37943560.0000,1059926.7500,1651129.1250,-45,-32768,-108
00:28:05,1960.90,24.77,66.54,3276.70,0.00,25.0800,25.0580,24.8781,24.8608,37945801,1056156,1652661,37943632.0000,1059808.8750,1651177.0000,-45,-32768,-108
00:28:06,2009.78,24.77,66.62,3276.70,0.00,25.0815,25.0587,24.8796,24.8614,37943367,1055750,1652361,37943672.0000,1059553.3750,1651268.7500,-43,-32768,-108
00:28:08,2026.07,24.77,66.67,3276.70,0.00,25.0855,25.0603,24.8843,24.8627,37946751,1055409,1653631,37943768.0000,1059423.8750,1651342.5000,-42,-32768,-108
00:28:10,1950.04,24.77,66.67,3276.70,0.00,25.0855,25.0629,24.8891,24.8627,37944279,1054682,1653262,37944108.0000,1058899.5000,1651342.5000,-42,-32768,-108
00:28:12,1977.19,24.77,66.83,3276.70,0.00,25.0946,25.0629,24.8947,24.8627,37946099,1054503,1654003,37944128.0000,1058491.1250,1651777.6250,-40,-32768,-108
00:28:15,1977.19,24.78,66.86,3276.70,0.00,25.0946,25.0688,24.8947,24.8712,37946099,1053624,1653411,37944580.0000,1058080.0000,1651942.6250,-38,-32768,-108
00:28:18,2009.78,24.79,66.87,3276.70,0.00,25.0946,25.0729,24.9058,24.8742,37951013,1052889,1654641,37944580.0000,1057471.6250,1652251.5000,-38,-32768,-108
00:28:20,2015.21,24.79,66.91,3276.70,0.00,25.0946,25.0759,24.9094,24.8782,37946456,1052116,1653106,37945260.0000,1056997.7500,1652353.5000,-34,-32768,-108
00:28:23,2031.50,24.79,66.93,3276.70,0.00,25.0946,25.0791,24.9114,24.8802,37944160,1051372,1653106,37945196.0000,1056493.6250,1652353.5000,-34,-32768,-108
00:28:25,2031.50,24.80,67.06,3276.70,0.00,25.0946,25.0822,24.9140,24.8832,37944114,1051182,1654303,37945188.0000,1056170.5000,1652639.3750,-31,-32768,-108
00:28:27,2004.34,24.80,67.04,3276.70,0.00,25.1161,25.0833,24.9148,24.8841,37938090,1051182,1654303,37944688.0000,1055694.5000,1652781.1250,-31,-32768,-108
00:28:29,2031.50,24.81,67.00,3276.70,0.00,25.1170,25.0862,24.9148,24.8879,37938090,1050585,1654303,37944136.0000,1055219.1250,1652955.7500,-30,-32768,-108
00:28:32,2036.93,24.82,66.88,3276.70,0.00,25.1170,25.0900,24.9148,24.8916,37939274,1050211,1654201,37943960.0000,1054783.5000,1653094.3750,-29,-32768,-108
00:28:34,2026.07,24.82,67.04,3276.70,0.00,25.1207,25.0927,24.9213,24.8934,37942195,1049970,1654615,37943804.0000,1054491.2500,1653206.5000,-29,-32768,-108
00:28:35,2047.79,24.82,67.11,3276.70,0.00,25.1204,25.0936,24.9217,24.8943,37943822,1049919,1654615,37943672.0000,1054208.6250,1653311.5000,-29,-32768,-108
00:28:36,2015.21,24.82,67.11,3276.70,0.00,25.1211,25.0960,24.9205,24.8966,37944335,1049565,1655730,37943684.0000,1053928.6250,1653451.1250,-28,-32768,-108
00:28:38,2042.36,24.82,67.13,3276.70,0.00,25.1204,25.0967,24.9204,24.8966,37941885,1049404,1655258,37943516.0000,1053647.1250,1653573.6250,-27,-32768,-108
00:28:39,2020.64,24.82,67.17,3276.70,0.00,25.1192,25.0981,24.9189,24.8987,37941849,1049381,1655258,37943412.0000,1053388.0000,1653656.8750,-28,-32768,-108
00:28:42,2031.50,24.82,67.20,3276.70,0.00,25.1192,25.0999,24.9189,24.9011,37947577,1049232,1655997,37943704.0000,1053014.7500,1653868.2500,-27,-32768,-108
00:28:44,2064.08,24.83,67.13,3276.70,0.00,25.1192,25.1010,24.9196,24.9011,37947577,1048996,1655997,37943752.0000,1052752.0000,1653932.6250,-25,-32768,-108
00:28:45,2064.08,24.83,67.18,3276.70,0.00,25.1192,25.1028,24.9211,24.9033,37945898,1048457,1654851,37943712.0000,1052489.0000,1653998.6250,-25,-32768,-108
00:28:47,2053.22,24.83,67.18,3276.70,0.00,25.1231,25.1039,24.9230,24.9044,37937758,1048212,1654851,37943364.0000,1052097.6250,1654079.2500,-25,-32768,-108
00:28:50,2047.79,24.83,67.24,3276.70,0.00,25.1233,25.1039,24.9230,24.9061,37936267,1048212,1655449,37943364.0000,1052097.6250,1654184.1250,-24,-32768,-108
00:28:52,2069.51,24.83,67.28,3276.70,0.00,25.1262,25.1075,24.9230,24.9061,37934076,1047523,1654246,37942260.0000,1051468.3750,1654184.1250,-24,-32768,-108
00:28:54,2064.08,24.84,67.31,3276.70,0.00,25.1252,25.1075,24.9230,24.9086,37944934,1047442,1656577,37942216.0000,1051109.7500,1654317.2500,-23,-32768,-108
00:28:55,2064.08,24.84,67.33,3276.70,0.00,25.1226,25.1094,24.9221,24.9094,37939544,1047385,1655978,37942132.0000,1050993.3750,1654369.1250,-23,-32768,-108
00:28:56,2069.51,24.84,67.37,3276.70,0.00,25.1214,25.1098,24.9223,24.9098,37938844,1047202,1655187,37942028.0000,1050993.3750,1654417.6250,-23,-32768,-108
00:28:58,2042.36,24.84,67.31,3276.70,0.00,25.1207,25.1104,24.9227,24.9106,37941121,1047621,1655007,37941784.0000,1050993.3750,1654468.0000,-23,-32768,-108
00:29:01,2074.94,24.85,67.25,3276.70,0.00,25.1191,25.1111,24.9208,24.9115,37930313,1046869,1655007,37940996.0000,1050247.2500,1654468.0000,-22,-32768,-108
00:29:03,2069.51,24.85,67.25,3276.70,0.00,25.1187,25.1115,24.9220,24.9115,37932675,1046869,1653773,37940612.0000,1050247.2500,1654468.0000,-22,-32768,-108
00:29:04,2058.65,24.85,67.25,3276.70,0.00,25.1234,25.1124,24.9262,24.9115,37932675,1047084,1655096,37940360.0000,1050247.2500,1654468.0000,-22,-32768,-108
00:29:06,2058.65,24.85,67.25,3276.70,0.00,25.1243,25.1131,24.9262,24.9115,37938524,1046825,1655763,37940076.0000,1049600.1250,1654520.7500,-22,-32768,-108
00:29:08,2129.25,24.85,67.37,3276.70,0.00,25.1240,25.1137,24.9260,24.9147,37938524,1046549,1655763,37939940.0000,1049418.6250,1654520.7500,-21,-32768,-108
00:29:10,2069.51,24.85,67.42,3276.70,0.00,25.1243,25.1146,24.9261,24.9157,37936047,1046582,1655644,37939704.0000,1049240.3750,1654594.6250,-21,-32768,-108
00:29:12,2058.65,24.85,67.46,3276.70,0.00,25.1247,25.1152,24.9278,24.9164,37936047,1046811,1654391,37939484.0000,1049014.5000,1654605.0000,-22,-32768,-108
00:29:14,2085.80,24.85,67.46,3276.70,0.00,25.1248,25.1161,24.9271,24.9173,37938539,1046580,1654391,37939380.0000,1048868.2500,1654647.7500,-21,-32768,-108
00:29:16,2080.37,24.84,67.48,3276.70,0.00,25.1248,25.1168,24.9256,24.9181,37931719,1046390,1654877,37938880.0000,1048868.2500,1654670.7500,-21,-32768,-108
00:29:18,2096.67,24.85,67.36,3276.70,0.00,25.1253,25.1171,24.9248,24.9183,37931719,1046145,1654146,37938480.0000,1048497.1250,1654664.2500,-20,-32768,-108
00:29:20,2140.11,24.85,67.39,3276.70,0.00,25.1242,25.1177,24.9235,24.9188,37938384,1046239,1654839,37938420.0000,1048497.1250,1654664.2500,-20,-32768,-108
00:29:22,2085.80,24.85,67.39,3276.70,0.00,25.1216,25.1181,24.9235,24.9188,37933290,1046235,1654754,37937764.0000,1048079.3125,1654638.3750,-20,-32768,-108
00:29:25,2074.94,24.85,67.44,3276.70,0.00,25.1216,25.1184,24.9235,24.9199,37934168,1046083,1654696,37937448.0000,1047913.8750,1654666.5000,-20,-32768,-108
00:29:26,2085.80,24.85,67.51,3276.70,0.00,25.1233,25.1184,24.9257,24.9202,37929169,1045977,1654978,37937032.0000,1047743.5000,1654660.1250,-20,-32768,-108
00:29:29,2080.37,24.84,67.59,3276.70,0.00,25.1233,25.1193,24.9257,24.9207,37931299,1046271,1654017,37936436.0000,1047653.0000,1654604.2500,-20,-32768,-108
00:29:31,2080.37,24.84,67.62,3276.70,0.00,25.1233,25.1195,24.9257,24.9209,37938480,1046289,1654841,37936656.0000,1047531.5625,1654648.2500,-20,-32768,-108
00:29:33,2091.23,24.83,67.63,3276.70,0.00,25.1216,25.1195,24.9222,24.9209,37938228,1046762,1654631,37936656.0000,1047485.1250,1654648.2500,-21,-32768,-108
00:29:34,2102.10,24.83,67.65,3276.70,0.00,25.1201,25.1195,24.9205,24.9209,37940900,1046320,1653699,37937044.0000,1047417.4375,1654610.3750,-20,-32768,-108
00:29:36,2080.37,24.83,67.62,3276.70,0.00,25.1191,25.1195,24.9202,24.9208,37940900,1046320,1654327,37936880.0000,1047332.5625,1654580.5000,-20,-32768,-108
00:29:38,2096.67,24.84,67.59,3276.70,0.00,25.1197,25.1195,24.9216,24.9208,37940900,1045602,1654843,37936880.0000,1047332.5625,1654580.5000,-19,-32768,-108
00:29:39,2053.22,24.84,67.59,3276.70,0.00,25.1191,25.1194,24.9213,24.9208,37934699,1045819,1655070,37936580.0000,1047140.6875,1654597.5000,-19,-32768,-108
00:29:42,2074.94,24.84,67.62,3276.70,0.00,25.1193,25.1194,24.9213,24.9208,37934699,1045990,1655070,37936840.0000,1047036.9375,1654597.5000,-19,-32768,-108
00:29:44,2123.82,24.84,67.61,3276.70,0.00,25.1211,25.1195,24.9222,24.9209,37930574,1045470,1654389,37936588.0000,1047036.9375,1654649.3750,-18,-32768,-108
00:29:46,2096.67,24.84,67.61,3276.70,0.00,25.1211,25.1195,24.9191,24.9208,37928400,1045202,1655094,37936588.0000,1046745.6250,1654676.8750,-18,-32768,-108
00:29:48,2080.37,24.84,67.47,3276.70,0.00,25.1211,25.1193,24.9191,24.9204,37932750,1045049,1654512,37935184.0000,1046595.0625,1654637.2500,-18,-32768,-108
00:29:50,2140.11,24.84,67.47,3276.70,0.00,25.1160,25.1191,24.9168,24.9202,37934679,1045049,1654763,37935124.0000,1046548.4375,1654627.8750,-19,-32768,-108
00:29:51,2123.82,24.84,67.63,3276.70,0.00,25.1146,25.1188,24.9166,24.9199,37933262,1046147,1654430,37935064.0000,1046535.8750,1654621.7500,-20,-32768,-108
00:29:55,2123.82,24.84,67.63,3276.70,0.00,25.1131,25.1184,24.9166,24.9196,37933262,1045915,1653168,37935064.0000,1046535.8750,1654472.8750,-20,-32768,-108
00:29:57,2118.39,24.83,67.67,3276.70,0.00,25.1105,25.1176,24.9141,24.9196,37932474,1046006,1653168,37934760.0000,1046414.8750,1654387.2500,-19,-32768,-108
00:29:59,2107.53,24.83,67.70,3276.70,0.00,25.1077,25.1167,24.9101,24.9183,37934838,1045616,1653168,37934760.0000,1046362.5000,1654316.0000,-19,-32768,-108
00:30:02,2107.53,24.83,67.64,3276.70,0.00,25.1077,25.1157,24.9101,24.9171,37934838,1045298,1653003,37934408.0000,1046237.8125,1654260.6250,-18,-32768,-108
00:30:03,2096.67,24.82,67.67,3276.70,0.00,25.1048,25.1147,24.9078,24.9164,37929718,1045272,1653219,37934264.0000,1046207.6250,1654228.1250,-18,-32768,-108
00:30:04,2107.53,24.83,67.64,3276.70,0.00,25.1045,25.1143,24.9077,24.9162,37932386,1045621,1653877,37934204.0000,1046207.6250,1654197.8750,-19,-32768,-108
00:30:06,2178.13,24.83,67.66,3276.70,0.00,25.1038,25.1136,24.9071,24.9156,37932908,1045670,1653088,37934208.0000,1046159.4375,1654197.8750,-19,-32768,-108
00:30:08,2112.96,24.83,67.63,3276.70,0.00,25.1028,25.1129,24.9071,24.9147,37926155,1045179,1653796,37933928.0000,1046159.4375,1654114.3750,-18,-32768,-108
00:30:10,2145.54,24.83,67.63,3276.70,0.00,25.1004,25.1118,24.9054,24.9141,37934591,1045220,1653710,37933768.0000,1046046.4375,1654088.8750,-18,-32768,-108
00:30:13,2112.96,24.82,67.63,3276.70,0.00,25.0998,25.1110,24.9054,24.9130,37934591,1046145,1653149,37933768.0000,1046040.0000,1654037.0000,-20,-32768,-108
00:30:14,2074.94,24.82,67.61,3276.70,0.00,25.0996,25.1099,24.9017,24.9123,37934932,1045861,1652657,37933960.0000,1046034.3750,1653993.8750,-19,-32768,-108
00:30:15,2134.68,24.82,67.59,3276.70,0.00,25.0998,25.1096,24.9021,24.9119,37927160,1045620,1652763,37933708.0000,1046007.2500,1653897.8750,-19,-32768,-108
00:30:17,2058.65,24.82,67.56,3276.70,0.00,25.0987,25.1089,24.9015,24.9112,37927160,1045620,1653000,37933760.0000,1046007.2500,1653897.8750,-18,-32768,-108
00:30:18,2118.39,24.82,67.48,3276.70,0.00,25.0959,25.1080,24.8996,24.9105,37925622,1046013,1652804,37933400.0000,1045975.5000,1653822.5000,-19,-32768,-108
00:30:20,2091.23,24.82,67.48,3276.70,0.00,25.0923,25.1071,24.8996,24.9105,37925622,1046368,1652955,37933020.0000,1046022.1875,1653753.2500,-20,-32768,-108
00:30:22,2096.67,24.82,67.48,3276.70,0.00,25.0887,25.1055,24.8925,24.9083,37926073,1046368,1652362,37932604.0000,1046050.8125,1653664.2500,-21,-32768,-108
00:30:24,2091.23,24.81,67.48,3276.70,0.00,25.0854,25.1055,24.8925,24.9064,37928863,1046727,1652507,37932348.0000,1046091.3750,1653591.7500,-21,-32768,-108
00:30:26,2053.22,24.81,67.48,3276.70,0.00,25.0854,25.1022,24.8851,24.9052,37922214,1046920,1651466,37932348.0000,1046170.8125,1653392.2500,-22,-32768,-108
00:30:27,2107.53,24.80,67.56,3276.70,0.00,25.0795,25.1008,24.8823,24.9037,37926560,1047426,1650874,37931520.0000,1046210.0625,1653313.5000,-23,-32768,-108
00:30:29,2069.51,24.80,67.58,3276.70,0.00,25.0784,25.1001,24.8813,24.9030,37925143,1047754,1652050,37931320.0000,1046258.3125,1653274.0000,-23,-32768,-108
00:30:30,2069.51,24.80,67.60,3276.70,0.00,25.0790,25.0987,24.8808,24.9016,37935880,1048546,1652091,37931476.0000,1046392.8125,1653198.6250,-25,-32768,-108
00:30:31,2091.23,24.80,67.53,3276.70,0.00,25.0766,25.0974,24.8788,24.9002,37932311,1048227,1651718,37931476.0000,1046505.8750,1653109.6250,-24,-32768,-108
00:30:32,2069.51,24.79,67.54,3276.70,0.00,25.0752,25.0967,24.8779,24.8995,37931692,1048313,1651982,37931484.0000,1046562.3750,1653074.3750,-25,-32768,-108
00:30:33,2080.37,24.79,67.54,3276.70,0.00,25.0742,25.0960,24.8773,24.8995,37931692,1048496,1651790,37931388.0000,1046680.1250,1653000.7500,-25,-32768,-108
00:30:37,2091.23,24.79,67.54,3276.70,0.00,25.0742,25.0937,24.8773,24.8959,37931692,1048563,1651158,37931336.0000,1046680.1250,1652819.2500,-24,-32768,-108
00:30:38,2047.79,24.79,67.58,3276.70,0.00,25.0696,25.0915,24.8711,24.8937,37928164,1048563,1652532,37931072.0000,1046979.1875,1652803.6250,-25,-32768,-108
00:30:41,2080.37,24.79,67.58,3276.70,0.00,25.0696,25.0893,24.8711,24.8914,37923273,1048083,1651026,37930564.0000,1047091.8750,1652651.2500,-24,-32768,-108
00:30:44,2053.22,24.79,67.53,3276.70,0.00,25.0696,25.0870,24.8644,24.8898,37927512,1048419,1651026,37930564.0000,1047091.8750,1652471.3750,-24,-32768,-108
00:30:45,2080.37,24.78,67.53,3276.70,0.00,25.0591,25.0846,24.8621,24.8873,37924177,1048480,1651092,37929648.0000,1047273.3750,1652428.2500,-25,-32768,-108
00:30:47,2069.51,24.78,67.59,3276.70,0.00,25.0545,25.0827,24.8587,24.8855,37925855,1048867,1650799,37929408.0000,1047366.6250,1652334.8750,-25,-32768,-108
00:30:50,2074.94,24.78,67.58,3276.70,0.00,25.0545,25.0801,24.8587,24.8830,37921983,1049109,1649873,37928752.0000,1047570.1250,1652040.7500,-25,-32768,-108
00:30:53,2047.79,24.78,67.47,3276.70,0.00,25.0543,25.0801,24.8581,24.8830,37931870,1049701,1649873,37928752.0000,1047570.1250,1651843.3750,-25,-32768,-108
00:30:56,2069.51,24.77,67.55,3276.70,0.00,25.0543,25.0740,24.8581,24.8764,37922988,1049075,1650715,37928712.0000,1047977.2500,1651658.6250,-26,-32768,-108
00:30:57,2058.65,24.78,67.55,3276.70,0.00,25.0528,25.0727,24.8561,24.8757,37925006,1049135,1650557,37928600.0000,1048013.4375,1651624.1250,-26,-32768,-108
00:30:58,2047.79,24.77,67.56,3276.70,0.00,25.0520,25.0714,24.8546,24.8744,37924580,1049106,1650179,37928488.0000,1048079.8750,1651538.2500,-26,-32768,-108
00:31:01,2053.22,24.77,67.58,3276.70,0.00,25.0520,25.0700,24.8546,24.8725,37924699,1049106,1650179,37927780.0000,1048225.0000,1651418.7500,-27,-32768,-108
00:31:04,2047.79,24.77,67.47,3276.70,0.00,25.0520,25.0682,24.8546,24.8707,37924699,1049605,1651324,37927488.0000,1048298.0000,1651411.0000,-27,-32768,-108
00:31:05,2058.65,24.77,67.47,3276.70,0.00,25.0473,25.0658,24.8504,24.8689,37931929,1049331,1651207,37927516.0000,1048401.5625,1651378.8750,-27,-32768,-108
00:31:07,2042.36,24.77,67.53,3276.70,0.00,25.0470,25.0652,24.8500,24.8682,37926615,1049340,1651207,37927368.0000,1048456.5625,1651352.7500,-27,-32768,-108
00:31:08,2069.51,24.77,67.51,3276.70,0.00,25.0456,25.0634,24.8491,24.8665,37918736,1049287,1650589,37926912.0000,1048505.8125,1651317.1250,-27,-32768,-108
00:31:11,2031.50,24.77,67.56,3276.70,0.00,25.0448,25.0628,24.8479,24.8659,37919011,1049287,1649067,37926912.0000,1048616.1250,1651144.3750,-28,-32768,-108
00:31:12,2047.79,24.77,67.60,3276.70,0.00,25.0430,25.0610,24.8476,24.8642,37921989,1049981,1649945,37926372.0000,1048658.7500,1651106.8750,-28,-32768,-108
00:31:14,2102.10,24.76,67.59,3276.70,0.00,25.0435,25.0610,24.8475,24.8642,37923165,1049949,1649812,37926000.0000,1048780.5000,1651016.8750,-28,-32768,-108
00:31:17,2031.50,24.76,67.55,3276.70,0.00,25.0438,25.0589,24.8475,24.8616,37923165,1049738,1649356,37926000.0000,1048877.6250,1650863.6250,-28,-32768,-108
00:31:19,2026.07,24.76,67.51,3276.70,0.00,25.0400,25.0562,24.8418,24.8593,37920613,1049895,1649122,37925376.0000,1048975.1250,1650774.5000,-28,-32768,-108
00:31:21,2009.78,24.76,67.48,3276.70,0.00,25.0400,25.0562,24.8418,24.8582,37918223,1050201,1649038,37925136.0000,1049046.8750,1650693.7500,-29,-32768,-108
00:31:23,2031.50,24.76,67.48,3276.70,0.00,25.0368,25.0540,24.8422,24.8572,37918095,1050148,1648777,37924624.0000,1049153.3750,1650506.2500,-28,-32768,-108
00:31:25,2047.79,24.76,67.53,3276.70,0.00,25.0347,25.0528,24.8422,24.8572,37916305,1050580,1649796,37924272.0000,1049233.5000,1650459.1250,-28,-32768,-108
00:31:27,2036.93,24.75,67.57,3276.70,0.00,25.0340,25.0528,24.8370,24.8544,37925413,1050840,1649581,37924264.0000,1049335.7500,1650405.1250,-30,-32768,-108
00:31:30,2015.21,24.75,67.56,3276.70,0.00,25.0340,25.0495,24.8370,24.8524,37928271,1050971,1650071,37924100.0000,1049517.5000,1650405.1250,-30,-32768,-108
00:31:32,2031.50,24.75,67.62,3276.70,0.00,25.0354,25.0495,24.8390,24.8524,37926729,1050971,1650071,37924436.0000,1049632.8750,1650264.6250,-30,-32768,-108
00:31:34,2047.79,24.75,67.59,3276.70,0.00,25.0358,25.0469,24.8404,24.8504,37921435,1050840,1648531,37924272.0000,1049708.1250,1650155.2500,-30,-32768,-108
00:31:36,2085.80,24.75,67.62,3276.70,0.00,25.0364,25.0469,24.8415,24.8504,37923876,1051000,1649704,37924160.0000,1049820.2500,1650093.3750,-30,-32768,-108
00:31:37,2058.65,24.74,67.65,3276.70,0.00,25.0348,25.0455,24.8405,24.8492,37925455,1051145,1650314,37924200.0000,1049861.6250,1650100.2500,-31,-32768,-108
00:31:38,2036.93,24.74,67.64,3276.70,0.00,25.0341,25.0452,24.8397,24.8489,37921378,1051420,1650314,37924200.0000,1049967.3750,1650074.7500,-32,-32768,-108
00:31:41,2015.21,24.74,67.64,3276.70,0.00,25.0341,25.0441,24.8397,24.8479,37920396,1051249,1649549,37923996.0000,1050083.5000,1650074.7500,-31,-32768,-108
00:31:42,2031.50,24.74,67.64,3276.70,0.00,25.0330,25.0430,24.8363,24.8467,37930571,1050605,1649648,37924236.0000,1050121.2500,1649999.5000,-30,-32768,-108
00:31:43,2015.21,24.74,67.67,3276.70,0.00,25.0323,25.0427,24.8364,24.8464,37922989,1050452,1649745,37924196.0000,1050131.5000,1649991.6250,-29,-32768,-108
00:31:45,2036.93,24.74,67.67,3276.70,0.00,25.0317,25.0423,24.8362,24.8460,37919258,1050356,1649944,37924044.0000,1050138.5000,1649990.1250,-29,-32768,-108
00:31:46,2026.07,24.74,67.70,3276.70,0.00,25.0311,25.0412,24.8357,24.8450,37915894,1050388,1649357,37923604.0000,1050151.7500,1649950.2500,-29,-32768,-108
00:31:49,2031.50,24.74,67.70,3276.70,0.00,25.0306,25.0406,24.8345,24.8443,37920153,1050275,1648327,37923336.0000,1050163.3750,1649816.6250,-29,-32768,-108
00:31:50,2009.78,24.74,67.56,3276.70,0.00,25.0299,25.0399,24.8349,24.8443,37919759,1050465,1648635,37922864.0000,1050173.0000,1649732.5000,-29,-32768,-108
00:31:52,1977.19,24.74,67.58,3276.70,0.00,25.0333,25.0394,24.8355,24.8443,37920544,1050640,1649420,37922792.0000,1050187.6250,1649714.6250,-29,-32768,-108
00:31:54,2031.50,24.74,67.58,3276.70,0.00,25.0333,25.0389,24.8357,24.8425,37919844,1050095,1648384,37922792.0000,1050187.6250,1649640.1250,-28,-32768,-108
00:31:56,1998.91,24.74,67.66,3276.70,0.00,25.0346,25.0386,24.8335,24.8419,37923522,1049676,1648384,37922792.0000,1050187.6250,1649640.1250,-28,-32768,-108
00:31:58,2020.64,24.74,67.72,3276.70,0.00,25.0326,25.0386,24.8335,24.8409,37922181,1049676,1649868,37922236.0000,1050119.3750,1649648.8750,-27,-32768,-108
00:31:59,2015.21,24.73,67.77,3276.70,0.00,25.0326,25.0375,24.8318,24.8403,37921859,1049640,1649806,37922168.0000,1050089.8750,1649645.3750,-27,-32768,-108
00:32:01,2096.67,24.73,67.80,3276.70,0.00,25.0292,25.0372,24.8322,24.8400,37922559,1049455,1649806,37922040.0000,1050041.1250,1649681.7500,-26,-32768,-108
00:32:02,2015.21,24.73,67.75,3276.70,0.00,25.0283,25.0372,24.8308,24.8392,37914892,1049065,1648573,37921696.0000,1049979.6250,1649637.8750,-26,-32768,-108
00:32:04,1993.48,24.73,67.81,3276.70,0.00,25.0285,25.0358,24.8299,24.8386,37922099,1049675,1648573,37921768.0000,1049956.3750,1649577.8750,-26,-32768,-108
00:32:08,2026.07,24.73,67.75,3276.70,0.00,25.0285,25.0352,24.8299,24.8379,37922099,1049368,1648213,37921256.0000,1049876.1250,1649463.8750,-27,-32768,-108
00:32:09,2009.78,24.73,67.83,3276.70,0.00,25.0296,25.0348,24.8320,24.8373,37917738,1049120,1648213,37920984.0000,1049835.1250,1649393.5000,-27,-32768,-108
00:32:12,2009.78,24.73,67.92,3276.70,0.00,25.0296,25.0339,24.8294,24.8366,37916547,1048819,1647649,37920724.0000,1049751.7500,1649351.3750,-25,-32768,-108
00:32:13,2020.64,24.73,67.89,3276.70,0.00,25.0270,25.0334,24.8296,24.8361,37912352,1048879,1648964,37920160.0000,1049699.5000,1649309.3750,-25,-32768,-108
00:32:14,2047.79,24.73,67.91,3276.70,0.00,25.0287,25.0332,24.8303,24.8361,37916631,1049123,1648528,37919836.0000,1049659.8750,1649258.1250,-26,-32768,-108
00:32:16,2031.50,24.73,67.93,3276.70,0.00,25.0302,25.0330,24.8313,24.8356,37918148,1048994,1649301,37919784.0000,1049639.1250,1649259.3750,-26,-32768,-108
00:32:19,2047.79,24.74,67.96,3276.70,0.00,25.0288,25.0327,24.8313,24.8352,37913605,1048994,1650038,37919052.0000,1049639.1250,1649259.3750,-25,-32768,-108
00:32:20,2036.93,24.73,68.02,3276.70,0.00,25.0272,25.0327,24.8325,24.8348,37914869,1048996,1649909,37918872.0000,1049475.8750,1649265.3750,-26,-32768,-108
00:32:22,2026.07,24.73,68.02,3276.70,0.00,25.0272,25.0318,24.8348,24.8348,37912487,1049425,1649227,37918492.0000,1049461.8750,1649265.3750,-26,-32768,-108
00:32:24,2026.07,24.73,67.90,3276.70,0.00,25.0301,25.0318,24.8343,24.8347,37911256,1049487,1649080,37918248.0000,1049477.3750,1649247.2500,-27,-32768,-108
00:32:26,2058.65,24.74,67.93,3276.70,0.00,25.0305,25.0315,24.8343,24.8345,37911256,1049263,1649200,37918072.0000,1049477.3750,1649230.5000,-26,-32768,-108
00:32:29,2047.79,24.74,68.01,3276.70,0.00,25.0305,25.0315,24.8298,24.8345,37913728,1049233,1648490,37917992.0000,1049435.2500,1649172.7500,-26,-32768,-108
00:32:31,2015.21,24.73,68.10,3276.70,0.00,25.0252,25.0307,24.8296,24.8339,37913728,1049233,1648825,37917852.0000,1049462.8750,1649172.7500,-28,-32768,-108
00:32:33,2026.07,24.73,68.09,3276.70,0.00,25.0252,25.0300,24.8296,24.8330,37920631,1049622,1648585,37917908.0000,1049488.5000,1649101.1250,-27,-32768,-108
00:32:34,2020.64,24.73,68.09,3276.70,0.00,25.0233,25.0293,24.8249,24.8325,37921270,1049305,1648770,37918108.0000,1049482.5000,1649047.0000,-26,-32768,-108
00:32:36,2026.07,24.73,68.16,3276.70,0.00,25.0219,25.0291,24.8236,24.8321,37923998,1049063,1649161,37918292.0000,1049457.8750,1649023.3750,-26,-32768,-108
00:32:38,2015.21,24.72,68.16,3276.70,0.00,25.0178,25.0282,24.8236,24.8312,37916694,1049342,1648219,37918168.0000,1049457.8750,1649023.3750,-26,-32768,-108
00:32:40,2026.07,24.72,68.16,3276.70,0.00,25.0171,25.0275,24.8204,24.8302,37921140,1048817,1648818,37918056.0000,1049400.2500,1648930.3750,-26,-32768,-108
00:32:42,1993.48,24.72,68.16,3276.70,0.00,25.0167,25.0264,24.8200,24.8302,37910307,1048794,1647470,37917612.0000,1049342.8750,1648809.6250,-25,-32768,-108
00:32:45,2042.36,24.72,68.13,3276.70,0.00,25.0159,25.0264,24.8198,24.8302,37910307,1048417,1648749,37917212.0000,1049289.1250,1648793.1250,-24,-32768,-108
00:32:46,2015.21,24.72,68.20,3276.70,0.00,25.0159,25.0248,24.8175,24.8279,37911917,1048751,1647287,37916944.0000,1049248.5000,1648707.3750,-25,-32768,-108
00:32:48,1998.91,24.72,68.24,3276.70,0.00,25.0146,25.0242,24.8178,24.8273,37908864,1048774,1647287,37916592.0000,1049221.7500,1648657.3750,-25,-32768,-108
00:32:49,2036.93,24.72,68.25,3276.70,0.00,25.0148,25.0236,24.8175,24.8266,37912557,1048481,1647287,37916356.0000,1049156.5000,1648655.1250,-24,-32768,-108
00:32:52,2026.07,24.72,68.27,3276.70,0.00,25.0148,25.0236,24.8172,24.8266,37920534,1048417,1649630,37916408.0000,1049089.3750,1648667.3750,-24,-32768,-108
00:32:55,2015.21,24.72,68.27,3276.70,0.00,25.0152,25.0218,24.8172,24.8266,37909976,1048112,1649630,37916120.0000,1048998.7500,1648628.2500,-23,-32768,-108
00:32:57,2009.78,24.72,68.27,3276.70,0.00,25.0152,25.0213,24.8172,24.8244,37912714,1047947,1648472,37915644.0000,1048901.5000,1648628.2500,-23,-32768,-108
00:32:59,2026.07,24.72,68.27,3276.70,0.00,25.0191,25.0210,24.8214,24.8241,37910396,1048027,1647152,37915172.0000,1048843.8750,1648539.6250,-23,-32768,-108
00:33:01,2074.94,24.72,68.27,3276.70,0.00,25.0180,25.0208,24.8212,24.8239,37911098,1048130,1647886,37914996.0000,1048796.5000,1648499.0000,-24,-32768,-108
00:33:03,2015.21,24.73,68.24,3276.70,0.00,25.0180,25.0203,24.8212,24.8235,37915352,1047828,1648246,37914920.0000,1048719.8750,1648466.8750,-23,-32768,-108
00:33:06,2009.78,24.72,68.35,3276.70,0.00,25.0180,25.0196,24.8212,24.8235,37910338,1048078,1648246,37914512.0000,1048635.6250,1648439.1250,-24,-32768,-108
00:33:09,2080.37,24.72,68.25,3276.70,0.00,25.0180,25.0188,24.8181,24.8222,37910338,1048215,1649146,37914256.0000,1048600.5000,1648441.5000,-24,-32768,-108
00:33:11,2069.51,24.73,68.20,3276.70,0.00,25.0134,25.0184,24.8196,24.8220,37910338,1048566,1649406,37914256.0000,1048581.6250,1648440.8750,-25,-32768,-108
00:33:12,2031.50,24.73,68.20,3276.70,0.00,25.0154,25.0180,24.8186,24.8217,37911178,1048106,1648037,37914016.0000,1048555.6250,1648441.8750,-24,-32768,-108
00:33:14,1982.62,24.73,68.26,3276.70,0.00,25.0146,25.0178,24.8184,24.8214,37915976,1048190,1647530,37914140.0000,1048535.0000,1648441.8750,-24,-32768,-108
00:33:15,2015.21,24.73,68.27,3276.70,0.00,25.0143,25.0177,24.8187,24.8213,37913136,1047948,1647530,37914140.0000,1048495.9375,1648344.1250,-23,-32768,-108
00:33:18,1998.91,24.72,68.35,3276.70,0.00,25.0145,25.0174,24.8187,24.8210,37913136,1047791,1649033,37914140.0000,1048439.0625,1648369.7500,-23,-32768,-108
00:33:19,1998.91,24.72,68.33,3276.70,0.00,25.0180,25.0173,24.8197,24.8209,37918792,1048009,1647911,37914244.0000,1048422.6250,1648353.6250,-23,-32768,-108
00:33:20,2015.21,24.72,68.35,3276.70,0.00,25.0180,25.0173,24.8203,24.8208,37911368,1047732,1647667,37914152.0000,1048401.0625,1648332.1250,-23,-32768,-108
00:33:21,2036.93,24.72,68.38,3276.70,0.00,25.0177,25.0173,24.8204,24.8208,37910138,1047705,1648011,37914028.0000,1048379.3125,1648322.1250,-23,-32768,-108
00:33:23,2031.50,24.72,68.40,3276.70,0.00,25.0169,25.0173,24.8193,24.8208,37909627,1048174,1649012,37913392.0000,1048324.0000,1648287.0000,-24,-32768,-108
00:33:26,2015.21,24.72,68.44,3276.70,0.00,25.0157,25.0173,24.8175,24.8204,37909195,1047716,1647855,37913392.0000,1048295.1875,1648288.8750,-24,-32768,-108
00:33:28,1993.48,24.72,68.40,3276.70,0.00,25.0123,25.0173,24.8177,24.8204,37903421,1047691,1647919,37912336.0000,1048230.3750,1648283.6250,-23,-32768,-108
00:33:30,2031.50,24.72,68.35,3276.70,0.00,25.0173,25.0173,24.8217,24.8204,37908815,1047644,1648407,37912008.0000,1048174.5625,1648261.8750,-22,-32768,-108
00:33:31,1993.48,24.72,68.36,3276.70,0.00,25.0173,25.0166,24.8216,24.8202,37911620,1047337,1648135,37911964.0000,1048129.1875,1648249.5000,-22,-32768,-108
00:33:34,2015.21,24.72,68.38,3276.70,0.00,25.0173,25.0165,24.8216,24.8201,37923789,1047367,1648112,37912292.0000,1048055.5000,1648255.6250,-22,-32768,-108
00:33:35,2091.23,24.72,68.38,3276.70,0.00,25.0138,25.0163,24.8165,24.8200,37914561,1047161,1647623,37912364.0000,1048027.5625,1648235.8750,-21,-32768,-108
00:33:38,2026.07,24.72,68.46,3276.70,0.00,25.0138,25.0160,24.8165,24.8196,37914561,1047655,1648023,37911740.0000,1047926.3750,1648207.3750,-23,-32768,-108
00:33:39,2009.78,24.72,68.40,3276.70,0.00,25.0105,25.0156,24.8155,24.8193,37912051,1047538,1647879,37911752.0000,1047926.3750,1648173.6250,-22,-32768,-108
00:33:42,1998.91,24.72,68.42,3276.70,0.00,25.0105,25.0151,24.8155,24.8189,37910879,1047374,1647928,37911624.0000,1047926.3750,1648149.3750,-22,-32768,-108
00:33:44,2004.34,24.72,68.46,3276.70,0.00,25.0117,25.0147,24.8155,24.8189,37909780,1047544,1647070,37911704.0000,1047840.2500,1648118.1250,-22,-32768,-108
00:33:46,2015.21,24.72,68.38,3276.70,0.00,25.0123,25.0147,24.8155,24.8189,37907383,1047562,1648326,37911264.0000,1047807.0000,1648085.8750,-22,-32768,-108
00:33:48,2031.50,24.72,68.46,3276.70,0.00,25.0097,25.0141,24.8145,24.8180,37913095,1047714,1648598,37911492.0000,1047807.0000,1648083.5000,-23,-32768,-108
00:33:49,2020.64,24.72,68.41,3276.70,0.00,25.0103,25.0138,24.8127,24.8176,37905900,1047364,1647309,37911316.0000,1047790.0625,1648059.2500,-22,-32768,-108
00:33:51,2085.80,24.72,68.42,3276.70,0.00,25.0100,25.0137,24.8112,24.8174,37905542,1047440,1646896,37910976.0000,1047762.9375,1647981.5000,-22,-32768,-108
00:33:52,2031.50,24.72,68.49,3276.70,0.00,25.0095,25.0134,24.8119,24.8170,37903470,1047440,1646896,37910652.0000,1047722.0625,1647931.7500,-21,-32768,-108
00:33:55,2020.64,24.71,68.56,3276.70,0.00,25.0095,25.0134,24.8110,24.8170,37907822,1047317,1648675,37910216.0000,1047692.1250,1647922.2500,-22,-32768,-108
00:33:57,2009.78,24.71,68.49,3276.70,0.00,25.0095,25.0125,24.8110,24.8155,37908836,1047285,1647875,37909992.0000,1047655.3125,1647935.2500,-22,-32768,-108
00:33:59,2015.21,24.71,68.45,3276.70,0.00,25.0093,25.0123,24.8110,24.8152,37906270,1047030,1646939,37909880.0000,1047655.3125,1647935.2500,-21,-32768,-108
00:34:02,2096.67,24.71,68.45,3276.70,0.00,25.0093,25.0123,24.8083,24.8152,37909730,1046716,1647936,37909880.0000,1047655.3125,1647875.6250,-20,-32768,-108
00:34:04,2026.07,24.71,68.58,3276.70,0.00,25.0075,25.0114,24.8086,24.8152,37909730,1046566,1647240,37909900.0000,1047655.3125,1647812.8750,-20,-32768,-108
00:34:06,2015.21,24.71,68.58,3276.70,0.00,25.0075,25.0108,24.8085,24.8134,37904517,1046728,1646739,37909384.0000,1047423.6250,1647741.2500,-20,-32768,-108
00:34:07,2020.64,24.71,68.59,3276.70,0.00,25.0060,25.0106,24.8079,24.8132,37900533,1046371,1647342,37909108.0000,1047390.7500,1647728.8750,-20,-32768,-108
00:34:09,2009.78,24.71,68.61,3276.70,0.00,25.0064,25.0103,24.8094,24.8129,37904781,1046518,1647342,37908696.0000,1047300.5625,1647796.2500,-19,-32768,-108
00:34:12,2036.93,24.71,68.61,3276.70,0.00,25.0064,25.0100,24.8094,24.8125,37904781,1046518,1648066,37908392.0000,1047183.3750,1647763.7500,-20,-32768,-108
00:34:13,2026.07,24.72,68.59,3276.70,0.00,25.0073,25.0096,24.8090,24.8122,37905832,1046510,1648432,37908312.0000,1047162.3125,1647784.6250,-20,-32768,-108
00:34:15,2015.21,24.72,68.52,3276.70,0.00,25.0054,25.0095,24.8090,24.8122,37901197,1046117,1647538,37907992.0000,1047162.3125,1647770.2500,-19,-32768,-108
00:34:17,2036.93,24.72,68.52,3276.70,0.00,25.0054,25.0088,24.8090,24.8115,37907416,1046537,1648177,37907704.0000,1047029.1250,1647761.2500,-20,-32768,-108
00:34:20,2047.79,24.72,68.57,3276.70,0.00,25.0041,25.0083,24.8090,24.8111,37905838,1046548,1648758,37907568.0000,1046995.1250,1647782.2500,-20,-32768,-108
00:34:22,2031.50,24.72,68.60,3276.70,0.00,25.0042,25.0083,24.8055,24.8111,37906997,1046666,1647343,37907612.0000,1046963.9375,1647777.0000,-20,-32768,-108
00:34:24,2053.22,24.72,68.66,3276.70,0.00,25.0042,25.0076,24.8055,24.8102,37904337,1046726,1647186,37907428.0000,1046941.6875,1647735.6250,-20,-32768,-108
00:34:26,2091.23,24.71,68.75,3276.70,0.00,25.0035,25.0072,24.8055,24.8098,37904337,1046254,1647110,37907212.0000,1046900.6875,1647712.3750,-19,-32768,-108
00:34:27,2020.64,24.71,68.75,3276.70,0.00,25.0006,25.0068,24.8027,24.8093,37903241,1046539,1647657,37906912.0000,1046877.0000,1647711.6250,-20,-32768,-108
00:34:30,2015.21,24.71,68.76,3276.70,0.00,25.0006,25.0061,24.8027,24.8086,37899932,1046224,1646831,37906476.0000,1046837.9375,1647711.6250,-20,-32768,-108
00:34:31,2031.50,24.71,68.72,3276.70,0.00,24.9986,25.0054,24.8021,24.8080,37902338,1046184,1646442,37906408.0000,1046801.3750,1647599.2500,-19,-32768,-108
00:34:34,2058.65,24.71,68.65,3276.70,0.00,24.9986,25.0049,24.8021,24.8072,37905771,1046054,1646442,37906256.0000,1046731.1875,1647568.7500,-19,-32768,-108
00:34:35,2015.21,24.71,68.65,3276.70,0.00,24.9977,25.0042,24.7991,24.8066,37906063,1046116,1647244,37906296.0000,1046693.5000,1647538.6250,-19,-32768,-108
00:34:36,2026.07,24.71,68.67,3276.70,0.00,24.9968,25.0040,24.7988,24.8064,37901273,1045854,1647208,37906140.0000,1046667.3125,1647528.3750,-18,-32768,-108
00:34:39,2015.21,24.71,68.73,3276.70,0.00,24.9966,25.0037,24.7988,24.8059,37901273,1046346,1647208,37906144.0000,1046635.3125,1647501.2500,-20,-32768,-108
00:34:40,2036.93,24.71,68.76,3276.70,0.00,24.9996,25.0031,24.8001,24.8052,37904430,1046414,1647762,37905992.0000,1046624.8125,1647486.8750,-19,-32768,-108
00:34:41,2015.21,24.71,68.72,3276.70,0.00,24.9998,25.0030,24.8007,24.8050,37902523,1046189,1647680,37905884.0000,1046605.5625,1647480.7500,-19,-32768,-108
00:34:43,2020.64,24.71,68.72,3276.70,0.00,24.9990,25.0027,24.8007,24.8047,37904510,1046453,1647110,37905744.0000,1046600.8125,1647469.1250,-20,-32768,-108
00:34:44,2042.36,24.71,68.78,3276.70,0.00,24.9994,25.0025,24.8012,24.8045,37903151,1046143,1647566,37905572.0000,1046574.5000,1647473.5000,-19,-32768,-108
00:34:45,2091.23,24.71,68.81,3276.70,0.00,24.9998,25.0024,24.8011,24.8044,37901652,1046202,1647357,37905448.0000,1046562.8750,1647469.8750,-19,-32768,-108
00:34:46,2009.78,24.71,68.79,3276.70,0.00,25.0009,25.0023,24.8014,24.8043,37902570,1046102,1647140,37905360.0000,1046548.4375,1647459.6250,-19,-32768,-108
00:34:48,2009.78,24.71,68.81,3276.70,0.00,25.0011,25.0023,24.8011,24.8041,37902368,1045996,1646781,37905204.0000,1046510.4375,1647420.0000,-19,-32768,-108
00:34:48,2047.79,24.71,68.85,3276.70,0.00,25.0005,25.0021,24.8010,24.8039,37900081,1045729,1647660,37905044.0000,1046486.0000,1647427.5000,-18,-32768,-108
00:34:50,2004.34,24.71,68.85,3276.70,0.00,25.0004,25.0021,24.8010,24.8037,37902038,1045536,1647509,37904880.0000,1046431.8750,1647445.2500,-17,-32768,-108
00:34:52,2042.36,24.71,68.87,3276.70,0.00,25.0009,25.0019,24.8037,24.8037,37908275,1045863,1647509,37904984.0000,1046390.0000,1647486.6250,-18,-32768,-108
00:34:53,2053.22,24.71,68.89,3276.70,0.00,25.0013,25.0018,24.8039,24.8037,37905311,1045555,1647225,37904992.0000,1046363.8750,1647477.2500,-17,-32768,-108
00:34:55,2107.53,24.71,68.93,3276.70,0.00,25.0011,25.0018,24.8039,24.8037,37900999,1045449,1646001,37904992.0000,1046363.8750,1647477.2500,-17,-32768,-108
00:34:56,2020.64,24.71,68.93,3276.70,0.00,25.0018,25.0017,24.8050,24.8037,37905518,1045289,1648428,37904724.0000,1046227.1250,1647454.6250,-17,-32768,-108
00:34:58,2047.79,24.71,68.97,3276.70,0.00,25.0025,25.0017,24.8057,24.8037,37903317,1045666,1648273,37904560.0000,1046177.6875,1647454.6250,-17,-32768,-108
00:35:00,2042.36,24.70,68.97,3276.70,0.00,25.0025,25.0016,24.8057,24.8037,37903737,1045689,1648294,37904404.0000,1046151.4375,1647526.0000,-18,-32768,-108
00:35:03,1988.05,24.70,68.97,3276.70,0.00,25.0025,25.0013,24.8057,24.8036,37897904,1045361,1646468,37903872.0000,1046084.6875,1647447.7500,-17,-32768,-108
00:35:05,2036.93,24.70,68.94,3276.70,0.00,24.9988,25.0011,24.8021,24.8035,37903896,1045249,1647807,37903788.0000,1046084.6875,1647440.3750,-16,-32768,-108
00:35:07,2009.78,24.70,68.99,3276.70,0.00,24.9988,25.0007,24.8021,24.8033,37901687,1045096,1647273,37903792.0000,1045953.1875,1647431.6250,-16,-32768,-108
00:35:09,1993.48,24.70,68.99,3276.70,0.00,24.9988,25.0005,24.8021,24.8030,37903241,1045239,1646856,37903396.0000,1045872.8125,1647408.2500,-17,-32768,-108
00:35:13,2031.50,24.70,68.99,3276.70,0.00,24.9988,25.0002,24.8021,24.8026,37903241,1045086,1647098,37903396.0000,1045762.6875,1647336.5000,-16,-32768,-108
00:35:15,2020.64,24.70,68.95,3276.70,0.00,24.9953,25.0002,24.7993,24.8026,37902423,1045408,1647137,37902644.0000,1045762.6875,1647301.0000,-17,-32768,-108
00:35:18,2020.64,24.70,68.97,3276.70,0.00,24.9953,24.9992,24.7993,24.8018,37900065,1044904,1647483,37902600.0000,1045666.8125,1647301.0000,-16,-32768,-108
00:35:19,2042.36,24.70,68.98,3276.70,0.00,24.9980,24.9990,24.8009,24.8016,37898518,1044595,1647071,37902432.0000,1045607.6875,1647271.8750,-16,-32768,-108
00:35:20,2053.22,24.70,68.99,3276.70,0.00,24.9993,24.9990,24.8007,24.8016,37899508,1044551,1647122,37902232.0000,1045553.3125,1647264.6250,-16,-32768,-108
00:35:22,2047.79,24.71,68.95,3276.70,0.00,25.0006,24.9990,24.8023,24.8016,37899508,1044914,1647659,37902208.0000,1045533.3750,1647277.0000,-16,-32768,-108
00:35:24,2031.50,24.71,68.98,3276.70,0.00,25.0016,24.9991,24.8020,24.8016,37903679,1045114,1647659,37902288.0000,1045489.0000,1647233.3750,-17,-32768,-108
00:35:25,2036.93,24.71,68.98,3276.70,0.00,25.0004,24.9993,24.8021,24.8016,37899338,1044860,1647552,37902352.0000,1045454.8750,1647237.0000,-16,-32768,-108
00:35:26,2036.93,24.71,69.02,3276.70,0.00,25.0004,24.9993,24.8017,24.8016,37895463,1044690,1646907,37901984.0000,1045408.6875,1647239.7500,-15,-32768,-108
00:35:29,2009.78,24.71,69.04,3276.70,0.00,24.9975,24.9991,24.8021,24.8016,37899365,1044940,1646894,37901900.0000,1045408.6875,1647239.7500,-15,-32768,-108
00:35:32,2009.78,24.71,69.08,3276.70,0.00,24.9971,24.9991,24.8026,24.8016,37897752,1045056,1646894,37901432.0000,1045360.1875,1647113.6250,-16,-32768,-108
00:35:33,2042.36,24.71,69.08,3276.70,0.00,24.9992,24.9987,24.8019,24.8016,37906141,1045328,1647904,37901580.0000,1045359.1875,1647138.2500,-17,-32768,-108
00:35:35,2058.65,24.71,69.06,3276.70,0.00,24.9987,24.9987,24.8019,24.8016,37900752,1045054,1647072,37901704.0000,1045345.8750,1647152.8750,-17,-32768,-108
00:35:37,2036.93,24.71,69.00,3276.70,0.00,24.9975,24.9986,24.8015,24.8015,37901989,1044880,1647029,37901612.0000,1045321.0000,1647142.3750,-16,-32768,-108
00:35:39,2036.93,24.71,69.00,3276.70,0.00,24.9989,24.9986,24.8015,24.8014,37901989,1044880,1646276,37901612.0000,1045268.6250,1647089.0000,-16,-32768,-108
00:35:41,2020.64,24.70,69.14,3276.70,0.00,24.9984,24.9985,24.8015,24.8013,37899932,1044793,1647368,37901588.0000,1045253.7500,1647094.1250,-16,-32768,-108
00:35:43,2015.21,24.70,69.15,3276.70,0.00,24.9984,24.9982,24.8015,24.8011,37900722,1044704,1647081,37901844.0000,1045211.7500,1647063.0000,-15,-32768,-108
00:35:46,2026.07,24.70,69.15,3276.70,0.00,24.9984,24.9981,24.8015,24.8011,37900722,1044831,1647746,37901844.0000,1045172.6875,1647095.1250,-16,-32768,-108
00:35:47,2053.22,24.70,69.20,3276.70,0.00,24.9991,24.9981,24.8020,24.8011,37902847,1044781,1647589,37901732.0000,1045146.5625,1647135.2500,-15,-32768,-108
00:35:49,2015.21,24.70,69.22,3276.70,0.00,24.9990,24.9981,24.8025,24.8012,37903962,1044545,1647589,37901732.0000,1045127.8125,1647128.6250,-15,-32768,-108
00:35:52,2042.36,24.70,69.22,3276.70,0.00,24.9990,24.9981,24.8025,24.8012,37905073,1044545,1647589,37901732.0000,1045061.0625,1647123.8750,-15,-32768,-108
00:35:54,2047.79,24.70,69.22,3276.70,0.00,24.9995,24.9981,24.8025,24.8012,37897033,1044415,1647743,37901336.0000,1045012.6875,1647139.2500,-15,-32768,-108
00:35:56,2020.64,24.70,69.31,3276.70,0.00,24.9993,24.9982,24.8018,24.8012,37895897,1044415,1647547,37901104.0000,1044963.6250,1647169.6250,-16,-32768,-108
00:35:57,2036.93,24.70,69.33,3276.70,0.00,24.9982,24.9981,24.8005,24.8010,37904131,1044959,1647890,37901196.0000,1044963.5000,1647192.1250,-16,-32768,-108
00:35:58,2102.10,24.70,69.36,3276.70,0.00,24.9968,24.9980,24.8005,24.8010,37901049,1044743,1647160,37901176.0000,1044954.6250,1647204.7500,-16,-32768,-108
00:36:01,2042.36,24.70,69.35,3276.70,0.00,24.9968,24.9980,24.8005,24.8009,37901049,1045243,1647017,37900976.0000,1044966.7500,1647186.1250,-17,-32768,-108
00:36:04,2036.93,24.70,69.30,3276.70,0.00,24.9968,24.9982,24.8005,24.8012,37901049,1045300,1646967,37900860.0000,1045006.6250,1647240.0000,-17,-32768,-108
00:36:06,2042.36,24.70,69.32,3276.70,0.00,25.0032,24.9984,24.8005,24.8016,37901049,1044565,1646603,37900752.0000,1044980.6875,1647212.1250,-15,-32768,-108
00:36:08,2009.78,24.70,69.32,3276.70,0.00,25.0020,24.9989,24.8043,24.8018,37904678,1044517,1646603,37901068.0000,1044937.1875,1647177.2500,-15,-32768,-108
00:36:11,2107.53,24.70,69.32,3276.70,0.00,25.0003,24.9989,24.8043,24.8019,37904678,1043842,1647902,37900768.0000,1044852.2500,1647231.1250,-15,-32768,-108
00:36:12,2042.36,24.70,69.30,3276.70,0.00,24.9986,24.9989,24.8016,24.8018,37896147,1044102,1647622,37900336.0000,1044795.4375,1647253.2500,-14,-32768,-108
00:36:14,1993.48,24.70,69.29,3276.70,0.00,24.9981,24.9988,24.8006,24.8018,37901824,1044196,1647868,37900384.0000,1044776.6875,1647272.5000,-14,-32768,-108
00:36:15,2015.21,24.70,69.36,3276.70,0.00,24.9977,24.9987,24.7992,24.8016,37899992,1043785,1648066,37900436.0000,1044723.3750,1647315.1250,-13,-32768,-108
00:36:18,2031.50,24.70,69.41,3276.70,0.00,24.9977,24.9986,24.7983,24.8012,37899992,1044448,1647472,37900144.0000,1044658.8125,1647366.6250,-15,-32768,-108
00:36:19,2026.07,24.70,69.33,3276.70,0.00,24.9946,24.9983,24.7984,24.8010,37900377,1044461,1648310,37900188.0000,1044650.1250,1647428.7500,-15,-32768,-108
00:36:22,2042.36,24.70,69.30,3276.70,0.00,24.9946,24.9978,24.7997,24.8009,37900404,1043942,1647273,37899992.0000,1044587.3125,1647407.5000,-14,-32768,-108
00:36:23,2009.78,24.70,69.36,3276.70,0.00,24.9947,24.9975,24.8004,24.8008,37899031,1043901,1647523,37899972.0000,1044544.6250,1647420.5000,-14,-32768,-108
00:36:26,2112.96,24.70,69.36,3276.70,0.00,24.9958,24.9975,24.8025,24.8008,37897120,1043933,1647608,37899456.0000,1044454.0625,1647360.6250,-14,-32768,-108
00:36:27,2069.51,24.70,69.40,3276.70,0.00,24.9977,24.9973,24.8025,24.8009,37897926,1044235,1647335,37899408.0000,1044447.2500,1647359.8750,-14,-32768,-108
00:36:28,2031.50,24.69,69.39,3276.70,0.00,24.9981,24.9973,24.8027,24.8009,37898079,1044464,1646782,37899312.0000,1044441.2500,1647335.6250,-14,-32768,-108
00:36:30,2036.93,24.69,69.39,3276.70,0.00,24.9991,24.9973,24.8030,24.8009,37898923,1043940,1646339,37899296.0000,1044414.0000,1647291.5000,-14,-32768,-108
00:36:32,2074.94,24.69,69.45,3276.70,0.00,24.9991,24.9975,24.8027,24.8011,37894324,1043864,1646653,37899096.0000,1044382.8125,1647245.8750,-14,-32768,-108
00:36:34,2053.22,24.69,69.45,3276.70,0.00,24.9989,24.9976,24.8041,24.8012,37895041,1043536,1647328,37898696.0000,1044310.1250,1647244.5000,-13,-32768,-108
00:36:36,2047.79,24.69,69.47,3276.70,0.00,24.9987,24.9976,24.8026,24.8012,37895912,1043554,1647490,37898488.0000,1044261.2500,1647262.6250,-13,-32768,-108
00:36:38,2042.36,24.69,69.50,3276.70,0.00,24.9959,24.9975,24.7991,24.8012,37901646,1043375,1647490,37898488.0000,1044183.8750,1647265.2500,-12,-32768,-108
00:36:40,2085.80,24.69,69.53,3276.70,0.00,24.9955,24.9973,24.7993,24.8011,37894045,1043091,1646381,37898380.0000,1044117.3750,1647202.1250,-12,-32768,-108
00:36:41,2042.36,24.69,69.54,3276.70,0.00,24.9951,24.9972,24.7996,24.8010,37895116,1043166,1646542,37898280.0000,1044087.6250,1647202.1250,-11,-32768,-108
00:36:43,2112.96,24.69,69.54,3276.70,0.00,24.9942,24.9970,24.7984,24.8008,37894481,1042914,1646542,37898280.0000,1044087.6250,1647166.8750,-11,-32768,-108
00:36:47,2031.50,24.70,69.47,3276.70,0.00,24.9942,24.9967,24.7984,24.8005,37894019,1042914,1646542,37897404.0000,1043917.0625,1647181.0000,-12,-32768,-108
00:36:48,2064.08,24.70,69.47,3276.70,0.00,24.9943,24.9964,24.7961,24.8001,37895052,1043316,1647470,37897172.0000,1043874.8125,1647173.7500,-12,-32768,-108
00:36:50,2058.65,24.70,69.41,3276.70,0.00,24.9943,24.9964,24.7931,24.7994,37892625,1043410,1645991,37896872.0000,1043827.9375,1647147.6250,-12,-32768,-108
00:36:51,2031.50,24.70,69.46,3276.70,0.00,24.9918,24.9964,24.7922,24.7992,37894176,1043402,1646587,37896792.0000,1043814.6250,1647130.1250,-12,-32768,-108
00:36:53,2047.79,24.70,69.48,3276.70,0.00,24.9906,24.9964,24.7912,24.7986,37892584,1042936,1646751,37896792.0000,1043745.4375,1647107.0000,-11,-32768,-108
00:36:55,2026.07,24.70,69.45,3276.70,0.00,24.9906,24.9950,24.7912,24.7980,37893157,1043050,1646533,37896136.0000,1043678.8125,1647083.2500,-12,-32768,-108
00:36:57,2047.79,24.70,69.45,3276.70,0.00,24.9906,24.9947,24.7941,24.7975,37901204,1042856,1646679,37896288.0000,1043631.3750,1647052.1250,-11,-32768,-108
00:37:00,2053.22,24.70,69.54,3276.70,0.00,24.9944,24.9947,24.7954,24.7975,37893337,1043299,1647020,37896216.0000,1043575.1875,1647025.5000,-12,-32768,-108
00:37:02,2096.67,24.70,69.50,3276.70,0.00,24.9949,24.9946,24.7961,24.7975,37895026,1043040,1646531,37896232.0000,1043575.1875,1647019.6250,-11,-32768,-108
00:37:03,2031.50,24.70,69.54,3276.70,0.00,24.9950,24.9945,24.7971,24.7971,37894460,1042797,1646848,37895976.0000,1043507.2500,1647014.2500,-11,-32768,-108
00:37:04,2058.65,24.70,69.55,3276.70,0.00,24.9968,24.9946,24.7970,24.7970,37894855,1042965,1646347,37895944.0000,1043490.3125,1646993.3750,-11,-32768,-108
00:37:05,2074.94,24.70,69.53,3276.70,0.00,24.9970,24.9946,24.7970,24.7970,37894208,1042965,1647200,37895924.0000,1043487.5000,1646978.0000,-13,-32768,-108
00:37:07,2080.37,24.70,69.55,3276.70,0.00,24.9958,24.9946,24.7966,24.7970,37893751,1043263,1648236,37895856.0000,1043480.5000,1647017.3750,-12,-32768,-108
00:37:09,2047.79,24.70,69.53,3276.70,0.00,24.9958,24.9945,24.7966,24.7968,37890539,1042915,1648236,37895856.0000,1043480.5000,1647017.3750,-11,-32768,-108
00:37:11,2036.93,24.70,69.50,3276.70,0.00,24.9927,24.9943,24.7948,24.7967,37896096,1042921,1645916,37895856.0000,1043387.1250,1647017.3750,-11,-32768,-108
00:37:13,2015.21,24.70,69.56,3276.70,0.00,24.9906,24.9940,24.7932,24.7964,37897017,1042516,1646735,37895232.0000,1043387.1250,1647017.3750,-10,-32768,-108
00:37:15,2036.93,24.70,69.53,3276.70,0.00,24.9906,24.9936,24.7939,24.7961,37894420,1042563,1646185,37895080.0000,1043255.1875,1646889.0000,-10,-32768,-108
00:37:20,1993.48,24.70,69.55,3276.70,0.00,24.9906,24.9933,24.7939,24.7959,37894420,1042556,1646185,37895080.0000,1043156.2500,1646807.0000,-10,-32768,-108
00:37:21,2053.22,24.70,69.58,3276.70,0.00,24.9900,24.9929,24.7934,24.7957,37889286,1042608,1647500,37894056.0000,1043120.3750,1646825.5000,-11,-32768,-108
00:37:23,2042.36,24.70,69.57,3276.70,0.00,24.9900,24.9925,24.7934,24.7953,37895038,1042715,1647438,37893952.0000,1043076.4375,1646877.6250,-11,-32768,-108
00:37:24,2047.79,24.69,69.63,3276.70,0.00,24.9906,24.9923,24.7931,24.7952,37893809,1042765,1646305,37893948.0000,1043068.6250,1646853.6250,-12,-32768,-108
00:37:26,2020.64,24.69,69.62,3276.70,0.00,24.9921,24.9923,24.7943,24.7952,37896938,1043265,1647617,37894100.0000,1043074.7500,1646877.5000,-12,-32768,-108
00:37:27,2036.93,24.69,69.65,3276.70,0.00,24.9947,24.9924,24.7958,24.7952,37893456,1043265,1646333,37894028.0000,1043059.3125,1646874.7500,-11,-32768,-108
00:37:29,2047.79,24.69,69.64,3276.70,0.00,24.9954,24.9925,24.7961,24.7952,37895601,1042634,1647281,37894016.0000,1043046.0000,1646887.5000,-11,-32768,-108
00:37:32,2036.93,24.69,69.64,3276.70,0.00,24.9954,24.9928,24.7961,24.7952,37895601,1042791,1647104,37893844.0000,1042993.8125,1646909.8750,-11,-32768,-108
00:37:34,2036.93,24.69,69.62,3276.70,0.00,24.9954,24.9929,24.7947,24.7952,37895601,1042503,1646349,37893608.0000,1042952.2500,1646881.0000,-10,-32768,-108
00:37:36,2112.96,24.70,69.55,3276.70,0.00,24.9943,24.9929,24.7934,24.7948,37885008,1042212,1646349,37893144.0000,1042892.5625,1646804.5000,-10,-32768,-108
00:37:38,2058.65,24.70,69.55,3276.70,0.00,24.9943,24.9928,24.7930,24.7946,37888286,1042064,1646309,37892856.0000,1042845.1875,1646782.2500,-9,-32768,-108
00:37:40,2047.79,24.70,69.61,3276.70,0.00,24.9943,24.9926,24.7930,24.7943,37889348,1042444,1646153,37892500.0000,1042798.8125,1646748.1250,-10,-32768,-108
00:37:43,2036.93,24.70,69.65,3276.70,0.00,24.9890,24.9924,24.7930,24.7943,37889348,1042291,1646153,37892500.0000,1042751.8750,1646692.6250,-10,-32768,-108
00:37:44,2053.22,24.70,69.66,3276.70,0.00,24.9895,24.9921,24.7925,24.7940,37891853,1042311,1646153,37892128.0000,1042738.1250,1646696.0000,-10,-32768,-108
00:37:45,2053.22,24.69,69.74,3276.70,0.00,24.9909,24.9920,24.7920,24.7939,37895020,1042463,1646406,37892220.0000,1042729.5000,1646696.0000,-11,-32768,-108
00:37:47,2004.34,24.69,69.70,3276.70,0.00,24.9918,24.9920,24.7932,24.7939,37895020,1042463,1646734,37892416.0000,1042738.3125,1646673.6250,-10,-32768,-108
00:37:48,2080.37,24.69,69.70,3276.70,0.00,24.9922,24.9920,24.7936,24.7938,37894924,1042750,1647102,37892496.0000,1042738.6875,1646687.0000,-11,-32768,-108
00:37:49,2042.36,24.69,69.66,3276.70,0.00,24.9915,24.9919,24.7933,24.7937,37893495,1042722,1646838,37892528.0000,1042738.1875,1646691.7500,-11,-32768,-108
00:37:50,2042.36,24.69,69.70,3276.70,0.00,24.9901,24.9918,24.7934,24.7937,37893495,1042418,1646525,37892308.0000,1042719.2500,1646686.0000,-10,-32768,-108
00:37:51,2047.79,24.69,69.68,3276.70,0.00,24.9890,24.9916,24.7933,24.7937,37890986,1042284,1646607,37892264.0000,1042705.6250,1646683.5000,-10,-32768,-108
00:37:54,2031.50,24.69,69.66,3276.70,0.00,24.9891,24.9916,24.7926,24.7937,37885932,1042207,1646234,37892064.0000,1042705.6250,1646653.7500,-10,-32768,-108
00:37:56,2026.07,24.69,69.72,3276.70,0.00,24.9889,24.9916,24.7907,24.7937,37892347,1042583,1646837,37891960.0000,1042648.4375,1646648.6250,-10,-32768,-108
00:37:59,2064.08,24.69,69.71,3276.70,0.00,24.9889,24.9908,24.7907,24.7927,37892347,1042680,1645364,37891888.0000,1042655.7500,1646554.8750,-10,-32768,-108
00:38:01,2053.22,24.69,69.66,3276.70,0.00,24.9830,24.9908,24.7847,24.7922,37888158,1042146,1645650,37891716.0000,1042613.8750,1646554.8750,-10,-32768,-108
00:38:02,2064.08,24.69,69.70,3276.70,0.00,24.9811,24.9893,24.7839,24.7914,37889862,1041933,1646952,37891576.0000,1042569.3125,1646468.3750,-9,-32768,-108
00:38:04,2064.08,24.69,69.67,3276.70,0.00,24.9813,24.9891,24.7848,24.7912,37894124,1042170,1646208,37891576.0000,1042569.3125,1646468.3750,-9,-32768,-108
00:38:05,2053.22,24.69,69.71,3276.70,0.00,24.9832,24.9886,24.7868,24.7912,37890680,1041929,1645191,37891740.0000,1042503.2500,1646415.3750,-9,-32768,-108
00:38:07,2058.65,24.69,69.71,3276.70,0.00,24.9840,24.9883,24.7868,24.7905,37892374,1041929,1645191,37891640.0000,1042449.6875,1646405.5000,-8,-32768,-108
00:38:09,2053.22,24.69,69.72,3276.70,0.00,24.9818,24.9883,24.7868,24.7900,37886887,1041544,1645858,37891324.0000,1042392.3750,1646387.1250,-8,-32768,-108
00:38:10,2080.37,24.69,69.72,3276.70,0.00,24.9818,24.9874,24.7839,24.7896,37885072,1041420,1645350,37890932.0000,1042333.1875,1646335.2500,-8,-32768,-108
00:38:13,2031.50,24.69,69.68,3276.70,0.00,24.9818,24.9869,24.7839,24.7889,37884052,1041205,1646596,37890932.0000,1042333.1875,1646298.7500,-7,-32768,-108
00:38:14,2036.93,24.70,69.65,3276.70,0.00,24.9789,24.9862,24.7839,24.7886,37882671,1041209,1645795,37889752.0000,1042174.1875,1646283.0000,-7,-32768,-108
00:38:17,2042.36,24.69,69.71,3276.70,0.00,24.9789,24.9862,24.7834,24.7886,37885621,1041400,1644814,37889480.0000,1042121.6250,1646189.1250,-7,-32768,-108
00:38:19,2042.36,24.69,69.77,3276.70,0.00,24.9803,24.9862,24.7828,24.7877,37887829,1042092,1646140,37889480.0000,1042104.3750,1646163.6250,-9,-32768,-108
00:38:20,2047.79,24.69,69.70,3276.70,0.00,24.9803,24.9847,24.7828,24.7873,37884515,1041683,1646140,37888772.0000,1042059.8750,1646145.1250,-8,-32768,-108
00:38:22,2031.50,24.69,69.73,3276.70,0.00,24.9806,24.9844,24.7832,24.7870,37880774,1041160,1646140,37888400.0000,1042014.6250,1646131.3750,-8,-32768,-108
00:38:25,2047.79,24.69,69.79,3276.70,0.00,24.9806,24.9841,24.7832,24.7866,37882612,1041342,1645552,37888052.0000,1041966.0000,1646137.6250,-8,-32768,-108
00:38:27,2053.22,24.69,69.87,3276.70,0.00,24.9806,24.9839,24.7832,24.7866,37881752,1041758,1645327,37887596.0000,1041942.9375,1646077.3750,-9,-32768,-108
00:38:30,2074.94,24.69,69.81,3276.70,0.00,24.9807,24.9839,24.7832,24.7860,37881752,1041698,1645327,37887672.0000,1041933.4375,1646030.6250,-8,-32768,-108
00:38:31,2058.65,24.69,69.80,3276.70,0.00,24.9811,24.9834,24.7841,24.7858,37884138,1041675,1645994,37887564.0000,1041925.3750,1646029.5000,-8,-32768,-108
00:38:32,2129.25,24.69,69.81,3276.70,0.00,24.9803,24.9832,24.7836,24.7857,37887069,1041646,1646423,37887460.0000,1041906.0000,1646038.0000,-8,-32768,-108
00:38:33,2058.65,24.69,69.78,3276.70,0.00,24.9779,24.9829,24.7818,24.7855,37880876,1041594,1646383,37887256.0000,1041896.2500,1646048.7500,-8,-32768,-108
00:38:34,2053.22,24.69,69.78,3276.70,0.00,24.9771,24.9825,24.7819,24.7852,37881421,1041813,1646658,37886984.0000,1041888.6875,1646075.0000,-9,-32768,-108
00:38:36,2047.79,24.69,69.78,3276.70,0.00,24.9788,24.9822,24.7832,24.7850,37884439,1041813,1644942,37886936.0000,1041885.3125,1646041.0000,-8,-32768,-108
00:38:38,2047.79,24.69,69.78,3276.70,0.00,24.9807,24.9820,24.7838,24.7849,37884484,1041890,1645852,37886800.0000,1041882.0625,1646003.8750,-9,-32768,-108
00:38:39,2074.94,24.68,69.84,3276.70,0.00,24.9814,24.9820,24.7841,24.7848,37891604,1042295,1645616,37886984.0000,1041904.3750,1645981.3750,-9,-32768,-108
00:38:41,2042.36,24.68,69.85,3276.70,0.00,24.9822,24.9819,24.7839,24.7848,37891797,1042112,1646417,37887428.0000,1041919.8750,1646006.5000,-9,-32768,-108
00:38:43,2042.36,24.68,69.85,3276.70,0.00,24.9822,24.9819,24.7839,24.7847,37888803,1041862,1646506,37887576.0000,1041919.8750,1646006.5000,-9,-32768,-108
00:38:44,2064.08,24.68,69.91,3276.70,0.00,24.9826,24.9819,24.7855,24.7846,37882225,1041897,1645566,37887192.0000,1041917.8125,1646020.6250,-9,-32768,-108
00:38:46,2053.22,24.68,69.91,3276.70,0.00,24.9830,24.9819,24.7856,24.7847,37880066,1041838,1645126,37886968.0000,1041917.8125,1645992.6250,-8,-32768,-108
00:38:47,2042.36,24.68,69.92,3276.70,0.00,24.9830,24.9819,24.7859,24.7847,37882427,1041743,1646228,37886624.0000,1041901.0625,1645991.8750,-8,-32768,-108
00:38:49,2058.65,24.68,69.92,3276.70,0.00,24.9829,24.9819,24.7849,24.7847,37882691,1041775,1646491,37886360.0000,1041901.0625,1646029.0000,-9,-32768,-108
00:38:52,2096.67,24.68,69.91,3276.70,0.00,24.9806,24.9818,24.7844,24.7847,37882691,1042187,1646491,37886360.0000,1041908.2500,1646042.5000,-9,-32768,-108
00:38:54,2058.65,24.67,69.91,3276.70,0.00,24.9812,24.9817,24.7852,24.7845,37881800,1041658,1646459,37886180.0000,1041901.0000,1646055.6250,-8,-32768,-108
00:38:57,2069.51,24.67,69.90,3276.70,0.00,24.9795,24.9817,24.7850,24.7845,37887244,1041866,1646463,37886108.0000,1041898.9375,1646027.3750,-9,-32768,-108
00:38:59,2047.79,24.67,69.90,3276.70,0.00,24.9795,24.9812,24.7850,24.7843,37890024,1041968,1645940,37886084.0000,1041896.1250,1646051.7500,-9,-32768,-108
00:39:02,2036.93,24.67,69.98,3276.70,0.00,24.9795,24.9809,24.7850,24.7840,37890024,1042032,1645906,37886224.0000,1041899.5625,1645992.3750,-9,-32768,-108
00:39:04,2047.79,24.67,69.99,3276.70,0.00,24.9776,24.9806,24.7812,24.7838,37886259,1041852,1645523,37886224.0000,1041899.5625,1645969.2500,-8,-32768,-108
00:39:04,2042.36,24.67,69.97,3276.70,0.00,24.9784,24.9805,24.7817,24.7837,37881284,1041631,1645810,37885936.0000,1041880.4375,1645964.2500,-8,-32768,-108
00:39:06,2069.51,24.67,69.97,3276.70,0.00,24.9807,24.9805,24.7823,24.7836,37880819,1041651,1645860,37885776.0000,1041880.4375,1645964.2500,-9,-32768,-108
00:39:08,2036.93,24.67,69.94,3276.70,0.00,24.9807,24.9805,24.7836,24.7835,37883410,1041748,1645903,37885376.0000,1041867.6875,1645923.8750,-9,-32768,-108
00:39:09,2053.22,24.67,69.89,3276.70,0.00,24.9811,24.9805,24.7838,24.7835,37882207,1041942,1646483,37885276.0000,1041870.0000,1645941.3750,-10,-32768,-108
00:39:11,2053.22,24.67,69.94,3276.70,0.00,24.9794,24.9804,24.7814,24.7834,37886169,1041942,1645202,37885380.0000,1041906.8750,1645941.2500,-10,-32768,-108
00:39:14,2064.08,24.67,69.95,3276.70,0.00,24.9759,24.9800,24.7814,24.7834,37889578,1042351,1645726,37885372.0000,1041951.8750,1645970.6250,-10,-32768,-108
00:39:16,2102.10,24.67,69.92,3276.70,0.00,24.9737,24.9796,24.7814,24.7823,37881904,1042021,1645932,37885372.0000,1041958.3750,1645917.1250,-10,-32768,-108
00:39:19,2036.93,24.67,69.94,3276.70,0.00,24.9737,24.9788,24.7814,24.7815,37877567,1042021,1644645,37884708.0000,1041931.4375,1645817.3750,-8,-32768,-108
00:39:20,2058.65,24.67,69.98,3276.70,0.00,24.9735,24.9783,24.7775,24.7812,37886811,1041785,1644645,37884776.0000,1041926.8750,1645781.2500,-9,-32768,-108
00:39:22,2058.65,24.67,70.02,3276.70,0.00,24.9742,24.9781,24.7776,24.7812,37884835,1041431,1645301,37884868.0000,1041898.8125,1645748.2500,-8,-32768,-108
00:39:24,2047.79,24.67,70.05,3276.70,0.00,24.9726,24.9781,24.7776,24.7805,37884835,1041873,1645203,37885040.0000,1041888.0000,1645720.2500,-9,-32768,-108
00:39:28,2058.65,24.66,70.04,3276.70,0.00,24.9726,24.9769,24.7776,24.7799,37884835,1041578,1646189,37885040.0000,1041873.0625,1645679.6250,-8,-32768,-108
00:39:29,2091.23,24.66,70.04,3276.70,0.00,24.9734,24.9764,24.7764,24.7795,37892988,1041900,1644316,37885244.0000,1041870.5000,1645653.6250,-9,-32768,-108
00:39:31,2042.36,24.66,70.03,3276.70,0.00,24.9716,24.9762,24.7739,24.7795,37892988,1041702,1645076,37885440.0000,1041849.8125,1645630.0000,-8,-32768,-108
00:39:32,2047.79,24.66,70.02,3276.70,0.00,24.9707,24.9760,24.7739,24.7788,37881037,1041714,1645435,37885304.0000,1041845.5625,1645623.8750,-8,-32768,-108
00:39:35,2053.22,24.67,69.95,3276.70,0.00,24.9707,24.9754,24.7727,24.7784,37884203,1041796,1645435,37885304.0000,1041845.5625,1645661.8750,-8,-32768,-108
00:39:38,2064.08,24.67,69.96,3276.70,0.00,24.9707,24.9748,24.7727,24.7777,37886988,1041701,1646285,37885004.0000,1041845.5625,1645661.8750,-8,-32768,-108
00:39:41,2074.94,24.67,69.96,3276.70,0.00,24.9707,24.9742,24.7727,24.7769,37886988,1041524,1645201,37884536.0000,1041845.5625,1645604.6250,-8,-32768,-108
00:39:44,2036.93,24.66,69.96,3276.70,0.00,24.9707,24.9736,24.7727,24.7765,37886988,1041681,1645201,37884180.0000,1041758.7500,1645560.6250,-8,-32768,-108
00:39:46,2053.22,24.66,69.96,3276.70,0.00,24.9711,24.9733,24.7752,24.7763,37882435,1041439,1645585,37884068.0000,1041738.3125,1645561.3750,-8,-32768,-108
00:39:49,2042.36,24.66,69.91,3276.70,0.00,24.9704,24.9733,24.7732,24.7763,37884995,1041716,1645368,37883964.0000,1041738.3125,1645561.3750,-8,-32768,-108
00:39:50,2080.37,24.66,69.87,3276.70,0.00,24.9684,24.9727,24.7713,24.7757,37878467,1041221,1644756,37883680.0000,1041698.9375,1645506.1250,-7,-32768,-108
00:39:51,2074.94,24.66,69.87,3276.70,0.00,24.9671,24.9725,24.7704,24.7755,37877598,1041221,1644756,37883292.0000,1041671.8750,1645483.1250,-7,-32768,-108
00:39:53,2064.08,24.66,69.88,3276.70,0.00,24.9669,24.9721,24.7697,24.7752,37874707,1041240,1644756,37882856.0000,1041644.0625,1645459.5000,-7,-32768,-108
00:39:56,2053.22,24.66,69.88,3276.70,0.00,24.9663,24.9721,24.7697,24.7745,37874707,1041548,1644509,37882688.0000,1041636.8125,1645361.7500,-8,-32768,-108
00:39:58,2074.94,24.66,69.88,3276.70,0.00,24.9660,24.9710,24.7675,24.7739,37877309,1041230,1644509,37882256.0000,1041607.0625,1645296.6250,-7,-32768,-108
00:39:59,2091.23,24.66,69.93,3276.70,0.00,24.9643,24.9705,24.7664,24.7734,37880003,1041423,1644829,37882188.0000,1041601.3125,1645282.0000,-8,-32768,-108
00:40:01,2053.22,24.66,69.96,3276.70,0.00,24.9636,24.9705,24.7664,24.7730,37880003,1041593,1644829,37882168.0000,1041594.8125,1645339.3750,-8,-32768,-108
00:40:04,2058.65,24.66,69.88,3276.70,0.00,24.9632,24.9694,24.7664,24.7730,37875892,1041332,1644829,37882168.0000,1041566.8750,1645301.2500,-8,-32768,-108
00:40:05,2053.22,24.66,69.96,3276.70,0.00,24.9645,24.9690,24.7681,24.7718,37874555,1041081,1644209,37881184.0000,1041541.3750,1645236.1250,-7,-32768,-108
00:40:06,2069.51,24.66,69.92,3276.70,0.00,24.9666,24.9688,24.7687,24.7716,37867678,1040721,1644328,37880764.0000,1041515.7500,1645207.7500,-6,-32768,-108
00:40:08,2058.65,24.66,69.92,3276.70,0.00,24.9675,24.9687,24.7682,24.7714,37874004,1040893,1644328,37880764.0000,1041460.4375,1645167.2500,-7,-32768,-108
00:40:10,2064.08,24.66,69.86,3276.70,0.00,24.9675,24.9686,24.7682,24.7712,37877365,1041076,1645428,37880112.0000,1041442.1875,1645192.7500,-7,-32768,-108
00:40:12,2015.21,24.66,69.91,3276.70,0.00,24.9710,24.9687,24.7682,24.7712,37878697,1041002,1645396,37879948.0000,1041442.1875,1645192.7500,-7,-32768,-108
00:40:14,2069.51,24.65,69.97,3276.70,0.00,24.9710,24.9688,24.7682,24.7712,37883526,1041654,1644453,37879868.0000,1041408.5625,1645145.3750,-8,-32768,-108
00:40:17,2074.94,24.65,69.97,3276.70,0.00,24.9679,24.9687,24.7705,24.7712,37883526,1041681,1644757,37879996.0000,1041408.5625,1645113.1250,-9,-32768,-108
00:40:19,2064.08,24.65,69.97,3276.70,0.00,24.9651,24.9684,24.7685,24.7712,37876436,1041590,1644757,37879996.0000,1041408.5625,1645066.7500,-8,-32768,-108
00:40:21,2042.36,24.64,70.02,3276.70,0.00,24.9642,24.9684,24.7685,24.7705,37880471,1041609,1644928,37879948.0000,1041457.3125,1645062.3750,-8,-32768,-108
00:40:23,2047.79,24.64,70.00,3276.70,0.00,24.9641,24.9677,24.7673,24.7703,37879859,1041536,1645111,37879988.0000,1041457.3125,1645110.6250,-8,-32768,-108
00:40:24,2085.80,24.64,70.00,3276.70,0.00,24.9633,24.9672,24.7636,24.7698,37874878,1041308,1644137,37879720.0000,1041461.4375,1645034.3750,-8,-32768,-108
00:40:28,2091.23,24.64,70.00,3276.70,0.00,24.9633,24.9666,24.7636,24.7689,37874878,1041017,1643524,37879496.0000,1041417.8750,1644958.8750,-7,-32768,-108
00:40:30,2123.82,24.65,70.01,3276.70,0.00,24.9548,24.9654,24.7590,24.7677,37878171,1041460,1645244,37879296.0000,1041415.3125,1644944.6250,-8,-32768,-108
00:40:33,2058.65,24.64,70.04,3276.70,0.00,24.9548,24.9654,24.7590,24.7677,37876353,1041199,1644121,37879184.0000,1041415.3125,1644896.3750,-8,-32768,-108
00:40:34,2053.22,24.64,70.02,3276.70,0.00,24.9544,24.9637,24.7570,24.7677,37876920,1041326,1644268,37878956.0000,1041393.5625,1644824.2500,-7,-32768,-108
00:40:36,2053.22,24.64,70.07,3276.70,0.00,24.9529,24.9630,24.7567,24.7677,37881873,1041503,1644517,37879048.0000,1041396.9375,1644814.6250,-8,-32768,-108
00:40:37,2026.07,24.64,70.03,3276.70,0.00,24.9500,24.9622,24.7551,24.7649,37876972,1042440,1643483,37879056.0000,1041447.3125,1644743.6250,-8,-32768,-108
00:40:39,2053.22,24.63,69.99,3276.70,0.00,24.9473,24.9613,24.7551,24.7649,37870561,1042665,1643621,37878608.0000,1041518.6875,1644671.7500,-10,-32768,-108
00:40:41,2042.36,24.63,69.99,3276.70,0.00,24.9473,24.9604,24.7551,24.7628,37873630,1043081,1643711,37878040.0000,1041649.8750,1644541.5000,-11,-32768,-108
00:40:42,2026.07,24.63,70.01,3276.70,0.00,24.9391,24.9586,24.7434,24.7616,37881193,1043440,1643777,37878164.0000,1041758.6250,1644505.6250,-12,-32768,-108
00:40:44,2009.78,24.61,70.04,3276.70,0.00,24.9375,24.9579,24.7420,24.7616,37877004,1043448,1643358,37878124.0000,1041861.8125,1644453.8750,-12,-32768,-108
00:40:47,2053.22,24.61,70.01,3276.70,0.00,24.9318,24.9579,24.7359,24.7616,37874289,1043448,1643358,37877928.0000,1042070.7500,1644299.6250,-12,-32768,-108
00:40:48,1988.05,24.61,70.11,3276.70,0.00,24.9266,24.9532,24.7289,24.7563,37880604,1043622,1643026,37878012.0000,1042119.2500,1644259.7500,-12,-32768,-108
00:40:50,1982.62,24.59,70.12,3276.70,0.00,24.9241,24.9522,24.7270,24.7563,37871673,1043410,1643092,37877808.0000,1042197.5000,1644161.3750,-12,-32768,-108
00:40:51,2031.50,24.59,70.17,3276.70,0.00,24.9218,24.9503,24.7270,24.7563,37872916,1043446,1642762,37877680.0000,1042277.3750,1644103.0000,-12,-32768,-108
00:40:53,1988.05,24.58,70.20,3276.70,0.00,24.9220,24.9486,24.7259,24.7519,37877132,1043483,1643030,37877664.0000,1042352.8750,1644052.6250,-12,-32768,-108
00:40:55,2053.22,24.58,70.20,3276.70,0.00,24.9220,24.9459,24.7243,24.7493,37874425,1043591,1642383,37877664.0000,1042352.8750,1643942.6250,-12,-32768,-108
00:40:57,2020.64,24.58,70.27,3276.70,0.00,24.9204,24.9444,24.7241,24.7478,37873216,1043441,1642995,37877164.0000,1042352.8750,1643828.3750,-12,-32768,-108
00:40:58,2015.21,24.56,70.27,3276.70,0.00,24.9204,24.9428,24.7246,24.7463,37876142,1043607,1642368,37877012.0000,1042554.4375,1643828.3750,-12,-32768,-108
00:41:01,2015.21,24.55,70.27,3276.70,0.00,24.9204,24.9428,24.7223,24.7463,37877467,1043338,1642649,37876996.0000,1042657.3750,1643652.5000,-12,-32768,-108
00:41:03,2036.93,24.55,70.27,3276.70,0.00,24.9204,24.9385,24.7194,24.7420,37867655,1043173,1641210,37876664.0000,1042692.5000,1643530.7500,-11,-32768,-108
00:41:05,2026.07,24.54,70.27,3276.70,0.00,24.9125,24.9369,24.7172,24.7404,37869352,1043475,1641625,37876272.0000,1042692.5000,1643408.2500,-12,-32768,-108
00:41:06,2085.80,24.54,70.46,3276.70,0.00,24.9100,24.9352,24.7158,24.7389,37872328,1043469,1642095,37875904.0000,1042781.3125,1643325.7500,-12,-32768,-108
00:41:08,1993.48,24.53,70.52,3276.70,0.00,24.9107,24.9337,24.7137,24.7389,37872824,1043269,1642800,37875652.0000,1042818.1250,1643284.6250,-11,-32768,-108
00:41:09,2009.78,24.53,70.57,3276.70,0.00,24.9114,24.9330,24.7126,24.7365,37867401,1042910,1641983,37875384.0000,1042827.5000,1643204.2500,-11,-32768,-108
00:41:10,2015.21,24.52,70.61,3276.70,0.00,24.9096,24.9316,24.7105,24.7349,37878442,1043022,1642703,37875480.0000,1042833.6250,1643188.6250,-11,-32768,-108
00:41:11,1993.48,24.52,70.69,3276.70,0.00,24.9089,24.9308,24.7098,24.7341,37872693,1042669,1642215,37875392.0000,1042828.4375,1643188.6250,-11,-32768,-108
00:41:13,1998.91,24.51,70.70,3276.70,0.00,24.9074,24.9293,24.7086,24.7341,37867824,1042705,1641808,37874808.0000,1042818.5000,1643068.8750,-11,-32768,-108
00:41:15,1982.62,24.51,70.73,3276.70,0.00,24.9056,24.9279,24.7077,24.7341,37864432,1042534,1641531,37873952.0000,1042818.5000,1642935.0000,-10,-32768,-108
00:41:16,1977.19,24.50,70.73,3276.70,0.00,24.9044,24.9257,24.7059,24.7287,37871756,1042694,1642339,37873696.0000,1042789.3750,1642910.3750,-10,-32768,-108
00:41:18,1993.48,24.50,70.83,3276.70,0.00,24.9044,24.9243,24.7071,24.7273,37869019,1042687,1641105,37873432.0000,1042779.0625,1642804.6250,-10,-32768,-108
00:41:21,1993.48,24.50,70.83,3276.70,0.00,24.9040,24.9243,24.7071,24.7255,37870144,1042687,1641162,37872672.0000,1042754.1875,1642571.3750,-10,-32768,-108
00:41:23,1971.76,24.50,70.89,3276.70,0.00,24.9034,24.9243,24.7070,24.7243,37870144,1042050,1640897,37872416.0000,1042723.2500,1642486.5000,-8,-32768,-108
00:41:24,2042.36,24.50,71.00,3276.70,0.00,24.9006,24.9200,24.7070,24.7243,37866664,1042814,1640306,37872068.0000,1042714.0625,1642367.3750,-10,-32768,-108
00:41:26,1950.04,24.49,71.00,3276.70,0.00,24.8976,24.9186,24.7011,24.7243,37867452,1042419,1641570,37871848.0000,1042703.4375,1642290.3750,-9,-32768,-108
00:41:28,2020.64,24.49,71.05,3276.70,0.00,24.8946,24.9171,24.6994,24.7196,37866821,1042210,1641365,37871848.0000,1042675.8750,1642247.0000,-9,-32768,-108
00:41:30,1971.76,24.48,71.11,3276.70,0.00,24.8934,24.9150,24.6992,24.7184,37866099,1041895,1639792,37871192.0000,1042606.6250,1642247.0000,-9,-32768,-108
00:41:32,1998.91,24.48,71.18,3276.70,0.00,24.8934,24.9126,24.6992,24.7155,37870461,1041929,1641140,37870824.0000,1042546.0625,1641943.6250,-8,-32768,-108
00:41:35,1993.48,24.48,71.25,3276.70,0.00,24.8934,24.9101,24.6992,24.7132,37870461,1041856,1640371,37870464.0000,1042483.5625,1641773.0000,-7,-32768,-108
00:41:37,2009.78,24.48,71.32,3276.70,0.00,24.8865,24.9079,24.6895,24.7118,37867453,1041623,1640700,37870232.0000,1042431.0000,1641739.5000,-7,-32768,-108
00:41:39,2015.21,24.47,71.28,3276.70,0.00,24.8844,24.9064,24.6885,24.7103,37870598,1041635,1640700,37870232.0000,1042353.8750,1641682.5000,-7,-32768,-108
00:41:41,1998.91,24.47,71.28,3276.70,0.00,24.8844,24.9043,24.6885,24.7075,37863695,1041239,1641025,37869652.0000,1042251.0000,1641565.6250,-6,-32768,-108
00:41:43,1988.05,24.47,71.41,3276.70,0.00,24.8839,24.9030,24.6885,24.7061,37859740,1041580,1640055,37869288.0000,1042200.4375,1641505.7500,-7,-32768,-108
00:41:44,1982.62,24.47,71.44,3276.70,0.00,24.8823,24.9011,24.6867,24.7049,37866727,1041767,1642195,37869168.0000,1042178.5625,1641502.1250,-8,-32768,-108
00:41:46,2064.08,24.47,71.47,3276.70,0.00,24.8814,24.9005,24.6872,24.7038,37864357,1041985,1639394,37868788.0000,1042163.5000,1641502.1250,-8,-32768,-108
00:41:47,2009.78,24.46,71.50,3276.70,0.00,24.8794,24.9005,24.6853,24.7026,37863639,1041571,1640051,37868664.0000,1042128.7500,1641323.5000,-7,-32768,-108
00:41:50,1966.33,24.46,71.51,3276.70,0.00,24.8775,24.8972,24.6832,24.7026,37870495,1041817,1639457,37868872.0000,1042088.1250,1641188.8750,-8,-32768,-110
00:41:51,1993.48,24.45,71.55,3276.70,0.00,24.8778,24.8960,24.6826,24.7002,37865714,1042237,1639430,37868872.0000,1042094.1875,1641101.1250,-8,-32768,-109
00:41:53,1988.05,24.45,71.58,3276.70,0.00,24.8777,24.8960,24.6826,24.6990,37865714,1041473,1640377,37868596.0000,1042061.7500,1641058.3750,-7,-32768,-109
00:41:54,1933.75,24.45,71.64,3276.70,0.00,24.8752,24.8936,24.6781,24.6977,37860768,1041417,1638993,37867980.0000,1042017.5625,1640949.0000,-6,-32768,-109
00:41:57,1977.19,24.44,71.67,3276.70,0.00,24.8752,24.8916,24.6781,24.6957,37864431,1041417,1640628,37867292.0000,1041971.9375,1640900.1250,-7,-32768,-108
00:41:58,2004.34,24.44,71.73,3276.70,0.00,24.8686,24.8916,24.6733,24.6936,37854263,1041464,1639640,37866608.0000,1041941.7500,1640836.3750,-7,-32768,-108
00:42:01,1982.62,24.44,71.74,3276.70,0.00,24.8669,24.8916,24.6730,24.6936,37861543,1041279,1640514,37866608.0000,1041941.7500,1640777.3750,-6,-32768,-108
00:42:03,1939.18,24.43,71.80,3276.70,0.00,24.8648,24.8865,24.6730,24.6901,37861543,1042103,1640233,37865804.0000,1041894.4375,1640689.7500,-8,-32768,-107
00:42:06,1982.62,24.43,71.85,3276.70,0.00,24.8605,24.8865,24.6680,24.6901,37867251,1042103,1638762,37865336.0000,1041914.9375,1640531.6250,-8,-32768,-106
00:42:09,1971.76,24.42,71.92,3276.70,0.00,24.8613,24.8865,24.6646,24.6901,37858136,1040933,1639528,37864892.0000,1041914.9375,1640531.6250,-5,-32768,-105
00:42:11,1960.90,24.42,71.99,3276.70,0.00,24.8613,24.8783,24.6646,24.6829,37859841,1041861,1637381,37864264.0000,1041846.9375,1640256.7500,-8,-32768,-104
00:42:13,1971.76,24.42,71.99,3276.70,0.00,24.8613,24.8783,24.6578,24.6829,37864807,1041914,1638331,37863728.0000,1041836.5625,1640035.7500,-8,-32768,-102
00:42:16,2009.78,24.42,71.99,3276.70,0.00,24.8613,24.8747,24.6578,24.6785,37864807,1041914,1638776,37863548.0000,1041738.3750,1639853.7500,-4,-32768,-101
00:42:18,1966.33,24.42,72.13,3276.70,0.00,24.8550,24.8728,24.6593,24.6773,37859185,1040512,1638572,37863412.0000,1041700.0625,1639853.7500,-4,-32768,-100
00:42:20,2015.21,24.41,72.19,3276.70,0.00,24.8547,24.8728,24.6595,24.6773,37856792,1040486,1638047,37862892.0000,1041582.0625,1639721.2500,-4,-32768,-100
00:42:22,1998.91,24.41,72.28,3276.70,0.00,24.8519,24.8698,24.6584,24.6746,37853732,1040281,1638334,37862192.0000,1041582.0625,1639721.2500,-4,-32768,-99
00:42:23,1966.33,24.40,72.28,3276.70,0.00,24.8528,24.8682,24.6596,24.6730,37853931,1040525,1638512,37861424.0000,1041390.3125,1639499.1250,-4,-32768,-99
00:42:26,1998.91,24.40,72.28,3276.70,0.00,24.8528,24.8677,24.6596,24.6722,37853931,1040760,1638514,37861240.0000,1041337.0000,1639437.8750,-4,-32768,-98
00:42:28,2031.50,24.41,72.28,3276.70,0.00,24.8550,24.8661,24.6601,24.6710,37854670,1040760,1638514,37860964.0000,1041337.0000,1639432.6250,-4,-32768,-98
00:42:29,2004.34,24.41,72.51,3276.70,0.00,24.8559,24.8655,24.6610,24.6704,37861270,1040350,1639081,37860876.0000,1041231.5000,1639421.6250,-4,-32768,-98
00:42:31,1998.91,24.41,72.53,3276.70,0.00,24.8550,24.8651,24.6610,24.6704,37855576,1040218,1638256,37860560.0000,1041166.5625,1639363.1250,-4,-32768,-97
00:42:33,1939.18,24.41,72.53,3276.70,0.00,24.8539,24.8644,24.6610,24.6689,37854866,1040184,1637499,37860376.0000,1041115.1250,1639261.2500,-4,-32768,-97
00:42:33,2009.78,24.41,72.53,3276.70,0.00,24.8538,24.8637,24.6574,24.6685,37854015,1039880,1638015,37860176.0000,1041076.5000,1639222.2500,-3,-32768,-96
00:42:35,2009.78,24.41,72.55,3276.70,0.00,24.8536,24.8634,24.6568,24.6685,37854015,1039537,1638894,37860056.0000,1041076.5000,1639169.1250,-2,-32768,-96
00:42:38,1933.75,24.41,72.59,3276.70,0.00,24.8515,24.8623,24.6550,24.6685,37855453,1039537,1639013,37860056.0000,1041076.5000,1639139.7500,-3,-32768,-96
00:42:39,1988.05,24.42,72.58,3276.70,0.00,24.8504,24.8612,24.6537,24.6657,37857019,1039996,1638027,37859604.0000,1040795.9375,1639139.7500,-3,-32768,-96
00:42:41,1977.19,24.42,72.60,3276.70,0.00,24.8512,24.8605,24.6553,24.6650,37854893,1039623,1637427,37859308.0000,1040795.9375,1638986.5000,-1,-32768,-95
00:42:42,1966.33,24.42,72.61,3276.70,0.00,24.8523,24.8600,24.6554,24.6643,37852633,1039277,1638774,37858920.0000,1040642.2500,1638979.8750,-2,-32768,-95
00:42:43,1960.90,24.42,72.65,3276.70,0.00,24.8517,24.8597,24.6542,24.6640,37858140,1039420,1638766,37858892.0000,1040604.0625,1638973.2500,-2,-32768,-95
00:42:44,2026.07,24.42,72.68,3276.70,0.00,24.8505,24.8591,24.6531,24.6633,37858497,1039139,1638401,37858848.0000,1040514.7500,1638945.7500,-1,-32768,-95
00:42:47,1977.19,24.42,72.75,3276.70,0.00,24.8486,24.8591,24.6537,24.6633,37855600,1039391,1638668,37858644.0000,1040439.6250,1638918.5000,-1,-32768,-95
00:42:48,2004.34,24.42,72.78,3276.70,0.00,24.8479,24.8577,24.6534,24.6620,37856725,1039438,1639033,37858560.0000,1040388.5625,1638940.1250,-1,-32768,-95
00:42:51,2009.78,24.41,72.83,3276.70,0.00,24.8480,24.8577,24.6526,24.6620,37856725,1038849,1638528,37858040.0000,1040196.1250,1638887.3750,0,-32768,-94
00:42:53,2026.07,24.42,72.83,3276.70,0.00,24.8457,24.8561,24.6512,24.6605,37854412,1038721,1638381,37857756.0000,1040092.2500,1638833.7500,0,-32768,-94
00:42:53,1977.19,24.42,72.86,3276.70,0.00,24.8449,24.8554,24.6510,24.6599,37855972,1038851,1638613,37857700.0000,1040053.4375,1638826.7500,0,-32768,-94
00:42:55,1977.19,24.42,72.88,3276.70,0.00,24.8454,24.8550,24.6508,24.6596,37853087,1038851,1637871,37857436.0000,1039969.8125,1638775.8750,0,-32768,-93
00:42:57,2015.21,24.41,72.88,3276.70,0.00,24.8446,24.8550,24.6517,24.6587,37853898,1038350,1637534,37857248.0000,1039878.0625,1638775.8750,0,-32768,-93
00:43:00,2036.93,24.41,72.89,3276.70,0.00,24.8446,24.8532,24.6517,24.6580,37853898,1037410,1637534,37856144.0000,1039556.4375,1638573.5000,3,-32768,-92
00:43:01,2026.07,24.42,72.94,3276.70,0.00,24.8461,24.8527,24.6514,24.6576,37842871,1037556,1638372,37855456.0000,1039493.9375,1638567.2500,3,-32768,-92
00:43:03,1966.33,24.42,72.97,3276.70,0.00,24.8449,24.8522,24.6504,24.6571,37840492,1037356,1637514,37854992.0000,1039493.9375,1638567.2500,3,-32768,-92
00:43:04,1998.91,24.41,73.03,3276.70,0.00,24.8432,24.8517,24.6485,24.6566,37848999,1037299,1637514,37854072.0000,1039228.3750,1638493.1250,3,-32768,-91
00:43:06,2004.34,24.41,73.03,3276.70,0.00,24.8435,24.8511,24.6475,24.6560,37842303,1037337,1637342,37853704.0000,1039169.3125,1638457.1250,3,-32768,-91
00:43:08,1982.62,24.41,73.03,3276.70,0.00,24.8411,24.8502,24.6475,24.6549,37842414,1037062,1637299,37852984.0000,1038987.3750,1638375.5000,4,-32768,-91
00:43:11,2004.34,24.41,73.10,3276.70,0.00,24.8352,24.8502,24.6392,24.6549,37847421,1037089,1636960,37852500.0000,1038987.3750,1638258.7500,4,-32768,-90
00:43:11,1988.05,24.41,73.06,3276.70,0.00,24.8364,24.8480,24.6390,24.6525,37844039,1037411,1638250,37852032.0000,1038733.2500,1638258.3750,3,-32768,-90
00:43:13,2026.07,24.42,73.09,3276.70,0.00,24.8371,24.8476,24.6399,24.6525,37844039,1037172,1638265,37851632.0000,1038642.7500,1638247.0000,4,-32768,-90
00:43:15,1988.05,24.42,73.11,3276.70,0.00,24.8371,24.8470,24.6399,24.6509,37848418,1036652,1637763,37851488.0000,1038529.6250,1638247.0000,5,-32768,-90
00:43:18,1993.48,24.42,73.10,3276.70,0.00,24.8351,24.8470,24.6384,24.6509,37839742,1036424,1637134,37850404.0000,1038278.0000,1638113.7500,6,-32768,-89
00:43:20,1960.90,24.42,73.13,3276.70,0.00,24.8351,24.8447,24.6384,24.6487,37835662,1036184,1638264,37849392.0000,1038147.8750,1638098.2500,6,-32768,-89
00:43:21,1971.76,24.42,73.19,3276.70,0.00,24.8404,24.8444,24.6421,24.6483,37838251,1036361,1636751,37848652.0000,1038032.6250,1638025.0000,5,-32768,-88
00:43:23,1982.62,24.42,73.19,3276.70,0.00,24.8381,24.8440,24.6426,24.6479,37837911,1036873,1638347,37847920.0000,1037951.4375,1638025.5000,4,-32768,-88
00:43:24,1998.91,24.42,73.23,3276.70,0.00,24.8367,24.8438,24.6415,24.6477,37841604,1036879,1638579,37847724.0000,1037917.8750,1638054.8750,5,-32768,-88
00:43:25,1971.76,24.42,73.23,3276.70,0.00,24.8362,24.8433,24.6398,24.6471,37844949,1036680,1638107,37847536.0000,1037841.5000,1638056.5000,5,-32768,-89
00:43:28,1966.33,24.42,73.28,3276.70,0.00,24.8349,24.8428,24.6370,24.6465,37842732,1036647,1637577,37847172.0000,1037769.1250,1638011.0000,5,-32768,-88
00:43:29,1944.61,24.42,73.31,3276.70,0.00,24.8354,24.8423,24.6373,24.6459,37845211,1037031,1637832,37846872.0000,1037713.9375,1638005.3750,5,-32768,-88
00:43:30,1971.76,24.42,73.31,3276.70,0.00,24.8382,24.8419,24.6414,24.6455,37841607,1036972,1637006,37846572.0000,1037669.3125,1637950.3750,4,-32768,-88
00:43:32,2015.21,24.42,73.37,3276.70,0.00,24.8411,24.8418,24.6434,24.6453,37835555,1036335,1638430,37845992.0000,1037591.8125,1637958.2500,5,-32768,-88
00:43:35,1982.62,24.41,73.38,3276.70,0.00,24.8411,24.8417,24.6434,24.6450,37835555,1036385,1637709,37845744.0000,1037591.8125,1637958.2500,5,-32768,-88
00:43:37,2042.36,24.42,73.38,3276.70,0.00,24.8397,24.8414,24.6424,24.6448,37836562,1036166,1638011,37845744.0000,1037372.1875,1637958.2500,6,-32768,-88
00:43:40,2015.21,24.42,73.40,3276.70,0.00,24.8397,24.8412,24.6424,24.6445,37838689,1036166,1638011,37844372.0000,1037175.2500,1638001.3750,7,-32768,-88
00:43:41,1966.33,24.42,73.43,3276.70,0.00,24.8397,24.8412,24.6401,24.6440,37838212,1035051,1637575,37844136.0000,1037052.8750,1638001.3750,8,-32768,-88
00:43:43,2004.34,24.42,73.43,3276.70,0.00,24.8350,24.8405,24.6392,24.6440,37838369,1034858,1637782,37843856.0000,1036919.8125,1637942.5000,9,-32768,-88
00:43:46,1998.91,24.42,73.39,3276.70,0.00,24.8350,24.8398,24.6392,24.6429,37838369,1034655,1637345,37842836.0000,1036711.5000,1637879.1250,9,-32768,-87
00:43:47,2020.64,24.42,73.45,3276.70,0.00,24.8321,24.8393,24.6354,24.6427,37832788,1034405,1637677,37842000.0000,1036711.5000,1637836.8750,10,-32768,-87
00:43:48,2004.34,24.42,73.45,3276.70,0.00,24.8384,24.8389,24.6377,24.6421,37829950,1034470,1636287,37841232.0000,1036428.1250,1637728.7500,10,-32768,-86
00:43:49,1998.91,24.42,73.47,3276.70,0.00,24.8400,24.8389,24.6386,24.6420,37829172,1034690,1637305,37840856.0000,1036373.8125,1637715.5000,9,-32768,-86
00:43:51,2009.78,24.42,73.51,3276.70,0.00,24.8408,24.8389,24.6396,24.6419,37831142,1034581,1637380,37840552.0000,1036373.8125,1637681.1250,10,-32768,-86
00:43:52,1998.91,24.42,73.53,3276.70,0.00,24.8425,24.8391,24.6418,24.6419,37826240,1034361,1637991,37839820.0000,1036373.8125,1637697.2500,10,-32768,-86
00:43:54,2026.07,24.42,73.52,3276.70,0.00,24.8430,24.8391,24.6418,24.6418,37825277,1034384,1637575,37838648.0000,1036024.7500,1637673.8750,10,-32768,-86
00:43:56,1998.91,24.43,73.52,3276.70,0.00,24.8430,24.8395,24.6418,24.6416,37830242,1034365,1637562,37837712.0000,1035878.3125,1637646.3750,10,-32768,-86
00:43:58,2004.34,24.42,73.57,3276.70,0.00,24.8430,24.8396,24.6394,24.6414,37835848,1034426,1637732,37837324.0000,1035783.1875,1637644.6250,10,-32768,-86
00:43:59,2009.78,24.42,73.58,3276.70,0.00,24.8421,24.8396,24.6387,24.6412,37830614,1033892,1637413,37836984.0000,1035673.8750,1637632.6250,11,-32768,-86
00:44:02,2069.51,24.43,73.54,3276.70,0.00,24.8421,24.8398,24.6357,24.6408,37829500,1033475,1638105,37836504.0000,1035547.6875,1637656.0000,11,-32768,-86
00:44:03,1971.76,24.43,73.60,3276.70,0.00,24.8392,24.8398,24.6354,24.6404,37831389,1033729,1637217,37836140.0000,1035429.2500,1637643.8750,12,-32768,-86
00:44:05,1998.91,24.42,73.65,3276.70,0.00,24.8355,24.8395,24.6358,24.6404,37829946,1034070,1637320,37835612.0000,1035342.3125,1637643.8750,12,-32768,-85
00:44:08,1988.05,24.42,73.72,3276.70,0.00,24.8355,24.8386,24.6358,24.6396,37823486,1034078,1637222,37834632.0000,1035204.1875,1637643.8750,12,-32768,-85
00:44:10,2004.34,24.42,73.74,3276.70,0.00,24.8318,24.8382,24.6358,24.6391,37823486,1033965,1636609,37833088.0000,1035043.6250,1637404.6250,12,-32768,-84
00:44:13,1977.19,24.42,73.77,3276.70,0.00,24.8312,24.8382,24.6340,24.6391,37822558,1033965,1637138,37832440.0000,1034953.1875,1637404.6250,11,-32768,-84
00:44:15,2015.21,24.42,73.82,3276.70,0.00,24.8316,24.8367,24.6335,24.6381,37823548,1033811,1637470,37831956.0000,1034884.7500,1637392.0000,11,-32768,-84
00:44:16,1982.62,24.42,73.85,3276.70,0.00,24.8309,24.8363,24.6328,24.6377,37829628,1033779,1637470,37831956.0000,1034884.7500,1637344.8750,12,-32768,-84
00:44:18,1998.91,24.42,73.85,3276.70,0.00,24.8300,24.8359,24.6323,24.6373,37818107,1033451,1636705,37830712.0000,1034704.6875,1637285.0000,12,-32768,-83
00:44:20,2009.78,24.42,73.86,3276.70,0.00,24.8288,24.8355,24.6321,24.6370,37818107,1033540,1636691,37830500.0000,1034704.6875,1637258.2500,12,-32768,-83
00:44:21,1982.62,24.42,73.86,3276.70,0.00,24.8294,24.8351,24.6332,24.6367,37823104,1033412,1636159,37830500.0000,1034554.6875,1637183.5000,12,-32768,-83
00:44:22,2004.34,24.42,73.88,3276.70,0.00,24.8291,24.8347,24.6331,24.6365,37821802,1033366,1636848,37829488.0000,1034517.5000,1637173.0000,12,-32768,-83
00:44:24,2009.78,24.42,73.87,3276.70,0.00,24.8284,24.8345,24.6335,24.6364,37826175,1033346,1636822,37829384.0000,1034517.5000,1637139.5000,12,-32768,-82
00:44:27,1971.76,24.42,73.91,3276.70,0.00,24.8284,24.8338,24.6335,24.6359,37826175,1033046,1637193,37828100.0000,1034271.1250,1637062.7500,13,-32768,-82
00:44:29,2009.78,24.42,73.92,3276.70,0.00,24.8296,24.8335,24.6336,24.6357,37816908,1033046,1637123,37827548.0000,1034271.1250,1637062.7500,13,-32768,-82
00:44:32,2004.34,24.42,73.95,3276.70,0.00,24.8293,24.8335,24.6349,24.6357,37819611,1033027,1635147,37826840.0000,1034271.1250,1637062.7500,13,-32768,-81
00:44:32,1993.48,24.41,74.04,3276.70,0.00,24.8290,24.8327,24.6345,24.6354,37825495,1033669,1636412,37826560.0000,1034051.8750,1636896.7500,12,-32768,-81
00:44:35,2009.78,24.41,74.04,3276.70,0.00,24.8290,24.8324,24.6345,24.6352,37825495,1032985,1636038,37826336.0000,1033955.9375,1636855.0000,14,-32768,-80
00:44:36,2031.50,24.41,74.07,3276.70,0.00,24.8293,24.8321,24.6317,24.6350,37824986,1033133,1636767,37825936.0000,1033930.2500,1636852.2500,13,-32768,-80
00:44:39,1988.05,24.41,74.10,3276.70,0.00,24.8336,24.8321,24.6340,24.6350,37817537,1032702,1636218,37825640.0000,1033930.2500,1636802.3750,13,-32768,-80
00:44:40,2009.78,24.41,74.07,3276.70,0.00,24.8361,24.8323,24.6365,24.6350,37822553,1032992,1636591,37825152.0000,1033802.3125,1636795.8750,13,-32768,-80
00:44:42,2009.78,24.41,74.08,3276.70,0.00,24.8361,24.8323,24.6370,24.6350,37821116,1032610,1636468,37824708.0000,1033697.4375,1636774.7500,14,-32768,-80
00:44:45,1977.19,24.41,74.08,3276.70,0.00,24.8346,24.8327,24.6362,24.6351,37819989,1032658,1636468,37824708.0000,1033697.4375,1636780.6250,14,-32768,-80
00:44:47,2085.80,24.41,74.10,3276.70,0.00,24.8349,24.8327,24.6382,24.6353,37814167,1032390,1636447,37823492.0000,1033522.5625,1636763.8750,15,-32768,-80
00:44:50,2020.64,24.41,74.10,3276.70,0.00,24.8349,24.8329,24.6382,24.6355,37814167,1032651,1636447,37821996.0000,1033377.8750,1636688.1250,14,-32768,-79
00:44:51,1988.05,24.41,74.16,3276.70,0.00,24.8349,24.8329,24.6379,24.6356,37819986,1032707,1636659,37821936.0000,1033356.9375,1636687.2500,14,-32768,-79
00:44:52,2020.64,24.41,74.14,3276.70,0.00,24.8349,24.8330,24.6381,24.6357,37820717,1032393,1636666,37821896.0000,1033326.8125,1636686.6250,15,-32768,-79
00:44:54,2053.22,24.41,74.15,3276.70,0.00,24.8340,24.8330,24.6381,24.6357,37820196,1032285,1637188,37821896.0000,1033326.8125,1636712.8750,15,-32768,-80
00:44:55,1944.61,24.41,74.20,3276.70,0.00,24.8356,24.8332,24.6392,24.6359,37814000,1032073,1637227,37821248.0000,1033191.2500,1636729.0000,15,-32768,-80
00:44:57,1966.33,24.41,74.18,3276.70,0.00,24.8366,24.8332,24.6395,24.6359,37814000,1032519,1637227,37820724.0000,1033141.3125,1636748.6250,14,-32768,-80
00:45:00,1982.62,24.41,74.21,3276.70,0.00,24.8382,24.8332,24.6403,24.6359,37818678,1032122,1636897,37820476.0000,1033055.6875,1636748.6250,14,-32768,-80
00:45:01,1982.62,24.42,74.23,3276.70,0.00,24.8384,24.8339,24.6403,24.6359,37813215,1032122,1636620,37819648.0000,1032941.5000,1636809.5000,16,-32768,-80
00:45:03,2047.79,24.41,74.28,3276.70,0.00,24.8360,24.8341,24.6403,24.6368,37819255,1032083,1637348,37819484.0000,1032880.6875,1636846.5000,15,-32768,-80
00:45:05,1998.91,24.41,74.29,3276.70,0.00,24.8346,24.8341,24.6362,24.6368,37819255,1032012,1636806,37819320.0000,1032880.6875,1636837.2500,16,-32768,-80
00:45:06,2004.34,24.41,74.29,3276.70,0.00,24.8347,24.8341,24.6350,24.6366,37818571,1031806,1636806,37818852.0000,1032758.1875,1636797.3750,16,-32768,-80
00:45:09,2009.78,24.41,74.29,3276.70,0.00,24.8317,24.8341,24.6342,24.6366,37811782,1031806,1636217,37818060.0000,1032655.3125,1636832.3750,16,-32768,-80
00:45:12,1998.91,24.41,74.40,3276.70,0.00,24.8284,24.8335,24.6342,24.6366,37814208,1031806,1636249,37817956.0000,1032601.1875,1636832.3750,16,-32768,-80
00:45:13,2020.64,24.41,74.42,3276.70,0.00,24.8284,24.8330,24.6347,24.6359,37820488,1032178,1637014,37817944.0000,1032564.5000,1636775.2500,15,-32768,-80
00:45:16,2053.22,24.40,74.45,3276.70,0.00,24.8284,24.8327,24.6347,24.6358,37818437,1032249,1636284,37817852.0000,1032517.0000,1636775.2500,15,-32768,-79
00:45:18,1993.48,24.40,74.45,3276.70,0.00,24.8284,24.8327,24.6319,24.6358,37817804,1032497,1635989,37817520.0000,1032470.9375,1636654.2500,15,-32768,-79
00:45:21,2004.34,24.40,74.50,3276.70,0.00,24.8284,24.8317,24.6319,24.6346,37816178,1031811,1636412,37817248.0000,1032423.1250,1636603.3750,16,-32768,-79
00:45:24,2026.07,24.40,74.50,3276.70,0.00,24.8284,24.8307,24.6319,24.6337,37816178,1031823,1635522,37817000.0000,1032355.3750,1636532.1250,16,-32768,-79
00:45:27,1998.91,24.40,74.50,3276.70,0.00,24.8284,24.8293,24.6319,24.6325,37816178,1031427,1636332,37816560.0000,1032251.6250,1636494.8750,17,-32768,-78
00:45:28,2047.79,24.41,74.44,3276.70,0.00,24.8206,24.8284,24.6319,24.6318,37810850,1031425,1636121,37816380.0000,1032225.8125,1636475.1250,17,-32768,-78
00:45:30,2015.21,24.41,74.45,3276.70,0.00,24.8216,24.8279,24.6239,24.6313,37803442,1031190,1636529,37815876.0000,1032164.3750,1636476.8750,17,-32768,-78
00:45:31,2074.94,24.41,74.49,3276.70,0.00,24.8221,24.8277,24.6236,24.6313,37809492,1031291,1635261,37815396.0000,1032110.1875,1636425.6250,17,-32768,-78
00:45:32,1993.48,24.41,74.52,3276.70,0.00,24.8237,24.8274,24.6247,24.6306,37816174,1031526,1635721,37815420.0000,1032091.8750,1636403.6250,17,-32768,-78
00:45:33,2020.64,24.41,74.52,3276.70,0.00,24.8239,24.8273,24.6255,24.6304,37810815,1031565,1636716,37815276.0000,1032075.4375,1636413.3750,17,-32768,-78
00:45:35,2047.79,24.41,74.56,3276.70,0.00,24.8228,24.8273,24.6253,24.6304,37814910,1031178,1636065,37815052.0000,1032001.0000,1636427.7500,17,-32768,-77
00:45:38,1988.05,24.41,74.56,3276.70,0.00,24.8220,24.8273,24.6229,24.6304,37813003,1031074,1635148,37814252.0000,1031896.5000,1636350.8750,18,-32768,-77
00:45:39,2026.07,24.41,74.56,3276.70,0.00,24.8242,24.8261,24.6243,24.6288,37809867,1031134,1636370,37814116.0000,1031872.6875,1636351.5000,18,-32768,-77
00:45:41,2026.07,24.41,74.57,3276.70,0.00,24.8247,24.8261,24.6250,24.6288,37810690,1030925,1636138,37814048.0000,1031824.0000,1636358.5000,18,-32768,-77
00:45:42,2031.50,24.41,74.60,3276.70,0.00,24.8264,24.8260,24.6247,24.6284,37811598,1030990,1635633,37814048.0000,1031824.0000,1636322.8750,18,-32768,-77
00:45:46,2004.34,24.41,74.63,3276.70,0.00,24.8264,24.8260,24.6247,24.6281,37811598,1030955,1635633,37812696.0000,1031824.0000,1636341.7500,18,-32768,-77
00:45:48,1960.90,24.41,74.63,3276.70,0.00,24.8256,24.8259,24.6269,24.6280,37798679,1030877,1636193,37812084.0000,1031627.9375,1636337.1250,18,-32768,-77
00:45:50,2069.51,24.41,74.66,3276.70,0.00,24.8237,24.8257,24.6254,24.6279,37810853,1030712,1635576,37811748.0000,1031548.5625,1636263.0000,19,-32768,-77
00:45:51,1977.19,24.41,74.66,3276.70,0.00,24.8231,24.8255,24.6254,24.6275,37811646,1030823,1637225,37811256.0000,1031548.5625,1636276.8750,18,-32768,-77
00:45:53,2047.79,24.41,74.67,3276.70,0.00,24.8231,24.8248,24.6228,24.6270,37806147,1030605,1635782,37810824.0000,1031425.3750,1636257.8750,19,-32768,-77
00:45:56,1998.91,24.40,74.70,3276.70,0.00,24.8183,24.8248,24.6216,24.6270,37804462,1030921,1636244,37810280.0000,1031350.2500,1636198.1250,19,-32768,-76
00:45:59,2015.21,24.40,74.70,3276.70,0.00,24.8171,24.8236,24.6188,24.6260,37803406,1030361,1636244,37810280.0000,1031350.2500,1636038.5000,19,-32768,-75
00:46:00,2020.64,24.40,74.74,3276.70,0.00,24.8178,24.8230,24.6195,24.6253,37803347,1030327,1636244,37809280.0000,1031213.3125,1635928.1250,20,-32768,-74
00:46:02,1993.48,24.40,74.73,3276.70,0.00,24.8178,24.8228,24.6195,24.6248,37800676,1030112,1636364,37808704.0000,1031121.3125,1635889.8750,20,-32768,-74
00:46:05,2047.79,24.40,74.78,3276.70,0.00,24.8207,24.8225,24.6214,24.6248,37808138,1030558,1635815,37808704.0000,1031121.3125,1635889.8750,20,-32768,-74
00:46:07,2020.64,24.40,74.78,3276.70,0.00,24.8207,24.8225,24.6214,24.6245,37799678,1030034,1635666,37807584.0000,1030956.5000,1635819.8750,20,-32768,-74
00:46:08,1988.05,24.40,74.82,3276.70,0.00,24.8201,24.8224,24.6228,24.6245,37799039,1030131,1635130,37807160.0000,1030903.8750,1635786.5000,20,-32768,-74
00:46:11,2042.36,24.40,74.82,3276.70,0.00,24.8207,24.8221,24.6230,24.6245,37794712,1030046,1635922,37806304.0000,1030830.1875,1635787.0000,20,-32768,-74
00:46:13,2026.07,24.40,74.80,3276.70,0.00,24.8216,24.8220,24.6251,24.6242,37804558,1030116,1636369,37806248.0000,1030807.8750,1635805.1250,20,-32768,-74
00:46:14,1998.91,24.41,74.84,3276.70,0.00,24.8250,24.8221,24.6271,24.6243,37796572,1030196,1635963,37805568.0000,1030737.1875,1635812.0000,20,-32768,-74
00:46:16,2020.64,24.41,74.87,3276.70,0.00,24.8250,24.8223,24.6264,24.6244,37794616,1030022,1635963,37805032.0000,1030702.9375,1635791.3750,19,-32768,-74
00:46:18,2004.34,24.41,74.89,3276.70,0.00,24.8231,24.8223,24.6243,24.6243,37803308,1030455,1635509,37804888.0000,1030675.8125,1635771.7500,20,-32768,-74
00:46:19,1966.33,24.41,74.93,3276.70,0.00,24.8234,24.8223,24.6238,24.6243,37804345,1030124,1635605,37804888.0000,1030636.4375,1635756.6250,20,-32768,-73
00:46:21,2026.07,24.41,74.93,3276.70,0.00,24.8234,24.8223,24.6238,24.6241,37804608,1029938,1635728,37804464.0000,1030591.0625,1635744.5000,20,-32768,-73
00:46:23,2020.64,24.41,74.92,3276.70,0.00,24.8234,24.8218,24.6238,24.6238,37793369,1029351,1634931,37803768.0000,1030491.2500,1635728.5000,22,-32768,-73
00:46:26,2047.79,24.41,74.92,3276.70,0.00,24.8234,24.8214,24.6238,24.6236,37797953,1029308,1634401,37803768.0000,1030491.2500,1635589.1250,22,-32768,-72
00:46:27,2009.78,24.41,74.97,3276.70,0.00,24.8191,24.8211,24.6227,24.6236,37796469,1029753,1634953,37802280.0000,1030336.5625,1635569.2500,21,-32768,-72
00:46:30,2015.21,24.41,74.97,3276.70,0.00,24.8191,24.8209,24.6202,24.6234,37794672,1030000,1634953,37801688.0000,1030311.4375,1635537.3750,20,-32768,-72
00:46:31,2004.34,24.41,74.97,3276.70,0.00,24.8140,24.8204,24.6178,24.6229,37797856,1030411,1635567,37801600.0000,1030319.7500,1635516.0000,19,-32768,-72
00:46:33,2004.34,24.41,74.99,3276.70,0.00,24.8129,24.8201,24.6174,24.6227,37796528,1029799,1634880,37801444.0000,1030271.8125,1635479.0000,19,-32768,-72
00:46:34,2015.21,24.41,75.04,3276.70,0.00,24.8107,24.8195,24.6132,24.6221,37793888,1029261,1635453,37801096.0000,1030240.1875,1635478.1250,22,-32768,-72
00:46:35,2036.93,24.41,75.05,3276.70,0.00,24.8115,24.8192,24.6114,24.6218,37794294,1029658,1634881,37800880.0000,1030240.1875,1635478.1250,21,-32768,-71
00:46:37,2031.50,24.41,75.05,3276.70,0.00,24.8111,24.8184,24.6114,24.6218,37793383,1029854,1634522,37800308.0000,1030240.1875,1635368.5000,20,-32768,-71
00:46:39,1982.62,24.41,75.03,3276.70,0.00,24.8106,24.8179,24.6111,24.6200,37799257,1030005,1635012,37800052.0000,1030183.5000,1635352.8750,20,-32768,-71
00:46:42,1890.30,24.41,75.04,3276.70,0.00,24.8112,24.8179,24.6133,24.6200,37795878,1029639,1635112,37799752.0000,1030141.0000,1635294.1250,21,-32768,-70
00:46:44,1960.90,24.41,75.10,3276.70,0.00,24.8129,24.8168,24.6133,24.6200,37801061,1029406,1634788,37799896.0000,1030101.8750,1635269.7500,21,-32768,-70
00:46:46,2042.36,24.41,75.14,3276.70,0.00,24.8148,24.8168,24.6152,24.6200,37795355,1029406,1635790,37799672.0000,1029959.7500,1635334.6250,24,-32768,-70
00:46:48,2047.79,24.40,75.20,3276.70,0.00,24.8174,24.8165,24.6183,24.6183,37793710,1029406,1635790,37799672.0000,1029959.7500,1635334.6250,24,-32768,-70
00:46:51,1971.76,24.41,75.20,3276.70,0.00,24.8223,24.8168,24.6220,24.6184,37783944,1027623,1634793,37798528.0000,1029959.7500,1635334.6250,24,-32768,-70
00:46:53,2015.21,24.41,75.30,3276.70,0.00,24.8223,24.8173,24.6220,24.6191,37793464,1027201,1635692,37797960.0000,1029440.5625,1635278.0000,27,-32768,-70
00:46:56,2053.22,24.40,75.34,3276.70,0.00,24.8223,24.8180,24.6220,24.6196,37793464,1027359,1634646,37797192.0000,1029440.5625,1635285.5000,27,-32768,-70
00:46:58,2118.39,24.40,75.40,3276.70,0.00,24.8226,24.8184,24.6246,24.6198,37788969,1027104,1635043,37796492.0000,1029052.7500,1635281.0000,27,-32768,-70
00:47:00,2036.93,24.40,75.40,3276.70,0.00,24.8241,24.8188,24.6246,24.6198,37789637,1027458,1635142,37796220.0000,1028952.1875,1635274.7500,27,-32768,-70
00:47:04,2015.21,24.39,75.40,3276.70,0.00,24.8241,24.8194,24.6246,24.6209,37789637,1027261,1635142,37796220.0000,1028952.1875,1635243.8750,26,-32768,-70
00:47:07,1998.91,24.39,75.45,3276.70,0.00,24.8251,24.8194,24.6257,24.6209,37796276,1028232,1634995,37796220.0000,1028952.1875,1635272.1250,24,-32768,-70
00:47:09,2080.37,24.39,75.45,3276.70,0.00,24.8169,24.8203,24.6177,24.6214,37797985,1028113,1636183,37795864.0000,1028952.1875,1635295.7500,24,-32768,-70
00:47:10,2069.51,24.38,75.44,3276.70,0.00,24.8110,24.8198,24.6133,24.6209,37788395,1028612,1635511,37795476.0000,1028585.4375,1635302.5000,24,-32768,-70
00:47:11,1988.05,24.38,75.47,3276.70,0.00,24.8082,24.8194,24.6117,24.6206,37792802,1028550,1635466,37795392.0000,1028584.3750,1635307.6250,24,-32768,-70
00:47:12,2015.21,24.38,75.47,3276.70,0.00,24.8018,24.8184,24.6080,24.6198,37795386,1028688,1634431,37795204.0000,1028580.3125,1635239.5000,23,-32768,-70
00:47:15,1988.05,24.37,75.50,3276.70,0.00,24.8018,24.8173,24.6080,24.6186,37795386,1029100,1634108,37794204.0000,1028612.6250,1635102.1250,23,-32768,-69
00:47:18,1998.91,24.36,75.50,3276.70,0.00,24.7910,24.8173,24.6080,24.6168,37795386,1029166,1634124,37793920.0000,1028676.6250,1634999.5000,23,-32768,-69
00:47:21,1966.33,24.36,75.60,3276.70,0.00,24.7855,24.8119,24.5907,24.6168,37795386,1029680,1633257,37793288.0000,1028676.6250,1634788.5000,21,-32768,-67
00:47:23,2004.34,24.34,75.63,3276.70,0.00,24.7817,24.8119,24.5870,24.6168,37795285,1030076,1633547,37793272.0000,1028890.1875,1634674.5000,21,-32768,-66
00:47:25,1977.19,24.34,75.63,3276.70,0.00,24.7817,24.8054,24.5842,24.6090,37782345,1029458,1632870,37792696.0000,1028928.6875,1634568.5000,22,-32768,-65
00:47:27,1960.90,24.34,75.62,3276.70,0.00,24.7817,24.8025,24.5842,24.6066,37781630,1030114,1632386,37791920.0000,1029017.4375,1634393.6250,20,-32768,-64
00:47:29,1939.18,24.34,75.71,3276.70,0.00,24.7724,24.8015,24.5819,24.6058,37790577,1030304,1633116,37791876.0000,1029057.6250,1634393.6250,20,-32768,-64
00:47:31,1966.33,24.33,75.72,3276.70,0.00,24.7711,24.8015,24.5760,24.6032,37793935,1030133,1633661,37791876.0000,1029174.3125,1634281.8750,20,-32768,-63
00:47:33,1971.76,24.33,75.72,3276.70,0.00,24.7710,24.7970,24.5760,24.6004,37785110,1030133,1632905,37791724.0000,1029284.4375,1634074.8750,20,-32768,-62
00:47:34,1950.04,24.33,75.80,3276.70,0.00,24.7634,24.7942,24.5661,24.5983,37792876,1029817,1632954,37791760.0000,1029301.0625,1634039.8750,21,-32768,-62
00:47:36,1998.91,24.33,75.79,3276.70,0.00,24.7624,24.7932,24.5661,24.5962,37784737,1030320,1631099,37791320.0000,1029348.5625,1633878.8750,20,-32768,-60
00:47:39,1955.47,24.33,75.87,3276.70,0.00,24.7624,24.7904,24.5661,24.5943,37784737,1029530,1632554,37790648.0000,1029386.3750,1633734.3750,22,-32768,-59
00:47:42,1993.48,24.33,75.89,3276.70,0.00,24.7660,24.7904,24.5699,24.5943,37778440,1029530,1632672,37790648.0000,1029306.5625,1633559.6250,22,-32768,-58
00:47:45,2026.07,24.34,75.89,3276.70,0.00,24.7760,24.7861,24.5699,24.5943,37781945,1027758,1632228,37788612.0000,1029163.0000,1633400.0000,22,-32768,-57
00:47:46,1993.48,24.34,76.08,3276.70,0.00,24.7847,24.7857,24.5864,24.5943,37782596,1027076,1632324,37788272.0000,1029041.6250,1633342.1250,27,-32768,-57
00:47:48,1993.48,24.34,76.09,3276.70,0.00,24.7847,24.7857,24.5896,24.5943,37778722,1026426,1633215,37787488.0000,1028814.5625,1633313.7500,29,-32768,-57
00:47:50,2009.78,24.34,76.16,3276.70,0.00,24.7847,24.7864,24.5896,24.5891,37777351,1026286,1633519,37786752.0000,1028597.9375,1633331.7500,29,-32768,-57
00:47:51,2042.36,24.35,76.19,3276.70,0.00,24.7970,24.7867,24.5987,24.5896,37779095,1026195,1633405,37786512.0000,1028522.8125,1633334.0000,29,-32768,-57
00:47:52,2015.21,24.35,76.22,3276.70,0.00,24.8011,24.7875,24.6010,24.5900,37781994,1026103,1633611,37786372.0000,1028447.2500,1633342.7500,29,-32768,-57
00:47:55,2074.94,24.36,76.25,3276.70,0.00,24.8038,24.7880,24.6010,24.5909,37781994,1025277,1633362,37785824.0000,1028447.2500,1633388.2500,31,-32768,-57
00:47:58,2020.64,24.36,76.25,3276.70,0.00,24.8038,24.7904,24.6010,24.5930,37777706,1025035,1635530,37785188.0000,1028447.2500,1633388.2500,31,-32768,-59
00:48:00,2042.36,24.37,76.31,3276.70,0.00,24.8159,24.7904,24.6152,24.5930,37775673,1024145,1634741,37784524.0000,1027497.1875,1633696.1250,31,-32768,-59
00:48:02,2074.94,24.37,76.31,3276.70,0.00,24.8180,24.7948,24.6175,24.5930,37777922,1023716,1634334,37784208.0000,1027497.1875,1633768.6250,35,-32768,-60
00:48:04,2004.34,24.37,76.37,3276.70,0.00,24.8181,24.7969,24.6207,24.5982,37780355,1023716,1635281,37783988.0000,1027053.6250,1633815.8750,35,-32768,-60
00:48:06,1988.05,24.37,76.37,3276.70,0.00,24.8238,24.7984,24.6207,24.5997,37780355,1023456,1634743,37783448.0000,1026736.3125,1633954.2500,36,-32768,-60
00:48:09,2074.94,24.38,76.47,3276.70,0.00,24.8238,24.8014,24.6250,24.6027,37776715,1023131,1636489,37782828.0000,1026402.2500,1633954.2500,37,-32768,-62
00:48:10,2058.65,24.38,76.47,3276.70,0.00,24.8282,24.8030,24.6262,24.6041,37780083,1023075,1636489,37782488.0000,1026103.6875,1634185.6250,37,-32768,-63
00:48:13,2047.79,24.38,76.51,3276.70,0.00,24.8288,24.8030,24.6297,24.6070,37775095,1022613,1634729,37781964.0000,1025807.3750,1634234.8750,38,-32768,-63
00:48:14,2118.39,24.39,76.49,3276.70,0.00,24.8321,24.8068,24.6311,24.6077,37777784,1022663,1634792,37781832.0000,1025709.1250,1634252.3750,38,-32768,-63
00:48:16,2074.94,24.39,76.51,3276.70,0.00,24.8324,24.8068,24.6311,24.6091,37771393,1022663,1634889,37781320.0000,1025519.5000,1634252.3750,38,-32768,-64
00:48:18,2053.22,24.39,76.51,3276.70,0.00,24.8287,24.8068,24.6277,24.6091,37780639,1022465,1636233,37781140.0000,1025250.9375,1634448.3750,38,-32768,-65
00:48:20,2069.51,24.39,76.51,3276.70,0.00,24.8281,24.8112,24.6277,24.6118,37774783,1023642,1635115,37780652.0000,1025058.7500,1634526.1250,35,-32768,-65
00:48:21,2069.51,24.38,76.46,3276.70,0.00,24.8280,24.8117,24.6273,24.6128,37778904,1023888,1635115,37780596.0000,1025022.1250,1634516.3750,35,-32768,-65
00:48:23,2036.93,24.38,76.38,3276.70,0.00,24.8268,24.8126,24.6270,24.6128,37779820,1024098,1635435,37780392.0000,1024961.0625,1634528.1250,34,-32768,-65
00:48:25,2036.93,24.38,76.38,3276.70,0.00,24.8268,24.8136,24.6230,24.6142,37774675,1024404,1635435,37780056.0000,1024915.3125,1634559.3750,33,-32768,-66
00:48:27,2069.51,24.37,76.34,3276.70,0.00,24.8153,24.8138,24.6230,24.6144,37774273,1025026,1634789,37779904.0000,1024924.9375,1634559.3750,33,-32768,-66
00:48:29,2009.78,24.37,76.34,3276.70,0.00,24.8047,24.8132,24.6093,24.6141,37777661,1025162,1633958,37779820.0000,1024933.0625,1634521.0000,32,-32768,-66
00:48:30,2026.07,24.36,76.31,3276.70,0.00,24.8022,24.8129,24.6093,24.6141,37769499,1025371,1633430,37779464.0000,1024962.4375,1634460.3750,31,-32768,-65
00:48:31,1955.47,24.36,76.35,3276.70,0.00,24.8022,24.8129,24.6093,24.6141,37769499,1025371,1633430,37779196.0000,1024962.4375,1634460.3750,31,-32768,-65
00:48:32,1955.47,24.35,76.35,3276.70,0.00,24.8022,24.8129,24.6057,24.6141,37769499,1025371,1633542,37779140.0000,1024989.5625,1634418.2500,31,-32768,-65
00:48:33,1955.47,24.35,76.35,3276.70,0.00,24.8022,24.8105,24.6057,24.6141,37769499,1025371,1633542,37779140.0000,1024989.5625,1634418.2500,31,-32768,-65
00:48:34,1939.18,24.33,76.35,3276.70,0.00,24.7910,24.8105,24.6057,24.6141,37769499,1025371,1633054,37778924.0000,1025074.0000,1634311.0000,30,-32768,-65
00:48:35,1971.76,24.33,76.35,3276.70,0.00,24.7887,24.8093,24.6057,24.6141,37769499,1025371,1632970,37778972.0000,1025074.0000,1634311.0000,30,-32768,-64
00:48:36,1971.76,24.33,76.35,3276.70,0.00,24.7887,24.8093,24.6057,24.6141,37777563,1026570,1633660,37778928.0000,1025160.1250,1634311.0000,30,-32768,-63
00:48:37,2009.78,24.32,76.35,3276.70,0.00,24.7887,24.8071,24.5906,24.6100,37782456,1026848,1633300,37778928.0000,1025160.1250,1634311.0000,30,-32768,-63
00:48:38,2091.23,24.31,76.49,3276.70,0.00,24.7887,24.8071,24.5906,24.6100,37778368,1026848,1633300,37779056.0000,1025311.6875,1634311.0000,30,-32768,-63
00:48:39,1960.90,24.30,76.50,3276.70,0.00,24.7887,24.8071,24.5906,24.6100,37775455,1026768,1633300,37779056.0000,1025311.6875,1634311.0000,28,-32768,-63
00:48:40,2009.78,24.30,76.52,3276.70,0.00,24.7792,24.8071,24.5906,24.6100,37775455,1026768,1633300,37779056.0000,1025311.6875,1634016.1250,27,-32768,-62
00:48:41,1960.90,24.29,76.55,3276.70,0.00,24.7792,24.8071,24.5906,24.6100,37775455,1026768,1633300,37778432.0000,1025520.9375,1634016.1250,27,-32768,-62
00:48:42,1988.05,24.28,76.59,3276.70,0.00,24.7792,24.8071,24.5906,24.6100,37775455,1026768,1632000,37778376.0000,1025580.7500,1633887.3750,27,-32768,-62
00:48:43,1977.19,24.27,76.61,3276.70,0.00,24.7735,24.8011,24.5906,24.6100,37775455,1026768,1632000,37778376.0000,1025580.7500,1633806.3750,27,-32768,-62
00:48:44,2031.50,24.26,76.62,3276.70,0.00,24.7735,24.8011,24.5906,24.6100,37782465,1027329,1631349,37778376.0000,1025580.7500,1633806.3750,27,-32768,-62
00:48:45,1928.32,24.26,76.62,3276.70,0.00,24.7735,24.8011,24.5906,24.6100,37778801,1027647,1631752,37778376.0000,1025807.3750,1633603.2500,26,-32768,-62
00:48:46,1982.62,24.26,76.62,3276.70,0.00,24.7735,24.8011,24.5906,24.6100,37778801,1027725,1631752,37778376.0000,1025807.3750,1633603.2500,26,-32768,-59
00:48:47,2036.93,24.24,76.62,3276.70,0.00,24.7735,24.8011,24.5906,24.5998,37777918,1027740,1632672,37778440.0000,1025925.8750,1633603.2500,26,-32768,-58
00:48:48,1982.62,24.24,76.62,3276.70,0.00,24.7735,24.8011,24.5906,24.5998,37777918,1027750,1632129,37778536.0000,1025982.8750,1633484.3750,26,-32768,-58
00:48:49,1928.32,24.23,76.62,3276.70,0.00,24.7735,24.8011,24.5906,24.5968,37778630,1027630,1631883,37778628.0000,1026087.8750,1633368.2500,26,-32768,-58
00:48:50,2031.50,24.23,76.62,3276.70,0.00,24.7735,24.8011,24.5645,24.5958,37776425,1027630,1631883,37778628.0000,1026087.8750,1633368.2500,26,-32768,-58
00:48:51,2026.07,24.22,76.62,3276.70,0.00,24.7735,24.8011,24.5645,24.5958,37776425,1027737,1631883,37778628.0000,1026182.8125,1633368.2500,26,-32768,-58
00:48:52,1928.32,24.21,76.62,3276.70,0.00,24.7735,24.8011,24.5628,24.5958,37776425,1027737,1630681,37778360.0000,1026235.8750,1633152.2500,26,-32768,-58
00:48:53,1939.18,24.21,76.62,3276.70,0.00,24.7735,24.8011,24.5628,24.5958,37770767,1027724,1630102,37778088.0000,1026235.8750,1633152.2500,26,-32768,-58
00:48:54,2047.79,24.20,76.89,3276.70,0.00,24.7735,24.8011,24.5628,24.5906,37768658,1027724,1630102,37778088.0000,1026235.8750,1633152.2500,26,-32768,-58
00:48:55,1922.88,24.19,76.93,3276.70,0.00,24.7735,24.8011,24.5628,24.5895,37768658,1027724,1630102,37777788.0000,1026439.5625,1632795.3750,25,-32768,-58
00:48:56,1960.90,24.19,76.96,3276.70,0.00,24.7480,24.7853,24.5628,24.5895,37768658,1027724,1630102,37777608.0000,1026439.5625,1632795.3750,25,-32768,-52
00:48:57,1917.45,24.19,76.96,3276.70,0.00,24.7480,24.7841,24.5628,24.5895,37768658,1027987,1630306,37777272.0000,1026573.3750,1632577.5000,26,-32768,-52
00:48:58,1906.59,24.17,76.96,3276.70,0.00,24.7480,24.7815,24.5628,24.5895,37768658,1027987,1630306,37777128.0000,1026620.2500,1632480.1250,26,-32768,-52
00:48:59,2053.22,24.17,77.04,3276.70,0.00,24.7480,24.7815,24.5458,24.5836,37774953,1028333,1629615,37777128.0000,1026620.2500,1632480.1250,26,-32768,-52
00:49:00,2047.79,24.16,77.07,3276.70,0.00,24.7480,24.7815,24.5458,24.5836,37774953,1028333,1629615,37776948.0000,1026725.7500,1632318.7500,25,-32768,-52
00:49:01,1933.75,24.15,77.10,3276.70,0.00,24.7480,24.7775,24.5402,24.5798,37773634,1028421,1629482,37776948.0000,1026725.7500,1632318.7500,25,-32768,-49
00:49:02,1955.47,24.14,77.17,3276.70,0.00,24.7480,24.7775,24.5402,24.5785,37773936,1028421,1629482,37776948.0000,1026725.7500,1632043.1250,25,-32768,-48
00:49:03,1901.16,24.14,77.17,3276.70,0.00,24.7480,24.7775,24.5355,24.5771,37771900,1028858,1629110,37776520.0000,1026725.7500,1632043.1250,25,-32768,-48
00:49:04,1960.90,24.14,77.17,3276.70,0.00,24.7480,24.7775,24.5355,24.5771,37777448,1029304,1629542,37776548.0000,1027012.6875,1632043.1250,25,-32768,-48
00:49:05,1966.33,24.13,77.17,3276.70,0.00,24.7480,24.7775,24.5355,24.5771,37777448,1029304,1629542,37776548.0000,1027012.6875,1632043.1250,25,-32768,-46
00:49:06,2047.79,24.13,77.22,3276.70,0.00,24.7480,24.7775,24.5355,24.5771,37777448,1029304,1629201,37776584.0000,1027236.5000,1632043.1250,25,-32768,-46
00:49:07,1960.90,24.12,77.27,3276.70,0.00,24.7480,24.7775,24.5355,24.5771,37777448,1029304,1629201,37776572.0000,1027310.7500,1631493.1250,22,-32768,-46
00:49:08,1912.02,24.12,77.30,3276.70,0.00,24.7480,24.7775,24.5355,24.5688,37779422,1029304,1629201,37776572.0000,1027310.7500,1631493.1250,23,-32768,-46
00:49:09,1922.88,24.11,77.30,3276.70,0.00,24.7480,24.7775,24.5355,24.5688,37779422,1029304,1629201,37776572.0000,1027310.7500,1631493.1250,23,-32768,-44
00:49:10,1950.04,24.11,77.36,3276.70,0.00,24.7480,24.7775,24.5355,24.5688,37779422,1029304,1629201,37776368.0000,1027543.1250,1631008.1250,23,-32768,-44
00:49:11,1955.47,24.11,77.34,3276.70,0.00,24.7164,24.7775,24.5355,24.5688,37779422,1029304,1629201,37776368.0000,1027543.1250,1631008.1250,23,-32768,-44
00:49:12,1895.73,24.11,77.34,3276.70,0.00,24.7164,24.7572,24.5241,24.5621,37774517,1029158,1627327,37776368.0000,1027543.1250,1631008.1250,23,-32768,-44
00:49:13,1960.90,24.11,77.34,3276.70,0.00,24.7164,24.7572,24.5241,24.5609,37777808,1029091,1627327,37776368.0000,1027732.2500,1631008.1250,23,-32768,-44
00:49:14,1960.90,24.11,77.34,3276.70,0.00,24.7164,24.7536,24.5231,24.5609,37777808,1029091,1627327,37776280.0000,1027771.0625,1630505.3750,24,-32768,-43
00:49:15,1966.33,24.10,77.41,3276.70,0.00,24.7164,24.7536,24.5231,24.5609,37777808,1029091,1627675,37776136.0000,1027771.0625,1630505.3750,24,-32768,-43
00:49:16,1901.16,24.10,77.44,3276.70,0.00,24.7164,24.7536,24.5231,24.5609,37772232,1029091,1627675,37776136.0000,1027829.9375,1630323.1250,24,-32768,-43
00:49:17,1922.88,24.10,77.45,3276.70,0.00,24.7164,24.7536,24.5231,24.5609,37768132,1028974,1627941,37775480.0000,1027894.7500,1630323.1250,24,-32768,-43
00:49:18,1950.04,24.09,77.49,3276.70,0.00,24.7164,24.7536,24.5231,24.5528,37766643,1028974,1627941,37775480.0000,1027894.7500,1630100.8750,24,-32768,-42
00:49:19,1950.04,24.09,77.50,3276.70,0.00,24.7089,24.7467,24.5145,24.5528,37766643,1029113,1628523,37775480.0000,1027894.7500,1630100.8750,24,-32768,-42
00:49:20,1933.75,24.09,77.50,3276.70,0.00,24.7089,24.7467,24.5145,24.5528,37772004,1029186,1628523,37775480.0000,1027894.7500,1630100.8750,24,-32768,-42
00:49:21,1950.04,24.09,77.50,3276.70,0.00,24.7089,24.7467,24.5082,24.5489,37768298,1028803,1627420,37774524.0000,1027894.7500,1630100.8750,24,-32768,-42
00:49:22,1944.61,24.08,77.50,3276.70,0.00,24.7089,24.7412,24.5023,24.5461,37770053,1028603,1627691,37774524.0000,1027894.7500,1630100.8750,24,-32768,-42
00:49:23,1890.30,24.08,77.50,3276.70,0.00,24.7089,24.7412,24.5023,24.5461,37770053,1028493,1626865,37774132.0000,1028086.6250,1629683.8750,24,-32768,-42
00:49:24,1944.61,24.08,77.57,3276.70,0.00,24.7089,24.7412,24.5023,24.5461,37770053,1028453,1626608,37774132.0000,1028098.0625,1629587.7500,25,-32768,-41
00:49:25,1988.05,24.08,77.57,3276.70,0.00,24.7089,24.7368,24.4978,24.5418,37770053,1028453,1626608,37774132.0000,1028098.0625,1629587.7500,25,-32768,-41
00:49:26,1922.88,24.08,77.62,3276.70,0.00,24.7089,24.7368,24.4978,24.5418,37770053,1028453,1626608,37774132.0000,1028119.9375,1629224.2500,25,-32768,-41
00:49:27,1895.73,24.08,77.65,3276.70,0.00,24.6880,24.7324,24.4942,24.5418,37757572,1028418,1625457,37772544.0000,1028129.2500,1629224.2500,25,-32768,-41
00:49:28,1971.76,24.07,77.66,3276.70,0.00,24.6880,24.7324,24.4942,24.5418,37763192,1028765,1625780,37772544.0000,1028129.2500,1629224.2500,24,-32768,-41
00:49:29,1906.59,24.07,77.70,3276.70,0.00,24.6880,24.7324,24.4942,24.5348,37763192,1028765,1625780,37771760.0000,1028175.6875,1628763.2500,25,-32768,-41
00:49:30,1971.76,24.06,77.73,3276.70,0.00,24.6839,24.7267,24.4902,24.5348,37759474,1028321,1624675,37771376.0000,1028180.2500,1628635.5000,25,-32768,-41
00:49:31,1917.45,24.06,77.75,3276.70,0.00,24.6839,24.7267,24.4902,24.5348,37761118,1028339,1624994,37771376.0000,1028180.2500,1628635.5000,25,-32768,-40
00:49:32,2026.07,24.06,77.75,3276.70,0.00,24.6839,24.7267,24.4902,24.5348,37761118,1028339,1624994,37770776.0000,1028196.2500,1628414.1250,25,-32768,-40
00:49:33,1982.62,24.06,77.79,3276.70,0.00,24.6839,24.7267,24.4902,24.5280,37761118,1028339,1624994,37770776.0000,1028196.2500,1628414.1250,25,-32768,-40
00:49:34,1928.32,24.05,77.84,3276.70,0.00,24.6839,24.7267,24.4902,24.5254,37762252,1028339,1624994,37770028.0000,1028235.4375,1628079.6250,25,-32768,-39
00:49:35,1944.61,24.05,77.87,3276.70,0.00,24.6759,24.7267,24.4902,24.5254,37762252,1028339,1624994,37770028.0000,1028235.4375,1628079.6250,25,-32768,-39
00:49:36,1966.33,24.05,77.87,3276.70,0.00,24.6748,24.7170,24.4818,24.5227,37765643,1028516,1624994,37770028.0000,1028235.4375,1628079.6250,25,-32768,-39
00:49:37,1884.87,24.05,77.87,3276.70,0.00,24.6748,24.7156,24.4818,24.5227,37765643,1028409,1624888,37770028.0000,1028262.3750,1628079.6250,25,-32768,-39
00:49:38,1966.33,24.05,77.87,3276.70,0.00,24.6748,24.7156,24.4818,24.5227,37765643,1028409,1624888,37770028.0000,1028262.3750,1628079.6250,26,-32768,-39
00:49:39,2020.64,24.04,77.87,3276.70,0.00,24.6748,24.7156,24.4818,24.5227,37762382,1028337,1623937,37768840.0000,1028264.1250,1627490.3750,26,-32768,-39
00:49:40,1933.75,24.04,77.98,3276.70,0.00,24.6748,24.7156,24.4818,24.5227,37762382,1028337,1623937,37768840.0000,1028264.1250,1627490.3750,26,-32768,-38
00:49:41,1928.32,24.04,77.99,3276.70,0.00,24.6748,24.7156,24.4818,24.5146,37752769,1028359,1623937,37768840.0000,1028264.1250,1627490.3750,26,-32768,-38
00:49:42,1944.61,24.04,78.02,3276.70,0.00,24.6630,24.7058,24.4698,24.5118,37759235,1028370,1623381,37768840.0000,1028264.1250,1627490.3750,26,-32768,-38
00:49:43,1939.18,24.03,78.04,3276.70,0.00,24.6630,24.7058,24.4698,24.5118,37758898,1028344,1624714,37767328.0000,1028272.7500,1626942.5000,26,-32768,-38
00:49:44,1939.18,24.03,78.04,3276.70,0.00,24.6630,24.7058,24.4698,24.5118,37758898,1028344,1624567,37767328.0000,1028272.7500,1626942.5000,25,-32768,-37
00:49:45,1922.88,24.03,78.05,3276.70,0.00,24.6630,24.7058,24.4698,24.5118,37758898,1028344,1624567,37767328.0000,1028272.7500,1626942.5000,25,-32768,-37
00:49:46,1960.90,24.03,78.09,3276.70,0.00,24.6630,24.7058,24.4698,24.5118,37758898,1028344,1624567,37766136.0000,1028290.9375,1626573.2500,25,-32768,-37
00:49:47,1928.32,24.03,78.10,3276.70,0.00,24.6630,24.7058,24.4698,24.5036,37758898,1028344,1624567,37766136.0000,1028290.0000,1626477.7500,26,-32768,-37
00:49:48,1922.88,24.02,78.13,3276.70,0.00,24.6598,24.6968,24.4619,24.5023,37747755,1028344,1624567,37766136.0000,1028290.0000,1626477.7500,26,-32768,-37
00:49:49,1922.88,24.02,78.15,3276.70,0.00,24.6598,24.6968,24.4619,24.5023,37747755,1028344,1624567,37766136.0000,1028257.4375,1626196.2500,27,-32768,-36
00:49:50,1944.61,24.02,78.18,3276.70,0.00,24.6598,24.6968,24.4607,24.4985,37747755,1028344,1624567,37766136.0000,1028255.0625,1626196.2500,27,-32768,-36
00:49:51,1950.04,24.02,78.18,3276.70,0.00,24.6598,24.6968,24.4607,24.4985,37756254,1028344,1624567,37766136.0000,1028255.0625,1626053.1250,25,-32768,-36
00:49:52,1912.02,24.02,78.18,3276.70,0.00,24.6598,24.6968,24.4607,24.4985,37756254,1028260,1624567,37766136.0000,1028255.0625,1626053.1250,25,-32768,-36
00:49:53,1895.73,24.02,78.22,3276.70,0.00,24.6598,24.6968,24.4607,24.4985,37751455,1028149,1624567,37766136.0000,1028263.0000,1626053.1250,25,-32768,-36
00:49:54,1922.88,24.02,78.22,3276.70,0.00,24.6523,24.6875,24.4574,24.4925,37753665,1028543,1623830,37766136.0000,1028263.0000,1626053.1250,25,-32768,-36
00:49:55,1960.90,24.02,78.22,3276.70,0.00,24.6523,24.6875,24.4562,24.4913,37755577,1028525,1623449,37762288.0000,1028263.0000,1626053.1250,25,-32768,-36
00:49:56,1928.32,24.01,78.26,3276.70,0.00,24.6486,24.6852,24.4552,24.4902,37755615,1028368,1623449,37762288.0000,1028263.0000,1626053.1250,25,-32768,-36
00:49:57,1971.76,24.01,78.28,3276.70,0.00,24.6486,24.6852,24.4552,24.4902,37755615,1028368,1623449,37761460.0000,1028264.1875,1625401.0000,27,-32768,-36
00:49:58,1939.18,24.01,78.31,3276.70,0.00,24.6486,24.6852,24.4552,24.4902,37747664,1028224,1622590,37761028.0000,1028262.9375,1625313.1250,27,-32768,-36
00:49:59,1868.58,24.01,78.32,3276.70,0.00,24.6445,24.6804,24.4506,24.4856,37749207,1028373,1622590,37761028.0000,1028262.9375,1625313.1250,27,-32768,-36
00:50:00,1939.18,24.01,78.33,3276.70,0.00,24.6445,24.6804,24.4506,24.4856,37749207,1028412,1622590,37761028.0000,1028270.9375,1625313.1250,27,-32768,-36
00:50:01,1971.76,24.01,78.33,3276.70,0.00,24.6445,24.6804,24.4516,24.4856,37749207,1028412,1621295,37759852.0000,1028276.7500,1624903.5000,26,-32768,-36
00:50:02,1912.02,24.00,78.33,3276.70,0.00,24.6443,24.6761,24.4502,24.4814,37749207,1028412,1622672,37759096.0000,1028276.7500,1624833.7500,25,-32768,-34
00:50:03,1895.73,24.00,78.40,3276.70,0.00,24.6437,24.6750,24.4502,24.4814,37749207,1028412,1623113,37758852.0000,1028305.9375,1624833.7500,25,-32768,-34
00:50:04,1928.32,24.00,78.42,3276.70,0.00,24.6437,24.6750,24.4502,24.4814,37749207,1028412,1623113,37758852.0000,1028309.1250,1624747.6250,26,-32768,-34
00:50:05,1874.01,24.00,78.42,3276.70,0.00,24.6437,24.6750,24.4502,24.4814,37749207,1028412,1623113,37758852.0000,1028309.1250,1624747.6250,26,-32768,-34
00:50:06,1939.18,24.00,78.43,3276.70,0.00,24.6437,24.6750,24.4471,24.4814,37749207,1028412,1623113,37758852.0000,1028309.1250,1624553.3750,26,-32768,-34
00:50:07,1928.32,24.00,78.43,3276.70,0.00,24.6384,24.6750,24.4471,24.4814,37752877,1028412,1623113,37758852.0000,1028309.1250,1624553.3750,26,-32768,-34
00:50:08,1928.32,24.00,78.43,3276.70,0.00,24.6384,24.6750,24.4471,24.4814,37751053,1028501,1622006,37757720.0000,1028344.6250,1624553.3750,26,-32768,-34
00:50:09,1977.19,24.00,78.43,3276.70,0.00,24.6384,24.6750,24.4471,24.4814,37751053,1028501,1622006,37757184.0000,1028344.6250,1624553.3750,25,-32768,-34
00:50:10,1960.90,24.00,78.43,3276.70,0.00,24.6384,24.6750,24.4471,24.4814,37751053,1028501,1622006,37757184.0000,1028344.6250,1624553.3750,27,-32768,-34
00:50:11,1933.75,24.00,78.43,3276.70,0.00,24.6384,24.6750,24.4471,24.4814,37751053,1028501,1622006,37756516.0000,1028326.0625,1624553.3750,27,-32768,-33
00:50:12,2036.93,24.00,78.43,3276.70,0.00,24.6384,24.6750,24.4401,24.4695,37751050,1027655,1622006,37756516.0000,1028326.0625,1624553.3750,27,-32768,-33
00:50:13,1998.91,24.00,78.59,3276.70,0.00,24.6384,24.6750,24.4401,24.4695,37751050,1027260,1621069,37756160.0000,1028239.8750,1623781.7500,28,-32768,-33
00:50:14,1912.02,24.00,78.59,3276.70,0.00,24.6384,24.6750,24.4401,24.4695,37751050,1027260,1621069,37755656.0000,1028239.8750,1623781.7500,28,-32768,-33
00:50:15,1977.19,24.00,78.64,3276.70,0.00,24.6432,24.6750,24.4401,24.4695,37751050,1027260,1621069,37755656.0000,1028142.3125,1623698.7500,30,-32768,-33
00:50:16,1982.62,24.01,78.64,3276.70,0.00,24.6432,24.6750,24.4474,24.4695,37751050,1027260,1621069,37755656.0000,1028075.2500,1623698.7500,30,-32768,-33
00:50:17,1955.47,24.01,78.64,3276.70,0.00,24.6492,24.6600,24.4486,24.4650,37737943,1027260,1621069,37754656.0000,1027995.2500,1623427.1250,32,-32768,-32
00:50:18,1912.02,24.01,78.64,3276.70,0.00,24.6492,24.6600,24.4486,24.4650,37744781,1027260,1619716,37753916.0000,1027848.0000,1623311.1250,32,-32768,-32
00:50:19,1944.61,24.01,78.64,3276.70,0.00,24.6492,24.6600,24.4486,24.4650,37744781,1027260,1619992,37753624.0000,1027766.8125,1623207.3750,33,-32768,-32
00:50:20,1917.45,24.01,78.64,3276.70,0.00,24.6532,24.6589,24.4526,24.4650,37744781,1025042,1619679,37753240.0000,1027681.6250,1623097.1250,34,-32768,-32
00:50:21,1928.32,24.01,78.64,3276.70,0.00,24.6532,24.6589,24.4545,24.4650,37744781,1025042,1619272,37752564.0000,1027585.3125,1622977.6250,35,-32768,-32
00:50:22,1966.33,24.01,78.64,3276.70,0.00,24.6582,24.6586,24.4581,24.4626,37743590,1024627,1619272,37752564.0000,1027585.3125,1622770.8750,35,-32768,-31
00:50:23,1928.32,24.01,78.81,3276.70,0.00,24.6582,24.6586,24.4581,24.4626,37743590,1024627,1619510,37751276.0000,1027317.8125,1622668.8750,34,-32768,-31
00:50:24,2026.07,24.01,78.81,3276.70,0.00,24.6582,24.6587,24.4581,24.4626,37743590,1024627,1619510,37751276.0000,1027317.8125,1622668.8750,34,-32768,-31
00:50:25,2080.37,24.01,78.81,3276.70,0.00,24.6582,24.6587,24.4581,24.4626,37743590,1024627,1619510,37751276.0000,1027317.8125,1622420.7500,35,-32768,-31
00:50:26,2009.78,24.02,78.84,3276.70,0.00,24.6582,24.6587,24.4581,24.4626,37743590,1024627,1619510,37751276.0000,1026942.6250,1622393.2500,37,-32768,-31
00:50:27,1988.05,24.02,78.86,3276.70,0.00,24.6582,24.6587,24.4666,24.4626,37743590,1023547,1620959,37749360.0000,1026836.5000,1622348.3750,37,-32768,-31
00:50:28,2080.37,24.02,78.88,3276.70,0.00,24.6582,24.6587,24.4666,24.4626,37743590,1023547,1620959,37749360.0000,1026836.5000,1622348.3750,38,-32768,-31
00:50:29,2009.78,24.02,78.90,3276.70,0.00,24.6582,24.6587,24.4666,24.4626,37743590,1023108,1619699,37748608.0000,1026836.5000,1622348.3750,38,-32768,-31
00:50:30,2004.34,24.02,78.92,3276.70,0.00,24.6582,24.6587,24.4666,24.4626,37743590,1023108,1619699,37748608.0000,1026836.5000,1622348.3750,38,-32768,-30
00:50:31,1998.91,24.02,78.92,3276.70,0.00,24.6582,24.6587,24.4696,24.4634,37732189,1023108,1619699,37747352.0000,1026275.3750,1622008.8750,40,-32768,-30
00:50:32,2053.22,24.02,78.92,3276.70,0.00,24.6582,24.6587,24.4696,24.4634,37732189,1023108,1619699,37746984.0000,1026167.0625,1621941.8750,40,-32768,-30
00:50:33,2047.79,24.02,78.92,3276.70,0.00,24.6582,24.6587,24.4714,24.4638,37732189,1023108,1619699,37746984.0000,1026167.0625,1621877.7500,39,-32768,-30
00:50:34,2069.51,24.02,78.97,3276.70,0.00,24.6582,24.6587,24.4714,24.4638,37732189,1023108,1619699,37746984.0000,1026167.0625,1621877.7500,39,-32768,-30
00:50:35,2026.07,24.02,78.99,3276.70,0.00,24.6582,24.6587,24.4714,24.4638,37732189,1023108,1619699,37745156.0000,1025718.8125,1621722.6250,41,-32768,-30
00:50:36,2020.64,24.03,78.97,3276.70,0.00,24.6707,24.6622,24.4713,24.4646,37732189,1023108,1619699,37745156.0000,1025718.8125,1621722.6250,41,-32768,-30
00:50:37,1966.33,24.03,78.98,3276.70,0.00,24.6707,24.6622,24.4713,24.4646,37732189,1022239,1618846,37744408.0000,1025505.1875,1621562.5000,41,-32768,-29
00:50:38,2042.36,24.03,78.98,3276.70,0.00,24.6738,24.6632,24.4734,24.4646,37732189,1022239,1618846,37744408.0000,1025505.1875,1621562.5000,41,-32768,-29
00:50:39,2020.64,24.03,78.98,3276.70,0.00,24.6744,24.6635,24.4745,24.4646,37732189,1022239,1618846,37744408.0000,1025160.8125,1621562.5000,41,-32768,-29
00:50:40,2069.51,24.03,79.02,3276.70,0.00,24.6744,24.6635,24.4745,24.4646,37732189,1022239,1619867,37742332.0000,1025057.9375,1621418.7500,42,-32768,-29
00:50:41,1982.62,24.03,79.02,3276.70,0.00,24.6744,24.6635,24.4745,24.4646,37727544,1021730,1618795,37741872.0000,1024852.9375,1621418.7500,42,-32768,-29
00:50:42,2036.93,24.03,79.02,3276.70,0.00,24.6744,24.6635,24.4745,24.4646,37727544,1021730,1619551,37741136.0000,1024852.9375,1621418.7500,42,-32768,-29
00:50:43,2069.51,24.03,79.02,3276.70,0.00,24.6744,24.6635,24.4745,24.4646,37730282,1021287,1620399,37740796.0000,1024643.3125,1621190.8750,42,-32768,-29
00:50:44,2080.37,24.03,79.01,3276.70,0.00,24.6744,24.6635,24.4804,24.4678,37733872,1021287,1620399,37740796.0000,1024643.3125,1621190.8750,42,-32768,-29
00:50:45,2047.79,24.03,79.04,3276.70,0.00,24.6770,24.6663,24.4800,24.4678,37733872,1021287,1620399,37740796.0000,1024643.3125,1621190.8750,42,-32768,-29
00:50:46,2020.64,24.04,79.04,3276.70,0.00,24.6770,24.6663,24.4800,24.4678,37733872,1021287,1620399,37740796.0000,1024643.3125,1621190.8750,42,-32768,-29
00:50:47,2064.08,24.04,79.03,3276.70,0.00,24.6770,24.6663,24.4800,24.4691,37733872,1021287,1620399,37740796.0000,1024643.3125,1621190.8750,42,-32768,-29
00:50:48,2026.07,24.04,79.02,3276.70,0.00,24.6804,24.6677,24.4817,24.4691,37733872,1021287,1620399,37738528.0000,1024643.3125,1621190.8750,42,-32768,-29
00:50:49,2036.93,24.04,79.02,3276.70,0.00,24.6804,24.6677,24.4817,24.4691,37733872,1021287,1620399,37738356.0000,1023935.0000,1621190.8750,42,-32768,-29
00:50:50,2102.10,24.04,79.03,3276.70,0.00,24.6785,24.6677,24.4817,24.4691,37733872,1021287,1620399,37738356.0000,1023935.0000,1620852.3750,42,-32768,-29
00:50:51,2020.64,24.04,79.04,3276.70,0.00,24.6785,24.6677,24.4817,24.4691,37715009,1020235,1620399,37738356.0000,1023935.0000,1620852.3750,42,-32768,-29
00:50:52,2020.64,24.04,79.04,3276.70,0.00,24.6778,24.6693,24.4816,24.4713,37715009,1020235,1619500,37738356.0000,1023935.0000,1620852.3750,45,-32768,-29
00:50:53,2004.34,24.04,79.04,3276.70,0.00,24.6778,24.6693,24.4816,24.4713,37715009,1020753,1619292,37735952.0000,1023422.9375,1620729.7500,44,-32768,-29
00:50:54,2069.51,24.04,79.04,3276.70,0.00,24.6778,24.6697,24.4798,24.4713,37720228,1020162,1618979,37735156.0000,1023233.1875,1620639.3750,44,-32768,-29
00:50:55,1998.91,24.04,79.04,3276.70,0.00,24.6778,24.6697,24.4798,24.4713,37720228,1020089,1619091,37734700.0000,1023134.8750,1620591.0000,46,-32768,-29
00:50:56,2096.67,24.04,79.04,3276.70,0.00,24.6778,24.6697,24.4773,24.4723,37720228,1020089,1619091,37734700.0000,1023134.8750,1620591.0000,46,-32768,-29
00:50:57,2020.64,24.04,79.05,3276.70,0.00,24.6778,24.6697,24.4773,24.4723,37720228,1020089,1619091,37734700.0000,1022950.5625,1620591.0000,46,-32768,-29
00:50:58,2036.93,24.04,79.05,3276.70,0.00,24.6745,24.6706,24.4773,24.4723,37725333,1019900,1619179,37733596.0000,1022766.4375,1620398.3750,46,-32768,-29
00:50:59,2112.96,24.04,79.05,3276.70,0.00,24.6766,24.6708,24.4773,24.4723,37725333,1019900,1619179,37733596.0000,1022766.4375,1620398.3750,46,-32768,-29
00:51:00,2145.54,24.05,79.05,3276.70,0.00,24.6766,24.6708,24.4773,24.4729,37720202,1019900,1619179,37733596.0000,1022766.4375,1620398.3750,46,-32768,-29
00:51:01,2161.83,24.04,79.06,3276.70,0.00,24.6779,24.6708,24.4773,24.4729,37720202,1019900,1618717,37733596.0000,1022766.4375,1620398.3750,47,-32768,-29
00:51:02,2058.65,24.04,79.06,3276.70,0.00,24.6769,24.6715,24.4773,24.4729,37720202,1019900,1618717,37731748.0000,1022323.0000,1620163.8750,47,-32768,-28
00:51:03,2042.36,24.04,79.06,3276.70,0.00,24.6769,24.6715,24.4773,24.4729,37720202,1019900,1618222,37731428.0000,1022245.7500,1620103.2500,47,-32768,-28
00:51:04,2058.65,24.04,79.07,3276.70,0.00,24.6769,24.6715,24.4773,24.4736,37721983,1019900,1618222,37731428.0000,1022245.7500,1620052.2500,47,-32768,-28
00:51:05,2102.10,24.04,79.08,3276.70,0.00,24.6769,24.6715,24.4773,24.4736,37721983,1019900,1619097,37730860.0000,1022090.2500,1620022.3750,47,-32768,-28
00:51:06,2085.80,24.04,79.08,3276.70,0.00,24.6769,24.6715,24.4773,24.4736,37721983,1019900,1619097,37730860.0000,1022090.2500,1620022.3750,47,-32768,-27
00:51:07,2074.94,24.04,79.06,3276.70,0.00,24.6744,24.6723,24.4790,24.4742,37716922,1020250,1617907,37730860.0000,1022090.2500,1620022.3750,47,-32768,-27
00:51:08,2085.80,24.04,79.06,3276.70,0.00,24.6744,24.6723,24.4790,24.4742,37716922,1020250,1617464,37729160.0000,1021847.1250,1619776.1250,47,-32768,-27
00:51:09,2047.79,24.04,79.06,3276.70,0.00,24.6744,24.6723,24.4790,24.4742,37725418,1019700,1616655,37729040.0000,1021780.0625,1619678.6250,47,-32768,-27
00:51:10,2069.51,24.04,79.08,3276.70,0.00,24.6736,24.6724,24.4760,24.4745,37719489,1019700,1616655,37729040.0000,1021780.0625,1619678.6250,48,-32768,-27
00:51:11,2102.10,24.04,79.09,3276.70,0.00,24.6736,24.6724,24.4760,24.4745,37716415,1019099,1616655,37729040.0000,1021780.0625,1619678.6250,48,-32768,-27
00:51:12,2118.39,24.04,79.09,3276.70,0.00,24.6736,24.6724,24.4760,24.4745,37717719,1019036,1617579,37727988.0000,1021476.0000,1619678.6250,48,-32768,-27
00:51:13,2020.64,24.04,79.11,3276.70,0.00,24.6736,24.6724,24.4721,24.4744,37723014,1019226,1617088,37727988.0000,1021476.0000,1619678.6250,48,-32768,-27
00:51:14,2080.37,24.04,79.11,3276.70,0.00,24.6736,24.6724,24.4721,24.4744,37723014,1019226,1617177,37727144.0000,1021263.4375,1619187.0000,49,-32768,-27
00:51:15,2069.51,24.04,79.11,3276.70,0.00,24.6664,24.6724,24.4721,24.4744,37723014,1019226,1617177,37727144.0000,1021198.7500,1619187.0000,49,-32768,-26
00:51:16,2020.64,24.04,79.11,3276.70,0.00,24.6664,24.6716,24.4721,24.4737,37725392,1019717,1617870,37726688.0000,1021152.4375,1619069.0000,49,-32768,-26
00:51:17,2080.37,24.04,79.11,3276.70,0.00,24.6664,24.6716,24.4721,24.4737,37725392,1019717,1617870,37726688.0000,1021106.6250,1619024.8750,49,-32768,-26
00:51:18,2031.50,24.04,79.11,3276.70,0.00,24.6664,24.6716,24.4721,24.4737,37721201,1019358,1617287,37726196.0000,1021002.5000,1618901.7500,49,-32768,-26
00:51:19,2107.53,24.04,79.13,3276.70,0.00,24.6664,24.6716,24.4721,24.4737,37721201,1019358,1617169,37726176.0000,1020955.9375,1618847.6250,48,-32768,-26
00:51:20,2074.94,24.04,79.15,3276.70,0.00,24.6664,24.6716,24.4721,24.4737,37721201,1019358,1617169,37726176.0000,1020955.9375,1618773.5000,48,-32768,-26
00:51:21,2129.25,24.04,79.16,3276.70,0.00,24.6664,24.6716,24.4691,24.4737,37717512,1019413,1616586,37725800.0000,1020955.9375,1618773.5000,48,-32768,-26
00:51:22,2107.53,24.04,79.16,3276.70,0.00,24.6650,24.6703,24.4691,24.4737,37717512,1019413,1616586,37725500.0000,1020771.2500,1618773.5000,48,-32768,-26
00:51:23,2085.80,24.04,79.14,3276.70,0.00,24.6650,24.6703,24.4691,24.4725,37721843,1019413,1616586,37725500.0000,1020771.2500,1618536.5000,48,-32768,-26
00:51:24,2085.80,24.04,79.14,3276.70,0.00,24.6664,24.6703,24.4691,24.4725,37721843,1019154,1616256,37725136.0000,1020677.6875,1618536.5000,48,-32768,-26
00:51:25,2042.36,24.04,79.15,3276.70,0.00,24.6666,24.6697,24.4699,24.4725,37721843,1019154,1616256,37725136.0000,1020624.9375,1618411.7500,48,-32768,-26
00:51:26,2102.10,24.04,79.16,3276.70,0.00,24.6666,24.6697,24.4699,24.4725,37721843,1019154,1616256,37724824.0000,1020529.6250,1618343.6250,49,-32768,-26
00:51:27,2080.37,24.04,79.16,3276.70,0.00,24.6670,24.6694,24.4706,24.4721,37717736,1018667,1617390,37724824.0000,1020529.6250,1618343.6250,49,-32768,-25
00:51:28,2085.80,24.04,79.16,3276.70,0.00,24.6678,24.6694,24.4706,24.4721,37717736,1018667,1616958,37724824.0000,1020529.6250,1618343.6250,49,-32768,-25
00:51:29,2085.80,24.04,79.16,3276.70,0.00,24.6678,24.6694,24.4706,24.4721,37717736,1018518,1616958,37724824.0000,1020529.6250,1618219.3750,49,-32768,-25
00:51:30,2042.36,24.04,79.16,3276.70,0.00,24.6678,24.6694,24.4706,24.4721,37717736,1018457,1616318,37723136.0000,1020241.5000,1618128.5000,49,-32768,-25
00:51:31,2123.82,24.04,79.16,3276.70,0.00,24.6678,24.6694,24.4706,24.4721,37717736,1018457,1616318,37722876.0000,1020194.0000,1618128.5000,49,-32768,-25
00:51:32,2042.36,24.04,79.20,3276.70,0.00,24.6678,24.6694,24.4706,24.4715,37717736,1018457,1616318,37722876.0000,1020142.6875,1618013.3750,49,-32768,-25
00:51:33,2118.39,24.03,79.22,3276.70,0.00,24.6633,24.6685,24.4681,24.4714,37717736,1018457,1616318,37722876.0000,1020089.4375,1618013.3750,49,-32768,-25
00:51:34,2102.10,24.03,79.22,3276.70,0.00,24.6633,24.6685,24.4681,24.4714,37715447,1018456,1615596,37721960.0000,1019982.4375,1618013.3750,51,-32768,-25
00:51:35,2118.39,24.03,79.22,3276.70,0.00,24.6614,24.6678,24.4656,24.4709,37708693,1018456,1615596,37721960.0000,1019982.4375,1618013.3750,51,-32768,-25
00:51:36,2102.10,24.03,79.22,3276.70,0.00,24.6617,24.6678,24.4656,24.4709,37708693,1018456,1615596,37721960.0000,1019982.4375,1618013.3750,50,-32768,-25
00:51:37,2085.80,24.03,79.25,3276.70,0.00,24.6617,24.6678,24.4658,24.4705,37708693,1018456,1615596,37721960.0000,1019982.4375,1618013.3750,50,-32768,-25
00:51:38,2047.79,24.03,79.25,3276.70,0.00,24.6617,24.6672,24.4658,24.4705,37708693,1018660,1614851,37720592.0000,1019982.4375,1618013.3750,50,-32768,-25
00:51:39,2102.10,24.03,79.23,3276.70,0.00,24.6623,24.6672,24.4658,24.4705,37708693,1018111,1615574,37720252.0000,1019713.1250,1617420.8750,52,-32768,-25
00:51:40,2134.68,24.03,79.23,3276.70,0.00,24.6623,24.6672,24.4658,24.4705,37708693,1018111,1615159,37719912.0000,1019713.1250,1617420.8750,52,-32768,-24
00:51:41,2102.10,24.03,79.22,3276.70,0.00,24.6623,24.6672,24.4658,24.4705,37708693,1018111,1615159,37719912.0000,1019713.1250,1617420.8750,52,-32768,-24
00:51:42,2047.79,24.03,79.23,3276.70,0.00,24.6623,24.6672,24.4658,24.4705,37708693,1017979,1615717,37719144.0000,1019512.8750,1617174.7500,52,-32768,-24
00:51:43,2118.39,24.03,79.23,3276.70,0.00,24.6623,24.6672,24.4658,24.4705,37708682,1017854,1614746,37718816.0000,1019512.8750,1617174.7500,52,-32768,-24
00:51:44,2112.96,24.03,79.23,3276.70,0.00,24.6589,24.6658,24.4658,24.4705,37708682,1017854,1614746,37718816.0000,1019512.8750,1617174.7500,52,-32768,-24
00:51:45,2134.68,24.03,79.23,3276.70,0.00,24.6589,24.6658,24.4658,24.4705,37708682,1017742,1615201,37717952.0000,1019357.3125,1616959.0000,52,-32768,-24
00:51:46,2074.94,24.03,79.23,3276.70,0.00,24.6589,24.6658,24.4658,24.4705,37708682,1017742,1615201,37717244.0000,1019357.3125,1616864.6250,52,-32768,-24
00:51:47,2102.10,24.03,79.23,3276.70,0.00,24.6589,24.6658,24.4658,24.4705,37708682,1018222,1615201,37717244.0000,1019357.3125,1616864.6250,52,-32768,-23
00:51:48,2102.10,24.03,79.23,3276.70,0.00,24.6589,24.6658,24.4658,24.4705,37709086,1018101,1615731,37716728.0000,1019203.1875,1616864.6250,52,-32768,-23
00:51:49,2150.97,24.03,79.23,3276.70,0.00,24.6589,24.6658,24.4564,24.4705,37709086,1018101,1616054,37716536.0000,1019164.8125,1616769.8750,52,-32768,-23
00:51:50,2058.65,24.03,79.26,3276.70,0.00,24.6448,24.6630,24.4537,24.4705,37709086,1018101,1616054,37716536.0000,1019164.8125,1616660.5000,52,-32768,-23
00:51:51,2102.10,24.03,79.26,3276.70,0.00,24.6448,24.6630,24.4537,24.4705,37709086,1018101,1616054,37716536.0000,1019073.1250,1616575.1250,52,-32768,-23
00:51:52,2161.83,24.03,79.26,3276.70,0.00,24.6448,24.6630,24.4537,24.4705,37709086,1018101,1614424,37716536.0000,1019073.1250,1616575.1250,52,-32768,-23
00:51:53,2102.10,24.03,79.27,3276.70,0.00,24.6448,24.6630,24.4537,24.4705,37709086,1018101,1614424,37715368.0000,1019015.0000,1616464.1250,52,-32768,-23
00:51:54,2123.82,24.03,79.27,3276.70,0.00,24.6459,24.6603,24.4537,24.4705,37709086,1017957,1614424,37715368.0000,1019015.0000,1616301.6250,53,-32768,-23
00:51:55,2118.39,24.03,79.27,3276.70,0.00,24.6459,24.6593,24.4506,24.4705,37709086,1017957,1614424,37715368.0000,1018903.5625,1616224.8750,53,-32768,-23
00:51:56,2080.37,24.03,79.26,3276.70,0.00,24.6455,24.6588,24.4506,24.4705,37709086,1017957,1614424,37714156.0000,1018903.5625,1616224.8750,53,-32768,-23
00:51:57,2140.11,24.03,79.27,3276.70,0.00,24.6462,24.6584,24.4506,24.4705,37709086,1017957,1614424,37713816.0000,1018903.5625,1616224.8750,53,-32768,-22
00:51:58,1977.19,24.03,79.27,3276.70,0.00,24.6462,24.6584,24.4506,24.4705,37709086,1017658,1613677,37713816.0000,1018903.5625,1616224.8750,53,-32768,-22
00:51:59,2129.25,24.03,79.30,3276.70,0.00,24.6463,24.6573,24.4499,24.4616,37702899,1017830,1612963,37713816.0000,1018742.5000,1615820.3750,53,-32768,-22
00:52:00,2096.67,24.03,79.30,3276.70,0.00,24.6459,24.6573,24.4499,24.4616,37702899,1017838,1612963,37713816.0000,1018742.5000,1615820.3750,53,-32768,-22
00:52:01,2074.94,24.03,79.32,3276.70,0.00,24.6459,24.6573,24.4499,24.4608,37702899,1017838,1612963,37713816.0000,1018742.5000,1615820.3750,53,-32768,-22
00:52:02,2150.97,24.03,79.32,3276.70,0.00,24.6459,24.6562,24.4499,24.4608,37702899,1018196,1615153,37711808.0000,1018670.3125,1615536.5000,53,-32768,-22
00:52:03,2123.82,24.03,79.34,3276.70,0.00,24.6459,24.6554,24.4485,24.4597,37701538,1017890,1612364,37711808.0000,1018670.3125,1615536.5000,53,-32768,-21
00:52:04,2145.54,24.02,79.34,3276.70,0.00,24.6459,24.6550,24.4483,24.4593,37706979,1018050,1612556,37711808.0000,1018670.3125,1615347.3750,52,-32768,-21
00:52:05,2123.82,24.02,79.34,3276.70,0.00,24.6459,24.6550,24.4483,24.4593,37706979,1017965,1613313,37710884.0000,1018670.3125,1615347.3750,52,-32768,-21
00:52:06,2096.67,24.02,79.34,3276.70,0.00,24.6443,24.6543,24.4482,24.4586,37701473,1017885,1613313,37710884.0000,1018670.3125,1615126.0000,52,-32768,-21
00:52:07,2058.65,24.02,79.35,3276.70,0.00,24.6443,24.6537,24.4495,24.4580,37699492,1017770,1612265,37709968.0000,1018670.3125,1615126.0000,52,-32768,-21
00:52:08,2074.94,24.02,79.37,3276.70,0.00,24.6443,24.6537,24.4495,24.4580,37699699,1017777,1612265,37709968.0000,1018670.3125,1615126.0000,52,-32768,-21
00:52:09,2123.82,24.02,79.37,3276.70,0.00,24.6443,24.6537,24.4489,24.4574,37700644,1017786,1612265,37709968.0000,1018670.3125,1615126.0000,52,-32768,-21
00:52:10,2102.10,24.02,79.37,3276.70,0.00,24.6443,24.6537,24.4489,24.4574,37700644,1017520,1612265,37709968.0000,1018670.3125,1614843.0000,54,-32768,-21
00:52:11,2107.53,24.02,79.37,3276.70,0.00,24.6443,24.6537,24.4487,24.4565,37697332,1017560,1614045,37709968.0000,1018670.3125,1614843.0000,54,-32768,-21
00:52:12,2118.39,24.02,79.37,3276.70,0.00,24.6443,24.6537,24.4487,24.4565,37702656,1017694,1614045,37709968.0000,1018670.3125,1614843.0000,54,-32768,-21
00:52:13,2129.25,24.02,79.37,3276.70,0.00,24.6443,24.6537,24.4481,24.4565,37702656,1017694,1613083,37707964.0000,1018670.3125,1614843.0000,54,-32768,-21
00:52:14,2091.23,24.02,79.38,3276.70,0.00,24.6443,24.6537,24.4476,24.4565,37702656,1017694,1613083,37707964.0000,1018670.3125,1614843.0000,54,-32768,-20
00:52:15,2112.96,24.02,79.38,3276.70,0.00,24.6443,24.6537,24.4476,24.4552,37697176,1017381,1611889,37706800.0000,1018670.3125,1614843.0000,54,-32768,-20
00:52:16,2140.11,24.02,79.38,3276.70,0.00,24.6443,24.6537,24.4476,24.4552,37697176,1017425,1612328,37706800.0000,1018670.3125,1614843.0000,54,-32768,-20
00:52:17,2167.26,24.02,79.38,3276.70,0.00,24.6443,24.6537,24.4476,24.4552,37694229,1017277,1612484,37706148.0000,1018193.6250,1614367.3750,54,-32768,-20
00:52:18,2080.37,24.02,79.38,3276.70,0.00,24.6443,24.6537,24.4476,24.4544,37694229,1017277,1612484,37706148.0000,1018193.6250,1614367.3750,54,-32768,-20
00:52:19,2123.82,24.01,79.38,3276.70,0.00,24.6443,24.6506,24.4485,24.4540,37697518,1017428,1612193,37705396.0000,1018193.6250,1614367.3750,54,-32768,-20
00:52:20,2085.80,24.01,79.38,3276.70,0.00,24.6443,24.6505,24.4485,24.4540,37697518,1017428,1612193,37705396.0000,1018105.0625,1614146.1250,54,-32768,-20
00:52:21,2112.96,24.01,79.44,3276.70,0.00,24.6466,24.6504,24.4484,24.4540,37697518,1017428,1612193,37704480.0000,1018072.5625,1614075.8750,54,-32768,-20
00:52:22,2123.82,24.01,79.44,3276.70,0.00,24.6466,24.6504,24.4484,24.4540,37697518,1017208,1611628,37704480.0000,1018045.5625,1613977.7500,54,-32768,-19
00:52:23,2167.26,24.01,79.45,3276.70,0.00,24.6466,24.6504,24.4484,24.4540,37697518,1017208,1611628,37703836.0000,1018004.2500,1613968.7500,54,-32768,-19
00:52:24,2123.82,24.01,79.44,3276.70,0.00,24.6466,24.6504,24.4484,24.4540,37696565,1017208,1611628,37703608.0000,1017988.2500,1613968.7500,54,-32768,-19
00:52:25,2085.80,24.01,79.44,3276.70,0.00,24.6466,24.6504,24.4478,24.4540,37696565,1017013,1611628,37703608.0000,1017988.2500,1613882.2500,54,-32768,-19
00:52:26,2172.69,24.01,79.44,3276.70,0.00,24.6466,24.6504,24.4478,24.4540,37692116,1017301,1612029,37702928.0000,1017937.2500,1613882.2500,54,-32768,-19
00:52:27,2118.39,24.01,79.44,3276.70,0.00,24.6466,24.6504,24.4478,24.4540,37692116,1017301,1612029,37702928.0000,1017937.2500,1613882.2500,54,-32768,-19
00:52:28,2069.51,24.01,79.38,3276.70,0.00,24.6466,24.6504,24.4478,24.4540,37692116,1017795,1612894,37701752.0000,1017920.1250,1613717.0000,53,-32768,-19
00:52:29,2091.23,24.01,79.39,3276.70,0.00,24.6466,24.6504,24.4478,24.4540,37692116,1017795,1612308,37701288.0000,1017912.1875,1613673.0000,53,-32768,-19
00:52:30,2216.14,24.01,79.39,3276.70,0.00,24.6418,24.6479,24.4475,24.4540,37692116,1017795,1612308,37700984.0000,1017893.1250,1613638.1250,54,-32768,-19
00:52:31,2161.83,24.01,79.44,3276.70,0.00,24.6418,24.6479,24.4457,24.4540,37692116,1017795,1612308,37700984.0000,1017893.1250,1613638.1250,54,-32768,-19
00:52:32,2096.67,24.01,79.48,3276.70,0.00,24.6418,24.6479,24.4457,24.4540,37692116,1017795,1612308,37700136.0000,1017893.1250,1613638.1250,54,-32768,-19
00:52:33,2150.97,24.01,79.50,3276.70,0.00,24.6397,24.6470,24.4457,24.4540,37692116,1017795,1612308,37700136.0000,1017893.1250,1613638.1250,54,-32768,-19
00:52:34,2118.39,24.01,79.50,3276.70,0.00,24.6406,24.6467,24.4455,24.4507,37690711,1017795,1612308,37699608.0000,1017710.5000,1613568.6250,57,-32768,-19
00:52:35,2069.51,24.01,79.50,3276.70,0.00,24.6406,24.6467,24.4455,24.4507,37690711,1016365,1612308,37699608.0000,1017710.5000,1613568.6250,57,-32768,-19
00:52:36,2074.94,24.01,79.50,3276.70,0.00,24.6406,24.6467,24.4455,24.4503,37690711,1016365,1612308,37699608.0000,1017602.9375,1613476.3750,55,-32768,-19
00:52:37,2053.22,24.01,79.50,3276.70,0.00,24.6406,24.6467,24.4455,24.4503,37697194,1016994,1612358,37698748.0000,1017583.8750,1613441.3750,55,-32768,-19
00:52:38,2156.40,24.01,79.47,3276.70,0.00,24.6387,24.6467,24.4455,24.4503,37697194,1016994,1612049,37698536.0000,1017583.8750,1613441.3750,55,-32768,-19
00:52:39,2156.40,24.01,79.47,3276.70,0.00,24.6387,24.6467,24.4455,24.4495,37694259,1017651,1612239,37698144.0000,1017564.8750,1613441.3750,55,-32768,-19
00:52:40,2194.42,24.01,79.47,3276.70,0.00,24.6387,24.6447,24.4397,24.4491,37694259,1017651,1612555,37698136.0000,1017574.5000,1613284.6250,53,-32768,-19
00:52:41,2042.36,24.00,79.47,3276.70,0.00,24.6387,24.6447,24.4352,24.4491,37694259,1017651,1612555,37698104.0000,1017587.9375,1613253.5000,52,-32768,-19
00:52:42,2145.54,24.00,79.45,3276.70,0.00,24.6387,24.6447,24.4352,24.4491,37694259,1017651,1612555,37698104.0000,1017587.9375,1613253.5000,52,-32768,-19
00:52:43,2199.85,24.00,79.44,3276.70,0.00,24.6387,24.6447,24.4285,24.4491,37694259,1017651,1612555,37698104.0000,1017587.9375,1613253.5000,52,-32768,-19
00:52:44,2140.11,23.99,79.44,3276.70,0.00,24.6387,24.6447,24.4285,24.4491,37692284,1018630,1611937,37697900.0000,1017677.5000,1613253.5000,52,-32768,-19
00:52:45,2091.23,23.99,79.44,3276.70,0.00,24.6387,24.6447,24.4285,24.4491,37692284,1018630,1611937,37697932.0000,1017715.4375,1613046.3750,50,-32768,-18
00:52:46,2096.67,23.99,79.42,3276.70,0.00,24.6387,24.6447,24.4285,24.4491,37695040,1018840,1611261,37697844.0000,1017750.5625,1613046.3750,50,-32768,-18
00:52:47,2107.53,23.99,79.41,3276.70,0.00,24.6387,24.6447,24.4285,24.4491,37695040,1019693,1611261,37697844.0000,1017750.5625,1613046.3750,50,-32768,-18
00:52:48,2183.56,23.99,79.41,3276.70,0.00,24.6387,24.6447,24.4285,24.4491,37695040,1019693,1610501,37697548.0000,1017910.8125,1612783.3750,48,-32768,-18
00:52:49,2036.93,23.98,79.41,3276.70,0.00,24.6387,24.6447,24.4285,24.4491,37695040,1019502,1609951,37697548.0000,1017910.8125,1612783.3750,48,-32768,-18
00:52:50,2031.50,23.98,79.41,3276.70,0.00,24.6387,24.6358,24.4152,24.4408,37695040,1019817,1609947,37697384.0000,1018018.5000,1612609.0000,48,-32768,-18
00:52:51,2064.08,23.98,79.41,3276.70,0.00,24.6387,24.6358,24.4145,24.4408,37695040,1019817,1610491,37697144.0000,1018117.0000,1612475.2500,48,-32768,-18
00:52:52,2047.79,23.98,79.41,3276.70,0.00,24.6387,24.6358,24.4145,24.4408,37692780,1019882,1610882,37697144.0000,1018117.0000,1612475.2500,48,-32768,-18
00:52:53,2080.37,23.98,79.41,3276.70,0.00,24.6387,24.6358,24.4051,24.4370,37692780,1019882,1610882,37697144.0000,1018117.0000,1612362.1250,48,-32768,-18
00:52:54,2031.50,23.97,79.42,3276.70,0.00,24.5953,24.6307,24.4029,24.4370,37692780,1019882,1610882,37697144.0000,1018117.0000,1612277.7500,48,-32768,-18
00:52:55,2074.94,23.97,79.42,3276.70,0.00,24.5953,24.6307,24.4029,24.4335,37702119,1019882,1610882,37697292.0000,1018438.0000,1612156.1250,45,-32768,-17
00:52:56,2015.21,23.96,79.44,3276.70,0.00,24.5953,24.6307,24.4029,24.4335,37702119,1019882,1610882,37697292.0000,1018438.0000,1612077.3750,45,-32768,-17
00:52:57,2156.40,23.96,79.45,3276.70,0.00,24.5873,24.6258,24.3929,24.4310,37697532,1020495,1610882,37697292.0000,1018438.0000,1612077.3750,45,-32768,-17
00:52:58,2026.07,23.96,79.45,3276.70,0.00,24.5873,24.6258,24.3929,24.4298,37695686,1020495,1610882,37697292.0000,1018438.0000,1612077.3750,46,-32768,-17
00:52:59,2015.21,23.96,79.45,3276.70,0.00,24.5873,24.6232,24.3918,24.4298,37695686,1020890,1608669,37697336.0000,1018782.2500,1611673.3750,45,-32768,-17
00:53:00,2026.07,23.96,79.45,3276.70,0.00,24.5873,24.6232,24.3900,24.4262,37695686,1020890,1608669,37697336.0000,1018851.7500,1611673.3750,45,-32768,-17
00:53:01,2042.36,23.96,79.45,3276.70,0.00,24.5873,24.6232,24.3900,24.4262,37694805,1020890,1608669,37697336.0000,1018924.0625,1611500.3750,44,-32768,-16
00:53:02,2004.34,23.96,79.44,3276.70,0.00,24.5873,24.6232,24.3900,24.4262,37694805,1020890,1608669,37697044.0000,1018924.0625,1611500.3750,45,-32768,-16
00:53:03,2058.65,23.96,79.44,3276.70,0.00,24.5873,24.6232,24.3900,24.4262,37683674,1020745,1608760,37696348.0000,1018924.0625,1611500.3750,45,-32768,-16
00:53:04,2047.79,23.96,79.44,3276.70,0.00,24.5873,24.6232,24.3900,24.4262,37683674,1020928,1608891,37696348.0000,1018924.0625,1611500.3750,45,-32768,-16
00:53:05,2020.64,23.96,79.44,3276.70,0.00,24.5873,24.6135,24.3843,24.4262,37683674,1020928,1608891,37696348.0000,1018924.0625,1611500.3750,45,-32768,-15
00:53:06,2053.22,23.95,79.47,3276.70,0.00,24.5873,24.6135,24.3843,24.4262,37690319,1021160,1608006,37696348.0000,1018924.0625,1611500.3750,45,-32768,-15
00:53:07,2064.08,23.95,79.47,3276.70,0.00,24.5873,24.6135,24.3843,24.4262,37690319,1021427,1608219,37696348.0000,1019400.3125,1610788.2500,44,-32768,-15
00:53:08,2042.36,23.95,79.50,3276.70,0.00,24.5873,24.6089,24.3828,24.4262,37690319,1021427,1608219,37696348.0000,1019400.3125,1610788.2500,44,-32768,-15
00:53:09,2036.93,23.95,79.48,3276.70,0.00,24.5873,24.6089,24.3828,24.4262,37690319,1021278,1608219,37696348.0000,1019400.3125,1610788.2500,44,-32768,-15
00:53:10,2036.93,23.95,79.48,3276.70,0.00,24.5727,24.6089,24.3828,24.4262,37690319,1021278,1608219,37694364.0000,1019588.3750,1610586.8750,43,-32768,-14
00:53:11,2042.36,23.95,79.48,3276.70,0.00,24.5727,24.6089,24.3797,24.4262,37690319,1022026,1607881,37693928.0000,1019734.4375,1610424.3750,42,-32768,-14
00:53:12,2004.34,23.94,79.51,3276.70,0.00,24.5688,24.6033,24.3771,24.4096,37691202,1022060,1607881,37693928.0000,1019734.4375,1610424.3750,42,-32768,-14
00:53:13,1993.48,23.94,79.50,3276.70,0.00,24.5688,24.6033,24.3771,24.4096,37691202,1022060,1607881,37693928.0000,1019734.4375,1610424.3750,42,-32768,-14
00:53:14,1993.48,23.94,79.52,3276.70,0.00,24.5688,24.6033,24.3771,24.4074,37694735,1022214,1608448,37693928.0000,1019734.4375,1610424.3750,42,-32768,-14
00:53:15,2036.93,23.94,79.54,3276.70,0.00,24.5688,24.6033,24.3771,24.4074,37694735,1022214,1608448,37693928.0000,1019734.4375,1610424.3750,42,-32768,-14
00:53:16,2015.21,23.94,79.55,3276.70,0.00,24.5688,24.6033,24.3771,24.4074,37694735,1022214,1608448,37693928.0000,1019734.4375,1610189.3750,42,-32768,-14
00:53:17,2053.22,23.94,79.55,3276.70,0.00,24.5688,24.6033,24.3771,24.4074,37694735,1022352,1608570,37693928.0000,1019734.4375,1610189.3750,42,-32768,-14
00:53:18,2069.51,23.94,79.55,3276.70,0.00,24.5688,24.6033,24.3771,24.4074,37694735,1022352,1608570,37693928.0000,1020299.0625,1610077.3750,42,-32768,-14
00:53:19,2129.25,23.94,79.57,3276.70,0.00,24.5688,24.6033,24.3771,24.4074,37694735,1022352,1608464,37693288.0000,1020419.7500,1609977.7500,42,-32768,-14
00:53:20,2026.07,23.93,79.61,3276.70,0.00,24.5688,24.6033,24.3771,24.4074,37694735,1022352,1608464,37693288.0000,1020419.7500,1609977.7500,43,-32768,-14
00:53:21,2036.93,23.93,79.61,3276.70,0.00,24.5688,24.6033,24.3652,24.3979,37685244,1021816,1608261,37692760.0000,1020419.7500,1609977.7500,43,-32768,-13
00:53:22,2031.50,23.93,79.61,3276.70,0.00,24.5688,24.6033,24.3652,24.3968,37687090,1021816,1608261,37692760.0000,1020419.7500,1609977.7500,43,-32768,-13
00:53:23,2036.93,23.93,79.61,3276.70,0.00,24.5688,24.6033,24.3652,24.3968,37681646,1021793,1606972,37692760.0000,1020634.7500,1609681.0000,43,-32768,-13
00:53:24,2020.64,23.93,79.62,3276.70,0.00,24.5688,24.6033,24.3652,24.3968,37681646,1021793,1606972,37691856.0000,1020634.7500,1609681.0000,43,-32768,-13
00:53:25,2042.36,23.93,79.63,3276.70,0.00,24.5561,24.5855,24.3652,24.3968,37681646,1021793,1606972,37691856.0000,1020719.1875,1609448.0000,42,-32768,-13
00:53:26,2064.08,23.93,79.63,3276.70,0.00,24.5561,24.5846,24.3618,24.3968,37681646,1021793,1606972,37691856.0000,1020769.6250,1609448.0000,42,-32768,-13
00:53:27,2058.65,23.93,79.63,3276.70,0.00,24.5561,24.5846,24.3618,24.3968,37681646,1021793,1606972,37691856.0000,1020769.6250,1609448.0000,42,-32768,-13
00:53:28,1982.62,23.92,79.70,3276.70,0.00,24.5562,24.5820,24.3618,24.3968,37681646,1021793,1606972,37691140.0000,1020769.6250,1609448.0000,42,-32768,-13
00:53:29,2047.79,23.92,79.70,3276.70,0.00,24.5562,24.5820,24.3618,24.3968,37681646,1021793,1606972,37691140.0000,1020769.6250,1609448.0000,42,-32768,-12
00:53:30,2020.64,23.92,79.70,3276.70,0.00,24.5562,24.5820,24.3618,24.3968,37681646,1022151,1604889,37690960.0000,1020977.4375,1609448.0000,42,-32768,-12
00:53:31,2074.94,23.92,79.70,3276.70,0.00,24.5562,24.5820,24.3590,24.3968,37681646,1022151,1604889,37690960.0000,1020977.4375,1609448.0000,42,-32768,-12
00:53:32,1982.62,23.92,79.74,3276.70,0.00,24.5477,24.5774,24.3564,24.3844,37682934,1022047,1605408,37690960.0000,1020977.4375,1609448.0000,42,-32768,-12
00:53:33,1966.33,23.92,79.74,3276.70,0.00,24.5472,24.5774,24.3564,24.3835,37682934,1022047,1605408,37690960.0000,1020977.4375,1609448.0000,42,-32768,-12
00:53:34,1977.19,23.92,79.74,3276.70,0.00,24.5477,24.5755,24.3561,24.3827,37679180,1021817,1604063,37690960.0000,1020977.4375,1609448.0000,42,-32768,-12
00:53:35,1988.05,23.92,79.77,3276.70,0.00,24.5477,24.5755,24.3561,24.3827,37681794,1021883,1603661,37689212.0000,1021158.3125,1607962.2500,42,-32768,-11
00:53:36,2009.78,23.92,79.79,3276.70,0.00,24.5477,24.5730,24.3529,24.3800,37685431,1022099,1602744,37689212.0000,1021158.3125,1607799.2500,42,-32768,-10
00:53:37,2004.34,23.92,79.79,3276.70,0.00,24.5477,24.5730,24.3529,24.3800,37680684,1022048,1602744,37688832.0000,1021214.6250,1607668.0000,42,-32768,-10
00:53:38,2069.51,23.92,79.81,3276.70,0.00,24.5477,24.5730,24.3529,24.3800,37680684,1021807,1604455,37688508.0000,1021233.1250,1607668.0000,42,-32768,-10
00:53:39,1955.47,23.92,79.81,3276.70,0.00,24.5477,24.5730,24.3529,24.3800,37680684,1021931,1604003,37687780.0000,1021233.1250,1607668.0000,42,-32768,-10
00:53:40,2026.07,23.92,79.83,3276.70,0.00,24.5477,24.5730,24.3486,24.3756,37679442,1021978,1604003,37687780.0000,1021233.1250,1607668.0000,42,-32768,-10
00:53:41,1982.62,23.91,79.83,3276.70,0.00,24.5427,24.5682,24.3486,24.3747,37677059,1022239,1603660,37687192.0000,1021319.1250,1607668.0000,42,-32768,-9
00:53:42,2069.51,23.91,79.84,3276.70,0.00,24.5412,24.5674,24.3486,24.3747,37677059,1022239,1603660,37687192.0000,1021319.1250,1607668.0000,42,-32768,-9
00:53:43,1960.90,23.91,79.85,3276.70,0.00,24.5412,24.5674,24.3486,24.3747,37677059,1022239,1604150,37686764.0000,1021319.1250,1607668.0000,42,-32768,-9
00:53:44,1971.76,23.92,79.83,3276.70,0.00,24.5412,24.5674,24.3486,24.3747,37677059,1022239,1604150,37686764.0000,1021468.6250,1606740.6250,41,-32768,-9
00:53:45,2047.79,23.92,79.83,3276.70,0.00,24.5377,24.5639,24.3486,24.3747,37677059,1022239,1604150,37686476.0000,1021495.1250,1606631.5000,41,-32768,-9
00:53:46,1950.04,23.91,79.83,3276.70,0.00,24.5377,24.5639,24.3486,24.3747,37677059,1022257,1603025,37686236.0000,1021518.9375,1606631.5000,41,-32768,-9
00:53:47,2047.79,23.92,79.83,3276.70,0.00,24.5377,24.5639,24.3486,24.3747,37681547,1022328,1604984,37685960.0000,1021518.9375,1606631.5000,42,-32768,-9
00:53:48,2020.64,23.92,79.83,3276.70,0.00,24.5377,24.5639,24.3486,24.3668,37680803,1022171,1604394,37685800.0000,1021589.1875,1606331.7500,42,-32768,-9
00:53:49,1955.47,23.92,79.85,3276.70,0.00,24.5377,24.5639,24.3405,24.3668,37680803,1022171,1604394,37685800.0000,1021589.1875,1606331.7500,42,-32768,-9
00:53:50,1988.05,23.92,79.84,3276.70,0.00,24.5377,24.5639,24.3405,24.3668,37680803,1022121,1604394,37685800.0000,1021589.1875,1606086.3750,42,-32768,-8
00:53:51,1960.90,23.92,79.84,3276.70,0.00,24.5377,24.5639,24.3405,24.3668,37680803,1022114,1603694,37685800.0000,1021589.1875,1606086.3750,42,-32768,-8
00:53:52,1993.48,23.92,79.87,3276.70,0.00,24.5377,24.5639,24.3405,24.3668,37680803,1022114,1603694,37684452.0000,1021670.8750,1605837.5000,43,-32768,-7
00:53:53,2020.64,23.92,79.90,3276.70,0.00,24.5377,24.5639,24.3405,24.3617,37680803,1022114,1603694,37684272.0000,1021684.3750,1605837.5000,43,-32768,-7
00:53:54,1993.48,23.92,79.90,3276.70,0.00,24.5377,24.5548,24.3382,24.3609,37681196,1022103,1604132,37684272.0000,1021684.3750,1605687.8750,43,-32768,-7
00:53:55,2015.21,23.92,79.90,3276.70,0.00,24.5377,24.5548,24.3382,24.3602,37675210,1021889,1602809,37683576.0000,1021711.0625,1605687.8750,43,-32768,-7
00:53:56,2096.67,23.91,79.93,3276.70,0.00,24.5377,24.5548,24.3384,24.3602,37675210,1021889,1602809,37683576.0000,1021711.0625,1605687.8750,43,-32768,-7
00:53:57,1939.18,23.91,79.94,3276.70,0.00,24.5377,24.5548,24.3379,24.3582,37675210,1021889,1602809,37683576.0000,1021711.0625,1605687.8750,43,-32768,-7
00:53:58,1982.62,23.91,79.95,3276.70,0.00,24.5377,24.5548,24.3379,24.3582,37675210,1021889,1602809,37683576.0000,1021711.0625,1605312.0000,43,-32768,-7
00:53:59,2015.21,23.91,79.95,3276.70,0.00,24.5337,24.5509,24.3379,24.3582,37675210,1021889,1602809,37682268.0000,1021766.8125,1605233.5000,42,-32768,-7
00:54:00,2015.21,23.91,79.95,3276.70,0.00,24.5337,24.5498,24.3379,24.3582,37675210,1021889,1603600,37682048.0000,1021776.0000,1605182.3750,43,-32768,-7
00:54:01,1971.76,23.91,79.95,3276.70,0.00,24.5337,24.5498,24.3379,24.3582,37675213,1021970,1602255,37681836.0000,1021782.0625,1605090.8750,43,-32768,-7
00:54:02,1960.90,23.91,79.95,3276.70,0.00,24.5337,24.5487,24.3381,24.3545,37673132,1022101,1602465,37681836.0000,1021782.0625,1605090.8750,43,-32768,-7
00:54:03,2058.65,23.91,79.95,3276.70,0.00,24.5330,24.5482,24.3381,24.3535,37673132,1022101,1602465,37681836.0000,1021782.0625,1604928.1250,42,-32768,-6
00:54:04,1998.91,23.91,80.00,3276.70,0.00,24.5330,24.5473,24.3399,24.3531,37673132,1022101,1602465,37681836.0000,1021782.0625,1604868.1250,43,-32768,-6
00:54:05,2015.21,23.91,80.01,3276.70,0.00,24.5341,24.5473,24.3399,24.3527,37673070,1022146,1602465,37681836.0000,1021782.0625,1604868.1250,43,-32768,-6
00:54:06,1982.62,23.91,80.02,3276.70,0.00,24.5338,24.5464,24.3399,24.3527,37673070,1022146,1602600,37680288.0000,1021843.8750,1604748.7500,43,-32768,-6
00:54:07,2009.78,23.91,80.02,3276.70,0.00,24.5338,24.5464,24.3399,24.3527,37673070,1022146,1602003,37679488.0000,1021851.0000,1604595.3750,43,-32768,-6
00:54:08,2009.78,23.91,80.02,3276.70,0.00,24.5338,24.5464,24.3399,24.3527,37673070,1022146,1602003,37679488.0000,1021851.0000,1604595.3750,43,-32768,-6
00:54:09,1939.18,23.91,80.02,3276.70,0.00,24.5338,24.5445,24.3376,24.3505,37671417,1021963,1602721,37679488.0000,1021851.0000,1604595.3750,43,-32768,-6
00:54:10,1950.04,23.90,80.06,3276.70,0.00,24.5307,24.5441,24.3376,24.3501,37671150,1021926,1602721,37679488.0000,1021851.0000,1604595.3750,44,-32768,-6
00:54:11,1944.61,23.90,80.06,3276.70,0.00,24.5297,24.5431,24.3372,24.3493,37666308,1022172,1602516,37679488.0000,1021851.0000,1604291.2500,42,-32768,-6
00:54:12,2042.36,23.91,80.06,3276.70,0.00,24.5297,24.5431,24.3372,24.3493,37666308,1022172,1602516,37679488.0000,1021878.6250,1604228.0000,42,-32768,-6
00:54:13,2042.36,23.91,80.06,3276.70,0.00,24.5297,24.5431,24.3372,24.3493,37666308,1022172,1602516,37679488.0000,1021878.6250,1604228.0000,42,-32768,-6
00:54:14,2004.34,23.91,80.06,3276.70,0.00,24.5297,24.5431,24.3372,24.3480,37676138,1021891,1602883,37677816.0000,1021888.1250,1604228.0000,42,-32768,-6
00:54:15,2053.22,23.91,80.06,3276.70,0.00,24.5297,24.5431,24.3372,24.3480,37676138,1022154,1602883,37677816.0000,1021888.1250,1604228.0000,42,-32768,-6
00:54:16,2015.21,23.91,80.03,3276.70,0.00,24.5297,24.5431,24.3372,24.3480,37673515,1022154,1602883,37677816.0000,1021897.9375,1604108.3750,43,-32768,-5
00:54:17,2047.79,23.91,80.04,3276.70,0.00,24.5297,24.5431,24.3372,24.3463,37665619,1021693,1603980,37676844.0000,1021897.9375,1604108.3750,43,-32768,-5
00:54:18,1982.62,23.91,80.04,3276.70,0.00,24.5297,24.5407,24.3324,24.3459,37669185,1021791,1603378,37676604.0000,1021897.9375,1604108.3750,43,-32768,-5
00:54:19,1971.76,23.91,80.06,3276.70,0.00,24.5297,24.5400,24.3315,24.3449,37669185,1021791,1603378,37676604.0000,1021897.9375,1604108.3750,43,-32768,-5
00:54:20,2096.67,23.91,80.08,3276.70,0.00,24.5295,24.5397,24.3313,24.3445,37670347,1022106,1603378,37676604.0000,1021897.9375,1604108.3750,43,-32768,-5
00:54:21,2036.93,23.91,80.10,3276.70,0.00,24.5295,24.5397,24.3313,24.3445,37670347,1022106,1603378,37676604.0000,1021897.9375,1604108.3750,43,-32768,-5
00:54:22,1993.48,23.91,80.11,3276.70,0.00,24.5295,24.5397,24.3313,24.3436,37670347,1022106,1603378,37676604.0000,1021897.9375,1604108.3750,43,-32768,-5
00:54:23,1982.62,23.91,80.11,3276.70,0.00,24.5295,24.5397,24.3321,24.3429,37671384,1022106,1603378,37675212.0000,1021897.9375,1604108.3750,43,-32768,-5
00:54:24,2004.34,23.91,80.11,3276.70,0.00,24.5281,24.5380,24.3321,24.3429,37671384,1022106,1603378,37675212.0000,1021948.5625,1603873.0000,42,-32768,-5
00:54:25,2004.34,23.91,80.11,3276.70,0.00,24.5281,24.5380,24.3321,24.3421,37671793,1022106,1603378,37675212.0000,1021948.5625,1603873.0000,42,-32768,-5
00:54:26,1944.61,23.91,80.12,3276.70,0.00,24.5281,24.5380,24.3316,24.3418,37669137,1022106,1603190,37674788.0000,1021948.5625,1603873.0000,42,-32768,-5
00:54:27,1982.62,23.91,80.12,3276.70,0.00,24.5281,24.5380,24.3316,24.3418,37669137,1022106,1603190,37674788.0000,1021965.8125,1603756.0000,42,-32768,-5
00:54:28,1998.91,23.92,80.12,3276.70,0.00,24.5292,24.5364,24.3316,24.3418,37669137,1022106,1603190,37674788.0000,1021965.8125,1603756.0000,42,-32768,-5
00:54:29,1977.19,23.92,80.12,3276.70,0.00,24.5292,24.5364,24.3316,24.3418,37669137,1022106,1603190,37673908.0000,1021950.0625,1603756.0000,42,-32768,-5
00:54:30,1944.61,23.92,80.12,3276.70,0.00,24.5292,24.5364,24.3316,24.3418,37669137,1022106,1603190,37673908.0000,1021950.0625,1603756.0000,42,-32768,-5
00:54:31,1944.61,23.92,80.13,3276.70,0.00,24.5291,24.5355,24.3316,24.3418,37669137,1022106,1603097,37673216.0000,1021925.5625,1603756.0000,42,-32768,-5
00:54:32,1944.61,23.92,80.13,3276.70,0.00,24.5291,24.5355,24.3316,24.3418,37669137,1022106,1603097,37673216.0000,1021925.5625,1603756.0000,42,-32768,-5
00:54:33,1993.48,23.92,80.16,3276.70,0.00,24.5291,24.5355,24.5350,24.3418,37669137,1022106,1603097,37672860.0000,1021910.8125,1603656.8750,43,-32768,-4
00:54:34,1988.05,23.92,80.14,3276.70,0.00,24.5281,24.5355,24.5350,24.3418,37669137,1022106,1603097,37672384.0000,1021890.1875,1603585.5000,44,-32768,-4
00:54:35,1944.61,23.92,80.16,3276.70,0.00,24.5281,24.5355,24.3321,24.3389,37662831,1021393,1603097,37672384.0000,1021874.6250,1603585.5000,44,-32768,-4
00:54:36,2015.21,23.92,80.16,3276.70,0.00,24.5281,24.5339,24.3321,24.3389,37662831,1021393,1603097,37672384.0000,1021860.7500,1603563.6250,44,-32768,-4
00:54:37,2091.23,23.92,80.16,3276.70,0.00,24.5281,24.5336,24.3314,24.3384,37663937,1021381,1602312,37671536.0000,1021860.7500,1603563.6250,44,-32768,-4
00:54:38,1988.05,23.91,80.16,3276.70,0.00,24.5281,24.5336,24.3310,24.3382,37663937,1021381,1602312,37671316.0000,1021819.2500,1603508.5000,45,-32768,-4
00:54:39,2015.21,23.91,80.21,3276.70,0.00,24.5213,24.5325,24.3278,24.3375,37659378,1021363,1602606,37671316.0000,1021819.2500,1603508.5000,45,-32768,-4
00:54:40,2042.36,23.91,80.23,3276.70,0.00,24.5213,24.5321,24.3266,24.3372,37665652,1021655,1602835,37671316.0000,1021819.2500,1603508.5000,45,-32768,-4
00:54:41,1998.91,23.91,80.23,3276.70,0.00,24.5213,24.5321,24.3266,24.3372,37665652,1021655,1602835,37671316.0000,1021779.3125,1603432.5000,43,-32768,-4
00:54:42,2031.50,23.91,80.23,3276.70,0.00,24.5201,24.5313,24.3258,24.3365,37663678,1021522,1602835,37671316.0000,1021779.3125,1603432.5000,43,-32768,-4
00:54:43,1944.61,23.91,80.25,3276.70,0.00,24.5201,24.5307,24.3259,24.3358,37660570,1021317,1603166,37669504.0000,1021779.3125,1603432.5000,45,-32768,-4
00:54:44,1966.33,23.91,80.25,3276.70,0.00,24.5201,24.5307,24.3259,24.3358,37660570,1021317,1603166,37669504.0000,1021779.3125,1603432.5000,45,-32768,-4
00:54:45,1950.04,23.91,80.25,3276.70,0.00,24.5199,24.5307,24.3259,24.3350,37669711,1021750,1602584,37669220.0000,1021732.9375,1603298.8750,45,-32768,-4
00:54:46,1971.76,23.91,80.25,3276.70,0.00,24.5189,24.5296,24.3234,24.3346,37669711,1021750,1602584,37669220.0000,1021732.9375,1603217.7500,45,-32768,-4
00:54:47,2042.36,23.91,80.27,3276.70,0.00,24.5189,24.5296,24.3247,24.3340,37669711,1021750,1601849,37668992.0000,1021738.0625,1603217.7500,44,-32768,-4
00:54:48,2096.67,23.90,80.29,3276.70,0.00,24.5189,24.5286,24.3254,24.3337,37658845,1021339,1602380,37668676.0000,1021738.0625,1603217.7500,44,-32768,-4
00:54:49,2009.78,23.90,80.32,3276.70,0.00,24.5189,24.5286,24.3254,24.3337,37658845,1021339,1602380,37668676.0000,1021706.6875,1603129.0000,45,-32768,-3
00:54:50,2026.07,23.90,80.32,3276.70,0.00,24.5189,24.5286,24.3254,24.3337,37658845,1021339,1602004,37668264.0000,1021694.0000,1603093.8750,45,-32768,-3
00:54:51,1944.61,23.90,80.32,3276.70,0.00,24.5252,24.5279,24.3280,24.3329,37657221,1021071,1601100,37667736.0000,1021663.0625,1603093.8750,45,-32768,-3
00:54:52,2091.23,23.90,80.31,3276.70,0.00,24.5252,24.5279,24.3280,24.3329,37657221,1021264,1601006,37667320.0000,1021650.5625,1602921.8750,45,-32768,-3
00:54:53,1982.62,23.90,80.31,3276.70,0.00,24.5252,24.5279,24.3280,24.3329,37657221,1021456,1601180,37667052.0000,1021644.5000,1602867.3750,44,-32768,-3
00:54:54,1988.05,23.90,80.33,3276.70,0.00,24.5252,24.5279,24.3280,24.3329,37657221,1021456,1601180,37667052.0000,1021644.5000,1602824.2500,45,-32768,-3
00:54:55,2020.64,23.90,80.34,3276.70,0.00,24.5252,24.5279,24.3280,24.3329,37657221,1021456,1601180,37667052.0000,1021644.5000,1602824.2500,45,-32768,-3
00:54:56,2009.78,23.90,80.34,3276.70,0.00,24.5267,24.5275,24.3319,24.3329,37657221,1021456,1601180,37667052.0000,1021644.5000,1602824.2500,45,-32768,-3
00:54:57,1988.05,23.90,80.34,3276.70,0.00,24.5266,24.5274,24.3322,24.3322,37660150,1021456,1601180,37667052.0000,1021644.5000,1602824.2500,45,-32768,-3
00:54:58,1998.91,23.90,80.32,3276.70,0.00,24.5266,24.5274,24.3322,24.3322,37660150,1021456,1602233,37664932.0000,1021549.5000,1602824.2500,45,-32768,-3
00:54:59,2004.34,23.90,80.32,3276.70,0.00,24.5271,24.5273,24.3337,24.3323,37660150,1021456,1602233,37664932.0000,1021549.5000,1602824.2500,45,-32768,-3
00:55:00,2047.79,23.90,80.36,3276.70,0.00,24.5271,24.5273,24.3337,24.3323,37654048,1021475,1601369,37664156.0000,1021540.5625,1602587.7500,45,-32768,-3
00:55:01,1998.91,23.90,80.36,3276.70,0.00,24.5271,24.5273,24.3337,24.3323,37654048,1021475,1601369,37664156.0000,1021543.9375,1602557.2500,44,-32768,-3
00:55:02,2009.78,23.90,80.37,3276.70,0.00,24.5271,24.5273,24.3318,24.3323,37664719,1021748,1601369,37664156.0000,1021543.9375,1602557.2500,44,-32768,-3
00:55:03,1960.90,23.90,80.38,3276.70,0.00,24.5271,24.5273,24.3318,24.3323,37664719,1021748,1601369,37664156.0000,1021538.6250,1602524.1250,44,-32768,-3
00:55:04,2026.07,23.90,80.38,3276.70,0.00,24.5241,24.5270,24.3303,24.3321,37658559,1021748,1601369,37663504.0000,1021534.6250,1602524.1250,44,-32768,-3
00:55:05,2053.22,23.90,80.38,3276.70,0.00,24.5236,24.5269,24.3303,24.3321,37658559,1021748,1601369,37663504.0000,1021534.6250,1602492.5000,45,-32768,-3
00:55:06,2009.78,23.90,80.40,3276.70,0.00,24.5236,24.5269,24.3303,24.3321,37658559,1020977,1601890,37663104.0000,1021508.3750,1602473.6250,45,-32768,-2
00:55:07,1971.76,23.90,80.39,3276.70,0.00,24.5216,24.5264,24.3303,24.3321,37658559,1020977,1601890,37663104.0000,1021508.3750,1602473.6250,45,-32768,-2
00:55:08,2004.34,23.91,80.37,3276.70,0.00,24.5216,24.5264,24.3278,24.3313,37656396,1021739,1601039,37662476.0000,1021508.3750,1602473.6250,45,-32768,-2
00:55:09,1993.48,23.91,80.38,3276.70,0.00,24.5229,24.5261,24.3289,24.3313,37656396,1021739,1601039,37662356.0000,1021513.2500,1602274.8750,44,-32768,-2
00:55:10,1993.48,23.91,80.38,3276.70,0.00,24.5229,24.5261,24.3289,24.3313,37656396,1021739,1601167,37662256.0000,1021506.5000,1602198.5000,45,-32768,-2
00:55:11,2015.21,23.90,80.38,3276.70,0.00,24.5229,24.5261,24.3289,24.3313,37656396,1021739,1601167,37662256.0000,1021482.7500,1602143.8750,45,-32768,-2
00:55:12,1982.62,23.91,80.54,3276.70,0.00,24.5258,24.5258,24.3304,24.3313,37656396,1021739,1601167,37661256.0000,1021458.6875,1602103.1250,46,-32768,-2
00:55:14,2053.22,23.91,80.58,3276.70,0.00,24.5298,24.5258,24.3367,24.3313,37657615,1017907,1600763,37660836.0000,1021281.8125,1602017.8750,54,-32768,-2
00:55:16,1993.48,23.92,80.57,3276.70,0.00,24.5365,24.5264,24.3393,24.3314,37657615,1017851,1601598,37659844.0000,1021055.5000,1601983.0000,54,-32768,-2
00:55:17,1977.19,23.92,80.29,3276.70,0.00,24.5361,24.5273,24.3372,24.3321,37645995,1020504,1601246,37658800.0000,1020960.9375,1601950.6250,47,-32768,-2
00:55:18,1955.47,23.93,80.20,3276.70,0.00,24.5323,24.5275,24.3322,24.3321,37667903,1023422,1601629,37659088.0000,1021037.8125,1601940.6250,39,-32768,-2
00:55:19,1933.75,23.93,80.12,3276.70,0.00,24.5268,24.5275,24.3251,24.3321,37667903,1026831,1602513,37660776.0000,1021347.8125,1601971.7500,31,-32768,-2
00:55:21,1901.16,23.94,79.98,3276.70,0.00,24.5268,24.5266,24.3251,24.3296,37702853,1029557,1602566,37663260.0000,1021813.3125,1602000.0000,24,-32768,-2
00:55:22,1874.01,23.96,79.98,3276.70,0.00,24.4792,24.5232,24.2760,24.3267,37712098,1032016,1602803,37666144.0000,1022403.6250,1602061.2500,19,-32768,-2
00:55:25,1835.99,23.96,79.69,3276.70,0.00,24.4678,24.5214,24.2647,24.3247,37714558,1032016,1602534,37669192.0000,1023103.5000,1602084.6250,14,-32768,-2
00:55:27,1689.37,23.99,79.49,3276.70,0.00,24.4372,24.5146,24.2647,24.3173,37718181,1036572,1602239,37669192.0000,1023103.5000,1602063.3750,6,-32768,-2
00:55:29,1624.20,24.00,79.49,3276.70,0.00,24.3817,24.5043,24.1746,24.3062,37765072,1049927,1603031,37678368.0000,1023103.5000,1602065.8750,6,-32768,-2
00:55:30,1607.91,24.00,78.53,3276.70,0.00,24.3354,24.4946,24.1254,24.2958,37759949,1057344,1603031,37686028.0000,1028485.0625,1601963.7500,-38,-32768,-1
00:55:32,1591.62,24.00,78.52,3276.70,0.00,24.2997,24.4946,24.0745,24.2958,37743402,1057013,1597094,37689696.0000,1031078.3750,1601556.2500,-38,-32768,-1
00:55:33,1580.75,24.00,78.40,3276.70,0.00,24.2777,24.4707,24.0643,24.2703,37738558,1057437,1596437,37692756.0000,1031902.0625,1601396.2500,-39,-32768,0
00:55:35,1569.89,24.01,78.28,3276.70,0.00,24.2642,24.4707,24.0498,24.2569,37738112,1057903,1595871,37694172.0000,1032714.6250,1601069.8750,-41,-32768,0
00:55:36,1548.17,24.01,78.28,3276.70,0.00,24.2554,24.4457,24.0412,24.2437,37739077,1058788,1595997,37696912.0000,1034305.8125,1600911.3750,-42,-32768,1
00:55:38,1537.31,24.01,77.98,3276.70,0.00,24.2505,24.4337,24.0366,24.2309,37741950,1059622,1596489,37699632.0000,1035851.2500,1600624.0000,-44,-32768,1
00:55:39,1645.92,24.03,77.98,3276.70,0.00,24.2487,24.4279,24.0352,24.2248,37740279,1060101,1596489,37702116.0000,1037353.7500,1600316.7500,-46,-32768,2
00:55:41,1743.67,24.04,78.36,3276.70,0.00,24.2785,24.4131,24.0642,24.2090,37688381,1049220,1593966,37702488.0000,1038318.9375,1599954.2500,-19,-32768,2
00:55:43,1803.41,24.04,78.66,3276.70,0.00,24.2976,24.4095,24.0823,24.2090,37688381,1038684,1593798,37700004.0000,1038476.3125,1599575.2500,5,-32768,2
00:55:46,1846.86,24.11,78.66,3276.70,0.00,24.2976,24.4019,24.0823,24.1958,37688381,1028377,1599742,37692496.0000,1037627.1875,1599301.7500,28,-32768,3
00:55:48,1874.01,24.15,78.81,3276.70,0.00,24.4062,24.4016,24.0823,24.1948,37688381,1026446,1600638,37688676.0000,1036615.3750,1599393.6250,28,-32768,3
00:55:51,1960.90,24.20,78.79,3276.70,0.00,24.4062,24.4062,24.0823,24.1993,37688381,1023149,1604109,37679960.0000,1035048.3125,1599810.0000,28,-32768,2
00:55:53,2004.34,24.26,79.03,3276.70,0.00,24.5039,24.4137,24.2836,24.2040,37688381,1023149,1604620,37679960.0000,1033995.8750,1600080.3750,57,-32768,2
00:55:55,2031.50,24.29,79.09,3276.70,0.00,24.5342,24.4207,24.3131,24.2040,37573791,1013419,1604600,37679960.0000,1033995.8750,1600529.2500,68,-32768,1
00:55:57,2053.22,24.32,79.13,3276.70,0.00,24.5754,24.4335,24.3532,24.2220,37573791,1011363,1605901,37662656.0000,1031485.6250,1600697.1250,71,-32768,1
00:55:58,2053.22,24.36,79.10,3276.70,0.00,24.5984,24.4433,24.3763,24.2311,37561053,1010061,1607662,37656396.0000,1030182.8125,1601071.0000,75,-32768,0
00:55:59,2020.64,24.37,79.07,3276.70,0.00,24.6082,24.4484,24.3866,24.2360,37564918,1009934,1607633,37653536.0000,1029550.0000,1601276.0000,75,-32768,0
00:56:00,2020.64,24.39,78.87,3276.70,0.00,24.6221,24.4589,24.4011,24.2459,37584683,1011661,1609614,37648864.0000,1028405.3750,1601732.2500,70,-32768,-1
00:56:02,2026.07,24.40,78.83,3276.70,0.00,24.6275,24.4641,24.4068,24.2509,37611569,1011661,1611540,37648864.0000,1027145.6250,1602590.1250,61,-32768,-2
00:56:04,1971.76,24.42,78.80,3276.70,0.00,24.6361,24.4745,24.4164,24.2609,37627933,1011661,1611185,37648864.0000,1027145.6250,1602590.1250,61,-32768,-3
00:56:05,1960.90,24.44,78.51,3276.70,0.00,24.6398,24.4895,24.4221,24.2754,37652545,1018006,1612687,37645652.0000,1026164.3750,1603766.2500,46,-32768,-4
00:56:07,1960.90,24.45,78.43,3276.70,0.00,24.6382,24.4985,24.4200,24.2843,37687902,1022191,1614654,37647800.0000,1025867.1250,1604106.5000,46,-32768,-4
00:56:09,1971.76,24.46,78.37,3276.70,0.00,24.6348,24.5028,24.4200,24.2843,37685001,1023079,1614988,37650228.0000,1025867.1250,1605060.5000,40,-32768,-6
00:56:10,1988.05,24.48,78.37,3276.70,0.00,24.6370,24.5147,24.4204,24.3003,37679259,1022125,1613378,37652116.0000,1025490.8125,1605320.3750,41,-32768,-6
00:56:11,2009.78,24.50,78.38,3276.70,0.00,24.6457,24.5226,24.4288,24.3080,37673135,1020711,1613158,37653472.0000,1025219.3750,1605822.5000,45,-32768,-7
00:56:14,2042.36,24.52,78.38,3276.70,0.00,24.6524,24.5266,24.4288,24.3160,37662500,1020711,1613990,37654348.0000,1024606.7500,1606513.2500,54,-32768,-8
00:56:15,2053.22,24.54,78.47,3276.70,0.00,24.6782,24.5395,24.4605,24.3246,37656857,1016283,1614377,37654428.0000,1024346.6250,1606759.0000,56,-32768,-8
00:56:16,2064.08,24.55,78.47,3276.70,0.00,24.6879,24.5441,24.4698,24.3246,37656857,1014769,1615196,37654384.0000,1023779.2500,1607238.2500,60,-32768,-9
00:56:18,2069.51,24.57,78.45,3276.70,0.00,24.6879,24.5537,24.4698,24.3434,37654876,1014052,1616081,37654368.0000,1023188.8125,1607795.5000,62,-32768,-10
00:56:19,2074.94,24.59,78.41,3276.70,0.00,24.7230,24.5639,24.5040,24.3484,37654876,1013685,1617708,37654736.0000,1022606.1875,1608369.7500,63,-32768,-11
00:56:21,2080.37,24.61,78.37,3276.70,0.00,24.7230,24.5639,24.5259,24.3639,37665336,1013615,1619011,37655336.0000,1022052.0625,1608977.3750,63,-32768,-12
00:56:23,2080.37,24.62,78.33,3276.70,0.00,24.7519,24.5639,24.5391,24.3639,37673278,1013579,1620825,37656328.0000,1021533.2500,1609703.8750,63,-32768,-13
00:56:25,2085.80,24.64,78.33,3276.70,0.00,24.7519,24.6012,24.5391,24.3904,37681761,1013862,1622419,37658376.0000,1020824.3750,1610787.2500,62,-32768,-15
00:56:28,2080.37,24.64,78.19,3276.70,0.00,24.7519,24.6173,24.5391,24.4062,37681761,1013862,1624564,37662392.0000,1020058.5625,1612322.7500,60,-32768,-17
00:56:30,2058.65,24.68,78.19,3276.70,0.00,24.7519,24.6381,24.5391,24.4216,37706806,1015559,1625230,37666392.0000,1019649.0625,1613491.5000,56,-32768,-19
00:56:32,2042.36,24.70,77.97,3276.70,0.00,24.7995,24.6432,24.5823,24.4216,37715266,1016756,1625818,37667920.0000,1019558.6875,1613876.6250,54,-32768,-19
00:56:33,2020.64,24.71,77.97,3276.70,0.00,24.7995,24.6574,24.5831,24.4408,37734255,1019388,1625975,37673812.0000,1019547.3125,1614980.2500,44,-32768,-21
00:56:35,2009.78,24.71,77.67,3276.70,0.00,24.7975,24.6618,24.5831,24.4494,37743940,1021846,1626856,37676004.0000,1019619.1250,1615351.3750,40,-32768,-21
00:56:38,1982.62,24.72,77.67,3276.70,0.00,24.7975,24.6736,24.5831,24.4607,37743940,1024935,1624770,37684560.0000,1020118.2500,1616588.8750,32,-32768,-23
00:56:40,1982.62,24.74,77.45,3276.70,0.00,24.7830,24.6837,24.5665,24.4607,37743940,1025172,1625048,37684560.0000,1020429.2500,1617132.8750,32,-32768,-24
00:56:43,1982.62,24.75,77.37,3276.70,0.00,24.7808,24.6925,24.5665,24.4787,37743940,1025580,1625178,37693528.0000,1020429.2500,1618105.0000,31,-32768,-25
00:56:44,1982.62,24.76,77.37,3276.70,0.00,24.7873,24.7034,24.5693,24.4868,37742790,1025481,1625376,37697992.0000,1021307.6875,1618539.1250,31,-32768,-26
00:56:46,1982.62,24.76,77.25,3276.70,0.00,24.7905,24.7061,24.5723,24.4894,37743667,1025404,1625937,37699420.0000,1021435.7500,1618770.2500,31,-32768,-26
00:56:48,1977.19,24.77,77.24,3276.70,0.00,24.7977,24.7116,24.5793,24.4948,37742352,1024937,1625937,37699420.0000,1021435.7500,1618770.2500,33,-32768,-27
00:56:50,1982.62,24.78,77.16,3276.70,0.00,24.7977,24.7200,24.5895,24.5030,37742352,1024937,1626095,37707616.0000,1022086.8750,1619959.3750,30,-32768,-28
00:56:52,1993.48,24.79,77.12,3276.70,0.00,24.8155,24.7200,24.6018,24.5030,37750562,1025036,1626987,37710424.0000,1022291.3750,1620366.5000,32,-32768,-29
00:56:55,2015.21,24.80,77.12,3276.70,0.00,24.8155,24.7378,24.6018,24.5207,37750562,1023258,1627103,37714804.0000,1022481.6875,1621105.0000,32,-32768,-30
00:56:57,2015.21,24.82,77.13,3276.70,0.00,24.8485,24.7443,24.6302,24.5272,37747160,1022328,1627579,37714804.0000,1022481.6875,1621105.0000,39,-32768,-30
00:56:59,2009.78,24.84,77.13,3276.70,0.00,24.8485,24.7586,24.6302,24.5450,37758450,1022060,1629875,37721080.0000,1022419.9375,1622454.0000,39,-32768,-32
00:57:02,2009.78,24.85,77.13,3276.70,0.00,24.8834,24.7586,24.6687,24.5450,37765230,1022467,1629875,37725032.0000,1022423.3750,1623197.2500,37,-32768,-33
00:57:04,2009.78,24.87,76.93,3276.70,0.00,24.8996,24.7586,24.6814,24.5450,37771439,1022782,1632546,37729084.0000,1022449.7500,1623988.7500,37,-32768,-34
00:57:06,2015.21,24.88,76.93,3276.70,0.00,24.9071,24.7926,24.6924,24.5751,37773878,1022888,1632546,37731832.0000,1022474.0000,1624446.3750,36,-32768,-35
00:57:07,2009.78,24.88,76.82,3276.70,0.00,24.9142,24.7964,24.6960,24.5751,37776372,1023006,1632805,37734536.0000,1022504.8750,1624953.0000,36,-32768,-35
00:57:09,2015.21,24.89,76.78,3276.70,0.00,24.9205,24.8076,24.7061,24.5900,37778502,1023085,1633136,37737228.0000,1022542.6250,1625457.1250,36,-32768,-36
00:57:11,2009.78,24.90,76.74,3276.70,0.00,24.9265,24.8113,24.7094,24.5937,37781213,1023014,1633317,37738600.0000,1022557.3750,1625702.7500,36,-32768,-37
00:57:12,2009.78,24.90,76.70,3276.70,0.00,24.9325,24.8186,24.7153,24.6011,37782381,1023357,1633317,37742536.0000,1022625.0625,1626537.0000,35,-32768,-38
00:57:15,2015.21,24.91,76.70,3276.70,0.00,24.9325,24.8295,24.7248,24.6120,37784938,1023307,1636202,37742536.0000,1022686.0000,1626537.0000,35,-32768,-39
00:57:17,2009.78,24.92,76.58,3276.70,0.00,24.9475,24.8295,24.7339,24.6120,37788657,1023440,1636202,37750200.0000,1022752.3750,1628366.5000,34,-32768,-41
00:57:20,2009.78,24.94,76.50,3276.70,0.00,24.9475,24.8507,24.7339,24.6368,37788657,1023440,1638397,37755124.0000,1022845.6250,1629531.0000,34,-32768,-42
00:57:22,2015.21,24.95,76.50,3276.70,0.00,24.9475,24.8644,24.7339,24.6471,37794515,1023638,1638439,37757528.0000,1022892.2500,1630086.7500,34,-32768,-44
00:57:25,2015.21,24.95,76.35,3276.70,0.00,24.9475,24.8744,24.7339,24.6572,37798167,1023638,1638476,37762376.0000,1022998.8750,1631091.6250,33,-32768,-46
00:57:28,2015.21,24.96,76.35,3276.70,0.00,24.9834,24.8744,24.7339,24.6671,37798167,1024116,1639801,37765968.0000,1023096.3125,1631880.1250,32,-32768,-52
00:57:30,2015.21,24.96,76.13,3276.70,0.00,24.9936,24.8939,24.7772,24.6768,37803683,1024097,1639891,37768256.0000,1023158.1875,1632367.0000,32,-32768,-56
00:57:31,2009.78,24.98,76.08,3276.70,0.00,24.9985,24.9002,24.7823,24.6832,37805549,1024242,1639891,37770544.0000,1023220.7500,1632864.0000,32,-32768,-58
00:57:34,2015.21,24.98,76.01,3276.70,0.00,25.0032,24.9002,24.7869,24.6925,37809230,1024506,1641094,37770544.0000,1023332.9375,1633621.8750,32,-32768,-64
00:57:35,2015.21,24.99,75.86,3276.70,0.00,25.0108,24.9157,24.7943,24.6987,37812096,1024505,1641658,37776308.0000,1023404.0000,1634095.1250,31,-32768,-66
00:57:37,2015.21,24.99,75.83,3276.70,0.00,25.0131,24.9187,24.7943,24.7048,37815392,1024505,1641658,37778648.0000,1023487.0000,1634576.2500,30,-32768,-69
00:57:38,2015.21,25.00,75.76,3276.70,0.00,25.0175,24.9246,24.8010,24.7048,37816658,1024944,1640902,37780968.0000,1023574.4375,1634998.1250,30,-32768,-74
00:57:40,2015.21,25.00,75.70,3276.70,0.00,25.0246,24.9335,24.8081,24.7048,37819317,1024976,1641518,37783288.0000,1023659.8750,1635383.0000,30,-32768,-75
00:57:42,2009.78,25.01,75.62,3276.70,0.00,25.0291,24.9335,24.8127,24.7252,37822196,1025184,1643329,37786684.0000,1023788.3750,1636051.7500,29,-32768,-79
00:57:43,2015.21,25.01,75.55,3276.70,0.00,25.0336,24.9450,24.8169,24.7281,37823003,1025204,1642924,37787820.0000,1023832.6250,1636266.5000,29,-32768,-81
00:57:44,2015.21,25.02,75.47,3276.70,0.00,25.0359,24.9478,24.8196,24.7309,37823793,1025270,1642794,37788944.0000,1023877.5625,1636470.5000,29,-32768,-81
00:57:45,2015.21,25.02,75.43,3276.70,0.00,25.0402,24.9534,24.8239,24.7366,37824832,1025405,1643155,37791168.0000,1023969.6875,1636869.5000,29,-32768,-85
00:57:46,2015.21,25.02,75.35,3276.70,0.00,25.0424,24.9534,24.8239,24.7393,37826091,1025527,1642076,37793332.0000,1024071.3750,1637224.2500,28,-32768,-87
00:57:48,2009.78,25.02,75.30,3276.70,0.00,25.0448,24.9589,24.8239,24.7448,37828328,1025870,1642816,37794424.0000,1024127.5625,1637399.0000,28,-32768,-89
00:57:49,2009.78,25.03,75.21,3276.70,0.00,25.0488,24.9643,24.8325,24.7476,37829021,1025870,1643984,37795508.0000,1024182.0625,1637604.7500,28,-32768,-90
00:57:51,2015.21,25.03,75.18,3276.70,0.00,25.0510,24.9643,24.8371,24.7476,37834542,1026033,1643984,37798848.0000,1024343.9375,1638202.3750,27,-32768,-95
00:57:53,2015.21,25.04,75.18,3276.70,0.00,25.0510,24.9776,24.8371,24.7635,37835743,1026282,1644119,37802132.0000,1024508.0625,1638781.0000,27,-32768,-98
00:57:54,2015.21,25.04,74.91,3276.70,0.00,25.0635,24.9828,24.8472,24.7661,37837462,1026426,1644135,37803236.0000,1024568.0000,1638948.3750,26,-32768,-100
00:57:56,2015.21,25.04,74.85,3276.70,0.00,25.0658,24.9854,24.8495,24.7687,37841096,1026598,1644164,37805484.0000,1024568.0000,1639255.8750,26,-32768,-101
00:57:59,2015.21,25.05,74.79,3276.70,0.00,25.0658,24.9930,24.8495,24.7789,37841096,1026982,1645399,37809996.0000,1024944.8750,1639995.0000,25,-32768,-106
00:58:00,2015.21,25.05,74.58,3276.70,0.00,25.0777,25.0004,24.8618,24.7839,37845517,1027056,1645951,37811104.0000,1025010.8750,1640181.1250,25,-32768,-108
00:58:02,2009.78,25.06,74.58,3276.70,0.00,25.0819,25.0053,24.8656,24.7888,37850667,1027446,1647061,37813512.0000,1025153.8125,1640572.5000,25,-32768,-110
00:58:03,2009.78,25.06,74.46,3276.70,0.00,25.0856,25.0102,24.8694,24.7936,37850630,1027467,1646616,37815772.0000,1025297.6250,1640957.5000,24,-32768,-110
00:58:05,2015.21,25.06,74.46,3276.70,0.00,25.0856,25.0150,24.8694,24.8008,37853157,1027890,1647133,37819140.0000,1025515.8750,1641517.5000,23,-32768,-110
00:58:08,2015.21,25.07,74.24,3276.70,0.00,25.0950,25.0150,24.8791,24.8008,37857150,1028125,1647535,37822448.0000,1025745.7500,1642108.5000,22,-32768,-110
00:58:10,2015.21,25.07,74.12,3276.70,0.00,25.1009,25.0289,24.8847,24.8008,37857150,1028284,1647535,37822448.0000,1025745.7500,1642774.3750,21,-32768,-110
00:58:12,2015.21,25.08,74.12,3276.70,0.00,25.1064,25.0358,24.8899,24.8193,37864419,1028631,1647855,37828196.0000,1025745.7500,1643085.6250,20,-32768,-110
00:58:14,2015.21,25.08,73.87,3276.70,0.00,25.1100,25.0402,24.8941,24.8238,37866552,1028844,1647855,37831668.0000,1026384.0625,1643379.0000,20,-32768,-110
00:58:16,2009.78,25.08,73.87,3276.70,0.00,25.1155,25.0468,24.8993,24.8305,37869443,1029186,1649135,37833968.0000,1026384.0625,1643870.0000,19,-32768,-110
00:58:19,2009.78,25.09,73.70,3276.70,0.00,25.1155,25.0533,24.8993,24.8370,37869443,1029725,1649834,37838544.0000,1026907.3750,1644346.6250,18,-32768,-110
00:58:21,2015.21,25.09,73.51,3276.70,0.00,25.1241,25.0533,24.9094,24.8434,37877087,1029813,1648842,37840880.0000,1027084.1250,1644346.6250,17,-32768,-110
00:58:23,2015.21,25.10,73.51,3276.70,0.00,25.1290,25.0639,24.9094,24.8497,37880764,1030289,1649650,37844352.0000,1027361.7500,1645082.0000,17,-32768,-110
00:58:25,2009.78,25.10,73.51,3276.70,0.00,25.1342,25.0700,24.9179,24.8538,37881982,1030533,1649650,37844352.0000,1027553.1875,1645384.3750,16,-32768,-110
00:58:28,2015.21,25.10,73.51,3276.70,0.00,25.1342,25.0741,24.9179,24.8599,37881982,1030973,1650792,37844352.0000,1027944.8125,1646006.8750,16,-32768,-110
00:58:29,2009.78,25.11,72.96,3276.70,0.00,25.1438,25.0821,24.9281,24.8659,37890360,1031220,1650446,37853616.0000,1028142.6250,1646288.2500,14,-32768,-110
00:58:32,2015.21,25.11,72.93,3276.70,0.00,25.1454,25.0840,24.9281,24.8698,37890360,1031596,1651729,37857136.0000,1028448.5625,1646732.0000,14,-32768,-110
00:58:35,2015.21,25.11,72.77,3276.70,0.00,25.1454,25.0918,24.9281,24.8775,37895793,1031993,1651758,37860608.0000,1028448.5625,1647307.3750,12,-32768,-110
00:58:37,2015.21,25.12,72.63,3276.70,0.00,25.1454,25.0993,24.9281,24.8831,37898248,1032482,1651422,37865124.0000,1029178.9375,1647633.2500,11,-32768,-110
00:58:40,2015.21,25.12,72.49,3276.70,0.00,25.1454,25.1048,24.9281,24.8887,37903174,1032798,1653108,37867368.0000,1029178.9375,1647633.2500,11,-32768,-110
00:58:43,2026.07,25.12,72.29,3276.70,0.00,25.1454,25.1121,24.9281,24.8960,37903174,1032979,1651926,37872924.0000,1029924.8125,1648541.6250,10,-32768,-110
00:58:44,2036.93,25.13,72.15,3276.70,0.00,25.1741,25.1158,24.9581,24.8997,37906640,1032703,1652571,37873976.0000,1030011.6250,1648667.6250,11,-32768,-110
00:58:46,2042.36,25.13,72.12,3276.70,0.00,25.1772,25.1177,24.9581,24.9036,37906640,1031934,1652886,37876940.0000,1030204.7500,1649001.5000,12,-32768,-110
00:58:47,2047.79,25.14,72.06,3276.70,0.00,25.1877,25.1237,24.9711,24.9076,37909320,1031796,1652550,37877952.0000,1030254.5000,1649112.3750,13,-32768,-110
00:58:48,2042.36,25.14,71.98,3276.70,0.00,25.1907,25.1258,24.9742,24.9097,37912270,1031787,1652684,37879024.0000,1030353.5000,1649360.8750,12,-32768,-110
00:58:50,2042.36,25.14,71.92,3276.70,0.00,25.1972,25.1300,24.9799,24.9139,37917572,1032043,1652684,37881324.0000,1030406.2500,1649507.3750,12,-32768,-110
00:58:50,2042.36,25.15,71.83,3276.70,0.00,25.1999,25.1322,24.9825,24.9160,37920449,1032246,1654307,37882548.0000,1030463.7500,1649657.3750,10,-32768,-110
00:58:52,2031.50,25.15,71.83,3276.70,0.00,25.2035,25.1365,24.9859,24.9202,37924800,1033087,1654830,37885084.0000,1030463.7500,1650137.3750,8,-32768,-110
00:58:56,2004.34,25.15,71.54,3276.70,0.00,25.2035,25.1426,24.9859,24.9281,37924800,1035982,1654830,37885084.0000,1030463.7500,1650895.5000,0,-32768,-110
00:58:59,1993.48,25.15,71.54,3276.70,0.00,25.1968,25.1493,24.9805,24.9330,37939227,1035982,1655773,37885084.0000,1031864.2500,1651192.8750,0,-32768,-110
00:59:01,1993.48,25.15,70.85,3276.70,0.00,25.1908,25.1532,24.9750,24.9369,37936664,1038801,1655773,37900444.0000,1032490.4375,1651192.8750,0,-32768,-110
00:59:02,1998.91,25.15,70.70,3276.70,0.00,25.1887,25.1554,24.9730,24.9391,37935664,1038962,1654737,37900444.0000,1032889.6875,1651773.5000,-4,-32768,-110
00:59:05,1998.91,25.15,70.57,3276.70,0.00,25.1887,25.1575,24.9730,24.9421,37935664,1038693,1654737,37905464.0000,1033420.5625,1652070.5000,-3,-32768,-110
00:59:08,2004.34,25.16,70.33,3276.70,0.00,25.1887,25.1623,24.9730,24.9470,37935664,1038958,1654128,37910296.0000,1034228.3750,1652377.5000,-4,-32768,-110
00:59:10,2004.34,25.16,70.12,3276.70,0.00,25.1968,25.1644,24.9803,24.9491,37935664,1039259,1654128,37912228.0000,1034228.3750,1652579.8750,-5,-32768,-110
00:59:14,2004.34,25.17,69.97,3276.70,0.00,25.1968,25.1697,24.9803,24.9534,37935664,1040106,1654128,37916128.0000,1035341.6250,1653051.5000,-7,-32768,-110
00:59:16,2009.78,25.17,69.97,3276.70,0.00,25.1968,25.1743,24.9949,24.9580,37949826,1040624,1656402,37919104.0000,1035663.3750,1653261.6250,-8,-32768,-110
00:59:18,2004.34,25.17,69.63,3276.70,0.00,25.1968,25.1767,24.9996,24.9616,37952995,1041333,1657141,37922112.0000,1036157.6875,1653261.6250,-10,-32768,-110
00:59:20,2004.34,25.18,69.49,3276.70,0.00,25.2169,25.1791,25.0009,24.9628,37953947,1041492,1656811,37923108.0000,1036157.6875,1653261.6250,-10,-32768,-110
00:59:22,2004.34,25.18,69.40,3276.70,0.00,25.2200,25.1791,25.0051,24.9628,37959467,1042096,1657233,37926272.0000,1036827.1875,1653948.8750,-12,-32768,-110
00:59:23,2004.34,25.18,69.40,3276.70,0.00,25.2224,25.1851,25.0068,24.9689,37963842,1042995,1656971,37928496.0000,1037194.2500,1654140.7500,-12,-32768,-110
00:59:26,1998.91,25.18,69.40,3276.70,0.00,25.2242,25.1875,25.0068,24.9724,37963842,1043837,1656447,37931840.0000,1037774.1875,1654453.3750,-16,-32768,-110
00:59:28,1998.91,25.18,68.91,3276.70,0.00,25.2264,25.1919,25.0107,24.9758,37967709,1044485,1657126,37935036.0000,1038363.0000,1654635.3750,-17,-32768,-110
00:59:30,1998.91,25.18,68.78,3276.70,0.00,25.2273,25.1941,25.0122,24.9780,37968501,1045016,1657492,37937088.0000,1038363.0000,1654635.3750,-17,-32768,-110
00:59:32,1993.48,25.18,68.59,3276.70,0.00,25.2288,25.1961,25.0134,24.9780,37968501,1045500,1659332,37940224.0000,1039361.5000,1655098.7500,-20,-32768,-110
00:59:34,1982.62,25.18,68.47,3276.70,0.00,25.2288,25.1982,25.0134,24.9832,37974817,1046185,1658097,37942308.0000,1039770.3750,1655319.6250,-21,-32768,-110
00:59:34,1977.19,25.18,68.31,3276.70,0.00,25.2302,25.2001,25.0147,24.9841,37977472,1046756,1658160,37943408.0000,1039988.6875,1655408.3750,-23,-32768,-110
00:59:36,1977.19,25.18,68.23,3276.70,0.00,25.2297,25.2010,25.0147,24.9851,37978743,1047880,1658715,37945616.0000,1040459.0000,1655600.6250,-23,-32768,-110
00:59:38,1971.76,25.18,68.09,3276.70,0.00,25.2286,25.2010,25.0129,24.9851,37978743,1048690,1658323,37947736.0000,1040953.3125,1655852.8750,-27,-32768,-110
00:59:41,1988.05,25.18,68.09,3276.70,0.00,25.2286,25.2055,25.0129,24.9905,37978743,1048686,1657801,37952308.0000,1042127.9375,1656109.1250,-27,-32768,-110
00:59:43,1988.05,25.18,67.75,3276.70,0.00,25.2289,25.2076,25.0154,24.9919,37976716,1048490,1658087,37952308.0000,1042127.9375,1656109.1250,-26,-32768,-110
00:59:44,1998.91,25.19,67.58,3276.70,0.00,25.2345,25.2092,25.0187,24.9934,37978473,1048283,1657662,37954616.0000,1042693.5625,1656262.7500,-26,-32768,-110
00:59:45,1998.91,25.19,67.54,3276.70,0.00,25.2370,25.2100,25.0213,24.9943,37980861,1048352,1658373,37955440.0000,1042693.5625,1656262.7500,-26,-32768,-110
00:59:47,2004.34,25.19,67.46,3276.70,0.00,25.2425,25.2119,25.0264,24.9961,37983830,1048184,1658373,37958056.0000,1043362.6250,1656592.5000,-26,-32768,-110
00:59:49,2004.34,25.19,67.37,3276.70,0.00,25.2425,25.2151,25.0337,24.9993,37991095,1048632,1660387,37960032.0000,1043682.8750,1656790.0000,-27,-32768,-110
00:59:51,2004.34,25.20,67.37,3276.70,0.00,25.2551,25.2187,25.0400,25.0028,37994443,1049473,1659750,37963052.0000,1043682.8750,1657077.6250,-29,-32768,-110
00:59:54,1977.19,25.20,67.10,3276.70,0.00,25.2591,25.2200,25.0400,25.0052,37994443,1050440,1659750,37966240.0000,1044718.9375,1657077.6250,-34,-32768,-110
00:59:55,1966.33,25.20,66.66,3276.70,0.00,25.2585,25.2246,25.0421,25.0086,38012873,1053055,1661809,37968844.0000,1045188.5000,1657727.3750,-38,-32768,-110
00:59:59,1955.47,25.20,66.53,3276.70,0.00,25.2585,25.2272,25.0421,25.0111,38012873,1055732,1661704,37974024.0000,1046374.5000,1658247.6250,-45,-32768,-110
01:00:01,1955.47,25.20,66.53,3276.70,0.00,25.2585,25.2293,25.0421,25.0132,38004649,1055732,1662190,37977800.0000,1047520.4375,1658795.0000,-46,-32768,-110
01:00:03,1966.33,25.20,65.83,3276.70,0.00,25.2410,25.2293,25.0250,25.0132,38004627,1056055,1662606,37979432.0000,1048046.0625,1659031.3750,-46,-32768,-110
01:00:06,1982.62,25.20,65.75,3276.70,0.00,25.2410,25.2310,25.0250,25.0153,38003782,1055594,1662341,37981672.0000,1048046.0625,1659416.1250,-44,-32768,-110
01:00:07,1988.05,25.20,65.55,3276.70,0.00,25.2477,25.2322,25.0314,25.0153,38005183,1055201,1663539,37983784.0000,1049347.0000,1659653.5000,-44,-32768,-110
01:00:09,1998.91,25.20,65.55,3276.70,0.00,25.2538,25.2334,25.0371,25.0173,38006604,1054900,1662648,37983784.0000,1049347.0000,1659822.8750,-43,-32768,-110
01:00:11,2009.78,25.21,65.42,3276.70,0.00,25.2615,25.2349,25.0439,25.0188,38011624,1054783,1663061,37983784.0000,1049347.0000,1660027.8750,-42,-32768,-110
01:00:13,2004.34,25.21,65.37,3276.70,0.00,25.2693,25.2369,25.0510,25.0188,38014434,1054552,1664824,37988560.0000,1049347.0000,1660285.6250,-42,-32768,-110
01:00:16,1998.91,25.21,65.15,3276.70,0.00,25.2693,25.2416,25.0510,25.0262,38014434,1057297,1665057,37994264.0000,1051183.2500,1661000.3750,-51,-32768,-110
01:00:17,1993.48,25.22,64.90,3276.70,0.00,25.2814,25.2439,25.0630,25.0273,38035884,1058387,1664834,37995564.0000,1051408.3750,1661120.1250,-52,-32768,-110
01:00:19,1998.91,25.22,64.71,3276.70,0.00,25.2821,25.2462,25.0639,25.0273,38037354,1058877,1665221,37996872.0000,1051641.7500,1661413.5000,-55,-32768,-110
01:00:22,1993.48,25.22,64.71,3276.70,0.00,25.2821,25.2494,25.0639,25.0327,38037354,1060248,1665666,38002024.0000,1052618.0000,1661802.8750,-55,-32768,-110
01:00:23,1993.48,25.22,64.14,3276.70,0.00,25.2813,25.2513,25.0655,25.0355,38040676,1060786,1665313,38004368.0000,1053112.6250,1662023.0000,-59,-32768,-110
01:00:24,1993.48,25.22,63.95,3276.70,0.00,25.2813,25.2532,25.0660,25.0365,38041436,1061042,1665890,38005528.0000,1053360.3750,1662143.8750,-60,-32768,-110
01:00:27,1988.05,25.22,63.87,3276.70,0.00,25.2815,25.2540,25.0660,25.0383,38041436,1062346,1666186,38009080.0000,1054136.3750,1662494.1250,-63,-32768,-110
01:00:30,1988.05,25.22,63.87,3276.70,0.00,25.2815,25.2571,25.0660,25.0415,38045951,1063649,1665740,38009080.0000,1054136.3750,1662494.1250,-63,-32768,-110
01:00:32,1988.05,25.22,63.40,3276.70,0.00,25.2793,25.2591,25.0652,25.0415,38045951,1063942,1665740,38016456.0000,1056032.5000,1663228.8750,-68,-32768,-110
01:00:33,1988.05,25.22,63.24,3276.70,0.00,25.2805,25.2609,25.0652,25.0449,38047387,1064277,1664662,38017424.0000,1056290.1250,1663273.6250,-68,-32768,-110
01:00:35,1993.48,25.22,63.10,3276.70,0.00,25.2806,25.2615,25.0652,25.0462,38047387,1064887,1665363,38020340.0000,1056290.1250,1663530.8750,-69,-32768,-110
01:00:38,1998.91,25.22,62.90,3276.70,0.00,25.2806,25.2640,25.0652,25.0489,38052689,1065416,1666092,38020340.0000,1056290.1250,1663530.8750,-69,-32768,-110
01:00:41,1998.91,25.22,62.70,3276.70,0.00,25.2869,25.2640,25.0732,25.0489,38052689,1065416,1666348,38026872.0000,1058768.3750,1664090.1250,-69,-32768,-110
01:00:44,1998.91,25.23,62.50,3276.70,0.00,25.2869,25.2687,25.0732,25.0489,38060714,1065416,1666348,38030864.0000,1059747.1250,1664455.2500,-69,-32768,-110
01:00:45,1998.91,25.23,62.31,3276.70,0.00,25.2945,25.2710,25.0732,25.0554,38064137,1067795,1667770,38031904.0000,1059998.6250,1664558.8750,-69,-32768,-110
01:00:47,1998.91,25.23,62.31,3276.70,0.00,25.2962,25.2710,25.0808,25.0554,38066871,1068779,1667079,38034948.0000,1060770.1250,1664798.3750,-69,-32768,-110
01:00:50,1998.91,25.23,62.31,3276.70,0.00,25.2962,25.2747,25.0808,25.0598,38070814,1069824,1667324,38038116.0000,1061566.2500,1665044.6250,-69,-32768,-110
01:00:50,1998.91,25.23,61.72,3276.70,0.00,25.2987,25.2761,25.0837,25.0606,38071821,1070105,1667371,38039168.0000,1061833.0000,1665117.3750,-69,-32768,-110
01:00:52,2004.34,25.23,61.65,3276.70,0.00,25.2992,25.2768,25.0844,25.0613,38073410,1070158,1667895,38040240.0000,1062093.2500,1665204.1250,-69,-32768,-110
01:00:54,2009.78,25.23,61.49,3276.70,0.00,25.3013,25.2789,25.0866,25.0635,38074562,1071002,1667972,38043320.0000,1062883.1250,1665438.8750,-69,-32768,-110
01:00:57,2009.78,25.23,61.34,3276.70,0.00,25.3013,25.2811,25.0866,25.0657,38074562,1071905,1667592,38047380.0000,1062883.1250,1665812.1250,-69,-32768,-110
01:00:59,2009.78,25.24,61.06,3276.70,0.00,25.3066,25.2826,25.0917,25.0657,38084211,1071905,1667592,38050620.0000,1064700.1250,1666049.5000,-69,-32768,-110
01:01:02,1998.91,25.24,60.74,3276.70,0.00,25.3097,25.2826,25.0951,25.0657,38090196,1074455,1669933,38055064.0000,1065792.1250,1666450.5000,-69,-32768,-110
01:01:05,1977.19,25.24,60.42,3276.70,0.00,25.3089,25.2826,25.0921,25.0657,38101873,1074455,1669933,38058888.0000,1066778.8750,1666691.2500,-69,-32768,-110
01:01:07,1971.76,25.24,60.02,3276.70,0.00,25.3089,25.2893,25.0842,25.0743,38095292,1079725,1669291,38062528.0000,1067927.3750,1666691.2500,-69,-32768,-110
01:01:09,1971.76,25.23,59.72,3276.70,0.00,25.2926,25.2895,25.0789,25.0746,38094005,1079706,1669291,38062528.0000,1067927.3750,1667144.3750,-69,-32768,-110
01:01:11,1977.19,25.23,59.49,3276.70,0.00,25.2880,25.2894,25.0736,25.0746,38090173,1079712,1669565,38066020.0000,1069329.8750,1667220.0000,-69,-32768,-110
01:01:14,1982.62,25.23,59.39,3276.70,0.00,25.2880,25.2892,25.0736,25.0742,38090173,1079695,1669238,38068956.0000,1070562.8750,1667461.3750,-69,-32768,-110
01:01:16,1982.62,25.23,59.14,3276.70,0.00,25.2885,25.2892,25.0735,25.0742,38094352,1080313,1669238,38071848.0000,1071710.5000,1667552.2500,-69,-32768,-110
01:01:18,1988.05,25.23,58.90,3276.70,0.00,25.2917,25.2891,25.0761,25.0741,38095840,1080914,1668448,38071848.0000,1071710.5000,1667552.2500,-69,-32768,-110
01:01:19,1988.05,25.23,58.77,3276.70,0.00,25.2942,25.2894,25.0781,25.0743,38097366,1081534,1668451,38074084.0000,1072575.0000,1667644.7500,-69,-32768,-110
01:01:21,1988.05,25.23,58.69,3276.70,0.00,25.2952,25.2895,25.0793,25.0745,38099381,1081534,1668451,38075756.0000,1073160.1250,1667747.6250,-69,-32768,-110
01:01:22,1988.05,25.24,58.69,3276.70,0.00,25.2970,25.2899,25.0812,25.0748,38106112,1083250,1668279,38077584.0000,1073768.1250,1667803.6250,-69,-32768,-110
01:01:23,1988.05,25.24,58.44,3276.70,0.00,25.2989,25.2904,25.0830,25.0748,38105694,1083687,1669329,38078464.0000,1074078.0000,1667851.3750,-69,-32768,-110
01:01:25,1988.05,25.24,58.27,3276.70,0.00,25.2998,25.2907,25.0841,25.0748,38109134,1084489,1669494,38080284.0000,1074707.5000,1667851.3750,-69,-32768,-110
01:01:28,1988.05,25.24,58.10,3276.70,0.00,25.2998,25.2920,25.0871,25.0748,38109134,1085634,1669439,38083136.0000,1075665.8750,1668163.6250,-69,-32768,-110
01:01:30,1993.48,25.24,57.77,3276.70,0.00,25.3041,25.2927,25.0888,25.0748,38115356,1086775,1671252,38085940.0000,1075665.8750,1668351.2500,-69,-32768,-110
01:01:32,1993.48,25.24,57.60,3276.70,0.00,25.3041,25.2937,25.0888,25.0748,38119539,1087946,1670415,38088884.0000,1077637.5000,1668588.8750,-69,-32768,-110
01:01:34,1993.48,25.24,57.42,3276.70,0.00,25.3041,25.2945,25.0888,25.0797,38122850,1087946,1670540,38092000.0000,1078653.5000,1668588.8750,-69,-32768,-110
01:01:36,1993.48,25.24,57.07,3276.70,0.00,25.3093,25.2958,25.0944,25.0806,38124028,1089758,1671462,38093000.0000,1079000.6250,1668833.5000,-69,-32768,-110
01:01:39,1998.91,25.24,56.89,3276.70,0.00,25.3093,25.2971,25.0944,25.0823,38124028,1091301,1671462,38098056.0000,1080753.6250,1669243.5000,-69,-32768,-110
01:01:41,1998.91,25.24,56.54,3276.70,0.00,25.3123,25.2984,25.0976,25.0836,38132641,1092514,1671856,38100152.0000,1080753.6250,1669389.0000,-69,-32768,-110
01:01:44,1998.91,25.24,56.34,3276.70,0.00,25.3123,25.2997,25.0976,25.0849,38132641,1094229,1671966,38104300.0000,1082913.6250,1669716.7500,-69,-32768,-110
01:01:46,2004.34,25.24,55.96,3276.70,0.00,25.3142,25.3009,25.0998,25.0849,38138769,1095126,1672431,38106404.0000,1083651.6250,1669846.8750,-69,-32768,-110
01:01:48,1998.91,25.24,55.77,3276.70,0.00,25.3145,25.3009,25.1002,25.0849,38140287,1095126,1672794,38109468.0000,1085133.7500,1670170.1250,-69,-32768,-110
01:01:50,1998.91,25.24,55.48,3276.70,0.00,25.3148,25.3032,25.1008,25.0882,38143046,1097136,1671449,38109468.0000,1085133.7500,1670254.6250,-69,-32768,-110
01:01:54,1998.91,25.24,55.19,3276.70,0.00,25.3148,25.3042,25.1008,25.0896,38143046,1098677,1671449,38109468.0000,1085133.7500,1670254.6250,-69,-32768,-110
01:01:56,1998.91,25.24,54.74,3276.70,0.00,25.3153,25.3042,25.1010,25.0909,38148759,1100460,1672201,38119540.0000,1088534.8750,1670671.7500,-69,-32768,-110
01:01:58,1998.91,25.24,54.74,3276.70,0.00,25.3153,25.3063,25.1011,25.0914,38150964,1101437,1671959,38121392.0000,1089315.1250,1670751.3750,-69,-32768,-110
01:02:00,1998.91,25.24,54.74,3276.70,0.00,25.3150,25.3068,25.1010,25.0920,38153331,1101988,1671959,38121392.0000,1090471.8750,1670968.1250,-69,-32768,-110
01:02:01,1998.91,25.24,54.06,3276.70,0.00,25.3148,25.3072,25.1010,25.0925,38154017,1102895,1673834,38126160.0000,1091247.6250,1671124.6250,-69,-32768,-110
01:02:02,1998.91,25.24,53.97,3276.70,0.00,25.3148,25.3075,25.1010,25.0930,38156611,1103717,1673749,38127108.0000,1091637.3750,1671206.6250,-69,-32768,-110
01:02:05,1998.91,25.24,53.79,3276.70,0.00,25.3150,25.3079,25.1010,25.0932,38157333,1103717,1673749,38128964.0000,1091637.3750,1671368.8750,-69,-32768,-110
01:02:06,1998.91,25.24,53.61,3276.70,0.00,25.3150,25.3085,25.1010,25.0941,38161800,1105934,1673092,38131808.0000,1093609.5000,1671456.7500,-69,-32768,-110
01:02:08,1998.91,25.24,53.33,3276.70,0.00,25.3153,25.3089,25.1014,25.0941,38162324,1106787,1672761,38133688.0000,1093609.5000,1671524.1250,-69,-32768,-110
01:02:10,1998.91,25.24,53.16,3276.70,0.00,25.3153,25.3089,25.1016,25.0949,38164096,1107614,1673714,38135532.0000,1095205.3750,1671672.8750,-69,-32768,-110
01:02:12,1998.91,25.24,52.98,3276.70,0.00,25.3153,25.3097,25.1016,25.0953,38163500,1108527,1673311,38137240.0000,1096013.1250,1671672.8750,-69,-32768,-110
01:02:14,1998.91,25.24,52.71,3276.70,0.00,25.3153,25.3102,25.1016,25.0960,38168794,1110152,1673570,38140808.0000,1097633.3750,1671919.5000,-69,-32768,-110
01:02:16,1998.91,25.24,52.44,3276.70,0.00,25.3161,25.3105,25.1024,25.0962,38168123,1110654,1673912,38141660.0000,1098040.2500,1671981.7500,-69,-32768,-110
01:02:17,1998.91,25.24,52.36,3276.70,0.00,25.3164,25.3106,25.1024,25.0962,38171396,1111615,1674050,38143456.0000,1098861.0000,1672102.8750,-69,-32768,-110
01:02:20,1998.91,25.24,52.17,3276.70,0.00,25.3164,25.3111,25.1029,25.0962,38175055,1112965,1673691,38146192.0000,1100100.7500,1672102.8750,-69,-32768,-110
01:02:22,2004.34,25.24,51.91,3276.70,0.00,25.3171,25.3111,25.1034,25.0962,38176079,1114253,1673520,38148856.0000,1101356.2500,1672405.1250,-69,-32768,-110
01:02:24,2004.34,25.24,51.65,3276.70,0.00,25.3171,25.3120,25.1036,25.0979,38179721,1115161,1673741,38150684.0000,1102193.3750,1672486.7500,-69,-32768,-110
01:02:27,2004.34,25.24,51.38,3276.70,0.00,25.3171,25.3125,25.1036,25.0985,38181369,1115161,1674004,38154152.0000,1103897.2500,1672655.3750,-69,-32768,-110
01:02:29,2004.34,25.24,51.13,3276.70,0.00,25.3178,25.3125,25.1040,25.0985,38184284,1118581,1674343,38156884.0000,1105192.7500,1672800.2500,-69,-32768,-110
01:02:30,2004.34,25.24,50.88,3276.70,0.00,25.3179,25.3132,25.1041,25.0985,38184376,1119409,1674833,38158536.0000,1106056.6250,1672906.3750,-69,-32768,-110
01:02:32,2004.34,25.24,50.72,3276.70,0.00,25.3182,25.3134,25.1043,25.0995,38186506,1120445,1674610,38160244.0000,1106923.2500,1673030.8750,-69,-32768,-110
01:02:34,2004.34,25.24,50.64,3276.70,0.00,25.3181,25.3137,25.1041,25.0997,38186892,1120445,1674264,38161076.0000,1107365.1250,1673030.8750,-69,-32768,-110
01:02:35,2004.34,25.24,50.39,3276.70,0.00,25.3180,25.3139,25.1042,25.0997,38190547,1122299,1674280,38163616.0000,1108683.0000,1673219.7500,-69,-32768,-110
01:02:36,2004.34,25.24,50.30,3276.70,0.00,25.3174,25.3141,25.1042,25.1002,38191709,1122820,1673670,38164492.0000,1109124.7500,1673219.7500,-69,-32768,-110
01:02:38,2004.34,25.24,50.30,3276.70,0.00,25.3174,25.3142,25.1040,25.1004,38193093,1123779,1674823,38166224.0000,1110014.5000,1673315.3750,-69,-32768,-110
01:02:41,2004.34,25.24,50.30,3276.70,0.00,25.3174,25.3144,25.1040,25.1006,38193093,1125181,1674455,38166224.0000,1110014.5000,1673315.3750,-69,-32768,-110
01:02:42,1998.91,25.24,49.60,3276.70,0.00,25.3173,25.3147,25.1036,25.1009,38197719,1126559,1674656,38171324.0000,1112686.7500,1673528.5000,-69,-32768,-110
01:02:43,2004.34,25.24,49.44,3276.70,0.00,25.3171,25.3147,25.1037,25.1009,38198438,1126935,1675222,38172172.0000,1113132.0000,1673581.3750,-69,-32768,-110
01:02:45,2004.34,25.24,49.36,3276.70,0.00,25.3169,25.3148,25.1039,25.1010,38198120,1127457,1674790,38172984.0000,1113579.7500,1673619.1250,-69,-32768,-110
01:02:47,2004.34,25.24,49.18,3276.70,0.00,25.3168,25.3148,25.1036,25.1010,38201354,1128846,1674948,38175448.0000,1114924.2500,1673774.2500,-69,-32768,-110
01:02:49,2004.34,25.24,48.92,3276.70,0.00,25.3166,25.3148,25.1034,25.1010,38203676,1130250,1674949,38175448.0000,1114924.2500,1673929.7500,-69,-32768,-110
01:02:51,2004.34,25.24,48.74,3276.70,0.00,25.3166,25.3151,25.1033,25.1014,38205311,1131194,1675484,38179644.0000,1117179.3750,1673978.3750,-69,-32768,-110
01:02:53,2004.34,25.24,48.50,3276.70,0.00,25.3166,25.3151,25.1032,25.1014,38205937,1132430,1675383,38181984.0000,1118523.8750,1674074.0000,-69,-32768,-110
01:02:56,2004.34,25.24,48.33,3276.70,0.00,25.3166,25.3152,25.1032,25.1016,38205937,1132430,1674771,38184996.0000,1120335.8750,1674204.8750,-69,-32768,-110
01:02:57,2004.34,25.24,48.08,3276.70,0.00,25.3159,25.3152,25.1027,25.1016,38209869,1134920,1675668,38185776.0000,1120791.6250,1674250.6250,-69,-32768,-110
01:02:58,2004.34,25.24,47.92,3276.70,0.00,25.3161,25.3152,25.1025,25.1016,38211775,1135353,1675645,38186588.0000,1121246.6250,1674325.7500,-69,-32768,-110
01:03:00,2004.34,25.24,47.84,3276.70,0.00,25.3159,25.3152,25.1025,25.1016,38213048,1136299,1674906,38188220.0000,1122158.1250,1674343.8750,-69,-32768,-110
01:03:03,2004.34,25.24,47.70,3276.70,0.00,25.3157,25.3152,25.1025,25.1016,38213048,1137575,1675121,38188220.0000,1123976.2500,1674440.7500,-69,-32768,-110
01:03:05,2004.34,25.23,47.70,3276.70,0.00,25.3154,25.3152,25.1025,25.1016,38217879,1139490,1675732,38193676.0000,1125342.6250,1674502.8750,-69,-32768,-110
01:03:07,2004.34,25.23,47.12,3276.70,0.00,25.3154,25.3152,25.1025,25.1016,38219356,1140931,1675299,38196016.0000,1126716.5000,1674502.8750,-69,-32768,-110
01:03:10,2004.34,25.23,46.87,3276.70,0.00,25.3154,25.3152,25.1025,25.1016,38219808,1142291,1675291,38198164.0000,1128093.7500,1674502.8750,-69,-32768,-110
01:03:14,2004.34,25.23,46.55,3276.70,0.00,25.3154,25.3150,25.1025,25.1015,38219808,1144256,1675739,38201088.0000,1128093.7500,1674720.2500,-69,-32768,-110
01:03:15,2004.34,25.23,46.24,3276.70,0.00,25.3146,25.3150,25.1015,25.1015,38225074,1144959,1675682,38201088.0000,1131293.1250,1674787.3750,-69,-32768,-110
01:03:18,2004.34,25.23,46.09,3276.70,0.00,25.3146,25.3148,25.1015,25.1014,38225074,1146672,1675658,38201088.0000,1133100.6250,1674882.8750,-69,-32768,-110
01:03:21,2004.34,25.23,45.85,3276.70,0.00,25.3146,25.3148,25.1015,25.1012,38225074,1148178,1675049,38207416.0000,1133100.6250,1674882.8750,-69,-32768,-110
01:03:24,2004.34,25.23,45.54,3276.70,0.00,25.3146,25.3146,25.1015,25.1011,38229652,1148178,1675049,38210096.0000,1136260.1250,1674947.1250,-69,-32768,-110
01:03:27,2004.34,25.23,45.32,3276.70,0.00,25.3146,25.3145,25.1015,25.1009,38233241,1151065,1676281,38212144.0000,1137156.3750,1674947.1250,-69,-32768,-110
01:03:29,2004.34,25.23,45.32,3276.70,0.00,25.3146,25.3144,25.1015,25.1009,38236612,1151065,1676760,38214984.0000,1138946.7500,1675184.7500,-69,-32768,-110
01:03:31,2004.34,25.23,44.80,3276.70,0.00,25.3143,25.3143,25.1008,25.1009,38236677,1153231,1676302,38216364.0000,1139842.1250,1675219.6250,-69,-32768,-110
01:03:33,2004.34,25.23,44.66,3276.70,0.00,25.3145,25.3143,25.1008,25.1007,38239317,1153231,1676302,38218464.0000,1141175.2500,1675298.6250,-69,-32768,-110
01:03:36,2004.34,25.23,44.46,3276.70,0.00,25.3145,25.3142,25.1008,25.1007,38239317,1153231,1676445,38221184.0000,1142942.6250,1675298.6250,-69,-32768,-110
01:03:38,2004.34,25.23,44.17,3276.70,0.00,25.3139,25.3141,25.1006,25.1006,38243443,1157025,1675750,38221880.0000,1143382.7500,1675416.2500,-69,-32768,-110
01:03:39,2004.34,25.23,44.03,3276.70,0.00,25.3140,25.3140,25.1003,25.1005,38244951,1157911,1675750,38223912.0000,1144702.0000,1675497.6250,-69,-32768,-110
01:03:40,2004.34,25.23,43.95,3276.70,0.00,25.3140,25.3140,25.1003,25.1005,38244231,1158789,1676133,38224548.0000,1145142.2500,1675517.5000,-69,-32768,-110
01:03:42,2004.34,25.23,43.75,3276.70,0.00,25.3138,25.3139,25.1005,25.1005,38244883,1159505,1676699,38225788.0000,1146017.0000,1675565.1250,-69,-32768,-110
01:03:44,2004.34,25.23,43.69,3276.70,0.00,25.3140,25.3139,25.1004,25.1004,38247714,1160429,1676699,38227096.0000,1146888.3750,1675637.7500,-69,-32768,-110
01:03:47,2004.34,25.23,43.69,3276.70,0.00,25.3140,25.3138,25.1004,25.1004,38248023,1161780,1675631,38228968.0000,1146888.3750,1675637.7500,-69,-32768,-110
01:03:48,2004.34,25.23,43.29,3276.70,0.00,25.3137,25.3138,25.1004,25.1004,38248821,1162476,1676132,38228968.0000,1149498.3750,1675760.2500,-69,-32768,-110
01:03:51,2004.34,25.23,43.18,3276.70,0.00,25.3137,25.3137,25.1003,25.1004,38252270,1163940,1675949,38232604.0000,1150783.5000,1675787.7500,-69,-32768,-110
01:03:52,2004.34,25.23,43.00,3276.70,0.00,25.3140,25.3137,25.1005,25.1003,38252221,1164954,1677237,38233800.0000,1151638.8750,1675868.0000,-69,-32768,-110
01:03:53,2004.34,25.23,42.95,3276.70,0.00,25.3137,25.3136,25.1004,25.1003,38252073,1165307,1676620,38234372.0000,1152066.0000,1675891.5000,-69,-32768,-110
01:03:55,2004.34,25.23,42.82,3276.70,0.00,25.3137,25.3136,25.1004,25.1003,38251594,1165307,1676526,38235440.0000,1152911.5000,1675948.2500,-69,-32768,-110
01:03:56,1998.91,25.23,42.71,3276.70,0.00,25.3136,25.3136,25.1004,25.1002,38251952,1166299,1675788,38235960.0000,1153329.8750,1675943.2500,-69,-32768,-110
01:03:58,2004.34,25.23,42.59,3276.70,0.00,25.3137,25.3136,25.1002,25.1002,38255153,1167573,1676045,38237608.0000,1154583.3750,1675956.3750,-69,-32768,-110
01:04:01,2004.34,25.23,42.48,3276.70,0.00,25.3137,25.3136,25.1002,25.1002,38255153,1169213,1676045,38239912.0000,1156259.3750,1675936.1250,-69,-32768,-110
01:04:04,2004.34,25.23,42.48,3276.70,0.00,25.3134,25.3135,25.1002,25.1002,38255696,1169213,1676423,38241408.0000,1157499.8750,1676001.3750,-69,-32768,-110
01:04:06,2004.34,25.23,42.09,3276.70,0.00,25.3136,25.3135,25.1002,25.1001,38258563,1169213,1676336,38242908.0000,1158734.3750,1676048.8750,-69,-32768,-110
01:04:08,2004.34,25.23,41.93,3276.70,0.00,25.3136,25.3135,25.1000,25.1000,38258086,1172146,1677116,38243816.0000,1159550.6250,1676097.2500,-69,-32768,-110
01:04:10,2004.34,25.23,41.93,3276.70,0.00,25.3136,25.3135,25.1000,25.1000,38259730,1173318,1676504,38245204.0000,1160772.8750,1676173.2500,-69,-32768,-110
01:04:11,2004.34,25.23,41.71,3276.70,0.00,25.3134,25.3134,25.0998,25.0999,38260423,1173672,1676575,38245680.0000,1161176.0000,1676185.7500,-69,-32768,-110
01:04:14,2004.34,25.23,41.53,3276.70,0.00,25.3134,25.3133,25.0998,25.0998,38262495,1175263,1675551,38247612.0000,1162788.1250,1676143.1250,-69,-32768,-110
01:04:15,1998.91,25.23,41.34,3276.70,0.00,25.3129,25.3132,25.1000,25.0998,38262495,1175263,1676337,38248116.0000,1163190.2500,1676158.1250,-69,-32768,-110
01:04:16,2004.34,25.23,41.29,3276.70,0.00,25.3132,25.3132,25.1000,25.0998,38266466,1176328,1676394,38249236.0000,1163190.2500,1676158.1250,-69,-32768,-110
01:04:19,2004.34,25.23,41.18,3276.70,0.00,25.3132,25.3131,25.1000,25.0998,38268207,1176967,1676387,38250356.0000,1163190.2500,1676181.5000,-69,-32768,-110
01:04:20,2004.34,25.23,41.00,3276.70,0.00,25.3132,25.3131,25.0998,25.0998,38268551,1178094,1675158,38251928.0000,1165955.7500,1676127.5000,-69,-32768,-110
01:04:23,1998.91,25.23,40.90,3276.70,0.00,25.3129,25.3131,25.0998,25.0998,38269993,1179164,1676268,38253520.0000,1167126.6250,1676124.0000,-69,-32768,-110
01:04:24,2004.34,25.23,40.74,3276.70,0.00,25.3127,25.3131,25.0996,25.0996,38270555,1179957,1676554,38254576.0000,1167903.7500,1676144.8750,-69,-32768,-110
01:04:26,2004.34,25.23,40.62,3276.70,0.00,25.3125,25.3128,25.0995,25.0996,38269484,1180656,1676169,38255484.0000,1168677.6250,1676147.1250,-69,-32768,-110
01:04:27,2004.34,25.23,40.62,3276.70,0.00,25.3124,25.3127,25.0994,25.0995,38271378,1180978,1675815,38255980.0000,1169062.0000,1676136.7500,-69,-32768,-110
01:04:28,2004.34,25.23,40.44,3276.70,0.00,25.3125,25.3127,25.0994,25.0995,38271378,1181647,1676843,38256904.0000,1169825.1250,1676151.3750,-69,-32768,-110
01:04:31,1998.91,25.23,40.33,3276.70,0.00,25.3125,25.3126,25.0992,25.0993,38273402,1182327,1676843,38258368.0000,1169825.1250,1676285.8750,-69,-32768,-110
01:04:33,2004.34,25.23,40.15,3276.70,0.00,25.3125,25.3125,25.0992,25.0992,38272262,1183649,1676177,38259696.0000,1172091.8750,1676277.7500,-69,-32768,-110
01:04:36,2004.34,25.22,39.98,3276.70,0.00,25.3121,25.3125,25.0992,25.0991,38273388,1183649,1676177,38260968.0000,1173209.5000,1676296.5000,-69,-32768,-110
01:04:37,2004.34,25.22,39.98,3276.70,0.00,25.3119,25.3123,25.0986,25.0991,38274376,1183649,1676177,38261748.0000,1173950.6250,1676300.1250,-69,-32768,-110
01:04:40,2004.34,25.22,39.98,3276.70,0.00,25.3119,25.3121,25.0986,25.0991,38275732,1186612,1676177,38263504.0000,1175437.6250,1676355.7500,-69,-32768,-110
01:04:43,2004.34,25.22,39.98,3276.70,0.00,25.3119,25.3120,25.0986,25.0988,38275732,1187906,1675891,38264700.0000,1176540.5000,1676418.1250,-69,-32768,-110
01:04:45,2004.34,25.22,39.98,3276.70,0.00,25.3116,25.3119,25.0987,25.0987,38277326,1188983,1676290,38265812.0000,1177636.0000,1676375.1250,-69,-32768,-110
01:04:47,2004.34,25.22,39.13,3276.70,0.00,25.3116,25.3119,25.0987,25.0986,38278165,1189607,1676499,38266576.0000,1178363.7500,1676375.1250,-69,-32768,-110
01:04:49,2004.34,25.22,39.02,3276.70,0.00,25.3118,25.3119,25.0983,25.0986,38281811,1189607,1676499,38267904.0000,1179447.1250,1676394.0000,-69,-32768,-110
01:04:51,2004.34,25.22,38.85,3276.70,0.00,25.3114,25.3116,25.0985,25.0985,38280494,1190963,1676980,38268704.0000,1180165.5000,1676394.0000,-69,-32768,-110
01:04:52,2004.34,25.22,38.73,3276.70,0.00,25.3116,25.3116,25.0984,25.0984,38282531,1191598,1676624,38269136.0000,1180522.7500,1676430.5000,-69,-32768,-110
01:04:53,2004.34,25.22,38.63,3276.70,0.00,25.3113,25.3115,25.0980,25.0984,38280776,1192301,1677039,38269860.0000,1181234.7500,1676468.3750,-69,-32768,-110
01:04:55,2004.34,25.22,38.57,3276.70,0.00,25.3112,25.3114,25.0980,25.0983,38281152,1192648,1676603,38270216.0000,1181591.3750,1676472.5000,-69,-32768,-110
01:04:57,2004.34,25.22,38.45,3276.70,0.00,25.3112,25.3114,25.0981,25.0982,38281385,1193433,1675709,38270216.0000,1181591.3750,1676472.5000,-69,-32768,-110
01:04:59,2004.34,25.22,38.30,3276.70,0.00,25.3111,25.3112,25.0980,25.0981,38282365,1194429,1676939,38272272.0000,1183684.8750,1676451.0000,-69,-32768,-110
01:05:01,2004.34,25.22,38.19,3276.70,0.00,25.3111,25.3112,25.0980,25.0980,38285087,1195511,1676834,38273332.0000,1184730.1250,1676519.8750,-69,-32768,-110
01:05:03,2004.34,25.22,38.19,3276.70,0.00,25.3107,25.3111,25.0978,25.0980,38285087,1196100,1677048,38274068.0000,1185422.2500,1676546.0000,-69,-32768,-110
01:05:06,2004.34,25.22,37.85,3276.70,0.00,25.3109,25.3111,25.0977,25.0979,38285863,1196845,1677048,38274068.0000,1185422.2500,1676550.6250,-69,-32768,-110
01:05:07,2004.34,25.22,37.75,3276.70,0.00,25.3109,25.3109,25.0977,25.0978,38287771,1197672,1676729,38274068.0000,1185422.2500,1676556.1250,-69,-32768,-110
01:05:08,2004.34,25.22,37.63,3276.70,0.00,25.3108,25.3109,25.0977,25.0978,38286433,1197672,1676729,38276580.0000,1187815.2500,1676578.1250,-69,-32768,-110
01:05:11,2004.34,25.22,37.53,3276.70,0.00,25.3107,25.3109,25.0977,25.0977,38286433,1199386,1676675,38277616.0000,1188827.5000,1676618.3750,-69,-32768,-110
01:05:13,2004.34,25.22,37.31,3276.70,0.00,25.3108,25.3108,25.0977,25.0977,38289642,1200086,1677190,38278644.0000,1189825.6250,1676643.8750,-69,-32768,-110
01:05:15,2004.34,25.22,37.22,3276.70,0.00,25.3108,25.3107,25.0977,25.0975,38290682,1201137,1676649,38279696.0000,1190822.2500,1676681.3750,-69,-32768,-110
01:05:17,2004.34,25.22,37.06,3276.70,0.00,25.3105,25.3107,25.0977,25.0975,38290510,1201746,1676867,38280364.0000,1191485.2500,1676707.3750,-69,-32768,-110
01:05:19,2004.34,25.22,37.06,3276.70,0.00,25.3105,25.3107,25.0973,25.0975,38290444,1202417,1676742,38281248.0000,1192457.5000,1676747.7500,-69,-32768,-110
01:05:21,2004.34,25.22,36.79,3276.70,0.00,25.3104,25.3105,25.0975,25.0974,38290444,1202417,1676869,38281852.0000,1193103.2500,1676758.1250,-69,-32768,-110
01:05:22,2004.34,25.22,36.75,3276.70,0.00,25.3105,25.3105,25.0974,25.0974,38293238,1203566,1676232,38282208.0000,1193430.2500,1676741.6250,-69,-32768,-110
01:05:24,2004.34,25.22,36.75,3276.70,0.00,25.3103,25.3104,25.0975,25.0974,38291051,1204053,1676656,38282788.0000,1194074.7500,1676718.0000,-69,-32768,-110
01:05:26,2004.34,25.22,36.54,3276.70,0.00,25.3104,25.3104,25.0974,25.0974,38292236,1204839,1677562,38283668.0000,1195028.3750,1676751.2500,-69,-32768,-110
01:05:27,2004.34,25.22,36.39,3276.70,0.00,25.3104,25.3104,25.0975,25.0973,38292915,1205367,1676653,38284240.0000,1195655.6250,1676748.1250,-69,-32768,-110
01:05:29,2004.34,25.22,36.30,3276.70,0.00,25.3104,25.3104,25.0975,25.0973,38292757,1206043,1676671,38284772.0000,1196283.6250,1676725.6250,-69,-32768,-110
01:05:32,2004.34,25.22,36.20,3276.70,0.00,25.3104,25.3103,25.0975,25.0972,38292757,1206818,1677455,38285632.0000,1197529.5000,1676773.3750,-69,-32768,-110
01:05:34,2004.34,25.21,36.01,3276.70,0.00,25.3102,25.3103,25.0972,25.0972,38294016,1207651,1676765,38286420.0000,1198144.3750,1676773.3750,-69,-32768,-110
01:05:35,2004.34,25.21,35.92,3276.70,0.00,25.3100,25.3102,25.0970,25.0971,38296159,1207966,1677371,38287008.0000,1198757.2500,1676808.6250,-69,-32768,-110
01:05:37,2004.34,25.21,35.88,3276.70,0.00,25.3102,25.3102,25.0970,25.0971,38295441,1208486,1677971,38287272.0000,1199061.2500,1676844.8750,-69,-32768,-110
01:05:38,2004.34,25.21,35.79,3276.70,0.00,25.3101,25.3101,25.0970,25.0971,38295597,1209386,1677660,38288084.0000,1199968.3750,1676932.6250,-69,-32768,-110
01:05:41,2004.34,25.21,35.65,3276.70,0.00,25.3101,25.3101,25.0971,25.0971,38295479,1209904,1676852,38288752.0000,1200872.1250,1676930.2500,-69,-32768,-110
01:05:43,2004.34,25.21,35.50,3276.70,0.00,25.3103,25.3100,25.0971,25.0971,38296095,1210598,1677891,38289188.0000,1201462.5000,1676964.0000,-69,-32768,-110
01:05:44,2004.34,25.21,35.41,3276.70,0.00,25.3102,25.3100,25.0968,25.0969,38297846,1210981,1677616,38289704.0000,1202056.8750,1676964.0000,-69,-32768,-110
01:05:46,2004.34,25.21,35.33,3276.70,0.00,25.3099,25.3099,25.0970,25.0969,38297260,1211441,1677460,38289940.0000,1202056.8750,1677019.5000,-69,-32768,-110
01:05:48,2004.34,25.21,35.24,3276.70,0.00,25.3099,25.3098,25.0970,25.0968,38296730,1212405,1677259,38290744.0000,1203508.2500,1677048.1250,-69,-32768,-110
01:05:51,2004.34,25.21,35.10,3276.70,0.00,25.3100,25.3098,25.0969,25.0968,38297170,1212774,1677259,38290744.0000,1203508.2500,1677009.6250,-69,-32768,-110
01:05:53,2004.34,25.21,35.10,3276.70,0.00,25.3100,25.3098,25.0970,25.0968,38297170,1213694,1676838,38291776.0000,1203508.2500,1676978.0000,-69,-32768,-110
01:05:55,2004.34,25.21,34.84,3276.70,0.00,25.3100,25.3098,25.0968,25.0968,38298066,1213694,1676838,38292368.0000,1205783.1250,1676966.5000,-69,-32768,-110
01:05:57,2004.34,25.21,34.84,3276.70,0.00,25.3100,25.3097,25.0968,25.0967,38297015,1215209,1675899,38292880.0000,1206620.7500,1676979.6250,-69,-32768,-110
01:05:59,2004.34,25.21,34.63,3276.70,0.00,25.3099,25.3097,25.0968,25.0967,38298467,1215795,1676577,38293192.0000,1207176.7500,1676931.1250,-69,-32768,-110
01:06:12,2004.34,25.21,33.96,3276.70,0.00,25.3096,25.3095,25.0963,25.0965,38302235,1220094,1677020,38296240.0000,1211823.6250,1677067.6250,-69,-32768,-110
01:06:14,2004.34,25.21,33.85,3276.70,0.00,25.3093,25.3095,25.0961,25.0965,38300444,1220277,1677020,38296368.0000,1212087.7500,1677044.5000,-69,-32768,-110
01:06:15,2004.34,25.21,33.81,3276.70,0.00,25.3094,25.3094,25.0966,25.0965,38301755,1220870,1677550,38296684.0000,1212619.6250,1677037.3750,-69,-32768,-110
01:06:18,2004.34,25.21,33.69,3276.70,0.00,25.3094,25.3093,25.0966,25.0964,38303931,1220870,1677356,38297472.0000,1213680.5000,1677051.8750,-69,-32768,-110
01:06:21,2004.34,25.21,33.57,3276.70,0.00,25.3094,25.3093,25.0962,25.0963,38303690,1222382,1676701,38297812.0000,1214472.8750,1677051.8750,-69,-32768,-110
01:06:23,2004.34,25.21,33.46,3276.70,0.00,25.3096,25.3093,25.0962,25.0963,38304844,1223096,1676701,38298424.0000,1214996.3750,1677051.8750,-69,-32768,-110
01:06:25,2004.34,25.21,33.33,3276.70,0.00,25.3096,25.3093,25.0962,25.0962,38305197,1224196,1677333,38299188.0000,1216042.7500,1677104.1250,-69,-32768,-110
01:06:27,2004.34,25.21,33.33,3276.70,0.00,25.3092,25.3093,25.0962,25.0962,38304567,1224292,1677333,38299520.0000,1216558.1250,1677109.3750,-69,-32768,-110
01:06:31,2004.34,25.21,33.33,3276.70,0.00,25.3092,25.3092,25.0962,25.0961,38304567,1225617,1677809,38299520.0000,1217588.8750,1677165.3750,-69,-32768,-110
01:06:32,2004.34,25.21,32.95,3276.70,0.00,25.3093,25.3091,25.0961,25.0961,38308135,1225977,1677746,38300664.0000,1218099.7500,1677213.8750,-69,-32768,-110
01:06:35,2004.34,25.21,32.92,3276.70,0.00,25.3093,25.3091,25.0961,25.0961,38308135,1227265,1676664,38301348.0000,1219135.6250,1677117.3750,-69,-32768,-110
01:06:37,2004.34,25.21,32.76,3276.70,0.00,25.3093,25.3090,25.0960,25.0960,38307896,1227614,1678019,38301760.0000,1219652.5000,1677139.7500,-69,-32768,-110
01:06:38,2004.34,25.21,32.69,3276.70,0.00,25.3089,25.3090,25.0961,25.0960,38307465,1227744,1678050,38301936.0000,1219905.3750,1677147.6250,-69,-32768,-110
01:06:40,2004.34,25.21,32.62,3276.70,0.00,25.3091,25.3089,25.0958,25.0959,38307714,1228392,1676456,38302284.0000,1220417.2500,1677126.0000,-69,-32768,-110
01:06:42,2004.34,25.21,32.54,3276.70,0.00,25.3091,25.3089,25.0958,25.0958,38308107,1229102,1677116,38302984.0000,1221423.2500,1677126.5000,-69,-32768,-110
01:06:45,2009.78,25.21,32.54,3276.70,0.00,25.3092,25.3089,25.0960,25.0958,38307464,1229356,1677116,38302984.0000,1221423.2500,1677189.5000,-69,-32768,-110
01:06:46,2004.34,25.21,32.32,3276.70,0.00,25.3090,25.3089,25.0958,25.0958,38308655,1229356,1677116,38303844.0000,1222668.6250,1677215.2500,-69,-32768,-110
01:06:48,2009.78,25.21,32.25,3276.70,0.00,25.3087,25.3088,25.0957,25.0958,38310498,1230838,1676719,38304240.0000,1223167.2500,1677203.1250,-69,-32768,-110
01:06:50,2004.34,25.21,32.18,3276.70,0.00,25.3087,25.3087,25.0957,25.0957,38311925,1231527,1676472,38304872.0000,1223903.2500,1677144.2500,-69,-32768,-110
01:06:52,2004.34,25.21,32.08,3276.70,0.00,25.3089,25.3087,25.0957,25.0957,38311925,1232139,1677360,38305256.0000,1224402.6250,1677143.8750,-69,-32768,-110
01:06:55,2004.34,25.21,32.01,3276.70,0.00,25.3089,25.3087,25.0957,25.0956,38311925,1233013,1676917,38306132.0000,1225385.0000,1677104.8750,-69,-32768,-110
01:06:59,2004.34,25.21,31.87,3276.70,0.00,25.3085,25.3087,25.0957,25.0956,38311925,1233457,1677677,38306132.0000,1226346.7500,1677138.0000,-69,-32768,-110
01:07:02,2009.78,25.21,31.75,3276.70,0.00,25.3085,25.3086,25.0957,25.0955,38311925,1234837,1677481,38307556.0000,1227316.2500,1677187.2500,-69,-32768,-110
01:07:05,2004.34,25.20,31.61,3276.70,0.00,25.3085,25.3085,25.0957,25.0955,38313785,1234837,1677481,38307556.0000,1227316.2500,1677157.8750,-69,-32768,-110
01:07:08,2004.34,25.20,31.47,3276.70,0.00,25.3085,25.3085,25.0957,25.0954,38315629,1236335,1676173,38308908.0000,1229229.6250,1677157.8750,-69,-32768,-110
01:07:09,2004.34,25.21,31.33,3276.70,0.00,25.3085,25.3085,25.0954,25.0954,38315123,1236795,1677450,38309252.0000,1229466.0000,1677107.2500,-69,-32768,-110
01:07:10,2004.34,25.20,31.30,3276.70,0.00,25.3087,25.3085,25.0958,25.0954,38314782,1237052,1677379,38309424.0000,1229703.1250,1677108.5000,-69,-32768,-110
01:07:13,2004.34,25.20,31.30,3276.70,0.00,25.3087,25.3085,25.0958,25.0954,38315659,1237052,1676650,38310308.0000,1230882.3750,1677059.8750,-69,-32768,-110
01:07:16,2004.34,25.20,31.10,3276.70,0.00,25.3087,25.3085,25.0953,25.0953,38315659,1238956,1678005,38310792.0000,1231594.5000,1677110.1250,-69,-32768,-110
01:07:18,2004.34,25.21,30.99,3276.70,0.00,25.3087,25.3084,25.0953,25.0953,38315038,1239416,1677350,38311084.0000,1232070.0000,1677127.3750,-69,-32768,-110
01:07:19,2004.34,25.21,30.99,3276.70,0.00,25.3084,25.3084,25.0953,25.0952,38316256,1240138,1676882,38311544.0000,1232782.8750,1677131.1250,-69,-32768,-110
01:07:21,2004.34,25.20,30.86,3276.70,0.00,25.3082,25.3084,25.0948,25.0952,38317104,1240347,1677227,38311716.0000,1233019.2500,1677131.1250,-69,-32768,-110
01:07:22,2004.34,25.20,30.79,3276.70,0.00,25.3083,25.3083,25.0950,25.0951,38319901,1240545,1677162,38311972.0000,1233254.5000,1677151.7500,-69,-32768,-110
01:07:24,1998.91,25.20,30.71,3276.70,0.00,25.3079,25.3082,25.0947,25.0950,38317356,1241307,1677162,38312520.0000,1233967.0000,1677186.1250,-69,-32768,-110
01:07:26,2004.34,25.20,30.71,3276.70,0.00,25.3079,25.3081,25.0947,25.0949,38320131,1241986,1677772,38313152.0000,1234673.3750,1677246.5000,-69,-32768,-110
01:07:29,2004.34,25.20,30.55,3276.70,0.00,25.3079,25.3080,25.0948,25.0948,38318636,1242455,1677165,38313704.0000,1235381.5000,1677258.8750,-69,-32768,-110
01:07:31,2004.34,25.20,30.45,3276.70,0.00,25.3079,25.3079,25.0948,25.0947,38319091,1243343,1677148,38314208.0000,1235381.5000,1677229.5000,-69,-32768,-110
01:07:33,2004.34,25.20,30.35,3276.70,0.00,25.3074,25.3078,25.0945,25.0947,38320287,1243860,1676880,38314536.0000,1236554.5000,1677218.6250,-69,-32768,-110
01:07:36,2004.34,25.20,30.28,3276.70,0.00,25.3074,25.3078,25.0945,25.0946,38320287,1244863,1676354,38315232.0000,1237496.3750,1677183.0000,-69,-32768,-110
01:07:37,2004.34,25.20,30.14,3276.70,0.00,25.3077,25.3077,25.0943,25.0946,38320036,1245262,1678395,38315548.0000,1237970.6250,1677223.5000,-69,-32768,-110
01:07:39,2004.34,25.20,30.08,3276.70,0.00,25.3077,25.3077,25.0945,25.0945,38320361,1245790,1678395,38315852.0000,1238441.2500,1677246.0000,-69,-32768,-110
01:07:42,2004.34,25.20,30.01,3276.70,0.00,25.3075,25.3077,25.0946,25.0945,38320215,1246467,1676921,38316312.0000,1239155.0000,1677245.7500,-69,-32768,-110
01:07:44,2004.34,25.20,29.91,3276.70,0.00,25.3075,25.3076,25.0945,25.0945,38322041,1246890,1677653,38316652.0000,1239623.7500,1677258.1250,-69,-32768,-110
01:07:45,2004.34,25.20,29.84,3276.70,0.00,25.3075,25.3075,25.0944,25.0944,38320785,1247411,1678254,38316912.0000,1240096.0000,1677320.7500,-69,-32768,-110
01:07:47,2004.34,25.20,29.78,3276.70,0.00,25.3075,25.3075,25.0944,25.0943,38324096,1248193,1677551,38317496.0000,1240806.3750,1677321.0000,-69,-32768,-110
01:07:49,2004.34,25.20,29.67,3276.70,0.00,25.3078,25.3075,25.0943,25.0943,38322542,1248584,1677551,38317496.0000,1240806.3750,1677290.2500,-69,-32768,-110
01:07:51,2004.34,25.20,29.58,3276.70,0.00,25.3075,25.3074,25.0941,25.0942,38323306,1249314,1677978,38318416.0000,1241995.1250,1677303.0000,-69,-32768,-110
01:07:55,2004.34,25.20,29.58,3276.70,0.00,25.3075,25.3073,25.0941,25.0942,38323306,1249314,1677461,38318416.0000,1241995.1250,1677304.7500,-69,-32768,-110
01:07:56,2004.34,25.20,29.38,3276.70,0.00,25.3072,25.3072,25.0941,25.0942,38324611,1250714,1678075,38319496.0000,1243409.0000,1677328.7500,-69,-32768,-110
01:07:58,2004.34,25.20,29.31,3276.70,0.00,25.3072,25.3071,25.0941,25.0941,38327402,1251197,1677371,38319944.0000,1243880.3750,1677356.7500,-69,-32768,-110
01:08:01,2004.34,25.19,29.31,3276.70,0.00,25.3072,25.3071,25.0941,25.0939,38327402,1252031,1677899,38320672.0000,1244807.1250,1677421.7500,-69,-32768,-110
01:08:02,2009.78,25.19,29.12,3276.70,0.00,25.3068,25.3070,25.0941,25.0939,38325360,1252562,1676738,38320944.0000,1245280.0000,1677384.8750,-69,-32768,-110
01:08:06,2004.34,25.19,29.06,3276.70,0.00,25.3068,25.3070,25.0941,25.0938,38325360,1253512,1677798,38321680.0000,1246219.7500,1677428.7500,-69,-32768,-110
01:08:07,2004.34,25.20,28.92,3276.70,0.00,25.3067,25.3068,25.0937,25.0937,38328111,1253812,1676773,38321880.0000,1246457.0000,1677408.2500,-69,-32768,-110
01:08:09,2004.34,25.20,28.89,3276.70,0.00,25.3066,25.3068,25.0936,25.0937,38328111,1254281,1677445,38321880.0000,1247166.7500,1677395.3750,-69,-32768,-110
01:08:10,2004.34,25.19,28.79,3276.70,0.00,25.3066,25.3067,25.0936,25.0936,38329094,1254692,1677445,38322744.0000,1247638.6250,1677364.1250,-69,-32768,-110
01:08:12,2004.34,25.19,28.74,3276.70,0.00,25.3066,25.3066,25.0933,25.0935,38327986,1255398,1677733,38323088.0000,1248108.6250,1677382.8750,-69,-32768,-110
01:08:15,2004.34,25.19,28.67,3276.70,0.00,25.3066,25.3065,25.0933,25.0934,38328315,1256050,1677002,38323568.0000,1248810.3750,1677329.0000,-69,-32768,-110
01:08:17,2004.34,25.19,28.54,3276.70,0.00,25.3066,25.3064,25.0933,25.0933,38330355,1256937,1677427,38324340.0000,1249740.5000,1677289.8750,-69,-32768,-110
01:08:20,2004.34,25.19,28.54,3276.70,0.00,25.3061,25.3063,25.0933,25.0933,38330240,1257482,1677427,38324896.0000,1250441.5000,1677250.3750,-69,-32768,-110
01:08:21,2004.34,25.19,28.35,3276.70,0.00,25.3059,25.3062,25.0929,25.0931,38331999,1257910,1676737,38325120.0000,1250674.8750,1677234.3750,-69,-32768,-110
01:08:23,2004.34,25.19,28.35,3276.70,0.00,25.3059,25.3062,25.0927,25.0931,38331034,1258556,1676853,38325688.0000,1251374.3750,1677203.8750,-69,-32768,-110
01:08:25,2004.34,25.19,28.35,3276.70,0.00,25.3055,25.3062,25.0927,25.0929,38330740,1259025,1676882,38326156.0000,1252070.3750,1677195.1250,-69,-32768,-110
01:08:27,2004.34,25.19,28.15,3276.70,0.00,25.3054,25.3060,25.0925,25.0929,38331314,1259442,1677169,38326316.0000,1252300.7500,1677194.3750,-69,-32768,-110
01:08:29,2004.34,25.19,28.15,3276.70,0.00,25.3055,25.3059,25.0923,25.0928,38332456,1260066,1677690,38326872.0000,1253004.1250,1677224.8750,-69,-32768,-110
01:08:30,2004.34,25.19,27.98,3276.70,0.00,25.3054,25.3058,25.0921,25.0928,38332456,1260644,1677326,38327280.0000,1253467.8750,1677230.2500,-69,-32768,-110
01:08:32,2004.34,25.19,27.92,3276.70,0.00,25.3051,25.3057,25.0920,25.0926,38332456,1260644,1677629,38327416.0000,1253931.7500,1677230.2500,-69,-32768,-110
01:08:34,2004.34,25.19,27.86,3276.70,0.00,25.3048,25.3057,25.0921,25.0926,38332332,1261543,1678874,38327920.0000,1254394.3750,1677322.3750,-69,-32768,-110
01:08:36,2004.34,25.19,27.86,3276.70,0.00,25.3047,25.3055,25.0916,25.0924,38332695,1261543,1678874,38328304.0000,1255086.3750,1677312.6250,-69,-32768,-110
01:08:37,2004.34,25.19,27.70,3276.70,0.00,25.3046,25.3054,25.0916,25.0923,38334150,1262453,1676610,38328488.0000,1255316.6250,1677290.6250,-69,-32768,-110
01:08:38,2004.34,25.19,27.67,3276.70,0.00,25.3046,25.3054,25.0915,25.0923,38333782,1262655,1677369,38328652.0000,1255545.8750,1677292.1250,-69,-32768,-110
01:08:40,2004.34,25.19,27.64,3276.70,0.00,25.3043,25.3053,25.0915,25.0922,38333782,1263471,1677369,38329136.0000,1256474.8750,1677266.1250,-69,-32768,-110
01:08:43,2004.34,25.19,27.55,3276.70,0.00,25.3043,25.3052,25.0915,25.0921,38336068,1263471,1677697,38329912.0000,1257178.7500,1677289.6250,-69,-32768,-110
01:08:45,2004.34,25.19,27.43,3276.70,0.00,25.3039,25.3052,25.0909,25.0921,38333138,1264762,1676613,38330176.0000,1257638.3750,1677264.5000,-69,-32768,-110
01:08:46,2009.78,25.19,27.36,3276.70,0.00,25.3036,25.3049,25.0909,25.0919,38335148,1265218,1677496,38330472.0000,1258096.6250,1677252.1250,-69,-32768,-110
01:08:49,2004.34,25.19,27.36,3276.70,0.00,25.3040,25.3049,25.0907,25.0919,38336265,1265829,1677609,38330980.0000,1258783.0000,1677285.2500,-69,-32768,-110
01:08:51,2004.34,25.19,27.21,3276.70,0.00,25.3037,25.3047,25.0904,25.0916,38337714,1266377,1677609,38330980.0000,1259241.0000,1677307.6250,-69,-32768,-110
01:08:53,2004.34,25.19,27.12,3276.70,0.00,25.3033,25.3045,25.0903,25.0915,38337659,1266893,1677609,38331784.0000,1259241.0000,1677347.5000,-69,-32768,-110
01:08:55,2004.34,25.19,27.06,3276.70,0.00,25.3033,25.3043,25.0903,25.0913,38338803,1267801,1677532,38332588.0000,1260631.0000,1677355.8750,-69,-32768,-110
01:08:56,2004.34,25.18,27.06,3276.70,0.00,25.3029,25.3041,25.0900,25.0912,38337455,1268221,1677282,38332892.0000,1261094.3750,1677357.0000,-69,-32768,-110
01:09:00,2004.34,25.19,27.06,3276.70,0.00,25.3029,25.3039,25.0900,25.0911,38337455,1268905,1677282,38333496.0000,1262011.8750,1677370.2500,-69,-32768,-110
01:09:02,2004.34,25.18,26.78,3276.70,0.00,25.3025,25.3038,25.0894,25.0908,38337455,1268905,1677787,38333776.0000,1262469.5000,1677410.5000,-69,-32768,-110
01:09:03,2004.34,25.18,26.72,3276.70,0.00,25.3025,25.3036,25.0892,25.0906,38339347,1270042,1677638,38334096.0000,1262927.7500,1677406.8750,-69,-32768,-110
01:09:04,2004.34,25.18,26.67,3276.70,0.00,25.3022,25.3035,25.0893,25.0905,38340226,1270203,1678657,38334288.0000,1263155.1250,1677445.8750,-69,-32768,-110
01:09:05,2004.34,25.18,26.63,3276.70,0.00,25.3023,25.3035,25.0892,25.0905,38340226,1270750,1677442,38334656.0000,1263611.7500,1677464.8750,-69,-32768,-110
01:09:08,2004.34,25.18,26.60,3276.70,0.00,25.3023,25.3032,25.0892,25.0902,38340993,1270750,1677442,38335188.0000,1264289.1250,1677422.3750,-69,-32768,-110
01:09:10,2004.34,25.18,26.49,3276.70,0.00,25.3018,25.3030,25.0887,25.0900,38340431,1271664,1678247,38335500.0000,1264735.5000,1677490.5000,-69,-32768,-110
01:09:12,2004.34,25.18,26.44,3276.70,0.00,25.3016,25.3029,25.0884,25.0899,38339912,1272072,1676653,38335768.0000,1264735.5000,1677420.0000,-69,-32768,-110
01:09:14,2004.34,25.18,26.36,3276.70,0.00,25.3016,25.3026,25.0884,25.0896,38341901,1272897,1677939,38336448.0000,1266070.6250,1677414.0000,-69,-32768,-110
01:09:16,2004.34,25.18,26.30,3276.70,0.00,25.3008,25.3025,25.0882,25.0895,38340613,1273171,1677939,38336448.0000,1266515.3750,1677457.2500,-69,-32768,-110
01:09:19,2004.34,25.18,26.22,3276.70,0.00,25.3008,25.3023,25.0882,25.0893,38340613,1274007,1677092,38336448.0000,1267179.8750,1677419.1250,-69,-32768,-110
01:09:21,2004.34,25.18,26.10,3276.70,0.00,25.3003,25.3023,25.0875,25.0889,38342941,1274748,1677628,38337704.0000,1267847.2500,1677419.1250,-69,-32768,-110
01:09:23,2004.34,25.18,26.05,3276.70,0.00,25.3002,25.3023,25.0870,25.0889,38343321,1275037,1677340,38338144.0000,1268503.2500,1677442.8750,-69,-32768,-110
01:09:25,2004.34,25.18,26.05,3276.70,0.00,25.3002,25.3015,25.0873,25.0886,38341677,1275643,1676870,38338344.0000,1268939.8750,1677411.2500,-69,-32768,-110
01:09:26,2004.34,25.18,25.90,3276.70,0.00,25.2997,25.3014,25.0867,25.0885,38341303,1275799,1676870,38338576.0000,1269368.5000,1677392.7500,-69,-32768,-110
01:09:29,2004.34,25.18,25.87,3276.70,0.00,25.2994,25.3014,25.0867,25.0882,38343371,1275799,1678125,38338840.0000,1269804.6250,1677392.7500,-69,-32768,-110
01:09:31,2004.34,25.18,25.76,3276.70,0.00,25.2992,25.3011,25.0864,25.0882,38343371,1277270,1678125,38339164.0000,1270463.7500,1677483.2500,-69,-32768,-110
01:09:33,2004.34,25.18,25.76,3276.70,0.00,25.2986,25.3011,25.0858,25.0882,38344994,1277951,1677758,38339552.0000,1271112.8750,1677499.1250,-69,-32768,-110
01:09:35,2004.34,25.18,25.62,3276.70,0.00,25.2989,25.3007,25.0856,25.0882,38343265,1278308,1677758,38339776.0000,1271768.8750,1677472.8750,-69,-32768,-110
01:09:37,2004.34,25.18,25.53,3276.70,0.00,25.2982,25.3004,25.0856,25.0874,38343022,1278914,1677487,38340112.0000,1272204.2500,1677464.7500,-69,-32768,-110
01:09:38,2004.34,25.18,25.53,3276.70,0.00,25.2982,25.3003,25.0852,25.0873,38343044,1279079,1678043,38340204.0000,1272638.1250,1677495.3750,-69,-32768,-110
01:09:40,2004.34,25.18,25.44,3276.70,0.00,25.2981,25.3002,25.0851,25.0872,38344631,1279617,1677075,38340204.0000,1272638.1250,1677495.3750,-69,-32768,-110
01:09:41,2004.34,25.17,25.37,3276.70,0.00,25.2977,25.3000,25.0849,25.0870,38345378,1279967,1677075,38340684.0000,1273286.2500,1677456.2500,-69,-32768,-110
01:09:43,2004.34,25.17,25.33,3276.70,0.00,25.2974,25.3000,25.0849,25.0868,38344578,1280755,1677135,38340944.0000,1273944.2500,1677399.3750,-69,-32768,-110
01:09:44,2004.34,25.17,25.24,3276.70,0.00,25.2971,25.2996,25.0845,25.0867,38345661,1280892,1677977,38341092.0000,1274161.3750,1677417.5000,-69,-32768,-110
01:09:45,2004.34,25.17,25.22,3276.70,0.00,25.2971,25.2995,25.0838,25.0866,38344485,1281115,1677732,38341200.0000,1274378.7500,1677427.2500,-69,-32768,-110
01:09:47,2004.34,25.17,25.19,3276.70,0.00,25.2969,25.2993,25.0838,25.0866,38345798,1281529,1677632,38341468.0000,1274815.0000,1677427.2500,-69,-32768,-110
01:09:48,2004.34,25.17,25.14,3276.70,0.00,25.2970,25.2993,25.0837,25.0862,38345678,1281766,1677829,38341600.0000,1275032.1250,1677454.6250,-69,-32768,-110
01:09:50,2004.34,25.17,25.10,3276.70,0.00,25.2968,25.2991,25.0837,25.0862,38345678,1282138,1677829,38342152.0000,1275681.0000,1677501.1250,-69,-32768,-110
01:09:52,2004.34,25.17,25.02,3276.70,0.00,25.2962,25.2989,25.0837,25.0862,38346215,1282897,1677249,38342452.0000,1275681.0000,1677510.7500,-69,-32768,-110
01:09:54,2004.34,25.17,24.94,3276.70,0.00,25.2962,25.2989,25.0830,25.0862,38346651,1283477,1677199,38342824.0000,1276766.1250,1677522.6250,-69,-32768,-110
01:09:56,2004.34,25.17,24.88,3276.70,0.00,25.2953,25.2982,25.0823,25.0852,38346651,1283477,1677115,38343128.0000,1277199.7500,1677522.6250,-69,-32768,-110
01:09:57,2009.78,25.17,24.79,3276.70,0.00,25.2953,25.2979,25.0821,25.0850,38347277,1284490,1677569,38343560.0000,1277845.3750,1677496.0000,-69,-32768,-110
01:10:01,2004.34,25.17,24.79,3276.70,0.00,25.2953,25.2976,25.0821,25.0846,38347277,1285123,1677569,38343940.0000,1278700.8750,1677507.1250,-69,-32768,-110
01:10:02,2004.34,25.17,24.65,3276.70,0.00,25.2944,25.2972,25.0816,25.0843,38346968,1285524,1676942,38344036.0000,1278914.0000,1677507.1250,-69,-32768,-110
01:10:04,2004.34,25.17,24.61,3276.70,0.00,25.2944,25.2970,25.0816,25.0839,38347237,1286122,1677606,38344268.0000,1279557.7500,1677456.8750,-69,-32768,-110
01:10:07,2004.34,25.17,24.52,3276.70,0.00,25.2944,25.2966,25.0816,25.0836,38347237,1287109,1678007,38344704.0000,1280417.3750,1677490.1250,-69,-32768,-110
01:10:09,2004.34,25.17,24.40,3276.70,0.00,25.2937,25.2963,25.0816,25.0832,38347363,1287520,1676790,38344896.0000,1280848.7500,1677458.1250,-69,-32768,-110
01:10:10,2004.34,25.17,24.34,3276.70,0.00,25.2933,25.2959,25.0803,25.0830,38349039,1287850,1677714,38345116.0000,1281273.1250,1677470.0000,-69,-32768,-110
01:10:14,2004.34,25.17,24.34,3276.70,0.00,25.2933,25.2957,25.0803,25.0827,38349039,1288488,1676753,38345412.0000,1281273.1250,1677436.8750,-69,-32768,-110
01:10:17,2009.78,25.17,24.17,3276.70,0.00,25.2933,25.2952,25.0803,25.0822,38349039,1289379,1677325,38345848.0000,1282769.2500,1677481.5000,-69,-32768,-110
01:10:19,2009.78,25.17,24.17,3276.70,0.00,25.2920,25.2949,25.0803,25.0822,38351046,1290133,1677554,38346264.0000,1283415.3750,1677491.0000,-69,-32768,-110
01:10:22,2004.34,25.17,24.01,3276.70,0.00,25.2920,25.2945,25.0803,25.0815,38351046,1290867,1677706,38346264.0000,1284269.3750,1677521.7500,-69,-32768,-110
01:10:24,2009.78,25.17,23.88,3276.70,0.00,25.2909,25.2945,25.0783,25.0810,38350973,1291327,1675657,38347352.0000,1284896.8750,1677426.7500,-69,-32768,-110
01:10:27,2004.34,25.17,23.83,3276.70,0.00,25.2909,25.2937,25.0783,25.0807,38349976,1292152,1677061,38347632.0000,1285536.6250,1677399.7500,-69,-32768,-110
01:10:28,2004.34,25.17,23.83,3276.70,0.00,25.2905,25.2934,25.0778,25.0804,38351225,1292512,1677061,38347848.0000,1285957.6250,1677397.0000,-69,-32768,-110
01:10:30,2004.34,25.17,23.67,3276.70,0.00,25.2902,25.2932,25.0771,25.0803,38351225,1292955,1677061,38348152.0000,1286593.7500,1677373.3750,-69,-32768,-110
01:10:32,2004.34,25.17,23.59,3276.70,0.00,25.2898,25.2932,25.0771,25.0803,38350636,1293635,1677353,38348312.0000,1287018.3750,1677387.2500,-69,-32768,-110
01:10:33,2009.78,25.16,23.55,3276.70,0.00,25.2895,25.2925,25.0764,25.0796,38351568,1293941,1677277,38348500.0000,1287440.7500,1677382.7500,-69,-32768,-110
01:10:36,2004.34,25.16,23.49,3276.70,0.00,25.2891,25.2925,25.0767,25.0794,38353162,1294474,1677953,38348760.0000,1287440.7500,1677382.7500,-69,-32768,-110
01:10:38,2004.34,25.16,23.45,3276.70,0.00,25.2889,25.2921,25.0759,25.0794,38352511,1294474,1677953,38349144.0000,1288508.6250,1677344.7500,-69,-32768,-110
01:10:39,2004.34,25.16,23.45,3276.70,0.00,25.2887,25.2918,25.0757,25.0789,38353465,1294474,1676966,38349412.0000,1288930.7500,1677317.0000,-69,-32768,-110
01:10:41,2009.78,25.16,23.31,3276.70,0.00,25.2887,25.2915,25.0753,25.0786,38352837,1295939,1676417,38349648.0000,1289352.7500,1677254.5000,-69,-32768,-110
01:10:44,2009.78,25.16,23.26,3276.70,0.00,25.2887,25.2911,25.0753,25.0782,38353052,1296360,1677882,38349968.0000,1289977.1250,1677279.7500,-69,-32768,-110
01:10:47,2004.34,25.16,23.18,3276.70,0.00,25.2887,25.2909,25.0746,25.0778,38352440,1297131,1677882,38349968.0000,1289977.1250,1677279.7500,-69,-32768,-110
01:10:48,2004.34,25.16,23.07,3276.70,0.00,25.2870,25.2905,25.0741,25.0776,38353757,1297546,1676981,38350352.0000,1291233.1250,1677203.1250,-69,-32768,-110
01:10:50,2004.34,25.16,23.02,3276.70,0.00,25.2867,25.2903,25.0741,25.0774,38353757,1297546,1677301,38350660.0000,1291642.3750,1677194.3750,-69,-32768,-110
01:10:51,2004.34,25.16,22.96,3276.70,0.00,25.2862,25.2900,25.0735,25.0771,38354350,1298217,1677301,38350880.0000,1292054.5000,1677158.1250,-69,-32768,-110
01:10:53,2004.34,25.16,22.96,3276.70,0.00,25.2861,25.2896,25.0731,25.0768,38354721,1298892,1676536,38351136.0000,1292054.5000,1677132.3750,-69,-32768,-110
01:10:55,2004.34,25.16,22.86,3276.70,0.00,25.2854,25.2893,25.0729,25.0765,38355233,1299192,1676576,38351312.0000,1292877.2500,1677108.6250,-69,-32768,-110
01:10:57,2004.34,25.16,22.81,3276.70,0.00,25.2852,25.2890,25.0729,25.0761,38355233,1300057,1677495,38351696.0000,1293695.6250,1677055.3750,-69,-32768,-110
01:11:00,2004.34,25.15,22.72,3276.70,0.00,25.2852,25.2886,25.0720,25.0757,38355753,1300224,1677744,38351696.0000,1294105.5000,1677108.2500,-69,-32768,-110
01:11:01,2009.78,25.15,22.65,3276.70,0.00,25.2848,25.2883,25.0719,25.0755,38355051,1300925,1676722,38351696.0000,1294520.1250,1677084.6250,-69,-32768,-110
01:11:03,2004.34,25.16,22.58,3276.70,0.00,25.2841,25.2880,25.0716,25.0752,38354819,1301137,1676722,38351696.0000,1294520.1250,1677056.5000,-69,-32768,-110
01:11:07,2004.34,25.16,22.50,3276.70,0.00,25.2841,25.2874,25.0716,25.0745,38354906,1301137,1676936,38352568.0000,1295963.2500,1677041.3750,-69,-32768,-110
01:11:08,2004.34,25.15,22.40,3276.70,0.00,25.2831,25.2869,25.0704,25.0742,38355607,1302610,1677346,38352664.0000,1296171.0000,1677041.3750,-69,-32768,-110
01:11:12,2009.78,25.15,22.33,3276.70,0.00,25.2831,25.2865,25.0704,25.0736,38355607,1303409,1677346,38352664.0000,1297207.5000,1677018.1250,-69,-32768,-110
01:11:13,2009.78,25.15,22.22,3276.70,0.00,25.2823,25.2860,25.0696,25.0733,38356597,1304068,1677498,38353208.0000,1297624.7500,1677023.5000,-69,-32768,-110
01:11:14,2009.78,25.15,22.17,3276.70,0.00,25.2821,25.2857,25.0691,25.0730,38354260,1304219,1677395,38353240.0000,1297830.7500,1677035.1250,-69,-32768,-110
01:11:15,2009.78,25.15,22.14,3276.70,0.00,25.2818,25.2856,25.0687,25.0728,38354926,1304436,1677395,38353240.0000,1298245.3750,1677004.2500,-69,-32768,-110
01:11:16,2009.78,25.15,22.09,3276.70,0.00,25.2816,25.2853,25.0688,25.0725,38356741,1305075,1676047,38353496.0000,1298458.7500,1676974.2500,-69,-32768,-110
01:11:18,2004.34,25.15,22.05,3276.70,0.00,25.2812,25.2851,25.0683,25.0723,38356389,1305188,1676528,38353588.0000,1298876.8750,1676950.3750,-69,-32768,-110
01:11:20,1998.91,25.15,21.99,3276.70,0.00,25.2805,25.2846,25.0683,25.0719,38357477,1305864,1676284,38353868.0000,1299297.5000,1676912.5000,-69,-32768,-110
01:11:21,1998.91,25.15,21.94,3276.70,0.00,25.2802,25.2845,25.0672,25.0717,38356733,1306214,1676060,38353960.0000,1299734.3750,1676869.8750,-69,-32768,-110
01:11:23,1998.91,25.15,21.86,3276.70,0.00,25.2784,25.2841,25.0661,25.0717,38356733,1307216,1676060,38353960.0000,1299734.3750,1676842.2500,-69,-32768,-110
01:11:26,1993.48,25.15,21.86,3276.70,0.00,25.2784,25.2831,25.0625,25.0703,38356524,1307760,1677011,38354580.0000,1300859.2500,1676842.2500,-69,-32768,-110
01:11:27,1993.48,25.15,21.71,3276.70,0.00,25.2734,25.2825,25.0609,25.0697,38355533,1307760,1677011,38354632.0000,1301516.8750,1676773.8750,-69,-32768,-110
01:11:30,1998.91,25.14,21.71,3276.70,0.00,25.2724,25.2816,25.0609,25.0697,38354571,1308454,1676283,38354648.0000,1301516.8750,1676743.8750,-69,-32768,-110
01:11:32,1998.91,25.14,21.57,3276.70,0.00,25.2722,25.2809,25.0589,25.0678,38354386,1309019,1675698,38354732.0000,1302573.6250,1676693.3750,-69,-32768,-110
01:11:33,1998.91,25.14,21.51,3276.70,0.00,25.2716,25.2803,25.0589,25.0678,38356801,1309654,1676304,38354816.0000,1303000.8750,1676660.6250,-69,-32768,-110
01:11:35,1993.48,25.14,21.51,3276.70,0.00,25.2715,25.2795,25.0589,25.0678,38356245,1310256,1676170,38354928.0000,1303639.0000,1676618.3750,-69,-32768,-110
01:11:38,1998.91,25.14,21.36,3276.70,0.00,25.2715,25.2786,25.0589,25.0656,38359510,1311069,1676393,38355236.0000,1304289.1250,1676615.3750,-69,-32768,-110
01:11:40,1998.91,25.14,21.27,3276.70,0.00,25.2715,25.2779,25.0584,25.0649,38360081,1311069,1676393,38355616.0000,1304948.0000,1676588.5000,-69,-32768,-110
01:11:43,1993.48,25.14,21.27,3276.70,0.00,25.2715,25.2772,25.0581,25.0645,38359984,1312293,1676393,38356000.0000,1305618.6250,1676522.3750,-69,-32768,-110
01:11:45,1998.91,25.14,21.05,3276.70,0.00,25.2704,25.2765,25.0581,25.0638,38359984,1313367,1675905,38356184.0000,1306297.5000,1676532.7500,-69,-32768,-110
01:11:47,1993.48,25.14,20.95,3276.70,0.00,25.2704,25.2759,25.0578,25.0632,38358117,1314018,1676101,38356184.0000,1306297.5000,1676479.5000,-69,-32768,-110
01:11:50,1998.91,25.14,20.84,3276.70,0.00,25.2704,25.2753,25.0578,25.0624,38361994,1315064,1676163,38356852.0000,1307706.7500,1676445.7500,-69,-32768,-110
01:11:51,1998.91,25.14,20.75,3276.70,0.00,25.2702,25.2750,25.0570,25.0622,38361994,1315064,1675659,38357004.0000,1307947.3750,1676421.2500,-69,-32768,-110
01:11:52,1998.91,25.14,20.70,3276.70,0.00,25.2697,25.2746,25.0566,25.0618,38360757,1315788,1676436,38357224.0000,1308425.5000,1676391.5000,-69,-32768,-110
01:11:55,1998.91,25.14,20.61,3276.70,0.00,25.2698,25.2743,25.0566,25.0615,38360757,1316608,1675324,38357620.0000,1308425.5000,1676391.5000,-69,-32768,-110
01:11:58,1998.91,25.13,20.54,3276.70,0.00,25.2698,25.2736,25.0566,25.0609,38360757,1317676,1677203,38358196.0000,1310121.1250,1676382.2500,-69,-32768,-110
01:12:00,1998.91,25.13,20.38,3276.70,0.00,25.2687,25.2732,25.0557,25.0604,38361694,1318362,1676059,38358196.0000,1310121.1250,1676331.7500,-69,-32768,-110
01:12:02,1998.91,25.13,20.31,3276.70,0.00,25.2684,25.2729,25.0555,25.0601,38363225,1318737,1676059,38358196.0000,1310121.1250,1676339.5000,-69,-32768,-110
01:12:03,1998.91,25.14,20.27,3276.70,0.00,25.2684,25.2725,25.0555,25.0596,38363417,1319705,1675898,38359084.0000,1311863.6250,1676324.7500,-69,-32768,-110
01:12:07,1993.48,25.14,20.21,3276.70,0.00,25.2684,25.2721,25.0555,25.0591,38363417,1320268,1675898,38359728.0000,1311863.6250,1676256.1250,-69,-32768,-110
01:12:09,1998.91,25.14,20.21,3276.70,0.00,25.2672,25.2714,25.0547,25.0587,38365476,1321237,1676875,38360028.0000,1313364.6250,1676275.5000,-69,-32768,-110
01:12:11,1998.91,25.14,20.01,3276.70,0.00,25.2672,25.2714,25.0547,25.0584,38365476,1321937,1675869,38360524.0000,1314118.5000,1676280.1250,-69,-32768,-110
01:12:13,1998.91,25.14,19.90,3276.70,0.00,25.2664,25.2707,25.0536,25.0579,38365348,1322408,1676344,38360996.0000,1314874.2500,1676279.1250,-69,-32768,-110
01:12:15,1993.48,25.14,19.90,3276.70,0.00,25.2663,25.2702,25.0533,25.0574,38366533,1323065,1675784,38361392.0000,1314874.2500,1676239.7500,-69,-32768,-110
01:12:17,1993.48,25.13,19.78,3276.70,0.00,25.2661,25.2700,25.0532,25.0573,38364883,1323381,1675856,38361392.0000,1314874.2500,1676239.7500,-69,-32768,-110
01:12:18,1998.91,25.13,19.70,3276.70,0.00,25.2655,25.2696,25.0529,25.0568,38366113,1324114,1676171,38361912.0000,1316373.5000,1676205.7500,-69,-32768,-110
01:12:20,1998.91,25.13,19.68,3276.70,0.00,25.2656,25.2696,25.0526,25.0568,38367082,1324114,1676171,38362424.0000,1317126.0000,1676128.6250,-69,-32768,-110
01:12:22,1998.91,25.13,19.60,3276.70,0.00,25.2652,25.2689,25.0523,25.0568,38367387,1325022,1676171,38362784.0000,1317617.6250,1676131.8750,-69,-32768,-110
01:12:26,1998.91,25.13,19.54,3276.70,0.00,25.2652,25.2685,25.0523,25.0556,38367387,1326247,1676171,38362784.0000,1317617.6250,1676089.1250,-69,-32768,-110
01:12:29,1993.48,25.13,19.54,3276.70,0.00,25.2652,25.2677,25.0523,25.0548,38367387,1327397,1676171,38364364.0000,1319839.2500,1676066.1250,-69,-32768,-110
01:12:33,1998.91,25.13,19.30,3276.70,0.00,25.2652,25.2670,25.0523,25.0543,38367387,1328373,1675862,38364952.0000,1320809.8750,1676002.0000,-69,-32768,-110
01:12:34,1998.91,25.13,19.18,3276.70,0.00,25.2632,25.2667,25.0501,25.0538,38370018,1328878,1675919,38365288.0000,1321297.2500,1676002.1250,-69,-32768,-110
01:12:35,1993.48,25.13,19.14,3276.70,0.00,25.2629,25.2665,25.0500,25.0538,38371413,1329334,1676818,38365660.0000,1321787.8750,1676012.2500,-69,-32768,-110
01:12:37,1998.91,25.13,19.09,3276.70,0.00,25.2625,25.2662,25.0497,25.0538,38370354,1329660,1676238,38366008.0000,1321787.8750,1676012.2500,-69,-32768,-110
01:12:39,1998.91,25.13,19.03,3276.70,0.00,25.2620,25.2660,25.0495,25.0531,38370708,1329961,1676978,38366152.0000,1322505.0000,1676070.0000,-69,-32768,-110
01:12:42,1998.91,25.13,18.99,3276.70,0.00,25.2620,25.2655,25.0495,25.0525,38371614,1329961,1676332,38366736.0000,1323454.2500,1676082.8750,-69,-32768,-110
01:12:44,1998.91,25.13,18.91,3276.70,0.00,25.2620,25.2650,25.0495,25.0521,38372378,1331411,1676467,38367160.0000,1324153.2500,1676109.8750,-69,-32768,-110
01:12:47,1998.91,25.13,18.91,3276.70,0.00,25.2620,25.2647,25.0495,25.0517,38372378,1332213,1676467,38367856.0000,1325087.2500,1676161.1250,-69,-32768,-110
01:12:51,1998.91,25.13,18.91,3276.70,0.00,25.2620,25.2641,25.0495,25.0512,38372378,1333134,1676467,38367856.0000,1325087.2500,1676111.8750,-69,-32768,-110
01:12:52,1998.91,25.13,18.62,3276.70,0.00,25.2603,25.2637,25.0471,25.0508,38374317,1333434,1675922,38368828.0000,1326460.7500,1676106.0000,-69,-32768,-110
01:12:54,1998.91,25.13,18.61,3276.70,0.00,25.2600,25.2636,25.0470,25.0507,38372369,1333434,1675922,38369084.0000,1326460.7500,1676090.7500,-69,-32768,-110
01:12:55,1998.91,25.13,18.56,3276.70,0.00,25.2596,25.2633,25.0468,25.0507,38373184,1333434,1675733,38369524.0000,1327588.1250,1676069.3750,-69,-32768,-110
01:12:59,1998.91,25.13,18.49,3276.70,0.00,25.2596,25.2628,25.0468,25.0497,38373184,1335036,1675781,38369524.0000,1328466.8750,1676047.6250,-69,-32768,-110
01:13:02,1998.91,25.13,18.40,3276.70,0.00,25.2596,25.2621,25.0468,25.0492,38373184,1335036,1676025,38370588.0000,1329337.2500,1676063.1250,-69,-32768,-110
01:13:04,1993.48,25.13,18.31,3276.70,0.00,25.2582,25.2618,25.0455,25.0492,38373184,1336443,1676025,38370824.0000,1329768.7500,1676079.0000,-69,-32768,-110
01:13:06,1998.91,25.13,18.26,3276.70,0.00,25.2579,25.2616,25.0450,25.0492,38374828,1336443,1676025,38371172.0000,1330415.6250,1676079.0000,-69,-32768,-110
01:13:07,1998.91,25.13,18.23,3276.70,0.00,25.2577,25.2616,25.0446,25.0481,38375879,1337504,1675280,38371448.0000,1330846.1250,1676049.8750,-69,-32768,-110
01:13:09,1998.91,25.13,18.16,3276.70,0.00,25.2575,25.2610,25.0444,25.0480,38375060,1337551,1675330,38371560.0000,1331055.6250,1676049.8750,-69,-32768,-110
01:13:10,1998.91,25.13,18.13,3276.70,0.00,25.2572,25.2608,25.0441,25.0478,38375543,1337840,1676291,38371784.0000,1331055.6250,1676049.8750,-69,-32768,-110
01:13:13,1998.91,25.13,18.13,3276.70,0.00,25.2569,25.2604,25.0440,25.0475,38375366,1337840,1675758,38371784.0000,1332089.8750,1676015.6250,-69,-32768,-110
01:13:14,1998.91,25.13,18.01,3276.70,0.00,25.2567,25.2601,25.0437,25.0472,38375017,1338808,1675809,38372288.0000,1332497.8750,1676010.8750,-69,-32768,-110
01:13:17,1998.91,25.12,18.01,3276.70,0.00,25.2564,25.2598,25.0435,25.0470,38376988,1338808,1675809,38372288.0000,1332497.8750,1675965.2500,-69,-32768,-110
01:13:18,1998.91,25.13,17.93,3276.70,0.00,25.2562,25.2596,25.0432,25.0467,38376481,1339524,1676040,38372800.0000,1333314.5000,1675967.6250,-69,-32768,-110
01:13:19,1998.91,25.13,17.90,3276.70,0.00,25.2559,25.2595,25.0432,25.0467,38377484,1340117,1676209,38373060.0000,1333723.7500,1675979.0000,-69,-32768,-110
01:13:21,1993.48,25.13,17.90,3276.70,0.00,25.2559,25.2591,25.0432,25.0461,38377299,1340472,1675870,38373456.0000,1334325.2500,1675946.7500,-69,-32768,-110
01:13:25,1998.91,25.13,17.80,3276.70,0.00,25.2559,25.2588,25.0432,25.0458,38377299,1341116,1675870,38373880.0000,1335109.5000,1675988.3750,-69,-32768,-110
01:13:26,1998.91,25.13,17.80,3276.70,0.00,25.2550,25.2583,25.0417,25.0454,38377660,1341458,1675972,38374116.0000,1335493.8750,1675993.1250,-69,-32768,-110
01:13:28,1998.91,25.12,17.69,3276.70,0.00,25.2550,25.2582,25.0423,25.0453,38379309,1341848,1676664,38374380.0000,1335879.5000,1675993.1250,-69,-32768,-110
01:13:30,1998.91,25.13,17.64,3276.70,0.00,25.2548,25.2579,25.0423,25.0449,38377511,1342197,1676065,38374600.0000,1336454.6250,1676044.1250,-69,-32768,-110
01:13:31,1998.91,25.13,17.60,3276.70,0.00,25.2547,25.2577,25.0417,25.0448,38377372,1342549,1676570,38374844.0000,1336645.1250,1676044.1250,-69,-32768,-110
01:13:33,1998.91,25.13,17.57,3276.70,0.00,25.2543,25.2574,25.0417,25.0445,38381460,1342877,1676165,38375200.0000,1337210.7500,1676044.1250,-69,-32768,-110
01:13:35,1998.91,25.13,17.51,3276.70,0.00,25.2544,25.2571,25.0413,25.0442,38378835,1343260,1675544,38375456.0000,1337399.7500,1676047.8750,-69,-32768,-110
01:13:37,1998.91,25.12,17.51,3276.70,0.00,25.2544,25.2568,25.0413,25.0437,38378835,1343808,1675496,38375964.0000,1338142.8750,1675990.8750,-69,-32768,-110
01:13:40,1998.91,25.12,17.42,3276.70,0.00,25.2537,25.2568,25.0406,25.0437,38380734,1344270,1675512,38376376.0000,1338142.8750,1675943.8750,-69,-32768,-110
01:13:42,1998.91,25.12,17.35,3276.70,0.00,25.2532,25.2561,25.0404,25.0437,38381219,1344779,1676226,38376628.0000,1339055.8750,1675976.1250,-69,-32768,-110
01:13:43,1998.91,25.12,17.33,3276.70,0.00,25.2534,25.2560,25.0405,25.0430,38381219,1345101,1676365,38376840.0000,1339420.2500,1675988.2500,-69,-32768,-110
01:13:45,1998.91,25.12,17.29,3276.70,0.00,25.2529,25.2556,25.0400,25.0427,38380674,1345101,1676365,38377096.0000,1339783.5000,1675995.2500,-69,-32768,-110
01:13:47,1998.91,25.12,17.25,3276.70,0.00,25.2527,25.2554,25.0400,25.0427,38381004,1345693,1676011,38377468.0000,1340311.2500,1675963.8750,-69,-32768,-110
01:13:49,1998.91,25.12,17.21,3276.70,0.00,25.2526,25.2552,25.0400,25.0421,38381104,1346145,1676320,38377712.0000,1340666.3750,1675963.8750,-69,-32768,-110
01:13:50,1998.91,25.12,17.17,3276.70,0.00,25.2525,25.2548,25.0395,25.0419,38381521,1346358,1675773,38377932.0000,1341010.7500,1675986.7500,-69,-32768,-110
01:13:52,1998.91,25.13,17.13,3276.70,0.00,25.2523,25.2548,25.0396,25.0419,38381809,1346608,1675650,38378168.0000,1341010.7500,1675959.2500,-69,-32768,-110
01:13:54,1998.91,25.13,17.09,3276.70,0.00,25.2521,25.2545,25.0396,25.0414,38381569,1347151,1674414,38378472.0000,1341860.3750,1675905.8750,-69,-32768,-110
01:13:57,1998.91,25.13,17.05,3276.70,0.00,25.2521,25.2542,25.0396,25.0411,38381569,1347603,1676819,38378908.0000,1342534.7500,1675940.0000,-69,-32768,-110
01:13:59,1998.91,25.12,17.00,3276.70,0.00,25.2519,25.2540,25.0396,25.0409,38382801,1347838,1675579,38379028.0000,1342700.5000,1675928.6250,-69,-32768,-110
01:14:00,1998.91,25.12,16.95,3276.70,0.00,25.2515,25.2538,25.0384,25.0407,38382578,1348092,1676342,38379268.0000,1343026.8750,1675928.6250,-69,-32768,-110
01:14:02,1993.48,25.12,16.94,3276.70,0.00,25.2512,25.2538,25.0382,25.0407,38383099,1348579,1676085,38379624.0000,1343519.6250,1675940.6250,-69,-32768,-110
01:14:04,1998.91,25.12,16.89,3276.70,0.00,25.2513,25.2534,25.0382,25.0404,38384099,1348579,1675809,38379908.0000,1343848.2500,1675940.6250,-69,-32768,-110
01:14:06,1998.91,25.12,16.83,3276.70,0.00,25.2508,25.2532,25.0379,25.0402,38383240,1349239,1675809,38380104.0000,1344177.5000,1675905.2500,-69,-32768,-110
01:14:07,1998.91,25.12,16.83,3276.70,0.00,25.2510,25.2530,25.0379,25.0400,38382097,1349412,1675534,38380228.0000,1344497.1250,1675880.6250,-69,-32768,-110
01:14:09,1998.91,25.12,16.76,3276.70,0.00,25.2508,25.2529,25.0377,25.0398,38382464,1349795,1675534,38380376.0000,1344815.1250,1675873.3750,-69,-32768,-110
01:14:12,1998.91,25.12,16.76,3276.70,0.00,25.2505,25.2527,25.0375,25.0397,38382057,1349795,1675371,38380376.0000,1345294.7500,1675837.6250,-69,-32768,-110
01:14:13,1998.91,25.12,16.67,3276.70,0.00,25.2504,25.2525,25.0371,25.0395,38382516,1350560,1675091,38380776.0000,1345615.5000,1675798.2500,-69,-32768,-110
01:14:14,1998.91,25.12,16.66,3276.70,0.00,25.2503,25.2524,25.0372,25.0394,38383520,1350668,1675925,38380864.0000,1345773.3750,1675802.2500,-69,-32768,-110
01:14:15,2004.34,25.12,16.65,3276.70,0.00,25.2504,25.2523,25.0373,25.0393,38383464,1350821,1675925,38380864.0000,1345773.3750,1675782.1250,-69,-32768,-110
01:14:18,1998.91,25.12,16.61,3276.70,0.00,25.2497,25.2523,25.0373,25.0391,38383464,1350821,1675520,38380864.0000,1346731.3750,1675776.1250,-69,-32768,-110
01:14:21,1998.91,25.12,16.54,3276.70,0.00,25.2497,25.2518,25.0373,25.0387,38386310,1352191,1675928,38381944.0000,1347213.6250,1675778.7500,-69,-32768,-110
01:14:23,1998.91,25.12,16.49,3276.70,0.00,25.2497,25.2518,25.0366,25.0385,38387000,1352411,1676088,38381944.0000,1347688.7500,1675805.8750,-69,-32768,-110
01:14:26,1998.91,25.12,16.43,3276.70,0.00,25.2494,25.2513,25.0366,25.0382,38387000,1353055,1675955,38382752.0000,1347688.7500,1675858.2500,-69,-32768,-110
01:14:28,1998.91,25.12,16.43,3276.70,0.00,25.2491,25.2510,25.0359,25.0380,38388126,1353531,1676655,38383192.0000,1348640.7500,1675892.5000,-69,-32768,-110
01:14:30,1998.91,25.12,16.43,3276.70,0.00,25.2491,25.2509,25.0357,25.0378,38388010,1353975,1676655,38383604.0000,1349110.3750,1675959.8750,-69,-32768,-110
01:14:33,1998.91,25.12,16.28,3276.70,0.00,25.2491,25.2506,25.0357,25.0375,38387921,1354400,1675002,38383972.0000,1349580.1250,1675929.2500,-69,-32768,-110
01:14:34,1998.91,25.12,16.22,3276.70,0.00,25.2484,25.2504,25.0352,25.0373,38389453,1354794,1675669,38384244.0000,1349896.0000,1675911.5000,-69,-32768,-110
01:14:37,1998.91,25.12,16.22,3276.70,0.00,25.2484,25.2502,25.0352,25.0371,38388090,1354794,1675752,38384648.0000,1350360.7500,1675911.5000,-69,-32768,-110
01:14:40,1998.91,25.12,16.13,3276.70,0.00,25.2482,25.2502,25.0347,25.0371,38388060,1355620,1676720,38385040.0000,1350360.7500,1675911.5000,-69,-32768,-110
01:14:40,1998.91,25.12,16.07,3276.70,0.00,25.2479,25.2498,25.0347,25.0367,38388742,1355912,1677120,38385276.0000,1351141.5000,1675985.6250,-69,-32768,-110
01:14:52,1998.91,25.12,15.89,3276.70,0.00,25.2469,25.2490,25.0338,25.0359,38391547,1357243,1675202,38386836.0000,1353242.6250,1675969.6250,-69,-32768,-110
01:14:53,1998.91,25.11,15.83,3276.70,0.00,25.2466,25.2486,25.0336,25.0355,38390900,1358126,1675202,38387088.0000,1353547.6250,1675884.2500,-69,-32768,-110
01:14:55,1998.91,25.11,15.81,3276.70,0.00,25.2461,25.2484,25.0332,25.0353,38390862,1358499,1674838,38387304.0000,1353850.5000,1675849.2500,-69,-32768,-110
01:14:56,1998.91,25.11,15.76,3276.70,0.00,25.2460,25.2483,25.0331,25.0352,38391395,1358750,1675325,38387432.0000,1354003.6250,1675851.0000,-69,-32768,-110
01:14:58,1998.91,25.11,15.75,3276.70,0.00,25.2461,25.2482,25.0329,25.0352,38392070,1358960,1675325,38387744.0000,1354306.0000,1675851.0000,-69,-32768,-110
01:15:00,1998.91,25.11,15.71,3276.70,0.00,25.2461,25.2480,25.0329,25.0352,38393352,1359414,1676003,38388176.0000,1354763.5000,1675828.8750,-69,-32768,-110
01:15:03,1998.91,25.11,15.66,3276.70,0.00,25.2461,25.2477,25.0322,25.0352,38393352,1359976,1676609,38388596.0000,1355373.3750,1675893.7500,-69,-32768,-110
01:15:05,1998.91,25.11,15.62,3276.70,0.00,25.2461,25.2474,25.0322,25.0344,38393917,1360398,1675709,38388984.0000,1355373.3750,1675872.8750,-69,-32768,-110
01:15:09,1998.91,25.11,15.55,3276.70,0.00,25.2461,25.2471,25.0322,25.0340,38393917,1361070,1675531,38389504.0000,1356294.7500,1675836.2500,-69,-32768,-110
01:15:11,1998.91,25.11,15.48,3276.70,0.00,25.2443,25.2468,25.0314,25.0338,38394663,1361546,1676263,38389900.0000,1356755.3750,1675872.7500,-69,-32768,-110
01:15:12,1998.91,25.11,15.45,3276.70,0.00,25.2440,25.2468,25.0307,25.0338,38394904,1361863,1675261,38390288.0000,1357209.0000,1675820.1250,-69,-32768,-110
01:15:15,1998.91,25.11,15.42,3276.70,0.00,25.2440,25.2462,25.0307,25.0332,38394754,1362210,1676264,38390288.0000,1357663.3750,1675831.6250,-69,-32768,-110
01:15:16,2004.34,25.11,15.37,3276.70,0.00,25.2434,25.2459,25.0301,25.0330,38394431,1362480,1675624,38390856.0000,1357813.8750,1675825.1250,-69,-32768,-110
01:15:18,1998.91,25.11,15.34,3276.70,0.00,25.2434,25.2457,25.0301,25.0327,38395219,1362819,1675828,38391224.0000,1358267.7500,1675812.5000,-69,-32768,-110
01:15:20,2004.34,25.11,15.29,3276.70,0.00,25.2427,25.2455,25.0300,25.0325,38395872,1363026,1675665,38391368.0000,1358267.7500,1675820.3750,-69,-32768,-110
01:15:21,1998.91,25.11,15.26,3276.70,0.00,25.2426,25.2452,25.0295,25.0323,38395314,1363453,1676407,38391592.0000,1358717.3750,1675838.7500,-69,-32768,-110
01:15:22,1998.91,25.10,15.24,3276.70,0.00,25.2423,25.2451,25.0294,25.0321,38394376,1363500,1676417,38391680.0000,1358866.8750,1675856.8750,-69,-32768,-110
01:15:26,1998.91,25.10,15.21,3276.70,0.00,25.2423,25.2448,25.0294,25.0317,38394376,1364017,1676566,38392116.0000,1358866.8750,1675911.6250,-69,-32768,-110
01:15:27,2004.34,25.10,15.21,3276.70,0.00,25.2417,25.2444,25.0288,25.0314,38395387,1364521,1676472,38392384.0000,1359905.5000,1675927.8750,-69,-32768,-110
01:15:29,1998.91,25.10,15.11,3276.70,0.00,25.2411,25.2442,25.0282,25.0312,38395476,1364669,1676300,38392480.0000,1359905.5000,1675939.5000,-69,-32768,-110
01:15:31,1998.91,25.10,15.11,3276.70,0.00,25.2411,25.2438,25.0277,25.0309,38397029,1365260,1675414,38392736.0000,1360507.6250,1675939.5000,-69,-32768,-110
01:15:33,1998.91,25.10,15.03,3276.70,0.00,25.2403,25.2438,25.0275,25.0309,38396037,1365743,1675616,38393200.0000,1361106.2500,1675859.8750,-69,-32768,-110
01:15:34,1998.91,25.10,14.97,3276.70,0.00,25.2398,25.2432,25.0270,25.0303,38396330,1365978,1675212,38393300.0000,1361258.5000,1675839.6250,-69,-32768,-110
01:15:36,1998.91,25.10,14.96,3276.70,0.00,25.2401,25.2432,25.0270,25.0300,38396019,1366123,1675734,38393488.0000,1361558.0000,1675826.2500,-69,-32768,-110
01:15:38,1998.91,25.10,14.93,3276.70,0.00,25.2398,25.2432,25.0264,25.0300,38396082,1366123,1675734,38393764.0000,1361991.3750,1675725.1250,-69,-32768,-110
01:15:40,1998.91,25.10,14.91,3276.70,0.00,25.2392,25.2425,25.0260,25.0296,38398394,1366617,1676381,38393908.0000,1362136.0000,1675745.6250,-69,-32768,-110
01:15:41,2004.34,25.09,14.86,3276.70,0.00,25.2387,25.2423,25.0258,25.0293,38398063,1366987,1675888,38394172.0000,1362428.5000,1675766.6250,-69,-32768,-110
01:15:43,2004.34,25.09,14.86,3276.70,0.00,25.2387,25.2421,25.0257,25.0291,38397698,1367205,1675656,38394384.0000,1362717.7500,1675779.2500,-69,-32768,-110
01:15:44,1998.91,25.09,14.80,3276.70,0.00,25.2384,25.2420,25.0257,25.0291,38398212,1367550,1675268,38394592.0000,1363011.3750,1675729.3750,-69,-32768,-110
01:15:46,1998.91,25.09,14.77,3276.70,0.00,25.2378,25.2415,25.0248,25.0285,38398292,1367765,1674762,38394804.0000,1363300.6250,1675729.3750,-69,-32768,-110
01:15:48,1998.91,25.09,14.74,3276.70,0.00,25.2378,25.2412,25.0245,25.0282,38397350,1368263,1675990,38395056.0000,1363736.2500,1675729.3750,-69,-32768,-110
01:15:50,1998.91,25.09,14.70,3276.70,0.00,25.2370,25.2412,25.0238,25.0282,38397772,1368463,1675106,38395264.0000,1364168.3750,1675645.6250,-69,-32768,-110
01:15:52,2004.34,25.09,14.66,3276.70,0.00,25.2364,25.2405,25.0237,25.0275,38397431,1368767,1675106,38395264.0000,1364312.0000,1675670.8750,-69,-32768,-110
01:15:53,1998.91,25.09,14.66,3276.70,0.00,25.2361,25.2401,25.0232,25.0272,38398778,1369137,1674445,38395528.0000,1364603.6250,1675619.1250,-69,-32768,-110
01:15:56,1998.91,25.09,14.61,3276.70,0.00,25.2361,25.2396,25.0232,25.0267,38398778,1369508,1674445,38395856.0000,1365312.3750,1675559.2500,-69,-32768,-110
01:15:57,1998.91,25.09,14.55,3276.70,0.00,25.2350,25.2393,25.0221,25.0262,38397665,1369837,1674953,38395912.0000,1365453.7500,1675540.2500,-69,-32768,-110
01:15:59,1998.91,25.09,14.51,3276.70,0.00,25.2345,25.2390,25.0220,25.0261,38398442,1369972,1675035,38395992.0000,1365453.7500,1675526.7500,-69,-32768,-110
01:16:02,2004.34,25.09,14.48,3276.70,0.00,25.2345,25.2385,25.0213,25.0256,38396893,1370476,1675203,38395992.0000,1365453.7500,1675526.7500,-69,-32768,-110
01:16:04,2004.34,25.09,14.43,3276.70,0.00,25.2336,25.2382,25.0206,25.0256,38396893,1370815,1674931,38396440.0000,1365453.7500,1675526.7500,-69,-32768,-110
01:16:06,1998.91,25.08,14.40,3276.70,0.00,25.2330,25.2377,25.0202,25.0248,38398805,1370970,1676496,38396588.0000,1365453.7500,1675509.0000,-69,-32768,-110
01:16:08,1998.91,25.08,14.36,3276.70,0.00,25.2325,25.2373,25.0195,25.0243,38399085,1371550,1676496,38396588.0000,1367143.1250,1675509.0000,-69,-32768,-110
01:16:09,1998.91,25.08,14.33,3276.70,0.00,25.2321,25.2369,25.0190,25.0239,38399097,1371825,1676496,38396948.0000,1367563.8750,1675416.7500,-69,-32768,-110
01:16:12,1998.91,25.08,14.29,3276.70,0.00,25.2313,25.2366,25.0190,25.0236,38399097,1372046,1675747,38397088.0000,1367837.0000,1675436.3750,-69,-32768,-110
01:16:14,1998.91,25.08,14.29,3276.70,0.00,25.2312,25.2360,25.0182,25.0230,38399562,1372349,1675747,38397304.0000,1368246.5000,1675388.2500,-69,-32768,-110
01:16:16,1998.91,25.08,14.21,3276.70,0.00,25.2304,25.2354,25.0176,25.0224,38400921,1372756,1674741,38397520.0000,1368519.0000,1675336.8750,-69,-32768,-110
01:16:17,1998.91,25.08,14.18,3276.70,0.00,25.2298,25.2351,25.0169,25.0224,38397424,1372930,1675872,38397564.0000,1368922.7500,1675341.2500,-69,-32768,-110
01:16:19,2004.34,25.08,14.17,3276.70,0.00,25.2296,25.2351,25.0165,25.0224,38398566,1373343,1674978,38397700.0000,1369192.8750,1675322.3750,-69,-32768,-110
01:16:21,1998.91,25.08,14.12,3276.70,0.00,25.2291,25.2343,25.0159,25.0224,38398288,1373533,1674493,38397720.0000,1369466.6250,1675322.3750,-69,-32768,-110
01:16:22,2004.34,25.08,14.10,3276.70,0.00,25.2284,25.2337,25.0155,25.0207,38398936,1373902,1675496,38397776.0000,1369737.1250,1675281.0000,-69,-32768,-110
01:16:25,2004.34,25.08,14.07,3276.70,0.00,25.2282,25.2335,25.0155,25.0203,38398936,1374281,1675612,38398012.0000,1370140.6250,1675276.2500,-69,-32768,-110
01:16:27,1998.91,25.08,14.03,3276.70,0.00,25.2282,25.2327,25.0155,25.0195,38399127,1374596,1675488,38398092.0000,1370536.1250,1675294.1250,-69,-32768,-110
01:16:30,1998.91,25.08,13.98,3276.70,0.00,25.2264,25.2327,25.0134,25.0191,38400183,1374596,1675488,38398224.0000,1370936.6250,1675207.8750,-69,-32768,-110
01:16:32,1998.91,25.07,13.98,3276.70,0.00,25.2264,25.2316,25.0134,25.0191,38400297,1374596,1675488,38398384.0000,1371325.6250,1675211.2500,-69,-32768,-110
01:16:34,2004.34,25.07,13.90,3276.70,0.00,25.2250,25.2310,25.0122,25.0180,38398750,1375563,1674568,38398452.0000,1371587.8750,1675191.1250,-69,-32768,-110
01:16:36,1998.91,25.07,13.87,3276.70,0.00,25.2245,25.2305,25.0118,25.0176,38399841,1375893,1675220,38398532.0000,1371844.6250,1675173.5000,-69,-32768,-110
01:16:37,1998.91,25.07,13.84,3276.70,0.00,25.2241,25.2301,25.0113,25.0172,38398628,1376145,1673803,38398512.0000,1372105.8750,1675114.2500,-69,-32768,-110
01:16:39,1998.91,25.07,13.81,3276.70,0.00,25.2237,25.2297,25.0113,25.0172,38399869,1376346,1675052,38398512.0000,1372105.8750,1675061.2500,-69,-32768,-110
01:16:41,1998.91,25.07,13.81,3276.70,0.00,25.2227,25.2290,25.0099,25.0161,38400920,1376828,1674844,38398784.0000,1372752.2500,1675013.7500,-69,-32768,-110
01:16:43,1998.91,25.07,13.75,3276.70,0.00,25.2224,25.2288,25.0098,25.0161,38401276,1376828,1674999,38398896.0000,1373011.1250,1675013.7500,-69,-32768,-110
01:16:46,2004.34,25.07,13.73,3276.70,0.00,25.2224,25.2279,25.0098,25.0150,38401276,1376828,1674491,38399120.0000,1373529.0000,1675013.7500,-69,-32768,-110
01:16:48,2004.34,25.06,13.67,3276.70,0.00,25.2207,25.2271,25.0080,25.0150,38401539,1377820,1675088,38399280.0000,1373791.2500,1674957.0000,-69,-32768,-110
01:16:51,2004.34,25.06,13.64,3276.70,0.00,25.2203,25.2265,25.0074,25.0136,38402066,1378072,1675088,38399280.0000,1373791.2500,1674943.1250,-69,-32768,-110
01:16:53,2004.34,25.06,13.60,3276.70,0.00,25.2196,25.2265,25.0068,25.0136,38399460,1378550,1674049,38399672.0000,1374681.1250,1674878.5000,-69,-32768,-110
01:16:56,2004.34,25.06,13.55,3276.70,0.00,25.2196,25.2251,25.0068,25.0121,38400157,1378550,1674287,38399716.0000,1375054.5000,1674878.5000,-69,-32768,-110
01:16:59,1998.91,25.06,13.50,3276.70,0.00,25.2196,25.2241,25.0068,25.0111,38400157,1378550,1674822,38399904.0000,1375541.6250,1674812.0000,-69,-32768,-110
01:17:01,1998.91,25.06,13.50,3276.70,0.00,25.2196,25.2234,25.0068,25.0104,38399665,1379772,1673758,38399964.0000,1375910.2500,1674734.7500,-69,-32768,-110
01:17:03,2004.34,25.06,13.42,3276.70,0.00,25.2196,25.2227,25.0034,25.0100,38401375,1379952,1673758,38400104.0000,1376283.0000,1674675.2500,-69,-32768,-110
01:17:06,2004.34,25.06,13.38,3276.70,0.00,25.2196,25.2220,25.0026,25.0093,38400584,1380329,1673758,38400176.0000,1376656.3750,1674591.2500,-69,-32768,-110
01:17:07,2004.34,25.05,13.33,3276.70,0.00,25.2145,25.2216,25.0017,25.0086,38400185,1380613,1674041,38400204.0000,1376899.3750,1674539.7500,-69,-32768,-110
01:17:09,1998.91,25.05,13.31,3276.70,0.00,25.2140,25.2211,25.0016,25.0086,38400079,1380826,1674493,38400200.0000,1376899.3750,1674539.7500,-69,-32768,-110
01:17:12,2004.34,25.05,13.29,3276.70,0.00,25.2140,25.2203,25.0016,25.0074,38400511,1380826,1673842,38400168.0000,1377506.2500,1674477.2500,-69,-32768,-110
01:17:14,2004.34,25.05,13.24,3276.70,0.00,25.2140,25.2193,25.0016,25.0067,38400431,1380826,1673842,38400288.0000,1377991.6250,1674401.5000,-69,-32768,-110
01:17:17,2004.34,25.05,13.20,3276.70,0.00,25.2140,25.2185,25.0016,25.0057,38400337,1382019,1674200,38400400.0000,1378357.8750,1674366.2500,-69,-32768,-110
01:17:19,2004.34,25.05,13.20,3276.70,0.00,25.2105,25.2180,24.9981,25.0054,38401180,1382054,1673906,38400424.0000,1378357.8750,1674343.7500,-69,-32768,-110
01:17:21,1998.91,25.05,13.20,3276.70,0.00,25.2105,25.2172,24.9981,25.0044,38401945,1382649,1674229,38400496.0000,1378959.3750,1674331.7500,-69,-32768,-110
01:17:24,2004.34,25.04,13.09,3276.70,0.00,25.2091,25.2166,24.9981,25.0044,38400714,1382649,1674229,38400496.0000,1378959.3750,1674251.5000,-69,-32768,-110
01:17:26,2004.34,25.04,13.09,3276.70,0.00,25.2091,25.2155,24.9981,25.0027,38401834,1383310,1673532,38400584.0000,1379661.7500,1674218.1250,-69,-32768,-110
01:17:28,1998.91,25.04,13.02,3276.70,0.00,25.2073,25.2147,24.9947,25.0027,38400134,1383396,1673416,38400592.0000,1380005.7500,1674234.3750,-69,-32768,-110
01:17:30,2004.34,25.04,13.02,3276.70,0.00,25.2068,25.2142,24.9940,25.0016,38401911,1383715,1673416,38400592.0000,1380235.5000,1674228.1250,-69,-32768,-110
01:17:32,2004.34,25.04,12.95,3276.70,0.00,25.2060,25.2142,24.9935,25.0016,38400331,1384294,1672871,38400692.0000,1380587.8750,1674125.0000,-69,-32768,-110
01:17:34,2004.34,25.04,12.92,3276.70,0.00,25.2050,25.2125,24.9927,25.0000,38402073,1384361,1672871,38400776.0000,1380930.6250,1674093.6250,-69,-32768,-110
01:17:36,2004.34,25.04,12.92,3276.70,0.00,25.2046,25.2120,24.9917,24.9995,38401941,1384527,1673182,38400816.0000,1380930.6250,1674093.6250,-69,-32768,-110
01:17:37,2004.34,25.04,12.85,3276.70,0.00,25.2040,25.2114,24.9913,24.9989,38400627,1384953,1673664,38400820.0000,1381277.7500,1674022.6250,-69,-32768,-110
01:17:38,1998.91,25.04,12.84,3276.70,0.00,25.2036,25.2112,24.9911,24.9986,38401679,1384994,1673965,38400848.0000,1381393.8750,1674022.6250,-69,-32768,-110
01:17:41,2004.34,25.03,12.82,3276.70,0.00,25.2036,25.2104,24.9911,24.9975,38401392,1384994,1672751,38400848.0000,1381838.5000,1673981.0000,-69,-32768,-110
01:17:44,2004.34,25.03,12.82,3276.70,0.00,25.2019,25.2104,24.9894,24.9975,38400428,1385741,1672751,38400832.0000,1382294.1250,1673877.6250,-69,-32768,-110
01:17:46,1998.91,25.03,12.82,3276.70,0.00,25.2009,25.2087,24.9887,24.9962,38401160,1385741,1672751,38400832.0000,1382294.1250,1673833.6250,-69,-32768,-110
01:17:48,2004.34,25.03,12.70,3276.70,0.00,25.2003,25.2079,24.9887,24.9962,38401130,1386352,1673574,38400756.0000,1382294.1250,1673833.6250,-69,-32768,-110
01:17:52,1998.91,25.03,12.65,3276.70,0.00,25.2003,25.2068,24.9887,24.9943,38401130,1386819,1673574,38400596.0000,1383418.0000,1673712.6250,-69,-32768,-110
01:17:55,2004.34,25.03,12.61,3276.70,0.00,25.2003,25.2057,24.9853,24.9932,38401130,1387011,1673574,38400596.0000,1383744.6250,1673617.2500,-69,-32768,-110
01:17:56,2004.34,25.03,12.55,3276.70,0.00,25.1973,25.2049,24.9853,24.9923,38398445,1387264,1673354,38400384.0000,1383957.7500,1673587.6250,-69,-32768,-110
01:17:58,2004.34,25.03,12.54,3276.70,0.00,25.1970,25.2046,24.9853,24.9918,38399439,1387574,1673588,38400312.0000,1384175.3750,1673586.2500,-69,-32768,-110
01:18:00,2004.34,25.03,12.50,3276.70,0.00,25.1961,25.2038,24.9836,24.9912,38400413,1387665,1673489,38400276.0000,1384389.8750,1673588.7500,-69,-32768,-110
01:18:03,2004.34,25.03,12.50,3276.70,0.00,25.1961,25.2032,24.9836,24.9904,38399941,1388161,1672652,38400248.0000,1384389.8750,1673458.0000,-69,-32768,-110
01:18:05,2004.34,25.02,12.50,3276.70,0.00,25.1961,25.2021,24.9836,24.9893,38400063,1388613,1672977,38400200.0000,1385166.2500,1673413.7500,-69,-32768,-110
01:18:07,2004.34,25.02,12.37,3276.70,0.00,25.1938,25.2013,24.9811,24.9888,38400063,1388613,1672816,38400220.0000,1385507.3750,1673336.7500,-69,-32768,-110
01:18:11,2004.34,25.02,12.33,3276.70,0.00,25.1938,25.2005,24.9811,24.9877,38400063,1389493,1673557,38400232.0000,1385961.1250,1673329.5000,-69,-32768,-110
01:18:13,2004.34,25.02,12.33,3276.70,0.00,25.1916,25.1994,24.9792,24.9869,38400338,1389719,1673557,38400224.0000,1385961.1250,1673264.3750,-69,-32768,-110
01:18:16,1998.91,25.02,12.21,3276.70,0.00,25.1906,25.1994,24.9783,24.9869,38398557,1390278,1673193,38400072.0000,1385961.1250,1673264.3750,-69,-32768,-110
01:18:17,2004.34,25.02,12.17,3276.70,0.00,25.1899,25.1978,24.9775,24.9852,38399070,1390596,1673140,38400008.0000,1386892.6250,1673248.2500,-69,-32768,-110
01:18:18,2004.34,25.02,12.13,3276.70,0.00,25.1896,25.1975,24.9772,24.9850,38400182,1390705,1671838,38400016.0000,1387011.7500,1673204.1250,-69,-32768,-110
01:18:20,2004.34,25.02,12.12,3276.70,0.00,25.1894,25.1975,24.9769,24.9850,38399675,1391075,1672495,38399992.0000,1387011.7500,1673204.1250,-69,-32768,-110
01:18:23,1998.91,25.02,12.08,3276.70,0.00,25.1884,25.1975,24.9759,24.9850,38398040,1391552,1672495,38399832.0000,1387737.1250,1673204.1250,-69,-32768,-110
01:18:25,2004.34,25.01,12.01,3276.70,0.00,25.1870,25.1950,24.9748,24.9825,38398501,1391908,1671561,38399760.0000,1388111.0000,1672962.1250,-69,-32768,-110
01:18:27,2004.34,25.01,11.96,3276.70,0.00,25.1867,25.1945,24.9744,24.9820,38399967,1392171,1672490,38399760.0000,1388111.0000,1672906.7500,-69,-32768,-110
01:18:29,2004.34,25.01,11.96,3276.70,0.00,25.1860,25.1939,24.9738,24.9814,38399712,1392441,1672738,38399760.0000,1388111.0000,1672863.5000,-69,-32768,-110
01:18:31,2004.34,25.01,11.96,3276.70,0.00,25.1854,25.1934,24.9733,24.9806,38399268,1392837,1672738,38399788.0000,1388985.7500,1672788.2500,-69,-32768,-110
01:18:34,2004.34,25.01,11.87,3276.70,0.00,25.1854,25.1926,24.9733,24.9798,38399268,1393372,1672522,38399680.0000,1389493.1250,1672712.8750,-69,-32768,-110
01:18:37,1998.91,25.01,11.87,3276.70,0.00,25.1837,25.1926,24.9711,24.9798,38399938,1393840,1672998,38399664.0000,1389493.1250,1672719.1250,-69,-32768,-110
01:18:38,2004.34,25.01,11.75,3276.70,0.00,25.1826,25.1907,24.9706,24.9781,38400001,1394056,1671988,38399664.0000,1389493.1250,1672690.1250,-69,-32768,-110
01:18:39,2004.34,25.01,11.74,3276.70,0.00,25.1826,25.1904,24.9703,24.9779,38398258,1394218,1672475,38399608.0000,1390379.0000,1672683.3750,-69,-32768,-110
01:18:41,2004.34,25.01,11.71,3276.70,0.00,25.1820,25.1898,24.9696,24.9773,38397991,1394349,1672004,38399556.0000,1390503.0000,1672683.3750,-69,-32768,-110
01:18:43,2004.34,25.01,11.71,3276.70,0.00,25.1820,25.1890,24.9687,24.9765,38399594,1394732,1673279,38399556.0000,1390876.5000,1672676.3750,-69,-32768,-110
01:18:45,2004.34,25.01,11.64,3276.70,0.00,25.1805,25.1890,24.9683,24.9765,38398359,1395134,1672604,38399504.0000,1391247.2500,1672690.6250,-69,-32768,-110
01:18:47,2004.34,25.00,11.64,3276.70,0.00,25.1805,25.1890,24.9674,24.9765,38399442,1395484,1670934,38399544.0000,1391626.5000,1672592.7500,-69,-32768,-110
01:18:50,2004.34,25.00,11.58,3276.70,0.00,25.1805,25.1868,24.9674,24.9740,38399442,1395906,1671813,38399456.0000,1392128.8750,1672517.5000,-69,-32768,-110
01:18:52,2004.34,25.00,11.58,3276.70,0.00,25.1783,25.1860,24.9657,24.9740,38399442,1396277,1671939,38399464.0000,1392380.8750,1672473.7500,-69,-32768,-110
01:18:54,2004.34,25.00,11.49,3276.70,0.00,25.1777,25.1855,24.9652,24.9729,38399256,1396417,1671939,38399428.0000,1392380.8750,1672413.5000,-69,-32768,-110
01:18:56,2004.34,25.00,11.44,3276.70,0.00,25.1767,25.1846,24.9644,24.9721,38398622,1396588,1671555,38399364.0000,1392380.8750,1672413.5000,-69,-32768,-110
01:18:59,2004.34,25.00,11.41,3276.70,0.00,25.1761,25.1838,24.9644,24.9713,38398622,1397275,1671555,38399312.0000,1393491.1250,1672235.7500,-69,-32768,-110
01:19:01,2004.34,25.00,11.37,3276.70,0.00,25.1754,25.1830,24.9632,24.9705,38399724,1397464,1671202,38399284.0000,1393491.1250,1672235.7500,-69,-32768,-110
01:19:02,2004.34,25.00,11.33,3276.70,0.00,25.1750,25.1825,24.9622,24.9700,38398203,1397698,1671069,38399220.0000,1393861.8750,1672235.7500,-69,-32768,-110
01:19:05,2004.34,25.00,11.31,3276.70,0.00,25.1743,25.1825,24.9619,24.9700,38399457,1398175,1670262,38399224.0000,1393861.8750,1672073.3750,-69,-32768,-110
01:19:06,2004.34,25.00,11.27,3276.70,0.00,25.1736,25.1814,24.9614,24.9700,38398203,1398299,1671779,38399176.0000,1394489.2500,1672041.3750,-69,-32768,-110
01:19:08,2004.34,25.00,11.27,3276.70,0.00,25.1736,25.1805,24.9605,24.9680,38397024,1398461,1671779,38399012.0000,1394856.6250,1672036.6250,-69,-32768,-110
01:19:10,2004.34,25.00,11.20,3276.70,0.00,25.1725,25.1800,24.9603,24.9675,38398625,1398875,1671779,38398972.0000,1395105.7500,1672003.8750,-69,-32768,-110
01:19:11,2004.34,25.00,11.19,3276.70,0.00,25.1719,25.1795,24.9596,24.9670,38398036,1398958,1672229,38398944.0000,1395226.1250,1672003.8750,-69,-32768,-110
01:19:13,2004.34,25.00,11.15,3276.70,0.00,25.1718,25.1795,24.9591,24.9670,38397521,1399510,1670954,38398884.0000,1395599.7500,1671996.3750,-69,-32768,-110
01:19:15,2004.34,25.00,11.15,3276.70,0.00,25.1708,25.1784,24.9585,24.9659,38398191,1399562,1670793,38398864.0000,1395599.7500,1671953.7500,-69,-32768,-110
01:19:16,2004.34,24.99,11.09,3276.70,0.00,25.1705,25.1779,24.9585,24.9652,38399359,1399915,1671993,38398904.0000,1396094.5000,1671965.0000,-69,-32768,-110
01:19:19,2004.34,24.99,11.06,3276.70,0.00,25.1705,25.1779,24.9572,24.9652,38398750,1400097,1671864,38398904.0000,1396094.5000,1671965.0000,-69,-32768,-110
01:19:21,2004.34,24.99,11.03,3276.70,0.00,25.1694,25.1779,24.9568,24.9652,38397353,1400403,1671864,38398780.0000,1396823.0000,1671832.6250,-69,-32768,-110
01:19:24,2004.34,25.00,10.98,3276.70,0.00,25.1694,25.1756,24.9568,24.9629,38397353,1400786,1671404,38398572.0000,1397181.6250,1671690.3750,-69,-32768,-110
01:19:26,2004.34,25.00,10.94,3276.70,0.00,25.1694,25.1747,24.9568,24.9622,38395843,1401114,1670946,38398236.0000,1397529.5000,1671638.3750,-69,-32768,-110
01:19:29,2004.34,25.01,10.91,3276.70,0.00,25.1676,25.1745,24.9568,24.9617,38395843,1401503,1670946,38398236.0000,1397529.5000,1671579.6250,-69,-32768,-110
01:19:32,2004.34,25.02,10.86,3276.70,0.00,25.1671,25.1745,24.9553,24.9617,38391179,1401735,1671159,38397128.0000,1397529.5000,1671579.6250,-69,-32768,-110
01:19:33,2004.34,25.03,10.82,3276.70,0.00,25.1675,25.1729,24.9551,24.9605,38389830,1401828,1670852,38396896.0000,1398424.0000,1671492.8750,-69,-32768,-110
01:19:35,2004.34,25.03,10.78,3276.70,0.00,25.1676,25.1724,24.9551,24.9605,38391834,1402033,1672286,38396380.0000,1398744.6250,1671530.1250,-69,-32768,-110
01:19:37,2004.34,25.04,10.78,3276.70,0.00,25.1680,25.1721,24.9555,24.9596,38391872,1402358,1671397,38396128.0000,1398960.3750,1671534.0000,-69,-32768,-110
01:19:38,2004.34,25.04,10.74,3276.70,0.00,25.1684,25.1721,24.9559,24.9594,38392620,1402453,1670723,38395872.0000,1399177.1250,1671497.0000,-69,-32768,-110
01:19:40,2004.34,25.04,10.70,3276.70,0.00,25.1688,25.1718,24.9561,24.9593,38391486,1402453,1670917,38395588.0000,1399177.1250,1671497.0000,-69,-32768,-110
01:19:41,2004.34,25.05,10.68,3276.70,0.00,25.1691,25.1714,24.9567,24.9589,38391591,1402814,1670839,38395368.0000,1399597.1250,1671415.6250,-69,-32768,-110
01:19:43,2004.34,25.06,10.66,3276.70,0.00,25.1699,25.1713,24.9571,24.9588,38390958,1403017,1671942,38395124.0000,1399807.2500,1671435.3750,-69,-32768,-110
01:19:45,2004.34,25.06,10.63,3276.70,0.00,25.1707,25.1712,24.9577,24.9588,38390758,1403157,1671942,38395124.0000,1399807.2500,1671417.8750,-69,-32768,-110
01:19:48,2004.34,25.06,10.60,3276.70,0.00,25.1718,25.1712,24.9590,24.9588,38391020,1403623,1671040,38394484.0000,1400429.1250,1671407.0000,-69,-32768,-110
01:19:49,2004.34,25.06,10.54,3276.70,0.00,25.1726,25.1712,24.9595,24.9586,38390736,1403844,1671185,38394256.0000,1400635.1250,1671386.5000,-69,-32768,-110
01:19:51,2004.34,25.07,10.54,3276.70,0.00,25.1731,25.1712,24.9600,24.9587,38391165,1403959,1671344,38394068.0000,1400635.1250,1671381.3750,-69,-32768,-110
01:19:52,2004.34,25.07,10.51,3276.70,0.00,25.1734,25.1713,24.9602,24.9587,38391225,1403959,1671344,38393896.0000,1401042.0000,1671376.8750,-69,-32768,-110
01:19:54,2004.34,25.07,10.48,3276.70,0.00,25.1734,25.1715,24.9617,24.9589,38390008,1404454,1671269,38393660.0000,1401250.2500,1671369.5000,-69,-32768,-110
01:19:56,2004.34,25.08,10.45,3276.70,0.00,25.1753,25.1717,24.9617,24.9591,38392167,1404584,1671363,38393480.0000,1401551.5000,1671395.3750,-69,-32768,-110
01:19:57,2004.34,25.08,10.44,3276.70,0.00,25.1759,25.1719,24.9627,24.9592,38392167,1404685,1671942,38393456.0000,1401649.5000,1671412.5000,-69,-32768,-110
01:20:00,2004.34,25.08,10.41,3276.70,0.00,25.1764,25.1719,24.9636,24.9592,38391333,1404991,1671020,38393372.0000,1401955.3750,1671407.6250,-69,-32768,-110
01:20:03,2004.34,25.08,10.37,3276.70,0.00,25.1777,25.1719,24.9642,24.9592,38392133,1405411,1671163,38393240.0000,1402257.3750,1671429.1250,-69,-32768,-110
01:20:04,2004.34,25.08,10.32,3276.70,0.00,25.1787,25.1730,24.9654,24.9602,38391992,1405637,1671264,38393240.0000,1402462.0000,1671407.6250,-69,-32768,-110
01:20:06,2004.34,25.08,10.31,3276.70,0.00,25.1787,25.1734,24.9654,24.9606,38391540,1405771,1671628,38393016.0000,1402756.2500,1671423.6250,-69,-32768,-110
01:20:07,2004.34,25.08,10.29,3276.70,0.00,25.1800,25.1737,24.9664,24.9608,38392503,1405889,1671566,38393000.0000,1402854.1250,1671428.1250,-69,-32768,-110
01:20:09,2004.34,25.08,10.28,3276.70,0.00,25.1804,25.1739,24.9664,24.9611,38392569,1406026,1672375,38393000.0000,1402854.1250,1671506.8750,-69,-32768,-110
01:20:11,2004.34,25.08,10.28,3276.70,0.00,25.1812,25.1745,24.9664,24.9615,38392569,1406373,1671884,38392936.0000,1403338.1250,1671508.3750,-69,-32768,-110
01:20:13,2004.34,25.08,10.21,3276.70,0.00,25.1823,25.1751,24.9689,24.9621,38391970,1406550,1670907,38392896.0000,1403533.6250,1671484.1250,-69,-32768,-110
01:20:16,2004.34,25.08,10.18,3276.70,0.00,25.1823,25.1751,24.9695,24.9621,38393385,1406769,1670596,38392904.0000,1403533.6250,1671457.2500,-69,-32768,-110
01:20:18,2004.34,25.09,10.15,3276.70,0.00,25.1823,25.1764,24.9704,24.9633,38392334,1407097,1671859,38392840.0000,1404109.8750,1671499.2500,-69,-32768,-110
01:20:21,2004.34,25.09,10.15,3276.70,0.00,25.1823,25.1764,24.9712,24.9633,38393713,1407097,1671859,38392928.0000,1404480.6250,1671499.2500,-69,-32768,-110
01:20:26,2004.34,25.09,10.03,3276.70,0.00,25.1854,25.1778,24.9729,24.9655,38393296,1407855,1671447,38393168.0000,1405047.2500,1671608.6250,-69,-32768,-110
01:20:28,2004.34,25.09,10.01,3276.70,0.00,25.1868,25.1792,24.9735,24.9655,38394639,1408221,1672891,38393256.0000,1405328.6250,1671683.7500,-69,-32768,-110
01:20:29,2004.34,25.09,9.98,3276.70,0.00,25.1873,25.1792,24.9738,24.9666,38393674,1408363,1672233,38393292.0000,1405510.7500,1671732.3750,-69,-32768,-110
01:20:31,2004.34,25.09,9.96,3276.70,0.00,25.1879,25.1801,24.9743,24.9666,38393966,1408544,1672575,38393320.0000,1405696.3750,1671789.0000,-69,-32768,-110
01:20:34,2004.34,25.09,9.96,3276.70,0.00,25.1879,25.1808,24.9743,24.9678,38393892,1408654,1671486,38393288.0000,1405696.3750,1671776.2500,-69,-32768,-110
01:20:36,2004.34,25.09,9.91,3276.70,0.00,25.1879,25.1818,24.9743,24.9685,38393212,1409065,1672600,38393232.0000,1406237.6250,1671831.5000,-69,-32768,-110
01:20:37,2004.34,25.09,9.88,3276.70,0.00,25.1892,25.1820,24.9760,24.9687,38392864,1409180,1671929,38393220.0000,1406329.6250,1671834.5000,-69,-32768,-110
01:20:38,2004.34,25.09,9.88,3276.70,0.00,25.1897,25.1824,24.9764,24.9691,38394134,1409368,1671929,38393256.0000,1406515.2500,1671876.3750,-69,-32768,-110
01:20:41,2004.34,25.09,9.88,3276.70,0.00,25.1897,25.1829,24.9764,24.9697,38394134,1409649,1672393,38393388.0000,1406882.2500,1671957.1250,-69,-32768,-110
01:20:43,2004.34,25.09,9.80,3276.70,0.00,25.1909,25.1829,24.9776,24.9703,38393712,1409890,1670776,38393388.0000,1407155.0000,1671880.2500,-69,-32768,-110
01:20:45,2004.34,25.09,9.78,3276.70,0.00,25.1913,25.1842,24.9775,24.9707,38395059,1409890,1670776,38393668.0000,1407333.2500,1671926.2500,-69,-32768,-110
01:20:47,2009.78,25.09,9.76,3276.70,0.00,25.1918,25.1846,24.9780,24.9711,38394915,1410313,1671884,38393784.0000,1407333.2500,1671926.2500,-69,-32768,-110
01:20:50,2004.34,25.09,9.73,3276.70,0.00,25.1918,25.1852,24.9780,24.9719,38396658,1410577,1672307,38393784.0000,1407333.2500,1671959.0000,-69,-32768,-110
01:20:53,2004.34,25.09,9.71,3276.70,0.00,25.1918,25.1859,24.9780,24.9725,38396658,1410952,1672307,38394368.0000,1408227.2500,1672032.5000,-69,-32768,-110
01:20:54,2004.34,25.09,9.64,3276.70,0.00,25.1931,25.1865,24.9796,24.9730,38396995,1411236,1672967,38394452.0000,1408321.2500,1672032.5000,-69,-32768,-110
01:20:56,2004.34,25.09,9.64,3276.70,0.00,25.1937,25.1869,24.9797,24.9734,38398428,1411465,1672599,38394644.0000,1408511.6250,1672129.3750,-69,-32768,-110
01:20:57,2004.34,25.09,9.64,3276.70,0.00,25.1938,25.1873,24.9800,24.9738,38396812,1411491,1672321,38394788.0000,1408696.0000,1672125.2500,-69,-32768,-110
01:20:59,2004.34,25.09,9.60,3276.70,0.00,25.1938,25.1875,24.9800,24.9742,38396791,1411801,1671699,38394912.0000,1408881.3750,1672124.8750,-69,-32768,-110
01:21:02,2004.34,25.09,9.56,3276.70,0.00,25.1943,25.1875,24.9803,24.9742,38397551,1411801,1671699,38395208.0000,1409261.2500,1672153.8750,-69,-32768,-110
01:21:04,2004.34,25.09,9.54,3276.70,0.00,25.1943,25.1886,24.9809,24.9750,38397586,1412262,1672842,38395284.0000,1409355.0000,1672175.3750,-69,-32768,-110
01:21:05,2004.34,25.09,9.50,3276.70,0.00,25.1948,25.1889,24.9809,24.9753,38397901,1412384,1672842,38395584.0000,1409355.0000,1672193.8750,-69,-32768,-110
01:21:07,2004.34,25.09,9.47,3276.70,0.00,25.1948,25.1893,24.9812,24.9758,38397914,1412716,1672448,38395744.0000,1409355.0000,1672200.1250,-69,-32768,-110
01:21:11,2004.34,25.09,9.46,3276.70,0.00,25.1952,25.1893,24.9812,24.9758,38398628,1413077,1672550,38395744.0000,1409355.0000,1672204.2500,-69,-32768,-110
01:21:14,2004.34,25.09,9.41,3276.70,0.00,25.1952,25.1904,24.9812,24.9769,38398628,1413659,1672408,38395744.0000,1410668.6250,1672204.2500,-69,-32768,-110
01:21:15,2004.34,25.09,9.38,3276.70,0.00,25.1957,25.1909,24.9821,24.9773,38400024,1413723,1671806,38396668.0000,1410764.0000,1672223.3750,-69,-32768,-110
01:21:17,2004.34,25.09,9.36,3276.70,0.00,25.1956,25.1910,24.9823,24.9774,38399659,1413811,1672232,38396864.0000,1410948.8750,1672223.1250,-69,-32768,-110
01:21:18,2004.34,25.09,9.34,3276.70,0.00,25.1959,25.1912,24.9822,24.9774,38398820,1414016,1672395,38397016.0000,1410948.8750,1672236.8750,-69,-32768,-110
01:21:21,2009.78,25.09,9.34,3276.70,0.00,25.1960,25.1916,24.9822,24.9781,38400318,1414016,1672395,38397272.0000,1410948.8750,1672315.0000,-69,-32768,-110
01:21:23,2004.34,25.09,9.28,3276.70,0.00,25.1959,25.1920,24.9824,24.9785,38401186,1414614,1672440,38397640.0000,1411704.0000,1672346.8750,-69,-32768,-110
01:21:25,2004.34,25.09,9.27,3276.70,0.00,25.1962,25.1923,24.9828,24.9787,38402278,1414773,1674020,38397888.0000,1411704.0000,1672462.8750,-69,-32768,-110
01:21:28,2004.34,25.09,9.27,3276.70,0.00,25.1962,25.1926,24.9826,24.9790,38402278,1415261,1674020,38398424.0000,1411704.0000,1672514.1250,-69,-32768,-110
01:21:31,2004.34,25.09,9.27,3276.70,0.00,25.1962,25.1930,24.9826,24.9794,38402278,1415581,1672671,38398936.0000,1412655.6250,1672523.6250,-69,-32768,-110
01:21:34,2004.34,25.09,9.16,3276.70,0.00,25.1966,25.1930,24.9831,24.9794,38403239,1415979,1672394,38399484.0000,1413043.5000,1672518.2500,-69,-32768,-110
01:21:36,2004.34,25.09,9.13,3276.70,0.00,25.1967,25.1934,24.9832,24.9798,38402900,1416000,1672579,38399592.0000,1413043.5000,1672518.3750,-69,-32768,-110
01:21:38,2004.34,25.09,9.11,3276.70,0.00,25.1970,25.1934,24.9834,24.9801,38403269,1416255,1673679,38399880.0000,1413411.6250,1672518.3750,-69,-32768,-110
01:21:39,2004.34,25.09,9.06,3276.70,0.00,25.1971,25.1938,24.9834,24.9802,38404202,1416511,1672286,38400104.0000,1413599.1250,1672568.7500,-69,-32768,-110
01:21:41,2004.34,25.09,9.05,3276.70,0.00,25.1971,25.1938,24.9834,24.9804,38404176,1416511,1672286,38400360.0000,1413785.1250,1672526.3750,-69,-32768,-110
01:21:43,2004.34,25.09,9.03,3276.70,0.00,25.1971,25.1941,24.9837,24.9805,38403629,1416817,1672783,38400716.0000,1413785.1250,1672569.1250,-69,-32768,-110
01:21:46,2009.78,25.09,9.01,3276.70,0.00,25.1971,25.1944,24.9837,24.9809,38403629,1417274,1671835,38401132.0000,1414434.7500,1672545.5000,-69,-32768,-110
01:21:48,2004.34,25.09,8.97,3276.70,0.00,25.1973,25.1944,24.9836,24.9809,38403272,1417510,1673229,38401280.0000,1414712.6250,1672587.3750,-69,-32768,-110
01:21:50,2004.34,25.08,8.95,3276.70,0.00,25.1973,25.1948,24.9838,24.9812,38404624,1417621,1673247,38401280.0000,1414712.6250,1672625.2500,-69,-32768,-110
01:21:52,2004.34,25.08,8.95,3276.70,0.00,25.1971,25.1950,24.9838,24.9814,38404121,1417787,1672428,38401716.0000,1415070.6250,1672636.1250,-69,-32768,-110
01:21:54,2009.78,25.08,8.95,3276.70,0.00,25.1971,25.1951,24.9838,24.9815,38403834,1418177,1672477,38401716.0000,1415070.6250,1672601.1250,-69,-32768,-110
01:21:57,2004.34,25.09,8.87,3276.70,0.00,25.1971,25.1952,24.9838,24.9816,38403696,1418253,1672528,38402012.0000,1415611.7500,1672595.8750,-69,-32768,-110
01:21:58,2004.34,25.09,8.84,3276.70,0.00,25.1976,25.1953,24.9839,24.9817,38404321,1418305,1672528,38402012.0000,1415783.1250,1672586.0000,-69,-32768,-110
01:22:00,2009.78,25.09,8.82,3276.70,0.00,25.1977,25.1954,24.9839,24.9818,38403852,1418305,1672528,38402276.0000,1415963.5000,1672579.7500,-69,-32768,-110
01:22:03,2004.34,25.09,8.81,3276.70,0.00,25.1979,25.1954,24.9840,24.9818,38405589,1418305,1673260,38402576.0000,1416303.0000,1672620.1250,-69,-32768,-110
01:22:04,2004.34,25.10,8.78,3276.70,0.00,25.1980,25.1956,24.9844,24.9820,38404580,1418921,1673470,38402640.0000,1416384.8750,1672646.7500,-69,-32768,-110
01:22:06,2004.34,25.10,8.76,3276.70,0.00,25.1980,25.1957,24.9844,24.9821,38405670,1419203,1673230,38402812.0000,1416553.5000,1672691.7500,-69,-32768,-110
01:22:07,2004.34,25.10,8.75,3276.70,0.00,25.1980,25.1959,24.9847,24.9823,38405073,1419262,1673628,38402976.0000,1416802.8750,1672758.5000,-69,-32768,-110
01:22:10,2004.34,25.10,8.73,3276.70,0.00,25.1986,25.1960,24.9847,24.9824,38405073,1419600,1673628,38403124.0000,1416972.0000,1672803.0000,-69,-32768,-110
01:22:11,2009.78,25.10,8.71,3276.70,0.00,25.1989,25.1962,24.9852,24.9826,38405023,1419736,1673436,38403244.0000,1417144.0000,1672803.0000,-69,-32768,-110
01:22:12,2004.34,25.11,8.69,3276.70,0.00,25.1992,25.1964,24.9856,24.9827,38406533,1419884,1672590,38403344.0000,1417229.6250,1672788.0000,-69,-32768,-110
01:22:14,2004.34,25.11,8.68,3276.70,0.00,25.1994,25.1965,24.9862,24.9829,38405185,1419911,1673267,38403436.0000,1417394.3750,1672826.3750,-69,-32768,-110
01:22:17,2004.34,25.11,8.67,3276.70,0.00,25.2000,25.1965,24.9864,24.9829,38406484,1420216,1672775,38403668.0000,1417394.3750,1672866.7500,-69,-32768,-110
01:22:18,2009.78,25.11,8.64,3276.70,0.00,25.2000,25.1970,24.9870,24.9834,38405991,1420315,1672920,38403836.0000,1417880.1250,1672856.5000,-69,-32768,-110
01:22:20,2009.78,25.11,8.61,3276.70,0.00,25.2000,25.1972,24.9873,24.9836,38406178,1420412,1672891,38403988.0000,1418034.1250,1672872.3750,-69,-32768,-110
01:22:24,2009.78,25.11,8.61,3276.70,0.00,25.2000,25.1975,24.9873,24.9838,38406178,1420412,1673543,38404124.0000,1418340.6250,1672872.3750,-69,-32768,-110
01:22:25,2004.34,25.12,8.56,3276.70,0.00,25.2017,25.1979,24.9882,24.9842,38406009,1421045,1672806,38404240.0000,1418503.6250,1672921.3750,-69,-32768,-110
01:22:26,2004.34,25.12,8.54,3276.70,0.00,25.2025,25.1980,24.9882,24.9844,38405767,1421062,1673115,38404360.0000,1418661.7500,1672935.2500,-69,-32768,-110
01:22:29,2004.34,25.12,8.54,3276.70,0.00,25.2028,25.1984,24.9891,24.9846,38404702,1421110,1673115,38404380.0000,1418661.7500,1672950.6250,-69,-32768,-110
01:22:29,2004.34,25.12,8.50,3276.70,0.00,25.2034,25.1986,24.9895,24.9849,38403639,1421354,1673089,38404368.0000,1418965.6250,1672954.8750,-69,-32768,-110
01:22:31,2009.78,25.13,8.50,3276.70,0.00,25.2038,25.1987,24.9896,24.9849,38403639,1421342,1673429,38404424.0000,1419111.7500,1672967.5000,-69,-32768,-110
01:22:33,2004.34,25.13,8.49,3276.70,0.00,25.2044,25.1987,24.9903,24.9849,38404710,1421523,1673091,38404480.0000,1419257.1250,1672985.7500,-69,-32768,-110
01:22:34,2004.34,25.13,8.48,3276.70,0.00,25.2049,25.1995,24.9912,24.9858,38404219,1421571,1673186,38404496.0000,1419398.2500,1672991.6250,-69,-32768,-110
01:22:35,2004.34,25.14,8.45,3276.70,0.00,25.2055,25.1997,24.9913,24.9859,38404219,1421571,1673432,38404504.0000,1419545.5000,1673019.6250,-69,-32768,-110
01:22:38,2004.34,25.14,8.45,3276.70,0.00,25.2055,25.2002,24.9913,24.9864,38404970,1421862,1673876,38404572.0000,1419692.0000,1673107.3750,-69,-32768,-110
01:22:41,2004.34,25.14,8.45,3276.70,0.00,25.2071,25.2006,24.9929,24.9868,38405163,1422152,1673876,38404572.0000,1419692.0000,1673181.2500,-69,-32768,-110
01:22:43,2004.34,25.15,8.40,3276.70,0.00,25.2071,25.2014,24.9929,24.9878,38405163,1422152,1674160,38404588.0000,1420189.2500,1673235.2500,-69,-32768,-110
01:22:45,2004.34,25.16,8.38,3276.70,0.00,25.2093,25.2018,24.9951,24.9880,38402806,1422327,1674168,38404532.0000,1420256.0000,1673267.7500,-69,-32768,-110
01:22:47,2004.34,25.16,8.36,3276.70,0.00,25.2104,25.2025,24.9964,24.9887,38404308,1422576,1673288,38404476.0000,1420463.7500,1673269.5000,-69,-32768,-110
01:22:49,2004.34,25.16,8.36,3276.70,0.00,25.2112,25.2025,24.9964,24.9894,38403949,1422576,1673734,38404424.0000,1420665.6250,1673292.8750,-69,-32768,-110
01:22:52,2004.34,25.17,8.36,3276.70,0.00,25.2112,25.2041,24.9964,24.9904,38404370,1423059,1673739,38404432.0000,1420943.3750,1673292.8750,-69,-32768,-110
01:22:54,2009.78,25.17,8.29,3276.70,0.00,25.2137,25.2041,25.0003,24.9904,38403404,1423214,1673739,38404416.0000,1421142.8750,1673397.8750,-69,-32768,-110
01:22:56,2004.34,25.18,8.27,3276.70,0.00,25.2150,25.2054,25.0009,24.9904,38405168,1423214,1673810,38404432.0000,1421329.2500,1673451.1250,-69,-32768,-110
01:22:58,2004.34,25.18,8.26,3276.70,0.00,25.2161,25.2061,25.0016,24.9904,38405168,1423349,1674021,38404460.0000,1421392.3750,1673469.0000,-69,-32768,-110
01:22:59,2004.34,25.18,8.23,3276.70,0.00,25.2173,25.2070,25.0034,24.9930,38405684,1423496,1672662,38404460.0000,1421584.0000,1673435.5000,-69,-32768,-110
01:23:01,1971.76,25.18,8.22,3276.70,0.00,25.2173,25.2076,25.0034,24.9938,38407022,1423900,1674460,38404608.0000,1421717.6250,1673457.7500,-69,-32768,-110
01:23:03,1988.05,25.18,8.18,3276.70,0.00,25.2138,25.2080,25.0034,24.9941,38412506,1424872,1674132,38405016.0000,1421898.0000,1673532.6250,-69,-32768,-110
01:23:06,2026.07,25.18,8.15,3276.70,0.00,25.2138,25.2083,25.0034,24.9945,38386991,1423055,1672900,38405016.0000,1421898.0000,1673503.1250,-69,-32768,-110
01:23:08,2020.64,25.19,8.15,3276.70,0.00,25.2138,25.2096,25.0078,24.9954,38398701,1422825,1672586,38403336.0000,1422137.0000,1673441.0000,-69,-32768,-110
01:23:09,2020.64,25.19,8.05,3276.70,0.00,25.2268,25.2101,25.0103,24.9958,38402867,1423251,1674222,38403424.0000,1422219.1250,1673476.3750,-69,-32768,-110
01:23:11,2004.34,25.19,8.00,3276.70,0.00,25.2303,25.2112,25.0131,24.9968,38405930,1423877,1674572,38403424.0000,1422270.8750,1673476.3750,-69,-32768,-110
01:23:12,2004.34,25.19,7.89,3276.70,0.00,25.2312,25.2112,25.0136,24.9983,38410822,1425329,1675083,38404088.0000,1422506.0000,1673644.5000,-69,-32768,-110
01:23:14,1998.91,25.19,7.85,3276.70,0.00,25.2299,25.2135,25.0132,24.9987,38410734,1425329,1675083,38404088.0000,1422506.0000,1673720.6250,-69,-32768,-110
01:23:16,2004.34,25.19,7.75,3276.70,0.00,25.2284,25.2144,25.0123,24.9999,38411903,1426257,1675083,38404968.0000,1422924.2500,1673757.3750,-69,-32768,-110
01:23:17,2004.34,25.19,7.66,3276.70,0.00,25.2266,25.2155,25.0113,25.0006,38409566,1426344,1674447,38405276.0000,1423134.2500,1673787.1250,-69,-32768,-110
01:23:19,1998.91,25.19,7.59,3276.70,0.00,25.2264,25.2158,25.0109,25.0012,38410060,1426483,1673984,38405276.0000,1423134.2500,1673815.5000,-69,-32768,-110
01:23:22,1998.91,25.18,7.52,3276.70,0.00,25.2264,25.2167,25.0104,25.0017,38409969,1426756,1673984,38406012.0000,1423651.0000,1673783.2500,-69,-32768,-110
01:23:25,2004.34,25.18,7.44,3276.70,0.00,25.2246,25.2167,25.0103,25.0017,38411642,1427761,1673984,38406832.0000,1423651.0000,1673864.5000,-69,-32768,-110
01:23:28,2004.34,25.17,7.33,3276.70,0.00,25.2246,25.2180,25.0103,25.0034,38412268,1428625,1673761,38407280.0000,1423651.0000,1673910.1250,-69,-32768,-110
01:23:29,2004.34,25.16,7.25,3276.70,0.00,25.2229,25.2185,25.0093,25.0034,38413164,1429155,1675714,38407656.0000,1424787.2500,1673966.5000,-69,-32768,-110
01:23:32,2004.34,25.16,7.25,3276.70,0.00,25.2229,25.2187,25.0093,25.0042,38414470,1429845,1673868,38408192.0000,1425229.8750,1673966.5000,-69,-32768,-110
01:23:33,2004.34,25.15,7.09,3276.70,0.00,25.2210,25.2189,25.0081,25.0042,38413846,1430357,1673225,38408704.0000,1425696.8750,1673949.1250,-69,-32768,-110
01:23:35,1998.91,25.15,7.09,3276.70,0.00,25.2210,25.2190,25.0081,25.0046,38416328,1430956,1674122,38409164.0000,1426017.5000,1673951.2500,-69,-32768,-110
01:23:38,2004.34,25.14,7.09,3276.70,0.00,25.2210,25.2190,25.0081,25.0047,38416066,1431839,1674330,38409784.0000,1426017.5000,1674002.7500,-69,-32768,-110
01:23:40,2004.34,25.13,6.93,3276.70,0.00,25.2176,25.2188,25.0050,25.0047,38416492,1432749,1673218,38410400.0000,1427058.5000,1673960.7500,-69,-32768,-110
01:23:43,2004.34,25.13,6.88,3276.70,0.00,25.2176,25.2186,25.0050,25.0046,38416122,1432749,1673218,38410932.0000,1427058.5000,1673897.7500,-69,-32768,-110
01:23:45,2004.34,25.12,6.82,3276.70,0.00,25.2176,25.2182,25.0050,25.0043,38418384,1434743,1674366,38411628.0000,1428268.7500,1673918.8750,-69,-32768,-110
01:23:46,2004.34,25.11,6.76,3276.70,0.00,25.2128,25.2178,25.0006,25.0041,38418616,1435077,1673606,38411844.0000,1428481.5000,1673918.8750,-69,-32768,-110
01:23:48,2004.34,25.11,6.74,3276.70,0.00,25.2114,25.2174,24.9994,25.0038,38419006,1435439,1672970,38412268.0000,1428481.5000,1673848.5000,-69,-32768,-110
01:23:50,2004.34,25.11,6.68,3276.70,0.00,25.2097,25.2170,24.9979,25.0038,38419837,1436025,1673360,38412924.0000,1429538.5000,1673827.3750,-69,-32768,-110
01:23:53,2004.34,25.09,6.64,3276.70,0.00,25.2097,25.2158,24.9979,25.0021,38418963,1436025,1673181,38413764.0000,1429538.5000,1673827.3750,-69,-32768,-110
01:23:56,2004.34,25.09,6.59,3276.70,0.00,25.2097,25.2144,24.9921,25.0021,38421304,1437965,1672841,38414704.0000,1431259.8750,1673717.2500,-69,-32768,-110
01:23:58,2004.34,25.08,6.54,3276.70,0.00,25.2022,25.2144,24.9896,25.0002,38421304,1438513,1673431,38415228.0000,1431905.2500,1673711.6250,-69,-32768,-110
01:24:00,2004.34,25.08,6.51,3276.70,0.00,25.1997,25.2124,24.9896,24.9995,38421304,1438800,1672852,38415592.0000,1432326.5000,1673665.6250,-69,-32768,-110
01:24:02,2004.34,25.07,6.47,3276.70,0.00,25.1975,25.2115,24.9857,24.9982,38422173,1439160,1673668,38415988.0000,1432740.3750,1673632.8750,-69,-32768,-110
01:24:05,2004.34,25.06,6.44,3276.70,0.00,25.1975,25.2100,24.9857,24.9968,38422099,1439791,1672937,38416544.0000,1433367.2500,1673632.8750,-69,-32768,-110
01:24:07,2004.34,25.06,6.38,3276.70,0.00,25.1926,25.2084,24.9857,24.9954,38422099,1440913,1673246,38417376.0000,1434213.3750,1673458.3750,-69,-32768,-110
01:24:09,2004.34,25.05,6.35,3276.70,0.00,25.1900,25.2068,24.9796,24.9945,38424262,1440985,1673280,38417376.0000,1434633.7500,1673409.8750,-69,-32768,-110
01:24:12,2004.34,25.05,6.32,3276.70,0.00,25.1900,25.2045,24.9761,24.9923,38422811,1441487,1672031,38417376.0000,1434633.7500,1673287.1250,-69,-32768,-110
01:24:13,2004.34,25.04,6.29,3276.70,0.00,25.1900,25.2045,24.9744,24.9912,38422797,1441722,1673725,38418608.0000,1435645.2500,1673309.7500,-69,-32768,-110
01:24:15,2004.34,25.04,6.28,3276.70,0.00,25.1842,25.2045,24.9731,24.9912,38424431,1441964,1672097,38418936.0000,1436030.5000,1673255.5000,-69,-32768,-110
01:24:17,2004.34,25.04,6.28,3276.70,0.00,25.1814,25.2001,24.9707,24.9883,38424431,1441964,1671046,38419476.0000,1436601.7500,1673089.5000,-69,-32768,-110
01:24:18,2004.34,25.04,6.23,3276.70,0.00,25.1801,25.1995,24.9700,24.9877,38424667,1442647,1672406,38419640.0000,1436790.7500,1673068.1250,-69,-32768,-110
01:24:19,2004.34,25.04,6.22,3276.70,0.00,25.1791,25.1988,24.9682,24.9865,38423674,1442697,1671865,38419888.0000,1437155.3750,1673011.3750,-69,-32768,-110
01:24:22,2004.34,25.03,6.22,3276.70,0.00,25.1768,25.1988,24.9682,24.9853,38423674,1443130,1671708,38420248.0000,1437685.3750,1672906.6250,-69,-32768,-110
01:24:24,2004.34,25.03,6.22,3276.70,0.00,25.1746,25.1948,24.9641,24.9834,38424656,1443308,1671848,38420552.0000,1437685.3750,1672798.1250,-69,-32768,-110
01:24:26,2004.34,25.03,6.22,3276.70,0.00,25.1731,25.1935,24.9619,24.9815,38423804,1443308,1671996,38420908.0000,1438527.1250,1672741.6250,-69,-32768,-110
01:24:28,2004.34,25.03,6.12,3276.70,0.00,25.1711,25.1914,24.9607,24.9802,38425202,1443850,1672227,38421104.0000,1438527.1250,1672690.7500,-69,-32768,-110
01:24:30,2004.34,25.03,6.12,3276.70,0.00,25.1711,25.1895,24.9586,24.9802,38424094,1444107,1671666,38421376.0000,1439316.1250,1672638.2500,-69,-32768,-110
01:24:31,2004.34,25.03,6.06,3276.70,0.00,25.1676,25.1881,24.9571,24.9768,38424141,1444517,1671122,38421532.0000,1439631.6250,1672561.1250,-69,-32768,-110
01:24:34,2004.34,25.03,6.06,3276.70,0.00,25.1676,25.1868,24.9571,24.9749,38424030,1444677,1671480,38421768.0000,1440079.0000,1672456.2500,-69,-32768,-110
01:24:36,2004.34,25.02,6.02,3276.70,0.00,25.1676,25.1868,24.9542,24.9749,38424309,1444797,1671480,38421768.0000,1440079.0000,1672456.2500,-69,-32768,-110
01:24:39,2004.34,25.02,6.00,3276.70,0.00,25.1623,25.1868,24.9520,24.9749,38425534,1445276,1671945,38422280.0000,1440932.6250,1672227.1250,-69,-32768,-110
01:24:40,2004.34,25.02,5.98,3276.70,0.00,25.1612,25.1814,24.9511,24.9749,38425695,1445439,1671161,38422480.0000,1440932.6250,1672227.1250,-69,-32768,-110
01:24:41,2004.34,25.02,5.95,3276.70,0.00,25.1598,25.1801,24.9492,24.9685,38426140,1445568,1670871,38422728.0000,1441470.0000,1672078.8750,-69,-32768,-110
01:24:43,2004.34,25.02,5.93,3276.70,0.00,25.1590,25.1801,24.9487,24.9685,38424924,1445606,1671085,38422924.0000,1441725.5000,1672001.5000,-69,-32768,-110
01:24:46,2004.34,25.01,5.92,3276.70,0.00,25.1566,25.1801,24.9487,24.9659,38424924,1445881,1671726,38423124.0000,1442096.3750,1671963.6250,-69,-32768,-110
01:24:49,2004.34,25.01,5.92,3276.70,0.00,25.1547,25.1801,24.9444,24.9659,38424753,1445881,1671726,38423368.0000,1442571.0000,1671813.7500,-69,-32768,-110
01:24:53,2004.34,25.01,5.87,3276.70,0.00,25.1547,25.1721,24.9444,24.9609,38424753,1446630,1668782,38423368.0000,1442571.0000,1671813.7500,-69,-32768,-110
01:24:54,2004.34,25.01,5.84,3276.70,0.00,25.1504,25.1696,24.9405,24.9590,38424745,1446534,1671014,38423560.0000,1442571.0000,1671813.7500,-69,-32768,-110
01:24:55,2004.34,25.00,5.83,3276.70,0.00,25.1500,25.1690,24.9402,24.9584,38425242,1446648,1670081,38423612.0000,1443362.5000,1671449.0000,-69,-32768,-110
01:25:03,2004.34,25.00,5.77,3276.70,0.00,25.1463,25.1634,24.9375,24.9523,38425450,1447222,1669312,38423888.0000,1444333.0000,1671048.7500,-69,-32768,-110
01:25:05,2009.78,24.99,5.76,3276.70,0.00,25.1434,25.1616,24.9332,24.9511,38424758,1447351,1669967,38423980.0000,1444515.6250,1670942.7500,-69,-32768,-110
01:25:06,2004.34,24.99,5.75,3276.70,0.00,25.1434,25.1604,24.9332,24.9494,38425954,1447540,1669414,38424104.0000,1444788.7500,1670803.7500,-69,-32768,-110
01:25:08,2004.34,24.98,5.75,3276.70,0.00,25.1413,25.1592,24.9308,24.9482,38425295,1447540,1670310,38424188.0000,1444964.0000,1670749.3750,-69,-32768,-110
01:25:11,2004.34,24.98,5.71,3276.70,0.00,25.1397,25.1580,24.9308,24.9482,38425295,1447629,1670310,38424188.0000,1444964.0000,1670749.3750,-69,-32768,-110
01:25:12,2009.78,24.98,5.70,3276.70,0.00,25.1368,25.1555,24.9271,24.9453,38424334,1447698,1668945,38424224.0000,1445356.1250,1670611.7500,-69,-32768,-110
01:25:14,2004.34,24.97,5.69,3276.70,0.00,25.1367,25.1549,24.9266,24.9447,38422090,1447743,1667622,38424156.0000,1445356.1250,1670445.8750,-69,-32768,-110
01:25:16,2009.78,24.97,5.68,3276.70,0.00,25.1343,25.1530,24.9250,24.9428,38422181,1447743,1667622,38423944.0000,1445638.1250,1670378.0000,-69,-32768,-110
01:25:18,2004.34,24.97,5.66,3276.70,0.00,25.1334,25.1518,24.9250,24.9411,38422181,1448014,1669743,38423880.0000,1445847.2500,1670284.2500,-69,-32768,-110
01:25:22,2004.34,24.97,5.65,3276.70,0.00,25.1334,25.1493,24.9250,24.9386,38422181,1447795,1668832,38423544.0000,1446085.3750,1670143.5000,-69,-32768,-110
01:25:23,2004.34,24.97,5.64,3276.70,0.00,25.1288,25.1474,24.9192,24.9386,38420495,1447876,1668827,38423240.0000,1446244.8750,1670012.3750,-69,-32768,-110
01:25:24,2009.78,24.97,5.63,3276.70,0.00,25.1279,25.1462,24.9183,24.9362,38419794,1447874,1668136,38423132.0000,1446295.7500,1669953.7500,-69,-32768,-110
01:25:25,2004.34,24.97,5.61,3276.70,0.00,25.1273,25.1455,24.9172,24.9356,38420567,1447827,1668553,38423052.0000,1446295.7500,1669846.7500,-69,-32768,-110
01:25:27,2004.34,24.97,5.61,3276.70,0.00,25.1257,25.1443,24.9161,24.9344,38420882,1448053,1667604,38422880.0000,1446444.6250,1669776.7500,-69,-32768,-110
01:25:29,2009.78,24.97,5.58,3276.70,0.00,25.1250,25.1431,24.9155,24.9332,38419221,1448216,1667604,38422652.0000,1446606.3750,1669668.5000,-69,-32768,-110
01:25:30,2004.34,24.97,5.58,3276.70,0.00,25.1241,25.1419,24.9148,24.9320,38421975,1448486,1667708,38422632.0000,1446665.1250,1669607.2500,-69,-32768,-110
01:25:33,2009.78,24.97,5.56,3276.70,0.00,25.1241,25.1407,24.9148,24.9303,38420874,1448640,1668526,38422572.0000,1446665.1250,1669429.8750,-69,-32768,-110
01:25:36,2009.78,24.97,5.54,3276.70,0.00,25.1241,25.1390,24.9148,24.9285,38420874,1448708,1667228,38422320.0000,1447060.1250,1669277.0000,-69,-32768,-110
01:25:37,2009.78,24.97,5.51,3276.70,0.00,25.1205,25.1373,24.9108,24.9274,38420396,1448833,1667581,38422320.0000,1447171.0000,1669188.5000,-69,-32768,-110
01:25:39,2009.78,24.97,5.51,3276.70,0.00,25.1205,25.1356,24.9108,24.9274,38419310,1448852,1668735,38422028.0000,1447275.3750,1669158.2500,-69,-32768,-110
01:25:42,2009.78,24.97,5.49,3276.70,0.00,25.1186,25.1356,24.9086,24.9274,38420055,1449017,1668735,38421864.0000,1447476.6250,1669071.2500,-69,-32768,-110
01:25:44,2004.34,24.97,5.48,3276.70,0.00,25.1173,25.1356,24.9072,24.9226,38420789,1448902,1667787,38421864.0000,1447476.6250,1669071.2500,-69,-32768,-110
01:25:46,2009.78,24.97,5.47,3276.70,0.00,25.1161,25.1314,24.9069,24.9216,38419869,1448984,1667042,38421864.0000,1447693.3750,1668827.8750,-69,-32768,-110
01:25:48,2009.78,24.97,5.47,3276.70,0.00,25.1156,25.1304,24.9062,24.9206,38419801,1449084,1666706,38421560.0000,1447693.3750,1668698.1250,-69,-32768,-110
01:25:50,2004.34,24.97,5.46,3276.70,0.00,25.1156,25.1290,24.9062,24.9187,38419801,1449222,1667595,38421220.0000,1447947.7500,1668533.6250,-69,-32768,-110
01:25:54,2009.78,24.97,5.43,3276.70,0.00,25.1156,25.1271,24.9062,24.9173,38419016,1449204,1668304,38421220.0000,1448069.6250,1668516.6250,-69,-32768,-110
01:25:55,2009.78,24.97,5.43,3276.70,0.00,25.1124,25.1258,24.9030,24.9161,38419629,1449575,1668401,38420992.0000,1448069.6250,1668488.7500,-69,-32768,-110
01:25:57,2009.78,24.97,5.43,3276.70,0.00,25.1118,25.1245,24.9024,24.9148,38420033,1449470,1667570,38420892.0000,1448278.8750,1668409.6250,-69,-32768,-110
01:26:00,2004.34,24.97,5.37,3276.70,0.00,25.1117,25.1245,24.9020,24.9148,38420300,1449470,1667697,38420808.0000,1448413.2500,1668356.5000,-69,-32768,-110
01:26:03,2009.78,24.97,5.37,3276.70,0.00,25.1117,25.1224,24.9020,24.9124,38420300,1450038,1668688,38420784.0000,1448604.0000,1668336.5000,-69,-32768,-110
01:26:04,2009.78,24.97,5.35,3276.70,0.00,25.1096,25.1209,24.9000,24.9112,38418712,1450000,1668511,38420676.0000,1448690.8750,1668348.0000,-69,-32768,-110
01:26:07,2009.78,24.97,5.34,3276.70,0.00,25.1096,25.1201,24.8994,24.9104,38418837,1449998,1668288,38420580.0000,1448772.2500,1668343.0000,-69,-32768,-110
01:26:09,2004.34,24.97,5.32,3276.70,0.00,25.1088,25.1201,24.8989,24.9104,38418527,1450093,1668288,38420280.0000,1448932.7500,1668255.6250,-69,-32768,-110
01:26:10,2009.78,24.97,5.31,3276.70,0.00,25.1079,25.1183,24.8985,24.9087,38418445,1450208,1667775,38420168.0000,1449006.6250,1668237.3750,-69,-32768,-110
01:26:13,2004.34,24.97,5.31,3276.70,0.00,25.1078,25.1176,24.8977,24.9080,38419354,1450073,1667693,38420144.0000,1449006.6250,1668237.3750,-69,-32768,-110
01:26:15,2009.78,24.97,5.28,3276.70,0.00,25.1072,25.1166,24.8977,24.9066,38419354,1450318,1667243,38420016.0000,1449006.6250,1668080.3750,-69,-32768,-110
01:26:17,2009.78,24.97,5.26,3276.70,0.00,25.1065,25.1157,24.8974,24.9066,38420448,1450488,1667894,38419960.0000,1449293.3750,1668091.3750,-69,-32768,-110
01:26:19,2009.78,24.97,5.25,3276.70,0.00,25.1066,25.1151,24.8965,24.9054,38419234,1450571,1668020,38419936.0000,1449333.2500,1668089.1250,-69,-32768,-110
01:26:21,2009.78,24.97,5.24,3276.70,0.00,25.1066,25.1143,24.8958,24.9045,38419798,1450543,1668020,38419824.0000,1449479.8750,1667994.7500,-69,-32768,-110
01:26:24,2009.78,24.97,5.22,3276.70,0.00,25.1053,25.1143,24.8954,24.9045,38419974,1450812,1668206,38419808.0000,1449600.5000,1667970.7500,-69,-32768,-110
01:26:25,2009.78,24.96,5.21,3276.70,0.00,25.1048,25.1129,24.8951,24.9030,38419777,1450896,1668206,38419748.0000,1449679.2500,1667986.0000,-69,-32768,-110
01:26:27,2004.34,24.96,5.21,3276.70,0.00,25.1048,25.1121,24.8951,24.9020,38419050,1451059,1667556,38419716.0000,1449797.1250,1667936.1250,-69,-32768,-110
01:26:29,2009.78,24.97,5.19,3276.70,0.00,25.1039,25.1115,24.8939,24.9017,38421263,1451094,1667231,38419804.0000,1449876.3750,1667891.1250,-69,-32768,-110
01:26:31,2004.34,24.97,5.19,3276.70,0.00,25.1031,25.1110,24.8934,24.9011,38420559,1451072,1666517,38419828.0000,1449913.7500,1667891.1250,-69,-32768,-110
01:26:34,2009.78,24.97,5.19,3276.70,0.00,25.1031,25.1102,24.8934,24.9000,38420559,1451269,1668391,38419892.0000,1450064.3750,1667821.1250,-69,-32768,-110
01:26:36,2009.78,24.97,5.19,3276.70,0.00,25.1031,25.1091,24.8918,24.8992,38423120,1451354,1668391,38420136.0000,1450212.5000,1667776.1250,-69,-32768,-110
01:26:38,2009.78,24.97,5.16,3276.70,0.00,25.1010,25.1085,24.8918,24.8984,38420876,1451395,1667560,38420148.0000,1450280.2500,1667753.2500,-69,-32768,-110
01:26:39,2009.78,24.96,5.14,3276.70,0.00,25.1007,25.1080,24.8908,24.8981,38419883,1451497,1667502,38420140.0000,1450318.2500,1667753.2500,-69,-32768,-110
01:26:42,2004.34,24.97,5.13,3276.70,0.00,25.1004,25.1075,24.8906,24.8981,38419883,1451343,1667502,38420100.0000,1450411.2500,1667705.8750,-69,-32768,-110
01:26:43,2009.78,24.97,5.12,3276.70,0.00,25.0998,25.1068,24.8901,24.8970,38417480,1451138,1666303,38419960.0000,1450411.2500,1667705.8750,-69,-32768,-110
01:26:44,2009.78,24.97,5.12,3276.70,0.00,25.0993,25.1063,24.8897,24.8965,38418728,1451238,1667715,38419924.0000,1450504.0000,1667620.3750,-69,-32768,-110
01:26:46,2009.78,24.96,5.11,3276.70,0.00,25.0991,25.1061,24.8895,24.8962,38419232,1451238,1666439,38419832.0000,1450552.0000,1667558.3750,-69,-32768,-110
01:26:47,2009.78,24.96,5.11,3276.70,0.00,25.0989,25.1056,24.8891,24.8958,38418015,1451376,1667530,38419772.0000,1450577.7500,1667557.5000,-69,-32768,-110
01:26:49,2009.78,24.96,5.11,3276.70,0.00,25.0992,25.1054,24.8891,24.8953,38418015,1451429,1667542,38419688.0000,1450577.7500,1667545.6250,-69,-32768,-110
01:26:51,2009.78,24.96,5.10,3276.70,0.00,25.0982,25.1046,24.8882,24.8948,38418015,1451344,1666816,38419456.0000,1450690.8750,1667493.6250,-69,-32768,-110
01:26:52,2009.78,24.96,5.10,3276.70,0.00,25.0980,25.1040,24.8879,24.8941,38417381,1451464,1666454,38419256.0000,1450737.8750,1667436.1250,-69,-32768,-110
01:26:53,2004.34,24.97,5.09,3276.70,0.00,25.0977,25.1037,24.8879,24.8939,38417542,1451447,1666013,38419200.0000,1450760.0000,1667391.6250,-69,-32768,-110
01:26:55,2009.78,24.97,5.09,3276.70,0.00,25.0975,25.1036,24.8879,24.8937,38416635,1451400,1666139,38419120.0000,1450780.0000,1667352.5000,-69,-32768,-110
01:26:57,2009.78,24.97,5.07,3276.70,0.00,25.0972,25.1036,24.8871,24.8937,38417786,1451481,1666849,38418952.0000,1450840.1250,1667255.2500,-69,-32768,-110
01:26:57,2009.78,24.97,5.07,3276.70,0.00,25.0971,25.1028,24.8872,24.8929,38417422,1451468,1666423,38418904.0000,1450859.7500,1667229.2500,-69,-32768,-110
01:27:00,2009.78,24.97,5.06,3276.70,0.00,25.0969,25.1028,24.8872,24.8925,38417422,1451775,1666423,38418904.0000,1450859.7500,1667135.1250,-69,-32768,-110
01:27:04,2009.78,24.97,5.04,3276.70,0.00,25.0964,25.1028,24.8863,24.8925,38418726,1451832,1667072,38418792.0000,1450859.7500,1667140.7500,-69,-32768,-110
01:27:08,2009.78,24.97,5.03,3276.70,0.00,25.0964,25.1007,24.8863,24.8908,38418726,1451989,1666804,38418792.0000,1451193.8750,1667098.2500,-69,-32768,-110
01:27:11,2009.78,24.97,5.03,3276.70,0.00,25.0959,25.1007,24.8857,24.8908,38418532,1451989,1666772,38418804.0000,1451299.2500,1667077.2500,-69,-32768,-110
01:27:12,2009.78,24.97,4.99,3276.70,0.00,25.0954,25.0996,24.8857,24.8897,38419745,1452307,1666911,38418900.0000,1451363.8750,1667063.1250,-69,-32768,-110
01:27:15,2009.78,24.97,4.99,3276.70,0.00,25.0955,25.0993,24.8857,24.8892,38420852,1452307,1667810,38419020.0000,1451425.3750,1667086.5000,-69,-32768,-110
01:27:17,2009.78,24.97,4.99,3276.70,0.00,25.0955,25.0987,24.8857,24.8886,38421543,1452445,1666443,38419284.0000,1451545.6250,1667090.5000,-69,-32768,-110
01:27:19,2009.78,24.97,4.99,3276.70,0.00,25.0943,25.0984,24.8848,24.8884,38420362,1452445,1666463,38419356.0000,1451604.7500,1667055.3750,-69,-32768,-110
01:27:20,2009.78,24.97,4.95,3276.70,0.00,25.0940,25.0981,24.8845,24.8882,38421446,1452478,1666004,38419420.0000,1451604.7500,1667055.3750,-69,-32768,-110
01:27:23,2009.78,24.97,4.95,3276.70,0.00,25.0940,25.0976,24.8843,24.8877,38419361,1452519,1667062,38419420.0000,1451746.3750,1666968.8750,-69,-32768,-110
01:27:24,2015.21,24.97,4.94,3276.70,0.00,25.0939,25.0973,24.8837,24.8874,38420170,1452646,1665765,38419496.0000,1451800.2500,1666935.0000,-69,-32768,-110
01:27:25,2009.78,24.97,4.94,3276.70,0.00,25.0935,25.0971,24.8835,24.8871,38419660,1452615,1666488,38419452.0000,1451800.2500,1666921.0000,-69,-32768,-110
01:27:28,2004.34,24.97,4.94,3276.70,0.00,25.0931,25.0968,24.8834,24.8869,38420487,1452696,1666488,38419452.0000,1451800.2500,1666892.0000,-69,-32768,-110
01:27:29,2009.78,24.97,4.94,3276.70,0.00,25.0930,25.0964,24.8838,24.8866,38420113,1452867,1666676,38419576.0000,1451965.1250,1666878.7500,-69,-32768,-110
01:27:31,2009.78,24.97,4.90,3276.70,0.00,25.0930,25.0962,24.8835,24.8863,38422258,1452931,1666581,38419720.0000,1452024.2500,1666847.0000,-69,-32768,-110
01:27:35,2009.78,24.97,4.89,3276.70,0.00,25.0930,25.0959,24.8835,24.8860,38422258,1452846,1666523,38419876.0000,1452024.2500,1666849.6250,-69,-32768,-110
01:27:38,1928.32,24.97,4.89,3276.70,0.00,25.0930,25.0953,24.8835,24.8852,38422258,1452993,1667490,38420048.0000,1452215.7500,1666852.1250,-69,-32768,-110
01:27:40,1933.75,24.97,4.79,3276.70,0.00,25.0748,25.0940,24.8667,24.8834,38401276,1453389,1665917,38419896.0000,1452348.5000,1666843.5000,-69,-32768,-110
01:27:43,1917.45,24.94,4.79,3276.70,0.00,25.0748,25.0912,24.8501,24.8815,38401276,1456435,1664017,38417704.0000,1452631.3750,1666659.1250,-69,-32768,-110
01:27:44,1912.02,24.92,4.79,3276.70,0.00,25.0507,25.0877,24.8409,24.8780,38391761,1457257,1664017,38415264.0000,1453044.2500,1666408.2500,-69,-32768,-110
01:27:45,1890.30,24.92,4.41,3276.70,0.00,25.0464,25.0852,24.8377,24.8756,38382813,1457777,1663259,38414248.0000,1453192.1250,1666309.7500,-69,-32768,-110
01:27:47,1863.15,24.88,4.38,3276.70,0.00,25.0429,25.0838,24.8342,24.8743,38384833,1458501,1664435,38413328.0000,1453358.1250,1666251.2500,-69,-32768,-110
01:27:49,1944.61,24.87,4.36,3276.70,0.00,25.0429,25.0793,24.8243,24.8698,38377371,1458408,1662034,38410752.0000,1453848.3750,1665947.2500,-69,-32768,-110
01:27:50,1993.48,24.85,4.30,3276.70,0.00,25.0353,25.0764,24.8268,24.8671,38364466,1458458,1661001,38408016.0000,1454118.8750,1665653.1250,-69,-32768,-110
01:27:51,2042.36,24.84,4.29,3276.70,0.00,25.0418,25.0754,24.8327,24.8660,38376117,1459225,1661001,38408016.0000,1454438.7500,1665364.6250,-69,-32768,-110
01:27:55,2064.08,24.83,4.28,3276.70,0.00,25.0418,25.0737,24.8327,24.8638,38376117,1460660,1662374,38404484.0000,1454438.7500,1664967.3750,-69,-32768,-110
01:27:57,2058.65,24.81,4.22,3276.70,0.00,25.0418,25.0736,24.8327,24.8635,38400986,1461844,1664462,38403920.0000,1455737.3750,1664937.8750,-69,-32768,-110
01:28:00,2026.07,24.79,4.17,3276.70,0.00,25.0769,25.0736,24.8327,24.8636,38400986,1461844,1664979,38403756.0000,1456339.5000,1664904.3750,-69,-32768,-110
01:28:02,2015.21,24.78,4.12,3276.70,0.00,25.0727,25.0736,24.8602,24.8636,38404554,1463228,1664595,38403476.0000,1456954.8750,1664876.6250,-69,-32768,-110
01:28:03,2004.34,24.77,4.09,3276.70,0.00,25.0666,25.0734,24.8574,24.8629,38393105,1463225,1663382,38403152.0000,1457150.7500,1664830.0000,-69,-32768,-110
01:28:04,1993.48,24.75,4.05,3276.70,0.00,25.0587,25.0726,24.8499,24.8625,38396073,1463498,1663694,38402928.0000,1457349.1250,1664794.5000,-69,-32768,-110
01:28:05,1993.48,24.75,4.04,3276.70,0.00,25.0543,25.0720,24.8456,24.8619,38393706,1463676,1663054,38402304.0000,1457737.0000,1664714.5000,-69,-32768,-110
01:28:07,1993.48,24.74,4.02,3276.70,0.00,25.0460,25.0705,24.8372,24.8605,38391861,1463709,1663054,38401540.0000,1458100.3750,1664544.0000,-69,-32768,-110
01:28:08,1998.91,24.74,4.01,3276.70,0.00,25.0401,25.0687,24.8308,24.8587,38383968,1463558,1661696,38400992.0000,1458270.8750,1664455.0000,-69,-32768,-110
01:28:11,2004.34,24.72,4.01,3276.70,0.00,25.0401,25.0656,24.8308,24.8557,38383968,1463462,1660916,38398608.0000,1458270.8750,1663952.5000,-69,-32768,-110
01:28:14,2004.34,24.72,3.95,3276.70,0.00,25.0320,25.0625,24.8227,24.8557,38383968,1463669,1660916,38396276.0000,1459474.3750,1663638.3750,-69,-32768,-110
01:28:16,2004.34,24.69,3.93,3276.70,0.00,25.0310,25.0625,24.8227,24.8489,38381334,1464025,1660834,38395360.0000,1459755.3750,1663446.5000,-69,-32768,-110
01:28:17,2004.34,24.69,3.89,3276.70,0.00,25.0306,25.0625,24.8207,24.8489,38379447,1464127,1661142,38394456.0000,1460021.5000,1663323.0000,-69,-32768,-110
01:28:20,2004.34,24.66,3.88,3276.70,0.00,25.0306,25.0550,24.8178,24.8453,38379267,1464224,1660295,38394456.0000,1460021.5000,1663054.2500,-69,-32768,-110
01:28:23,2004.34,24.65,3.86,3276.70,0.00,25.0306,25.0513,24.8178,24.8415,38382569,1464510,1659971,38391912.0000,1460893.1250,1663054.2500,-69,-32768,-110
01:28:24,2004.34,24.63,3.83,3276.70,0.00,25.0180,25.0493,24.8099,24.8396,38381194,1464513,1659942,38391576.0000,1461006.2500,1662671.1250,-69,-32768,-110
01:28:26,2004.34,24.62,3.82,3276.70,0.00,25.0167,25.0482,24.8087,24.8386,38382409,1464539,1659959,38391008.0000,1461006.2500,1662671.1250,-69,-32768,-110
01:28:28,2004.34,24.61,3.79,3276.70,0.00,25.0121,25.0450,24.8087,24.8386,38380025,1464798,1659930,38390400.0000,1461441.8750,1662363.5000,-69,-32768,-110
01:28:29,2004.34,24.60,3.79,3276.70,0.00,25.0087,25.0428,24.7999,24.8386,38381274,1464798,1659716,38389576.0000,1461753.1250,1662117.2500,-69,-32768,-110
01:28:33,2004.34,24.59,3.79,3276.70,0.00,25.0087,25.0394,24.7999,24.8288,38381274,1464943,1658828,38388744.0000,1462160.6250,1661811.0000,-69,-32768,-110
01:28:35,2004.34,24.58,3.74,3276.70,0.00,24.9995,25.0348,24.7900,24.8254,38383705,1465166,1658423,38388364.0000,1462342.0000,1661620.3750,-69,-32768,-110
01:28:37,2009.78,24.57,3.74,3276.70,0.00,24.9995,25.0312,24.7900,24.8218,38383705,1465166,1659016,38387760.0000,1462691.8750,1661257.1250,-69,-32768,-110
01:28:40,2004.34,24.55,3.74,3276.70,0.00,24.9995,25.0275,24.7900,24.8167,38382221,1465361,1658597,38387372.0000,1462941.6250,1660979.2500,-69,-32768,-110
01:28:42,2009.78,24.54,3.74,3276.70,0.00,24.9840,25.0249,24.7900,24.8167,38381611,1465296,1657252,38386952.0000,1463084.0000,1660763.1250,-69,-32768,-110
01:28:45,2004.34,24.53,3.69,3276.70,0.00,24.9798,25.0209,24.7900,24.8098,38381611,1465484,1657252,38386952.0000,1463084.0000,1660359.6250,-69,-32768,-110
01:28:47,2009.78,24.52,3.66,3276.70,0.00,24.9749,25.0155,24.7635,24.8057,38383184,1465613,1657488,38386092.0000,1463577.2500,1660181.1250,-69,-32768,-110
01:28:49,2004.34,24.52,3.65,3276.70,0.00,24.9703,25.0128,24.7608,24.8030,38381318,1465656,1657488,38386092.0000,1463577.2500,1660045.8750,-69,-32768,-110
01:28:53,2004.34,24.51,3.64,3276.70,0.00,24.9703,25.0071,24.7608,24.7960,38381318,1465664,1657488,38386092.0000,1463577.2500,1659637.3750,-69,-32768,-110
01:28:55,2004.34,24.51,3.61,3276.70,0.00,24.9572,25.0013,24.7468,24.7916,38377135,1465664,1657488,38384416.0000,1464155.1250,1659419.5000,-69,-32768,-110
01:28:57,2009.78,24.50,3.60,3276.70,0.00,24.9572,24.9970,24.7468,24.7856,38379803,1465939,1655863,38383984.0000,1464307.3750,1659106.1250,-69,-32768,-110
01:28:59,2009.78,24.49,3.60,3276.70,0.00,24.9503,24.9941,24.7380,24.7841,38376933,1465898,1655435,38383764.0000,1464403.1250,1658903.1250,-69,-32768,-110
01:29:00,2004.34,24.49,3.58,3276.70,0.00,24.9476,24.9912,24.7359,24.7811,38379093,1465853,1656631,38383364.0000,1464448.3750,1658832.1250,-69,-32768,-110
01:29:01,2009.78,24.49,3.57,3276.70,0.00,24.9460,24.9898,24.7348,24.7796,38379407,1465878,1656631,38383148.0000,1464536.3750,1658678.0000,-69,-32768,-110
01:29:03,2009.78,24.49,3.56,3276.70,0.00,24.9417,24.9868,24.7312,24.7796,38379583,1466097,1654946,38382840.0000,1464627.3750,1658439.1250,-69,-32768,-110
01:29:05,2009.78,24.48,3.54,3276.70,0.00,24.9384,24.9868,24.7266,24.7796,38379802,1466099,1655896,38382440.0000,1464762.5000,1658193.3750,-69,-32768,-110
01:29:08,2004.34,24.48,3.53,3276.70,0.00,24.9384,24.9780,24.7266,24.7678,38379286,1466304,1655840,38382440.0000,1464762.5000,1658193.3750,-69,-32768,-110
01:29:11,2009.78,24.48,3.53,3276.70,0.00,24.9384,24.9720,24.7266,24.7618,38377737,1466290,1653570,38381560.0000,1465063.0000,1657488.8750,-69,-32768,-110
01:29:13,2009.78,24.48,3.50,3276.70,0.00,24.9211,24.9720,24.7092,24.7618,38377548,1466444,1654574,38381368.0000,1465151.0000,1657302.1250,-69,-32768,-110
01:29:15,2009.78,24.48,3.50,3276.70,0.00,24.9162,24.9641,24.7067,24.7540,38377850,1466408,1653264,38381084.0000,1465151.0000,1656966.6250,-69,-32768,-110
01:29:16,2009.78,24.47,3.47,3276.70,0.00,24.9153,24.9611,24.7047,24.7540,38377378,1466668,1654277,38380876.0000,1465308.2500,1656882.6250,-69,-32768,-110
01:29:18,2009.78,24.47,3.47,3276.70,0.00,24.9142,24.9611,24.7047,24.7466,38377965,1466804,1653741,38380592.0000,1465441.0000,1656592.0000,-69,-32768,-110
01:29:21,2009.78,24.47,3.46,3276.70,0.00,24.9142,24.9553,24.7047,24.7437,38377965,1466790,1652958,38380388.0000,1465554.5000,1656331.5000,-69,-32768,-110
