mpx5500_pressure_hpa,rh_temp_c,humidity_pct,lpl_signal,mpl_signal,spl_signal,ch4_conc_mol_m3,co2_conc_mol_m3
1998.91,13.92,4.08,36925701,1435865,1119775,248.25195465078943,54996.03590728652
1998.91,13.94,4.09,36924479,1435621,1125791,248.23466028632876,54992.20463236177
1998.91,13.96,4.1,36925780,1435553,1124913,248.217368331309,54988.373891208044
1998.91,13.98,4.12,36925910,1435401,1126921,248.2000787852266,54984.54368371378
1998.91,13.99,4.12,36926587,1435138,1129143,248.1914349153797,54982.62878005412
1998.91,14.0,4.12,36926913,1435222,1130110,248.18279164757834,54980.71400976751
1998.91,14.0,4.13,36926913,1435185,1127866,248.18279164757834,54980.71400976751
1998.91,14.02,4.13,36926913,1435114,1128628,248.16550691786094,54976.88486925772
1993.48,14.02,4.14,36929779,1434798,1134535,247.71810354174278,54877.77019290947
1993.48,14.06,4.15,36929779,1434982,1129865,247.68360361436677,54870.12731554546
1993.48,14.07,4.16,36932348,1434887,1135410,247.67498013398188,54868.216928827416
1993.48,14.08,4.17,36933040,1434812,1130333,247.6663572540552,54866.30667513078
1993.48,14.09,4.17,36933658,1434900,1131178,247.657734974524,54864.39655444162
1993.48,14.09,4.17,36935057,1434590,1135306,247.657734974524,54864.39655444162
1993.48,14.1,4.18,36934808,1434574,1130320,247.64911329532558,54862.486566746076
1993.48,14.11,4.18,36934857,1434640,1131015,247.64049221639726,54860.57671203026
1993.48,14.11,4.2,36937182,1434541,1131371,247.64049221639726,54860.57671203026
1993.48,14.11,4.21,36938098,1434605,1131425,247.64049221639726,54860.57671203026
1993.48,14.15,4.21,36938098,1434507,1131425,247.60601390213117,54852.93862268644
1988.05,14.15,4.22,36941640,1434440,1129991,247.15881297097962,54753.86879460803
1988.05,14.17,4.22,36942920,1434481,1133842,247.14160854295707,54750.057443585145
1998.91,14.19,4.23,36943557,1434400,1128785,248.0186838644189,54944.35869668247
2015.21,14.2,4.24,36942823,1433947,1135098,249.35224540491976,55239.78677687273
2015.21,14.21,4.25,36941668,1433779,1134933,249.34356805784972,55237.86445689859
1998.91,14.22,4.26,36950457,1434227,1134933,247.99279194627871,54938.62277866423
1971.76,14.24,4.26,36959325,1434227,1134933,245.74022924946203,54439.6054833853
1977.19,14.25,4.26,36955814,1434502,1137058,246.17872411803322,54536.746630052294
1988.05,14.26,4.28,36954082,1434359,1137058,247.0642182476686,54732.9129281893
2020.64,14.26,4.28,36952723,1433946,1144752,249.74722015456507,55327.286774786226
2015.21,14.27,4.29,36952444,1433339,1139477,249.29151665543,55226.33334609414
1993.48,14.29,4.31,36961421,1434090,1139477,247.48541537045045,54826.222050855176
1998.91,14.31,4.3,36965914,1434373,1131476,247.91514861755417,54921.422207975855
1998.91,14.32,4.31,36964954,1434343,1139390,247.90652458205074,54919.51169828066
1993.48,14.32,4.32,36965323,1434179,1137886,247.45958811034987,54820.5004567357
1998.91,14.34,4.32,36968820,1434046,1140420,247.88927831090518,54915.691077619194
1998.91,14.35,4.32,36969238,1434048,1146140,247.88065607513778,54913.78096662518
1993.48,14.36,4.33,36969994,1434032,1147479,247.4251601477593,54812.87352195685
1993.48,14.36,4.33,36970871,1434032,1147698,247.4251601477593,54812.87352195685
1993.48,14.39,4.34,36973759,1433999,1147698,247.39934546178716,54807.154713423566
1988.05,14.39,4.34,36975285,1433934,1141731,246.95251779426314,54708.16757560994
1993.48,14.41,4.36,36978059,1434069,1141350,247.38213866352163,54803.3428373133
1993.48,14.41,4.36,36978059,1434025,1143292,247.38213866352163,54803.3428373133
1993.48,14.41,4.36,36982139,1433997,1143371,247.38213866352163,54803.3428373133
1988.05,14.44,4.36,36987142,1434292,1141671,246.90958297076543,54698.65608919255
1993.48,14.44,4.38,36987467,1434060,1144991,247.35633295344857,54797.62601723916
1988.05,14.44,4.39,36989196,1434032,1150668,246.90958297076543,54698.65608919255
2004.34,14.47,4.39,36987727,1433943,1145766,248.22393939615452,54989.82959985977
2004.34,14.49,4.39,36990713,1433819,1149683,248.20668004840067,54986.00608229616
2004.34,14.5,4.4,36992139,1433880,1146918,248.19805127454188,54984.09452289821
2004.34,14.5,4.4,36996608,1434046,1146894,248.19805127454188,54984.09452289821
1998.91,14.51,4.41,36997016,1433919,1149271,247.74278183133603,54883.2372519806
2004.34,14.52,4.41,37001905,1434241,1148151,248.1807955265477,54980.27180280068
1998.91,14.54,4.42,37007303,1434224,1148455,247.71694748375722,54877.5140877498
1998.91,14.54,4.43,37007303,1434280,1142223,247.71694748375722,54877.5140877498
1998.91,14.56,4.44,37011122,1434236,1150529,247.69972757847182,54873.699308000214
1998.91,14.58,4.45,37013717,1434152,1149745,247.68251006708417,54869.88505857832
1998.91,14.59,4.46,37013717,1434284,1149745,247.67390220894603,54867.97813270571
1998.91,14.62,4.46,37013717,1434297,1156720,247.6480822240057,54862.25815027535
1998.91,14.62,4.47,37020845,1434209,1151794,247.6480822240057,54862.25815027535
1993.48,14.64,4.47,37021686,1434248,1152503,247.1844323780614,54759.54434239485
1993.48,14.65,4.48,37022896,1434027,1152499,247.17584362085574,54757.641648011864
1993.48,14.66,4.48,37027504,1434013,1160011,247.1672554604853,54755.73908584765
1993.48,14.68,4.49,37029471,1434160,1154355,247.1500809300013,54751.93435812046
1993.48,14.69,4.5,37030070,1434127,1160792,247.14149455976332,54750.032192529914
1993.48,14.7,4.5,37031085,1434269,1160792,247.1329087861118,54748.13015910305
1960.9,14.71,4.5,37033996,1434286,1156682,244.44633790371435,54152.96566614412
1917.45,14.72,4.5,37044169,1435078,1155725,240.86650083670546,53359.91310727747
1895.73,14.73,4.51,37041408,1435052,1161691,239.072934159313,52962.57864306049
1863.15,14.74,4.5,37035908,1434977,1161691,236.38692320213949,52367.53819209658
1814.27,14.74,4.5,37035908,1434977,1154350,232.36954135275036,51477.55496214346
1765.4,14.75,4.45,37016578,1434599,1158045,228.34504971297218,50585.99667797543
1732.81,14.76,4.42,37009274,1434764,1152899,225.6587761255378,49990.898045704234
1700.23,14.76,4.41,37005489,1434534,1158844,222.98125549367688,49397.73848319662
1667.64,14.77,4.38,37003028,1434926,1151947,220.29526150015084,48802.70179024285
1629.63,14.77,4.37,36994515,1434676,1153246,217.17159592416118,48110.70633578154
1591.62,14.77,4.36,36990978,1434676,1154896,214.0479303481716,47418.71088132024
1575.32,14.77,4.35,36987472,1434437,1150908,212.70839472889693,47121.95934467938
1559.03,14.78,4.34,36987713,1434475,1150992,211.36233990131097,46823.76358732784
1526.45,14.78,4.33,36986464,1434568,1151434,208.6850052535873,46230.64522647079
1504.72,14.78,4.31,36985609,1434568,1151434,206.89929371598652,45835.05093606492
1483.0,14.79,4.3,36984317,1434762,1151103,205.10728043885737,45438.06060149148
1461.28,14.79,4.3,36983438,1434794,1151345,203.3224526619615,45042.662093372724
1455.85,14.79,4.29,36981638,1434762,1147312,202.8762457177376,44943.81246634304
1542.74,14.8,4.29,36980579,1434544,1147312,210.009085067633,46523.97278999312
1586.18,14.81,4.29,36975674,1433086,1150856,213.57119969920717,47313.099242026474
1618.77,14.82,4.33,36988765,1433537,1152921,216.24156767526063,47904.67425420831
1656.78,14.85,4.35,37005323,1433412,1154979,219.3418404030685,48591.48741747522
1738.24,14.86,4.37,37005323,1433456,1154979,226.02652359926194,50072.36629959249
1770.83,14.86,4.41,37036845,1433784,1158817,228.7039361129285,50665.50191033664
1792.55,14.92,4.42,37048468,1434015,1158817,230.44032335878057,51050.169235337824
1830.56,14.95,4.42,37058746,1434235,1162102,233.5380414529776,51736.4164625903
1874.01,14.98,4.43,37067434,1434252,1163479,237.0818483868519,52521.48715280097
1901.16,15.0,4.43,37075874,1434351,1165211,239.29480171196553,53011.72965945231
1944.61,15.0,4.44,37075874,1434508,1165211,242.86267689190925,53802.13226387457
1966.33,15.0,4.45,37075874,1434648,1168332,244.64620390936335,54197.242610665184
2053.22,15.0,4.45,37103468,1434629,1168689,251.78113312421522,55777.86590866866
2091.23,15.0,4.46,37101319,1434013,1170306,254.9023054047598,56469.309015552215
2123.82,15.11,4.48,37101319,1434651,1172298,257.4801251663173,57040.381530846425
2145.54,15.13,4.48,37130720,1434906,1172175,259.2449847041835,57431.35641220169
2161.83,15.16,4.47,37136257,1434995,1173492,260.5549119804431,57721.54871953899
2178.13,15.18,4.47,37139539,1435285,1174302,261.8744694224781,58013.874427773466
2183.56,15.19,4.47,37142542,1435351,1177155,262.31097522405133,58110.57493017567
2194.42,15.19,4.47,37145374,1435417,1176082,263.2021511102957,58307.99992571516
2205.28,15.21,4.47,37154686,1435510,1176264,264.0750100783131,58501.3671167796
2199.85,15.22,4.47,37156377,1435888,1175922,263.6203109847158,58400.636197203705
2199.85,15.22,4.48,37163684,1436108,1178604,263.6203109847158,58400.636197203705
2194.42,15.22,4.47,37165847,1436327,1172989,263.17476939744995,58301.933968792546
2194.42,15.27,4.45,37165847,1436448,1179222,263.1291458676328,58291.82684481211
2199.85,15.28,4.45,37165815,1436487,1178135,263.5654719642981,58388.48753662115
2259.59,15.29,4.45,37165815,1435417,1179439,268.4569227372168,59472.10600288689
2265.02,15.31,4.48,37167123,1435984,1183493,268.8837122021864,59566.65401469745
2232.43,15.31,4.49,37180233,1436472,1180846,266.2104764743173,58974.44370044098
2156.4,15.34,4.49,37180233,1437748,1182906,259.9469854953784,57586.872854252695
2118.39,15.34,4.46,37191726,1437869,1179717,256.82949167362057,56896.2446479076
2064.08,15.36,4.46,37173089,1437329,1181348,252.35761382545596,55905.57549061291
2020.64,15.36,4.45,37158313,1437115,1184615,248.79501072622625,55116.34082680429
1988.05,15.36,4.43,37149504,1437002,1184615,246.12223828138514,54524.23314509335
1966.33,15.36,4.42,37140586,1436972,1179090,244.34093673177026,54129.61581318904
1939.18,15.36,4.41,37137269,1436777,1177784,242.11430979475168,53636.34414830865
1890.3,15.36,4.41,37125786,1436904,1176006,238.10556118769946,52748.27346766949
1857.72,15.36,4.4,37121254,1436710,1176556,235.43360886327716,52156.34746981303
1803.41,15.36,4.39,37121254,1436636,1175652,230.97953486882122,51169.62245619779
1781.69,15.36,4.38,37108528,1436588,1174667,229.19823331920634,50775.00512429347
1759.97,15.36,4.37,37106688,1436542,1172568,227.41693176959149,50380.38779238917
1743.67,15.36,4.37,37103430,1436660,1174243,226.08013548696152,50084.24310960646
1694.8,15.36,4.35,37103430,1436623,1174243,222.07220700032812,49196.35411282177
1656.78,15.36,4.35,37093456,1436523,1173182,218.9541091680833,48505.592098134766
1645.92,15.36,4.33,37090738,1436493,1177057,218.06345839327585,48308.2834321826
1624.2,15.36,4.32,37091175,1436482,1172775,216.28215684366103,47913.6661002783
1602.48,15.36,4.31,37086520,1436623,1174772,214.50085529404615,47519.04876837399
1580.75,15.36,4.31,37087531,1436484,1178323,212.7187336240125,47124.24975261521
1564.46,15.36,4.3,37087722,1436484,1172611,211.38275746180136,46828.28675368698
1521.02,15.36,4.3,37087722,1436674,1172629,207.8201543625716,46039.05208987836
1493.86,15.36,4.28,37087464,1436556,1172629,205.59270730513424,45545.5987411435
1477.57,15.37,4.26,37085145,1436683,1174242,204.24965167768175,45248.06740602568
1434.13,15.37,4.25,37085145,1436811,1174242,200.6871720570012,44458.86009680821
1417.83,15.38,4.24,37085145,1437020,1173509,199.34351293239672,44161.19506706918
1461.28,15.38,4.23,37085145,1435895,1172246,202.90668914665792,44950.55669485234
1515.59,15.39,4.23,37081230,1435911,1173492,207.3532678575785,45935.621254744154
1564.46,15.41,4.25,37092075,1435716,1174696,211.34613028591733,46820.17262027388
1575.32,15.42,4.25,37101988,1435726,1176081,212.22927196293443,47015.817772187285
1645.92,15.43,4.29,37120553,1436345,1178937,218.01056338292335,48296.565434260876
1700.23,15.43,4.32,37125943,1435919,1179742,222.46355696577902,49283.051100897974
1738.24,15.48,4.33,37136082,1435796,1179742,225.54100080318548,49964.80690831041
1787.12,15.48,4.34,37152316,1436007,1183501,229.5480827441502,50852.50836717195
1825.13,15.52,4.36,37159612,1436117,1178891,232.63182497344025,51535.65947713769
1868.58,15.54,4.36,37169240,1435986,1185778,236.17691000098304,52321.01330745649
1912.02,15.56,4.37,37182929,1436333,1183248,239.72068431416497,53106.07677110263
1933.75,15.6,4.38,37197337,1436536,1191112,241.46811668004835,53493.19095626529
1960.9,15.6,4.39,37203505,1436536,1191112,243.69289291415825,53986.05262911253
1955.47,15.65,4.39,37212642,1436861,1193473,243.2058241047208,53878.1507446306
1971.76,15.66,4.39,37231082,1437631,1194645,244.53199156539898,54171.940791074056
2009.78,15.69,4.39,37237346,1437876,1195102,247.6211289626916,54856.287109567405
2036.93,15.71,4.37,37237346,1437551,1195102,249.82791327003764,55345.16297432005
2026.07,15.71,4.39,37246595,1437846,1197300,248.93834166081626,55148.09337931259
2009.78,15.76,4.38,37267149,1438876,1194382,247.56113284269787,54842.995980504136
1993.48,15.78,4.38,37270393,1439415,1199050,246.2091433706513,54543.48550270935
1988.05,15.79,4.37,37271196,1439383,1199953,245.75595959909472,54443.09027718863
1998.91,15.8,4.37,37263967,1439185,1190065,246.63674899325875,54638.214320487066
2020.64,15.81,4.37,37263967,1439185,1196681,248.4075600243063,55030.507654835645
2020.64,15.83,4.38,37252639,1438244,1196904,248.39036799994307,55026.6990516344
1988.05,15.84,4.37,37252639,1438384,1210056,245.7134397957107,54433.67073148167
1993.48,15.87,4.37,37252639,1438384,1209291,246.1324745487588,54526.500817582906
1998.91,15.88,4.37,37254959,1438155,1200849,246.56848293119097,54623.091125159124
2004.34,15.9,4.38,37254959,1437795,1201469,246.99591575548166,54717.78166238253
2004.34,15.91,4.38,37255650,1437795,1201469,246.98737095800863,54715.88870653729
2004.34,15.93,4.39,37258533,1438070,1201469,246.97028313657802,54712.103187739274
2004.34,15.95,4.39,37262251,1438260,1203398,246.95319767942573,54708.318192707266
2004.34,15.96,4.39,37262404,1438170,1203364,246.9446558373006,54706.42589156954
2004.34,15.97,4.39,37263299,1438127,1196186,246.93611458606102,54704.53372133255
2004.34,15.98,4.41,37265291,1438081,1205455,246.92757392564582,54702.641681982735
2004.34,16.0,4.41,37269093,1437925,1205112,246.910494377043,54698.85799589026
2004.34,16.02,4.42,37269895,1437884,1205112,246.89341719100173,54695.07483318349
2004.34,16.04,4.42,37272390,1438106,1206299,246.87634236703195,54691.29219375382
2004.34,16.04,4.42,37274061,1437858,1215562,246.87634236703195,54691.29219375382
2004.34,16.06,4.42,37276544,1437896,1207535,246.85926990464358,54687.51007749271
1998.91,16.08,4.43,37278589,1437915,1218864,246.39798299485574,54585.31973828698
1998.91,16.08,4.43,37282773,1437915,1217129,246.39798299485574,54585.31973828698
1998.91,16.13,4.43,37283814,1438064,1209995,246.3553948479056,54575.88505221495
2004.34,16.13,4.43,37285341,1438027,1209995,246.79953487666612,54674.27678896456
1998.91,16.15,4.44,37286167,1438037,1210636,246.33836371103396,54572.11209092548
1998.91,16.16,4.44,37286560,1438102,1211384,246.32984902562,54570.22580589935
1998.91,16.17,4.44,37288069,1437958,1219438,246.32133492880587,54568.33965126759
1998.91,16.18,4.44,37290241,1437890,1211428,246.31282142053064,54566.453627016694
1998.91,16.2,4.44,37293902,1437933,1220901,246.29579616935243,54562.68196960339
1998.91,16.21,4.44,37296523,1438060,1213607,246.28728442632752,54560.79633641396
1998.91,16.23,4.45,37297976,1437885,1218910,246.27026270510098,54557.02546100193
1998.91,16.24,4.45,37299621,1438045,1214619,246.26175272677742,54555.14021875234
1998.91,16.25,4.45,37301990,1437973,1214040,246.25324333656576,54553.255106789016
1998.91,16.26,4.45,37303494,1438052,1222538,246.24473453440487,54551.37012509844
1998.91,16.27,4.47,37303587,1438137,1215202,246.236226320234,54549.48527366713
1998.91,16.27,4.45,37304730,1438018,1215384,246.236226320234,54549.48527366713
1998.91,16.29,4.47,37306813,1437967,1221368,246.21921165561812,54545.71596152826
1998.91,16.3,4.47,37308815,1438194,1216163,246.2107052050514,54543.83150079371
1993.48,16.32,4.47,37308815,1438275,1219923,245.74984555940955,54441.73581475736
1998.91,16.34,4.48,37316913,1438253,1217722,246.17668527963707,54536.29495977319
1998.91,16.35,4.47,37317201,1438500,1218207,246.16818176719215,54534.41114993002
1998.91,16.37,4.48,37322836,1438304,1219052,246.15117650456662,54530.64392064362
1998.91,16.38,4.48,37322836,1438407,1220397,246.14267475426422,54528.76050117342
1998.91,16.4,4.49,37328834,1438604,1216270,246.125673015376,54524.994052511625
1993.48,16.4,4.49,37331816,1438381,1221718,245.6819471389476,54426.694064230054
1993.48,16.43,4.49,37334610,1438796,1214090,245.65649490324702,54421.05555044482
1993.48,16.45,4.49,37337854,1438796,1222394,245.63952967569847,54417.297190254874
1993.48,16.45,4.49,37342059,1438871,1216908,245.63952967569847,54417.297190254874
1993.48,16.48,4.49,37341503,1438662,1223096,245.61408622753953,54411.660623201366
1993.48,16.49,4.49,37344673,1438809,1223407,245.6056062494209,54409.782026991474
1993.48,16.5,4.5,37347414,1438719,1224578,245.59712685683508,54407.9035604965
1993.48,16.52,4.5,37348155,1438778,1224578,245.58016982801905,54404.147016597555
1993.48,16.54,4.5,37351941,1438906,1224578,245.56321514060642,54400.39099139705
1993.48,16.55,4.5,37351941,1438726,1224578,245.55473867477485,54398.513173275154
1993.48,16.58,4.5,37361582,1438757,1227957,245.52931278805193,54392.88049666177
1993.48,16.6,4.5,37362883,1438895,1228534,245.51236512194055,54389.12602691221
1993.48,16.62,4.5,37362883,1438709,1236787,245.49541979529377,54385.372075431595
1993.48,16.62,4.51,37372680,1438989,1230184,245.49541979529377,54385.372075431595
1993.48,16.66,4.53,37372680,1438900,1230938,245.46153615845648,54377.86572684797
1993.48,16.69,4.52,37372680,1438812,1241313,245.43612956832143,54372.23732506836
1993.48,16.71,4.53,37372680,1439164,1236687,245.41919476327288,54368.48570447048
2026.07,16.74,4.53,37383923,1439102,1234163,248.05384584547028,54952.14824087838
2026.07,16.75,4.54,37380073,1438592,1228881,248.04528931405096,54950.252685575135
1988.05,16.77,4.54,37392088,1438865,1228881,244.92524477980973,54259.05941187529
1982.62,16.77,4.54,37392088,1439988,1237378,244.48208519261377,54160.88487542755
2031.5,16.82,4.54,37400489,1439814,1237091,248.42849329124815,55035.14506726614
2031.5,16.82,4.55,37376884,1437746,1237350,248.42849329124815,55035.14506726614
2031.5,16.84,4.55,37376884,1439113,1227982,248.41135970089738,55031.34940913536
2031.5,16.87,4.55,37410956,1439073,1240203,248.38566374616656,55025.65690350721
2020.64,16.89,4.56,37411079,1439350,1229038,247.48258359062044,54825.59471776758
2009.78,16.89,4.57,37419345,1439350,1233729,246.59663111841073,54629.32688155927
2015.21,16.93,4.56,37413960,1439163,1242136,247.00554232316492,54719.91426618304
2015.21,16.96,4.56,37412744,1439181,1233686,246.97999971425904,54714.25573173754
2009.78,16.97,4.56,37412744,1439259,1238001,246.52863259886888,54614.26295576813
2015.21,17.0,4.56,37420701,1439266,1244758,246.94595111874438,54706.71283933957
2015.21,17.01,4.58,37422885,1439273,1244386,246.93744043666837,54704.82744118548
2009.78,17.03,4.58,37424155,1439276,1245535,246.47765831409416,54602.97046222155
2015.21,17.06,4.58,37424155,1439104,1247246,246.89489582407117,54695.40239941552
2009.78,17.08,4.58,37424155,1439110,1257378,246.43519584324102,54593.56361757038
2009.78,17.11,4.59,37432279,1439118,1248396,246.40972538270464,54587.92106637997
2015.21,17.12,4.58,37435677,1439058,1257933,246.84386163607567,54684.09663532014
2015.21,17.13,4.59,37438304,1439225,1248787,246.83535798919556,54682.212795695115
2009.78,17.13,4.59,37439881,1439158,1258874,246.39274800049554,54584.16001352987
2009.78,17.17,4.58,37441602,1439254,1250765,246.3588002534577,54576.639462411986
2009.78,17.19,4.59,37441602,1439331,1251455,246.3418298876622,54572.87996393004
2015.21,17.21,4.59,37447074,1439134,1252785,246.7673499004811,54667.146750015076
2015.21,17.23,4.59,37449028,1439134,1260809,246.7503537333965,54663.38153569245
2009.78,17.25,4.59,37449168,1439253,1253707,246.29093281537138,54561.60457550775
2009.78,17.26,4.58,37451259,1438883,1260461,246.28245201468215,54559.72579707121
2009.78,17.27,4.59,37451302,1438860,1263007,246.27397179802992,54557.84714801822
2009.78,17.28,4.59,37452909,1439097,1254859,246.2654921653543,54555.9686283354
2009.78,17.3,4.59,37454670,1438999,1261032,246.2485346516916,54552.21197702684
2009.78,17.32,4.59,37454670,1438872,1260697,246.23157947321184,54548.45584303869
2009.78,17.34,4.59,37460063,1439029,1257824,246.21462662943253,54544.700226264074
2009.78,17.36,4.59,37463375,1439029,1259123,246.1976761198714,54540.945126596154
2009.78,17.38,4.59,37463375,1439029,1258377,246.18072794404654,54537.19054392816
2015.21,17.38,4.59,37463375,1438945,1258708,246.6229570684738,54635.158952033795
2009.78,17.44,4.59,37469761,1438895,1258708,246.1298974141706,54525.929896856214
2009.78,17.46,4.59,37469761,1439058,1254868,246.11295856847266,54522.17738112057
2009.78,17.48,4.6,37469761,1438970,1254868,246.09602205410263,54518.425381851324
2009.78,17.51,4.59,37478352,1439267,1253892,246.0706216527346,54512.79835108872
2009.78,17.52,4.6,37482027,1439023,1264328,246.0621560174213,54510.92293228558
2009.78,17.53,4.6,37483722,1439106,1264480,246.0536909645791,54509.047642519094
2009.78,17.55,4.6,37484103,1439106,1264480,246.03676260606758,54505.297450042824
2009.78,17.55,4.6,37484103,1439273,1264480,246.03676260606758,54505.297450042824
2009.78,17.58,4.6,37490918,1439028,1266221,246.0113744353312,54499.673128770504
2009.78,17.6,4.6,37494483,1439028,1266221,245.99445189882658,54495.924226061725
2009.78,17.63,4.6,37494483,1439040,1268521,245.96907245884807,54490.30183894164
2009.78,17.66,4.6,37501252,1438962,1268521,245.9436982551626,54484.68061183401
2009.78,17.68,4.61,37505153,1439103,1274062,245.92678502762385,54480.933771369695
2009.78,17.68,4.61,37506134,1439103,1275540,245.92678502762385,54480.933771369695
2009.78,17.7,4.61,37507464,1439103,1275540,245.90987412612634,54477.187446200616
2009.78,17.72,4.61,37509587,1439112,1277362,245.89296555019024,54473.44163622047
2009.78,17.73,4.61,37509587,1438954,1272035,245.88451213415786,54471.56892439305
2009.78,17.76,4.61,37517634,1439104,1272035,245.85915537308392,54465.95156140198
2009.78,17.77,4.61,37519461,1439066,1274347,245.85070428153392,54464.07936452444
2009.78,17.78,4.61,37522438,1439083,1274962,245.84225377095473,54462.20729635119
2009.78,17.81,4.62,37521697,1438876,1277082,245.81690572444268,54456.59186392442
2009.78,17.82,4.61,37521697,1439080,1277082,245.80845753714763,54454.720310435616
2009.78,17.85,4.62,37531147,1439080,1277744,245.783116459051,54449.10642174381
2009.78,17.88,4.62,37531147,1439109,1277744,245.75778060538033,54443.49369043551
2009.78,17.92,4.62,37537929,1439108,1272898,245.7240075912455,54436.01184844693
2009.78,17.93,4.62,37540229,1439118,1272898,245.71556578804396,54434.14170924642
2004.34,17.95,4.62,37543731,1439077,1274202,245.25650789804868,54332.44517180236
2009.78,17.97,4.62,37544349,1439031,1282614,245.68180437477272,54426.66243723361
2009.78,17.99,4.62,37544349,1439072,1283477,245.66492714702147,54422.923571915395
2009.78,18.02,4.62,37553051,1439333,1277641,245.63961565265598,54417.31623700055
2004.34,18.04,4.62,37555008,1439041,1284715,245.18070486322318,54315.65228720652
2009.78,18.06,4.62,37556577,1439066,1278238,245.6058751058818,54409.84158760842
2009.78,18.06,4.62,37560420,1439271,1285449,245.6058751058818,54409.84158760842
2009.78,18.09,4.62,37561325,1439261,1285548,245.58057577799698,54404.23694797229
2009.78,18.1,4.62,37561833,1439188,1279475,245.5721438268973,54402.36899133888
2009.78,18.12,4.62,37563437,1439045,1279475,245.555281661633,54398.633462860744
2009.78,18.12,4.62,37566054,1439289,1288208,245.555281661633,54398.633462860744
2009.78,18.14,4.62,37566054,1439289,1288208,245.53842181188452,54394.89844734612
2009.78,18.14,4.62,37574455,1439440,1282600,245.53842181188452,54394.89844734612
2009.78,18.18,4.63,37574832,1439441,1279440,245.50470905702755,54387.42995478478
2009.78,18.18,4.62,37577446,1439415,1279440,245.50470905702755,54387.42995478478
2009.78,18.21,4.62,37580811,1439429,1282665,245.47943056556784,54381.82993110739
2009.78,18.22,4.62,37580811,1439429,1292652,245.47100555851264,54379.96351280999
2009.78,18.22,4.62,37584806,1439392,1284338,245.47100555851264,54379.96351280999
2004.34,18.25,4.62,37586325,1439549,1282564,245.00401320906647,54276.50922962138
2004.34,18.27,4.62,37588207,1439446,1293774,244.987198713616,54272.78426158695
2009.78,18.28,4.62,37588207,1439502,1284292,245.4204676580443,54368.7676928506
2009.78,18.31,4.63,37596485,1439655,1288745,245.395206510615,54363.1715114508
2009.78,18.33,4.62,37598666,1439399,1297594,245.37836863449928,54359.44136382411
2004.34,18.36,4.63,37602011,1439765,1290174,244.91156203602608,54256.02823063245
2009.78,18.38,4.63,37602506,1439475,1299182,245.3362840516717,54350.11823389514
2004.34,18.38,4.63,37604830,1439416,1299346,244.89476022749625,54252.30607317144
2004.34,18.39,4.62,37608643,1439754,1292460,244.88636018769972,54250.445185949335
2009.78,18.41,4.62,37609078,1439804,1290871,245.31104023042883,54344.52589081989
2004.34,18.41,4.62,37610655,1439564,1300419,244.86956183674704,54246.72379445626
2009.78,18.43,4.62,37610655,1439767,1294657,245.29421390213264,54340.798301417955
2004.34,18.45,4.62,37610655,1439691,1302185,244.8359720477434,54239.28254290696
2004.34,18.47,4.62,37621492,1439573,1304047,244.81918060874415,54235.56268264065
2004.34,18.47,4.64,37621492,1439800,1294970,244.81918060874415,54235.56268264065
2009.78,18.47,4.64,37628021,1439685,1305578,245.26056816948028,54333.344656496294
2004.34,18.53,4.64,37633199,1439751,1305578,244.76882010807043,54224.406162615436
2004.34,18.56,4.64,37634687,1439751,1305578,244.7436476264851,54218.82962363878
2009.78,18.59,4.64,37637956,1439681,1308538,245.15968632886765,54310.99598521783
2009.78,18.61,4.64,37640774,1439764,1301930,245.14288075673105,54307.27299399318
2004.34,18.63,4.64,37646573,1439717,1311046,244.68493196628273,54205.82215885828
2009.78,18.63,4.64,37648976,1439779,1311794,245.12607748846338,54303.55051315186
2009.78,18.67,4.65,37649153,1439779,1310224,245.09247786164016,54296.107082199465
2004.34,18.69,4.65,37652622,1439734,1312593,244.6346266759936,54194.67786976312
2004.34,18.71,4.65,37655991,1439802,1313868,244.61786284219136,54190.964124962884
2004.34,18.73,4.65,37655991,1439864,1314568,244.60110130574878,54187.25088910397
2004.34,18.75,4.65,37665280,1439864,1314568,244.5843420661938,54183.53816208177
2004.34,18.78,4.65,37668377,1439982,1316974,244.55920751249263,54177.97002538852
2004.34,18.8,4.65,37668377,1439845,1317685,244.54245401309117,54174.25857000057
2004.34,18.82,4.65,37674615,1439845,1326081,244.5257028089255,54170.54762308344
2004.34,18.83,4.65,37674691,1439877,1328619,244.51732806740864,54168.692340268746
2004.34,18.85,4.65,37678519,1439877,1319359,244.5005803052122,54164.98215586187
2004.34,18.86,4.65,37679190,1440044,1326595,244.4922072844148,54163.12725424358
2004.34,18.86,4.65,37684055,1440044,1326595,244.4922072844148,54163.12725424358
2004.34,18.91,4.65,37685749,1439940,1331415,244.45035078107912,54153.85465148144
2004.34,18.91,4.65,37689702,1439956,1323186,244.45035078107912,54153.85465148144
2004.34,18.91,4.65,37691022,1439956,1323186,244.45035078107912,54153.85465148144
2004.34,18.97,4.65,37694803,1439914,1324739,244.40014189073653,54142.731718169474
2009.78,18.99,4.65,37694803,1439857,1324739,244.82401208182324,54236.633014059866
2004.34,19.0,4.65,37700601,1440004,1326408,244.375045179264,54137.17196478408
2004.34,19.02,4.65,37700762,1440017,1326548,244.35831690153668,54133.466096832904
2004.34,19.02,4.65,37700762,1440046,1326548,244.35831690153668,54133.466096832904
2004.34,19.05,4.65,37707250,1439998,1329096,244.33322877865152,54127.90824610428
2009.78,19.08,4.65,37711885,1440036,1329398,244.74861201650702,54219.929400566165
2009.78,19.09,4.65,37713545,1440028,1339841,244.74023709822015,54218.07407859106
2004.34,19.11,4.65,37716913,1440156,1331593,244.2830679844042,54116.79596767149
2004.34,19.11,4.65,37717542,1439882,1341503,244.2830679844042,54116.79596767149
2004.34,19.13,4.65,37720981,1440270,1332543,244.26635229616113,54113.09288870832
2004.34,19.14,4.65,37724971,1440031,1340582,244.25799530987027,54111.24153926467
2004.34,19.17,4.64,37724971,1440078,1335652,244.23292778161593,54105.68825092935
2004.34,19.19,4.64,37729068,1439890,1337761,244.21621895437494,54101.98669190555
2004.34,19.19,4.66,37729068,1439890,1333661,244.21621895437494,54101.98669190555
2004.34,19.25,4.64,37739835,1440145,1338999,244.16610618714765,54090.88505304949
2004.34,19.27,4.64,37741718,1440442,1338999,244.14940650134045,54087.18551915625
2004.34,19.29,4.64,37745038,1440243,1340644,244.13270909971948,54083.48649128596
2004.34,19.31,4.64,37746143,1440398,1340644,244.1160139818162,54079.787969334844
2004.34,19.34,4.65,37749086,1440276,1341617,244.09097558590713,54074.24113477955
2004.34,19.35,4.65,37751490,1440353,1331296,244.0826305952888,54072.39244277494
2004.34,19.37,4.65,37754800,1440115,1344279,244.06594232572806,54068.69543795867
2004.34,19.4,4.65,37759977,1440180,1344953,244.04091419969907,54063.150878522196
2004.34,19.41,4.65,37758913,1440203,1345065,244.03257263167202,54061.30294473499
2004.34,19.42,4.65,37760713,1440280,1345593,244.0242316338721,54059.45513727199
2004.34,19.43,4.63,37760713,1440430,1336843,244.0158912062409,54057.60745612026
2004.34,19.46,4.65,37765836,1440430,1346298,243.99087334377492,54052.06517040317
2004.34,19.48,4.65,37768266,1440143,1348102,243.9741976185694,54048.37094457734
2004.34,19.5,4.65,37769622,1440151,1348720,243.95752417263617,54044.67722368587
2004.34,19.51,4.65,37771833,1440295,1348720,243.94918830425058,54042.83055255815
2004.34,19.51,4.65,37774424,1440097,1349940,243.94918830425058,54042.83055255815
2004.34,19.55,4.64,37775881,1440112,1350370,243.91585052655267,54035.44512986563
2004.34,19.55,4.65,37779683,1440502,1350202,243.91585052655267,54035.44512986563
2004.34,19.59,4.65,37782146,1440217,1352797,243.88252185940414,54028.06172546174
2004.34,19.61,4.64,37785943,1440455,1355597,243.86586094111888,54024.3707798595
2004.34,19.61,4.64,37787240,1440455,1363097,243.86586094111888,54024.3707798595
2004.34,19.66,4.64,37791296,1440154,1356111,243.82421860292328,54015.14562177408
2004.34,19.66,4.64,37793038,1440154,1356111,243.82421860292328,54015.14562177408
2004.34,19.7,4.64,37793038,1440177,1358026,243.7909149705377,54007.76776339993
2004.34,19.74,4.64,37799707,1440223,1359060,243.75762043470917,54000.39192021465
2004.34,19.76,4.64,37802610,1440302,1360400,243.74097657683922,53996.70475405984
2004.34,19.78,4.64,37803846,1440138,1360515,243.72433499171126,53993.018091392725
2004.34,19.79,4.64,37806302,1440221,1360515,243.71601505127998,53991.1749488348
2004.34,19.81,4.64,37808958,1440335,1355379,243.69937687439233,53987.48904120587
2004.34,19.82,4.63,37808149,1440061,1355379,243.69105863781945,53985.64627610905
2004.34,19.82,4.64,37813360,1440318,1354842,243.69105863781945,53985.64627610905
2004.34,19.82,4.64,37815852,1440131,1364619,243.69105863781945,53985.64627610905
2004.34,19.87,4.63,37816099,1440018,1364606,243.64947597133974,53976.434337286424
2004.34,19.89,4.63,37816099,1440125,1365955,243.63284687797562,53972.75044195901
1998.91,19.91,4.63,37819518,1440179,1366504,243.17780871358124,53871.94440696355
2004.34,19.92,4.63,37819518,1440101,1366504,243.60790749350656,53967.22554171928
2004.34,19.96,4.63,37826779,1440141,1366504,243.57466292218612,53959.860767328544
2004.34,19.96,4.63,37828472,1439952,1370851,243.57466292218612,53959.860767328544
2004.34,20.01,4.63,37830344,1439664,1371702,243.53311996562277,53950.65762556853
1998.91,20.03,4.63,37833891,1439678,1371981,243.07827485368077,53849.89435808971
2004.34,20.03,4.64,37832380,1439712,1371665,243.51650675053543,53946.977247805684
2004.34,20.06,4.63,37835893,1439727,1371617,243.49159117738813,53941.457622562906
2004.34,20.07,4.63,37836135,1439611,1374316,243.4832871193028,53939.617998471
2004.34,20.09,4.63,37838859,1439753,1374749,243.46668070223015,53935.93912669373
2004.34,20.1,4.63,37842465,1439732,1374403,243.45837834312692,53934.09987898267
2004.34,20.12,4.63,37845736,1439843,1375466,243.44177532349698,53930.42175985156
2004.34,20.12,4.63,37847236,1439847,1375767,243.44177532349698,53930.42175985156
2004.34,20.15,4.63,37849101,1439847,1375767,243.41687503962487,53924.90552168997
2004.34,20.15,4.63,37856778,1440000,1375767,243.41687503962487,53924.90552168997
1998.91,20.15,4.63,37862637,1439971,1375767,242.97882243982997,53827.86235221528
2004.34,20.23,4.63,37863630,1439971,1375767,243.3504991789555,53910.20106861977
2004.34,20.25,4.63,37866326,1440108,1382894,243.3339108695364,53906.526208287905
2004.34,20.26,4.63,37868011,1440060,1381373,243.32561756287097,53904.68896599185
2004.34,20.26,4.63,37870693,1440171,1382827,243.32561756287097,53904.68896599185
2004.34,20.28,4.63,37873536,1440171,1382827,243.30903264533953,53901.01485707552
2004.34,20.3,4.63,37876041,1440242,1383967,243.29244998848856,53897.34124897484
2004.34,20.32,4.62,37882539,1440573,1383967,243.27586959185598,53893.668141587455
2004.34,20.35,4.62,37888938,1440504,1387090,243.25100323380565,53888.15941911982
2004.34,20.36,4.63,37891785,1440588,1388282,243.2427155773976,53886.323428543044
1998.91,20.37,4.62,37892971,1440724,1388173,242.79670421641495,53787.517129683634
2004.34,20.38,4.62,37896946,1440706,1389622,243.22614195864807,53882.65182268139
2004.34,20.39,4.62,37899983,1440764,1389426,243.2178559961912,53880.816207370946
2004.34,20.4,4.62,37903212,1440764,1389426,243.20957059826938,53878.980717123726
2004.34,20.41,4.62,37905022,1441022,1391432,243.2012857648248,53877.14535192692
2004.34,20.43,4.62,37909605,1441182,1391860,243.1847177911369,53873.47499663352
2004.34,20.43,4.62,37912112,1441155,1391860,243.1847177911369,53873.47499663352
1998.91,20.45,4.62,37917426,1441215,1391860,242.73054707630152,53772.86113046574
1998.91,20.46,4.62,37922234,1441489,1391860,242.72227996867315,53771.02969212473
2004.34,20.48,4.62,37926367,1441428,1391860,243.14330773123308,53864.301295888254
1998.91,20.49,4.62,37931386,1441578,1396959,242.6974820242546,53765.536125544
2004.34,20.5,4.62,37936831,1441884,1397151,243.1267476557874,53860.63269031728
2004.34,20.52,4.62,37938027,1441848,1397996,243.11018983594502,53856.96458443719
2004.34,20.53,4.62,37940806,1441964,1398315,243.10191177173104,53855.13071884932
2004.34,20.54,4.62,37940806,1442026,1399141,243.09363427124507,53853.29697814589
2004.34,20.56,4.62,37950637,1442289,1400573,243.07708096122693,53849.62987134135
2004.34,20.57,4.62,37956528,1442452,1400573,243.06880515157965,53847.79650521473
1998.91,20.59,4.62,37961521,1442613,1401696,242.61485879213635,53747.23234120222
2004.34,20.6,4.62,37963762,1442768,1401696,243.04398110339392,53842.2971557844
1998.91,20.61,4.62,37968086,1442727,1403744,242.59834089597672,53743.57307974108
2004.34,20.62,4.62,37973562,1442872,1404550,243.02743455465833,53838.63154682803
2004.34,20.63,4.62,37976713,1442872,1406436,243.01916212513436,53836.798929510755
2004.34,20.64,4.62,37979008,1443087,1406436,243.010890258763,53834.96643695044
2004.34,20.65,4.62,37980719,1443151,1406323,243.0026189554866,53833.134069134336
2004.34,20.65,4.62,37985444,1443268,1407276,243.0026189554866,53833.134069134336
1998.91,20.66,4.62,37984785,1443291,1407037,242.55705599401696,53734.4271056286
2004.34,20.67,4.62,37989138,1443380,1407157,242.98607803798913,53829.46970768384
1998.91,20.67,4.62,37991614,1443324,1408276,242.54880069975533,53732.59828433986
2004.34,19.44,6.1,37678020,1431132,1345715,244.00755134871997,54055.75990126686
2015.21,19.44,6.1,37680552,1430991,1345531,244.886591192808,54250.49636123715
2015.21,19.45,6.18,37689835,1431200,1335535,244.87822186296543,54248.64227728768
2015.21,19.45,6.21,37691874,1430983,1346920,244.87822186296543,54248.64227728768
2015.21,19.45,6.22,37692920,1430911,1348126,244.87822186296543,54248.64227728768
2015.21,19.45,6.23,37694522,1430791,1349040,244.87822186296543,54248.64227728768
2009.78,19.46,6.27,37694522,1430689,1349040,244.43076753898993,54149.51631430043
2004.34,19.47,6.29,37694522,1430244,1355126,243.9825351962339,54050.21799436698
2004.34,19.47,6.29,37698413,1430244,1355126,243.9825351962339,54050.21799436698
2004.34,19.48,6.29,37699560,1429116,1349826,243.9741976185694,54048.37094457734
2009.78,19.48,6.33,37698626,1428736,1354097,244.41406174891105,54145.8154281087
2004.34,19.5,6.33,37697730,1428749,1350483,243.95752417263617,54044.67722368587
2004.34,19.5,6.35,37699640,1428586,1350483,243.95752417263617,54044.67722368587
2004.34,19.51,6.35,37699640,1428556,1348344,243.94918830425058,54042.83055255815
2004.34,19.51,6.35,37698926,1428305,1351922,243.94918830425058,54042.83055255815
2004.34,19.52,6.38,37698058,1427762,1345824,243.9408530055078,54040.9840076252
2004.34,19.52,6.39,37698408,1427480,1351252,243.9408530055078,54040.9840076252
2004.34,19.53,6.41,37698117,1427423,1344304,243.93251827634953,54039.137588874095
2004.34,19.53,6.42,37699681,1427121,1351823,243.93251827634953,54039.137588874095
2004.34,19.54,6.43,37700601,1427009,1341640,243.9241841167172,54037.29129629187
2004.34,19.54,6.44,37699292,1426567,1352378,243.9241841167172,54037.29129629187
2004.34,19.55,6.44,37701099,1426626,1343772,243.91585052655267,54035.44512986563
2004.34,19.55,6.44,37701652,1426632,1340786,243.91585052655267,54035.44512986563
2004.34,19.56,6.45,37698523,1426245,1353879,243.90751750579744,54033.599089582414
1998.91,19.56,6.45,37698523,1425914,1353349,243.46858194664384,53936.36031534536
2004.34,19.57,6.46,37700524,1425914,1346845,243.89918505439317,54031.75317542931
2004.34,19.57,6.46,37701024,1426081,1345129,243.89918505439317,54031.75317542931
2004.34,19.58,6.48,37700027,1425379,1354308,243.89085317228157,54029.9073873934
2004.34,19.58,6.48,37699701,1425512,1348817,243.89085317228157,54029.9073873934
2004.34,19.59,6.5,37700516,1425196,1355759,243.88252185940414,54028.06172546174
2004.34,19.6,6.5,37701389,1425102,1355588,243.8741911157027,54026.21618962141
2004.34,19.6,6.5,37699881,1424925,1354989,243.8741911157027,54026.21618962141
2004.34,19.61,6.51,37699751,1424823,1354807,243.86586094111888,54024.3707798595
2004.34,19.61,6.5,37702739,1424921,1351644,243.86586094111888,54024.3707798595
1998.91,19.61,6.5,37701179,1424664,1355151,243.4270003470492,53927.148612873134
2004.34,19.61,6.5,37703331,1424623,1359681,243.86586094111888,54024.3707798595
2004.34,19.62,6.5,37705097,1424448,1354306,243.8575313355944,54022.52549616309
2004.34,19.63,6.52,37703189,1424195,1356064,243.84920229907087,54020.680338519254
2004.34,19.63,6.53,37703927,1424239,1353524,243.84920229907087,54020.680338519254
2004.34,19.64,6.54,37703927,1423886,1357371,243.84087383149006,54018.83530691509
2004.34,19.64,6.54,37706131,1423925,1355351,243.84087383149006,54018.83530691509
2004.34,19.65,6.56,37704784,1423654,1356674,243.83254593279366,54016.99040133768
2004.34,19.65,6.56,37706094,1423721,1362492,243.83254593279366,54016.99040133768
2004.34,19.66,6.56,37706094,1423721,1357404,243.82421860292328,54015.14562177408
2004.34,19.67,6.56,37706913,1423379,1348087,243.81589184182081,54013.30096821142
2004.34,19.68,6.57,37706913,1422955,1355318,243.8075656494279,54011.45644063678
2004.34,19.69,6.63,37715665,1423248,1358968,243.7992400256863,54009.61203903725
2004.34,19.69,6.65,37715665,1422971,1359096,243.7992400256863,54009.61203903725
2004.34,19.7,6.65,37711011,1422971,1359196,243.7909149705377,54007.76776339993
2004.34,19.7,6.67,37714997,1422507,1359518,243.7909149705377,54007.76776339993
2004.34,19.7,6.67,37714229,1422398,1359930,243.7909149705377,54007.76776339993
2004.34,19.7,6.66,37713606,1422353,1360478,243.7909149705377,54007.76776339993
2004.34,19.71,6.66,37715538,1422419,1360254,243.78259048392397,54005.92361371191
2004.34,19.71,6.65,37717728,1422293,1361076,243.78259048392397,54005.92361371191
2004.34,19.72,6.65,37718489,1422445,1360713,243.77426656578672,54004.079589960274
2004.34,19.72,6.65,37718063,1422452,1361152,243.77426656578672,54004.079589960274
2004.34,19.72,6.65,37717262,1422332,1361002,243.77426656578672,54004.079589960274
2004.34,19.73,6.65,37717262,1422373,1361002,243.7659432160679,54002.23569213216
2004.34,19.73,6.71,37717262,1422373,1362064,243.7659432160679,54002.23569213216
2009.78,19.74,6.75,37726515,1421662,1360700,244.19709409533903,54097.74990176329
2004.34,19.75,6.8,37731568,1421519,1365698,243.74929822165234,53998.548274194836
2004.34,19.75,6.83,37716644,1421519,1365698,243.74929822165234,53998.548274194836
2004.34,19.76,6.87,37726774,1421519,1362136,243.74097657683922,53996.70475405984
2009.78,19.77,6.87,37721332,1420486,1362176,244.17208415124892,54092.2093702289
2004.34,19.77,6.86,37720039,1420428,1362396,243.73265550021156,53994.86135979677
2004.34,19.77,6.83,37720082,1420468,1361875,243.73265550021156,53994.86135979677
2004.34,19.77,6.8,37723771,1420837,1362324,243.73265550021156,53994.86135979677
2004.34,19.77,6.76,37723771,1420837,1362432,243.73265550021156,53994.86135979677
2004.34,19.77,6.74,37723771,1420914,1363599,243.73265550021156,53994.86135979677
2004.34,19.78,6.74,37721432,1420907,1363997,243.72433499171126,53993.018091392725
2004.34,19.78,6.72,37727850,1421195,1364581,243.72433499171126,53993.018091392725
2004.34,19.78,6.71,37731382,1421185,1364836,243.72433499171126,53993.018091392725
2004.34,19.78,6.71,37724524,1421084,1364186,243.72433499171126,53993.018091392725
2004.34,19.78,6.71,37728263,1421073,1363344,243.72433499171126,53993.018091392725
2004.34,19.78,6.71,37728529,1421066,1364197,243.72433499171126,53993.018091392725
2004.34,19.78,6.71,37734265,1421306,1364197,243.72433499171126,53993.018091392725
1998.91,19.79,6.71,37728814,1421131,1365231,243.27742411962214,53894.012521010234
2004.34,19.79,6.7,37736106,1421280,1365192,243.71601505127998,53991.1749488348
1998.91,19.79,6.7,37736106,1420835,1371967,243.27742411962214,53894.012521010234
2004.34,19.8,6.7,37736106,1421100,1365032,243.70769567885975,53989.33193211015
2004.34,19.8,6.68,37730922,1420668,1365091,243.70769567885975,53989.33193211015
2004.34,19.8,6.68,37731461,1420799,1365913,243.70769567885975,53989.33193211015
1998.91,19.81,6.68,37730278,1420806,1365505,243.2608158847697,53890.33324653449
1998.91,19.81,6.68,37733493,1420806,1365528,243.2608158847697,53890.33324653449
1998.91,19.81,6.68,37730617,1420848,1365198,243.2608158847697,53890.33324653449
1998.91,19.81,6.68,37732488,1420720,1365198,243.2608158847697,53890.33324653449
2004.34,19.82,6.67,37733516,1420815,1359278,243.69105863781945,53985.64627610905
2004.34,19.82,6.67,37734577,1420815,1365436,243.69105863781945,53985.64627610905
1998.91,19.82,6.67,37735042,1420815,1367258,243.25251261768142,53888.493797674644
2004.34,19.83,6.67,37736632,1420646,1366823,243.68274096908314,53983.80363680685
1998.91,19.83,6.67,37736495,1420515,1367245,243.24420991740777,53886.65447438304
2004.34,19.83,6.67,37736319,1420359,1366389,243.68274096908314,53983.80363680685
1998.91,19.84,6.67,37735027,1420404,1367486,243.23590778389067,53884.81527664678
2004.34,19.84,6.67,37736073,1420479,1367102,243.6744238681251,53981.96112328635
2004.34,19.84,6.67,37738254,1420480,1367413,243.6744238681251,53981.96112328635
1998.91,19.85,6.67,37737443,1420401,1367198,243.2276062170721,53882.976204453036
1998.91,19.85,6.66,37737289,1420329,1367198,243.2276062170721,53882.976204453036
1977.19,19.85,6.66,37737289,1420386,1368240,241.47360174581138,53494.40608012637
1960.9,19.86,6.66,37745337,1420848,1367803,240.14990214997164,53201.16274753845
1922.88,19.86,6.66,37745337,1421802,1369201,237.07969155790673,52521.00934370463
1895.73,19.87,6.66,37757822,1422045,1369201,234.87924471293096,52033.53743691302
1874.01,19.87,6.56,37757416,1421962,1368537,233.12535996076593,51644.993834333975
1814.27,19.87,6.53,37757416,1421962,1366697,228.30136939472837,50576.32003976343
1765.4,19.86,6.49,37757242,1423049,1367039,224.36278561265718,49703.79319336925
1716.52,19.85,6.48,37751342,1423213,1364877,220.42312543257356,48831.02788913967
1645.92,19.84,6.48,37743886,1423213,1364319,214.72913198759014,47569.61962189497
1580.75,19.83,6.49,37743886,1423739,1362664,209.47328089925543,46405.27440824294
1531.88,19.81,6.49,37730058,1423881,1359756,205.54053246240184,45534.04028421854
1510.16,19.8,6.51,37727601,1424005,1359119,203.793244854432,45146.95816773153
1488.43,19.79,6.54,37721763,1423863,1358675,202.04503023514863,44759.67068751412
1483.0,19.79,6.55,37718911,1423742,1357927,201.60643930349076,44662.508259689545
1477.57,19.78,6.56,37715914,1423603,1357597,201.17471580939045,44566.86719689526
1477.57,19.78,6.57,37713954,1423766,1356691,201.17471580939045,44566.86719689526
1477.57,19.78,6.58,37715885,1423798,1356975,201.17471580939045,44566.86719689526
1483.0,19.77,6.6,37714521,1423416,1356730,201.62020459362486,44665.55772768489
1483.0,19.77,6.62,37714263,1423167,1356126,201.62020459362486,44665.55772768489
1493.86,19.77,6.65,37712552,1422735,1355981,202.49744634918844,44859.895851451976
1493.86,19.77,6.66,37711447,1422557,1356573,202.49744634918844,44859.895851451976
1499.29,19.77,6.68,37714915,1422224,1356722,202.93606722697027,44957.064913335525
1510.16,19.77,6.72,37716455,1421977,1357101,203.81411675578948,45151.58198565121
1510.16,19.78,6.75,37719453,1421696,1357101,203.80715898032247,45150.040607779854
1515.59,19.78,6.75,37722578,1421702,1357101,204.24576488453113,45247.20635252067
1521.02,19.79,6.81,37729610,1421653,1360968,204.67738354320178,45342.82419079267
1521.02,19.8,6.84,37735547,1421678,1360968,204.67039677469035,45341.27639000105
1526.45,19.8,6.87,37735282,1421468,1362996,205.10897273481953,45438.435501135806
1548.17,19.81,6.88,37736237,1421304,1362846,206.85621543126973,45825.50766823269
1580.75,19.82,6.9,37728718,1420091,1365201,209.48043089007012,46406.858368184505
1597.05,19.83,6.9,37729459,1419827,1364962,210.7896816621115,46696.90080741571
1618.77,19.83,6.99,37741233,1419773,1364962,212.54380586881288,47085.49745711095
1629.63,19.85,7.03,37746032,1419599,1368252,213.4062999948276,47276.5684921441
1651.35,19.85,7.05,37753839,1419582,1374922,215.1603044660883,47665.13861647076
1662.21,19.88,7.06,37759476,1419902,1370334,216.01518910556453,47854.52389803021
1683.94,19.89,7.06,37764440,1419750,1373461,217.76239007174783,48241.58682048989
1694.8,19.9,7.06,37769648,1419956,1373318,218.63181177841554,48434.19254424232
1700.23,19.92,7.08,37774115,1420356,1370298,219.05528805126596,48528.00657418753
1721.95,19.92,7.08,37779565,1420283,1370298,220.80887357717918,48916.48388823438
1738.24,19.94,7.08,37782686,1420371,1370298,222.10890532540668,49204.4840081396
1749.1,19.96,7.06,37786654,1420452,1376332,222.97042310689886,49395.33875050149
1770.83,19.97,7.06,37786654,1420333,1377148,224.7169099341039,49782.24346750838
1781.69,19.98,7.06,37790548,1420491,1369067,225.58585711092084,49974.744067171254
1803.41,19.99,7.06,37797810,1420365,1379738,227.33132839258926,50361.423807183004
1819.7,20.0,7.06,37799937,1420551,1370783,228.63840384636924,50650.984341321535
1846.86,20.01,7.08,37799937,1420428,1380301,230.82272082857278,51134.8829489081
1884.87,20.02,7.08,37805046,1420378,1379620,233.88257540247415,51812.74215148344
1906.59,20.04,7.1,37809816,1420532,1382058,235.61948886668276,52197.52605129135
1939.18,20.06,7.11,37824423,1420532,1382058,238.23334647141579,52776.582143271145
1971.76,20.09,7.1,37833656,1421698,1385905,240.83782732233968,53353.56097350327
1982.62,20.11,7.07,37835228,1421787,1387160,241.69762715352448,53544.03513293309
2015.21,20.11,7.04,37834627,1421794,1387913,244.32710808532937,54126.55230967189
2031.5,20.12,7.02,37836051,1421922,1387832,245.63306918424394,54415.86597727405
2069.51,20.13,7.01,37842688,1422231,1387832,248.69127111395989,55093.35906438782
2085.8,20.15,7.02,37848505,1422438,1390166,249.9884707632516,55380.731780512935
2102.1,20.17,7.02,37858614,1422940,1390166,251.28630018533767,55668.24401218491
2129.25,20.17,7.02,37864188,1423413,1390166,253.47641384141033,56153.426775155865
2156.4,20.2,6.99,37864188,1423979,1393605,255.6403812700246,56632.81728216588
2172.69,20.22,6.92,37864188,1424524,1393605,256.9367976552519,56920.01647934057
2183.56,20.25,6.84,37872835,1424873,1393605,257.7871390460224,57108.395280732286
2194.42,20.26,6.78,37870530,1424767,1395113,258.65412989040135,57300.46248792034
2199.85,20.27,6.77,37869066,1424534,1395114,259.08318818983884,57395.51312176279
2205.28,20.28,6.76,37869002,1424566,1395167,259.5122172449387,57490.557277015185
2216.14,20.28,6.76,37869002,1424282,1395167,260.38793429854496,57684.55762876468
2216.14,20.3,6.71,37869920,1424282,1395167,260.3701876340843,57680.62615439912
2221.57,20.31,6.71,37867731,1424282,1395167,260.7991289741085,57775.65087785506
2221.57,20.31,6.71,37866799,1424424,1395167,260.7991289741085,57775.65087785506
2199.85,20.32,6.71,37864038,1424476,1396502,259.03904684861317,57385.73435168037
2188.99,20.33,6.59,37862898,1424584,1396962,258.1546525269961,57189.81169747098
2161.83,20.33,6.58,37872132,1425256,1396962,255.96492664945333,56704.71484029675
2129.25,20.34,6.51,37864587,1425256,1396077,253.3295911545964,56120.900683800886
2112.96,20.34,6.44,37859410,1424530,1396184,252.016284116675,55829.95964723819
2080.37,20.34,6.41,37854141,1424147,1394886,249.38886383638916,55247.898973108175
2064.08,20.34,6.35,37852220,1423838,1394149,248.0755567984678,54956.95793654548
2042.36,20.34,6.34,37851165,1423891,1394149,246.32448074790597,54569.03655446188
2004.34,20.34,6.32,37845410,1423889,1392758,243.25929145497966,53889.995534810965
1955.47,20.33,6.3,37845410,1423889,1391219,239.32752487884474,53018.978925478106
1933.75,20.32,6.3,37832973,1423565,1389581,237.58448458569524,52632.837729994906
1922.88,20.31,6.3,37829586,1423430,1387862,236.7161467436184,52440.472118172474
1912.02,20.31,6.31,37825869,1423316,1388004,235.8405192133257,52246.49159880406
1901.16,20.31,6.33,37823944,1423296,1388389,234.96489168303302,52052.51107943564
1868.58,20.3,6.35,37823944,1423296,1387498,232.34592655710952,51472.32350223075
1857.72,20.3,6.36,37820408,1422899,1386022,231.4702691877461,51278.336372519196
1825.13,20.3,6.36,37820408,1423162,1386268,228.84249076531944,50696.196358034875
1803.41,20.29,6.38,37819275,1423225,1386205,227.0989149570734,50309.93652820891
1792.55,20.29,6.38,37818424,1423317,1385950,226.22322774660552,50115.94278770369
1765.4,20.29,6.38,37820940,1423416,1384378,224.03400972043585,49630.9584364406
1754.53,20.29,6.39,37819623,1423391,1384937,223.15751616815353,49436.78606449843
1727.38,20.28,6.41,37819623,1423450,1385266,220.97582867049636,48953.46997488934
1700.23,20.28,6.41,37821557,1423450,1385402,218.78653603648064,48468.46909551559
1673.07,20.28,6.43,37819874,1423812,1384867,216.59643703317064,47983.28957861721
1635.06,20.28,6.44,37820507,1423999,1382832,213.53142734554865,47304.28834749395
1607.91,20.27,6.45,37820507,1423999,1384442,211.34933742895888,46820.883108753704
1591.62,20.27,6.46,37814123,1423927,1383194,210.0357170807906,46529.8726635871
1569.89,20.27,6.47,37814123,1423665,1382596,208.28341688645685,46141.68009308555
1564.46,20.26,6.51,37808222,1423610,1382257,207.852627229148,46046.245906091244
1548.17,20.26,6.53,37809691,1423677,1382606,206.5389621101693,45755.22554270628
1548.17,20.26,6.55,37812247,1423606,1382243,206.5389621101693,45755.22554270628
1537.31,20.26,6.57,37810608,1423574,1382442,205.6631853641835,45561.211967116295
1515.59,20.26,6.57,37810608,1423452,1382411,203.91163187221193,45173.184815936336
1510.16,20.26,6.61,37816557,1423418,1383441,203.473743499219,45076.17802814134
1504.72,20.26,6.65,37817549,1423262,1383273,203.0350487019665,44978.99259064508
1499.29,20.27,6.66,37818109,1423061,1383273,202.59025564761822,44880.45618708419
1499.29,20.27,6.66,37818109,1422832,1383302,202.59025564761822,44880.45618708419
1521.02,20.27,6.69,37817487,1422513,1385338,204.342555841952,45268.648757585746
1542.74,20.28,6.69,37805683,1421488,1386431,206.08702602060092,45655.106720098556
1575.32,20.29,6.76,37802740,1420876,1385286,208.7070645118048,46235.53208328819
1597.05,20.29,6.81,37802635,1420481,1386489,210.459245274555,46623.6981957356
1624.2,20.3,6.81,37813261,1420122,1386492,212.64121680342353,47107.077207671806
1662.21,20.31,6.81,37817938,1419823,1389381,215.69866715601296,47784.403795542115
1700.23,20.32,6.98,37832175,1419823,1393031,218.75671540254376,48461.86283673677
1727.38,20.34,7.02,37841696,1419823,1393031,220.93065319698715,48943.46211023129
1749.1,20.36,7.08,37860287,1419697,1396273,222.66655554108252,49328.022013422
1765.4,20.37,7.08,37865867,1419697,1398502,223.97294839317485,49617.431328662875
1770.83,20.39,7.07,37877830,1420348,1399548,224.39538270724447,49711.01453020391
1792.55,20.4,7.07,37879486,1420348,1399548,226.1384566512142,50097.1631804591
1803.41,20.43,6.97,37878662,1420647,1401244,226.99061790654545,50285.94514216781
1819.7,20.44,6.95,37878662,1420885,1401244,228.2957460661574,50575.07428610787
1819.7,20.46,6.91,37882833,1421095,1403004,228.28019511448232,50571.62923489802
1825.13,20.47,6.88,37883100,1421571,1404598,228.70999562387777,50666.844292845635
1830.56,20.49,6.84,37885646,1421693,1404575,229.13196343346561,50760.32414818234
1841.43,20.49,6.82,37879991,1421713,1404771,230.00786000062854,50954.36426813436
1852.29,20.51,6.82,37878684,1421603,1405247,230.8672262671942,51144.74237863117
1857.72,20.52,6.78,37878888,1421676,1406410,231.2968655059901,51239.92170979589
1863.15,20.53,6.76,37879527,1421871,1405360,231.72647548578027,51335.094559121106
1868.58,20.54,6.75,37882167,1421966,1405360,232.15605620955358,51430.26092726893
1895.73,20.54,6.75,37882054,1421816,1407911,234.3434106908067,51914.832441568506
1901.16,20.56,6.74,37881030,1421751,1407847,234.76489432876943,52008.20503684308
1912.02,20.56,6.74,37882094,1421843,1408706,235.63977654265284,52202.02044392441
1933.75,20.57,6.75,37883719,1421884,1408220,237.38226437206856,52588.039250379974
1977.19,20.58,6.78,37883719,1422017,1408495,240.87347329698275,53361.457738321005
2015.21,20.59,6.82,37892646,1421820,1410113,243.92785360217775,54038.10420894117
2042.36,20.59,6.87,37892646,1422346,1412034,246.11483575509945,54522.59324017504
2053.22,20.63,6.95,37892646,1423327,1412034,246.95599942045956,54708.938871205915
2053.22,20.65,6.93,37932486,1423663,1415458,246.93918825644184,54705.21464119427
2036.93,20.66,6.87,37924145,1424083,1416151,245.61890686900742,54412.72855505969
2026.07,20.67,6.75,37924145,1424676,1416261,244.73599268988963,54217.13380147107
2020.64,20.68,6.63,37917521,1424436,1415662,244.29040106396062,54118.42048783755
2015.21,20.69,6.58,37907606,1423864,1409748,243.84483976689248,54019.71389305192
2009.78,20.69,6.54,37905066,1423806,1415218,243.40759219161393,53922.84906318897
2004.34,20.7,6.5,37903366,1423822,1414411,242.96127088351872,53823.974100771375
1998.91,20.7,6.48,37901902,1423469,1414411,242.5240381881985,53727.11256731237
1998.91,20.71,6.46,37901902,1422700,1414244,242.51578514123096,53725.28424387376
1998.91,20.71,6.45,37901902,1422264,1412887,242.51578514123096,53725.28424387376
1998.91,20.71,6.43,37886686,1422099,1406884,242.51578514123096,53725.28424387376
1993.48,20.72,6.43,37886686,1421786,1412276,242.07032971750186,53626.60110354174
1993.48,20.72,6.42,37879482,1421667,1412276,242.07032971750186,53626.60110354174
1993.48,20.72,6.42,37876737,1421623,1412914,242.07032971750186,53626.60110354174
1998.91,20.73,6.41,37877637,1421817,1412914,242.49928073227892,53721.6279702761
1993.48,20.73,6.4,37874539,1421596,1414007,242.06209267075772,53624.776324682905
1993.48,20.74,6.39,37875455,1421640,1413733,242.05385618456657,53622.95167000514
1993.48,20.74,6.39,37874165,1421824,1403760,242.05385618456657,53622.95167000514
1988.05,20.74,6.38,37875064,1421877,1403760,241.61668299895342,53526.10331991862
1988.05,20.74,6.38,37875463,1421835,1403760,241.61668299895342,53526.10331991862
1993.48,20.75,6.36,37875463,1421646,1414064,242.0456202588713,53621.127139495795
1998.91,20.76,6.33,37867441,1421514,1402974,242.4745283304485,53716.14449288809
2009.78,20.76,6.32,37867233,1421411,1413981,243.34962025648613,53910.00635816219
2015.21,20.76,6.32,37867223,1421521,1403784,243.78676369332,54006.84811790813
2020.64,20.77,6.32,37867796,1421415,1414965,244.21559793353143,54101.84911520587
2020.64,20.77,6.33,37870783,1421524,1414965,244.21559793353143,54101.84911520587
2020.64,20.77,6.33,37876081,1422276,1407272,244.21559793353143,54101.84911520587
2020.64,20.78,6.33,37878465,1422280,1415752,244.20728930229495,54100.008478009426
2020.64,20.78,6.33,37879610,1422280,1407403,244.20728930229495,54100.008478009426
2020.64,20.79,6.31,37879038,1422682,1409970,244.1989812363868,54098.16796605194
2009.78,20.79,6.31,37879038,1422851,1417063,243.32478359387574,53904.50421421871
2004.34,20.81,6.25,37878033,1422782,1417582,242.87035463710015,53803.83313890212
2004.34,20.81,6.23,37875375,1422685,1416968,242.87035463710015,53803.83313890212
1998.91,20.81,6.22,37875375,1422595,1416007,242.43328555450444,53707.007851084294
1998.91,20.82,6.2,37869315,1422205,1416700,242.42503868286602,53705.18089568575
1998.91,20.82,6.2,37871468,1422109,1424244,242.42503868286602,53705.18089568575
1998.91,20.83,6.17,37867345,1422109,1424244,242.41679237227746,53703.35406457834
1993.48,20.83,6.17,37867257,1421928,1424244,241.97975302429512,53606.535363962896
1998.91,20.84,6.17,37866703,1421928,1417483,242.40854662268148,53701.527357749386
1998.91,20.84,6.17,37867156,1422026,1407604,242.40854662268148,53701.527357749386
1998.91,20.84,6.17,37866856,1421823,1416821,242.40854662268148,53701.527357749386
1998.91,20.85,6.16,37863523,1421801,1416821,242.40030143402083,53699.70077518619
1998.91,20.85,6.16,37864967,1421779,1416821,242.40030143402083,53699.70077518619
1993.48,20.85,6.15,37863524,1421799,1416821,241.9632918166064,53602.88866087691
1998.91,20.86,6.15,37862256,1421583,1416821,242.3920568062383,53697.87431687609
1998.91,20.86,6.14,37863391,1421712,1418108,242.3920568062383,53697.87431687609
1998.91,20.87,6.14,37861604,1421813,1412914,242.3838127392767,53696.04798280641
1998.91,20.87,6.13,37862602,1421814,1418153,242.3838127392767,53696.04798280641
1993.48,20.88,6.13,37863031,1421852,1418461,241.93860420393253,53597.41953643442
1998.91,20.88,6.12,37862947,1422090,1412201,242.37556923307866,53694.22177296446
1993.48,20.89,6.11,37862590,1421938,1418840,241.93037611917524,53595.59674295271
1998.91,20.9,6.09,37862598,1421815,1418915,242.35908390274486,53690.56972591308
1993.48,20.9,6.09,37863651,1421838,1418915,241.92214859405638,53593.77407344946
1993.48,20.91,6.08,37863542,1421802,1425893,241.91392162851892,53591.951527912024
1993.48,20.91,6.07,37863542,1421802,1419997,241.91392162851892,53591.951527912024
1993.48,20.92,6.06,37863548,1421926,1419997,241.9056952225058,53590.12910632779
1993.48,20.92,6.06,37863205,1422004,1420519,241.9056952225058,53590.12910632779
1993.48,20.93,6.05,37864021,1422008,1421865,241.89746937595987,53588.30680868407
1993.48,20.93,6.05,37860834,1421932,1420998,241.89746937595987,53588.30680868407
1993.48,20.94,6.05,37863067,1421864,1421272,241.8892440888241,53586.484634968256
1993.48,20.94,6.04,37863067,1421864,1422135,241.8892440888241,53586.484634968256
1993.48,20.94,6.03,37862976,1422101,1421780,241.8892440888241,53586.484634968256
1993.48,20.95,6.03,37863580,1422101,1421780,241.8810193610414,53584.66258516767
1993.48,20.95,6.01,37863487,1422101,1422294,241.8810193610414,53584.66258516767
1993.48,20.96,6.01,37862605,1422109,1422382,241.87279519255478,53582.84065926971
1993.48,20.97,6.01,37864763,1422149,1422352,241.86457158330705,53581.0188572617
1993.48,20.98,5.99,37864458,1422099,1423151,241.85634853324134,53579.19717913104
1993.48,20.98,5.99,37865149,1422070,1423380,241.85634853324134,53579.19717913104
1993.48,20.99,5.99,37864943,1422240,1422743,241.8481260423005,53577.37562486507
1993.48,21.0,5.98,37864943,1422181,1422648,241.8399041104276,53575.55419445117
1993.48,21.0,5.98,37867326,1422150,1422648,241.8399041104276,53575.55419445117
1993.48,21.01,5.97,37865606,1422222,1425078,241.83168273756556,53573.732887876715
1993.48,21.02,5.97,37866630,1422189,1424596,241.82346192365733,53571.91170512905
1998.91,21.02,5.96,37866630,1422027,1423615,242.26021899446621,53668.667871994905
2004.34,21.03,5.96,37866195,1422030,1424280,242.68872611707792,53763.596401902476
2004.34,21.03,5.95,37865555,1422214,1424911,242.68872611707792,53763.596401902476
2004.34,21.03,5.95,37865555,1422388,1425628,242.68872611707792,53763.596401902476
2004.34,21.04,5.95,37873637,1422507,1425702,242.68047672973915,53761.76888919292
2004.34,21.04,5.94,37874436,1422564,1432095,242.68047672973915,53761.76888919292
2004.34,21.06,5.94,37874076,1422653,1425802,242.66397963740852,53758.11423646942
2004.34,21.06,5.92,37876806,1422413,1433509,242.66397963740852,53758.11423646942
2004.34,21.07,5.91,37878712,1422428,1435534,242.65573193230225,53756.28709643011
2004.34,21.08,5.91,37876825,1422706,1427744,242.6474847878258,53754.4600805889
2004.34,21.08,5.9,37879149,1422500,1438615,242.6474847878258,53754.4600805889
2004.34,21.09,5.9,37878471,1422727,1434805,242.63923820392188,53752.63318893308
2004.34,21.1,5.88,37878907,1422710,1428983,242.63099218053344,53750.80642145002
2004.34,21.1,5.88,37878315,1422746,1428409,242.63099218053344,53750.80642145002
2004.34,21.1,5.88,37879515,1422838,1429916,242.63099218053344,53750.80642145002
2004.34,21.11,5.87,37879202,1422884,1429868,242.62274671760338,53748.97977812705
2004.34,21.11,5.87,37879918,1422884,1429868,242.62274671760338,53748.97977812705
2004.34,21.12,5.87,37880212,1422772,1429424,242.61450181507448,53747.153258951534
2004.34,21.12,5.86,37880827,1422831,1430003,242.61450181507448,53747.153258951534
2004.34,21.13,5.86,37881360,1422819,1430836,242.60625747288964,53745.32686391079
2004.34,21.14,5.84,37881444,1422799,1430328,242.5980136909918,53743.50059299218
2004.34,21.14,5.84,37882706,1423067,1422426,242.5980136909918,53743.50059299218
1998.91,21.14,5.83,37883042,1422785,1431889,242.16143471270559,53646.78387952272
2004.34,21.15,5.83,37884268,1422875,1432243,242.58977046932375,53741.674446183046
2004.34,21.15,5.83,37884565,1423063,1421854,242.58977046932375,53741.674446183046
2004.34,21.15,5.83,37885201,1422810,1432263,242.58977046932375,53741.674446183046
2004.34,21.16,5.82,37885424,1422991,1424010,242.58152780782834,53739.848423470714
2004.34,21.16,5.82,37885144,1422894,1432134,242.58152780782834,53739.848423470714
1998.91,21.17,5.82,37886232,1422904,1432679,242.13675122860195,53641.31566969537
2004.34,21.18,5.81,37886831,1422904,1432930,242.56504416512746,53736.19675028596
2004.34,21.19,5.8,37888182,1423112,1437099,242.55680318380777,53734.37109978824
1998.91,21.19,5.8,37889696,1423019,1437099,242.1202983678811,53637.670815739424
2004.34,21.19,5.79,37889826,1422957,1437099,242.55680318380777,53734.37109978824
1998.91,21.21,5.79,37889714,1423073,1434199,242.1038477429071,53634.026457075495
1998.91,21.21,5.79,37891900,1423066,1434241,242.1038477429071,53634.026457075495
1998.91,21.22,5.79,37895021,1422803,1446021,242.09562326868263,53632.20446344647
1998.91,21.22,5.79,37893541,1423176,1446021,242.09562326868263,53632.20446344647
2004.34,21.22,5.78,37893541,1423176,1440334,242.53208359928647,53728.89489252188
1998.91,21.24,5.77,37894391,1423090,1435795,242.07917599647448,53628.560847531306
1998.91,21.24,5.77,37895546,1423185,1435531,242.07917599647448,53628.560847531306
1998.91,21.24,5.77,37894948,1423155,1435531,242.07917599647448,53628.560847531306
2004.34,21.25,5.77,37894948,1423269,1436102,242.50736905272407,53723.4198013304
1998.91,21.25,5.75,37898561,1423262,1436571,242.07095319837677,53626.739225219906
1998.91,21.27,5.75,37898561,1423452,1437032,242.05450927790952,53623.09635182644
1998.91,21.28,5.75,37902770,1423381,1437262,242.04628815542617,53621.275100719155
1998.91,21.28,5.75,37903356,1423147,1449509,242.04628815542617,53621.275100719155
1998.91,21.29,5.73,37904626,1423435,1438310,242.03806759136702,53619.453973321346
1998.91,21.3,5.72,37905414,1423390,1442874,242.02984758567538,53617.63296962044
1998.91,21.3,5.72,37904914,1423542,1439671,242.02984758567538,53617.63296962044
1998.91,21.3,5.72,37906445,1423587,1433554,242.02984758567538,53617.63296962044
1998.91,21.31,5.72,37906299,1423593,1431875,242.02162813829426,53615.81208960382
1998.91,21.32,5.72,37907817,1423664,1440957,242.01340924916673,53613.99133325887
1998.91,21.33,5.72,37909279,1423664,1440957,242.005190918236,53612.17070057302
1993.48,21.33,5.71,37912055,1423901,1438153,241.56889362293632,53515.51638922105
1998.91,21.34,5.7,37912055,1423732,1441333,241.99697314544508,53610.35019153364
1998.91,21.35,5.69,37912403,1423684,1448618,241.98875593073723,53608.52980612814
1998.91,21.35,5.7,37915324,1423863,1442195,241.98875593073723,53608.52980612814
1993.48,21.36,5.69,37915365,1423697,1441857,241.54428642179303,53510.065078597705
1998.91,21.36,5.68,37916849,1423597,1453345,241.9805392740556,53606.709544343954
1998.91,21.37,5.68,37918737,1423795,1443699,241.97232317534335,53604.88940616848
1998.91,21.38,5.68,37919593,1423822,1443654,241.9641076345436,53603.06939158912
1998.91,21.39,5.66,37919799,1424139,1434299,241.95589265159953,53601.249500593265
1998.91,21.39,5.66,37921551,1424097,1431295,241.95589265159953,53601.249500593265
1998.91,21.4,5.65,37922404,1423983,1444649,241.94767822645437,53599.42973316837
1998.91,21.4,5.64,37926672,1424164,1441802,241.94767822645437,53599.42973316837
1993.48,21.41,5.65,37923205,1424184,1445982,241.50328555839988,53500.98202844178
1998.91,21.42,5.64,37923205,1423841,1455536,241.93125104933333,53595.79056898102
1998.91,21.43,5.64,37926822,1424088,1445983,241.92303829724392,53593.97117219342
1998.91,21.43,5.64,37926334,1423991,1444929,241.92303829724392,53593.97117219342
1993.48,21.44,5.63,37929865,1424140,1446848,241.47869172097586,53495.53367832518
1993.48,21.45,5.63,37929865,1424140,1437290,241.470494888263,53493.717808207104
1993.48,21.46,5.63,37934633,1424335,1448030,241.46229861200325,53491.90206136185
1993.48,21.47,5.62,37935285,1424591,1448030,241.45410289213996,53490.08643777684
1993.48,21.47,5.61,37935285,1424139,1448670,241.45410289213996,53490.08643777684
1993.48,21.48,5.61,37936314,1424373,1448667,241.44590772861648,53488.270937439534
1993.48,21.48,5.6,37939673,1424439,1438662,241.44590772861648,53488.270937439534
1993.48,21.49,5.61,37935449,1424341,1449604,241.43771312137616,53486.4555603374
1993.48,21.49,5.6,37940256,1424687,1440347,241.43771312137616,53486.4555603374
1993.48,21.5,5.6,37940004,1424449,1450229,241.42951907036237,53484.64030645787
1993.48,21.51,5.6,37939773,1424440,1450074,241.4213255755185,53482.825175788406
2004.34,21.51,5.6,37942586,1424466,1450074,242.29338712116328,53676.01571136791
2009.78,21.52,5.59,37941417,1424466,1450729,242.72198353949793,53770.96402323769
2009.78,21.53,5.59,37945066,1424420,1450845,242.71374674081662,53769.139299333
2015.21,21.54,5.59,37945066,1424594,1463748,243.1414968852139,53863.90013347714
2015.21,21.56,5.59,37953168,1424820,1452977,243.12499649521118,53860.24475020996
2009.78,21.56,5.59,37955259,1424750,1453413,242.68903969863203,53763.665870609926
2015.21,21.57,5.59,37955588,1424922,1460277,243.1167471400098,53858.4172446199
2009.78,21.58,5.58,37957355,1425018,1454404,242.67257113148932,53760.017537160966
2009.78,21.58,5.58,37957509,1425054,1454655,242.67257113148932,53760.017537160966
2009.78,21.59,5.56,37956396,1424991,1452612,242.66433768604142,53758.19355610861
2009.78,21.59,5.56,37959037,1425113,1452612,242.66433768604142,53758.19355610861
2015.21,21.6,5.56,37959590,1425049,1455713,243.09200243292176,53852.935471872355
2015.21,21.61,5.54,37961610,1425078,1456551,243.08375531654121,53851.10846225532
2009.78,21.62,5.54,37961938,1425158,1459513,242.6396407015091,53752.722355488855
2009.78,21.62,5.53,37960907,1424954,1457124,242.6396407015091,53752.722355488855
2009.78,21.63,5.53,37963540,1424954,1457124,242.63140949041266,53750.8988694194
2009.78,21.64,5.53,37964888,1425242,1457263,242.62317883776194,53749.075507064175
2009.78,21.65,5.53,37965174,1425127,1457263,242.61494874350015,53747.25226841062
2009.78,21.65,5.52,37965711,1425167,1457973,242.61494874350015,53747.25226841062
2009.78,21.66,5.52,37971222,1425224,1461387,242.60671920757042,53745.42915344611
2009.78,21.67,5.52,37970346,1425224,1456914,242.59849022991602,53743.606162158096
2009.78,21.68,5.5,37970346,1425314,1456914,242.5902618104801,53741.78329453397
2009.78,21.7,5.49,37973186,1425427,1458450,242.57380664603645,53738.137930227065
2009.78,21.7,5.49,37974401,1425427,1458450,242.57380664603645,53738.137930227065
2009.78,21.71,5.49,37973522,1425413,1461448,242.56557990091514,53736.31543351912
2009.78,21.72,5.49,37974832,1425507,1461197,242.55735371378518,53734.49306042476
2004.34,21.72,5.47,37974832,1425447,1461357,242.12083104121126,53637.788820536734
2009.78,21.73,5.47,37979466,1425421,1463591,242.54912808458977,53732.670810931384
2009.78,21.73,5.46,37980371,1425529,1461764,242.54912808458977,53732.670810931384
2009.78,21.75,5.46,37979791,1425506,1463052,242.53267849977567,53729.02668269735
2009.78,21.76,5.45,37979601,1425609,1463642,242.5244545440434,53727.20480393154
2009.78,21.77,5.45,37982311,1425674,1463490,242.51623114601875,53725.38304871644
2009.78,21.77,5.45,37981367,1425602,1464031,242.51623114601875,53725.38304871644
2009.78,21.78,5.44,37983308,1425603,1464748,242.50800830564486,53723.56141703947
2009.78,21.78,5.44,37984883,1425547,1463904,242.50800830564486,53723.56141703947
2009.78,21.79,5.43,37984883,1425630,1465537,242.49978602286512,53721.73990888808
2009.78,21.79,5.43,37985852,1425592,1466387,242.49978602286512,53721.73990888808
2009.78,21.79,5.43,37984584,1425518,1463062,242.49978602286512,53721.73990888808
2004.34,21.81,5.43,37985978,1425518,1463062,242.04695365175607,53621.422530213145
2009.78,21.81,5.42,37986502,1425651,1469215,242.48334312986114,53718.09726311178
2009.78,21.82,5.42,37986863,1425606,1466801,242.4751225195235,53716.27612546174
2009.78,21.83,5.42,37987992,1425666,1467609,242.46690246655314,53714.45511128703
2009.78,21.83,5.41,37989361,1425679,1467609,242.46690246655314,53714.45511128703
2009.78,21.84,5.41,37988927,1425775,1467442,242.45868297089342,53712.634220575106
2009.78,21.85,5.41,37990333,1425914,1465544,242.4504640324876,53710.813453313385
2009.78,21.86,5.4,37992004,1425757,1468646,242.44224565127908,53708.99280948934
2009.78,21.87,5.38,37990835,1425771,1468566,242.43402782721117,53707.1722890904
2004.34,21.87,5.38,37990835,1425814,1468566,241.99772710027105,53610.517217516324
2009.78,21.89,5.38,37994961,1425897,1471834,242.4175938502706,53703.531618517656
2009.78,21.89,5.38,37994961,1425855,1471834,242.4175938502706,53703.531618517656
2009.78,21.89,5.36,37999611,1426025,1471834,242.4175938502706,53703.531618517656
2009.78,21.92,5.36,38000133,1425927,1471269,242.39294706199829,53698.07153803317
2009.78,21.93,5.36,37999020,1425927,1472161,242.38473257958466,53696.25175792141
2009.78,21.93,5.36,37999208,1425937,1472507,242.38473257958466,53696.25175792141
2009.78,21.94,5.35,38001962,1426069,1472187,242.37651865391518,53694.43210114693
2009.78,21.95,5.35,38002516,1426076,1471358,242.3683052849334,53692.61256769722
2009.78,21.95,5.34,38001801,1426074,1472953,242.3683052849334,53692.61256769722
2009.78,21.95,5.34,38001935,1426011,1473188,242.3683052849334,53692.61256769722
2009.78,21.96,5.34,38001935,1426003,1473188,242.36009247258258,53690.79315755972
2009.78,21.97,5.33,38003170,1426081,1474135,242.35188021680617,53688.9738707219
2009.78,21.98,5.32,38004167,1426078,1472953,242.34366851754766,53687.15470717124
2009.78,21.99,5.32,38005611,1426078,1474590,242.3354573747504,53685.3356668952
2004.34,22.0,5.32,38006403,1426076,1476126,241.891138231821,53586.904250420695
2004.34,22.0,5.31,38007783,1426138,1475608,241.891138231821,53586.904250420695
2004.34,22.01,5.31,38007783,1426129,1476830,241.88294297710385,53585.088729880976
2009.78,22.02,5.31,38010558,1426129,1476170,242.31082728456093,53679.87928558949
2004.34,22.03,5.29,38010367,1426162,1476733,241.86655413348456,53581.458057834774
2004.34,22.04,5.29,38010404,1426131,1479274,241.85836054446955,53579.64290630329
2009.78,22.04,5.29,38012809,1426168,1478158,242.29441000570426,53676.24231419577
2004.34,22.05,5.29,38012809,1426087,1480315,241.8501675105758,53577.82787774956
2004.34,22.06,5.27,38014714,1426234,1478954,241.84197503174678,53576.012972161065
2004.34,22.07,5.28,38014172,1426230,1478431,241.83378310792622,53574.19818952534
2004.34,22.07,5.28,38014761,1426302,1478573,241.83378310792622,53574.19818952534
2004.34,22.09,5.26,38017700,1426312,1479769,241.8174009250846,53570.56899306216
2004.34,22.09,5.26,38017613,1426347,1480775,241.8174009250846,53570.56899306216
2004.34,22.1,5.25,38018276,1426477,1481093,241.80921066595076,53568.75457920971
2004.34,22.11,5.25,38018515,1426257,1479996,241.80102096159982,53566.94028826007
2004.34,22.12,5.25,38018515,1426203,1481873,241.79283181197542,53565.12612020073
2004.34,22.12,5.24,38021648,1426426,1484345,241.79283181197542,53565.12612020073
2004.34,22.14,5.24,38024764,1426451,1480902,241.77645517668049,53561.498152703
2004.34,22.15,5.24,38025334,1426506,1483288,241.7682676908973,53559.68435323965
2004.34,22.16,5.23,38025682,1426501,1484104,241.76008075961522,53557.87067661667
2004.34,22.17,5.23,38025427,1426443,1484768,241.75189438277786,53556.05712282157
2004.34,22.17,5.23,38028645,1426486,1485548,241.75189438277786,53556.05712282157
2004.34,22.18,5.23,38028645,1426538,1485548,241.74370856032903,53554.243691841904
2004.34,22.19,5.22,38030994,1426608,1486650,241.73552329221226,53552.43038366516
1998.91,22.19,5.2,38033392,1426543,1485930,241.30049645020017,53456.05751982373
2004.34,22.23,5.19,38033450,1426599,1486940,241.70278776194044,53545.17837873813
2004.34,22.24,5.18,38037366,1426641,1486939,241.69460526463985,53543.365684389006
2004.34,22.24,5.18,38036883,1426556,1487502,241.69460526463985,53543.365684389006
2004.34,22.25,5.18,38037077,1426608,1487876,241.68642332133368,53541.55311276801
2004.34,22.26,5.18,38038361,1426732,1488690,241.67824193196563,53539.740663862656
2004.34,22.27,5.18,38038633,1426682,1488279,241.6700610964795,53537.928337660516
2004.34,22.27,5.17,38041553,1426677,1488279,241.6700610964795,53537.928337660516
2004.34,22.29,5.17,38042959,1426629,1489679,241.65370108692784,53534.30405331596
2004.34,22.3,5.16,38045215,1426629,1490427,241.64552191274996,53532.49209514866
2004.34,22.32,5.15,38045160,1426844,1491277,241.62916522530875,53528.86854676167
2004.34,22.32,5.15,38047704,1426981,1487915,241.62916522530875,53528.86854676167
2004.34,22.32,5.15,38046716,1426879,1487915,241.62916522530875,53528.86854676167
1998.91,22.34,5.15,38047172,1426761,1487915,241.17800474331492,53428.92154693811
2004.34,22.35,5.14,38050972,1426945,1487915,241.60463434559043,53523.43414386352
1998.91,22.35,5.14,38051238,1427073,1490429,241.16984305110702,53427.11346160657
1998.91,22.37,5.13,38053900,1427066,1494034,241.15352132377546,53423.49765804257
1998.91,22.38,5.13,38053900,1427045,1494671,241.14536128853965,53421.68993978526
2004.34,22.4,5.13,38057362,1427025,1498557,241.5637606128302,53514.37925735635
1998.91,22.41,5.11,38059035,1427138,1493475,241.1208844958794,53416.26751896312
1998.91,22.41,5.11,38059713,1427150,1496575,241.1208844958794,53416.26751896312
1998.91,22.43,5.11,38060303,1427073,1496575,241.10456939441818,53412.65318324901
1998.91,22.43,5.09,38062957,1427073,1497378,241.10456939441818,53412.65318324901
1998.91,22.45,5.09,38065707,1427250,1497525,241.08825650068377,53409.03933661956
1998.91,22.46,5.09,38065707,1427216,1501234,241.08010088157414,53407.232596680566
1998.91,22.47,5.08,38069755,1427417,1499540,241.07194581422812,53405.4259789755
1998.91,22.49,5.07,38070340,1427409,1499010,241.0556373346033,53401.81311021762
1998.91,22.49,5.07,38070413,1427272,1499838,241.0556373346033,53401.81311021762
1998.91,22.5,5.07,38073095,1427519,1502174,241.04748392221248,53400.00685914
1998.91,22.51,5.06,38074876,1427461,1501677,241.03933106136148,53398.20073024671
1998.91,22.53,5.05,38076816,1427461,1505762,241.02302699405485,53394.58883896355
1998.91,22.53,5.05,38078253,1427485,1499790,241.02302699405485,53394.58883896355
1998.91,22.54,5.05,38075954,1427485,1501750,241.01487578748728,53392.78307654888
1998.91,22.55,5.05,38080437,1427354,1501750,241.00672513223577,53390.977436268986
1998.91,22.56,5.02,38080148,1427687,1503968,240.9985750282443,53389.17191811146
1998.91,22.57,5.02,38084212,1427494,1506120,240.99042547545693,53387.36652206391
1998.91,22.57,5.02,38084212,1427702,1506120,240.99042547545693,53387.36652206391
1998.91,22.6,5.01,38086102,1427689,1507085,240.96598012376035,53381.95106645728
1998.91,22.6,5.01,38086102,1427721,1505901,240.96598012376035,53381.95106645728
1998.91,22.62,5.0,38089290,1427725,1509981,240.94968597762494,53378.34137304237
1998.91,22.63,5.0,38091503,1427799,1507843,240.94153973088822,53376.53670939461
1998.91,22.64,4.99,38091503,1427927,1508075,240.93339403496444,53374.732167770184
1998.91,22.65,4.99,38094691,1427901,1508001,240.92524888979761,53372.92774815667
1998.91,22.66,4.99,38094691,1427902,1508604,240.91710429533185,53371.123450541694
1993.48,22.66,4.98,38097834,1427851,1510386,240.48276864907297,53274.90370946828
1998.91,22.66,4.97,38100566,1427851,1514738,240.91710429533185,53371.123450541694
1998.91,22.71,4.96,38102405,1427851,1514738,240.87638958156603,53362.10379201224
1993.48,22.72,4.96,38103356,1427754,1514738,240.43400072356872,53264.0999976267
1998.91,22.73,4.96,38102961,1427896,1513260,240.86010754901352,53358.49678215743
1998.91,22.74,4.95,38105144,1428096,1513842,240.85196735814705,53356.69346008565
1998.91,22.75,4.95,38107204,1427704,1521690,240.8438277174793,53354.89025990112
1998.91,22.75,4.95,38108200,1428168,1514061,240.8438277174793,53354.89025990112
1993.48,22.76,4.95,38108593,1428137,1513906,240.40149976034024,53256.89995707415
1998.91,22.77,4.93,38107958,1427822,1516438,240.82755008651705,53351.28422514443
1998.91,22.78,4.93,38109296,1427822,1516438,240.819412096111,53349.48139054757
1993.48,22.79,4.93,38109296,1428110,1517003,240.3771298036165,53251.50120395286
1998.91,22.81,4.93,38114073,1428110,1506437,240.79500142452403,53344.07361773463
1998.91,22.82,4.91,38114073,1428110,1518005,240.78686563368626,53342.27127041505
1993.48,22.82,4.9,38117865,1428226,1517844,240.35276478724964,53246.10354528436
1998.91,22.85,4.9,38119472,1428226,1517844,240.76246155946663,53336.86495913763
1998.91,22.85,4.9,38121355,1428174,1531542,240.76246155946663,53336.86495913763
1993.48,22.87,4.89,38120938,1428359,1520420,240.31216740112922,53237.10987871702
1993.48,22.88,4.89,38122154,1428302,1519921,240.30404956957838,53235.311509974716
1993.48,22.89,4.88,38122249,1428228,1519328,240.2959322864555,53233.51326272738
1993.48,22.89,4.88,38122249,1428281,1521707,240.2959322864555,53233.51326272738
1993.48,22.91,4.88,38124562,1428412,1521707,240.27969936527148,53229.917132668415
1993.48,22.92,4.87,38126296,1428609,1511441,240.27158372709926,53228.119249832176
1993.48,22.93,4.86,38129748,1428427,1525489,240.26346863713275,53226.321488441674
1993.48,22.94,4.86,38129876,1428457,1525735,240.25535409531653,53224.52384848462
1993.48,22.96,4.86,38130481,1428642,1519151,240.2391266559126,53220.92893282163
1998.91,22.96,4.86,38132343,1428458,1525292,240.67302226065354,53317.05119011428
1993.48,22.98,4.84,38132923,1428615,1526727,240.22290140844316,53217.33450274478
1998.91,22.99,4.84,38132923,1428615,1525441,240.64864125616978,53311.64998954799
1993.48,22.99,4.83,38135339,1428496,1535973,240.21478960654514,53215.537469770425
1993.48,23.0,4.83,38136708,1428414,1534094,240.2066783524642,53213.7405581557
1993.48,23.01,4.82,38136089,1428478,1526299,240.19856764614494,53211.94376788835
1993.48,23.01,4.82,38137500,1428367,1539726,240.19856764614494,53211.94376788835
1993.48,23.02,4.81,38139479,1428552,1528864,240.19045748753177,53210.147098956055
1998.91,23.03,4.81,38139420,1428412,1528715,240.61614093322348,53304.45009083916
1993.48,23.04,4.81,38141158,1428420,1539570,240.17423881320192,53206.55412504748
1993.48,23.05,4.81,38141158,1428605,1530332,240.1661302973743,53204.75782004662
1993.48,23.07,4.79,38145131,1428598,1530332,240.14991490811653,53201.165573890394
1993.48,23.08,4.79,38144798,1428486,1529433,240.14180803457543,53199.36963271044
1993.48,23.09,4.78,38145590,1428615,1531801,240.13370170835233,53197.573812779556
1993.48,23.1,4.78,38148307,1428706,1533028,240.12559592939164,53195.77811408544
1993.48,23.11,4.78,38148481,1428706,1533422,240.11749069763817,53193.982536615855
1993.48,23.12,4.78,38148801,1428661,1533442,240.10938601303633,53192.1870803585
1993.48,23.14,4.75,38152078,1428737,1534385,240.09317828506622,53188.59653143141
1993.48,23.15,4.75,38152228,1428810,1536185,240.0850752415872,53186.80143873714
1998.91,23.16,4.75,38153985,1429064,1521482,240.510575483791,53281.06384497566
1993.48,23.16,4.75,38154739,1429043,1525055,240.07697274503818,53185.006467205996
1993.48,23.19,4.74,38159496,1428850,1537339,240.05266853641857,53179.622279468895
1993.48,23.2,4.73,38161211,1428931,1537453,240.04456822703654,53177.82779246773
1993.48,23.2,4.73,38161639,1428987,1538765,240.04456822703654,53177.82779246773
1993.48,23.21,4.73,38161245,1428824,1537861,240.03646846430786,53176.03342656841
1993.48,23.21,4.72,38163244,1429266,1536190,240.03646846430786,53176.03342656841
1993.48,23.22,4.72,38164939,1429069,1536190,240.02836924817717,53174.23918175865
1993.48,23.23,4.72,38166529,1429034,1544712,240.0202705785892,53172.44505802621
1993.48,23.24,4.71,38168336,1429053,1540109,240.01217245548864,53170.65105535886
1988.05,23.25,4.71,38168336,1429053,1550472,239.57060380081796,53072.828963194625
1993.48,23.27,4.7,38171898,1429125,1542339,239.98788136455804,53165.26977362464
1993.48,23.28,4.69,38173580,1428875,1554328,239.97978542685382,53163.47625509501
1988.05,23.29,4.69,38174313,1429093,1543921,239.53827744758613,53065.66760454353
1993.48,23.3,4.69,38175844,1428809,1553895,239.96359519002283,53159.88958103495
1993.48,23.31,4.69,38175844,1429277,1544650,239.95550089078554,53158.09642548004
1993.48,23.31,4.68,38179722,1429012,1545992,239.95550089078554,53158.09642548004
1993.48,23.34,4.66,38179987,1429172,1545992,239.93122126912303,53152.71768456884
1993.48,23.35,4.66,38182107,1429401,1536566,239.92312915373446,53150.9250128088
1993.48,23.36,4.66,38182990,1429394,1539247,239.9150375841701,53149.132461966925
1998.91,23.37,4.66,38182990,1429503,1534717,240.3402422150348,53243.32938049622
2004.34,23.39,4.66,38189620,1429503,1534717,240.75729901234902,53335.72128384592
2004.34,23.41,4.66,38194619,1429642,1549637,240.74106234529933,53332.12432395356
2004.34,23.43,4.66,38194619,1429573,1559234,240.72482786810295,53328.527849186285
2004.34,23.45,4.64,38194619,1429405,1565216,240.70859558031685,53324.931859445955
2009.78,23.46,4.62,38203136,1429405,1553006,241.13444216170674,53419.2709912931
2009.78,23.48,4.62,38203136,1429847,1554277,241.11818389773066,53415.66924696575
2009.78,23.5,4.61,38205557,1429847,1554277,241.1019278260032,53412.06798829412
2004.34,23.53,4.6,38207346,1429795,1555788,240.64368831441948,53310.5527487922
2004.34,23.54,4.6,38207346,1429996,1556645,240.63557736735973,53308.75590519285
2004.34,23.56,4.57,38213289,1430107,1546283,240.61935711341704,53305.16258134767
2004.34,23.56,4.57,38214866,1430068,1558619,240.61935711341704,53305.16258134767
2004.34,23.58,4.56,38217699,1430192,1558619,240.60313904600807,53301.56974189219
2004.34,23.59,4.56,38214783,1430055,1559560,240.59503083211558,53299.77350377998
2004.34,23.61,4.55,38214783,1430189,1548821,240.5788160436783,53296.181390725396
2004.34,23.63,4.55,38224087,1430189,1548747,240.56260344066976,53292.58976181572
2004.34,23.63,4.54,38223496,1430104,1562366,240.56260344066976,53292.58976181572
2004.34,23.66,4.53,38225680,1430208,1562904,240.53828863286938,53287.20322600879
2004.34,23.67,4.53,38228098,1430481,1556372,240.53018478917176,53285.40795603958
2004.34,23.68,4.53,38226873,1430146,1563485,240.52208149150007,53283.61280703321
2004.34,23.69,4.52,38229346,1430315,1562050,240.5139787397991,53281.81777897745
2004.34,23.71,4.52,38229014,1430252,1564502,240.49777487408872,53278.2280856689
1998.91,23.72,4.52,38229014,1430076,1564502,240.05688894668413,53180.557240222115
2004.34,23.74,4.5,38234349,1430363,1565445,240.47347316892441,53272.844452530124
2004.34,23.74,4.5,38235658,1430181,1566803,240.47347316892441,53272.844452530124
2004.34,23.76,4.5,38236624,1430181,1581323,240.45727476043908,53269.255968177786
1998.91,23.78,4.48,38239686,1430314,1581323,240.00838117267415,53169.811160558864
2004.34,23.79,4.48,38241647,1430314,1569781,240.4329812390448,53263.87414801531
2004.34,23.81,4.47,38243960,1430357,1570752,240.41678828502816,53260.286872008575
1998.91,23.83,4.47,38245327,1430287,1571049,239.96797300020916,53160.85941108741
2004.34,23.84,4.46,38247906,1430287,1571770,240.39250294327073,53254.90686390676
2004.34,23.85,4.45,38249755,1430583,1574798,240.38440891960258,53253.113769399555
1998.91,23.86,4.45,38249755,1430798,1574798,239.9437346271241,53155.48980810323
2004.34,23.89,4.45,38256022,1430711,1574107,240.3520382747171,53245.9425986792
2004.34,23.89,4.45,38258392,1430775,1574107,240.3520382747171,53245.9425986792
1998.91,23.89,4.43,38258682,1430807,1575938,239.91950115002064,53150.121289741255
2004.34,23.92,4.43,38259164,1430837,1576413,240.32776601178838,53240.56548797142
1998.91,23.93,4.43,38264009,1430837,1577405,239.8871974606238,53142.96495188078
2004.34,23.95,4.42,38264507,1430879,1577374,240.30349865069664,53235.189463183
1998.91,23.95,4.41,38264507,1430996,1570973,239.87104887782607,53139.38750556964
2004.34,23.97,4.41,38267743,1430967,1578581,240.28732313247832,53231.60604978348
1998.91,23.97,4.41,38267743,1430810,1576668,239.8549024690432,53135.81054087486
2004.34,23.99,4.39,38269503,1430808,1576668,240.2711497917546,53228.023118771176
2004.34,23.99,4.39,38269503,1430808,1580177,240.2711497917546,53228.023118771176
2004.34,24.0,4.39,38274584,1431096,1583145,240.26306393781582,53226.231834129794
1998.91,24.01,4.39,38279051,1431081,1593406,239.82261617176647,53128.65805594542
1998.91,24.03,4.39,38280112,1431161,1582875,239.80647628239495,53125.082535516325
1998.91,24.04,4.39,38279712,1431162,1582875,239.7984071523339,53123.29495576816
1998.91,24.04,4.37,38281956,1431240,1584339,239.7984071523339,53123.29495576816
1998.91,24.06,4.37,38282682,1431232,1585149,239.78227052118743,53119.7201571439
1998.91,24.07,4.36,38283995,1431279,1584130,239.77420301999234,53117.932938243524
1998.91,24.08,4.36,38283995,1431306,1585874,239.76613606164295,53116.145839601464
1998.91,24.08,4.35,38288033,1431327,1585815,239.76613606164295,53116.145839601464
2004.34,24.1,4.35,38289921,1431327,1585815,240.18223532084767,53208.32561652369
1998.91,24.12,4.35,38292268,1431435,1585815,239.73387365560643,53108.99864737357
1998.91,24.12,4.34,38295429,1431458,1588369,239.73387365560643,53108.99864737357
1998.91,24.15,4.34,38296371,1431458,1589195,239.70968254827494,53103.63951532036
1998.91,24.16,4.33,38297069,1431441,1589858,239.70161993071918,53101.853378307955
1998.91,24.17,4.33,38299819,1431542,1590289,239.69355785551636,53100.06736144471
1998.91,24.19,4.32,38305130,1431542,1591062,239.6774353319504,53096.49568811711
1998.91,24.19,4.32,38304148,1431682,1592045,239.6774353319504,53096.49568811711
1998.91,24.21,4.32,38304588,1431638,1593018,239.66131497713926,53092.924495240586
1998.91,24.22,4.3,38306696,1431580,1594159,239.65325561288,53091.13907894118
1998.91,24.23,4.3,38308372,1431627,1593782,239.64519679064537,53089.3537827182
1998.91,24.23,4.29,38309091,1431768,1594665,239.64519679064537,53089.3537827182
1998.91,24.26,4.29,38309091,1431768,1594721,239.62102357554264,53083.99861438668
1998.91,24.28,4.29,38313899,1431682,1595525,239.60491080792838,53080.42910232573
1998.91,24.29,4.28,38315244,1431670,1596045,239.5968552366935,53078.64452630695
1998.91,24.3,4.27,38315244,1431704,1598555,239.58880020710075,53076.86007027984
1998.91,24.31,4.27,38316770,1431852,1597876,239.58074571909543,53075.075734232305
1993.48,24.32,4.27,38320642,1431948,1599563,239.14077989068568,52977.60872120823
1998.91,24.32,4.26,38319304,1431715,1599733,239.57269177262287,53073.29151815222
1998.91,24.34,4.27,38319304,1431897,1599739,239.55658550405772,53069.72344584605
1993.48,24.36,4.25,38319304,1431918,1599739,239.10862758926513,52970.48592080203
1998.91,24.38,4.25,38327173,1431881,1602086,239.52437946291846,53062.58874031104
1998.91,24.39,4.25,38327759,1431917,1602343,239.5163293056467,53060.80536366452
1998.91,24.39,4.25,38327759,1432047,1602427,239.5163293056467,53060.80536366452
1998.91,24.41,4.25,38330994,1432063,1603242,239.50023061433697,53057.238969971564
1993.48,24.42,4.23,38333365,1432168,1603626,239.06041534456523,52959.805310675845
1998.91,24.43,4.23,38334258,1432129,1605356,239.48413408697533,53053.673055664825
1998.91,24.45,4.23,38336160,1432111,1605530,239.46803972312546,53050.10762064766
1998.91,24.46,4.21,38336160,1432148,1605530,239.45999335238105,53048.32508284245
1998.91,24.47,4.2,38341049,1432148,1608228,239.45194752235108,53046.5426648234
1993.48,24.5,4.2,38343121,1432129,1608228,238.99616258720735,52945.57119535633
1993.48,24.51,4.2,38345490,1432328,1609605,238.98813342095775,52943.79246891693
1998.91,24.51,4.19,38347059,1432166,1609986,239.41976960828504,53039.41419036733
1998.91,24.54,4.19,38347873,1432314,1611787,239.39564184756668,53034.06909168847
1998.91,24.56,4.19,38349081,1432365,1611519,239.37955937523807,53030.50629103739
1998.91,24.57,4.17,38349081,1432189,1611519,239.3715189493555,53028.7250702161
1988.05,24.58,4.17,38349081,1432402,1613038,238.50040965493042,52835.74548984276
1982.62,24.6,4.16,38358144,1432517,1613072,238.0528837583294,52736.60367114678
1977.19,24.61,4.16,38357392,1432445,1615786,237.613397741546,52639.24295230061
1966.33,24.63,4.13,38355912,1432347,1615534,236.734514260471,52444.541131920116
1955.47,24.64,4.13,38355801,1432527,1616021,235.8636690333569,52251.62005120829
1906.59,24.64,4.13,38355801,1432946,1616940,231.97984465839255,51391.22422840965
1846.86,24.64,4.08,38355801,1433700,1617692,227.23391933276602,50339.84447194969
1803.41,24.66,4.04,38377630,1434271,1616798,223.76651423727745,49571.699321169945
1754.53,24.66,4.01,38378576,1434271,1616242,219.88295068796538,48711.36127989798
1738.24,24.67,4.0,38377150,1434188,1616654,218.58135471702178,48423.01463281725
1711.09,24.67,4.0,38381591,1434284,1616654,216.42433323559266,47945.16288332212
1694.8,24.67,4.02,38380821,1434108,1615902,215.13012034673514,47658.45183362504
1683.94,24.67,4.03,38380704,1434006,1616305,214.26731175416347,47467.31113382699
1667.64,24.67,4.04,38380302,1433972,1615769,212.9723043822558,47180.4240798023
1656.78,24.67,4.04,38383303,1434095,1615128,212.1094957896841,46989.283380004235
1651.35,24.67,4.05,38388482,1434124,1615347,211.67809149339826,46893.7130301052
1645.92,24.68,4.05,38386003,1433965,1615347,211.2395943358427,46796.5713763523
1640.49,24.68,4.05,38378468,1433205,1614489,210.80820452447432,46701.004235342574
1635.06,24.68,4.09,38374625,1432877,1615039,210.37681471310594,46605.43709433284
1635.06,24.69,4.11,38371616,1432761,1615038,210.3697512960124,46603.872313339874
1635.06,24.7,4.11,38368707,1432304,1615038,210.3626883532125,46602.30763741867
1635.06,24.71,4.16,38366781,1432060,1616886,210.35562588465834,46600.743066558614
1629.63,24.71,4.18,38364548,1431888,1617768,209.92427952220672,46505.185550924
1629.63,24.72,4.19,38364855,1431558,1617404,209.917232008878,46503.62429314204
1629.63,24.73,4.19,38365738,1431655,1616867,209.91018496872726,46502.063140184706
1624.2,24.74,4.2,38365738,1431499,1618179,209.47183547942072,46404.9541998432
1602.48,24.74,4.23,38365738,1431970,1620731,207.7466237902758,46022.76263105032
1586.18,24.76,4.23,38380003,1432139,1621766,206.43806070754155,45732.87253779311
1548.17,24.77,4.22,38380003,1433179,1621766,203.4123149595354,45062.56957064128
1510.16,24.79,4.22,38380003,1433699,1621766,200.3800465869163,44390.82162595472
1477.57,24.8,4.22,38415611,1433899,1624646,197.785230750276,43815.98391671934
1472.14,24.81,4.21,38417117,1433921,1624323,197.34739117507354,43718.98793925226
1472.14,24.81,4.22,38419984,1433839,1624947,197.34739117507354,43718.98793925226
1477.57,24.82,4.24,38420985,1433772,1624979,197.7719552372546,43813.042950587405
1483.0,24.83,4.24,38404478,1432351,1624979,198.19649080329083,43907.09164908202
1504.72,24.84,4.24,38397611,1431483,1625187,199.91447243076612,44287.68151958513
1510.16,24.85,4.32,38394985,1431233,1625897,200.33970161109346,44381.88387663406
1521.02,24.86,4.32,38394985,1431004,1627584,201.19523752607478,44571.41343730347
1521.02,24.86,4.37,38403266,1430973,1628934,201.19523752607478,44571.41343730347
1521.02,24.9,4.37,38405131,1430935,1629546,201.16823598438364,44565.43170089182
1526.45,24.91,4.4,38402670,1430634,1631678,201.59254365787217,44659.42991363394
1521.02,24.93,4.4,38402670,1430716,1631975,201.1479895838216,44560.946452129654
1526.45,24.94,4.39,38402670,1430697,1631975,201.5722552338736,44654.93535528778
1521.02,24.97,4.39,38407594,1430420,1635060,201.12100072167428,44554.96752465721
1526.45,24.97,4.38,38406896,1430318,1635645,201.5519708931483,44650.44170152198
1537.31,25.0,4.38,38405089,1430070,1635638,202.3935442485497,44836.87809247558
1564.46,25.0,4.38,38401494,1429741,1635638,204.5481782837643,45314.200943505726
1591.62,25.02,4.38,38400523,1429428,1637277,206.68974110690402,45788.62808783488
1618.77,25.04,4.42,38400523,1429749,1641014,208.83022315786846,46262.81580530656
1645.92,25.06,4.45,38400523,1430646,1643680,210.97041809813228,46736.9399182422
1651.35,25.08,4.47,38448718,1430554,1645450,211.38708114060918,46829.244591844996
1673.07,25.1,4.49,38453005,1430562,1646614,213.09603526787342,47207.834571847925
1705.66,25.11,4.49,38469578,1430884,1649115,215.67429121137383,47779.0037158991
1727.38,25.11,4.5,38478461,1431105,1649115,217.39736272642574,48160.72116519741
1754.53,25.15,4.5,38488383,1431105,1649115,219.52176179813267,48631.34596971646
1776.26,25.18,4.48,38504603,1431912,1649115,221.2231470767418,49008.25919888374
1808.84,25.2,4.48,38514301,1432023,1657673,223.7921449053912,49577.37736364858
1830.56,25.23,4.48,38514301,1432521,1661972,225.49202273142583,49953.95664210826
1846.86,25.25,4.44,38531289,1432817,1662718,226.76939959150266,50236.937953424596
1874.01,25.26,4.43,38540481,1433108,1663721,228.91455707149103,50712.161433385416
1890.3,25.28,4.43,38545683,1433108,1665618,230.19078329344632,50994.88784022159
1895.73,25.3,4.4,38548173,1433536,1666590,230.605851183726,51086.83913474369
1912.02,25.31,4.4,38552125,1433803,1668129,231.88956231435557,51371.22369692769
1933.75,25.32,4.4,38552125,1433825,1668129,233.60444497391356,51751.12704332631
1960.9,25.34,4.4,38559790,1434257,1669812,235.7409723239077,52224.438663460234
1977.19,25.35,4.36,38562261,1434466,1671132,237.0243394020862,52508.747006623205
2026.07,25.35,4.36,38562261,1434754,1672018,240.89892586982705,53367.09632679475
2074.94,25.37,4.37,38580925,1435006,1675015,244.7563205809393,54221.63710307714
2096.67,25.39,4.41,38594150,1435787,1675339,246.46217171180885,54599.53966653431
2107.53,25.4,4.43,38606940,1436302,1677750,247.3146153002281,54788.38417437953
2112.96,25.41,4.45,38612156,1436499,1677559,247.73666675175153,54881.88255917717
2118.39,25.42,4.47,38618968,1436769,1678272,248.15868993175064,54975.37468089515
2123.82,25.42,4.48,38622011,1437105,1679645,248.58901055177225,55070.704960584764
2129.25,25.43,4.47,38616718,1437265,1679459,249.01099105084893,55164.18762706383
2129.25,25.44,4.43,38618243,1437446,1679459,249.00265148853774,55162.340137609164
2129.25,25.44,4.43,38621238,1438088,1680662,249.00265148853774,55162.340137609164
2140.11,25.45,4.43,38612309,1438300,1680422,249.85486725720756,55351.134175829124
2140.11,25.45,4.34,38613292,1438305,1680589,249.85486725720756,55351.134175829124
2145.54,25.46,4.34,38614017,1438336,1680937,250.27676297016853,55444.59805937345
2161.83,25.46,4.33,38614017,1438656,1681503,251.56755190074531,55730.5505888292
2167.26,25.46,4.33,38610998,1438656,1681630,251.99781487760424,55825.86809864779
2183.56,25.46,4.33,38611068,1438677,1681145,253.28939618935394,56111.996166795674
2210.71,25.47,4.34,38611068,1439082,1682372,255.43215703470023,56586.688712750285
2227.0,25.48,4.36,38617208,1439107,1682128,256.7143060518425,56870.72721502286
2237.86,25.48,4.37,38616936,1439042,1682345,257.57477437397927,57061.349467354696
2248.72,25.48,4.4,38630737,1439435,1683853,258.43524269611595,57251.971719686524
2248.72,25.48,4.44,38640750,1439566,1683853,258.43524269611595,57251.971719686524
2243.29,25.48,4.48,38635337,1439268,1683898,258.00500853504764,57156.66059352062
2243.29,25.49,4.47,38633285,1439325,1684504,257.9963692031251,57154.7466951616
2243.29,25.49,4.43,38634381,1439996,1683593,257.9963692031251,57154.7466951616
2237.86,25.49,4.4,38635347,1440208,1683605,257.56614944850463,57059.438760501376
2232.43,25.48,4.35,38632489,1440299,1683909,257.1445402129109,56966.03834118878
2227.0,25.48,4.32,38632051,1440724,1683274,256.7143060518425,56870.72721502286
2210.71,25.48,4.29,38633183,1440993,1683158,255.4236035686374,56584.7938365251
2194.42,25.47,4.27,38637688,1441553,1683158,254.14141132925673,56300.745759094185
2178.13,25.47,4.24,38646982,1442549,1682486,252.8506656238132,56014.802805438085
2156.4,25.46,4.2,38651644,1443514,1682486,251.1372889238864,55635.23307901062
2150.97,25.45,4.13,38653731,1443999,1679734,250.71542202961106,55541.775579760324
2134.68,25.45,4.12,38651641,1444549,1677357,249.4245898710058,55255.81347386352
2118.39,25.43,4.07,38654169,1445168,1675705,248.15037863528295,54973.53345326165
2096.67,25.43,4.07,38654169,1445377,1675275,246.42915380415099,54592.22510565728
2080.37,25.41,4.01,38656954,1445467,1674357,245.15386403852435,54309.7061549354
2069.51,25.41,3.98,38658807,1445673,1672502,244.2931939720731,54119.039209551374
2053.22,25.39,3.98,38662452,1446262,1671281,243.0184682445991,53836.64521197452
2042.36,25.38,3.98,38663735,1446558,1671565,242.16585219141427,53647.76249746764
2020.64,25.38,3.95,38667329,1446886,1671460,240.44433907688855,53266.39028553682
1998.91,25.35,3.93,38667329,1446886,1670278,238.74602553300542,52890.15754741956
1993.48,25.33,3.93,38667329,1446008,1670278,238.33157261485619,52798.342489606715
1971.76,25.33,3.86,38667329,1444706,1665100,236.60977112035275,52416.90639195289
1955.47,25.27,3.87,38633708,1444955,1663802,235.36573286456456,52141.31068644634
1939.18,25.26,3.86,38635895,1445171,1663491,234.0819661502088,51856.91381062475
1917.45,25.24,3.86,38635895,1445171,1663464,232.37454202842724,51478.66277754605
1901.16,25.23,3.87,38648199,1445781,1662761,231.0905459927035,51194.215099440924
1884.87,25.22,3.87,38653702,1446104,1662681,229.8064638896113,50909.7483545611
1857.72,25.21,3.87,38657761,1446366,1660893,227.66104871009554,50434.46778561389
1835.99,25.19,3.86,38657761,1446266,1660576,225.95290799129415,50056.05800254473
1797.98,25.16,3.84,38657761,1446426,1659241,222.96076154833486,49393.19839506117
1781.69,25.14,3.84,38660842,1446426,1657922,221.6835371448062,49110.25085792321
1759.97,25.12,3.84,38662164,1446485,1656898,219.9753880204005,48731.83921273411
1738.24,25.11,3.84,38637485,1445717,1653210,218.2588984839517,48351.57988984656
1716.52,25.08,3.84,38637485,1445819,1651062,216.5576090659694,47974.68789698529
1705.66,25.05,3.79,38613402,1445652,1651632,215.71768644099382,47788.61719753208
1689.37,25.03,3.77,38598869,1445164,1648818,214.43950504441887,47505.457654716214
1678.51,25.02,3.76,38597284,1445131,1648964,213.58490109368861,47316.13455501703
1667.64,25.02,3.76,38597866,1445634,1647920,212.72231173868406,47125.04242360641
1645.92,25.02,3.76,38599285,1445714,1647658,210.99872012960404,46743.20975624311
1629.63,24.98,3.77,38601608,1446100,1647658,209.73416260854154,46463.06835339691
1613.34,24.98,3.78,38599674,1446122,1647224,208.44129546145962,46176.655430105784
1602.48,24.96,3.77,38598814,1446045,1647241,207.59331039175223,45988.7986319264
1575.32,24.95,3.78,38594892,1446045,1643526,205.4444851068232,45512.76261160714
1569.89,24.92,3.78,38593846,1445654,1644082,205.0341201154902,45421.853165072505
1559.03,24.91,3.78,38593416,1445624,1642515,204.17888521701823,45232.39028953668
1553.6,24.9,3.79,38590249,1445573,1641609,203.7546643189553,45138.41130042737
1548.17,24.89,3.79,38585940,1445466,1641152,203.33041495351222,45044.42600484985
1542.74,24.89,3.79,38577905,1445005,1639180,202.8993291008755,44948.92620077345
1531.88,24.87,3.81,38568441,1444440,1639620,202.05071602639163,44760.930278721775
1521.02,24.86,3.81,38568441,1444288,1639620,201.19523752607478,44571.41343730347
1526.45,24.85,3.85,38558047,1443840,1637230,201.63313276062206,44668.42174516017
1515.59,24.84,3.85,38552169,1443247,1637341,200.77758283038258,44478.889079646564
1515.59,24.83,3.88,38548506,1443102,1636209,200.78432078537384,44480.38175999691
1510.16,24.83,3.89,38547907,1442851,1635976,200.35314813110227,44384.86272648148
1493.86,24.82,3.92,38543013,1442746,1635976,199.06551661108261,44099.60966811194
1483.0,24.81,3.93,38544217,1442560,1635857,198.2097943669103,43910.03882935111
1483.0,24.8,3.93,38537360,1442239,1635857,198.21644681847488,43911.512567858554
1477.57,24.79,3.93,38531089,1441943,1635857,197.79186917515185,43817.45454785033
1488.43,24.79,3.93,38526923,1441533,1633914,198.65433025805348,44008.51826273877
1499.29,24.78,3.93,38526923,1441212,1633914,199.52348810836148,44201.06553356239
1515.59,24.78,3.96,38510671,1440290,1632996,200.81801734510017,44487.846664800054
1526.45,24.78,4.01,38510833,1439996,1631855,201.68050737644876,44678.91679272894
1548.17,24.78,4.01,38512034,1439834,1634679,203.40548743914601,45061.05704858674
1564.46,24.78,4.07,38513708,1439850,1634505,204.69922248616894,45347.66224048009
1580.75,24.78,4.07,38516286,1439663,1634456,205.99295753319188,45634.26743237343
1597.05,24.78,4.07,38524026,1439606,1635566,207.28748676993058,45921.0485636111
1629.63,24.78,4.07,38531270,1439606,1635566,209.8749568639764,46494.25894739778
1673.07,24.79,4.07,38531270,1439475,1638088,213.31775699349956,47256.95328272016
1694.8,24.79,4.25,38544528,1439643,1640576,215.04347332236244,47639.256645936126
1716.52,24.8,4.26,38559557,1439888,1641411,216.7611201602418,48019.77234944763
1738.24,24.81,4.26,38567079,1440232,1642305,218.47865170433425,48400.262511564084
1759.97,24.83,4.22,38566488,1440192,1642492,220.18947239695567,48779.265997658236
1792.55,24.83,4.19,38566488,1440166,1644004,222.77650832258513,49352.38019875082
1819.7,24.83,4.19,38578074,1440735,1644781,224.9323715939431,49829.97536632798
1841.43,24.85,4.18,38579095,1440895,1644781,226.64264433082064,50208.857462063665
1852.29,24.86,4.15,38579095,1441319,1646506,227.49729762633552,50398.19149326811
1863.15,24.87,4.15,38586277,1441565,1646984,228.35189356641817,50587.51281834335
1874.01,24.87,4.08,38581194,1441298,1646857,229.21412313168122,50778.52524440152
1901.16,24.87,4.06,38574219,1441264,1646623,231.3696970448388,51256.05630954695
1917.45,24.88,4.03,38572822,1441142,1646676,232.65523469403217,51540.84550613014
1950.04,24.88,4.03,38576938,1441276,1646444,235.24263052016076,52114.039437111656
1982.62,24.89,4.04,38581472,1441539,1646444,237.8212526474386,52685.28970300617
1998.91,24.9,4.06,38581472,1441923,1648639,239.10648757457517,52970.011836620506
2004.34,24.91,4.06,38581472,1442158,1652390,239.52952240864917,53063.72807324589
2004.34,24.91,4.02,38600772,1442692,1648988,239.52952240864917,53063.72807324589
2009.78,24.92,3.99,38596210,1442588,1649133,239.9533226744853,53157.613878375705
2009.78,24.92,3.98,38592865,1442695,1640410,239.9533226744853,53157.613878375705
2009.78,24.92,3.94,38587406,1442591,1649763,239.9533226744853,53157.613878375705
2009.78,24.93,3.91,38581994,1442909,1635813,239.9452727106275,53155.83054457679
2009.78,24.93,3.87,38576336,1442909,1647580,239.9452727106275,53155.83054457679
2015.21,24.93,3.86,38568876,1442627,1647580,240.37630071492111,53251.317533327885
2009.78,24.93,3.83,38562138,1442118,1646649,239.9452727106275,53155.83054457679
2009.78,24.93,3.83,38557323,1442022,1649801,239.9452727106275,53155.83054457679
2009.78,24.93,3.8,38551309,1441696,1644638,239.9452727106275,53155.83054457679
2009.78,24.93,3.79,38545975,1441446,1655508,239.9452727106275,53155.83054457679
2009.78,24.93,3.78,38545363,1441518,1644401,239.9452727106275,53155.83054457679
2009.78,24.93,3.77,38545363,1441283,1644476,239.9452727106275,53155.83054457679
2009.78,24.93,3.76,38535712,1441023,1644476,239.9452727106275,53155.83054457679
2009.78,24.93,3.74,38533590,1440870,1642683,239.9452727106275,53155.83054457679
2004.34,24.93,3.74,38529830,1440463,1653016,239.5134509162707,53060.16770501767
2004.34,24.93,3.74,38529830,1440463,1643754,239.5134509162707,53060.16770501767
2004.34,24.93,3.73,38520541,1440416,1643754,239.5134509162707,53060.16770501767
2009.78,24.93,3.72,38519082,1440224,1642335,239.9452727106275,53155.83054457679
2004.34,24.93,3.72,38516801,1440091,1639960,239.5134509162707,53060.16770501767
2009.78,24.93,3.71,38510903,1439997,1633236,239.9452727106275,53155.83054457679
2004.34,24.93,3.7,38509005,1439851,1633236,239.5134509162707,53060.16770501767
2009.78,24.93,3.69,38507306,1439936,1639519,239.9452727106275,53155.83054457679
2009.78,24.93,3.67,38505775,1439987,1639519,239.9452727106275,53155.83054457679
2004.34,24.93,3.67,38505775,1439806,1639539,239.5134509162707,53060.16770501767
2004.34,24.93,3.66,38502200,1439603,1639256,239.5134509162707,53060.16770501767
2004.34,24.94,3.66,38500786,1439593,1639373,239.50541597880496,53058.38770006262
2009.78,24.94,3.65,38499207,1439907,1630475,239.93722328687255,53154.047330428555
2004.34,24.94,3.65,38497139,1439423,1638002,239.50541597880496,53058.38770006262
2004.34,24.94,3.64,38498141,1439572,1637945,239.50541597880496,53058.38770006262
2004.34,24.94,3.64,38498141,1439559,1636580,239.50541597880496,53058.38770006262
2004.34,24.94,3.63,38498141,1439508,1636580,239.50541597880496,53058.38770006262
2004.34,24.95,3.63,38493740,1439508,1639144,239.4973815804159,53056.60781453093
2004.34,24.95,3.62,38493076,1439265,1638498,239.4973815804159,53056.60781453093
2009.78,24.95,3.62,38493547,1439239,1649598,239.9291744031662,53152.264235918985
2004.34,24.95,3.62,38493547,1439406,1646219,239.4973815804159,53056.60781453093
2004.34,24.96,3.62,38489051,1439302,1637493,239.48934772104917,53054.82804841055
2004.34,24.96,3.62,38487110,1439141,1646612,239.48934772104917,53054.82804841055
2009.78,24.96,3.62,38487110,1439129,1646612,239.92112605945402,53150.481261036024
2004.34,24.96,3.57,38488229,1439304,1637703,239.48934772104917,53054.82804841055
2004.34,24.97,3.57,38486471,1439117,1647442,239.4813144006506,53053.04840168948
2004.34,24.97,3.56,38486471,1439373,1638894,239.4813144006506,53053.04840168948
2004.34,24.97,3.56,38484218,1439318,1633706,239.4813144006506,53053.04840168948
2004.34,24.98,3.56,38488073,1439369,1638357,239.47328161916604,53051.268874355716
2004.34,24.98,3.55,38487307,1439191,1641912,239.47328161916604,53051.268874355716
2004.34,24.98,3.54,38486609,1439191,1641912,239.47328161916604,53051.268874355716
2004.34,24.98,3.54,38487133,1439290,1638587,239.47328161916604,53051.268874355716
2004.34,24.98,3.53,38485704,1439225,1637839,239.47328161916604,53051.268874355716
2004.34,24.99,3.53,38485704,1439469,1636370,239.46524937654112,53049.48946639722
2004.34,25.0,3.53,38486811,1439508,1639296,239.4572176727217,53047.71017780201
2004.34,25.0,3.51,38486618,1439482,1635932,239.4572176727217,53047.71017780201
2004.34,25.0,3.51,38487516,1439417,1639145,239.4572176727217,53047.71017780201
2004.34,25.01,3.51,38488622,1439305,1629700,239.4491865076535,53045.93100855805
2004.34,25.01,3.5,38487064,1439355,1639237,239.4491865076535,53045.93100855805
1998.91,25.02,3.5,38489100,1439826,1632818,239.0102579790124,52948.693791812526
2004.34,25.02,3.5,38489774,1439476,1640154,239.44115588128238,53044.15195865335
2004.34,25.02,3.49,38490676,1439815,1630697,239.44115588128238,53044.15195865335
2004.34,25.03,3.49,38490801,1439536,1640773,239.43312579355413,53042.37302807589
2004.34,25.04,3.48,38489823,1439657,1637038,239.4250962444145,53040.59421681367
2004.34,25.04,3.48,38489823,1439655,1641250,239.4250962444145,53040.59421681367
2004.34,25.04,3.47,38489264,1439446,1641250,239.4250962444145,53040.59421681367
2004.34,25.05,3.47,38491337,1439446,1641250,239.41706723380943,53038.81552485469
2004.34,25.05,3.46,38491337,1439778,1642618,239.41706723380943,53038.81552485469
2004.34,25.05,3.46,38492033,1439548,1642618,239.41706723380943,53038.81552485469
2004.34,25.07,3.44,38493972,1439730,1641802,239.40101082798597,53035.25849879844
2004.34,25.07,3.44,38494697,1439806,1641802,239.40101082798597,53035.25849879844
2004.34,25.08,3.44,38495597,1439827,1643279,239.39298343265924,53033.48016467715
2004.34,25.08,3.43,38495597,1439700,1644056,239.39298343265924,53033.48016467715
2004.34,25.09,3.43,38495032,1439834,1642908,239.38495657565042,53031.701949811126
2004.34,25.09,3.43,38497718,1439987,1631572,239.38495657565042,53031.701949811126
2004.34,25.1,3.43,38498004,1439805,1645020,239.37693025690515,53029.923854188324
2004.34,25.1,3.42,38500908,1440111,1629913,239.37693025690515,53029.923854188324
2004.34,25.11,3.42,38500096,1439952,1644220,239.3689044763695,53028.145877796785
2004.34,25.12,3.41,38499900,1439993,1644243,239.36087923398927,53026.368020624504
2004.34,25.12,3.41,38501184,1440219,1644243,239.36087923398927,53026.368020624504
2004.34,25.12,3.41,38504254,1440229,1635620,239.36087923398927,53026.368020624504
2004.34,25.13,3.41,38504082,1440281,1631844,239.35285452971024,53024.590282659476
2004.34,25.14,3.4,38503302,1440010,1645803,239.34483036347842,53022.81266388974
1998.91,25.14,3.4,38506541,1440366,1634877,238.9141058084486,52927.39289920796
2004.34,25.15,3.4,38506064,1440115,1646372,239.33680673523958,53021.03516430328
2004.34,25.16,3.4,38507698,1440411,1646372,239.3287836449397,53019.257783888126
2004.34,25.17,3.39,38508653,1440058,1647955,239.3207610925247,53017.4805226323
2004.34,25.17,3.38,38507782,1440233,1647788,239.3207610925247,53017.4805226323
2004.34,25.18,3.38,38508296,1440183,1648672,239.31273907794042,53015.70338052381
2004.34,25.18,3.38,38508296,1440207,1648717,239.31273907794042,53015.70338052381
2004.34,25.19,3.36,38511950,1440263,1648717,239.30471760113286,53013.926357550685
2004.34,25.19,3.36,38512970,1440411,1635411,239.30471760113286,53013.926357550685
2004.34,25.21,3.36,38511244,1440192,1649571,239.28867626063138,53010.37266896256
2004.34,25.21,3.35,38512921,1440339,1649507,239.28867626063138,53010.37266896256
2004.34,25.22,3.35,38512921,1440186,1650906,239.2806563968293,53008.59600332361
2004.34,25.23,3.34,38517259,1440203,1650492,239.27263707058773,53006.81945677213
2004.34,25.24,3.34,38517962,1440335,1651469,239.26461828185248,53005.04302929611
2004.34,25.24,3.34,38515988,1440197,1661931,239.26461828185248,53005.04302929611
1998.91,25.25,3.34,38519531,1440444,1651710,238.8260342546988,52907.88213104806
2004.34,25.26,3.34,38523017,1440443,1660739,239.24858231668497,53001.49053152263
2004.34,25.26,3.33,38521127,1440438,1663118,239.24858231668497,53001.49053152263
2004.34,25.27,3.33,38523796,1440406,1653853,239.24056514014467,52999.71446120123
2004.34,25.27,3.33,38524500,1440797,1646169,239.24056514014467,52999.71446120123
2004.34,25.28,3.32,38524500,1440593,1653284,239.2325485008946,52997.93850990742
1998.91,25.29,3.33,38527621,1440540,1642868,238.7940243318661,52900.790872218
2004.34,25.3,3.33,38527394,1440695,1654697,239.21651683404914,52994.38696435473
2004.34,25.31,3.31,38527614,1440403,1656394,239.2085018063458,52992.61137007193
1998.91,25.31,3.31,38531575,1440455,1666068,238.7780225879586,52897.245955587816
2004.34,25.32,3.31,38533181,1440868,1657683,239.20048731571674,52990.83589476888
2004.34,25.33,3.31,38534090,1440817,1657365,239.1924733621079,52989.06053843362
2004.34,25.33,3.31,38534321,1440885,1658316,239.1924733621079,52989.06053843362
2004.34,25.35,3.3,38534914,1440801,1657527,239.17644706573523,52985.51018261865
2004.34,25.35,3.3,38536752,1440850,1656599,239.17644706573523,52985.51018261865
2004.34,25.36,3.3,38539691,1441033,1658785,239.16843472286342,52983.73518311503
2004.34,25.37,3.3,38538230,1440985,1648049,239.16042291679608,52981.960302531385
2004.34,25.37,3.29,38538947,1441071,1646127,239.16042291679608,52981.960302531385
2004.34,25.38,3.29,38540846,1440912,1659617,239.15241164747923,52980.18554085575
2004.34,25.39,3.29,38542888,1441052,1656159,239.14440091485892,52978.4108980762
2004.34,25.39,3.29,38542888,1441052,1660618,239.14440091485892,52978.4108980762
2004.34,25.4,3.29,38545201,1440651,1671426,239.13639071888116,52976.636374180765
1998.91,25.4,3.27,38546844,1441109,1662359,238.70604127148593,52881.29970827245
2004.34,25.42,3.27,38548260,1441082,1663232,239.1203719366379,52973.087682994505
2004.34,25.42,3.27,38548260,1440942,1663232,239.1203719366379,52973.087682994505
2004.34,25.43,3.27,38551126,1440942,1668053,239.11236335026447,52971.31351567978
1998.91,25.44,3.27,38552259,1441000,1663091,238.67406350380833,52874.21557287498
1998.91,25.45,3.27,38552252,1441054,1663396,238.66607040054294,52872.44483558185
1998.91,25.46,3.25,38552427,1441421,1656456,238.65807783263165,52870.67421688739
2004.34,25.47,3.25,38554662,1441214,1665020,239.08033436850164,52964.21803466501
2004.34,25.47,3.26,38556295,1441240,1665020,239.08033436850164,52964.21803466501
2004.34,25.47,3.25,38557059,1441174,1665777,239.08033436850164,52964.21803466501
2004.34,25.49,3.25,38557059,1441343,1665777,239.06432309510433,52960.671006937
2004.34,25.5,3.25,38559915,1441201,1667261,239.0563182625882,52958.89767122608
2004.34,25.51,3.25,38559915,1440947,1676498,239.04831396612192,52957.12445426796
1998.91,25.52,3.24,38563002,1441352,1668077,238.61013366458675,52860.05299462531
2004.34,25.53,3.24,38566822,1441093,1673554,239.03230698112355,52953.578376562444
2004.34,25.54,3.24,38566737,1441303,1670011,239.0243042924837,52951.80551579117
1998.91,25.55,3.24,38566737,1441524,1667440,238.58616880348885,52854.74398361145
1998.91,25.56,3.23,38566737,1441554,1667094,238.57818158616087,52852.97455024853
1998.91,25.59,3.23,38571115,1441251,1671786,238.5542231425391,52847.66696091833
1998.91,25.59,3.22,38573781,1441438,1672366,238.5542231425391,52847.66696091833
2004.34,25.6,3.22,38573773,1441653,1658671,238.97629941128693,52941.1708435537
1998.91,25.6,3.22,38575010,1441531,1673564,238.54623806394014,52845.89800135478
1998.91,25.61,3.22,38577308,1441531,1673564,238.53825351988925,52844.129160211334
2004.34,25.62,3.22,38578879,1441549,1673889,238.96030206888904,52937.62690200378
1998.91,25.62,3.22,38579742,1441414,1674557,238.53026951033277,52842.36043747612
2004.34,25.63,3.21,38581333,1441546,1674557,238.95230420082322,52935.85510914943
2004.34,25.65,3.21,38582796,1441667,1675209,238.93631007068936,52932.31187922246
1998.91,25.65,3.21,38584275,1441524,1676560,238.5063206880928,52837.05497960088
1998.91,25.67,3.21,38583895,1441614,1676466,238.49035747808753,52833.518599507195
2004.34,25.68,3.21,38584923,1441611,1677689,238.9123228896763,52926.99792360763
2004.34,25.68,3.21,38586784,1441689,1677982,238.9123228896763,52926.99792360763
1998.91,25.69,3.19,38586784,1441470,1678657,238.47439640477222,52829.98269276115
1998.91,25.71,3.19,38592303,1441648,1679668,238.45843746771774,52826.44725926769
2004.34,25.71,3.18,38592148,1441618,1679351,238.8883405243993,52921.68503483795
1998.91,25.72,3.18,38592148,1441708,1679479,238.45045880015434,52824.67971996099
2004.34,25.73,3.18,38592148,1441795,1679479,238.87235495557402,52918.14370152458
2004.34,25.73,3.18,38597594,1441707,1679479,238.87235495557402,52918.14370152458
1998.91,25.76,3.17,38598561,1441807,1679479,238.41854946840897,52817.610745390724
2004.34,25.77,3.17,38600552,1441698,1683237,238.8403902352535,52911.06245654914
1998.91,25.77,3.17,38600552,1441834,1685063,238.4105734698318,52815.843797352936
1998.91,25.79,3.17,38606783,1441865,1684726,238.39462307353352,52812.31025592004
2004.34,25.8,3.17,38606783,1441841,1685110,238.81642230848627,52905.752766387915
1998.91,25.81,3.17,38607471,1441789,1686225,238.37867481135314,52808.77718726499
1998.91,25.83,3.16,38611546,1441789,1686822,238.36272868286218,52805.24459129287
2004.34,25.84,3.16,38612867,1441801,1688096,238.78447255467398,52898.674836990096
1998.91,25.86,3.16,38613700,1441792,1688255,238.3388134898569,52799.946583407705
2004.34,25.87,3.15,38615925,1441964,1689736,238.76051584884613,52893.36763263885
1998.91,25.88,3.15,38615660,1441876,1690064,238.3228726937168,52796.415168728025
2004.34,25.88,3.15,38617265,1441866,1690064,238.7525313484332,52891.59880116266
2004.34,25.88,3.15,38618350,1441931,1689506,238.7525313484332,52891.59880116266
1998.91,25.91,3.15,38620050,1442049,1689506,238.2989654972317,52791.118932337115
1998.91,25.92,3.14,38620050,1441945,1692735,238.2909974975829,52789.35375632708
2004.34,25.94,3.14,38624137,1441855,1692735,238.70463555826663,52880.98829620404
2004.34,25.94,3.13,38629226,1441978,1693440,238.70463555826663,52880.98829620404
1998.91,25.96,3.13,38627325,1442109,1693881,238.25913082679324,52782.294232572436
1998.91,25.97,3.13,38631617,1442151,1693881,238.25116549078,52780.52964664596
2004.34,25.99,3.13,38632337,1442246,1695407,238.6647370766931,52872.14946015801
2004.34,26.0,3.13,38632337,1442045,1696696,238.6567589808523,52870.38204750683
1998.91,26.01,3.12,38635295,1442006,1697452,238.21930947186164,52773.47248263384
2004.34,26.02,3.12,38637603,1442029,1707645,238.64080438921678,52866.847576667686
1998.91,26.03,3.12,38639512,1442021,1707645,238.2033846567355,52769.94460827843
1998.91,26.04,3.12,38641230,1442029,1708064,238.19542304756885,52768.18084797199
1998.91,26.05,3.12,38643448,1442124,1699926,238.18746197059534,52766.41720556397
1998.91,26.06,3.12,38642404,1442093,1700151,238.1795014257616,52764.65368104255
1998.91,26.06,3.12,38642404,1442069,1708956,238.1795014257616,52764.65368104255
1998.91,26.08,3.12,38646105,1442112,1708956,238.16358193230002,52761.12698561221
1998.91,26.08,3.1,38646105,1442079,1711071,238.16358193230002,52761.12698561221
1998.91,26.1,3.1,38652063,1442138,1713548,238.14766456675727,52757.60076158643
1998.91,26.11,3.09,38651572,1442151,1704548,238.13970668182225,52755.83782632073
2004.34,26.12,3.09,38653360,1442311,1703628,238.56106341805716,52849.18230865662
1998.91,26.13,3.09,38656426,1442314,1703628,238.12379250735808,52752.31230922461
1998.91,26.15,3.09,38657828,1442263,1705933,238.10788045974653,52748.787263296836
1998.91,26.16,3.09,38658699,1442263,1707124,238.09992523337715,52747.02491699154
1998.91,26.18,3.08,38660279,1442261,1707197,238.08401637524514,52743.5005776392
1998.91,26.18,3.08,38661428,1442327,1708217,238.08401637524514,52743.5005776392
1998.91,26.2,3.08,38665268,1442327,1718869,238.06810964290005,52739.97670921912
2004.34,26.21,3.08,38664172,1442248,1708543,238.48934209353948,52833.29365817634
1998.91,26.22,3.08,38667236,1442312,1708543,238.05220503591582,52736.453311636906
1998.91,26.24,3.06,38669424,1442256,1717165,238.0363025538666,52732.93038479822
1998.91,26.24,3.06,38669771,1442312,1711653,238.0363025538666,52732.93038479822
2004.34,26.25,3.06,38674509,1442295,1714968,238.45747978998656,52826.235101909384
1998.91,26.27,3.06,38672989,1442436,1713569,238.01245281411437,52727.64687697796
1998.91,26.28,3.05,38673608,1442401,1715173,238.00450396286988,52725.88594297412
1998.91,26.29,3.05,38673608,1442422,1713192,237.99655564253982,52724.12512658543
1998.91,26.3,3.05,38673608,1442405,1713192,237.98860785307102,52722.3644278001
2004.34,26.32,3.05,38673608,1442451,1715424,238.40174123993046,52813.8871656983
1998.91,26.33,3.04,38684416,1442608,1717015,237.96476766930056,52717.08303694651
2004.34,26.34,3.04,38682964,1442525,1717015,238.3858207256402,52810.36024412057
1998.91,26.35,3.04,38684873,1442360,1720273,237.94887686678504,52713.56269751165
1998.91,26.36,3.04,38684158,1442479,1720273,237.9409322613673,52711.80270409916
1998.91,26.37,3.04,38689522,1442457,1719831,237.93298818643868,52710.042828207595
1998.91,26.38,3.04,38687421,1442419,1718774,237.92504464194613,52708.28306982519
1998.91,26.39,3.03,38689666,1442462,1719419,237.91710162783644,52706.523428940185
2004.34,26.4,3.03,38691837,1442418,1714222,238.33807193831404,52799.78230516331
1998.91,26.41,3.03,38691510,1442528,1720163,237.90121719055324,52703.004499615236
1998.91,26.42,3.03,38693229,1442780,1720163,237.89327576727348,52701.24521115178
1998.91,26.43,3.03,38695502,1442565,1722809,237.88533487416424,52699.48604013866
1998.91,26.44,3.01,38695502,1442771,1710535,237.87739451117233,52697.7269865641
1998.91,26.46,3.0,38696896,1442534,1723623,237.86151537532834,52694.20923168366
1998.91,26.47,3.0,38699474,1442524,1724253,237.85357660237008,52692.45053035425
1998.91,26.47,3.0,38701308,1442512,1724887,237.85357660237008,52692.45053035425
1998.91,26.47,3.0,38703394,1442520,1724850,237.85357660237008,52692.45053035425
1998.91,26.47,3.0,38703394,1442621,1724850,237.85357660237008,52692.45053035425
1998.91,26.53,3.0,38707500,1442509,1730911,237.80595509077057,52681.9007871888
1998.91,26.54,2.99,38709896,1442709,1728986,237.79802002603395,52680.142907353395
1998.91,26.55,2.99,38707529,1442504,1739028,237.79008549083125,52678.3851448273
1998.91,26.56,2.99,38711142,1442649,1730729,237.78215148510935,52676.62749959875
1998.91,26.56,2.99,38711142,1442532,1741241,237.78215148510935,52676.62749959875
1998.91,26.58,2.98,38715208,1442596,1731084,237.76628506189613,52673.112560987356
1998.91,26.59,2.98,38716441,1442619,1732155,237.7583526442988,52671.35526758104
1998.91,26.61,2.98,38718459,1442614,1732078,237.7424893968579,52667.84103250848
1998.91,26.62,2.98,38721111,1442758,1733166,237.7345585669084,52666.08409081877
1998.91,26.63,2.97,38718426,1442646,1722018,237.72662826606884,52664.32726634445
1998.91,26.63,2.97,38721362,1442706,1734560,237.72662826606884,52664.32726634445
1998.91,26.65,2.97,38723091,1442649,1734560,237.71076925150808,52660.813968995135
1998.91,26.66,2.97,38725525,1442750,1736526,237.70284053768094,52659.05749609666
1998.91,26.67,2.97,38725525,1442669,1736526,237.69491235275203,52657.30114036668
1998.91,26.69,2.96,38728219,1442707,1737462,237.67905756937745,52653.788780365336
2004.34,26.7,2.96,38733147,1442537,1737462,238.09961463772544,52746.956109760446
1998.91,26.71,2.95,38734466,1442879,1739115,237.6632049009609,52650.27688889729
1998.91,26.72,2.95,38737053,1442749,1746297,237.6552793597296,52648.52111883396
1998.91,26.74,2.95,38736469,1442722,1740525,237.6394298629568,52645.00992999013
1998.91,26.75,2.95,38738656,1442717,1752699,237.63150590730953,52643.2545111862
1998.91,26.76,2.95,38739226,1442678,1751107,237.62358248008442,52641.4992094453
1998.91,26.77,2.95,38740114,1442783,1743553,237.61565958122875,52639.74402475574
1998.91,26.77,2.95,38740956,1442818,1743553,237.61565958122875,52639.74402475574
1998.91,26.79,2.94,38740956,1442771,1756778,237.59981536841406,52636.23400648376
1998.91,26.82,2.92,38744965,1442880,1755120,237.5760530106415,52630.96985666814
1998.91,26.83,2.94,38747612,1442847,1745794,237.56813328089248,52629.21537404074
1998.91,26.83,2.92,38748574,1442857,1755250,237.56813328089248,52629.21537404074
1998.91,26.84,2.92,38749552,1442874,1746359,237.56021407914307,52627.46100838276
1998.91,26.85,2.92,38749552,1442881,1747368,237.5522954053404,52625.70675968247
1998.91,26.86,2.92,38754300,1442848,1748494,237.54437725943174,52623.9526279282
1998.91,26.88,2.92,38754300,1442981,1757958,237.52854255108528,52620.44471521094
1998.91,26.89,2.92,38756677,1442889,1749645,237.52062598854195,52618.69093422458
1998.91,26.89,2.91,38762147,1442900,1762567,237.52062598854195,52618.69093422458
1998.91,26.92,2.9,38763910,1442900,1762567,237.49687946679816,52613.43029261419
1998.91,26.94,2.9,38763939,1442967,1762567,237.48105109001344,52609.92378254771
1998.91,26.94,2.9,38765204,1443080,1753076,237.48105109001344,52609.92378254771
1993.48,26.95,2.9,38766439,1443011,1753808,237.0450109766154,52513.32644551087
1998.91,26.96,2.89,38766439,1442980,1753808,237.46522482290536,52606.41773984453
1998.91,26.98,2.89,38769305,1442980,1755768,237.4494006650522,52602.91216441122
1998.91,26.99,2.89,38771220,1443054,1766285,237.4414893769645,52601.159551891586
1998.91,27.0,2.89,38771766,1443159,1756772,237.43357861603238,52599.407056154385
1998.91,27.01,2.89,38772301,1443085,1756772,237.42566838220324,52597.65467718797
1998.91,27.02,2.89,38772301,1443085,1758119,237.41775867542432,52595.90241498064
1998.91,27.03,2.88,38778174,1443061,1769569,237.40984949564304,52594.15026952076
1998.91,27.05,2.88,38778264,1443079,1758742,237.39403271686248,52590.6463287966
1998.91,27.06,2.88,38780043,1442961,1761126,237.38612511775796,52588.89453350901
1998.91,27.06,2.88,38780043,1443056,1761524,237.38612511775796,52588.89453350901
1998.91,27.08,2.88,38780043,1443032,1769938,237.37031149985722,52585.39129302449
1998.91,27.09,2.87,38785629,1443032,1769938,237.36240548095566,52583.639847804225
1998.91,27.11,2.86,38787695,1443117,1765930,237.34659502298715,52580.13730734943
1998.91,27.12,2.87,38787712,1443072,1764555,237.33869058381498,52578.38621209158
1998.91,27.13,2.86,38789088,1443046,1766097,237.33078667111403,52576.63523346456
1998.91,27.15,2.87,38791312,1443016,1764105,237.31498042491555,52573.13362605642
1998.91,27.16,2.87,38794869,1443183,1759234,237.3070780913127,52571.38299725197
1998.91,27.18,2.84,38794495,1443181,1761466,237.2912750028373,52567.88208938415
1998.91,27.19,2.84,38795414,1443181,1757373,237.2833742478595,52566.13181029747
1993.48,27.2,2.84,38797542,1442946,1757373,236.84770365933835,52469.61633526823
1998.91,27.22,2.84,38798360,1443076,1768661,237.25967513933526,52560.881672286654
1998.91,27.23,2.84,38802522,1443128,1771932,237.25177648845502,52559.13185932732
1998.91,27.24,2.83,38804164,1443303,1758497,237.2438783634679,52557.38216287074
1998.91,27.24,2.83,38805202,1443279,1772341,237.2438783634679,52557.38216287074
1998.91,27.26,2.83,38805546,1443233,1767056,237.22808369096276,52553.88311941926
1998.91,27.27,2.83,38805546,1443264,1767056,237.22018714333973,52552.1337724011
2004.34,27.29,2.82,38808188,1443001,1785675,237.6320378415722,52643.37235225558
1998.91,27.3,2.82,38810696,1443189,1776913,237.19650065435886,52546.88643003741
2004.34,27.3,2.82,38813451,1443236,1776913,237.62412863745038,52641.62020140346
2004.34,27.3,2.82,38813110,1442789,1789226,237.62412863745038,52641.62020140346
2004.34,27.32,2.82,38816762,1442981,1786767,237.60831180857312,52638.11624958122
2004.34,27.33,2.82,38818091,1443300,1778946,237.60040418371264,52636.364448587825
2004.34,27.35,2.82,38821566,1443245,1779024,237.5845905128851,52632.86119637826
2004.34,27.36,2.82,38821317,1443297,1780986,237.57668446681296,52631.10974513882
2004.34,27.37,2.82,38821317,1443247,1782162,237.5687789468986,52629.35841046076
2004.34,27.39,2.81,38830204,1443811,1782162,237.55296948533297,52625.85609074223
2004.34,27.41,2.81,38829547,1443451,1783895,237.53716212776803,52622.35423712958
2004.34,27.42,2.8,38834224,1443715,1770986,237.52925923785463,52620.603485083906
2004.34,27.43,2.79,38832773,1443490,1785137,237.5213568737839,52618.8528495298
2004.34,27.45,2.79,38836514,1443760,1770797,237.50555372296066,52615.351927849864
2004.34,27.47,2.79,38835805,1443393,1787857,237.48975267487847,52611.851471996764
2004.34,27.47,2.79,38840672,1443652,1774069,237.48975267487847,52611.851471996764
2004.34,27.5,2.78,38839444,1443434,1788346,237.46605504447686,52606.601661439105
2004.34,27.5,2.78,38841004,1443515,1788657,237.46605504447686,52606.601661439105
2004.34,27.51,2.78,38842831,1443563,1777452,237.458156885259,52604.85195739929
2004.34,27.52,2.78,38844223,1443445,1791048,237.45025925141178,52603.10236974647
2004.34,27.54,2.77,38844223,1443635,1783631,237.43446555961944,52599.603543555386
2004.34,27.56,2.77,38848077,1443635,1785178,237.4186739686807,52596.105182773
2004.34,27.58,2.75,38848077,1443670,1792926,237.40288447817636,52592.607287306455
2004.34,27.59,2.75,38851412,1443568,1793689,237.39499052045613,52590.85851403761
2004.34,27.6,2.77,38854501,1443484,1795049,237.38709708768732,52589.1098570629
2004.34,27.6,2.75,38857081,1443689,1784908,237.38709708768732,52589.1098570629
2004.34,27.63,2.75,38857974,1443653,1787768,237.3634199385663,52583.86458378772
2004.34,27.65,2.75,38858825,1443608,1796862,237.34763779628318,52580.368316195716
2004.34,27.66,2.75,38861642,1443907,1798213,237.33974751212378,52578.62035674235
2004.34,27.67,2.75,38861082,1443568,1798945,237.33185775254958,52576.872513501985
2004.34,27.68,2.73,38864392,1443568,1799811,237.32396851750812,52575.12478646301
2004.34,27.7,2.74,38865993,1443721,1799919,237.30819162081428,52571.6296809429
2004.34,27.7,2.73,38868864,1444034,1792524,237.30819162081428,52571.6296809429
2004.34,27.73,2.72,38871514,1443650,1801894,237.28453020846172,52566.3878938835
2004.34,27.73,2.73,38871658,1443626,1802840,237.28453020846172,52566.3878938835
2004.34,27.74,2.73,38873554,1443626,1804051,237.27664411951866,52564.640863809596
2004.34,27.76,2.72,38874978,1443848,1804745,237.26087351408054,52561.14715201113
2004.34,27.76,2.71,38876761,1443973,1804745,237.26087351408054,52561.14715201113
2004.34,27.78,2.71,38877443,1443722,1804473,237.2451050048914,52557.6539046013
2004.34,27.79,2.72,38881790,1443652,1811495,237.23722153625963,52555.907455013185
2004.34,27.81,2.71,38884228,1443861,1811495,237.22145617066045,52552.414904012716
2004.34,27.83,2.71,38883763,1443695,1809124,237.2056929002657,52548.92281716948
1998.91,27.84,2.71,38886789,1443300,1809124,236.77095126616211,52452.61313633258
2004.34,27.86,2.71,38886789,1443777,1809124,237.18205192226824,52543.68555699701
2004.34,27.88,2.7,38886789,1443813,1809124,237.16629388805757,52540.194630142076
2004.34,27.9,2.69,38893446,1443702,1809124,237.15053794759,52536.704167120646
1998.91,27.91,2.7,38899093,1443802,1815514,236.71589922806788,52440.417285274496
2004.34,27.93,2.69,38898006,1443717,1830816,237.12690796174428,52531.469342074095
2004.34,27.94,2.69,38901512,1443735,1827634,237.1190323462153,52529.724632208534
1998.91,27.95,2.69,38907130,1443869,1816462,236.68445241315885,52433.45077351292
2004.34,27.96,2.67,38906930,1443869,1816462,237.10328268447398,52526.235560133064
2004.34,27.98,2.67,38908454,1444045,1818508,237.08753511480745,52522.7469515215
2004.34,27.99,2.67,38906499,1443754,1834331,237.07966211437196,52521.002820985814
2004.34,28.0,2.66,38912580,1444068,1819805,237.07178963679885,52519.25880628149
2004.34,28.01,2.66,38912811,1443971,1820000,237.06391768203602,52517.51490739696
2004.34,28.02,2.67,38911327,1443817,1835701,237.05604625003147,52515.771124320716
2004.34,28.02,2.66,38915888,1444037,1821917,237.05604625003147,52515.771124320716
2004.34,28.03,2.66,38918365,1444037,1821917,237.048175340733,52514.0274570412
2004.34,28.05,2.66,38918365,1444102,1821917,237.0324350900464,52510.54046982626
2004.34,28.07,2.65,38924988,1444102,1824335,237.01669692955969,52507.05394565988
1998.91,28.09,2.65,38927682,1444226,1829491,236.57445432745362,52409.08255180169
2004.34,28.11,2.65,38928162,1444243,1827039,236.98522687752094,52500.08228610392
1998.91,28.12,2.65,38931590,1444092,1827672,236.55089660969273,52403.86373653116
2004.34,28.13,2.64,38933538,1444092,1827672,236.96949498513663,52496.59715052997
2004.34,28.13,2.64,38931856,1443810,1827672,236.96949498513663,52496.59715052997
1998.91,28.18,2.64,38936626,1444222,1831335,236.50379524641465,52393.42922345847
1998.91,28.18,2.64,38939086,1444230,1830865,236.50379524641465,52393.42922345847
2004.34,28.19,2.64,38939086,1444040,1833125,236.92231183753228,52486.144519518384
1998.91,28.21,2.63,38944231,1444244,1833111,236.48025159809572,52388.213525035644
2004.34,28.22,2.63,38942990,1444244,1833111,236.89872730902863,52480.91976477973
2004.34,28.22,2.63,38946184,1444355,1834114,236.89872730902863,52480.91976477973
2004.34,28.25,2.62,38949352,1444307,1835160,236.8751474755208,52475.69605013825
2004.34,28.26,2.62,38952431,1444381,1836236,236.86728857410824,52473.95504300344
2004.34,28.27,2.62,38953019,1444492,1827048,236.85943019415424,52472.21415138899
2004.34,28.29,2.62,38956299,1444400,1827048,236.84371499841416,52468.73271467512
1998.91,28.3,2.62,38955676,1444526,1825304,236.4096487696206,52372.572658499725
2004.34,28.31,2.62,38960002,1444490,1840279,236.8280018878855,52465.25173990469
2004.34,28.32,2.62,38962014,1444490,1838519,236.82014611444578,52463.51142571954
2004.34,28.33,2.61,38962635,1444554,1841103,236.81229086215328,52461.771226985766
2004.34,28.34,2.61,38963076,1444612,1841277,236.8044361309562,52460.0311436919
2004.34,28.35,2.61,38966489,1444882,1831215,236.79658192080257,52458.29117582643
2004.34,28.36,2.61,38967608,1444494,1844134,236.78872823164062,52456.55132337789
1998.91,28.38,2.61,38968885,1444582,1844134,236.34692608232058,52358.67750440998
1998.91,28.39,2.6,38970254,1444418,1845310,236.33908808649642,52356.94112855588
1998.91,28.4,2.6,38971439,1444464,1845324,236.3312506105194,52355.20486786516
2004.34,28.41,2.58,38974360,1444388,1844237,236.7494675988923,52447.853791987225
1998.91,28.42,2.6,38974360,1444567,1847761,236.31557721790008,52351.732691928046
2004.34,28.44,2.58,38974360,1444509,1849027,236.7259174678271,52442.63665742124
2004.34,28.47,2.58,38984130,1444663,1845677,236.7023720214905,52437.42056067789
1998.91,28.49,2.58,38984130,1444713,1851038,236.26073671131854,52339.58370211093
2004.34,28.5,2.57,38986079,1444764,1844383,236.6788312584849,52432.2055014476
1998.91,28.52,2.57,38989486,1444665,1850058,236.23724142805756,52334.37871815143
1998.91,28.52,2.57,38989037,1444607,1854820,236.23724142805756,52334.37871815143
1998.91,28.55,2.57,38994216,1444718,1855734,236.21375081737528,52329.17476932297
2004.34,28.57,2.57,38997680,1444745,1857468,236.62392101657818,52420.04106294468
2004.34,28.57,2.56,38996439,1444674,1857092,236.62392101657818,52420.04106294468
1998.91,28.59,2.55,38996439,1444850,1858566,236.1824372691792,52322.23778055525
1998.91,28.61,2.55,39005277,1445183,1847669,236.16678360817244,52318.769975824296
2004.34,28.62,2.55,39006056,1445060,1850364,236.58471501183675,52411.355633468105
1998.91,28.62,2.55,39005729,1444706,1861030,236.15895755576142,52317.03624583206
1998.91,28.64,2.55,39005729,1444686,1862086,236.1433070068661,52313.56913053693
2004.34,28.67,2.54,39010830,1445136,1850045,236.54552199695834,52402.67308167672
1998.91,28.67,2.54,39012717,1444860,1863086,236.11983507256684,52308.36931914632
1998.91,28.69,2.54,39014966,1444730,1865884,236.10418970846186,52304.90335245409
1998.91,28.71,2.53,39014966,1444974,1866753,236.0885464175516,52301.437845043205
1998.91,28.73,2.53,39021220,1445210,1857349,236.07290519942399,52297.972796822374
2004.34,28.73,2.53,39021220,1444964,1868115,236.49850751663564,52392.25781605826
1998.91,28.76,2.53,39026983,1444964,1869637,236.0494472577991,52292.776085272904
1998.91,28.78,2.52,39027550,1444914,1870016,236.03381121982622,52289.312184628034
1998.91,28.79,2.52,39027550,1444981,1871413,236.0259939776185,52287.58040638783
1998.91,28.82,2.52,39034486,1444932,1873292,236.0025453574929,52282.3857598594
2004.34,28.83,2.5,39034366,1445044,1873366,236.4201915660705,52374.90823733913
1998.91,28.84,2.52,39035313,1445067,1875198,235.98691553230944,52278.923235553295
1998.91,28.85,2.5,39039387,1445223,1875198,235.9791013960335,52277.19214537994
1998.91,28.87,2.5,39040590,1445124,1877010,235.96347467585633,52273.730308935636
1998.91,28.88,2.5,39043644,1445336,1877010,235.95566209185225,52271.99956264193
2004.34,28.89,2.5,39044899,1445336,1878203,236.3732268875711,52364.50400447514
2004.34,28.9,2.49,39048259,1445346,1868436,236.36540125516296,52362.77036752746
1998.91,28.92,2.49,39050189,1445346,1880302,235.92441692853353,52265.07772339107
1998.91,28.94,2.49,39050980,1445391,1867119,235.90879744977366,52261.617491160716
1998.91,28.95,2.49,39052726,1445176,1867119,235.90098848593885,52259.88754685449
1998.91,28.97,2.48,39057630,1445490,1873497,235.88537210910275,52256.428001803055
2004.34,28.97,2.48,39059322,1445220,1876958,236.31063633364877,52350.63812230792
1998.91,29.0,2.48,39062099,1445274,1885163,235.86195142016254,52251.23954295793
2004.34,29.01,2.47,39062099,1445281,1885163,236.27935348531233,52343.70793457662
1977.19,29.04,2.47,39062099,1445566,1886485,234.1300682071635,51867.57001051335
1982.62,29.06,2.46,39080142,1445881,1888849,234.5397112572138,51958.319523126156
1977.19,29.07,2.46,39069559,1445480,1888541,234.10682718391482,51862.42135357365
1982.62,29.08,2.46,39069559,1445011,1889441,234.52419064633753,51954.88119340885
1988.05,29.08,2.44,39068804,1445051,1891197,234.9493000911969,52049.057025083166
1988.05,29.12,2.45,39069874,1445004,1889893,234.91820877547366,52042.16926817376
1988.05,29.13,2.45,39073425,1444970,1901666,234.91043723224308,52040.44761377162
1993.48,29.15,2.45,39075116,1444967,1893835,235.31990669560795,52131.15867118033
2004.34,29.15,2.46,39075609,1444932,1893253,236.16992871029433,52319.46672018415
2009.78,29.15,2.46,39075228,1444837,1895922,236.59572242667497,52413.79414067962
2020.64,29.18,2.46,39075228,1445204,1897374,237.42218286185144,52596.882518907514
2020.64,29.21,2.46,39075228,1445330,1902351,237.39862595787653,52591.66388391754
2020.64,29.23,2.45,39098643,1445511,1899621,237.38292395205877,52588.18536920863
2015.21,29.24,2.45,39098643,1445395,1912397,236.9501892162561,52492.320282861125
2009.78,29.25,2.45,39101144,1445736,1901664,236.5174831004757,52396.46153679712
2004.34,29.26,2.44,39106753,1445994,1900952,236.08402317754695,52300.43579746592
2004.34,29.29,2.41,39106753,1445830,1903333,236.0606052411122,52295.247948391974
1998.91,29.31,2.4,39103121,1445802,1905236,235.6202096859159,52197.685736642
2004.34,29.32,2.4,39104252,1445752,1904596,236.03719195001813,52290.06112841495
1998.91,29.33,2.4,39106243,1445801,1906816,235.60463046020274,52194.23442179562
1998.91,29.34,2.39,39106720,1445671,1910214,235.59684161989532,52192.508935517675
1998.91,29.35,2.39,39108613,1445514,1908393,235.58905329455246,52190.78356332145
1998.91,29.35,2.4,39112209,1445504,1922514,235.58905329455246,52190.78356332145
1998.91,29.35,2.39,39112757,1445640,1909194,235.58905329455246,52190.78356332145
2004.34,29.39,2.39,39114576,1445600,1910234,235.9825789949163,52277.96254879246
1998.91,29.41,2.39,39114576,1445600,1911557,235.54233415389385,52180.433725227194
2004.34,29.41,2.39,39117542,1445665,1912132,235.96697993496156,52274.50684000419
2004.34,29.44,2.38,39122151,1445665,1918904,235.94358521141467,52269.32413335427
2004.34,29.46,2.38,39124357,1445764,1913864,235.92799130604402,52265.869566477224
2004.34,29.47,2.38,39124584,1445752,1913864,235.9201951263035,52264.14245427158
2004.34,29.48,2.37,39125139,1445768,1915662,235.91239946179152,52262.41545620616
2004.34,29.48,2.37,39125139,1445839,1916008,235.91239946179152,52262.41545620616
2004.34,29.5,2.37,39130536,1445853,1919054,235.8968096782487,52258.96180245058
2004.34,29.51,2.37,39132389,1445814,1919054,235.88901555911573,52257.23514673782
2004.34,29.53,2.37,39133779,1445868,1914805,235.87342886587146,52253.782177585796
2004.34,29.54,2.36,39133779,1445948,1920477,235.86563629165803,52252.05586412392
2004.34,29.56,2.35,39139853,1445948,1920477,235.8500526877935,52248.6035793719
2004.34,29.57,2.36,39139853,1446173,1920477,235.84226165804034,52246.87760805916
2004.34,29.59,2.35,39146162,1446237,1921349,235.82668114263717,52243.4260075037
2004.34,29.59,2.33,39145956,1446142,1928060,235.82668114263717,52243.4260075037
2004.34,29.59,2.33,39148848,1446101,1926793,235.82668114263717,52243.4260075037
1998.91,29.63,2.33,39148848,1446341,1927394,235.37118905344516,52142.519413120885
2004.34,29.66,2.32,39153680,1446214,1927394,235.77216554645477,52231.348996108674
2004.34,29.67,2.32,39153680,1446250,1929733,235.76437966158764,52229.62416455871
2004.34,29.68,2.32,39159756,1446297,1929562,235.7565942909288,52227.89944692292
2004.34,29.7,2.31,39162246,1446197,1930381,235.74102509203226,52224.45035334875
2004.34,29.7,2.32,39160842,1446414,1930634,235.74102509203226,52224.45035334875
2004.34,29.72,2.31,39163445,1446345,1932470,235.72545794935766,52221.00171529589
1982.62,29.73,2.31,39169066,1446577,1932400,234.02088661860336,51843.382669981365
1960.9,29.74,2.3,39179570,1447207,1934556,232.31642784166925,51465.78855906845
1939.18,29.75,2.3,39179570,1446988,1935236,230.6120816074078,51088.21938008759
1906.59,29.77,2.3,39179570,1447108,1935236,228.05122785165298,50520.90539739242
1906.59,29.78,2.24,39166058,1446873,1935784,228.04369966930554,50519.237655491735
1901.16,29.78,2.25,39161962,1446661,1935949,227.61957255241435,50425.27944202022
1901.16,29.79,2.24,39157537,1446153,1934854,227.61205886744196,50423.61491176861
1895.73,29.8,2.25,39153772,1445906,1935370,227.18044656142274,50327.99848081946
1884.87,29.8,2.25,39152832,1445753,1937169,226.33224832725972,50140.09445964812
1895.73,29.82,2.28,39156072,1445936,1936422,227.16544966756783,50324.67617178023
1895.73,29.82,2.29,39149306,1445300,1937117,227.16544966756783,50324.67617178023
1912.02,29.84,2.31,39149782,1444773,1937117,228.422584139221,50603.17312315601
1912.02,29.85,2.31,39153793,1444703,1939762,228.41504544007446,50601.50305143577
1906.59,29.86,2.31,39163008,1445069,1941572,227.98349209868556,50505.89968310653
1901.16,29.88,2.32,39169228,1445307,1942542,227.54445801835746,50408.63908316398
1890.3,29.88,2.33,39174393,1445674,1943847,226.6964837087522,50220.78466870385
1884.87,29.9,2.31,39172058,1445494,1944382,226.2575635398229,50123.54930391156
1879.44,29.91,2.3,39170317,1445546,1944158,225.8261525876839,50027.97747952046
1868.58,29.91,2.3,39170010,1445434,1944023,224.97826221930902,49840.141660824964
1852.29,29.92,2.29,39167160,1445591,1944506,223.69904532162292,49556.752720192795
1825.13,29.93,2.28,39172488,1445954,1946048,221.57129772694668,49085.38610685409
1803.41,29.93,2.27,39171805,1445954,1944889,219.8756288933734,48709.73925972556
1792.55,29.94,2.25,39159608,1445512,1947519,219.0205679829883,48520.31492831756
1765.4,29.94,2.25,39154373,1445397,1947110,216.9010518735844,48050.771861787354
1765.4,29.95,2.24,39151002,1445285,1946641,216.893895784773,48049.18655093741
1721.95,29.95,2.24,39150424,1445285,1946921,213.50200125128308,47297.76949232877
1705.66,29.95,2.24,39150424,1445596,1946658,212.23033354240962,47016.05294722556
1694.8,29.95,2.24,39157949,1445847,1948361,211.38255506982733,46828.241917156745
1673.07,29.95,2.25,39149610,1445416,1947764,209.686217481502,46452.44691868573
1645.92,29.95,2.25,39153483,1445663,1948190,207.56677130004627,45982.919343513706
1629.63,29.96,2.25,39158923,1446000,1948621,206.28829764271882,45699.695055254604
1607.91,29.96,2.25,39162626,1446110,1948641,204.59279663622155,45324.0853873858
1591.62,29.96,2.28,39165036,1445980,1948473,203.3211708813486,45042.3781364842
1580.75,29.96,2.29,39163314,1445755,1948720,202.47263976069365,44854.40036992187
1564.46,29.97,2.3,39160679,1445626,1948380,201.1943763371084,44571.222655404556
1548.17,29.97,2.3,39164078,1445695,1949081,199.92279253346783,44289.524698091336
1531.88,29.97,2.31,39171984,1446002,1948888,198.6512087298272,44007.82674077811
1526.45,29.97,2.32,39170580,1446002,1948888,198.22734746194698,43913.927421673696
1499.29,29.98,2.34,39169601,1445473,1950889,196.10079111973124,43442.82471023733
1483.0,29.98,2.35,39177158,1445743,1951395,194.82924926455513,43161.13604589931
1472.14,29.98,2.35,39179965,1445924,1950713,193.9815546944377,42973.3436030073
1477.57,29.98,2.37,39184022,1446065,1951006,194.4054019794964,43067.239824453296
1493.86,29.99,2.39,39173312,1444824,1951392,195.67048883223686,43347.498491810096
1504.72,29.99,2.41,39166097,1444824,1951392,196.51815543855642,43535.284739794064
1510.16,30.0,2.42,39165635,1443808,1952788,196.93627273661835,43627.91157920815
1504.72,30.01,2.42,39164471,1443585,1952939,196.50519078916741,43532.41264025984
1499.29,30.01,2.45,39176721,1443886,1955197,196.08138544703831,43438.525710562884
1499.29,30.02,2.49,39193587,1444825,1956457,196.07491774293015,43437.09289974022
1499.29,30.03,2.49,39193587,1444959,1956613,196.0684504654797,43435.66018343638
1510.16,30.03,2.48,39198740,1444843,1957009,196.91678567222723,43623.59454857495
1515.59,30.04,2.46,39189802,1444403,1956889,197.33405424857577,43716.03336799986
1515.59,30.04,2.45,39191356,1444508,1957313,197.33405424857577,43716.03336799986
1531.88,30.05,2.46,39190816,1444348,1958722,198.59879416288004,43996.21517699427
1548.17,30.06,2.49,39190122,1444082,1959031,199.86345065382002,44276.37850494854
1564.46,30.07,2.5,39188062,1443519,1960333,201.12802372964947,44556.523353691155
1580.75,30.08,2.5,39191759,1443384,1962471,202.39251339862105,44836.64972505035
1597.05,30.08,2.52,39196372,1443471,1963153,203.66441622981048,45118.41835753935
1624.2,30.1,2.52,39197740,1443188,1964891,205.7693819322824,45584.73802668192
1678.51,30.11,2.52,39201151,1442917,1965715,210.00003284015406,46521.96742158354
1700.23,30.12,2.52,39219284,1443092,1968762,211.68771480589743,46895.844912774555
1754.53,30.14,2.52,39226653,1443307,1970748,215.90999223312002,47831.2193041855
1808.84,30.15,2.64,39243413,1443575,1973345,220.13975084907176,48768.25102685313
1830.56,30.17,2.69,39262824,1443799,1976920,221.81956264869723,49140.38501540375
1890.3,30.18,2.71,39262824,1444619,1976920,226.47227593137234,50171.11521497156
1933.75,30.18,2.66,39302221,1445294,1984700,229.86159856052473,50921.96251152739
1982.62,30.22,2.68,39306846,1445619,1984628,233.64289856954406,51759.645789247304
2009.78,30.22,2.66,39309182,1445601,1983874,235.7612383873944,52228.928268211916
2026.07,30.24,2.66,39317488,1445690,1987242,237.01614875949562,52506.932507822385
2047.79,30.26,2.68,39324803,1445882,1987232,238.6943498309969,52878.70966670824
2080.37,30.26,2.68,39337811,1446376,1989236,241.2350866726273,53441.56708617882
2112.96,30.27,2.69,39347547,1446947,1992199,243.76856906401338,54002.81740448202
2161.83,30.29,2.66,39363573,1447995,1992990,247.56323053348788,54843.460688539046
2210.71,30.29,2.62,39371000,1448415,1995047,251.37473877439427,55687.836090830126
2221.57,30.31,2.61,39382174,1449180,1996551,252.20494427187074,55871.75412448214
2227.0,30.33,2.55,39394037,1450187,1998499,252.61168187775718,55961.85998491591
2227.0,30.33,2.5,39394037,1451335,1998499,252.61168187775718,55961.85998491591
2188.99,30.33,2.41,39381102,1451342,1997722,249.64817260980234,55305.34446083361
2145.54,30.33,2.34,39378969,1452042,1997722,246.26052520931208,54554.86828294947
2091.23,30.32,2.34,39365723,1453155,1996468,242.03413616628177,53618.58303236356
2080.37,30.3,2.22,39358217,1453372,1993702,241.2032876827874,53434.52255599774
2091.23,30.3,2.2,39351092,1453491,1992138,242.05008832552818,53622.11696434789
2080.37,30.28,2.17,39351092,1452549,1989887,241.219186129723,53438.04458892501
2074.94,30.27,2.16,39319793,1452635,1989362,240.80369395498647,53345.99930133342
2058.65,30.26,2.16,39321324,1452820,1989362,239.54126211154036,53066.32880653176
2031.5,30.25,2.16,39321324,1453310,1989362,237.43180685452612,52599.014552258275
2004.34,30.22,2.16,39293498,1452616,1989362,235.33694646511512,52134.93354488469
1993.48,30.2,2.14,39288113,1452660,1984524,234.50538254188982,51950.714574906255
1982.62,30.19,2.14,39276398,1452451,1980247,233.66600560111618,51764.764762589686
1971.76,30.18,2.14,39274736,1452425,1979918,232.8265733161998,51578.8026897112
1933.75,30.18,2.13,39260249,1452395,1978726,229.86159856052473,50921.96251152739
1906.59,30.15,2.13,39252838,1452309,1978726,227.76550590446004,50457.608516248314
1863.15,30.13,2.09,39252838,1452235,1973755,224.39142482413592,49710.137727917056
1825.13,30.11,2.08,39241836,1452465,1971976,221.43978406345377,49056.251471560165
1792.55,30.09,2.07,39249022,1453211,1970762,218.91222777326186,48496.31398108353
1759.97,30.08,2.07,39250694,1453318,1969327,216.37720207382137,47934.721768895564
1743.67,30.05,2.07,39250381,1453295,1968415,215.1265827484937,47657.668138365974
1711.09,30.04,2.07,39251897,1453428,1966994,212.5910977414301,47095.97417431641
1689.37,30.03,2.08,39249905,1453350,1965104,210.90300024455712,46722.00462920801
1673.07,30.02,2.08,39250301,1453241,1965104,209.63780228466953,46441.721347935636
1618.77,30.0,2.08,39250301,1453194,1960234,205.41343969468844,45505.88502386398
1580.75,29.97,2.1,39253566,1453203,1957690,202.46596014074902,44852.92061271778
1515.59,29.96,2.11,39253566,1453547,1955904,197.38613674120188,43727.57136631546
1504.72,29.92,2.12,39245933,1453218,1953158,196.56354518640575,43545.340073320265
1499.29,29.9,2.16,39245933,1453043,1952228,196.152558363716,43454.292870530415
1493.86,29.89,2.17,39245933,1452144,1949619,195.7350580273373,43361.80270857746
1488.43,29.88,2.17,39230236,1451770,1948693,195.3175301359088,43269.30644226772
1521.02,29.87,2.2,39223219,1451013,1947413,197.86876356394146,43834.489203520585
1580.75,29.86,2.22,39217621,1450475,1946360,202.53946020878467,44869.20331384118
1678.51,29.85,2.23,39213723,1449201,1946360,210.18023088813575,46561.88726161527
1743.67,29.86,2.36,39231078,1449127,1948353,215.26147615373512,47687.551498473855
1879.44,29.87,2.42,39246662,1448384,1951655,225.85596265336773,50034.581397080954
1950.04,29.89,2.42,39266032,1447600,1955480,231.3534885623136,51252.465593460896
2015.21,29.9,2.45,39282450,1447808,1955480,236.4341452470011,52377.999440139836
2036.93,29.93,2.43,39282450,1447808,1963678,238.10641093831023,52748.461715593534
2031.5,29.95,2.38,39339893,1450344,1966716,237.66681029252138,52651.07560262343
2020.64,29.95,2.31,39344070,1450622,1967974,236.8190318199391,52463.264572554624
2009.78,29.96,2.3,39345579,1451016,1967974,235.96346834345238,52273.72890609828
2004.34,29.96,2.28,39321326,1450936,1967272,235.53881247442175,52179.65355650315
2004.34,29.96,2.27,39309649,1450919,1965963,235.53881247442175,52179.65355650315
2004.34,29.95,2.25,39309649,1450776,1965963,235.5465834679049,52181.37508911801
2009.78,29.95,2.23,39292012,1450776,1962312,235.9712533473568,52275.45354248581
2009.78,29.94,2.2,39291231,1451279,1962859,235.97903886497028,52277.17829267693
2015.21,29.94,2.18,39291231,1451532,1961495,236.40294208685108,52371.08690598297
2009.78,29.94,2.17,39285320,1451643,1963001,235.97903886497028,52277.17829267693
2009.78,29.94,2.17,39285320,1452026,1960252,235.97903886497028,52277.17829267693
2009.78,29.93,2.17,39280248,1452160,1961360,235.98682489634365,52278.903156682885
2015.21,29.93,2.12,39278202,1452160,1961853,236.41074210473698,52372.814868465015
2009.78,29.93,2.11,39274203,1452105,1967413,235.98682489634365,52278.903156682885
2009.78,29.93,2.11,39273233,1452439,1960938,235.98682489634365,52278.903156682885
2009.78,29.93,2.09,39270758,1452367,1966682,235.98682489634365,52278.903156682885
2009.78,29.93,2.09,39271151,1452818,1960096,235.98682489634365,52278.903156682885
2009.78,29.93,2.08,39271151,1452658,1965409,235.98682489634365,52278.903156682885
2009.78,29.92,2.07,39265711,1452813,1957854,235.99461144152784,52280.62813451496
2004.34,29.92,2.05,39265711,1452850,1958305,235.5698995252647,52186.540368600225
2009.78,29.92,2.04,39260046,1452857,1957729,235.99461144152784,52280.62813451496
2009.78,29.92,2.03,39259797,1452870,1957309,235.99461144152784,52280.62813451496
2004.34,29.92,2.03,39257354,1452865,1960593,235.5698995252647,52186.540368600225
2009.78,29.92,2.03,39257067,1452975,1955507,235.99461144152784,52280.62813451496
2009.78,29.92,2.02,39254683,1452868,1955507,235.99461144152784,52280.62813451496
2009.78,29.92,2.01,39253085,1452981,1956299,235.99461144152784,52280.62813451496
2004.34,29.92,2.0,39275995,1453926,1956200,235.5698995252647,52186.540368600225
2004.34,29.92,1.98,39287086,1454109,1957462,235.5698995252647,52186.540368600225
2004.34,29.91,1.96,39293602,1454109,1957875,235.5776725701906,52188.262355677645
2004.34,29.91,1.95,39300167,1454711,1958222,235.5776725701906,52188.262355677645
2004.34,29.91,1.94,39303716,1454803,1955319,235.5776725701906,52188.262355677645
2004.34,29.91,1.93,39309729,1455026,1957611,235.5776725701906,52188.262355677645
2004.34,29.9,1.91,39309729,1455383,1957620,235.58544612810417,52189.98445639884
2004.34,29.9,1.91,39316717,1455515,1957206,235.58544612810417,52189.98445639884
2004.34,29.9,1.9,39320487,1455764,1958633,235.58544612810417,52189.98445639884
2004.34,29.9,1.9,39324335,1455941,1958633,235.58544612810417,52189.98445639884
2004.34,29.89,1.9,39326722,1455816,1957859,235.59322019905616,52191.70667077505
2004.34,29.89,1.9,39328178,1455960,1957848,235.59322019905616,52191.70667077505
1998.91,29.89,1.89,39331326,1456046,1961812,235.16924703538191,52097.782563043635
2004.34,29.89,1.89,39334384,1456196,1958393,235.59322019905616,52191.70667077505
2004.34,29.89,1.9,39337320,1456378,1955445,235.59322019905616,52191.70667077505
2004.34,29.89,1.89,39337993,1456342,1955445,235.59322019905616,52191.70667077505
2004.34,29.89,1.89,39340368,1456463,1958290,235.59322019905616,52191.70667077505
2004.34,29.89,1.89,39341216,1456623,1956041,235.59322019905616,52191.70667077505
2004.34,29.89,1.89,39341216,1456748,1956041,235.59322019905616,52191.70667077505
2004.34,29.89,1.89,39348223,1456748,1958431,235.59322019905616,52191.70667077505
2004.34,29.89,1.89,39348587,1456723,1957596,235.59322019905616,52191.70667077505
2004.34,29.89,1.89,39353343,1457000,1959289,235.59322019905616,52191.70667077505
2004.34,29.89,1.89,39353742,1456860,1958310,235.59322019905616,52191.70667077505
2004.34,29.89,1.88,39355772,1456960,1958625,235.59322019905616,52191.70667077505
2009.78,29.89,1.88,39355754,1456960,1959115,236.01797416045355,52285.80375108055
2004.34,29.89,1.88,39357715,1457027,1959115,235.59322019905616,52191.70667077505
2009.78,29.89,1.88,39358812,1457054,1958367,236.01797416045355,52285.80375108055
2009.78,29.89,1.88,39361851,1457048,1958367,236.01797416045355,52285.80375108055
2004.34,29.89,1.88,39361851,1457260,1958576,235.59322019905616,52191.70667077505
2009.78,29.89,1.88,39364686,1457372,1959286,236.01797416045355,52285.80375108055
2009.78,29.9,1.87,39365363,1457336,1960099,236.0101860735319,52284.078431702525
2009.78,29.9,1.87,39365363,1457367,1960339,236.0101860735319,52284.078431702525
2004.34,29.9,1.87,39365363,1457317,1956929,235.58544612810417,52189.98445639884
2004.34,29.9,1.87,39371189,1457518,1956929,235.58544612810417,52189.98445639884
2004.34,29.9,1.87,39371189,1457660,1959877,235.58544612810417,52189.98445639884
2004.34,29.91,1.87,39373870,1457529,1959877,235.5776725701906,52188.262355677645
2004.34,29.91,1.87,39373870,1457733,1960309,235.5776725701906,52188.262355677645
2004.34,29.92,1.86,39378361,1457725,1960309,235.5698995252647,52186.540368600225
2004.34,29.92,1.86,39378027,1457567,1960309,235.5698995252647,52186.540368600225
2004.34,29.92,1.86,39378027,1457675,1960537,235.5698995252647,52186.540368600225
2004.34,29.93,1.84,39377802,1457826,1952067,235.5621269932756,52184.818495155305
2004.34,29.93,1.84,39379920,1457826,1952067,235.5621269932756,52184.818495155305
2004.34,29.93,1.84,39381224,1457777,1961128,235.5621269932756,52184.818495155305
2004.34,29.93,1.86,39381712,1457679,1963560,235.5621269932756,52184.818495155305
2004.34,29.93,1.84,39383207,1457841,1961511,235.5621269932756,52184.818495155305
2009.78,29.94,1.84,39382994,1458001,1961511,235.97903886497028,52277.17829267693
2004.34,29.94,1.84,39382994,1457918,1961618,235.55435497417258,52183.096735331645
2004.34,29.94,1.84,39388313,1457841,1970844,235.55435497417258,52183.096735331645
2004.34,29.95,1.84,39387064,1458037,1961019,235.5465834679049,52181.37508911801
2004.34,29.95,1.83,39388891,1458105,1960499,235.5465834679049,52181.37508911801
2004.34,29.95,1.83,39388594,1457991,1959881,235.5465834679049,52181.37508911801
2004.34,29.96,1.83,39390846,1458135,1962190,235.53881247442175,52179.65355650315
2004.34,29.96,1.83,39391235,1458106,1963840,235.53881247442175,52179.65355650315
2004.34,29.97,1.83,39391953,1458196,1962863,235.53104199367235,52177.93213747581
2004.34,29.97,1.82,39393046,1458339,1961913,235.53104199367235,52177.93213747581
2004.34,29.98,1.82,39393046,1458191,1961913,235.52327202560608,52176.21083202477
2004.34,29.98,1.82,39396478,1458380,1961913,235.52327202560608,52176.21083202477
2004.34,29.99,1.82,39395698,1458220,1963859,235.5155025701721,52174.489640138774
2004.34,29.99,1.81,39398138,1458502,1952454,235.5155025701721,52174.489640138774
2004.34,30.0,1.81,39398138,1458596,1952454,235.5077336273197,52172.76856180659
2004.34,30.0,1.81,39401319,1458596,1955767,235.5077336273197,52172.76856180659
2004.34,30.02,1.81,39403153,1458435,1965660,235.4921972791568,52169.32674575871
2004.34,30.02,1.81,39404705,1458563,1965660,235.4921972791568,52169.32674575871
2004.34,30.03,1.8,39404705,1458629,1967084,235.4844298737449,52167.60600802055
2004.34,30.04,1.8,39409317,1458693,1958592,235.47666298071164,52165.88538379124
2004.34,30.04,1.79,39406912,1458535,1958592,235.47666298071164,52165.88538379124
2004.34,30.05,1.79,39409161,1458809,1958273,235.4688966000065,52164.16487305959
1998.91,30.06,1.79,39409539,1458652,1967332,235.03739527588837,52068.57302827987
2004.34,30.06,1.79,39411566,1458637,1968639,235.46113073157863,52162.44447581434
2004.34,30.07,1.79,39414343,1458737,1968639,235.4533653753775,52160.72419204429
2004.34,30.08,1.77,39415404,1458781,1970324,235.44560053135234,52159.00402173818
2004.34,30.09,1.77,39417606,1458893,1968946,235.4378361994525,52157.28396488481
2004.34,30.09,1.77,39419007,1458856,1969979,235.4378361994525,52157.28396488481
1998.91,30.11,1.76,39420049,1459086,1964766,234.9986434795295,52059.98822101411
2004.34,30.11,1.76,39421175,1459086,1971308,235.42230907182605,52153.84419149136
1998.91,30.12,1.76,39422683,1459036,1981813,234.990894653616,52058.271599250635
1998.91,30.13,1.76,39424078,1459001,1981813,234.9831463387039,52056.55509069091
2004.34,30.13,1.76,39424161,1458808,1981989,235.406783992093,52150.40487177416
1998.91,30.14,1.76,39423558,1459064,1972356,234.97539853474274,52054.83869532375
2004.34,30.14,1.75,39427095,1459047,1972614,235.39902222005992,52148.68538201612
2004.34,30.15,1.75,39427095,1459190,1977585,235.39126095984827,52146.96600564349
1998.91,30.15,1.75,39429251,1459011,1974266,234.96765124168195,52053.12241313796
2004.34,30.15,1.75,39429613,1459219,1972847,235.39126095984827,52146.96600564349
2004.34,30.17,1.75,39431550,1459101,1974468,235.3757399746867,52143.52759300959
1998.91,30.17,1.74,39435684,1459310,1975206,234.95215818805923,52049.69018826567
2004.34,30.19,1.74,39435866,1459148,1975386,235.36022103620348,52140.08963378278
1998.91,30.19,1.75,39435006,1459123,1975386,234.93666717743167,52046.25841598451
2004.34,30.2,1.74,39439428,1459123,1977052,235.35246233433975,52138.370824169004
2004.34,30.21,1.74,39438721,1459406,1976809,235.34470414399385,52136.65212787338
2004.34,30.21,1.74,39438721,1459360,1977450,235.34470414399385,52136.65212787338
1998.91,30.23,1.74,39442168,1459478,1977962,234.90569128354576,52039.39622883756
1998.91,30.25,1.73,39442975,1459371,1979055,234.89020639947964,52035.96581379281
1998.91,30.25,1.72,39444731,1459504,1978700,234.89020639947964,52035.96581379281
2004.34,30.26,1.72,39444731,1459511,1981817,235.30592086326087,52128.06034577526
2004.34,30.26,1.72,39448218,1459571,1980176,235.30592086326087,52128.06034577526
2004.34,30.29,1.72,39448218,1459523,1982298,235.28265702979823,52122.90663561715
2004.34,30.3,1.7,39450449,1459478,1979683,235.27490344083694,52121.18895868073
2004.34,30.3,1.7,39451862,1459563,1981224,235.27490344083694,52121.18895868073
2004.34,30.31,1.7,39453642,1459622,1979598,235.26715036288795,52119.471394950466
2004.34,30.32,1.7,39453642,1459622,1983003,235.25939779590064,52117.753944415155
2004.34,30.32,1.7,39455760,1459638,1981467,235.25939779590064,52117.753944415155
1998.91,30.34,1.69,39457308,1459713,1984652,234.82054967742636,52020.534541186666
2004.34,30.35,1.69,39459977,1459723,1985022,235.23614316020416,52112.60227186711
2004.34,30.35,1.69,39460452,1459688,1985022,235.23614316020416,52112.60227186711
1998.91,30.36,1.69,39463025,1459767,1986525,234.80507601595372,52017.10661231834
1998.91,30.36,1.68,39463356,1459833,1984752,234.80507601595372,52017.10661231834
1993.48,30.36,1.68,39463161,1459723,1984752,234.38175939534867,51923.32795063692
1998.91,30.38,1.68,39464262,1459889,1987792,234.78960439364192,52013.67913519172
1998.91,30.39,1.68,39464262,1459753,1987792,234.78186934704527,52011.96556600363
1998.91,30.4,1.68,39466835,1459774,1987792,234.77413481008773,52010.25210971748
2004.34,30.41,1.68,39466835,1459692,1989923,235.18964767796137,52102.30198152479
2004.34,30.43,1.67,39470000,1459635,1991199,235.1741532680742,52098.86945619497
2004.34,30.44,1.67,39474666,1459881,1992070,235.1664068286899,52097.15336312681
2004.34,30.45,1.67,39475741,1459833,1992070,235.15866089961128,52095.43738310827
2004.34,30.45,1.66,39476951,1459948,1993668,235.15866089961128,52095.43738310827
2009.78,30.47,1.66,39477343,1459886,1995445,235.56711313346892,52185.92309046653
2004.34,30.47,1.66,39478645,1460083,1993487,235.14317057216905,52092.005762175315
2004.34,30.48,1.66,39479357,1460003,1993126,235.1354261737047,52090.29012123857
2004.34,30.48,1.66,39481022,1459988,1995355,235.1354261737047,52090.29012123857
2004.34,30.49,1.65,39481210,1460157,1993953,235.1276822853444,52088.574593306774
2004.34,30.5,1.65,39483716,1460157,1995079,235.11993890703758,52086.85917836874
2004.34,30.51,1.65,39486215,1460163,1995779,235.112196038734,52085.14387641332
2004.34,30.52,1.64,39486561,1460138,1996245,235.10445368038324,52083.428687429354
2004.34,30.53,1.65,39486916,1460084,1999204,235.09671183193484,52081.713611405656
2004.34,30.53,1.65,39486558,1460084,1999204,235.09671183193484,52081.713611405656
2004.34,30.53,1.64,39490345,1460122,1999892,235.09671183193484,52081.713611405656
2004.34,30.53,1.64,39490619,1460105,1999051,235.09671183193484,52081.713611405656
2004.34,30.59,1.62,39497763,1460346,2000508,235.05027144637515,52071.42552680474
2004.34,30.59,1.62,39502414,1460285,2000552,235.05027144637515,52071.42552680474
2004.34,30.59,1.62,39504209,1460376,2002677,235.05027144637515,52071.42552680474
1998.91,30.59,1.62,39503526,1460290,2002074,234.62727537236498,51977.71787681815
1998.91,30.59,1.62,39503291,1460301,2004162,234.62727537236498,51977.71787681815
2004.34,30.59,1.62,39504306,1460306,2003414,235.05027144637515,52071.42552680474
1998.91,30.59,1.62,39507525,1460306,2004719,234.62727537236498,51977.71787681815
1998.91,30.61,1.61,39507544,1460194,2004861,234.61182717145815,51974.295588308996
1998.91,30.61,1.6,39508420,1460195,2007532,234.61182717145815,51974.295588308996
2004.34,30.64,1.6,39509524,1460310,2005265,235.01158513816114,52062.85522733358
2004.34,30.65,1.6,39509524,1460284,2004932,235.00384940461478,52061.141505963365
2004.34,30.67,1.6,39513458,1460213,2007892,234.98837946521613,52057.71440165778
1998.91,30.68,1.6,39513855,1460249,2006777,234.55777448442262,51962.321126632465
1998.91,30.69,1.59,39516916,1460255,2006777,234.55005470511495,51960.610939654885
2004.34,30.71,1.59,39517482,1460339,2010357,234.95744569578744,52050.86154647426
1998.91,30.72,1.59,39518871,1460398,2010357,234.52689841577688,51955.48105408477
1998.91,30.72,1.59,39520419,1460398,2010357,234.52689841577688,51955.48105408477
1998.91,30.74,1.58,39520419,1460476,2011050,234.5114634295374,51952.061693062424
1998.91,30.77,1.58,39523240,1460369,2014574,234.48831475915418,51946.93349534332
2004.34,30.78,1.58,39524438,1460423,2011557,234.90333119179408,52038.87339029273
1998.91,30.79,1.58,39523644,1460441,2014515,234.47288485096442,51943.515259277294
1998.91,30.8,1.58,39527825,1460365,2013153,234.46517065833893,51941.80630993499
2004.34,30.82,1.57,39526223,1460311,2015782,234.87241980827707,52032.02549433059
1998.91,30.83,1.57,39526846,1460366,2015812,234.44203112573896,51936.68013653774
1998.91,30.83,1.57,39536371,1460366,2019293,234.44203112573896,51936.68013653774
1998.91,30.85,1.57,39536076,1460589,2018751,234.4266073079017,51933.26324968664
2004.34,30.86,1.57,39536076,1460601,2018751,234.84151655906706,52025.17940038706
1998.91,30.88,1.55,39537355,1460353,2019608,234.40347538598863,51928.13876230879
1998.91,30.89,1.55,39539567,1460398,2020770,234.3957657597755,51926.43082457816
1998.91,30.9,1.55,39540229,1460360,2021221,234.3880566406911,51924.722999193364
1998.91,30.91,1.55,39540168,1460497,2020320,234.38034802868552,51923.01528614332
1998.91,30.92,1.55,39543102,1460326,2025740,234.37263992370876,51921.30768541698
1998.91,30.94,1.54,39543496,1460314,2023734,234.35722523464148,51917.892820890986
1998.91,30.95,1.54,39543784,1460489,2024382,234.34951865045093,51916.18555706919
1998.91,30.95,1.54,39545147,1460370,2027874,234.34951865045093,51916.18555706919
1998.91,30.96,1.54,39546139,1460413,2024582,234.34181257308913,51914.47840552676
1998.91,30.97,1.53,39548154,1460474,2023940,234.334107002506,51912.77136625259
1998.91,30.97,1.54,39548061,1460412,2029979,234.334107002506,51912.77136625259
1998.91,30.98,1.54,39549767,1460508,2029979,234.32640193865166,51911.064439235655
1998.91,30.98,1.53,39550252,1460457,2027474,234.32640193865166,51911.064439235655
1998.91,31.01,1.52,39551477,1460387,2025429,234.30328978696122,51905.94433161737
1998.91,31.01,1.52,39551771,1460356,2025429,234.30328978696122,51905.94433161737
1998.91,31.02,1.52,39553533,1460417,2032148,234.29558674952207,51904.23785351856
1998.91,31.03,1.52,39553533,1460557,2030091,234.2878842185618,51902.53148762161
1998.91,31.05,1.52,39558733,1460497,2030276,234.27248067587814,51899.119092389024
1998.91,31.05,1.52,39559634,1460557,2031827,234.27248067587814,51899.119092389024
1998.91,31.07,1.51,39559634,1460444,2032673,234.2570791585107,51895.70714583111
1998.91,31.09,1.51,39559634,1460485,2033499,234.24167966606012,51892.29564785939
1993.48,31.11,1.51,39564194,1460605,2034099,233.80400905173957,51795.33710082762
1998.91,31.12,1.51,39566768,1460640,2036092,234.21858422322978,51887.17924180741
1998.91,31.13,1.5,39567049,1460625,2035621,234.2108867543122,51885.473997320696
1998.91,31.14,1.5,39568143,1460424,2036190,234.2031897913245,51883.7688649142
1998.91,31.15,1.5,39568911,1460498,2036347,234.19549333421665,51882.06384457687
1998.91,31.16,1.5,39568911,1460518,2039195,234.18779738293884,51880.358936297656
1998.91,31.18,1.5,39573648,1460467,2039457,234.172406997674,51876.94945586942
1998.91,31.19,1.49,39574002,1460519,2040165,234.1647125635872,51875.2448836983
1998.91,31.2,1.49,39574002,1460591,2037231,234.157018635131,51873.540423541126
1998.91,31.2,1.49,39577849,1460508,2040614,234.157018635131,51873.540423541126
1998.91,31.23,1.49,39577849,1460472,2041954,234.1339398830479,51868.42771504284
1998.91,31.24,1.49,39577849,1460710,2040312,234.1262479766159,51866.723702831034
1998.91,31.26,1.47,39582850,1460710,2045145,234.1108656798467,51863.31601427267
1998.91,31.27,1.47,39583951,1460710,2048625,234.1031752894098,51861.612337904015
1998.91,31.29,1.47,39588268,1460561,2047269,234.0877960241825,51858.20532093266
1998.91,31.3,1.47,39589161,1460765,2044248,234.0801071492926,51856.501980307905
1998.91,31.31,1.47,39590298,1460584,2048749,234.07241877948536,51854.798751575705
1998.91,31.32,1.46,39591442,1460584,2047169,234.06473091471125,51853.09563472507
1998.91,31.33,1.47,39592935,1460611,2052662,234.05704355492026,51851.39262974494
1998.91,31.34,1.47,39592935,1460665,2049897,234.04935670006282,51849.68973662433
1998.91,31.34,1.46,39595506,1460665,2049897,234.04935670006282,51849.68973662433
1998.91,31.36,1.46,39598156,1460662,2051890,234.0339845049493,51846.2842859175
1993.48,31.38,1.46,39598156,1460783,2053342,233.5967155750904,51749.41472530724
1998.91,31.38,1.46,39603134,1460639,2057267,234.01861432897292,51842.879282516464
1998.91,31.41,1.45,39604279,1460787,2055697,233.9955628500201,51837.77261592047
1998.91,31.43,1.45,39604279,1460771,2057116,233.98019772014618,51834.36873039838
1998.91,31.45,1.45,39610198,1460672,2054828,233.96483460801747,51830.965291873734
1998.91,31.46,1.44,39611482,1460702,2059932,233.9571538084834,51829.26374020795
1993.48,31.47,1.45,39611482,1460793,2057193,233.52769940936992,51734.125357159115
1993.48,31.49,1.45,39614365,1460743,2060171,233.5123680215411,51730.72894661835
1998.91,31.5,1.44,39616900,1460880,2057462,233.9264356527232,51822.4586505982
1998.91,31.52,1.44,39617175,1460899,2061727,233.9110795995737,51819.0567758714
1993.48,31.53,1.44,39617787,1460886,2061441,233.48171128424016,51723.93746323295
1993.48,31.53,1.43,39621478,1460749,2062444,233.48171128424016,51723.93746323295
1993.48,31.55,1.43,39621478,1460957,2062444,233.46638593397532,51720.54239021271
1993.48,31.56,1.43,39624300,1461039,2061794,233.45872401326602,51718.84502083231
1988.05,31.57,1.43,39623848,1461079,2064758,233.02942690523244,51623.74148297087
1998.91,31.58,1.43,39625869,1460916,2068172,233.86502353428324,51808.85383094786
2009.78,31.59,1.43,39625902,1460695,2066032,234.70134176538636,51994.1260376959
2015.21,31.59,1.44,39624364,1460486,2070887,235.12294978376218,52087.52618735439
2020.64,31.59,1.43,39631001,1460593,2068776,235.54455780213806,52180.92633701289
2020.64,31.59,1.42,39637004,1460694,2073114,235.54455780213806,52180.92633701289
2020.64,31.59,1.4,39641842,1461185,2070872,235.54455780213806,52180.92633701289
2009.78,31.66,1.39,39645722,1461397,2074668,234.6474423069579,51982.18552123437
1998.91,31.68,1.39,39649558,1461697,2075414,233.7883037155205,51791.85784832444
1998.91,31.68,1.41,39650833,1462009,2074083,233.7883037155205,51791.85784832444
1993.48,31.7,1.42,39649418,1461805,2076029,233.35150990350098,51695.09354206269
1993.48,31.72,1.43,39650412,1461810,2072653,233.3362016403132,51691.70225439634
1993.48,31.72,1.43,39651268,1461640,2072653,233.3362016403132,51691.70225439634
1988.05,31.74,1.42,39651268,1461375,2072653,232.899494790129,51594.957213063346
1993.48,31.76,1.42,39655843,1461400,2078041,233.30559113863856,51684.92101373459
2004.34,31.76,1.42,39655801,1461258,2075391,234.14833704739752,51871.61716411948
2004.34,31.78,1.42,39654193,1460870,2078938,234.1329795334076,51868.214965768115
2004.34,31.78,1.41,39656265,1460913,2076648,234.1329795334076,51868.214965768115
2004.34,31.78,1.41,39657857,1460703,2083353,234.1329795334076,51868.214965768115
2004.34,31.81,1.41,39659976,1460867,2083120,234.1099470393559,51863.11250495694
2009.78,31.83,1.39,39663408,1461103,2083239,234.51664663120152,51953.20994402075
2009.78,31.83,1.37,39665281,1461116,2083756,234.51664663120152,51953.20994402075
2009.78,31.85,1.38,39666456,1461120,2083756,234.5012684904388,51949.80317615557
2009.78,31.86,1.38,39669667,1461334,2086125,234.49358017633463,51948.099959763436
2009.78,31.87,1.37,39669667,1461343,2089780,234.48589236634922,51946.39685505032
2009.78,31.89,1.37,39671723,1461362,2086992,234.4705182585361,51942.990980617134
2009.78,31.89,1.37,39672039,1461352,2086992,234.4705182585361,51942.990980617134
2009.78,31.9,1.37,39673129,1461356,2087685,234.46283196060924,51941.28821087511
2009.78,31.91,1.36,39673129,1461357,2087685,234.45514616660276,51939.585552768134
2009.78,31.94,1.36,39677388,1461487,2091780,234.43209180761033,51934.47824814792
2009.78,31.94,1.36,39679021,1461356,2091780,234.43209180761033,51934.47824814792
2009.78,31.96,1.36,39679021,1461561,2091780,234.41672475364243,51931.07393637524
2009.78,31.98,1.35,39685269,1461524,2093469,234.40135971416717,51927.67007087945
2009.78,31.99,1.35,39685269,1461454,2097194,234.39367794974058,51925.96830545798
2009.78,32.01,1.33,39687699,1461337,2096788,234.3783159312618,51922.565109213036
2004.34,32.02,1.33,39689480,1461407,2098531,233.9488463778287,51827.42336898015
2004.34,32.02,1.32,39690568,1461484,2099223,233.9488463778287,51827.42336898015
2009.78,32.05,1.32,39692868,1461408,2099065,234.34759793441626,51915.760054808154
2009.78,32.05,1.32,39692868,1461566,2100408,234.34759793441626,51915.760054808154
2009.78,32.08,1.31,39696030,1461450,2101144,234.32456472032186,51910.65743448367
2009.78,32.08,1.31,39697507,1461534,2101087,234.32456472032186,51910.65743448367
2004.34,32.1,1.31,39699589,1461507,2103251,233.88753300285654,51813.84042428064
2009.78,32.11,1.31,39702022,1461560,2102202,234.30153603349225,51905.55581709837
2009.78,32.12,1.31,39703340,1461612,2105693,234.29386081037717,51903.85550079421
2009.78,32.13,1.31,39703340,1461515,2105747,234.28618609009385,51902.155295883946
2004.34,32.15,1.3,39703340,1461497,2107400,233.84922846093016,51805.354698695286
2009.78,32.17,1.3,39703340,1461752,2110153,234.25549223628926,51895.35558996282
2004.34,32.19,1.29,39703340,1461809,2109765,233.81859385970384,51798.568119184085
2004.34,32.21,1.29,39716260,1461671,2107684,233.80327956877775,51795.17549617392
2009.78,32.22,1.29,39716260,1461536,2115307,234.21713622681938,51886.858462610755
2009.78,32.23,1.29,39718917,1461662,2115307,234.20946653213645,51885.159371037545
2004.34,32.24,1.28,39719586,1461680,2111796,233.78031189338867,51790.08739484485
2009.78,32.25,1.28,39721274,1461847,2114565,234.1941286495869,51881.76152170088
2009.78,32.26,1.27,39721505,1461847,2118545,234.18646046162158,51880.06276391556
2004.34,32.27,1.28,39724627,1461717,2115753,233.7573487300176,51785.000293077304
2009.78,32.28,1.27,39724894,1461717,2115214,234.17112559206313,51876.66558205628
2009.78,32.3,1.25,39724894,1461823,2117572,234.15579273067223,51873.26884507267
2009.78,32.31,1.25,39730518,1461768,2117760,234.14812705291638,51871.57064338194
2009.78,32.33,1.25,39734029,1461761,2120025,234.1327972030373,51868.17457354802
2009.78,32.34,1.25,39733446,1461892,2120025,234.12513303081553,51866.476705382986
2004.34,32.35,1.24,39735469,1461877,2121535,233.6961356763403,51771.43957286961
2009.78,32.35,1.24,39736159,1461857,2121745,234.1174693603399,51864.77894837135
2009.78,32.36,1.24,39738072,1461868,2122787,234.10980619156115,51863.08130250221
2009.78,32.37,1.23,39739228,1461868,2125076,234.10214352442995,51861.38376776462
2009.78,32.39,1.23,39741889,1461891,2125143,234.08681969491343,51857.98903164054
2004.34,32.4,1.23,39741889,1461891,2129183,233.65789379519546,51762.967728724165
2009.78,32.43,1.23,39741889,1461945,2127707,234.05617805348467,51851.200892491164
2009.78,32.45,1.22,39741889,1461931,2127707,234.0408602407848,51847.807489291394
2009.78,32.45,1.22,39748861,1461861,2130318,234.0408602407848,51847.807489291394
2009.78,32.47,1.22,39750146,1462010,2132492,234.02554443290305,51844.41453022527
2009.78,32.47,1.22,39752006,1461962,2130744,234.02554443290305,51844.41453022527
2004.34,32.48,1.21,39752066,1461974,2132471,233.59673281131424,51749.418543702086
2009.78,32.48,1.21,39753955,1461913,2134907,234.01788728064602,51842.71821721509
2009.78,32.5,1.21,39753640,1462125,2130873,234.00257447925352,51839.32592418599
2004.34,32.51,1.21,39753640,1462094,2134015,233.57380569627026,51744.33942783376
2009.78,32.52,1.21,39761819,1462128,2137278,233.98726368169545,51835.934075072626
2009.78,32.53,1.21,39761819,1462126,2134967,233.97960903423137,51834.23831695711
2009.78,32.54,1.21,39764801,1462125,2134967,233.9719548875784,51832.54266978785
2009.78,32.56,1.2,39766525,1462240,2138525,233.95664809650924,51829.15170824457
2009.78,32.58,1.2,39767226,1461999,2141270,233.94134330809487,51825.761190355704
2009.78,32.58,1.18,39769535,1462098,2138465,233.94134330809487,51825.761190355704
2009.78,32.6,1.18,39771109,1462098,2138465,233.9260405219422,51822.37111603417
2009.78,32.6,1.18,39774117,1462130,2139868,233.9260405219422,51822.37111603417
2004.34,32.62,1.18,39774344,1462010,2141253,233.48977809831567,51725.72452991356
2009.78,32.62,1.18,39777034,1461909,2144407,233.91073973765853,51818.98148519296
2009.78,32.64,1.18,39777034,1461746,2143539,233.89544095485087,51815.592297745025
2009.78,32.64,1.18,39780978,1461935,2142690,233.89544095485087,51815.592297745025
2004.34,32.66,1.18,39783894,1462072,2143287,233.45923759563775,51718.9587963496
2009.78,32.67,1.18,39785002,1461980,2147213,233.872496532548,51810.50934774523
2009.78,32.68,1.18,39786527,1461945,2145687,233.86484939209313,51808.81525268106
2009.78,32.69,1.17,39788299,1461950,2143088,233.85720275171283,51807.121268399984
2004.34,32.7,1.17,39789351,1461725,2147375,233.4287050813208,51712.19483247235
2009.78,32.71,1.17,39793395,1461976,2145971,233.8419109709797,51803.73363214363
2009.78,32.72,1.17,39795575,1461818,2148565,233.83426583052878,51802.03998014662
2009.78,32.73,1.17,39796684,1461912,2146684,233.8266211899563,51800.34643888927
2009.78,32.73,1.16,39798147,1461913,2148951,233.8266211899563,51800.34643888927
2009.78,32.75,1.16,39798147,1461830,2151283,233.81133340825053,51796.959688550014
2004.34,32.76,1.16,39802782,1462028,2151287,233.3829212811676,51702.05220330055
2009.78,32.78,1.16,39802782,1462011,2151287,233.78840548355458,51791.88039331694
2009.78,32.79,1.16,39806401,1461944,2153078,233.78076384122323,51790.187516269354
2009.78,32.8,1.15,39808996,1461944,2157208,233.77312269842733,51788.49474988544
2004.34,32.82,1.15,39811439,1461934,2155544,233.33715543720615,51691.913552020356
2009.78,32.82,1.15,39811643,1461893,2155544,233.7578419112457,51785.109549065106
2009.78,32.82,1.15,39813389,1461907,2157721,233.7578419112457,51785.109549065106
2004.34,32.85,1.15,39815997,1461844,2157831,233.31427924549664,51686.845717358396
2009.78,32.86,1.15,39819538,1461923,2158958,233.7272863291521,51778.34047491078
2009.78,32.88,1.14,39818995,1461883,2158648,233.71201153345697,51774.95660140329
2009.78,32.89,1.14,39822970,1461911,2158648,233.70437488427606,51773.26483050402
2004.34,32.9,1.14,39824018,1461876,2161827,233.27616222552516,51678.40153410119
2004.34,32.91,1.14,39823822,1462018,2158868,233.26854031602292,51676.71302852927
2009.78,32.92,1.14,39825079,1461994,2162212,233.68146793081272,51768.19018109403
2004.34,32.93,1.14,39828952,1461797,2158923,233.25329799111987,51673.33634837842
2004.34,32.97,1.13,39851257,1462499,2170904,233.22281931635294,51666.58431174594
2009.78,32.97,1.13,39854924,1462604,2170821,233.64329965237107,51759.7346423868
2009.78,32.96,1.11,39854924,1462604,2172062,233.65093231055454,51761.425529147855
2004.34,32.96,1.11,39858061,1462467,2174301,233.2304382382868,51668.27215547245
2004.34,32.96,1.11,39859475,1462467,2174301,233.2304382382868,51668.27215547245
2009.78,32.96,1.13,39860387,1462467,2174301,233.65093231055454,51761.425529147855
2004.34,32.97,1.11,39863260,1462631,2175449,233.22281931635294,51666.58431174594
2004.34,32.98,1.11,39863575,1462665,2178326,233.21520089217643,51664.89657828918
2009.78,33.0,1.11,39865080,1462776,2176741,233.6204046695536,51754.66264487163
2004.34,33.01,1.11,39866731,1462631,2174855,233.19234860570282,51659.83403942928
2004.34,33.02,1.11,39866813,1462614,2180094,233.18473217206773,51658.14674694343
2004.34,33.03,1.11,39866966,1462752,2178104,233.1771162359461,51656.4595646733
2004.34,33.04,1.1,39866966,1462545,2180862,233.16950079728912,51654.77249260807
2004.34,33.06,1.1,39871212,1462644,2179843,233.15427141217458,51651.39867904925
2004.34,33.08,1.1,39871212,1462687,2183086,233.13904401633405,51648.02530618055
2004.34,33.08,1.1,39875312,1462750,2182643,233.13904401633405,51648.02530618055
2004.34,33.12,1.09,39875312,1462650,2182788,233.10859519091642,51641.279882168245
2004.34,33.15,1.09,39878053,1462715,2181978,233.0857637907998,51636.22197032867
2004.34,33.16,1.09,39880164,1462801,2181978,233.07815431791968,51634.53621988074
2004.34,33.16,1.08,39880741,1462648,2183125,233.07815431791968,51634.53621988074
2004.34,33.19,1.08,39882014,1462740,2185431,233.0553288800743,51629.479628881854
2004.34,33.2,1.08,39884184,1462747,2188161,233.04772139422872,51627.79431862794
2009.78,33.21,1.08,39886236,1462700,2189336,233.46026534007,51719.18647580445
2004.34,33.23,1.08,39887029,1462710,2190565,233.02490191631946,51622.73904795243
2004.34,33.24,1.08,39887029,1462855,2190636,233.01729641673023,51621.05417772012
2009.78,33.24,1.07,39894716,1462803,2193229,233.43740621294378,51714.12242151327
1998.91,33.24,1.07,39896163,1462778,2192703,232.59795888117148,51528.157015257486
1998.91,33.3,1.07,39896699,1462746,2193351,232.55241840953536,51518.068291416996
2004.34,33.32,1.07,39900387,1462727,2200019,232.95647028786496,51607.57917418236
2004.34,33.34,1.07,39901144,1462679,2196762,232.94126871715866,51604.21152243684
2004.34,33.35,1.06,39903061,1462609,2206388,232.93366867576498,51602.52786137575
2004.34,33.36,1.07,39902592,1462856,2196530,232.92606913027953,51600.844310174776
2004.34,33.38,1.06,39904261,1462789,2199149,232.91087152683906,51597.477537310115
2004.34,33.39,1.06,39904152,1462811,2190226,232.903273468787,51595.79431562494
2004.34,33.4,1.06,39904152,1462811,2202219,232.89567590644913,51594.111203756875
1998.91,33.42,1.06,39908344,1462999,2202219,232.46139094367393,51497.902690754934
2004.34,33.44,1.04,39914123,1462908,2203023,232.86529061326843,51587.37985424074
1998.91,33.44,1.04,39915344,1462793,2203051,232.4462266270985,51494.54329203412
2004.34,33.45,1.04,39916572,1462793,2205377,232.85769552877358,51585.69729129703
1998.91,33.48,1.04,39920584,1462886,2207300,232.4159039285201,51487.825809297
2004.34,33.48,1.04,39920601,1462913,2207005,232.83491324763384,51580.65026093881
1998.91,33.5,1.04,39923147,1462880,2208915,232.4007455457431,51484.46772510921
2004.34,33.5,1.03,39924136,1463053,2209689,232.81972753667688,51577.28612265341
1998.91,33.53,1.03,39928449,1463211,2199589,232.3780116786296,51479.431420062414
1998.91,33.54,1.04,39928449,1462916,2199589,232.3704347112789,51477.752870666605
1998.91,33.57,1.04,39928449,1462959,2214185,232.3477067736115,51472.71787918864
1998.91,33.58,1.02,39933650,1463036,2214167,232.34013178235622,51471.03976756346
1998.91,33.59,1.02,39937350,1463036,2216418,232.332557285004,51469.36176535417
2004.34,33.61,1.02,39937721,1463101,2215891,232.73624152145644,51558.7912032588
1998.91,33.62,1.03,39939153,1463101,2215891,232.30983675588263,51464.32841511471
2004.34,33.64,1.02,39940626,1463124,2217013,232.7134829985396,51553.749436134385
1998.91,33.64,1.01,39942432,1463037,2222271,232.29469220509833,51460.97339517174
1998.91,33.65,1.02,39943840,1462921,2219497,232.28712067015036,51459.29604923319
1998.91,33.66,1.02,39942988,1463180,2217143,232.27954962876743,51457.61881263565
1998.91,33.67,1.01,39944841,1463258,2208867,232.27197908090125,51455.94168536842
1998.91,33.69,1.01,39948123,1463071,2220418,232.25683946552638,51452.58775878223
1998.91,33.7,1.01,39951352,1463095,2216123,232.24927039792124,51450.910959441884
1998.91,33.71,1.01,39951352,1463163,2226790,232.24170182363986,51449.234269389104
1998.91,33.71,1.01,39953745,1463068,2233078,232.24170182363986,51449.234269389104
1998.91,33.74,1.01,39953720,1463149,2226499,232.21899906025652,51444.20485484943
1998.91,33.75,1.01,39953720,1463151,2238157,232.2114324587883,51442.528601840146
1998.91,33.75,1.0,39957834,1463163,2238157,232.2114324587883,51442.528601840146
1998.91,33.79,1.0,39961635,1463129,2232822,232.18117098326096,51435.824682037986
1998.91,33.8,1.0,39961635,1462968,2240599,232.1736068467246,51434.14897509281
1998.91,33.82,1.0,39965884,1463208,2232127,232.1584800521293,51430.79788873422
1998.91,33.84,0.99,39967295,1463216,2233641,232.143355228516,51427.447239013454
1998.91,33.85,0.99,39967738,1463092,2237601,232.1357935557072,51425.7720778656
1998.91,33.86,0.99,39971622,1463244,2235469,232.12823237549955,51424.097025845214
1998.91,33.87,0.99,39972507,1463244,2236484,232.12067168784483,51422.42208294163
1993.48,33.89,0.99,39973840,1463244,2237295,231.68710198697983,51326.372024159115
1998.91,33.9,0.99,39977100,1463228,2237843,232.09799257971707,51417.39790882508
1998.91,33.91,0.97,39979283,1463156,2238606,232.09043386179292,51415.72340228211
1998.91,33.91,0.97,39983017,1463186,2239472,232.09043386179292,51415.72340228211
1998.91,33.91,0.97,39984230,1463186,2239472,232.09043386179292,51415.72340228211
1998.91,33.91,0.96,39986562,1463055,2243086,232.09043386179292,51415.72340228211
1998.91,33.98,0.96,39988404,1463230,2245241,232.037536618377,51404.00490966281
1998.91,34.0,0.96,39990042,1463242,2245538,232.0224275487616,51400.657749974736
1998.91,34.01,0.96,39992856,1463224,2247490,232.0148737517975,51398.98433358751
1998.91,34.02,0.96,39992690,1463126,2247909,232.00732044666512,51397.31102615731
1998.91,34.03,0.95,39995010,1463177,2248081,231.99976763331642,51395.63782767349
1998.91,34.04,0.96,39996070,1463212,2249828,231.99221531170323,51393.964738125396
1993.48,34.05,0.96,39996200,1463173,2250008,231.5664316213616,51299.63953872986
1998.91,34.07,0.95,39996482,1463277,2250716,231.9695612967975,51388.9461229892
1998.91,34.07,0.95,39998358,1463229,2250716,231.9695612967975,51388.9461229892
1998.91,34.08,0.95,39998358,1463271,2250716,231.96201094164672,51387.27346907769
1998.91,34.08,0.95,40003799,1463426,2251524,231.96201094164672,51387.27346907769
1998.91,34.12,0.95,40003963,1463208,2254259,231.93181443551964,51380.58394215101
1998.91,34.12,0.94,40006043,1463126,2256321,231.93181443551964,51380.58394215101
1998.91,34.12,0.94,40006814,1463204,2258905,231.93181443551964,51380.58394215101
1998.91,34.12,0.94,40010098,1463101,2257523,231.93181443551964,51380.58394215101
1993.48,34.18,0.94,40011053,1463254,2258183,231.46847946533782,51277.939889687994
1998.91,34.18,0.93,40011053,1463303,2260822,231.88653441447994,51370.552916749875
1998.91,34.2,0.93,40016041,1463305,2260786,231.8714450027725,51367.210111939945
1998.91,34.21,0.93,40016444,1463256,2258948,231.86390103332292,51365.5388726729
1998.91,34.21,0.93,40018210,1463212,2262243,231.86390103332292,51365.5388726729
1998.91,34.24,0.93,40019364,1463212,2262765,231.8412720700157,51360.52580729607
1998.91,34.25,0.93,40020694,1463241,2265288,231.8337300637675,51358.85500294321
1998.91,34.27,0.92,40024807,1463196,2265067,231.81864752326499,51355.5137203329
1998.91,34.28,0.92,40024753,1463142,2265067,231.811106988915,51353.84324205427
1993.48,34.29,0.92,40024753,1463142,2263956,231.38566157325747,51259.59298171289
1998.91,34.3,0.92,40028925,1463282,2269220,231.79602739177793,51350.502611496966
1993.48,34.31,0.92,40028925,1463357,2268623,231.37061014142415,51256.25859070387
1998.91,34.33,0.92,40028925,1463357,2270978,231.77341167426215,51345.492480501955
1998.91,34.34,0.91,40034846,1463223,2270978,231.76587408241608,51343.82265408547
1998.91,34.35,0.91,40034846,1463388,2272441,231.75833698081993,51342.15293627558
1998.91,34.36,0.91,40038399,1463454,2270220,231.75080036942578,51340.48332706169
1998.91,34.38,0.91,40038733,1463212,2276504,231.7357286170524,51337.14443437954
1998.91,34.39,0.91,40041034,1463176,2274844,231.72819347597752,51335.4751508901
1998.91,34.4,0.89,40041034,1463286,2276490,231.72065882491341,51333.80597595428
1998.91,34.42,0.89,40045302,1463365,2277765,231.70559099262647,51330.467951701205
1998.91,34.43,0.89,40045018,1463358,2277747,231.69805781130802,51328.79910236276
1998.91,34.44,0.89,40047587,1463314,2277747,231.69052511980925,51327.13036153562
1998.91,34.45,0.89,40047587,1463233,2277747,231.68299291808233,51325.46172920917
1993.48,34.47,0.89,40050260,1463233,2284842,231.25026914401622,51229.59907124963
1998.91,34.49,0.88,40053231,1463200,2286093,231.65286900793828,51318.788284698814
1993.48,34.49,0.88,40055427,1463315,2284584,231.23523532077195,51226.268581126686
1993.48,34.52,0.88,40055427,1463234,2285317,231.2126882506656,51221.27365780808
1993.48,34.54,0.87,40057513,1463195,2287660,231.1976593132122,51217.94425004975
1998.91,34.56,0.87,40057513,1463263,2288718,231.60017101037383,51307.113931639346
1998.91,34.58,0.87,40061641,1463322,2286770,231.58511884314865,51303.779377716644
1993.48,34.58,0.87,40062778,1463388,2289858,231.16760729887332,51211.286732843124
1998.91,34.59,0.86,40065884,1463388,2289858,231.5775934932154,51302.112263289586
1993.48,34.61,0.86,40068865,1463280,2294766,231.14507341461615,51206.294730627145
1998.91,34.63,0.86,40070034,1463394,2293590,231.5474969835666,51295.44488889707
1993.48,34.64,0.86,40074047,1463361,2294330,231.12254392307182,51201.30370154265
1998.91,34.65,0.85,40074215,1463422,2294656,231.5324516621252,51292.11185154237
1993.48,34.66,0.85,40074433,1463297,2297088,231.10752670180398,51197.976889307734
1993.48,34.67,0.85,40074989,1463302,2294547,231.10001882295586,51196.31364530509
1993.48,34.68,0.85,40074989,1463430,2297501,231.0925114319016,51194.65050936495
1993.48,34.7,0.85,40078613,1463329,2298752,231.0774981129845,51191.324561630056
1998.91,34.72,0.83,40078613,1463271,2302702,231.4798084308381,51280.44963102849
1982.62,34.73,0.83,40084976,1463384,2301380,230.22036552891575,51001.44128583849
1966.33,34.73,0.82,40091039,1463793,2303583,228.96844113447784,50724.09853924636
1933.75,34.76,0.85,40091039,1463973,2303338,226.44252765861447,50164.5249865922
1901.16,34.77,0.86,40098702,1463973,2303338,223.93088176572766,49608.11217644577
1846.86,34.78,0.86,40094176,1464853,2305565,219.7512059172682,48682.1754466986
1808.84,34.78,0.83,40090779,1464995,2305565,216.82975492002555,48034.977223539616
1781.69,34.79,0.83,40082453,1465002,2302728,214.73657951199658,47571.26949538843
1759.97,34.79,0.82,40080462,1465121,2301805,213.06767222460493,47201.551217711894
1727.38,34.79,0.82,40078989,1465250,2300660,210.56354291999656,46646.803580995576
1689.37,34.79,0.82,40077310,1465187,2300258,207.6429551670612,45999.79659506165
1640.49,34.78,0.82,40068478,1465164,2300249,203.8937666142441,45169.22706917831
1564.46,34.78,0.85,40068478,1465123,2297165,198.05163301823245,43875.00084858972
1504.72,34.77,0.85,40051169,1465160,2294085,193.46750337634444,42859.46419856187
1477.57,34.77,0.87,40046198,1465066,2293685,191.3812337686566,42397.286334069
1461.28,34.77,0.87,40046198,1464626,2290020,190.12947200404392,42119.97961537329
1461.28,34.76,0.91,40046198,1464403,2288642,190.13564684318536,42121.34754689924
1477.57,34.76,0.92,40046198,1464057,2289193,191.38744926129306,42398.6632716915
1483.0,34.77,0.96,40041807,1463903,2290908,191.7984876901942,42489.721906967585
1488.43,34.78,0.98,40046083,1463722,2292314,192.2094994222208,42580.774628001134
1493.86,34.78,1.0,40058631,1463584,2295094,192.62673979347346,42673.20719906249
1499.29,34.79,1.02,40064288,1463390,2296659,193.03771128182157,42764.25100478744
1504.72,34.79,1.05,40070643,1463559,2297673,193.4549381036695,42856.68057420657
1504.72,34.81,1.06,40076197,1463689,2300695,193.4423744630601,42853.89731140789
1499.29,34.81,1.06,40081025,1463685,2301687,193.02517473738192,42761.47374468841
1515.59,34.82,1.06,40088353,1463969,2301687,194.27123391117868,43037.517150514264
1569.89,34.82,1.07,40084936,1463282,2306053,198.44309570030902,43961.722807134334
1613.34,34.84,1.06,40092900,1462942,2306614,201.76825031957188,44698.35476274371
1635.06,34.86,1.05,40102102,1463035,2310170,203.42367691310133,45065.08661993166
1662.21,34.86,1.04,40111009,1463239,2312381,205.50933691634546,45527.129436835785
1700.23,34.87,1.04,40119977,1463316,2312986,208.42326235044644,46172.660498334975
1732.81,34.89,1.05,40129166,1463471,2317680,210.91227838690946,46724.060045249666
1765.4,34.89,1.06,40137088,1463550,2317933,213.4155947680973,47278.62759248516
1819.7,34.89,1.07,40137088,1463588,2322293,217.58650852994143,48202.62322964034
1857.72,34.93,1.1,40158768,1463745,2323769,220.4782864617765,48843.24788534068
1884.87,34.94,1.11,40170394,1463914,2325851,222.55624859860214,49303.585369698456
1928.32,34.95,1.12,40174900,1463924,2327177,225.88587427408027,50041.207812446206
1998.91,34.95,1.12,40184642,1463924,2327177,231.30700623694298,51242.16821780183
2064.08,34.96,1.13,40184642,1464194,2332589,236.30422629834248,52349.21808703622
2085.8,34.97,1.13,40212583,1464765,2334652,237.96448940303026,52717.02139174491
2096.67,34.97,1.11,40227884,1465748,2337038,238.79922349358495,52901.94265885742
2096.67,34.97,1.08,40230949,1466165,2337340,238.79922349358495,52901.94265885742
2096.67,34.99,1.05,40230949,1466833,2338985,238.78372409568186,52898.50902851675
2107.53,34.99,1.04,40239908,1467491,2339341,239.6176361325472,53083.2481834913
2118.39,34.98,1.04,40237678,1467667,2339193,240.459351744143,53269.71608890683
2129.25,34.98,0.95,40231169,1467566,2339491,241.2932908446515,53454.46123937532
2172.69,34.98,0.93,40227866,1467712,2340576,244.62904724668562,54193.44184124928
2205.28,34.98,0.93,40229659,1467795,2340431,247.13163244793543,54747.8474078946
2216.14,34.98,0.97,40234853,1468058,2340950,247.96557154844396,54932.59255836309
2216.14,34.98,0.97,40248897,1469208,2343187,247.96557154844396,54932.59255836309
2205.28,34.97,0.95,40256731,1470157,2342580,247.13965307731516,54749.62424313438
2183.56,34.96,0.92,40262022,1470157,2343639,245.47968776119882,54381.88690846403
2167.26,34.95,0.88,40262610,1471399,2343639,244.23585686660633,54106.33714033502
2134.68,34.95,0.88,40262588,1471786,2342578,241.7337959606697,53552.04772247858
2102.1,34.94,0.85,40255269,1471786,2342578,239.2395000498661,52999.47850840365
2047.79,34.92,0.86,40244031,1471786,2342578,235.08375590684832,52078.843444593585
2015.21,34.9,0.87,40235594,1471775,2336298,232.59655158936437,51527.84525347956
1944.61,34.88,0.86,40225154,1471775,2336298,227.18852172322065,50329.787396797255
1890.3,34.86,0.85,40218232,1471698,2336298,223.03118554028498,49408.79964337952
1857.72,34.85,0.85,40206746,1471514,2327703,220.53555354916915,48855.93444323298
1776.26,34.83,0.85,40193050,1470960,2323258,214.29151720048182,47472.67344244102
1727.38,34.8,0.87,40184043,1470920,2318766,210.55670533133215,46645.28882848442
1651.35,34.79,0.87,40171091,1470920,2315576,204.7215990406049,45352.6193889262
1607.91,34.75,0.89,40154518,1470280,2310579,201.40994669829522,44618.97863517541
1569.89,34.73,0.89,40145684,1470232,2305889,198.5011049201772,43974.57377196687
1521.02,34.69,0.92,40145684,1469872,2302015,194.77063648371086,43148.15137230642
1515.59,34.66,0.93,40145684,1469767,2300915,194.37221632703842,43059.88810254339
1504.72,34.65,0.94,40133410,1469714,2301091,193.54292930358673,42876.17354132935
1499.29,34.64,0.95,40133410,1469449,2298354,193.13178729693666,42785.091960148944
1504.72,34.63,0.95,40125347,1469058,2297118,193.5555060096302,42878.95969855472
1499.29,34.61,0.95,40127642,1468923,2298228,193.1506135044324,42789.26258907668
1531.88,34.6,0.95,40128188,1468677,2298228,195.66256503715755,43345.7431085773
1613.34,34.59,1.0,40128188,1467486,2297347,201.93216161670546,44734.66654766177
1640.49,34.58,1.05,40130005,1467341,2297655,204.02628132949076,45198.58347061411
1673.07,34.58,1.07,40134267,1467221,2301042,206.5313505951427,45753.53933985522
1705.66,34.58,1.09,40144135,1466996,2301562,209.03718875866625,46308.6655454589
1759.97,34.58,1.12,40150527,1466974,2302861,213.2130730992911,47233.76233055666
1787.12,34.58,1.14,40164228,1466952,2303387,215.30063082066775,47696.225554924255
1797.98,34.58,1.13,40176969,1467415,2306559,216.13565390921838,47881.210844671295
1819.7,34.58,1.13,40184486,1467666,2306559,217.8057000863197,48251.18142416537
1857.72,34.58,1.13,40207069,1468525,2306559,220.72904979411857,48898.80027464258
1884.87,34.58,1.13,40214759,1468922,2311652,222.8166075154952,49361.26349901017
1901.16,34.58,1.11,40220518,1469502,2312235,224.0691421483212,49638.74143363073
1928.32,34.57,1.11,40222598,1469425,2312796,226.16481822385327,50103.00314251487
1960.9,34.57,1.12,40222598,1469888,2315146,228.66996889692967,50657.97704619863
1977.19,34.57,1.13,40241148,1470215,2315019,229.9225442334679,50935.46399804052
2036.93,34.57,1.12,40244912,1470710,2316527,234.51608939029987,51953.08649669209
2047.79,34.56,1.11,40242254,1470361,2316527,235.358788086909,52139.772188021016
2047.79,34.56,1.09,40242254,1470361,2317924,235.358788086909,52139.772188021016
2020.64,34.56,1.06,40267038,1472939,2311807,233.27109468208232,51677.27890527221
2009.78,34.55,1.06,40275027,1473627,2318748,232.44357130186492,51493.95504948797
1998.91,34.55,0.96,40275027,1473773,2318682,231.6076978277612,51308.781371156125
1993.48,34.54,0.94,40258955,1473288,2329351,231.1976593132122,51217.94425004975
1998.91,34.54,0.91,40255264,1473293,2316446,231.61522513439536,51310.44891905729
2004.34,34.53,0.88,40255007,1473588,2315536,232.04033232293932,51404.62425088296
2004.34,34.53,0.86,40253847,1473475,2317589,232.04033232293932,51404.62425088296
2009.78,34.52,0.86,40248700,1473656,2317589,232.4662361932715,51498.97607412958
2009.78,34.51,0.86,40246087,1473888,2313616,232.47379213932211,51500.649966610705
2009.78,34.5,0.82,40247362,1474229,2312686,232.48134857657675,51502.3239679098
2009.78,34.5,0.8,40246687,1474582,2306032,232.48134857657675,51502.3239679098
2009.78,34.5,0.8,40245611,1474328,2306032,232.48134857657675,51502.3239679098
2015.21,34.49,0.79,40243608,1474529,2311207,232.90653919224968,51596.517781609604
2015.21,34.49,0.78,40244866,1474420,2311869,232.90653919224968,51596.517781609604
2015.21,34.48,0.76,40244866,1474527,2318603,232.9141101879,51598.19500807586
2009.78,34.48,0.76,40242784,1474527,2309690,232.49646292488978,51505.672297004356
2015.21,34.47,0.74,40241672,1474754,2309690,232.92168167578075,51599.872343587456
2015.21,34.47,0.74,40240566,1474754,2320976,232.92168167578075,51599.872343587456
2015.21,34.46,0.73,40238944,1474918,2309426,232.92925365593996,51601.54978815506
2015.21,34.46,0.73,40238819,1474956,2311749,232.92925365593996,51601.54978815506
2015.21,34.45,0.72,40239182,1475181,2307860,232.9368261284255,51603.227341789265
2015.21,34.45,0.72,40238317,1475082,2308455,232.9368261284255,51603.227341789265
2015.21,34.44,0.72,40237351,1474959,2306710,232.9443990932855,51604.905004500724
2009.78,34.44,0.72,40236470,1475262,2306317,232.52669751807227,51512.37026147616
2015.21,34.43,0.72,40236094,1475095,2303408,232.95197255056792,51606.58277630007
2009.78,34.43,0.7,40235351,1475126,2305798,232.5342573950967,51514.04502479826
2015.21,34.43,0.69,40233680,1475097,2298491,232.95197255056792,51606.58277630007
2015.21,34.42,0.69,40233458,1475043,2300216,232.95954650032084,51608.26065719796
2009.78,34.42,0.69,40233985,1475109,2305602,232.54181776370856,51515.71989702327
2009.78,34.42,0.69,40232712,1475094,2305602,232.54181776370856,51515.71989702327
2009.78,34.42,0.68,40230525,1475096,2305602,232.54181776370856,51515.71989702327
2009.78,34.41,0.68,40229201,1475248,2296023,232.54937862395582,51517.394878161824
2009.78,34.41,0.68,40228982,1475088,2305024,232.54937862395582,51517.394878161824
2009.78,34.41,0.68,40228379,1475353,2294202,232.54937862395582,51517.394878161824
2009.78,34.41,0.67,40228379,1475094,2303155,232.54937862395582,51517.394878161824
2015.21,34.4,0.67,40225836,1475090,2301682,232.9746958774303,51611.6167463319
2009.78,34.4,0.67,40225442,1474959,2303836,232.5569399758863,51519.06996822451
2009.78,34.39,0.67,40227506,1474974,2310680,232.56450181954816,51520.74516722198
2009.78,34.39,0.67,40227638,1474998,2303394,232.56450181954816,51520.74516722198
2009.78,34.39,0.67,40227638,1474927,2301639,232.56450181954816,51520.74516722198
2009.78,34.39,0.67,40227638,1474905,2302316,232.56450181954816,51520.74516722198
2015.21,34.39,0.66,40220786,1474811,2302072,232.98227130488291,51613.294954589255
2009.78,34.38,0.66,40220799,1474818,2301085,232.57206415498922,51522.42047516486
2009.78,34.37,0.64,40219822,1474944,2291181,232.57962698225757,51524.095892063764
2009.78,34.37,0.66,40218716,1474948,2300266,232.57962698225757,51524.095892063764
2009.78,34.37,0.64,40218716,1474948,2297035,232.57962698225757,51524.095892063764
2009.78,34.37,0.64,40216420,1474816,2299563,232.57962698225757,51524.095892063764
2015.21,34.37,0.63,40217331,1474799,2300147,232.99742363782417,51616.651698537906
2009.78,34.36,0.63,40217158,1474814,2310074,232.58719030140105,51525.77141792933
2009.78,34.36,0.64,40217169,1474787,2301199,232.58719030140105,51525.77141792933
2009.78,34.36,0.64,40217169,1474611,2308063,232.58719030140105,51525.77141792933
2009.78,34.36,0.63,40218259,1474819,2308063,232.58719030140105,51525.77141792933
2009.78,34.36,0.63,40218259,1474932,2299296,232.58719030140105,51525.77141792933
2015.21,34.36,0.63,40215263,1474891,2298592,233.00500054340893,51618.33023425051
2009.78,34.36,0.63,40215000,1474823,2299387,232.58719030140105,51525.77141792933
2009.78,34.36,0.62,40214245,1474777,2299524,232.58719030140105,51525.77141792933
2009.78,34.36,0.62,40213410,1474494,2306780,232.58719030140105,51525.77141792933
2009.78,34.36,0.62,40213527,1474603,2305098,232.58719030140105,51525.77141792933
2009.78,34.36,0.62,40212546,1474630,2298646,232.58719030140105,51525.77141792933
2009.78,34.36,0.62,40211531,1474606,2306063,232.58719030140105,51525.77141792933
2009.78,34.36,0.62,40213349,1474816,2306063,232.58719030140105,51525.77141792933
2009.78,34.36,0.62,40213789,1474794,2290350,232.58719030140105,51525.77141792933
2009.78,34.36,0.61,40213789,1474639,2290350,232.58719030140105,51525.77141792933
2009.78,34.36,0.61,40212142,1474692,2298808,232.58719030140105,51525.77141792933
2009.78,34.36,0.61,40211096,1474560,2297292,232.58719030140105,51525.77141792933
2009.78,34.36,0.61,40212426,1474630,2298913,232.58719030140105,51525.77141792933
2015.21,34.36,0.61,40211170,1474562,2298542,233.00500054340893,51618.33023425051
2009.78,34.36,0.61,40211558,1474653,2298777,232.58719030140105,51525.77141792933
2009.78,34.36,0.6,40211558,1474714,2297541,232.58719030140105,51525.77141792933
2009.78,34.37,0.6,40211938,1474565,2299030,232.57962698225757,51524.095892063764
2009.78,34.37,0.6,40212484,1474668,2298105,232.57962698225757,51524.095892063764
2009.78,34.37,0.6,40213075,1474627,2299380,232.57962698225757,51524.095892063764
2009.78,34.38,0.6,40213696,1474627,2299677,232.57206415498922,51522.42047516486
2009.78,34.38,0.59,40213601,1474627,2299813,232.57206415498922,51522.42047516486
2009.78,34.38,0.6,40212466,1474611,2299025,232.57206415498922,51522.42047516486
2009.78,34.38,0.6,40210832,1474598,2298796,232.57206415498922,51522.42047516486
2009.78,34.39,0.6,40209199,1474452,2299202,232.56450181954816,51520.74516722198
2009.78,34.39,0.6,40211172,1474381,2298484,232.56450181954816,51520.74516722198
2009.78,34.39,0.6,40211134,1474375,2298910,232.56450181954816,51520.74516722198
2009.78,34.39,0.6,40208126,1474384,2299000,232.56450181954816,51520.74516722198
2009.78,34.39,0.6,40210018,1474353,2300355,232.56450181954816,51520.74516722198
2009.78,34.39,0.59,40211468,1474431,2299796,232.56450181954816,51520.74516722198
2009.78,34.39,0.59,40212689,1474539,2299796,232.56450181954816,51520.74516722198
2009.78,34.41,0.59,40212689,1474581,2300507,232.54937862395582,51517.394878161824
2009.78,34.41,0.59,40213405,1474393,2300719,232.54937862395582,51517.394878161824
2009.78,34.41,0.57,40213807,1474507,2300695,232.54937862395582,51517.394878161824
2009.78,34.41,0.57,40212559,1474475,2301316,232.54937862395582,51517.394878161824
2009.78,34.41,0.57,40213917,1474480,2301334,232.54937862395582,51517.394878161824
2009.78,34.41,0.57,40213917,1474414,2300387,232.54937862395582,51517.394878161824
2009.78,34.42,0.57,40213317,1474574,2299611,232.54181776370856,51515.71989702327
2009.78,34.42,0.57,40212531,1474535,2302243,232.54181776370856,51515.71989702327
2009.78,34.43,0.57,40212225,1474438,2300423,232.5342573950967,51514.04502479826
2009.78,34.43,0.57,40212535,1474384,2300166,232.5342573950967,51514.04502479826
2009.78,34.43,0.57,40211668,1474423,2300166,232.5342573950967,51514.04502479826
2009.78,34.43,0.56,40212491,1474582,2304477,232.5342573950967,51514.04502479826
2009.78,34.43,0.56,40212491,1474226,2300613,232.5342573950967,51514.04502479826
2004.34,34.44,0.56,40214985,1474409,2300613,232.1082266950225,51419.66510456019
2009.78,34.44,0.56,40213295,1474490,2302250,232.52669751807227,51512.37026147616
2004.34,34.44,0.55,40213773,1474428,2302478,232.1082266950225,51419.66510456019
2009.78,34.45,0.55,40213000,1474600,2303452,232.51913813258724,51510.69560704632
2009.78,34.45,0.55,40216698,1474696,2302258,232.51913813258724,51510.69560704632
2009.78,34.45,0.55,40214992,1474670,2302258,232.51913813258724,51510.69560704632
2009.78,34.45,0.55,40219560,1474695,2303743,232.51913813258724,51510.69560704632
2004.34,34.46,0.55,40216520,1474695,2303743,232.0931356234257,51416.32193202974
2009.78,34.46,0.55,40218243,1474468,2311498,232.51157923859384,51509.02106149816
2009.78,34.46,0.54,40220166,1474493,2314266,232.51157923859384,51509.02106149816
2009.78,34.46,0.54,40220166,1474570,2304324,232.51157923859384,51509.02106149816
2009.78,34.46,0.54,40219907,1474816,2304252,232.51157923859384,51509.02106149816
2004.34,34.47,0.54,40219907,1474766,2303709,232.08559082348987,51414.65050878248
2009.78,34.47,0.54,40218324,1474749,2303380,232.50402083604394,51507.34662482103
2009.78,34.47,0.54,40217992,1474687,2303590,232.50402083604394,51507.34662482103
2009.78,34.48,0.54,40218694,1474595,2303615,232.49646292488978,51505.672297004356
2009.78,34.48,0.54,40217832,1474639,2303904,232.49646292488978,51505.672297004356
2004.34,34.48,0.54,40218510,1474402,2304774,232.07804651406548,51412.97919419975
2009.78,34.49,0.54,40218510,1474458,2304942,232.48890550508335,51503.998078037475
2009.78,34.49,0.54,40216430,1474331,2305170,232.48890550508335,51503.998078037475
2009.78,34.49,0.54,40220679,1474714,2305394,232.48890550508335,51503.998078037475
2009.78,34.49,0.53,40220679,1474862,2293576,232.48890550508335,51503.998078037475
2009.78,34.5,0.53,40220962,1474851,2306621,232.48134857657675,51502.3239679098
2004.34,34.5,0.53,40219927,1474803,2306153,232.0629593665593,51409.636890985435
2009.78,34.51,0.53,40222717,1474738,2306805,232.47379213932211,51500.649966610705
2009.78,34.51,0.53,40220349,1474920,2306048,232.47379213932211,51500.649966610705
2009.78,34.52,0.53,40225710,1474895,2307359,232.4662361932715,51498.97607412958
2009.78,34.52,0.51,40221392,1475028,2307393,232.4662361932715,51498.97607412958
2009.78,34.53,0.51,40224459,1474971,2307393,232.45868073837704,51497.30229045584
2009.78,34.53,0.51,40227428,1474955,2307487,232.45868073837704,51497.30229045584
2009.78,34.54,0.51,40225963,1474903,2308230,232.45112577459076,51495.62861557882
2009.78,34.54,0.51,40228427,1474801,2308233,232.45112577459076,51495.62861557882
2009.78,34.54,0.51,40227691,1474585,2318838,232.45112577459076,51495.62861557882
2009.78,34.55,0.51,40227296,1474704,2309231,232.44357130186492,51493.95504948797
2009.78,34.55,0.51,40228388,1474464,2316867,232.44357130186492,51493.95504948797
2009.78,34.55,0.51,40228930,1474909,2309353,232.44357130186492,51493.95504948797
2004.34,34.56,0.51,40229754,1474915,2301608,232.01770969133918,51399.612588189106
2009.78,34.57,0.51,40229754,1474847,2309947,232.42846382940286,51490.608243622286
2004.34,34.57,0.51,40230718,1474979,2302596,232.0101697943649,51397.942251110326
2009.78,34.58,0.51,40231200,1474748,2311956,232.4209108295709,51488.93500382625
2009.78,34.58,0.5,40231200,1474862,2316859,232.4209108295709,51488.93500382625
2004.34,34.59,0.5,40235610,1474970,2312201,231.99509147046845,51394.60190261801
2009.78,34.59,0.5,40235610,1474886,2313236,232.41335832060776,51487.261872773925
2009.78,34.6,0.5,40237737,1474840,2316265,232.40580630246575,51485.58885045475
2004.34,34.61,0.5,40238451,1474777,2316605,231.98001510632298,51391.261988275495
2009.78,34.61,0.5,40237703,1474899,2313796,232.39825477509694,51483.915936858095
2009.78,34.62,0.5,40237858,1474885,2306614,232.39070373845354,51482.24313197339
2004.34,34.62,0.5,40238980,1474793,2306614,231.97247765903748,51389.59219388397
2004.34,34.63,0.5,40238980,1474983,2305424,231.96494070154645,51387.92250799814
2009.78,34.64,0.5,40240106,1474821,2316187,232.37560313715144,51478.897848297376
2004.34,34.64,0.52,40240106,1474672,2315576,231.95740423380218,51386.25293060746
2009.78,34.65,0.5,40242699,1474864,2312815,232.36805357239717,51477.2253694849
2009.78,34.65,0.5,40243653,1474852,2317558,232.36805357239717,51477.2253694849
2004.34,34.66,0.5,40243047,1474779,2317697,231.9423327673629,51382.91410126919
2009.78,34.67,0.49,40245647,1474878,2327421,232.352955914443,51473.880737857995
2004.34,34.67,0.49,40246841,1474943,2318297,231.93479776857242,51381.24484930046
2004.34,34.68,0.49,40248733,1474828,2318192,231.92726325933782,51379.57570578458
2004.34,34.69,0.49,40248860,1474501,2328972,231.91972923961137,51377.90667071098
2004.34,34.69,0.49,40250456,1474959,2319202,231.91972923961137,51377.90667071098
2004.34,34.7,0.48,40250326,1474768,2324294,231.91219570934535,51376.23774406909
2009.78,34.7,0.48,40250326,1474941,2321145,232.3303131056808,51468.86460525401
2004.34,34.72,0.49,40253462,1474817,2321938,231.89713011700383,51372.90021603816
2004.34,34.72,0.48,40253329,1474728,2321606,231.89713011700383,51372.90021603816
2004.34,34.73,0.49,40253705,1474968,2321340,231.88959805483293,51371.23161462799
2009.78,34.73,0.48,40253814,1474758,2318927,232.30767470957463,51463.84945019958
2009.78,34.73,0.49,40254745,1474793,2322512,232.30767470957463,51463.84945019958
2009.78,34.73,0.49,40255848,1474920,2319069,232.30767470957463,51463.84945019958
2009.78,34.75,0.48,40259262,1474941,2323098,232.29258489634245,51460.50655643862
2004.34,34.76,0.48,40259049,1474958,2316127,231.86700480374776,51366.226460691985
2009.78,34.76,0.48,40258563,1474845,2325571,232.2850407248347,51458.835272408985
2004.34,34.77,0.48,40261113,1475121,2316335,231.8594746983696,51364.558292776266
2004.34,34.78,0.47,40261113,1475077,2326068,231.85194508207053,51362.89023320778
2004.34,34.78,0.47,40264447,1475233,2319563,231.85194508207053,51362.89023320778
2004.34,34.79,0.47,40264447,1475267,2323584,231.8444159548028,51361.22228197593
2004.34,34.8,0.47,40268353,1475247,2326669,231.83688731651878,51359.5544390702
2004.34,34.8,0.47,40267531,1475092,2328336,231.83688731651878,51359.5544390702
2004.34,34.81,0.47,40267531,1475092,2316819,231.82935916717096,51357.88670448003
2004.34,34.82,0.47,40271915,1475235,2328943,231.8218315067116,51356.21907819485
2009.78,34.82,0.47,40270430,1475286,2329245,232.23978598429665,51448.809847476856
2004.34,34.83,0.47,40270430,1475414,2319012,231.8143043350931,51354.551560204134
2009.78,34.83,0.47,40272105,1475225,2319012,232.23224524184636,51447.139323097115
2004.34,34.83,0.46,40272105,1475204,2331049,231.8143043350931,51354.551560204134
2009.78,34.85,0.46,40272978,1475238,2330688,232.21716522592155,51443.79859976444
2004.34,34.85,0.46,40275572,1475238,2338583,231.7992514581882,51351.21684906386
2009.78,34.86,0.46,40275516,1475121,2339460,232.2096259523517,51442.128400790396
2004.34,34.87,0.46,40274565,1475411,2325354,231.78420053607547,51347.882570974834
2009.78,34.87,0.46,40276914,1475351,2333311,232.2020871683132,51440.45831026378
2004.34,34.88,0.46,40279473,1475351,2333311,231.77667580794719,51346.215594298184
2004.34,34.88,0.44,40281400,1475379,2334997,231.77667580794719,51346.215594298184
2004.34,34.88,0.44,40281063,1475380,2335230,231.77667580794719,51346.215594298184
2009.78,34.89,0.44,40282141,1475383,2336200,232.18701106863992,51437.118454510615
2009.78,34.9,0.44,40282890,1475383,2336283,232.17947375290976,51435.44868926295
2009.78,34.91,0.44,40284423,1475726,2336283,232.1719369265203,51433.77903242047
2004.34,34.91,0.44,40284841,1475567,2335513,231.75410455470353,51341.21531361315
2004.34,34.92,0.44,40284841,1475655,2335513,231.74658178051084,51339.548769798
2004.34,34.92,0.44,40286447,1475221,2346585,231.74658178051084,51339.548769798
2009.78,34.93,0.43,40290177,1475666,2346585,232.1568647415731,51430.44004390888
2004.34,34.94,0.43,40289529,1475581,2338212,231.7315376971728,51336.21600672423
2004.34,34.95,0.43,40289529,1475761,2338212,231.7240163879324,51334.549787444565
2009.78,34.95,0.43,40293832,1475739,2329052,232.1417945134172,51427.10148889143
2009.78,34.96,0.43,40294432,1475767,2340328,232.1342601330169,51425.432373916614
2004.34,34.96,0.43,40296483,1475769,2341180,231.71649556691432,51332.883676322315
2009.78,34.97,0.42,40295866,1475974,2329629,232.12672624167155,51423.76336728368
2009.78,34.98,0.42,40295363,1475691,2352430,232.1191928393335,51422.094468982075
2009.78,34.98,0.42,40300652,1476290,2327460,232.1191928393335,51422.094468982075
2009.78,34.99,0.42,40300602,1475967,2342851,232.11165992595522,51420.425679001266
2009.78,34.99,0.41,40304341,1476245,2332179,232.11165992595522,51420.425679001266
2009.78,35.0,0.42,40303800,1476211,2342972,232.104127501489,51418.756997330674
2009.78,35.01,0.41,40304727,1476240,2334760,232.09659556588736,51417.088423959794
2009.78,35.02,0.41,40307190,1475978,2344684,232.0890641191026,51415.419958878054
2009.78,35.02,0.41,40307568,1476014,2344753,232.0890641191026,51415.419958878054
2009.78,35.02,0.41,40309211,1476135,2345802,232.0890641191026,51415.419958878054
2009.78,35.03,0.41,40309211,1476056,2345802,232.08153316108718,51413.751602074924
2009.78,35.05,0.41,40309211,1475975,2347229,232.06647271117401,51410.41521326232
2009.78,35.05,0.41,40310474,1476285,2339351,232.06647271117401,51410.41521326232
2009.78,35.06,0.41,40313599,1476173,2347317,232.05894321918123,51408.74718123179
2009.78,35.07,0.4,40314707,1476052,2350054,232.05141421576744,51407.079257437705
2009.78,35.08,0.4,40315142,1476320,2348935,232.0438857008852,51405.41144186954
2009.78,35.08,0.4,40318930,1476376,2350874,232.0438857008852,51405.41144186954
2009.78,35.09,0.4,40321304,1476740,2341474,232.0363576744869,51403.74373451677
2009.78,35.11,0.39,40324336,1476545,2353475,232.02130308695206,51400.40864441526
2009.78,35.11,0.39,40324336,1476545,2353519,232.02130308695206,51400.40864441526
2009.78,35.12,0.39,40327528,1476652,2353646,232.01377652572043,51398.74126164547
2015.21,35.12,0.37,40326508,1476672,2352826,232.43055671036325,51491.07188612053
2015.21,35.12,0.39,40327238,1476607,2359426,232.43055671036325,51491.07188612053
2009.78,35.12,0.39,40327410,1476587,2360434,232.01377652572043,51398.74126164547
2009.78,35.12,0.39,40328947,1476624,2360434,232.01377652572043,51398.74126164547
2009.78,35.12,0.37,40330321,1476610,2360434,232.01377652572043,51398.74126164547
2009.78,35.13,0.37,40330321,1476416,2368522,232.00625045278267,51397.07398704895
2015.21,35.14,0.37,40333795,1476734,2368522,232.4154780145437,51487.73145523493
2009.78,35.14,0.37,40332854,1476469,2368522,231.9987248680912,51395.40682061516
2009.78,35.15,0.37,40334504,1476469,2368522,231.9911997715986,51393.7397623336
2009.78,35.16,0.37,40334951,1476851,2357340,231.9836751632573,51392.07281219374
2009.78,35.16,0.37,40336192,1476939,2358286,231.9836751632573,51392.07281219374
2015.21,35.17,0.36,40335892,1476702,2357690,232.39286363876388,51482.72162147891
2009.78,35.18,0.36,40335538,1476809,2358038,231.9686274108385,51388.739236296984
2015.21,35.18,0.36,40338698,1476785,2359971,232.3853264914335,51481.05189353737
2015.21,35.19,0.36,40337817,1476947,2352258,232.37778983298853,51479.38227390016
2009.78,35.19,0.36,40336922,1476772,2359758,231.96110426666615,51387.07261051907
2009.78,35.2,0.36,40341151,1476916,2360617,231.95358161045513,51385.40609284076
2009.78,35.21,0.35,40341615,1477116,2352195,231.946059442158,51383.73968325155
2015.21,35.22,0.35,40341615,1476926,2362353,232.35518279049091,51474.3740647092
2009.78,35.23,0.34,40343474,1476907,2362509,231.93101656911549,51380.407188298355
2015.21,35.24,0.34,40344148,1477018,2362925,232.34011387238135,51471.03579991043
2015.21,35.24,0.34,40346332,1477303,2352346,232.34011387238135,51471.03579991043
2009.78,35.25,0.34,40346442,1476969,2365656,231.91597564715903,51377.07512557539
2015.21,35.25,0.34,40348243,1477035,2363078,232.33258014625062,51469.36682987801
2009.78,35.26,0.34,40350010,1477035,2363990,231.9084559177194,51375.40925627395
2009.78,35.26,0.34,40349431,1477310,2363542,231.9084559177194,51375.40925627395
2009.78,35.27,0.34,40351095,1477310,2365739,231.90093667590898,51373.74349499854
2009.78,35.28,0.34,40354245,1477507,2353169,231.89341792168025,51372.07784173864
2015.21,35.29,0.34,40354261,1477507,2366263,232.3024501267789,51462.69203194908
2009.78,35.3,0.33,40356518,1477360,2365023,231.87838187577833,51368.74685922336
2015.21,35.3,0.33,40355744,1477221,2367722,232.29491884293623,51461.02360296442
2009.78,35.31,0.33,40355480,1477292,2367722,231.87086458401038,51367.08152994699
2009.78,35.31,0.33,40355480,1477353,2368307,231.87086458401038,51367.08152994699
2009.78,35.32,0.33,40355480,1477739,2354988,231.86334777963447,51365.41630864412
2009.78,35.33,0.33,40360214,1477336,2370034,231.85583146260322,51363.75119530423
2009.78,35.34,0.31,40362163,1477518,2360137,231.84831563286926,51362.086189916845
2015.21,35.35,0.31,40359334,1477152,2379900,232.25726974749978,51452.68308050041
2009.78,35.35,0.31,40363535,1477649,2362196,231.84080029038518,51360.42129247147
2015.21,35.36,0.31,40363305,1477336,2372281,232.24974139283552,51451.01530042584
2009.78,35.37,0.31,40363151,1477525,2372267,231.8257710669773,51357.09182136473
2009.78,35.37,0.31,40363074,1477443,2361586,231.8257710669773,51357.09182136473
2009.78,35.38,0.3,40364718,1477504,2372720,231.81825718595871,51355.42724768239
2009.78,35.38,0.3,40366457,1477607,2373168,231.81825718595871,51355.42724768239
2009.78,35.39,0.3,40367116,1477607,2374842,231.81074379200055,51353.76278190008
2009.78,35.4,0.3,40368803,1477531,2374842,231.8032308850554,51352.098424007294
2009.78,35.4,0.3,40370493,1477695,2374896,231.8032308850554,51352.098424007294
2009.78,35.4,0.3,40370545,1477436,2367897,231.8032308850554,51352.098424007294
2009.78,35.4,0.3,40370495,1477560,2366915,231.8032308850554,51352.098424007294
2009.78,35.42,0.29,40371325,1477469,2377496,231.7882065320149,51348.770031848355
2009.78,35.42,0.29,40372654,1477553,2369186,231.7882065320149,51348.770031848355
2009.78,35.42,0.29,40374150,1477559,2377506,231.7882065320149,51348.770031848355
2009.78,35.42,0.29,40375511,1477554,2377223,231.7882065320149,51348.770031848355
2009.78,35.45,0.29,40372314,1477554,2386265,231.7656736538686,51343.77825251928
2009.78,35.46,0.29,40376527,1477557,2386265,231.75816366800768,51342.11454174347
2009.78,35.46,0.29,40377851,1477392,2392648,231.75816366800768,51342.11454174347
2009.78,35.48,0.29,40378000,1477737,2378437,231.7431451562837,51338.78744362975
2009.78,35.48,0.28,40379376,1477701,2383736,231.7431451562837,51338.78744362975
2009.78,35.48,0.28,40380521,1477701,2382754,231.7431451562837,51338.78744362975
2009.78,35.5,0.28,40383314,1477770,2382001,231.72812859090828,51335.460776696746
2009.78,35.51,0.28,40383307,1477817,2382523,231.72062103798302,51333.797604896805
2009.78,35.51,0.28,40385787,1477969,2380116,231.72062103798302,51333.797604896805
2009.78,35.52,0.28,40385787,1477802,2380116,231.71311397150308,51332.13454086063
2009.78,35.53,0.28,40387116,1477786,2384551,231.70560739142107,51330.471584577725
2009.78,35.54,0.27,40387635,1477814,2374587,231.69810129768973,51328.80873603761
2009.78,35.56,0.27,40390427,1477616,2385407,231.6830905690902,51325.48336214392
2009.78,35.56,0.27,40390941,1477598,2384088,231.6830905690902,51325.48336214392
2009.78,35.57,0.27,40392254,1477707,2386959,231.6755859341275,51323.8208367694
2009.78,35.57,0.27,40391462,1477884,2386999,231.6755859341275,51323.8208367694
2009.78,35.57,0.27,40394486,1477543,2395700,231.6755859341275,51323.8208367694
2009.78,35.59,0.27,40394486,1477761,2395700,231.6605781226399,51320.496109112675
2009.78,35.6,0.27,40394486,1477837,2389412,231.65307494602052,51318.833906809545
2009.78,35.61,0.26,40395972,1477846,2389412,231.64557225542114,51317.171812175955
2009.78,35.62,0.26,40397463,1477812,2390818,231.6380700507946,51315.50982520144
2009.78,35.62,0.26,40397695,1477774,2391891,231.6380700507946,51315.50982520144
2009.78,35.63,0.26,40399524,1477826,2389532,231.63056833209353,51313.84794587554
2004.34,35.64,0.26,40399524,1477909,2389532,231.20622251083898,51219.84128213889
2009.78,35.65,0.26,40399524,1477830,2389532,231.6155663522793,51310.524510127754
2009.78,35.66,0.26,40402674,1477826,2390216,231.6080660910717,51308.862953684955
2009.78,35.67,0.26,40404052,1477676,2390353,231.6005663156008,51307.201504848934
2009.78,35.67,0.26,40405338,1477958,2396765,231.6005663156008,51307.201504848934
2009.78,35.68,0.24,40404461,1477799,2394798,231.59306702581952,51305.540163609265
2009.78,35.68,0.24,40406892,1477936,2395620,231.59306702581952,51305.540163609265
2009.78,35.7,0.24,40407534,1477921,2396491,231.57806990313694,51302.21780387712
2009.78,35.7,0.24,40408103,1477714,2396491,231.57806990313694,51302.21780387712
2009.78,35.71,0.24,40407924,1477924,2398454,231.5705720701413,51300.556785363755
2004.34,35.71,0.24,40409024,1477613,2405966,231.15382195532595,51208.2328223521
2004.34,35.73,0.24,40412281,1478016,2392318,231.1388547303871,51204.91708596111
2004.34,35.74,0.23,40412281,1477739,2409102,231.13137184474073,51203.25937878101
2004.34,35.75,0.23,40414937,1477932,2409102,231.12388944358034,51201.60177893062
2009.78,35.76,0.23,40414178,1477895,2413230,231.53309018673352,51292.25330590609
2004.34,35.77,0.24,40415796,1477819,2402884,231.10892609452924,51198.28690117723
2004.34,35.78,0.23,40417554,1477759,2403320,231.10144514654448,51196.62962325339
2009.78,35.79,0.23,40417554,1478181,2403072,231.51060688024805,51287.272508342874
2004.34,35.81,0.23,40421829,1477939,2403072,231.07900520818865,51191.65843316826
2004.34,35.82,0.23,40421829,1477939,2411332,231.0715261971129,51190.00158433397
2004.34,35.83,0.23,40422599,1477612,2411988,231.06404767014686,51188.34484274603
2004.34,35.84,0.22,40424721,1478260,2396695,231.05656962724348,51186.688208394015
2004.34,35.84,0.23,40425167,1477942,2406207,231.05656962724348,51186.688208394015
2004.34,35.85,0.22,40425092,1478125,2401360,231.0490920683559,51185.03168126754
2004.34,35.86,0.22,40428159,1477825,2411648,231.04161499343698,51183.37526135616
2004.34,35.87,0.22,40428542,1477939,2408579,231.03413840243988,51181.718948649504
2004.34,35.88,0.22,40429105,1477927,2409107,231.02666229531752,51180.06274313713
2004.34,35.89,0.22,40429105,1478051,2408366,231.01918667202295,51178.40664480867
2004.34,35.9,0.22,40431938,1477797,2412705,231.0117115325092,51176.750653653675
2004.34,35.9,0.22,40431699,1477962,2412705,231.0117115325092,51176.750653653675
2004.34,35.92,0.22,40433383,1477688,2412705,230.99676270463638,51173.43899282256
2004.34,35.93,0.22,40433383,1477779,2412705,230.9892890161834,51171.78332312562
2004.34,35.94,0.22,40436806,1478131,2406455,230.9818158113235,51170.12776056058
2004.34,35.95,0.22,40436806,1477825,2416747,230.9743430900096,51168.47230511701
1998.91,35.97,0.21,40437572,1478011,2413898,230.543764950835,51073.08497639991
2004.34,35.98,0.21,40440241,1477885,2409449,230.95192782687533,51163.506581411275
2004.34,36.0,0.21,40440241,1477825,2419540,230.93698673498938,51160.19663435765
2004.34,36.0,0.2,40443460,1477876,2420675,230.93698673498938,51160.19663435765
2004.34,36.02,0.21,40446559,1477876,2421703,230.92204757616187,51156.887115540536
2004.34,36.03,0.21,40444821,1477516,2430826,230.91457872152785,51155.23251669471
1998.91,36.04,0.2,40444821,1477936,2421920,230.49157030176306,51061.522131714286
2004.34,36.05,0.2,40451982,1477710,2430980,230.89964246158465,51151.92364007655
1998.91,36.06,0.2,40450054,1477970,2422643,230.4766618854569,51058.219423384566
2004.34,36.06,0.18,40450717,1477652,2430902,230.8921750561818,51150.26936228346
1998.91,36.07,0.2,40450717,1477902,2430902,230.46920840049845,51056.56822943128
1998.91,36.08,0.2,40450717,1478040,2426816,230.4617553976074,51054.91714227191
1998.91,36.1,0.2,40455733,1477957,2424978,230.44685083784032,51051.61528829342
1998.91,36.11,0.2,40455423,1477957,2428767,230.43939928087082,51049.96452145359
2004.34,36.12,0.18,40457082,1477974,2429818,230.847380764775,51140.34594209483
1998.91,36.13,0.18,40457082,1477995,2429933,230.42449761252624,51046.663308021016
1998.91,36.14,0.18,40460091,1478018,2431732,230.41704750105768,51045.01286140755
1998.91,36.15,0.18,40461144,1477919,2431732,230.40959787132923,51043.3625215155
1998.91,36.15,0.17,40460552,1477898,2428983,230.40959787132923,51043.3625215155
1998.91,36.15,0.18,40464598,1477983,2433071,230.40959787132923,51043.3625215155
1998.91,36.17,0.18,40464444,1477973,2434059,230.39470005690586,51040.06216185419
1998.91,36.18,0.18,40466142,1477752,2441956,230.38725187211756,51038.41214206427
1998.91,36.18,0.17,40466142,1478139,2425518,230.38725187211756,51038.41214206427
1998.91,36.2,0.16,40469573,1477844,2425518,230.3723569471541,51035.11242251411
1998.91,36.2,0.17,40468307,1477920,2435568,230.3723569471541,51035.11242251411
1998.91,36.22,0.17,40470446,1477881,2436828,230.35746394803027,51031.81312960126
1998.91,36.22,0.17,40469410,1477813,2436828,230.35746394803027,51031.81312960126
1998.91,36.23,0.16,40470505,1477817,2438202,230.35001817054146,51030.16364310795
1998.91,36.23,0.16,40470543,1477836,2437427,230.35001817054146,51030.16364310795
1998.91,36.24,0.16,40472197,1477970,2439422,230.34257287437256,51028.51426324296
1998.91,36.25,0.16,40471639,1477944,2438641,230.33512805947677,51026.86498999592
1998.91,36.25,0.15,40472381,1477905,2440928,230.33512805947677,51026.86498999592
1993.48,36.25,0.16,40472381,1477905,2440217,229.9198700519789,50934.871578208826
1998.91,36.26,0.15,40472381,1477917,2443898,230.32768372580762,51025.21582335653
1998.91,36.27,0.15,40478542,1477918,2444603,230.32023987331823,51023.5667633144
1998.91,36.27,0.15,40480063,1478013,2442903,230.32023987331823,51023.5667633144
1998.91,36.28,0.15,40479931,1477972,2442848,230.31279650196208,51021.91780985923
1998.91,36.29,0.15,40482740,1478244,2443304,230.3053536116925,51020.26896298068
1998.91,36.3,0.14,40484259,1478188,2444883,230.2979112024628,51018.62022266841
1998.91,36.31,0.14,40485465,1478370,2447578,230.2904692742265,51016.971588912114
1993.48,36.32,0.12,40485490,1478169,2445114,229.86786374796353,50923.350458195666
1998.91,36.32,0.12,40486162,1478093,2445749,230.28302782693677,51015.32306170143
1998.91,36.34,0.12,40487400,1478149,2447577,230.26814637501087,51012.026326875624
1998.91,36.34,0.12,40488464,1478089,2447248,230.26814637501087,51012.026326875624
1993.48,36.35,0.12,40489484,1478199,2458937,229.84558253338375,50918.4144306876
1998.91,36.36,0.12,40489484,1478199,2448991,230.25326684631233,51008.730018108436
1998.91,36.38,0.12,40492857,1478177,2450266,230.23838924046822,51005.43413531723
1993.48,36.38,0.11,40493303,1478359,2449536,229.82330563784538,50913.47935999035
1993.48,36.39,0.11,40494383,1478217,2452619,229.81588096556916,50911.83454900114
1998.91,36.41,0.11,40492381,1478234,2452619,230.21607643623895,51000.49110965481
1993.48,36.41,0.11,40495082,1478426,2452452,229.80103306009264,50908.54524582573
1993.48,36.42,0.11,40496802,1478418,2453250,229.79360982679935,50906.900753618924
1993.48,36.43,0.1,40497731,1478192,2453250,229.78618707307407,50905.256367652335
1993.48,36.43,0.1,40498178,1478340,2452887,229.78618707307407,50905.256367652335
1993.48,36.44,0.1,40498178,1478159,2455286,229.77876479887036,50903.612087915666
1993.48,36.46,0.1,40503957,1478159,2450812,229.76392168884172,50900.3238470909
1993.48,36.47,0.1,40501955,1478348,2454648,229.75650085292384,50898.67988598221
1993.48,36.48,0.1,40504700,1478120,2460318,229.74908049634166,50897.036031062264
1998.91,36.48,0.1,40505722,1478252,2456902,230.16403004102352,50988.96110811207
1998.91,36.49,0.1,40505327,1478302,2458304,230.15659676269902,50987.31439059792
1993.48,36.5,0.1,40507952,1478559,2446222,229.73424122099877,50893.74863974749
1993.48,36.51,0.1,40508349,1478186,2461814,229.72682230214517,50892.105103332084
1993.48,36.52,0.09,40510517,1478397,2461814,229.7194038624416,50890.461673064274
1998.91,36.53,0.09,40511734,1478342,2461586,230.12686845001977,50980.728584037526
1993.48,36.54,0.09,40512849,1478269,2457531,229.7045684202986,50887.17513093033
1993.48,36.54,0.09,40512947,1478256,2463211,229.7045684202986,50887.17513093033
1998.91,36.55,0.09,40512947,1478300,2462470,230.11200717340046,50977.43631871082
1993.48,36.56,0.09,40512770,1478021,2473523,229.6897348941987,50883.88901326342
1993.48,36.57,0.08,40514342,1478052,2473523,229.68231884954886,50882.2461135794
1993.48,36.58,0.08,40516591,1478343,2465709,229.67490328377065,50880.60331998132
1993.48,36.58,0.08,40516591,1478191,2477276,229.67490328377065,50880.60331998132
1998.91,36.59,0.08,40516591,1478191,2469898,230.08229037774302,50970.853063552466
1993.48,36.6,0.08,40520424,1478417,2468214,229.66007358864331,50877.318051001814
1993.48,36.6,0.08,40524082,1478460,2468576,229.66007358864331,50877.318051001814
1993.48,36.62,0.08,40524082,1478625,2468576,229.64524580844585,50874.03320624273
1993.48,36.63,0.08,40524082,1478394,2470382,229.6378326363299,50872.39094292018
1993.48,36.64,0.08,40524082,1478495,2470382,229.6304199428073,50870.74878562191
1993.48,36.65,0.08,40527693,1478590,2471158,229.62300772783178,50869.106734337685
1993.48,36.66,0.07,40527693,1478555,2469701,229.61559599135694,50867.464789057216
1993.48,36.67,0.07,40531284,1478610,2473057,229.60818473333637,50865.82294977023
1993.48,36.68,0.05,40529696,1478263,2476563,229.60077395372392,50864.18121646649
1993.48,36.68,0.07,40530360,1478562,2473941,229.60077395372392,50864.18121646649
1993.48,36.69,0.07,40532697,1478546,2473941,229.59336365247313,50862.539589135726
1993.48,36.7,0.05,40533606,1478485,2472779,229.58595382953777,50860.89806776767
1993.48,36.71,0.05,40534040,1478368,2484851,229.5785444848715,50859.256652352065
1993.48,36.72,0.05,40535146,1478518,2477387,229.57113561842797,50857.615342878664
1993.48,36.73,0.05,40535391,1478533,2477449,229.56372723016094,50855.974139337195
1993.48,36.74,0.05,40537218,1478458,2477449,229.55631932002413,50854.33304171742
1993.48,36.75,0.05,40539352,1478780,2477449,229.5489118879712,50852.69205000908
2004.34,36.75,0.05,40540478,1478384,2479674,230.37808792875757,51036.38202488438
2009.78,36.75,0.04,40537859,1478461,2470768,230.79343946300045,51128.3961559453
2015.21,36.75,0.04,40539871,1478209,2480015,231.20802748339366,51220.24114338296
2020.64,36.76,0.05,40539871,1478484,2483532,231.61514163668014,51310.430421545956
2015.21,36.77,0.04,40549084,1478358,2482357,231.1931069860083,51216.93575869379
2020.64,36.78,0.04,40550616,1478258,2491552,231.6001953493484,51307.11932352889
2020.64,36.78,0.04,40552351,1478813,2485809,231.6001953493484,51307.11932352889
2015.21,36.79,0.04,40556452,1478894,2486386,231.1781884142211,51213.63080058843
2015.21,36.8,0.03,40556452,1478809,2485843,231.1707298503103,51211.97848147887
2009.78,36.81,0.04,40555695,1478936,2487561,230.74876400046406,51118.499060289876
2009.78,36.81,0.03,40555925,1479031,2487561,230.74876400046406,51118.499060289876
2009.78,36.81,0.03,40555925,1478930,2488302,230.74876400046406,51118.499060289876
2009.78,36.82,0.03,40557044,1478876,2488302,230.74131977153868,51116.8499168547
2009.78,36.83,0.03,40558234,1478827,2488302,230.73387602291712,51115.20087982273
2009.78,36.84,0.03,40557221,1478979,2476710,230.72643275455286,51113.551949183675
2009.78,36.84,0.03,40558373,1479018,2479245,230.72643275455286,51113.551949183675
2009.78,36.85,0.02,40556749,1478894,2485999,230.71898996639945,51111.903124927245
2009.78,36.86,0.02,40559078,1478768,2491800,230.7115476584105,51110.254407043154
2009.78,36.87,0.02,40558114,1478804,2491800,230.70410583053942,51108.605795521085
2009.78,36.88,0.02,40560173,1478829,2492303,230.69666448273986,51106.95729035077
2009.78,36.89,0.01,40563027,1478770,2492534,230.68922361496533,51105.308891521905
2009.78,36.9,0.01,40564189,1478861,2492548,230.68178322716932,51103.66059902419
2009.78,36.9,0.02,40563297,1478800,2492548,230.68178322716932,51103.66059902419
2004.34,36.91,0.02,40563297,1478800,2494202,230.2592061185641,51010.04576376079
2004.34,36.92,0.01,40565617,1478831,2488413,230.25178007908525,51008.400649890886
2009.78,36.93,0.01,40565617,1479012,2495213,230.65946494318834,51098.71635941515
2009.78,36.94,0.01,40569322,1478900,2496947,230.65202647484227,51097.06849213921
2004.34,36.94,0.01,40571655,1479018,2496221,230.23692943700848,51005.110740467826
2004.34,36.95,0.0,40567705,1479193,2496221,230.22950483431788,51003.46594489413
2004.34,36.95,0.0,40571971,1478958,2498782,230.22950483431788,51003.46594489413
2009.78,36.97,0.01,40573920,1479149,2497875,230.62971394809696,51092.12552794869
2004.34,36.98,0.0,40575044,1478998,2497875,230.20723389908093,50998.53219460119
2004.34,36.98,0.0,40576763,1478928,2503730,230.20723389908093,50998.53219460119
2004.34,36.99,0.0,40575826,1479179,2503730,230.1998112114592,50996.88782327873
2004.34,36.99,0.0,40576804,1479007,2501181,230.1998112114592,50996.88782327873
2009.78,37.0,0.0,40577424,1479013,2501657,230.6074057378167,51087.18351999823
2004.34,37.01,0.0,40576414,1478993,2501480,230.18496727212394,50993.59939873507
2004.34,37.02,0.0,40579272,1479099,2502715,230.1775460203178,50991.95534549334
2004.34,37.03,0.0,40579272,1479001,2503874,230.17012524702423,50990.31139825801
2004.34,37.04,0.0,40583134,1479090,2503044,230.16270495219692,50988.667557018816
2004.34,37.05,0.0,40585510,1479099,2503044,230.1552851357897,50987.023821765535
2004.34,37.06,0.0,40586831,1479176,2505870,230.14786579775625,50985.380192487886
2004.34,37.07,0.0,40587169,1479135,2509249,230.14044693805033,50983.73666917565
2004.34,37.07,0.0,40587893,1479200,2506471,230.14044693805033,50983.73666917565
2004.34,37.08,0.0,40588637,1479289,2506471,230.13302855662562,50982.093251818544
2004.34,37.09,0.0,40589206,1479232,2507599,230.12561065343593,50980.44994040635
2004.34,37.09,0.0,40590699,1479160,2507980,230.12561065343593,50980.44994040635
2004.34,37.1,0.0,40590469,1479124,2507267,230.11819322843502,50978.806734928825
2004.34,37.1,0.0,40590469,1479181,2507308,230.11819322843502,50978.806734928825
2004.34,37.11,0.0,40592966,1479435,2509714,230.11077628157662,50977.16363537571
2004.34,37.12,0.0,40592191,1479613,2512440,230.10335981281457,50975.52064173677
2004.34,37.12,0.0,40593847,1479212,2511031,230.10335981281457,50975.52064173677
2004.34,37.13,0.0,40593847,1479259,2511274,230.09594382210253,50973.87775400177
2004.34,37.14,0.0,40598133,1479478,2508798,230.08852830939435,50972.23497216046
1998.91,37.15,0.0,40600173,1479245,2514119,229.66705968933974,50878.86570385028
2004.34,37.16,0.0,40602395,1479441,2514748,230.07369871780472,50968.94972611798
2004.34,37.16,0.0,40601226,1479170,2514422,230.07369871780472,50968.94972611798
2004.34,37.18,0.0,40601587,1479308,2516607,230.05887103767594,50965.66490352743
1998.91,37.18,0.0,40605558,1479372,2516607,229.64485747946418,50873.94717850269
2004.34,37.2,0.0,40604917,1479262,2516483,230.04404526863854,50962.38050430697
2004.34,37.2,0.0,40605361,1479258,2520327,230.04404526863854,50962.38050430697
2004.34,37.21,0.0,40607559,1479489,2518348,230.03663310066366,50960.738463434944
1998.91,37.21,0.0,40607147,1479462,2516709,229.62265956180607,50869.029604023526
2004.34,37.22,0.0,40608321,1479451,2515544,230.02922141032303,50959.096528374735
2004.34,37.22,0.0,40609981,1479520,2515544,230.02922141032303,50959.096528374735
2004.34,37.23,0.0,40612293,1479512,2521355,230.02181019757063,50957.45469911614
1998.91,37.24,0.0,40612263,1479366,2521466,229.6004659351207,50864.11298013705
1998.91,37.25,0.0,40614350,1479623,2521028,229.59306901289344,50862.47431670342
2004.34,37.26,0.0,40614856,1479649,2521185,229.99957942438058,50952.52984604771
2004.34,37.26,0.0,40615565,1479626,2521185,229.99957942438058,50952.52984604771
2004.34,37.27,0.0,40615565,1479546,2521271,229.99217012151917,50950.88843989327
1998.91,37.28,0.0,40618602,1479520,2524983,229.57088110557012,50857.55895984519
2004.34,37.28,0.0,40618602,1479508,2524484,229.98476129601514,50949.24713948932
1998.91,37.3,0.0,40620565,1479599,2525693,229.55609154969278,50854.28258303991
1998.91,37.3,0.0,40622986,1479654,2525305,229.55609154969278,50854.28258303991
1998.91,37.32,0.0,40623020,1479451,2528370,229.54130389925638,50851.00662835295
1998.91,37.33,0.0,40626821,1479655,2528370,229.53391078846346,50849.36880927835
1998.91,37.34,0.0,40625140,1479442,2529899,229.5265181538926,50847.73109570272
1998.91,37.35,0.0,40626984,1479538,2529739,229.519125995498,50846.093487615915
1998.91,37.36,0.0,40626984,1479554,2529739,229.51173431323346,50844.4559850077
1998.91,37.37,0.0,40629241,1479581,2532332,229.5043431070531,50842.81858786791
2004.34,37.38,0.0,40631024,1479584,2532055,229.910699285486,50932.839949478854
1998.91,37.39,0.0,40633119,1479673,2532538,229.48956212276076,50839.544109952796
1998.91,37.39,0.0,40632086,1479624,2533084,229.48956212276076,50839.544109952796
1998.91,37.4,0.0,40635656,1479615,2533084,229.48217234455683,50837.90702915711
1998.91,37.4,0.0,40635601,1479580,2535607,229.48217234455683,50837.90702915711
1998.91,37.42,0.0,40637682,1479590,2534334,229.4673942158036,50834.63318383856
1998.91,37.43,0.0,40637172,1479721,2533875,229.46000586516234,50832.99641929532
1998.91,37.43,0.0,40638734,1479698,2535208,229.46000586516234,50832.99641929532
2004.34,37.44,0.0,40640297,1479870,2536449,229.86628497093264,50923.00070675704
1998.91,37.45,0.0,40642324,1479753,2536675,229.4452305911208,50829.72320639002
1998.91,37.45,0.0,40640273,1479798,2537610,229.4452305911208,50829.72320639002
1998.91,37.46,0.0,40643260,1479621,2539211,229.43784366762864,50828.0867580076
1998.91,37.47,0.0,40643804,1479851,2541136,229.43045721976083,50826.45041499175
1998.91,37.48,0.0,40644019,1479887,2538309,229.42307124747165,50824.81417733232
1998.91,37.49,0.0,40645686,1479907,2541120,229.41568575071508,50823.17804501913
1998.91,37.49,0.0,40647741,1479888,2542358,229.41568575071508,50823.17804501913
1998.91,37.5,0.0,40647741,1479828,2542358,229.4083007294451,50821.542018041975
1998.91,37.51,0.0,40651479,1479828,2541269,229.40091618361595,50819.906096390725
1998.91,37.53,0.0,40650739,1479969,2541269,229.38614851809623,50816.63456902518
1998.91,37.53,0.0,40651528,1479855,2543647,229.38614851809623,50816.63456902518
1998.91,37.54,0.0,40654395,1479855,2542326,229.3787653983138,50814.99896329054
1998.91,37.54,0.0,40654395,1479867,2545402,229.3787653983138,50814.99896329054
1998.91,37.56,0.0,40658113,1479887,2546766,229.36400058447467,50811.728067666765
1993.48,37.56,0.0,40656505,1480020,2546944,228.95049336706987,50720.12251391269
1998.91,37.57,0.0,40656891,1479811,2549206,229.35661889032608,50810.09277775727
1998.91,37.57,0.0,40655663,1479858,2547875,229.35661889032608,50810.09277775727
1993.48,37.57,0.0,40656046,1479900,2547364,228.9431249809548,50718.4901721737
1998.91,37.58,0.0,40659939,1480178,2547165,229.34923767129703,50808.4575931025
1998.91,37.59,0.0,40660458,1480128,2548738,229.34185692734155,50806.82251369228
1993.48,37.59,0.0,40656705,1480128,2546156,228.9283896314677,50715.22580388045
1998.91,37.6,0.0,40660899,1479948,2550562,229.3344766584139,50805.18753951646
1998.91,37.61,0.0,40661978,1479951,2549812,229.32709686446813,50803.552670564866
1993.48,37.62,0.0,40663097,1479951,2549242,228.9062901634079,50710.330039250286
1993.48,37.63,0.0,40663909,1479831,2553382,228.8989246221838,50708.698327748934
1993.48,37.64,0.0,40667231,1480030,2554487,228.89155955494795,50707.066721251686
1998.91,37.65,0.0,40668495,1480047,2554530,229.2975824375873,50797.01424679776
1998.91,37.65,0.0,40670429,1480085,2554501,229.2975824375873,50797.01424679776
1993.48,37.66,0.0,40671653,1480091,2555345,228.87683084225822,50703.80382322902
1998.91,37.66,0.0,40673517,1479968,2556807,229.29020501786343,50795.379903815
1993.48,37.66,0.0,40673517,1480184,2554755,228.87683084225822,50703.80382322902
1998.91,37.69,0.0,40673514,1480082,2557251,229.26807560674987,50790.47750580602
1993.48,37.7,0.0,40673079,1480082,2557251,228.84737910272565,50697.279286787234
1993.48,37.71,0.0,40674526,1479972,2561481,228.84001735212726,50695.64841503511
1998.91,37.72,0.0,40677171,1480082,2559966,229.24595046676143,50785.576053992794
1998.91,37.72,0.0,40678228,1480125,2558073,229.24595046676143,50785.576053992794
1993.48,37.73,0.0,40679386,1480136,2558941,228.82529527175203,50692.38698628992
1998.91,37.74,0.0,40680433,1480136,2562344,229.2312027456725,50782.308944979704
1993.48,37.74,0.0,40681776,1480220,2561427,228.8179349418839,50690.75642927663
2004.34,37.75,0.0,40681776,1480083,2565689,229.63708410782232,50872.22511904685
2009.78,37.76,0.0,40682492,1480073,2560825,230.04370039427437,50962.304103204944
2009.78,37.77,0.0,40682492,1480276,2566269,230.03630158749465,50960.66502228049
2009.78,37.78,0.0,40691338,1480356,2567236,230.02890325662963,50959.0260467869
2015.21,37.79,0.0,40693714,1480484,2568438,230.43470675083196,51048.92497052286
2009.78,37.8,0.0,40695729,1480316,2571865,230.01410802245968,50955.74841205161
1998.91,37.81,0.0,40694682,1480522,2571865,229.17960066118513,50770.877372989264
1998.91,37.82,0.0,40694682,1480783,2570394,229.17223083127672,50769.24471140219
1998.91,37.82,0.0,40700213,1480719,2570051,229.17223083127672,50769.24471140219
1998.91,37.83,0.0,40697993,1480668,2568801,229.1648614753429,50767.6121548162
1998.91,37.83,0.0,40698263,1480744,2568908,229.1648614753429,50767.6121548162
1993.48,37.84,0.0,40695968,1480929,2561041,228.74435767736026,50674.456626572595
1993.48,37.84,0.0,40696016,1480583,2570084,228.74435767736026,50674.456626572595
1993.48,37.85,0.0,40697602,1480529,2570216,228.7370025533192,50672.82722282255
1998.91,37.85,0.0,40697516,1480580,2569079,229.15012418521582,50764.34735660688
1993.48,37.86,0.0,40698488,1480617,2571402,228.7296479022613,50671.197923853935
1993.48,37.86,0.0,40699783,1480568,2573349,228.7296479022613,50671.197923853935
1993.48,37.87,0.0,40699794,1480581,2573349,228.7222937241408,50669.568729656654
1993.48,37.88,0.0,40698263,1480521,2573349,228.71494001891227,50667.9396402206
1993.48,37.89,0.0,40700270,1480397,2573349,228.70758678652996,50666.310655535664
1993.48,37.9,0.0,40699956,1480445,2580240,228.70023402694835,50664.68177559175
1993.48,37.9,0.0,40703362,1480445,2576651,228.70023402694835,50664.68177559175
1993.48,37.92,0.0,40703905,1480411,2576489,228.68552992600468,50661.424329886555
1993.48,37.93,0.0,40703905,1480347,2576489,228.67817858455146,50659.79576410509
1988.05,37.93,0.0,40707330,1480513,2577699,228.2651631945558,50568.29916642305
1993.48,37.94,0.0,40709808,1480429,2582279,228.6708277157166,50658.167303024245
1993.48,37.95,0.0,40710227,1480583,2582279,228.66347731945447,50656.538946633926
1988.05,37.96,0.0,40712036,1480411,2581793,228.24315183235007,50563.4229201597
1988.05,37.97,0.0,40711321,1480439,2584972,228.23581565493197,50561.79771371459
1993.48,37.98,0.0,40713069,1480302,2585943,228.64142896564866,50651.654505505125
1988.05,37.99,0.0,40714827,1480587,2582196,228.22114471479858,50558.54761422795
1988.05,38.0,0.0,40715213,1480542,2585271,228.21380995199237,50556.922721166266
1988.05,38.01,0.0,40715213,1480458,2585271,228.20647566063258,50555.29793254558
1988.05,38.02,0.0,40719430,1480451,2587782,228.19914184067372,50553.67324835584
1988.05,38.03,0.0,40721035,1480451,2587782,228.1918084920703,50552.04866858695
1993.48,38.04,0.0,40721035,1480585,2587782,228.59734501135085,50641.88844852923
1988.05,38.05,0.0,40723899,1480590,2588477,228.17714320874813,50548.799822271474
1988.05,38.06,0.0,40723899,1480583,2590929,228.1698112739386,50547.17555570478
1988.05,38.08,0.0,40726714,1480628,2590729,228.15514881779532,50543.927335703134
1993.48,38.08,0.0,40727039,1480727,2590729,228.56796515143876,50635.37983580572
1988.05,38.09,0.0,40728247,1480727,2590729,228.14781829637073,50542.30338224805
1993.48,38.09,0.0,40728319,1480754,2588577,228.56062136641265,50633.7529440233
1988.05,38.1,0.0,40728645,1480654,2593814,228.1404882459837,50540.6795331434
1988.05,38.1,0.0,40732640,1480853,2594232,228.1404882459837,50540.6795331434
1988.05,38.11,0.0,40733591,1480745,2595497,228.1331586665888,50539.05578837912
1988.05,38.12,0.0,40733408,1481000,2586018,228.1258295581406,50537.43214794514
1993.48,38.12,0.0,40733946,1480829,2595538,228.5385928424913,50628.87289587114
1988.05,38.14,0.0,40736113,1480874,2596300,228.1111727539029,50534.1851800279
1988.05,38.14,0.0,40737662,1480906,2597073,228.1111727539029,50534.1851800279
1988.05,38.15,0.0,40739407,1480868,2597640,228.10384505802259,50532.56185252452
1988.05,38.16,0.0,40739068,1480844,2599379,228.09651783290752,50530.938629311255
1988.05,38.17,0.0,40741168,1480884,2598077,228.08919107851224,50529.315510378015
1988.05,38.18,0.0,40742330,1480828,2602800,228.08186479479147,50527.692495714786
1988.05,38.19,0.0,40745470,1480917,2602800,228.07453898169985,50526.0695853115
1988.05,38.19,0.0,40745988,1480862,2599998,228.07453898169985,50526.0695853115
1988.05,38.19,0.0,40746535,1480839,2601163,228.07453898169985,50526.0695853115
1988.05,38.22,0.0,40746776,1480852,2605399,228.05256436574632,50521.20147956092
1988.05,38.22,0.0,40746776,1480776,2605399,228.05256436574632,50521.20147956092
1988.05,38.22,0.0,40752301,1481124,2605455,228.05256436574632,50521.20147956092
1998.91,38.24,0.0,40752580,1481044,2606727,228.86312541058518,50700.767615866724
2004.34,38.25,0.0,40750666,1480816,2607297,229.26836688863833,50790.54203439842
2009.78,38.26,0.0,40754416,1480751,2615210,229.6743421520948,50880.479010717216
2009.78,38.27,0.0,40756602,1480865,2610713,229.66696708491378,50878.84518890068
2009.78,38.27,0.0,40759922,1481107,2609827,229.66696708491378,50878.84518890068
2015.21,38.28,0.0,40761847,1481155,2609157,230.07214371481132,50968.60524141662
2009.78,38.28,0.0,40764955,1481163,2613126,229.65959249135872,50877.21147200799
2009.78,38.28,0.0,40766898,1481340,2613231,229.65959249135872,50877.21147200799
2009.78,38.3,0.0,40767625,1481392,2612928,229.64484472494408,50873.94435295375
2009.78,38.31,0.0,40767894,1481466,2612724,229.63747155199334,50872.31095077201
2009.78,38.31,0.0,40767894,1481460,2614002,229.63747155199334,50872.31095077201
2009.78,38.32,0.0,40771818,1481468,2614983,229.6300988524861,50870.67765347369
2009.78,38.33,0.0,40770902,1481274,2617086,229.6227266263768,50869.0444610487
2009.78,38.34,0.0,40772484,1481443,2613609,229.61535487361982,50867.41137348694
2015.21,38.35,0.0,40773818,1481605,2615120,230.02044210948213,50957.15162226124
2009.78,38.35,0.0,40774444,1481605,2615120,229.6079835941696,50865.77839077832
2009.78,38.36,0.0,40774444,1481587,2617544,229.60061278798062,50864.14551291275
2004.34,38.36,0.0,40776856,1481730,2619183,229.18740794556186,50772.60694523986
2004.34,38.39,0.0,40779452,1481695,2619183,229.16533815600556,50767.71775538188
2004.34,38.4,0.0,40779452,1481555,2618727,229.1579825040025,50766.08823467074
1998.91,38.41,0.0,40779766,1481562,2618727,228.73824823983225,50673.10318367166
1998.91,38.41,0.0,40780342,1481641,2622588,228.73824823983225,50673.10318367166
1998.91,38.41,0.0,40779196,1481641,2622588,228.73824823983225,50673.10318367166
1993.48,38.43,0.0,40779917,1481626,2622588,228.3112131525845,50578.500758385686
1993.48,38.44,0.0,40782433,1481446,2623316,228.3038858566779,50576.87751948975
1993.48,38.45,0.0,40781796,1481515,2626619,228.2965590310728,50575.254384781176
1993.48,38.46,0.0,40782524,1481466,2626619,228.28923267572378,50573.63135424991
1993.48,38.47,0.0,40784738,1481560,2626671,228.28190679058554,50572.00842788592
1993.48,38.48,0.0,40784196,1481560,2626671,228.274581375613,50570.38560567921
1998.91,38.48,0.0,40788117,1481469,2630025,228.68686782916316,50661.720719779034
1993.48,38.48,0.0,40788412,1481643,2625600,228.274581375613,50570.38560567921
1993.48,38.48,0.0,40790047,1481643,2625600,228.274581375613,50570.38560567921
1993.48,38.5,0.0,40789474,1481518,2625600,228.25993195598357,50567.140273697456
1993.48,38.5,0.0,40790196,1481452,2639338,228.25993195598357,50567.140273697456
1993.48,38.52,0.0,40793346,1481650,2627758,228.24528441647345,50563.89535822445
1993.48,38.52,0.0,40794173,1481610,2630639,228.24528441647345,50563.89535822445
1998.91,38.53,0.0,40794173,1481809,2621624,228.65018166581794,50653.59351868822
1993.48,38.54,0.0,40796809,1481952,2633151,228.23063875672068,50560.65085917999
1993.48,38.55,0.0,40796477,1481728,2630180,228.2233166316403,50559.02876579343
1993.48,38.55,0.0,40795660,1481728,2630180,228.2233166316403,50559.02876579343
1993.48,38.56,0.0,40799117,1481787,2636239,228.2159949763635,50557.40677648395
1993.48,38.57,0.0,40799742,1481734,2636239,228.20867379084527,50555.78489124154
1993.48,38.57,0.0,40801327,1481734,2636208,228.20867379084527,50555.78489124154
1993.48,38.59,0.0,40801403,1481944,2637640,228.19403282890318,50552.54143291785
1993.48,38.59,0.0,40802245,1481882,2635215,228.19403282890318,50552.54143291785
1993.48,38.61,0.0,40804017,1481852,2638068,228.1793937454525,50549.298390742275
1993.48,38.61,0.0,40806545,1482094,2630842,228.1793937454525,50549.298390742275
1993.48,38.62,0.0,40806700,1482142,2630842,228.1720749080485,50547.677025685
1993.48,38.63,0.0,40806700,1481948,2640619,228.16475654013175,50546.055764634715
1993.48,38.63,0.0,40808532,1481832,2641183,228.16475654013175,50546.055764634715
1993.48,38.63,0.0,40809562,1481832,2642331,228.16475654013175,50546.055764634715
1993.48,38.65,0.0,40811230,1482178,2636384,228.15012121257948,50542.813554515116
1988.05,38.66,0.0,40812832,1481899,2642192,227.7307558018102,50449.910216769465
1993.48,38.66,0.0,40812792,1481841,2649197,228.1428042528536,50541.192605425786
1988.05,38.67,0.0,40812792,1482164,2649197,227.72345252569568,50448.292299053566
1988.05,38.68,0.0,40814320,1482003,2649197,227.71614971799517,50446.6744851069
1993.48,38.69,0.0,40817258,1482060,2649197,228.12085618933517,50536.330381919615
1993.48,38.69,0.0,40817598,1482282,2649197,228.12085618933517,50536.330381919615
1988.05,38.71,0.0,40818856,1482036,2638682,227.6942441049267,50441.82166578236
1988.05,38.72,0.0,40822269,1482041,2638682,227.68694317043133,50440.20426681272
1993.48,38.73,0.0,40822215,1481947,2650039,228.09159867283017,50529.84887231567
1988.05,38.74,0.0,40823544,1482010,2650923,227.6723427059618,50436.96978002143
1993.48,38.74,0.0,40822450,1481910,2655005,228.08428546629347,50528.22875468213
1988.05,38.74,0.0,40826945,1482130,2651470,227.6723427059618,50436.96978002143
1993.48,38.76,0.0,40826464,1482077,2652146,228.06966046001182,50524.98883106606
1988.05,38.76,0.0,40827481,1482102,2652146,227.65774411388682,50433.73570802759
1988.05,38.76,0.0,40828967,1482120,2652680,227.65774411388682,50433.73570802759
1988.05,38.77,0.0,40827126,1482077,2653348,227.6504455198847,50432.118827554776
1988.05,38.77,0.0,40827447,1481996,2661917,227.6504455198847,50432.118827554776
1988.05,38.78,0.0,40832620,1482145,2661917,227.6431473938462,50430.50205075141
1988.05,38.78,0.0,40831761,1482145,2657387,227.6431473938462,50430.50205075141
1993.48,38.78,0.0,40830549,1481857,2664312,228.0550373291517,50521.74932291801
1988.05,38.81,0.0,40834889,1481857,2657198,227.621255823062,50425.65234225825
1988.05,38.82,0.0,40835664,1482219,2664549,227.61395956842784,50424.03598003297
1993.48,38.82,0.0,40835664,1482238,2656347,228.02579669225338,50515.27155270639
1988.05,38.83,0.0,40839328,1482186,2658768,227.60666378153226,50422.419721427286
1988.05,38.84,0.0,40840610,1482250,2661012,227.5993684623303,50420.80356643124
1988.05,38.85,0.0,40841822,1482232,2660407,227.59207361077702,50419.187515034886
1988.05,38.85,0.0,40842724,1482226,2662864,227.59207361077702,50419.187515034886
1988.05,38.86,0.0,40841450,1482253,2662864,227.58477922682744,50417.57156722824
1988.05,38.87,0.0,40841920,1482279,2664661,227.57748531043663,50415.95572300136
1988.05,38.89,0.0,40859490,1482791,2657692,227.56289888015138,50412.724345247036
1988.05,38.89,0.0,40861437,1482683,2668858,227.56289888015138,50412.724345247036
1993.48,38.88,0.0,40862999,1482875,2669138,227.9819497935528,50505.55801140215
1988.05,38.88,0.0,40863810,1482875,2671322,227.57019186155958,50414.339982344274
1988.05,38.86,0.0,40863810,1482950,2660710,227.58477922682744,50417.57156722824
1988.05,38.86,0.0,40864395,1482787,2671446,227.58477922682744,50417.57156722824
1993.48,38.87,0.0,40864395,1482715,2672700,227.9892564389535,50507.17667552661
1993.48,38.87,0.0,40864865,1482796,2669952,227.9892564389535,50507.17667552661
1993.48,38.88,0.0,40864984,1482823,2672956,227.9819497935528,50505.55801140215
1993.48,38.89,0.0,40869291,1483024,2672956,227.97464361646675,50503.93945102491
1993.48,38.9,0.0,40869291,1482881,2674928,227.96733790765032,50502.320994384914
1993.48,38.92,0.0,40870404,1482832,2675748,227.95272789464633,50499.084392276774
2004.34,38.93,0.0,40870966,1482914,2675059,228.7688075144898,50679.87307585128
2009.78,38.94,0.0,40869584,1482907,2672752,229.17391422212773,50769.61763826925
2009.78,38.95,0.0,40869584,1482785,2672752,229.16657125787836,50767.99092831608
1993.48,38.96,0.0,40876148,1482785,2672752,227.92351348589372,50492.612432468726
1988.05,38.97,0.0,40882071,1483249,2679525,227.50457185237224,50399.802975428946
1982.62,38.98,0.0,40877884,1483251,2680255,227.08565706289872,50306.999465235494
1988.05,39.0,0.0,40876598,1482808,2678781,227.48270692475552,50394.959169280424
2009.78,39.0,0.0,40873166,1482680,2679151,229.12986349378133,50759.85894194282
2015.21,39.02,0.0,40867659,1482284,2688646,229.52675695007107,50847.78399697081
2009.78,39.02,0.0,40870621,1482385,2681236,229.11518368063503,50756.60687678972
2015.21,39.03,0.0,40877209,1482531,2682644,229.5194045650064,50846.155199994806
2015.21,39.04,0.0,40882647,1482706,2682436,229.51205265096152,50844.526507365306
2009.78,39.05,0.0,40883793,1482571,2683044,229.09316748745624,50751.72956030573
2015.21,39.05,0.0,40887187,1483143,2681130,229.50470120789137,50842.89791907232
2009.78,39.05,0.0,40887114,1482817,2681130,229.09316748745624,50751.72956030573
2009.78,39.07,0.0,40889534,1483158,2681130,229.07849237583704,50748.47853669672
2004.34,39.07,0.0,40888961,1482770,2687573,228.66622717674065,50657.14813116286
2004.34,39.09,0.0,40887669,1482940,2686559,228.65158035204317,50653.90337404454
2004.34,39.1,0.0,40886755,1482857,2689361,228.64425764330494,50652.281151358424
2004.34,39.11,0.0,40888975,1482882,2679661,228.63693540358022,50650.659032574345
2004.34,39.11,0.0,40884665,1482639,2687777,228.63693540358022,50650.659032574345
1998.91,39.12,0.0,40885364,1482690,2684808,228.21817216383937,50557.88909566958
2004.34,39.12,0.0,40887414,1482956,2684808,228.62961363282406,50649.037017682356
1998.91,39.13,0.0,40888418,1482934,2679810,228.21086403740915,50556.270103448005
2004.34,39.13,0.0,40888941,1482630,2690482,228.62229233099134,50647.41510667244
2004.34,39.14,0.0,40888785,1482581,2689074,228.614971498037,50645.79329953463
2004.34,39.15,0.0,40891537,1482613,2691559,228.60765113391602,50644.17159625895
2004.34,39.15,0.0,40892666,1482659,2691822,228.60765113391602,50644.17159625895
1998.91,39.16,0.0,40890383,1482214,2691822,228.18894246614624,50551.41374885448
2004.34,39.17,0.0,40890383,1482753,2692664,228.593011811994,50640.92850125406
2004.34,39.17,0.0,40890874,1482893,2692824,228.593011811994,50640.92850125406
2004.34,39.19,0.0,40893746,1482585,2692824,228.5783743648651,50637.68582157799
2004.34,39.19,0.0,40893666,1482442,2692824,228.5783743648651,50637.68582157799
1998.91,39.2,0.0,40894730,1482679,2695173,228.15972025484913,50544.94006052422
1998.91,39.21,0.0,40896014,1482634,2696524,228.15241587143723,50543.32189750526
1998.91,39.21,0.0,40896014,1482692,2696465,228.15241587143723,50543.32189750526
2004.34,39.23,0.0,40900008,1482671,2698024,228.5491050935462,50631.20170789317
1998.91,39.23,0.0,40900284,1482671,2698814,228.1378085075937,50540.08588227396
1998.91,39.25,0.0,40902413,1482734,2699521,228.12320301409127,50536.85028138521
1998.91,39.25,0.0,40902376,1482617,2699906,228.12320301409127,50536.85028138521
2004.34,39.26,0.0,40902376,1482706,2701014,228.52715805871122,50626.33971227447
1998.91,39.27,0.0,40903125,1482679,2702299,228.10859939057076,50533.61509475942
1998.91,39.27,0.0,40904284,1482900,2701722,228.10859939057076,50533.61509475942
1998.91,39.27,0.0,40903918,1482690,2702270,228.10859939057076,50533.61509475942
1998.91,39.28,0.0,40903918,1482941,2702197,228.10129827994152,50531.99765677029
1998.91,39.3,0.0,40906395,1483107,2702530,228.08669746072047,50528.76309138979
1998.91,39.3,0.0,40907548,1482655,2705699,228.08669746072047,50528.76309138979
1998.91,39.31,0.0,40909606,1482706,2703733,228.07939775203906,50527.14596397856
1998.91,39.32,0.0,40909865,1482756,2713425,228.07209851058383,50525.52894007342
1998.91,39.32,0.0,40910806,1482752,2713389,228.07209851058383,50525.52894007342
1998.91,39.33,0.0,40910441,1482737,2705829,228.06479973630994,50523.91201966443
2004.34,39.33,0.0,40912117,1482737,2705829,228.47596469893105,50614.99868635327
1998.91,39.34,0.0,40910380,1482691,2706645,228.05750142917248,50522.29520274165
1998.91,39.35,0.0,40913945,1482455,2711150,228.05020358912677,50520.67848929516
2004.34,39.36,0.0,40915294,1482657,2709161,228.45403170817565,50610.139801963676
1998.91,39.37,0.0,40914425,1482638,2709161,228.03560931013095,50517.445372791306
1998.91,39.37,0.0,40916505,1482682,2718831,228.03560931013095,50517.445372791306
1998.91,39.38,0.0,40918095,1482823,2710623,228.02831287109117,50515.82896971408
1998.91,39.38,0.0,40917318,1482791,2711204,228.02831287109117,50515.82896971408
1998.91,39.39,0.0,40919316,1482709,2711945,228.02101689896372,50514.2126700734
1998.91,39.39,0.0,40919493,1483073,2703228,228.02101689896372,50514.2126700734
1998.91,39.4,0.0,40919542,1482734,2709431,228.01372139370383,50512.596473859354
1998.91,39.41,0.0,40920234,1482880,2705234,228.00642635526657,50510.98038106201
1998.91,39.41,0.0,40921530,1483009,2702882,228.00642635526657,50510.98038106201
1998.91,39.42,0.0,40921530,1483009,2715036,227.99913178360725,50509.364391671435
1998.91,39.42,0.0,40921257,1482704,2714160,227.99913178360725,50509.364391671435
1998.91,39.42,0.0,40922352,1482660,2714160,227.99913178360725,50509.364391671435
1998.91,39.43,0.0,40925019,1482798,2716505,227.9918376786811,50507.74850567772
1998.91,39.44,0.0,40924709,1482742,2716809,227.98454404044315,50506.13272307092
1998.91,39.44,0.0,40926022,1482487,2723185,227.98454404044315,50506.13272307092
1998.91,39.45,0.0,40928093,1482814,2723185,227.97725086884878,50504.517043841144
1998.91,39.46,0.0,40928245,1482753,2720311,227.9699581638531,50502.90146797844
1998.91,39.47,0.0,40929656,1482741,2719184,227.96266592541141,50501.28599547291
2004.34,39.48,0.0,40930401,1482905,2719103,228.36634183898528,50590.71358958407
1998.91,39.49,0.0,40930619,1482900,2718030,227.94808284801087,50498.055360493665
1998.91,39.49,0.0,40930468,1482695,2718030,227.94808284801087,50498.055360493665
1998.91,39.49,0.0,40931456,1482887,2721903,227.94808284801087,50498.055360493665
1998.91,39.51,0.0,40934227,1482611,2734104,227.933501636289,50494.82513882409
1998.91,39.51,0.0,40935188,1482853,2722344,227.933501636289,50494.82513882409
1998.91,39.51,0.0,40936445,1482834,2722344,227.933501636289,50494.82513882409
1998.91,39.52,0.0,40933407,1482834,2724026,227.92621172994572,50493.21018295565
1998.91,39.53,0.0,40936242,1482749,2723276,227.91892228988783,50491.59533038487
1998.91,39.53,0.0,40937078,1482778,2723276,227.91892228988783,50491.59533038487
1998.91,39.54,0.0,40937078,1482662,2735918,227.91163331607063,50489.98058110186
1998.91,39.55,0.0,40940444,1482825,2723830,227.90434480844937,50488.3659350967
1998.91,39.56,0.0,40940540,1482750,2727188,227.8970567669794,50486.75139235951
1998.91,39.57,0.0,40940540,1482820,2727160,227.8897691916159,50485.13695288034
1998.91,39.57,0.0,40940796,1482606,2736742,227.8897691916159,50485.13695288034
1998.91,39.58,0.0,40944178,1482895,2729003,227.8824820823142,50483.522616649316
1998.91,39.58,0.0,40943889,1482720,2728064,227.8824820823142,50483.522616649316
1998.91,39.59,0.0,40943877,1482779,2728064,227.8751954390296,50481.90838365652
1998.91,39.59,0.0,40942995,1482716,2729896,227.8751954390296,50481.90838365652
1998.91,39.59,0.0,40942995,1482790,2728816,227.8751954390296,50481.90838365652
1998.91,39.61,0.0,40945825,1482722,2732105,227.86062355033292,50478.68022734602
1998.91,39.61,0.0,40947025,1482700,2734139,227.86062355033292,50478.68022734602
1998.91,39.61,0.0,40947035,1482920,2732842,227.86062355033292,50478.68022734602
1998.91,39.61,0.0,40950028,1482775,2740774,227.86062355033292,50478.68022734602
1998.91,39.63,0.0,40950254,1482901,2724881,227.84605352516826,50475.45248386963
1998.91,39.63,0.0,40950765,1482831,2742774,227.84605352516826,50475.45248386963
1998.91,39.64,0.0,40952926,1482971,2734448,227.83876921129868,50473.83876691946
1998.91,39.65,0.0,40954920,1483007,2741249,227.83148536317816,50472.22515314815
1993.48,39.65,0.0,40953991,1483046,2736266,227.42074102967482,50381.23166975004
1998.91,39.65,0.0,40954440,1482876,2740309,227.83148536317816,50472.22515314815
1998.91,39.67,0.0,40956708,1482838,2736223,227.81691906400522,50468.99823510242
1998.91,39.67,0.0,40955998,1482825,2736985,227.81691906400522,50468.99823510242
1998.91,39.68,0.0,40957080,1482920,2737189,227.8096366128636,50467.384930808235
1998.91,39.68,0.0,40957080,1482984,2737150,227.8096366128636,50467.384930808235
1998.91,39.69,0.0,40957080,1483087,2739129,227.8023546272923,50465.77172965331
1998.91,39.69,0.0,40961048,1483161,2738698,227.8023546272923,50465.77172965331
1998.91,39.7,0.0,40962398,1482794,2749794,227.7950731072467,50464.158631627746
1998.91,39.71,0.0,40962398,1482967,2740523,227.7877920526821,50462.54563672166
1982.62,39.72,0.0,40963713,1483113,2741415,226.5485541568146,50188.013370038534
1977.19,39.72,0.0,40969905,1483340,2741415,226.1379017212348,50097.040245076314
1966.33,39.72,0.0,40969905,1483593,2742080,225.31659685007526,49915.09399515189
1960.9,39.72,0.0,40972037,1483581,2740977,224.90594441449548,49824.120870189676
1944.61,39.73,0.0,40970564,1483572,2740833,223.66683823320008,49549.61778264975
1922.88,39.73,0.0,40970564,1483755,2740833,222.02352474872873,49185.56938058966
1912.02,39.73,0.0,40969153,1483675,2740833,221.20224612740523,49003.628945873934
1906.59,39.74,0.0,40968887,1483693,2740833,220.78455029186844,48911.09547437793
1901.16,39.74,0.0,40965788,1483540,2742395,220.37392410528577,48820.12816443857
1890.3,39.74,0.0,40964594,1483482,2741110,219.55267173212047,48638.19354455983
1868.58,39.74,0.0,40964602,1483717,2740807,217.91016698578986,48274.324304802365
1857.72,39.74,0.0,40965752,1483771,2740807,217.08891461262454,48092.38968492363
1846.86,39.74,0.0,40965752,1483824,2740807,216.2676622394592,47910.455065044895
1819.7,39.74,0.0,40959541,1483698,2738183,214.21377508889114,47455.45098807379
1792.55,39.73,0.0,40958512,1483863,2738800,212.16742505102246,47002.1166313723
1770.83,39.73,0.0,40958249,1483736,2738498,210.52486780837552,46638.23576194085
1738.24,39.72,0.0,40958249,1483689,2738498,208.06692575773783,46093.72013278881
1721.95,39.71,0.0,40946805,1483644,2737990,206.84157955399826,45822.265336332064
1711.09,39.7,0.0,40945818,1483791,2737355,206.02683370376926,45641.77212693302
1689.37,39.69,0.0,40944416,1483602,2736853,204.39065213573974,45279.303680741854
1667.64,39.69,0.0,40942108,1483770,2736853,202.74712853574806,44915.208731130035
1651.35,39.67,0.0,40939964,1483744,2736853,201.5279368600597,44645.11736661957
1629.63,39.67,0.0,40939486,1483959,2733411,199.88506456903167,44281.16670352989
1580.75,39.64,0.0,40939486,1483865,2733411,196.2066620987367,43466.27864102758
1537.31,39.62,0.0,40935264,1484044,2730164,192.93293863767332,42741.04039157077
1510.16,39.61,0.0,40935264,1483929,2729380,190.88512303397445,42287.38136346384
1488.43,39.6,0.0,40916469,1483831,2724888,189.24722991873523,41924.533752838965
1483.0,39.59,0.0,40911481,1483489,2723870,188.84245804682675,41834.86336763272
1515.59,39.58,0.0,40910695,1483304,2723870,191.31427080109262,42382.45181736283
1548.17,39.57,0.0,40910695,1482432,2721476,193.78548501133528,42929.90766975392
1559.03,39.56,0.0,40905911,1482253,2721011,194.61340707935295,43113.31984809985
1564.46,39.56,0.0,40916369,1482698,2723250,195.02426962778392,43204.33952002249
1559.03,39.55,0.0,40929738,1483274,2726053,194.61963072524608,43114.69859193892
1559.03,39.54,0.0,40942355,1483541,2727718,194.6258547692106,43116.077423964
1564.46,39.54,0.0,40948148,1483796,2728945,195.0367435968669,43207.10291760603
1586.18,39.54,0.0,40953468,1483874,2729797,196.6802989074921,43571.20489217418
1613.34,39.53,0.0,40949794,1483622,2729988,198.7418556221215,44027.908031781495
1651.35,39.53,0.0,40952054,1483416,2729988,201.61816940182896,44665.10686524861
1683.94,39.53,0.0,40957211,1483380,2731509,204.08433793854735,45211.444933722516
1716.52,39.53,0.0,40960148,1483212,2732083,206.54974974972515,45757.61536240861
1787.12,39.53,0.0,40971665,1483212,2732083,211.89223206615097,46941.15226434963
1830.56,39.53,0.0,40976537,1483213,2734759,215.17944781438803,47669.37950259775
1857.72,39.53,0.0,40983395,1483306,2736056,217.23471438257675,48124.68916629064
1874.01,39.52,0.0,40986728,1483436,2738372,218.4744074446018,48399.322267363495
1933.75,39.52,0.0,40992996,1483436,2737448,222.9952304070233,49400.83438968115
1966.33,39.5,0.0,40996554,1484012,2738696,225.47514363180247,49950.217362108335
1993.48,39.5,0.0,40996866,1484040,2737872,227.52985061276914,50405.40305868483
2031.5,39.5,0.0,40997733,1484019,2740429,230.40719718427385,51042.830689765426
2074.94,39.49,0.0,41000096,1483909,2737889,233.70220323638046,51772.783738519014
2112.96,39.49,0.0,41000096,1483894,2737889,236.5796418417443,52410.23175814974
2129.25,39.47,0.0,41010705,1484449,2740648,237.8277196211454,52686.72235202072
2140.11,39.47,0.0,41013107,1484518,2741823,238.64968128399389,52868.814103072655
2161.83,39.46,0.0,41016122,1484749,2741719,240.30129129932362,53234.7004616944
2167.26,39.45,0.0,41013982,1484806,2740640,240.71998560653043,53327.455127758214
2188.99,39.44,0.0,41013718,1485010,2739712,242.37252446854606,53693.547256706166
2210.71,39.44,0.0,41013688,1485098,2740753,244.0166055654442,54057.765710360196
2237.86,39.44,0.0,41013688,1485051,2740614,246.0717069365668,54513.038777427726
2248.72,39.41,0.0,41009377,1485012,2739178,246.9174447349025,54700.39773051571
2227.0,39.4,0.0,41018829,1485653,2740746,245.2810533235058,54337.882797063765
2199.85,39.4,0.0,41026315,1486140,2739967,243.2256889414894,53882.551464366145
2178.13,39.38,0.0,41026586,1486140,2739223,241.59685716117852,53521.711239752745
2123.82,39.36,0.0,41026586,1486914,2737109,237.50030680759858,52614.189562195745
2102.1,39.34,0.0,41017695,1487199,2735716,235.87090009396536,52253.22197079611
2085.8,39.34,0.0,41008009,1486901,2733026,234.63668749355716,51979.80297361336
2058.65,39.33,0.0,40997840,1486751,2729908,232.58837153501813,51526.033100325796
2036.93,39.33,0.0,40988742,1486616,2726752,230.94371168453367,51161.68643357044
1982.62,39.31,0.0,40982799,1486866,2725956,226.84582391039683,50253.86847303322
1944.61,39.29,0.0,40970250,1486631,2723212,223.98182161824238,49619.39704210555
1922.88,39.29,0.0,40963969,1486507,2723212,222.33619390405278,49254.83596146107
1890.3,39.29,0.0,40948274,1486076,2715336,219.86888829299443,48708.24599333417
1857.72,39.27,0.0,40943970,1485799,2714685,217.4154999460473,48164.7391604755
1781.69,39.25,0.0,40943970,1485787,2714685,211.67087802472545,46892.11500771419
1711.09,39.24,0.0,40930562,1485879,2714685,206.33021199213871,45708.98047284163
1651.35,39.22,0.0,40930562,1485498,2700623,201.81825786267527,44709.43309096883
1618.77,39.21,0.0,40894947,1485033,2701848,199.35678141709823,44164.13447619531
1564.46,39.2,0.0,40875361,1484603,2696961,195.24904547880362,43254.13482089397
1531.88,39.2,0.0,40868876,1484349,2694675,192.78102894248514,42707.387359259366
1493.86,39.2,0.0,40855648,1483888,2685854,189.90091879175372,42069.34750378522
1477.57,39.16,0.0,40855648,1483319,2697070,188.69107457988775,41801.326912319586
1483.0,39.14,0.0,40838671,1483123,2687208,189.11457404836722,41895.14608086541
1510.16,39.13,0.0,40837514,1482475,2687208,191.1785291408539,42352.380540658865
1521.02,39.13,0.0,40843548,1482519,2687517,192.00138572801828,42534.67054710775
1531.88,39.13,0.0,40858154,1482519,2690540,192.82424231518266,42716.96055355663
1531.88,39.13,0.0,40868051,1483026,2690438,192.82424231518266,42716.96055355663
1531.88,39.13,0.0,40882307,1483350,2703270,192.82424231518266,42716.96055355663
1531.88,39.13,0.0,40885448,1483599,2694058,192.82424231518266,42716.96055355663
1531.88,39.13,0.0,40886041,1483599,2695660,192.82424231518266,42716.96055355663
1531.88,39.14,0.0,40887720,1483401,2695660,192.81806779014775,42715.59269161569
1531.88,39.14,0.0,40894456,1483671,2697118,192.81806779014775,42715.59269161569
1531.88,39.14,0.0,40897494,1483850,2696026,192.81806779014775,42715.59269161569
1531.88,39.15,0.0,40902024,1483799,2708120,192.81189366053553,42714.22491727398
1531.88,39.15,0.0,40904149,1483972,2698676,192.81189366053553,42714.22491727398
1537.31,39.15,0.0,40905672,1484069,2698131,193.22329560584404,42805.36408348253
1580.75,39.15,0.0,40904296,1483843,2710068,196.51451116831208,43534.477413150875
1607.91,39.16,0.0,40900364,1483663,2699120,198.56592036247673,43988.93254065035
1640.49,39.16,0.0,40897925,1483066,2699651,201.03425299709963,44535.750028536
1700.23,39.17,0.0,40901190,1483066,2701498,205.55370539569836,45536.95852554155
1743.67,39.17,0.0,40909966,1482673,2714691,208.8447101989731,46266.02516506328
1770.83,39.17,0.0,40913803,1482668,2714691,210.90234579881064,46721.859647784506
1808.84,39.18,0.0,40918993,1483027,2714691,213.7751302549337,47358.27661910335
1825.13,39.18,0.0,40925820,1482918,2714397,215.00921754260878,47631.66785536239
1863.15,39.18,0.0,40933088,1482843,2709060,217.88951212071828,48269.74856761337
1917.45,39.18,0.0,40932534,1482702,2711207,222.00313641296833,49181.05268847682
1950.04,39.18,0.0,40932161,1482772,2723116,224.47206856185284,49728.002988641456
1971.76,39.18,0.0,40933848,1482660,2720345,226.11751827875287,50092.52463698683
1998.91,39.18,0.0,40940291,1483059,2711349,228.17433042487792,50548.17669741856
2031.5,39.18,0.0,40945684,1483206,2712638,230.64326257376243,51095.1269975832
2036.93,39.18,0.0,40939328,1482559,2722541,231.05462500298742,51186.25740966954
2015.21,39.18,0.0,40946801,1482908,2713343,229.40917528608742,50821.73576132416
2004.34,39.17,0.0,40960817,1484191,2723189,228.593011811994,50640.92850125406
2004.34,39.17,0.0,40961416,1484603,2716240,228.593011811994,50640.92850125406
1998.91,39.17,0.0,40958980,1484466,2723996,228.18163621158467,50549.79517131385
1998.91,39.16,0.0,40960137,1484684,2722988,228.18894246614624,50551.41374885448
1998.91,39.16,0.0,40957853,1484684,2722988,228.18894246614624,50551.41374885448
1998.91,39.16,0.0,40954199,1484645,2720311,228.18894246614624,50551.41374885448
1993.48,39.15,0.0,40954199,1484780,2718638,227.78484724329903,50461.89326384186
1998.91,39.15,0.0,40949680,1485095,2711408,228.19624918860754,50553.03243005041
1998.91,39.15,0.0,40948785,1485045,2711146,228.19624918860754,50553.03243005041
1998.91,39.15,0.0,40949651,1484986,2712793,228.19624918860754,50553.03243005041
1998.91,39.15,0.0,40945474,1484913,2710825,228.19624918860754,50553.03243005041
1998.91,39.15,0.0,40945474,1485176,2710825,228.19624918860754,50553.03243005041
1998.91,39.15,0.0,40945474,1485207,2708126,228.19624918860754,50553.03243005041
1998.91,39.15,0.0,40942506,1485207,2708126,228.19624918860754,50553.03243005041
1553.6,26.38,24.69,38398114,1254540,1766220,202.74789737343377,44915.379054159435
1580.75,26.36,24.69,38383098,1252967,1763019,204.9062863939897,45393.53375889625
1602.48,26.35,24.69,38384477,1251560,1763651,206.62985562899917,45775.361469661366
1635.06,26.34,25.61,38377603,1249508,1762388,209.21074735718835,46347.114527380385
1635.06,26.33,25.8,38377268,1248841,1762388,209.21773315748743,46348.662113680875
1618.77,26.32,26.0,38379130,1247529,1761695,207.93763730405317,46065.078455218776
1656.78,26.31,26.04,38379130,1246635,1760855,210.94787295827064,46731.94542253677
1694.8,26.31,26.12,38373524,1244109,1760441,213.95195499119973,47397.44915878652
1700.23,26.29,26.12,38371098,1244109,1760441,214.39531548618928,47495.66820296934
1727.38,26.27,26.12,38371098,1241150,1760441,216.5551312764136,47974.138984475925
1754.53,26.26,26.77,38366484,1239667,1756037,218.70793074507523,48451.05541821055
1770.83,26.24,26.77,38368122,1239112,1754751,220.01075733953886,48739.6746891882
1792.55,26.23,27.18,38361074,1236795,1753546,221.7347316118776,49121.59212914613
1863.15,26.21,27.34,38356503,1235969,1752451,227.3297411834044,50361.0721877428
1814.27,26.21,27.33,38356680,1234341,1751254,223.46628560944453,49505.18872946112
1852.29,26.19,27.66,38353763,1232360,1751254,226.486502524301,50174.26687682512
1835.99,26.18,27.66,38346442,1230736,1748436,225.2055943945568,49890.503272238646
1825.13,26.18,27.76,38350066,1230225,1749331,224.3471383258711,49700.32680073944
1879.44,26.17,27.84,38346945,1229354,1747215,228.64784779908956,50653.07648985524
1895.73,26.16,28.16,38348444,1228394,1747215,229.94325711063118,50940.052586830556
1922.88,26.16,28.37,38341059,1226918,1744890,232.0895406881903,51415.52553472618
1944.61,26.12,28.42,38337782,1226657,1744347,233.8386084352045,51803.00201101165
1830.56,26.12,28.33,38337782,1224838,1743103,224.82143129148542,49805.39841237767
1966.33,26.12,28.33,38338146,1223277,1742486,235.5558647926055,52183.43121015528
2004.34,26.1,28.86,38336683,1222232,1741086,238.5770073487785,52852.71441774993
1928.32,26.09,28.98,38336683,1221457,1741086,232.5739802962309,51522.84496395762
1895.73,26.07,29.07,38330583,1224474,1741086,230.01241991104547,50955.37443942335
1884.87,26.06,28.8,38301858,1226731,1736087,229.16130687725456,50766.82469352762
1944.61,26.04,28.86,38304508,1227582,1734766,233.9011342170649,51816.85354402038
1874.01,26.02,28.99,38307113,1228410,1733604,228.3330313056244,50583.33420241516
1884.87,26.02,29.02,38305269,1228829,1732033,229.19194648776062,50773.61238276031
1884.87,25.99,29.02,38314038,1229502,1731155,229.214931572987,50778.704340945376
1901.16,25.97,29.16,38299606,1227922,1729213,230.51884565827382,51067.56452718368
1922.88,25.96,29.14,38293376,1227704,1727957,232.244727436001,51449.904542806646
1884.87,25.95,29.27,38296913,1226830,1726735,229.24558552572165,50785.49520745704
1895.73,25.93,29.27,38296913,1225497,1725290,230.12008922623718,50979.22676128211
1939.18,25.93,29.61,38296097,1224298,1725651,233.55757495948848,51740.74378169229
1939.18,25.9,29.61,38300320,1223771,1724130,233.58100491183356,51745.934292688624
1950.04,25.89,29.61,38295567,1222379,1723449,234.44810451419045,51938.02559337342
1939.18,25.88,29.87,38299359,1221870,1723825,233.59662749183636,51749.39521194707
2031.5,25.87,29.87,38295994,1220840,1722732,240.90967226159864,53369.47700874577
1982.62,25.87,30.11,38295879,1221441,1722919,237.04182375440632,52512.620370155695
1966.33,25.86,30.1,38295879,1220293,1721521,235.7606891290694,52228.80658928855
2053.22,25.85,30.15,38295879,1219090,1720086,242.6445936780689,53753.81960395609
1977.19,25.83,30.15,38304680,1219268,1721285,236.64380664767793,52424.446389313765
2004.34,25.82,30.15,38295744,1217020,1720256,238.80044636291925,52902.21356494521
2015.21,25.81,30.59,38295744,1215710,1720256,239.6687440363383,53094.5702780786
1982.62,25.8,30.75,38295744,1215791,1720256,237.09732777736272,52524.91635084113
2004.34,25.78,30.86,38291142,1215824,1717688,238.83240039180404,52909.29244141328
2020.64,25.77,30.86,38283830,1215486,1716718,240.1306320909392,53196.89379078452
2009.78,25.76,30.9,38277504,1214955,1715916,239.27900334409637,53008.22979735523
2004.34,25.75,30.96,38277504,1214537,1714672,238.8563715260019,52914.60284212669
1993.48,25.74,30.92,38283745,1214199,1714672,238.00464315996615,52725.91677974443
2015.21,25.73,30.92,38289592,1213761,1713298,239.7328951990889,53108.7818868254
2069.51,25.72,31.21,38280979,1212437,1713298,244.0398032331855,54062.904762618055
2064.08,25.71,31.21,38278111,1211730,1712261,243.6180658662327,53969.47595796269
2042.36,25.71,31.47,38282516,1211567,1712261,241.8984536395065,53588.524855681644
2026.07,25.7,31.32,38277349,1211743,1711469,240.6167956237021,53304.59512647894
2069.51,25.7,31.39,38267367,1211380,1709982,244.0561351591171,54066.52282550998
1998.91,25.69,31.39,38272232,1211277,1709981,238.47439640477222,52829.98269276115
2009.78,25.68,31.71,38280720,1212518,1709351,239.34306090280037,53022.42066970334
2015.21,25.67,31.72,38273812,1212518,1709351,239.78103111272233,53119.44558709048
2015.21,25.66,31.63,38273812,1210453,1709351,239.78905564440174,53121.22328681897
2074.94,25.66,31.95,38266853,1211607,1706862,244.51878056230376,54169.01411602886
2112.96,25.63,31.78,38265742,1211301,1707101,247.55425137359575,54841.47150702167
2042.36,25.63,31.78,38255223,1209954,1707101,241.9632232903906,53602.87348004891
2047.79,25.62,31.78,38262376,1210252,1705129,242.40135449416863,53699.93406291109
2031.5,25.61,31.78,38257540,1210905,1705033,241.11932721804533,53415.922530309144
2004.34,25.6,31.99,38252802,1210380,1703404,238.97629941128693,52941.1708435537
2026.07,25.6,31.99,38252802,1209732,1702789,240.69733681052176,53322.437668780694
2004.34,25.59,32.19,38248462,1210356,1703120,238.98429888572664,52942.942992273114
2047.79,25.58,32.18,38258932,1210807,1704266,242.43381207854173,53707.12449360944
1982.62,25.58,32.38,38254969,1210158,1702095,237.27193833576337,52563.5983767414
2053.22,25.58,32.45,38248278,1210082,1701031,242.86390221853387,53802.403714333595
2036.93,25.55,32.41,38246753,1208424,1700471,241.59789429924027,53521.941000207866
2036.93,25.54,32.63,38247459,1208180,1700471,241.60598288253058,53523.73288949107
2047.79,25.53,32.63,38242788,1207550,1700471,242.47439628439392,53716.11524031052
2069.51,25.53,32.65,38245422,1206434,1698750,244.1950448382957,54097.29592340853
2047.79,25.53,32.86,38245230,1206916,1699537,242.47439628439392,53716.11524031052
2036.93,25.51,32.95,38245542,1207258,1698965,241.63025188235142,53529.109277312295
2123.82,25.51,32.88,38247626,1207514,1699378,248.51409924476877,55054.109623256525
2031.5,25.5,32.93,38247626,1205926,1697816,241.20813728331902,53435.596903248486
2031.5,25.49,33.04,38240957,1204975,1696553,241.2162141697804,53437.38620129641
2047.79,25.48,33.01,38236009,1205359,1695483,242.51499408037625,53725.10899767587
2026.07,25.48,33.01,38238986,1205343,1695483,240.79405743610278,53343.864493012195
1993.48,25.48,33.03,38238030,1203790,1694566,238.2118601415875,52771.82220908084
2009.78,25.45,33.18,38238561,1203368,1694453,239.52741758065588,53063.261784083894
2015.21,25.44,33.31,38228323,1204164,1694453,239.9657313275853,53160.36280630423
2004.34,25.44,33.52,38233020,1204931,1693297,239.10435530031808,52969.539467201415
2004.34,25.43,33.51,38231820,1204890,1694148,239.11236335026447,52971.31351567978
1988.05,25.43,33.46,38228675,1203721,1692099,237.82144472691547,52685.3322549765
1982.62,25.43,33.61,38230030,1204862,1691975,237.3911385191325,52590.00516807541
1998.91,25.42,33.6,38230030,1202720,1690040,238.6900513166163,52877.75740330489
2015.21,25.41,33.6,38226591,1204048,1690040,239.9898436398167,53165.70448263121
1982.62,25.4,33.91,38229277,1202175,1690982,237.41499292930024,52595.289710547506
1977.19,25.39,34.1,38229799,1200546,1690723,236.99258160220654,52501.7116013835
2026.07,25.39,33.97,38227169,1199757,1689560,240.86664893194677,53359.94591528182
2009.78,25.38,33.97,38221214,1199702,1689560,239.58358251962562,53075.704179571396
1971.76,25.37,34.39,38222301,1199951,1689034,236.57806674260652,52409.88282148634
1982.62,25.37,34.24,38220621,1199817,1689396,237.43885213400304,52600.57531516802
1993.48,25.36,34.24,38227669,1201313,1689749,238.3076204954014,52793.03630128911
1982.62,25.36,34.25,38225864,1201629,1689749,237.44680626793937,52602.33741946318
1988.05,25.35,34.25,38218496,1197836,1688153,237.88518246754583,52699.45227702139
1939.18,25.34,34.7,38218496,1195170,1687667,234.0192285131288,51843.01534466325
2015.21,25.33,34.88,38216353,1194881,1685969,240.05416683564624,53179.954202406785
1993.48,25.32,35.3,38216301,1195549,1686045,238.3395577246701,52800.11145608542
1988.05,25.32,35.19,38216868,1193871,1686203,237.90909292914677,52704.74923674367
1982.62,25.32,35.35,38215348,1192812,1685364,237.47862813362343,52609.38701740194
1971.76,25.31,35.51,38213371,1191594,1684814,236.62562649602256,52420.41888316726
1982.62,25.31,35.46,38214490,1191018,1684606,237.48658493279697,52611.14971213548
2009.78,25.31,35.46,38209307,1190986,1685115,239.63977380414073,53088.15241147038
1955.47,25.3,35.83,38211601,1190697,1684676,235.34207405409066,52136.0694757893
1998.91,25.3,35.91,38211601,1188024,1684676,238.78602319183153,52899.018354514126
2004.34,25.29,36.01,38211601,1188484,1683288,239.2245323988807,52996.162677629225
1950.04,25.28,36.14,38211601,1188477,1684604,234.927323573111,52044.18849794722
1988.05,25.28,36.31,38197041,1185578,1684604,237.94098102255953,52711.81350631936
2004.34,25.27,36.73,38197041,1182959,1684604,239.24056514014467,52999.71446120123
1982.62,25.27,36.86,38203528,1180940,1682124,237.51841746210906,52618.20167242127
1988.05,25.26,37.2,38203528,1179719,1682124,237.95692827506593,52715.346351298154
1993.48,25.26,37.36,38197573,1178548,1681811,238.38747962227228,52810.72774470632
1998.91,25.26,37.55,38195540,1178838,1681771,238.81803096947866,52906.10913811447
2020.64,25.26,37.55,38204420,1178769,1680940,240.54102927054572,53287.81036808856
2009.78,25.25,37.55,38199394,1177711,1681472,239.68795874525418,53098.82697294722
1977.19,25.25,37.55,38195838,1177040,1680775,237.10377115121562,52526.343771705855
1982.62,25.25,37.95,38195838,1176084,1680775,237.53433692708643,52621.72836154141
2004.34,25.24,38.3,38195451,1173818,1680397,239.26461828185248,53005.04302929611
1988.05,25.24,38.32,38192934,1174294,1681126,237.97287766534544,52718.87966986455
2004.34,25.24,38.32,38196187,1173904,1678892,239.26461828185248,53005.04302929611
1998.91,25.24,38.57,38196187,1171584,1679307,238.8340380763501,52909.655242818924
2009.78,25.24,38.79,38195343,1171343,1679433,239.6959914527425,53100.60648388836
2009.78,25.23,39.0,38188417,1171352,1679728,239.70402469865218,53102.38611410768
1998.91,25.23,39.11,38190907,1171352,1679728,238.84204243448664,52911.42847343904
2004.34,25.23,39.15,38190438,1169952,1678742,239.27263707058773,53006.81945677213
2031.5,25.23,39.05,38181498,1169005,1678742,241.42640324305657,53483.95004744005
2004.34,25.23,39.29,38186724,1166631,1677747,239.27263707058773,53006.81945677213
1998.91,25.22,39.67,38180019,1166384,1677747,238.85004732916218,52913.20182292033
2004.34,25.22,39.82,38184578,1167748,1677614,239.2806563968293,53008.59600332361
2015.21,25.22,39.82,38183232,1165784,1679039,240.14266755070443,53199.56004402043
1977.19,25.22,39.75,38181663,1165486,1679039,237.12761105849359,52531.62510130719
2015.21,25.22,39.9,38181663,1165166,1678672,240.14266755070443,53199.56004402043
2009.78,25.21,40.14,38185758,1165494,1678332,239.72009280595205,53105.94573242878
2042.36,25.21,40.3,38179033,1164646,1677730,242.3038338071555,53678.3299985555
1993.48,25.21,40.04,38176047,1162616,1677730,238.4274292602302,52819.57791358699
2031.5,25.2,40.4,38182038,1162616,1678222,241.4506794022565,53489.32802130103
2069.51,25.2,40.62,38175216,1160151,1678516,244.46514493816707,54157.13204760737
2042.36,25.2,41.01,38173735,1158813,1676963,242.31195526965948,53680.129171674256
2031.5,25.19,41.01,38176387,1158519,1676963,241.45877254026692,53491.120919605695
2036.93,25.19,40.8,38166367,1157624,1677000,241.88942490843695,53586.5246925055
2004.34,25.19,41.24,38175148,1157624,1677618,239.30471760113286,53013.926357550685
2064.08,25.19,41.26,38163958,1157087,1676222,244.0426867492871,54063.54355700453
2064.08,25.19,41.42,38169483,1155818,1677267,244.0426867492871,54063.54355700453
2026.07,25.19,41.42,38169483,1154157,1677267,241.0281201720969,53395.71714670589
2042.36,25.19,41.71,38166453,1154157,1677267,242.32007727660692,53681.9284654053
2058.65,25.18,41.55,38162042,1155580,1676761,243.62020023887123,53969.94879224282
2091.23,25.18,41.55,38162574,1154574,1675761,246.2042010605086,54542.39061720702
2134.68,25.18,41.98,38171049,1153761,1675761,249.65032861422696,55305.8220872713
2074.94,25.18,42.45,38167702,1153761,1676144,244.9122006496899,54256.169704724925
2080.37,25.17,42.43,38169860,1151871,1676418,245.35109160412253,54353.39859753792
2047.79,25.17,42.46,38161420,1151314,1675422,242.76700416406126,53780.937583721985
1993.48,25.16,42.53,38159378,1152680,1675115,238.46739229017558,52828.43104923674
2020.64,25.16,42.55,38155660,1152573,1675056,240.62166385512904,53305.6736010905
2026.07,25.15,42.55,38155660,1152982,1674510,241.06044040276024,53402.87714900514
2026.07,25.13,42.9,38153902,1154542,1674011,241.0766037687521,53406.45787028374
2004.34,25.13,42.69,38153210,1153247,1672149,239.35285452971024,53024.590282659476
1960.9,25.12,42.63,38152199,1152946,1672961,235.91485174158717,52262.958717458154
1982.62,25.12,42.63,38149252,1152581,1671440,237.63786548778822,52644.66336904133
1993.48,25.12,42.71,38143178,1154175,1672452,238.49937236088874,52835.51569483292
1982.62,25.11,42.76,38144270,1154020,1671797,237.64583296131758,52646.428428498475
1988.05,25.1,42.94,38145911,1155177,1671441,238.08458329107265,52743.626168284594
1982.62,25.09,43.08,38151994,1155902,1671870,237.6617695112748,52649.958902507904
2031.5,25.09,43.25,38151994,1153847,1670423,241.53973377033006,53509.0565154076
1977.19,25.09,43.24,38139555,1153574,1670468,237.23097274518088,52554.5231406821
1977.19,25.08,43.31,38140792,1153291,1669638,237.23892737659773,52556.28535518569
1944.61,25.07,43.31,38145978,1154332,1669684,234.66192859769183,51985.394714759095
2009.78,25.06,43.88,38146065,1151944,1669521,239.84067231006284,53132.65808902267
1966.33,25.06,43.97,38141348,1150214,1668019,236.3931580311963,52368.91941337706
1971.76,25.06,43.97,38137188,1149716,1669721,236.82399813555176,52464.364776064176
1944.61,25.05,44.1,38131097,1149869,1669101,234.6776671576246,51988.88132741602
1901.16,25.05,44.31,38135599,1150512,1669101,231.2300372679506,51225.11704014481
1955.47,25.04,44.38,38135599,1149069,1667759,235.5472752320445,52181.52833780246
1895.73,25.04,44.34,38139206,1148734,1668900,230.80692271968547,51131.38314418409
1971.76,25.04,44.3,38139206,1148479,1667475,236.83988223616782,52467.883630806195
1944.61,25.03,44.32,38125997,1148479,1667295,234.69340782884046,51992.36840779213
1933.75,25.03,44.52,38131053,1148479,1667295,233.83164092616533,51801.45847683146
1944.61,25.03,44.52,38123283,1143890,1667366,234.69340782884046,51992.36840779213
1993.48,25.03,44.52,38123283,1143042,1667072,238.57135889087894,52851.46309711521
1971.76,25.03,45.21,38123283,1141425,1666576,236.8478250855285,52469.64323519384
1950.04,25.03,45.24,38123283,1140358,1667177,235.1242912801781,52087.823373272484
1955.47,25.03,45.43,38117031,1141200,1666442,235.5551747315157,52183.27833875282
1922.88,25.02,45.43,38117031,1140830,1666631,232.97689379676783,51612.10365831202
1933.75,25.02,45.77,38119724,1139690,1665736,233.8394831517724,51803.19578972266
1960.9,25.02,45.66,38122193,1140696,1665736,235.9939726631224,52280.48662392677
1912.02,25.02,45.92,38116234,1140226,1666030,232.11509799222782,51421.18732463038
1950.04,25.02,46.02,38113588,1140940,1666389,235.13217685858243,52089.57029024513
1971.76,25.02,46.02,38123881,1141098,1666482,236.8557684676624,52471.402957608414
1906.59,25.02,46.13,38119881,1139481,1666518,231.6842000899578,51325.72915778956
1939.18,25.02,46.29,38117845,1139481,1666518,234.2703810540424,51898.65395656348
1917.45,25.02,46.33,38115594,1136613,1665490,232.54599589449782,51516.6454914712
1966.33,25.02,46.64,38113640,1135910,1666299,236.4248705653924,52375.94479076759
1939.18,25.02,46.64,38116934,1134735,1666089,234.2703810540424,51898.65395656348
1955.47,25.02,46.64,38109531,1135132,1665764,235.5630747608524,52185.02845708595
1955.47,25.02,46.76,38109531,1135130,1665167,235.5630747608524,52185.02845708595
1960.9,25.02,47.01,38109531,1134065,1665754,235.9939726631224,52280.48662392677
1960.9,25.02,47.01,38111487,1134065,1665754,235.9939726631224,52280.48662392677
1966.33,25.01,47.4,38107837,1133605,1667313,236.4328000284513,52377.701429645735
1950.04,25.01,47.59,38109111,1132407,1667702,235.1400629659361,52091.31732439759
1966.33,25.0,47.7,38107882,1130530,1666247,236.44073002342128,52379.4581863598
1928.32,25.01,47.73,38107882,1130530,1666302,233.41641354924914,51709.47185073341
2004.34,25.01,47.85,38110088,1129209,1666738,239.4491865076535,53045.93100855805
2009.78,25.01,47.83,38109123,1129260,1666738,239.88089243890474,53141.56818059917
1998.91,25.01,48.05,38109123,1127677,1666912,239.01827415348177,52950.46964014201
1998.91,25.01,48.28,38109123,1128048,1667568,239.01827415348177,52950.46964014201
2009.78,25.01,48.28,38113815,1126323,1666328,239.88089243890474,53141.56818059917
2031.5,25.02,48.28,38111695,1124522,1667536,241.596438943097,53521.618590586455
2031.5,25.02,48.48,38111695,1124316,1668035,241.596438943097,53521.618590586455
2026.07,25.02,48.48,38107568,1123862,1667107,241.165541040827,53426.160423745634
2026.07,25.02,48.86,38126954,1123306,1667107,241.165541040827,53426.160423745634
2042.36,25.02,48.8,38121424,1121364,1668991,242.45823474763696,53712.53492426809
2058.65,25.03,48.9,38119286,1120703,1668931,243.7427538307816,53997.09847471259
2036.93,25.03,48.89,38114235,1120081,1668521,242.0192200254312,53615.27861279123
2058.65,25.03,48.99,38115740,1120305,1667444,243.7427538307816,53997.09847471259
2069.51,25.03,48.99,38115514,1119127,1667444,244.6045207334568,54188.00840567328
2042.36,25.04,49.13,38110692,1119127,1668193,242.4419727512757,53708.93235309371
2064.08,25.04,49.29,38113103,1116050,1667948,244.16544875677351,54090.739410432034
2096.67,25.04,49.48,38108380,1115738,1667454,246.7514562622603,54663.62578237751
2047.79,25.05,49.6,38108380,1114380,1668808,242.86469712348347,53802.579812125914
2074.94,25.05,49.69,38113751,1114380,1668791,245.01896988538564,54279.822629143484
2107.53,25.05,49.82,38113751,1113140,1668791,247.6048906702988,54852.68978960768
2091.23,25.05,49.87,38102620,1112404,1667660,246.31153354252694,54566.16831935403
2053.22,25.06,49.97,38099723,1112344,1667903,243.28739314490664,53896.22099051968
2123.82,25.06,49.97,38103106,1111928,1668065,248.88910794555056,55137.186479600925
2085.8,25.06,50.22,38103106,1111907,1668119,245.87243377103948,54468.89316664244
2102.1,25.06,50.22,38101596,1111859,1667557,247.16574752812866,54755.405028852416
2102.1,25.06,50.22,38101596,1111836,1667557,247.16574752812866,54755.405028852416
2091.23,25.06,50.26,38101596,1112890,1668001,246.30327387539495,54564.338529329565
2074.94,25.06,50.23,38097273,1112890,1665440,245.01075356232855,54278.00244126819
2140.11,25.05,50.3,38103201,1113728,1666321,250.1900179845814,55425.38117002876
2064.08,25.05,50.41,38097946,1113206,1665819,244.15726078062477,54088.92550233645
2058.65,25.05,50.53,38100996,1113206,1665934,243.72640622824431,53993.47693893294
2053.22,25.05,50.45,38092053,1112939,1665082,243.2955516758639,53898.02837552943
2020.64,25.04,50.42,38090354,1113820,1665082,240.718496745778,53327.12529575542
1993.48,25.03,50.45,38090354,1115444,1665082,238.57135889087894,52851.46309711521
2036.93,25.03,50.28,38086255,1117047,1664650,242.0192200254312,53615.27861279123
1998.91,25.02,50.48,38086255,1117184,1662470,239.0102579790124,52948.693791812526
1971.76,25.01,50.65,38087664,1117119,1662587,236.86371238262308,52473.16279806178
1988.05,25.0,50.69,38085080,1116971,1662587,238.16443725159294,52761.31646718392
1955.47,25.0,50.7,38085080,1116971,1661567,235.57887640933544,52188.52904594773
1977.19,24.99,50.7,38085080,1118332,1661019,237.31054307212295,52572.150605343224
1982.62,24.98,50.67,38073105,1118416,1660562,237.7494587563901,52669.38497663421
1928.32,24.98,50.78,38080331,1117966,1661346,233.43990159945034,51714.675232330446
1944.61,24.97,50.78,38075256,1117966,1660344,234.74064251443596,52002.8324561769
1901.16,24.96,50.78,38074486,1117452,1659893,231.29984607461296,51240.582004532494
1874.01,24.96,51.15,38075264,1117141,1659608,229.14492293349315,50763.19510696234
1879.44,24.96,51.15,38067371,1117276,1657957,229.5759075617171,50858.67248647637
1922.88,24.96,51.17,38071876,1117016,1659191,233.0237845875088,51622.49152258862
1917.45,24.95,51.32,38071876,1115281,1659191,232.60060246850858,51528.74265747054
1944.61,24.95,51.44,38071015,1113839,1659045,234.75639163503405,52006.32140837121
1895.73,24.95,51.54,38073337,1112907,1659045,230.8766061247334,51146.82032795792
1933.75,24.95,51.54,38077369,1111660,1659397,233.89439346314649,51815.36024361491
1933.75,24.95,51.97,38077369,1111110,1659234,233.89439346314649,51815.36024361491
1955.47,24.95,52.24,38078541,1111240,1660780,235.6183898069217,52197.28257312753
1895.73,24.96,52.28,38079393,1110125,1660633,230.868861446389,51145.104625018466
1928.32,24.96,52.32,38077901,1108581,1660228,233.45556292591368,51718.144735214104
1977.19,24.96,52.4,38070866,1107877,1660711,237.33442457992933,52577.44115084039
1928.32,24.97,52.44,38074551,1106716,1660599,233.44773200001381,51716.409925582564
2020.64,24.97,52.55,38076146,1106214,1661208,240.77501859862988,53339.646759497205
1993.48,24.98,52.49,38075708,1105133,1662336,238.61137018777808,52860.32692549496
2009.78,24.98,52.48,38081159,1104855,1662657,239.905030991795,53146.9156701018
1971.76,24.98,52.67,38078239,1104034,1662021,236.88754732500217,52478.44302777346
2015.21,24.99,52.96,38082962,1102718,1662562,240.32792552862307,53240.60082623726
2015.21,24.99,53.09,38073101,1101822,1662440,240.32792552862307,53240.60082623726
2042.36,24.99,53.33,38074519,1101620,1662844,242.48263183304118,53717.93968729125
2047.79,24.99,53.33,38074519,1101251,1663877,242.91357309392487,53813.40745950206
2015.21,25.0,53.35,38082143,1100423,1663542,240.31986489050377,53238.81512773563
2009.78,25.0,53.62,38079204,1099320,1664053,239.88893808346083,53143.3505575296
2118.39,25.01,53.51,38076198,1098954,1664349,248.49993309941905,55050.97135254515
2047.79,25.01,53.8,38082102,1098044,1664928,242.89727891810693,53809.797759511486
2036.93,25.01,53.8,38082355,1097551,1664325,242.03545420976346,53618.8750226794
2064.08,25.02,53.96,38079765,1098219,1664849,244.181826356717,54094.36759163139
2085.8,25.02,54.04,38075218,1096788,1664892,245.905417965797,54476.20025899468
2031.5,25.02,54.04,38075218,1096813,1665868,241.596438943097,53521.618590586455
2058.65,25.03,54.14,38084349,1095743,1665433,243.7427538307816,53997.09847471259
2080.37,25.03,54.21,38076845,1095265,1664301,245.46628763613202,54378.918336633964
2091.23,25.03,54.04,38079491,1095265,1665632,246.3280545388072,54569.82826759465
2145.54,25.03,54.04,38074693,1094163,1665632,250.63768257603465,55524.55371423135
2183.56,25.04,54.04,38076864,1094723,1664480,253.64615378149153,56191.02979766877
2085.8,25.04,54.25,38075284,1094177,1664253,245.8889247622713,54472.54646777035
2096.67,25.04,54.29,38076900,1093921,1664728,246.7514562622603,54663.62578237751
2091.23,25.04,54.36,38076900,1093580,1665172,246.31979376364575,54567.99823210493
2091.23,25.04,54.47,38080443,1092803,1664514,246.31979376364575,54567.99823210493
2080.37,25.04,54.45,38071207,1092405,1664729,245.45805576089685,54377.094703435774
2085.8,25.05,54.45,38079585,1092283,1665404,245.88067899014652,54470.719755950515
2112.96,25.05,54.4,38068511,1092294,1665600,248.03574522267922,54948.13835301119
2107.53,25.05,54.54,38079849,1091757,1664442,247.6048906702988,54852.68978960768
2096.67,25.05,54.67,38075913,1091603,1665637,246.74318156553792,54661.792662800646
2123.82,25.05,54.61,38070331,1091838,1664984,248.8974543274401,55139.035479818216
2118.39,25.05,54.55,38078288,1091786,1665820,248.46659977505965,55043.5869164147
2150.97,25.05,54.55,38078288,1090853,1666056,251.05172708934228,55616.27829683579
2107.53,25.05,55.0,38077311,1090858,1666418,247.6048906702988,54852.68978960768
2134.68,25.05,55.0,38074846,1090221,1665484,249.75916343220098,55329.93260662525
2145.54,25.05,55.0,38074286,1089838,1665990,250.62087253696185,55520.82973343228
2112.96,25.05,55.0,38074286,1089572,1665911,248.03574522267922,54948.13835301119
2129.25,25.06,55.09,38076527,1088938,1666551,249.31994804990603,55232.63184228805
2156.4,25.06,54.91,38076223,1088508,1665591,251.4741485716834,55709.85865572368
2150.97,25.06,55.02,38077517,1087988,1666194,251.04330846732793,55614.41329303656
2102.1,25.06,55.02,38067412,1088034,1665021,247.16574752812866,54755.405028852416
2140.11,25.06,55.37,38069743,1088769,1665665,250.18162825861697,55423.5225676623
2129.25,25.06,55.33,38072828,1089100,1666170,249.31994804990603,55232.63184228805
2123.82,25.06,55.22,38072341,1089006,1665884,248.88910794555056,55137.186479600925
2150.97,25.06,55.31,38074227,1089006,1665478,251.04330846732793,55614.41329303656
2123.82,25.06,55.25,38068754,1089034,1665478,248.88910794555056,55137.186479600925
2112.96,25.06,55.25,38070178,1089446,1663946,248.0274277368396,54946.29575422667
2064.08,25.06,55.24,38066855,1089824,1663061,244.14907335361758,54087.11171589393
2091.23,25.06,55.17,38060675,1090650,1663422,246.30327387539495,54564.338529329565
2064.08,25.06,55.06,38060675,1090650,1663422,244.14907335361758,54087.11171589393
2042.36,25.05,54.91,38057266,1094423,1661849,242.43384257110296,53707.131248722384
2020.64,25.04,54.94,38052973,1095583,1661849,240.718496745778,53327.12529575542
1971.76,25.03,54.92,38052973,1098125,1660970,236.8478250855285,52469.64323519384
2009.78,25.02,54.88,38050027,1099816,1659501,239.872847334017,53139.785923223164
1944.61,25.0,54.75,38050027,1101464,1659501,234.71702279524956,51997.59990553566
1944.61,24.98,54.87,38048892,1101439,1657441,234.73276874653223,52001.08815562157
1912.02,24.97,54.83,38036976,1101816,1656627,232.1540278020346,51429.81156777484
1890.3,24.97,54.83,38033661,1101971,1655945,230.43014711613836,51047.91486031573
1901.16,24.96,54.74,38037150,1102423,1656091,231.29984607461296,51240.582004532494
1901.16,24.95,54.74,38034170,1102490,1655185,231.3076052106772,51242.30091033607
1955.47,24.95,54.88,38034871,1102921,1655574,235.6183898069217,52197.28257312753
1846.86,24.94,54.99,38033897,1104127,1654668,227.005229420995,50289.1820768959
1874.01,24.93,55.08,38040674,1105232,1654229,229.16798502316036,50768.30412418325
1846.86,24.92,55.06,38042478,1105040,1653888,227.02046109338207,50292.556397161396
1830.56,24.91,55.13,38041957,1104252,1654677,225.7341130732163,50007.587676549236
1835.99,24.9,55.13,38034968,1104407,1654061,226.17275816179398,50104.7621019265
1917.45,24.9,55.24,38035784,1104780,1654464,232.63962286818457,51537.3869692735
1857.72,24.89,55.36,38036058,1104115,1654121,227.90548414019634,50488.61833484016
1819.7,24.89,55.33,38037789,1102874,1654983,224.88708927514148,49819.94383189643
1819.7,24.89,55.42,38034719,1102598,1654863,224.88708927514148,49819.94383189643
1819.7,24.89,55.48,38033714,1102092,1653932,224.88708927514148,49819.94383189643
1825.13,24.88,55.48,38033714,1102881,1654348,225.3257353792672,49917.118482251244
1906.59,24.88,55.9,38033714,1102289,1654462,231.79303405973465,51349.83948923971
1863.15,24.88,56.01,38041476,1100148,1655489,228.34423152254453,50585.81542167797
1846.86,24.88,56.32,38045636,1099037,1656723,227.0509305710982,50299.30639634231
1879.44,24.88,56.36,38045636,1099169,1656723,229.63753247399083,50872.32444701363
1874.01,24.88,56.36,38048837,1097446,1656449,229.20643215684206,50776.821438568404
1906.59,24.89,56.67,38049087,1095799,1656449,231.78525681392674,51348.11657152769
1912.02,24.89,57.01,38052553,1094404,1657722,232.21634266656346,51443.616375604084
1906.59,24.9,57.01,38049307,1092940,1658934,231.77748008999401,51346.39376942832
1955.47,24.9,57.29,38052372,1091665,1659269,235.657916461813,52206.03903723978
1977.19,24.91,57.51,38050391,1088853,1660473,237.37423777602746,52586.26109332694
2009.78,24.92,57.61,38053845,1087167,1660672,239.9533226744853,53157.613878375705
2031.5,24.94,57.74,38053104,1087167,1662581,241.66127746540715,53535.98247225724
2042.36,24.95,57.83,38060686,1083196,1662490,242.51516891882895,53725.147730187906
2058.65,24.95,57.77,38060686,1080293,1662490,243.8081661766604,54011.589477322384
2009.78,24.98,57.77,38060296,1079380,1664335,239.905030991795,53146.9156701018
2042.36,24.99,57.85,38053008,1078902,1663961,242.48263183304118,53717.93968729125
2058.65,25.0,58.01,38053008,1078009,1663176,243.7672793468471,54002.531689383875
2064.08,25.0,58.01,38056592,1077688,1666155,244.19820615389003,54097.99625958991
2080.37,25.01,58.23,38056592,1076790,1665472,245.48275304313736,54382.56597000776
2020.64,25.02,58.04,38056592,1077031,1664982,240.73464313855703,53330.70225690482
2085.8,25.02,58.15,38047996,1077436,1665464,245.905417965797,54476.20025899468
2096.67,25.03,58.32,38047862,1077384,1665464,246.75973151399626,54665.45902490828
2064.08,25.03,58.22,38047862,1078916,1665464,244.1736372821192,54092.55344019293
2064.08,25.03,58.24,38052874,1078253,1665464,244.1736372821192,54092.55344019293
2080.37,25.03,58.24,38047435,1078119,1663171,245.46628763613202,54378.918336633964
2042.36,25.02,58.37,38044038,1078681,1663961,242.45823474763696,53712.53492426809
2064.08,25.02,58.27,38048868,1079378,1663453,244.181826356717,54094.36759163139
2140.11,25.02,58.29,38048107,1079071,1663987,250.2151905389616,55430.95772513189
2085.8,25.02,58.43,38048107,1078990,1664091,245.905417965797,54476.20025899468
2069.51,25.02,58.43,38042702,1078650,1663020,244.612724258987,54189.82575847221
2047.79,25.02,58.43,38042702,1078653,1663020,242.88913264990703,53807.993091108925
2074.94,25.02,58.61,38045638,1078539,1663064,245.043622161257,54285.28392531303
2080.37,25.01,58.61,38045638,1078456,1662504,245.48275304313736,54382.56597000776
2047.79,25.01,58.71,38047974,1078840,1663102,242.89727891810693,53809.797759511486
2064.08,25.01,58.72,38047974,1078612,1663124,244.19001598062215,54096.18186475962
2064.08,25.01,58.63,38047974,1078177,1662975,244.19001598062215,54096.18186475962
2069.51,25.01,58.72,38036888,1078084,1662975,244.6209283347939,54191.64323317567
2031.5,25.01,58.78,38041134,1079506,1663170,241.60454185559172,53523.41365426336
2047.79,25.01,58.82,38040902,1078591,1662633,242.89727891810693,53809.797759511486
2085.8,25.0,58.82,38040902,1078591,1662633,245.9219133820617,54479.85454041403
2026.07,25.0,58.82,38040902,1077278,1662633,241.18171850458958,53429.74426814769
2102.1,25.0,58.99,38031367,1077926,1662236,247.21548740688664,54766.42406055368
2053.22,25.0,59.0,38031367,1077729,1662236,243.33635253980418,53907.067119177846
2058.65,25.0,59.05,38035355,1077729,1662236,243.7672793468471,54002.531689383875
2053.22,25.0,59.06,38035355,1076630,1662615,243.33635253980418,53907.067119177846
2053.22,24.99,59.21,38037116,1077088,1661710,243.34451435480852,53908.87523171287
2074.94,25.0,59.09,38029678,1076551,1661517,245.06005976797584,54288.925400001965
2074.94,25.0,59.16,38032169,1076551,1661517,245.06005976797584,54288.925400001965
2064.08,24.99,59.16,38029740,1076283,1661590,244.20639687657575,54099.810776134465
2091.23,24.99,59.1,38028888,1076179,1661590,246.36110318099392,54577.149637188464
2026.07,24.99,59.24,38037023,1076382,1661729,241.18980805039033,53431.53637065886
2069.51,24.99,59.24,38034299,1076414,1661814,244.63733813745938,54195.27854834526
2080.37,24.99,59.24,38034299,1075415,1661826,245.49922065922667,54386.214092766866
2074.94,24.99,59.24,38027619,1075723,1661938,245.06827939834304,54290.74632055607
2069.51,24.99,59.4,38031955,1075309,1662168,244.63733813745938,54195.27854834526
2058.65,24.99,59.39,38035257,1075164,1662168,243.77545561569212,54004.34300392366
2118.39,24.99,59.51,38035257,1074812,1662007,248.51660311572678,55054.664313660905
2069.51,24.99,59.49,38030589,1075033,1662244,244.63733813745938,54195.27854834526
2096.67,24.99,59.49,38030589,1075033,1661969,246.79283807219227,54672.7932248177
2074.94,24.99,59.54,38027330,1074992,1661234,245.06827939834304,54290.74632055607
2064.08,24.99,59.5,38025366,1074732,1661541,244.20639687657575,54099.810776134465
2053.22,24.99,59.66,38028307,1075227,1661849,243.34451435480852,53908.87523171287
2058.65,24.99,59.67,38027033,1074896,1661849,243.77545561569212,54004.34300392366
2091.23,24.99,59.72,38029275,1074306,1661576,246.36110318099392,54577.149637188464
2080.37,24.99,59.71,38032131,1074582,1661307,245.49922065922667,54386.214092766866
2074.94,24.99,59.66,38027440,1074148,1661480,245.06827939834304,54290.74632055607
2074.94,24.99,59.83,38029369,1075254,1662149,245.06827939834304,54290.74632055607
2091.23,24.99,59.8,38027511,1074846,1661644,246.36110318099392,54577.149637188464
2107.53,24.99,59.91,38029247,1074582,1660976,247.65472059395952,54863.72876923931
2085.8,24.98,59.91,38023303,1074595,1660974,245.9384110115107,54483.50931212707
2150.97,24.98,59.74,38018536,1073705,1660005,251.11067325677345,55629.336826607294
2053.22,24.98,59.74,38018536,1073304,1660005,243.35267671734684,53910.68346554481
2085.8,24.98,59.91,38019351,1072929,1661002,245.9384110115107,54483.50931212707
2064.08,24.98,59.98,38022793,1072929,1661002,244.21458814873478,54101.625414405564
2069.51,24.98,60.0,38016074,1073085,1661002,244.6455438644288,54197.09638883594
2102.1,24.98,59.89,38028705,1072688,1660221,247.2320718155276,54770.0980567339
2085.8,24.98,59.93,38024936,1072637,1662031,245.9384110115107,54483.50931212707
2053.22,24.98,59.98,38024936,1073057,1661256,243.35267671734684,53910.68346554481
2112.96,24.98,60.14,38024936,1072076,1661563,248.09398324691557,54961.04000559465
2096.67,24.98,60.07,38019279,1071990,1661545,246.80111609983365,54674.62708230353
2064.08,24.98,60.08,38017461,1072155,1660945,244.21458814873478,54101.625414405564
2085.8,24.98,60.07,38024627,1072985,1660432,245.9384110115107,54483.50931212707
2091.23,24.98,60.18,38023206,1072869,1660609,246.3693667272047,54578.980286557446
2096.67,24.98,60.08,38015789,1072420,1659919,246.80111609983365,54674.62708230353
2091.23,24.98,60.08,38022987,1072412,1660061,246.3693667272047,54578.980286557446
2085.8,24.98,60.07,38018367,1072069,1660506,245.9384110115107,54483.50931212707
2102.1,24.98,60.01,38026180,1072033,1661097,247.2320718155276,54770.0980567339
2107.53,24.98,60.13,38019081,1071291,1660382,247.66302753122162,54865.56903116428
2069.51,24.98,60.28,38017994,1071209,1660445,244.6455438644288,54197.09638883594
2107.53,24.98,60.33,38019427,1071209,1660506,247.66302753122162,54865.56903116428
2096.67,24.98,60.33,38022399,1070783,1660592,246.80111609983365,54674.62708230353
2085.8,24.98,60.36,38024270,1071340,1660639,245.9384110115107,54483.50931212707
2091.23,24.98,60.49,38019010,1071199,1660315,246.3693667272047,54578.980286557446
2134.68,24.98,60.49,38017871,1071157,1660315,249.81780610969147,55342.92390331616
2096.67,24.98,60.46,38017511,1070856,1660089,246.80111609983365,54674.62708230353
2102.1,24.98,60.28,38018213,1070773,1660823,247.2320718155276,54770.0980567339
2107.53,24.98,60.28,38018761,1070643,1660823,247.66302753122162,54865.56903116428
2091.23,24.98,60.39,38012171,1069962,1659311,246.3693667272047,54578.980286557446
2080.37,24.98,60.39,38020986,1071014,1658997,245.50745529581673,54388.03833769669
2091.23,24.98,60.48,38019525,1071014,1658997,246.3693667272047,54578.980286557446
2074.94,24.98,60.53,38012428,1070513,1658997,245.07649958012274,54292.56736326632
2053.22,24.98,60.43,38012326,1070545,1659952,243.35267671734684,53910.68346554481
2064.08,24.98,60.43,38010560,1070308,1659190,244.21458814873478,54101.625414405564
2085.8,24.98,60.51,38011866,1070600,1659570,245.9384110115107,54483.50931212707
2080.37,24.98,60.5,38011963,1070441,1659813,245.50745529581673,54388.03833769669
2074.94,24.98,60.53,38011541,1070623,1658538,245.07649958012274,54292.56736326632
2085.8,24.98,60.56,38016998,1070401,1659364,245.9384110115107,54483.50931212707
2053.22,24.98,60.63,38013257,1070610,1659554,243.35267671734684,53910.68346554481
2069.51,24.98,60.63,38014732,1070164,1659554,244.6455438644288,54197.09638883594
2080.37,24.97,60.78,38014732,1070678,1659554,245.51569048484447,54389.86270500977
2074.94,24.97,60.78,38015645,1070320,1660436,245.0847203133704,54294.38852814499
2074.94,24.97,60.78,38015645,1070393,1659672,245.0847203133704,54294.38852814499
2074.94,24.97,60.78,38014369,1070914,1660177,245.0847203133704,54294.38852814499
2107.53,24.97,60.78,38009303,1070132,1659282,247.6713350257718,54867.409416547045
2074.94,24.97,60.88,38005218,1070339,1659750,245.0847203133704,54294.38852814499
2085.8,24.97,60.89,38007226,1070339,1659750,245.94666065631853,54485.33688187455
2074.94,24.96,61.04,38019997,1070815,1659902,245.0929415981416,54296.20981520441
2047.79,24.97,60.9,38007340,1069896,1659902,242.92986945600015,53817.0176438211
2107.53,24.96,61.09,38007340,1070375,1659647,247.67964307766627,54869.24992540004
2085.8,24.96,61.19,38014029,1069814,1660146,245.95491085458954,54487.16457423247
2118.39,24.96,61.19,38011328,1069609,1659604,248.5416123341142,55060.20468442811
2053.22,24.96,61.14,38015334,1068979,1657601,243.36900308524574,53914.30029714828
2107.53,24.96,61.14,38019869,1069281,1659919,247.67964307766627,54869.24992540004
2080.37,24.96,61.25,38013926,1069272,1658575,245.52392622636557,54391.68719471844
2080.37,24.96,61.25,38014526,1069056,1659446,245.52392622636557,54391.68719471844
2069.51,24.96,61.25,38007976,1068508,1659446,244.66195696991764,54200.73243569037
2080.37,24.96,61.27,38008026,1068964,1659446,245.52392622636557,54391.68719471844
2102.1,24.96,61.23,38009337,1068204,1659315,247.2486584494423,54773.77254588601
2080.37,24.96,61.26,38013475,1068223,1660356,245.52392622636557,54391.68719471844
2069.51,24.95,61.3,38010590,1068336,1658950,244.67016434854798,54202.5506420787
2091.23,24.95,61.32,38011560,1068295,1659597,246.39416069232317,54584.47297159132
2129.25,24.95,61.4,38008711,1068038,1659675,249.41194803073628,55253.01288724831
2123.82,24.95,61.38,38008673,1068086,1658611,248.9809489447925,55157.532304870154
2107.53,24.95,61.45,38012615,1067849,1658700,247.6879516869611,54871.09055773569
2085.8,24.95,61.47,38008967,1067260,1659205,245.96316160637937,54488.99238921316
2102.1,24.95,61.43,38008320,1067200,1659215,247.2569526010173,54775.60997535753
2074.94,24.95,61.43,38007656,1066999,1658935,245.10116343449175,54298.03122445685
2118.39,24.95,61.49,38000697,1067050,1658678,248.5499498588487,55062.051722492
2102.1,24.95,61.49,38000697,1067017,1659818,247.2569526010173,54775.60997535753
2080.37,24.95,61.39,38000726,1067466,1659393,245.53216252043558,54393.511806835006
2085.8,24.95,61.45,38008306,1067374,1658915,245.96316160637937,54488.99238921316
2107.53,24.96,61.58,38003516,1068129,1657981,247.67964307766627,54869.24992540004
2091.23,24.96,61.61,38004934,1068129,1657981,246.38589548281348,54582.6419537465
2069.51,24.96,61.61,38007165,1068395,1657981,244.66195696991764,54200.73243569037
2096.67,24.96,61.57,38007901,1068095,1658725,246.81767382121836,54678.29516637198
2107.53,24.96,61.69,38013042,1068224,1660135,247.67964307766627,54869.24992540004
2091.23,24.96,61.63,38006008,1067319,1658766,246.38589548281348,54582.6419537465
2064.08,24.96,61.69,38007220,1067015,1658766,244.23097234169367,54105.25505617634
2118.39,24.96,61.65,38008925,1066934,1658681,248.5416123341142,55060.20468442811
2096.67,24.96,61.56,38008556,1066696,1658681,246.81767382121836,54678.29516637198
2102.1,24.96,61.68,38012528,1066744,1659114,247.2486584494423,54773.77254588601
2053.22,24.95,61.75,38007429,1066853,1658888,243.37716709071657,53916.10889494423
2134.68,24.95,61.75,38007429,1066055,1657751,249.84294711668005,55348.49346962646
2107.53,24.96,61.68,37998578,1065847,1658457,247.67964307766627,54869.24992540004
2091.23,24.96,61.74,38008128,1066830,1659230,246.38589548281348,54582.6419537465
2112.96,24.95,61.87,38010616,1065943,1659239,248.11895077290487,54966.57114011384
2096.67,24.96,61.87,38010616,1065597,1658428,246.81767382121836,54678.29516637198
2107.53,24.96,61.87,38003034,1065462,1659048,247.67964307766627,54869.24992540004
2102.1,24.96,61.82,38005244,1065689,1658981,247.2486584494423,54773.77254588601
2096.67,24.96,61.82,37998696,1065584,1659225,246.81767382121836,54678.29516637198
2161.83,24.96,61.89,38005002,1065481,1659320,251.98948935990592,55824.02372054036
2096.67,24.96,61.97,38005805,1065206,1659117,246.81767382121836,54678.29516637198
2112.96,24.95,62.05,38004499,1065250,1658535,248.11895077290487,54966.57114011384
2178.13,24.95,62.04,38001461,1065504,1659542,253.29173354103702,56112.513967661616
2058.65,24.95,61.97,37999549,1065554,1658146,243.8081661766604,54011.589477322384
2102.1,24.95,61.99,38005693,1065529,1658541,247.2569526010173,54775.60997535753
2112.96,24.95,62.03,38001938,1065693,1659038,248.11895077290487,54966.57114011384
2080.37,24.95,62.01,38005433,1065288,1659038,245.53216252043558,54393.511806835006
2112.96,24.95,61.97,37997184,1064462,1658311,248.11895077290487,54966.57114011384
2118.39,24.95,62.03,37993698,1064392,1658346,248.5499498588487,55062.051722492
2069.51,24.95,62.01,37993780,1064522,1658483,244.67016434854798,54202.5506420787
2140.11,24.95,62.01,37997678,1064522,1658574,250.27394620262388,55443.97405200462
2102.1,24.95,62.11,37997678,1064611,1657772,247.2569526010173,54775.60997535753
2102.1,24.95,62.11,38003108,1064620,1659007,247.2569526010173,54775.60997535753
2112.96,24.95,62.13,37999572,1064207,1658664,248.11895077290487,54966.57114011384
2102.1,24.95,62.17,38001121,1064148,1658928,247.2569526010173,54775.60997535753
2123.82,24.95,62.23,38001557,1063751,1658282,248.9809489447925,55157.532304870154
2150.97,24.95,62.27,37998065,1063751,1658365,251.13594437451147,55634.935216760925
2161.83,24.95,62.33,37997621,1063241,1658374,251.9979425463991,55825.89638151724
2091.23,24.95,62.31,38001668,1063283,1659527,246.39416069232317,54584.47297159132
2064.08,24.95,62.41,37994657,1063639,1659126,244.2391652626042,54107.07005970054
2134.68,24.95,62.31,37995707,1064012,1657428,249.84294711668005,55348.49346962646
2112.96,24.95,62.3,37995707,1064325,1658394,248.11895077290487,54966.57114011384
2080.37,24.96,62.22,37995707,1064084,1658401,245.52392622636557,54391.68719471844
2069.51,24.96,62.17,37998014,1064919,1658125,244.66195696991764,54200.73243569037
2074.94,24.95,62.17,37997821,1065217,1658125,245.10116343449175,54298.03122445685
2058.65,24.94,62.15,37992146,1066563,1656962,243.8163451885754,54013.401399543094
2042.36,24.94,62.1,37993704,1066899,1656960,242.52330455467444,53726.95004317157
2047.79,24.94,62.08,38001592,1067156,1656520,242.95431809930813,53822.43382862875
2053.22,24.93,62.04,37991703,1067984,1656588,243.39349674497655,53919.726454585594
2047.79,24.93,62.08,37994015,1068666,1656588,242.96246874068294,53824.2394658345
2009.78,24.93,62.1,38005629,1068723,1656588,239.9452727106275,53155.83054457679
2026.07,24.92,62.19,37989929,1068433,1655983,241.24645006925678,53444.08445515561
2009.78,24.91,62.01,37989352,1068858,1655157,239.96137317850042,53159.397331837376
2085.8,24.91,62.01,37997162,1069694,1655098,245.99617014984125,54496.30487561042
1998.91,24.91,62.14,37989064,1069127,1655339,239.0984654821248,52968.234677262095
2026.07,24.9,62.21,37990241,1069496,1654888,241.26263839001302,53447.670704741606
2004.34,24.9,62.27,37992732,1070037,1654711,239.53755896367045,53065.508436543096
2009.78,24.9,62.07,37988386,1069647,1653909,239.9694242227272,53161.18090497383
1982.62,24.9,62.07,37988386,1069705,1653909,237.81327340728933,52683.52203685273
1846.86,24.89,62.14,37997342,1070337,1654989,227.04331243492285,50297.61872668736
1960.9,24.89,62.14,37991663,1069844,1654989,236.09690923689172,52303.29048670059
1971.76,24.89,62.25,37991663,1069765,1654396,236.95908094216517,52494.290094853386
1960.9,24.88,62.34,37986775,1070249,1653279,236.10483115445828,52305.045454002095
1977.19,24.88,62.3,37986740,1070851,1654008,237.39813210590458,52591.55447933775
1977.19,24.88,62.38,37987643,1070269,1653611,237.39813210590458,52591.55447933775
1955.47,24.88,62.37,37984936,1070754,1653139,235.67373083730953,52209.54244555688
1922.88,24.88,62.28,37986959,1070056,1654014,233.08633501118095,51636.348514575366
1922.88,24.88,62.25,37992282,1070663,1654297,233.08633501118095,51636.348514575366
1982.62,24.88,62.25,37988751,1070243,1654297,237.82923242305333,52687.057487782964
1966.33,24.88,62.34,37989280,1070243,1654297,236.53593147160703,52400.54846244731
1966.33,24.88,62.56,37983118,1069227,1654297,236.53593147160703,52400.54846244731
1960.9,24.88,62.62,37984410,1068945,1654114,236.10483115445828,52305.045454002095
1950.04,24.88,62.67,37976855,1068945,1652698,235.24263052016076,52114.039437111656
1977.19,24.88,62.6,37985821,1068481,1653625,237.39813210590458,52591.55447933775
2015.21,24.88,62.65,37991371,1068496,1653625,240.4166282491819,53260.25141876448
1988.05,24.88,62.79,37989557,1068027,1654284,238.2603327402021,52782.56049622818
1944.61,24.88,62.8,37983811,1066905,1654118,234.81153020301196,52018.53642866643
1971.76,24.88,62.8,37991601,1066648,1654493,236.9670317887558,52496.051470892526
1982.62,24.88,62.92,37987778,1066341,1654398,237.82923242305333,52687.057487782964
1993.48,24.89,63.05,37987778,1066304,1654937,238.68342435271202,52876.28931115895
1977.19,24.89,63.08,37994637,1066304,1656647,237.39016679480187,52589.789898929776
2020.64,24.89,63.15,37985716,1065305,1656541,240.83964751249346,53353.9642059499
1971.76,24.89,63.1,37990256,1065808,1655805,236.95908094216517,52494.290094853386
1998.91,24.89,63.19,37988707,1065808,1657232,239.11451020534872,52971.78911523535
1998.91,24.9,63.17,37986222,1065077,1656135,239.10648757457517,52970.011836620506
1998.91,24.9,63.27,37987002,1064555,1656790,239.10648757457517,52970.011836620506
1998.91,24.9,63.22,37987002,1064141,1656790,239.10648757457517,52970.011836620506
1998.91,24.9,63.22,37991200,1063556,1656628,239.10648757457517,52970.011836620506
2009.78,24.9,63.44,37992744,1062923,1656672,239.9694242227272,53161.18090497383
2004.34,24.91,63.3,37991019,1062820,1656972,239.52952240864917,53063.72807324589
2020.64,24.92,63.46,37982128,1062427,1656190,240.815407604333,53348.59426289565
2009.78,24.92,63.45,37983348,1062427,1656172,239.9533226744853,53157.613878375705
1993.48,24.92,63.53,37988689,1061779,1656802,238.65940146301966,52870.96744488815
2009.78,24.92,63.67,37984009,1061852,1656809,239.9533226744853,53157.613878375705
2004.34,24.92,63.76,37989380,1061396,1657048,239.52148639286733,53061.94782940808
1971.76,24.92,63.84,37985651,1060861,1657666,236.93523160332433,52489.006675848286
2004.34,24.92,63.84,37991843,1060861,1656697,239.52148639286733,53061.94782940808
2009.78,24.93,63.82,37983607,1059866,1658693,239.9452727106275,53155.83054457679
2026.07,24.93,63.91,37983607,1059432,1657185,241.2383567235084,53442.29151083009
1993.48,24.93,63.94,37980954,1059616,1656838,238.65139490768343,52869.19372751547
2020.64,24.93,63.99,37982211,1059374,1657044,240.8073287192148,53346.804522079
2042.36,24.93,64.09,37985048,1059881,1656437,242.53144073638924,53728.752477083384
2020.64,24.93,64.13,37979625,1059936,1657693,240.8073287192148,53346.804522079
2026.07,24.93,64.08,37987978,1060004,1657693,241.2383567235084,53442.29151083009
2031.5,24.93,64.18,37984344,1060004,1658545,241.66938472780203,53537.778499581196
2042.36,24.94,64.27,37980119,1059602,1658151,242.52330455467444,53726.95004317157
1998.91,24.94,64.23,37979344,1059361,1658151,239.0744024341713,52962.90391460546
2009.78,24.94,64.2,37979344,1058571,1657433,239.93722328687255,53154.047330428555
2031.5,24.94,64.4,37994847,1059062,1658570,241.66127746540715,53535.98247225724
2009.78,24.94,64.42,37982944,1058572,1659324,239.93722328687255,53154.047330428555
2020.64,24.94,64.42,37987167,1058444,1659092,240.7992503761399,53345.01490134291
2015.21,24.94,64.41,37976994,1057918,1657899,240.3682368315062,53249.53111588573
2020.64,24.95,64.45,37975883,1057762,1657899,240.79117257505385,53343.22540067531
2026.07,24.95,64.53,37978737,1058546,1658583,241.2221716609976,53438.70598305345
2004.34,24.95,64.48,37979126,1058447,1657637,239.4973815804159,53056.60781453093
2036.93,24.95,64.46,37981691,1058551,1658470,242.0841698328852,53629.66714780976
2020.64,24.95,64.5,37979655,1058188,1656594,240.79117257505385,53343.22540067531
1998.91,24.95,64.59,37976296,1058154,1656594,239.0663824944721,52961.12723215277
2036.93,24.94,64.59,37975269,1058079,1657608,242.0922910100408,53631.46625771441
2020.64,24.94,64.54,37980462,1058079,1657608,240.7992503761399,53345.01490134291
2053.22,24.94,64.6,37980081,1058079,1657608,243.38533164394178,53917.91761408592
2036.93,24.94,64.65,37980081,1058101,1658083,242.0922910100408,53631.46625771441
2036.93,24.94,64.7,37982063,1057927,1657868,242.0922910100408,53631.46625771441
2074.94,24.94,64.7,37982021,1057329,1659210,245.1093858224764,54299.85275591461
2009.78,24.94,64.75,37975880,1057178,1658487,239.93722328687255,53154.047330428555
2047.79,24.94,64.75,37978742,1057600,1658310,242.95431809930813,53822.43382862875
2042.36,24.94,64.57,37979946,1057113,1658313,242.52330455467444,53726.95004317157
2015.21,24.94,64.67,37972224,1057237,1657454,240.3682368315062,53249.53111588573
2064.08,24.94,64.64,37972678,1057287,1658419,244.2473587332091,54108.88518500027
2047.79,24.94,64.72,37974892,1057068,1657993,242.95431809930813,53822.43382862875
2026.07,24.95,64.75,37973796,1056800,1657447,241.2221716609976,53438.70598305345
2036.93,24.95,64.84,37973796,1056675,1657447,242.0841698328852,53629.66714780976
2069.51,24.95,64.79,37979819,1056802,1658871,244.67016434854798,54202.5506420787
2042.36,24.94,64.84,37979819,1056802,1658871,242.52330455467444,53726.95004317157
2031.5,24.95,64.84,37972743,1055938,1658871,241.65317074694138,53534.186565431606
2031.5,24.95,64.81,37972743,1055485,1658144,241.65317074694138,53534.186565431606
2042.36,24.95,64.99,37977168,1055742,1658144,242.51516891882895,53725.147730187906
2009.78,24.95,64.99,37978111,1056064,1659004,239.9291744031662,53152.264235918985
2042.36,24.95,64.99,37978111,1054816,1657716,242.51516891882895,53725.147730187906
2085.8,24.95,64.97,37971342,1054926,1658447,245.96316160637937,54488.99238921316
2064.08,24.95,65.05,37981429,1055180,1658447,244.2391652626042,54107.07005970054
2047.79,24.95,65.08,37975322,1054870,1658585,242.94616800477277,53820.62831256607
2042.36,24.95,65.1,37976741,1054947,1658841,242.51516891882895,53725.147730187906
2036.93,24.95,65.11,37975114,1054978,1658350,242.0841698328852,53629.66714780976
2036.93,24.95,65.12,37975114,1054978,1658350,242.0841698328852,53629.66714780976
2053.22,24.95,65.11,37966472,1054349,1658350,243.37716709071657,53916.10889494423
2042.36,24.95,65.1,37972788,1054823,1658535,242.51516891882895,53725.147730187906
2064.08,24.95,65.15,37971185,1054341,1657394,244.2391652626042,54107.07005970054
2047.79,24.95,65.18,37973011,1054379,1657999,242.94616800477277,53820.62831256607
2069.51,24.95,65.15,37978411,1054478,1658430,244.67016434854798,54202.5506420787
2047.79,24.95,65.19,37972597,1054919,1658975,242.94616800477277,53820.62831256607
2064.08,24.95,65.15,37967273,1054657,1658279,244.2391652626042,54107.07005970054
2053.22,24.94,65.12,37967602,1055312,1658119,243.38533164394178,53917.91761408592
2085.8,24.94,65.19,37976648,1055267,1658119,245.97141291174373,54490.82032682895
2042.36,24.94,65.22,37969832,1055938,1658382,242.52330455467444,53726.95004317157
2064.08,24.94,65.22,37969832,1054979,1657963,244.2473587332091,54108.88518500027
2058.65,24.94,65.09,37969832,1054455,1657963,243.8163451885754,54013.401399543094
2042.36,24.94,65.23,37969364,1054423,1657264,242.52330455467444,53726.95004317157
2047.79,24.94,65.25,37975739,1054589,1657725,242.95431809930813,53822.43382862875
2036.93,24.94,65.27,37975739,1054536,1658251,242.0922910100408,53631.46625771441
2064.08,24.94,65.15,37964900,1054305,1658324,244.2473587332091,54108.88518500027
2074.94,24.94,65.25,37969352,1053817,1657982,245.1093858224764,54299.85275591461
2004.34,24.93,65.27,37969686,1053659,1658717,239.5134509162707,53060.16770501767
2047.79,24.93,65.29,37969686,1053890,1658717,242.96246874068294,53824.2394658345
2074.94,24.94,65.26,37966712,1053890,1658717,245.1093858224764,54299.85275591461
2074.94,24.94,65.39,37966689,1053757,1657444,245.1093858224764,54299.85275591461
2058.65,24.93,65.41,37966689,1053533,1657403,243.8245247492702,54015.213443336695
2064.08,24.93,65.41,37969298,1053684,1657753,244.25555275356382,54110.7004320878
2069.51,24.93,65.45,37974217,1053928,1657591,244.68658075785746,54206.1874208389
2069.51,24.93,65.48,37966521,1053902,1658647,244.68658075785746,54206.1874208389
2074.94,24.93,65.58,37975859,1054257,1658953,245.1176087621511,54301.67440959
2080.37,24.93,65.58,37971193,1054257,1657928,245.54863676644473,54397.1613983411
2102.1,24.92,65.58,37966762,1053771,1657509,247.28183839488457,54781.1230035028
2058.65,24.92,65.58,37965153,1053771,1657481,243.8327048587998,54017.025608715405
2074.94,24.92,65.59,37968610,1053319,1658751,245.12583225357128,54303.4961854953
2069.51,24.92,65.59,37963664,1053835,1656555,244.69478978864743,54208.00599323533
2091.23,24.92,65.59,37963893,1054084,1657213,246.41895964834276,54589.966762275195
2064.08,24.92,65.51,37965812,1053761,1657499,244.2637473237236,54112.51580097537
2064.08,24.92,65.58,37965812,1054011,1657813,244.2637473237236,54112.51580097537
2096.67,24.92,65.68,37965812,1054180,1658075,246.85079592996075,54685.63281124283
2145.54,24.92,65.67,37965812,1054180,1656758,250.7301781142752,55545.044541582516
2058.65,24.92,65.62,37968894,1053523,1658029,243.8327048587998,54017.025608715405
2069.51,24.92,65.6,37966378,1053205,1658129,244.69478978864743,54208.00599323533
2047.79,24.92,65.63,37966378,1052958,1658129,242.97061992895212,53826.04522419547
2058.65,24.92,65.7,37964446,1052752,1657944,243.8327048587998,54017.025608715405
2074.94,24.92,65.69,37967326,1053103,1657538,245.12583225357128,54303.4961854953
2053.22,24.92,65.73,37961342,1053206,1657607,243.40166239387594,53921.53541645544
2069.51,24.92,65.64,37960748,1053437,1657607,244.69478978864743,54208.00599323533
2096.67,24.92,65.57,37960573,1053073,1657596,246.85079592996075,54685.63281124283
2074.94,24.92,65.62,37960573,1052918,1657596,245.12583225357128,54303.4961854953
2123.82,24.92,65.62,37969754,1053089,1658029,249.0060082545799,55163.08377254266
2058.65,24.91,65.62,37969463,1052562,1658024,243.84088551721953,54018.83789569148
2140.11,24.92,65.62,37961200,1052098,1658024,250.2991356493514,55449.554349322556
2085.8,24.92,65.62,37960497,1052144,1658024,245.98791718341894,54494.476570015235
2064.08,24.92,65.6,37960497,1051868,1656675,244.2637473237236,54112.51580097537
2053.22,24.92,65.6,37963147,1052356,1656675,243.40166239387594,53921.53541645544
2096.67,24.92,65.67,37966424,1053532,1658196,246.85079592996075,54685.63281124283
2031.5,24.92,65.64,37966875,1053300,1657926,241.67749253418063,53539.574647415575
2074.94,24.92,65.67,37967216,1052617,1657604,245.12583225357128,54303.4961854953
2064.08,24.92,65.67,37960323,1052437,1657584,244.2637473237236,54112.51580097537
2091.23,24.92,65.66,37965911,1052602,1657901,246.41895964834276,54589.966762275195
2140.11,24.92,65.66,37965911,1053110,1656742,250.2991356493514,55449.554349322556
2069.51,24.91,65.75,37965911,1052883,1657054,244.70299937026823,54209.82468765906
2091.23,24.91,65.75,37966381,1052278,1657926,246.42722707636563,54591.79827159421
2091.23,24.91,65.71,37966381,1052265,1658239,246.42722707636563,54591.79827159421
2042.36,24.91,65.71,37964209,1052220,1657143,242.54771473764646,53732.357707740106
2107.53,24.91,65.71,37960070,1051774,1656831,247.72119169926557,54878.45432215328
2058.65,24.91,65.72,37960725,1051767,1656988,243.84088551721953,54018.83789569148
2069.51,24.91,65.63,37960670,1051537,1657080,244.70299937026823,54209.82468765906
2091.23,24.91,65.68,37953915,1051434,1657037,246.42722707636563,54591.79827159421
2085.8,24.91,65.68,37961031,1051557,1656959,245.99617014984125,54496.30487561042
2085.8,24.91,65.68,37965727,1052119,1656914,245.99617014984125,54496.30487561042
2112.96,24.91,65.71,37965727,1051854,1656914,248.15224862578992,54973.94771813707
2074.94,24.91,65.68,37957093,1051410,1655761,245.13405629679258,54305.318083642844
2112.96,24.91,65.76,37957012,1051352,1656088,248.15224862578992,54973.94771813707
2080.37,24.9,65.74,37956787,1051438,1655651,245.57335228096576,54402.63670396751
2096.67,24.9,65.79,37964559,1051497,1656090,246.8673603182131,54689.30237224342
2150.97,24.9,65.83,37964559,1052200,1656090,251.17807420916583,55644.26837146933
2085.8,24.9,65.83,37956318,1051751,1655792,246.00442367006104,54498.1333038901
2112.96,24.9,65.82,37956318,1051334,1655835,248.1605744854989,54975.7921720112
2134.68,24.89,65.82,37958689,1051334,1654635,249.8932443144623,55359.63596596313
2069.51,24.89,65.99,37957359,1051334,1655862,244.71942018622386,54213.46244263743
2096.67,24.89,65.97,37954953,1051920,1655730,246.87564334600526,54691.13733742837
2085.8,24.89,65.97,37960309,1052142,1656058,246.01267774413398,54499.96185486661
2036.93,24.89,65.92,37951994,1051667,1655506,242.13290507040358,53640.46361817908
2096.67,24.89,65.97,37957965,1051594,1656207,246.87564334600526,54691.13733742837
2074.94,24.89,66.0,37958409,1051529,1656994,245.15050603886056,54308.962246713825
2091.23,24.89,66.0,37958409,1051530,1656994,246.4437635967707,54595.461658943
2080.37,24.89,66.04,37958832,1051552,1656994,245.58159189149728,54404.46205079022
2091.23,24.89,65.99,37950857,1051700,1655910,246.4437635967707,54595.461658943
2074.94,24.89,66.0,37952511,1051949,1656353,245.15050603886056,54308.962246713825
2096.67,24.89,65.98,37952582,1051753,1656456,246.87564334600526,54691.13733742837
2123.82,24.89,66.02,37955363,1051586,1655101,249.03107260918884,55168.636357810334
2102.1,24.89,66.03,37954536,1051174,1655803,247.306729198642,54786.63714150477
2091.23,24.89,65.98,37951126,1051023,1655803,246.4437635967707,54595.461658943
2074.94,24.89,66.03,37952329,1050786,1655803,245.15050603886056,54308.962246713825
2074.94,24.89,66.03,37952329,1051508,1656001,245.15050603886056,54308.962246713825
2053.22,24.89,65.86,37948219,1052315,1654645,243.42616262831373,53926.96303040825
2053.22,24.88,65.8,37957200,1053136,1655890,243.43433046922328,53928.772477881
2031.5,24.88,65.76,37953493,1053878,1655235,241.7099292006282,53546.76044410013
2020.64,24.88,65.81,37943648,1053878,1655235,240.84772856633074,53355.75442720971
2009.78,24.87,65.72,37943648,1053878,1654448,239.99358059722113,53166.53234255234
1971.76,24.86,65.72,37943648,1056726,1654453,236.98293508272508,52499.5745775984
1993.48,24.86,65.64,37945438,1057096,1653564,238.7074520790654,52881.61224891048
1988.05,24.85,65.64,37945438,1057635,1653763,238.28431867973967,52787.87417681504
2058.65,24.84,65.61,37940993,1058375,1652568,243.89816549972304,54031.52731027821
1960.9,24.83,65.65,37948559,1058375,1652168,236.14444871791127,52313.8220573738
1966.33,24.83,65.61,37950461,1059688,1652168,236.57562137218287,52409.34109088923
1982.62,24.82,65.56,37945836,1059104,1651645,237.87712232453802,52697.66668820337
1955.47,24.82,65.49,37948522,1059322,1651544,235.7211867014913,52220.05549232915
1971.76,24.81,65.49,37945011,1059325,1651094,237.02270265808463,52508.38441357934
1960.9,24.81,65.49,37937798,1059975,1650715,236.16029946624784,52317.33352348048
1944.61,24.81,65.51,37942404,1060417,1650513,234.8666946784926,52030.75718833218
1950.04,24.8,65.52,37942404,1061241,1650578,235.30579350200873,52128.03213103671
1922.88,24.79,65.48,37938218,1061190,1649500,233.15674438941483,51651.94652547122
1890.3,24.79,65.41,37937112,1061322,1650232,230.56936114071013,51078.75538080595
1901.16,24.79,65.44,37938983,1061658,1651399,231.4318222236117,51269.81909569437
1944.61,24.79,65.44,37939482,1062941,1650716,234.88246071827766,52034.249888687176
1912.02,24.79,65.49,37938963,1062941,1650716,232.29428330651325,51460.88281058279
1890.3,24.79,65.45,37938963,1062941,1650301,230.56936114071013,51078.75538080595
1879.44,24.77,65.48,37944253,1065239,1649866,229.72232076807026,50891.10786433765
1874.01,24.77,65.51,37945586,1065538,1650104,229.29106127720075,50795.5695936377
1901.16,24.75,65.64,37945586,1063818,1649296,231.46289732562227,51276.703260729046
1890.3,24.75,65.71,37949080,1063172,1647593,230.6003204372715,51085.613891095425
1868.58,24.75,65.85,37946713,1062172,1649925,228.87516666057,50703.435151828184
1901.16,24.75,65.93,37945982,1062549,1650803,231.46289732562227,51276.703260729046
1895.73,24.75,66.03,37940009,1061474,1650803,231.0316088814469,51181.15857591224
1939.18,24.75,66.03,37939784,1061072,1650036,234.48271070454456,51945.69201150901
1922.88,24.75,66.13,37940061,1061072,1651651,233.18805110232378,51658.881999996294
1944.61,24.75,66.3,37945396,1058141,1650825,234.91399914871988,52041.2366963258
1933.75,24.76,66.36,37940740,1057872,1650920,234.04356581304413,51848.406863219105
1955.47,24.76,66.31,37943066,1057118,1651374,235.76866168119014,52230.57277382201
1933.75,24.76,66.37,37942625,1056718,1651309,234.04356581304413,51848.406863219105
2015.21,24.76,66.44,37937931,1056718,1651309,240.51346956162496,53281.7049791359
1960.9,24.77,66.54,37945801,1056156,1652661,236.1920073474866,52324.35787008675
2009.78,24.77,66.62,37943367,1055750,1652361,240.07413698168585,53184.37825163618
2026.07,24.77,66.67,37946751,1055409,1653631,241.3679154542944,53470.99306373602
1950.04,24.77,66.67,37944279,1054682,1653262,235.32948836574758,52133.28132868686
1977.19,24.77,66.83,37946099,1054503,1654003,237.48578582009515,52610.97268218659
1977.19,24.78,66.86,37946099,1053624,1653411,237.47781462599517,52609.20679849975
2009.78,24.79,66.87,37951013,1052889,1654641,240.05802137874687,53180.808111456834
2015.21,24.79,66.91,37946456,1052116,1653106,240.48925192019763,53276.33996890104
2031.5,24.79,66.93,37944160,1051372,1653106,241.78294354455,53562.93554123367
2031.5,24.8,67.06,37944114,1051182,1654303,241.77482866139692,53561.1378256592
2004.34,24.8,67.04,37938090,1051182,1654303,239.6179541839972,53083.31864242882
2031.5,24.81,67.0,37938090,1050585,1654303,241.7667143229401,53559.34023075299
2036.93,24.82,66.88,37939274,1050211,1654201,242.18978765373384,53653.06499567772
2026.07,24.82,67.04,37942195,1049970,1654615,241.3274134045152,53462.02051732804
2047.79,24.82,67.11,37943822,1049919,1654615,243.05216190295255,53844.10947402741
2015.21,24.82,67.11,37944335,1049565,1655730,240.4650391552965,53270.97603897835
2042.36,24.82,67.13,37941885,1049404,1655258,242.62097477834317,53748.58723485256
2020.64,24.82,67.17,37941849,1049381,1655258,240.89622627990587,53366.4982781532
2031.5,24.82,67.2,37947577,1049232,1655997,241.75860052912452,53557.54275650288
2064.08,24.83,67.13,37947577,1048996,1655997,244.3375232055249,54128.859603989295
2064.08,24.83,67.18,37945898,1048457,1654851,244.3375232055249,54128.859603989295
2053.22,24.83,67.18,37937758,1048212,1654851,243.47517789698173,53937.821536958436
2047.79,24.83,67.24,37936267,1048212,1655449,243.04400524271014,53842.302503443
2069.51,24.83,67.28,37934076,1047523,1654246,244.76869585979648,54224.37863750473
2064.08,24.84,67.31,37944934,1047442,1656577,244.32932368462806,54127.043138349385
2064.08,24.84,67.33,37939544,1047385,1655978,244.32932368462806,54127.043138349385
2069.51,24.84,67.37,37938844,1047202,1655187,244.76048186953307,54222.55896642055
2042.36,24.84,67.31,37941121,1047621,1655007,242.60469094500792,53744.979826064686
2074.94,24.85,67.25,37930313,1046869,1655007,245.18341214705364,54316.252040303974
2069.51,24.85,67.25,37932675,1046869,1653773,244.7522684305441,54220.73941746193
2058.65,24.85,67.25,37932675,1047084,1655096,243.889980997525,54029.71417177785
2058.65,24.85,67.25,37938524,1046825,1655763,243.889980997525,54029.71417177785
2129.25,24.85,67.37,37938524,1046549,1655763,249.4956433153103,55271.554166740665
2069.51,24.85,67.42,37936047,1046582,1655644,244.7522684305441,54220.73941746193
2058.65,24.85,67.46,37936047,1046811,1654391,243.889980997525,54029.71417177785
2085.8,24.85,67.46,37938539,1046580,1654391,246.04569958007272,54507.27728598805
2080.37,24.84,67.48,37931719,1046390,1654877,245.6227982393431,54413.59062256289
2096.67,24.85,67.36,37931719,1046145,1654146,246.908781016253,54698.47842968842
2140.11,24.85,67.39,37938384,1046239,1654839,250.3579307483294,55462.57941242475
2085.8,24.85,67.39,37933290,1046235,1654754,246.04569958007272,54507.27728598805
2074.94,24.85,67.44,37934168,1046083,1654696,245.18341214705364,54316.252040303974
2085.8,24.85,67.51,37929169,1045977,1654978,246.04569958007272,54507.27728598805
2080.37,24.84,67.59,37931299,1046271,1654017,245.6227982393431,54413.59062256289
2080.37,24.84,67.62,37938480,1046289,1654841,245.6227982393431,54413.59062256289
2091.23,24.83,67.63,37938228,1046762,1654631,246.4933864768828,54606.45477156645
2102.1,24.83,67.65,37940900,1046320,1653699,247.3565258418795,54797.66874841962
2080.37,24.83,67.62,37940900,1046320,1654327,245.63104116833964,54415.416704535586
2096.67,24.84,67.59,37940900,1045602,1654843,246.9170668238646,54700.3140106955
2053.22,24.84,67.59,37934699,1045819,1655070,243.467007314818,53936.01148220704
2074.94,24.84,67.62,37934699,1045990,1655070,245.1916400544381,54318.074794491724
2123.82,24.84,67.61,37930574,1045470,1654389,249.0728577483897,55177.89315105136
2096.67,24.84,67.61,37928400,1045202,1655094,246.9170668238646,54700.3140106955
2080.37,24.84,67.47,37932750,1045049,1654512,245.6227982393431,54413.59062256289
2140.11,24.84,67.47,37934679,1045049,1654763,250.36633230310474,55464.440635264866
2123.82,24.84,67.63,37933262,1046147,1654430,249.0728577483897,55177.89315105136
2123.82,24.84,67.63,37933262,1045915,1653168,249.0728577483897,55177.89315105136
2118.39,24.83,67.67,37932474,1046006,1653168,248.65004380469423,55084.225848965914
2107.53,24.83,67.7,37934838,1045616,1653168,247.78769849615108,54893.187781935056
2107.53,24.83,67.64,37934838,1045298,1653003,247.78769849615108,54893.187781935056
2096.67,24.82,67.67,37929718,1045272,1653219,246.93364010753905,54703.98554232692
2107.53,24.83,67.64,37932386,1045621,1653877,247.78769849615108,54893.187781935056
2178.13,24.83,67.66,37932908,1045670,1653088,253.3937370581352,56135.111127457974
2112.96,24.83,67.63,37926155,1045179,1653796,248.21887115042267,54988.70681545049
2145.54,24.83,67.63,37934591,1045220,1653710,250.80590707605214,55561.821016543065
2112.96,24.82,67.63,37934591,1046145,1653149,248.22720148136708,54990.55225985145
2074.94,24.82,67.61,37934932,1045861,1652657,245.20809752599925,54321.720669901624
2134.68,24.82,67.59,37927160,1045620,1652763,249.95194997980445,55372.64121655082
2058.65,24.82,67.56,37927160,1045620,1653000,243.91453615217122,54035.15395237709
2118.39,24.82,67.48,37925622,1046013,1652804,248.65838860597643,55086.0744990263
2091.23,24.82,67.48,37925622,1046368,1652955,246.5016588998273,54608.28738742616
2096.67,24.82,67.48,37926073,1046368,1652362,246.93364010753905,54703.98554232692
2091.23,24.81,67.48,37928863,1046727,1652507,246.50993187804247,54610.12012629672
2053.22,24.81,67.48,37922214,1046920,1651466,243.49152070661367,53941.44201095071
2107.53,24.8,67.56,37926560,1047426,1650874,247.81264775258632,54898.714869142495
2069.51,24.8,67.58,37925143,1047754,1652050,244.79334113878886,54229.83838363369
2069.51,24.8,67.6,37935880,1048546,1652091,244.79334113878886,54229.83838363369
2091.23,24.8,67.53,37932311,1048227,1651718,246.51820541158423,54611.952988190526
2069.51,24.79,67.54,37931692,1048313,1651982,244.80155733470545,54231.65854334315
2080.37,24.79,67.54,37931692,1048496,1651790,245.66401841760702,54422.72225823157
2091.23,24.79,67.54,37931692,1048563,1651158,246.5264795005086,54613.785973119986
2047.79,24.79,67.58,37928164,1048563,1652532,243.07663516890233,53849.5311135663
2080.37,24.79,67.58,37923273,1048083,1651026,245.66401841760702,54422.72225823157
2053.22,24.79,67.53,37927512,1048419,1651026,243.50786571035312,53945.06297101052
2080.37,24.78,67.53,37924177,1048480,1651092,245.67226411352277,54424.54895316858
2069.51,24.78,67.59,37925855,1048867,1650799,244.80977408217416,54233.47882523968
2074.94,24.78,67.58,37921983,1049109,1649873,245.2410190978485,54329.013889204136
2047.79,24.78,67.47,37931870,1049701,1649873,243.08479401947696,53851.33856938189
2069.51,24.77,67.55,37922988,1049075,1650715,244.81799138125052,54235.29922933559
2058.65,24.78,67.55,37925006,1049135,1650557,243.94728405082557,54042.408697310784
2047.79,24.77,67.56,37924580,1049106,1650179,243.09295341777246,53853.14614653581
2053.22,24.77,67.58,37924699,1049106,1650179,243.52421290864197,53948.68441723575
2047.79,24.77,67.47,37924699,1049605,1651324,243.09295341777246,53853.14614653581
2058.65,24.77,67.47,37931929,1049331,1651207,243.9554723995115,54044.2226879357
2042.36,24.77,67.53,37926615,1049340,1651207,242.6616939269029,53757.60787583585
2069.51,24.77,67.51,37918736,1049287,1650589,244.81799138125052,54235.29922933559
2031.5,24.77,67.56,37919011,1049287,1649067,241.7991749451639,53566.53133443597
2047.79,24.77,67.6,37921989,1049981,1649945,243.09295341777246,53853.14614653581
2102.1,24.76,67.59,37923165,1049949,1649812,247.4146472772423,54810.54457270343
2031.5,24.76,67.55,37923165,1049738,1649356,241.8072914627345,53568.32941208809
2026.07,24.76,67.51,37920613,1049895,1649122,241.37601749569797,53472.78793443736
2009.78,24.76,67.48,37918223,1050201,1649038,240.08219559458846,53186.16350148518
2031.5,24.76,67.48,37918095,1050148,1648777,241.8072914627345,53568.32941208809
2047.79,24.76,67.53,37916305,1050580,1649796,243.10111336384398,53854.95384504027
2036.93,24.75,67.57,37925413,1050840,1649581,242.24669696939606,53665.672295273886
2015.21,24.75,67.56,37928271,1050971,1650071,240.5215431926945,53283.493556006644
2031.5,24.75,67.62,37926729,1050971,1650071,241.81540852522065,53570.12761045707
2047.79,24.75,67.59,37921435,1050840,1648531,243.1092738577468,53856.76166490751
2085.8,24.75,67.62,37923876,1051000,1649704,246.12829296697447,54525.57445862519
2058.65,24.74,67.65,37925455,1051145,1650314,243.9800407441084,54049.66539054618
2036.93,24.74,67.64,37921378,1051420,1650314,242.25482905496347,53667.473821753294
2015.21,24.74,67.64,37920396,1051249,1649549,240.52961736581855,53285.28225296041
2031.5,24.74,67.64,37930571,1050605,1649648,241.82352613267722,53571.92592955507
2015.21,24.74,67.67,37922989,1050452,1649745,240.52961736581855,53285.28225296041
2036.93,24.74,67.67,37919258,1050356,1649944,242.25482905496347,53667.473821753294
2026.07,24.74,67.7,37915894,1050388,1649357,241.39222321039102,53476.37803735685
2031.5,24.74,67.7,37920153,1050275,1648327,241.82352613267722,53571.92592955507
2009.78,24.74,67.56,37919759,1050465,1648635,240.0983144435323,53189.73436076219
1977.19,24.74,67.58,37920544,1050640,1649420,237.5097026134571,52616.2710446038
2031.5,24.74,67.58,37919844,1050095,1648384,241.82352613267722,53571.92592955507
1998.91,24.74,67.66,37923522,1049676,1648384,239.23491430260205,52998.46261339669
2020.64,24.74,67.72,37922181,1049676,1649868,240.96092028810483,53380.830145158645
2015.21,24.73,67.77,37921859,1049640,1649806,240.53769208105172,53287.07107000932
2096.67,24.73,67.8,37922559,1049455,1649806,247.00824742461188,54720.51353581022
2015.21,24.73,67.75,37914892,1049065,1648573,240.53769208105172,53287.07107000932
1993.48,24.73,67.81,37922099,1049675,1648573,238.81162815255226,52904.69070195317
2026.07,24.73,67.75,37922099,1049368,1648213,241.40032688379003,53478.173269599276
2009.78,24.73,67.83,37917738,1049120,1648213,240.10637467968255,53191.519970214336
2009.78,24.73,67.92,37916547,1048819,1647649,240.10637467968255,53191.519970214336
2020.64,24.73,67.89,37912352,1048879,1648964,240.96900948242092,53382.62216980431
2047.79,24.73,67.91,37916631,1049123,1648528,243.12559648926668,53860.37766877919
2031.5,24.73,67.93,37918148,1048994,1649301,241.8316442851592,53573.72436939425
2047.79,24.74,67.96,37913605,1048994,1650038,243.11743489953594,53858.56960614974
2036.93,24.73,68.02,37914869,1048996,1649909,242.26296168652834,53669.275469189226
2026.07,24.73,68.02,37912487,1049425,1649227,241.40032688379003,53478.173269599276
2026.07,24.73,67.9,37911256,1049487,1649080,241.40032688379003,53478.173269599276
2058.65,24.74,67.93,37911256,1049263,1649200,243.9800407441084,54049.66539054618
2047.79,24.74,68.01,37913728,1049233,1648490,243.11743489953594,53858.56960614974
2015.21,24.73,68.1,37913728,1049233,1648825,240.53769208105172,53287.07107000932
2026.07,24.73,68.09,37920631,1049622,1648585,241.40032688379003,53478.173269599276
2020.64,24.73,68.09,37921270,1049305,1648770,240.96900948242092,53382.62216980431
2026.07,24.73,68.16,37923998,1049063,1649161,241.40032688379003,53478.173269599276
2015.21,24.72,68.16,37916694,1049342,1648219,240.5457673384486,53288.860007165466
2026.07,24.72,68.16,37921140,1048817,1648818,241.40843110129714,53479.968622379674
1993.48,24.72,68.16,37910307,1048794,1647470,238.819645463062,52906.46680195324
2042.36,24.72,68.13,37910307,1048417,1648749,242.70242674556988,53766.63154520097
2015.21,24.72,68.2,37911917,1048751,1647287,240.5457673384486,53288.860007165466
1998.91,24.72,68.24,37908864,1048774,1647287,239.25097734448624,53002.021109560344
2036.93,24.72,68.25,37912557,1048481,1647287,242.27109486414565,53671.077237593876
2026.07,24.72,68.27,37920534,1048417,1649630,241.40843110129714,53479.968622379674
2015.21,24.72,68.27,37909976,1048112,1649630,240.5457673384486,53288.860007165466
2009.78,24.72,68.27,37912714,1047947,1648472,240.1144354570243,53193.305699558354
2026.07,24.72,68.27,37910396,1048027,1647152,241.40843110129714,53479.968622379674
2074.94,24.72,68.27,37911098,1048130,1647886,245.29041803411553,54339.95739084361
2015.21,24.73,68.24,37915352,1047828,1648246,240.53769208105172,53287.07107000932
2009.78,24.72,68.35,37910338,1048078,1648246,240.1144354570243,53193.305699558354
2080.37,24.72,68.25,37910338,1048215,1649146,245.7217499155398,54435.51169845071
2069.51,24.73,68.2,37910338,1048566,1649406,244.8508660947433,54242.5820679591
2031.5,24.73,68.2,37911178,1048106,1648037,241.8316442851592,53573.72436939425
1982.62,24.73,68.26,37915976,1048190,1647530,237.94899334981395,52713.588502363215
2015.21,24.73,68.27,37913136,1047948,1647530,240.53769208105172,53287.07107000932
1998.91,24.72,68.35,37913136,1047791,1649033,239.25097734448624,53002.021109560344
1998.91,24.72,68.33,37918792,1048009,1647911,239.25097734448624,53002.021109560344
2015.21,24.72,68.35,37911368,1047732,1647667,240.5457673384486,53288.860007165466
2036.93,24.72,68.38,37910138,1047705,1648011,242.27109486414565,53671.077237593876
2031.5,24.72,68.4,37909627,1048174,1649012,241.83976298272137,53575.52292998677
2015.21,24.72,68.44,37909195,1047716,1647855,240.5457673384486,53288.860007165466
1993.48,24.72,68.4,37903421,1047691,1647919,238.819645463062,52906.46680195324
2031.5,24.72,68.35,37908815,1047644,1648407,241.83976298272137,53575.52292998677
1993.48,24.72,68.36,37911620,1047337,1648135,238.819645463062,52906.46680195324
2015.21,24.72,68.38,37923789,1047367,1648112,240.5457673384486,53288.860007165466
2091.23,24.72,68.38,37914561,1047161,1647623,246.5844136783883,54626.62031366492
2026.07,24.72,68.46,37914561,1047655,1648023,241.40843110129714,53479.968622379674
2009.78,24.72,68.4,37912051,1047538,1647879,240.1144354570243,53193.305699558354
1998.91,24.72,68.42,37910879,1047374,1647928,239.25097734448624,53002.021109560344
2004.34,24.72,68.46,37909780,1047544,1647070,239.68230922591053,53097.57541716745
2015.21,24.72,68.38,37907383,1047562,1648326,240.5457673384486,53288.860007165466
2031.5,24.72,68.46,37913095,1047714,1648598,241.83976298272137,53575.52292998677
2020.64,24.72,68.41,37905900,1047364,1647309,240.9770992198729,53384.41431477258
2085.8,24.72,68.42,37905542,1047440,1646896,246.15308179696405,54531.066006057816
2031.5,24.72,68.49,37903470,1047440,1646896,241.83976298272137,53575.52292998677
2020.64,24.71,68.56,37907822,1047317,1648675,240.9851895005155,53386.206580075566
2009.78,24.71,68.49,37908836,1047285,1647875,240.12249677561218,53195.09154880632
2015.21,24.71,68.45,37906270,1047030,1646939,240.55384313806383,53290.64906444094
2096.67,24.71,68.45,37909730,1046716,1647936,247.02483295119657,54724.18777965203
2026.07,24.71,68.58,37909730,1046566,1647240,241.4165358629671,53481.764095710176
2015.21,24.71,68.58,37904517,1046728,1646739,240.55384313806383,53290.64906444094
2020.64,24.71,68.59,37900533,1046371,1647342,240.9851895005155,53386.206580075566
2009.78,24.71,68.61,37904781,1046518,1647342,240.12249677561218,53195.09154880632
2036.93,24.71,68.61,37904781,1046518,1648066,242.2792285878704,53672.87912697942
2026.07,24.72,68.59,37905832,1046510,1648432,241.40843110129714,53479.968622379674
2015.21,24.72,68.52,37901197,1046117,1647538,240.5457673384486,53288.860007165466
2036.93,24.72,68.52,37907416,1046537,1648177,242.27109486414565,53671.077237593876
2047.79,24.72,68.57,37905838,1046548,1648758,243.1337586269942,53862.185852808085
2031.5,24.72,68.6,37906997,1046666,1647343,241.83976298272137,53575.52292998677
2053.22,24.72,68.66,37904337,1046726,1647186,243.56509050841848,53957.7401604152
2091.23,24.71,68.75,37904337,1046254,1647110,246.5926922123868,54628.45428332562
2020.64,24.71,68.75,37903241,1046539,1647657,240.9851895005155,53386.206580075566
2015.21,24.71,68.76,37899932,1046224,1646831,240.55384313806383,53290.64906444094
2031.5,24.71,68.72,37902338,1046184,1646442,241.84788222541874,53577.3216113448
2058.65,24.71,68.65,37905771,1046054,1646442,244.00461403767696,54055.1091895179
2015.21,24.71,68.65,37906063,1046116,1647244,240.55384313806383,53290.64906444094
2026.07,24.71,68.67,37901273,1045854,1647208,241.4165358629671,53481.764095710176
2015.21,24.71,68.73,37901273,1046346,1647208,240.55384313806383,53290.64906444094
2036.93,24.71,68.76,37904430,1046414,1647762,242.2792285878704,53672.87912697942
2015.21,24.71,68.72,37902523,1046189,1647680,240.55384313806383,53290.64906444094
2020.64,24.71,68.72,37904510,1046453,1647110,240.9851895005155,53386.206580075566
2042.36,24.71,68.78,37903151,1046143,1647566,242.71057495032198,53768.43664261403
2091.23,24.71,68.81,37901652,1046202,1647357,246.5926922123868,54628.45428332562
2009.78,24.71,68.79,37902570,1046102,1647140,240.12249677561218,53195.09154880632
2009.78,24.71,68.81,37902368,1045996,1646781,240.12249677561218,53195.09154880632
2047.79,24.71,68.85,37900081,1045729,1647660,243.14192131277366,53863.99415824866
2004.34,24.71,68.85,37902038,1045536,1647509,239.69035603680243,53099.35805247992
2042.36,24.71,68.87,37908275,1045863,1647509,242.71057495032198,53768.43664261403
2053.22,24.71,68.89,37905311,1045555,1647225,243.5732676752253,53959.55167388328
2107.53,24.71,68.93,37900999,1045449,1646001,247.88752567609984,54915.30281092127
2020.64,24.71,68.93,37905518,1045289,1648428,240.9851895005155,53386.206580075566
2047.79,24.71,68.97,37903317,1045666,1648273,243.14192131277366,53863.99415824866
2042.36,24.7,68.97,37903737,1045689,1648294,242.71872370220885,53770.241861235576
1988.05,24.7,68.97,37897904,1045361,1646468,238.40432085466657,52814.45863585995
2036.93,24.7,68.94,37903896,1045249,1647807,242.28736285775753,53674.681137358035
2009.78,24.7,68.99,37901687,1045096,1647273,240.13055863550056,53196.877517970286
1993.48,24.7,68.99,37903241,1045239,1646856,238.83568169911794,52910.0193597375
2031.5,24.7,68.99,37903241,1045086,1647098,241.85600201330612,53579.12041348049
2020.64,24.7,68.95,37902423,1045408,1647137,240.99328032440343,53387.998965725405
2020.64,24.7,68.97,37900065,1044904,1647483,240.99328032440343,53387.998965725405
2042.36,24.7,68.98,37898518,1044595,1647071,242.71872370220885,53770.241861235576
2053.22,24.7,68.99,37899508,1044551,1647122,243.58144539111169,53961.36330899068
2047.79,24.71,68.95,37899508,1044914,1647659,243.14192131277366,53863.99415824866
2031.5,24.71,68.98,37903679,1045114,1647659,241.84788222541874,53577.3216113448
2036.93,24.71,68.98,37899338,1044860,1647552,242.2792285878704,53672.87912697942
2036.93,24.71,69.02,37895463,1044690,1646907,242.2792285878704,53672.87912697942
2009.78,24.71,69.04,37899365,1044940,1646894,240.12249677561218,53195.09154880632
2009.78,24.71,69.08,37897752,1045056,1646894,240.12249677561218,53195.09154880632
2042.36,24.71,69.08,37906141,1045328,1647904,242.71057495032198,53768.43664261403
2058.65,24.71,69.06,37900752,1045054,1647072,244.00461403767696,54055.1091895179
2036.93,24.71,69.0,37901989,1044880,1647029,242.2792285878704,53672.87912697942
2036.93,24.71,69.0,37901989,1044880,1646276,242.2792285878704,53672.87912697942
2020.64,24.7,69.14,37899932,1044793,1647368,240.99328032440343,53387.998965725405
2015.21,24.7,69.15,37900722,1044704,1647081,240.56191947995197,53292.43824184784
2026.07,24.7,69.15,37900722,1044831,1647746,241.42464116885475,53483.55968960294
2053.22,24.7,69.2,37902847,1044781,1647589,243.58144539111169,53961.36330899068
2015.21,24.7,69.22,37903962,1044545,1647589,240.56191947995197,53292.43824184784
2042.36,24.7,69.22,37905073,1044545,1647589,242.71872370220885,53770.241861235576
2047.79,24.7,69.22,37897033,1044415,1647743,243.15008454666028,53865.80258511313
2020.64,24.7,69.31,37895897,1044415,1647547,240.99328032440343,53387.998965725405
2036.93,24.7,69.33,37904131,1044959,1647890,242.28736285775753,53674.681137358035
2102.1,24.7,69.36,37901049,1044743,1647160,247.46448739420265,54821.585810488774
2042.36,24.7,69.35,37901049,1045243,1647017,242.71872370220885,53770.241861235576
2036.93,24.7,69.3,37901049,1045300,1646967,242.28736285775753,53674.681137358035
2042.36,24.7,69.32,37901049,1044565,1646603,242.71872370220885,53770.241861235576
2009.78,24.7,69.32,37904678,1044517,1646603,240.13055863550056,53196.877517970286
2107.53,24.7,69.32,37904678,1043842,1647902,247.89584823865403,54917.14653436632
2042.36,24.7,69.3,37896147,1044102,1647622,242.71872370220885,53770.241861235576
1993.48,24.7,69.29,37901824,1044196,1647868,238.83568169911794,52910.0193597375
2015.21,24.7,69.36,37899992,1043785,1648066,240.56191947995197,53292.43824184784
2031.5,24.7,69.41,37899992,1044448,1647472,241.85600201330612,53579.12041348049
2026.07,24.7,69.33,37900377,1044461,1648310,241.42464116885475,53483.55968960294
2042.36,24.7,69.3,37900404,1043942,1647273,242.71872370220885,53770.241861235576
2009.78,24.7,69.36,37899031,1043901,1647523,240.13055863550056,53196.877517970286
2112.96,24.7,69.36,37897120,1043933,1647608,248.3272090831054,55012.70725824387
2069.51,24.7,69.4,37897926,1044235,1647335,244.87552792446584,54248.04548062333
2031.5,24.69,69.39,37898079,1044464,1646782,241.86412234643842,53580.91933640599
2036.93,24.69,69.39,37898923,1043940,1646339,242.29549767386203,53676.483268741904
2074.94,24.69,69.45,37894324,1043864,1646653,245.31512496582727,54345.43079509329
2053.22,24.69,69.45,37895041,1043536,1647328,243.58962365613286,53963.175065749645
2047.79,24.69,69.47,37895912,1043554,1647490,243.15824832870925,53867.61113341373
2042.36,24.69,69.5,37901646,1043375,1647490,242.7268730012856,53772.04720107781
2085.8,24.69,69.53,37894045,1043091,1646381,246.17787562067448,54536.55865976511
2042.36,24.69,69.54,37895116,1043166,1646542,242.7268730012856,53772.04720107781
2112.96,24.69,69.54,37894481,1042914,1646542,248.3355466874931,55014.55431395358
2031.5,24.7,69.47,37894019,1042914,1646542,241.85600201330612,53579.12041348049
2064.08,24.7,69.47,37895052,1043316,1647470,244.44416708001447,54152.484756745784
2058.65,24.7,69.41,37892625,1043410,1645991,244.0128062355631,54056.924032868235
2031.5,24.7,69.46,37894176,1043402,1646587,241.85600201330612,53579.12041348049
2047.79,24.7,69.48,37892584,1042936,1646751,243.15008454666028,53865.80258511313
2026.07,24.7,69.45,37893157,1043050,1646533,241.42464116885475,53483.55968960294
2047.79,24.7,69.45,37901204,1042856,1646679,243.15008454666028,53865.80258511313
2053.22,24.7,69.54,37893337,1043299,1647020,243.58144539111169,53961.36330899068
2096.67,24.7,69.5,37895026,1043040,1646531,247.03312654975127,54726.025086611226
2031.5,24.7,69.54,37894460,1042797,1646848,241.85600201330612,53579.12041348049
2058.65,24.7,69.55,37894855,1042965,1646347,244.0128062355631,54056.924032868235
2074.94,24.7,69.53,37894208,1042965,1647200,245.30688876891722,54343.60620450088
2080.37,24.7,69.55,37893751,1043263,1648236,245.73824961336865,54439.166928378436
2047.79,24.7,69.53,37890539,1042915,1648236,243.15008454666028,53865.80258511313
2036.93,24.7,69.5,37896096,1042921,1645916,242.28736285775753,53674.681137358035
2015.21,24.7,69.56,37897017,1042516,1646735,240.56191947995197,53292.43824184784
2036.93,24.7,69.53,37894420,1042563,1646185,242.28736285775753,53674.681137358035
1993.48,24.7,69.55,37894420,1042556,1646185,238.83568169911794,52910.0193597375
2053.22,24.7,69.58,37889286,1042608,1647500,243.58144539111169,53961.36330899068
2042.36,24.7,69.57,37895038,1042715,1647438,242.71872370220885,53770.241861235576
2047.79,24.69,69.63,37893809,1042765,1646305,243.15824832870925,53867.61113341373
2020.64,24.69,69.62,37896938,1043265,1647617,241.0013716915913,53389.791471734185
2036.93,24.69,69.65,37893456,1043265,1646333,242.29549767386203,53676.483268741904
2047.79,24.69,69.64,37895601,1042634,1647281,243.15824832870925,53867.61113341373
2036.93,24.69,69.64,37895601,1042791,1647104,242.29549767386203,53676.483268741904
2036.93,24.69,69.62,37895601,1042503,1646349,242.29549767386203,53676.483268741904
2112.96,24.7,69.55,37885008,1042212,1646349,248.3272090831054,55012.70725824387
2058.65,24.7,69.55,37888286,1042064,1646309,244.0128062355631,54056.924032868235
2047.79,24.7,69.61,37889348,1042444,1646153,243.15008454666028,53865.80258511313
2036.93,24.7,69.65,37889348,1042291,1646153,242.28736285775753,53674.681137358035
2053.22,24.7,69.66,37891853,1042311,1646153,243.58144539111169,53961.36330899068
2053.22,24.69,69.74,37895020,1042463,1646406,243.58962365613286,53963.175065749645
2004.34,24.69,69.7,37895020,1042463,1646734,239.70645127961984,53102.92368221753
2080.37,24.69,69.7,37894924,1042750,1647102,245.74650029325088,54440.994727429206
2042.36,24.69,69.66,37893495,1042722,1646838,242.7268730012856,53772.04720107781
2042.36,24.69,69.7,37893495,1042418,1646525,242.7268730012856,53772.04720107781
2047.79,24.69,69.68,37890986,1042284,1646607,243.15824832870925,53867.61113341373
2031.5,24.69,69.66,37885932,1042207,1646234,241.86412234643842,53580.91933640599
2026.07,24.69,69.72,37892347,1042583,1646837,241.43274701901484,53485.355404070084
2064.08,24.69,69.71,37892347,1042680,1645364,244.45237431098005,54154.302930421465
2053.22,24.69,69.66,37888158,1042146,1645650,243.58962365613286,53963.175065749645
2064.08,24.69,69.7,37889862,1041933,1646952,244.45237431098005,54154.302930421465
2064.08,24.69,69.67,37894124,1042170,1646208,244.45237431098005,54154.302930421465
2053.22,24.69,69.71,37890680,1041929,1645191,243.58962365613286,53963.175065749645
2058.65,24.69,69.71,37892374,1041929,1645191,244.02099898355647,54058.73899808555
2053.22,24.69,69.72,37886887,1041544,1645858,243.58962365613286,53963.175065749645
2080.37,24.69,69.72,37885072,1041420,1645350,245.74650029325088,54440.994727429206
2031.5,24.69,69.68,37884052,1041205,1646596,241.86412234643842,53580.91933640599
2036.93,24.7,69.65,37882671,1041209,1645795,242.28736285775753,53674.681137358035
2042.36,24.69,69.71,37885621,1041400,1644814,242.7268730012856,53772.04720107781
2042.36,24.69,69.77,37887829,1042092,1646140,242.7268730012856,53772.04720107781
2047.79,24.69,69.7,37884515,1041683,1646140,243.15824832870925,53867.61113341373
2031.5,24.69,69.73,37880774,1041160,1646140,241.86412234643842,53580.91933640599
2047.79,24.69,69.79,37882612,1041342,1645552,243.15824832870925,53867.61113341373
2053.22,24.69,69.87,37881752,1041758,1645327,243.58962365613286,53963.175065749645
2074.94,24.69,69.81,37881752,1041698,1645327,245.31512496582727,54345.43079509329
2058.65,24.69,69.8,37884138,1041675,1645994,244.02099898355647,54058.73899808555
2129.25,24.69,69.81,37887069,1041646,1646423,249.6296726697639,55301.24611096132
2058.65,24.69,69.78,37880876,1041594,1646383,244.02099898355647,54058.73899808555
2053.22,24.69,69.78,37881421,1041813,1646658,243.58962365613286,53963.175065749645
2047.79,24.69,69.78,37884439,1041813,1644942,243.15824832870925,53867.61113341373
2047.79,24.69,69.78,37884484,1041890,1645852,243.15824832870925,53867.61113341373
2074.94,24.68,69.84,37891604,1042295,1645616,245.32336171581775,54347.255508211354
2042.36,24.68,69.85,37891797,1042112,1646417,242.73502284760738,53773.85266215296
2042.36,24.68,69.85,37888803,1041862,1646506,242.73502284760738,53773.85266215296
2064.08,24.68,69.91,37882225,1041897,1645566,244.46058209308097,54156.12122619189
2053.22,24.68,69.91,37880066,1041838,1645126,243.59780247034422,53964.98694417243
2042.36,24.68,69.92,37882427,1041743,1646228,242.73502284760738,53773.85266215296
2058.65,24.68,69.92,37882691,1041775,1646491,244.0291922817126,54060.554085182164
2096.67,24.68,69.91,37882691,1042187,1646491,247.04971541766582,54729.70007066834
2058.65,24.67,69.91,37881800,1041658,1646459,244.0373861300868,54062.369294170305
2069.51,24.67,69.9,37887244,1041866,1646463,244.90019472265845,54253.50999396836
2047.79,24.67,69.9,37890024,1041968,1645940,243.17457753751512,53871.22859437225
2036.93,24.67,69.98,37890024,1042032,1645906,242.31176894494348,53680.0878945742
2047.79,24.67,69.99,37886259,1041852,1645523,243.17457753751512,53871.22859437225
2042.36,24.67,69.97,37881284,1041631,1645810,242.74317324122927,53775.65824447322
2069.51,24.67,69.97,37880819,1041651,1645860,244.90019472265845,54253.50999396836
2036.93,24.67,69.94,37883410,1041748,1645903,242.31176894494348,53680.0878945742
2053.22,24.67,69.89,37882207,1041942,1646483,243.60598183380097,53966.79894427128
2053.22,24.67,69.94,37886169,1041942,1645202,243.60598183380097,53966.79894427128
2064.08,24.67,69.95,37889578,1042351,1645726,244.46879042637264,54157.93964406934
2102.1,24.67,69.92,37881904,1042021,1645932,247.4894149834237,54827.10809769014
2036.93,24.67,69.94,37877567,1042021,1644645,242.31176894494348,53680.0878945742
2058.65,24.67,69.98,37886811,1041785,1644645,244.0373861300868,54062.369294170305
2058.65,24.67,70.02,37884835,1041431,1645301,244.0373861300868,54062.369294170305
2047.79,24.67,70.05,37884835,1041873,1645203,243.17457753751512,53871.22859437225
2058.65,24.66,70.04,37884835,1041578,1646189,244.04558052873458,54064.184625062284
2091.23,24.66,70.04,37892988,1041900,1644316,246.6340932217908,54637.62597908522
2042.36,24.66,70.03,37892988,1041702,1645076,242.75132418220642,53777.46394805081
2047.79,24.66,70.02,37881037,1041714,1645435,243.1827429643825,53873.03750705464
2053.22,24.67,69.95,37884203,1041796,1645435,243.60598183380097,53966.79894427128
2064.08,24.67,69.96,37886988,1041701,1646285,244.46879042637264,54157.93964406934
2074.94,24.67,69.96,37886988,1041524,1645201,245.3315990189443,54349.08034386739
2036.93,24.66,69.96,37886988,1041681,1645201,242.31990540003042,53681.890389047
2053.22,24.66,69.96,37882435,1041439,1645585,243.61416174655855,53968.61106605847
2042.36,24.66,69.91,37884995,1041716,1645368,242.75132418220642,53777.46394805081
2080.37,24.66,69.87,37878467,1041221,1644756,245.77125565743873,54446.47886107757
2074.94,24.66,69.87,37877598,1041221,1644756,245.3398368752627,54350.905302073756
2064.08,24.66,69.88,37874707,1041240,1644756,244.47699931091063,54159.75818406611
2053.22,24.66,69.88,37874707,1041548,1644509,243.61416174655855,53968.61106605847
2074.94,24.66,69.88,37877309,1041230,1644509,245.3398368752627,54350.905302073756
2091.23,24.66,69.93,37880003,1041423,1644829,246.6340932217908,54637.62597908522
2053.22,24.66,69.96,37880003,1041593,1644829,243.61416174655855,53968.61106605847
2058.65,24.66,69.88,37875892,1041332,1644829,244.04558052873458,54064.184625062284
2053.22,24.66,69.96,37874555,1041081,1644209,243.61416174655855,53968.61106605847
2069.51,24.66,69.92,37867678,1040721,1644328,244.90841809308665,54255.33174306993
2058.65,24.66,69.92,37874004,1040893,1644328,244.04558052873458,54064.184625062284
2064.08,24.66,69.86,37877365,1041076,1645428,244.47699931091063,54159.75818406611
2015.21,24.66,69.91,37878697,1041002,1645396,240.59423027132627,53299.596153031714
2069.51,24.65,69.97,37883526,1041654,1644453,244.91664201578965,54257.15361451867
2074.94,24.65,69.97,37883526,1041681,1644757,245.34807528482875,54352.730382842805
2064.08,24.65,69.97,37876436,1041590,1644757,244.48520874675052,54161.576846194526
2042.36,24.64,70.02,37880471,1041609,1644928,242.76762770644717,53781.075719026885
2047.79,24.64,70.0,37879859,1041536,1645111,243.19907546332234,53876.65569688688
2085.8,24.64,70.0,37874878,1041308,1644137,246.21920976144827,54545.71554190685
2091.23,24.64,70.0,37874878,1041017,1643524,246.6506575183234,54641.29551976685
2123.82,24.65,70.01,37878171,1041460,1645244,249.23176924258777,55213.097313907965
2058.65,24.64,70.04,37876353,1041199,1644121,244.0619709770726,54067.81565260687
2053.22,24.64,70.02,37876920,1041326,1644268,243.6305232201975,53972.23567474688
2053.22,24.64,70.07,37881873,1041503,1644517,243.6305232201975,53972.23567474688
2026.07,24.64,70.03,37876972,1042440,1643483,241.47328443582182,53494.3357854469
2053.22,24.63,69.99,37870561,1042665,1643621,243.63870478118952,53974.048161672625
2042.36,24.63,69.99,37873630,1043081,1643711,242.77578028982103,53782.88178644978
2026.07,24.63,70.01,37881193,1043440,1643777,241.48139355276842,53496.13222361554
2009.78,24.61,70.04,37877004,1043448,1643358,240.2031397420199,53212.956638660165
2053.22,24.61,70.01,37874289,1043448,1643358,243.65506955179546,53977.673500748504
1988.05,24.61,70.11,37880604,1043622,1643026,238.47638019398988,52830.42216782269
1982.62,24.59,70.12,37871673,1043410,1643092,238.0608790859226,52738.37490120225
2031.5,24.59,70.17,37872916,1043446,1642762,241.94535567832082,53598.91521177929
1988.05,24.58,70.2,37877132,1043483,1643030,238.50040965493042,52835.74548984276
2053.22,24.58,70.2,37874425,1043591,1642383,243.67962083008973,53983.11242260731
2020.64,24.58,70.27,37873216,1043441,1642995,241.09041260411632,53409.51698499079
2015.21,24.56,70.27,37876142,1043607,1642368,240.6750452356444,53317.49934612334
2015.21,24.55,70.27,37877467,1043338,1642649,240.68312971818503,53319.29032695457
2036.93,24.55,70.27,37867655,1043173,1641210,242.40944248297976,53701.72582049744
2026.07,24.54,70.27,37869352,1043475,1641625,241.5544001214128,53512.305598267434
2085.8,24.54,70.46,37872328,1043469,1642095,246.30191969787927,54564.03853412759
1993.48,24.53,70.52,37872824,1043269,1642800,238.97207670680692,52940.235374555945
2009.78,24.53,70.57,37867401,1042910,1641983,240.26769312544963,53227.25735261841
2015.21,24.52,70.61,37878442,1043022,1642703,240.7073864249125,53324.66399144818
1993.48,24.52,70.69,37872693,1042669,1642215,238.98010479417573,52942.013861987485
1998.91,24.51,70.7,37867824,1042705,1641808,239.41976960828504,53039.41419036733
1982.62,24.51,70.73,37864432,1042534,1641531,238.12486104630312,52752.54902601612
1977.19,24.5,70.73,37871756,1042694,1642339,237.70121052082223,52658.69639333791
1993.48,24.5,70.83,37869019,1042687,1641105,238.99616258720735,52945.57119535633
1993.48,24.5,70.83,37870144,1042687,1641162,238.99616258720735,52945.57119535633
1971.76,24.5,70.89,37870144,1042050,1640897,237.2695598320272,52563.07145933176
2042.36,24.5,71.0,37866664,1042814,1640306,242.88181372317453,53806.371706262435
1950.04,24.49,71.0,37867452,1042419,1641570,235.5508707630813,52182.324867095784
2020.64,24.49,71.05,37866821,1042210,1641365,241.16331321268495,53425.666885974024
1971.76,24.48,71.11,37866099,1041895,1639792,237.28550375971133,52566.60356775224
1998.91,24.48,71.18,37870461,1041929,1641140,239.44390223298095,53044.76036657843
1993.48,24.48,71.25,37870461,1041856,1640371,239.01222253832702,52949.12900681319
2009.78,24.48,71.32,37867453,1041623,1640700,240.30805661251836,53236.19920279356
2015.21,24.47,71.28,37870598,1041635,1640700,240.74782513642793,53333.622506331485
1998.91,24.47,71.28,37863695,1041239,1641025,239.45194752235108,53046.5426648234
1988.05,24.47,71.41,37859740,1041580,1640055,238.58855912426057,52855.27351888611
1982.62,24.47,71.44,37866727,1041767,1642195,238.1568649252153,52759.63894591746
2064.08,24.47,71.47,37864357,1041985,1639394,244.63307292783517,54194.33366304929
2009.78,24.46,71.5,37863639,1041571,1640051,240.32420580485817,53239.77678413846
1966.33,24.46,71.51,37870495,1041817,1639457,236.8697411259133,52474.49836451455
1993.48,24.45,71.55,37865714,1042237,1639430,239.03631651237328,52954.46662062438
1988.05,24.45,71.58,37865714,1041473,1640377,238.60459330162112,52858.8256206011
1933.75,24.45,71.64,37860768,1041417,1638993,234.2873611940994,51902.4156203683
1977.19,24.44,71.67,37864431,1041417,1640628,237.74913576236682,52669.31342275288
2004.34,24.44,71.73,37854263,1041464,1639640,239.90782435270665,53147.53449212564
1982.62,24.44,71.74,37861543,1041279,1640514,238.18087348043477,52764.95763662743
1939.18,24.43,71.8,37861543,1042103,1640233,234.73485959702873,52001.55134830476
1982.62,24.43,71.85,37867251,1042103,1638762,238.18887740789899,52766.73077183935
1971.76,24.42,71.92,37858136,1040933,1639528,237.33334840206638,52577.20274177538
1960.9,24.42,71.99,37859841,1041861,1637381,236.46981493081694,52385.90145732515
1971.76,24.42,71.99,37864807,1041914,1638331,237.33334840206638,52577.20274177538
2009.78,24.42,71.99,37864807,1041914,1638776,240.3565107019654,53246.93338954683
1966.33,24.42,72.13,37859185,1040512,1638572,236.90158166644167,52481.55209955027
2015.21,24.41,72.19,37856792,1040486,1638047,240.79636952918295,53344.376698260436
1998.91,24.41,72.28,37853732,1040281,1638334,239.50023061433697,53057.238969971564
1966.33,24.4,72.28,37853931,1040525,1638512,236.91750514697716,52485.07967824962
1998.91,24.4,72.28,37853931,1040760,1638514,239.50827968947112,53059.02210688873
2031.5,24.41,72.28,37854670,1040760,1638514,242.09171326678054,53631.33826843379
2004.34,24.41,72.51,37861270,1040350,1639081,239.93201186020283,53152.892826696014
1998.91,24.41,72.53,37855576,1040218,1638256,239.50023061433697,53057.238969971564
1939.18,24.41,72.53,37854866,1040184,1637499,234.7506369098125,52005.04654600259
2009.78,24.41,72.53,37854015,1039880,1638015,240.3645882833171,53248.722841535986
2009.78,24.41,72.55,37854015,1039537,1638894,240.3645882833171,53248.722841535986
1933.75,24.41,72.59,37855453,1039537,1639013,234.31885566394664,51909.39268927813
1988.05,24.42,72.58,37857019,1039996,1638027,238.62864860894052,52864.154668450734
1977.19,24.42,72.6,37854893,1039623,1637427,237.7651151376911,52672.8533840005
1966.33,24.42,72.61,37852633,1039277,1638774,236.90158166644167,52481.55209955027
1960.9,24.42,72.65,37858140,1039420,1638766,236.46981493081694,52385.90145732515
2026.07,24.42,72.68,37858497,1039139,1638401,241.6518109088395,53533.88531622218
1977.19,24.42,72.75,37855600,1039391,1638668,237.7651151376911,52672.8533840005
2004.34,24.42,72.78,37856725,1039438,1639033,239.92394881581464,53151.10659512608
2009.78,24.41,72.83,37856725,1038849,1638528,240.3645882833171,53248.722841535986
2026.07,24.42,72.83,37854412,1038721,1638381,241.6518109088395,53533.88531622218
1977.19,24.42,72.86,37855972,1038851,1638613,237.7651151376911,52672.8533840005
1977.19,24.42,72.88,37853087,1038851,1637871,237.7651151376911,52672.8533840005
2015.21,24.41,72.88,37853898,1038350,1637534,240.79636952918295,53344.376698260436
2036.93,24.41,72.89,37853898,1037410,1637534,242.52349451264638,53726.99212515824
2026.07,24.42,72.94,37842871,1037556,1638372,241.6518109088395,53533.88531622218
1966.33,24.42,72.97,37840492,1037356,1637514,236.90158166644167,52481.55209955027
1998.91,24.41,73.03,37848999,1037299,1637514,239.50023061433697,53057.238969971564
2004.34,24.41,73.03,37842303,1037337,1637342,239.93201186020283,53152.892826696014
1982.62,24.41,73.03,37842414,1037062,1637299,238.2048868767394,52770.27739979821
2004.34,24.41,73.1,37847421,1037089,1636960,239.93201186020283,53152.892826696014
1988.05,24.41,73.06,37844039,1037411,1638250,238.63666812260524,52865.93125652266
2026.07,24.42,73.09,37844039,1037172,1638265,241.6518109088395,53533.88531622218
1988.05,24.42,73.11,37848418,1036652,1637763,238.62864860894052,52864.154668450734
1993.48,24.42,73.1,37839742,1036424,1637134,239.06041534456523,52959.805310675845
1960.9,24.42,73.13,37835662,1036184,1638264,236.46981493081694,52385.90145732515
1971.76,24.42,73.19,37838251,1036361,1636751,237.33334840206638,52577.20274177538
1982.62,24.42,73.19,37837911,1036873,1638347,238.1968818733158,52768.504026225615
1998.91,24.42,73.23,37841604,1036879,1638579,239.49218208018996,53055.455952900964
1971.76,24.42,73.23,37844949,1036680,1638107,237.33334840206638,52577.20274177538
1966.33,24.42,73.28,37842732,1036647,1637577,236.90158166644167,52481.55209955027
1944.61,24.42,73.31,37845211,1037031,1637832,235.17451472394276,52098.949530649785
1971.76,24.42,73.31,37841607,1036972,1637006,237.33334840206638,52577.20274177538
2015.21,24.42,73.37,37835555,1036335,1638430,240.7882774375901,53342.58403177194
1982.62,24.41,73.38,37835555,1036385,1637709,238.2048868767394,52770.27739979821
2042.36,24.42,73.38,37836562,1036166,1638011,242.94711111571362,53820.83724289752
2015.21,24.42,73.4,37838689,1036166,1638011,240.7882774375901,53342.58403177194
1966.33,24.42,73.43,37838212,1035051,1637575,236.90158166644167,52481.55209955027
2004.34,24.42,73.43,37838369,1034858,1637782,239.92394881581464,53151.10659512608
1998.91,24.42,73.39,37838369,1034655,1637345,239.49218208018996,53055.455952900964
2020.64,24.42,73.45,37832788,1034405,1637677,241.22004417321486,53438.23467399707
2004.34,24.42,73.45,37829950,1034470,1636287,239.92394881581464,53151.10659512608
1998.91,24.42,73.47,37829172,1034690,1637305,239.49218208018996,53055.455952900964
2009.78,24.42,73.51,37831142,1034581,1637380,240.3565107019654,53246.93338954683
1998.91,24.42,73.53,37826240,1034361,1637991,239.49218208018996,53055.455952900964
2026.07,24.42,73.52,37825277,1034384,1637575,241.6518109088395,53533.88531622218
1998.91,24.43,73.52,37830242,1034365,1637562,239.48413408697533,53053.673055664825
2004.34,24.42,73.57,37835848,1034426,1637732,239.92394881581464,53151.10659512608
2009.78,24.42,73.58,37830614,1033892,1637413,240.3565107019654,53246.93338954683
2069.51,24.43,73.54,37829500,1033475,1638105,245.09770815344493,54297.265765184675
1971.76,24.43,73.6,37831389,1033729,1637217,237.32537295518142,52575.435915955706
1998.91,24.42,73.65,37829946,1034070,1637320,239.49218208018996,53055.455952900964
1988.05,24.42,73.72,37823486,1034078,1637222,238.62864860894052,52864.154668450734
2004.34,24.42,73.74,37823486,1033965,1636609,239.92394881581464,53151.10659512608
1977.19,24.42,73.77,37822558,1033965,1637138,237.7651151376911,52672.8533840005
2015.21,24.42,73.82,37823548,1033811,1637470,240.7882774375901,53342.58403177194
1982.62,24.42,73.85,37829628,1033779,1637470,238.1968818733158,52768.504026225615
1998.91,24.42,73.85,37818107,1033451,1636705,239.49218208018996,53055.455952900964
2009.78,24.42,73.86,37818107,1033540,1636691,240.3565107019654,53246.93338954683
1982.62,24.42,73.86,37823104,1033412,1636159,238.1968818733158,52768.504026225615
2004.34,24.42,73.88,37821802,1033366,1636848,239.92394881581464,53151.10659512608
2009.78,24.42,73.87,37826175,1033346,1636822,240.3565107019654,53246.93338954683
1971.76,24.42,73.91,37826175,1033046,1637193,237.33334840206638,52577.20274177538
2009.78,24.42,73.92,37816908,1033046,1637123,240.3565107019654,53246.93338954683
2004.34,24.42,73.95,37819611,1033027,1635147,239.92394881581464,53151.10659512608
1993.48,24.41,74.04,37825495,1033669,1636412,239.0684493684711,52961.58511324711
2009.78,24.41,74.04,37825495,1032985,1636038,240.3645882833171,53248.722841535986
2031.5,24.41,74.07,37824986,1033133,1636767,242.09171326678054,53631.33826843379
1988.05,24.41,74.1,37817537,1032702,1636218,238.63666812260524,52865.93125652266
2009.78,24.41,74.07,37822553,1032992,1636591,240.3645882833171,53248.722841535986
2009.78,24.41,74.08,37821116,1032610,1636468,240.3645882833171,53248.722841535986
1977.19,24.41,74.08,37819989,1032658,1636468,237.77310563087354,52674.62354307376
2085.8,24.41,74.1,37814167,1032390,1636447,246.40952572543918,54587.87683567832
2020.64,24.41,74.1,37814167,1032651,1636447,241.22815077504885,53440.03055498489
1988.05,24.41,74.16,37819986,1032707,1636659,238.63666812260524,52865.93125652266
2020.64,24.41,74.14,37820717,1032393,1636666,241.22815077504885,53440.03055498489
2053.22,24.41,74.15,37820196,1032285,1637188,243.81883825024397,54013.9536953316
1944.61,24.41,74.2,37814000,1032073,1637227,235.1824181556783,52100.70040272702
1966.33,24.41,74.18,37814000,1032519,1637227,236.90954313914182,52483.31582962485
1982.62,24.41,74.21,37818678,1032122,1636897,238.2048868767394,52770.27739979821
1982.62,24.42,74.23,37813215,1032122,1636620,238.1968818733158,52768.504026225615
2047.79,24.41,74.28,37819255,1032083,1637348,243.3870570043781,53918.29983860715
1998.91,24.41,74.29,37819255,1032012,1636806,239.50023061433697,53057.238969971564
2004.34,24.41,74.29,37818571,1031806,1636806,239.93201186020283,53152.892826696014
2009.78,24.41,74.29,37811782,1031806,1636217,240.3645882833171,53248.722841535986
1998.91,24.41,74.4,37814208,1031806,1636249,239.50023061433697,53057.238969971564
2020.64,24.41,74.42,37820488,1032178,1637014,241.22815077504885,53440.03055498489
2053.22,24.4,74.45,37818437,1032249,1636284,243.82703246426692,54015.768985323055
1993.48,24.4,74.45,37817804,1032497,1635989,239.0764839323888,52963.36503544888
2004.34,24.4,74.5,37816178,1031811,1636412,239.94007544655344,53154.67917832858
2026.07,24.4,74.5,37816178,1031823,1635522,241.6680536788553,53537.483628123795
1998.91,24.4,74.5,37816178,1031427,1636332,239.50827968947112,53059.02210688873
2047.79,24.41,74.44,37810850,1031425,1636121,243.3870570043781,53918.29983860715
2015.21,24.41,74.45,37803442,1031190,1636529,240.79636952918295,53344.376698260436
2074.94,24.41,74.49,37809492,1031291,1635261,245.54596323370743,54396.56912222941
1993.48,24.41,74.52,37816174,1031526,1635721,239.0684493684711,52961.58511324711
2020.64,24.41,74.52,37810815,1031565,1636716,241.22815077504885,53440.03055498489
2047.79,24.41,74.56,37814910,1031178,1636065,243.3870570043781,53918.29983860715
1988.05,24.41,74.56,37813003,1031074,1635148,238.63666812260524,52865.93125652266
2026.07,24.41,74.56,37809867,1031134,1636370,241.65993202091468,53535.68441170934
2026.07,24.41,74.57,37810690,1030925,1636138,241.65993202091468,53535.68441170934
2031.5,24.41,74.6,37811598,1030990,1635633,242.09171326678054,53631.33826843379
2004.34,24.41,74.63,37811598,1030955,1635633,239.93201186020283,53152.892826696014
1960.9,24.41,74.63,37798679,1030877,1636193,236.47776189327595,52387.661972900394
2069.51,24.41,74.66,37810853,1030712,1635576,245.11418198784156,54300.91526550496
1977.19,24.41,74.66,37811646,1030823,1637225,237.77310563087354,52674.62354307376
2047.79,24.41,74.67,37806147,1030605,1635782,243.3870570043781,53918.29983860715
1998.91,24.4,74.7,37804462,1030921,1636244,239.50827968947112,53059.02210688873
2015.21,24.4,74.7,37803406,1030361,1636244,240.80446216469062,53346.16948524409
2020.64,24.4,74.74,37803347,1030327,1636244,241.236257921773,53441.826556683955
1993.48,24.4,74.73,37800676,1030112,1636364,239.0764839323888,52963.36503544888
2047.79,24.4,74.78,37808138,1030558,1635815,243.39523670718458,53920.11191388321
2020.64,24.4,74.78,37799678,1030034,1635666,241.236257921773,53441.826556683955
1988.05,24.4,74.82,37799039,1030131,1635130,238.64468817530647,52867.70796400903
2042.36,24.4,74.82,37794712,1030046,1635922,242.9634409501022,53824.454842443345
2026.07,24.4,74.8,37804558,1030116,1636369,241.6680536788553,53537.483628123795
1998.91,24.41,74.84,37796572,1030196,1635963,239.50023061433697,53057.238969971564
2020.64,24.41,74.87,37794616,1030022,1635963,241.22815077504885,53440.03055498489
2004.34,24.41,74.89,37803308,1030455,1635509,239.93201186020283,53152.892826696014
1966.33,24.41,74.93,37804345,1030124,1635605,236.90954313914182,52483.31582962485
2026.07,24.41,74.93,37804608,1029938,1635728,241.65993202091468,53535.68441170934
2020.64,24.41,74.92,37793369,1029351,1634931,241.22815077504885,53440.03055498489
2047.79,24.41,74.92,37797953,1029308,1634401,243.3870570043781,53918.29983860715
2009.78,24.41,74.97,37796469,1029753,1634953,240.3645882833171,53248.722841535986
2015.21,24.41,74.97,37794672,1030000,1634953,240.79636952918295,53344.376698260436
2004.34,24.41,74.97,37797856,1030411,1635567,239.93201186020283,53152.892826696014
2004.34,24.41,74.99,37796528,1029799,1634880,239.93201186020283,53152.892826696014
2015.21,24.41,75.04,37793888,1029261,1635453,240.79636952918295,53344.376698260436
2036.93,24.41,75.05,37794294,1029658,1634881,242.52349451264638,53726.99212515824
2031.5,24.41,75.05,37793383,1029854,1634522,242.09171326678054,53631.33826843379
1982.62,24.41,75.03,37799257,1030005,1635012,238.2048868767394,52770.27739979821
1890.3,24.41,75.04,37795878,1029639,1635112,230.86381051977136,51143.985677366996
1960.9,24.41,75.1,37801061,1029406,1634788,236.47776189327595,52387.661972900394
2042.36,24.41,75.14,37795355,1029406,1635790,242.95527575851222,53822.64598188269
2047.79,24.4,75.2,37793710,1029406,1635790,243.39523670718458,53920.11191388321
1971.76,24.41,75.2,37783944,1027623,1634793,237.34132438500768,52578.9696863493
2015.21,24.41,75.3,37793464,1027201,1635692,240.79636952918295,53344.376698260436
2053.22,24.4,75.34,37793464,1027359,1634646,243.82703246426692,54015.768985323055
2118.39,24.4,75.4,37788969,1027104,1635043,249.00937675322734,55163.83000663709
2036.93,24.4,75.4,37789637,1027458,1635142,242.53164519301993,53728.7977710035
2015.21,24.39,75.4,37789637,1027261,1635142,240.8125553441678,53347.96239273502
1998.91,24.39,75.45,37796276,1028232,1634995,239.5163293056467,53060.80536366452
2080.37,24.39,75.45,37797985,1028113,1636183,245.99427857545822,54495.88582919108
2069.51,24.38,75.44,37788395,1028612,1635511,245.13889689208537,54306.39043593473
1988.05,24.38,75.47,37792802,1028550,1635466,238.6607298980353,52871.26173727317
2015.21,24.38,75.47,37795386,1028688,1634431,240.82064906766945,53349.7554207454
1988.05,24.37,75.5,37795386,1029100,1634108,238.66875156817164,52873.03880307503
1998.91,24.36,75.5,37795386,1029166,1634124,239.54048140096842,53066.15585326456
1966.33,24.36,75.6,37795386,1029680,1633257,236.94935853074867,52492.13625848936
2004.34,24.34,75.63,37795285,1030076,1633547,239.98846834892592,53165.399810116876
1977.19,24.34,75.63,37782345,1029458,1632870,237.82905412458481,52687.01798876274
1960.9,24.34,75.62,37781630,1030114,1632386,236.53340558998016,52399.988895950264
1939.18,24.34,75.71,37790577,1030304,1633116,234.8058742105073,52017.28343886696
1966.33,24.33,75.72,37793935,1030133,1633661,236.9732541901407,52497.429939031776
1971.76,24.33,75.72,37785110,1030133,1632905,237.40515155305533,52593.10951953107
1950.04,24.33,75.8,37792876,1029817,1632954,235.6775621013968,52210.391197533914
1998.91,24.33,75.79,37784737,1030320,1631099,239.5646383676285,53071.5074220275
1955.47,24.33,75.87,37784737,1029530,1632554,236.1094594643114,52306.0707780332
1993.48,24.33,75.89,37778440,1029530,1632672,239.13274100471386,52975.82784152821
2026.07,24.34,75.89,37781945,1027758,1632228,241.71679509275398,53548.28146676606
1993.48,24.34,76.08,37782596,1027076,1632324,239.12470265918947,52974.04708157522
1993.48,24.34,76.09,37778722,1026426,1633215,239.12470265918947,52974.04708157522
2009.78,24.34,76.16,37777351,1026286,1633519,240.42114655814933,53261.252373953575
2042.36,24.35,76.19,37779095,1026195,1633405,243.0042751418585,53833.500969307606
2015.21,24.35,76.22,37781994,1026103,1633611,240.84493350286954,53355.13522801471
2074.94,24.36,76.25,37781994,1025277,1633362,245.58723007570163,54405.71109546094
2020.64,24.36,76.25,37777706,1025035,1635530,241.26869195866874,53449.01177083563
2042.36,24.37,76.31,37775673,1024145,1634741,242.98793981817326,53829.882153700644
2074.94,24.37,76.31,37777922,1023716,1634334,245.57897559768082,54403.882454996594
2004.34,24.37,76.37,37780355,1023716,1635281,239.96426945792544,53160.03895372301
1988.05,24.37,76.37,37780355,1023456,1634743,238.66875156817164,52873.03880307503
2074.94,24.38,76.47,37776715,1023131,1636489,245.57072167452694,54402.05393745366
2058.65,24.38,76.47,37780083,1023075,1636489,244.27524732720218,54115.063432896866
2047.79,24.38,76.51,37775095,1022613,1634729,243.41159776231902,53923.736429859
2118.39,24.39,76.49,37777784,1022663,1634792,249.01774569107613,55165.68400374694
2074.94,24.39,76.51,37771393,1022663,1634889,245.56246830618403,54400.225542819746
2053.22,24.39,76.51,37780639,1022465,1636233,243.8352272290872,54017.58439733439
2069.51,24.39,76.51,37774783,1023642,1635115,245.13065803690984,54304.565256448404
2069.51,24.38,76.46,37778904,1023888,1635115,245.13889689208537,54306.39043593473
2036.93,24.38,76.38,37779820,1024098,1635435,242.5479481974358,53732.40942682113
2036.93,24.38,76.38,37774675,1024404,1635435,242.5479481974358,53732.40942682113
2069.51,24.37,76.34,37774273,1025026,1634789,245.14713630109622,54308.21573811393
2009.78,24.37,76.34,37777661,1025162,1633958,240.39690403866578,53255.88185240471
2026.07,24.36,76.31,37769499,1025371,1633430,241.70054577037197,53544.68170329814
1955.47,24.36,76.35,37769499,1025371,1633430,236.08565090734209,52300.79639356429
1955.47,24.35,76.35,37769499,1025371,1633542,236.09358655947344,52302.55440352711
1955.47,24.35,76.35,37769499,1025371,1633542,236.09358655947344,52302.55440352711
1939.18,24.33,76.35,37769499,1025371,1633054,234.81376737556752,52019.03203653534
1971.76,24.33,76.35,37769499,1025371,1632970,237.40515155305533,52593.10951953107
1971.76,24.33,76.35,37777563,1026570,1633660,237.40515155305533,52593.10951953107
2009.78,24.32,76.35,37782456,1026848,1633300,240.43731095432761,53264.833323452614
2091.23,24.31,76.49,37778368,1026848,1633300,246.92428999657614,54701.91418285273
1960.9,24.3,76.5,37775455,1026768,1633300,236.56521374672448,52407.0354569045
2009.78,24.3,76.52,37775455,1026768,1633300,240.45347752423547,53268.41475450479
1960.9,24.29,76.55,37775455,1026768,1633300,236.5731671226573,52408.79739327677
1988.05,24.28,76.59,37775455,1026768,1632000,238.74097087234793,52889.037772554504
1977.19,24.27,76.61,37775455,1026768,1632000,237.8850289540809,52699.418268700916
2031.5,24.26,76.62,37782465,1027329,1631349,242.21381325329756,53658.38746227485
1928.32,24.26,76.62,37778801,1027647,1631752,234.00503636005556,51839.871312379124
1982.62,24.26,76.62,37778801,1027725,1631752,238.32502652581485,52796.892313923396
2036.93,24.24,76.62,37777918,1027740,1632672,242.66213062706572,53757.70461939571
1982.62,24.24,76.62,37777918,1027750,1632129,238.34105430257438,52800.44299769312
1928.32,24.23,76.62,37778630,1027630,1631883,234.0286430285968,51845.100971869906
2031.5,24.23,76.62,37776425,1027630,1631883,242.23824803168748,53663.80057554362
2026.07,24.22,76.62,37776425,1027737,1631883,241.8143369275427,53569.89021605486
1928.32,24.21,76.62,37776425,1027737,1630681,234.04438345387453,51848.58799776257
1939.18,24.21,76.62,37770767,1027724,1630102,234.90852676514604,52040.024381989955
2047.79,24.2,76.89,37768658,1027724,1630102,243.55894629972343,53956.37901454833
1922.88,24.19,76.93,37768658,1027724,1630102,233.62722951295572,51756.17457388476
1960.9,24.19,76.96,37768658,1027724,1630102,236.65273030525057,52426.42327522783
1917.45,24.19,76.96,37768658,1027987,1630306,233.19512879485575,51660.449943472006
1906.59,24.17,76.96,37768658,1027987,1630306,232.346555700332,51472.46287830657
2053.22,24.17,77.04,37774953,1028333,1629615,244.01565151938186,54057.554357536916
2047.79,24.16,77.07,37774953,1028333,1629615,243.59171464875973,53963.63828991942
1933.75,24.15,77.1,37773634,1028421,1629482,234.52377629116714,51954.78940000541
1955.47,24.14,77.17,37773936,1028421,1629482,236.26035857729275,52339.49993289151
1901.16,24.14,77.17,37771900,1028858,1629110,231.93782876417933,51381.91631528536
1960.9,24.14,77.17,37777448,1029304,1629542,236.69253196866092,52435.24066284182
1966.33,24.13,77.17,37777448,1029304,1629542,237.13268183693165,52532.74844679484
2047.79,24.13,77.22,37777448,1029304,1629201,243.61629669746623,53969.08402844438
1960.9,24.12,77.27,37777448,1029304,1629201,236.7084563829623,52438.768448401264
1912.02,24.12,77.3,37779422,1029304,1629201,232.81783822229812,51576.867576899924
1922.88,24.11,77.3,37779422,1029304,1629201,233.69010436446965,51770.103437391146
1950.04,24.11,77.36,37779422,1029304,1629201,235.85198537954486,52249.0317346511
1955.47,24.11,77.34,37779422,1029304,1629201,236.28420238660885,52344.78212692362
1895.73,24.11,77.34,37774517,1029158,1627327,231.52901932914963,51291.35147602857
1960.9,24.11,77.34,37777808,1029091,1627327,236.71641939367285,52440.53251919613
1960.9,24.11,77.34,37777808,1029091,1627327,236.71641939367285,52440.53251919613
1966.33,24.1,77.41,37777808,1029091,1627675,237.15661448774785,52538.05032216374
1901.16,24.1,77.44,37772232,1029091,1627675,231.96903991018627,51388.830618574204
1922.88,24.1,77.45,37768132,1028974,1627941,233.69796610052904,51771.84507249418
1950.04,24.09,77.49,37766643,1028974,1627941,235.86785484431272,52252.54734706765
1950.04,24.09,77.5,37766643,1029113,1628523,235.86785484431272,52252.54734706765
1933.75,24.09,77.5,37772004,1029186,1628523,234.5711165770555,51965.276842355015
1950.04,24.09,77.5,37768298,1028803,1627420,235.86785484431272,52252.54734706765
1944.61,24.08,77.5,37770053,1028603,1627691,235.44352974600025,52158.54527414951
1890.3,24.08,77.5,37770053,1028493,1626865,231.1201273702627,51200.768355002285
1944.61,24.08,77.57,37770053,1028453,1626608,235.44352974600025,52158.54527414951
1988.05,24.08,77.57,37770053,1028453,1626608,238.90161479851443,52924.625726511076
1922.88,24.08,77.62,37770053,1028453,1626608,233.71369115964828,51775.32869427345
1895.73,24.08,77.65,37757572,1028418,1625457,231.55238800182696,51296.52841154747
1971.76,24.07,77.66,37763192,1028765,1625780,237.61282714488559,52639.11654622872
1906.59,24.07,77.7,37763192,1028765,1625780,232.4247289577509,51489.78084576446
1971.76,24.06,77.73,37759474,1028321,1624675,237.6208219239019,52640.887654756225
1917.45,24.06,77.75,37761118,1028339,1624994,233.29712861566705,51683.046284418306
2026.07,24.06,77.75,37761118,1028339,1624994,241.94451523213678,53598.72902509415
1982.62,24.06,77.79,37761118,1028339,1624994,238.48540136281613,52832.4206557113
1928.32,24.05,77.84,37762252,1028339,1624994,234.17038312195197,51876.50110031856
1944.61,24.05,77.87,37762252,1028339,1624994,235.4672959165668,52163.81026862536
1966.33,24.05,77.87,37765643,1028516,1624994,237.19651297605333,52546.88915970112
1884.87,24.05,77.87,37765643,1028409,1624888,230.71115286252802,51110.16694667025
1966.33,24.05,77.87,37765643,1028409,1624888,237.19651297605333,52546.88915970112
2020.64,24.04,77.87,37762382,1028337,1623937,241.52847856463387,53506.563114308374
1933.75,24.04,77.98,37762382,1028337,1623937,234.61058141715387,51974.01961244187
1928.32,24.04,77.99,37752769,1028359,1623937,234.17826260588888,51878.24666716468
1944.61,24.04,78.02,37759235,1028370,1623381,235.47521903968385,52165.56550299624
1939.18,24.03,78.04,37758898,1028344,1624714,235.05080933738415,52071.54468749086
1939.18,24.03,78.04,37758898,1028344,1624567,235.05080933738415,52071.54468749086
1922.88,24.03,78.05,37758898,1028344,1624567,233.75301306744151,51784.03980011743
1960.9,24.03,78.09,37758898,1028344,1624567,236.78014277193353,52454.649359500116
1928.32,24.03,78.1,37758898,1028344,1624567,234.18614262010948,51879.99235148623
1922.88,24.02,78.13,37747755,1028344,1624567,233.7608790368552,51785.78237304874
1922.88,24.02,78.15,37747755,1028344,1624567,233.7608790368552,51785.78237304874
1944.61,24.02,78.18,37747755,1028344,1624567,235.4910668856333,52169.07632612799
1950.04,24.02,78.18,37756254,1028344,1624567,235.9234147926221,52264.85571707234
1912.02,24.02,78.18,37756254,1028260,1624567,232.89618322287768,51594.22359116007
1895.73,24.02,78.22,37751455,1028149,1624567,231.59913950191145,51306.88541832707
1922.88,24.02,78.22,37753665,1028543,1623830,233.7608790368552,51785.78237304874
1960.9,24.02,78.22,37755577,1028525,1623449,236.78811060659962,52456.414498961014
1928.32,24.01,78.26,37755615,1028368,1623449,234.2019042396155,51883.4840726029
1971.76,24.01,78.28,37755615,1028368,1623449,237.66080389016994,52649.74498542907
1939.18,24.01,78.31,37747664,1028224,1622590,235.0666291522541,52075.04930080944
1868.58,24.01,78.32,37749207,1028373,1622590,229.44512097248554,50829.69892222915
1939.18,24.01,78.33,37749207,1028412,1622590,235.0666291522541,52075.04930080944
1971.76,24.01,78.33,37749207,1028412,1621295,237.66080389016994,52649.74498542907
1912.02,24.0,78.33,37749207,1028412,1622672,232.91185855070694,51597.69619581033
1895.73,24.0,78.4,37749207,1028412,1623113,231.61472753081952,51310.338683372895
1928.32,24.0,78.42,37749207,1028412,1623113,234.20978584500799,51885.23010942176
1874.01,24.0,78.42,37749207,1028412,1623113,229.885219504303,50927.19533345631
1939.18,24.0,78.43,37749207,1028412,1623113,235.07453985826626,52076.80178438005
1928.32,24.0,78.43,37752877,1028412,1623113,234.20978584500799,51885.23010942176
1928.32,24.0,78.43,37751053,1028501,1622006,234.20978584500799,51885.23010942176
1977.19,24.0,78.43,37751053,1028501,1622006,238.10117890467018,52747.30264673407
1960.9,24.0,78.43,37751053,1028501,1622006,236.8040478847828,52459.945134296635
1933.75,24.0,78.43,37751053,1028501,1622006,234.64216285163712,51981.0159469009
2036.93,24.0,78.43,37751050,1027655,1622006,242.85812225200428,53801.12326017866
1998.91,24.0,78.59,37751050,1027260,1621069,239.83068693118668,53130.44599665065
1912.02,24.0,78.59,37751050,1027260,1621069,232.91185855070694,51597.69619581033
1977.19,24.0,78.64,37751050,1027260,1621069,238.10117890467018,52747.30264673407
1982.62,24.01,78.64,37751050,1027260,1621069,238.52552880280857,52841.31021363561
1955.47,24.01,78.64,37737943,1027260,1621069,236.363716521212,52362.397143119255
1912.02,24.01,78.64,37744781,1027260,1619716,232.90402062304,51595.95983505532
1944.61,24.01,78.64,37744781,1027260,1619992,235.49899160857333,52170.8319149127
1917.45,24.01,78.64,37744781,1025042,1619679,233.3363830793593,51691.7424491586
1928.32,24.01,78.64,37744781,1025042,1619272,234.2019042396155,51883.4840726029
1966.33,24.01,78.64,37743590,1024627,1619272,237.22844143385063,52553.9623713258
1928.32,24.01,78.81,37743590,1024627,1619510,234.2019042396155,51883.4840726029
2026.07,24.01,78.81,37743590,1024627,1619510,241.98522470098058,53607.747521699544
2080.37,24.01,78.81,37743590,1024627,1619510,246.30884926417366,54565.57366273225
2009.78,24.02,78.84,37743590,1024627,1619510,240.68003799032152,53318.605406761955
1988.05,24.02,78.86,37743590,1023547,1620959,238.94985014154335,52935.31145368269
2080.37,24.02,78.88,37743590,1023547,1620959,246.30056078117525,54563.737489038314
2009.78,24.02,78.9,37743590,1023108,1619699,240.68003799032152,53318.605406761955
2004.34,24.02,78.92,37743590,1023108,1619699,240.24689386250958,53222.6496265157
1998.91,24.02,78.92,37732189,1023108,1619699,239.81454595552083,53126.87023557136
2053.22,24.02,78.92,37732189,1023108,1619699,244.13882124623152,54084.84053431664
2047.79,24.02,78.92,37732189,1023108,1619699,243.70647333924276,53989.0611433723
2069.51,24.02,78.97,37732189,1023108,1619699,245.43586496719774,54372.178707149644
2026.07,24.02,78.99,37732189,1023108,1619699,241.97708171128775,53605.94357959496
2020.64,24.03,78.97,37732189,1023108,1619699,241.53660591097503,53508.363590892084
1966.33,24.03,78.98,37732189,1022239,1618846,237.2124761305709,52550.42552750244
2042.36,24.03,78.98,37732189,1022239,1618846,243.2659393455243,53891.468262901326
2020.64,24.03,78.98,37732189,1022239,1618846,241.53660591097503,53508.363590892084
2069.51,24.03,79.02,37732189,1022239,1619867,245.42760613871107,54370.349102912915
1982.62,24.03,79.02,37727544,1021730,1618795,238.50947620648293,52837.75403150939
2036.93,24.03,79.02,37727544,1021730,1619551,242.83360598688702,53795.69209489902
2069.51,24.03,79.02,37730282,1021287,1620399,245.42760613871107,54370.349102912915
2080.37,24.03,79.01,37733872,1021287,1620399,246.29227285598577,54561.90143891755
2047.79,24.03,79.04,37733872,1021287,1620399,243.6982727041617,53987.24443090365
2020.64,24.04,79.04,37733872,1021287,1620399,241.52847856463387,53506.563114308374
2064.08,24.04,79.03,37733872,1021287,1620399,244.98702905475386,54272.74667652589
2026.07,24.04,79.02,37733872,1021287,1620399,241.9607973758988,53602.336059585556
2036.93,24.04,79.02,37733872,1021287,1620399,242.82543499842882,53793.881950139934
2102.1,24.04,79.03,37733872,1021287,1620399,248.01405690084874,54943.333670897664
2020.64,24.04,79.04,37715009,1020235,1620399,241.52847856463387,53506.563114308374
2020.64,24.04,79.04,37715009,1020235,1619500,241.52847856463387,53506.563114308374
2004.34,24.04,79.04,37715009,1020753,1619292,240.23072596359893,53219.067901045346
2069.51,24.04,79.04,37720228,1020162,1618979,245.41934786601885,54368.519621803076
1998.91,24.04,79.04,37720228,1020089,1619091,239.7984071523339,53123.29495576816
2096.67,24.04,79.04,37720228,1020089,1619091,247.58173808958375,54847.560725620475
2020.64,24.04,79.05,37720228,1020089,1619091,241.52847856463387,53506.563114308374
2036.93,24.04,79.05,37725333,1019900,1619179,242.82543499842882,53793.881950139934
2112.96,24.04,79.05,37725333,1019900,1619179,248.87869452337875,55134.87956145204
2145.54,24.05,79.05,37720202,1019900,1619179,251.4641459977188,55707.64275406966
2161.83,24.04,79.06,37720202,1019900,1618717,252.7695638247638,55996.83606894675
2058.65,24.04,79.06,37720202,1019900,1618717,244.5547102434888,54176.97373124869
2042.36,24.04,79.06,37720202,1019900,1618222,243.25775380969378,53889.654895417116
2058.65,24.04,79.07,37721983,1019900,1618222,244.5547102434888,54176.97373124869
2102.1,24.04,79.08,37721983,1019900,1619097,248.01405690084874,54943.333670897664
2085.8,24.04,79.08,37721983,1019900,1619097,246.71630429981383,54655.83845763464
2074.94,24.04,79.06,37716922,1020250,1617907,245.85166667728384,54464.292567080265
2085.8,24.04,79.06,37716922,1020250,1617464,246.71630429981383,54655.83845763464
2047.79,24.04,79.06,37725418,1019700,1616655,243.69007262095883,53985.42784069431
2069.51,24.04,79.08,37719489,1019700,1616655,245.41934786601885,54368.519621803076
2102.1,24.04,79.09,37716415,1019099,1616655,248.01405690084874,54943.333670897664
2118.39,24.04,79.09,37717719,1019036,1617579,249.31101333464375,55230.65250672923
2020.64,24.04,79.11,37723014,1019226,1617088,241.52847856463387,53506.563114308374
2080.37,24.04,79.11,37723014,1019226,1617177,246.28398548854884,54560.065512357454
2069.51,24.04,79.11,37723014,1019226,1617177,245.41934786601885,54368.519621803076
2020.64,24.04,79.11,37725392,1019717,1617870,241.52847856463387,53506.563114308374
2080.37,24.04,79.11,37725392,1019717,1617870,246.28398548854884,54560.065512357454
2031.5,24.04,79.11,37721201,1019358,1617287,242.39311618716383,53698.109004862745
2107.53,24.04,79.13,37721201,1019358,1617169,248.44637571211376,55039.10661617485
2074.94,24.04,79.15,37721201,1019358,1617169,245.85166667728384,54464.292567080265
2129.25,24.04,79.16,37717512,1019413,1616586,250.17565095717376,55422.19839728362
2107.53,24.04,79.16,37717512,1019413,1616586,248.44637571211376,55039.10661617485
2085.8,24.04,79.14,37721843,1019413,1616586,246.71630429981383,54655.83845763464
2085.8,24.04,79.14,37721843,1019154,1616256,246.71630429981383,54655.83845763464
2042.36,24.04,79.15,37721843,1019154,1616256,243.25775380969378,53889.654895417116
2102.1,24.04,79.16,37721843,1019154,1616256,248.01405690084874,54943.333670897664
2080.37,24.04,79.16,37717736,1018667,1617390,246.28398548854884,54560.065512357454
2085.8,24.04,79.16,37717736,1018667,1616958,246.71630429981383,54655.83845763464
2085.8,24.04,79.16,37717736,1018518,1616958,246.71630429981383,54655.83845763464
2042.36,24.04,79.16,37717736,1018457,1616318,243.25775380969378,53889.654895417116
2123.82,24.04,79.16,37717736,1018457,1616318,249.74333214590877,55326.42545200643
2042.36,24.04,79.2,37717736,1018457,1616318,243.25775380969378,53889.654895417116
2118.39,24.03,79.22,37717736,1018457,1616318,249.31940256047784,55232.51099830024
2102.1,24.03,79.22,37715447,1018456,1615596,248.0224024845658,54945.182494293294
2118.39,24.03,79.22,37708693,1018456,1615596,249.31940256047784,55232.51099830024
2102.1,24.03,79.22,37708693,1018456,1615596,248.0224024845658,54945.182494293294
2085.8,24.03,79.25,37708693,1018456,1615596,246.72460621462312,54657.67760691986
2047.79,24.03,79.25,37708693,1018660,1614851,243.6982727041617,53987.24443090365
2102.1,24.03,79.23,37708693,1018111,1615574,248.0224024845658,54945.182494293294
2134.68,24.03,79.23,37708693,1018111,1615159,250.61640263638986,55519.839502307186
2102.1,24.03,79.22,37708693,1018111,1615159,248.0224024845658,54945.182494293294
2047.79,24.03,79.23,37708693,1017979,1615717,243.6982727041617,53987.24443090365
2118.39,24.03,79.23,37708682,1017854,1614746,249.31940256047784,55232.51099830024
2112.96,24.03,79.23,37708682,1017854,1614746,248.88706920184046,55136.73483029792
2134.68,24.03,79.23,37708682,1017742,1615201,250.61640263638986,55519.839502307186
2074.94,24.03,79.23,37708682,1017742,1615201,245.85993949734842,54466.12527091523
2102.1,24.03,79.23,37708682,1018222,1615201,248.0224024845658,54945.182494293294
2102.1,24.03,79.23,37709086,1018101,1615731,248.0224024845658,54945.182494293294
2150.97,24.03,79.23,37709086,1018101,1616054,251.9134027123019,55807.16800631413
2058.65,24.03,79.26,37709086,1018101,1616054,244.56293942143637,54178.79676690828
2102.1,24.03,79.26,37709086,1018101,1616054,248.0224024845658,54945.182494293294
2161.83,24.03,79.26,37709086,1018101,1614424,252.77806942957656,55998.72034231876
2102.1,24.03,79.27,37709086,1018101,1614424,248.0224024845658,54945.182494293294
2123.82,24.03,79.27,37709086,1017957,1614424,249.75173591911516,55328.28716630256
2118.39,24.03,79.27,37709086,1017957,1614424,249.31940256047784,55232.51099830024
2080.37,24.03,79.26,37709086,1017957,1614424,246.29227285598577,54561.90143891755
2140.11,24.03,79.27,37709086,1017957,1614424,251.0487359950272,55615.615670309504
1977.19,24.03,79.27,37709086,1017658,1613677,238.07714284784558,52741.97786350707
2129.25,24.03,79.3,37702899,1017830,1612963,250.1840692777525,55424.063334304876
2096.67,24.03,79.3,37702899,1017838,1612963,247.59006912592844,54849.40632629098
2074.94,24.03,79.32,37702899,1017838,1612963,245.85993949734842,54466.12527091523
2150.97,24.03,79.32,37702899,1018196,1615153,251.9134027123019,55807.16800631413
2123.82,24.03,79.34,37701538,1017890,1612364,249.75173591911516,55328.28716630256
2145.54,24.02,79.34,37706979,1018050,1612556,251.48953188586336,55713.266569672254
2123.82,24.02,79.34,37706979,1017965,1613313,249.76014025790838,55330.14900589491
2096.67,24.02,79.34,37701473,1017885,1613313,247.59840072296464,54851.25205117324
2058.65,24.02,79.35,37699492,1017770,1612265,244.57116915322024,54180.61992526097
2074.94,24.02,79.37,37699699,1017777,1612265,245.8682128741865,54467.95809809398
2123.82,24.02,79.37,37700644,1017786,1612265,249.76014025790838,55330.14900589491
2102.1,24.02,79.37,37700644,1017520,1612265,248.0307486299534,54947.03144211757
2107.53,24.02,79.37,37697332,1017560,1614045,248.46309653694215,55042.81083306191
2118.39,24.02,79.37,37702656,1017694,1614045,249.32779235091962,55234.36961495058
2129.25,24.02,79.37,37702656,1017694,1613083,250.19248816489713,55425.92839683925
2091.23,24.02,79.38,37702656,1017694,1613083,247.16525659515273,54755.296270926985
2112.96,24.02,79.38,37697176,1017381,1611889,248.89544444393087,55138.59022400624
2140.11,24.02,79.38,37697176,1017425,1612328,251.05718397887463,55617.48717872792
2167.26,24.02,79.38,37694229,1017277,1612484,253.21892351381837,56096.384133449596
2080.37,24.02,79.38,37694229,1017277,1612484,246.30056078117525,54563.737489038314
2123.82,24.01,79.38,37697518,1017428,1612193,249.76854516234567,55332.010970796175
2085.8,24.01,79.38,37697518,1017428,1612193,246.74121172049297,54661.35627683552
2112.96,24.01,79.44,37697518,1017428,1612193,248.90382024970708,55140.44574258964
2123.82,24.01,79.44,37697518,1017208,1611628,249.76854516234567,55332.010970796175
2167.26,24.01,79.45,37697518,1017208,1611628,253.22744481290016,56098.27188362235
2123.82,24.01,79.44,37696565,1017208,1611628,249.76854516234567,55332.010970796175
2085.8,24.01,79.44,37696565,1017013,1611628,246.74121172049297,54661.35627683552
2172.69,24.01,79.44,37692116,1017301,1612029,253.65980726921947,56194.05449772562
2118.39,24.01,79.44,37692116,1017301,1612029,249.33618270602636,55236.22835669291
2069.51,24.01,79.38,37692116,1017795,1612894,245.44412435153504,54374.008434525706
2091.23,24.01,79.39,37692116,1017795,1612308,247.17357417681228,54757.1388909388
2216.14,24.01,79.39,37692116,1017795,1612308,257.1195031673915,56960.49180578955
2161.83,24.01,79.44,37692116,1017795,1612308,252.79508235658082,56002.48926951907
2096.67,24.01,79.48,37692116,1017795,1612308,247.60673288074912,54853.09790027982
2150.97,24.01,79.5,37692116,1017795,1612308,251.93035744394223,55810.92404131254
2118.39,24.01,79.5,37690711,1017795,1612308,249.33618270602636,55236.22835669291
2069.51,24.01,79.5,37690711,1016365,1612308,245.44412435153504,54374.008434525706
2074.94,24.01,79.5,37690711,1016365,1612308,245.87648680785438,54469.791048628984
2053.22,24.01,79.5,37697194,1016994,1612358,244.14703698257713,54086.6605922159
2156.4,24.01,79.47,37697194,1016994,1612049,252.36271990026157,55906.706655415815
2156.4,24.01,79.47,37694259,1017651,1612239,252.36271990026157,55906.706655415815
2194.42,24.01,79.47,37694259,1017651,1612555,255.39005334211424,56577.361349376464
2042.36,24.0,79.47,37694259,1017651,1612555,243.29049925863336,53896.9090976578
2145.54,24.0,79.45,37694259,1017651,1612555,251.50645865900057,55717.01641093557
2199.85,24.0,79.44,37694259,1017651,1612555,255.83102499970553,56675.05118690101
2140.11,23.99,79.44,37692284,1018630,1611937,251.08253134213558,55623.10245979193
2091.23,23.99,79.44,37692284,1018630,1611937,247.19021101965916,54760.82450303348
2096.67,23.99,79.42,37695040,1018840,1611261,247.62339887878912,54856.78997121609
2107.53,23.99,79.41,37695040,1019693,1611261,248.48818199462573,55048.36809336005
2183.56,23.99,79.41,37695040,1019693,1610501,254.54246010669368,56389.5913554784
2036.93,23.98,79.41,37695040,1019502,1609951,242.8744691790902,53804.74464632346
2031.5,23.98,79.41,37695040,1019817,1609947,242.44206306890325,53708.95236144166
2064.08,23.98,79.41,37695040,1019817,1610491,245.0364997300249,54283.706070732434
2047.79,23.98,79.41,37692780,1019882,1610882,243.73928139946406,53996.32921608705
2080.37,23.98,79.41,37692780,1019882,1610882,246.3337180605857,54571.08292537782
2031.5,23.97,79.42,37692780,1019882,1610882,242.45022280446693,53710.76001331166
2074.94,23.97,79.42,37702119,1019882,1610882,245.90958811194798,54477.12408458059
2015.21,23.96,79.44,37702119,1019882,1610882,241.16107743631548,53425.171587406614
2156.4,23.96,79.45,37697532,1020495,1610882,252.40518947716913,55916.115074293564
2026.07,23.96,79.45,37695686,1020495,1610882,242.02594787164145,53616.76905371154
2015.21,23.96,79.45,37695686,1020890,1608669,241.16107743631548,53425.171587406614
2026.07,23.96,79.45,37695686,1020890,1608669,242.02594787164145,53616.76905371154
2042.36,23.96,79.45,37694805,1020890,1608669,243.3232535246303,53904.16525316891
2004.34,23.96,79.44,37694805,1020890,1608669,240.2954106193732,53233.397696178756
2058.65,23.96,79.44,37683674,1020745,1608760,244.62055917761927,54191.56145262631
2047.79,23.96,79.44,37683674,1020928,1608891,243.75568874229333,53999.96398632139
2020.64,23.96,79.44,37683674,1020928,1608891,241.5935126539785,53520.970320559085
2053.22,23.95,79.47,37690319,1021160,1608006,244.19634301495327,54097.58351256437
2064.08,23.95,79.47,37690319,1021427,1608219,245.06124256069438,54289.187427791076
2042.36,23.95,79.5,37690319,1021427,1608219,243.33144346921205,53905.979597337646
2036.93,23.95,79.48,37690319,1021278,1608219,242.89899369634156,53810.1776397243
2036.93,23.95,79.48,37690319,1021278,1608219,242.89899369634156,53810.1776397243
2042.36,23.95,79.48,37690319,1022026,1607881,243.33144346921205,53905.979597337646
2004.34,23.94,79.51,37691202,1022060,1607881,240.31158722650366,53236.981350808404
1993.48,23.94,79.5,37691202,1022060,1607881,239.44665856838762,53045.37098622577
1993.48,23.94,79.52,37694735,1022214,1608448,239.44665856838762,53045.37098622577
2036.93,23.94,79.54,37694735,1022214,1608448,242.90716963608023,53811.98888135613
2015.21,23.94,79.55,37694735,1022214,1608448,241.17731231984817,53428.768152190845
2053.22,23.94,79.55,37694735,1022352,1608570,244.20456262325428,54099.40442823008
2069.51,23.94,79.55,37694735,1022352,1608570,245.50195561042833,54386.81997510404
2129.25,23.94,79.57,37694735,1022352,1608464,250.25985966529498,55440.85341710835
2026.07,23.93,79.61,37694735,1022352,1608464,242.05038835378812,53622.18343055148
2036.93,23.93,79.61,37685244,1021816,1608261,242.91534612623894,53813.80024492423
2031.5,23.93,79.61,37687090,1021816,1608261,242.48286724001355,53717.991837737856
2036.93,23.93,79.61,37681646,1021793,1606972,242.91534612623894,53813.80024492423
2020.64,23.93,79.62,37681646,1021793,1606972,241.61790946756275,53526.37502336511
2042.36,23.93,79.63,37681646,1021793,1606972,243.3478250124643,53909.60865211059
2064.08,23.93,79.63,37681646,1021793,1606972,245.07774055736604,54292.8422808561
2058.65,23.93,79.63,37681646,1021793,1606972,244.64526167114062,54197.03387366972
1982.62,23.92,79.7,37681646,1021793,1606972,238.59779223429692,52857.31895877725
2047.79,23.92,79.7,37681646,1021793,1606972,243.7885100556191,54007.23499503802
2020.64,23.92,79.7,37681646,1022151,1604889,241.62604283375484,53528.17683354532
2074.94,23.92,79.7,37681646,1022151,1604889,245.95097727748342,54486.293156530744
1982.62,23.92,79.74,37682934,1022047,1605408,238.59779223429692,52857.31895877725
1966.33,23.92,79.74,37682934,1022047,1605408,237.30031190117833,52569.88406188162
1977.19,23.92,79.74,37679180,1021817,1604063,238.16529878992407,52761.507326478706
1988.05,23.92,79.77,37681794,1021883,1603661,239.0302856786698,52953.13059107579
2009.78,23.92,79.79,37685431,1022099,1602744,240.76105594500908,53336.55356894823
2004.34,23.92,79.79,37680684,1022048,1602744,240.32776601178838,53240.56548797142
2069.51,23.92,79.81,37680684,1021807,1604455,245.51848383311057,54390.4815242322
1955.47,23.92,79.81,37680684,1021931,1604003,236.4353250124326,52378.26079728453
2026.07,23.92,79.83,37679442,1021978,1604003,242.05853627812763,53623.98846584385
1982.62,23.91,79.83,37677059,1022239,1603660,238.60582420737418,52859.098307021995
2069.51,23.91,79.84,37677059,1022239,1603660,245.52674877904175,54392.312483685644
1960.9,23.91,79.85,37677059,1022239,1604150,236.87579219337235,52475.838876510614
1971.76,23.92,79.83,37677059,1022239,1604150,237.73280534555118,52665.69569418016
2047.79,23.92,79.83,37677059,1022239,1604150,243.7885100556191,54007.23499503802
1950.04,23.91,79.83,37677059,1022257,1603025,236.01077618637146,52284.20916125492
2047.79,23.92,79.83,37681547,1022328,1604984,243.7885100556191,54007.23499503802
2020.64,23.92,79.83,37680803,1022171,1604394,241.62604283375484,53528.17683354532
1955.47,23.92,79.85,37680803,1022171,1604394,236.4353250124326,52378.26079728453
1988.05,23.92,79.84,37680803,1022121,1604394,239.0302856786698,52953.13059107579
1960.9,23.92,79.84,37680803,1022114,1603694,236.86781845680548,52474.07242958307
1993.48,23.92,79.87,37680803,1022114,1603694,239.46277912304265,53048.94222337433
2020.64,23.92,79.9,37680803,1022114,1603694,241.62604283375484,53528.17683354532
1993.48,23.92,79.9,37681196,1022103,1604132,239.46277912304265,53048.94222337433
2015.21,23.92,79.9,37675210,1021889,1602809,241.19354938938193,53432.365201246765
2096.67,23.91,79.93,37675210,1021889,1602809,247.69008531220427,54871.56322644297
1939.18,23.91,79.94,37675210,1021889,1602809,235.1457601793705,52092.579445999225
1982.62,23.91,79.95,37675210,1021889,1602809,238.60582420737418,52859.098307021995
2015.21,23.91,79.95,37675210,1021889,1602809,241.20166874403716,53434.16390740718
2015.21,23.91,79.95,37675210,1021889,1603600,241.20166874403716,53434.16390740718
1971.76,23.91,79.95,37675213,1021970,1602255,237.7408082003733,52667.46859176631
1960.9,23.91,79.95,37673132,1022101,1602465,236.87579219337235,52475.838876510614
2058.65,23.91,79.95,37673132,1022101,1602465,244.66173277204084,54200.68276842995
1998.91,23.91,80.0,37673132,1022101,1602465,239.9033482178756,53146.54287990554
2015.21,23.91,80.01,37673070,1022146,1602465,241.20166874403716,53434.16390740718
1982.62,23.91,80.02,37673070,1022146,1602600,238.60582420737418,52859.098307021995
2009.78,23.91,80.02,37673070,1022146,1602003,240.76916074053673,53338.34904977933
2009.78,23.91,80.02,37673070,1022146,1602003,240.76916074053673,53338.34904977933
1939.18,23.91,80.02,37671417,1021963,1602721,235.1457601793705,52092.579445999225
1950.04,23.9,80.06,37671150,1021926,1602721,236.01872133958426,52285.96927602217
1944.61,23.9,80.06,37666308,1022172,1602516,235.58619877597593,52190.15119284786
2042.36,23.91,80.06,37666308,1022172,1602516,243.3642087615394,53913.23819554639
2042.36,23.91,80.06,37666308,1022172,1602516,243.3642087615394,53913.23819554639
2004.34,23.91,80.06,37676138,1021891,1602883,240.33585622137602,53242.357737533384
2053.22,23.91,80.06,37676138,1022154,1602883,244.22922476854038,54104.8679108021
2015.21,23.91,80.03,37673515,1022154,1602883,241.20166874403716,53434.16390740718
2047.79,23.91,80.04,37665619,1021693,1603980,243.79671676503992,54009.053053174255
1982.62,23.91,80.04,37669185,1021791,1603378,238.60582420737418,52859.098307021995
1971.76,23.91,80.06,37669185,1021791,1603378,237.7408082003733,52667.46859176631
2096.67,23.91,80.08,37670347,1022106,1603378,247.69008531220427,54871.56322644297
2036.93,23.91,80.1,37670347,1022106,1603378,242.931700758039,53817.42333791856
1993.48,23.91,80.11,37670347,1022106,1603378,239.47084021437513,53050.7280222777
1982.62,23.91,80.11,37671384,1022106,1603378,238.60582420737418,52859.098307021995
2004.34,23.91,80.11,37671384,1022106,1603378,240.33585622137602,53242.357737533384
2004.34,23.91,80.11,37671793,1022106,1603378,240.33585622137602,53242.357737533384
1944.61,23.91,80.12,37669137,1022106,1603190,235.57826818287094,52188.394303627065
1982.62,23.91,80.12,37669137,1022106,1603190,238.60582420737418,52859.098307021995
1998.91,23.92,80.12,37669137,1022106,1603190,239.89527256741553,53144.753855672876
1977.19,23.92,80.12,37669137,1022106,1603190,238.16529878992407,52761.507326478706
1944.61,23.92,80.12,37669137,1022106,1603190,235.57033812368684,52186.63753268744
1944.61,23.92,80.13,37669137,1022106,1603097,235.57033812368684,52186.63753268744
1944.61,23.92,80.13,37669137,1022106,1603097,235.57033812368684,52186.63753268744
1993.48,23.92,80.16,37669137,1022106,1603097,239.46277912304265,53048.94222337433
1988.05,23.92,80.14,37669137,1022106,1603097,239.0302856786698,52953.13059107579
1944.61,23.92,80.16,37662831,1021393,1603097,235.57033812368684,52186.63753268744
2015.21,23.92,80.16,37662831,1021393,1603097,241.19354938938193,53432.365201246765
2091.23,23.92,80.16,37663937,1021381,1602312,247.24845761060197,54773.72805342636
1988.05,23.91,80.16,37663937,1021381,1602312,239.03833221087467,52954.91316464985
2015.21,23.91,80.21,37659378,1021363,1602606,241.20166874403716,53434.16390740718
2042.36,23.91,80.23,37665652,1021655,1602835,243.3642087615394,53913.23819554639
1998.91,23.91,80.23,37665652,1021655,1602835,239.9033482178756,53146.54287990554
2031.5,23.91,80.23,37663678,1021522,1602835,242.49919275453857,53721.60848029072
1944.61,23.91,80.25,37660570,1021317,1603166,235.57826818287094,52188.394303627065
1966.33,23.91,80.25,37660570,1021317,1603166,237.30830019687284,52571.65373413846
1950.04,23.91,80.25,37669711,1021750,1602584,236.01077618637146,52284.20916125492
1971.76,23.91,80.25,37669711,1021750,1602584,237.7408082003733,52667.46859176631
2042.36,23.91,80.27,37669711,1021750,1601849,243.3642087615394,53913.23819554639
2096.67,23.9,80.29,37658845,1021339,1602380,247.69842364195725,54873.41044284515
2009.78,23.9,80.32,37658845,1021339,1602380,240.77726608175,53340.144651497896
2026.07,23.9,80.32,37658845,1021339,1602004,242.07483377257492,53627.59890102082
1944.61,23.9,80.32,37657221,1021071,1601100,235.58619877597593,52190.15119284786
2091.23,23.9,80.31,37657221,1021264,1601006,247.26510453587454,54777.41589911251
1982.62,23.9,80.31,37657221,1021456,1601180,238.61385672123407,52860.877775068024
1988.05,23.9,80.33,37657221,1021456,1601180,239.04637928484237,52956.69585824233
2020.64,23.9,80.34,37657221,1021456,1601180,241.64231120896665,53531.78081784652
2009.78,23.9,80.34,37657221,1021456,1601180,240.77726608175,53340.144651497896
1988.05,23.9,80.34,37660150,1021456,1601180,239.04637928484237,52956.69585824233
1998.91,23.9,80.32,37660150,1021456,1602233,239.91142441205898,53148.33202459094
2004.34,23.9,80.32,37660150,1021456,1602233,240.34394697566728,53244.15010776525
2047.79,23.9,80.36,37654048,1021475,1601369,243.80492402700813,54010.87123371805
1998.91,23.9,80.36,37654048,1021475,1601369,239.91142441205898,53148.33202459094
2009.78,23.9,80.37,37664719,1021748,1601369,240.77726608175,53340.144651497896
1960.9,23.9,80.38,37664719,1021748,1601369,236.88376646680086,52477.60544237079
2026.07,23.9,80.38,37658559,1021748,1601369,242.07483377257492,53627.59890102082
2053.22,23.9,80.38,37658559,1021748,1601369,244.23744659061643,54106.689316892356
2009.78,23.9,80.4,37658559,1020977,1601890,240.77726608175,53340.144651497896
1971.76,23.9,80.39,37658559,1020977,1601890,237.74881159401747,52669.24160871941
2004.34,23.91,80.37,37656396,1021739,1601039,240.33585622137602,53242.357737533384
1993.48,23.91,80.38,37656396,1021739,1601039,239.47084021437513,53050.7280222777
1993.48,23.91,80.38,37656396,1021739,1601167,239.47084021437513,53050.7280222777
2015.21,23.9,80.38,37656396,1021739,1601167,241.20978864535832,53435.962734672205
1982.62,23.91,80.54,37656396,1021739,1601167,238.60582420737418,52859.098307021995
2053.22,23.91,80.58,37657615,1017907,1600763,244.22922476854038,54104.8679108021
1993.48,23.92,80.57,37657615,1017851,1601598,239.46277912304265,53048.94222337433
1977.19,23.92,80.29,37645995,1020504,1601246,238.16529878992407,52761.507326478706
1955.47,23.93,80.2,37667903,1023422,1601629,236.4273663708205,52376.49769438978
1933.75,23.93,80.12,37667903,1026831,1602513,234.69745082591882,51993.26406564428
1901.16,23.94,79.98,37702853,1029557,1602566,232.0939685391729,51416.50645047354
1874.01,23.96,79.98,37712098,1032016,1602803,229.91616901384555,50934.05167559673
1835.99,23.96,79.69,37714558,1032016,1602534,226.8883261085884,50263.284118606556
1689.37,23.99,79.49,37718181,1036572,1602239,215.19005052885782,47671.72835526445
1624.2,24.0,79.49,37765072,1049927,1603031,209.99348837612197,46520.517605893634
1607.91,24.0,78.53,37759949,1057344,1603031,208.69635735623459,46233.160093456194
1591.62,24.0,78.52,37743402,1057013,1597094,207.3992263363472,45945.80258101876
1580.75,24.0,78.4,37738558,1057437,1596437,206.53367604867526,45754.05450488647
1569.89,24.01,78.28,37738112,1057903,1595871,205.6620008844534,45560.94956559821
1548.17,24.01,78.28,37739077,1058788,1595997,203.93255105917612,45177.81910918511
1537.31,24.01,77.98,37741950,1059622,1596489,203.0678261465375,44986.25388097857
1645.92,24.03,77.98,37740279,1060101,1596489,211.70162319484498,46898.92608189988
1743.67,24.04,78.36,37688381,1049220,1593966,219.4770345211591,48621.43739544588
1803.41,24.04,78.66,37688381,1038684,1593798,224.23333761231402,49675.11617092642
1846.86,24.11,78.66,37688381,1028377,1599742,227.63906626557352,50429.597945575915
1874.01,24.15,78.81,37688381,1026446,1600638,229.76923301615759,50901.50048212763
1960.9,24.2,78.79,37688381,1023149,1604109,236.6447715788236,52424.66015354378
2004.34,24.26,79.03,37688381,1023149,1604620,240.05302259211854,53179.700714541104
2031.5,24.29,79.09,37573791,1013419,1604600,242.1893834039242,53652.975440946604
2053.22,24.32,79.13,37573791,1011363,1605901,243.89260600982487,54030.29569900451
2053.22,24.36,79.1,37561053,1010061,1607662,243.85981482888846,54023.03136561081
2020.64,24.37,79.07,37564918,1009934,1607633,241.260582631835,53447.21528617003
2020.64,24.39,78.87,37584683,1011661,1609614,241.24436561344206,53443.62267910637
2026.07,24.4,78.83,37611569,1011661,1611540,241.6680536788553,53537.483628123795
1971.76,24.42,78.8,37627933,1011661,1611185,237.33334840206638,52577.20274177538
1960.9,24.44,78.51,37652545,1018006,1612687,236.45392260816294,52382.38078112922
1960.9,24.45,78.43,37687902,1022191,1614654,236.44597724786027,52380.6206204847
1971.76,24.46,78.37,37685001,1023079,1614988,237.30144983032457,52570.13615090252
1988.05,24.48,78.37,37679259,1022125,1613378,238.5805428436731,52853.49764704795
2009.78,24.5,78.38,37673135,1020711,1613158,240.2919095904043,53232.62210222559
2042.36,24.52,78.38,37662500,1020711,1613990,242.8654948590819,53802.75653700076
2053.22,24.54,78.47,37656857,1016283,1614377,243.71236356526123,53990.36602365842
2064.08,24.55,78.47,37656857,1014769,1615196,244.56733343897312,54179.77018742603
2069.51,24.57,78.45,37654876,1014052,1616081,244.9824532859806,54271.73299208537
2074.94,24.59,78.41,37654876,1013685,1617708,245.3975173635454,54363.683441964764
2080.37,24.61,78.37,37665336,1013615,1619011,245.81252568290518,54455.621539553715
2080.37,24.62,78.33,37673278,1013579,1620825,245.80427056903596,54453.79275822787
2085.8,24.64,78.33,37681761,1013862,1622419,246.21920976144827,54545.71554190685
2080.37,24.64,78.19,37681761,1013862,1624564,245.78776200457315,54450.135564046854
2058.65,24.68,78.19,37706806,1015559,1625230,244.0291922817126,54060.554085182164
2042.36,24.7,77.97,37715266,1016756,1625818,242.71872370220885,53770.241861235576
2020.64,24.71,77.97,37734255,1019388,1625975,240.9851895005155,53386.206580075566
2009.78,24.71,77.67,37743940,1021846,1626856,240.12249677561218,53195.09154880632
1982.62,24.72,77.67,37743940,1024935,1624770,237.95698170021348,52715.35818673903
1982.62,24.74,77.45,37743940,1025172,1625048,237.94100553574336,52711.81893680203
1982.62,24.75,77.37,37743940,1025580,1625178,237.93301825794762,52710.0494900435
1982.62,24.76,77.37,37742790,1025481,1625376,237.92503151637268,52708.28016207564
1982.62,24.76,77.25,37743667,1025404,1625937,237.92503151637268,52708.28016207564
1977.19,24.77,77.24,37742352,1024937,1625937,237.48578582009515,52610.97268218659
1982.62,24.78,77.16,37742352,1024937,1626095,237.90905964166947,52704.74186246419
1993.48,24.79,77.12,37750562,1025036,1626987,238.76353559133474,52894.036605685076
2015.21,24.8,77.12,37750562,1023258,1627103,240.4811804568004,53274.551872241565
2015.21,24.82,77.13,37747160,1022328,1627579,240.4650391552965,53270.97603897835
2009.78,24.84,77.13,37758450,1022060,1629875,240.01774183557788,53171.88485763768
2009.78,24.85,77.13,37765230,1022467,1629875,240.00968754893904,53170.100566199486
2009.78,24.87,76.93,37771439,1022782,1632546,239.99358059722113,53166.53234255234
2015.21,24.88,76.93,37773878,1022888,1632546,240.4166282491819,53260.25141876448
2009.78,24.88,76.82,37776372,1023006,1632805,239.98552793203316,53164.74841031926
2015.21,24.89,76.78,37778502,1023085,1633136,240.40856165985673,53258.464401873505
2009.78,24.9,76.74,37781213,1023014,1633317,239.9694242227272,53161.18090497383
2009.78,24.9,76.7,37782381,1023357,1633317,239.9694242227272,53161.18090497383
2015.21,24.91,76.7,37784938,1023307,1636202,240.39243010502477,53254.89072782116
2009.78,24.92,76.58,37788657,1023440,1636202,239.9533226744853,53157.613878375705
2009.78,24.94,76.5,37788657,1023440,1638397,239.93722328687255,53154.047330428555
2015.21,24.95,76.5,37794515,1023638,1638439,240.36017348911,53247.74481829714
2015.21,24.95,76.35,37798167,1023638,1638476,240.36017348911,53247.74481829714
2015.21,24.96,76.35,37798167,1024116,1639801,240.352110687678,53245.95864055005
2015.21,24.96,76.13,37803683,1024097,1639891,240.352110687678,53245.95864055005
2009.78,24.98,76.08,37805549,1024242,1639891,239.905030991795,53146.9156701018
2015.21,24.98,76.01,37809230,1024506,1641094,240.33598670748898,53242.38664453218
2015.21,24.99,75.86,37812096,1024505,1641658,240.32792552862307,53240.60082623726
2015.21,24.99,75.83,37815392,1024505,1641658,240.32792552862307,53240.60082623726
2015.21,25.0,75.76,37816658,1024944,1640902,240.31986489050377,53238.81512773563
2015.21,25.0,75.7,37819317,1024976,1641518,240.31986489050377,53238.81512773563
2009.78,25.01,75.62,37822196,1025184,1643329,239.88089243890474,53141.56818059917
2015.21,25.01,75.55,37823003,1025204,1642924,240.3118047930765,53237.02954901522
2015.21,25.02,75.47,37823793,1025270,1642794,240.30374523628697,53235.244090063985
2015.21,25.02,75.43,37824832,1025405,1643155,240.30374523628697,53235.244090063985
2015.21,25.02,75.35,37826091,1025527,1642076,240.30374523628697,53235.244090063985
2009.78,25.02,75.3,37828328,1025870,1642816,239.872847334017,53139.785923223164
2009.78,25.03,75.21,37829021,1025870,1643984,239.8648027687432,53138.003785389534
2015.21,25.03,75.18,37834542,1026033,1643984,240.2956862200808,53233.45875086987
2015.21,25.04,75.18,37835743,1026282,1644119,240.28762774440352,53231.67353142083
2015.21,25.04,74.91,37837462,1026426,1644135,240.28762774440352,53231.67353142083
2015.21,25.04,74.85,37841096,1026598,1644164,240.28762774440352,53231.67353142083
2015.21,25.05,74.79,37841096,1026982,1645399,240.27956980920086,53229.88843170482
2015.21,25.05,74.58,37845517,1027056,1645951,240.27956980920086,53229.88843170482
2009.78,25.06,74.58,37850667,1027446,1647061,239.84067231006284,53132.65808902267
2009.78,25.06,74.46,37850630,1027467,1646616,239.84067231006284,53132.65808902267
2015.21,25.06,74.46,37853157,1027890,1647133,240.27151241441834,53228.103451709794
2015.21,25.07,74.24,37857150,1028125,1647535,240.26345556000166,53226.31859142371
2015.21,25.07,74.12,37857150,1028284,1647535,240.26345556000166,53226.31859142371
2015.21,25.08,74.12,37864419,1028631,1647855,240.2553992458964,53224.53385083451
2015.21,25.08,73.87,37866552,1028844,1647855,240.2553992458964,53224.53385083451
2009.78,25.08,73.87,37869443,1029186,1649135,239.8245880346841,53129.09488893622
2009.78,25.09,73.7,37869443,1029725,1649834,239.81654670595444,53127.31346810438
2015.21,25.09,73.51,37877087,1029813,1648842,240.24734347204833,53222.74922993019
2015.21,25.1,73.51,37880764,1030289,1649650,240.23928823840293,53220.96472869866
2009.78,25.1,73.51,37881982,1030533,1649650,239.80850591645876,53125.53216673075
2015.21,25.1,73.51,37881982,1030973,1650792,240.23928823840293,53220.96472869866
2009.78,25.11,72.96,37890360,1031220,1650446,239.80046566614308,53123.75098480335
2015.21,25.11,72.93,37890360,1031596,1651729,240.23123354490608,53219.180347127935
2015.21,25.11,72.77,37895793,1031993,1651758,240.23123354490608,53219.180347127935
2015.21,25.12,72.63,37898248,1032482,1651422,240.22317939150332,53217.396085205946
2015.21,25.12,72.49,37903174,1032798,1653108,240.22317939150332,53217.396085205946
2026.07,25.12,72.29,37903174,1032979,1651926,241.08468626460382,53408.248410997534
2036.93,25.13,72.15,37906640,1032703,1652571,241.93808175936394,53597.30379764681
2042.36,25.13,72.12,37906640,1031934,1652886,242.3688207546698,53692.72676132833
2047.79,25.14,72.06,37909320,1031796,1652550,242.79142003494175,53786.34650835076
2042.36,25.14,71.98,37912270,1031787,1652684,242.36069547991187,53690.92674366897
2042.36,25.14,71.92,37917572,1032043,1652684,242.36069547991187,53690.92674366897
2042.36,25.15,71.83,37920449,1032246,1654307,242.35257074992592,53689.12684669465
2031.5,25.15,71.83,37924800,1033087,1654830,241.49115051848216,53498.29371490165
2004.34,25.15,71.54,37924800,1035982,1654830,239.33680673523958,53021.03516430328
1993.48,25.15,71.54,37939227,1035982,1655773,238.47538650379576,52830.202032510264
1993.48,25.15,70.85,37936664,1038801,1655773,238.47538650379576,52830.202032510264
1998.91,25.15,70.7,37935664,1038962,1654737,238.90609661951768,52925.61859840678
1998.91,25.15,70.57,37935664,1038693,1654737,238.90609661951768,52925.61859840678
2004.34,25.16,70.33,37935664,1038958,1654128,239.3287836449397,53019.257783888126
2004.34,25.16,70.12,37935664,1039259,1654128,239.3287836449397,53019.257783888126
2004.34,25.17,69.97,37935664,1040106,1654128,239.3207610925247,53017.4805226323
2009.78,25.17,69.97,37949826,1040624,1656402,239.75223548398978,53113.06640093674
2004.34,25.17,69.63,37952995,1041333,1657141,239.3207610925247,53017.4805226323
2004.34,25.18,69.49,37953947,1041492,1656811,239.31273907794042,53015.70338052381
2004.34,25.18,69.4,37959467,1042096,1657233,239.31273907794042,53015.70338052381
2004.34,25.18,69.4,37963842,1042995,1656971,239.31273907794042,53015.70338052381
1998.91,25.18,69.4,37963842,1043837,1656447,238.8820722743342,52920.29640969644
1998.91,25.18,68.91,37967709,1044485,1657126,238.8820722743342,52920.29640969644
1998.91,25.18,68.78,37968501,1045016,1657492,238.8820722743342,52920.29640969644
1993.48,25.18,68.59,37968501,1045500,1659332,238.451405470728,52824.88943886908
1982.62,25.18,68.47,37974817,1046185,1658097,237.5900718635155,52634.07549721435
1977.19,25.18,68.31,37977472,1046756,1658160,237.1594050599093,52538.66852638698
1977.19,25.18,68.23,37978743,1047880,1658715,237.1594050599093,52538.66852638698
1971.76,25.18,68.09,37978743,1048690,1658323,236.72873825630307,52443.26155555962
1988.05,25.18,68.09,37978743,1048686,1657801,238.02073866712175,52729.482468041715
1988.05,25.18,67.75,37976716,1048490,1658087,238.02073866712175,52729.482468041715
1998.91,25.19,67.58,37978473,1048283,1657662,238.87406523296283,52918.52258465088
1998.91,25.19,67.54,37980861,1048352,1658373,238.87406523296283,52918.52258465088
2004.34,25.19,67.46,37983830,1048184,1658373,239.30471760113286,53013.926357550685
2004.34,25.19,67.37,37991095,1048632,1660387,239.30471760113286,53013.926357550685
2004.34,25.2,67.37,37994443,1049473,1659750,239.29669666204782,53012.14945370092
1977.19,25.2,67.1,37994443,1050440,1659750,237.14350699354029,52535.146577767824
1966.33,25.2,66.66,38012873,1053055,1661809,236.28223112613725,52344.345427394575
1955.47,25.2,66.53,38012873,1055732,1661704,235.42095525873424,52153.54427702134
1955.47,25.2,66.53,38004649,1055732,1662190,235.42095525873424,52153.54427702134
1966.33,25.2,65.83,38004627,1056055,1662606,236.28223112613725,52344.345427394575
1982.62,25.2,65.75,38003782,1055594,1662341,237.57414492724178,52630.54715295444
1988.05,25.2,65.55,38005183,1055201,1663539,238.0047828609433,52725.94772814106
1998.91,25.2,65.55,38006604,1054900,1662648,238.8660587283463,52916.74887851429
2009.78,25.21,65.42,38011624,1054783,1663061,239.72009280595205,53105.94573242878
2004.34,25.21,65.37,38014434,1054552,1664824,239.28867626063138,53010.37266896256
1998.91,25.21,65.15,38014434,1057297,1665057,238.8580527604308,52914.97529127478
1993.48,25.22,64.9,38035884,1058387,1664834,238.419438261495,52817.807642517044
1998.91,25.22,64.71,38037354,1058877,1665221,238.85004732916218,52913.20182292033
1993.48,25.22,64.71,38037354,1060248,1665666,238.419438261495,52817.807642517044
1993.48,25.22,64.14,38040676,1060786,1665313,238.419438261495,52817.807642517044
1993.48,25.22,63.95,38041436,1061042,1665890,238.419438261495,52817.807642517044
1988.05,25.22,63.87,38041436,1062346,1666186,237.98882919382788,52722.413462113764
1988.05,25.22,63.87,38045951,1063649,1665740,237.98882919382788,52722.413462113764
1988.05,25.22,63.4,38045951,1063942,1665740,237.98882919382788,52722.413462113764
1988.05,25.22,63.24,38047387,1064277,1664662,237.98882919382788,52722.413462113764
1993.48,25.22,63.1,38047387,1064887,1665363,238.419438261495,52817.807642517044
1998.91,25.22,62.9,38052689,1065416,1666092,238.85004732916218,52913.20182292033
1998.91,25.22,62.7,38052689,1065416,1666348,238.85004732916218,52913.20182292033
1998.91,25.23,62.5,38060714,1065416,1666348,238.84204243448664,52911.42847343904
1998.91,25.23,62.31,38064137,1067795,1667770,238.84204243448664,52911.42847343904
1998.91,25.23,62.31,38066871,1068779,1667079,238.84204243448664,52911.42847343904
1998.91,25.23,62.31,38070814,1069824,1667324,238.84204243448664,52911.42847343904
1998.91,25.23,61.72,38071821,1070105,1667371,238.84204243448664,52911.42847343904
2004.34,25.23,61.65,38073410,1070158,1667895,239.27263707058773,53006.81945677213
2009.78,25.23,61.49,38074562,1071002,1667972,239.70402469865218,53102.38611410768
2009.78,25.23,61.34,38074562,1071905,1667592,239.70402469865218,53102.38611410768
2009.78,25.24,61.06,38084211,1071905,1667592,239.6959914527425,53100.60648388836
1998.91,25.24,60.74,38090196,1074455,1669933,238.8340380763501,52909.655242818924
1977.19,25.24,60.42,38101873,1074455,1669933,237.11171725434073,52528.104096910174
1971.76,25.24,60.02,38095292,1079725,1669291,236.6811370488384,52432.71631043299
1971.76,25.23,59.72,38094005,1079706,1669291,236.68906925398116,52434.47355677358
1977.19,25.23,59.49,38090173,1079712,1669565,237.11966389008222,52529.86454010667
1982.62,25.23,59.39,38090173,1079695,1669238,237.55025852618334,52625.255523439766
1982.62,25.23,59.14,38094352,1080313,1669238,237.55025852618334,52625.255523439766
1988.05,25.23,58.9,38095840,1080914,1668448,237.98085316228443,52720.64650677285
1988.05,25.23,58.77,38097366,1081534,1668451,237.98085316228443,52720.64650677285
1988.05,25.23,58.69,38099381,1081534,1668451,237.98085316228443,52720.64650677285
1988.05,25.24,58.69,38106112,1083250,1668279,237.97287766534544,52718.87966986455
1988.05,25.24,58.44,38105694,1083687,1669329,237.97287766534544,52718.87966986455
1988.05,25.24,58.27,38109134,1084489,1669494,237.97287766534544,52718.87966986455
1988.05,25.24,58.1,38109134,1085634,1669439,237.97287766534544,52718.87966986455
1993.48,25.24,57.77,38115356,1086775,1671252,238.4034578708478,52814.26745634174
1993.48,25.24,57.6,38119539,1087946,1670415,238.4034578708478,52814.26745634174
1993.48,25.24,57.42,38122850,1087946,1670540,238.4034578708478,52814.26745634174
1993.48,25.24,57.07,38124028,1089758,1671462,238.4034578708478,52814.26745634174
1998.91,25.24,56.89,38124028,1091301,1671462,238.8340380763501,52909.655242818924
1998.91,25.24,56.54,38132641,1092514,1671856,238.8340380763501,52909.655242818924
1998.91,25.24,56.34,38132641,1094229,1671966,238.8340380763501,52909.655242818924
2004.34,25.24,55.96,38138769,1095126,1672431,239.26461828185248,53005.04302929611
1998.91,25.24,55.77,38140287,1095126,1672794,238.8340380763501,52909.655242818924
1998.91,25.24,55.48,38143046,1097136,1671449,238.8340380763501,52909.655242818924
1998.91,25.24,55.19,38143046,1098677,1671449,238.8340380763501,52909.655242818924
1998.91,25.24,54.74,38148759,1100460,1672201,238.8340380763501,52909.655242818924
1998.91,25.24,54.74,38150964,1101437,1671959,238.8340380763501,52909.655242818924
1998.91,25.24,54.74,38153331,1101988,1671959,238.8340380763501,52909.655242818924
1998.91,25.24,54.06,38154017,1102895,1673834,238.8340380763501,52909.655242818924
1998.91,25.24,53.97,38156611,1103717,1673749,238.8340380763501,52909.655242818924
1998.91,25.24,53.79,38157333,1103717,1673749,238.8340380763501,52909.655242818924
1998.91,25.24,53.61,38161800,1105934,1673092,238.8340380763501,52909.655242818924
1998.91,25.24,53.33,38162324,1106787,1672761,238.8340380763501,52909.655242818924
1998.91,25.24,53.16,38164096,1107614,1673714,238.8340380763501,52909.655242818924
1998.91,25.24,52.98,38163500,1108527,1673311,238.8340380763501,52909.655242818924
1998.91,25.24,52.71,38168794,1110152,1673570,238.8340380763501,52909.655242818924
1998.91,25.24,52.44,38168123,1110654,1673912,238.8340380763501,52909.655242818924
1998.91,25.24,52.36,38171396,1111615,1674050,238.8340380763501,52909.655242818924
1998.91,25.24,52.17,38175055,1112965,1673691,238.8340380763501,52909.655242818924
2004.34,25.24,51.91,38176079,1114253,1673520,239.26461828185248,53005.04302929611
2004.34,25.24,51.65,38179721,1115161,1673741,239.26461828185248,53005.04302929611
2004.34,25.24,51.38,38181369,1115161,1674004,239.26461828185248,53005.04302929611
2004.34,25.24,51.13,38184284,1118581,1674343,239.26461828185248,53005.04302929611
2004.34,25.24,50.88,38184376,1119409,1674833,239.26461828185248,53005.04302929611
2004.34,25.24,50.72,38186506,1120445,1674610,239.26461828185248,53005.04302929611
2004.34,25.24,50.64,38186892,1120445,1674264,239.26461828185248,53005.04302929611
2004.34,25.24,50.39,38190547,1122299,1674280,239.26461828185248,53005.04302929611
2004.34,25.24,50.3,38191709,1122820,1673670,239.26461828185248,53005.04302929611
2004.34,25.24,50.3,38193093,1123779,1674823,239.26461828185248,53005.04302929611
2004.34,25.24,50.3,38193093,1125181,1674455,239.26461828185248,53005.04302929611
1998.91,25.24,49.6,38197719,1126559,1674656,238.8340380763501,52909.655242818924
2004.34,25.24,49.44,38198438,1126935,1675222,239.26461828185248,53005.04302929611
2004.34,25.24,49.36,38198120,1127457,1674790,239.26461828185248,53005.04302929611
2004.34,25.24,49.18,38201354,1128846,1674948,239.26461828185248,53005.04302929611
2004.34,25.24,48.92,38203676,1130250,1674949,239.26461828185248,53005.04302929611
2004.34,25.24,48.74,38205311,1131194,1675484,239.26461828185248,53005.04302929611
2004.34,25.24,48.5,38205937,1132430,1675383,239.26461828185248,53005.04302929611
2004.34,25.24,48.33,38205937,1132430,1674771,239.26461828185248,53005.04302929611
2004.34,25.24,48.08,38209869,1134920,1675668,239.26461828185248,53005.04302929611
2004.34,25.24,47.92,38211775,1135353,1675645,239.26461828185248,53005.04302929611
2004.34,25.24,47.84,38213048,1136299,1674906,239.26461828185248,53005.04302929611
2004.34,25.24,47.7,38213048,1137575,1675121,239.26461828185248,53005.04302929611
2004.34,25.23,47.7,38217879,1139490,1675732,239.27263707058773,53006.81945677213
2004.34,25.23,47.12,38219356,1140931,1675299,239.27263707058773,53006.81945677213
2004.34,25.23,46.87,38219808,1142291,1675291,239.27263707058773,53006.81945677213
2004.34,25.23,46.55,38219808,1144256,1675739,239.27263707058773,53006.81945677213
2004.34,25.23,46.24,38225074,1144959,1675682,239.27263707058773,53006.81945677213
2004.34,25.23,46.09,38225074,1146672,1675658,239.27263707058773,53006.81945677213
2004.34,25.23,45.85,38225074,1148178,1675049,239.27263707058773,53006.81945677213
2004.34,25.23,45.54,38229652,1148178,1675049,239.27263707058773,53006.81945677213
2004.34,25.23,45.32,38233241,1151065,1676281,239.27263707058773,53006.81945677213
2004.34,25.23,45.32,38236612,1151065,1676760,239.27263707058773,53006.81945677213
2004.34,25.23,44.8,38236677,1153231,1676302,239.27263707058773,53006.81945677213
2004.34,25.23,44.66,38239317,1153231,1676302,239.27263707058773,53006.81945677213
2004.34,25.23,44.46,38239317,1153231,1676445,239.27263707058773,53006.81945677213
2004.34,25.23,44.17,38243443,1157025,1675750,239.27263707058773,53006.81945677213
2004.34,25.23,44.03,38244951,1157911,1675750,239.27263707058773,53006.81945677213
2004.34,25.23,43.95,38244231,1158789,1676133,239.27263707058773,53006.81945677213
2004.34,25.23,43.75,38244883,1159505,1676699,239.27263707058773,53006.81945677213
2004.34,25.23,43.69,38247714,1160429,1676699,239.27263707058773,53006.81945677213
2004.34,25.23,43.69,38248023,1161780,1675631,239.27263707058773,53006.81945677213
2004.34,25.23,43.29,38248821,1162476,1676132,239.27263707058773,53006.81945677213
2004.34,25.23,43.18,38252270,1163940,1675949,239.27263707058773,53006.81945677213
2004.34,25.23,43.0,38252221,1164954,1677237,239.27263707058773,53006.81945677213
2004.34,25.23,42.95,38252073,1165307,1676620,239.27263707058773,53006.81945677213
2004.34,25.23,42.82,38251594,1165307,1676526,239.27263707058773,53006.81945677213
1998.91,25.23,42.71,38251952,1166299,1675788,238.84204243448664,52911.42847343904
2004.34,25.23,42.59,38255153,1167573,1676045,239.27263707058773,53006.81945677213
2004.34,25.23,42.48,38255153,1169213,1676045,239.27263707058773,53006.81945677213
2004.34,25.23,42.48,38255696,1169213,1676423,239.27263707058773,53006.81945677213
2004.34,25.23,42.09,38258563,1169213,1676336,239.27263707058773,53006.81945677213
2004.34,25.23,41.93,38258086,1172146,1677116,239.27263707058773,53006.81945677213
2004.34,25.23,41.93,38259730,1173318,1676504,239.27263707058773,53006.81945677213
2004.34,25.23,41.71,38260423,1173672,1676575,239.27263707058773,53006.81945677213
2004.34,25.23,41.53,38262495,1175263,1675551,239.27263707058773,53006.81945677213
1998.91,25.23,41.34,38262495,1175263,1676337,238.84204243448664,52911.42847343904
2004.34,25.23,41.29,38266466,1176328,1676394,239.27263707058773,53006.81945677213
2004.34,25.23,41.18,38268207,1176967,1676387,239.27263707058773,53006.81945677213
2004.34,25.23,41.0,38268551,1178094,1675158,239.27263707058773,53006.81945677213
1998.91,25.23,40.9,38269993,1179164,1676268,238.84204243448664,52911.42847343904
2004.34,25.23,40.74,38270555,1179957,1676554,239.27263707058773,53006.81945677213
2004.34,25.23,40.62,38269484,1180656,1676169,239.27263707058773,53006.81945677213
2004.34,25.23,40.62,38271378,1180978,1675815,239.27263707058773,53006.81945677213
2004.34,25.23,40.44,38271378,1181647,1676843,239.27263707058773,53006.81945677213
1998.91,25.23,40.33,38273402,1182327,1676843,238.84204243448664,52911.42847343904
2004.34,25.23,40.15,38272262,1183649,1676177,239.27263707058773,53006.81945677213
2004.34,25.22,39.98,38273388,1183649,1676177,239.2806563968293,53008.59600332361
2004.34,25.22,39.98,38274376,1183649,1676177,239.2806563968293,53008.59600332361
2004.34,25.22,39.98,38275732,1186612,1676177,239.2806563968293,53008.59600332361
2004.34,25.22,39.98,38275732,1187906,1675891,239.2806563968293,53008.59600332361
2004.34,25.22,39.98,38277326,1188983,1676290,239.2806563968293,53008.59600332361
2004.34,25.22,39.13,38278165,1189607,1676499,239.2806563968293,53008.59600332361
2004.34,25.22,39.02,38281811,1189607,1676499,239.2806563968293,53008.59600332361
2004.34,25.22,38.85,38280494,1190963,1676980,239.2806563968293,53008.59600332361
2004.34,25.22,38.73,38282531,1191598,1676624,239.2806563968293,53008.59600332361
2004.34,25.22,38.63,38280776,1192301,1677039,239.2806563968293,53008.59600332361
2004.34,25.22,38.57,38281152,1192648,1676603,239.2806563968293,53008.59600332361
2004.34,25.22,38.45,38281385,1193433,1675709,239.2806563968293,53008.59600332361
2004.34,25.22,38.3,38282365,1194429,1676939,239.2806563968293,53008.59600332361
2004.34,25.22,38.19,38285087,1195511,1676834,239.2806563968293,53008.59600332361
2004.34,25.22,38.19,38285087,1196100,1677048,239.2806563968293,53008.59600332361
2004.34,25.22,37.85,38285863,1196845,1677048,239.2806563968293,53008.59600332361
2004.34,25.22,37.75,38287771,1197672,1676729,239.2806563968293,53008.59600332361
2004.34,25.22,37.63,38286433,1197672,1676729,239.2806563968293,53008.59600332361
2004.34,25.22,37.53,38286433,1199386,1676675,239.2806563968293,53008.59600332361
2004.34,25.22,37.31,38289642,1200086,1677190,239.2806563968293,53008.59600332361
2004.34,25.22,37.22,38290682,1201137,1676649,239.2806563968293,53008.59600332361
2004.34,25.22,37.06,38290510,1201746,1676867,239.2806563968293,53008.59600332361
2004.34,25.22,37.06,38290444,1202417,1676742,239.2806563968293,53008.59600332361
2004.34,25.22,36.79,38290444,1202417,1676869,239.2806563968293,53008.59600332361
2004.34,25.22,36.75,38293238,1203566,1676232,239.2806563968293,53008.59600332361
2004.34,25.22,36.75,38291051,1204053,1676656,239.2806563968293,53008.59600332361
2004.34,25.22,36.54,38292236,1204839,1677562,239.2806563968293,53008.59600332361
2004.34,25.22,36.39,38292915,1205367,1676653,239.2806563968293,53008.59600332361
2004.34,25.22,36.3,38292757,1206043,1676671,239.2806563968293,53008.59600332361
2004.34,25.22,36.2,38292757,1206818,1677455,239.2806563968293,53008.59600332361
2004.34,25.21,36.01,38294016,1207651,1676765,239.28867626063138,53010.37266896256
2004.34,25.21,35.92,38296159,1207966,1677371,239.28867626063138,53010.37266896256
2004.34,25.21,35.88,38295441,1208486,1677971,239.28867626063138,53010.37266896256
2004.34,25.21,35.79,38295597,1209386,1677660,239.28867626063138,53010.37266896256
2004.34,25.21,35.65,38295479,1209904,1676852,239.28867626063138,53010.37266896256
2004.34,25.21,35.5,38296095,1210598,1677891,239.28867626063138,53010.37266896256
2004.34,25.21,35.41,38297846,1210981,1677616,239.28867626063138,53010.37266896256
2004.34,25.21,35.33,38297260,1211441,1677460,239.28867626063138,53010.37266896256
2004.34,25.21,35.24,38296730,1212405,1677259,239.28867626063138,53010.37266896256
2004.34,25.21,35.1,38297170,1212774,1677259,239.28867626063138,53010.37266896256
2004.34,25.21,35.1,38297170,1213694,1676838,239.28867626063138,53010.37266896256
2004.34,25.21,34.84,38298066,1213694,1676838,239.28867626063138,53010.37266896256
2004.34,25.21,34.84,38297015,1215209,1675899,239.28867626063138,53010.37266896256
2004.34,25.21,34.63,38298467,1215795,1676577,239.28867626063138,53010.37266896256
2004.34,25.21,33.96,38302235,1220094,1677020,239.28867626063138,53010.37266896256
2004.34,25.21,33.85,38300444,1220277,1677020,239.28867626063138,53010.37266896256
2004.34,25.21,33.81,38301755,1220870,1677550,239.28867626063138,53010.37266896256
2004.34,25.21,33.69,38303931,1220870,1677356,239.28867626063138,53010.37266896256
2004.34,25.21,33.57,38303690,1222382,1676701,239.28867626063138,53010.37266896256
2004.34,25.21,33.46,38304844,1223096,1676701,239.28867626063138,53010.37266896256
2004.34,25.21,33.33,38305197,1224196,1677333,239.28867626063138,53010.37266896256
2004.34,25.21,33.33,38304567,1224292,1677333,239.28867626063138,53010.37266896256
2004.34,25.21,33.33,38304567,1225617,1677809,239.28867626063138,53010.37266896256
2004.34,25.21,32.95,38308135,1225977,1677746,239.28867626063138,53010.37266896256
2004.34,25.21,32.92,38308135,1227265,1676664,239.28867626063138,53010.37266896256
2004.34,25.21,32.76,38307896,1227614,1678019,239.28867626063138,53010.37266896256
2004.34,25.21,32.69,38307465,1227744,1678050,239.28867626063138,53010.37266896256
2004.34,25.21,32.62,38307714,1228392,1676456,239.28867626063138,53010.37266896256
2004.34,25.21,32.54,38308107,1229102,1677116,239.28867626063138,53010.37266896256
2009.78,25.21,32.54,38307464,1229356,1677116,239.72009280595205,53105.94573242878
2004.34,25.21,32.32,38308655,1229356,1677116,239.28867626063138,53010.37266896256
2009.78,25.21,32.25,38310498,1230838,1676719,239.72009280595205,53105.94573242878
2004.34,25.21,32.18,38311925,1231527,1676472,239.28867626063138,53010.37266896256
2004.34,25.21,32.08,38311925,1232139,1677360,239.28867626063138,53010.37266896256
2004.34,25.21,32.01,38311925,1233013,1676917,239.28867626063138,53010.37266896256
2004.34,25.21,31.87,38311925,1233457,1677677,239.28867626063138,53010.37266896256
2009.78,25.21,31.75,38311925,1234837,1677481,239.72009280595205,53105.94573242878
2004.34,25.2,31.61,38313785,1234837,1677481,239.29669666204782,53012.14945370092
2004.34,25.2,31.47,38315629,1236335,1676173,239.29669666204782,53012.14945370092
2004.34,25.21,31.33,38315123,1236795,1677450,239.28867626063138,53010.37266896256
2004.34,25.2,31.3,38314782,1237052,1677379,239.29669666204782,53012.14945370092
2004.34,25.2,31.3,38315659,1237052,1676650,239.29669666204782,53012.14945370092
2004.34,25.2,31.1,38315659,1238956,1678005,239.29669666204782,53012.14945370092
2004.34,25.21,30.99,38315038,1239416,1677350,239.28867626063138,53010.37266896256
2004.34,25.21,30.99,38316256,1240138,1676882,239.28867626063138,53010.37266896256
2004.34,25.2,30.86,38317104,1240347,1677227,239.29669666204782,53012.14945370092
2004.34,25.2,30.79,38319901,1240545,1677162,239.29669666204782,53012.14945370092
1998.91,25.2,30.71,38317356,1241307,1677162,238.8660587283463,52916.74887851429
2004.34,25.2,30.71,38320131,1241986,1677772,239.29669666204782,53012.14945370092
2004.34,25.2,30.55,38318636,1242455,1677165,239.29669666204782,53012.14945370092
2004.34,25.2,30.45,38319091,1243343,1677148,239.29669666204782,53012.14945370092
2004.34,25.2,30.35,38320287,1243860,1676880,239.29669666204782,53012.14945370092
2004.34,25.2,30.28,38320287,1244863,1676354,239.29669666204782,53012.14945370092
2004.34,25.2,30.14,38320036,1245262,1678395,239.29669666204782,53012.14945370092
2004.34,25.2,30.08,38320361,1245790,1678395,239.29669666204782,53012.14945370092
2004.34,25.2,30.01,38320215,1246467,1676921,239.29669666204782,53012.14945370092
2004.34,25.2,29.91,38322041,1246890,1677653,239.29669666204782,53012.14945370092
2004.34,25.2,29.84,38320785,1247411,1678254,239.29669666204782,53012.14945370092
2004.34,25.2,29.78,38324096,1248193,1677551,239.29669666204782,53012.14945370092
2004.34,25.2,29.67,38322542,1248584,1677551,239.29669666204782,53012.14945370092
2004.34,25.2,29.58,38323306,1249314,1677978,239.29669666204782,53012.14945370092
2004.34,25.2,29.58,38323306,1249314,1677461,239.29669666204782,53012.14945370092
2004.34,25.2,29.38,38324611,1250714,1678075,239.29669666204782,53012.14945370092
2004.34,25.2,29.31,38327402,1251197,1677371,239.29669666204782,53012.14945370092
2004.34,25.19,29.31,38327402,1252031,1677899,239.30471760113286,53013.926357550685
2009.78,25.19,29.12,38325360,1252562,1676738,239.7361630675868,53109.50582800647
2004.34,25.19,29.06,38325360,1253512,1677798,239.30471760113286,53013.926357550685
2004.34,25.2,28.92,38328111,1253812,1676773,239.29669666204782,53012.14945370092
2004.34,25.2,28.89,38328111,1254281,1677445,239.29669666204782,53012.14945370092
2004.34,25.19,28.79,38329094,1254692,1677445,239.30471760113286,53013.926357550685
2004.34,25.19,28.74,38327986,1255398,1677733,239.30471760113286,53013.926357550685
2004.34,25.19,28.67,38328315,1256050,1677002,239.30471760113286,53013.926357550685
2004.34,25.19,28.54,38330355,1256937,1677427,239.30471760113286,53013.926357550685
2004.34,25.19,28.54,38330240,1257482,1677427,239.30471760113286,53013.926357550685
2004.34,25.19,28.35,38331999,1257910,1676737,239.30471760113286,53013.926357550685
2004.34,25.19,28.35,38331034,1258556,1676853,239.30471760113286,53013.926357550685
2004.34,25.19,28.35,38330740,1259025,1676882,239.30471760113286,53013.926357550685
2004.34,25.19,28.15,38331314,1259442,1677169,239.30471760113286,53013.926357550685
2004.34,25.19,28.15,38332456,1260066,1677690,239.30471760113286,53013.926357550685
2004.34,25.19,27.98,38332456,1260644,1677326,239.30471760113286,53013.926357550685
2004.34,25.19,27.92,38332456,1260644,1677629,239.30471760113286,53013.926357550685
2004.34,25.19,27.86,38332332,1261543,1678874,239.30471760113286,53013.926357550685
2004.34,25.19,27.86,38332695,1261543,1678874,239.30471760113286,53013.926357550685
2004.34,25.19,27.7,38334150,1262453,1676610,239.30471760113286,53013.926357550685
2004.34,25.19,27.67,38333782,1262655,1677369,239.30471760113286,53013.926357550685
2004.34,25.19,27.64,38333782,1263471,1677369,239.30471760113286,53013.926357550685
2004.34,25.19,27.55,38336068,1263471,1677697,239.30471760113286,53013.926357550685
2004.34,25.19,27.43,38333138,1264762,1676613,239.30471760113286,53013.926357550685
2009.78,25.19,27.36,38335148,1265218,1677496,239.7361630675868,53109.50582800647
2004.34,25.19,27.36,38336265,1265829,1677609,239.30471760113286,53013.926357550685
2004.34,25.19,27.21,38337714,1266377,1677609,239.30471760113286,53013.926357550685
2004.34,25.19,27.12,38337659,1266893,1677609,239.30471760113286,53013.926357550685
2004.34,25.19,27.06,38338803,1267801,1677532,239.30471760113286,53013.926357550685
2004.34,25.18,27.06,38337455,1268221,1677282,239.31273907794042,53015.70338052381
2004.34,25.19,27.06,38337455,1268905,1677282,239.30471760113286,53013.926357550685
2004.34,25.18,26.78,38337455,1268905,1677787,239.31273907794042,53015.70338052381
2004.34,25.18,26.72,38339347,1270042,1677638,239.31273907794042,53015.70338052381
2004.34,25.18,26.67,38340226,1270203,1678657,239.31273907794042,53015.70338052381
2004.34,25.18,26.63,38340226,1270750,1677442,239.31273907794042,53015.70338052381
2004.34,25.18,26.6,38340993,1270750,1677442,239.31273907794042,53015.70338052381
2004.34,25.18,26.49,38340431,1271664,1678247,239.31273907794042,53015.70338052381
2004.34,25.18,26.44,38339912,1272072,1676653,239.31273907794042,53015.70338052381
2004.34,25.18,26.36,38341901,1272897,1677939,239.31273907794042,53015.70338052381
2004.34,25.18,26.3,38340613,1273171,1677939,239.31273907794042,53015.70338052381
2004.34,25.18,26.22,38340613,1274007,1677092,239.31273907794042,53015.70338052381
2004.34,25.18,26.1,38342941,1274748,1677628,239.31273907794042,53015.70338052381
2004.34,25.18,26.05,38343321,1275037,1677340,239.31273907794042,53015.70338052381
2004.34,25.18,26.05,38341677,1275643,1676870,239.31273907794042,53015.70338052381
2004.34,25.18,25.9,38341303,1275799,1676870,239.31273907794042,53015.70338052381
2004.34,25.18,25.87,38343371,1275799,1678125,239.31273907794042,53015.70338052381
2004.34,25.18,25.76,38343371,1277270,1678125,239.31273907794042,53015.70338052381
2004.34,25.18,25.76,38344994,1277951,1677758,239.31273907794042,53015.70338052381
2004.34,25.18,25.62,38343265,1278308,1677758,239.31273907794042,53015.70338052381
2004.34,25.18,25.53,38343022,1278914,1677487,239.31273907794042,53015.70338052381
2004.34,25.18,25.53,38343044,1279079,1678043,239.31273907794042,53015.70338052381
2004.34,25.18,25.44,38344631,1279617,1677075,239.31273907794042,53015.70338052381
2004.34,25.17,25.37,38345378,1279967,1677075,239.3207610925247,53017.4805226323
2004.34,25.17,25.33,38344578,1280755,1677135,239.3207610925247,53017.4805226323
2004.34,25.17,25.24,38345661,1280892,1677977,239.3207610925247,53017.4805226323
2004.34,25.17,25.22,38344485,1281115,1677732,239.3207610925247,53017.4805226323
2004.34,25.17,25.19,38345798,1281529,1677632,239.3207610925247,53017.4805226323
2004.34,25.17,25.14,38345678,1281766,1677829,239.3207610925247,53017.4805226323
2004.34,25.17,25.1,38345678,1282138,1677829,239.3207610925247,53017.4805226323
2004.34,25.17,25.02,38346215,1282897,1677249,239.3207610925247,53017.4805226323
2004.34,25.17,24.94,38346651,1283477,1677199,239.3207610925247,53017.4805226323
2004.34,25.17,24.88,38346651,1283477,1677115,239.3207610925247,53017.4805226323
2009.78,25.17,24.79,38347277,1284490,1677569,239.75223548398978,53113.06640093674
2004.34,25.17,24.79,38347277,1285123,1677569,239.3207610925247,53017.4805226323
2004.34,25.17,24.65,38346968,1285524,1676942,239.3207610925247,53017.4805226323
2004.34,25.17,24.61,38347237,1286122,1677606,239.3207610925247,53017.4805226323
2004.34,25.17,24.52,38347237,1287109,1678007,239.3207610925247,53017.4805226323
2004.34,25.17,24.4,38347363,1287520,1676790,239.3207610925247,53017.4805226323
2004.34,25.17,24.34,38349039,1287850,1677714,239.3207610925247,53017.4805226323
2004.34,25.17,24.34,38349039,1288488,1676753,239.3207610925247,53017.4805226323
2009.78,25.17,24.17,38349039,1289379,1677325,239.75223548398978,53113.06640093674
2009.78,25.17,24.17,38351046,1290133,1677554,239.75223548398978,53113.06640093674
2004.34,25.17,24.01,38351046,1290867,1677706,239.3207610925247,53017.4805226323
2009.78,25.17,23.88,38350973,1291327,1675657,239.75223548398978,53113.06640093674
2004.34,25.17,23.83,38349976,1292152,1677061,239.3207610925247,53017.4805226323
2004.34,25.17,23.83,38351225,1292512,1677061,239.3207610925247,53017.4805226323
2004.34,25.17,23.67,38351225,1292955,1677061,239.3207610925247,53017.4805226323
2004.34,25.17,23.59,38350636,1293635,1677353,239.3207610925247,53017.4805226323
2009.78,25.16,23.55,38351568,1293941,1677277,239.76027250036483,53114.846866439104
2004.34,25.16,23.49,38353162,1294474,1677953,239.3287836449397,53019.257783888126
2004.34,25.16,23.45,38352511,1294474,1677953,239.3287836449397,53019.257783888126
2004.34,25.16,23.45,38353465,1294474,1676966,239.3287836449397,53019.257783888126
2009.78,25.16,23.31,38352837,1295939,1676417,239.76027250036483,53114.846866439104
2009.78,25.16,23.26,38353052,1296360,1677882,239.76027250036483,53114.846866439104
2004.34,25.16,23.18,38352440,1297131,1677882,239.3287836449397,53019.257783888126
2004.34,25.16,23.07,38353757,1297546,1676981,239.3287836449397,53019.257783888126
2004.34,25.16,23.02,38353757,1297546,1677301,239.3287836449397,53019.257783888126
2004.34,25.16,22.96,38354350,1298217,1677301,239.3287836449397,53019.257783888126
2004.34,25.16,22.96,38354721,1298892,1676536,239.3287836449397,53019.257783888126
2004.34,25.16,22.86,38355233,1299192,1676576,239.3287836449397,53019.257783888126
2004.34,25.16,22.81,38355233,1300057,1677495,239.3287836449397,53019.257783888126
2004.34,25.15,22.72,38355753,1300224,1677744,239.33680673523958,53021.03516430328
2009.78,25.15,22.65,38355051,1300925,1676722,239.76831005559453,53116.62745131562
2004.34,25.16,22.58,38354819,1301137,1676722,239.3287836449397,53019.257783888126
2004.34,25.16,22.5,38354906,1301137,1676936,239.3287836449397,53019.257783888126
2004.34,25.15,22.4,38355607,1302610,1677346,239.33680673523958,53021.03516430328
2009.78,25.15,22.33,38355607,1303409,1677346,239.76831005559453,53116.62745131562
2009.78,25.15,22.22,38356597,1304068,1677498,239.76831005559453,53116.62745131562
2009.78,25.15,22.17,38354260,1304219,1677395,239.76831005559453,53116.62745131562
2009.78,25.15,22.14,38354926,1304436,1677395,239.76831005559453,53116.62745131562
2009.78,25.15,22.09,38356741,1305075,1676047,239.76831005559453,53116.62745131562
2004.34,25.15,22.05,38356389,1305188,1676528,239.33680673523958,53021.03516430328
1998.91,25.15,21.99,38357477,1305864,1676284,238.90609661951768,52925.61859840678
1998.91,25.15,21.94,38356733,1306214,1676060,238.90609661951768,52925.61859840678
1998.91,25.15,21.86,38356733,1307216,1676060,238.90609661951768,52925.61859840678
1993.48,25.15,21.86,38356524,1307760,1677011,238.47538650379576,52830.202032510264
1993.48,25.15,21.71,38355533,1307760,1677011,238.47538650379576,52830.202032510264
1998.91,25.14,21.71,38354571,1308454,1676283,238.9141058084486,52927.39289920796
1998.91,25.14,21.57,38354386,1309019,1675698,238.9141058084486,52927.39289920796
1998.91,25.14,21.51,38356801,1309654,1676304,238.9141058084486,52927.39289920796
1993.48,25.14,21.51,38356245,1310256,1676170,238.48338125341877,52831.97313452618
1998.91,25.14,21.36,38359510,1311069,1676393,238.9141058084486,52927.39289920796
1998.91,25.14,21.27,38360081,1311069,1676393,238.9141058084486,52927.39289920796
1993.48,25.14,21.27,38359984,1312293,1676393,238.48338125341877,52831.97313452618
1998.91,25.14,21.05,38359984,1313367,1675905,238.9141058084486,52927.39289920796
1993.48,25.14,20.95,38358117,1314018,1676101,238.48338125341877,52831.97313452618
1998.91,25.14,20.84,38361994,1315064,1676163,238.9141058084486,52927.39289920796
1998.91,25.14,20.75,38361994,1315064,1675659,238.9141058084486,52927.39289920796
1998.91,25.14,20.7,38360757,1315788,1676436,238.9141058084486,52927.39289920796
1998.91,25.14,20.61,38360757,1316608,1675324,238.9141058084486,52927.39289920796
1998.91,25.13,20.54,38360757,1317676,1677203,238.92211553440433,52929.16731897794
1998.91,25.13,20.38,38361694,1318362,1676059,238.92211553440433,52929.16731897794
1998.91,25.13,20.31,38363225,1318737,1676059,238.92211553440433,52929.16731897794
1998.91,25.14,20.27,38363417,1319705,1675898,238.9141058084486,52927.39289920796
1993.48,25.14,20.21,38363417,1320268,1675898,238.48338125341877,52831.97313452618
1998.91,25.14,20.21,38365476,1321237,1676875,238.9141058084486,52927.39289920796
1998.91,25.14,20.01,38365476,1321937,1675869,238.9141058084486,52927.39289920796
1998.91,25.14,19.9,38365348,1322408,1676344,238.9141058084486,52927.39289920796
1993.48,25.14,19.9,38366533,1323065,1675784,238.48338125341877,52831.97313452618
1993.48,25.13,19.78,38364883,1323381,1675856,238.4913765390984,52833.7443552964
1998.91,25.13,19.7,38366113,1324114,1676171,238.92211553440433,52929.16731897794
1998.91,25.13,19.68,38367082,1324114,1676171,238.92211553440433,52929.16731897794
1998.91,25.13,19.6,38367387,1325022,1676171,238.92211553440433,52929.16731897794
1998.91,25.13,19.54,38367387,1326247,1676171,238.92211553440433,52929.16731897794
1993.48,25.13,19.54,38367387,1327397,1676171,238.4913765390984,52833.7443552964
1998.91,25.13,19.3,38367387,1328373,1675862,238.92211553440433,52929.16731897794
1998.91,25.13,19.18,38370018,1328878,1675919,238.92211553440433,52929.16731897794
1993.48,25.13,19.14,38371413,1329334,1676818,238.4913765390984,52833.7443552964
1998.91,25.13,19.09,38370354,1329660,1676238,238.92211553440433,52929.16731897794
1998.91,25.13,19.03,38370708,1329961,1676978,238.92211553440433,52929.16731897794
1998.91,25.13,18.99,38371614,1329961,1676332,238.92211553440433,52929.16731897794
1998.91,25.13,18.91,38372378,1331411,1676467,238.92211553440433,52929.16731897794
1998.91,25.13,18.91,38372378,1332213,1676467,238.92211553440433,52929.16731897794
1998.91,25.13,18.91,38372378,1333134,1676467,238.92211553440433,52929.16731897794
1998.91,25.13,18.62,38374317,1333434,1675922,238.92211553440433,52929.16731897794
1998.91,25.13,18.61,38372369,1333434,1675922,238.92211553440433,52929.16731897794
1998.91,25.13,18.56,38373184,1333434,1675733,238.92211553440433,52929.16731897794
1998.91,25.13,18.49,38373184,1335036,1675781,238.92211553440433,52929.16731897794
1998.91,25.13,18.4,38373184,1335036,1676025,238.92211553440433,52929.16731897794
1993.48,25.13,18.31,38373184,1336443,1676025,238.4913765390984,52833.7443552964
1998.91,25.13,18.26,38374828,1336443,1676025,238.92211553440433,52929.16731897794
1998.91,25.13,18.23,38375879,1337504,1675280,238.92211553440433,52929.16731897794
1998.91,25.13,18.16,38375060,1337551,1675330,238.92211553440433,52929.16731897794
1998.91,25.13,18.13,38375543,1337840,1676291,238.92211553440433,52929.16731897794
1998.91,25.13,18.13,38375366,1337840,1675758,238.92211553440433,52929.16731897794
1998.91,25.13,18.01,38375017,1338808,1675809,238.92211553440433,52929.16731897794
1998.91,25.12,18.01,38376988,1338808,1675809,238.930125797439,52930.94185772871
1998.91,25.13,17.93,38376481,1339524,1676040,238.92211553440433,52929.16731897794
1998.91,25.13,17.9,38377484,1340117,1676209,238.92211553440433,52929.16731897794
1993.48,25.13,17.9,38377299,1340472,1675870,238.4913765390984,52833.7443552964
1998.91,25.13,17.8,38377299,1341116,1675870,238.92211553440433,52929.16731897794
1998.91,25.13,17.8,38377660,1341458,1675972,238.92211553440433,52929.16731897794
1998.91,25.12,17.69,38379309,1341848,1676664,238.930125797439,52930.94185772871
1998.91,25.13,17.64,38377511,1342197,1676065,238.92211553440433,52929.16731897794
1998.91,25.13,17.6,38377372,1342549,1676570,238.92211553440433,52929.16731897794
1998.91,25.13,17.57,38381460,1342877,1676165,238.92211553440433,52929.16731897794
1998.91,25.13,17.51,38378835,1343260,1675544,238.92211553440433,52929.16731897794
1998.91,25.12,17.51,38378835,1343808,1675496,238.930125797439,52930.94185772871
1998.91,25.12,17.42,38380734,1344270,1675512,238.930125797439,52930.94185772871
1998.91,25.12,17.35,38381219,1344779,1676226,238.930125797439,52930.94185772871
1998.91,25.12,17.33,38381219,1345101,1676365,238.930125797439,52930.94185772871
1998.91,25.12,17.29,38380674,1345101,1676365,238.930125797439,52930.94185772871
1998.91,25.12,17.25,38381004,1345693,1676011,238.930125797439,52930.94185772871
1998.91,25.12,17.21,38381104,1346145,1676320,238.930125797439,52930.94185772871
1998.91,25.12,17.17,38381521,1346358,1675773,238.930125797439,52930.94185772871
1998.91,25.13,17.13,38381809,1346608,1675650,238.92211553440433,52929.16731897794
1998.91,25.13,17.09,38381569,1347151,1674414,238.92211553440433,52929.16731897794
1998.91,25.13,17.05,38381569,1347603,1676819,238.92211553440433,52929.16731897794
1998.91,25.12,17.0,38382801,1347838,1675579,238.930125797439,52930.94185772871
1998.91,25.12,16.95,38382578,1348092,1676342,238.930125797439,52930.94185772871
1993.48,25.12,16.94,38383099,1348579,1676085,238.49937236088874,52835.51569483292
1998.91,25.12,16.89,38384099,1348579,1675809,238.930125797439,52930.94185772871
1998.91,25.12,16.83,38383240,1349239,1675809,238.930125797439,52930.94185772871
1998.91,25.12,16.83,38382097,1349412,1675534,238.930125797439,52930.94185772871
1998.91,25.12,16.76,38382464,1349795,1675534,238.930125797439,52930.94185772871
1998.91,25.12,16.76,38382057,1349795,1675371,238.930125797439,52930.94185772871
1998.91,25.12,16.67,38382516,1350560,1675091,238.930125797439,52930.94185772871
1998.91,25.12,16.66,38383520,1350668,1675925,238.930125797439,52930.94185772871
2004.34,25.12,16.65,38383464,1350821,1675925,239.36087923398927,53026.368020624504
1998.91,25.12,16.61,38383464,1350821,1675520,238.930125797439,52930.94185772871
1998.91,25.12,16.54,38386310,1352191,1675928,238.930125797439,52930.94185772871
1998.91,25.12,16.49,38387000,1352411,1676088,238.930125797439,52930.94185772871
1998.91,25.12,16.43,38387000,1353055,1675955,238.930125797439,52930.94185772871
1998.91,25.12,16.43,38388126,1353531,1676655,238.930125797439,52930.94185772871
1998.91,25.12,16.43,38388010,1353975,1676655,238.930125797439,52930.94185772871
1998.91,25.12,16.28,38387921,1354400,1675002,238.930125797439,52930.94185772871
1998.91,25.12,16.22,38389453,1354794,1675669,238.930125797439,52930.94185772871
1998.91,25.12,16.22,38388090,1354794,1675752,238.930125797439,52930.94185772871
1998.91,25.12,16.13,38388060,1355620,1676720,238.930125797439,52930.94185772871
1998.91,25.12,16.07,38388742,1355912,1677120,238.930125797439,52930.94185772871
1998.91,25.12,15.89,38391547,1357243,1675202,238.930125797439,52930.94185772871
1998.91,25.11,15.83,38390900,1358126,1675202,238.93813659760653,52932.7165154722
1998.91,25.11,15.81,38390862,1358499,1674838,238.93813659760653,52932.7165154722
1998.91,25.11,15.76,38391395,1358750,1675325,238.93813659760653,52932.7165154722
1998.91,25.11,15.75,38392070,1358960,1675325,238.93813659760653,52932.7165154722
1998.91,25.11,15.71,38393352,1359414,1676003,238.93813659760653,52932.7165154722
1998.91,25.11,15.66,38393352,1359976,1676609,238.93813659760653,52932.7165154722
1998.91,25.11,15.62,38393917,1360398,1675709,238.93813659760653,52932.7165154722
1998.91,25.11,15.55,38393917,1361070,1675531,238.93813659760653,52932.7165154722
1998.91,25.11,15.48,38394663,1361546,1676263,238.93813659760653,52932.7165154722
1998.91,25.11,15.45,38394904,1361863,1675261,238.93813659760653,52932.7165154722
1998.91,25.11,15.42,38394754,1362210,1676264,238.93813659760653,52932.7165154722
2004.34,25.11,15.37,38394431,1362480,1675624,239.3689044763695,53028.145877796785
1998.91,25.11,15.34,38395219,1362819,1675828,238.93813659760653,52932.7165154722
2004.34,25.11,15.29,38395872,1363026,1675665,239.3689044763695,53028.145877796785
1998.91,25.11,15.26,38395314,1363453,1676407,238.93813659760653,52932.7165154722
1998.91,25.1,15.24,38394376,1363500,1676417,238.946147934961,52934.49129222042
1998.91,25.1,15.21,38394376,1364017,1676566,238.946147934961,52934.49129222042
2004.34,25.1,15.21,38395387,1364521,1676472,239.37693025690515,53029.923854188324
1998.91,25.1,15.11,38395476,1364669,1676300,238.946147934961,52934.49129222042
1998.91,25.1,15.11,38397029,1365260,1675414,238.946147934961,52934.49129222042
1998.91,25.1,15.03,38396037,1365743,1675616,238.946147934961,52934.49129222042
1998.91,25.1,14.97,38396330,1365978,1675212,238.946147934961,52934.49129222042
1998.91,25.1,14.96,38396019,1366123,1675734,238.946147934961,52934.49129222042
1998.91,25.1,14.93,38396082,1366123,1675734,238.946147934961,52934.49129222042
1998.91,25.1,14.91,38398394,1366617,1676381,238.946147934961,52934.49129222042
2004.34,25.09,14.86,38398063,1366987,1675888,239.38495657565042,53031.701949811126
2004.34,25.09,14.86,38397698,1367205,1675656,239.38495657565042,53031.701949811126
1998.91,25.09,14.8,38398212,1367550,1675268,238.9541598095565,52936.26618798532
1998.91,25.09,14.77,38398292,1367765,1674762,238.9541598095565,52936.26618798532
1998.91,25.09,14.74,38397350,1368263,1675990,238.9541598095565,52936.26618798532
1998.91,25.09,14.7,38397772,1368463,1675106,238.9541598095565,52936.26618798532
2004.34,25.09,14.66,38397431,1368767,1675106,239.38495657565042,53031.701949811126
1998.91,25.09,14.66,38398778,1369137,1674445,238.9541598095565,52936.26618798532
1998.91,25.09,14.61,38398778,1369508,1674445,238.9541598095565,52936.26618798532
1998.91,25.09,14.55,38397665,1369837,1674953,238.9541598095565,52936.26618798532
1998.91,25.09,14.51,38398442,1369972,1675035,238.9541598095565,52936.26618798532
2004.34,25.09,14.48,38396893,1370476,1675203,239.38495657565042,53031.701949811126
2004.34,25.09,14.43,38396893,1370815,1674931,239.38495657565042,53031.701949811126
1998.91,25.08,14.4,38398805,1370970,1676496,238.96217222144693,52938.04120277886
1998.91,25.08,14.36,38399085,1371550,1676496,238.96217222144693,52938.04120277886
1998.91,25.08,14.33,38399097,1371825,1676496,238.96217222144693,52938.04120277886
1998.91,25.08,14.29,38399097,1372046,1675747,238.96217222144693,52938.04120277886
1998.91,25.08,14.29,38399562,1372349,1675747,238.96217222144693,52938.04120277886
1998.91,25.08,14.21,38400921,1372756,1674741,238.96217222144693,52938.04120277886
1998.91,25.08,14.18,38397424,1372930,1675872,238.96217222144693,52938.04120277886
2004.34,25.08,14.17,38398566,1373343,1674978,239.39298343265924,53033.48016467715
1998.91,25.08,14.12,38398288,1373533,1674493,238.96217222144693,52938.04120277886
2004.34,25.08,14.1,38398936,1373902,1675496,239.39298343265924,53033.48016467715
2004.34,25.08,14.07,38398936,1374281,1675612,239.39298343265924,53033.48016467715
1998.91,25.08,14.03,38399127,1374596,1675488,238.96217222144693,52938.04120277886
1998.91,25.08,13.98,38400183,1374596,1675488,238.96217222144693,52938.04120277886
1998.91,25.07,13.98,38400297,1374596,1675488,238.9701851706865,52939.81633661305
2004.34,25.07,13.9,38398750,1375563,1674568,239.40101082798597,53035.25849879844
1998.91,25.07,13.87,38399841,1375893,1675220,238.9701851706865,52939.81633661305
1998.91,25.07,13.84,38398628,1376145,1673803,238.9701851706865,52939.81633661305
1998.91,25.07,13.81,38399869,1376346,1675052,238.9701851706865,52939.81633661305
1998.91,25.07,13.81,38400920,1376828,1674844,238.9701851706865,52939.81633661305
1998.91,25.07,13.75,38401276,1376828,1674999,238.9701851706865,52939.81633661305
2004.34,25.07,13.73,38401276,1376828,1674491,239.40101082798597,53035.25849879844
2004.34,25.06,13.67,38401539,1377820,1675088,239.4090387616846,53037.03695218694
2004.34,25.06,13.64,38402066,1378072,1675088,239.4090387616846,53037.03695218694
2004.34,25.06,13.6,38399460,1378550,1674049,239.4090387616846,53037.03695218694
2004.34,25.06,13.55,38400157,1378550,1674287,239.4090387616846,53037.03695218694
1998.91,25.06,13.5,38400157,1378550,1674822,238.97819865732913,52941.59158949981
1998.91,25.06,13.5,38399665,1379772,1673758,238.97819865732913,52941.59158949981
2004.34,25.06,13.42,38401375,1379952,1673758,239.4090387616846,53037.03695218694
2004.34,25.06,13.38,38400584,1380329,1673758,239.4090387616846,53037.03695218694
2004.34,25.05,13.33,38400185,1380613,1674041,239.41706723380943,53038.81552485469
1998.91,25.05,13.31,38400079,1380826,1674493,238.986212681429,52943.36696145118
2004.34,25.05,13.29,38400511,1380826,1673842,239.41706723380943,53038.81552485469
2004.34,25.05,13.24,38400431,1380826,1673842,239.41706723380943,53038.81552485469
2004.34,25.05,13.2,38400337,1382019,1674200,239.41706723380943,53038.81552485469
2004.34,25.05,13.2,38401180,1382054,1673906,239.41706723380943,53038.81552485469
1998.91,25.05,13.2,38401945,1382649,1674229,238.986212681429,52943.36696145118
2004.34,25.04,13.09,38400714,1382649,1674229,239.4250962444145,53040.59421681367
2004.34,25.04,13.09,38401834,1383310,1673532,239.4250962444145,53040.59421681367
1998.91,25.04,13.02,38400134,1383396,1673416,238.99422724304006,52945.142452479085
2004.34,25.04,13.02,38401911,1383715,1673416,239.4250962444145,53040.59421681367
2004.34,25.04,12.95,38400331,1384294,1672871,239.4250962444145,53040.59421681367
2004.34,25.04,12.92,38402073,1384361,1672871,239.4250962444145,53040.59421681367
2004.34,25.04,12.92,38401941,1384527,1673182,239.4250962444145,53040.59421681367
2004.34,25.04,12.85,38400627,1384953,1673664,239.4250962444145,53040.59421681367
1998.91,25.04,12.84,38401679,1384994,1673965,238.99422724304006,52945.142452479085
2004.34,25.03,12.82,38401392,1384994,1672751,239.43312579355413,53042.37302807589
2004.34,25.03,12.82,38400428,1385741,1672751,239.43312579355413,53042.37302807589
1998.91,25.03,12.82,38401160,1385741,1672751,239.00224234221653,52946.91806259555
2004.34,25.03,12.7,38401130,1386352,1673574,239.43312579355413,53042.37302807589
1998.91,25.03,12.65,38401130,1386819,1673574,239.00224234221653,52946.91806259555
2004.34,25.03,12.61,38401130,1387011,1673574,239.43312579355413,53042.37302807589
2004.34,25.03,12.55,38398445,1387264,1673354,239.43312579355413,53042.37302807589
2004.34,25.03,12.54,38399439,1387574,1673588,239.43312579355413,53042.37302807589
2004.34,25.03,12.5,38400413,1387665,1673489,239.43312579355413,53042.37302807589
2004.34,25.03,12.5,38399941,1388161,1672652,239.43312579355413,53042.37302807589
2004.34,25.02,12.5,38400063,1388613,1672977,239.44115588128238,53044.15195865335
2004.34,25.02,12.37,38400063,1388613,1672816,239.44115588128238,53044.15195865335
2004.34,25.02,12.33,38400063,1389493,1673557,239.44115588128238,53044.15195865335
2004.34,25.02,12.33,38400338,1389719,1673557,239.44115588128238,53044.15195865335
1998.91,25.02,12.21,38398557,1390278,1673193,239.0102579790124,52948.693791812526
2004.34,25.02,12.17,38399070,1390596,1673140,239.44115588128238,53044.15195865335
2004.34,25.02,12.13,38400182,1390705,1671838,239.44115588128238,53044.15195865335
2004.34,25.02,12.12,38399675,1391075,1672495,239.44115588128238,53044.15195865335
1998.91,25.02,12.08,38398040,1391552,1672495,239.0102579790124,52948.693791812526
2004.34,25.01,12.01,38398501,1391908,1671561,239.4491865076535,53045.93100855805
2004.34,25.01,11.96,38399967,1392171,1672490,239.4491865076535,53045.93100855805
2004.34,25.01,11.96,38399712,1392441,1672738,239.4491865076535,53045.93100855805
2004.34,25.01,11.96,38399268,1392837,1672738,239.4491865076535,53045.93100855805
2004.34,25.01,11.87,38399268,1393372,1672522,239.4491865076535,53045.93100855805
1998.91,25.01,11.87,38399938,1393840,1672998,239.01827415348177,52950.46964014201
2004.34,25.01,11.75,38400001,1394056,1671988,239.4491865076535,53045.93100855805
2004.34,25.01,11.74,38398258,1394218,1672475,239.4491865076535,53045.93100855805
2004.34,25.01,11.71,38397991,1394349,1672004,239.4491865076535,53045.93100855805
2004.34,25.01,11.71,38399594,1394732,1673279,239.4491865076535,53045.93100855805
2004.34,25.01,11.64,38398359,1395134,1672604,239.4491865076535,53045.93100855805
2004.34,25.0,11.64,38399442,1395484,1670934,239.4572176727217,53047.71017780201
2004.34,25.0,11.58,38399442,1395906,1671813,239.4572176727217,53047.71017780201
2004.34,25.0,11.58,38399442,1396277,1671939,239.4572176727217,53047.71017780201
2004.34,25.0,11.49,38399256,1396417,1671939,239.4572176727217,53047.71017780201
2004.34,25.0,11.44,38398622,1396588,1671555,239.4572176727217,53047.71017780201
2004.34,25.0,11.41,38398622,1397275,1671555,239.4572176727217,53047.71017780201
2004.34,25.0,11.37,38399724,1397464,1671202,239.4572176727217,53047.71017780201
2004.34,25.0,11.33,38398203,1397698,1671069,239.4572176727217,53047.71017780201
2004.34,25.0,11.31,38399457,1398175,1670262,239.4572176727217,53047.71017780201
2004.34,25.0,11.27,38398203,1398299,1671779,239.4572176727217,53047.71017780201
2004.34,25.0,11.27,38397024,1398461,1671779,239.4572176727217,53047.71017780201
2004.34,25.0,11.2,38398625,1398875,1671779,239.4572176727217,53047.71017780201
2004.34,25.0,11.19,38398036,1398958,1672229,239.4572176727217,53047.71017780201
2004.34,25.0,11.15,38397521,1399510,1670954,239.4572176727217,53047.71017780201
2004.34,25.0,11.15,38398191,1399562,1670793,239.4572176727217,53047.71017780201
2004.34,24.99,11.09,38399359,1399915,1671993,239.46524937654112,53049.48946639722
2004.34,24.99,11.06,38398750,1400097,1671864,239.46524937654112,53049.48946639722
2004.34,24.99,11.03,38397353,1400403,1671864,239.46524937654112,53049.48946639722
2004.34,25.0,10.98,38397353,1400786,1671404,239.4572176727217,53047.71017780201
2004.34,25.0,10.94,38395843,1401114,1670946,239.4572176727217,53047.71017780201
2004.34,25.01,10.91,38395843,1401503,1670946,239.4491865076535,53045.93100855805
2004.34,25.02,10.86,38391179,1401735,1671159,239.44115588128238,53044.15195865335
2004.34,25.03,10.82,38389830,1401828,1670852,239.43312579355413,53042.37302807589
2004.34,25.03,10.78,38391834,1402033,1672286,239.43312579355413,53042.37302807589
2004.34,25.04,10.78,38391872,1402358,1671397,239.4250962444145,53040.59421681367
2004.34,25.04,10.74,38392620,1402453,1670723,239.4250962444145,53040.59421681367
2004.34,25.04,10.7,38391486,1402453,1670917,239.4250962444145,53040.59421681367
2004.34,25.05,10.68,38391591,1402814,1670839,239.41706723380943,53038.81552485469
2004.34,25.06,10.66,38390958,1403017,1671942,239.4090387616846,53037.03695218694
2004.34,25.06,10.63,38390758,1403157,1671942,239.4090387616846,53037.03695218694
2004.34,25.06,10.6,38391020,1403623,1671040,239.4090387616846,53037.03695218694
2004.34,25.06,10.54,38390736,1403844,1671185,239.4090387616846,53037.03695218694
2004.34,25.07,10.54,38391165,1403959,1671344,239.40101082798597,53035.25849879844
2004.34,25.07,10.51,38391225,1403959,1671344,239.40101082798597,53035.25849879844
2004.34,25.07,10.48,38390008,1404454,1671269,239.40101082798597,53035.25849879844
2004.34,25.08,10.45,38392167,1404584,1671363,239.39298343265924,53033.48016467715
2004.34,25.08,10.44,38392167,1404685,1671942,239.39298343265924,53033.48016467715
2004.34,25.08,10.41,38391333,1404991,1671020,239.39298343265924,53033.48016467715
2004.34,25.08,10.37,38392133,1405411,1671163,239.39298343265924,53033.48016467715
2004.34,25.08,10.32,38391992,1405637,1671264,239.39298343265924,53033.48016467715
2004.34,25.08,10.31,38391540,1405771,1671628,239.39298343265924,53033.48016467715
2004.34,25.08,10.29,38392503,1405889,1671566,239.39298343265924,53033.48016467715
2004.34,25.08,10.28,38392569,1406026,1672375,239.39298343265924,53033.48016467715
2004.34,25.08,10.28,38392569,1406373,1671884,239.39298343265924,53033.48016467715
2004.34,25.08,10.21,38391970,1406550,1670907,239.39298343265924,53033.48016467715
2004.34,25.08,10.18,38393385,1406769,1670596,239.39298343265924,53033.48016467715
2004.34,25.09,10.15,38392334,1407097,1671859,239.38495657565042,53031.701949811126
2004.34,25.09,10.15,38393713,1407097,1671859,239.38495657565042,53031.701949811126
2004.34,25.09,10.03,38393296,1407855,1671447,239.38495657565042,53031.701949811126
2004.34,25.09,10.01,38394639,1408221,1672891,239.38495657565042,53031.701949811126
2004.34,25.09,9.98,38393674,1408363,1672233,239.38495657565042,53031.701949811126
2004.34,25.09,9.96,38393966,1408544,1672575,239.38495657565042,53031.701949811126
2004.34,25.09,9.96,38393892,1408654,1671486,239.38495657565042,53031.701949811126
2004.34,25.09,9.91,38393212,1409065,1672600,239.38495657565042,53031.701949811126
2004.34,25.09,9.88,38392864,1409180,1671929,239.38495657565042,53031.701949811126
2004.34,25.09,9.88,38394134,1409368,1671929,239.38495657565042,53031.701949811126
2004.34,25.09,9.88,38394134,1409649,1672393,239.38495657565042,53031.701949811126
2004.34,25.09,9.8,38393712,1409890,1670776,239.38495657565042,53031.701949811126
2004.34,25.09,9.78,38395059,1409890,1670776,239.38495657565042,53031.701949811126
2009.78,25.09,9.76,38394915,1410313,1671884,239.81654670595444,53127.31346810438
2004.34,25.09,9.73,38396658,1410577,1672307,239.38495657565042,53031.701949811126
2004.34,25.09,9.71,38396658,1410952,1672307,239.38495657565042,53031.701949811126
2004.34,25.09,9.64,38396995,1411236,1672967,239.38495657565042,53031.701949811126
2004.34,25.09,9.64,38398428,1411465,1672599,239.38495657565042,53031.701949811126
2004.34,25.09,9.64,38396812,1411491,1672321,239.38495657565042,53031.701949811126
2004.34,25.09,9.6,38396791,1411801,1671699,239.38495657565042,53031.701949811126
2004.34,25.09,9.56,38397551,1411801,1671699,239.38495657565042,53031.701949811126
2004.34,25.09,9.54,38397586,1412262,1672842,239.38495657565042,53031.701949811126
2004.34,25.09,9.5,38397901,1412384,1672842,239.38495657565042,53031.701949811126
2004.34,25.09,9.47,38397914,1412716,1672448,239.38495657565042,53031.701949811126
2004.34,25.09,9.46,38398628,1413077,1672550,239.38495657565042,53031.701949811126
2004.34,25.09,9.41,38398628,1413659,1672408,239.38495657565042,53031.701949811126
2004.34,25.09,9.38,38400024,1413723,1671806,239.38495657565042,53031.701949811126
2004.34,25.09,9.36,38399659,1413811,1672232,239.38495657565042,53031.701949811126
2004.34,25.09,9.34,38398820,1414016,1672395,239.38495657565042,53031.701949811126
2009.78,25.09,9.34,38400318,1414016,1672395,239.81654670595444,53127.31346810438
2004.34,25.09,9.28,38401186,1414614,1672440,239.38495657565042,53031.701949811126
2004.34,25.09,9.27,38402278,1414773,1674020,239.38495657565042,53031.701949811126
2004.34,25.09,9.27,38402278,1415261,1674020,239.38495657565042,53031.701949811126
2004.34,25.09,9.27,38402278,1415581,1672671,239.38495657565042,53031.701949811126
2004.34,25.09,9.16,38403239,1415979,1672394,239.38495657565042,53031.701949811126
2004.34,25.09,9.13,38402900,1416000,1672579,239.38495657565042,53031.701949811126
2004.34,25.09,9.11,38403269,1416255,1673679,239.38495657565042,53031.701949811126
2004.34,25.09,9.06,38404202,1416511,1672286,239.38495657565042,53031.701949811126
2004.34,25.09,9.05,38404176,1416511,1672286,239.38495657565042,53031.701949811126
2004.34,25.09,9.03,38403629,1416817,1672783,239.38495657565042,53031.701949811126
2009.78,25.09,9.01,38403629,1417274,1671835,239.81654670595444,53127.31346810438
2004.34,25.09,8.97,38403272,1417510,1673229,239.38495657565042,53031.701949811126
2004.34,25.08,8.95,38404624,1417621,1673247,239.39298343265924,53033.48016467715
2004.34,25.08,8.95,38404121,1417787,1672428,239.39298343265924,53033.48016467715
2009.78,25.08,8.95,38403834,1418177,1672477,239.8245880346841,53129.09488893622
2004.34,25.09,8.87,38403696,1418253,1672528,239.38495657565042,53031.701949811126
2004.34,25.09,8.84,38404321,1418305,1672528,239.38495657565042,53031.701949811126
2009.78,25.09,8.82,38403852,1418305,1672528,239.81654670595444,53127.31346810438
2004.34,25.09,8.81,38405589,1418305,1673260,239.38495657565042,53031.701949811126
2004.34,25.1,8.78,38404580,1418921,1673470,239.37693025690515,53029.923854188324
2004.34,25.1,8.76,38405670,1419203,1673230,239.37693025690515,53029.923854188324
2004.34,25.1,8.75,38405073,1419262,1673628,239.37693025690515,53029.923854188324
2004.34,25.1,8.73,38405073,1419600,1673628,239.37693025690515,53029.923854188324
2009.78,25.1,8.71,38405023,1419736,1673436,239.80850591645876,53125.53216673075
2004.34,25.11,8.69,38406533,1419884,1672590,239.3689044763695,53028.145877796785
2004.34,25.11,8.68,38405185,1419911,1673267,239.3689044763695,53028.145877796785
2004.34,25.11,8.67,38406484,1420216,1672775,239.3689044763695,53028.145877796785
2009.78,25.11,8.64,38405991,1420315,1672920,239.80046566614308,53123.75098480335
2009.78,25.11,8.61,38406178,1420412,1672891,239.80046566614308,53123.75098480335
2009.78,25.11,8.61,38406178,1420412,1673543,239.80046566614308,53123.75098480335
2004.34,25.12,8.56,38406009,1421045,1672806,239.36087923398927,53026.368020624504
2004.34,25.12,8.54,38405767,1421062,1673115,239.36087923398927,53026.368020624504
2004.34,25.12,8.54,38404702,1421110,1673115,239.36087923398927,53026.368020624504
2004.34,25.12,8.5,38403639,1421354,1673089,239.36087923398927,53026.368020624504
2009.78,25.13,8.5,38403639,1421342,1673429,239.7843867828344,53120.18897923914
2004.34,25.13,8.49,38404710,1421523,1673091,239.35285452971024,53024.590282659476
2004.34,25.13,8.48,38404219,1421571,1673186,239.35285452971024,53024.590282659476
2004.34,25.14,8.45,38404219,1421571,1673432,239.34483036347842,53022.81266388974
2004.34,25.14,8.45,38404970,1421862,1673876,239.34483036347842,53022.81266388974
2004.34,25.14,8.45,38405163,1422152,1673876,239.34483036347842,53022.81266388974
2004.34,25.15,8.4,38405163,1422152,1674160,239.33680673523958,53021.03516430328
2004.34,25.16,8.38,38402806,1422327,1674168,239.3287836449397,53019.257783888126
2004.34,25.16,8.36,38404308,1422576,1673288,239.3287836449397,53019.257783888126
2004.34,25.16,8.36,38403949,1422576,1673734,239.3287836449397,53019.257783888126
2004.34,25.17,8.36,38404370,1423059,1673739,239.3207610925247,53017.4805226323
2009.78,25.17,8.29,38403404,1423214,1673739,239.75223548398978,53113.06640093674
2004.34,25.18,8.27,38405168,1423214,1673810,239.31273907794042,53015.70338052381
2004.34,25.18,8.26,38405168,1423349,1674021,239.31273907794042,53015.70338052381
2004.34,25.18,8.23,38405684,1423496,1672662,239.31273907794042,53015.70338052381
1971.76,25.18,8.22,38407022,1423900,1674460,236.72873825630307,52443.26155555962
1988.05,25.18,8.18,38412506,1424872,1674132,238.02073866712175,52729.482468041715
2026.07,25.18,8.15,38386991,1423055,1672900,241.03619941723386,53397.50696727863
2020.64,25.19,8.15,38398701,1422825,1672586,240.59746780392692,53300.31337380609
2020.64,25.19,8.05,38402867,1423251,1674222,240.59746780392692,53300.31337380609
2004.34,25.19,8.0,38405930,1423877,1674572,239.30471760113286,53013.926357550685
2004.34,25.19,7.89,38410822,1425329,1675083,239.30471760113286,53013.926357550685
1998.91,25.19,7.85,38410734,1425329,1675083,238.87406523296283,52918.52258465088
2004.34,25.19,7.75,38411903,1426257,1675083,239.30471760113286,53013.926357550685
2004.34,25.19,7.66,38409566,1426344,1674447,239.30471760113286,53013.926357550685
1998.91,25.19,7.59,38410060,1426483,1673984,238.87406523296283,52918.52258465088
1998.91,25.18,7.52,38409969,1426756,1673984,238.8820722743342,52920.29640969644
2004.34,25.18,7.44,38411642,1427761,1673984,239.31273907794042,53015.70338052381
2004.34,25.17,7.33,38412268,1428625,1673761,239.3207610925247,53017.4805226323
2004.34,25.16,7.25,38413164,1429155,1675714,239.3287836449397,53019.257783888126
2004.34,25.16,7.25,38414470,1429845,1673868,239.3287836449397,53019.257783888126
2004.34,25.15,7.09,38413846,1430357,1673225,239.33680673523958,53021.03516430328
1998.91,25.15,7.09,38416328,1430956,1674122,238.90609661951768,52925.61859840678
2004.34,25.14,7.09,38416066,1431839,1674330,239.34483036347842,53022.81266388974
2004.34,25.13,6.93,38416492,1432749,1673218,239.35285452971024,53024.590282659476
2004.34,25.13,6.88,38416122,1432749,1673218,239.35285452971024,53024.590282659476
2004.34,25.12,6.82,38418384,1434743,1674366,239.36087923398927,53026.368020624504
2004.34,25.11,6.76,38418616,1435077,1673606,239.3689044763695,53028.145877796785
2004.34,25.11,6.74,38419006,1435439,1672970,239.3689044763695,53028.145877796785
2004.34,25.11,6.68,38419837,1436025,1673360,239.3689044763695,53028.145877796785
2004.34,25.09,6.64,38418963,1436025,1673181,239.38495657565042,53031.701949811126
2004.34,25.09,6.59,38421304,1437965,1672841,239.38495657565042,53031.701949811126
2004.34,25.08,6.54,38421304,1438513,1673431,239.39298343265924,53033.48016467715
2004.34,25.08,6.51,38421304,1438800,1672852,239.39298343265924,53033.48016467715
2004.34,25.07,6.47,38422173,1439160,1673668,239.40101082798597,53035.25849879844
2004.34,25.06,6.44,38422099,1439791,1672937,239.4090387616846,53037.03695218694
2004.34,25.06,6.38,38422099,1440913,1673246,239.4090387616846,53037.03695218694
2004.34,25.05,6.35,38424262,1440985,1673280,239.41706723380943,53038.81552485469
2004.34,25.05,6.32,38422811,1441487,1672031,239.41706723380943,53038.81552485469
2004.34,25.04,6.29,38422797,1441722,1673725,239.4250962444145,53040.59421681367
2004.34,25.04,6.28,38424431,1441964,1672097,239.4250962444145,53040.59421681367
2004.34,25.04,6.28,38424431,1441964,1671046,239.4250962444145,53040.59421681367
2004.34,25.04,6.23,38424667,1442647,1672406,239.4250962444145,53040.59421681367
2004.34,25.04,6.22,38423674,1442697,1671865,239.4250962444145,53040.59421681367
2004.34,25.03,6.22,38423674,1443130,1671708,239.43312579355413,53042.37302807589
2004.34,25.03,6.22,38424656,1443308,1671848,239.43312579355413,53042.37302807589
2004.34,25.03,6.22,38423804,1443308,1671996,239.43312579355413,53042.37302807589
2004.34,25.03,6.12,38425202,1443850,1672227,239.43312579355413,53042.37302807589
2004.34,25.03,6.12,38424094,1444107,1671666,239.43312579355413,53042.37302807589
2004.34,25.03,6.06,38424141,1444517,1671122,239.43312579355413,53042.37302807589
2004.34,25.03,6.06,38424030,1444677,1671480,239.43312579355413,53042.37302807589
2004.34,25.02,6.02,38424309,1444797,1671480,239.44115588128238,53044.15195865335
2004.34,25.02,6.0,38425534,1445276,1671945,239.44115588128238,53044.15195865335
2004.34,25.02,5.98,38425695,1445439,1671161,239.44115588128238,53044.15195865335
2004.34,25.02,5.95,38426140,1445568,1670871,239.44115588128238,53044.15195865335
2004.34,25.02,5.93,38424924,1445606,1671085,239.44115588128238,53044.15195865335
2004.34,25.01,5.92,38424924,1445881,1671726,239.4491865076535,53045.93100855805
2004.34,25.01,5.92,38424753,1445881,1671726,239.4491865076535,53045.93100855805
2004.34,25.01,5.87,38424753,1446630,1668782,239.4491865076535,53045.93100855805
2004.34,25.01,5.84,38424745,1446534,1671014,239.4491865076535,53045.93100855805
2004.34,25.0,5.83,38425242,1446648,1670081,239.4572176727217,53047.71017780201
2004.34,25.0,5.77,38425450,1447222,1669312,239.4572176727217,53047.71017780201
2009.78,24.99,5.76,38424758,1447351,1669967,239.89698426773944,53145.13305402646
2004.34,24.99,5.75,38425954,1447540,1669414,239.46524937654112,53049.48946639722
2004.34,24.98,5.75,38425295,1447540,1670310,239.47328161916604,53051.268874355716
2004.34,24.98,5.71,38425295,1447629,1670310,239.47328161916604,53051.268874355716
2009.78,24.98,5.7,38424334,1447698,1668945,239.905030991795,53146.9156701018
2004.34,24.97,5.69,38422090,1447743,1667622,239.4813144006506,53053.04840168948
2009.78,24.97,5.68,38422181,1447743,1667622,239.91307825568174,53148.69840576764
2004.34,24.97,5.66,38422181,1448014,1669743,239.4813144006506,53053.04840168948
2004.34,24.97,5.65,38422181,1447795,1668832,239.4813144006506,53053.04840168948
2004.34,24.97,5.64,38420495,1447876,1668827,239.4813144006506,53053.04840168948
2009.78,24.97,5.63,38419794,1447874,1668136,239.91307825568174,53148.69840576764
2004.34,24.97,5.61,38420567,1447827,1668553,239.4813144006506,53053.04840168948
2004.34,24.97,5.61,38420882,1448053,1667604,239.4813144006506,53053.04840168948
2009.78,24.97,5.58,38419221,1448216,1667604,239.91307825568174,53148.69840576764
2004.34,24.97,5.58,38421975,1448486,1667708,239.4813144006506,53053.04840168948
2009.78,24.97,5.56,38420874,1448640,1668526,239.91307825568174,53148.69840576764
2009.78,24.97,5.54,38420874,1448708,1667228,239.91307825568174,53148.69840576764
2009.78,24.97,5.51,38420396,1448833,1667581,239.91307825568174,53148.69840576764
2009.78,24.97,5.51,38419310,1448852,1668735,239.91307825568174,53148.69840576764
2009.78,24.97,5.49,38420055,1449017,1668735,239.91307825568174,53148.69840576764
2004.34,24.97,5.48,38420789,1448902,1667787,239.4813144006506,53053.04840168948
2009.78,24.97,5.47,38419869,1448984,1667042,239.91307825568174,53148.69840576764
2009.78,24.97,5.47,38419801,1449084,1666706,239.91307825568174,53148.69840576764
2004.34,24.97,5.46,38419801,1449222,1667595,239.4813144006506,53053.04840168948
2009.78,24.97,5.43,38419016,1449204,1668304,239.91307825568174,53148.69840576764
2009.78,24.97,5.43,38419629,1449575,1668401,239.91307825568174,53148.69840576764
2009.78,24.97,5.43,38420033,1449470,1667570,239.91307825568174,53148.69840576764
2004.34,24.97,5.37,38420300,1449470,1667697,239.4813144006506,53053.04840168948
2009.78,24.97,5.37,38420300,1450038,1668688,239.91307825568174,53148.69840576764
2009.78,24.97,5.35,38418712,1450000,1668511,239.91307825568174,53148.69840576764
2009.78,24.97,5.34,38418837,1449998,1668288,239.91307825568174,53148.69840576764
2004.34,24.97,5.32,38418527,1450093,1668288,239.4813144006506,53053.04840168948
2009.78,24.97,5.31,38418445,1450208,1667775,239.91307825568174,53148.69840576764
2004.34,24.97,5.31,38419354,1450073,1667693,239.4813144006506,53053.04840168948
2009.78,24.97,5.28,38419354,1450318,1667243,239.91307825568174,53148.69840576764
2009.78,24.97,5.26,38420448,1450488,1667894,239.91307825568174,53148.69840576764
2009.78,24.97,5.25,38419234,1450571,1668020,239.91307825568174,53148.69840576764
2009.78,24.97,5.24,38419798,1450543,1668020,239.91307825568174,53148.69840576764
2009.78,24.97,5.22,38419974,1450812,1668206,239.91307825568174,53148.69840576764
2009.78,24.96,5.21,38419777,1450896,1668206,239.92112605945402,53150.481261036024
2004.34,24.96,5.21,38419050,1451059,1667556,239.48934772104917,53054.82804841055
2009.78,24.97,5.19,38421263,1451094,1667231,239.91307825568174,53148.69840576764
2004.34,24.97,5.19,38420559,1451072,1666517,239.4813144006506,53053.04840168948
2009.78,24.97,5.19,38420559,1451269,1668391,239.91307825568174,53148.69840576764
2009.78,24.97,5.19,38423120,1451354,1668391,239.91307825568174,53148.69840576764
2009.78,24.97,5.16,38420876,1451395,1667560,239.91307825568174,53148.69840576764
2009.78,24.96,5.14,38419883,1451497,1667502,239.92112605945402,53150.481261036024
2004.34,24.97,5.13,38419883,1451343,1667502,239.4813144006506,53053.04840168948
2009.78,24.97,5.12,38417480,1451138,1666303,239.91307825568174,53148.69840576764
2009.78,24.97,5.12,38418728,1451238,1667715,239.91307825568174,53148.69840576764
2009.78,24.96,5.11,38419232,1451238,1666439,239.92112605945402,53150.481261036024
2009.78,24.96,5.11,38418015,1451376,1667530,239.92112605945402,53150.481261036024
2009.78,24.96,5.11,38418015,1451429,1667542,239.92112605945402,53150.481261036024
2009.78,24.96,5.1,38418015,1451344,1666816,239.92112605945402,53150.481261036024
2009.78,24.96,5.1,38417381,1451464,1666454,239.92112605945402,53150.481261036024
2004.34,24.97,5.09,38417542,1451447,1666013,239.4813144006506,53053.04840168948
2009.78,24.97,5.09,38416635,1451400,1666139,239.91307825568174,53148.69840576764
2009.78,24.97,5.07,38417786,1451481,1666849,239.91307825568174,53148.69840576764
2009.78,24.97,5.07,38417422,1451468,1666423,239.91307825568174,53148.69840576764
2009.78,24.97,5.06,38417422,1451775,1666423,239.91307825568174,53148.69840576764
2009.78,24.97,5.04,38418726,1451832,1667072,239.91307825568174,53148.69840576764
2009.78,24.97,5.03,38418726,1451989,1666804,239.91307825568174,53148.69840576764
2009.78,24.97,5.03,38418532,1451989,1666772,239.91307825568174,53148.69840576764
2009.78,24.97,4.99,38419745,1452307,1666911,239.91307825568174,53148.69840576764
2009.78,24.97,4.99,38420852,1452307,1667810,239.91307825568174,53148.69840576764
2009.78,24.97,4.99,38421543,1452445,1666443,239.91307825568174,53148.69840576764
2009.78,24.97,4.99,38420362,1452445,1666463,239.91307825568174,53148.69840576764
2009.78,24.97,4.95,38421446,1452478,1666004,239.91307825568174,53148.69840576764
2009.78,24.97,4.95,38419361,1452519,1667062,239.91307825568174,53148.69840576764
2015.21,24.97,4.94,38420170,1452646,1665765,240.3440484271558,53244.17258263242
2009.78,24.97,4.94,38419660,1452615,1666488,239.91307825568174,53148.69840576764
2004.34,24.97,4.94,38420487,1452696,1666488,239.4813144006506,53053.04840168948
2009.78,24.97,4.94,38420113,1452867,1666676,239.91307825568174,53148.69840576764
2009.78,24.97,4.9,38422258,1452931,1666581,239.91307825568174,53148.69840576764
2009.78,24.97,4.89,38422258,1452846,1666523,239.91307825568174,53148.69840576764
1928.32,24.97,4.89,38422258,1452993,1667490,233.44773200001381,51716.409925582564
1933.75,24.97,4.79,38401276,1453389,1665917,233.87870217148787,51811.884102447344
1917.45,24.94,4.79,38401276,1456435,1664017,232.60840550123254,51530.47128783913
1912.02,24.92,4.79,38391761,1457257,1664017,232.19297067246805,51438.438704281
1890.3,24.92,4.41,38382813,1457777,1663259,230.46880081277274,51056.477935241135
1863.15,24.88,4.38,38384833,1458501,1664435,228.34423152254453,50585.81542167797
1944.61,24.87,4.36,38377371,1458408,1662034,234.81940925576689,52020.28189999146
1993.48,24.85,4.3,38364466,1458458,1661001,238.71546239624922,52883.386799657084
2042.36,24.84,4.29,38376117,1459225,1661001,242.60469094500792,53744.979826064686
2064.08,24.83,4.28,38376117,1460660,1662374,244.3375232055249,54128.859603989295
2058.65,24.81,4.22,38400986,1461844,1664462,243.92272230253207,54036.96745600014
2026.07,24.79,4.17,38400986,1461844,1664979,241.3517130030992,53467.40368378947
2015.21,24.78,4.12,38404554,1463228,1664595,240.49732392543112,53278.128185595204
2004.34,24.77,4.09,38393105,1463225,1663382,239.6420832744427,53088.66403568632
1993.48,24.75,4.05,38396073,1463498,1663694,238.79559514629838,52901.13885967712
1993.48,24.75,4.04,38393706,1463676,1663054,238.79559514629838,52901.13885967712
1993.48,24.74,4.02,38391861,1463709,1663054,238.80361138031583,52902.914721198475
1998.91,24.74,4.01,38383968,1463558,1661696,239.23491430260205,52998.46261339669
2004.34,24.72,4.01,38383968,1463462,1660916,239.68230922591053,53097.57541716745
2004.34,24.72,3.95,38383968,1463669,1660916,239.68230922591053,53097.57541716745
2004.34,24.69,3.93,38381334,1464025,1660834,239.70645127961984,53102.92368221753
2004.34,24.69,3.89,38379447,1464127,1661142,239.70645127961984,53102.92368221753
2004.34,24.66,3.88,38379267,1464224,1660295,239.73059819724642,53108.2730247865
2004.34,24.65,3.86,38382569,1464510,1659971,239.7386482509133,53110.056378481095
2004.34,24.63,3.83,38381194,1464513,1659942,239.75474998026053,53113.62344520005
2004.34,24.62,3.82,38382409,1464539,1659959,239.76280165604987,53115.40715824854
2004.34,24.61,3.79,38380025,1464798,1659930,239.77085387265575,53117.19099110582
2004.34,24.6,3.79,38381274,1464798,1659716,239.77890663013252,53118.974943783935
2004.34,24.59,3.79,38381274,1464943,1658828,239.7869599285349,53120.75901629499
2004.34,24.58,3.74,38383705,1465166,1658423,239.79501376791717,53122.543208651026
2009.78,24.57,3.74,38383705,1465166,1659016,240.23541209721833,53220.10603495717
2004.34,24.55,3.74,38382221,1465361,1658597,239.81917853248896,53127.89650490986
2009.78,24.54,3.74,38381611,1465296,1657252,240.25962205510376,53225.46934303285
2004.34,24.53,3.69,38381611,1465484,1657252,239.83529108143634,53131.46596852885
2009.78,24.52,3.66,38383184,1465613,1657488,240.27576473807858,53229.045482337664
2004.34,24.52,3.65,38381318,1465656,1657488,239.84334816784352,53133.25088020852
2004.34,24.51,3.64,38381318,1465664,1657488,239.85140579561235,53135.035911817744
2004.34,24.51,3.61,38377135,1465664,1657488,239.85140579561235,53135.035911817744
2009.78,24.5,3.6,38379803,1465939,1655863,240.2919095904043,53232.62210222559
2009.78,24.49,3.6,38376933,1465898,1655435,240.29998283021047,53234.41059241853
2004.34,24.49,3.58,38379093,1465853,1656631,239.86752267545347,53138.606334873235
2009.78,24.49,3.57,38379407,1465878,1656631,240.29998283021047,53234.41059241853
2009.78,24.49,3.56,38379583,1466097,1654946,240.29998283021047,53234.41059241853
2009.78,24.48,3.54,38379802,1466099,1655896,240.30805661251836,53236.19920279356
2004.34,24.48,3.53,38379286,1466304,1655840,239.87558192763487,53140.391726343674
2009.78,24.48,3.53,38377737,1466290,1653570,240.30805661251836,53236.19920279356
2009.78,24.48,3.5,38377548,1466444,1654574,240.30805661251836,53236.19920279356
2009.78,24.48,3.5,38377850,1466408,1653264,240.30805661251836,53236.19920279356
2009.78,24.47,3.47,38377378,1466668,1654277,240.3161309373827,53237.98793336284
2009.78,24.47,3.47,38377965,1466804,1653741,240.3161309373827,53237.98793336284
2009.78,24.47,3.46,38377965,1466790,1652958,240.3161309373827,53237.98793336284
