elapsed_time,mpx5500_pressure_hpa,rh_temp_c,humidity_pct,k96_pressure_hpa,k96_pressure_filtered_hpa,ntc0_temp_c,ntc0_temp_filtered_c,ntc1_temp_c,ntc1_temp_filtered_c,lpl_signal,mpl_signal,spl_signal,lpl_signal_filtered,mpl_signal_filtered,spl_signal_filtered,mpl_conc,lpl_conc,spl_conc
00:00:03,11.30,14.09,3.90,0.00,0.00,0.0000,13.6968,0.0000,13.5108,36819084,1453426,1134669,36790380.0000,1453111.2500,0.0000,-32768,-32768,1513
00:00:07,11.30,14.09,3.89,1035.20,0.00,13.8937,13.7142,0.0000,13.5108,36821678,1453426,1135640,36790380.0000,1453145.3750,1129366.7500,-32768,-32768,1513
00:00:10,11.30,14.14,3.89,1035.20,0.00,13.8937,13.7431,0.0000,13.5575,36821678,1453501,1135640,36798600.0000,1453190.0000,1130221.8750,-32768,-32768,1501
00:00:13,5.87,14.14,3.89,1035.20,0.00,13.8937,13.7721,0.0000,13.5810,36829478,1453367,1134434,36801336.0000,1453208.8750,1130681.7500,-32768,-32768,1497
00:00:16,5.87,14.18,3.89,1035.20,0.00,13.8937,13.7895,0.0000,13.5986,36829478,1453573,1134434,36805072.0000,1453255.2500,1131681.7500,-32768,-32768,1491
00:00:18,11.30,14.20,3.90,1035.20,0.00,13.9886,13.8070,13.8000,13.6163,36836792,1453515,1134434,36805072.0000,1453255.2500,1132111.8750,-32768,-32768,1487
00:00:21,11.30,14.22,3.89,1035.20,0.00,13.9886,13.8245,13.8000,13.6399,36838654,1453495,1138384,36810628.0000,1453293.8750,1132733.0000,-32768,-32768,1482
00:00:23,11.30,14.24,3.89,1031.40,0.00,13.9886,13.8245,13.8359,13.6399,36841879,1453660,1140702,36813424.0000,1453325.8750,1133455.1250,-32768,-32768,1477
00:00:25,5.87,14.26,3.90,1031.10,0.00,14.0365,13.8538,13.8482,13.6399,36844577,1453517,1140900,36815272.0000,1453336.5000,1133455.1250,-32768,-32768,1472
00:00:27,5.87,14.26,3.89,1030.80,0.00,14.0543,13.8714,13.8664,13.6814,36845399,1453548,1141107,36817060.0000,1453336.5000,1133455.1250,-32768,-32768,1468
00:00:28,22.16,14.29,3.90,1030.30,0.00,14.0666,13.8832,13.8784,13.6814,36847913,1453571,1143529,36819764.0000,1453372.0000,1135078.5000,-32768,-32768,1464
00:00:30,33.02,14.31,3.90,1030.30,0.00,14.0811,13.8952,13.9011,13.7114,36844979,1453098,1143529,36821436.0000,1453367.7500,1135517.5000,-32768,-32768,1460
00:00:34,49.31,14.32,3.91,1030.30,0.00,14.0811,13.9136,13.9011,13.7302,36844979,1452638,1142925,36824044.0000,1453274.6250,1136490.8750,-32768,-32768,1460
00:00:36,71.03,14.36,3.94,1030.30,0.00,14.1467,13.9397,13.9011,13.7302,36842102,1451731,1146054,36826004.0000,1453274.6250,1137198.6250,-32768,-32768,1447
00:00:39,98.19,14.38,3.95,1030.30,0.00,14.1467,13.9602,13.9011,13.7763,36842102,1451597,1145583,36828160.0000,1453001.6250,1138219.6250,-32768,-32768,1447
00:00:40,114.48,14.38,3.98,3276.70,0.00,14.2137,13.9886,14.0159,13.7972,36843343,1451076,1145814,36829076.0000,1452889.8750,1138681.7500,-32768,-32768,1435
00:00:44,168.78,14.43,4.00,3276.70,0.00,14.2137,14.0034,14.0159,13.8189,36843343,1450472,1145305,36829076.0000,1452617.3750,1139577.5000,-32768,-32768,1429
00:00:46,217.66,14.46,4.05,3276.70,0.00,14.2137,14.0346,14.0159,13.8418,36845087,1450072,1148452,36831472.0000,1452466.3750,1140060.2500,-32768,-32768,1424
00:00:48,299.12,14.48,4.07,3276.70,0.00,14.2137,14.0597,14.0159,13.8661,36857419,1449886,1147835,36833368.0000,1452227.6250,1140060.2500,-32768,-32768,1418
00:00:50,364.29,14.52,4.12,3276.70,0.00,14.3557,14.0774,14.1527,13.8921,36869038,1449415,1151655,36836332.0000,1451996.3750,1141647.7500,-32768,-32768,1413
00:00:52,451.18,14.53,4.12,3276.70,0.00,14.3904,14.0961,14.1854,13.9013,36869567,1449148,1152225,36837368.0000,1451907.3750,1141978.3750,-32768,-32768,1410
00:00:54,581.51,14.57,4.18,3276.70,0.00,14.4278,14.0961,14.2213,13.9013,36884293,1448676,1152225,36842636.0000,1451537.7500,1143089.0000,-32768,-32768,1402
00:00:56,652.11,14.62,4.18,3276.70,0.00,14.4278,14.1591,14.2213,13.9729,36905520,1448433,1150593,36847908.0000,1451246.5000,1143933.1250,-32768,-32768,1396
00:01:00,782.45,14.65,4.18,3276.70,0.00,14.4278,14.1932,14.2213,13.9951,36905520,1448400,1150593,36856044.0000,1450919.3750,1145556.2500,-32768,-32768,1384
00:01:02,874.77,14.72,4.14,3276.70,0.00,14.5963,14.1932,14.4037,13.9951,36926721,1447862,1162056,36862256.0000,1450655.6250,1146754.2500,-32768,-32768,1375
00:01:04,950.80,14.75,4.13,3276.70,0.00,14.6434,14.1932,14.4487,13.9951,36941883,1448475,1155699,36869388.0000,1450445.6250,1147788.3750,-32768,-32768,1368
00:01:06,999.67,14.79,4.11,3276.70,0.00,14.6824,14.3014,14.4487,14.1128,36957460,1448860,1164585,36874576.0000,1450337.7500,1148808.8750,-32768,-32768,1361
00:01:08,1070.27,14.82,4.08,3276.70,0.00,14.7052,14.3259,14.4973,14.1128,36962941,1448860,1160446,36879988.0000,1450259.0000,1149679.2500,-32768,-32768,1355
00:01:09,1135.44,14.84,4.04,3276.70,0.00,14.7301,14.3504,14.5223,14.1128,36964545,1448708,1167253,36885104.0000,1450167.7500,1150502.3750,-32768,-32768,1349
00:01:11,1216.90,14.86,4.03,3276.70,0.00,14.7573,14.3749,14.5494,14.1730,36965468,1448632,1167308,36885104.0000,1450167.7500,1150502.3750,-32768,-32768,1343
00:01:13,1314.65,14.89,4.00,3276.70,0.00,14.8014,14.4123,14.5923,14.2098,36974911,1448841,1167308,36885104.0000,1450003.5000,1152794.0000,-32768,-32768,1334
00:01:16,1374.39,14.93,3.98,3276.70,0.00,14.8296,14.4123,14.6313,14.2098,36990337,1449171,1167308,36885104.0000,1450003.5000,1154804.5000,-32768,-32768,1320
00:01:18,1477.57,14.96,3.98,3276.70,0.00,14.8715,14.4874,14.6313,14.2098,37002123,1449712,1167308,36915504.0000,1449913.7500,1155948.7500,-32768,-32768,1309
00:01:21,1597.05,14.99,3.91,3276.70,0.00,14.9086,14.5244,14.6313,14.3324,37006585,1449546,1173793,36923744.0000,1449913.7500,1157566.0000,-32768,-32768,1302
00:01:22,1662.21,15.03,3.90,3276.70,0.00,14.9357,14.5493,14.7260,14.3324,37014501,1450033,1175587,36929080.0000,1449889.0000,1158649.7500,-32768,-32768,1296
00:01:23,1678.51,15.06,3.90,3276.70,0.00,14.9627,14.5743,14.7517,14.3693,37015733,1449995,1175736,36931788.0000,1449892.3750,1159183.7500,-32768,-32768,1292
00:01:25,1743.67,15.07,3.90,3276.70,0.00,14.9743,14.5868,14.7634,14.3816,37017841,1449995,1175736,36937312.0000,1449892.3750,1161013.8750,-32768,-32768,1281
00:01:28,1830.56,15.09,3.89,3276.70,0.00,14.9743,14.6361,14.7634,14.4302,37017841,1451639,1183400,36949072.0000,1449892.3750,1161013.8750,-32768,-32768,1266
00:01:31,1868.58,15.13,3.83,3276.70,0.00,15.0368,14.6718,14.7634,14.4654,37043199,1451639,1183400,36957676.0000,1449892.3750,1164906.3750,-32768,-32768,1257
00:01:34,1944.61,15.15,3.80,3276.70,0.00,15.0528,14.6718,14.7634,14.5104,37043199,1452507,1183400,36957676.0000,1450504.0000,1166785.3750,-32768,-32768,1243
00:01:37,1971.76,15.18,3.75,3276.70,0.00,15.0718,14.6718,14.8732,14.5104,37052943,1452768,1183400,36979244.0000,1450786.2500,1168771.7500,-32768,-32768,1234
00:01:38,1988.05,15.21,3.74,3276.70,0.00,15.0853,14.7884,14.8864,14.5825,37053708,1453238,1181682,36983896.0000,1450786.2500,1169553.2500,-32768,-32768,1229
00:01:39,1993.48,15.22,3.74,3276.70,0.00,15.0906,14.7978,14.8894,14.5920,37055351,1453528,1181453,36986128.0000,1451015.5000,1169925.1250,-32768,-32768,1224
00:01:41,2004.34,15.22,3.75,3276.70,0.00,15.0927,14.8070,14.8937,14.6105,37054337,1453313,1185414,36990376.0000,1451161.6250,1170847.0000,-32768,-32768,1222
00:01:42,2009.78,15.23,3.75,3276.70,0.00,15.0945,14.8246,14.8948,14.6194,37049722,1453252,1181459,36992228.0000,1451227.0000,1171178.6250,-32768,-32768,1218
00:01:43,2009.78,15.24,3.74,3276.70,0.00,15.0936,14.8412,14.8937,14.6362,37039401,1453052,1181832,36992228.0000,1451227.0000,1172175.7500,-32768,-32768,1214
00:01:45,2004.34,15.25,3.74,3276.70,0.00,15.0894,14.8565,14.8888,14.6518,37043926,1453213,1183373,36998084.0000,1451449.8750,1172525.6250,-32768,-32768,1210
00:01:47,2004.34,15.27,3.76,3276.70,0.00,15.0894,14.8565,14.8807,14.6518,37036957,1453164,1180563,37001848.0000,1451612.6250,1173330.2500,-32768,-32768,1207
00:01:48,1988.05,15.28,3.78,3276.70,0.00,15.0708,14.8829,14.8714,14.6518,37035222,1453021,1181578,37002892.0000,1451656.6250,1173588.0000,-32768,-32768,1204
00:01:50,1960.90,15.29,3.79,3276.70,0.00,15.0708,14.8937,14.8714,14.6950,37032005,1452954,1179026,37005592.0000,1451772.5000,1174135.1250,-32768,-32768,1202
00:01:52,1950.04,15.29,3.81,3276.70,0.00,15.0708,14.9027,14.8714,14.7039,37026544,1452365,1181455,37007028.0000,1451822.7500,1174514.5000,-32768,-32768,1200
00:01:55,1933.75,15.31,3.81,3276.70,0.00,15.0708,14.9132,14.8714,14.7144,37026544,1451254,1181455,37007624.0000,1451773.8750,1174972.6250,-32768,-32768,1197
00:01:57,1912.02,15.31,3.81,3276.70,0.00,14.9777,14.9224,14.7912,14.7220,37003588,1450508,1181455,37007448.0000,1451703.8750,1175259.1250,-32768,-32768,1196
00:01:59,1895.73,15.31,3.89,3276.70,0.00,14.9693,14.9238,14.7834,14.7220,37002511,1450370,1176544,37007104.0000,1451627.6250,1175350.2500,-32768,-32768,1195
00:02:02,1868.58,15.31,3.91,3276.70,0.00,14.9693,14.9269,14.7834,14.7284,36989961,1450370,1174893,37005312.0000,1451627.6250,1175350.2500,-32768,-32768,1194
00:02:04,1863.15,15.30,3.91,3276.70,0.00,14.9152,14.9264,14.7834,14.7284,36980815,1450370,1175614,37002512.0000,1451192.1250,1175427.6250,-32768,-32768,1195
00:02:06,1857.72,15.30,3.95,3276.70,0.00,14.9011,14.9241,14.7834,14.7284,36974579,1449357,1172089,37001640.0000,1451134.7500,1175323.3750,-32768,-32768,1195
00:02:07,1852.29,15.29,3.95,3276.70,0.00,14.8846,14.9218,14.6968,14.7255,36972898,1449368,1171793,36999952.0000,1451027.1250,1175104.5000,-32768,-32768,1197
00:02:08,1852.29,15.29,3.96,3276.70,0.00,14.8800,14.9205,14.6925,14.7245,36971302,1449254,1172366,36999056.0000,1450971.7500,1175018.8750,-32768,-32768,1197
00:02:09,1841.43,15.29,3.96,3276.70,0.00,14.8755,14.9191,14.6925,14.7245,36968596,1449293,1171967,36997232.0000,1450865.8750,1174850.0000,-32768,-32768,1198
00:02:12,1835.99,15.28,3.96,3276.70,0.00,14.8755,14.9144,14.6925,14.7180,36966107,1449192,1170307,36994584.0000,1450721.3750,1174456.1250,-32768,-32768,1200
00:02:13,1830.56,15.28,3.96,3276.70,0.00,14.8577,14.9110,14.6925,14.7180,36965184,1449265,1171012,36992772.0000,1450629.5000,1174218.0000,-32768,-32768,1201
00:02:16,1825.13,15.28,3.96,3276.70,0.00,14.8577,14.9055,14.6925,14.7104,36964596,1449215,1167717,36992772.0000,1450629.5000,1173575.0000,-32768,-32768,1205
00:02:19,1808.84,15.27,3.96,3276.70,0.00,14.8418,14.9055,14.6589,14.7104,36960353,1449252,1169118,36987608.0000,1450398.2500,1173185.2500,-32768,-32768,1207
00:02:21,1792.55,15.27,3.98,3276.70,0.00,14.8418,14.8925,14.6589,14.6996,36959976,1449572,1169220,36984328.0000,1450287.5000,1172507.0000,-32768,-32768,1211
00:02:25,1759.97,15.27,3.98,3276.70,0.00,14.8418,14.8869,14.6589,14.6949,36959976,1449414,1162574,36981756.0000,1450287.5000,1172507.0000,-32768,-32768,1216
00:02:26,1749.10,15.26,3.99,3276.70,0.00,14.8209,14.8794,14.6396,14.6949,36959976,1449611,1169551,36979400.0000,1450157.1250,1171530.1250,-32768,-32768,1216
00:02:29,1732.81,15.26,3.99,3276.70,0.00,14.8209,14.8755,14.6396,14.6848,36949044,1449736,1161359,36976856.0000,1450115.7500,1170903.5000,-32768,-32768,1219
00:02:31,1711.09,15.25,3.99,3276.70,0.00,14.8209,14.8693,14.6396,14.6790,36947307,1449717,1169410,36974216.0000,1450070.8750,1170738.8750,-32768,-32768,1221
00:02:33,1673.07,15.25,3.99,3276.70,0.00,14.7924,14.8626,14.6084,14.6748,36942052,1449703,1164996,36972336.0000,1450070.8750,1170395.6250,-32768,-32768,1223
00:02:35,1656.78,15.24,3.99,3276.70,0.00,14.7780,14.8553,14.5914,14.6677,36940311,1449805,1164996,36969560.0000,1450020.6250,1170139.2500,-32768,-32768,1224
00:02:37,1645.92,15.23,3.99,3276.70,0.00,14.7731,14.8527,14.5858,14.6651,36940311,1449630,1164996,36966504.0000,1449984.3750,1169986.1250,-32768,-32768,1225
00:02:40,1640.49,15.23,3.99,3276.70,0.00,14.7731,14.8420,14.5858,14.6542,36930644,1449423,1166372,36966504.0000,1449984.3750,1169806.6250,-32768,-32768,1226
00:02:41,1635.06,15.22,3.99,3276.70,0.00,14.7539,14.8366,14.5639,14.6542,36927843,1449433,1165553,36961032.0000,1449898.1250,1169744.6250,-32768,-32768,1227
00:02:43,1618.77,15.22,4.00,3276.70,0.00,14.7499,14.8313,14.5616,14.6433,36927895,1449460,1165043,36959012.0000,1449898.1250,1169460.1250,-32768,-32768,1228
00:02:45,1602.48,15.21,4.00,3276.70,0.00,14.7449,14.8236,14.5616,14.6433,36928807,1449404,1173428,36957100.0000,1449842.0000,1169657.3750,-32768,-32768,1228
00:02:47,1591.62,15.21,4.00,3276.70,0.00,14.7411,14.8185,14.5538,14.6433,36926818,1449668,1165225,36954400.0000,1449822.7500,1169284.0000,-32768,-32768,1230
00:02:49,1559.03,15.20,4.00,3276.70,0.00,14.7367,14.8135,14.5503,14.6256,36925136,1449587,1170629,36953484.0000,1449822.7500,1169396.5000,-32768,-32768,1229
00:02:51,1531.88,15.20,3.99,3276.70,0.00,14.7367,14.8060,14.5503,14.6158,36921663,1449782,1164542,36949784.0000,1449794.0000,1168986.6250,-32768,-32768,1231
00:02:53,1515.59,15.19,3.99,3276.70,0.00,14.7209,14.8060,14.5294,14.6158,36916102,1449713,1164335,36946936.0000,1449781.1250,1168748.5000,-32768,-32768,1233
00:02:56,1504.72,15.18,3.99,3276.70,0.00,14.7109,14.7929,14.5294,14.6025,36916102,1449781,1164335,36944080.0000,1449775.5000,1168274.2500,-32768,-32768,1236
00:02:58,1499.29,15.17,3.98,3276.70,0.00,14.7055,14.7850,14.5294,14.5947,36915022,1449781,1162805,36941520.0000,1449780.6250,1167765.1250,-32768,-32768,1238
00:02:59,1504.72,15.17,3.98,3276.70,0.00,14.7048,14.7777,14.5164,14.5898,36915985,1449937,1163209,36940720.0000,1449785.5000,1167622.7500,-32768,-32768,1239
00:03:00,1504.72,15.16,3.98,3276.70,0.00,14.7055,14.7754,14.5176,14.5876,36912947,1449652,1161852,36939856.0000,1449781.3750,1167442.3750,-32768,-32768,1239
00:03:03,1521.02,15.16,3.98,3276.70,0.00,14.7065,14.7732,14.5176,14.5834,36912947,1449466,1163084,36939856.0000,1449755.7500,1166894.2500,-32768,-32768,1244
00:03:05,1537.31,15.16,3.98,3276.70,0.00,14.7172,14.7659,14.5345,14.5785,36915644,1449448,1162331,36936156.0000,1449755.7500,1166627.6250,-32768,-32768,1245
00:03:08,1559.03,15.16,3.99,3276.70,0.00,14.7172,14.7625,14.5345,14.5753,36915644,1448043,1163489,36932452.0000,1449588.7500,1166329.3750,-32768,-32768,1247
00:03:10,1575.32,15.16,3.99,3276.70,0.00,14.7583,14.7614,14.5776,14.5752,36907058,1448477,1163489,36932452.0000,1449472.3750,1166081.0000,-32768,-32768,1248
00:03:12,1586.18,15.17,3.99,3276.70,0.00,14.7801,14.7624,14.5776,14.5775,36915569,1448446,1163234,36928688.0000,1449386.1250,1165931.8750,-32768,-32768,1249
00:03:13,1591.62,15.17,3.99,3276.70,0.00,14.8012,14.7652,14.6213,14.5799,36918729,1448595,1166689,36928064.0000,1449335.0000,1165882.7500,-32768,-32768,1249
00:03:16,1613.34,15.17,3.99,3276.70,0.00,14.8081,14.7652,14.6356,14.5799,36919484,1448433,1162292,36927380.0000,1449259.7500,1165795.3750,-32768,-32768,1250
00:03:18,1640.49,15.18,3.99,3276.70,0.00,14.8081,14.7735,14.6570,14.5891,36917941,1447991,1167339,36926532.0000,1449155.0000,1165795.3750,-32768,-32768,1250
00:03:20,1673.07,15.18,3.99,3276.70,0.00,14.8601,14.7805,14.6826,14.5967,36915656,1447991,1167339,36925940.0000,1449070.8750,1165712.5000,-32768,-32768,1251
00:03:23,1700.23,15.18,3.99,3276.70,0.00,14.8789,14.7805,14.7095,14.5967,36905729,1446744,1168608,36924200.0000,1448871.1250,1165730.1250,-32768,-32768,1249
00:03:24,1711.09,15.19,3.99,3276.70,0.00,14.9080,14.7964,14.7095,14.5967,36905850,1446696,1161673,36922304.0000,1448659.6250,1165636.3750,-32768,-32768,1250
00:03:26,1721.95,15.20,4.00,3276.70,0.00,14.9250,14.8041,14.7459,14.5967,36910573,1446824,1170161,36921936.0000,1448602.2500,1165777.7500,-32768,-32768,1249
00:03:28,1743.67,15.20,4.00,3276.70,0.00,14.9404,14.8121,14.7459,14.6296,36913818,1446816,1168448,36921352.0000,1448448.1250,1166137.8750,-32768,-32768,1246
00:03:30,1765.40,15.20,4.00,3276.70,0.00,14.9552,14.8207,14.7755,14.6383,36905780,1446543,1168448,36921352.0000,1448448.1250,1166137.8750,-32768,-32768,1244
00:03:31,1776.26,15.21,4.01,3276.70,0.00,14.9698,14.8296,14.7897,14.6383,36899860,1445698,1171224,36919164.0000,1448156.7500,1166610.8750,-32768,-32768,1243
00:03:33,1787.12,15.22,4.02,3276.70,0.00,14.9826,14.8388,14.8031,14.6567,36899455,1445572,1174425,36918548.0000,1448076.0000,1166610.8750,-32768,-32768,1240
00:03:34,1792.55,15.22,4.03,3276.70,0.00,14.9937,14.8481,14.8146,14.6662,36901203,1445560,1172012,36917388.0000,1447918.6250,1167270.5000,-32768,-32768,1239
00:03:35,1808.84,15.22,4.03,3276.70,0.00,14.9993,14.8528,14.8146,14.6758,36910309,1446001,1173276,36916772.0000,1447794.8750,1167635.6250,-32768,-32768,1237
00:03:37,1825.13,15.23,4.03,3276.70,0.00,14.9993,14.8671,14.8146,14.6904,36905184,1445642,1173753,36915856.0000,1447607.1250,1168458.2500,-32768,-32768,1232
00:03:40,1841.43,15.23,4.03,3276.70,0.00,15.0306,14.8671,14.8518,14.6904,36902850,1445545,1179876,36914860.0000,1447427.1250,1169153.1250,-32768,-32768,1228
00:03:43,1874.01,15.24,4.01,3276.70,0.00,15.0306,14.8958,14.8518,14.7195,36905967,1445572,1174349,36913936.0000,1447427.1250,1169972.1250,-32768,-32768,1223
00:03:45,1901.16,15.26,4.01,3276.70,0.00,15.0306,14.9149,14.8518,14.7389,36892758,1444643,1174446,36912160.0000,1446993.7500,1170600.6250,-32768,-32768,1220
00:03:47,1912.02,15.27,4.01,3276.70,0.00,15.0740,14.9245,14.8962,14.7438,36892276,1444487,1175087,36911536.0000,1446915.5000,1170740.8750,-32768,-32768,1219
00:03:49,1933.75,15.27,4.01,3276.70,0.00,15.0848,14.9341,14.8962,14.7585,36889171,1444105,1176362,36909584.0000,1446673.2500,1170740.8750,-32768,-32768,1216
00:03:50,1939.18,15.28,4.05,3276.70,0.00,15.0949,14.9438,14.8962,14.7683,36895241,1444541,1175749,36908552.0000,1446535.3750,1171463.1250,-32768,-32768,1214
00:03:52,1955.47,15.29,4.05,3276.70,0.00,15.1044,14.9535,14.9300,14.7781,36899162,1444619,1174423,36907936.0000,1446418.8750,1171675.1250,-32768,-32768,1214
00:03:54,1960.90,15.30,4.06,3276.70,0.00,15.1114,14.9631,14.9300,14.7877,36903393,1444725,1176026,36907936.0000,1446418.8750,1172026.1250,-32768,-32768,1211
00:03:55,1971.76,15.30,4.07,3276.70,0.00,15.1186,14.9771,14.9447,14.7972,36907530,1445092,1177161,36907500.0000,1446230.1250,1172186.5000,-32768,-32768,1210
00:03:57,1982.62,15.30,4.06,3276.70,0.00,15.1186,14.9863,14.9529,14.8066,36912108,1445294,1177241,36907928.0000,1446140.3750,1172320.7500,-32768,-32768,1209
00:03:59,1988.05,15.31,4.06,3276.70,0.00,15.1324,14.9954,14.9529,14.8066,36916873,1445288,1177707,36908208.0000,1446113.7500,1172489.1250,-32768,-32768,1208
00:04:01,2004.34,15.31,4.05,3276.70,0.00,15.1324,15.0042,14.9529,14.8294,36922138,1445674,1178415,36909256.0000,1446113.7500,1173181.6250,-32768,-32768,1204
00:04:04,2015.21,15.32,4.05,3276.70,0.00,15.1324,15.0212,14.9741,14.8423,36931538,1446167,1178931,36911100.0000,1446061.1250,1173181.6250,-32768,-32768,1200
00:04:05,2020.64,15.32,3.99,3276.70,0.00,15.1536,15.0293,14.9741,14.8506,36936339,1446121,1183643,36912528.0000,1446065.7500,1174138.5000,-32768,-32768,1197
00:04:07,2031.50,15.32,3.97,3276.70,0.00,15.1565,15.0293,14.9835,14.8625,36941568,1446692,1179949,36914984.0000,1446111.5000,1174657.8750,-32768,-32768,1195
00:04:09,2064.08,15.34,3.97,3276.70,0.00,15.1565,15.0481,14.9835,14.8701,36939320,1445617,1178426,36916924.0000,1446109.1250,1175395.0000,-32768,-32768,1191
00:04:12,2091.23,15.35,3.96,3276.70,0.00,15.1668,15.0555,14.9835,14.8778,36939320,1445048,1178431,36917220.0000,1446050.7500,1175597.2500,-32768,-32768,1189
00:04:14,2112.96,15.36,3.98,3276.70,0.00,15.1668,15.0707,14.9835,14.8934,36913214,1444604,1179381,36916852.0000,1445917.2500,1176314.3750,-32768,-32768,1185
00:04:15,2123.82,15.37,4.00,3276.70,0.00,15.1971,15.0747,15.0210,14.8974,36914475,1444651,1179259,36916872.0000,1445847.6250,1176522.2500,-32768,-32768,1184
00:04:17,2134.68,15.37,4.01,3276.70,0.00,15.2068,15.0826,15.0312,14.9054,36925201,1445430,1180312,36916872.0000,1445831.6250,1176839.8750,-32768,-32768,1183
00:04:19,2156.40,15.37,4.01,3276.70,0.00,15.2162,15.0826,15.0312,14.9179,36933205,1445430,1181315,36919088.0000,1445792.2500,1176839.8750,-32768,-32768,1180
00:04:22,2178.13,15.38,4.03,3276.70,0.00,15.2162,15.1069,15.0598,14.9304,36933033,1445143,1182091,36919088.0000,1445742.8750,1177928.8750,-32768,-32768,1176
00:04:24,2188.99,15.38,4.04,3276.70,0.00,15.2444,15.1191,15.0598,14.9304,36935849,1445481,1182373,36921380.0000,1445730.0000,1178203.0000,-32768,-32768,1174
00:04:25,2194.42,15.38,4.04,3276.70,0.00,15.2509,15.1270,15.0784,14.9510,36940933,1445477,1183820,36922512.0000,1445711.3750,1178535.2500,-32768,-32768,1173
00:04:26,2199.85,15.39,4.03,3276.70,0.00,15.2538,15.1310,15.0811,14.9551,36945199,1445827,1182919,36923220.0000,1445715.0000,1178672.2500,-32768,-32768,1172
00:04:29,2210.71,15.39,4.03,3276.70,0.00,15.2587,15.1387,15.0877,14.9669,36955491,1446380,1182919,36923220.0000,1445715.0000,1178964.2500,-32768,-32768,1171
00:04:31,2216.14,15.39,4.00,3276.70,0.00,15.2643,15.1499,15.0923,14.9669,36958752,1446431,1183878,36928984.0000,1445715.0000,1178964.2500,-32768,-32768,1169
00:04:32,2199.85,15.40,3.99,3276.70,0.00,15.2676,15.1571,15.0961,14.9819,36962075,1446456,1183661,36930020.0000,1445845.3750,1179388.6250,-32768,-32768,1169
00:04:33,2183.56,15.40,3.99,3276.70,0.00,15.2661,15.1638,15.0949,14.9888,36966929,1446979,1176847,36932208.0000,1445845.3750,1179427.0000,-32768,-32768,1168
00:04:36,2167.26,15.40,3.99,3276.70,0.00,15.2661,15.1638,15.0841,14.9888,36974825,1447443,1183644,36935956.0000,1446038.0000,1179700.2500,-32768,-32768,1166
00:04:37,2156.40,15.41,3.97,3276.70,0.00,15.2475,15.1771,15.0770,15.0028,36968974,1447248,1181739,36938096.0000,1446114.8750,1179944.8750,-32768,-32768,1166
00:04:39,2145.54,15.41,3.96,3276.70,0.00,15.2399,15.1811,15.0704,15.0070,36967454,1446983,1183115,36939908.0000,1446170.7500,1180238.3750,-32768,-32768,1164
00:04:41,2134.68,15.42,3.97,3276.70,0.00,15.2315,15.1843,15.0620,15.0105,36967690,1446983,1183115,36942308.0000,1446253.6250,1180090.0000,-32768,-32768,1164
00:04:44,2112.96,15.43,3.96,3276.70,0.00,15.2315,15.1876,15.0620,15.0153,36967690,1447005,1183115,36942308.0000,1446341.2500,1180449.1250,-32768,-32768,1163
00:04:46,2102.10,15.44,3.96,3276.70,0.00,15.2315,15.1896,15.0620,15.0175,36959281,1446944,1181033,36946320.0000,1446388.0000,1180550.3750,-32768,-32768,1162
00:04:48,2074.94,15.44,3.97,3276.70,0.00,15.1904,15.1898,15.0620,15.0176,36957630,1446849,1181958,36946672.0000,1446402.3750,1180550.3750,-32768,-32768,1160
00:04:50,2058.65,15.44,3.97,3276.70,0.00,15.1904,15.1889,15.0620,15.0165,36958096,1447036,1180756,36947804.0000,1446458.0000,1181025.6250,-32768,-32768,1160
00:04:52,2053.22,15.44,3.98,3276.70,0.00,15.1673,15.1877,14.9952,15.0165,36958096,1446846,1186646,36948312.0000,1446488.7500,1181163.2500,-32768,-32768,1159
00:04:54,2042.36,15.44,3.98,3276.70,0.00,15.1584,15.1860,14.9851,15.0141,36954523,1446869,1187264,36948504.0000,1446500.6250,1181353.8750,-32768,-32768,1159
00:04:56,2020.64,15.44,3.99,3276.70,0.00,15.1468,15.1827,14.9712,15.0105,36954354,1447202,1179971,36949004.0000,1446562.0000,1181212.2500,-32768,-32768,1159
00:04:57,2009.78,15.44,3.99,3276.70,0.00,15.1389,15.1801,14.9627,15.0077,36954250,1447432,1179191,36949560.0000,1446640.7500,1181057.5000,-32768,-32768,1160
00:05:01,1993.48,15.43,3.99,3276.70,0.00,15.1389,15.1755,14.9627,15.0028,36954250,1447341,1186465,36949960.0000,1446710.2500,1181076.0000,-32768,-32768,1160
00:05:03,1966.33,15.43,3.99,3276.70,0.00,15.1164,15.1704,14.9423,14.9975,36950415,1447341,1179100,36950052.0000,1446778.8750,1181034.2500,-32768,-32768,1160
00:05:05,1928.32,15.42,3.98,3276.70,0.00,15.1164,15.1704,14.9318,14.9975,36950645,1447341,1179100,36950324.0000,1446869.7500,1180460.3750,-32768,-32768,1160
00:05:07,1906.59,15.42,3.98,3276.70,0.00,15.0911,15.1585,14.9168,14.9854,36953886,1447916,1177723,36950448.0000,1446929.3750,1180292.3750,-32768,-32768,1164
00:05:09,1874.01,15.41,3.98,3276.70,0.00,15.0807,15.1585,14.9168,14.9806,36953886,1448425,1177723,36950776.0000,1447092.2500,1179449.3750,-32768,-32768,1168
00:05:11,1846.86,15.40,3.98,3276.70,0.00,15.0667,15.1462,14.8876,14.9725,36949246,1448425,1176717,36950684.0000,1447164.0000,1179270.3750,-32768,-32768,1170
00:05:13,1825.13,15.39,3.96,3276.70,0.00,15.0569,15.1409,14.8876,14.9636,36945818,1448528,1168801,36950580.0000,1447253.5000,1178685.3750,-32768,-32768,1172
00:05:15,1808.84,15.39,3.95,3276.70,0.00,15.0461,15.1352,14.8630,14.9605,36942973,1448234,1168801,36950580.0000,1447253.5000,1178378.6250,-32768,-32768,1174
00:05:17,1792.55,15.38,3.96,3276.70,0.00,15.0348,15.1263,14.8495,14.9507,36940952,1448518,1170881,36949392.0000,1447389.0000,1178144.3750,-32768,-32768,1177
00:05:18,1770.83,15.37,3.95,3276.70,0.00,15.0285,15.1204,14.8423,14.9441,36944763,1448778,1174769,36949056.0000,1447470.6250,1177756.6250,-32768,-32768,1178
00:05:20,1738.24,15.37,3.95,3276.70,0.00,15.0255,15.1174,14.8423,14.9375,36948863,1449143,1174329,36948976.0000,1447567.7500,1177756.6250,-32768,-32768,1179
00:05:21,1721.95,15.36,3.94,3276.70,0.00,15.0133,15.1174,14.8277,14.9308,36946211,1449262,1172045,36948728.0000,1447721.3750,1177150.3750,-32768,-32768,1181
00:05:24,1716.52,15.35,3.92,3276.70,0.00,15.0133,15.0988,14.8157,14.9207,36939573,1449163,1176774,36948728.0000,1447809.7500,1177101.6250,-32768,-32768,1182
00:05:27,1673.07,15.34,3.91,3276.70,0.00,14.9946,15.0925,14.8157,14.9105,36939573,1449542,1173164,36947684.0000,1447953.8750,1176788.8750,-32768,-32768,1182
00:05:28,1651.35,15.33,3.91,3276.70,0.00,14.9879,15.0831,14.8003,14.9007,36944324,1449751,1173697,36947624.0000,1448122.1250,1176485.6250,-32768,-32768,1182
00:05:30,1640.49,15.33,3.90,3276.70,0.00,14.9816,15.0769,14.8003,14.8942,36939584,1449646,1173292,36947228.0000,1448217.2500,1176302.1250,-32768,-32768,1186
00:05:32,1629.63,15.33,3.89,3276.70,0.00,14.9763,15.0677,14.7893,14.8878,36936655,1449529,1173292,36947228.0000,1448217.2500,1175969.1250,-32768,-32768,1188
00:05:34,1607.91,15.31,3.89,3276.70,0.00,14.9723,15.0619,14.7875,14.8816,36939370,1449529,1173292,36945936.0000,1448436.6250,1175767.5000,-32768,-32768,1189
00:05:36,1586.18,15.31,3.89,3276.70,0.00,14.9707,15.0619,14.7866,14.8729,36949764,1450344,1172510,36945936.0000,1448546.7500,1175482.8750,-32768,-32768,1191
00:05:37,1575.32,15.31,3.89,3276.70,0.00,14.9678,15.0508,14.7862,14.8702,36951852,1450708,1172510,36946368.0000,1448675.5000,1175380.7500,-32768,-32768,1192
00:05:39,1564.46,15.31,3.88,3276.70,0.00,14.9678,15.0430,14.7836,14.8623,36948739,1450513,1172664,36946576.0000,1448794.6250,1175134.7500,-32768,-32768,1193
00:05:42,1553.60,15.30,3.87,3276.70,0.00,14.9678,15.0430,14.7862,14.8623,36950543,1450543,1172269,36946908.0000,1448794.6250,1175134.7500,-32768,-32768,1195
00:05:44,1553.60,15.30,3.87,3276.70,0.00,14.9702,15.0296,14.7926,14.8493,36953611,1450703,1172956,36947368.0000,1449105.0000,1174770.2500,-32768,-32768,1195
00:05:46,1542.74,15.30,3.86,3276.70,0.00,14.9746,15.0261,14.7989,14.8461,36956370,1450715,1172956,36948264.0000,1449254.8750,1174649.3750,-32768,-32768,1195
00:05:47,1531.88,15.30,3.87,3276.70,0.00,14.9784,15.0231,14.8040,14.8434,36961648,1451108,1174468,36948680.0000,1449254.8750,1174649.3750,-32768,-32768,1196
00:05:49,1515.59,15.30,3.86,3276.70,0.00,14.9820,15.0205,14.8088,14.8412,36968945,1451374,1173476,36949816.0000,1449254.8750,1174649.3750,-32768,-32768,1196
00:05:51,1499.29,15.30,3.86,3276.70,0.00,14.9820,15.0171,14.8088,14.8377,36969577,1451483,1174554,36952020.0000,1449672.2500,1174526.8750,-32768,-32768,1197
00:05:53,1493.86,15.30,3.86,3276.70,0.00,14.9877,15.0153,14.8173,14.8377,36969577,1451514,1174554,36953228.0000,1449790.7500,1174463.8750,-32768,-32768,1197
00:05:56,1521.02,15.30,3.86,3276.70,0.00,14.9877,15.0131,14.8173,14.8354,36969577,1451327,1174608,36955344.0000,1449989.7500,1174409.2500,-32768,-32768,1197
00:05:59,1553.60,15.31,3.86,3276.70,0.00,14.9877,15.0123,14.8173,14.8367,36969577,1450052,1174254,36956020.0000,1450041.8750,1174409.8750,-32768,-32768,1197
00:06:01,1569.89,15.31,3.87,3276.70,0.00,15.0479,15.0146,14.8809,14.8390,36968884,1450592,1176712,36956480.0000,1450060.1250,1174464.7500,-32768,-32768,1197
00:06:04,1602.48,15.32,3.87,3276.70,0.00,15.0479,15.0194,14.8809,14.8446,36968884,1450344,1177057,36959064.0000,1450141.5000,1174717.1250,-32768,-32768,1197
00:06:05,1613.34,15.31,3.88,3276.70,0.00,15.1125,15.0267,14.9452,14.8527,36973497,1449888,1177988,36959904.0000,1450131.0000,1174928.7500,-32768,-32768,1194
00:06:06,1635.06,15.32,3.89,3276.70,0.00,15.1245,15.0297,14.9570,14.8560,36976778,1449809,1177293,36960432.0000,1450121.0000,1175002.6250,-32768,-32768,1193
00:06:07,1640.49,15.32,3.89,3276.70,0.00,15.1477,15.0366,14.9800,14.8632,36984857,1450139,1179451,36961820.0000,1450116.3750,1175269.3750,-32768,-32768,1192
00:06:09,1656.78,15.32,3.89,3276.70,0.00,15.1586,15.0404,14.9911,14.8672,36987791,1450108,1179073,36962632.0000,1450116.3750,1175518.2500,-32768,-32768,1191
00:06:11,1678.51,15.32,3.89,3276.70,0.00,15.1820,15.0487,14.9911,14.8805,36982631,1449287,1181100,36964860.0000,1450076.8750,1175518.2500,-32768,-32768,1188
00:06:13,1694.80,15.33,3.90,3276.70,0.00,15.1820,15.0628,14.9911,14.8956,36985883,1449370,1183096,36966520.0000,1449996.7500,1176422.6250,-32768,-32768,1185
00:06:16,1727.38,15.34,3.90,3276.70,0.00,15.1820,15.0628,15.0771,14.8956,36991707,1449444,1183096,36968820.0000,1449950.8750,1176422.6250,-32768,-32768,1180
00:06:18,1749.10,15.35,3.91,3276.70,0.00,15.2718,15.0949,15.1079,14.8956,36991707,1448869,1183486,36970328.0000,1449950.8750,1177672.1250,-32768,-32768,1178
00:06:20,1781.69,15.35,3.91,3276.70,0.00,15.2991,15.1126,15.1366,14.9422,36986147,1448685,1183486,36971216.0000,1449784.2500,1178101.2500,-32768,-32768,1174
00:06:22,1852.29,15.37,3.91,3276.70,0.00,15.3202,15.1250,15.1366,14.9618,36986118,1448009,1186832,36972724.0000,1449784.2500,1178826.2500,-32768,-32768,1172
00:06:24,1868.58,15.39,3.92,3276.70,0.00,15.3621,15.1452,15.1965,14.9758,36996163,1448128,1187278,36973972.0000,1449784.2500,1179535.1250,-32768,-32768,1168
00:06:27,1890.30,15.40,3.94,3276.70,0.00,15.3895,15.1597,15.1965,14.9980,37011291,1448965,1190189,36976948.0000,1449784.2500,1179535.1250,-32768,-32768,1163
00:06:29,1939.18,15.41,3.94,3276.70,0.00,15.3895,15.1903,15.2647,15.0213,37018357,1449211,1190421,36980640.0000,1449452.0000,1180993.2500,-32768,-32768,1158
00:06:31,1982.62,15.42,3.92,3276.70,0.00,15.4491,15.1903,15.2936,15.0213,37033504,1449211,1190421,36986408.0000,1449460.5000,1182296.3750,-32768,-32768,1152
00:06:34,2004.34,15.42,3.95,3276.70,0.00,15.4779,15.2296,15.2936,15.0213,37045402,1449850,1193797,36989984.0000,1449460.5000,1183391.8750,-32768,-32768,1147
00:06:35,2004.34,15.42,3.96,3276.70,0.00,15.5036,15.2538,15.2936,15.0213,37044057,1449775,1194818,36994496.0000,1449492.5000,1184025.6250,-32768,-32768,1143
00:06:37,2004.34,15.46,3.96,3276.70,0.00,15.5141,15.2696,15.3509,15.0213,37060547,1450752,1195400,36998376.0000,1449557.1250,1184730.6250,-32768,-32768,1140
00:06:40,2004.34,15.47,3.94,3276.70,0.00,15.5141,15.2923,15.3509,15.1252,37060547,1451375,1196598,37004564.0000,1449702.2500,1185808.8750,-32768,-32768,1132
00:06:41,2004.34,15.49,3.91,3276.70,0.00,15.5305,15.3137,15.3672,15.1469,37071894,1451445,1196001,37008720.0000,1449809.1250,1186431.0000,-32768,-32768,1130
00:06:43,2004.34,15.49,3.91,3276.70,0.00,15.5325,15.3271,15.3672,15.1469,37071084,1451336,1195033,37012568.0000,1449902.7500,1187053.2500,-32768,-32768,1127
00:06:45,2004.34,15.50,3.89,3276.70,0.00,15.5298,15.3396,15.3696,15.1734,37073023,1451480,1195033,37018048.0000,1450045.5000,1187951.3750,-32768,-32768,1122
00:06:47,1998.91,15.51,3.89,3276.70,0.00,15.5298,15.3565,15.3661,15.1910,37076427,1451623,1195113,37021576.0000,1450140.3750,1188492.6250,-32768,-32768,1118
00:06:48,1998.91,15.53,3.86,3276.70,0.00,15.5225,15.3616,15.3652,15.1964,37077916,1451659,1197228,37025000.0000,1450140.3750,1189040.3750,-32768,-32768,1117
00:06:50,1998.91,15.53,3.86,3276.70,0.00,15.5194,15.3714,15.3626,15.2066,37075513,1451640,1196484,37026580.0000,1450275.3750,1189040.3750,-32768,-32768,1114
00:06:51,1993.48,15.54,3.86,3276.70,0.00,15.5164,15.3803,15.3596,15.2160,37077594,1451818,1195442,37029708.0000,1450365.7500,1189735.0000,-32768,-32768,1112
00:06:53,1993.48,15.54,3.86,3276.70,0.00,15.5149,15.3885,15.3559,15.2246,37076921,1451671,1196442,37032572.0000,1450365.7500,1189735.0000,-32768,-32768,1111
00:06:54,1993.48,15.55,3.88,3276.70,0.00,15.5114,15.3923,15.3559,15.2325,37076938,1451583,1197385,37035308.0000,1450518.6250,1189735.0000,-32768,-32768,1108
00:06:57,1988.05,15.56,3.88,3276.70,0.00,15.5088,15.4029,15.3559,15.2398,37076938,1451731,1196204,37039176.0000,1450518.6250,1191255.2500,-32768,-32768,1105
00:06:59,1988.05,15.57,3.89,3276.70,0.00,15.5088,15.4150,15.3559,15.2527,37081162,1451869,1194945,37042988.0000,1450740.1250,1191536.0000,-32768,-32768,1103
00:07:01,1982.62,15.57,3.89,3276.70,0.00,15.5024,15.4204,15.3456,15.2584,37076451,1451911,1194945,37046128.0000,1450845.1250,1191536.0000,-32768,-32768,1102
00:07:05,1982.62,15.60,3.89,3276.70,0.00,15.5024,15.4277,15.3456,15.2662,37076451,1451749,1196186,37046128.0000,1450959.8750,1192439.7500,-32768,-32768,1099
00:07:06,1982.62,15.62,3.90,3276.70,0.00,15.5005,15.4342,15.3431,15.2731,37078754,1451934,1196186,37051744.0000,1451018.0000,1192692.0000,-32768,-32768,1098
00:07:07,1982.62,15.63,3.90,3276.70,0.00,15.5008,15.4383,15.3436,15.2774,37080271,1451856,1196186,37053468.0000,1451071.2500,1192924.7500,-32768,-32768,1097
00:07:10,1982.62,15.63,3.90,3276.70,0.00,15.5018,15.4383,15.3452,15.2774,37079270,1451983,1196870,37055808.0000,1451152.2500,1193254.7500,-32768,-32768,1095
00:07:12,1982.62,15.63,3.90,3276.70,0.00,15.5040,15.4493,15.3463,15.2891,37080202,1451991,1195813,37057288.0000,1451206.7500,1193350.6250,-32768,-32768,1094
00:07:15,1977.19,15.65,3.92,3276.70,0.00,15.5040,15.4543,15.3463,15.2944,37083702,1451991,1193808,37060344.0000,1451298.3750,1193622.3750,-32768,-32768,1093
00:07:16,1977.19,15.66,3.92,3276.70,0.00,15.5092,15.4577,15.3463,15.2995,37084398,1451961,1196387,37061844.0000,1451342.2500,1193783.5000,-32768,-32768,1093
00:07:19,1977.19,15.66,3.92,3276.70,0.00,15.5092,15.4626,15.3567,15.3030,37082832,1452009,1197840,37063176.0000,1451383.6250,1193783.5000,-32768,-32768,1091
00:07:20,1982.62,15.67,3.92,3276.70,0.00,15.5186,15.4660,15.3567,15.3064,37083879,1451959,1196698,37064456.0000,1451383.6250,1194158.1250,-32768,-32768,1091
00:07:22,1977.19,15.68,3.94,3276.70,0.00,15.5224,15.4693,15.3665,15.3117,37086602,1452088,1198645,37066316.0000,1451479.6250,1194354.2500,-32768,-32768,1090
00:07:24,1977.19,15.68,3.94,3276.70,0.00,15.5264,15.4727,15.3683,15.3135,37085894,1452162,1195695,37066928.0000,1451500.8750,1194396.2500,-32768,-32768,1089
00:07:25,1977.19,15.70,3.94,3276.70,0.00,15.5301,15.4762,15.3743,15.3187,37090772,1452177,1197859,37068912.0000,1451565.2500,1194396.2500,-32768,-32768,1088
00:07:27,1977.19,15.71,3.94,3276.70,0.00,15.5347,15.4796,15.3743,15.3187,37090459,1452202,1195880,37070244.0000,1451598.2500,1194854.1250,-32768,-32768,1087
00:07:29,1977.19,15.71,3.94,3276.70,0.00,15.5395,15.4832,15.3743,15.3261,37090305,1452243,1196872,37071472.0000,1451640.5000,1194987.0000,-32768,-32768,1086
00:07:30,1977.19,15.72,3.95,3276.70,0.00,15.5442,15.4868,15.3865,15.3279,37089754,1452242,1197335,37072044.0000,1451659.3750,1195060.3750,-32768,-32768,1085
00:07:31,1982.62,15.72,3.95,3276.70,0.00,15.5462,15.4887,15.3889,15.3298,37089754,1452242,1196906,37073220.0000,1451694.3750,1195262.2500,-32768,-32768,1085
00:07:34,1977.19,15.73,3.95,3276.70,0.00,15.5462,15.4887,15.3960,15.3298,37092561,1452161,1198144,37075008.0000,1451741.3750,1195534.2500,-32768,-32768,1083
00:07:35,1977.19,15.74,3.95,3276.70,0.00,15.5610,15.5000,15.4034,15.3414,37095248,1452279,1198144,37075008.0000,1451769.7500,1195713.1250,-32768,-32768,1083
00:07:37,1977.19,15.75,3.95,3276.70,0.00,15.5635,15.5020,15.4058,15.3414,37095248,1452249,1197877,37077440.0000,1451799.8750,1195868.7500,-32768,-32768,1082
00:07:40,1977.19,15.75,3.96,3276.70,0.00,15.5721,15.5020,15.4143,15.3414,37096476,1452249,1197877,37079192.0000,1451861.8750,1195868.7500,-32768,-32768,1080
00:07:43,1977.19,15.77,3.96,3276.70,0.00,15.5721,15.5165,15.4143,15.3603,37096476,1452213,1198766,37079192.0000,1451912.5000,1196545.6250,-32768,-32768,1078
00:07:45,1977.19,15.79,3.97,3276.70,0.00,15.5951,15.5165,15.4371,15.3670,37098710,1452339,1199935,37079192.0000,1451949.3750,1196852.3750,-32768,-32768,1077
00:07:47,1977.19,15.80,3.97,3276.70,0.00,15.6008,15.5297,15.4429,15.3715,37100845,1452212,1200255,37084032.0000,1451957.5000,1196958.7500,-32768,-32768,1076
00:07:49,1977.19,15.80,3.97,3276.70,0.00,15.6073,15.5297,15.4525,15.3715,37102250,1452246,1200886,37086048.0000,1451991.0000,1197332.3750,-32768,-32768,1074
00:07:50,1977.19,15.81,3.97,3276.70,0.00,15.6168,15.5415,15.4585,15.3833,37103128,1452166,1200886,37086580.0000,1451996.5000,1197475.5000,-32768,-32768,1073
00:07:52,1977.19,15.82,3.97,3276.70,0.00,15.6227,15.5464,15.4644,15.3882,37103859,1452415,1201973,37087608.0000,1451996.5000,1197852.5000,-32768,-32768,1072
00:07:55,1977.19,15.83,3.97,3276.70,0.00,15.6227,15.5538,15.4644,15.3956,37103859,1452341,1201135,37089776.0000,1451996.5000,1197852.5000,-32768,-32768,1070
00:07:59,1971.76,15.85,3.97,3276.70,0.00,15.6227,15.5639,15.4644,15.4057,37103859,1452366,1201135,37092496.0000,1452104.3750,1198699.8750,-32768,-32768,1068
00:08:01,1971.76,15.86,3.97,3276.70,0.00,15.6521,15.5716,15.4941,15.4134,37111289,1452462,1202282,37093084.0000,1452125.6250,1198920.5000,-32768,-32768,1067
00:08:02,1971.76,15.87,3.97,3276.70,0.00,15.6582,15.5716,15.5030,15.4134,37109204,1452292,1205079,37094556.0000,1452138.0000,1199226.5000,-32768,-32768,1065
00:08:03,1971.76,15.88,3.99,3276.70,0.00,15.6646,15.5821,15.5066,15.4239,37111503,1452526,1201920,37095636.0000,1452159.7500,1199431.5000,-32768,-32768,1064
00:08:05,1971.76,15.89,3.99,3276.70,0.00,15.6710,15.5875,15.5130,15.4293,37113014,1452405,1203009,37096176.0000,1452167.3750,1199543.2500,-32768,-32768,1064
00:08:06,1977.19,15.89,3.99,3276.70,0.00,15.6743,15.5902,15.5166,15.4320,37114521,1452405,1203009,37097308.0000,1452184.6250,1199834.0000,-32768,-32768,1062
00:08:08,1971.76,15.90,3.99,3276.70,0.00,15.6846,15.5984,15.5272,15.4320,37113017,1452331,1204405,37098328.0000,1452195.0000,1200041.6250,-32768,-32768,1061
00:08:10,1977.19,15.91,3.99,3276.70,0.00,15.6880,15.6012,15.5304,15.4320,37114563,1452322,1204840,37099288.0000,1452195.0000,1200499.2500,-32768,-32768,1059
00:08:13,1971.76,15.93,3.99,3276.70,0.00,15.6880,15.6125,15.5304,15.4573,37118933,1452334,1204696,37101452.0000,1452226.1250,1200825.8750,-32768,-32768,1058
00:08:15,1971.76,15.95,3.99,3276.70,0.00,15.6880,15.6125,15.5551,15.4573,37118472,1452384,1206319,37103060.0000,1452245.3750,1201212.5000,-32768,-32768,1056
00:08:16,1977.19,15.96,3.99,3276.70,0.00,15.7246,15.6302,15.5663,15.4721,37118647,1452350,1205799,37104040.0000,1452254.0000,1201498.8750,-32768,-32768,1054
00:08:18,1971.76,15.96,3.99,3276.70,0.00,15.7282,15.6332,15.5699,15.4752,37119314,1452338,1205492,37104040.0000,1452256.6250,1201623.7500,-32768,-32768,1053
00:08:20,1971.76,15.97,3.99,3276.70,0.00,15.7358,15.6332,15.5820,15.4845,37121996,1452455,1206248,37106048.0000,1452272.7500,1202031.0000,-32768,-32768,1052
00:08:20,1971.76,15.98,3.99,3276.70,0.00,15.7434,15.6456,15.5857,15.4876,37120500,1452355,1205625,37106504.0000,1452275.3750,1202143.2500,-32768,-32768,1051
00:08:21,1971.76,15.98,3.99,3276.70,0.00,15.7468,15.6487,15.5896,15.4908,37120855,1452318,1205534,37106952.0000,1452276.7500,1202249.2500,-32768,-32768,1051
00:08:22,1971.76,15.99,3.99,3276.70,0.00,15.7508,15.6519,15.5932,15.4939,37121850,1452253,1204207,37107416.0000,1452276.0000,1202310.3750,-32768,-32768,1050
00:08:24,1971.76,15.99,4.00,3276.70,0.00,15.7543,15.6551,15.5966,15.4971,37119962,1452416,1204207,37108196.0000,1452281.5000,1202609.8750,-32768,-32768,1049
00:08:25,1971.76,16.00,4.00,3276.70,0.00,15.7657,15.6647,15.6077,15.5068,37125455,1452340,1208007,37109176.0000,1452287.2500,1202924.8750,-32768,-32768,1047
00:08:28,1971.76,16.02,4.00,3276.70,0.00,15.7657,15.6712,15.6077,15.5166,37123802,1452251,1207793,37110492.0000,1452287.2500,1203366.7500,-32768,-32768,1045
00:08:30,1971.76,16.03,3.99,3276.70,0.00,15.7837,15.6811,15.6266,15.5232,37125784,1452318,1207768,37111396.0000,1452285.6250,1203623.7500,-32768,-32768,1044
00:08:32,1971.76,16.04,4.00,3276.70,0.00,15.7911,15.6877,15.6334,15.5299,37123951,1452305,1204731,37112280.0000,1452285.6250,1203827.1250,-32768,-32768,1042
00:08:34,1971.76,16.05,4.00,3276.70,0.00,15.8028,15.6978,15.6445,15.5399,37125872,1452185,1208523,37113592.0000,1452283.7500,1204118.2500,-32768,-32768,1042
00:08:35,1971.76,16.05,4.00,3276.70,0.00,15.8102,15.7045,15.6526,15.5501,37128681,1452257,1209044,37114896.0000,1452281.5000,1204550.1250,-32768,-32768,1039
00:08:37,1971.76,16.07,4.00,3276.70,0.00,15.8180,15.7114,15.6604,15.5536,37129605,1452257,1209044,37115756.0000,1452272.5000,1204803.3750,-32768,-32768,1038
00:08:39,1971.76,16.07,4.00,3276.70,0.00,15.8256,15.7182,15.6682,15.5604,37128455,1452121,1210341,37116152.0000,1452267.7500,1204976.3750,-32768,-32768,1037
00:08:40,1966.33,16.09,4.00,3276.70,0.00,15.8338,15.7252,15.6758,15.5674,37130882,1452196,1209278,37117020.0000,1452266.2500,1204976.3750,-32768,-32768,1036
00:08:43,1971.76,16.10,4.00,3276.70,0.00,15.8338,15.7322,15.6758,15.5779,37130882,1452196,1208676,37118712.0000,1452254.6250,1205791.2500,-32768,-32768,1033
00:08:44,1971.76,16.12,4.00,3276.70,0.00,15.8540,15.7429,15.6961,15.5850,37132802,1452168,1210570,37119152.0000,1452251.8750,1205940.5000,-32768,-32768,1033
00:08:46,1971.76,16.12,4.01,3276.70,0.00,15.8619,15.7501,15.7044,15.5922,37135452,1452171,1211355,37120136.0000,1452245.7500,1206271.5000,-32768,-32768,1030
00:08:47,1971.76,16.14,4.01,3276.70,0.00,15.8701,15.7573,15.7044,15.5922,37136849,1452132,1209765,37121536.0000,1452234.5000,1206747.6250,-32768,-32768,1029
00:08:50,1971.76,16.14,4.01,3276.70,0.00,15.8783,15.7573,15.7243,15.6104,37137945,1452170,1211770,37121536.0000,1452234.5000,1206747.6250,-32768,-32768,1026
00:08:51,1971.76,16.16,4.01,3276.70,0.00,15.8906,15.7756,15.7328,15.6178,37139361,1452258,1211238,37123488.0000,1452231.7500,1207395.8750,-32768,-32768,1026
00:08:54,1977.19,16.17,4.01,3276.70,0.00,15.8953,15.7756,15.7410,15.6178,37141434,1452323,1211906,37125136.0000,1452231.7500,1207395.8750,-32768,-32768,1023
00:08:56,1988.05,16.18,4.01,3276.70,0.00,15.8953,15.7983,15.7410,15.6403,37141762,1451927,1213729,37127168.0000,1452224.5000,1208526.2500,-32768,-32768,1020
00:08:57,1993.48,16.20,4.01,3276.70,0.00,15.9244,15.8062,15.7720,15.6482,37144114,1451937,1213610,37127700.0000,1452215.5000,1208685.1250,-32768,-32768,1020
00:08:59,1998.91,16.21,4.02,3276.70,0.00,15.9360,15.8102,15.7777,15.6522,37144128,1451913,1213610,37128784.0000,1452201.8750,1209043.6250,-32768,-32768,1018
00:09:00,2004.34,16.21,4.01,3276.70,0.00,15.9486,15.8102,15.7960,15.6647,37149741,1452097,1214741,37130016.0000,1452196.2500,1209380.3750,-32768,-32768,1016
00:09:02,2009.78,16.24,4.01,3276.70,0.00,15.9614,15.8270,15.8021,15.6690,37151972,1452137,1215117,37130704.0000,1452194.3750,1209559.6250,-32768,-32768,1014
00:09:03,2009.78,16.24,4.02,3276.70,0.00,15.9679,15.8314,15.8141,15.6777,37155920,1452103,1214463,37132192.0000,1452189.0000,1209928.1250,-32768,-32768,1014
00:09:06,2015.21,16.24,4.02,3276.70,0.00,15.9851,15.8314,15.8306,15.6777,37162293,1452384,1216160,37135464.0000,1452203.7500,1210659.2500,-32768,-32768,1010
00:09:07,2015.21,16.27,4.02,3276.70,0.00,16.0016,15.8585,15.8414,15.7001,37161303,1452238,1217074,37136272.0000,1452204.7500,1210859.6250,-32768,-32768,1009
00:09:08,2015.21,16.28,4.02,3276.70,0.00,16.0069,15.8631,15.8469,15.7047,37160893,1452213,1217198,37137040.0000,1452205.0000,1211057.7500,-32768,-32768,1008
00:09:10,2015.21,16.28,4.02,3276.70,0.00,16.0168,15.8724,15.8572,15.7047,37163011,1452262,1217013,37138604.0000,1452209.2500,1211418.6250,-32768,-32768,1006
00:09:11,2009.78,16.29,4.02,3276.70,0.00,16.0215,15.8770,15.8622,15.7185,37163864,1452299,1220073,37140192.0000,1452213.3750,1211418.6250,-32768,-32768,1005
00:09:12,2004.34,16.30,4.02,3276.70,0.00,16.0302,15.8863,15.8708,15.7277,37164959,1452317,1218337,37140964.0000,1452216.6250,1212032.5000,-32768,-32768,1003
00:09:15,2004.34,16.31,4.02,3276.70,0.00,16.0302,15.9000,15.8708,15.7459,37167101,1452456,1219933,37144128.0000,1452243.1250,1212793.0000,-32768,-32768,1001
00:09:16,2004.34,16.32,4.02,3276.70,0.00,16.0492,15.9090,15.8902,15.7504,37166323,1452444,1219039,37144824.0000,1452249.3750,1212988.1250,-32768,-32768,998
00:09:18,2004.34,16.33,4.04,3276.70,0.00,16.0531,15.9135,15.8938,15.7548,37167296,1452389,1219407,37144824.0000,1452249.3750,1213396.3750,-32768,-32768,997
00:09:19,2004.34,16.35,4.04,3276.70,0.00,16.0646,15.9268,15.9058,15.7681,37169966,1452362,1220362,37147616.0000,1452249.3750,1213753.0000,-32768,-32768,995
00:09:22,2004.34,16.36,4.02,3276.70,0.00,16.0727,15.9357,15.9058,15.7812,37169966,1452282,1219810,37149624.0000,1452264.7500,1214323.0000,-32768,-32768,992
00:09:24,2004.34,16.38,4.02,3276.70,0.00,16.0727,15.9531,15.9058,15.7987,37174425,1452416,1220693,37152376.0000,1452271.7500,1215050.3750,-32768,-32768,990
00:09:26,2004.34,16.38,4.04,3276.70,0.00,16.0964,15.9618,15.9373,15.8030,37175931,1452386,1221085,37153792.0000,1452275.3750,1215494.8750,-32768,-32768,988
00:09:27,2004.34,16.40,4.04,3276.70,0.00,16.1002,15.9661,15.9408,15.8116,37174309,1452355,1220113,37154432.0000,1452277.8750,1215639.1250,-32768,-32768,987
00:09:29,2004.34,16.41,4.02,3276.70,0.00,16.1089,15.9747,15.9495,15.8159,37175977,1452343,1220113,37155768.0000,1452282.1250,1216006.5000,-32768,-32768,985
00:09:30,2004.34,16.41,4.04,3276.70,0.00,16.1171,15.9833,15.9495,15.8287,37177812,1452292,1225647,37157104.0000,1452284.8750,1216495.5000,-32768,-32768,983
00:09:33,2004.34,16.41,4.04,3276.70,0.00,16.1171,15.9962,15.9495,15.8373,37179255,1452310,1222415,37159120.0000,1452290.1250,1217024.2500,-32768,-32768,983
00:09:35,2004.34,16.45,4.04,3276.70,0.00,16.1433,15.9962,15.9834,15.8373,37181439,1452217,1218279,37161184.0000,1452286.2500,1217301.0000,-32768,-32768,979
00:09:38,2004.34,16.47,4.04,3276.70,0.00,16.1565,15.9962,15.9966,15.8373,37185576,1452482,1224105,37163344.0000,1452296.7500,1217884.2500,-32768,-32768,977
00:09:39,2004.34,16.49,4.04,3276.70,0.00,16.1656,15.9962,16.0099,15.8759,37187472,1452507,1217969,37164768.0000,1452307.6250,1217856.7500,-32768,-32768,977
00:09:41,2004.34,16.50,4.04,3276.70,0.00,16.1791,16.0437,16.0099,15.8845,37190374,1452544,1224499,37167048.0000,1452327.8750,1218417.2500,-32768,-32768,974
00:09:42,2004.34,16.51,4.04,3276.70,0.00,16.1838,16.0481,16.0275,15.8931,37191049,1452549,1224499,37167800.0000,1452334.8750,1218592.8750,-32768,-32768,973
00:09:44,2004.34,16.51,4.04,3276.70,0.00,16.1973,16.0612,16.0369,15.9018,37193739,1452492,1225623,37169368.0000,1452343.0000,1219037.8750,-32768,-32768,972
00:09:47,2004.34,16.53,4.04,3276.70,0.00,16.1973,16.0700,16.0369,15.9148,37193704,1452492,1223712,37171624.0000,1452361.2500,1219807.5000,-32768,-32768,968
00:09:49,2004.34,16.55,4.04,3276.70,0.00,16.1973,16.0876,16.0369,15.9280,37193704,1452506,1226783,37174656.0000,1452384.8750,1220402.3750,-32768,-32768,966
00:09:51,2004.34,16.57,4.04,3276.70,0.00,16.2351,16.0965,16.0743,15.9368,37197668,1452336,1226783,37176188.0000,1452385.3750,1221127.1250,-32768,-32768,966
00:09:52,2004.34,16.58,4.04,3276.70,0.00,16.2444,16.1054,16.0837,15.9457,37201971,1452631,1227375,37176996.0000,1452393.0000,1221322.3750,-32768,-32768,962
00:09:53,2004.34,16.59,4.05,3276.70,0.00,16.2493,16.1099,16.0884,15.9501,37202939,1452617,1228076,37177808.0000,1452400.0000,1221533.3750,-32768,-32768,960
00:09:55,2004.34,16.60,4.04,3276.70,0.00,16.2584,16.1189,16.0976,15.9590,37204286,1452455,1235844,37179424.0000,1452406.0000,1222191.1250,-32768,-32768,958
00:09:57,2004.34,16.61,4.04,3276.70,0.00,16.2584,16.1279,16.1071,15.9724,37206435,1452557,1228228,37181776.0000,1452417.0000,1222191.1250,-32768,-32768,954
00:09:58,2004.34,16.63,4.04,3276.70,0.00,16.2775,16.1369,16.1170,15.9769,37208605,1452758,1227706,37182616.0000,1452427.7500,1223146.7500,-32768,-32768,954
00:10:00,2004.34,16.64,4.05,3276.70,0.00,16.2871,16.1459,16.1262,15.9859,37209338,1452730,1222492,37184304.0000,1452446.5000,1223116.7500,-32768,-32768,953
00:10:01,2004.34,16.64,4.04,3276.70,0.00,16.2968,16.1459,16.1361,15.9950,37212030,1452725,1229864,37184304.0000,1452473.7500,1223722.3750,-32768,-32768,951
00:10:03,2004.34,16.64,4.05,3276.70,0.00,16.3064,16.1642,16.1502,16.0086,37214833,1452883,1226493,37188552.0000,1452498.1250,1223972.1250,-32768,-32768,950
00:10:05,2004.34,16.67,4.04,3276.70,0.00,16.3216,16.1780,16.1502,16.0177,37215870,1452882,1230218,37191064.0000,1452528.8750,1224531.0000,-32768,-32768,947
00:10:08,2004.34,16.67,4.04,3276.70,0.00,16.3363,16.1780,16.1752,16.0177,37219761,1452909,1230218,37194352.0000,1452557.8750,1225605.6250,-32768,-32768,942
00:10:11,2004.34,16.71,4.04,3276.70,0.00,16.3363,16.2105,16.1946,16.0501,37220184,1452676,1230218,37194352.0000,1452571.1250,1226600.1250,-32768,-32768,938
00:10:12,2004.34,16.73,4.04,3276.70,0.00,16.3659,16.2199,16.2044,16.0594,37224206,1452848,1232819,37197600.0000,1452579.7500,1226794.5000,-32768,-32768,938
00:10:14,2004.34,16.74,4.04,3276.70,0.00,16.3757,16.2293,16.2044,16.0688,37224994,1452853,1233585,37200196.0000,1452604.5000,1227278.0000,-32768,-32768,935
00:10:16,2004.34,16.74,4.04,3276.70,0.00,16.3855,16.2293,16.2291,16.0688,37226487,1452856,1233548,37201860.0000,1452623.2500,1227521.0000,-32768,-32768,934
00:10:18,2004.34,16.76,4.04,3276.70,0.00,16.3956,16.2481,16.2291,16.0923,37228225,1452939,1234402,37203452.0000,1452637.2500,1227933.2500,-32768,-32768,933
00:10:19,2004.34,16.76,4.04,3276.70,0.00,16.4109,16.2624,16.2495,16.1018,37230064,1452907,1234402,37205080.0000,1452657.8750,1227909.0000,-32768,-32768,932
00:10:22,2004.34,16.78,4.04,3276.70,0.00,16.4210,16.2624,16.2650,16.1018,37234768,1453017,1234402,37208408.0000,1452687.7500,1228700.3750,-32768,-32768,929
00:10:25,2004.34,16.78,4.04,3276.70,0.00,16.4411,16.2912,16.2800,16.1305,37235200,1452950,1235489,37210016.0000,1452687.7500,1229274.0000,-32768,-32768,926
00:10:27,2004.34,16.82,4.04,3276.70,0.00,16.4564,16.3057,16.2950,16.1449,37236407,1452763,1235489,37210016.0000,1452687.7500,1230283.2500,-32768,-32768,923
00:10:29,2004.34,16.82,4.04,3276.70,0.00,16.4719,16.3203,16.3101,16.1594,37238628,1452795,1236779,37214640.0000,1452711.8750,1230682.3750,-32768,-32768,921
00:10:30,2004.34,16.85,4.05,3276.70,0.00,16.4769,16.3252,16.3153,16.1643,37238800,1452829,1237442,37215396.0000,1452715.5000,1230893.6250,-32768,-32768,920
00:10:31,2004.34,16.85,4.04,3276.70,0.00,16.4823,16.3301,16.3204,16.1691,37239484,1452751,1237442,37216900.0000,1452715.0000,1231739.5000,-32768,-32768,917
00:10:32,2004.34,16.87,4.04,3276.70,0.00,16.4923,16.3398,16.3305,16.1691,37241520,1452952,1239029,37218440.0000,1452724.6250,1232187.5000,-32768,-32768,915
00:10:34,2004.34,16.87,4.04,3276.70,0.00,16.5023,16.3497,16.3407,16.1691,37243313,1453068,1239029,37220044.0000,1452746.5000,1232675.0000,-32768,-32768,913
00:10:38,2004.34,16.87,4.05,3276.70,0.00,16.5023,16.3497,16.3562,16.1691,37247047,1453068,1239029,37222396.0000,1452766.3750,1232675.0000,-32768,-32768,909
00:10:40,2004.34,16.87,4.05,3276.70,0.00,16.5330,16.3497,16.3762,16.1691,37250570,1452848,1240466,37225564.0000,1452790.5000,1233929.5000,-32768,-32768,908
00:10:43,2004.34,16.93,4.05,3276.70,0.00,16.5483,16.3497,16.3918,16.1691,37252560,1452981,1233681,37227924.0000,1452802.3750,1234331.8750,-32768,-32768,906
00:10:45,2004.34,16.93,4.04,3276.70,0.00,16.5693,16.3497,16.3918,16.2576,37253742,1452868,1241739,37227924.0000,1452802.3750,1234719.5000,-32768,-32768,904
00:10:48,2004.34,16.97,4.04,3276.70,0.00,16.5848,16.4290,16.3918,16.2675,37253742,1452704,1240597,37232464.0000,1452811.6250,1235304.1250,-32768,-32768,904
00:10:49,2004.34,17.00,4.04,3276.70,0.00,16.6001,16.4440,16.3918,16.2825,37259112,1452918,1242396,37234048.0000,1452818.0000,1235963.1250,-32768,-32768,899
00:10:51,2004.34,17.00,4.04,3276.70,0.00,16.6054,16.4491,16.4433,16.2875,37260292,1452815,1242396,37234048.0000,1452818.0000,1235963.1250,-32768,-32768,895
00:10:52,2004.34,17.02,4.04,3276.70,0.00,16.6213,16.4642,16.4590,16.3026,37261305,1452953,1242396,37237192.0000,1452822.3750,1237089.8750,-32768,-32768,894
00:10:55,2004.34,17.03,4.04,3276.70,0.00,16.6213,16.4794,16.4590,16.3177,37264761,1453038,1248729,37239592.0000,1452843.0000,1237875.1250,-32768,-32768,891
00:10:57,2004.34,17.05,4.05,3276.70,0.00,16.6213,16.4895,16.4590,16.3329,37264761,1453038,1245326,37242908.0000,1452864.1250,1238866.1250,-32768,-32768,888
00:10:59,2004.34,17.07,4.05,3276.70,0.00,16.6634,16.5048,16.5010,16.3430,37269298,1453148,1238697,37242908.0000,1452880.3750,1238791.2500,-32768,-32768,888
00:11:01,2004.34,17.08,4.04,3276.70,0.00,16.6736,16.5048,16.5168,16.3582,37269298,1453148,1246810,37246120.0000,1452886.5000,1239262.8750,-32768,-32768,885
00:11:02,2004.34,17.09,4.05,3276.70,0.00,16.6844,16.5252,16.5222,16.3634,37272111,1452968,1246810,37247740.0000,1452889.2500,1239646.5000,-32768,-32768,884
00:11:04,2004.34,17.11,4.05,3276.70,0.00,16.7007,16.5406,16.5378,16.3787,37275158,1453037,1246537,37249372.0000,1452895.3750,1239985.1250,-32768,-32768,882
00:11:06,2004.34,17.12,4.05,3276.70,0.00,16.7108,16.5509,16.5486,16.3889,37276132,1453037,1253578,37251856.0000,1452902.5000,1240845.2500,-32768,-32768,879
00:11:08,2004.34,17.13,4.05,3276.70,0.00,16.7216,16.5612,16.5486,16.3992,37276132,1453007,1247875,37253452.0000,1452905.2500,1241493.5000,-32768,-32768,876
00:11:10,2004.34,17.15,4.05,3276.70,0.00,16.7375,16.5767,16.5752,16.4147,37281382,1452943,1248525,37255124.0000,1452909.5000,1241913.1250,-32768,-32768,874
00:11:12,2004.34,17.16,4.05,3276.70,0.00,16.7483,16.5870,16.5859,16.4250,37281954,1453019,1248525,37257560.0000,1452916.2500,1242969.1250,-32768,-32768,871
00:11:14,2004.34,17.17,4.05,3276.70,0.00,16.7483,16.6026,16.5859,16.4250,37284311,1453059,1249377,37259204.0000,1452922.3750,1242969.1250,-32768,-32768,869
00:11:16,2004.34,17.19,4.05,3276.70,0.00,16.7752,16.6130,16.6123,16.4250,37287186,1453018,1250951,37261704.0000,1452939.5000,1243924.0000,-32768,-32768,867
00:11:18,2004.34,17.19,4.05,3276.70,0.00,16.7855,16.6130,16.6284,16.4250,37290378,1453218,1242994,37264232.0000,1452953.0000,1244318.0000,-32768,-32768,867
00:11:20,2004.34,17.22,4.05,3276.70,0.00,16.8019,16.6391,16.6390,16.4768,37290205,1453261,1240460,37265044.0000,1452953.0000,1244318.0000,-32768,-32768,865
00:11:22,2004.34,17.23,4.05,3276.70,0.00,16.8126,16.6391,16.6390,16.4925,37293710,1453068,1252193,37267656.0000,1452977.0000,1244875.5000,-32768,-32768,863
00:11:24,2004.34,17.25,4.04,3276.70,0.00,16.8288,16.6391,16.6663,16.4925,37295489,1453029,1253178,37270120.0000,1452984.8750,1245469.6250,-32768,-32768,860
00:11:25,2004.34,17.27,4.04,3276.70,0.00,16.8448,16.6811,16.6820,16.5187,37297299,1452966,1252872,37271792.0000,1452985.3750,1245928.8750,-32768,-32768,858
00:11:27,1998.91,17.28,4.06,3276.70,0.00,16.8504,16.6864,16.6873,16.5187,37299049,1452858,1259222,37272648.0000,1452975.2500,1246815.0000,-32768,-32768,855
00:11:29,2004.34,17.29,4.06,3276.70,0.00,16.8611,16.6969,16.6985,16.5187,37300623,1453113,1253791,37275180.0000,1452979.5000,1247243.8750,-32768,-32768,853
00:11:31,2004.34,17.30,4.06,3276.70,0.00,16.8720,16.7075,16.7092,16.5450,37300332,1453133,1254668,37276792.0000,1452990.6250,1247731.8750,-32768,-32768,853
00:11:33,2004.34,17.30,4.04,3276.70,0.00,16.8720,16.7234,16.7092,16.5661,37306232,1453138,1255165,37279328.0000,1453004.3750,1248421.6250,-32768,-32768,848
00:11:35,2004.34,17.33,4.06,3276.70,0.00,16.9048,16.7393,16.7419,16.5661,37307675,1453284,1250767,37281052.0000,1453019.5000,1248682.7500,-32768,-32768,848
00:11:38,2004.34,17.35,4.04,3276.70,0.00,16.9048,16.7499,16.7419,16.5927,37310490,1453284,1257089,37284412.0000,1453042.5000,1249440.6250,-32768,-32768,845
00:11:40,2004.34,17.37,4.04,3276.70,0.00,16.9320,16.7659,16.7419,16.6086,37310490,1453234,1257089,37284412.0000,1453054.1250,1250163.1250,-32768,-32768,842
00:11:42,2004.34,17.38,4.04,3276.70,0.00,16.9487,16.7820,16.7855,16.6193,37314880,1453204,1257089,37288712.0000,1453061.0000,1250636.1250,-32768,-32768,840
00:11:44,2004.34,17.40,4.06,3276.70,0.00,16.9487,16.7980,16.7855,16.6407,37317894,1453138,1257089,37288712.0000,1453068.7500,1251329.6250,-32768,-32768,837
00:11:47,2004.34,17.41,4.06,3276.70,0.00,16.9487,16.8195,16.7855,16.6568,37321527,1453173,1259202,37294004.0000,1453079.6250,1252036.0000,-32768,-32768,835
00:11:48,2004.34,17.44,4.06,3276.70,0.00,16.9925,16.8249,16.8293,16.6622,37323114,1453127,1259303,37294912.0000,1453079.6250,1252036.0000,-32768,-32768,833
00:11:50,2004.34,17.45,4.06,3276.70,0.00,17.0095,16.8411,16.8461,16.6784,37325000,1453238,1260171,37297544.0000,1453079.6250,1252944.7500,-32768,-32768,831
00:11:51,2004.34,17.46,4.06,3276.70,0.00,17.0149,16.8465,16.8516,16.6837,37325726,1453255,1260470,37298424.0000,1453094.8750,1252944.7500,-32768,-32768,829
00:11:52,1998.91,17.47,4.06,3276.70,0.00,17.0259,16.8574,16.8630,16.6946,37328146,1453248,1261206,37300320.0000,1453103.0000,1253668.0000,-32768,-32768,828
00:11:53,2004.34,17.48,4.06,3276.70,0.00,17.0314,16.8628,16.8683,16.7000,37328364,1453287,1261936,37301196.0000,1453108.7500,1253926.3750,-32768,-32768,826
00:11:55,2004.34,17.48,4.06,3276.70,0.00,17.0371,16.8628,16.8683,16.7109,37330221,1453318,1261482,37302916.0000,1453120.3750,1253926.3750,-32768,-32768,825
00:11:57,2004.34,17.50,4.05,3276.70,0.00,17.0535,16.8845,16.8906,16.7217,37332189,1453249,1262384,37304760.0000,1453128.2500,1254872.5000,-32768,-32768,825
00:11:58,1998.91,17.51,4.05,3276.70,0.00,17.0650,16.8954,16.9017,16.7326,37331994,1453309,1262620,37306428.0000,1453139.5000,1255353.3750,-32768,-32768,822
00:12:00,2004.34,17.52,4.06,3276.70,0.00,17.0650,16.9063,16.9017,16.7489,37335376,1453236,1264190,37309032.0000,1453146.1250,1256096.3750,-32768,-32768,819
00:12:03,2004.34,17.52,4.06,3276.70,0.00,17.0650,16.9063,16.9298,16.7489,37339255,1453258,1264740,37311616.0000,1453158.2500,1256875.5000,-32768,-32768,815
00:12:04,2004.34,17.52,4.06,3276.70,0.00,17.1098,16.9391,16.9464,16.7762,37340363,1453111,1264434,37313404.0000,1453159.1250,1257357.6250,-32768,-32768,814
00:12:07,1998.91,17.57,4.05,3276.70,0.00,17.1098,16.9502,16.9464,16.7927,37341136,1453205,1266165,37315928.0000,1453158.8750,1258086.8750,-32768,-32768,811
00:12:09,2004.34,17.59,4.05,3276.70,0.00,17.1377,16.9667,16.9741,16.8036,37345336,1453359,1265907,37317648.0000,1453168.8750,1258584.6250,-32768,-32768,809
00:12:11,2004.34,17.60,4.05,3276.70,0.00,17.1377,16.9832,16.9741,16.8201,37345336,1453226,1267239,37321012.0000,1453174.0000,1259560.6250,-32768,-32768,806
00:12:13,2004.34,17.63,4.05,3276.70,0.00,17.1658,16.9942,17.0021,16.8311,37349358,1453226,1267239,37322744.0000,1453181.2500,1259981.6250,-32768,-32768,805
00:12:15,2004.34,17.63,4.05,3276.70,0.00,17.1658,16.9942,17.0197,16.8311,37350334,1453171,1267972,37325208.0000,1453182.3750,1259981.6250,-32768,-32768,802
00:12:18,1998.91,17.66,4.06,3276.70,0.00,17.1943,16.9942,17.0366,16.8311,37354332,1453171,1268381,37327784.0000,1453190.1250,1261409.2500,-32768,-32768,799
00:12:19,2004.34,17.68,4.06,3276.70,0.00,17.2108,17.0386,17.0476,16.8754,37356169,1453206,1269478,37328672.0000,1453190.6250,1261661.3750,-32768,-32768,798
00:12:20,2004.34,17.68,4.06,3276.70,0.00,17.2165,17.0441,17.0531,16.8809,37355568,1453215,1270398,37329512.0000,1453191.3750,1261934.3750,-32768,-32768,796
00:12:21,2004.34,17.69,4.06,3276.70,0.00,17.2277,17.0552,17.0640,16.8920,37356757,1453270,1270141,37331136.0000,1453195.2500,1262430.1250,-32768,-32768,795
00:12:23,2004.34,17.70,4.05,3276.70,0.00,17.2334,17.0607,17.0698,16.8975,37358282,1453330,1270173,37331984.0000,1453195.2500,1262906.7500,-32768,-32768,793
00:12:23,2004.34,17.71,4.05,3276.70,0.00,17.2446,17.0718,17.0811,16.9086,37363766,1453167,1270152,37333852.0000,1453200.5000,1263133.1250,-32768,-32768,793
00:12:25,2004.34,17.72,4.05,3276.70,0.00,17.2502,17.0774,17.0870,16.9142,37361390,1453076,1270929,37334712.0000,1453196.6250,1263376.7500,-32768,-32768,791
00:12:27,2004.34,17.73,4.05,3276.70,0.00,17.2502,17.0941,17.0870,16.9364,37366214,1453348,1272249,37338200.0000,1453207.1250,1264398.0000,-32768,-32768,788
00:12:30,1998.91,17.73,4.06,3276.70,0.00,17.2790,17.0941,17.1209,16.9364,37367530,1453288,1273185,37340824.0000,1453215.2500,1265145.7500,-32768,-32768,785
00:12:31,2004.34,17.76,4.05,3276.70,0.00,17.2957,17.1220,17.1323,16.9587,37368163,1453303,1273670,37341680.0000,1453218.0000,1265412.1250,-32768,-32768,785
00:12:34,1998.91,17.78,4.05,3276.70,0.00,17.2957,17.1388,17.1492,16.9755,37369450,1453287,1271858,37344188.0000,1453226.5000,1266063.1250,-32768,-32768,781
00:12:35,2004.34,17.79,4.05,3276.70,0.00,17.3242,17.1500,17.1602,16.9867,37372820,1453271,1271858,37346792.0000,1453230.7500,1266804.8750,-32768,-32768,779
00:12:37,2004.34,17.80,4.05,3276.70,0.00,17.3242,17.1668,17.1771,17.0034,37375191,1453293,1281477,37348496.0000,1453235.6250,1267504.0000,-32768,-32768,775
00:12:40,2004.34,17.82,4.05,3276.70,0.00,17.3242,17.1836,17.1771,17.0202,37377624,1453283,1276278,37348496.0000,1453235.6250,1268641.5000,-32768,-32768,773
00:12:43,2004.34,17.84,4.05,3276.70,0.00,17.3242,17.2005,17.1771,17.0426,37377624,1453318,1276335,37354604.0000,1453247.5000,1269236.6250,-32768,-32768,773
00:12:46,2004.34,17.86,4.05,3276.70,0.00,17.3984,17.2230,17.1771,17.0595,37377624,1453261,1277233,37357952.0000,1453254.7500,1269964.6250,-32768,-32768,773
00:12:50,2004.34,17.88,4.05,3276.70,0.00,17.3984,17.2455,17.1771,17.0820,37377624,1452962,1286454,37361300.0000,1453242.2500,1271192.8750,-32768,-32768,762
00:12:51,2004.34,17.91,4.05,3276.70,0.00,17.4383,17.2625,17.2743,17.0988,37390294,1453465,1279127,37361300.0000,1453249.2500,1271875.0000,-32768,-32768,760
00:12:53,2004.34,17.92,4.05,3276.70,0.00,17.4441,17.2682,17.2801,17.0988,37392195,1453225,1279840,37361300.0000,1453249.2500,1272465.6250,-32768,-32768,759
00:12:55,2004.34,17.94,4.06,3276.70,0.00,17.4441,17.2908,17.3027,17.1271,37396536,1453322,1280529,37367532.0000,1453264.1250,1272465.6250,-32768,-32768,756
00:12:57,2004.34,17.95,4.06,3276.70,0.00,17.4786,17.3021,17.3141,17.1384,37396852,1453341,1281230,37369364.0000,1453270.5000,1273371.0000,-32768,-32768,755
00:12:58,2004.34,17.97,4.05,3276.70,0.00,17.4899,17.3135,17.3254,17.1497,37397132,1453345,1281454,37371936.0000,1453280.7500,1273679.5000,-32768,-32768,754
00:13:00,2004.34,17.98,4.05,3276.70,0.00,17.5014,17.3248,17.3370,17.1611,37399784,1453396,1281521,37372804.0000,1453284.3750,1273924.6250,-32768,-32768,754
00:13:01,1998.91,17.99,4.05,3276.70,0.00,17.5071,17.3305,17.3428,17.1667,37400723,1453357,1282397,37372804.0000,1453281.2500,1274443.8750,-32768,-32768,751
00:13:03,2004.34,18.00,4.05,3276.70,0.00,17.5184,17.3305,17.3599,17.1667,37405834,1453349,1282983,37377244.0000,1453278.6250,1275162.8750,-32768,-32768,749
00:13:06,2004.34,18.02,4.05,3276.70,0.00,17.5184,17.3305,17.3772,17.1667,37407627,1453185,1292259,37379916.0000,1453278.6250,1276511.5000,-32768,-32768,743
00:13:08,2004.34,18.04,4.05,3276.70,0.00,17.5588,17.3817,17.3946,17.2177,37409204,1453485,1284748,37381720.0000,1453284.2500,1277035.3750,-32768,-32768,742
00:13:10,2004.34,18.05,4.05,3276.70,0.00,17.5588,17.3988,17.4114,17.2348,37411891,1453342,1284748,37381720.0000,1453293.2500,1278298.2500,-32768,-32768,738
00:13:12,2004.34,18.07,4.05,3276.70,0.00,17.5820,17.4045,17.4114,17.2348,37413465,1453406,1285928,37386104.0000,1453293.2500,1278778.8750,-32768,-32768,737
00:13:14,2004.34,18.09,4.05,3276.70,0.00,17.5820,17.4273,17.4114,17.2690,37416634,1453320,1286456,37389664.0000,1453319.2500,1279148.6250,-32768,-32768,735
00:13:18,2004.34,18.10,4.05,3276.70,0.00,17.5820,17.4445,17.4114,17.2804,37416634,1453625,1279636,37392464.0000,1453336.3750,1279656.6250,-32768,-32768,733
00:13:20,2004.34,18.10,4.05,3276.70,0.00,17.6399,17.4617,17.4754,17.2975,37422704,1453349,1288355,37394308.0000,1453340.0000,1280262.7500,-32768,-32768,733
00:13:22,2004.34,18.14,4.05,3276.70,0.00,17.6399,17.4789,17.4925,17.3146,37426153,1453300,1288355,37397996.0000,1453336.3750,1280980.5000,-32768,-32768,729
00:13:25,2004.34,18.16,4.05,3276.70,0.00,17.6399,17.4962,17.5100,17.3318,37429383,1453389,1288355,37400752.0000,1453336.3750,1282279.1250,-32768,-32768,724
00:13:27,2004.34,18.18,4.05,3276.70,0.00,17.6923,17.5134,17.5272,17.3490,37431559,1453421,1297185,37402588.0000,1453336.3750,1282279.1250,-32768,-32768,722
00:13:29,1998.91,18.20,4.05,3276.70,0.00,17.6923,17.5307,17.5442,17.3662,37435463,1453555,1291713,37405448.0000,1453361.5000,1283490.2500,-32768,-32768,719
00:13:31,2004.34,18.22,4.05,3276.70,0.00,17.6923,17.5480,17.5615,17.3834,37437095,1453460,1291713,37409216.0000,1453372.8750,1284891.7500,-32768,-32768,715
00:13:33,1998.91,18.24,4.05,3276.70,0.00,17.7392,17.5595,17.5727,17.3948,37439747,1453517,1292666,37410168.0000,1453377.3750,1285134.7500,-32768,-32768,714
00:13:34,2004.34,18.26,4.05,3276.70,0.00,17.7512,17.5711,17.5845,17.4063,37443949,1453730,1289615,37412176.0000,1453401.8750,1285380.0000,-32768,-32768,714
00:13:36,2004.34,18.27,4.04,3276.70,0.00,17.7571,17.5769,17.5845,17.4178,37443768,1453542,1293554,37414116.0000,1453410.8750,1285380.0000,-32768,-32768,711
00:13:39,2004.34,18.28,4.04,3276.70,0.00,17.7746,17.5942,17.5845,17.4351,37443768,1453593,1287038,37416852.0000,1453423.2500,1286090.0000,-32768,-32768,710
00:13:40,2004.34,18.30,4.05,3276.70,0.00,17.7927,17.6116,17.6260,17.4466,37449669,1453581,1296101,37419792.0000,1453436.1250,1286978.7500,-32768,-32768,708
00:13:41,2004.34,18.31,4.05,3276.70,0.00,17.7982,17.6232,17.6378,17.4466,37449151,1453507,1292004,37420708.0000,1453438.3750,1287135.8750,-32768,-32768,708
00:13:43,2004.34,18.33,4.05,3276.70,0.00,17.8160,17.6349,17.6496,17.4698,37453470,1453552,1292004,37423612.0000,1453446.7500,1287889.7500,-32768,-32768,705
00:13:45,2004.34,18.33,4.04,3276.70,0.00,17.8279,17.6465,17.6612,17.4813,37453923,1453567,1296567,37424560.0000,1453450.5000,1287889.7500,-32768,-32768,703
00:13:47,1998.91,18.36,4.05,3276.70,0.00,17.8393,17.6465,17.6793,17.4813,37457528,1453594,1297718,37428344.0000,1453457.0000,1289633.0000,-32768,-32768,700
00:13:51,2004.34,18.38,4.05,3276.70,0.00,17.8393,17.6815,17.6793,17.5220,37457528,1453514,1305839,37431216.0000,1453465.1250,1290919.3750,-32768,-32768,700
00:13:52,1998.91,18.41,4.05,3276.70,0.00,17.8811,17.6991,17.6793,17.5395,37464583,1453605,1299241,37434120.0000,1453475.2500,1291645.1250,-32768,-32768,693
00:13:55,2004.34,18.42,4.05,3276.70,0.00,17.8811,17.7166,17.7319,17.5511,37466123,1453792,1302411,37436068.0000,1453493.1250,1291645.1250,-32768,-32768,690
00:13:56,2004.34,18.44,4.04,3276.70,0.00,17.9107,17.7284,17.7439,17.5628,37469462,1453752,1300392,37438084.0000,1453511.0000,1292823.8750,-32768,-32768,689
00:13:58,2004.34,18.45,4.05,3276.70,0.00,17.9223,17.7401,17.7559,17.5744,37470399,1453894,1296043,37440084.0000,1453529.3750,1293164.6250,-32768,-32768,688
00:13:59,2004.34,18.46,4.04,3276.70,0.00,17.9285,17.7459,17.7619,17.5802,37472877,1453653,1301598,37442096.0000,1453543.5000,1293553.5000,-32768,-32768,688
00:14:00,1998.91,18.47,4.04,3276.70,0.00,17.9405,17.7577,17.7619,17.5978,37474879,1453708,1301493,37444108.0000,1453554.7500,1294040.0000,-32768,-32768,685
00:14:02,2004.34,18.48,4.04,3276.70,0.00,17.9524,17.7694,17.7856,17.6036,37477155,1453878,1301493,37446056.0000,1453574.8750,1294057.5000,-32768,-32768,685
00:14:05,2004.34,18.50,4.04,3276.70,0.00,17.9700,17.7694,17.8033,17.6212,37478853,1453855,1303249,37446056.0000,1453574.8750,1294057.5000,-32768,-32768,682
00:14:06,2004.34,18.51,4.06,3276.70,0.00,17.9879,17.8048,17.8211,17.6388,37482086,1453899,1298545,37451024.0000,1453614.1250,1295058.5000,-32768,-32768,682
00:14:07,2004.34,18.53,4.04,3276.70,0.00,17.9942,17.8107,17.8272,17.6446,37483893,1453918,1303999,37452052.0000,1453623.5000,1295337.8750,-32768,-32768,680
00:14:09,2004.34,18.53,4.04,3276.70,0.00,18.0061,17.8225,17.8388,17.6564,37485250,1453864,1304947,37454072.0000,1453637.3750,1295916.2500,-32768,-32768,679
00:14:11,2004.34,18.54,4.04,3276.70,0.00,18.0061,17.8343,17.8388,17.6740,37489679,1453815,1305500,37457252.0000,1453644.6250,1296995.8750,-32768,-32768,675
00:14:13,2004.34,18.57,4.04,3276.70,0.00,18.0362,17.8520,17.8693,17.6858,37490522,1453832,1305500,37459264.0000,1453656.5000,1298139.0000,-32768,-32768,675
00:14:16,2004.34,18.59,4.04,3276.70,0.00,18.0541,17.8698,17.8693,17.7035,37492172,1453776,1306440,37462284.0000,1453656.5000,1299162.0000,-32768,-32768,669
00:14:16,2004.34,18.61,4.04,3276.70,0.00,18.0664,17.8817,17.8994,17.7153,37495464,1453803,1307466,37464272.0000,1453668.2500,1299421.5000,-32768,-32768,668
00:14:18,2004.34,18.61,4.04,3276.70,0.00,18.0722,17.8877,17.9054,17.7213,37494624,1454044,1301987,37465220.0000,1453680.0000,1299501.6250,-32768,-32768,667
00:14:20,2004.34,18.63,4.06,3276.70,0.00,18.0842,17.8877,17.9234,17.7213,37494624,1453782,1308968,37468316.0000,1453697.2500,1300113.1250,-32768,-32768,667
00:14:22,2004.34,18.65,4.06,3276.70,0.00,18.1025,17.9173,17.9234,17.7509,37501368,1453901,1306734,37471352.0000,1453711.6250,1300664.1250,-32768,-32768,663
00:14:23,1998.91,18.65,4.04,3276.70,0.00,18.1083,17.9233,17.9478,17.7628,37504174,1453843,1308699,37472380.0000,1453715.7500,1300664.1250,-32768,-32768,663
00:14:24,2004.34,18.67,4.04,3276.70,0.00,18.1264,17.9411,17.9596,17.7747,37506402,1453837,1310467,37474400.0000,1453723.5000,1301474.1250,-32768,-32768,661
00:14:27,1998.91,18.68,4.06,3276.70,0.00,18.1264,17.9531,17.9596,17.7925,37510681,1453867,1311208,37477608.0000,1453729.2500,1302723.6250,-32768,-32768,657
00:14:28,2004.34,18.70,4.06,3276.70,0.00,18.1502,17.9650,17.9834,17.7984,37511255,1453788,1312038,37479656.0000,1453734.2500,1303271.5000,-32768,-32768,655
00:14:29,2004.34,18.70,4.06,3276.70,0.00,18.1561,17.9769,17.9955,17.7984,37511161,1453920,1314323,37480640.0000,1453740.1250,1303616.8750,-32768,-32768,654
00:14:31,2004.34,18.71,4.05,3276.70,0.00,18.1684,17.9829,18.0016,17.7984,37514505,1453872,1313280,37482724.0000,1453754.3750,1304135.5000,-32768,-32768,652
00:14:33,2004.34,18.73,4.06,3276.70,0.00,18.1684,18.0008,18.0197,17.8342,37515343,1453906,1313280,37485688.0000,1453765.5000,1304928.1250,-32768,-32768,650
00:14:37,2004.34,18.75,4.06,3276.70,0.00,18.1684,18.0187,18.0197,17.8581,37515343,1454053,1315240,37485688.0000,1453792.1250,1306077.8750,-32768,-32768,645
00:14:39,2004.34,18.77,4.06,3276.70,0.00,18.2235,18.0187,18.0625,17.8581,37524808,1454060,1315083,37492852.0000,1453816.1250,1306896.7500,-32768,-32768,644
00:14:40,1998.91,18.79,4.05,3276.70,0.00,18.2416,18.0548,18.0746,17.8581,37526304,1454132,1316213,37494916.0000,1453833.1250,1307463.0000,-32768,-32768,642
00:14:43,2004.34,18.80,4.06,3276.70,0.00,18.2416,18.0729,18.0746,17.9061,37526304,1454132,1316592,37498072.0000,1453858.7500,1308240.7500,-32768,-32768,640
00:14:44,2004.34,18.83,4.05,3276.70,0.00,18.2719,18.0849,18.1048,17.9181,37530554,1454034,1316784,37499088.0000,1453864.1250,1308507.7500,-32768,-32768,639
00:14:45,2004.34,18.83,4.06,3276.70,0.00,18.2781,18.0909,18.1109,17.9241,37531209,1454009,1317090,37500092.0000,1453868.7500,1308776.0000,-32768,-32768,637
00:14:46,2004.34,18.84,4.06,3276.70,0.00,18.2838,18.0969,18.1169,17.9361,37534880,1454064,1315150,37502164.0000,1453879.2500,1308776.0000,-32768,-32768,636
00:14:48,2004.34,18.85,4.05,3276.70,0.00,18.2961,18.0969,18.1353,17.9482,37534883,1453949,1318396,37504152.0000,1453885.7500,1309837.5000,-32768,-32768,635
00:14:49,1998.91,18.86,4.05,3276.70,0.00,18.3084,18.1210,18.1411,17.9542,37536537,1454066,1318396,37506168.0000,1453900.1250,1310436.1250,-32768,-32768,633
00:14:50,2004.34,18.87,4.05,3276.70,0.00,18.3202,18.1330,18.1534,17.9662,37538607,1454051,1319231,37507184.0000,1453904.8750,1310711.0000,-32768,-32768,632
00:14:52,2004.34,18.88,4.06,3276.70,0.00,18.3202,18.1450,18.1655,17.9843,37542321,1454011,1319778,37510216.0000,1453918.2500,1311528.1250,-32768,-32768,629
00:14:54,2004.34,18.90,4.05,3276.70,0.00,18.3448,18.1571,18.1776,17.9903,37543402,1454083,1319038,37511252.0000,1453923.3750,1311762.7500,-32768,-32768,629
00:14:55,1998.91,18.91,4.05,3276.70,0.00,18.3567,18.1692,18.1896,18.0023,37545371,1454086,1320348,37513328.0000,1453932.8750,1312349.2500,-32768,-32768,627
00:14:57,1998.91,18.93,4.05,3276.70,0.00,18.3692,18.1813,18.2020,18.0143,37546614,1454132,1320710,37515348.0000,1453945.1250,1312869.8750,-32768,-32768,625
00:14:58,2004.34,18.94,4.05,3276.70,0.00,18.3816,18.1934,18.2145,18.0264,37548884,1454154,1323682,37517392.0000,1453955.8750,1313413.2500,-32768,-32768,624
00:14:59,2004.34,18.95,4.06,3276.70,0.00,18.3875,18.1995,18.2206,18.0325,37549002,1454160,1323031,37518380.0000,1453962.2500,1313713.7500,-32768,-32768,623
00:15:01,2004.34,18.96,4.05,3276.70,0.00,18.3936,18.2055,18.2266,18.0386,37550785,1454106,1323414,37519392.0000,1453966.7500,1314286.8750,-32768,-32768,621
00:15:03,2004.34,18.97,4.05,3276.70,0.00,18.4063,18.2055,18.2450,18.0386,37553121,1454292,1322409,37522396.0000,1453966.7500,1315110.8750,-32768,-32768,618
00:15:05,2004.34,18.99,4.05,3276.70,0.00,18.4245,18.2055,18.2450,18.0749,37557750,1454220,1323725,37525492.0000,1453999.0000,1315629.2500,-32768,-32768,617
00:15:07,2004.34,19.00,4.05,3276.70,0.00,18.4429,18.2540,18.2757,18.0870,37559427,1454202,1323587,37528620.0000,1453999.0000,1316440.3750,-32768,-32768,614
00:15:10,2004.34,19.02,4.05,3276.70,0.00,18.4429,18.2723,18.2757,18.1113,37559427,1454007,1328067,37532668.0000,1454037.1250,1317542.8750,-32768,-32768,614
00:15:13,2004.34,19.05,4.05,3276.70,0.00,18.4429,18.2966,18.3188,18.1296,37564533,1454213,1326329,37535612.0000,1454037.1250,1317542.8750,-32768,-32768,609
00:15:14,1998.91,19.07,4.05,3276.70,0.00,18.5050,18.3149,18.3377,18.1479,37568466,1454170,1329211,37537596.0000,1454053.1250,1318913.3750,-32768,-32768,607
00:15:16,1998.91,19.08,4.05,3276.70,0.00,18.5111,18.3210,18.3439,18.1539,37570530,1454227,1329211,37539664.0000,1454060.3750,1319468.2500,-32768,-32768,605
00:15:18,1998.91,19.09,4.05,3276.70,0.00,18.5111,18.3394,18.3621,18.1722,37574161,1454140,1330324,37541700.0000,1454063.2500,1320094.5000,-32768,-32768,603
00:15:19,2004.34,19.10,4.05,3276.70,0.00,18.5361,18.3394,18.3621,18.1844,37574067,1454253,1329228,37543696.0000,1454075.2500,1320094.5000,-32768,-32768,601
00:15:20,1998.91,19.12,4.05,3276.70,0.00,18.5545,18.3639,18.3868,18.1967,37576685,1454193,1330030,37545696.0000,1454085.7500,1321157.3750,-32768,-32768,600
00:15:22,2004.34,19.13,4.05,3276.70,0.00,18.5605,18.3700,18.3929,18.2028,37577473,1454117,1332632,37546688.0000,1454085.7500,1321751.7500,-32768,-32768,599
00:15:24,2004.34,19.14,4.05,3276.70,0.00,18.5605,18.3884,18.4117,18.2212,37581002,1454203,1330911,37549696.0000,1454101.1250,1322306.0000,-32768,-32768,596
00:15:26,1998.91,19.16,4.05,3276.70,0.00,18.5854,18.3884,18.4241,18.2212,37584482,1454203,1330911,37552728.0000,1454106.3750,1323175.2500,-32768,-32768,594
00:15:30,2004.34,19.18,4.05,3276.70,0.00,18.5854,18.4191,18.4241,18.2580,37584482,1454348,1330911,37556784.0000,1454127.5000,1324605.7500,-32768,-32768,590
00:15:32,2004.34,19.20,4.05,3276.70,0.00,18.6345,18.4436,18.4673,18.2764,37589677,1454176,1334250,37558816.0000,1454132.3750,1324605.7500,-32768,-32768,588
00:15:32,2004.34,19.22,4.05,3276.70,0.00,18.6469,18.4559,18.4793,18.2887,37591631,1454349,1334023,37560832.0000,1454143.2500,1325480.1250,-32768,-32768,588
00:15:34,2004.34,19.23,4.05,3276.70,0.00,18.6531,18.4620,18.4857,18.2948,37594015,1454336,1336021,37561872.0000,1454149.3750,1325809.5000,-32768,-32768,586
00:15:35,1998.91,19.24,4.05,3276.70,0.00,18.6655,18.4743,18.4982,18.3071,37596194,1454157,1334269,37563956.0000,1454154.5000,1326292.8750,-32768,-32768,584
00:15:37,2004.34,19.25,4.05,3276.70,0.00,18.6780,18.4866,18.5107,18.3193,37597490,1454257,1336310,37566012.0000,1454154.5000,1327213.1250,-32768,-32768,583
00:15:39,2004.34,19.27,4.05,3276.70,0.00,18.6905,18.4989,18.5230,18.3316,37600609,1454220,1335316,37568096.0000,1454162.5000,1327466.3750,-32768,-32768,583
00:15:41,2004.34,19.28,4.05,3276.70,0.00,18.7028,18.5113,18.5230,18.3501,37600609,1454354,1337044,37571128.0000,1454172.2500,1328329.5000,-32768,-32768,579
00:15:44,1998.91,19.29,4.05,3276.70,0.00,18.7215,18.5113,18.5541,18.3501,37606200,1454357,1338714,37574280.0000,1454185.7500,1329267.0000,-32768,-32768,576
00:15:45,1998.91,19.32,4.05,3276.70,0.00,18.7400,18.5483,18.5725,18.3810,37607288,1454253,1338714,37577364.0000,1454195.5000,1330075.5000,-32768,-32768,574
00:15:46,2004.34,19.33,4.05,3276.70,0.00,18.7463,18.5545,18.5789,18.3933,37611776,1454507,1339787,37578440.0000,1454205.2500,1330379.0000,-32768,-32768,574
00:15:47,2004.34,19.34,4.05,3276.70,0.00,18.7589,18.5668,18.5915,18.3995,37609978,1454346,1339667,37579424.0000,1454209.6250,1330669.2500,-32768,-32768,571
00:15:49,2004.34,19.35,4.05,3276.70,0.00,18.7651,18.5730,18.5975,18.3995,37613272,1454327,1339959,37581436.0000,1454217.5000,1331239.7500,-32768,-32768,571
00:15:51,2004.34,19.36,4.04,3276.70,0.00,18.7651,18.5915,18.5975,18.4304,37616459,1454319,1341541,37584516.0000,1454224.1250,1332124.7500,-32768,-32768,568
00:15:53,2004.34,19.38,4.05,3276.70,0.00,18.8030,18.6102,18.5975,18.4428,37618319,1454433,1341084,37586556.0000,1454234.1250,1332695.5000,-32768,-32768,566
00:15:55,2004.34,19.39,4.05,3276.70,0.00,18.8030,18.6226,18.5975,18.4614,37621874,1454470,1342387,37589704.0000,1454258.2500,1333493.7500,-32768,-32768,564
00:15:58,2004.34,19.41,4.05,3276.70,0.00,18.8030,18.6412,18.5975,18.4800,37621874,1454372,1344158,37593800.0000,1454269.6250,1334654.3750,-32768,-32768,560
00:16:00,2004.34,19.44,4.04,3276.70,0.00,18.8030,18.6661,18.5975,18.5049,37628471,1454352,1344878,37596876.0000,1454274.8750,1335546.2500,-32768,-32768,558
00:16:02,2004.34,19.45,4.05,3276.70,0.00,18.8718,18.6785,18.7043,18.5111,37629873,1454428,1347885,37597904.0000,1454279.6250,1335931.8750,-32768,-32768,556
00:16:04,2004.34,19.47,4.05,3276.70,0.00,18.8844,18.6785,18.7231,18.5297,37632632,1454496,1345457,37600988.0000,1454297.5000,1336757.2500,-32768,-32768,555
00:16:05,2004.34,19.48,4.05,3276.70,0.00,18.8967,18.7033,18.7293,18.5359,37633885,1454441,1346675,37602016.0000,1454301.8750,1337067.2500,-32768,-32768,555
00:16:06,2004.34,19.49,4.05,3276.70,0.00,18.9094,18.7157,18.7417,18.5484,37635681,1454323,1340741,37604072.0000,1454303.5000,1337320.7500,-32768,-32768,553
00:16:08,2004.34,19.49,4.05,3276.70,0.00,18.9219,18.7282,18.7540,18.5608,37637083,1454390,1347156,37606072.0000,1454310.5000,1337320.7500,-32768,-32768,550
00:16:11,2004.34,19.52,4.05,3276.70,0.00,18.9219,18.7468,18.7540,18.5794,37637083,1454390,1347890,37609996.0000,1454317.3750,1339019.5000,-32768,-32768,548
00:16:14,2004.34,19.54,4.05,3276.70,0.00,18.9219,18.7655,18.7540,18.6043,37637083,1454509,1346865,37613012.0000,1454317.3750,1340208.5000,-32768,-32768,545
00:16:15,2004.34,19.54,4.05,3276.70,0.00,18.9780,18.7842,18.8103,18.6167,37646211,1454337,1349551,37614976.0000,1454333.2500,1340500.3750,-32768,-32768,544
00:16:16,2004.34,19.58,4.04,3276.70,0.00,18.9844,18.7904,18.8168,18.6229,37648042,1454423,1349824,37616008.0000,1454336.1250,1340791.7500,-32768,-32768,543
00:16:18,2004.34,19.59,4.05,3276.70,0.00,18.9906,18.7967,18.8232,18.6292,37649275,1454399,1349824,37616008.0000,1454335.2500,1341617.1250,-32768,-32768,540
00:16:20,2004.34,19.61,4.04,3276.70,0.00,18.9906,18.8217,18.8482,18.6542,37651290,1454387,1351640,37621092.0000,1454335.6250,1341617.1250,-32768,-32768,538
00:16:22,1998.91,19.61,4.04,3276.70,0.00,19.0283,18.8342,18.8605,18.6667,37656252,1454504,1351640,37624256.0000,1454348.3750,1343081.2500,-32768,-32768,537
00:16:25,2004.34,19.65,4.04,3276.70,0.00,19.0407,18.8342,18.8800,18.6667,37660097,1454468,1353216,37627408.0000,1454355.0000,1344002.1250,-32768,-32768,534
00:16:27,1998.91,19.67,4.04,3276.70,0.00,19.0598,18.8654,18.8923,18.6979,37661363,1454681,1353216,37627408.0000,1454355.0000,1344360.0000,-32768,-32768,533
00:16:28,1998.91,19.68,4.04,3276.70,0.00,19.0791,18.8842,18.9112,18.7167,37664137,1454573,1354692,37631596.0000,1454386.7500,1344682.8750,-32768,-32768,532
00:16:30,2004.34,19.70,4.04,3276.70,0.00,19.0853,18.8904,18.9112,18.7292,37666351,1454601,1351423,37633656.0000,1454398.1250,1345200.2500,-32768,-32768,531
00:16:32,1998.91,19.71,4.04,3276.70,0.00,19.1042,18.9092,18.9112,18.7417,37666351,1454437,1356244,37636784.0000,1454408.3750,1346013.2500,-32768,-32768,529
00:16:34,1977.19,19.73,4.04,3276.70,0.00,19.1166,18.9217,18.9541,18.7604,37669218,1454642,1356244,37638800.0000,1454419.1250,1346548.5000,-32768,-32768,527
00:16:35,1966.33,19.74,4.04,3276.70,0.00,19.1265,18.9341,18.9587,18.7666,37673746,1454696,1356595,37639892.0000,1454427.7500,1346862.5000,-32768,-32768,525
00:16:36,1950.04,19.75,4.03,3276.70,0.00,19.1300,18.9402,18.9623,18.7787,37676830,1455005,1357149,37642160.0000,1454461.1250,1347502.0000,-32768,-32768,525
00:16:38,1944.61,19.76,4.03,3276.70,0.00,19.1300,18.9579,18.9623,18.7959,37669846,1454623,1364680,37644880.0000,1454491.8750,1348833.7500,-32768,-32768,521
00:16:42,1917.45,19.76,4.02,3276.70,0.00,19.1300,18.9746,18.9623,18.8122,37669846,1454963,1357171,37647752.0000,1454491.8750,1349910.0000,-32768,-32768,518
00:16:45,1895.73,19.80,4.02,3276.70,0.00,19.1300,18.9957,18.9623,18.8327,37669846,1454873,1357171,37650508.0000,1454580.5000,1350800.5000,-32768,-32768,516
00:16:47,1868.58,19.82,4.02,3276.70,0.00,19.1672,19.0157,18.9958,18.8472,37671586,1454873,1358830,37652520.0000,1454636.2500,1351046.0000,-32768,-32768,515
00:16:49,1846.86,19.82,4.00,3276.70,0.00,19.1672,19.0297,18.9995,18.8472,37673479,1455311,1359270,37654356.0000,1454690.6250,1351848.3750,-32768,-32768,513
00:16:51,1830.56,19.84,3.99,3276.70,0.00,19.1672,19.0297,19.0019,18.8472,37670094,1455192,1359438,37655332.0000,1454713.1250,1351848.3750,-32768,-32768,511
00:16:55,1797.98,19.85,3.99,3276.70,0.00,19.1672,19.0514,19.0019,18.8858,37670094,1455417,1367860,37657016.0000,1454790.5000,1353666.5000,-32768,-32768,507
00:16:56,1792.55,19.86,3.96,3276.70,0.00,19.1900,19.0637,19.0145,18.8936,37670094,1455417,1359333,37657948.0000,1454840.0000,1354043.0000,-32768,-32768,507
00:16:59,1749.10,19.87,3.96,3276.70,0.00,19.1900,19.0757,19.0145,18.9087,37677411,1455417,1359903,37657948.0000,1454962.3750,1354407.6250,-32768,-32768,506
00:17:00,1738.24,19.87,3.94,3276.70,0.00,19.2066,19.0873,19.0297,18.9161,37678803,1456060,1359992,37660724.0000,1454996.6250,1354582.1250,-32768,-32768,505
00:17:02,1732.81,19.89,3.94,3276.70,0.00,19.2080,19.0910,19.0309,18.9196,37676374,1455836,1359299,37661620.0000,1454996.6250,1354926.2500,-32768,-32768,504
00:17:04,1727.38,19.90,3.93,3276.70,0.00,19.2123,19.0984,19.0356,18.9196,37671655,1455899,1361130,37662272.0000,1454996.6250,1355441.1250,-32768,-32768,503
00:17:06,1716.52,19.90,3.93,3276.70,0.00,19.2234,19.1093,19.0462,18.9371,37672594,1455937,1361130,37662272.0000,1454996.6250,1356042.0000,-32768,-32768,500
00:17:08,1705.66,19.91,3.92,3276.70,0.00,19.2389,19.1206,19.0619,18.9480,37676748,1455974,1362079,37664024.0000,1455217.5000,1356670.8750,-32768,-32768,499
00:17:09,1700.23,19.92,3.92,3276.70,0.00,19.2482,19.1283,19.0720,18.9554,37680278,1456177,1363733,37664952.0000,1455273.8750,1357078.2500,-32768,-32768,499
00:17:10,1694.80,19.93,3.91,3276.70,0.00,19.2526,19.1321,19.0766,18.9592,37682421,1456433,1358232,37665496.0000,1455310.1250,1357114.2500,-32768,-32768,499
00:17:11,1689.37,19.93,3.91,3276.70,0.00,19.2572,19.1361,19.0809,18.9630,37682027,1456433,1358232,37666520.0000,1455376.6250,1357253.0000,-32768,-32768,498
00:17:14,1678.51,19.94,3.91,3276.70,0.00,19.2572,19.1479,19.0809,18.9786,37682027,1456263,1361398,37668064.0000,1455376.6250,1357824.5000,-32768,-32768,497
00:17:16,1667.64,19.96,3.90,3276.70,0.00,19.2888,19.1602,19.1149,18.9786,37691924,1456584,1365036,37669936.0000,1455542.7500,1358253.1250,-32768,-32768,495
00:17:17,1651.35,19.96,3.90,3276.70,0.00,19.3039,19.1728,19.1310,18.9993,37694313,1456586,1372478,37671416.0000,1455609.6250,1358906.2500,-32768,-32768,494
00:17:20,1624.20,19.98,3.89,3276.70,0.00,19.3039,19.1812,19.1310,19.0121,37694313,1456900,1366126,37673596.0000,1455713.6250,1359777.8750,-32768,-32768,491
00:17:23,1613.34,19.99,3.89,3276.70,0.00,19.3039,19.1981,19.1310,19.0248,37698975,1457153,1360829,37675836.0000,1455832.3750,1360078.0000,-32768,-32768,491
00:17:25,1607.91,20.00,3.89,3276.70,0.00,19.3039,19.1981,19.1664,19.0248,37697569,1456877,1367367,37677732.0000,1455925.1250,1360715.8750,-32768,-32768,489
00:17:27,1597.05,20.01,3.89,3276.70,0.00,19.3549,19.2195,19.1820,19.0464,37699546,1457000,1369508,37679040.0000,1455988.2500,1361242.5000,-32768,-32768,487
00:17:28,1591.62,20.02,3.86,3276.70,0.00,19.3601,19.2239,19.1870,19.0507,37702563,1457238,1368028,37680456.0000,1456060.3750,1361667.8750,-32768,-32768,486
00:17:29,1586.18,20.02,3.85,3276.70,0.00,19.3703,19.2327,19.1973,19.0596,37704774,1457284,1369127,37681216.0000,1456098.6250,1361900.8750,-32768,-32768,486
00:17:31,1580.75,20.03,3.85,3276.70,0.00,19.3811,19.2417,19.2082,19.0685,37709077,1457057,1373803,37682888.0000,1456098.6250,1361900.8750,-32768,-32768,483
00:17:34,1575.32,20.04,3.85,3276.70,0.00,19.3932,19.2417,19.2265,19.0685,37714772,1457609,1366786,37686392.0000,1456309.3750,1363358.5000,-32768,-32768,482
00:17:37,1548.17,20.05,3.84,3276.70,0.00,19.3932,19.2695,19.2265,19.1013,37714772,1457758,1366786,37690372.0000,1456467.5000,1364104.5000,-32768,-32768,480
00:17:40,1531.88,20.07,3.84,3276.70,0.00,19.3932,19.2884,19.2265,19.1206,37725230,1457758,1371652,37694520.0000,1456629.0000,1365078.2500,-32768,-32768,478
00:17:43,1526.45,20.09,3.82,3276.70,0.00,19.3932,19.3074,19.2265,19.1400,37725230,1457788,1372426,37697408.0000,1456734.7500,1365727.6250,-32768,-32768,475
00:17:44,1526.45,20.10,3.82,3276.70,0.00,19.4737,19.3074,19.3039,19.1498,37730699,1458052,1374361,37700312.0000,1456846.5000,1366428.0000,-32768,-32768,474
00:17:47,1510.16,20.11,3.82,3276.70,0.00,19.4863,19.3074,19.3039,19.1650,37730699,1457894,1374361,37703220.0000,1456944.6250,1367145.6250,-32768,-32768,472
00:17:49,1499.29,20.12,3.81,3276.70,0.00,19.5041,19.3469,19.3039,19.1804,37741216,1457894,1374361,37705504.0000,1457017.5000,1367660.1250,-32768,-32768,471
00:17:51,1493.86,20.12,3.80,3276.70,0.00,19.5186,19.3620,19.3507,19.1907,37744182,1457894,1375671,37709008.0000,1457144.3750,1368406.6250,-32768,-32768,469
00:17:53,1499.29,20.14,3.81,3276.70,0.00,19.5186,19.3721,19.3507,19.2062,37744182,1458174,1376851,37712124.0000,1457244.6250,1369170.1250,-32768,-32768,467
00:17:56,1515.59,20.16,3.80,3276.70,0.00,19.5186,19.3928,19.3895,19.2221,37746502,1458308,1377570,37714304.0000,1457244.6250,1369170.1250,-32768,-32768,465
00:17:57,1521.02,20.17,3.81,3276.70,0.00,19.5740,19.4036,19.4074,19.2332,37748601,1458009,1377992,37716408.0000,1457361.2500,1370209.1250,-32768,-32768,464
00:18:01,1537.31,20.19,3.81,3276.70,0.00,19.5740,19.4150,19.4074,19.2509,37749055,1458009,1377992,37720312.0000,1457361.2500,1371271.3750,-32768,-32768,461
00:18:03,1542.74,20.22,3.81,3276.70,0.00,19.6337,19.4392,19.4682,19.2696,37759463,1457785,1377992,37723892.0000,1457420.5000,1371271.3750,-32768,-32768,458
00:18:04,1553.60,20.23,3.82,3276.70,0.00,19.6337,19.4587,19.4981,19.2895,37768247,1457806,1386358,37726528.0000,1457445.1250,1372923.7500,-32768,-32768,456
00:18:06,1564.46,20.24,3.82,3276.70,0.00,19.6739,19.4587,19.5187,19.2895,37775714,1457874,1384339,37730788.0000,1457482.1250,1373968.0000,-32768,-32768,455
00:18:08,1580.75,20.24,3.82,3276.70,0.00,19.7050,19.4862,19.5187,19.3246,37778441,1457912,1376796,37733680.0000,1457506.1250,1373968.0000,-32768,-32768,453
00:18:10,1591.62,20.28,3.82,3276.70,0.00,19.7374,19.5080,19.5726,19.3395,37777506,1457604,1385980,37736376.0000,1457515.3750,1374893.3750,-32768,-32768,451
00:18:12,1602.48,20.30,3.82,3276.70,0.00,19.7598,19.5231,19.5952,19.3395,37782139,1457479,1397625,37740464.0000,1457507.3750,1376332.2500,-32768,-32768,449
00:18:14,1613.34,20.30,3.82,3276.70,0.00,19.7822,19.5387,19.6177,19.3707,37783583,1457286,1395587,37741812.0000,1457507.3750,1376332.2500,-32768,-32768,446
00:18:15,1629.63,20.32,3.82,3276.70,0.00,19.8041,19.5546,19.6391,19.3868,37785408,1457134,1395587,37745744.0000,1457507.3750,1378030.8750,-32768,-32768,444
00:18:17,1640.49,20.33,3.82,3276.70,0.00,19.8373,19.5793,19.6716,19.4117,37788441,1456926,1389175,37748320.0000,1457507.3750,1378674.8750,-32768,-32768,442
00:18:19,1651.35,20.35,3.83,3276.70,0.00,19.8482,19.5877,19.6827,19.4117,37789212,1456584,1390996,37750820.0000,1457387.5000,1379432.5000,-32768,-32768,441
00:18:20,1662.21,20.36,3.82,3276.70,0.00,19.8682,19.6046,19.7027,19.4117,37792411,1456818,1384535,37753316.0000,1457347.1250,1379972.6250,-32768,-32768,439
00:18:21,1667.64,20.37,3.83,3276.70,0.00,19.8880,19.6217,19.7223,19.4544,37793042,1456785,1386575,37754560.0000,1457329.6250,1380179.0000,-32768,-32768,439
00:18:22,1678.51,20.38,3.82,3276.70,0.00,19.8986,19.6303,19.7323,19.4631,37793361,1456581,1393075,37755772.0000,1457329.6250,1380982.7500,-32768,-32768,437
00:18:24,1689.37,20.39,3.82,3276.70,0.00,19.9180,19.6477,19.7523,19.4805,37794749,1456428,1393075,37759236.0000,1457217.0000,1381921.5000,-32768,-32768,434
00:18:26,1711.09,20.40,3.82,3276.70,0.00,19.9180,19.6737,19.7523,19.5155,37795478,1456209,1396196,37762456.0000,1457122.7500,1383236.2500,-32768,-32768,431
00:18:28,1716.52,20.40,3.82,3276.70,0.00,19.9711,19.6999,19.8060,19.5331,37797824,1456004,1404567,37764648.0000,1457056.3750,1384307.2500,-32768,-32768,428
00:18:29,1727.38,20.40,3.82,3276.70,0.00,19.9800,19.7086,19.8149,19.5419,37799207,1456016,1403243,37765728.0000,1457023.7500,1384899.0000,-32768,-32768,426
00:18:31,1738.24,20.44,3.82,3276.70,0.00,19.9880,19.7260,19.8309,19.5419,37801583,1455947,1398310,37767924.0000,1457023.7500,1386109.6250,-32768,-32768,424
00:18:34,1749.10,20.46,3.81,3276.70,0.00,19.9880,19.7518,19.8309,19.5941,37810543,1456228,1399143,37772408.0000,1456864.7500,1386889.2500,-32768,-32768,422
00:18:36,1765.40,20.47,3.81,3276.70,0.00,19.9880,19.7775,19.8309,19.6198,37812240,1455949,1398940,37775976.0000,1456792.6250,1388038.5000,-32768,-32768,419
00:18:38,1781.69,20.47,3.80,3276.70,0.00,19.9880,19.7775,19.8988,19.6367,37811586,1455868,1400497,37778232.0000,1456735.5000,1388804.1250,-32768,-32768,418
00:18:40,1792.55,20.50,3.80,3276.70,0.00,20.0702,19.8110,19.8988,19.6535,37812972,1455975,1400525,37780344.0000,1456735.5000,1390129.3750,-32768,-32768,414
00:18:41,1797.98,20.52,3.79,3276.70,0.00,20.0924,19.8359,19.9287,19.6702,37816935,1455934,1408026,37782564.0000,1456641.3750,1390688.7500,-32768,-32768,413
00:18:42,1808.84,20.52,3.79,3276.70,0.00,20.0988,19.8441,19.9353,19.6784,37818259,1455974,1402706,37783680.0000,1456620.5000,1391064.2500,-32768,-32768,413
00:18:44,1819.70,20.53,3.79,3276.70,0.00,20.1121,19.8603,19.9487,19.6948,37819564,1455991,1403877,37787028.0000,1456620.5000,1391064.2500,-32768,-32768,410
00:18:46,1830.56,20.54,3.78,3276.70,0.00,20.1264,19.8764,19.9629,19.6948,37819564,1456086,1405155,37789316.0000,1456539.5000,1392580.8750,-32768,-32768,410
00:18:49,1852.29,20.55,3.78,3276.70,0.00,20.1441,19.9002,19.9629,19.7428,37819564,1455802,1407330,37792944.0000,1456484.3750,1393817.8750,-32768,-32768,410
00:18:51,1874.01,20.57,3.78,3276.70,0.00,20.1441,19.9312,19.9629,19.7741,37817859,1454886,1405372,37796560.0000,1456345.1250,1395224.2500,-32768,-32768,402
00:18:53,1895.73,20.59,3.78,3276.70,0.00,20.1875,19.9468,19.9629,19.7896,37820359,1454886,1407152,37798712.0000,1456219.5000,1396641.3750,-32768,-32768,399
00:18:55,1906.59,20.60,3.79,3276.70,0.00,20.2093,19.9699,19.9629,19.8052,37823651,1455026,1407384,37799488.0000,1456182.2500,1396977.1250,-32768,-32768,397
00:18:58,1928.32,20.60,3.80,3276.70,0.00,20.2259,19.9699,19.9629,19.8284,37823651,1455109,1407384,37799488.0000,1456046.3750,1397879.6250,-32768,-32768,394
00:18:59,1939.18,20.62,3.81,3276.70,0.00,20.2445,20.0083,20.0810,19.8437,37828629,1454989,1409979,37804088.0000,1455980.3750,1398593.6250,-32768,-32768,394
00:19:02,1950.04,20.64,3.80,3276.70,0.00,20.2445,20.0309,20.0810,19.8739,37832952,1455062,1410404,37806520.0000,1455886.0000,1399630.2500,-32768,-32768,391
00:19:04,1966.33,20.64,3.79,3276.70,0.00,20.2445,20.0533,20.0810,19.8961,37838359,1454979,1421129,37809224.0000,1455808.5000,1400942.5000,-32768,-32768,388
00:19:06,1977.19,20.66,3.78,3276.70,0.00,20.2445,20.0749,20.0810,19.9176,37838938,1455077,1412068,37811868.0000,1455742.7500,1402170.5000,-32768,-32768,385
00:19:08,1988.05,20.66,3.78,3276.70,0.00,20.3072,20.0890,20.1445,19.9247,37841382,1455168,1408715,37813724.0000,1455742.7500,1402685.3750,-32768,-32768,384
00:19:09,1998.91,20.68,3.78,3276.70,0.00,20.3176,20.1029,20.1550,19.9387,37845752,1455367,1406602,37814724.0000,1455702.3750,1402807.8750,-32768,-32768,383
00:19:11,2026.07,20.68,3.78,3276.70,0.00,20.3238,20.1098,20.1550,19.9525,37849866,1455311,1413507,37816832.0000,1455680.3750,1403456.1250,-32768,-32768,382
00:19:13,2064.08,20.69,3.78,3276.70,0.00,20.3238,20.1305,20.1823,19.9664,37814560,1453348,1406227,37817528.0000,1455571.6250,1403838.5000,-32768,-32768,380
00:19:15,2091.23,20.71,3.78,3276.70,0.00,20.3238,20.1515,20.1823,19.9943,37777405,1451079,1412399,37813824.0000,1455096.5000,1404709.7500,-32768,-32768,379
00:19:18,2118.39,20.72,3.81,3276.70,0.00,20.3850,20.1656,20.1823,20.0012,37777405,1451447,1416836,37812312.0000,1454869.7500,1405361.0000,-32768,-32768,379
00:19:19,2140.11,20.73,3.83,3276.70,0.00,20.4092,20.1870,20.2407,20.0223,37790566,1451505,1413854,37812312.0000,1454564.3750,1406126.2500,-32768,-32768,376
00:19:21,2161.83,20.74,3.83,3276.70,0.00,20.4301,20.2084,20.2603,20.0433,37790662,1451282,1413996,37809116.0000,1454564.3750,1406126.2500,-32768,-32768,374
00:19:23,2172.69,20.74,3.83,3276.70,0.00,20.4382,20.2155,20.2670,20.0503,37785688,1451282,1414017,37807400.0000,1454145.1250,1407142.2500,-32768,-32768,373
00:19:25,2183.56,20.76,3.82,3276.70,0.00,20.4523,20.2299,20.2670,20.0711,37785688,1450884,1417260,37807400.0000,1453849.7500,1407909.0000,-32768,-32768,371
00:19:28,2199.85,20.77,3.85,3276.70,0.00,20.4754,20.2581,20.2670,20.0984,37785688,1451744,1417718,37804788.0000,1453643.5000,1408982.6250,-32768,-32768,369
00:19:30,2210.71,20.78,3.81,3276.70,0.00,20.4865,20.2785,20.3166,20.1116,37809728,1451866,1419999,37804952.0000,1453534.7500,1409326.8750,-32768,-32768,367
00:19:32,2227.00,20.79,3.79,3276.70,0.00,20.4865,20.2979,20.3166,20.1371,37823526,1452345,1417887,37806732.0000,1453534.7500,1410421.6250,-32768,-32768,366
00:19:34,2221.57,20.81,3.79,3276.70,0.00,20.5063,20.2979,20.3166,20.1495,37828597,1452422,1420686,37808676.0000,1453291.6250,1411298.1250,-32768,-32768,363
00:19:37,2199.85,20.81,3.77,3276.70,0.00,20.5093,20.3224,20.3166,20.1614,37828597,1452892,1422577,37810204.0000,1453259.8750,1411928.2500,-32768,-32768,362
00:19:39,2188.99,20.82,3.76,3276.70,0.00,20.5090,20.3224,20.3432,20.1614,37839170,1453278,1420323,37812992.0000,1453259.8750,1412670.5000,-32768,-32768,360
00:19:41,2178.13,20.82,3.76,3276.70,0.00,20.5016,20.3589,20.3390,20.1970,37840367,1453232,1419771,37815464.0000,1453265.6250,1413346.8750,-32768,-32768,359
00:19:44,2167.26,20.82,3.78,3276.70,0.00,20.4963,20.3589,20.3305,20.1970,37837447,1453128,1419784,37817516.0000,1453257.3750,1413906.7500,-32768,-32768,358
00:19:47,2145.54,20.82,3.77,3276.70,0.00,20.4963,20.3814,20.3305,20.2188,37837447,1453429,1418997,37820132.0000,1453269.6250,1414547.0000,-32768,-32768,356
00:19:48,2134.68,20.83,3.77,3276.70,0.00,20.4581,20.3914,20.2949,20.2262,37841070,1453516,1420426,37821416.0000,1453283.3750,1414867.3750,-32768,-32768,355
00:19:50,2123.82,20.83,3.78,3276.70,0.00,20.4529,20.3933,20.2891,20.2298,37843320,1453951,1418463,37822728.0000,1453318.8750,1415048.5000,-32768,-32768,355
00:19:51,2112.96,20.83,3.78,3276.70,0.00,20.4420,20.3964,20.2797,20.2314,37844211,1453951,1418463,37824048.0000,1453363.3750,1415246.6250,-32768,-32768,355
00:19:53,2091.23,20.82,3.79,3276.70,0.00,20.4327,20.3987,20.2727,20.2350,37840028,1453984,1416108,37825104.0000,1453363.3750,1415380.1250,-32768,-32768,354
00:19:56,2058.65,20.82,3.78,3276.70,0.00,20.4207,20.3987,20.2530,20.2350,37841047,1454512,1416108,37826896.0000,1453504.8750,1415489.2500,-32768,-32768,354
00:19:59,2036.93,20.82,3.77,3276.70,0.00,20.4207,20.4020,20.2530,20.2375,37832752,1454180,1416015,37827680.0000,1453578.7500,1415560.1250,-32768,-32768,354
00:20:00,2031.50,20.81,3.77,3276.70,0.00,20.3965,20.4017,20.2300,20.2373,37834415,1454309,1416200,37827888.0000,1453601.6250,1415580.1250,-32768,-32768,354
00:20:01,2020.64,20.81,3.77,3276.70,0.00,20.3939,20.4014,20.2259,20.2369,37834836,1454584,1415372,37828340.0000,1453667.3750,1415603.1250,-32768,-32768,354
00:20:03,2004.34,20.81,3.77,3276.70,0.00,20.3859,20.4005,20.2158,20.2357,37835042,1454691,1415372,37828340.0000,1453667.3750,1415531.8750,-32768,-32768,354
00:20:05,1998.91,20.80,3.78,3276.70,0.00,20.3748,20.3984,20.2035,20.2331,37833411,1454862,1415372,37829164.0000,1453829.6250,1415480.6250,-32768,-32768,354
00:20:06,1988.05,20.80,3.78,3276.70,0.00,20.3696,20.3967,20.1981,20.2310,37832896,1454839,1413942,37829408.0000,1453893.2500,1415397.8750,-32768,-32768,354
00:20:09,1977.19,20.80,3.78,3276.70,0.00,20.3628,20.3967,20.1901,20.2275,37833539,1455102,1413102,37829664.0000,1453962.3750,1415297.5000,-32768,-32768,354
00:20:10,1971.76,20.79,3.78,3276.70,0.00,20.3573,20.3924,20.1884,20.2262,37830991,1455126,1413201,37829760.0000,1454032.1250,1415216.3750,-32768,-32768,355
00:20:11,1966.33,20.79,3.79,3276.70,0.00,20.3529,20.3900,20.1884,20.2237,37832260,1455142,1413966,37829836.0000,1454066.8750,1415177.3750,-32768,-32768,355
00:20:13,1955.47,20.79,3.78,3276.70,0.00,20.3507,20.3888,20.1839,20.2224,37834731,1455179,1410856,37829836.0000,1454066.8750,1414973.2500,-32768,-32768,355
00:20:16,1933.75,20.78,3.78,3276.70,0.00,20.3507,20.3836,20.1839,20.2174,37834731,1455749,1413301,37831104.0000,1454066.8750,1414808.3750,-32768,-32768,356
00:20:18,1922.88,20.78,3.78,3276.70,0.00,20.3374,20.3796,20.1736,20.2136,37834731,1455749,1411009,37831104.0000,1454449.0000,1414613.7500,-32768,-32768,356
00:20:20,1906.59,20.78,3.77,3276.70,0.00,20.3311,20.3796,20.1736,20.2095,37842227,1456225,1412694,37832672.0000,1454555.7500,1414495.5000,-32768,-32768,357
00:20:22,1890.30,20.78,3.77,3276.70,0.00,20.3272,20.3723,20.1645,20.2068,37843207,1456243,1412886,37833312.0000,1454555.7500,1414365.5000,-32768,-32768,357
00:20:23,1868.58,20.78,3.77,3276.70,0.00,20.3241,20.3694,20.1600,20.2039,37840654,1456164,1412886,37833968.0000,1454799.1250,1414271.1250,-32768,-32768,357
00:20:26,1835.99,20.77,3.75,3276.70,0.00,20.3241,20.3647,20.1516,20.1993,37840320,1456370,1412908,37833968.0000,1454799.1250,1414271.1250,-32768,-32768,358
00:20:28,1825.13,20.76,3.74,3276.70,0.00,20.3100,20.3613,20.1516,20.1944,37838017,1456593,1411724,37834748.0000,1455045.8750,1413882.6250,-32768,-32768,358
00:20:29,1808.84,20.76,3.74,3276.70,0.00,20.3062,20.3564,20.1360,20.1908,37834498,1456588,1411846,37834756.0000,1455137.6250,1413737.0000,-32768,-32768,358
00:20:31,1792.55,20.75,3.73,3276.70,0.00,20.3032,20.3547,20.1323,20.1890,37833518,1456608,1411116,37834680.0000,1455229.0000,1413591.7500,-32768,-32768,359
00:20:33,1776.26,20.75,3.73,3276.70,0.00,20.2977,20.3512,20.1260,20.1852,37832287,1456642,1411116,37834680.0000,1455313.3750,1413479.8750,-32768,-32768,359
00:20:35,1754.53,20.74,3.72,3276.70,0.00,20.2977,20.3440,20.1260,20.1773,37833224,1456882,1409974,37834392.0000,1455313.3750,1413027.8750,-32768,-32768,360
00:20:37,1743.67,20.73,3.72,3276.70,0.00,20.2798,20.3401,20.1260,20.1712,37830707,1456850,1410924,37834104.0000,1455579.3750,1412820.7500,-32768,-32768,360
00:20:39,1727.38,20.73,3.72,3276.70,0.00,20.2749,20.3342,20.1085,20.1673,37829743,1457051,1410630,37833880.0000,1455670.2500,1412668.0000,-32768,-32768,361
00:20:41,1711.09,20.73,3.71,3276.70,0.00,20.2739,20.3323,20.1078,20.1636,37831890,1457114,1409199,37833712.0000,1455757.0000,1412668.0000,-32768,-32768,361
00:20:42,1689.37,20.72,3.70,3276.70,0.00,20.2739,20.3267,20.1032,20.1599,37833096,1457458,1410531,37833672.0000,1455911.5000,1412260.3750,-32768,-32768,362
00:20:44,1673.07,20.72,3.69,3276.70,0.00,20.2679,20.3248,20.1012,20.1562,37834562,1457599,1410531,37833696.0000,1455964.2500,1412165.7500,-32768,-32768,362
00:20:47,1656.78,20.71,3.69,3276.70,0.00,20.2679,20.3192,20.1012,20.1506,37831148,1457519,1408633,37833576.0000,1455964.2500,1411795.3750,-32768,-32768,363
00:20:49,1640.49,20.71,3.67,3276.70,0.00,20.2587,20.3138,20.0901,20.1469,37826121,1457519,1408333,37833576.0000,1456249.6250,1411567.2500,-32768,-32768,363
00:20:53,1629.63,20.70,3.67,3276.70,0.00,20.2587,20.3068,20.0901,20.1398,37826121,1457926,1408333,37832572.0000,1456249.6250,1411462.7500,-32768,-32768,363
00:20:55,1602.48,20.69,3.67,3276.70,0.00,20.2587,20.3008,20.0901,20.1327,37840388,1458405,1409204,37833128.0000,1456630.6250,1411462.7500,-32768,-32768,364
00:20:58,1586.18,20.68,3.67,3276.70,0.00,20.2578,20.2968,20.0964,20.1304,37840245,1458575,1409204,37833128.0000,1456804.5000,1410841.3750,-32768,-32768,365
00:21:00,1564.46,20.68,3.65,3276.70,0.00,20.2578,20.2920,20.0964,20.1304,37838599,1458316,1409442,37834384.0000,1456990.1250,1410895.2500,-32768,-32768,365
00:21:02,1559.03,20.68,3.64,3276.70,0.00,20.2578,20.2920,20.0954,20.1304,37839067,1458427,1409338,37834732.0000,1456990.1250,1411093.7500,-32768,-32768,364
00:21:03,1553.60,20.67,3.64,3276.70,0.00,20.2566,20.2877,20.0953,20.1226,37837904,1458445,1409461,37834944.0000,1457164.7500,1410986.5000,-32768,-32768,364
00:21:05,1542.74,20.67,3.64,3276.70,0.00,20.2581,20.2858,20.0968,20.1209,37841479,1458500,1409714,37835148.0000,1457164.7500,1410946.6250,-32768,-32768,365
00:21:08,1531.88,20.67,3.64,3276.70,0.00,20.2581,20.2841,20.0968,20.1189,37841479,1458859,1409864,37836060.0000,1457394.8750,1410716.8750,-32768,-32768,365
00:21:11,1515.59,20.67,3.63,3276.70,0.00,20.2627,20.2814,20.0968,20.1171,37850433,1458859,1409532,37836060.0000,1457394.8750,1410455.2500,-32768,-32768,366
00:21:13,1499.29,20.67,3.62,3276.70,0.00,20.2643,20.2792,20.1070,20.1161,37854154,1459208,1415697,37838800.0000,1457394.8750,1410455.2500,-32768,-32768,365
00:21:14,1499.29,20.66,3.62,3276.70,0.00,20.2646,20.2783,20.1077,20.1155,37853192,1459403,1410074,37839680.0000,1457846.7500,1410802.7500,-32768,-32768,365
00:21:17,1493.86,20.66,3.62,3276.70,0.00,20.2646,20.2770,20.1077,20.1148,37854593,1459488,1403592,37841072.0000,1457947.1250,1410539.3750,-32768,-32768,366
00:21:20,1531.88,20.66,3.62,3276.70,0.00,20.2692,20.2770,20.1161,20.1148,37853725,1459488,1409939,37842716.0000,1458108.3750,1410539.3750,-32768,-32768,366
00:21:23,1537.31,20.65,3.63,3276.70,0.00,20.2918,20.2771,20.1396,20.1164,37822355,1456919,1409329,37842716.0000,1458029.0000,1410671.2500,-32768,-32768,365
00:21:26,1559.03,20.65,3.63,3276.70,0.00,20.3063,20.2771,20.1550,20.1164,37843881,1457976,1405307,37841144.0000,1458029.0000,1410280.7500,-32768,-32768,366
00:21:29,1591.62,20.65,3.64,3276.70,0.00,20.3063,20.2860,20.1550,20.1271,37843881,1457364,1417656,37841144.0000,1458029.0000,1410280.7500,-32768,-32768,364
00:21:32,1613.34,20.66,3.66,3276.70,0.00,20.3759,20.2932,20.1550,20.1375,37845462,1457364,1414165,37841144.0000,1457856.0000,1411314.5000,-32768,-32768,364
00:21:33,1624.20,20.66,3.67,3276.70,0.00,20.3759,20.3062,20.2572,20.1475,37834031,1456050,1407522,37842632.0000,1457754.3750,1411314.5000,-32768,-32768,364
00:21:35,1640.49,20.67,3.67,3276.70,0.00,20.4282,20.3100,20.2680,20.1512,37833421,1455758,1415153,37842344.0000,1457754.3750,1411399.0000,-32768,-32768,363
00:21:37,1651.35,20.67,3.69,3276.70,0.00,20.4460,20.3223,20.3005,20.1637,37849145,1456191,1422314,37842408.0000,1457754.3750,1411868.0000,-32768,-32768,362
00:21:39,1667.64,20.67,3.70,3276.70,0.00,20.4460,20.3313,20.3005,20.1781,37849145,1456474,1419713,37844148.0000,1457404.1250,1412851.8750,-32768,-32768,360
00:21:41,1678.51,20.68,3.70,3276.70,0.00,20.4460,20.3313,20.3486,20.1781,37867158,1457002,1418337,37845536.0000,1457375.8750,1413215.6250,-32768,-32768,359
00:21:43,1683.94,20.68,3.71,3276.70,0.00,20.5125,20.3557,20.3641,20.1781,37874074,1456743,1421825,37847168.0000,1457337.5000,1413719.7500,-32768,-32768,358
00:21:44,1700.23,20.68,3.72,3276.70,0.00,20.5295,20.3661,20.3806,20.2098,37875314,1456793,1421516,37848048.0000,1457320.3750,1413719.7500,-32768,-32768,356
00:21:46,1721.95,20.69,3.72,3276.70,0.00,20.5465,20.3769,20.3806,20.2098,37859372,1455459,1422589,37850016.0000,1457198.2500,1413719.7500,-32768,-32768,355
00:21:48,1738.24,20.69,3.73,3276.70,0.00,20.5598,20.3769,20.4208,20.2098,37864887,1455825,1424375,37851344.0000,1457059.1250,1415908.7500,-32768,-32768,353
00:21:51,1759.97,20.69,3.73,3276.70,0.00,20.5785,20.3769,20.4208,20.2562,37864887,1455072,1423215,37852148.0000,1457059.1250,1416566.1250,-32768,-32768,351
00:21:53,1781.69,20.72,3.75,3276.70,0.00,20.5785,20.4277,20.4208,20.2562,37850942,1454272,1423226,37851928.0000,1456635.7500,1417221.7500,-32768,-32768,350
00:21:56,1808.84,20.72,3.75,3276.70,0.00,20.5785,20.4456,20.4208,20.2989,37866636,1454272,1425412,37852612.0000,1456452.1250,1417962.5000,-32768,-32768,348
00:21:59,1852.29,20.73,3.77,3276.70,0.00,20.6484,20.4456,20.4208,20.3175,37866636,1453975,1426319,37853856.0000,1456284.2500,1418725.6250,-32768,-32768,346
00:22:00,1868.58,20.74,3.79,3276.70,0.00,20.6703,20.4815,20.5263,20.3300,37829914,1452330,1426319,37851748.0000,1455932.5000,1419338.0000,-32768,-32768,345
00:22:02,1890.30,20.75,3.79,3276.70,0.00,20.6864,20.4938,20.5436,20.3429,37816651,1451595,1425687,37850652.0000,1455797.0000,1419536.5000,-32768,-32768,344
00:22:04,1917.45,20.75,3.80,3276.70,0.00,20.7054,20.4938,20.5626,20.3429,37807394,1450685,1429179,37846932.0000,1455352.8750,1419536.5000,-32768,-32768,342
00:22:06,1939.18,20.77,3.80,3276.70,0.00,20.7291,20.5261,20.5870,20.3762,37806876,1450508,1427692,37844448.0000,1455057.6250,1420910.6250,-32768,-32768,341
00:22:08,1960.90,20.78,3.82,3276.70,0.00,20.7446,20.5261,20.6115,20.3762,37803128,1450094,1421123,37840892.0000,1454625.5000,1420829.3750,-32768,-32768,341
00:22:09,1971.76,20.79,3.82,3276.70,0.00,20.7612,20.5526,20.6206,20.3762,37796871,1449545,1427870,37838232.0000,1454317.2500,1421274.1250,-32768,-32768,340
00:22:12,1993.48,20.79,3.84,3276.70,0.00,20.7749,20.5660,20.6325,20.3762,37801578,1449504,1427870,37835904.0000,1454317.2500,1422530.0000,-32768,-32768,337
00:22:13,2004.34,20.81,3.85,3276.70,0.00,20.7931,20.5860,20.6479,20.4380,37813680,1450025,1430148,37834440.0000,1453767.8750,1422768.0000,-32768,-32768,337
00:22:14,2020.64,20.81,3.85,3276.70,0.00,20.8000,20.5927,20.6560,20.4448,37814171,1449981,1430820,37833808.0000,1453649.5000,1423019.6250,-32768,-32768,336
00:22:15,2031.50,20.82,3.85,3276.70,0.00,20.8067,20.5994,20.6627,20.4516,37810629,1449328,1433132,37832148.0000,1453398.6250,1423567.2500,-32768,-32768,335
00:22:17,2026.07,20.82,3.85,3276.70,0.00,20.8211,20.6128,20.6627,20.4652,37810629,1448957,1431388,37829832.0000,1453125.6250,1424103.3750,-32768,-32768,335
00:22:20,2020.64,20.84,3.85,3276.70,0.00,20.8367,20.6128,20.6627,20.4922,37810629,1450876,1422578,37828360.0000,1452795.6250,1424562.2500,-32768,-32768,333
00:22:21,2020.64,20.84,3.85,3276.70,0.00,20.8457,20.6577,20.7027,20.5112,37838472,1451116,1434408,37828996.0000,1452683.0000,1425149.8750,-32768,-32768,331
00:22:23,2015.21,20.86,3.85,3276.70,0.00,20.8463,20.6636,20.7021,20.5112,37844356,1451342,1434472,37829856.0000,1452590.8750,1425739.6250,-32768,-32768,330
00:22:24,2009.78,20.86,3.84,3276.70,0.00,20.8452,20.6747,20.6982,20.5284,37842806,1451071,1435128,37830264.0000,1452543.3750,1426033.0000,-32768,-32768,329
00:22:26,2009.78,20.88,3.84,3276.70,0.00,20.8445,20.6800,20.6966,20.5336,37846722,1451071,1434955,37830264.0000,1452473.1250,1426813.5000,-32768,-32768,327
00:22:28,2009.78,20.90,3.83,3276.70,0.00,20.8387,20.6945,20.6900,20.5480,37853070,1451071,1434955,37833372.0000,1452435.8750,1427670.8750,-32768,-32768,326
00:22:29,2004.34,20.91,3.83,3276.70,0.00,20.8318,20.7030,20.6841,20.5564,37853317,1451071,1434006,37834656.0000,1452410.7500,1428063.2500,-32768,-32768,325
00:22:31,2004.34,20.91,3.81,3276.70,0.00,20.8198,20.7139,20.6711,20.5672,37857841,1452380,1424377,37836084.0000,1452400.7500,1428138.2500,-32768,-32768,325
00:22:34,2004.34,20.93,3.80,3276.70,0.00,20.8173,20.7171,20.6711,20.5732,37857841,1452645,1424377,37836084.0000,1452412.0000,1428397.6250,-32768,-32768,324
00:22:35,2004.34,20.94,3.80,3276.70,0.00,20.8109,20.7257,20.6600,20.5785,37864529,1452810,1433437,37838996.0000,1452424.3750,1428555.1250,-32768,-32768,322
00:22:37,2004.34,20.95,3.80,3276.70,0.00,20.8074,20.7257,20.6571,20.5785,37874972,1453428,1434391,37842912.0000,1452504.7500,1429706.2500,-32768,-32768,321
00:22:39,2004.34,20.96,3.79,3276.70,0.00,20.8047,20.7377,20.6562,20.5785,37877701,1453729,1425437,37845004.0000,1452574.0000,1429684.5000,-32768,-32768,321
00:22:42,2004.34,20.97,3.79,3276.70,0.00,20.8047,20.7437,20.6551,20.5958,37877701,1453980,1432798,37848392.0000,1452687.8750,1429791.0000,-32768,-32768,320
00:22:44,2004.34,20.98,3.78,3276.70,0.00,20.8079,20.7493,20.6570,20.6012,37887407,1454003,1438771,37850756.0000,1452687.8750,1429791.0000,-32768,-32768,319
00:22:45,2004.34,21.00,3.78,3276.70,0.00,20.8120,20.7550,20.6602,20.6064,37893886,1454327,1435014,37854504.0000,1452910.0000,1430685.1250,-32768,-32768,319
00:22:47,2004.34,21.01,3.78,3276.70,0.00,20.8154,20.7568,20.6602,20.6082,37893603,1454539,1435190,37857008.0000,1453010.2500,1430685.1250,-32768,-32768,318
00:22:49,2004.34,21.02,3.78,3276.70,0.00,20.8223,20.7625,20.6695,20.6134,37898380,1454539,1435266,37859548.0000,1453113.2500,1431476.8750,-32768,-32768,317
00:22:51,2004.34,21.02,3.77,3276.70,0.00,20.8223,20.7685,20.6695,20.6189,37905290,1455161,1425786,37863656.0000,1453287.3750,1431545.1250,-32768,-32768,317
00:22:54,2004.34,21.04,3.77,3276.70,0.00,20.8223,20.7728,20.6695,20.6247,37912339,1455161,1436452,37869252.0000,1453518.7500,1431886.8750,-32768,-32768,316
00:22:56,2004.34,21.05,3.78,3276.70,0.00,20.8545,20.7798,20.6695,20.6308,37914770,1455254,1440620,37872052.0000,1453625.7500,1432426.1250,-32768,-32768,315
00:22:57,2004.34,21.06,3.79,3276.70,0.00,20.8630,20.7871,20.6999,20.6350,37918641,1455427,1438475,37874872.0000,1453735.3750,1432780.6250,-32768,-32768,314
00:23:01,2004.34,21.06,3.79,3276.70,0.00,20.8630,20.7917,20.6999,20.6412,37918641,1455755,1440205,37879256.0000,1453907.0000,1433482.8750,-32768,-32768,313
00:23:02,2004.34,21.09,3.77,3276.70,0.00,20.8647,20.7982,20.7094,20.6453,37927671,1455962,1440205,37883668.0000,1454088.5000,1433925.6250,-32768,-32768,312
00:23:04,2004.34,21.09,3.77,3276.70,0.00,20.8647,20.8043,20.7115,20.6512,37930290,1456374,1440205,37887984.0000,1454287.8750,1433991.2500,-32768,-32768,312
00:23:07,2004.34,21.11,3.77,3276.70,0.00,20.8692,20.8082,20.7154,20.6550,37935213,1456374,1440205,37890948.0000,1454287.8750,1434301.2500,-32768,-32768,311
00:23:08,2004.34,21.13,3.77,3276.70,0.00,20.8729,20.8121,20.7202,20.6550,37939942,1456184,1446325,37893908.0000,1454525.2500,1434961.2500,-32768,-32768,310
00:23:09,2004.34,21.14,3.77,3276.70,0.00,20.8773,20.8160,20.7256,20.6550,37943143,1456512,1439107,37896884.0000,1454642.6250,1435231.3750,-32768,-32768,309
00:23:12,2004.34,21.14,3.77,3276.70,0.00,20.8773,20.8220,20.7256,20.6711,37943143,1456530,1438103,37901396.0000,1454815.8750,1435669.5000,-32768,-32768,308
00:23:14,2004.34,21.16,3.77,3276.70,0.00,20.8911,20.8220,20.7420,20.6711,37949819,1456681,1440272,37905692.0000,1454983.7500,1436116.8750,-32768,-32768,307
00:23:16,2004.34,21.17,3.77,3276.70,0.00,20.9030,20.8327,20.7491,20.6797,37950824,1456820,1440911,37905692.0000,1454983.7500,1436404.8750,-32768,-32768,306
00:23:19,2004.34,21.18,3.78,3276.70,0.00,20.9193,20.8400,20.7600,20.6866,37952996,1456935,1440911,37912636.0000,1454983.7500,1436915.7500,-32768,-32768,305
00:23:21,2004.34,21.20,3.78,3276.70,0.00,20.9193,20.8481,20.7600,20.6965,37957766,1457106,1442874,37916612.0000,1455423.1250,1436915.7500,-32768,-32768,304
00:23:24,2004.34,21.22,3.77,3276.70,0.00,20.9193,20.8600,20.7600,20.7071,37964146,1457143,1443597,37922140.0000,1455626.1250,1438189.7500,-32768,-32768,303
00:23:26,2004.34,21.24,3.77,3276.70,0.00,20.9193,20.8693,20.7600,20.7155,37964146,1457287,1444780,37926072.0000,1455775.1250,1438722.6250,-32768,-32768,302
00:23:27,2004.34,21.26,3.77,3276.70,0.00,20.9674,20.8753,20.8060,20.7183,37970177,1457276,1447242,37927452.0000,1455822.1250,1438988.8750,-32768,-32768,301
00:23:29,2004.34,21.27,3.77,3276.70,0.00,20.9682,20.8782,20.8084,20.7211,37971878,1457406,1446560,37930120.0000,1455919.3750,1438988.8750,-32768,-32768,300
00:23:30,2004.34,21.28,3.77,3276.70,0.00,20.9704,20.8837,20.8084,20.7295,37971071,1457397,1445022,37932692.0000,1456012.0000,1439750.5000,-32768,-32768,300
00:23:32,2004.34,21.29,3.77,3276.70,0.00,20.9704,20.8919,20.8084,20.7377,37976466,1457423,1445973,37936548.0000,1456139.6250,1440324.5000,-32768,-32768,299
00:23:35,1998.91,21.31,3.76,3276.70,0.00,20.9704,20.8919,20.8269,20.7377,37979010,1457686,1444975,37940332.0000,1456274.6250,1440793.2500,-32768,-32768,297
00:23:38,2004.34,21.32,3.77,3276.70,0.00,20.9877,20.8919,20.8340,20.7377,37981428,1457610,1444975,37944012.0000,1456274.6250,1441374.7500,-32768,-32768,297
00:23:39,2004.34,21.35,3.76,3276.70,0.00,20.9979,20.9157,20.8446,20.7591,37983959,1457737,1447703,37946448.0000,1456481.1250,1441572.5000,-32768,-32768,296
00:23:40,2004.34,21.35,3.76,3276.70,0.00,21.0009,20.9184,20.8480,20.7619,37985489,1457834,1445060,37947668.0000,1456523.3750,1441681.5000,-32768,-32768,296
00:23:41,2004.34,21.36,3.76,3276.70,0.00,21.0040,20.9210,20.8509,20.7647,37986065,1457851,1447049,37948868.0000,1456564.8750,1441849.2500,-32768,-32768,295
00:23:44,2004.34,21.37,3.76,3276.70,0.00,21.0112,20.9210,20.8580,20.7647,37987795,1457799,1447049,37953592.0000,1456715.0000,1442480.5000,-32768,-32768,294
00:23:46,2004.34,21.38,3.76,3276.70,0.00,21.0112,20.9378,20.8746,20.7819,37992259,1457909,1448260,37955940.0000,1456788.7500,1442829.8750,-32768,-32768,293
00:23:49,2004.34,21.40,3.77,3276.70,0.00,21.0112,20.9470,20.8746,20.7944,37992259,1458025,1448260,37961520.0000,1456964.2500,1443690.5000,-32768,-32768,291
00:23:52,2004.34,21.42,3.77,3276.70,0.00,21.0112,20.9607,20.8746,20.8077,37998535,1458154,1448749,37964856.0000,1457068.2500,1444292.8750,-32768,-32768,290
00:23:53,2004.34,21.44,3.77,3276.70,0.00,21.0851,20.9681,20.9189,20.8111,37998503,1457960,1450994,37965904.0000,1457096.1250,1444502.2500,-32768,-32768,290
00:23:54,2004.34,21.44,3.77,3276.70,0.00,21.0921,20.9720,20.9247,20.8146,37999631,1458055,1450830,37966960.0000,1457126.1250,1444700.0000,-32768,-32768,289
00:23:56,2004.34,21.45,3.77,3276.70,0.00,21.0921,20.9799,20.9358,20.8219,38002790,1458196,1452578,37969096.0000,1457190.7500,1445157.7500,-32768,-32768,288
00:23:58,1998.91,21.45,3.77,3276.70,0.00,21.1173,20.9799,20.9567,20.8219,38002787,1457884,1452507,37972116.0000,1457260.3750,1445801.1250,-32768,-32768,287
00:24:00,2004.34,21.48,3.77,3276.70,0.00,21.1314,21.0007,20.9673,20.8415,38004761,1457992,1452507,37975064.0000,1457324.7500,1446450.6250,-32768,-32768,285
00:24:00,2004.34,21.49,3.77,3276.70,0.00,21.1333,21.0089,20.9736,20.8495,38006128,1457848,1453723,37976032.0000,1457341.1250,1446677.8750,-32768,-32768,285
00:24:02,2004.34,21.50,3.77,3276.70,0.00,21.1348,21.0128,20.9736,20.8495,38007158,1457983,1454004,37977968.0000,1457379.2500,1447118.5000,-32768,-32768,284
00:24:04,1998.91,21.51,3.77,3276.70,0.00,21.1377,21.0204,20.9813,20.8612,38009702,1457913,1455339,37978960.0000,1457396.0000,1447375.3750,-32768,-32768,284
00:24:06,1998.91,21.53,3.77,3276.70,0.00,21.1417,21.0277,20.9813,20.8726,38010981,1458085,1454333,37981872.0000,1457466.7500,1447933.8750,-32768,-32768,282
00:24:07,2004.34,21.55,3.77,3276.70,0.00,21.1466,21.0350,20.9813,20.8800,38012972,1458024,1455914,37983772.0000,1457500.8750,1448371.0000,-32768,-32768,281
00:24:10,2004.34,21.55,3.77,3276.70,0.00,21.1556,21.0350,21.0047,20.8800,38017659,1458219,1455493,37986664.0000,1457561.2500,1448966.7500,-32768,-32768,280
00:24:13,2004.34,21.58,3.77,3276.70,0.00,21.1656,21.0350,21.0118,20.8800,38019189,1458255,1457524,37989524.0000,1457618.8750,1449558.3750,-32768,-32768,278
00:24:15,2004.34,21.60,3.77,3276.70,0.00,21.1767,21.0667,21.0118,20.9130,38019189,1458370,1454364,37993512.0000,1457703.7500,1450262.3750,-32768,-32768,277
00:24:16,1998.91,21.62,3.77,3276.70,0.00,21.1880,21.0773,21.0339,20.9203,38025596,1458383,1457474,37994512.0000,1457724.8750,1450487.7500,-32768,-32768,277
00:24:17,2004.34,21.63,3.77,3276.70,0.00,21.1925,21.0809,21.0386,20.9239,38027770,1458380,1456854,37995552.0000,1457724.8750,1450901.6250,-32768,-32768,276
00:24:19,1998.91,21.63,3.77,3276.70,0.00,21.2026,21.0882,21.0482,20.9314,38025835,1458380,1460104,37998428.0000,1457803.6250,1451382.6250,-32768,-32768,275
00:24:21,1998.91,21.65,3.77,3276.70,0.00,21.2131,21.0956,21.0586,20.9390,38029674,1458522,1456645,37999408.0000,1457826.1250,1451547.0000,-32768,-32768,274
00:24:24,1998.91,21.66,3.77,3276.70,0.00,21.2131,21.1073,21.0586,20.9509,38029674,1458522,1460873,38003392.0000,1457900.7500,1451547.0000,-32768,-32768,272
00:24:26,1998.91,21.68,3.77,3276.70,0.00,21.2543,21.1199,21.0969,20.9635,38036252,1458431,1460032,38005372.0000,1457900.7500,1451547.0000,-32768,-32768,271
00:24:29,2004.34,21.69,3.77,3276.70,0.00,21.2543,21.1335,21.0969,20.9811,38036252,1458440,1463264,38010080.0000,1457900.7500,1451547.0000,-32768,-32768,269
00:24:30,1998.91,21.71,3.77,3276.70,0.00,21.2879,21.1472,21.1305,20.9901,38041135,1458440,1463264,38012004.0000,1458037.7500,1454658.7500,-32768,-32768,268
00:24:33,2004.34,21.72,3.77,3276.70,0.00,21.2879,21.1604,21.1305,21.0080,38044558,1458546,1463293,38014800.0000,1458078.1250,1455405.8750,-32768,-32768,267
00:24:35,2004.34,21.74,3.77,3276.70,0.00,21.3044,21.1604,21.1529,21.0080,38044276,1458426,1466081,38017492.0000,1458078.1250,1456203.1250,-32768,-32768,265
00:24:37,1998.91,21.76,3.78,3276.70,0.00,21.3157,21.1820,21.1618,21.0255,38044276,1458426,1463928,38019244.0000,1458078.1250,1456203.1250,-32768,-32768,264
00:24:39,2004.34,21.77,3.78,3276.70,0.00,21.3236,21.1906,21.1618,21.0255,38047756,1458386,1463970,38020968.0000,1458150.2500,1457077.2500,-32768,-32768,263
00:24:40,1998.91,21.79,3.76,3276.70,0.00,21.3362,21.2034,21.1832,21.0474,38048830,1458390,1458985,38022700.0000,1458164.5000,1457270.1250,-32768,-32768,263
00:24:42,1998.91,21.79,3.76,3276.70,0.00,21.3454,21.2119,21.1922,21.0562,38050646,1458418,1465705,38024392.0000,1458177.2500,1457755.3750,-32768,-32768,262
00:24:43,1998.91,21.81,3.78,3276.70,0.00,21.3556,21.2206,21.2025,21.0650,38048850,1458391,1463358,38025948.0000,1458190.0000,1458175.2500,-32768,-32768,260
00:24:44,1998.91,21.83,3.78,3276.70,0.00,21.3604,21.2249,21.2079,21.0695,38052153,1458330,1466934,38026768.0000,1458201.7500,1458670.6250,-32768,-32768,260
00:24:46,1998.91,21.83,3.78,3276.70,0.00,21.3707,21.2337,21.2190,21.0785,38054490,1458436,1466934,38026768.0000,1458209.1250,1458919.8750,-32768,-32768,259
00:24:48,2004.34,21.85,3.76,3276.70,0.00,21.3752,21.2381,21.2237,21.0830,38055259,1458420,1466934,38030168.0000,1458209.1250,1460133.3750,-32768,-32768,259
00:24:49,1998.91,21.86,3.76,3276.70,0.00,21.3884,21.2514,21.2375,21.0966,38056815,1458360,1466534,38031792.0000,1458223.5000,1460333.3750,-32768,-32768,259
00:24:50,1998.91,21.87,3.76,3276.70,0.00,21.3929,21.2558,21.2420,21.1011,38057047,1458283,1467910,38032580.0000,1458225.3750,1460570.1250,-32768,-32768,256
00:24:53,2004.34,21.88,3.78,3276.70,0.00,21.3929,21.2690,21.2420,21.1147,38059427,1458433,1459088,38034984.0000,1458241.2500,1460570.1250,-32768,-32768,255
00:24:54,2004.34,21.91,3.78,3276.70,0.00,21.4195,21.2823,21.2684,21.1282,38062932,1458456,1469713,38037448.0000,1458252.7500,1461520.3750,-32768,-32768,254
00:24:57,2004.34,21.92,3.76,3276.70,0.00,21.4195,21.2911,21.2684,21.1418,38065459,1458402,1469193,38039832.0000,1458270.0000,1461520.3750,-32768,-32768,253
00:24:59,2004.34,21.94,3.77,3276.70,0.00,21.4377,21.2999,21.2684,21.1418,38066320,1458494,1470255,38041416.0000,1458282.1250,1461520.3750,-32768,-32768,251
00:25:01,1998.91,21.95,3.78,3276.70,0.00,21.4523,21.3132,21.3005,21.1598,38067258,1458295,1479588,38042952.0000,1458281.6250,1463349.5000,-32768,-32768,251
00:25:03,1998.91,21.96,3.78,3276.70,0.00,21.4629,21.3223,21.3106,21.1689,38068813,1458265,1479588,38045304.0000,1458282.6250,1464073.6250,-32768,-32768,249
00:25:03,2004.34,21.97,3.78,3276.70,0.00,21.4742,21.3314,21.3210,21.1781,38073826,1458562,1466120,38046196.0000,1458291.3750,1464137.6250,-32768,-32768,249
00:25:04,2004.34,21.98,3.77,3276.70,0.00,21.4802,21.3360,21.3268,21.1827,38072710,1458632,1464915,38047024.0000,1458303.0000,1464412.1250,-32768,-32768,248
00:25:05,1998.91,21.99,3.77,3276.70,0.00,21.4919,21.3454,21.3384,21.1920,38071685,1458380,1472067,38048504.0000,1458305.5000,1464651.2500,-32768,-32768,248
00:25:07,2004.34,21.99,3.77,3276.70,0.00,21.4977,21.3501,21.3439,21.1968,38073200,1458229,1470213,38050104.0000,1458304.6250,1465087.7500,-32768,-32768,247
00:25:09,1998.91,22.00,3.77,3276.70,0.00,21.5035,21.3501,21.3439,21.2063,38073200,1458229,1473883,38051760.0000,1458304.0000,1465509.2500,-32768,-32768,246
00:25:11,1998.91,22.02,3.78,3276.70,0.00,21.5217,21.3694,21.3671,21.2063,38077686,1458279,1474738,38051760.0000,1458304.0000,1466074.6250,-32768,-32768,245
00:25:12,2004.34,22.02,3.78,3276.70,0.00,21.5395,21.3843,21.3858,21.2308,38077523,1458165,1484439,38054824.0000,1458304.0000,1467150.2500,-32768,-32768,243
00:25:16,1998.91,22.05,3.78,3276.70,0.00,21.5395,21.3996,21.3858,21.2461,38077523,1458319,1469493,38057832.0000,1458287.0000,1467981.2500,-32768,-32768,241
00:25:19,2004.34,22.07,3.77,3276.70,0.00,21.5395,21.4208,21.3858,21.2673,38083055,1457936,1477532,38060140.0000,1458287.0000,1467981.2500,-32768,-32768,239
00:25:20,2004.34,22.09,3.78,3276.70,0.00,21.5997,21.4316,21.4474,21.2836,38085174,1457926,1479494,38062312.0000,1458248.5000,1469495.0000,-32768,-32768,238
00:25:23,2004.34,22.11,3.77,3276.70,0.00,21.5997,21.4480,21.4474,21.3000,38084938,1457921,1478891,38064356.0000,1458227.1250,1470338.8750,-32768,-32768,237
00:25:24,1998.91,22.13,3.77,3276.70,0.00,21.6280,21.4589,21.4753,21.3054,38085450,1457711,1484240,38065016.0000,1458211.0000,1470338.8750,-32768,-32768,235
00:25:25,2004.34,22.14,3.77,3276.70,0.00,21.6356,21.4696,21.4816,21.3161,38086122,1457881,1480329,38066332.0000,1458185.8750,1471579.5000,-32768,-32768,234
00:25:26,2004.34,22.15,3.77,3276.70,0.00,21.6392,21.4696,21.4816,21.3265,38088426,1457976,1479855,38067648.0000,1458171.7500,1472121.3750,-32768,-32768,233
00:25:29,2004.34,22.16,3.77,3276.70,0.00,21.6392,21.4905,21.4923,21.3366,38087183,1458039,1469149,38068880.0000,1458161.7500,1472121.3750,-32768,-32768,233
00:25:30,1998.91,22.17,3.78,3276.70,0.00,21.6584,21.5007,21.4995,21.3465,38087547,1457785,1480208,38070020.0000,1458140.3750,1472516.2500,-32768,-32768,232
00:25:31,2004.34,22.18,3.77,3276.70,0.00,21.6618,21.5057,21.5039,21.3514,38088445,1457732,1481106,38070596.0000,1458111.6250,1473173.7500,-32768,-32768,231
00:25:34,2004.34,22.19,3.77,3276.70,0.00,21.6686,21.5057,21.5170,21.3514,38092085,1457759,1481106,38072996.0000,1458076.3750,1474158.7500,-32768,-32768,229
00:25:36,1998.91,22.21,3.77,3276.70,0.00,21.6686,21.5057,21.5290,21.3514,38091474,1457610,1481106,38074780.0000,1458041.8750,1475661.6250,-32768,-32768,229
00:25:38,2004.34,22.23,3.77,3276.70,0.00,21.6973,21.5492,21.5414,21.3946,38091650,1457616,1481106,38076328.0000,1458006.0000,1476110.0000,-32768,-32768,225
00:25:41,2004.34,22.25,3.77,3276.70,0.00,21.6973,21.5635,21.5414,21.4134,38098401,1457655,1484836,38078104.0000,1457984.0000,1476316.7500,-32768,-32768,224
00:25:42,1998.91,22.26,3.77,3276.70,0.00,21.7214,21.5730,21.5661,21.4182,38096681,1457629,1484823,38078688.0000,1457972.8750,1476582.6250,-32768,-32768,223
00:25:44,1998.91,22.29,3.77,3276.70,0.00,21.7316,21.5825,21.5776,21.4278,38098715,1457518,1489737,38079896.0000,1457972.8750,1477678.6250,-32768,-32768,222
00:25:45,1998.91,22.30,3.77,3276.70,0.00,21.7419,21.5921,21.5885,21.4278,38099028,1457640,1485371,38081048.0000,1457922.5000,1477919.0000,-32768,-32768,220
00:25:49,2004.34,22.31,3.77,3276.70,0.00,21.7419,21.6067,21.5885,21.4521,38099028,1457765,1490343,38083668.0000,1457885.3750,1479157.2500,-32768,-32768,218
00:25:50,1998.91,22.33,3.77,3276.70,0.00,21.7760,21.6215,21.5885,21.4720,38104956,1457529,1487105,38085608.0000,1457861.0000,1479898.6250,-32768,-32768,217
00:25:53,2004.34,22.35,3.77,3276.70,0.00,21.7760,21.6365,21.5885,21.4872,38109666,1457554,1489408,38085608.0000,1457861.0000,1480516.2500,-32768,-32768,216
00:25:54,1998.91,22.37,3.77,3276.70,0.00,21.8062,21.6467,21.6515,21.4923,38108448,1457619,1489369,38088316.0000,1457836.6250,1480793.0000,-32768,-32768,215
00:25:56,2004.34,22.38,3.77,3276.70,0.00,21.8122,21.6519,21.6515,21.4923,38111516,1457653,1487611,38089708.0000,1457823.3750,1480793.0000,-32768,-32768,214
00:25:57,2004.34,22.40,3.77,3276.70,0.00,21.8323,21.6676,21.6780,21.5132,38111387,1457499,1489775,38091032.0000,1457809.0000,1481714.2500,-32768,-32768,214
00:25:58,1998.91,22.41,3.77,3276.70,0.00,21.8398,21.6730,21.6855,21.5186,38112235,1457520,1489811,38091696.0000,1457799.8750,1481967.2500,-32768,-32768,213
00:26:00,1998.91,22.41,3.77,3276.70,0.00,21.8531,21.6838,21.6984,21.5294,38115060,1457538,1489811,38093040.0000,1457785.1250,1482477.6250,-32768,-32768,212
00:26:01,1998.91,22.42,3.77,3276.70,0.00,21.8585,21.6893,21.7028,21.5348,38116010,1457450,1491151,38094396.0000,1457765.1250,1483016.8750,-32768,-32768,211
00:26:04,2004.34,22.43,3.77,3276.70,0.00,21.8585,21.7054,21.7028,21.5562,38116010,1457285,1491151,38096972.0000,1457718.2500,1484108.8750,-32768,-32768,209
00:26:07,2004.34,22.46,3.77,3276.70,0.00,21.8585,21.7268,21.7028,21.5562,38117586,1457077,1493524,38098804.0000,1457664.6250,1484909.2500,-32768,-32768,207
00:26:09,2004.34,22.47,3.77,3276.70,0.00,21.9102,21.7268,21.7565,21.5562,38118683,1457108,1493350,38100524.0000,1457622.0000,1485711.3750,-32768,-32768,206
00:26:10,1998.91,22.50,3.77,3276.70,0.00,21.9211,21.7537,21.7667,21.5992,38119233,1457039,1494084,38101112.0000,1457603.7500,1485973.0000,-32768,-32768,206
00:26:11,2004.34,22.50,3.77,3276.70,0.00,21.9270,21.7591,21.7721,21.6046,38121119,1457071,1494764,38101736.0000,1457587.1250,1486247.7500,-32768,-32768,205
00:26:13,1998.91,22.50,3.77,3276.70,0.00,21.9396,21.7700,21.7840,21.6209,38121565,1456953,1495130,38101736.0000,1457535.8750,1487046.3750,-32768,-32768,204
00:26:15,1998.91,22.53,3.77,3276.70,0.00,21.9396,21.7866,21.7840,21.6320,38123720,1456953,1495130,38105376.0000,1457496.2500,1487848.0000,-32768,-32768,202
00:26:17,2004.34,22.55,3.77,3276.70,0.00,21.9831,21.8038,21.8283,21.6491,38127848,1456953,1495130,38106760.0000,1457468.1250,1488459.6250,-32768,-32768,200
00:26:20,1998.91,22.56,3.77,3276.70,0.00,21.9831,21.8153,21.8283,21.6662,38129827,1457090,1498100,38108800.0000,1457426.2500,1489333.2500,-32768,-32768,199
00:26:21,1998.91,22.56,3.76,3276.70,0.00,22.0068,21.8323,21.8508,21.6774,38132598,1457215,1498740,38110216.0000,1457410.8750,1489333.2500,-32768,-32768,197
00:26:23,2004.34,22.59,3.77,3276.70,0.00,22.0112,21.8379,21.8595,21.6885,38132096,1456955,1502791,38111544.0000,1457410.8750,1490748.3750,-32768,-32768,197
00:26:27,2004.34,22.60,3.77,3276.70,0.00,22.0112,21.8544,21.8595,21.7048,38132096,1456928,1502791,38111544.0000,1457410.8750,1491868.1250,-32768,-32768,194
00:26:27,2004.34,22.63,3.76,3276.70,0.00,22.0429,21.8760,21.8864,21.7209,38137208,1456876,1499802,38115772.0000,1457304.5000,1492116.0000,-32768,-32768,194
00:26:29,2004.34,22.63,3.77,3276.70,0.00,22.0479,21.8813,21.8864,21.7209,38136480,1456821,1500656,38117048.0000,1457304.5000,1492628.8750,-32768,-32768,193
00:26:32,2004.34,22.64,3.77,3276.70,0.00,22.0479,21.9027,21.9093,21.7470,38139285,1456740,1500656,38118896.0000,1457231.1250,1492628.8750,-32768,-32768,191
00:26:34,1998.91,22.67,3.77,3276.70,0.00,22.0771,21.9132,21.9195,21.7574,38139399,1456680,1500656,38120768.0000,1457174.2500,1494322.1250,-32768,-32768,189
00:26:35,2004.34,22.67,3.77,3276.70,0.00,22.0873,21.9237,21.9299,21.7678,38139399,1456601,1508578,38121384.0000,1457156.3750,1494767.6250,-32768,-32768,189
00:26:39,2004.34,22.69,3.77,3276.70,0.00,22.0873,21.9395,21.9299,21.7886,38146219,1456601,1494263,38124000.0000,1457111.7500,1494767.6250,-32768,-32768,187
00:26:40,2004.34,22.71,3.77,3276.70,0.00,22.1185,21.9552,21.9299,21.7886,38144825,1456609,1504902,38125920.0000,1457075.5000,1496108.3750,-32768,-32768,186
00:26:42,1998.91,22.73,3.77,3276.70,0.00,22.1344,21.9709,21.9773,21.8146,38145039,1456564,1507730,38127128.0000,1457046.6250,1496748.0000,-32768,-32768,185
00:26:45,1998.91,22.74,3.77,3276.70,0.00,22.1344,21.9814,21.9773,21.8303,38145039,1456469,1506510,38129700.0000,1456985.7500,1496748.0000,-32768,-32768,182
00:26:46,2004.34,22.76,3.76,3276.70,0.00,22.1607,21.9972,22.0034,21.8408,38149337,1456538,1514948,38130312.0000,1456971.7500,1498433.8750,-32768,-32768,181
00:26:48,1998.91,22.77,3.76,3276.70,0.00,22.1661,22.0025,22.0034,21.8513,38149337,1456514,1507442,38132352.0000,1456924.7500,1499397.8750,-32768,-32768,180
00:26:52,1998.91,22.79,3.76,3276.70,0.00,22.1661,22.0236,22.0034,21.8723,38149337,1456640,1507721,38135120.0000,1456924.7500,1499397.8750,-32768,-32768,178
00:26:54,2004.34,22.81,3.76,3276.70,0.00,22.1661,22.0448,22.0519,21.8881,38156447,1456516,1500406,38137032.0000,1456862.8750,1500507.0000,-32768,-32768,178
00:26:57,1998.91,22.83,3.76,3276.70,0.00,22.1661,22.0607,22.0519,21.9092,38156447,1456256,1510940,38139736.0000,1456815.2500,1501482.3750,-32768,-32768,175
00:26:59,2004.34,22.85,3.77,3276.70,0.00,22.2426,22.0767,22.0839,21.9197,38160818,1456256,1510940,38140392.0000,1456815.2500,1502567.2500,-32768,-32768,174
00:27:01,1998.91,22.87,3.76,3276.70,0.00,22.2426,22.0927,22.1005,21.9356,38163202,1456371,1510640,38142344.0000,1456740.8750,1503074.6250,-32768,-32768,173
00:27:02,1998.91,22.88,3.76,3276.70,0.00,22.2639,22.0927,22.1117,21.9356,38165282,1456583,1514911,38144388.0000,1456718.7500,1504063.3750,-32768,-32768,171
00:27:04,2004.34,22.88,3.76,3276.70,0.00,22.2812,22.1141,22.1222,21.9569,38166112,1456439,1512488,38145064.0000,1456710.0000,1504326.7500,-32768,-32768,170
00:27:06,1998.91,22.90,3.77,3276.70,0.00,22.2868,22.1195,22.1271,21.9622,38165942,1456304,1513488,38145064.0000,1456710.0000,1504326.7500,-32768,-32768,169
00:27:07,1998.91,22.90,3.77,3276.70,0.00,22.3026,22.1356,22.1439,21.9622,38167874,1456376,1505480,38147684.0000,1456669.0000,1504877.3750,-32768,-32768,169
00:27:09,2004.34,22.93,3.76,3276.70,0.00,22.3133,22.1356,22.1439,21.9888,38170081,1456246,1514935,38149708.0000,1456630.8750,1505743.2500,-32768,-32768,168
00:27:10,1998.91,22.94,3.76,3276.70,0.00,22.3248,22.1571,22.1660,21.9995,38171721,1456156,1523244,38150396.0000,1456616.1250,1506290.1250,-32768,-32768,167
00:27:12,1998.91,22.95,3.76,3276.70,0.00,22.3310,22.1625,22.1713,21.9995,38174569,1456374,1523244,38152496.0000,1456582.8750,1507324.7500,-32768,-32768,165
00:27:15,1998.91,22.96,3.76,3276.70,0.00,22.3310,22.1843,22.1713,22.0263,38174569,1456283,1515782,38154636.0000,1456551.5000,1508088.6250,-32768,-32768,163
00:27:18,2004.34,22.99,3.76,3276.70,0.00,22.3310,22.2005,22.1713,22.0479,38174569,1456284,1515782,38154636.0000,1456506.2500,1508960.1250,-32768,-32768,161
00:27:19,2004.34,23.01,3.76,3276.70,0.00,22.3868,22.2168,22.2259,22.0586,38180177,1456205,1510569,38158200.0000,1456496.8750,1509010.3750,-32768,-32768,161
00:27:20,2004.34,23.01,3.76,3276.70,0.00,22.3920,22.2223,22.2314,22.0640,38180642,1456117,1518292,38159616.0000,1456473.8750,1509594.2500,-32768,-32768,160
00:27:21,1998.91,23.02,3.76,3276.70,0.00,22.4025,22.2332,22.2429,22.0748,38181272,1456142,1519189,38160296.0000,1456463.5000,1509894.1250,-32768,-32768,160
00:27:22,1998.91,23.03,3.76,3276.70,0.00,22.4081,22.2386,22.2487,22.0802,38182538,1455911,1526185,38160988.0000,1456446.2500,1510403.2500,-32768,-32768,158
00:27:24,2004.34,23.04,3.76,3276.70,0.00,22.4193,22.2495,22.2598,22.0911,38183512,1456165,1526185,38162408.0000,1456424.3750,1511146.0000,-32768,-32768,157
00:27:26,1998.91,23.05,3.76,3276.70,0.00,22.4193,22.2605,22.2598,22.1073,38184894,1455990,1529480,38164408.0000,1456388.3750,1512283.2500,-32768,-32768,155
00:27:27,2004.34,23.07,3.76,3276.70,0.00,22.4424,22.2715,22.2811,22.1128,38188123,1455833,1527360,38165152.0000,1456371.0000,1512754.3750,-32768,-32768,155
00:27:28,2004.34,23.07,3.76,3276.70,0.00,22.4477,22.2770,22.2874,22.1182,38188074,1456023,1527360,38166556.0000,1456353.0000,1513286.2500,-32768,-32768,154
00:27:30,2004.34,23.09,3.76,3276.70,0.00,22.4639,22.2934,22.3046,22.1346,38190007,1456142,1514650,38167976.0000,1456353.0000,1513632.1250,-32768,-32768,153
00:27:33,2004.34,23.10,3.76,3276.70,0.00,22.4758,22.3044,22.3046,22.1510,38190007,1456142,1522757,38170200.0000,1456308.1250,1514197.8750,-32768,-32768,152
00:27:35,2004.34,23.12,3.78,3276.70,0.00,22.4758,22.3210,22.3046,22.1620,38190007,1455826,1524260,38172244.0000,1456277.1250,1514197.8750,-32768,-32768,150
00:27:37,1998.91,23.14,3.78,3276.70,0.00,22.5089,22.3376,22.3489,22.1784,38195812,1456015,1524260,38174416.0000,1456248.1250,1515773.8750,-32768,-32768,149
00:27:40,1998.91,23.15,3.76,3276.70,0.00,22.5089,22.3541,22.3489,22.2004,38195812,1455857,1526012,38177588.0000,1456195.5000,1517327.7500,-32768,-32768,149
00:27:44,2004.34,23.18,3.76,3276.70,0.00,22.5089,22.3541,22.3879,22.2004,38203879,1455857,1526012,38180540.0000,1456157.5000,1517327.7500,-32768,-32768,144
00:27:45,2004.34,23.20,3.76,3276.70,0.00,22.5653,22.3930,22.4052,22.2333,38202761,1455742,1526919,38181236.0000,1456144.5000,1518721.2500,-32768,-32768,143
00:27:46,2004.34,23.22,3.76,3276.70,0.00,22.5770,22.3930,22.4164,22.2444,38207370,1455761,1529027,38183424.0000,1456116.2500,1519561.8750,-32768,-32768,142
00:27:48,2004.34,23.22,3.76,3276.70,0.00,22.5889,22.4152,22.4271,22.2554,38206679,1455851,1529332,38184152.0000,1456108.0000,1519867.1250,-32768,-32768,141
00:27:49,2004.34,23.24,3.76,3276.70,0.00,22.6003,22.4264,22.4382,22.2664,38209552,1455917,1529480,38185672.0000,1456095.1250,1520427.8750,-32768,-32768,140
00:27:50,2004.34,23.24,3.76,3276.70,0.00,22.6053,22.4320,22.4437,22.2720,38211193,1455903,1528284,38186468.0000,1456089.1250,1520673.3750,-32768,-32768,140
00:27:52,2004.34,23.25,3.76,3276.70,0.00,22.6111,22.4376,22.4496,22.2775,38211104,1455903,1528284,38188048.0000,1456075.2500,1520673.3750,-32768,-32768,138
00:27:53,2004.34,23.27,3.76,3276.70,0.00,22.6278,22.4543,22.4669,22.2941,38214029,1455806,1531884,38189624.0000,1456061.1250,1521920.5000,-32768,-32768,138
00:27:56,1998.91,23.27,3.76,3276.70,0.00,22.6395,22.4543,22.4829,22.3108,38215560,1455770,1531857,38192072.0000,1456034.3750,1521920.5000,-32768,-32768,136
00:27:58,1998.91,23.30,3.77,3276.70,0.00,22.6569,22.4823,22.4944,22.3219,38217727,1455810,1532552,38193592.0000,1456022.0000,1523379.7500,-32768,-32768,136
00:27:59,1998.91,23.31,3.77,3276.70,0.00,22.6675,22.4935,22.5061,22.3330,38219763,1455700,1534613,38195160.0000,1456004.1250,1523972.6250,-32768,-32768,134
00:28:02,2004.34,23.33,3.77,3276.70,0.00,22.6675,22.5102,22.5061,22.3552,38223453,1455719,1533963,38198296.0000,1455971.6250,1525080.2500,-32768,-32768,132
00:28:04,2004.34,23.34,3.77,3276.70,0.00,22.6965,22.5215,22.5337,22.3608,38223769,1455762,1533963,38199096.0000,1455965.0000,1525080.2500,-32768,-32768,131
00:28:06,1998.91,23.36,3.77,3276.70,0.00,22.6965,22.5384,22.5337,22.3830,38226745,1455771,1536973,38202196.0000,1455931.6250,1525080.2500,-32768,-32768,129
00:28:08,2004.34,23.37,3.77,3276.70,0.00,22.6965,22.5609,22.5733,22.3998,38230152,1455633,1537187,38204648.0000,1455903.5000,1527496.6250,-32768,-32768,128
00:28:10,2004.34,23.39,3.77,3276.70,0.00,22.7414,22.5665,22.5791,22.4054,38231152,1455633,1537198,38204648.0000,1455893.1250,1528049.7500,-32768,-32768,126
00:28:12,2004.34,23.41,3.77,3276.70,0.00,22.7591,22.5834,22.5956,22.4221,38232015,1455659,1537411,38204648.0000,1455893.1250,1528963.0000,-32768,-32768,125
00:28:16,2004.34,23.42,3.77,3276.70,0.00,22.7591,22.6004,22.5956,22.4445,38232015,1455615,1537411,38211960.0000,1455852.5000,1530174.3750,-32768,-32768,123
00:28:17,2004.34,23.45,3.77,3276.70,0.00,22.7929,22.6173,22.5956,22.4612,38238524,1455585,1539777,38213564.0000,1455836.7500,1530773.6250,-32768,-32768,122
00:28:20,2004.34,23.45,3.77,3276.70,0.00,22.8046,22.6173,22.6461,22.4612,38238524,1455545,1541261,38213564.0000,1455810.2500,1530773.6250,-32768,-32768,120
00:28:22,1998.91,23.48,3.77,3276.70,0.00,22.8276,22.6512,22.6634,22.4892,38243201,1455498,1541739,38217496.0000,1455790.6250,1532316.2500,-32768,-32768,120
00:28:24,2004.34,23.49,3.77,3276.70,0.00,22.8276,22.6682,22.6802,22.5059,38245099,1455496,1542444,38219984.0000,1455769.1250,1532316.2500,-32768,-32768,117
00:28:26,2004.34,23.49,3.76,3276.70,0.00,22.8562,22.6682,22.6967,22.5059,38248452,1455492,1545945,38222428.0000,1455749.8750,1534154.2500,-32768,-32768,116
00:28:28,1998.91,23.53,3.77,3276.70,0.00,22.8562,22.6966,22.7079,22.5339,38250323,1455536,1544153,38224912.0000,1455733.6250,1534959.2500,-32768,-32768,115
00:28:30,2004.34,23.54,3.77,3276.70,0.00,22.8562,22.7137,22.7079,22.5507,38252355,1455557,1545298,38226552.0000,1455717.2500,1535853.6250,-32768,-32768,113
00:28:31,2004.34,23.56,3.77,3276.70,0.00,22.8966,22.7195,22.7305,22.5562,38255292,1455578,1546082,38228276.0000,1455712.8750,1536173.2500,-32768,-32768,113
00:28:33,2004.34,23.57,3.77,3276.70,0.00,22.9086,22.7309,22.7421,22.5675,38255460,1455520,1546398,38229124.0000,1455706.8750,1536492.7500,-32768,-32768,111
00:28:34,1998.91,23.58,3.76,3276.70,0.00,22.9142,22.7366,22.7474,22.5731,38256297,1455523,1543330,38230836.0000,1455695.7500,1536997.8750,-32768,-32768,111
00:28:36,2004.34,23.59,3.77,3276.70,0.00,22.9259,22.7366,22.7644,22.5731,38257520,1455514,1547336,38232436.0000,1455679.8750,1538005.1250,-32768,-32768,111
00:28:38,2004.34,23.60,3.77,3276.70,0.00,22.9259,22.7652,22.7757,22.6012,38260809,1455640,1548098,38234172.0000,1455677.6250,1538005.1250,-32768,-32768,108
00:28:39,2004.34,23.62,3.77,3276.70,0.00,22.9545,22.7766,22.7874,22.6124,38262096,1455489,1550480,38235872.0000,1455669.6250,1538945.8750,-32768,-32768,107
00:28:42,1998.91,23.63,3.77,3276.70,0.00,22.9606,22.7766,22.7985,22.6237,38262200,1455477,1549338,38235872.0000,1455648.6250,1538945.8750,-32768,-32768,105
00:28:45,1998.91,23.65,3.76,3276.70,0.00,22.9829,22.8052,22.7985,22.6462,38262200,1455410,1550108,38240760.0000,1455648.6250,1541070.2500,-32768,-32768,103
00:28:46,2004.34,23.67,3.77,3276.70,0.00,23.0003,22.8223,22.8324,22.6462,38269248,1455311,1553632,38243328.0000,1455605.0000,1541751.1250,-32768,-32768,103
00:28:49,2004.34,23.68,3.77,3276.70,0.00,23.0173,22.8394,22.8496,22.6743,38270461,1455216,1553632,38245004.0000,1455605.0000,1541751.1250,-32768,-32768,101
00:28:53,2004.34,23.70,3.77,3276.70,0.00,23.0173,22.8623,22.8496,22.6968,38270461,1455383,1553313,38245004.0000,1455548.0000,1541751.1250,-32768,-32768,99
00:28:55,2004.34,23.73,3.76,3276.70,0.00,23.0627,22.8851,22.8948,22.7193,38276251,1455429,1553308,38251616.0000,1455548.0000,1541751.1250,-32768,-32768,97
00:28:58,2004.34,23.73,3.76,3276.70,0.00,23.0627,22.9022,22.8948,22.7362,38276251,1455344,1555102,38251616.0000,1455502.1250,1546155.2500,-32768,-32768,95
00:29:00,1998.91,23.77,3.76,3276.70,0.00,23.1030,22.9250,22.9351,22.7589,38284784,1455460,1555722,38257676.0000,1455492.7500,1546797.5000,-32768,-32768,95
00:29:02,1998.91,23.78,3.76,3276.70,0.00,23.1086,22.9307,22.9351,22.7702,38284784,1455382,1555722,38260264.0000,1455485.8750,1548032.2500,-32768,-32768,92
00:29:05,2004.34,23.80,3.77,3276.70,0.00,23.1316,22.9307,22.9695,22.7702,38289871,1455243,1559087,38262864.0000,1455468.6250,1548672.7500,-32768,-32768,90
00:29:07,2004.34,23.83,3.77,3276.70,0.00,23.1490,22.9708,22.9868,22.8099,38292719,1455527,1559087,38265464.0000,1455464.6250,1549606.6250,-32768,-32768,89
00:29:08,2004.34,23.84,3.77,3276.70,0.00,23.1605,22.9823,22.9924,22.8156,38293459,1455327,1559646,38266336.0000,1455460.3750,1549920.3750,-32768,-32768,89
00:29:10,2004.34,23.84,3.76,3276.70,0.00,23.1720,22.9995,23.0098,22.8327,38295124,1455329,1559868,38268860.0000,1455443.6250,1550802.6250,-32768,-32768,87
00:29:13,2004.34,23.86,3.77,3276.70,0.00,23.1720,23.0110,23.0098,22.8441,38295124,1455244,1559868,38272256.0000,1455426.5000,1551960.1250,-32768,-32768,85
00:29:15,2004.34,23.89,3.77,3276.70,0.00,23.2070,23.0282,23.0383,22.8612,38296441,1455230,1558756,38273012.0000,1455411.7500,1552485.0000,-32768,-32768,84
00:29:16,2004.34,23.90,3.76,3276.70,0.00,23.2127,23.0339,23.0441,22.8612,38300851,1455245,1561279,38274660.0000,1455406.5000,1552759.8750,-32768,-32768,83
00:29:18,2004.34,23.92,3.76,3276.70,0.00,23.2305,23.0512,23.0616,22.8840,38300851,1455245,1563705,38276380.0000,1455394.7500,1553956.7500,-32768,-32768,82
00:29:20,2004.34,23.92,3.77,3276.70,0.00,23.2361,23.0512,23.0732,22.8954,38300851,1455245,1563401,38278884.0000,1455356.8750,1553956.7500,-32768,-32768,81
00:29:22,2004.34,23.94,3.77,3276.70,0.00,23.2533,23.0742,23.0847,22.9068,38306085,1455132,1563401,38280576.0000,1455356.8750,1555707.1250,-32768,-32768,79
00:29:23,2004.34,23.95,3.77,3276.70,0.00,23.2714,23.0916,23.1022,22.9241,38308856,1455154,1564268,38282308.0000,1455331.7500,1555974.6250,-32768,-32768,79
00:29:25,2004.34,23.96,3.77,3276.70,0.00,23.2830,23.1031,23.1140,22.9355,38310483,1455047,1565698,38284012.0000,1455317.6250,1556580.6250,-32768,-32768,77
00:29:26,2004.34,23.98,3.76,3276.70,0.00,23.2945,23.1147,23.1255,22.9470,38312675,1454987,1569934,38285712.0000,1455298.0000,1557282.1250,-32768,-32768,77
00:29:28,2004.34,23.99,3.76,3276.70,0.00,23.2945,23.1147,23.1371,22.9470,38314575,1455124,1567206,38288280.0000,1455276.8750,1558107.1250,-32768,-32768,75
00:29:31,2004.34,24.00,3.76,3276.70,0.00,23.2945,23.1436,23.1371,22.9757,38315120,1455002,1567352,38290760.0000,1455252.0000,1558946.8750,-32768,-32768,73
00:29:32,2004.34,24.02,3.76,3276.70,0.00,23.3358,23.1552,23.1662,22.9872,38318276,1455107,1568325,38291620.0000,1455247.5000,1559240.0000,-32768,-32768,73
00:29:35,2004.34,24.03,3.76,3276.70,0.00,23.3473,23.1668,23.1662,22.9987,38318276,1454885,1568325,38294948.0000,1455215.2500,1561115.2500,-32768,-32768,70
00:29:37,2004.34,24.05,3.76,3276.70,0.00,23.3649,23.1843,23.1957,23.0161,38322072,1455070,1570883,38295796.0000,1455215.2500,1561705.5000,-32768,-32768,69
00:29:40,2004.34,24.07,3.76,3276.70,0.00,23.3649,23.2017,23.1957,23.0392,38322072,1455081,1572029,38300092.0000,1455184.3750,1563155.3750,-32768,-32768,67
00:29:43,2004.34,24.09,3.76,3276.70,0.00,23.3649,23.2250,23.1957,23.0623,38322072,1455326,1563015,38303712.0000,1455175.0000,1563754.6250,-32768,-32768,66
00:29:44,2004.34,24.11,3.76,3276.70,0.00,23.4237,23.2425,23.2544,23.0739,38331133,1455009,1573662,38304568.0000,1455169.8750,1564064.2500,-32768,-32768,65
00:29:46,2004.34,24.12,3.76,3276.70,0.00,23.4297,23.2483,23.2544,23.0798,38331133,1454988,1575079,38304568.0000,1455169.8750,1564064.2500,-32768,-32768,64
00:29:47,2004.34,24.14,3.77,3276.70,0.00,23.4475,23.2658,23.2780,23.0972,38333550,1455100,1570038,38307948.0000,1455155.1250,1565086.1250,-32768,-32768,63
00:29:49,2004.34,24.14,3.76,3276.70,0.00,23.4535,23.2775,23.2898,23.1089,38336726,1454894,1574337,38309652.0000,1455137.8750,1565673.2500,-32768,-32768,63
00:29:52,2004.34,24.16,3.76,3276.70,0.00,23.4535,23.2893,23.2898,23.1263,38336726,1454779,1577561,38313112.0000,1455108.0000,1567053.1250,-32768,-32768,59
00:29:54,2004.34,24.19,3.76,3276.70,0.00,23.4887,23.3068,23.3192,23.1263,38341313,1454768,1577561,38315632.0000,1455080.2500,1568224.0000,-32768,-32768,58
00:29:55,2004.34,24.20,3.76,3276.70,0.00,23.5068,23.3244,23.3373,23.1555,38342993,1454835,1586190,38316488.0000,1455072.6250,1568785.5000,-32768,-32768,57
00:29:56,2004.34,24.21,3.77,3276.70,0.00,23.5125,23.3303,23.3429,23.1613,38343008,1454807,1578387,38317316.0000,1455064.2500,1569085.5000,-32768,-32768,56
00:29:59,2004.34,24.22,3.76,3276.70,0.00,23.5245,23.3303,23.3548,23.1613,38345305,1454807,1578387,38320720.0000,1455051.1250,1569085.5000,-32768,-32768,55
00:30:02,2004.34,24.24,3.76,3276.70,0.00,23.5245,23.3654,23.3789,23.1613,38345305,1454773,1579895,38323312.0000,1455028.7500,1570772.6250,-32768,-32768,54
00:30:04,2004.34,24.26,3.76,3276.70,0.00,23.5601,23.3772,23.3789,23.2141,38352474,1454972,1570651,38325040.0000,1455024.5000,1570772.6250,-32768,-32768,53
00:30:05,2004.34,24.28,3.76,3276.70,0.00,23.5780,23.3949,23.4087,23.2141,38352914,1454710,1581708,38327576.0000,1454996.1250,1571827.8750,-32768,-32768,52
00:30:06,2004.34,24.28,3.76,3276.70,0.00,23.5839,23.4008,23.4145,23.2376,38354409,1454640,1582476,38328416.0000,1454985.0000,1572160.6250,-32768,-32768,51
00:30:08,2004.34,24.30,3.76,3276.70,0.00,23.5962,23.4126,23.4267,23.2376,38355009,1454563,1582430,38329244.0000,1454961.8750,1572787.8750,-32768,-32768,50
00:30:10,2004.34,24.31,3.76,3276.70,0.00,23.6139,23.4303,23.4445,23.2612,38358292,1454654,1583500,38331792.0000,1454943.2500,1573426.8750,-32768,-32768,48
00:30:13,2004.34,24.32,3.76,3276.70,0.00,23.6139,23.4480,23.4445,23.2789,38359517,1454654,1583500,38335088.0000,1454889.3750,1575362.2500,-32768,-32768,46
00:30:14,2004.34,24.34,3.76,3276.70,0.00,23.6436,23.4598,23.4742,23.2907,38360479,1454592,1582855,38336636.0000,1454878.5000,1575875.5000,-32768,-32768,45
00:30:16,2004.34,24.35,3.76,3276.70,0.00,23.6497,23.4657,23.4862,23.2907,38361092,1454592,1586139,38338208.0000,1454856.8750,1575875.5000,-32768,-32768,43
00:30:18,2004.34,24.37,3.76,3276.70,0.00,23.6673,23.4834,23.4980,23.3143,38363020,1454373,1594506,38338208.0000,1454856.8750,1575875.5000,-32768,-32768,42
00:30:19,2004.34,24.39,3.76,3276.70,0.00,23.6853,23.5011,23.5159,23.3320,38366654,1454732,1577342,38341416.0000,1454822.1250,1577588.5000,-32768,-32768,42
00:30:22,2004.34,24.39,3.76,3276.70,0.00,23.6911,23.5011,23.5278,23.3320,38370489,1454579,1587999,38341416.0000,1454822.1250,1578529.3750,-32768,-32768,41
00:30:24,2004.34,24.41,3.76,3276.70,0.00,23.6911,23.5307,23.5278,23.3674,38372256,1454471,1589342,38346508.0000,1454769.2500,1579399.5000,-32768,-32768,39
00:30:27,2004.34,24.43,3.76,3276.70,0.00,23.6911,23.5486,23.5633,23.3792,38372256,1454223,1589342,38346508.0000,1454717.7500,1581223.0000,-32768,-32768,36
00:30:30,2004.34,24.45,3.76,3276.70,0.00,23.6911,23.5723,23.5633,23.4089,38378815,1454605,1592398,38352468.0000,1454702.6250,1582230.0000,-32768,-32768,35
00:30:31,2004.34,24.47,3.76,3276.70,0.00,23.7743,23.5901,23.6049,23.4207,38381647,1454392,1602045,38354200.0000,1454685.7500,1583358.8750,-32768,-32768,33
00:30:32,2004.34,24.48,3.76,3276.70,0.00,23.7804,23.5961,23.6109,23.4267,38381198,1454322,1593930,38355048.0000,1454674.3750,1583689.2500,-32768,-32768,32
00:30:33,2004.34,24.49,3.76,3276.70,0.00,23.7864,23.6020,23.6168,23.4326,38380763,1454238,1592683,38355848.0000,1454660.7500,1583970.2500,-32768,-32768,31
00:30:37,2004.34,24.50,3.76,3276.70,0.00,23.7864,23.6198,23.6168,23.4563,38380763,1454378,1595068,38358988.0000,1454627.8750,1585168.8750,-32768,-32768,29
00:30:38,2004.34,24.53,3.76,3276.70,0.00,23.8222,23.6376,23.6168,23.4682,38386654,1454392,1586564,38361448.0000,1454611.5000,1585769.5000,-32768,-32768,29
00:30:41,2004.34,24.53,3.76,3276.70,0.00,23.8222,23.6554,23.6168,23.4860,38386654,1454120,1596415,38363968.0000,1454586.0000,1586384.1250,-32768,-32768,28
00:30:43,2004.34,24.56,3.76,3276.70,0.00,23.8519,23.6554,23.6168,23.5038,38386654,1454306,1596415,38366536.0000,1454557.8750,1587816.2500,-32768,-32768,26
00:30:45,2004.34,24.58,3.76,3276.70,0.00,23.8700,23.6851,23.7007,23.5157,38386654,1454222,1599069,38368252.0000,1454540.0000,1588487.3750,-32768,-32768,26
00:30:47,2004.34,24.59,3.76,3276.70,0.00,23.8877,23.7029,23.7184,23.5335,38397651,1454138,1599069,38368252.0000,1454540.0000,1589953.5000,-32768,-32768,22
00:30:49,2004.34,24.59,3.76,3276.70,0.00,23.9057,23.7207,23.7364,23.5513,38397771,1454298,1600599,38372528.0000,1454540.0000,1590576.5000,-32768,-32768,21
00:30:52,1998.91,24.63,3.76,3276.70,0.00,23.9057,23.7386,23.7364,23.5751,38401515,1454300,1600838,38375792.0000,1454475.0000,1591482.6250,-32768,-32768,20
00:30:56,1971.76,24.65,3.76,3276.70,0.00,23.9057,23.7563,23.7364,23.5928,38401515,1454399,1600838,38375792.0000,1454475.0000,1593136.3750,-32768,-32768,17
00:30:57,1960.90,24.67,3.75,3276.70,0.00,23.9550,23.7793,23.7364,23.5928,38405590,1454315,1603791,38381360.0000,1454439.5000,1593783.1250,-32768,-32768,16
00:31:00,1950.04,24.68,3.75,3276.70,0.00,23.9614,23.7793,23.7947,23.5928,38403426,1454441,1603451,38383416.0000,1454439.5000,1594641.6250,-32768,-32768,15
00:31:02,1944.61,24.70,3.74,3276.70,0.00,23.9702,23.8064,23.8012,23.5928,38401541,1454501,1603451,38383416.0000,1454439.5000,1595476.7500,-32768,-32768,14
00:31:05,1933.75,24.71,3.74,3276.70,0.00,23.9841,23.8269,23.8146,23.6575,38406201,1454575,1605563,38386448.0000,1454439.5000,1596353.2500,-32768,-32768,12
00:31:07,1906.59,24.73,3.73,3276.70,0.00,23.9904,23.8269,23.8245,23.6575,38408346,1454634,1606298,38388360.0000,1454459.8750,1596894.6250,-32768,-32768,11
00:31:09,1890.30,24.74,3.72,3276.70,0.00,23.9904,23.8559,23.8245,23.6912,38408689,1454905,1605267,38390960.0000,1454519.0000,1597919.8750,-32768,-32768,10
00:31:11,1874.01,24.74,3.71,3276.70,0.00,24.0043,23.8649,23.8245,23.6912,38405708,1454902,1606393,38391904.0000,1454542.3750,1598421.6250,-32768,-32768,9
00:31:12,1868.58,24.76,3.71,3276.70,0.00,24.0091,23.8737,23.8409,23.7045,38407859,1454961,1605585,38392404.0000,1454555.3750,1598645.5000,-32768,-32768,9
00:31:14,1863.15,24.76,3.71,3276.70,0.00,24.0111,23.8779,23.8434,23.7045,38407859,1455263,1606783,38393408.0000,1454594.5000,1599097.2500,-32768,-32768,8
00:31:16,1846.86,24.77,3.70,3276.70,0.00,24.0111,23.8905,23.8514,23.7215,38405688,1455134,1606641,38394244.0000,1454631.8750,1599589.2500,-32768,-32768,7
00:31:18,1841.43,24.78,3.70,3276.70,0.00,24.0111,23.9029,23.8620,23.7339,38410962,1455284,1606358,38395688.0000,1454691.1250,1599589.2500,-32768,-32768,6
00:31:21,1808.84,24.79,3.70,3276.70,0.00,24.0111,23.9151,23.8620,23.7502,38410962,1455591,1607874,38397728.0000,1454777.6250,1601009.0000,-32768,-32768,5
00:31:23,1797.98,24.80,3.67,3276.70,0.00,24.0478,23.9151,23.8821,23.7502,38416752,1455618,1607508,38399480.0000,1454858.5000,1601627.1250,-32768,-32768,4
00:31:25,1787.12,24.80,3.66,3276.70,0.00,24.0571,23.9349,23.8887,23.7661,38415003,1455713,1607817,38399968.0000,1454885.2500,1601820.6250,-32768,-32768,3
00:31:27,1776.26,24.81,3.66,3276.70,0.00,24.0635,23.9427,23.8887,23.7777,38418783,1455898,1609513,38401532.0000,1454885.2500,1602672.3750,-32768,-32768,2
00:31:30,1765.40,24.82,3.65,3276.70,0.00,24.0743,23.9427,23.9106,23.7777,38419497,1455898,1609567,38403724.0000,1455091.6250,1603287.2500,-32768,-32768,1
00:31:31,1743.67,24.84,3.65,3276.70,0.00,24.0872,23.9427,23.9236,23.8011,38419653,1456096,1610463,38404744.0000,1455151.7500,1603722.6250,-32768,-32768,1
00:31:33,1721.95,24.84,3.64,3276.70,0.00,24.0872,23.9775,23.9236,23.8128,38427732,1456556,1610771,38406648.0000,1455261.7500,1604334.1250,-32768,-32768,0
00:31:34,1711.09,24.85,3.63,3276.70,0.00,24.1021,23.9851,23.9357,23.8166,38427693,1456558,1611344,38407304.0000,1455302.2500,1604553.2500,-32768,-32768,-1
00:31:36,1700.23,24.85,3.63,3276.70,0.00,24.1045,23.9888,23.9382,23.8204,38428474,1456412,1610811,38407964.0000,1455337.0000,1604748.7500,-32768,-32768,-1
00:31:37,1689.37,24.86,3.62,3276.70,0.00,24.1101,23.9961,23.9444,23.8204,38425253,1456598,1609874,38409056.0000,1455449.0000,1605273.3750,-32768,-32768,-2
00:31:40,1667.64,24.86,3.62,3276.70,0.00,24.1166,24.0034,23.9444,23.8390,38427429,1456713,1612515,38410640.0000,1455449.0000,1605709.7500,-32768,-32768,-3
00:31:42,1651.35,24.87,3.59,3276.70,0.00,24.1166,24.0179,23.9640,23.8500,38427879,1456794,1611692,38412156.0000,1455640.2500,1605709.7500,-32768,-32768,-4
00:31:44,1624.20,24.88,3.58,3276.70,0.00,24.1384,24.0179,23.9707,23.8500,38430706,1457093,1614193,38413744.0000,1455757.6250,1606900.8750,-32768,-32768,-4
00:31:46,1607.91,24.88,3.57,3276.70,0.00,24.1384,24.0179,23.9791,23.8500,38433992,1457514,1614675,38415672.0000,1455902.2500,1607883.1250,-32768,-32768,-6
00:31:49,1597.05,24.88,3.56,3276.70,0.00,24.1384,24.0463,23.9791,23.8820,38434657,1457457,1621479,38417312.0000,1455902.2500,1609007.8750,-32768,-32768,-8
00:31:51,1586.18,24.89,3.56,3276.70,0.00,24.1384,24.0602,24.0015,23.8924,38438079,1457658,1614961,38419076.0000,1456177.3750,1609348.8750,-32768,-32768,-8
00:31:53,1580.75,24.89,3.55,3276.70,0.00,24.1736,24.0637,24.0057,23.8959,38436984,1457658,1614961,38419076.0000,1456177.3750,1609719.5000,-32768,-32768,-9
00:31:54,1580.75,24.90,3.54,3276.70,0.00,24.1829,24.0708,24.0152,23.9031,38437611,1457615,1616516,38420764.0000,1456307.0000,1609931.8750,-32768,-32768,-9
00:31:55,1580.75,24.90,3.54,3276.70,0.00,24.1875,24.0745,24.0152,23.9104,38440812,1457699,1616935,38421936.0000,1456390.7500,1610366.6250,-32768,-32768,-10
00:31:57,1580.75,24.90,3.54,3276.70,0.00,24.2028,24.0856,24.0366,23.9180,38447936,1457987,1610313,38423392.0000,1456484.5000,1610553.0000,-32768,-32768,-10
00:31:59,1569.89,24.91,3.54,3276.70,0.00,24.2028,24.0933,24.0366,23.9298,38451280,1457907,1617597,38425840.0000,1456616.8750,1611062.3750,-32768,-32768,-11
00:32:01,1553.60,24.92,3.54,3276.70,0.00,24.2247,24.1012,24.0594,23.9338,38453415,1457872,1617552,38425840.0000,1456703.8750,1611203.0000,-32768,-32768,-11
00:32:03,1542.74,24.93,3.52,3276.70,0.00,24.2370,24.1132,24.0727,23.9460,38459281,1458331,1619895,38429532.0000,1456807.2500,1611512.2500,-32768,-32768,-12
00:32:05,1531.88,24.94,3.51,3276.70,0.00,24.2430,24.1210,24.0795,23.9541,38460280,1458391,1619895,38432212.0000,1456950.1250,1612225.3750,-32768,-32768,-13
00:32:06,1526.45,24.94,3.51,3276.70,0.00,24.2486,24.1287,24.0863,23.9620,38458500,1458408,1618941,38433032.0000,1456995.7500,1612435.2500,-32768,-32768,-13
00:32:09,1504.72,24.95,3.51,3276.70,0.00,24.2486,24.1402,24.0863,23.9780,38459944,1458408,1618941,38436280.0000,1457156.8750,1613725.0000,-32768,-32768,-15
00:32:11,1499.29,24.96,3.51,3276.70,0.00,24.2704,24.1517,24.1094,23.9859,38467532,1458635,1618941,38439048.0000,1457289.7500,1613725.0000,-32768,-32768,-16
00:32:13,1499.29,24.97,3.51,3276.70,0.00,24.2806,24.1631,24.1200,23.9977,38464251,1458510,1628712,38440720.0000,1457374.5000,1615271.6250,-32768,-32768,-17
00:32:15,1493.86,24.97,3.49,3276.70,0.00,24.2848,24.1669,24.1247,23.9977,38466677,1458767,1622184,38442340.0000,1457453.3750,1615867.0000,-32768,-32768,-18
00:32:17,1493.86,24.98,3.49,3276.70,0.00,24.2848,24.1786,24.1247,24.0179,38466677,1459075,1620363,38446044.0000,1457635.8750,1616434.6250,-32768,-32768,-19
00:32:20,1499.29,24.99,3.49,3276.70,0.00,24.2848,24.1949,24.1247,24.0307,38478403,1458740,1624714,38449000.0000,1457743.3750,1617192.0000,-32768,-32768,-20
00:32:21,1499.29,25.00,3.48,3276.70,0.00,24.3312,24.1991,24.1780,24.0307,38485951,1459133,1615021,38450152.0000,1457786.8750,1617124.1250,-32768,-32768,-20
00:32:23,1510.16,25.00,3.48,3276.70,0.00,24.3509,24.2123,24.1780,24.0486,38488088,1458970,1626296,38453632.0000,1457900.0000,1617124.1250,-32768,-32768,-21
00:32:26,1521.02,25.01,3.49,3276.70,0.00,24.3722,24.2261,24.2136,24.0628,38493941,1458934,1626296,38456072.0000,1457964.6250,1617124.1250,-32768,-32768,-22
00:32:28,1537.31,25.02,3.49,3276.70,0.00,24.3886,24.2358,24.2396,24.0780,38495419,1458643,1626296,38459600.0000,1458040.0000,1618787.1250,-32768,-32768,-23
00:32:30,1553.60,25.02,3.50,3276.70,0.00,24.3886,24.2514,24.2396,24.0944,38496740,1458643,1629771,38464004.0000,1458055.5000,1620123.1250,-32768,-32768,-25
00:32:33,1564.46,25.03,3.51,3276.70,0.00,24.3886,24.2742,24.2396,24.1183,38507704,1458115,1642884,38467712.0000,1458068.8750,1621430.5000,-32768,-32768,-26
00:32:36,1580.75,25.03,3.50,3276.70,0.00,24.3886,24.2926,24.2396,24.1309,38507704,1458265,1642884,38473408.0000,1458085.1250,1623148.7500,-32768,-32768,-29
00:32:38,1597.05,25.06,3.50,3276.70,0.00,24.5167,24.3121,24.3600,24.1508,38507704,1457899,1643079,38474816.0000,1458085.1250,1624323.7500,-32768,-32768,-31
00:32:39,1607.91,25.07,3.50,3276.70,0.00,24.5446,24.3323,24.3859,24.1713,38514960,1457451,1636673,38478412.0000,1458031.7500,1625063.0000,-32768,-32768,-32
00:32:42,1629.63,25.08,3.50,3276.70,0.00,24.5446,24.3464,24.3859,24.1927,38517298,1457490,1637248,38481872.0000,1457983.6250,1626199.3750,-32768,-32768,-34
00:32:44,1651.35,25.09,3.49,3276.70,0.00,24.5850,24.3464,24.4354,24.1927,38517298,1457265,1637248,38481872.0000,1457921.3750,1627369.8750,-32768,-32768,-35
00:32:46,1678.51,25.10,3.49,3276.70,0.00,24.6233,24.3464,24.4651,24.2298,38517341,1456446,1633818,38487576.0000,1457859.5000,1627724.7500,-32768,-32768,-37
00:32:47,1694.80,25.11,3.49,3276.70,0.00,24.6350,24.3978,24.4651,24.2454,38480447,1454490,1638331,38487480.0000,1457668.2500,1628387.6250,-32768,-32768,-37
00:32:50,1721.95,25.11,3.49,3276.70,0.00,24.6676,24.3978,24.5095,24.2454,38475187,1454020,1633046,38486528.0000,1457350.3750,1628923.5000,-32768,-32768,-39
00:32:52,1732.81,25.13,3.51,3276.70,0.00,24.6883,24.4455,24.5400,24.2857,38485627,1454238,1642406,38486264.0000,1457155.5000,1629735.2500,-32768,-32768,-39
00:32:53,1743.67,25.13,3.53,3276.70,0.00,24.7170,24.4619,24.5595,24.3022,38485293,1454121,1638305,38486116.0000,1456965.0000,1630402.7500,-32768,-32768,-41
00:32:55,1754.53,25.13,3.53,3276.70,0.00,24.7253,24.4783,24.5764,24.3188,38496967,1454852,1638305,38486604.0000,1456965.0000,1631563.7500,-32768,-32768,-42
00:32:58,1770.83,25.14,3.53,3276.70,0.00,24.7477,24.4946,24.5764,24.3436,38496967,1454852,1648318,38488700.0000,1456614.7500,1633046.5000,-32768,-32768,-46
00:33:00,1792.55,25.15,3.51,3276.70,0.00,24.7477,24.5269,24.5764,24.3764,38496967,1454710,1647216,38490268.0000,1456461.5000,1634308.3750,-32768,-32768,-54
00:33:01,1803.41,25.16,3.50,3276.70,0.00,24.7885,24.5427,24.6366,24.3846,38500203,1454385,1657291,38490580.0000,1456396.6250,1635026.6250,-32768,-32768,-63
00:33:03,1814.27,25.16,3.50,3276.70,0.00,24.7953,24.5506,24.6434,24.3927,38503415,1454737,1647785,38491256.0000,1456396.6250,1636024.1250,-32768,-32768,-68
00:33:07,1835.99,25.17,3.51,3276.70,0.00,24.7953,24.5814,24.6434,24.4318,38503415,1455078,1655466,38491256.0000,1456099.1250,1636024.1250,-32768,-32768,-85
00:33:09,1841.43,25.18,3.51,3276.70,0.00,24.8302,24.5814,24.6434,24.4540,38503415,1455711,1644788,38497396.0000,1456041.5000,1639377.6250,-32768,-32768,-89
00:33:11,1846.86,25.19,3.50,3276.70,0.00,24.8402,24.6248,24.6872,24.4540,38532473,1455602,1652654,38497396.0000,1456041.5000,1640407.5000,-32768,-32768,-96
00:33:13,1852.29,25.20,3.50,3276.70,0.00,24.8499,24.6449,24.6967,24.4886,38536279,1455670,1652122,38501664.0000,1455995.2500,1640773.5000,-32768,-32768,-100
00:33:15,1863.15,25.21,3.48,3276.70,0.00,24.8538,24.6577,24.6967,24.5079,38541911,1455670,1653075,38501664.0000,1455981.1250,1641661.1250,-32768,-32768,-106
00:33:18,1874.01,25.22,3.48,3276.70,0.00,24.8614,24.6577,24.6967,24.5260,38541911,1455697,1648127,38509728.0000,1455965.1250,1642317.8750,-32768,-32768,-110
00:33:20,1890.30,25.22,3.47,3276.70,0.00,24.8614,24.6577,24.7153,24.5260,38549776,1455734,1654158,38513316.0000,1455965.1250,1642317.8750,-32768,-32768,-110
00:33:23,1901.16,25.23,3.47,3276.70,0.00,24.8789,24.7146,24.7153,24.5591,38549776,1455649,1655188,38516660.0000,1455908.5000,1644464.7500,-32768,-32768,-110
00:33:25,1912.02,25.23,3.48,3276.70,0.00,24.8871,24.7300,24.7289,24.5743,38551311,1455675,1654814,38518808.0000,1455908.5000,1645670.3750,-32768,-32768,-110
00:33:27,1922.88,25.24,3.48,3276.70,0.00,24.8871,24.7447,24.7372,24.5887,38555057,1455707,1655427,38521896.0000,1455861.6250,1645670.3750,-32768,-32768,-110
00:33:29,1928.32,25.25,3.45,3276.70,0.00,24.9002,24.7541,24.7443,24.5982,38560187,1456052,1655427,38525412.0000,1455870.7500,1645670.3750,-32768,-32768,-110
00:33:31,1939.18,25.25,3.46,3276.70,0.00,24.9002,24.7677,24.7443,24.6163,38566666,1456171,1656380,38529120.0000,1455886.7500,1648523.7500,-32768,-32768,-110
00:33:34,1960.90,25.26,3.46,3276.70,0.00,24.9002,24.7808,24.7443,24.6294,38566600,1456012,1663002,38529120.0000,1455886.7500,1649884.6250,-32768,-32768,-110
00:33:37,1982.62,25.27,3.46,3276.70,0.00,24.9002,24.7976,24.7443,24.6294,38570478,1455918,1656854,38535932.0000,1455886.7500,1650615.8750,-32768,-32768,-110
00:33:40,1998.91,25.27,3.46,3276.70,0.00,24.9418,24.7976,24.7916,24.6294,38579116,1456086,1658793,38540556.0000,1455886.7500,1651613.0000,-32768,-32768,-110
00:33:44,2042.36,25.28,3.47,3276.70,0.00,24.9418,24.8273,24.7916,24.6762,38586639,1456277,1658858,38540556.0000,1455886.7500,1651613.0000,-32768,-32768,-110
00:33:46,2064.08,25.28,3.47,3276.70,0.00,24.9418,24.8450,24.7916,24.6943,38558199,1454743,1655328,38547968.0000,1455872.1250,1652740.6250,-32768,-32768,-110
00:33:47,2074.94,25.28,3.47,3276.70,0.00,24.9932,24.8539,24.8453,24.7034,38547877,1453733,1659344,38548176.0000,1455751.1250,1653140.6250,-32768,-32768,-110
00:33:49,2085.80,25.28,3.56,3276.70,0.00,25.0039,24.8629,24.8500,24.7080,38541498,1453733,1651855,38547736.0000,1455626.2500,1653277.7500,-32768,-32768,-110
00:33:51,2107.53,25.28,3.57,3276.70,0.00,25.0133,24.8629,24.8629,24.7080,38554812,1453733,1661360,38548224.0000,1455498.6250,1653795.2500,-32768,-32768,-110
00:33:53,2118.39,25.28,3.58,3276.70,0.00,25.0133,24.8855,24.8709,24.7306,38556080,1454386,1653136,38548852.0000,1455419.6250,1653795.2500,-32768,-32768,-110
00:33:54,2123.82,25.28,3.60,3276.70,0.00,25.0302,24.8942,24.8777,24.7396,38559775,1454225,1654522,38549192.0000,1455382.2500,1654006.6250,-32768,-32768,-110
00:33:55,2134.68,25.28,3.60,3276.70,0.00,25.0338,24.8986,24.8805,24.7439,38557525,1454064,1661293,38549800.0000,1455303.7500,1654476.6250,-32768,-32768,-110
00:33:56,2134.68,25.28,3.60,3276.70,0.00,25.0404,24.9071,24.8865,24.7526,38562018,1454297,1661597,38550184.0000,1455272.3750,1654699.1250,-32768,-32768,-110
00:33:58,2140.11,25.29,3.60,3276.70,0.00,25.0430,24.9114,24.8897,24.7526,38567824,1454520,1653578,38551212.0000,1455225.0000,1654563.1250,-32768,-32768,-110
00:33:59,2134.68,25.29,3.60,3276.70,0.00,25.0474,24.9196,24.8927,24.7651,38568792,1454567,1662909,38551760.0000,1455204.3750,1654824.0000,-32768,-32768,-110
00:34:02,2140.11,25.29,3.55,3276.70,0.00,25.0505,24.9196,24.8927,24.7768,38568792,1455404,1654507,38554440.0000,1455193.8750,1655165.3750,-32768,-32768,-110
00:34:04,2150.97,25.30,3.55,3276.70,0.00,25.0525,24.9388,24.8927,24.7842,38580904,1455404,1662446,38556004.0000,1455193.2500,1655628.6250,-32768,-32768,-110
00:34:05,2167.26,25.31,3.54,3276.70,0.00,25.0541,24.9491,24.8999,24.7945,38580937,1455238,1652865,38557524.0000,1455190.3750,1655759.5000,-32768,-32768,-110
00:34:06,2183.56,25.31,3.53,3276.70,0.00,25.0566,24.9525,24.9015,24.7945,38580102,1455124,1654365,38558648.0000,1455154.5000,1655893.7500,-32768,-32768,-110
00:34:09,2210.71,25.31,3.53,3276.70,0.00,25.0566,24.9624,24.9015,24.8078,38542285,1452834,1662493,38557772.0000,1455014.6250,1656268.1250,-32768,-32768,-110
00:34:12,2227.00,25.31,3.52,3276.70,0.00,25.0736,24.9624,24.9226,24.8078,38540903,1452847,1662493,38557772.0000,1455014.6250,1656653.6250,-32768,-32768,-110
00:34:15,2216.14,25.32,3.52,3276.70,0.00,25.0736,24.9862,24.9349,24.8314,38567258,1454052,1658780,38557772.0000,1455014.6250,1656653.6250,-32768,-32768,-110
00:34:16,2210.71,25.32,3.54,3276.70,0.00,25.0942,24.9928,24.9349,24.8314,38568012,1454021,1664352,38557504.0000,1454611.2500,1657412.0000,-32768,-32768,-110
00:34:19,2210.71,25.32,3.55,3276.70,0.00,25.0942,25.0020,24.9349,24.8496,38569042,1453959,1665718,38558512.0000,1454547.3750,1658011.1250,-32768,-32768,-110
00:34:20,2194.42,25.33,3.56,3276.70,0.00,25.0867,25.0072,24.9313,24.8521,38570678,1453976,1665718,38559228.0000,1454508.3750,1658397.1250,-32768,-32768,-110
00:34:22,2172.69,25.33,3.55,3276.70,0.00,25.0867,25.0137,24.9313,24.8603,38569106,1453867,1663908,38560172.0000,1454449.0000,1659089.1250,-32768,-32768,-110
00:34:25,2156.40,25.33,3.54,3276.70,0.00,25.0867,25.0180,24.9035,24.8631,38569106,1453668,1672082,38560396.0000,1454449.0000,1659089.1250,-32768,-32768,-110
00:34:28,2145.54,25.33,3.52,3276.70,0.00,25.0867,25.0201,24.8824,24.8655,38569106,1453766,1660964,38560236.0000,1454325.8750,1660139.7500,-32768,-32768,-110
00:34:30,2134.68,25.33,3.48,3276.70,0.00,25.0162,25.0202,24.8824,24.8658,38560310,1453766,1668527,38560084.0000,1454296.7500,1660741.8750,-32768,-32768,-110
00:34:31,2123.82,25.32,3.48,3276.70,0.00,25.0047,25.0193,24.8532,24.8652,38560849,1454419,1659535,38560108.0000,1454296.7500,1660657.8750,-32768,-32768,-110
00:34:34,2102.10,25.32,3.49,3276.70,0.00,25.0047,25.0165,24.8532,24.8627,38560849,1454718,1667050,38560292.0000,1454345.8750,1661110.3750,-32768,-32768,-110
00:34:36,2080.37,25.31,3.49,3276.70,0.00,25.0047,25.0119,24.8532,24.8566,38552808,1454856,1657248,38559784.0000,1454391.7500,1660820.2500,-32768,-32768,-110
00:34:38,2069.51,25.30,3.50,3276.70,0.00,24.9457,25.0080,24.7910,24.8545,38550155,1454867,1662450,38559484.0000,1454391.7500,1660853.5000,-32768,-32768,-110
00:34:40,2042.36,25.29,3.50,3276.70,0.00,24.9457,25.0009,24.7910,24.8445,38546715,1455341,1654924,38557916.0000,1454486.6250,1660352.5000,-32768,-32768,-110
00:34:42,2009.78,25.28,3.50,3276.70,0.00,24.9071,24.9954,24.7910,24.8445,38545102,1455254,1651842,38557224.0000,1454537.0000,1659918.1250,-32768,-32768,-110
00:34:44,1993.48,25.26,3.52,3276.70,0.00,24.8909,24.9891,24.7285,24.8318,38539624,1455366,1651842,38557224.0000,1454585.7500,1659506.1250,-32768,-32768,-110
00:34:45,1977.19,25.25,3.52,3276.70,0.00,24.8672,24.9787,24.7112,24.8246,38536130,1455541,1647383,38554996.0000,1454638.3750,1658907.7500,-32768,-32768,-110
00:34:47,1960.90,25.25,3.52,3276.70,0.00,24.8672,24.9711,24.7112,24.8126,38532728,1455543,1651295,38553188.0000,1454736.3750,1658046.8750,-32768,-32768,-110
00:34:49,1944.61,25.24,3.53,3276.70,0.00,24.8373,24.9630,24.6760,24.8083,38526203,1455415,1651295,38551440.0000,1454786.1250,1657354.8750,-32768,-32768,-110
00:34:51,1928.32,25.24,3.52,3276.70,0.00,24.8221,24.9546,24.6607,24.7994,38520798,1455712,1641357,38550480.0000,1454815.1250,1656855.0000,-32768,-32768,-110
00:34:52,1922.88,25.22,3.52,3276.70,0.00,24.8075,24.9457,24.6460,24.7901,38525857,1455843,1648159,38548068.0000,1454910.2500,1656073.1250,-32768,-32768,-110
00:34:53,1912.02,25.22,3.52,3276.70,0.00,24.7950,24.9366,24.6348,24.7807,38522942,1456170,1640627,38547284.0000,1454949.6250,1655590.3750,-32768,-32768,-110
00:34:57,1895.73,25.22,3.51,3276.70,0.00,24.7950,24.9273,24.6348,24.7667,38522942,1456170,1647084,38544988.0000,1455126.2500,1655590.3750,-32768,-32768,-110
00:34:59,1884.87,25.20,3.50,3276.70,0.00,24.7745,24.9137,24.6164,24.7575,38524473,1456656,1638732,38544988.0000,1455224.3750,1653392.5000,-32768,-32768,-110
00:35:01,1852.29,25.20,3.50,3276.70,0.00,24.7745,24.8959,24.6164,24.7395,38528615,1456936,1638612,38544988.0000,1455224.3750,1652341.8750,-32768,-32768,-110
00:35:04,1819.70,25.18,3.49,3276.70,0.00,24.7444,24.8825,24.5878,24.7395,38529756,1457373,1638612,38540784.0000,1455585.6250,1651487.7500,-32768,-32768,-110
00:35:06,1803.41,25.17,3.49,3276.70,0.00,24.7444,24.8689,24.5699,24.7124,38529756,1457666,1638612,38539184.0000,1455823.0000,1650255.2500,-32768,-32768,-110
00:35:09,1781.69,25.16,3.49,3276.70,0.00,24.7444,24.8507,24.5699,24.6939,38526225,1457666,1643446,38538376.0000,1455934.6250,1650255.2500,-32768,-32768,-110
00:35:12,1765.40,25.15,3.49,3276.70,0.00,24.7021,24.8371,24.5699,24.6803,38522350,1457818,1642439,38536992.0000,1456099.7500,1650255.2500,-32768,-32768,-110
00:35:15,1738.24,25.15,3.46,3276.70,0.00,24.6911,24.8371,24.5312,24.6803,38521145,1457966,1640312,38535128.0000,1456099.7500,1650255.2500,-32768,-32768,-110
00:35:16,1732.81,25.14,3.45,3276.70,0.00,24.6790,24.8108,24.5312,24.6803,38530801,1458559,1641765,38534424.0000,1456504.1250,1647627.0000,-32768,-32768,-110
00:35:19,1716.52,25.13,3.45,3276.70,0.00,24.6739,24.8108,24.5161,24.6416,38530801,1458706,1642447,38534072.0000,1456700.6250,1647212.0000,-32768,-32768,-110
00:35:20,1700.23,25.13,3.43,3276.70,0.00,24.6671,24.7903,24.5117,24.6337,38525414,1458485,1641791,38533804.0000,1456756.3750,1647042.6250,-32768,-32768,-110
00:35:23,1683.94,25.12,3.42,3276.70,0.00,24.6622,24.7903,24.5070,24.6337,38529593,1458977,1641791,38533804.0000,1457004.5000,1646721.6250,-32768,-32768,-110
00:35:23,1678.51,25.12,3.41,3276.70,0.00,24.6555,24.7710,24.5000,24.6146,38534136,1459225,1640377,38533104.0000,1457073.8750,1646523.2500,-32768,-32768,-110
00:35:25,1662.21,25.11,3.41,3276.70,0.00,24.6530,24.7673,24.4978,24.6109,38532300,1459209,1640377,38533040.0000,1457202.1250,1646487.2500,-32768,-32768,-110
00:35:28,1624.20,25.11,3.42,3276.70,0.00,24.6530,24.7564,24.4978,24.6002,38532300,1459517,1639696,38532808.0000,1457402.0000,1646154.3750,-32768,-32768,-110
00:35:30,1618.77,25.10,3.40,3276.70,0.00,24.6374,24.7458,24.4830,24.5897,38533569,1459576,1652490,38532788.0000,1457538.6250,1646292.3750,-32768,-32768,-110
00:35:31,1602.48,25.10,3.40,3276.70,0.00,24.6374,24.7458,24.4783,24.5897,38530535,1459739,1639154,38532660.0000,1457744.7500,1645879.6250,-32768,-32768,-110
00:35:33,1575.32,25.10,3.39,3276.70,0.00,24.6290,24.7321,24.4739,24.5897,38529571,1459957,1639527,38532564.0000,1457813.8750,1645772.8750,-32768,-32768,-110
00:35:36,1559.03,25.10,3.37,3276.70,0.00,24.6238,24.7321,24.4739,24.5664,38529571,1460783,1639411,38532968.0000,1458056.5000,1645605.1250,-32768,-32768,-110
00:35:38,1542.74,25.10,3.36,3276.70,0.00,24.6238,24.7128,24.4628,24.5570,38529571,1460518,1641087,38532896.0000,1458056.5000,1645605.1250,-32768,-32768,-110
00:35:40,1526.45,25.10,3.35,3276.70,0.00,24.6161,24.7128,24.4600,24.5570,38532754,1460654,1639363,38533016.0000,1458557.7500,1644424.6250,-32768,-32768,-110
00:35:43,1510.16,25.10,3.35,3276.70,0.00,24.6153,24.7128,24.4602,24.5570,38531520,1460677,1639363,38533016.0000,1458557.7500,1644424.6250,-32768,-32768,-110
00:35:45,1504.72,25.10,3.33,3276.70,0.00,24.6167,24.6886,24.4629,24.5330,38535988,1460914,1639363,38533028.0000,1458946.2500,1642813.7500,-32768,-32768,-110
00:35:46,1504.72,25.10,3.33,3276.70,0.00,24.6193,24.6842,24.4651,24.5287,38528646,1460752,1631157,38532816.0000,1459002.7500,1642449.5000,-32768,-32768,-110
00:35:48,1504.72,25.11,3.34,3276.70,0.00,24.6236,24.6804,24.4700,24.5250,38529943,1460710,1639503,38532552.0000,1459103.7500,1642258.5000,-32768,-32768,-110
00:35:50,1493.86,25.11,3.34,3276.70,0.00,24.6261,24.6787,24.4730,24.5250,38534196,1461033,1639503,38532552.0000,1459213.2500,1641786.6250,-32768,-32768,-105
00:35:52,1488.43,25.11,3.33,3276.70,0.00,24.6348,24.6744,24.4835,24.5250,38534196,1460859,1640533,38532552.0000,1459368.8750,1641450.0000,-32768,-32768,-104
00:35:54,1504.72,25.12,3.32,3276.70,0.00,24.6348,24.6712,24.4920,24.5166,38542204,1461173,1637538,38533704.0000,1459474.2500,1641277.3750,-32768,-32768,-103
00:35:55,1515.59,25.13,3.33,3276.70,0.00,24.6525,24.6712,24.4920,24.5152,38531860,1459857,1639698,38533972.0000,1459564.8750,1641115.2500,-32768,-32768,-102
00:35:58,1531.88,25.13,3.33,3276.70,0.00,24.6637,24.6712,24.5213,24.5152,38533578,1459814,1646343,38533756.0000,1459588.2500,1641466.0000,-32768,-32768,-104
00:36:00,1548.17,25.14,3.34,3276.70,0.00,24.6782,24.6696,24.5368,24.5163,38533578,1460309,1646343,38534520.0000,1459626.8750,1641496.7500,-32768,-32768,-105
00:36:01,1559.03,25.15,3.34,3276.70,0.00,24.7034,24.6719,24.5550,24.5184,38543557,1459413,1652761,38535080.0000,1459623.1250,1641876.1250,-32768,-32768,-107
00:36:02,1564.46,25.16,3.34,3276.70,0.00,24.7123,24.6746,24.5737,24.5215,38542603,1459372,1651706,38535316.0000,1459615.2500,1642183.3750,-32768,-32768,-109
00:36:03,1575.32,25.16,3.35,3276.70,0.00,24.7314,24.6764,24.5836,24.5234,38543305,1459510,1644841,38535564.0000,1459612.0000,1642266.3750,-32768,-32768,-110
00:36:04,1586.18,25.16,3.35,3276.70,0.00,24.7519,24.6807,24.6036,24.5280,38548868,1458976,1644875,38536388.0000,1459585.5000,1642432.7500,-32768,-32768,-110
00:36:07,1597.05,25.18,3.35,3276.70,0.00,24.7519,24.6861,24.6254,24.5336,38548868,1458739,1644875,38537024.0000,1459481.5000,1643374.3750,-32768,-32768,-110
00:36:09,1597.05,25.19,3.36,3276.70,0.00,24.8133,24.6965,24.6575,24.5336,38548868,1459444,1649395,38539136.0000,1459464.2500,1644194.2500,-32768,-32768,-110
00:36:11,1602.48,25.19,3.36,3276.70,0.00,24.8321,24.6965,24.6852,24.5336,38567266,1459497,1651446,38540812.0000,1459460.2500,1644814.6250,-32768,-32768,-110
00:36:14,1618.77,25.19,3.36,3276.70,0.00,24.8321,24.7219,24.6852,24.5691,38567266,1459075,1655631,38544480.0000,1459441.7500,1645897.8750,-32768,-32768,-110
00:36:17,1640.49,25.21,3.38,3276.70,0.00,24.8730,24.7310,24.6852,24.5830,38567266,1459162,1654115,38547628.0000,1459428.2500,1646619.1250,-32768,-32768,-110
00:36:19,1656.78,25.24,3.38,3276.70,0.00,24.8936,24.7451,24.6852,24.5975,38567266,1458481,1655258,38550036.0000,1459347.2500,1647204.3750,-32768,-32768,-110
00:36:21,1678.51,25.26,3.37,3276.70,0.00,24.9199,24.7601,24.7685,24.6077,38574044,1458387,1655258,38551428.0000,1459276.2500,1647722.5000,-32768,-32768,-110
00:36:22,1694.80,25.27,3.37,3276.70,0.00,24.9397,24.7708,24.7685,24.6243,38567539,1458387,1649335,38552504.0000,1459183.5000,1647732.0000,-32768,-32768,-110
00:36:24,1716.52,25.29,3.38,3276.70,0.00,24.9604,24.7708,24.8211,24.6243,38561840,1456973,1657702,38553636.0000,1459010.6250,1648634.5000,-32768,-32768,-110
00:36:25,1721.95,25.30,3.37,3276.70,0.00,24.9895,24.8000,24.8384,24.6482,38559890,1457079,1646989,38553832.0000,1458950.2500,1648583.1250,-32768,-32768,-110
00:36:27,1732.81,25.31,3.39,3276.70,0.00,24.9995,24.8062,24.8479,24.6544,38558837,1456962,1650459,38553832.0000,1458824.0000,1648991.6250,-32768,-32768,-110
00:36:30,1754.53,25.33,3.39,3276.70,0.00,24.9995,24.8255,24.8788,24.6738,38558837,1457741,1654566,38556020.0000,1458702.5000,1649839.7500,-32768,-32768,-110
00:36:32,1770.83,25.34,3.38,3276.70,0.00,25.0565,24.8455,24.9055,24.6941,38576485,1457130,1654566,38557784.0000,1458565.6250,1650820.0000,-32768,-32768,-110
00:36:33,1787.12,25.36,3.38,3276.70,0.00,25.0754,24.8594,24.9246,24.7079,38568634,1456663,1654566,38557784.0000,1458450.7500,1651575.2500,-32768,-32768,-110
00:36:35,1808.84,25.36,3.39,3276.70,0.00,25.0949,24.8594,24.9246,24.7294,38569722,1456504,1664536,38559136.0000,1458336.8750,1651575.2500,-32768,-32768,-110
00:36:37,1819.70,25.38,3.40,3276.70,0.00,25.1139,24.8880,24.9728,24.7441,38564884,1456129,1665457,38559516.0000,1458336.8750,1653139.7500,-32768,-32768,-110
00:36:39,1830.56,25.40,3.41,3276.70,0.00,25.1408,24.9102,24.9728,24.7589,38562610,1455775,1666636,38559908.0000,1457994.0000,1654454.7500,-32768,-32768,-110
00:36:40,1841.43,25.41,3.40,3276.70,0.00,25.1493,24.9251,25.0055,24.7738,38563228,1455781,1667924,38560012.0000,1457924.8750,1654875.6250,-32768,-32768,-110
00:36:41,1852.29,25.42,3.38,3276.70,0.00,25.1654,24.9326,25.0133,24.7813,38565121,1455759,1668645,38560172.0000,1457857.1250,1655305.8750,-32768,-32768,-110
00:36:43,1868.58,25.43,3.37,3276.70,0.00,25.1727,24.9326,25.0133,24.7962,38573256,1456046,1673833,38560824.0000,1457857.1250,1655305.8750,-32768,-32768,-110
00:36:45,1884.87,25.45,3.34,3276.70,0.00,25.1955,24.9326,25.0447,24.7962,38568599,1456046,1680572,38562164.0000,1457513.2500,1658418.5000,-32768,-32768,-110
00:36:48,1901.16,25.47,3.36,3276.70,0.00,25.1955,24.9851,25.0447,24.8411,38568599,1455957,1671955,38562164.0000,1457513.2500,1658418.5000,-32768,-32768,-110
00:36:51,1922.88,25.49,3.38,3276.70,0.00,25.1955,25.0224,25.0984,24.8705,38585077,1455833,1682658,38565664.0000,1457231.6250,1658418.5000,-32768,-32768,-110
00:36:53,1944.61,25.51,3.36,3276.70,0.00,25.1955,25.0371,25.0984,24.8925,38587561,1455823,1674771,38567720.0000,1457114.3750,1662827.5000,-32768,-32768,-110
00:36:55,1977.19,25.51,3.37,3276.70,0.00,25.2850,25.0589,25.1337,24.9070,38580599,1454767,1674771,38567720.0000,1456891.2500,1664304.8750,-32768,-32768,-110
00:36:57,2009.78,25.54,3.38,3276.70,0.00,25.2850,25.0808,25.1337,24.9363,38517457,1451634,1672463,38564776.0000,1456471.1250,1665086.1250,-32768,-32768,-110
00:36:59,2026.07,25.56,3.37,3276.70,0.00,25.3247,25.0955,25.1337,24.9437,38513919,1451114,1672858,38561504.0000,1456146.8750,1665531.6250,-32768,-32768,-110
00:37:00,2031.50,25.57,3.37,3276.70,0.00,25.3425,25.1104,25.1877,24.9584,38509265,1451103,1673832,38559872.0000,1455989.2500,1665791.0000,-32768,-32768,-110
00:37:02,2015.21,25.59,3.37,3276.70,0.00,25.3504,25.1179,25.1955,24.9658,38509265,1451523,1673832,38556008.0000,1455594.0000,1666039.2500,-32768,-32768,-110
00:37:04,2009.78,25.60,3.37,3276.70,0.00,25.3657,25.1399,25.2118,24.9877,38538597,1452893,1676759,38555464.0000,1455594.0000,1666039.2500,-32768,-32768,-110
00:37:06,2004.34,25.63,3.37,3276.70,0.00,25.3765,25.1610,25.2251,25.0087,38545868,1453124,1676759,38555464.0000,1455217.7500,1667277.5000,-32768,-32768,-110
00:37:09,2009.78,25.65,3.32,3276.70,0.00,25.3765,25.1814,25.2251,25.0358,38547497,1452364,1678218,38553796.0000,1455217.7500,1667277.5000,-32768,-32768,-110
00:37:11,2004.34,25.68,3.36,3276.70,0.00,25.4013,25.2011,25.2472,25.0487,38556962,1452855,1680566,38553932.0000,1454767.0000,1669341.8750,-32768,-32768,-110
00:37:13,2004.34,25.70,3.36,3276.70,0.00,25.4030,25.2134,25.2486,25.0609,38556092,1452342,1680903,38554000.0000,1454691.1250,1669703.1250,-32768,-32768,-110
00:37:15,2004.34,25.71,3.36,3276.70,0.00,25.4064,25.2134,25.2578,25.0609,38562508,1452572,1679500,38554788.0000,1454439.3750,1671418.1250,-32768,-32768,-110
00:37:17,2004.34,25.71,3.36,3276.70,0.00,25.4111,25.2134,25.2604,25.0609,38566381,1452282,1692414,38555704.0000,1454250.8750,1672620.5000,-32768,-32768,-110
00:37:18,1998.91,25.75,3.37,3276.70,0.00,25.4116,25.2573,25.2600,25.1051,38566822,1452367,1690142,38556052.0000,1454192.0000,1673168.0000,-32768,-32768,-110
00:37:20,2004.34,25.76,3.38,3276.70,0.00,25.4123,25.2621,25.2594,25.1099,38569761,1452783,1681832,38556480.0000,1454148.0000,1673438.7500,-32768,-32768,-110
00:37:23,1998.91,25.77,3.38,3276.70,0.00,25.4123,25.2759,25.2594,25.1234,38569761,1452941,1689989,38558720.0000,1454008.6250,1675045.5000,-32768,-32768,-110
00:37:24,1998.91,25.79,3.39,3276.70,0.00,25.4128,25.2883,25.2573,25.1356,38580872,1453152,1681788,38560016.0000,1453955.3750,1675466.0000,-32768,-32768,-110
00:37:26,1998.91,25.81,3.39,3276.70,0.00,25.4134,25.2922,25.2573,25.1430,38578238,1452948,1691510,38561204.0000,1453901.1250,1675466.0000,-32768,-32768,-110
00:37:28,1998.91,25.82,3.39,3276.70,0.00,25.4156,25.3033,25.2573,25.1430,38580750,1453189,1691510,38562980.0000,1453835.8750,1676931.1250,-32768,-32768,-110
00:37:30,1998.91,25.82,3.42,3276.70,0.00,25.4168,25.3135,25.2601,25.1599,38584391,1453257,1689088,38564336.0000,1453835.8750,1676931.1250,-32768,-32768,-110
00:37:32,1998.91,25.85,3.42,3276.70,0.00,25.4172,25.3198,25.2635,25.1662,38590143,1453615,1683092,38565876.0000,1453835.8750,1676931.1250,-32768,-32768,-110
00:37:35,1998.91,25.86,3.42,3276.70,0.00,25.4172,25.3287,25.2635,25.1782,38591111,1453569,1685109,38569212.0000,1453777.7500,1676931.1250,-32768,-32768,-110
00:37:37,1998.91,25.88,3.42,3276.70,0.00,25.4233,25.3372,25.2731,25.1839,38597831,1453910,1684234,38570784.0000,1453781.3750,1679113.2500,-32768,-32768,-110
00:37:38,1998.91,25.89,3.43,3276.70,0.00,25.4262,25.3452,25.2777,25.1923,38600224,1453797,1682254,38573344.0000,1453785.1250,1679415.8750,-32768,-32768,-110
00:37:40,2004.34,25.90,3.43,3276.70,0.00,25.4298,25.3479,25.2793,25.1923,38602816,1454025,1682254,38575120.0000,1453802.1250,1679695.6250,-32768,-32768,-110
00:37:43,1998.91,25.90,3.43,3276.70,0.00,25.4377,25.3557,25.2864,25.2030,38604631,1454025,1676590,38575120.0000,1453835.8750,1679695.6250,-32768,-32768,-110
00:37:45,1998.91,25.93,3.43,3276.70,0.00,25.4377,25.3662,25.2975,25.2137,38604631,1454320,1684625,38580384.0000,1453876.8750,1680152.1250,-32768,-32768,-110
00:37:46,1998.91,25.95,3.43,3276.70,0.00,25.4514,25.3689,25.3005,25.2164,38607965,1454555,1674172,38582056.0000,1453921.1250,1679865.0000,-32768,-32768,-110
00:37:49,1998.91,25.96,3.42,3276.70,0.00,25.4584,25.3689,25.3005,25.2219,38607965,1454463,1686110,38582056.0000,1453970.7500,1680401.6250,-32768,-32768,-110
00:37:50,1998.91,25.98,3.43,3276.70,0.00,25.4693,25.3825,25.3162,25.2301,38614991,1454755,1675329,38585440.0000,1453995.2500,1680243.1250,-32768,-32768,-110
00:37:53,1998.91,25.99,3.43,3276.70,0.00,25.4693,25.3909,25.3162,25.2413,38614991,1454555,1685926,38588752.0000,1454065.5000,1680742.0000,-32768,-32768,-110
00:37:55,1998.91,26.00,3.44,3276.70,0.00,25.4903,25.3996,25.3373,25.2471,38616998,1454699,1681684,38590504.0000,1454065.5000,1680952.6250,-32768,-32768,-110
00:37:57,1998.91,26.01,3.43,3276.70,0.00,25.4967,25.3996,25.3477,25.2471,38618119,1454526,1688990,38593728.0000,1454160.1250,1681601.8750,-32768,-32768,-110
00:37:59,1998.91,26.02,3.43,3276.70,0.00,25.5073,25.4143,25.3550,25.2618,38618323,1454633,1688990,38595264.0000,1454184.5000,1682025.3750,-32768,-32768,-110
00:38:01,1998.91,26.04,3.43,3276.70,0.00,25.5140,25.4203,25.3550,25.2708,38620956,1454564,1689003,38596808.0000,1454205.6250,1682025.3750,-32768,-32768,-110
00:38:04,1998.91,26.05,3.43,3276.70,0.00,25.5140,25.4325,25.3753,25.2799,38624695,1454665,1689775,38599264.0000,1454229.7500,1682025.3750,-32768,-32768,-110
00:38:06,1998.91,26.06,3.44,3276.70,0.00,25.5140,25.4387,25.3753,25.2893,38624695,1454426,1702204,38602240.0000,1454262.6250,1685030.2500,-32768,-32768,-110
00:38:10,1998.91,26.06,3.43,3276.70,0.00,25.5511,25.4387,25.4036,25.3021,38627419,1454543,1690696,38602240.0000,1454292.6250,1685030.2500,-32768,-32768,-110
00:38:13,1998.91,26.10,3.43,3276.70,0.00,25.5511,25.4643,25.4036,25.3153,38627419,1454688,1693490,38607988.0000,1454326.8750,1686985.7500,-32768,-32768,-110
00:38:15,1998.91,26.10,3.44,3276.70,0.00,25.5849,25.4779,25.4316,25.3254,38630632,1454708,1693490,38607988.0000,1454326.8750,1687079.7500,-32768,-32768,-110
00:38:19,1998.91,26.15,3.44,3276.70,0.00,25.5989,25.4779,25.4444,25.3254,38637576,1454768,1693490,38607988.0000,1454391.8750,1687473.0000,-32768,-32768,-110
00:38:20,1998.91,26.17,3.44,3276.70,0.00,25.6122,25.4992,25.4577,25.3464,38635671,1454548,1695643,38613876.0000,1454396.7500,1687728.3750,-32768,-32768,-110
00:38:23,1998.91,26.18,3.44,3276.70,0.00,25.6122,25.5102,25.4577,25.3610,38635671,1454414,1696539,38616812.0000,1454406.1250,1688925.1250,-32768,-32768,-110
00:38:26,1998.91,26.20,3.44,3276.70,0.00,25.6122,25.5251,25.4577,25.3722,38635671,1454508,1705819,38619916.0000,1454420.0000,1689896.5000,-32768,-32768,-110
00:38:28,1998.91,26.23,3.44,3276.70,0.00,25.6518,25.5251,25.5027,25.3722,38645287,1454515,1698685,38622152.0000,1454423.3750,1690758.0000,-32768,-32768,-110
00:38:30,1998.91,26.24,3.44,3276.70,0.00,25.6657,25.5251,25.5168,25.3722,38647953,1454461,1700566,38624400.0000,1454429.6250,1691559.8750,-32768,-32768,-110
00:38:32,1998.91,26.26,3.44,3276.70,0.00,25.6800,25.5562,25.5264,25.4032,38647585,1454471,1699370,38625124.0000,1454431.0000,1691803.8750,-32768,-32768,-110
00:38:33,1998.91,26.27,3.44,3276.70,0.00,25.6897,25.5642,25.5357,25.4111,38649530,1454516,1699797,38626600.0000,1454431.0000,1692492.0000,-32768,-32768,-110
00:38:35,1998.91,26.27,3.44,3276.70,0.00,25.6989,25.5723,25.5452,25.4192,38649171,1454395,1699594,38627980.0000,1454431.0000,1692962.6250,-32768,-32768,-110
00:38:39,1998.91,26.27,3.44,3276.70,0.00,25.7133,25.5723,25.5590,25.4192,38653770,1454405,1699594,38631728.0000,1454431.0000,1692962.6250,-32768,-32768,-110
00:38:41,1998.91,26.32,3.44,3276.70,0.00,25.7325,25.6013,25.5773,25.4480,38657374,1454480,1699594,38633956.0000,1454435.1250,1694694.0000,-32768,-32768,-110
00:38:42,1998.91,26.34,3.44,3276.70,0.00,25.7412,25.6098,25.5867,25.4563,38656228,1454340,1700302,38634652.0000,1454432.2500,1694869.2500,-32768,-32768,-110
00:38:43,1998.91,26.34,3.44,3276.70,0.00,25.7462,25.6140,25.5916,25.4605,38655480,1454307,1703690,38635304.0000,1454428.2500,1695144.8750,-32768,-32768,-110
00:38:44,1998.91,26.35,3.44,3276.70,0.00,25.7511,25.6183,25.5964,25.4690,38660331,1454343,1706146,38636808.0000,1454428.2500,1695779.0000,-32768,-32768,-110
00:38:47,1998.91,26.36,3.44,3276.70,0.00,25.7511,25.6311,25.5964,25.4818,38660140,1454322,1704333,38638832.0000,1454416.6250,1696552.1250,-32768,-32768,-110
00:38:48,1998.91,26.38,3.44,3276.70,0.00,25.7750,25.6398,25.5964,25.4904,38665471,1454440,1705191,38640416.0000,1454416.6250,1697060.0000,-32768,-32768,-110
00:38:52,1998.91,26.38,3.44,3276.70,0.00,25.7893,25.6398,25.6389,25.4904,38665114,1454361,1705191,38640416.0000,1454409.0000,1698049.2500,-32768,-32768,-110
00:38:54,1998.91,26.41,3.44,3276.70,0.00,25.7893,25.6750,25.6389,25.5209,38669116,1454361,1707682,38646376.0000,1454407.1250,1699097.3750,-32768,-32768,-110
00:38:57,1998.91,26.43,3.44,3276.70,0.00,25.8234,25.6840,25.6389,25.5343,38668762,1454276,1708415,38647768.0000,1454401.2500,1699639.5000,-32768,-32768,-110
00:38:58,1998.91,26.45,3.44,3276.70,0.00,25.8383,25.6975,25.6832,25.5433,38671742,1454341,1708777,38650000.0000,1454393.6250,1700477.6250,-32768,-32768,-110
00:39:00,1998.91,26.45,3.44,3276.70,0.00,25.8433,25.7020,25.6932,25.5433,38675515,1454341,1708777,38651552.0000,1454385.1250,1701047.8750,-32768,-32768,-110
00:39:02,2004.34,26.45,3.44,3276.70,0.00,25.8634,25.7203,25.7082,25.5433,38675891,1454181,1710724,38653692.0000,1454364.2500,1701883.2500,-32768,-32768,-110
00:39:05,1998.91,26.49,3.44,3276.70,0.00,25.8634,25.7342,25.7082,25.5844,38675891,1454212,1712455,38655932.0000,1454349.6250,1702814.1250,-32768,-32768,-110
00:39:07,1998.91,26.51,3.46,3276.70,0.00,25.8941,25.7482,25.7082,25.5937,38680415,1454074,1706460,38658176.0000,1454331.6250,1703431.3750,-32768,-32768,-110
00:39:09,1998.91,26.51,3.44,3276.70,0.00,25.9045,25.7577,25.7490,25.6030,38682745,1454316,1706460,38659692.0000,1454326.7500,1703800.1250,-32768,-32768,-110
00:39:10,1998.91,26.51,3.44,3276.70,0.00,25.9146,25.7671,25.7599,25.6125,38684084,1454226,1713414,38661228.0000,1454320.7500,1704405.2500,-32768,-32768,-110
00:39:12,1998.91,26.55,3.44,3276.70,0.00,25.9146,25.7814,25.7755,25.6268,38684053,1454127,1714389,38662684.0000,1454311.6250,1705007.7500,-32768,-32768,-110
00:39:13,1998.91,26.57,3.44,3276.70,0.00,25.9358,25.7862,25.7802,25.6316,38686191,1453990,1714257,38663420.0000,1454301.6250,1705296.8750,-32768,-32768,-110
00:39:14,1998.91,26.57,3.44,3276.70,0.00,25.9412,25.7959,25.7905,25.6412,38687336,1454004,1715405,38664904.0000,1454278.8750,1705944.2500,-32768,-32768,-110
00:39:16,1998.91,26.58,3.44,3276.70,0.00,25.9515,25.8007,25.7956,25.6460,38688741,1454061,1715405,38666400.0000,1454278.8750,1706535.8750,-32768,-32768,-110
00:39:19,1998.91,26.59,3.44,3276.70,0.00,25.9515,25.8154,25.7956,25.6654,38693901,1454061,1715534,38669512.0000,1454253.1250,1707689.5000,-32768,-32768,-110
00:39:20,1998.91,26.61,3.46,3276.70,0.00,25.9829,25.8301,25.8267,25.6751,38695538,1454095,1716262,38670324.0000,1454248.2500,1707957.3750,-32768,-32768,-110
00:39:22,1998.91,26.62,3.46,3276.70,0.00,25.9934,25.8399,25.8372,25.6849,38695972,1454081,1719097,38671864.0000,1454235.5000,1708630.1250,-32768,-32768,-110
00:39:23,1998.91,26.63,3.45,3276.70,0.00,25.9986,25.8448,25.8430,25.6898,38696137,1453993,1719152,38671864.0000,1454217.6250,1709394.2500,-32768,-32768,-110
00:39:26,1998.91,26.65,3.45,3276.70,0.00,25.9986,25.8597,25.8430,25.7095,38696137,1453880,1720255,38675720.0000,1454188.0000,1710483.0000,-32768,-32768,-110
00:39:28,1998.91,26.66,3.46,3276.70,0.00,26.0305,25.8747,25.8730,25.7194,38701028,1453802,1727272,38677236.0000,1454188.0000,1711882.7500,-32768,-32768,-110
00:39:30,1998.91,26.68,3.45,3276.70,0.00,26.0406,25.8747,25.8892,25.7194,38705620,1453966,1721286,38679644.0000,1454144.7500,1712451.6250,-32768,-32768,-110
00:39:33,1998.91,26.70,3.46,3276.70,0.00,26.0406,25.9048,25.8892,25.7493,38705620,1454081,1722050,38682992.0000,1454112.0000,1714033.7500,-32768,-32768,-110
00:39:36,1998.91,26.72,3.45,3276.70,0.00,26.0406,25.9199,25.8892,25.7692,38709370,1454081,1724395,38685360.0000,1454087.2500,1714888.8750,-32768,-32768,-110
00:39:37,1998.91,26.74,3.45,3276.70,0.00,26.0874,25.9300,25.9300,25.7742,38709673,1453899,1724172,38686888.0000,1454073.6250,1715468.8750,-32768,-32768,-110
00:39:38,1998.91,26.75,3.46,3276.70,0.00,26.1030,25.9452,25.9461,25.7893,38712532,1453892,1724003,38688424.0000,1454061.2500,1715976.2500,-32768,-32768,-110
00:39:40,1998.91,26.76,3.46,3276.70,0.00,26.1085,25.9503,25.9508,25.7893,38713996,1454007,1715727,38690048.0000,1454058.8750,1715936.5000,-32768,-32768,-110
00:39:41,1998.91,26.76,3.46,3276.70,0.00,26.1191,25.9605,25.9608,25.8045,38716557,1453864,1726289,38690880.0000,1454052.8750,1716260.0000,-32768,-32768,-110
00:39:43,1998.91,26.78,3.46,3276.70,0.00,26.1295,25.9707,25.9716,25.8145,38718171,1453964,1724369,38692504.0000,1454044.7500,1716806.8750,-32768,-32768,-110
00:39:45,1998.91,26.79,3.45,3276.70,0.00,26.1295,25.9809,25.9716,25.8297,38718171,1453776,1726824,38695044.0000,1454026.5000,1717812.1250,-32768,-32768,-110
00:39:49,1998.91,26.81,3.46,3276.70,0.00,26.1558,25.9809,26.0028,25.8297,38722774,1453910,1726824,38698320.0000,1454014.8750,1717812.1250,-32768,-32768,-110
00:39:51,1998.91,26.83,3.46,3276.70,0.00,26.1558,26.0220,26.0028,25.8654,38725629,1453707,1729177,38700728.0000,1453997.1250,1720638.8750,-32768,-32768,-110
00:39:53,1998.91,26.85,3.46,3276.70,0.00,26.1558,26.0375,26.0028,25.8807,38728301,1453839,1729623,38703128.0000,1453966.2500,1721497.7500,-32768,-32768,-110
00:39:55,1998.91,26.85,3.46,3276.70,0.00,26.2087,26.0478,26.0509,25.8910,38729357,1453766,1729623,38705504.0000,1453945.7500,1722348.3750,-32768,-32768,-110
00:39:57,1998.91,26.85,3.46,3276.70,0.00,26.2252,26.0634,26.0664,25.9064,38734826,1453965,1732479,38707224.0000,1453945.7500,1723221.7500,-32768,-32768,-110
00:39:59,1998.91,26.90,3.46,3276.70,0.00,26.2358,26.0738,26.0777,25.9167,38734452,1453909,1732479,38709656.0000,1453936.6250,1723528.0000,-32768,-32768,-110
00:40:03,1998.91,26.92,3.46,3276.70,0.00,26.2358,26.0894,26.0777,25.9375,38734452,1453725,1736063,38712200.0000,1453927.0000,1724146.1250,-32768,-32768,-110
00:40:04,1998.91,26.94,3.46,3276.70,0.00,26.2683,26.1051,26.1095,25.9479,38739823,1453808,1733695,38713908.0000,1453927.0000,1725041.5000,-32768,-32768,-110
00:40:05,1998.91,26.95,3.46,3276.70,0.00,26.2793,26.1157,26.1204,25.9582,38742165,1453833,1734194,38715576.0000,1453913.8750,1725327.5000,-32768,-32768,-110
00:40:08,1998.91,26.96,3.46,3276.70,0.00,26.2900,26.1157,26.1369,25.9582,38744594,1453698,1744524,38718216.0000,1453905.5000,1726580.0000,-32768,-32768,-110
00:40:10,1998.91,26.98,3.46,3276.70,0.00,26.2900,26.1157,26.1478,25.9582,38749112,1453753,1737762,38720792.0000,1453892.6250,1727862.1250,-32768,-32768,-110
00:40:12,1998.91,27.00,3.46,3276.70,0.00,26.3230,26.1579,26.1633,26.0001,38749989,1453547,1739986,38722588.0000,1453864.0000,1728947.3750,-32768,-32768,-110
00:40:13,2004.34,27.00,3.46,3276.70,0.00,26.3337,26.1685,26.1741,26.0106,38749942,1453626,1738816,38724264.0000,1453856.6250,1729255.8750,-32768,-32768,-110
00:40:17,1998.91,27.02,3.46,3276.70,0.00,26.3337,26.1791,26.1741,26.0264,38749942,1453626,1729920,38724264.0000,1453856.6250,1729962.7500,-32768,-32768,-110
00:40:19,1998.91,27.05,3.46,3276.70,0.00,26.3337,26.2057,26.2116,26.0475,38759550,1453843,1740231,38730572.0000,1453844.6250,1730873.6250,-32768,-32768,-110
00:40:21,1998.91,27.06,3.46,3276.70,0.00,26.3337,26.2164,26.2116,26.0634,38760904,1453833,1741877,38733248.0000,1453851.2500,1731581.2500,-32768,-32768,-110
00:40:23,1998.91,27.06,3.46,3276.70,0.00,26.3995,26.2325,26.2392,26.0740,38765503,1453908,1742596,38735184.0000,1453854.8750,1732246.0000,-32768,-32768,-110
00:40:26,1998.91,27.06,3.46,3276.70,0.00,26.4106,26.2325,26.2498,26.0740,38766529,1453634,1742434,38737964.0000,1453830.0000,1733734.3750,-32768,-32768,-110
00:40:28,1998.91,27.06,3.46,3276.70,0.00,26.4270,26.2594,26.2661,26.1005,38769866,1453563,1747157,38740792.0000,1453825.1250,1734342.6250,-32768,-32768,-110
00:40:30,1998.91,27.13,3.46,3276.70,0.00,26.4270,26.2756,26.2661,26.1219,38772773,1453669,1746217,38743532.0000,1453802.5000,1735430.6250,-32768,-32768,-110
00:40:32,1998.91,27.15,3.46,3276.70,0.00,26.4603,26.2756,26.2986,26.1326,38774869,1453744,1737640,38745412.0000,1453796.5000,1735843.1250,-32768,-32768,-110
00:40:34,1998.91,27.16,3.46,3276.70,0.00,26.4603,26.3027,26.3151,26.1486,38775991,1453597,1747098,38747976.0000,1453796.5000,1735843.1250,-32768,-32768,-110
00:40:36,1998.91,27.18,3.46,3276.70,0.00,26.4825,26.3135,26.3207,26.1540,38777241,1453722,1747098,38749872.0000,1453783.7500,1737139.3750,-32768,-32768,-110
00:40:39,1998.91,27.20,3.46,3276.70,0.00,26.4825,26.3352,26.3207,26.1754,38777241,1453570,1750972,38753436.0000,1453755.7500,1738610.6250,-32768,-32768,-110
00:40:41,1998.91,27.22,3.46,3276.70,0.00,26.5214,26.3516,26.3587,26.1754,38779788,1453160,1750972,38755856.0000,1453714.2500,1740255.0000,-32768,-32768,-110
00:40:44,1998.91,27.23,3.46,3276.70,0.00,26.5214,26.3680,26.3587,26.2131,38779788,1453294,1750322,38758424.0000,1453689.1250,1741169.2500,-32768,-32768,-110
00:40:46,1998.91,27.25,3.47,3276.70,0.00,26.5214,26.3680,26.3916,26.2131,38784126,1453250,1752141,38760688.0000,1453649.0000,1742079.3750,-32768,-32768,-110
00:40:48,1998.91,27.26,3.47,3276.70,0.00,26.5664,26.3954,26.4029,26.2346,38788347,1453250,1755800,38760688.0000,1453616.5000,1743121.7500,-32768,-32768,-110
00:40:50,2004.34,27.29,3.47,3276.70,0.00,26.5834,26.4120,26.4191,26.2509,38787216,1453249,1753916,38764016.0000,1453616.5000,1743813.7500,-32768,-32768,-110
00:40:51,1998.91,27.30,3.46,3276.70,0.00,26.5945,26.4230,26.4298,26.2616,38791295,1453325,1754967,38764016.0000,1453616.5000,1744748.7500,-32768,-32768,-110
00:40:54,1998.91,27.30,3.46,3276.70,0.00,26.5945,26.4396,26.4298,26.2779,38791295,1453325,1756476,38768852.0000,1453540.0000,1746028.2500,-32768,-32768,-110
00:40:56,1998.91,27.32,3.47,3276.70,0.00,26.5945,26.4562,26.4298,26.2942,38795177,1453480,1750041,38770460.0000,1453531.8750,1746468.0000,-32768,-32768,-110
00:40:58,2004.34,27.34,3.47,3276.70,0.00,26.6346,26.4618,26.4688,26.2996,38797214,1453246,1750041,38772060.0000,1453531.8750,1747310.1250,-32768,-32768,-110
00:41:01,2004.34,27.35,3.47,3276.70,0.00,26.6346,26.4841,26.4688,26.3268,38801869,1452987,1759185,38775432.0000,1453531.8750,1748743.2500,-32768,-32768,-110
00:41:03,1998.91,27.35,3.47,3276.70,0.00,26.6346,26.5064,26.4688,26.3487,38805315,1453182,1761544,38778604.0000,1453416.7500,1749687.0000,-32768,-32768,-110
00:41:05,1998.91,27.39,3.47,3276.70,0.00,26.6923,26.5177,26.5238,26.3541,38805445,1453133,1759753,38779440.0000,1453407.8750,1750001.5000,-32768,-32768,-110
00:41:07,1998.91,27.41,3.47,3276.70,0.00,26.6923,26.5345,26.5405,26.3705,38805672,1453061,1761819,38781728.0000,1453372.2500,1751008.5000,-32768,-32768,-110
00:41:10,1998.91,27.42,3.47,3276.70,0.00,26.6923,26.5514,26.5405,26.3925,38809018,1453069,1763492,38785040.0000,1453340.6250,1751008.5000,-32768,-32768,-110
00:41:13,1998.91,27.44,3.47,3276.70,0.00,26.6923,26.5683,26.5405,26.4090,38814828,1452905,1763579,38787588.0000,1453313.2500,1753336.3750,-32768,-32768,-110
00:41:14,1998.91,27.44,3.47,3276.70,0.00,26.7603,26.5852,26.5916,26.4200,38811980,1452868,1765899,38789096.0000,1453288.0000,1754055.3750,-32768,-32768,-110
00:41:15,1998.91,27.47,3.47,3276.70,0.00,26.7659,26.5908,26.5974,26.4255,38812896,1452846,1765837,38789840.0000,1453274.1250,1754423.5000,-32768,-32768,-110
00:41:16,1998.91,27.48,3.47,3276.70,0.00,26.7712,26.5964,26.6034,26.4311,38816859,1452907,1765287,38790680.0000,1453262.6250,1754763.0000,-32768,-32768,-110
00:41:17,2004.34,27.49,3.47,3276.70,0.00,26.7770,26.6020,26.6089,26.4366,38818046,1452837,1765225,38792340.0000,1453234.2500,1755346.8750,-32768,-32768,-110
00:41:19,2004.34,27.49,3.47,3276.70,0.00,26.7933,26.6189,26.6257,26.4532,38817229,1452817,1766400,38793832.0000,1453210.1250,1755994.7500,-32768,-32768,-110
00:41:21,1998.91,27.51,3.47,3276.70,0.00,26.7989,26.6189,26.6368,26.4532,38822325,1452876,1768342,38796296.0000,1453181.2500,1757081.1250,-32768,-32768,-110
00:41:23,1998.91,27.53,3.47,3276.70,0.00,26.8159,26.6414,26.6482,26.4754,38818308,1452705,1768728,38796296.0000,1453181.2500,1757081.1250,-32768,-32768,-110
00:41:25,1998.91,27.54,3.48,3276.70,0.00,26.8331,26.6582,26.6646,26.4921,38826440,1452849,1770516,38796296.0000,1453129.3750,1758468.6250,-32768,-32768,-110
00:41:27,1998.91,27.56,3.48,3276.70,0.00,26.8445,26.6695,26.6646,26.5087,38825881,1452618,1769602,38801704.0000,1453085.0000,1758468.6250,-32768,-32768,-110
00:41:30,1998.91,27.56,3.48,3276.70,0.00,26.8614,26.6864,26.6926,26.5198,38828815,1452760,1769602,38801704.0000,1453085.0000,1760451.0000,-32768,-32768,-110
00:41:31,1998.91,27.60,3.48,3276.70,0.00,26.8790,26.7033,26.7093,26.5364,38829686,1452569,1771750,38805664.0000,1453022.0000,1761129.8750,-32768,-32768,-110
00:41:32,1998.91,27.60,3.48,3276.70,0.00,26.8843,26.7089,26.7152,26.5420,38831167,1452702,1772010,38806464.0000,1453022.0000,1761819.2500,-32768,-32768,-110
00:41:33,2004.34,27.61,3.48,3276.70,0.00,26.8963,26.7203,26.7265,26.5532,38834473,1452651,1773162,38806464.0000,1452990.1250,1762173.7500,-32768,-32768,-110
00:41:35,2004.34,27.62,3.48,3276.70,0.00,26.9080,26.7316,26.7375,26.5643,38832642,1452444,1773162,38810424.0000,1452943.7500,1763680.7500,-32768,-32768,-110
00:41:37,1998.91,27.64,3.48,3276.70,0.00,26.9196,26.7429,26.7491,26.5755,38836783,1452662,1772476,38811248.0000,1452935.0000,1763955.6250,-32768,-32768,-110
00:41:38,2004.34,27.65,3.48,3276.70,0.00,26.9311,26.7543,26.7607,26.5867,38838425,1452438,1774761,38812916.0000,1452909.7500,1764616.3750,-32768,-32768,-110
00:41:39,1998.91,27.66,3.48,3276.70,0.00,26.9427,26.7657,26.7720,26.5979,38836128,1452228,1777362,38814392.0000,1452871.1250,1765340.3750,-32768,-32768,-110
00:41:41,1998.91,27.67,3.48,3276.70,0.00,26.9485,26.7714,26.7776,26.6034,38839650,1452537,1776551,38816008.0000,1452845.5000,1766003.2500,-32768,-32768,-110
00:41:44,1998.91,27.68,3.48,3276.70,0.00,26.9658,26.7885,26.7948,26.6202,38840297,1452537,1776551,38816008.0000,1452845.5000,1766989.5000,-32768,-32768,-110
00:41:46,1998.91,27.70,3.48,3276.70,0.00,26.9658,26.8056,26.8118,26.6371,38840297,1452413,1778828,38820688.0000,1452761.7500,1768081.1250,-32768,-32768,-110
00:41:49,2004.34,27.70,3.48,3276.70,0.00,27.0005,26.8227,26.8293,26.6540,38844277,1452413,1779458,38822856.0000,1452761.7500,1768081.1250,-32768,-32768,-110
00:41:50,2004.34,27.74,3.48,3276.70,0.00,27.0181,26.8399,26.8466,26.6709,38849741,1452410,1778753,38824464.0000,1452702.6250,1769664.3750,-32768,-32768,-110
00:41:52,2004.34,27.74,3.48,3276.70,0.00,27.0294,26.8399,26.8637,26.6879,38850181,1452244,1779287,38826704.0000,1452660.3750,1770726.2500,-32768,-32768,-110
00:41:54,2004.34,27.76,3.48,3276.70,0.00,27.0466,26.8686,26.8754,26.6993,38854739,1452205,1781354,38828328.0000,1452634.0000,1771373.3750,-32768,-32768,-110
00:41:57,1998.91,27.76,3.48,3276.70,0.00,27.0466,26.8800,26.8754,26.7106,38854739,1452173,1781354,38831356.0000,1452572.5000,1772758.3750,-32768,-32768,-110
00:41:59,1998.91,27.80,3.48,3276.70,0.00,27.0755,26.8973,26.9044,26.7276,38857988,1452206,1784095,38832996.0000,1452544.5000,1773440.6250,-32768,-32768,-110
00:42:00,1998.91,27.82,3.48,3276.70,0.00,27.0873,26.9087,26.9160,26.7390,38855059,1452008,1781356,38833688.0000,1452527.7500,1773688.0000,-32768,-32768,-110
00:42:03,1998.91,27.83,3.48,3276.70,0.00,27.0988,26.9202,26.9277,26.7504,38859070,1452008,1785566,38835992.0000,1452490.8750,1773688.0000,-32768,-32768,-110
00:42:05,2004.34,27.85,3.48,3276.70,0.00,27.0988,26.9432,26.9277,26.7504,38861229,1451896,1786058,38839144.0000,1452434.3750,1776194.3750,-32768,-32768,-110
00:42:08,2004.34,27.86,3.48,3276.70,0.00,27.0988,26.9605,26.9277,26.7904,38866844,1451896,1791086,38841552.0000,1452378.6250,1777875.2500,-32768,-32768,-110
00:42:10,2004.34,27.88,3.48,3276.70,0.00,27.0988,26.9778,26.9277,26.8076,38866844,1451974,1789884,38843844.0000,1452378.6250,1779190.5000,-32768,-32768,-110
00:42:13,1998.91,27.90,3.48,3276.70,0.00,27.0988,27.0009,26.9277,26.8076,38870913,1451693,1792525,38846352.0000,1452378.6250,1780206.2500,-32768,-32768,-110
00:42:16,1998.91,27.92,3.49,3276.70,0.00,27.0988,27.0182,26.9277,26.8536,38876228,1452071,1789481,38849696.0000,1452378.6250,1781522.2500,-32768,-32768,-110
00:42:18,2004.34,27.95,3.49,3276.70,0.00,27.2217,27.0414,27.0499,26.8708,38875674,1451681,1793902,38851864.0000,1452378.6250,1782215.8750,-32768,-32768,-110
00:42:21,2004.34,27.95,3.48,3276.70,0.00,27.2330,27.0529,27.0673,26.8881,38877138,1451734,1791409,38854328.0000,1452165.2500,1783170.0000,-32768,-32768,-110
00:42:23,1998.91,27.95,3.49,3276.70,0.00,27.2511,27.0529,27.0793,26.8881,38883637,1451789,1795170,38856624.0000,1452124.0000,1784208.8750,-32768,-32768,-110
00:42:25,2004.34,28.00,3.49,3276.70,0.00,27.2685,27.0878,27.0970,26.9170,38885187,1451767,1794809,38856624.0000,1452124.0000,1785292.8750,-32768,-32768,-110
00:42:28,2004.34,28.01,3.49,3276.70,0.00,27.2685,27.1053,27.1146,26.9170,38887420,1451724,1794809,38861688.0000,1452047.2500,1786265.2500,-32768,-32768,-110
00:42:29,2004.34,28.03,3.48,3276.70,0.00,27.2978,27.1169,27.1265,26.9518,38886479,1451434,1797321,38863276.0000,1452014.3750,1786944.8750,-32768,-32768,-110
00:42:31,2004.34,28.04,3.48,3276.70,0.00,27.2978,27.1344,27.1443,26.9634,38890105,1451594,1797942,38864836.0000,1451983.8750,1786944.8750,-32768,-32768,-110
00:42:33,2004.34,28.06,3.48,3276.70,0.00,27.3212,27.1344,27.1558,26.9751,38890350,1451505,1801135,38866448.0000,1451960.8750,1788344.0000,-32768,-32768,-110
00:42:35,2004.34,28.07,3.48,3276.70,0.00,27.3212,27.1577,27.1558,26.9925,38892754,1451505,1800119,38869504.0000,1451899.8750,1789751.6250,-32768,-32768,-110
00:42:37,2004.34,28.08,3.49,3276.70,0.00,27.3566,27.1751,27.1851,27.0042,38893436,1451419,1799796,38870252.0000,1451899.8750,1790065.5000,-32768,-32768,-110
00:42:38,2004.34,28.10,3.49,3276.70,0.00,27.3625,27.1809,27.1912,27.0100,38894062,1451396,1801263,38871692.0000,1451855.2500,1790817.1250,-32768,-32768,-110
00:42:39,2004.34,28.11,3.49,3276.70,0.00,27.3743,27.1926,27.2030,27.0216,38896801,1451517,1803174,38872476.0000,1451855.2500,1791203.2500,-32768,-32768,-110
00:42:40,2004.34,28.12,3.49,3276.70,0.00,27.3802,27.1985,27.2086,27.0275,38900507,1451541,1804732,38873352.0000,1451828.6250,1791913.0000,-32768,-32768,-110
00:42:41,2004.34,28.13,3.49,3276.70,0.00,27.3921,27.2102,27.2210,27.0391,38900512,1451298,1803290,38875088.0000,1451812.0000,1792268.5000,-32768,-32768,-110
00:42:43,2004.34,28.14,3.49,3276.70,0.00,27.3980,27.2161,27.2263,27.0450,38898092,1451172,1803149,38875808.0000,1451792.0000,1792608.5000,-32768,-32768,-110
00:42:45,2004.34,28.15,3.49,3276.70,0.00,27.3980,27.2336,27.2443,27.0450,38905219,1451323,1804659,38879052.0000,1451734.2500,1794096.2500,-32768,-32768,-110
00:42:48,2004.34,28.16,3.49,3276.70,0.00,27.3980,27.2512,27.2619,27.0800,38905219,1451257,1805689,38880552.0000,1451705.6250,1794838.1250,-32768,-32768,-110
00:42:49,1998.91,28.19,3.48,3276.70,0.00,27.4512,27.2688,27.2797,27.0976,38907729,1451135,1807282,38882892.0000,1451663.3750,1795816.1250,-32768,-32768,-110
00:42:51,2004.34,28.20,3.48,3276.70,0.00,27.4568,27.2746,27.2854,27.1035,38907617,1451060,1807282,38884436.0000,1451625.7500,1796526.0000,-32768,-32768,-110
00:42:53,1998.91,28.21,3.48,3276.70,0.00,27.4748,27.2922,27.3035,27.1211,38909929,1451479,1807282,38885976.0000,1451613.3750,1796679.7500,-32768,-32768,-110
00:42:54,2004.34,28.23,3.49,3276.70,0.00,27.4810,27.2981,27.3095,27.1269,38911900,1451195,1807684,38885976.0000,1451613.3750,1797385.3750,-32768,-32768,-110
00:42:57,2004.34,28.24,3.49,3276.70,0.00,27.4810,27.3157,27.3095,27.1504,38911900,1451103,1818316,38890640.0000,1451522.5000,1799402.1250,-32768,-32768,-110
00:42:59,2004.34,28.25,3.49,3276.70,0.00,27.5161,27.3334,27.3450,27.1621,38915820,1451103,1811580,38892132.0000,1451485.2500,1800169.6250,-32768,-32768,-110
00:43:00,2004.34,28.27,3.49,3276.70,0.00,27.5282,27.3452,27.3567,27.1739,38913715,1450937,1811184,38892808.0000,1451468.1250,1800513.7500,-32768,-32768,-110
00:43:02,1998.91,28.28,3.49,3276.70,0.00,27.5401,27.3570,27.3686,27.1857,38919749,1451015,1812169,38894336.0000,1451438.5000,1801191.5000,-32768,-32768,-110
00:43:04,2004.34,28.28,3.49,3276.70,0.00,27.5521,27.3570,27.3805,27.1857,38920036,1450945,1803155,38896596.0000,1451389.5000,1801939.3750,-32768,-32768,-110
00:43:07,2004.34,28.32,3.48,3276.70,0.00,27.5698,27.3865,27.3805,27.2211,38920036,1450714,1814415,38899736.0000,1451325.7500,1803216.0000,-32768,-32768,-110
00:43:09,2004.34,28.33,3.49,3276.70,0.00,27.5698,27.4101,27.3805,27.2387,38924489,1451031,1815630,38902048.0000,1451294.6250,1803849.2500,-32768,-32768,-110
00:43:13,2004.34,28.35,3.49,3276.70,0.00,27.5698,27.4278,27.3805,27.2623,38924489,1450532,1817278,38905160.0000,1451294.6250,1805428.7500,-32768,-32768,-110
00:43:15,2004.34,28.38,3.49,3276.70,0.00,27.6291,27.4455,27.4575,27.2741,38931506,1450672,1817685,38905160.0000,1451185.6250,1806127.1250,-32768,-32768,-110
00:43:17,2004.34,28.38,3.49,3276.70,0.00,27.6536,27.4691,27.4815,27.2741,38931506,1450322,1826021,38909032.0000,1451113.7500,1807821.7500,-32768,-32768,-110
00:43:19,2004.34,28.41,3.49,3276.70,0.00,27.6654,27.4691,27.4997,27.2741,38935546,1450468,1821208,38911432.0000,1451056.6250,1808928.3750,-32768,-32768,-110
00:43:21,2004.34,28.42,3.49,3276.70,0.00,27.6769,27.4929,27.5055,27.2741,38934767,1450208,1817636,38912840.0000,1451005.3750,1809472.5000,-32768,-32768,-110
00:43:21,2004.34,28.44,3.49,3276.70,0.00,27.6891,27.5047,27.5175,27.3332,38937617,1450383,1822129,38913616.0000,1450985.8750,1809868.0000,-32768,-32768,-110
00:43:23,2004.34,28.45,3.49,3276.70,0.00,27.6954,27.5107,27.5233,27.3392,38940385,1450522,1822129,38915312.0000,1450957.5000,1810668.0000,-32768,-32768,-110
00:43:25,2004.34,28.46,3.49,3276.70,0.00,27.7073,27.5285,27.5414,27.3570,38939445,1450380,1823476,38916788.0000,1450957.5000,1811367.3750,-32768,-32768,-110
00:43:27,2004.34,28.48,3.49,3276.70,0.00,27.7249,27.5404,27.5535,27.3689,38943169,1450339,1824799,38918364.0000,1450893.3750,1812172.2500,-32768,-32768,-110
00:43:29,2004.34,28.49,3.49,3276.70,0.00,27.7368,27.5522,27.5650,27.3807,38943024,1450312,1824799,38920600.0000,1450840.3750,1813602.5000,-32768,-32768,-110
00:43:31,1998.91,28.49,3.49,3276.70,0.00,27.7368,27.5700,27.5650,27.4045,38948958,1450312,1825212,38922960.0000,1450789.3750,1814678.1250,-32768,-32768,-110
00:43:33,2004.34,28.52,3.49,3276.70,0.00,27.7667,27.5819,27.5951,27.4104,38947952,1449994,1833929,38924512.0000,1450739.8750,1815910.6250,-32768,-32768,-110
00:43:35,2004.34,28.53,3.50,3276.70,0.00,27.7788,27.5819,27.6129,27.4104,38950423,1450320,1827619,38926064.0000,1450739.8750,1816966.8750,-32768,-32768,-110
00:43:37,2004.34,28.55,3.50,3276.70,0.00,27.8030,27.6176,27.6313,27.4461,38951406,1450100,1828371,38928468.0000,1450664.1250,1817624.8750,-32768,-32768,-110
00:43:39,2004.34,28.57,3.50,3276.70,0.00,27.8089,27.6176,27.6431,27.4461,38954814,1450180,1829109,38930652.0000,1450612.1250,1818738.7500,-32768,-32768,-110
00:43:40,2004.34,28.58,3.50,3276.70,0.00,27.8270,27.6415,27.6551,27.4461,38956950,1450310,1826908,38931472.0000,1450602.7500,1818994.0000,-32768,-32768,-110
00:43:42,2004.34,28.59,3.50,3276.70,0.00,27.8388,27.6534,27.6551,27.4877,38955616,1450008,1831952,38933684.0000,1450556.0000,1820003.6250,-32768,-32768,-110
00:43:44,2004.34,28.60,3.50,3276.70,0.00,27.8508,27.6654,27.6791,27.4937,38960535,1450071,1832231,38934524.0000,1450556.0000,1821118.0000,-32768,-32768,-110
00:43:45,2004.34,28.62,3.50,3276.70,0.00,27.8629,27.6773,27.6910,27.5056,38961899,1449914,1841212,38936200.0000,1450503.0000,1821745.8750,-32768,-32768,-110
00:43:47,2004.34,28.62,3.50,3276.70,0.00,27.8629,27.6893,27.6910,27.5235,38963830,1450087,1832784,38938568.0000,1450457.2500,1822780.1250,-32768,-32768,-110
00:43:49,2004.34,28.65,3.50,3276.70,0.00,27.8869,27.7012,27.6910,27.5235,38964819,1449823,1832784,38940124.0000,1450420.1250,1823340.7500,-32768,-32768,-110
00:43:51,2004.34,28.66,3.50,3276.70,0.00,27.8991,27.7132,27.6910,27.5474,38965538,1449823,1834414,38942440.0000,1450369.0000,1823340.7500,-32768,-32768,-110
00:43:53,2004.34,28.68,3.50,3276.70,0.00,27.9170,27.7311,27.7448,27.5593,38968644,1449912,1835400,38943260.0000,1450369.0000,1825089.3750,-32768,-32768,-110
00:43:54,2004.34,28.69,3.50,3276.70,0.00,27.9287,27.7431,27.7448,27.5773,38968644,1449912,1836733,38945696.0000,1450300.5000,1825797.3750,-32768,-32768,-110
00:43:57,2004.34,28.70,3.50,3276.70,0.00,27.9287,27.7610,27.7448,27.5892,38968644,1450000,1836733,38949028.0000,1450252.5000,1827375.1250,-32768,-32768,-110
00:43:59,2004.34,28.73,3.50,3276.70,0.00,27.9648,27.7789,27.7932,27.6071,38970933,1449499,1838206,38949712.0000,1450210.3750,1828058.5000,-32768,-32768,-110
00:44:00,2004.34,28.73,3.50,3276.70,0.00,27.9711,27.7849,27.7990,27.6071,38974426,1449458,1850941,38951204.0000,1450210.3750,1829401.1250,-32768,-32768,-110
00:44:02,2004.34,28.75,3.50,3276.70,0.00,27.9892,27.8029,27.8170,27.6311,38976667,1449616,1839650,38953500.0000,1450210.3750,1830078.7500,-32768,-32768,-110
00:44:04,2004.34,28.77,3.50,3276.70,0.00,28.0011,27.8148,27.8290,27.6311,38979667,1449677,1841370,38955060.0000,1450099.3750,1830788.3750,-32768,-32768,-110
00:44:06,2004.34,28.77,3.50,3276.70,0.00,28.0011,27.8388,27.8290,27.6669,38981292,1449456,1842693,38957488.0000,1450049.3750,1831909.0000,-32768,-32768,-110
00:44:08,2004.34,28.77,3.50,3276.70,0.00,28.0370,27.8507,27.8652,27.6789,38985131,1449517,1845332,38959052.0000,1450015.0000,1831909.0000,-32768,-32768,-110
00:44:10,2004.34,28.81,3.50,3276.70,0.00,28.0432,27.8628,27.8774,27.6909,38985131,1449517,1844097,38960748.0000,1449989.3750,1833420.0000,-32768,-32768,-110
00:44:11,2004.34,28.82,3.50,3276.70,0.00,28.0554,27.8688,27.8834,27.6969,38988217,1449491,1844122,38961608.0000,1449989.3750,1834067.6250,-32768,-32768,-110
00:44:14,2004.34,28.84,3.50,3276.70,0.00,28.0554,27.8868,27.8834,27.7208,38988217,1449464,1846402,38964796.0000,1449898.1250,1835520.5000,-32768,-32768,-110
00:44:15,1998.91,28.86,3.50,3276.70,0.00,28.0911,27.9048,27.9191,27.7328,38991404,1449442,1846194,38966400.0000,1449883.8750,1835854.0000,-32768,-32768,-110
00:44:17,2004.34,28.87,3.50,3276.70,0.00,28.1036,27.9168,27.9314,27.7448,38992650,1449433,1848004,38968008.0000,1449854.6250,1836561.5000,-32768,-32768,-110
00:44:19,2004.34,28.87,3.50,3276.70,0.00,28.1217,27.9349,27.9494,27.7628,38995380,1449194,1848004,38970504.0000,1449809.1250,1837676.6250,-32768,-32768,-110
00:44:22,2004.34,28.87,3.50,3276.70,0.00,28.1398,27.9529,27.9678,27.7809,38999172,1449375,1850354,38972960.0000,1449763.5000,1838776.1250,-32768,-32768,-110
00:44:23,2004.34,28.87,3.50,3276.70,0.00,28.1522,27.9650,27.9795,27.7929,38999962,1449223,1850122,38974648.0000,1449733.2500,1839482.7500,-32768,-32768,-110
00:44:24,2004.34,28.93,3.50,3276.70,0.00,28.1582,27.9710,27.9855,27.7989,38998872,1449186,1850361,38975404.0000,1449716.2500,1839822.7500,-32768,-32768,-110
00:44:26,2004.34,28.95,3.50,3276.70,0.00,28.1704,27.9830,27.9973,27.8109,39000728,1449259,1851151,38976956.0000,1449670.2500,1840925.6250,-32768,-32768,-110
00:44:28,2004.34,28.95,3.50,3276.70,0.00,28.1823,27.9950,28.0096,27.8229,39005370,1449076,1851608,38978604.0000,1449651.7500,1840925.6250,-32768,-32768,-110
00:44:29,2004.34,28.97,3.50,3276.70,0.00,28.1946,28.0071,28.0216,27.8350,39005056,1448945,1854077,38980204.0000,1449607.0000,1842012.1250,-32768,-32768,-110
00:44:30,2004.34,28.98,3.50,3276.70,0.00,28.2007,28.0131,28.0275,27.8410,39005662,1449089,1852718,38981000.0000,1449590.7500,1842346.7500,-32768,-32768,-110
00:44:32,2004.34,28.98,3.50,3276.70,0.00,28.2127,28.0251,28.0394,27.8530,39009879,1449135,1854756,38982704.0000,1449546.1250,1843453.2500,-32768,-32768,-110
00:44:34,2004.34,29.00,3.50,3276.70,0.00,28.2254,28.0372,28.0517,27.8650,39007018,1449049,1854570,38984240.0000,1449546.1250,1843453.2500,-32768,-32768,-110
00:44:35,2004.34,29.01,3.51,3276.70,0.00,28.2371,28.0493,28.0639,27.8650,39013963,1449053,1856685,38986864.0000,1449489.5000,1844908.6250,-32768,-32768,-110
00:44:37,2004.34,29.03,3.51,3276.70,0.00,28.2554,28.0674,28.0819,27.8950,39011343,1448705,1856619,38988420.0000,1449444.6250,1844908.6250,-32768,-32768,-110
00:44:38,2004.34,29.04,3.50,3276.70,0.00,28.2614,28.0735,28.0880,27.9011,39011981,1448881,1848152,38989156.0000,1449414.7500,1845840.0000,-32768,-32768,-110
00:44:40,2004.34,29.05,3.50,3276.70,0.00,28.2733,28.0856,28.0880,27.9191,39018432,1448854,1858248,38991632.0000,1449384.7500,1846638.2500,-32768,-32768,-110
00:44:41,2004.34,29.05,3.51,3276.70,0.00,28.2859,28.0977,28.1119,27.9251,39017242,1448814,1856838,38992432.0000,1449357.7500,1847135.0000,-32768,-32768,-110
00:44:42,2004.34,29.05,3.50,3276.70,0.00,28.2979,28.1098,28.1243,27.9371,39017784,1449126,1851042,38993972.0000,1449350.5000,1847257.1250,-32768,-32768,-110
00:44:44,2004.34,29.08,3.50,3276.70,0.00,28.3041,28.1159,28.1300,27.9371,39022168,1449002,1860117,38995656.0000,1449327.7500,1848035.6250,-32768,-32768,-110
00:44:46,2004.34,29.09,3.50,3276.70,0.00,28.3160,28.1280,28.1423,27.9371,39024587,1448730,1866142,38997388.0000,1449297.6250,1848999.6250,-32768,-32768,-110
00:44:48,2004.34,29.11,3.50,3276.70,0.00,28.3340,28.1461,28.1608,27.9732,39026245,1448845,1861397,38999152.0000,1449261.6250,1849955.5000,-32768,-32768,-110
00:44:49,2004.34,29.12,3.51,3276.70,0.00,28.3402,28.1522,28.1608,27.9853,39026603,1448812,1862838,39000848.0000,1449261.6250,1851209.5000,-32768,-32768,-110
00:44:52,2004.34,29.14,3.50,3276.70,0.00,28.3402,28.1764,28.1906,28.0033,39027150,1448655,1863048,39003264.0000,1449178.3750,1851209.5000,-32768,-32768,-110
00:44:53,2004.34,29.16,3.50,3276.70,0.00,28.3402,28.1885,28.2034,28.0154,39031214,1448676,1863210,39004932.0000,1449146.7500,1853003.1250,-32768,-32768,-110
00:44:55,2004.34,29.17,3.50,3276.70,0.00,28.3402,28.2067,28.2034,28.0336,39032302,1448650,1864730,39007340.0000,1449112.8750,1853430.2500,-32768,-32768,-110
00:44:57,2004.34,29.19,3.50,3276.70,0.00,28.4009,28.2127,28.2278,28.0396,39033793,1448657,1864730,39009016.0000,1449080.6250,1854170.6250,-32768,-32768,-110
00:44:59,1998.91,29.20,3.51,3276.70,0.00,28.4009,28.2309,28.2278,28.0638,39035921,1448422,1866844,39011432.0000,1449019.0000,1855882.2500,-32768,-32768,-110
00:45:02,2004.34,29.20,3.50,3276.70,0.00,28.4373,28.2309,28.2704,28.0638,39040724,1448458,1869408,39013948.0000,1448973.0000,1857375.2500,-32768,-32768,-110
00:45:03,2004.34,29.24,3.51,3276.70,0.00,28.4493,28.2612,28.2765,28.0880,39040663,1448475,1869283,39015568.0000,1448941.0000,1857747.3750,-32768,-32768,-110
00:45:05,2004.34,29.24,3.51,3276.70,0.00,28.4616,28.2612,28.2886,28.0880,39042325,1448486,1871129,39017160.0000,1448911.6250,1858547.0000,-32768,-32768,-110
00:45:07,2004.34,29.26,3.51,3276.70,0.00,28.4732,28.2854,28.3009,28.0880,39042662,1448486,1860584,39018760.0000,1448890.5000,1858547.0000,-32768,-32768,-110
00:45:09,2004.34,29.28,3.50,3276.70,0.00,28.4912,28.3035,28.3195,28.1305,39044247,1448373,1872131,39020292.0000,1448890.5000,1858547.0000,-32768,-32768,-110
00:45:11,2004.34,29.29,3.50,3276.70,0.00,28.5032,28.3155,28.3318,28.1427,39048698,1448507,1872131,39022820.0000,1448822.8750,1858547.0000,-32768,-32768,-110
00:45:13,2004.34,29.31,3.50,3276.70,0.00,28.5209,28.3336,28.3506,28.1609,39048583,1448241,1872131,39025200.0000,1448771.8750,1861834.0000,-32768,-32768,-110
00:45:15,2004.34,29.32,3.51,3276.70,0.00,28.5209,28.3516,28.3506,28.1854,39053340,1448166,1875689,39027724.0000,1448719.2500,1863169.8750,-32768,-32768,-110
00:45:17,2004.34,29.34,3.50,3276.70,0.00,28.5511,28.3637,28.3506,28.1914,39053620,1448164,1875616,39028536.0000,1448701.8750,1863169.8750,-32768,-32768,-110
00:45:19,2004.34,29.36,3.51,3276.70,0.00,28.5511,28.3817,28.3506,28.2160,39056741,1448220,1877956,39031904.0000,1448622.3750,1865184.7500,-32768,-32768,-110
00:45:20,2004.34,29.37,3.51,3276.70,0.00,28.5814,28.3937,28.4137,28.2222,39057729,1448126,1877905,39032712.0000,1448622.3750,1865184.7500,-32768,-32768,-110
00:45:21,2004.34,29.38,3.50,3276.70,0.00,28.5938,28.4058,28.4268,28.2345,39060651,1448206,1869263,39034364.0000,1448575.0000,1866076.8750,-32768,-32768,-110
00:45:23,2004.34,29.39,3.51,3276.70,0.00,28.5998,28.4119,28.4332,28.2407,39063052,1448294,1869263,39036136.0000,1448549.3750,1866537.8750,-32768,-32768,-110
00:45:24,2004.34,29.40,3.50,3276.70,0.00,28.6059,28.4179,28.4459,28.2531,39063041,1448054,1879372,39036976.0000,1448549.3750,1866537.8750,-32768,-32768,-110
00:45:27,2004.34,29.42,3.50,3276.70,0.00,28.6059,28.4361,28.4459,28.2718,39063041,1448091,1879372,39040288.0000,1448471.5000,1869031.7500,-32768,-32768,-110
00:45:30,2004.34,29.42,3.51,3276.70,0.00,28.6521,28.4361,28.4874,28.2718,39067141,1447801,1879372,39043484.0000,1448393.3750,1870888.6250,-32768,-32768,-110
00:45:32,2004.34,29.47,3.51,3276.70,0.00,28.6732,28.4793,28.4874,28.3099,39071133,1447900,1883253,39045216.0000,1448363.6250,1871650.6250,-32768,-32768,-110
00:45:34,2004.34,29.48,3.51,3276.70,0.00,28.6732,28.4982,28.4874,28.3293,39071133,1448149,1873921,39047848.0000,1448335.5000,1872216.6250,-32768,-32768,-110
00:45:36,2004.34,29.51,3.51,3276.70,0.00,28.7090,28.4982,28.5533,28.3293,39075506,1447834,1886299,39049544.0000,1448307.7500,1873051.8750,-32768,-32768,-110
00:45:39,2004.34,29.52,3.51,3276.70,0.00,28.7090,28.5301,28.5533,28.3687,39079044,1447834,1888011,39052888.0000,1448224.8750,1875348.5000,-32768,-32768,-110
00:45:41,2004.34,29.55,3.51,3276.70,0.00,28.7090,28.5558,28.5533,28.3952,39078928,1447336,1895239,39055412.0000,1448162.8750,1876850.1250,-32768,-32768,-110
00:45:42,2004.34,29.57,3.51,3276.70,0.00,28.7686,28.5687,28.6065,28.4018,39080442,1447396,1897409,39056192.0000,1448139.0000,1877492.6250,-32768,-32768,-110
00:45:45,2004.34,29.57,3.51,3276.70,0.00,28.7742,28.5751,28.6065,28.4149,39085602,1447702,1889990,39057920.0000,1448139.0000,1877492.6250,-32768,-32768,-110
00:45:47,2004.34,29.59,3.51,3276.70,0.00,28.7920,28.5943,28.6289,28.4279,39084650,1447798,1882735,39060460.0000,1448139.0000,1878972.5000,-32768,-32768,-110
00:45:48,2004.34,29.60,3.50,3276.70,0.00,28.8037,28.6069,28.6289,28.4472,39084650,1447529,1893080,39062264.0000,1448045.6250,1880241.6250,-32768,-32768,-110
00:45:50,2004.34,29.61,3.50,3276.70,0.00,28.8224,28.6259,28.6595,28.4600,39092128,1447593,1886319,39064020.0000,1448014.3750,1880431.5000,-32768,-32768,-110
00:45:52,1982.62,29.61,3.51,3276.70,0.00,28.8339,28.6259,28.6763,28.4791,39093932,1447727,1888826,39066596.0000,1447982.7500,1881292.7500,-32768,-32768,-110
00:45:53,1971.76,29.64,3.50,3276.70,0.00,28.8434,28.6509,28.6805,28.4854,39094877,1447846,1890817,39067480.0000,1447978.3750,1881590.3750,-32768,-32768,-110
00:45:55,1966.33,29.65,3.50,3276.70,0.00,28.8501,28.6630,28.6878,28.4977,39096651,1447760,1904657,39069324.0000,1447965.0000,1881590.3750,-32768,-32768,-110
00:45:56,1960.90,29.66,3.49,3276.70,0.00,28.8527,28.6689,28.6911,28.5097,39093097,1447954,1896098,39070828.0000,1447963.6250,1883815.8750,-32768,-32768,-110
00:45:58,1955.47,29.67,3.49,3276.70,0.00,28.8597,28.6805,28.6911,28.5097,39093150,1447954,1893286,39072228.0000,1447958.0000,1883815.8750,-32768,-32768,-110
00:46:01,1928.32,29.68,3.49,3276.70,0.00,28.8597,28.7028,28.6911,28.5383,39095727,1447954,1889951,39074840.0000,1447966.7500,1885478.3750,-32768,-32768,-110
00:46:02,1917.45,29.70,3.48,3276.70,0.00,28.8784,28.7135,28.7168,28.5492,39093638,1448149,1893917,39075428.0000,1447966.7500,1886104.6250,-32768,-32768,-110
00:46:05,1895.73,29.71,3.48,3276.70,0.00,28.8823,28.7237,28.7168,28.5646,39093638,1448343,1898051,39077716.0000,1447966.7500,1887144.1250,-32768,-32768,-110
00:46:06,1890.30,29.71,3.47,3276.70,0.00,28.8897,28.7432,28.7254,28.5791,39093652,1448442,1890920,39078728.0000,1448033.2500,1887369.7500,-32768,-32768,-110
00:46:08,1879.44,29.72,3.46,3276.70,0.00,28.8918,28.7478,28.7268,28.5837,39091609,1448358,1898448,39079128.0000,1448043.3750,1887369.7500,-32768,-32768,-110
00:46:09,1874.01,29.73,3.46,3276.70,0.00,28.8966,28.7568,28.7308,28.5926,39093161,1448520,1897162,39079944.0000,1448067.8750,1888313.0000,-32768,-32768,-110
00:46:10,1863.15,29.73,3.45,3276.70,0.00,28.8991,28.7612,28.7327,28.5970,39093214,1448595,1900756,39080360.0000,1448084.3750,1888701.8750,-32768,-32768,-110
00:46:12,1846.86,29.73,3.45,3276.70,0.00,28.9052,28.7699,28.7372,28.6055,39092492,1448672,1900756,39081436.0000,1448129.1250,1889841.2500,-32768,-32768,-110
00:46:14,1835.99,29.73,3.43,3276.70,0.00,28.9104,28.7826,28.7444,28.6179,39096564,1449022,1900756,39082284.0000,1448169.8750,1890622.3750,-32768,-32768,-110
00:46:17,1825.13,29.75,3.43,3276.70,0.00,28.9182,28.7826,28.7492,28.6179,39094341,1448900,1900537,39083512.0000,1448240.7500,1891491.3750,-32768,-32768,-110
00:46:18,1819.70,29.76,3.42,3276.70,0.00,28.9284,28.8030,28.7590,28.6376,39095065,1448914,1899201,39084184.0000,1448282.5000,1891491.3750,-32768,-32768,-110
00:46:19,1814.27,29.76,3.41,3276.70,0.00,28.9325,28.8070,28.7590,28.6454,39097410,1449205,1902250,39084960.0000,1448333.6250,1892680.6250,-32768,-32768,-110
00:46:21,1808.84,29.77,3.41,3276.70,0.00,28.9450,28.8191,28.7750,28.6532,39098120,1449185,1901008,39085772.0000,1448384.6250,1893181.3750,-32768,-32768,-110
00:46:23,1797.98,29.78,3.41,3276.70,0.00,28.9496,28.8231,28.7750,28.6532,39101387,1449193,1900749,39086668.0000,1448436.7500,1893677.0000,-32768,-32768,-110
00:46:24,1787.12,29.79,3.40,3276.70,0.00,28.9616,28.8353,28.7750,28.6532,39106142,1449405,1901673,39087784.0000,1448494.7500,1894435.7500,-32768,-32768,-110
00:46:27,1781.69,29.80,3.40,3276.70,0.00,28.9616,28.8474,28.7750,28.6808,39108671,1449712,1903130,39089552.0000,1448594.2500,1895085.3750,-32768,-32768,-110
00:46:30,1759.97,29.81,3.39,3276.70,0.00,28.9616,28.8555,28.8125,28.6927,39110549,1449609,1903130,39089552.0000,1448594.2500,1895085.3750,-32768,-32768,-110
00:46:31,1749.10,29.82,3.38,3276.70,0.00,28.9918,28.8675,28.8239,28.7007,39113792,1449911,1906406,39092684.0000,1448765.7500,1896507.6250,-32768,-32768,-110
00:46:33,1727.38,29.83,3.38,3276.70,0.00,28.9918,28.8792,28.8324,28.7124,39115597,1450178,1905210,39094760.0000,1448885.6250,1897265.5000,-32768,-32768,-110
00:46:35,1721.95,29.83,3.38,3276.70,0.00,29.0025,28.8830,28.8354,28.7124,39115183,1450178,1905210,39096600.0000,1449018.0000,1898038.3750,-32768,-32768,-110
00:46:38,1689.37,29.84,3.36,3276.70,0.00,29.0025,28.8981,28.8354,28.7312,39115183,1450805,1909091,39096600.0000,1449210.5000,1899069.0000,-32768,-32768,-110
00:46:40,1683.94,29.85,3.34,3276.70,0.00,29.0224,28.9091,28.8549,28.7422,39119312,1450759,1909091,39099880.0000,1449258.8750,1899315.0000,-32768,-32768,-110
00:46:43,1667.64,29.85,3.34,3276.70,0.00,29.0224,28.9199,28.8645,28.7530,39119312,1450996,1909091,39099880.0000,1449451.6250,1900366.0000,-32768,-32768,-110
00:46:45,1645.92,29.87,3.33,3276.70,0.00,29.0397,28.9199,28.8762,28.7638,39121506,1450878,1909232,39099880.0000,1449585.1250,1901144.5000,-32768,-32768,-110
00:46:47,1635.06,29.87,3.32,3276.70,0.00,29.0512,28.9380,28.8827,28.7710,39125311,1451136,1909256,39104456.0000,1449585.1250,1901573.6250,-32768,-32768,-110
00:46:49,1629.63,29.87,3.32,3276.70,0.00,29.0512,28.9487,28.8930,28.7817,39126694,1451267,1909561,39106488.0000,1449782.6250,1901573.6250,-32768,-32768,-110
00:46:50,1624.20,29.88,3.31,3276.70,0.00,29.0678,28.9559,28.8930,28.7925,39127789,1451480,1908489,39108332.0000,1449929.3750,1902806.5000,-32768,-32768,-110
00:46:52,1607.91,29.89,3.29,3276.70,0.00,29.0759,28.9631,28.8930,28.7962,39129785,1451518,1910128,39109004.0000,1449979.0000,1903035.3750,-32768,-32768,-110
00:46:54,1591.62,29.89,3.29,3276.70,0.00,29.0794,28.9668,28.9137,28.7998,39129785,1451839,1911008,39110440.0000,1449979.0000,1903690.6250,-32768,-32768,-110
00:46:56,1569.89,29.90,3.28,3276.70,0.00,29.0883,28.9775,28.9137,28.8144,39129785,1452181,1910022,39113244.0000,1450296.6250,1904443.3750,-32768,-32768,-110
00:46:58,1564.46,29.90,3.27,3276.70,0.00,29.0952,28.9775,28.9311,28.8144,39137640,1452139,1911883,39114728.0000,1450407.5000,1904917.7500,-32768,-32768,-110
00:46:59,1559.03,29.91,3.26,3276.70,0.00,29.0998,28.9947,28.9363,28.8284,39135615,1452214,1911086,39115384.0000,1450463.8750,1905110.5000,-32768,-32768,-110
00:47:00,1553.60,29.91,3.26,3276.70,0.00,29.1031,28.9980,28.9394,28.8318,39133365,1452216,1911670,39115944.0000,1450518.6250,1905315.5000,-32768,-32768,-110
00:47:01,1548.17,29.91,3.26,3276.70,0.00,29.1065,29.0014,28.9433,28.8353,39134356,1452240,1911670,39117112.0000,1450624.7500,1905718.5000,-32768,-32768,-110
00:47:03,1537.31,29.92,3.25,3276.70,0.00,29.1065,29.0117,28.9433,28.8493,39138540,1452388,1914077,39119032.0000,1450783.0000,1906434.2500,-32768,-32768,-110
00:47:06,1515.59,29.92,3.25,3276.70,0.00,29.1065,29.0222,28.9433,28.8597,39138540,1452699,1912658,39121880.0000,1450990.0000,1907386.8750,-32768,-32768,-110
00:47:08,1504.72,29.92,3.24,3276.70,0.00,29.1405,29.0327,28.9751,28.8667,39144772,1452722,1914779,39122596.0000,1451044.1250,1907617.8750,-32768,-32768,-110
00:47:11,1499.29,29.94,3.24,3276.70,0.00,29.1405,29.0429,28.9751,28.8805,39144772,1452962,1916318,39125520.0000,1451044.1250,1907617.8750,-32768,-32768,-110
00:47:12,1499.29,29.95,3.22,3276.70,0.00,29.1594,29.0530,28.9973,28.8875,39147638,1452876,1915549,39126900.0000,1451371.7500,1909063.7500,-32768,-32768,-110
00:47:14,1499.29,29.95,3.21,3276.70,0.00,29.1643,29.0565,29.0023,28.8911,39148493,1452782,1916926,39127576.0000,1451415.8750,1909309.5000,-32768,-32768,-110
00:47:15,1499.29,29.96,3.21,3276.70,0.00,29.1745,29.0565,29.0023,28.8984,39152725,1453022,1915243,39129080.0000,1451552.5000,1910010.8750,-32768,-32768,-110
00:47:18,1515.59,29.96,3.22,3276.70,0.00,29.1927,29.0746,29.0314,28.8984,39154569,1453022,1916775,39132124.0000,1451676.5000,1910703.8750,-32768,-32768,-110
00:47:21,1537.31,29.97,3.22,3276.70,0.00,29.1927,29.0867,29.0314,28.9268,39154569,1452013,1916775,39134912.0000,1451737.5000,1911855.7500,-32768,-32768,-110
00:47:23,1548.17,29.99,3.22,3276.70,0.00,29.2543,29.1049,29.0923,28.9409,39164300,1452320,1920290,39136616.0000,1451737.5000,1912419.7500,-32768,-32768,-110
00:47:26,1564.46,29.99,3.22,3276.70,0.00,29.2543,29.1204,29.0923,28.9565,39164300,1451443,1930303,39140328.0000,1451767.7500,1913968.7500,-32768,-32768,-110
00:47:28,1575.32,30.01,3.24,3276.70,0.00,29.3084,29.1316,29.1468,28.9678,39173075,1451621,1930303,39140328.0000,1451754.1250,1914839.7500,-32768,-32768,-110
00:47:29,1586.18,30.02,3.25,3276.70,0.00,29.3300,29.1434,29.1684,28.9798,39176963,1451621,1930303,39144548.0000,1451750.1250,1915615.0000,-32768,-32768,-110
00:47:31,1597.05,30.02,3.25,3276.70,0.00,29.3527,29.1559,29.1924,28.9925,39182574,1451845,1925138,39144548.0000,1451750.1250,1915615.0000,-32768,-32768,-110
00:47:33,1602.48,30.03,3.25,3276.70,0.00,29.3868,29.1758,29.2255,29.0126,39190046,1451548,1931199,39149532.0000,1451745.6250,1916921.2500,-32768,-32768,-110
00:47:34,1613.34,30.04,3.23,3276.70,0.00,29.4085,29.1758,29.2570,29.0338,39194483,1451502,1930747,39153532.0000,1451724.6250,1918289.5000,-32768,-32768,-110
00:47:37,1624.20,30.05,3.23,3276.70,0.00,29.4271,29.2041,29.2658,29.0410,39198674,1451427,1930747,39153532.0000,1451724.6250,1919779.3750,-32768,-32768,-110
00:47:39,1645.92,30.06,3.23,3276.70,0.00,29.4271,29.2334,29.2658,29.0707,39198674,1450854,1935649,39161592.0000,1451605.7500,1921522.5000,-32768,-32768,-110
00:47:42,1662.21,30.08,3.21,3276.70,0.00,29.4271,29.2560,29.3296,29.0934,39202474,1450840,1938392,39164076.0000,1451560.7500,1922483.1250,-32768,-32768,-110
00:47:44,1678.51,30.10,3.20,3276.70,0.00,29.5079,29.2560,29.3296,29.1165,39202474,1450675,1939699,39169256.0000,1451460.7500,1924542.1250,-32768,-32768,-110
00:47:46,1689.37,30.11,3.19,3276.70,0.00,29.5311,29.2940,29.3296,29.1396,39211803,1450467,1949663,39171848.0000,1451460.7500,1926538.2500,-32768,-32768,-110
00:47:48,1700.23,30.12,3.19,3276.70,0.00,29.5561,29.3170,29.3970,29.1552,39215476,1450615,1942131,39174516.0000,1451460.7500,1926538.2500,-32768,-32768,-110
00:47:51,1721.95,30.13,3.18,3276.70,0.00,29.5720,29.3324,29.3970,29.1785,39215476,1450376,1937764,39174516.0000,1451460.7500,1926538.2500,-32768,-32768,-110
00:47:52,1732.81,30.13,3.17,3276.70,0.00,29.5977,29.3556,29.4388,29.1942,39219207,1450203,1946469,39182240.0000,1451181.6250,1929671.0000,-32768,-32768,-110
00:47:55,1749.10,30.14,3.17,3276.70,0.00,29.5977,29.3790,29.4388,29.2256,39223558,1450203,1946469,39187132.0000,1451071.3750,1931756.2500,-32768,-32768,-110
00:47:58,1759.97,30.15,3.14,3276.70,0.00,29.5977,29.4104,29.4388,29.2492,39231381,1449937,1957251,39190912.0000,1450982.3750,1933556.1250,-32768,-32768,-110
00:48:00,1776.26,30.16,3.14,3276.70,0.00,29.5977,29.4338,29.4388,29.2726,39231381,1449937,1949919,39194840.0000,1450905.6250,1935172.8750,-32768,-32768,-110
00:48:03,1792.55,30.17,3.12,3276.70,0.00,29.5977,29.4570,29.5336,29.2957,39239061,1450369,1940771,39197516.0000,1450870.1250,1935869.6250,-32768,-32768,-110
00:48:05,1808.84,30.18,3.12,3276.70,0.00,29.7108,29.4800,29.5336,29.3186,39239061,1450369,1952953,39202400.0000,1450779.7500,1937593.5000,-32768,-32768,-110
00:48:07,1830.56,30.19,3.14,3276.70,0.00,29.7301,29.4952,29.5336,29.3337,39239061,1449863,1959243,39204896.0000,1450728.8750,1938978.5000,-32768,-32768,-110
00:48:09,1846.86,30.19,3.14,3276.70,0.00,29.7516,29.4952,29.5336,29.3639,39243983,1449711,1954763,39208272.0000,1450629.0000,1940407.7500,-32768,-32768,-110
00:48:10,1863.15,30.19,3.18,3276.70,0.00,29.7656,29.5328,29.5336,29.3789,39235399,1448832,1960463,39210032.0000,1450527.8750,1941649.1250,-32768,-32768,-110
00:48:13,1906.59,30.20,3.18,3276.70,0.00,29.7656,29.5554,29.5336,29.4016,39202484,1447283,1955195,39210736.0000,1450297.3750,1941649.1250,-32768,-32768,-110
00:48:16,1933.75,30.20,3.23,3276.70,0.00,29.7656,29.5779,29.6523,29.4168,39189222,1446731,1955195,39208916.0000,1449982.8750,1943360.0000,-32768,-32768,-110
00:48:17,1955.47,30.20,3.27,3276.70,0.00,29.8239,29.5928,29.6656,29.4319,39189277,1446650,1955195,39208916.0000,1449758.6250,1944038.5000,-32768,-32768,-110
00:48:19,1971.76,30.20,3.29,3276.70,0.00,29.8361,29.6075,29.6766,29.4467,39168100,1446650,1955195,39204852.0000,1449470.2500,1945037.0000,-32768,-32768,-110
00:48:21,1988.05,30.21,3.29,3276.70,0.00,29.8543,29.6293,29.6957,29.4687,39160239,1445184,1955658,39202040.0000,1449202.5000,1945696.6250,-32768,-32768,-110
00:48:22,1998.91,30.21,3.31,3276.70,0.00,29.8604,29.6365,29.6957,29.4833,39170489,1445656,1952539,39200012.0000,1448976.3750,1946217.0000,-32768,-32768,-110
00:48:24,2009.78,30.21,3.32,3276.70,0.00,29.8773,29.6578,29.7226,29.4978,39185517,1446202,1952539,39198600.0000,1448721.6250,1947216.7500,-32768,-32768,-110
00:48:26,2020.64,30.21,3.31,3276.70,0.00,29.8876,29.6718,29.7331,29.5121,39185517,1446760,1957461,39198600.0000,1448594.7500,1947856.6250,-32768,-32768,-110
00:48:28,2026.07,30.21,3.31,3276.70,0.00,29.8978,29.6855,29.7423,29.5261,39200040,1447190,1957461,39198600.0000,1448594.7500,1949066.3750,-32768,-32768,-110
00:48:29,2036.93,30.21,3.31,3276.70,0.00,29.9066,29.7053,29.7509,29.5261,39209241,1447919,1961976,39199060.0000,1448471.5000,1949469.7500,-32768,-32768,-110
00:48:31,2047.79,30.21,3.32,3276.70,0.00,29.9084,29.7116,29.7535,29.5261,39217104,1448332,1964255,39200028.0000,1448456.3750,1950407.1250,-32768,-32768,-110
00:48:33,2069.51,30.21,3.33,3276.70,0.00,29.9140,29.7239,29.7611,29.5261,39216023,1447906,1961870,39201128.0000,1448456.3750,1951125.8750,-32768,-32768,-110
00:48:36,2107.53,30.21,3.33,3276.70,0.00,29.9140,29.7418,29.7611,29.5899,39216023,1447427,1961870,39201600.0000,1448456.3750,1952793.0000,-32768,-32768,-110
00:48:38,2129.25,30.21,3.36,3276.70,0.00,29.9408,29.7698,29.7914,29.6131,39204688,1446574,1961670,39201960.0000,1448456.3750,1953377.7500,-32768,-32768,-110
00:48:41,2156.40,30.21,3.37,3276.70,0.00,29.9509,29.7698,29.8000,29.6131,39181058,1445340,1961632,39200584.0000,1447958.3750,1954106.8750,-32768,-32768,-110
00:48:43,2183.56,30.20,3.37,3276.70,0.00,29.9649,29.7970,29.8106,29.6410,39177559,1445258,1961632,39198440.0000,1447958.3750,1954866.0000,-32768,-32768,-110
00:48:46,2216.14,30.20,3.38,3276.70,0.00,29.9649,29.8132,29.8106,29.6624,39167835,1445068,1961632,39198440.0000,1447386.8750,1955672.1250,-32768,-32768,-110
00:48:49,2232.43,30.21,3.38,3276.70,0.00,29.9649,29.8344,29.8106,29.6829,39167835,1445391,1964132,39191656.0000,1447084.7500,1956997.6250,-32768,-32768,-110
00:48:51,2232.43,30.21,3.38,3276.70,0.00,30.0012,29.8494,29.8106,29.6829,39186824,1445949,1964996,39191504.0000,1447049.2500,1957247.5000,-32768,-32768,-110
00:48:53,2221.57,30.20,3.38,3276.70,0.00,30.0016,29.8587,29.8412,29.7061,39204638,1446668,1966033,39192456.0000,1446995.1250,1958012.3750,-32768,-32768,-110
00:48:55,2194.42,30.20,3.38,3276.70,0.00,30.0016,29.8711,29.8412,29.7179,39218432,1446668,1962143,39195248.0000,1447030.1250,1958836.7500,-32768,-32768,-110
00:48:56,2188.99,30.19,3.36,3276.70,0.00,29.9718,29.8809,29.8193,29.7243,39217657,1447370,1959445,39195948.0000,1447040.7500,1958855.7500,-32768,-32768,-110
00:48:58,2172.69,30.19,3.36,3276.70,0.00,29.9643,29.8835,29.8128,29.7270,39214440,1447370,1964745,39196960.0000,1447020.0000,1958855.7500,-32768,-32768,-110
00:49:00,2167.26,30.19,3.33,3276.70,0.00,29.9643,29.8895,29.7855,29.7331,39216261,1446611,1964745,39198480.0000,1446974.8750,1960097.2500,-32768,-32768,-110
00:49:01,2156.40,30.19,3.31,3276.70,0.00,29.9237,29.8918,29.7710,29.7356,39209909,1446362,1962406,39198840.0000,1446955.7500,1960169.3750,-32768,-32768,-110
00:49:03,2150.97,30.19,3.32,3276.70,0.00,29.9166,29.8925,29.7650,29.7356,39208947,1446213,1961654,39199480.0000,1446909.7500,1960291.5000,-32768,-32768,-110
00:49:05,2140.11,30.19,3.30,3276.70,0.00,29.8954,29.8933,29.7650,29.7375,39208947,1446213,1960957,39200536.0000,1446869.0000,1959737.8750,-32768,-32768,-110
00:49:07,2118.39,30.18,3.29,3276.70,0.00,29.8954,29.8927,29.7650,29.7358,39208947,1446751,1963200,39201280.0000,1446839.5000,1959809.1250,-32768,-32768,-110
00:49:10,2107.53,30.16,3.29,3276.70,0.00,29.8484,29.8927,29.6810,29.7358,39206962,1446975,1956012,39201936.0000,1446847.3750,1959688.8750,-32768,-32768,-110
00:49:13,2102.10,30.15,3.29,3276.70,0.00,29.8484,29.8820,29.6810,29.7254,39204663,1446975,1961084,39202276.0000,1446840.1250,1959652.1250,-32768,-32768,-110
00:49:14,2096.67,30.14,3.29,3276.70,0.00,29.7978,29.8770,29.6381,29.7203,39205274,1447036,1953584,39202368.0000,1446840.1250,1959652.1250,-32768,-32768,-110
00:49:16,2085.80,30.13,3.29,3276.70,0.00,29.7828,29.8770,29.6154,29.7113,39207046,1447292,1944425,39202804.0000,1446876.8750,1959652.1250,-32768,-32768,-110
00:49:18,2074.94,30.12,3.27,3276.70,0.00,29.7625,29.8770,29.6035,29.7113,39206829,1447411,1950451,39203152.0000,1446924.3750,1957632.0000,-32768,-32768,-110
00:49:20,2058.65,30.12,3.27,3276.70,0.00,29.7437,29.8770,29.5852,29.7113,39208323,1447823,1954007,39203472.0000,1446981.2500,1957194.1250,-32768,-32768,-110
00:49:24,2036.93,30.11,3.26,3276.70,0.00,29.7437,29.8406,29.5852,29.6791,39208323,1448130,1948557,39204104.0000,1446981.2500,1956432.3750,-32768,-32768,-110
00:49:25,2026.07,30.09,3.25,3276.70,0.00,29.6925,29.8241,29.5330,29.6664,39212849,1448531,1948411,39204768.0000,1447190.2500,1956195.6250,-32768,-32768,-110
00:49:26,2026.07,30.08,3.25,3276.70,0.00,29.6852,29.8197,29.5258,29.6620,39209467,1448559,1948411,39204992.0000,1447272.5000,1955625.5000,-32768,-32768,-110
00:49:29,2009.78,30.08,3.25,3276.70,0.00,29.6780,29.8153,29.5258,29.6530,39209467,1448814,1937828,39204992.0000,1447360.7500,1954600.5000,-32768,-32768,-110
00:49:30,1998.91,30.07,3.25,3276.70,0.00,29.6591,29.8016,29.4984,29.6436,39207995,1449062,1946302,39205352.0000,1447467.6250,1954112.3750,-32768,-32768,-110
00:49:33,1988.05,30.07,3.25,3276.70,0.00,29.6427,29.7876,29.4810,29.6293,39207558,1449291,1946302,39205508.0000,1447630.7500,1952963.1250,-32768,-32768,-110
00:49:34,1971.76,30.05,3.24,3276.70,0.00,29.6312,29.7781,29.4810,29.6293,39209770,1449404,1943337,39205876.0000,1447630.7500,1952374.7500,-32768,-32768,-110
00:49:35,1960.90,30.05,3.24,3276.70,0.00,29.6192,29.7684,29.4591,29.6100,39210645,1449573,1943965,39206024.0000,1447791.8750,1952060.6250,-32768,-32768,-110
00:49:38,1933.75,30.04,3.24,3276.70,0.00,29.6192,29.7684,29.4460,29.6100,39210252,1449845,1943965,39206432.0000,1447961.8750,1951395.3750,-32768,-32768,-110
00:49:40,1912.02,30.03,3.24,3276.70,0.00,29.6192,29.7385,29.4460,29.5796,39211122,1450091,1944499,39206868.0000,1448159.7500,1950878.8750,-32768,-32768,-110
00:49:42,1890.30,30.03,3.21,3276.70,0.00,29.5682,29.7282,29.4076,29.5691,39202763,1450138,1940278,39206868.0000,1448159.7500,1950058.3750,-32768,-32768,-110
00:49:44,1868.58,30.01,3.21,3276.70,0.00,29.5556,29.7177,29.3932,29.5585,39207800,1450796,1939552,39206736.0000,1448159.7500,1950058.3750,-32768,-32768,-110
00:49:45,1863.15,30.00,3.21,3276.70,0.00,29.5439,29.7071,29.3801,29.5477,39201531,1450646,1938684,39206420.0000,1448637.8750,1948202.8750,-32768,-32768,-110
00:49:47,1852.29,29.99,3.20,3276.70,0.00,29.5315,29.7071,29.3627,29.5313,39204010,1451210,1937048,39206152.0000,1448787.5000,1947517.3750,-32768,-32768,-110
00:49:49,1835.99,29.99,3.20,3276.70,0.00,29.5215,29.6858,29.3581,29.5205,39200506,1451260,1937048,39206152.0000,1448787.5000,1946266.3750,-32768,-32768,-110
00:49:51,1825.13,29.98,3.19,3276.70,0.00,29.5062,29.6700,29.3426,29.5205,39199995,1451281,1936407,39205308.0000,1449157.6250,1945647.7500,-32768,-32768,-110
00:49:52,1814.27,29.98,3.19,3276.70,0.00,29.4945,29.6593,29.3359,29.4990,39199514,1451793,1938667,39205128.0000,1449157.6250,1945245.3750,-32768,-32768,-110
00:49:53,1808.84,29.97,3.18,3276.70,0.00,29.4868,29.6488,29.3293,29.4886,39201887,1451826,1935746,39204968.0000,1449402.0000,1944948.5000,-32768,-32768,-110
00:49:56,1787.12,29.96,3.18,3276.70,0.00,29.4823,29.6488,29.3293,29.4786,39201887,1451867,1934946,39204652.0000,1449551.7500,1944347.8750,-32768,-32768,-110
00:49:57,1781.69,29.96,3.18,3276.70,0.00,29.4748,29.6284,29.3183,29.4643,39201887,1451867,1933577,39204504.0000,1449780.5000,1943937.8750,-32768,-32768,-110
00:50:00,1765.40,29.95,3.18,3276.70,0.00,29.4748,29.6138,29.3150,29.4551,39201284,1452195,1933577,39204504.0000,1449780.5000,1943937.8750,-32768,-32768,-110
00:50:04,1749.10,29.94,3.18,3276.70,0.00,29.4748,29.5957,29.3150,29.4383,39201284,1452644,1933577,39203736.0000,1449780.5000,1943937.8750,-32768,-32768,-110
00:50:06,1732.81,29.93,3.15,3276.70,0.00,29.4624,29.5798,29.3155,29.4383,39205117,1452725,1933577,39203808.0000,1450539.6250,1941618.8750,-32768,-32768,-110
00:50:09,1721.95,29.92,3.15,3276.70,0.00,29.4557,29.5687,29.3104,29.4136,39201904,1452725,1929818,39203864.0000,1450750.7500,1941618.8750,-32768,-32768,-110
00:50:10,1716.52,29.92,3.15,3276.70,0.00,29.4537,29.5616,29.3071,29.4070,39206921,1453024,1933581,39203956.0000,1450821.7500,1940586.3750,-32768,-32768,-110
00:50:12,1694.80,29.92,3.15,3276.70,0.00,29.4537,29.5515,29.3071,29.3946,39208486,1453046,1937147,39204044.0000,1451070.1250,1939945.3750,-32768,-32768,-110
00:50:14,1689.37,29.92,3.15,3276.70,0.00,29.4466,29.5450,29.3005,29.3916,39212623,1453520,1933817,39204312.0000,1451146.7500,1939753.8750,-32768,-32768,-110
00:50:15,1683.94,29.92,3.13,3276.70,0.00,29.4441,29.5450,29.3005,29.3829,39208939,1453572,1931425,39204940.0000,1451364.3750,1939100.7500,-32768,-32768,-110
00:50:18,1673.07,29.91,3.13,3276.70,0.00,29.4441,29.5299,29.3005,29.3773,39210012,1453572,1932528,39205356.0000,1451558.3750,1938472.0000,-32768,-32768,-110
00:50:21,1656.78,29.91,3.13,3276.70,0.00,29.4370,29.5299,29.3005,29.3694,39210012,1453892,1926556,39206088.0000,1451775.5000,1937575.7500,-32768,-32768,-110
00:50:23,1640.49,29.91,3.13,3276.70,0.00,29.4371,29.5299,29.3005,29.3621,39210012,1454197,1926556,39206088.0000,1451977.6250,1936806.6250,-32768,-32768,-110
00:50:25,1624.20,29.91,3.12,3276.70,0.00,29.4355,29.5089,29.2883,29.3576,39220226,1454499,1926556,39207728.0000,1452131.6250,1936806.6250,-32768,-32768,-110
00:50:26,1624.20,29.91,3.11,3276.70,0.00,29.4314,29.5019,29.2834,29.3509,39216896,1454497,1931646,39208320.0000,1452274.0000,1936090.3750,-32768,-32768,-110
00:50:28,1618.77,29.91,3.11,3276.70,0.00,29.4312,29.4996,29.2822,29.3488,39217259,1454486,1932553,39208600.0000,1452343.1250,1935979.8750,-32768,-32768,-110
00:50:30,1602.48,29.91,3.11,3276.70,0.00,29.4312,29.4933,29.2822,29.3425,39218880,1454808,1932810,39209484.0000,1452607.1250,1935668.1250,-32768,-32768,-110
00:50:32,1597.05,29.91,3.11,3276.70,0.00,29.4312,29.4872,29.2822,29.3366,39220768,1454667,1931018,39210404.0000,1452802.8750,1935246.1250,-32768,-32768,-110
00:50:34,1586.18,29.91,3.11,3276.70,0.00,29.4257,29.4834,29.2759,29.3329,39219951,1454667,1932983,39210944.0000,1452924.8750,1935114.3750,-32768,-32768,-110
00:50:36,1575.32,29.91,3.08,3276.70,0.00,29.4257,29.4798,29.2759,29.3293,39219307,1454667,1942226,39211508.0000,1453044.1250,1935272.8750,-32768,-32768,-110
00:50:38,1559.03,29.91,3.08,3276.70,0.00,29.4245,29.4748,29.2752,29.3243,39222702,1455102,1932412,39212192.0000,1453044.1250,1935272.8750,-32768,-32768,-110
00:50:40,1548.17,29.91,3.08,3276.70,0.00,29.4233,29.4716,29.2749,29.3212,39225800,1455272,1931728,39212944.0000,1453290.7500,1935181.5000,-32768,-32768,-110
00:50:41,1531.88,29.91,3.07,3276.70,0.00,29.4216,29.4685,29.2727,29.3182,39228420,1455369,1931728,39214288.0000,1453488.7500,1935342.7500,-32768,-32768,-110
00:50:43,1531.88,29.91,3.07,3276.70,0.00,29.4186,29.4640,29.2703,29.3139,39228581,1455794,1931569,39215184.0000,1453488.7500,1935342.7500,-32768,-32768,-110
00:50:44,1531.88,29.91,3.07,3276.70,0.00,29.4184,29.4625,29.2706,29.3125,39223118,1455745,1927935,39215432.0000,1453699.3750,1934822.6250,-32768,-32768,-110
00:50:47,1515.59,29.91,3.07,3276.70,0.00,29.4183,29.4598,29.2706,29.3100,39223118,1456087,1932946,39215432.0000,1453699.3750,1934822.6250,-32768,-32768,-110
00:50:48,1510.16,29.92,3.06,3276.70,0.00,29.4229,29.4562,29.2759,29.3067,39236507,1456381,1934464,39217896.0000,1453699.3750,1934551.1250,-32768,-32768,-110
00:50:50,1504.72,29.92,3.06,3276.70,0.00,29.4283,29.4544,29.2823,29.3051,39236507,1456381,1934125,39219220.0000,1454198.7500,1934551.1250,-32768,-32768,-110
00:50:52,1504.72,29.92,3.06,3276.70,0.00,29.4332,29.4544,29.2823,29.3034,39238438,1456291,1937211,39221008.0000,1454198.7500,1934573.2500,-32768,-32768,-110
00:50:55,1499.29,29.93,3.06,3276.70,0.00,29.4332,29.4516,29.2823,29.3025,39238438,1456654,1935721,39223812.0000,1454642.3750,1934555.5000,-32768,-32768,-110
00:50:57,1499.29,29.93,3.06,3276.70,0.00,29.4513,29.4516,29.3081,29.3025,39253903,1456902,1937766,39225620.0000,1454779.2500,1934726.7500,-32768,-32768,-110
00:50:58,1499.29,29.94,3.06,3276.70,0.00,29.4603,29.4516,29.3120,29.3028,39253356,1456696,1937279,39226488.0000,1454839.1250,1934806.5000,-32768,-32768,-110
00:50:59,1499.29,29.94,3.06,3276.70,0.00,29.4642,29.4520,29.3158,29.3032,39252730,1456584,1936604,39227308.0000,1454893.6250,1934910.3750,-32768,-32768,-110
00:51:00,1499.29,29.94,3.06,3276.70,0.00,29.4684,29.4530,29.3214,29.3042,39253231,1456612,1934187,39228928.0000,1454999.2500,1934887.7500,-32768,-32768,-110
00:51:01,1499.29,29.94,3.06,3276.70,0.00,29.4763,29.4537,29.3242,29.3048,39255262,1456612,1934187,39230600.0000,1455096.7500,1935191.7500,-32768,-32768,-110
00:51:03,1499.29,29.95,3.06,3276.70,0.00,29.4845,29.4555,29.3306,29.3062,39255994,1456648,1939360,39231392.0000,1455145.1250,1935322.0000,-32768,-32768,-110
00:51:05,1499.29,29.95,3.06,3276.70,0.00,29.4845,29.4588,29.3306,29.3104,39262832,1456681,1939977,39235004.0000,1455328.8750,1935717.7500,-32768,-32768,-110
00:51:08,1499.29,29.95,3.07,3276.70,0.00,29.5043,29.4588,29.3306,29.3129,39264426,1456634,1939764,39236852.0000,1455328.8750,1936173.5000,-32768,-32768,-110
00:51:09,1499.29,29.97,3.07,3276.70,0.00,29.5109,29.4659,29.3620,29.3158,39267917,1456759,1938768,39238704.0000,1455490.0000,1936173.5000,-32768,-32768,-110
00:51:10,1510.16,29.97,3.08,3276.70,0.00,29.5222,29.4691,29.3705,29.3190,39269833,1456849,1941094,39240620.0000,1455569.3750,1936543.7500,-32768,-32768,-110
00:51:12,1521.02,29.98,3.08,3276.70,0.00,29.5268,29.4729,29.3804,29.3226,39270515,1456554,1943903,39240620.0000,1455569.3750,1936922.8750,-32768,-32768,-110
00:51:13,1537.31,29.99,3.08,3276.70,0.00,29.5441,29.4770,29.3930,29.3267,39260378,1455616,1941461,39243780.0000,1455653.0000,1937144.8750,-32768,-32768,-110
00:51:15,1559.03,29.99,3.10,3276.70,0.00,29.5508,29.4770,29.4070,29.3314,39262510,1455357,1942729,39244908.0000,1455637.6250,1937470.3750,-32768,-32768,-110
00:51:16,1564.46,30.00,3.11,3276.70,0.00,29.5671,29.4845,29.4154,29.3340,39261413,1455052,1942473,39245424.0000,1455619.3750,1937626.7500,-32768,-32768,-110
00:51:18,1586.18,30.00,3.11,3276.70,0.00,29.5768,29.4845,29.4363,29.3340,39235278,1452998,1942079,39245608.0000,1455460.0000,1938071.2500,-32768,-32768,-110
00:51:19,1597.05,30.00,3.13,3276.70,0.00,29.6125,29.4975,29.4591,29.3340,39224978,1452390,1942539,39244312.0000,1455267.0000,1938322.5000,-32768,-32768,-110
00:51:22,1618.77,30.01,3.13,3276.70,0.00,29.6372,29.5057,29.4591,29.3340,39233919,1452468,1942539,39243528.0000,1455089.5000,1938753.2500,-32768,-32768,-110
00:51:24,1640.49,30.02,3.16,3276.70,0.00,29.6704,29.5057,29.5258,29.3732,39244277,1452604,1944808,39243528.0000,1454874.3750,1939432.5000,-32768,-32768,-110
00:51:26,1656.78,30.02,3.17,3276.70,0.00,29.7047,29.5353,29.5482,29.3836,39246253,1452455,1949953,39243612.0000,1454874.3750,1940417.6250,-32768,-32768,-110
00:51:29,1689.37,30.04,3.18,3276.70,0.00,29.7047,29.5528,29.5482,29.4004,39246253,1451524,1953636,39243568.0000,1454874.3750,1941690.5000,-32768,-32768,-110
00:51:32,1705.66,30.06,3.19,3276.70,0.00,29.7047,29.5782,29.5482,29.4247,39222438,1450880,1951101,39241280.0000,1453992.5000,1942622.0000,-32768,-32768,-110
00:51:33,1727.38,30.06,3.19,3276.70,0.00,29.8028,29.5917,29.6386,29.4375,39244914,1451822,1956885,39241396.0000,1453924.7500,1943067.7500,-32768,-32768,-110
00:51:35,1738.24,30.08,3.20,3276.70,0.00,29.8230,29.6056,29.6584,29.4508,39236684,1450925,1955439,39241392.0000,1453924.7500,1943067.7500,-32768,-32768,-110
00:51:36,1754.53,30.09,3.21,3276.70,0.00,29.8327,29.6127,29.6787,29.4645,39223254,1450134,1954599,39240428.0000,1453546.6250,1944535.8750,-32768,-32768,-110
00:51:38,1770.83,30.10,3.21,3276.70,0.00,29.8327,29.6342,29.6787,29.4857,39227390,1450354,1957576,39238800.0000,1453233.2500,1945736.2500,-32768,-32768,-110
00:51:41,1797.98,30.12,3.21,3276.70,0.00,29.8327,29.6562,29.6787,29.5075,39227390,1450943,1960734,39238976.0000,1452947.8750,1947368.0000,-32768,-32768,-110
00:51:43,1803.41,30.13,3.21,3276.70,0.00,29.9138,29.6788,29.7540,29.5075,39247311,1450985,1961512,39239236.0000,1452886.5000,1947810.0000,-32768,-32768,-110
00:51:44,1814.27,30.14,3.21,3276.70,0.00,29.9312,29.6940,29.7721,29.5374,39245686,1450653,1965281,39239640.0000,1452753.6250,1948799.3750,-32768,-32768,-110
00:51:47,1835.99,30.16,3.20,3276.70,0.00,29.9478,29.6940,29.7884,29.5374,39254763,1450898,1965594,39240656.0000,1452573.2500,1950233.8750,-32768,-32768,-110
00:51:49,1863.15,30.18,3.20,3276.70,0.00,29.9694,29.7323,29.7884,29.5831,39260582,1450903,1964261,39242380.0000,1452422.6250,1951710.8750,-32768,-32768,-110
00:51:51,1890.30,30.20,3.17,3276.70,0.00,29.9694,29.7552,29.7884,29.6064,39232353,1449196,1966713,39242196.0000,1452168.8750,1953019.8750,-32768,-32768,-110
00:51:52,1901.16,30.22,3.18,3276.70,0.00,30.0101,29.7705,29.8594,29.6143,39231180,1448996,1968862,39241852.0000,1452069.6250,1953515.0000,-32768,-32768,-110
00:51:54,1917.45,30.22,3.19,3276.70,0.00,30.0196,29.7783,29.8679,29.6143,39226723,1448918,1967717,39240888.0000,1451877.2500,1954326.8750,-32768,-32768,-110
00:51:56,1928.32,30.24,3.19,3276.70,0.00,30.0480,29.7783,29.8966,29.6143,39237418,1449599,1968578,39240160.0000,1451639.8750,1955602.5000,-32768,-32768,-110
00:51:59,1955.47,30.26,3.19,3276.70,0.00,30.0480,29.8257,29.8966,29.6786,39255546,1449599,1971850,39241692.0000,1451460.2500,1957528.8750,-32768,-32768,-110
00:52:01,1971.76,30.28,3.20,3276.70,0.00,30.1007,29.8572,29.9512,29.7027,39258208,1449949,1977064,39242784.0000,1451374.3750,1958535.6250,-32768,-32768,-110
00:52:03,1982.62,30.29,3.20,3276.70,0.00,30.1071,29.8650,29.9579,29.7106,39260016,1449698,1977064,39243808.0000,1451274.5000,1959561.6250,-32768,-32768,-110
00:52:04,1993.48,30.30,3.20,3276.70,0.00,30.1237,29.8880,29.9759,29.7341,39266091,1450235,1973572,39245056.0000,1451199.7500,1960459.5000,-32768,-32768,-110
00:52:06,2004.34,30.31,3.19,3276.70,0.00,30.1282,29.8955,29.9759,29.7495,39266091,1450272,1976312,39247544.0000,1451119.3750,1961963.6250,-32768,-32768,-110
00:52:09,2026.07,30.33,3.18,3276.70,0.00,30.1282,29.9247,29.9759,29.7796,39275035,1450027,1977510,39250072.0000,1451026.3750,1963348.1250,-32768,-32768,-110
00:52:12,2031.50,30.35,3.13,3276.70,0.00,30.1600,29.9247,30.0217,29.7796,39279243,1450027,1978286,39252512.0000,1450939.6250,1963348.1250,-32768,-32768,-110
00:52:13,2026.07,30.37,3.10,3276.70,0.00,30.1802,29.9668,30.0217,29.8155,39286895,1450419,1978207,39255552.0000,1450887.6250,1966089.8750,-32768,-32768,-110
00:52:15,2031.50,30.38,3.09,3276.70,0.00,30.1840,29.9736,30.0327,29.8289,39291866,1450557,1978207,39256688.0000,1450877.2500,1966578.3750,-32768,-32768,-110
00:52:15,2020.64,30.39,3.09,3276.70,0.00,30.1916,29.9868,30.0384,29.8354,39292343,1450632,1981624,39257800.0000,1450869.6250,1967048.6250,-32768,-32768,-110
00:52:17,2020.64,30.40,3.10,3276.70,0.00,30.1932,29.9933,30.0398,29.8418,39291676,1450762,1981105,39259932.0000,1450857.6250,1968035.0000,-32768,-32768,-110
00:52:19,2015.21,30.41,3.10,3276.70,0.00,30.1973,29.9933,30.0457,29.8418,39295361,1450496,1981576,39263272.0000,1450834.5000,1969304.2500,-32768,-32768,-110
00:52:22,2004.34,30.42,3.15,3276.70,0.00,30.1973,30.0287,30.0457,29.8825,39295361,1450140,1982400,39267256.0000,1450771.1250,1970899.5000,-32768,-32768,-110
00:52:24,2009.78,30.44,3.12,3276.70,0.00,30.1973,30.0493,30.0472,29.8975,39295361,1450192,1980954,39269168.0000,1450710.7500,1972016.8750,-32768,-32768,-110
00:52:28,2004.34,30.46,3.12,3276.70,0.00,30.1973,30.0631,30.0472,29.9111,39295361,1449551,1980954,39272996.0000,1450579.8750,1973304.2500,-32768,-32768,-110
00:52:30,2004.34,30.49,3.12,3276.70,0.00,30.2058,30.0760,30.0487,29.9235,39298311,1449399,1980954,39274544.0000,1450506.0000,1973914.5000,-32768,-32768,-110
00:52:31,2004.34,30.50,3.12,3276.70,0.00,30.2074,30.0840,30.0534,29.9314,39299331,1449243,1984212,39276096.0000,1450433.3750,1974508.6250,-32768,-32768,-110
00:52:33,2004.34,30.52,3.14,3276.70,0.00,30.2113,30.0918,30.0579,29.9391,39298405,1449064,1985693,39276796.0000,1450390.6250,1974858.1250,-32768,-32768,-110
00:52:35,2004.34,30.53,3.15,3276.70,0.00,30.2122,30.0991,30.0586,29.9464,39302629,1449292,1984438,39278296.0000,1450390.6250,1974858.1250,-32768,-32768,-110
00:52:36,2004.34,30.55,3.15,3276.70,0.00,30.2140,30.0991,30.0586,29.9567,39302098,1449124,1986839,39280496.0000,1450222.7500,1976257.6250,-32768,-32768,-110
00:52:38,2004.34,30.56,3.16,3276.70,0.00,30.2195,30.1130,30.0586,29.9567,39304992,1449358,1984411,39280496.0000,1450222.7500,1976677.2500,-32768,-32768,-110
00:52:39,2004.34,30.57,3.15,3276.70,0.00,30.2226,30.1196,30.0641,29.9567,39306649,1449318,1984770,39283612.0000,1450123.7500,1977179.0000,-32768,-32768,-110
00:52:41,2004.34,30.58,3.15,3276.70,0.00,30.2226,30.1293,30.0641,29.9782,39312099,1449442,1985302,39285888.0000,1450055.6250,1977954.5000,-32768,-32768,-110
00:52:43,2004.34,30.59,3.15,3276.70,0.00,30.2336,30.1355,30.0718,29.9811,39311044,1449530,1984583,39286672.0000,1450039.1250,1978161.6250,-32768,-32768,-110
00:52:44,2004.34,30.60,3.15,3276.70,0.00,30.2363,30.1387,30.0743,29.9840,39311028,1449608,1985558,39288248.0000,1450014.3750,1978624.1250,-32768,-32768,-110
00:52:45,2004.34,30.61,3.16,3276.70,0.00,30.2422,30.1449,30.0803,29.9898,39315127,1449779,1986471,39289088.0000,1450007.0000,1978869.3750,-32768,-32768,-110
00:52:47,2004.34,30.62,3.16,3276.70,0.00,30.2441,30.1480,30.0836,29.9898,39319057,1449638,1986839,39290828.0000,1449986.6250,1979347.8750,-32768,-32768,-110
00:52:49,2004.34,30.63,3.16,3276.70,0.00,30.2540,30.1480,30.0932,30.0016,39322258,1449946,1985577,39292656.0000,1449976.1250,1979347.8750,-32768,-32768,-110
00:52:51,2004.34,30.64,3.16,3276.70,0.00,30.2540,30.1664,30.0932,30.0131,39326656,1449947,1988547,39296652.0000,1449968.5000,1980762.8750,-32768,-32768,-110
00:52:54,2004.34,30.65,3.17,3276.70,0.00,30.2638,30.1723,30.0932,30.0187,39326656,1450076,1988547,39299560.0000,1449974.1250,1981383.0000,-32768,-32768,-110
00:52:55,2004.34,30.67,3.17,3276.70,0.00,30.2760,30.1812,30.1131,30.0245,39330733,1450111,1987395,39301536.0000,1449987.1250,1981383.0000,-32768,-32768,-110
00:52:57,2004.34,30.68,3.18,3276.70,0.00,30.2806,30.1873,30.1193,30.0302,39335135,1450398,1988778,39302588.0000,1450000.0000,1982034.1250,-32768,-32768,-110
00:52:58,2009.78,30.69,3.17,3276.70,0.00,30.2832,30.1931,30.1228,30.0358,39337925,1450316,1990627,39304732.0000,1450015.6250,1982560.2500,-32768,-32768,-110
00:53:00,2009.78,30.69,3.17,3276.70,0.00,30.2855,30.1931,30.1293,30.0414,39340892,1450439,1990557,39306904.0000,1450044.0000,1982560.2500,-32768,-32768,-110
00:53:02,2004.34,30.71,3.18,3276.70,0.00,30.2855,30.2075,30.1396,30.0500,39341196,1450466,1990430,39306904.0000,1450088.7500,1983942.0000,-32768,-32768,-110
00:53:05,2004.34,30.73,3.18,3276.70,0.00,30.2855,30.2132,30.1396,30.0586,39341196,1450753,1989266,39314164.0000,1450132.7500,1984713.3750,-32768,-32768,-110
00:53:07,2004.34,30.75,3.17,3276.70,0.00,30.3189,30.2251,30.1543,30.0670,39347012,1450690,1991900,39316176.0000,1450132.7500,1985371.6250,-32768,-32768,-110
00:53:10,2004.34,30.75,3.17,3276.70,0.00,30.3317,30.2344,30.1629,30.0755,39353963,1450621,1994346,39319328.0000,1450132.7500,1986157.1250,-32768,-32768,-110
00:53:12,2004.34,30.75,3.17,3276.70,0.00,30.3420,30.2438,30.1720,30.0838,39354475,1450706,1994346,39322560.0000,1450256.5000,1986701.2500,-32768,-32768,-110
00:53:12,2004.34,30.78,3.18,3276.70,0.00,30.3464,30.2470,30.1768,30.0867,39356420,1450617,1992068,39323616.0000,1450280.0000,1987126.1250,-32768,-32768,-110
00:53:13,2009.78,30.78,3.18,3276.70,0.00,30.3530,30.2534,30.1866,30.0927,39357166,1450796,1995153,39325644.0000,1450296.1250,1987377.0000,-32768,-32768,-110
00:53:15,2004.34,30.79,3.18,3276.70,0.00,30.3543,30.2565,30.1903,30.0957,39357122,1450726,1995153,39327604.0000,1450325.7500,1987955.5000,-32768,-32768,-110
00:53:17,2009.78,30.79,3.18,3276.70,0.00,30.3602,30.2628,30.1997,30.1019,39359830,1450799,1993647,39328612.0000,1450325.7500,1987955.5000,-32768,-32768,-110
00:53:21,2009.78,30.79,3.18,3276.70,0.00,30.3602,30.2755,30.1997,30.1145,39359830,1451156,1999313,39333588.0000,1450325.7500,1989736.6250,-32768,-32768,-110
00:53:22,2004.34,30.83,3.18,3276.70,0.00,30.3895,30.2854,30.2292,30.1244,39368610,1450897,1999313,39336788.0000,1450477.7500,1990246.0000,-32768,-32768,-110
00:53:24,2004.34,30.84,3.18,3276.70,0.00,30.3993,30.2922,30.2355,30.1311,39370980,1450760,2001994,39338860.0000,1450497.3750,1990867.5000,-32768,-32768,-110
00:53:25,2004.34,30.84,3.18,3276.70,0.00,30.4034,30.2992,30.2452,30.1379,39371280,1450915,1996624,39339872.0000,1450510.3750,1991047.3750,-32768,-32768,-110
00:53:27,2004.34,30.85,3.20,3276.70,0.00,30.4134,30.3027,30.2489,30.1414,39370405,1450863,1999519,39340828.0000,1450510.3750,1991047.3750,-32768,-32768,-110
00:53:29,2004.34,30.86,3.20,3276.70,0.00,30.4219,30.3099,30.2489,30.1518,39370405,1450863,2008861,39344680.0000,1450555.1250,1992862.0000,-32768,-32768,-110
00:53:31,2004.34,30.88,3.18,3276.70,0.00,30.4328,30.3207,30.2489,30.1586,39374107,1451019,2001060,39346512.0000,1450555.1250,1992862.0000,-32768,-32768,-110
00:53:33,2004.34,30.89,3.18,3276.70,0.00,30.4392,30.3207,30.2773,30.1586,39376556,1451080,1998678,39349124.0000,1450620.0000,1993888.0000,-32768,-32768,-110
00:53:34,2004.34,30.91,3.18,3276.70,0.00,30.4478,30.3382,30.2841,30.1586,39380768,1451127,2002796,39351000.0000,1450649.3750,1994400.0000,-32768,-32768,-110
00:53:36,2004.34,30.92,3.20,3276.70,0.00,30.4550,30.3453,30.2923,30.1829,39380768,1450972,2003233,39351920.0000,1450659.5000,1994676.0000,-32768,-32768,-110
00:53:38,2004.34,30.92,3.20,3276.70,0.00,30.4716,30.3562,30.3062,30.1937,39382476,1450841,2003233,39354528.0000,1450686.6250,1995033.5000,-32768,-32768,-110
00:53:40,2004.34,30.94,3.19,3276.70,0.00,30.4801,30.3636,30.3062,30.2045,39384587,1450806,2017320,39357224.0000,1450709.2500,1996260.0000,-32768,-32768,-110
00:53:42,2004.34,30.95,3.19,3276.70,0.00,30.4884,30.3711,30.3218,30.2081,39386079,1450987,2016410,39358124.0000,1450718.0000,1996889.7500,-32768,-32768,-110
00:53:43,2004.34,30.96,3.20,3276.70,0.00,30.4970,30.3787,30.3311,30.2155,39387995,1450963,2006140,39359976.0000,1450734.8750,1997475.8750,-32768,-32768,-110
00:53:44,2004.34,30.96,3.20,3276.70,0.00,30.5061,30.3864,30.3433,30.2232,39391979,1451155,2006703,39361840.0000,1450759.0000,1998010.8750,-32768,-32768,-110
00:53:46,2004.34,30.97,3.20,3276.70,0.00,30.5163,30.3864,30.3575,30.2350,39393876,1451042,2010438,39364668.0000,1450793.1250,1998906.0000,-32768,-32768,-110
00:53:49,2004.34,30.98,3.20,3276.70,0.00,30.5163,30.4059,30.3575,30.2350,39396476,1451210,2001146,39367560.0000,1450828.3750,1999265.5000,-32768,-32768,-110
00:53:51,2004.34,31.00,3.20,3276.70,0.00,30.5303,30.4059,30.3730,30.2350,39400384,1451071,2008337,39369540.0000,1450849.6250,2000117.0000,-32768,-32768,-110
00:53:53,2004.34,31.01,3.20,3276.70,0.00,30.5303,30.4059,30.3834,30.2350,39401080,1450980,2013886,39372284.0000,1450856.8750,2001025.1250,-32768,-32768,-110
00:53:56,2004.34,31.03,3.20,3276.70,0.00,30.5478,30.4354,30.3869,30.2730,39402870,1451101,2011747,39372284.0000,1450856.8750,2001025.1250,-32768,-32768,-110
00:53:57,2004.34,31.04,3.20,3276.70,0.00,30.5523,30.4425,30.3916,30.2802,39404301,1450873,2018409,39375996.0000,1450878.8750,2002422.2500,-32768,-32768,-110
00:53:59,2004.34,31.05,3.20,3276.70,0.00,30.5580,30.4425,30.3974,30.2802,39404301,1451081,2010170,39378568.0000,1450890.3750,2003346.7500,-32768,-32768,-110
00:54:02,2004.34,31.05,3.20,3276.70,0.00,30.5689,30.4599,30.4077,30.2979,39406352,1451136,2010170,39381096.0000,1450912.2500,2003346.7500,-32768,-32768,-110
00:54:03,2004.34,31.09,3.19,3276.70,0.00,30.5761,30.4702,30.4139,30.3082,39408483,1451049,2011971,39382804.0000,1450921.8750,2004081.1250,-32768,-32768,-110
00:54:06,2004.34,31.09,3.20,3276.70,0.00,30.5761,30.4802,30.4139,30.3183,39408483,1451054,2013167,39385868.0000,1450950.3750,2004793.0000,-32768,-32768,-110
00:54:08,2004.34,31.11,3.20,3276.70,0.00,30.5928,30.4802,30.4316,30.3183,39410797,1451155,2013167,39388064.0000,1450961.2500,2004793.0000,-32768,-32768,-110
00:54:10,2004.34,31.12,3.21,3276.70,0.00,30.6086,30.5008,30.4475,30.3390,39413656,1451136,2014206,39389608.0000,1450967.8750,2006024.5000,-32768,-32768,-110
00:54:11,2004.34,31.14,3.20,3276.70,0.00,30.6113,30.5043,30.4504,30.3425,39414942,1451111,2014611,39390400.0000,1450972.3750,2006292.7500,-32768,-32768,-110
00:54:12,2004.34,31.14,3.20,3276.70,0.00,30.6144,30.5077,30.4538,30.3460,39415484,1451107,2015413,39391184.0000,1450976.6250,2007141.2500,-32768,-32768,-110
00:54:13,2004.34,31.14,3.20,3276.70,0.00,30.6174,30.5145,30.4604,30.3528,39415264,1451018,2021868,39392684.0000,1450975.8750,2007601.5000,-32768,-32768,-110
00:54:15,2004.34,31.15,3.20,3276.70,0.00,30.6238,30.5179,30.4637,30.3563,39416650,1451238,2015221,39392684.0000,1450975.8750,2008087.2500,-32768,-32768,-110
00:54:16,2004.34,31.16,3.20,3276.70,0.00,30.6329,30.5283,30.4772,30.3668,39418727,1450835,2013704,39395676.0000,1450975.8750,2008494.7500,-32768,-32768,-110
00:54:18,2004.34,31.18,3.20,3276.70,0.00,30.6454,30.5354,30.4841,30.3739,39421271,1450974,2013704,39398004.0000,1450983.1250,2009208.2500,-32768,-32768,-110
00:54:21,2004.34,31.18,3.21,3276.70,0.00,30.6518,30.5424,30.4906,30.3809,39422568,1451085,2017203,39398004.0000,1450983.1250,2009208.2500,-32768,-32768,-110
00:54:23,2004.34,31.20,3.20,3276.70,0.00,30.6518,30.5563,30.4906,30.3950,39425118,1450925,2017401,39401828.0000,1450997.5000,2009853.1250,-32768,-32768,-110
00:54:24,2004.34,31.20,3.20,3276.70,0.00,30.6748,30.5634,30.5141,30.4021,39428188,1451049,2018500,39403412.0000,1450998.5000,2010402.6250,-32768,-32768,-110
00:54:27,2004.34,31.22,3.20,3276.70,0.00,30.6748,30.5707,30.5222,30.4094,39427783,1450991,2019044,39404904.0000,1450997.7500,2010917.3750,-32768,-32768,-110
00:54:28,2004.34,31.23,3.20,3276.70,0.00,30.6915,30.5780,30.5286,30.4094,39428133,1450747,2032225,39407048.0000,1450997.7500,2012043.3750,-32768,-32768,-110
00:54:31,2004.34,31.24,3.20,3276.70,0.00,30.7010,30.5888,30.5390,30.4273,39431746,1450835,2021765,39407048.0000,1450979.0000,2013158.8750,-32768,-32768,-110
00:54:32,2004.34,31.26,3.20,3276.70,0.00,30.7091,30.5960,30.5469,30.4345,39434909,1451041,2020813,39410064.0000,1450980.8750,2013398.0000,-32768,-32768,-110
00:54:34,2004.34,31.26,3.20,3276.70,0.00,30.7197,30.6034,30.5578,30.4419,39435027,1451023,2022904,39412308.0000,1450976.1250,2014035.0000,-32768,-32768,-110
00:54:36,2004.34,31.27,3.20,3276.70,0.00,30.7197,30.6148,30.5578,30.4531,39438213,1450920,2023780,39414744.0000,1450980.2500,2014622.1250,-32768,-32768,-110
00:54:38,2009.78,31.28,3.20,3276.70,0.00,30.7389,30.6223,30.5759,30.4605,39441505,1451208,2023780,39416368.0000,1450988.8750,2014994.5000,-32768,-32768,-110
00:54:41,2009.78,31.28,3.21,3276.70,0.00,30.7500,30.6223,30.5917,30.4605,39441451,1450551,2031022,39418632.0000,1450976.0000,2016060.7500,-32768,-32768,-110
00:54:42,2004.34,31.32,3.21,3276.70,0.00,30.7657,30.6450,30.6030,30.4830,39445033,1450850,2024981,39420888.0000,1450953.2500,2017023.1250,-32768,-32768,-110
00:54:44,2004.34,31.32,3.20,3276.70,0.00,30.7740,30.6528,30.6106,30.4907,39445033,1450877,2025473,39421648.0000,1450950.8750,2017287.2500,-32768,-32768,-110
00:54:46,2004.34,31.33,3.21,3276.70,0.00,30.7810,30.6605,30.6178,30.4984,39448442,1450877,2025473,39424104.0000,1450950.8750,2018276.7500,-32768,-32768,-110
00:54:47,2009.78,31.35,3.21,3276.70,0.00,30.7888,30.6683,30.6260,30.4984,39450303,1450901,2027106,39425668.0000,1450941.5000,2018842.7500,-32768,-32768,-110
00:54:50,2009.78,31.36,3.21,3276.70,0.00,30.7888,30.6801,30.6260,30.5216,39450773,1450901,2028476,39427844.0000,1450939.1250,2019109.6250,-32768,-32768,-110
00:54:51,2009.78,31.37,3.21,3276.70,0.00,30.8131,30.6882,30.6478,30.5255,39452216,1450848,2028619,39429356.0000,1450933.5000,2019706.0000,-32768,-32768,-110
00:54:53,2004.34,31.38,3.21,3276.70,0.00,30.8199,30.6961,30.6547,30.5334,39456245,1450868,2029972,39430196.0000,1450933.5000,2020026.7500,-32768,-32768,-110
00:54:55,2004.34,31.38,3.21,3276.70,0.00,30.8268,30.7040,30.6673,30.5451,39454951,1450729,2028692,39432480.0000,1450933.5000,2020889.5000,-32768,-32768,-110
00:54:56,2004.34,31.40,3.21,3276.70,0.00,30.8353,30.7119,30.6724,30.5490,39455298,1450729,2029644,39432480.0000,1450902.2500,2021569.2500,-32768,-32768,-110
00:54:58,2004.34,31.41,3.21,3276.70,0.00,30.8452,30.7199,30.6830,30.5571,39455075,1450729,2031103,39435216.0000,1450882.5000,2021569.2500,-32768,-32768,-110
00:55:00,2009.78,31.42,3.21,3276.70,0.00,30.8588,30.7321,30.6975,30.5693,39458486,1450682,2031103,39437272.0000,1450861.1250,2022998.5000,-32768,-32768,-110
00:55:03,2009.78,31.42,3.21,3276.70,0.00,30.8701,30.7404,30.7086,30.5777,39462225,1450684,2031103,39437272.0000,1450861.1250,2023919.8750,-32768,-32768,-110
00:55:06,2009.78,31.45,3.21,3276.70,0.00,30.8701,30.7576,30.7086,30.5991,39465270,1450633,2030469,39437272.0000,1450861.1250,2024933.5000,-32768,-32768,-110
00:55:07,2009.78,31.47,3.21,3276.70,0.00,30.9002,30.7662,30.7359,30.5991,39467342,1450658,2035347,39443376.0000,1450810.3750,2025258.8750,-32768,-32768,-110
00:55:10,2009.78,31.48,3.21,3276.70,0.00,30.9148,30.7792,30.7359,30.6163,39467342,1450648,2037389,39445624.0000,1450790.1250,2026295.1250,-32768,-32768,-110
00:55:11,2009.78,31.50,3.22,3276.70,0.00,30.9271,30.7923,30.7629,30.6293,39469664,1450494,2038011,39447080.0000,1450790.1250,2027328.7500,-32768,-32768,-110
00:55:13,2009.78,31.50,3.22,3276.70,0.00,30.9341,30.8009,30.7689,30.6378,39469664,1450494,2037253,39449296.0000,1450752.5000,2027949.1250,-32768,-32768,-110
00:55:16,2009.78,31.50,3.21,3276.70,0.00,30.9487,30.8138,30.7874,30.6378,39477118,1450638,2038446,39451728.0000,1450734.3750,2028915.1250,-32768,-32768,-110
00:55:17,2009.78,31.50,3.22,3276.70,0.00,30.9611,30.8268,30.7940,30.6632,39477163,1450562,2039572,39453328.0000,1450722.7500,2029544.5000,-32768,-32768,-110
00:55:19,2009.78,31.54,3.21,3276.70,0.00,30.9611,30.8353,30.8030,30.6716,39476881,1450621,2038829,39454768.0000,1450716.1250,2030145.3750,-32768,-32768,-110
00:55:21,2004.34,31.56,3.22,3276.70,0.00,30.9791,30.8440,30.8119,30.6800,39482555,1450504,2040305,39456436.0000,1450716.1250,2031072.3750,-32768,-32768,-110
00:55:23,2009.78,31.56,3.22,3276.70,0.00,30.9841,30.8527,30.8217,30.6800,39482323,1450504,2040305,39458832.0000,1450685.6250,2031621.7500,-32768,-32768,-110
00:55:24,2009.78,31.58,3.22,3276.70,0.00,30.9984,30.8615,30.8344,30.6800,39482323,1450550,2042000,39460464.0000,1450678.0000,2032250.0000,-32768,-32768,-110
00:55:27,2009.78,31.59,3.22,3276.70,0.00,31.0165,30.8750,30.8493,30.6800,39482323,1450501,2043411,39462140.0000,1450678.0000,2033323.8750,-32768,-32768,-110
00:55:29,2009.78,31.60,3.22,3276.70,0.00,31.0271,30.8885,30.8611,30.7240,39487673,1450372,2043691,39464496.0000,1450639.1250,2033938.7500,-32768,-32768,-110
00:55:30,2009.78,31.61,3.22,3276.70,0.00,31.0367,30.8974,30.8701,30.7329,39491855,1450520,2044384,39466144.0000,1450631.6250,2034568.5000,-32768,-32768,-110
00:55:33,2004.34,31.62,3.22,3276.70,0.00,31.0367,30.9065,30.8809,30.7417,39492511,1450393,2045877,39466144.0000,1450610.6250,2035593.2500,-32768,-32768,-110
00:55:35,2009.78,31.63,3.22,3276.70,0.00,31.0643,30.9203,30.8986,30.7554,39493085,1450214,2045877,39470664.0000,1450575.8750,2036600.2500,-32768,-32768,-110
00:55:36,2009.78,31.65,3.23,3276.70,0.00,31.0768,30.9297,30.9122,30.7648,39496418,1450166,2046810,39470664.0000,1450575.8750,2036600.2500,-32768,-32768,-110
00:55:38,2009.78,31.66,3.23,3276.70,0.00,31.0924,30.9439,30.9292,30.7792,39497297,1450399,2042255,39473844.0000,1450538.1250,2037701.8750,-32768,-32768,-110
00:55:40,2009.78,31.67,3.23,3276.70,0.00,31.0984,30.9487,30.9338,30.7840,39499724,1450484,2041470,39474652.0000,1450538.1250,2037701.8750,-32768,-32768,-110
00:55:41,2009.78,31.68,3.23,3276.70,0.00,31.1068,30.9583,30.9423,30.7936,39501173,1450091,2047732,39474652.0000,1450538.1250,2038775.1250,-32768,-32768,-110
00:55:44,2009.78,31.69,3.23,3276.70,0.00,31.1156,30.9678,30.9423,30.8031,39501173,1450579,2047732,39474652.0000,1450503.6250,2039698.7500,-32768,-32768,-110
00:55:45,2004.34,31.70,3.24,3276.70,0.00,31.1300,30.9821,30.9658,30.8174,39507333,1450312,2051243,39480604.0000,1450497.6250,2040059.5000,-32768,-32768,-110
00:55:46,2004.34,31.71,3.23,3276.70,0.00,31.1336,30.9868,30.9702,30.8222,39507927,1449920,2058831,39482336.0000,1450470.6250,2041032.5000,-32768,-32768,-110
00:55:48,2004.34,31.71,3.23,3276.70,0.00,31.1430,30.9868,30.9849,30.8222,39510131,1450282,2058831,39482336.0000,1450441.3750,2042348.5000,-32768,-32768,-110
00:55:49,2009.78,31.73,3.23,3276.70,0.00,31.1566,31.0104,30.9945,30.8460,39512601,1450286,2053801,39485832.0000,1450436.5000,2042706.3750,-32768,-32768,-110
00:55:50,2009.78,31.74,3.24,3276.70,0.00,31.1612,31.0151,30.9990,30.8508,39515160,1450276,2059934,39486748.0000,1450431.5000,2043244.7500,-32768,-32768,-110
00:55:52,2009.78,31.74,3.23,3276.70,0.00,31.1662,31.0198,31.0079,30.8603,39519488,1450364,2059934,39488728.0000,1450421.7500,2044091.7500,-32768,-32768,-110
00:55:54,2004.34,31.75,3.23,3276.70,0.00,31.1754,31.0291,31.0128,30.8650,39519488,1450310,2059934,39488728.0000,1450418.5000,2044836.2500,-32768,-32768,-110
00:55:56,2009.78,31.77,3.23,3276.70,0.00,31.1938,31.0479,31.0298,30.8840,39524538,1450387,2059934,39493576.0000,1450421.1250,2044836.2500,-32768,-32768,-110
00:55:58,2009.78,31.78,3.23,3276.70,0.00,31.2037,31.0618,31.0400,30.8978,39526631,1450268,2056684,39496576.0000,1450411.6250,2046261.0000,-32768,-32768,-110
00:56:01,2009.78,31.79,3.23,3276.70,0.00,31.2037,31.0709,31.0400,30.9116,39530024,1450458,2058690,39499388.0000,1450408.2500,2046261.0000,-32768,-32768,-110
00:56:02,2009.78,31.80,3.24,3276.70,0.00,31.2241,31.0802,31.0575,30.9161,39532147,1450528,2058759,39500412.0000,1450412.0000,2047661.1250,-32768,-32768,-110
00:56:05,2009.78,31.81,3.24,3276.70,0.00,31.2241,31.0940,31.0575,30.9342,39536418,1450325,2060811,39504576.0000,1450412.6250,2047661.1250,-32768,-32768,-110
00:56:06,2009.78,31.82,3.24,3276.70,0.00,31.2462,31.1032,31.0807,30.9388,39537332,1450165,2068106,39506540.0000,1450403.8750,2050286.1250,-32768,-32768,-110
00:56:08,2009.78,31.83,3.24,3276.70,0.00,31.2462,31.1125,31.0925,30.9480,39537332,1450305,2060474,39508440.0000,1450389.6250,2051245.7500,-32768,-32768,-110
00:56:09,2009.78,31.84,3.24,3276.70,0.00,31.2749,31.1268,31.1127,30.9624,39541510,1450417,2061367,39510448.0000,1450390.6250,2051860.3750,-32768,-32768,-110
00:56:12,2009.78,31.85,3.24,3276.70,0.00,31.2862,31.1268,31.1248,30.9624,39546321,1450387,2061367,39514544.0000,1450376.0000,2053388.3750,-32768,-32768,-110
00:56:14,2009.78,31.87,3.24,3276.70,0.00,31.3017,31.1509,31.1412,30.9871,39547374,1450081,2061367,39516584.0000,1450367.3750,2053979.7500,-32768,-32768,-110
00:56:17,2009.78,31.88,3.24,3276.70,0.00,31.3139,31.1653,31.1412,31.0016,39547374,1450468,2065143,39519676.0000,1450373.6250,2054696.3750,-32768,-32768,-110
00:56:18,2009.78,31.89,3.24,3276.70,0.00,31.3273,31.1796,31.1625,31.0157,39553279,1450477,2057402,39521756.0000,1450378.6250,2055091.7500,-32768,-32768,-110
00:56:20,2009.78,31.90,3.24,3276.70,0.00,31.3306,31.1843,31.1664,31.0204,39555712,1450617,2055536,39521756.0000,1450378.6250,2055091.7500,-32768,-32768,-110
00:56:21,2009.78,31.91,3.24,3276.70,0.00,31.3416,31.1982,31.1781,31.0343,39556356,1450346,2067761,39525816.0000,1450386.2500,2056183.7500,-32768,-32768,-110
00:56:23,2009.78,31.92,3.24,3276.70,0.00,31.3505,31.2074,31.1883,31.0436,39558906,1450595,2061427,39527800.0000,1450400.1250,2056554.0000,-32768,-32768,-110
00:56:26,2009.78,31.93,3.24,3276.70,0.00,31.3505,31.2165,31.1883,31.0573,39558906,1450595,2068630,39530708.0000,1450398.5000,2057664.0000,-32768,-32768,-110
00:56:29,2009.78,31.94,3.25,3276.70,0.00,31.3718,31.2165,31.1883,31.0711,39558906,1450301,2070279,39533660.0000,1450398.5000,2057664.0000,-32768,-32768,-110
00:56:30,2009.78,31.96,3.24,3276.70,0.00,31.3869,31.2439,31.2249,31.0804,39566666,1450431,2071617,39536456.0000,1450381.3750,2059681.1250,-32768,-32768,-110
00:56:31,2009.78,31.96,3.24,3276.70,0.00,31.3975,31.2532,31.2342,31.0897,39566037,1450465,2071165,39537384.0000,1450384.0000,2060040.0000,-32768,-32768,-110
00:56:33,2009.78,31.97,3.24,3276.70,0.00,31.4029,31.2578,31.2407,31.0944,39565726,1450234,2071165,39539164.0000,1450375.0000,2060684.5000,-32768,-32768,-110
00:56:34,2009.78,31.98,3.24,3276.70,0.00,31.4159,31.2673,31.2407,31.1087,39565726,1450241,2076503,39541016.0000,1450369.1250,2062067.5000,-32768,-32768,-110
00:56:37,2009.78,31.98,3.24,3276.70,0.00,31.4325,31.2673,31.2711,31.1087,39572304,1450122,2074271,39543844.0000,1450346.1250,2062792.7500,-32768,-32768,-110
00:56:39,2009.78,32.00,3.24,3276.70,0.00,31.4488,31.2964,31.2795,31.1324,39575448,1450196,2074271,39546696.0000,1450332.2500,2064328.5000,-32768,-32768,-110
00:56:41,2009.78,32.01,3.24,3276.70,0.00,31.4488,31.3112,31.2795,31.1465,39575448,1450196,2076186,39549576.0000,1450316.5000,2065378.8750,-32768,-32768,-110
00:56:44,2009.78,32.03,3.24,3276.70,0.00,31.4488,31.3259,31.2795,31.1653,39585810,1450364,2078499,39552700.0000,1450305.1250,2066922.7500,-32768,-32768,-110
00:56:47,2009.78,32.04,3.24,3276.70,0.00,31.4488,31.3407,31.2795,31.1796,39585810,1450360,2085831,39556916.0000,1450320.1250,2068360.7500,-32768,-32768,-110
00:56:48,2009.78,32.05,3.25,3276.70,0.00,31.4488,31.3554,31.2795,31.1936,39592257,1450382,2079667,39559072.0000,1450321.6250,2069021.1250,-32768,-32768,-110
00:56:50,2009.78,32.07,3.25,3276.70,0.00,31.5155,31.3651,31.3448,31.1983,39593827,1450528,2080531,39560156.0000,1450321.6250,2069996.2500,-32768,-32768,-110
00:56:51,2009.78,32.07,3.25,3276.70,0.00,31.5196,31.3699,31.3448,31.2079,39596991,1450185,2092565,39562384.0000,1450321.3750,2070701.6250,-32768,-32768,-110
00:56:54,2009.78,32.07,3.24,3276.70,0.00,31.5330,31.3843,31.3699,31.2079,39596991,1450457,2083378,39565696.0000,1450335.1250,2071807.7500,-32768,-32768,-110
00:56:56,2009.78,32.07,3.25,3276.70,0.00,31.5462,31.3843,31.3928,31.2375,39600286,1450361,2083096,39568824.0000,1450324.0000,2073287.6250,-32768,-32768,-110
00:56:59,2009.78,32.11,3.25,3276.70,0.00,31.5462,31.4128,31.3928,31.2525,39605725,1450361,2083735,39573120.0000,1450327.8750,2074476.8750,-32768,-32768,-110
00:57:00,2009.78,32.13,3.25,3276.70,0.00,31.5724,31.4224,31.4167,31.2624,39607430,1450415,2083735,39574192.0000,1450330.6250,2074764.5000,-32768,-32768,-110
00:57:02,2009.78,32.13,3.25,3276.70,0.00,31.5827,31.4321,31.4221,31.2673,39609439,1450488,2084156,39574192.0000,1450336.5000,2074764.5000,-32768,-32768,-110
00:57:03,2009.78,32.15,3.25,3276.70,0.00,31.5937,31.4418,31.4355,31.2821,39608240,1450277,2080673,39578312.0000,1450332.3750,2075746.0000,-32768,-32768,-110
00:57:04,2009.78,32.15,3.25,3276.70,0.00,31.6057,31.4517,31.4402,31.2871,39611128,1450237,2086910,39579336.0000,1450329.3750,2076094.8750,-32768,-32768,-110
00:57:06,2009.78,32.16,3.24,3276.70,0.00,31.6112,31.4517,31.4502,31.2871,39613122,1450521,2080763,39582292.0000,1450331.5000,2076871.5000,-32768,-32768,-110
00:57:08,2009.78,32.16,3.24,3276.70,0.00,31.6266,31.4716,31.4604,31.3068,39616778,1450466,2079163,39584416.0000,1450336.5000,2076871.5000,-32768,-32768,-110
00:57:11,2009.78,32.18,3.24,3276.70,0.00,31.6266,31.4864,31.4604,31.3265,39616778,1450506,2079163,39588340.0000,1450345.8750,2077969.8750,-32768,-32768,-110
00:57:14,2009.78,32.19,3.24,3276.70,0.00,31.6266,31.5062,31.4604,31.3459,39616778,1450242,2091035,39592292.0000,1450345.8750,2079574.5000,-32768,-32768,-110
00:57:17,2009.78,32.21,3.26,3276.70,0.00,31.6266,31.5258,31.4604,31.3459,39624469,1450173,2091513,39595308.0000,1450324.0000,2080637.0000,-32768,-32768,-110
00:57:19,2009.78,32.22,3.25,3276.70,0.00,31.6914,31.5403,31.4604,31.3741,39624469,1450401,2097874,39598152.0000,1450324.0000,2082345.3750,-32768,-32768,-110
00:57:21,2009.78,32.24,3.25,3276.70,0.00,31.7033,31.5547,31.5331,31.3881,39630737,1450197,2094395,39600116.0000,1450318.0000,2082345.3750,-32768,-32768,-110
00:57:22,2009.78,32.24,3.25,3276.70,0.00,31.7123,31.5643,31.5430,31.3975,39635791,1450193,2102665,39602184.0000,1450312.3750,2083710.6250,-32768,-32768,-110
00:57:24,2009.78,32.25,3.25,3276.70,0.00,31.7217,31.5737,31.5526,31.4068,39634330,1450139,2095604,39604256.0000,1450297.2500,2084751.2500,-32768,-32768,-110
00:57:25,2009.78,32.26,3.26,3276.70,0.00,31.7262,31.5785,31.5571,31.4115,39635539,1450162,2095858,39605232.0000,1450297.2500,2084751.2500,-32768,-32768,-110
00:57:27,2009.78,32.27,3.25,3276.70,0.00,31.7349,31.5880,31.5571,31.4254,39636602,1449963,2097640,39608096.0000,1450275.8750,2086172.6250,-32768,-32768,-110
00:57:28,2009.78,32.27,3.25,3276.70,0.00,31.7436,31.5974,31.5737,31.4300,39638436,1450199,2096855,39609040.0000,1450273.5000,2086506.5000,-32768,-32768,-110
00:57:30,2009.78,32.28,3.25,3276.70,0.00,31.7478,31.6021,31.5776,31.4346,39639589,1450167,2097754,39610952.0000,1450267.5000,2087260.8750,-32768,-32768,-110
00:57:32,2009.78,32.28,3.26,3276.70,0.00,31.7570,31.6021,31.5907,31.4346,39639466,1450098,2094528,39612748.0000,1450267.5000,2088081.5000,-32768,-32768,-110
00:57:35,2009.78,32.29,3.25,3276.70,0.00,31.7743,31.6021,31.6047,31.4346,39645677,1450098,2097469,39617124.0000,1450228.5000,2089176.3750,-32768,-32768,-110
00:57:36,2009.78,32.30,3.27,3276.70,0.00,31.7826,31.6438,31.6187,31.4758,39647997,1450159,2097469,39617124.0000,1450226.3750,2089519.8750,-32768,-32768,-110
00:57:38,2009.78,32.31,3.25,3276.70,0.00,31.7963,31.6530,31.6275,31.4850,39648523,1449946,2099661,39619980.0000,1450215.6250,2090139.2500,-32768,-32768,-110
00:57:39,2009.78,32.31,3.25,3276.70,0.00,31.8053,31.6622,31.6375,31.4941,39649524,1449819,2110429,39621704.0000,1450188.3750,2091279.7500,-32768,-32768,-110
00:57:41,2009.78,32.32,3.27,3276.70,0.00,31.8098,31.6668,31.6418,31.4941,39652602,1449973,2101380,39623600.0000,1450175.3750,2091895.7500,-32768,-32768,-110
00:57:43,2009.78,32.33,3.27,3276.70,0.00,31.8098,31.6805,31.6418,31.4941,39652850,1449822,2105748,39626168.0000,1450175.3750,2093324.3750,-32768,-32768,-110
00:57:45,2009.78,32.34,3.27,3276.70,0.00,31.8364,31.6943,31.6686,31.5262,39654990,1449981,2107929,39627932.0000,1450175.3750,2094236.8750,-32768,-32768,-110
00:57:49,2009.78,32.35,3.27,3276.70,0.00,31.8364,31.7079,31.6686,31.5446,39654990,1449905,2104705,39627932.0000,1450117.7500,2094995.5000,-32768,-32768,-110
00:57:50,2009.78,32.36,3.27,3276.70,0.00,31.8637,31.7079,31.7016,31.5584,39666448,1449960,2100176,39634328.0000,1450101.7500,2095458.8750,-32768,-32768,-110
00:57:52,2009.78,32.37,3.27,3276.70,0.00,31.8773,31.7353,31.7114,31.5584,39664626,1450039,2106956,39636188.0000,1450099.7500,2095922.7500,-32768,-32768,-110
00:57:54,2009.78,32.38,3.27,3276.70,0.00,31.8857,31.7443,31.7205,31.5769,39665362,1449870,2107271,39637960.0000,1450088.0000,2096620.2500,-32768,-32768,-110
00:57:56,2009.78,32.38,3.28,3276.70,0.00,31.8954,31.7443,31.7301,31.5769,39669110,1450023,2107271,39641560.0000,1450061.5000,2098596.5000,-32768,-32768,-110
00:57:57,2009.78,32.39,3.28,3276.70,0.00,31.9095,31.7671,31.7451,31.6000,39670870,1449868,2109888,39642476.0000,1450055.5000,2098949.5000,-32768,-32768,-110
00:57:59,2009.78,32.40,3.28,3276.70,0.00,31.9143,31.7717,31.7498,31.6047,39671588,1449864,2106266,39643384.0000,1450049.5000,2099178.0000,-32768,-32768,-110
00:58:01,2009.78,32.41,3.28,3276.70,0.00,31.9143,31.7854,31.7498,31.6187,39672559,1449704,2109083,39646840.0000,1450013.3750,2100410.5000,-32768,-32768,-110
00:58:03,2009.78,32.42,3.28,3276.70,0.00,31.9366,31.7946,31.7498,31.6327,39675104,1449664,2109536,39648492.0000,1449997.0000,2100860.5000,-32768,-32768,-110
00:58:05,2009.78,32.43,3.28,3276.70,0.00,31.9458,31.8037,31.7820,31.6373,39675798,1449728,2111756,39650200.0000,1449982.6250,2101520.0000,-32768,-32768,-110
00:58:08,2009.78,32.43,3.28,3276.70,0.00,31.9458,31.8173,31.7820,31.6559,39675798,1449728,2114274,39653692.0000,1449956.1250,2102415.7500,-32768,-32768,-110
00:58:11,2009.78,32.45,3.28,3276.70,0.00,31.9458,31.8354,31.7820,31.6697,39675798,1449697,2114646,39656224.0000,1449928.0000,2103456.2500,-32768,-32768,-110
00:58:13,2009.78,32.46,3.28,3276.70,0.00,31.9899,31.8491,31.8271,31.6836,39675798,1449697,2115084,39656224.0000,1449901.8750,2104502.2500,-32768,-32768,-110
00:58:14,2009.78,32.47,3.29,3276.70,0.00,31.9988,31.8627,31.8403,31.6974,39689545,1449697,2115084,39660444.0000,1449891.6250,2105174.2500,-32768,-32768,-110
00:58:16,2009.78,32.48,3.28,3276.70,0.00,32.0122,31.8627,31.8403,31.7066,39690120,1449599,2116786,39663108.0000,1449866.0000,2106113.0000,-32768,-32768,-110
00:58:20,2009.78,32.48,3.29,3276.70,0.00,32.0122,31.8627,31.8619,31.7066,39690305,1449599,2116054,39663108.0000,1449866.0000,2107466.7500,-32768,-32768,-110
00:58:21,2009.78,32.50,3.29,3276.70,0.00,32.0323,31.8986,31.8745,31.7066,39692697,1449588,2117627,39667232.0000,1449823.6250,2107784.2500,-32768,-32768,-110
00:58:23,2009.78,32.50,3.30,3276.70,0.00,32.0452,31.8986,31.8745,31.7429,39694867,1449594,2121047,39669732.0000,1449805.8750,2108811.7500,-32768,-32768,-110
00:58:24,2009.78,32.50,3.29,3276.70,0.00,32.0452,31.9162,31.8914,31.7519,39696139,1449571,2119203,39670556.0000,1449798.5000,2109136.5000,-32768,-32768,-110
00:58:26,2009.78,32.52,3.29,3276.70,0.00,32.0452,31.9251,31.8914,31.7608,39698553,1449522,2117730,39672928.0000,1449769.3750,2110029.7500,-32768,-32768,-110
00:58:27,2009.78,32.53,3.29,3276.70,0.00,32.0723,31.9339,31.9090,31.7697,39698862,1449526,2119803,39673736.0000,1449761.7500,2110335.2500,-32768,-32768,-110
00:58:29,2009.78,32.54,3.29,3276.70,0.00,32.0760,31.9384,31.9133,31.7742,39698862,1449674,2114826,39675300.0000,1449751.2500,2110801.0000,-32768,-32768,-110
00:58:30,2009.78,32.55,3.29,3276.70,0.00,32.0858,31.9384,31.9273,31.7876,39702346,1449564,2120758,39676916.0000,1449742.7500,2111215.5000,-32768,-32768,-110
00:58:31,2009.78,32.56,3.29,3276.70,0.00,32.0938,31.9561,31.9273,31.7921,39703488,1449448,2124570,39677748.0000,1449733.6250,2111967.7500,-32768,-32768,-110
00:58:35,2009.78,32.56,3.29,3276.70,0.00,32.0938,31.9693,31.9273,31.8056,39704585,1449493,2123214,39680104.0000,1449733.6250,2111967.7500,-32768,-32768,-110
00:58:36,2009.78,32.58,3.30,3276.70,0.00,32.1149,31.9781,31.9538,31.8190,39707073,1449453,2123555,39682456.0000,1449680.0000,2113579.5000,-32768,-32768,-110
00:58:38,2009.78,32.59,3.30,3276.70,0.00,32.1237,31.9869,31.9622,31.8235,39706961,1449416,2125232,39683224.0000,1449680.0000,2113579.5000,-32768,-32768,-110
00:58:39,2009.78,32.60,3.30,3276.70,0.00,32.1329,31.9957,31.9718,31.8324,39710840,1449424,2127828,39684892.0000,1449680.0000,2115006.2500,-32768,-32768,-110
00:58:40,2009.78,32.61,3.29,3276.70,0.00,32.1421,32.0045,31.9802,31.8413,39710840,1449290,2126227,39686380.0000,1449629.7500,2115790.2500,-32768,-32768,-110
00:58:42,2009.78,32.61,3.30,3276.70,0.00,32.1472,32.0090,31.9852,31.8413,39710988,1449451,2126361,39687888.0000,1449624.1250,2115790.2500,-32768,-32768,-110
00:58:45,2009.78,32.62,3.30,3276.70,0.00,32.1472,32.0268,31.9852,31.8683,39715020,1449451,2128096,39691052.0000,1449588.8750,2117442.2500,-32768,-32768,-110
00:58:47,2009.78,32.63,3.30,3276.70,0.00,32.1472,32.0401,32.0167,31.8773,39717935,1449276,2129910,39693472.0000,1449562.5000,2118415.7500,-32768,-32768,-110
00:58:48,2009.78,32.64,3.30,3276.70,0.00,32.1818,32.0445,32.0239,31.8861,39720070,1449218,2130119,39694304.0000,1449551.7500,2118781.2500,-32768,-32768,-110
00:58:50,2009.78,32.65,3.30,3276.70,0.00,32.1897,32.0532,32.0239,31.8950,39720070,1449341,2130119,39696676.0000,1449528.0000,2119733.7500,-32768,-32768,-110
00:58:53,2009.78,32.65,3.29,3276.70,0.00,32.2050,32.0532,32.0432,31.8950,39723526,1449399,2130119,39699808.0000,1449505.7500,2121008.0000,-32768,-32768,-110
00:58:55,2009.78,32.68,3.29,3276.70,0.00,32.2179,32.0835,32.0559,31.9211,39724108,1449399,2132410,39701396.0000,1449493.6250,2121695.2500,-32768,-32768,-110
00:58:57,2009.78,32.70,3.30,3276.70,0.00,32.2277,32.0835,32.0702,31.9341,39727862,1449232,2131319,39702992.0000,1449481.2500,2122272.2500,-32768,-32768,-110
00:58:58,2009.78,32.70,3.30,3276.70,0.00,32.2348,32.1008,32.0736,31.9385,39727561,1449154,2132174,39703760.0000,1449471.0000,2122581.7500,-32768,-32768,-110
00:58:59,2009.78,32.71,3.30,3276.70,0.00,32.2392,32.1051,32.0773,31.9428,39729384,1449243,2131933,39705352.0000,1449457.8750,2123195.0000,-32768,-32768,-110
00:59:00,2009.78,32.71,3.30,3276.70,0.00,32.2475,32.1137,32.0861,31.9515,39731183,1449234,2132556,39706160.0000,1449457.8750,2123487.5000,-32768,-32768,-110
00:59:02,2009.78,32.72,3.30,3276.70,0.00,32.2547,32.1222,32.0930,31.9600,39730785,1449267,2134247,39707648.0000,1449438.6250,2124116.2500,-32768,-32768,-110
00:59:05,2009.78,32.73,3.30,3276.70,0.00,32.2547,32.1307,32.0930,31.9729,39730785,1449254,2134336,39710708.0000,1449416.0000,2125300.7500,-32768,-32768,-110
00:59:07,2009.78,32.75,3.30,3276.70,0.00,32.2797,32.1476,32.1188,31.9857,39737032,1449178,2134336,39712300.0000,1449404.8750,2125300.7500,-32768,-32768,-110
00:59:09,2009.78,32.76,3.30,3276.70,0.00,32.2872,32.1561,32.1277,31.9943,39736782,1449268,2136096,39713804.0000,1449404.8750,2127025.0000,-32768,-32768,-110
00:59:09,2009.78,32.77,3.30,3276.70,0.00,32.2962,32.1645,32.1349,32.0028,39738335,1449014,2137581,39715320.0000,1449374.6250,2127354.7500,-32768,-32768,-110
00:59:10,2009.78,32.77,3.30,3276.70,0.00,32.3004,32.1687,32.1392,32.0071,39737631,1449018,2137286,39716016.0000,1449363.5000,2127665.2500,-32768,-32768,-110
00:59:12,2009.78,32.78,3.30,3276.70,0.00,32.3041,32.1729,32.1447,32.0114,39739501,1449091,2136284,39716752.0000,1449355.0000,2127934.5000,-32768,-32768,-110
00:59:14,2015.21,32.78,3.30,3276.70,0.00,32.3127,32.1856,32.1575,32.0243,39742017,1448911,2139408,39718984.0000,1449324.3750,2128890.0000,-32768,-32768,-110
00:59:15,2009.78,32.79,3.30,3276.70,0.00,32.3213,32.1898,32.1620,32.0286,39741867,1448804,2138873,39719700.0000,1449308.1250,2129202.0000,-32768,-32768,-110
00:59:17,2015.21,32.79,3.30,3276.70,0.00,32.3213,32.2025,32.1620,32.0414,39743162,1449012,2139209,39721808.0000,1449272.6250,2130055.0000,-32768,-32768,-110
00:59:18,2009.78,32.80,3.30,3276.70,0.00,32.3382,32.2067,32.1620,32.0414,39744155,1448916,2138537,39723184.0000,1449251.3750,2130624.7500,-32768,-32768,-110
00:59:19,2015.21,32.81,3.30,3276.70,0.00,32.3461,32.2151,32.1863,32.0543,39744287,1448822,2141544,39723840.0000,1449238.0000,2130966.0000,-32768,-32768,-110
00:59:21,2009.78,32.81,3.32,3276.70,0.00,32.3507,32.2193,32.1907,32.0585,39745908,1448834,2141708,39724532.0000,1449225.3750,2131301.7500,-32768,-32768,-110
00:59:23,2015.21,32.81,3.32,3276.70,0.00,32.3588,32.2193,32.2035,32.0585,39747649,1448712,2141814,39727120.0000,1449179.5000,2132489.2500,-32768,-32768,-110
00:59:25,2015.21,32.83,3.32,3276.70,0.00,32.3722,32.2404,32.2139,32.0799,39746549,1448708,2145389,39728356.0000,1449179.5000,2133196.5000,-32768,-32768,-110
00:59:27,2009.78,32.84,3.30,3276.70,0.00,32.3848,32.2404,32.2269,32.0928,39751646,1448964,2143995,39729736.0000,1449135.7500,2134186.7500,-32768,-32768,-110
00:59:28,2009.78,32.85,3.30,3276.70,0.00,32.3889,32.2573,32.2313,32.0971,39752590,1448868,2144644,39731212.0000,1449120.7500,2134513.5000,-32768,-32768,-110
00:59:29,2009.78,32.86,3.30,3276.70,0.00,32.3977,32.2658,32.2384,32.1056,39754259,1448894,2145450,39731212.0000,1449113.6250,2134855.2500,-32768,-32768,-110
00:59:32,2009.78,32.87,3.30,3276.70,0.00,32.3977,32.2742,32.2466,32.1056,39753847,1448646,2145450,39733912.0000,1449079.5000,2135843.0000,-32768,-32768,-110
00:59:34,2009.78,32.87,3.30,3276.70,0.00,32.4188,32.2742,32.2627,32.1056,39756591,1448567,2148936,39736504.0000,1449023.6250,2137143.7500,-32768,-32768,-110
00:59:37,2009.78,32.90,3.30,3276.70,0.00,32.4304,32.2742,32.2748,32.1056,39757650,1448616,2146218,39738380.0000,1448990.2500,2138052.2500,-32768,-32768,-110
00:59:38,2009.78,32.91,3.32,3276.70,0.00,32.4431,32.3122,32.2828,32.1520,39758815,1448569,2147899,39739016.0000,1448977.1250,2138360.0000,-32768,-32768,-110
00:59:41,2009.78,32.92,3.32,3276.70,0.00,32.4431,32.3246,32.2934,32.1645,39760976,1448762,2149059,39740892.0000,1448952.5000,2138360.0000,-32768,-32768,-110
00:59:43,2009.78,32.93,3.30,3276.70,0.00,32.4607,32.3329,32.3022,32.1769,39765698,1448702,2146790,39743056.0000,1448934.0000,2140094.5000,-32768,-32768,-110
00:59:44,2009.78,32.94,3.32,3276.70,0.00,32.4693,32.3329,32.3128,32.1769,39765821,1448844,2151059,39745136.0000,1448917.8750,2141131.2500,-32768,-32768,-110
00:59:46,2009.78,32.95,3.31,3276.70,0.00,32.4774,32.3493,32.3216,32.1933,39765821,1448844,2151874,39745136.0000,1448917.8750,2141732.2500,-32768,-32768,-110
00:59:48,2009.78,32.96,3.32,3276.70,0.00,32.4774,32.3617,32.3216,32.2057,39767634,1448584,2151581,39747736.0000,1448882.5000,2142395.2500,-32768,-32768,-110
00:59:50,2015.21,32.97,3.32,3276.70,0.00,32.4774,32.3740,32.3216,32.2181,39775006,1448702,2153684,39749992.0000,1448866.0000,2143330.5000,-32768,-32768,-110
00:59:52,2009.78,32.97,3.32,3276.70,0.00,32.5137,32.3863,32.3552,32.2264,39776425,1448542,2153597,39751536.0000,1448847.5000,2143934.0000,-32768,-32768,-110
00:59:53,2015.21,32.98,3.32,3276.70,0.00,32.5178,32.3904,32.3595,32.2305,39776533,1448534,2153597,39752316.0000,1448837.7500,2144279.7500,-32768,-32768,-110
00:59:55,2015.21,32.98,3.32,3276.70,0.00,32.5213,32.3945,32.3595,32.2388,39777041,1448520,2157081,39753828.0000,1448821.5000,2145009.5000,-32768,-32768,-110
00:59:57,2009.78,32.98,3.32,3276.70,0.00,32.5213,32.4068,32.3762,32.2471,39776767,1448587,2154660,39755236.0000,1448806.0000,2145009.5000,-32768,-32768,-110
01:00:00,2009.78,33.00,3.32,3276.70,0.00,32.5213,32.4190,32.3762,32.2637,39776767,1448525,2154358,39758808.0000,1448768.0000,2147081.5000,-32768,-32768,-110
01:00:01,2009.78,33.02,3.32,3276.70,0.00,32.5531,32.4271,32.3969,32.2720,39781299,1448609,2156022,39759512.0000,1448763.0000,2147081.5000,-32768,-32768,-110
01:00:03,2009.78,33.03,3.32,3276.70,0.00,32.5621,32.4271,32.4085,32.2802,39783287,1448570,2157581,39760936.0000,1448753.8750,2147081.5000,-32768,-32768,-110
01:00:04,2009.78,33.03,3.32,3276.70,0.00,32.5691,32.4434,32.4124,32.2884,39783563,1448473,2157977,39762332.0000,1448738.2500,2148546.2500,-32768,-32768,-110
01:00:05,2009.78,33.05,3.32,3276.70,0.00,32.5769,32.4514,32.4209,32.2925,39785090,1448550,2157977,39763044.0000,1448728.6250,2149231.7500,-32768,-32768,-110
01:00:07,2009.78,33.05,3.32,3276.70,0.00,32.5796,32.4554,32.4242,32.2966,39786745,1448658,2157377,39763044.0000,1448728.6250,2149486.2500,-32768,-32768,-110
01:00:08,2009.78,33.07,3.32,3276.70,0.00,32.5918,32.4673,32.4354,32.3088,39788035,1448510,2159607,39765856.0000,1448713.6250,2150160.2500,-32768,-32768,-110
01:00:10,2015.21,33.07,3.32,3276.70,0.00,32.5961,32.4714,32.4396,32.3088,39789079,1448627,2159700,39765856.0000,1448713.6250,2150945.2500,-32768,-32768,-110
01:00:12,2009.78,33.08,3.32,3276.70,0.00,32.6086,32.4834,32.4396,32.3251,39791264,1448413,2161413,39768688.0000,1448693.2500,2151529.7500,-32768,-32768,-110
01:00:14,2015.21,33.08,3.33,3276.70,0.00,32.6132,32.4874,32.4396,32.3333,39791264,1448500,2163112,39770800.0000,1448693.2500,2152194.2500,-32768,-32768,-110
01:00:16,2009.78,33.10,3.33,3276.70,0.00,32.6302,32.5036,32.4740,32.3457,39794169,1448500,2161747,39772896.0000,1448662.1250,2152194.2500,-32768,-32768,-110
01:00:18,2009.78,33.11,3.33,3276.70,0.00,32.6388,32.5117,32.4740,32.3580,39795226,1448402,2163228,39772896.0000,1448662.1250,2154014.2500,-32768,-32768,-110
01:00:20,2009.78,33.11,3.32,3276.70,0.00,32.6498,32.5239,32.4933,32.3662,39795422,1448423,2162509,39772896.0000,1448626.0000,2154566.2500,-32768,-32768,-110
01:00:22,2015.21,33.12,3.32,3276.70,0.00,32.6498,32.5319,32.5009,32.3743,39795422,1448446,2165956,39777672.0000,1448615.0000,2155197.0000,-32768,-32768,-110
01:00:25,2015.21,33.13,3.33,3276.70,0.00,32.6498,32.5439,32.5009,32.3906,39798019,1448286,2165364,39779632.0000,1448584.1250,2155197.0000,-32768,-32768,-110
01:00:26,2015.21,33.14,3.33,3276.70,0.00,32.6814,32.5560,32.5272,32.3906,39802480,1448271,2166508,39780960.0000,1448565.7500,2156812.0000,-32768,-32768,-110
01:00:28,2015.21,33.15,3.33,3276.70,0.00,32.6900,32.5640,32.5356,32.4071,39801435,1448191,2166508,39782824.0000,1448537.5000,2157710.7500,-32768,-32768,-110
01:00:29,2015.21,33.15,3.33,3276.70,0.00,32.6992,32.5721,32.5437,32.4154,39803962,1448385,2168260,39783484.0000,1448532.7500,2158040.5000,-32768,-32768,-110
01:00:31,2015.21,33.16,3.33,3276.70,0.00,32.7067,32.5803,32.5510,32.4236,39805523,1448326,2165370,39784864.0000,1448520.0000,2158573.5000,-32768,-32768,-110
01:00:31,2015.21,33.17,3.33,3276.70,0.00,32.7111,32.5843,32.5555,32.4277,39803762,1448148,2170113,39785456.0000,1448508.3750,2158934.2500,-32768,-32768,-110
01:00:33,2015.21,33.18,3.32,3276.70,0.00,32.7155,32.5884,32.5603,32.4318,39806444,1448157,2168522,39786112.0000,1448497.3750,2159233.7500,-32768,-32768,-110
01:00:34,2015.21,33.18,3.33,3276.70,0.00,32.7233,32.5965,32.5685,32.4401,39806479,1448084,2169319,39787392.0000,1448475.6250,2159798.2500,-32768,-32768,-110
01:00:36,2015.21,33.19,3.33,3276.70,0.00,32.7314,32.6046,32.5760,32.4483,39806297,1448085,2169370,39788568.0000,1448449.6250,2160701.7500,-32768,-32768,-110
01:00:39,2015.21,33.19,3.33,3276.70,0.00,32.7369,32.6127,32.5760,32.4605,39806297,1448059,2169370,39790872.0000,1448401.5000,2161636.0000,-32768,-32768,-110
01:00:40,2015.21,33.20,3.33,3276.70,0.00,32.7493,32.6246,32.5954,32.4686,39811058,1448129,2170272,39791504.0000,1448393.0000,2161636.0000,-32768,-32768,-110
01:00:42,2015.21,33.21,3.33,3276.70,0.00,32.7566,32.6246,32.6043,32.4768,39813077,1448165,2171570,39791504.0000,1448370.2500,2162754.7500,-32768,-32768,-110
01:00:45,2009.78,33.22,3.33,3276.70,0.00,32.7691,32.6446,32.6173,32.4891,39817107,1447956,2171620,39794808.0000,1448370.2500,2162754.7500,-32768,-32768,-110
01:00:46,2015.21,33.23,3.33,3276.70,0.00,32.7770,32.6526,32.6248,32.4891,39814192,1447788,2174317,39796660.0000,1448299.0000,2162754.7500,-32768,-32768,-110
01:00:48,2015.21,33.24,3.33,3276.70,0.00,32.7907,32.6647,32.6362,32.5096,39814127,1447819,2173431,39797684.0000,1448270.1250,2164795.7500,-32768,-32768,-110
01:00:50,2009.78,33.25,3.33,3276.70,0.00,32.7907,32.6769,32.6362,32.5219,39817436,1447849,2175324,39799364.0000,1448228.0000,2165790.0000,-32768,-32768,-110
01:00:53,2009.78,33.25,3.33,3276.70,0.00,32.8101,32.6769,32.6591,32.5340,39818710,1447709,2175889,39801076.0000,1448206.2500,2165790.0000,-32768,-32768,-110
01:00:55,2009.78,33.27,3.34,3276.70,0.00,32.8196,32.6969,32.6662,32.5420,39818687,1447828,2176358,39801076.0000,1448206.2500,2165790.0000,-32768,-32768,-110
01:00:57,2009.78,33.28,3.33,3276.70,0.00,32.8291,32.7085,32.6662,32.5538,39820697,1447875,2176071,39803672.0000,1448160.8750,2167308.7500,-32768,-32768,-110
01:00:59,2009.78,33.29,3.33,3276.70,0.00,32.8291,32.7201,32.6662,32.5654,39820697,1447523,2184324,39805576.0000,1448089.7500,2168989.2500,-32768,-32768,-110
01:01:02,2009.78,33.30,3.33,3276.70,0.00,32.8291,32.7318,32.6662,32.5811,39823227,1447473,2178507,39807084.0000,1448037.2500,2169943.7500,-32768,-32768,-110
01:01:03,2009.78,33.32,3.34,3276.70,0.00,32.8612,32.7396,32.6662,32.5850,39824221,1447595,2178985,39808164.0000,1448011.6250,2170489.5000,-32768,-32768,-110
01:01:06,2009.78,33.32,3.34,3276.70,0.00,32.8702,32.7511,32.7171,32.5850,39824209,1447595,2180707,39809632.0000,1447958.5000,2171311.2500,-32768,-32768,-110
01:01:07,2009.78,33.33,3.34,3276.70,0.00,32.8770,32.7588,32.7245,32.6044,39825378,1447351,2177520,39810124.0000,1447958.5000,2171720.5000,-32768,-32768,-110
01:01:09,2009.78,33.34,3.34,3276.70,0.00,32.8839,32.7663,32.7313,32.6121,39826567,1447351,2177520,39810124.0000,1447958.5000,2172597.7500,-32768,-32768,-110
01:01:13,2015.21,33.35,3.34,3276.70,0.00,32.8839,32.7815,32.7313,32.6273,39826567,1447342,2181990,39813484.0000,1447831.2500,2172836.5000,-32768,-32768,-110
01:01:14,2009.78,33.35,3.36,3276.70,0.00,32.9102,32.7928,32.7566,32.6387,39831593,1447355,2183489,39814528.0000,1447802.0000,2173465.2500,-32768,-32768,-110
01:01:16,2009.78,33.37,3.36,3276.70,0.00,32.9102,32.8041,32.7566,32.6499,39829974,1447282,2182969,39815928.0000,1447763.3750,2174067.2500,-32768,-32768,-110
01:01:18,2015.21,33.37,3.34,3276.70,0.00,32.9277,32.8115,32.7749,32.6575,39831324,1447282,2184365,39817384.0000,1447708.5000,2174917.5000,-32768,-32768,-110
01:01:20,2015.21,33.39,3.34,3276.70,0.00,32.9356,32.8190,32.7826,32.6650,39833383,1447075,2182951,39817884.0000,1447688.7500,2175168.5000,-32768,-32768,-110
01:01:22,2015.21,33.40,3.34,3276.70,0.00,32.9356,32.8264,32.7893,32.6763,39833998,1446975,2185815,39819364.0000,1447629.1250,2176093.5000,-32768,-32768,-110
01:01:24,2015.21,33.41,3.36,3276.70,0.00,32.9504,32.8339,32.7972,32.6800,39833445,1446715,2185815,39819804.0000,1447629.1250,2177318.2500,-32768,-32768,-110
01:01:26,2015.21,33.42,3.36,3276.70,0.00,32.9504,32.8488,32.7972,32.6952,39835627,1446865,2187048,39821716.0000,1447517.5000,2178174.2500,-32768,-32768,-110
01:01:28,2015.21,33.42,3.36,3276.70,0.00,32.9775,32.8602,32.8254,32.7066,39834615,1446728,2187816,39822992.0000,1447446.1250,2179311.5000,-32768,-32768,-110
01:01:30,2015.21,33.44,3.34,3276.70,0.00,32.9814,32.8639,32.8291,32.7104,39837582,1446812,2188440,39823448.0000,1447426.3750,2179879.2500,-32768,-32768,-110
01:01:31,2009.78,33.44,3.36,3276.70,0.00,32.9946,32.8754,32.8396,32.7218,39839405,1446965,2181229,39824864.0000,1447379.5000,2179899.5000,-32768,-32768,-110
01:01:34,2004.34,33.45,3.36,3276.70,0.00,32.9970,32.8792,32.8423,32.7255,39839405,1446752,2189171,39824864.0000,1447341.7500,2180398.2500,-32768,-32768,-110
01:01:36,2009.78,33.46,3.36,3276.70,0.00,33.0051,32.8903,32.8423,32.7366,39839405,1446613,2190373,39826968.0000,1447341.7500,2180398.2500,-32768,-32768,-110
01:01:38,2004.34,33.47,3.36,3276.70,0.00,33.0124,32.9011,32.8575,32.7473,39837952,1446480,2190373,39828016.0000,1447217.3750,2182029.7500,-32768,-32768,-110
01:01:40,2004.34,33.48,3.36,3276.70,0.00,33.0184,32.9082,32.8639,32.7543,39836537,1446469,2190373,39828532.0000,1447171.1250,2182995.5000,-32768,-32768,-110
01:01:42,2004.34,33.48,3.36,3276.70,0.00,33.0274,32.9082,32.8723,32.7543,39839886,1446483,2192366,39829408.0000,1447107.2500,2183810.0000,-32768,-32768,-110
01:01:43,2004.34,33.50,3.36,3276.70,0.00,33.0344,32.9256,32.8793,32.7716,39840813,1446314,2193320,39829764.0000,1447082.5000,2184107.2500,-32768,-32768,-110
01:01:44,2004.34,33.50,3.36,3276.70,0.00,33.0377,32.9291,32.8830,32.7751,39840101,1446432,2193320,39830392.0000,1447042.7500,2184564.7500,-32768,-32768,-110
01:01:46,2004.34,33.51,3.36,3276.70,0.00,33.0451,32.9361,32.8918,32.7751,39840133,1446328,2192542,39831036.0000,1447000.8750,2185074.5000,-32768,-32768,-110
01:01:49,2004.34,33.52,3.36,3276.70,0.00,33.0451,32.9466,32.8918,32.7927,39840133,1446217,2192824,39831840.0000,1446941.8750,2185257.5000,-32768,-32768,-110
01:01:51,2004.34,33.52,3.36,3276.70,0.00,33.0675,32.9572,32.9105,32.8030,39842864,1446254,2194132,39832796.0000,1446881.8750,2186023.2500,-32768,-32768,-110
01:01:53,2004.34,33.54,3.37,3276.70,0.00,33.0750,32.9572,32.9206,32.8030,39844963,1446128,2195116,39833452.0000,1446837.8750,2186545.5000,-32768,-32768,-110
01:01:54,2004.34,33.55,3.37,3276.70,0.00,33.0860,32.9750,32.9289,32.8202,39842173,1446128,2195116,39834200.0000,1446751.2500,2187749.7500,-32768,-32768,-110
01:01:57,2009.78,33.55,3.36,3276.70,0.00,33.0966,32.9750,32.9409,32.8202,39845557,1445943,2196630,39835152.0000,1446673.2500,2188755.5000,-32768,-32768,-110
01:01:59,2004.34,33.57,3.36,3276.70,0.00,33.1041,32.9928,32.9461,32.8377,39845557,1446021,2197526,39835860.0000,1446632.5000,2189293.0000,-32768,-32768,-110
01:02:01,2004.34,33.58,3.36,3276.70,0.00,33.1131,33.0034,32.9568,32.8482,39846504,1445798,2197526,39835860.0000,1446632.5000,2190076.7500,-32768,-32768,-110
01:02:03,2004.34,33.60,3.37,3276.70,0.00,33.1210,33.0105,32.9638,32.8482,39848344,1446002,2190238,39837472.0000,1446518.2500,2190325.7500,-32768,-32768,-110
01:02:05,2004.34,33.61,3.37,3276.70,0.00,33.1331,33.0212,32.9776,32.8482,39848344,1445656,2199030,39838136.0000,1446474.1250,2190673.2500,-32768,-32768,-110
01:02:06,2009.78,33.62,3.37,3276.70,0.00,33.1412,33.0321,32.9891,32.8766,39849044,1445403,2208708,39839032.0000,1446390.0000,2191748.7500,-32768,-32768,-110
01:02:08,2004.34,33.62,3.36,3276.70,0.00,33.1482,33.0357,32.9925,32.8802,39850263,1445339,2207602,39839384.0000,1446357.2500,2192244.2500,-32768,-32768,-110
01:02:10,2004.34,33.62,3.37,3276.70,0.00,33.1608,33.0466,33.0019,32.8909,39850279,1445566,2199667,39839384.0000,1446357.2500,2192922.7500,-32768,-32768,-110
01:02:12,2004.34,33.62,3.37,3276.70,0.00,33.1683,33.0540,33.0100,32.8981,39850932,1445364,2206953,39840992.0000,1446228.0000,2193834.0000,-32768,-32768,-110
01:02:12,2004.34,33.65,3.37,3276.70,0.00,33.1722,33.0577,33.0138,32.9017,39851871,1445504,2201449,39841332.0000,1446205.3750,2194072.0000,-32768,-32768,-110
01:02:14,2004.34,33.65,3.37,3276.70,0.00,33.1758,33.0613,33.0174,32.9053,39849029,1445387,2201655,39841572.0000,1446179.7500,2194309.0000,-32768,-32768,-110
01:02:15,2004.34,33.66,3.37,3276.70,0.00,33.1831,33.0687,33.0243,32.9125,39850565,1445265,2201010,39842084.0000,1446125.7500,2194707.0000,-32768,-32768,-110
01:02:19,2004.34,33.66,3.37,3276.70,0.00,33.1831,33.0798,33.0243,32.9233,39850565,1445297,2201010,39843660.0000,1445997.0000,2195952.2500,-32768,-32768,-110
01:02:21,2004.34,33.68,3.37,3276.70,0.00,33.1831,33.0946,33.0243,32.9416,39855974,1445264,2205315,39844724.0000,1445926.3750,2195952.2500,-32768,-32768,-110
01:02:23,2004.34,33.70,3.37,3276.70,0.00,33.2172,33.1020,33.0589,32.9452,39855511,1445158,2205706,39845064.0000,1445902.3750,2197004.2500,-32768,-32768,-110
01:02:25,2004.34,33.71,3.37,3276.70,0.00,33.2172,33.1132,33.0695,32.9561,39853530,1445096,2204990,39845064.0000,1445801.2500,2198397.0000,-32768,-32768,-110
01:02:28,2004.34,33.72,3.37,3276.70,0.00,33.2172,33.1246,33.0695,32.9710,39853952,1444844,2206712,39846872.0000,1445716.5000,2198397.0000,-32768,-32768,-110
01:02:30,2009.78,33.72,3.37,3276.70,0.00,33.2556,33.1361,33.0982,32.9787,39857286,1444908,2206021,39847440.0000,1445716.5000,2198397.0000,-32768,-32768,-110
01:02:32,2009.78,33.75,3.37,3276.70,0.00,33.2621,33.1361,33.1042,32.9787,39858810,1445000,2208451,39848464.0000,1445602.6250,2200442.0000,-32768,-32768,-110
01:02:33,2009.78,33.76,3.37,3276.70,0.00,33.2691,33.1513,33.1125,32.9974,39860217,1444809,2208290,39849188.0000,1445556.5000,2200934.0000,-32768,-32768,-110
01:02:34,2009.78,33.77,3.37,3276.70,0.00,33.2768,33.1589,33.1156,33.0011,39858663,1444722,2208290,39849752.0000,1445502.0000,2201409.7500,-32768,-32768,-110
01:02:36,2009.78,33.77,3.38,3276.70,0.00,33.2814,33.1627,33.1202,33.0011,39858871,1444722,2208290,39850312.0000,1445444.8750,2201908.5000,-32768,-32768,-110
01:02:39,2004.34,33.78,3.38,3276.70,0.00,33.2814,33.1778,33.1202,33.0234,39860802,1444485,2209428,39851204.0000,1445363.7500,2202602.5000,-32768,-32768,-110
01:02:40,2009.78,33.79,3.38,3276.70,0.00,33.3031,33.1854,33.1202,33.0271,39860802,1444640,2212246,39851940.0000,1445318.3750,2203148.7500,-32768,-32768,-110
01:02:42,2009.78,33.80,3.38,3276.70,0.00,33.3103,33.1929,33.1202,33.0382,39863402,1444640,2211342,39852656.0000,1445273.7500,2203681.5000,-32768,-32768,-110
01:02:44,2009.78,33.81,3.38,3276.70,0.00,33.3177,33.2004,33.1574,33.0419,39863496,1444463,2211943,39852996.0000,1445248.3750,2203939.5000,-32768,-32768,-110
01:02:46,2009.78,33.82,3.37,3276.70,0.00,33.3177,33.2117,33.1574,33.0566,39865617,1444457,2212307,39854352.0000,1445152.8750,2204899.2500,-32768,-32768,-110
01:02:47,2009.78,33.82,3.38,3276.70,0.00,33.3364,33.2193,33.1750,33.0640,39865727,1444254,2213323,39855072.0000,1445101.1250,2205404.7500,-32768,-32768,-110
01:02:49,2009.78,33.84,3.37,3276.70,0.00,33.3441,33.2268,33.1826,33.0677,39865239,1444286,2209111,39855392.0000,1445075.6250,2205520.5000,-32768,-32768,-110
01:02:50,2009.78,33.85,3.38,3276.70,0.00,33.3500,33.2342,33.1899,33.0750,39866087,1444159,2214844,39855976.0000,1445025.3750,2205942.7500,-32768,-32768,-110
01:02:52,2004.34,33.86,3.38,3276.70,0.00,33.3538,33.2342,33.1899,33.0824,39866087,1444166,2211848,39856552.0000,1444948.5000,2206561.0000,-32768,-32768,-110
01:02:55,2004.34,33.86,3.38,3276.70,0.00,33.3538,33.2528,33.1899,33.0935,39866087,1444202,2216524,39858048.0000,1444878.5000,2207460.0000,-32768,-32768,-110
01:02:56,2004.34,33.88,3.37,3276.70,0.00,33.3780,33.2603,33.2164,33.1009,39870364,1444313,2215713,39858432.0000,1444860.7500,2207718.0000,-32768,-32768,-110
01:02:58,2009.78,33.89,3.38,3276.70,0.00,33.3812,33.2603,33.2241,33.1009,39871602,1444022,2215875,39859512.0000,1444790.5000,2207718.0000,-32768,-32768,-110
01:03:01,2004.34,33.90,3.38,3276.70,0.00,33.3812,33.2792,33.2241,33.1232,39871602,1443891,2218625,39860808.0000,1444687.1250,2209524.0000,-32768,-32768,-110
01:03:03,2004.34,33.91,3.38,3276.70,0.00,33.4109,33.2907,33.2464,33.1305,39872473,1444022,2218861,39861172.0000,1444687.1250,2209524.0000,-32768,-32768,-110
01:03:06,2009.78,33.92,3.38,3276.70,0.00,33.4109,33.3024,33.2464,33.1455,39872928,1444022,2218673,39862656.0000,1444578.5000,2211017.2500,-32768,-32768,-110
01:03:07,2009.78,33.92,3.39,3276.70,0.00,33.4324,33.3102,33.2673,33.1493,39875109,1443784,2220263,39863044.0000,1444532.5000,2211596.7500,-32768,-32768,-110
01:03:08,2009.78,33.93,3.39,3276.70,0.00,33.4414,33.3181,33.2752,33.1569,39876444,1443980,2220955,39863820.0000,1444515.2500,2211889.0000,-32768,-32768,-110
01:03:10,2009.78,33.94,3.40,3276.70,0.00,33.4481,33.3181,33.2823,33.1645,39875857,1443891,2226884,39864960.0000,1444457.3750,2213045.2500,-32768,-32768,-110
01:03:12,2009.78,33.94,3.40,3276.70,0.00,33.4481,33.3377,33.2823,33.1758,39876308,1443805,2222230,39865708.0000,1444417.0000,2213603.0000,-32768,-32768,-110
01:03:14,2009.78,33.94,3.40,3276.70,0.00,33.4672,33.3455,33.3015,33.1758,39876960,1443439,2221914,39866760.0000,1444333.0000,2214655.7500,-32768,-32768,-110
01:03:16,2009.78,33.94,3.40,3276.70,0.00,33.4750,33.3534,33.3107,33.1911,39877044,1443504,2223220,39867080.0000,1444333.0000,2215186.7500,-32768,-32768,-110
01:03:17,2009.78,33.99,3.40,3276.70,0.00,33.4873,33.3650,33.3236,33.2027,39881665,1443351,2233279,39868312.0000,1444228.0000,2216221.5000,-32768,-32768,-110
01:03:18,2009.78,34.00,3.40,3276.70,0.00,33.4915,33.3690,33.3281,33.2027,39881573,1443600,2223918,39868724.0000,1444208.3750,2216462.0000,-32768,-32768,-110
01:03:20,2009.78,34.00,3.40,3276.70,0.00,33.4953,33.3729,33.3324,33.2105,39881573,1443547,2225663,39869640.0000,1444208.3750,2217282.5000,-32768,-32768,-110
01:03:22,2009.78,34.02,3.40,3276.70,0.00,33.5093,33.3848,33.3451,33.2223,39881573,1443393,2225663,39870984.0000,1444100.2500,2217884.2500,-32768,-32768,-110
01:03:23,2009.78,34.03,3.40,3276.70,0.00,33.5200,33.3967,33.3570,33.2341,39886226,1443395,2226957,39871884.0000,1444053.8750,2218524.5000,-32768,-32768,-110
01:03:25,2009.78,34.03,3.40,3276.70,0.00,33.5243,33.4007,33.3570,33.2341,39887498,1443540,2225416,39872832.0000,1444019.5000,2218979.7500,-32768,-32768,-110
01:03:27,2009.78,34.04,3.40,3276.70,0.00,33.5329,33.4086,33.3684,33.2341,39885913,1443261,2225416,39873632.0000,1443977.3750,2219503.7500,-32768,-32768,-110
01:03:29,2009.78,34.04,3.40,3276.70,0.00,33.5463,33.4207,33.3684,33.2341,39884293,1443259,2225416,39874584.0000,1443909.5000,2220483.0000,-32768,-32768,-110
01:03:31,2004.34,34.04,3.40,3276.70,0.00,33.5578,33.4327,33.3932,33.2698,39888038,1443068,2228875,39875336.0000,1443859.2500,2221000.5000,-32768,-32768,-110
01:03:32,2009.78,34.07,3.40,3276.70,0.00,33.5615,33.4368,33.3970,33.2737,39887105,1443039,2229162,39875704.0000,1443833.6250,2221255.5000,-32768,-32768,-110
01:03:33,2009.78,34.07,3.40,3276.70,0.00,33.5667,33.4408,33.4013,33.2777,39887481,1442858,2239039,39876072.0000,1443803.1250,2221255.5000,-32768,-32768,-110
01:03:35,2009.78,34.08,3.40,3276.70,0.00,33.5743,33.4488,33.4099,33.2857,39889186,1443053,2230208,39877244.0000,1443725.5000,2221255.5000,-32768,-32768,-110
01:03:36,2009.78,34.09,3.40,3276.70,0.00,33.5832,33.4569,33.4190,33.2937,39887349,1442974,2231407,39877560.0000,1443702.0000,2223199.0000,-32768,-32768,-110
01:03:37,2009.78,34.10,3.40,3276.70,0.00,33.5873,33.4610,33.4230,33.2977,39889244,1442952,2229768,39878332.0000,1443653.1250,2223601.0000,-32768,-32768,-110
01:03:40,2009.78,34.10,3.40,3276.70,0.00,33.5873,33.4732,33.4230,33.3139,39892824,1442919,2232104,39879592.0000,1443588.8750,2224485.5000,-32768,-32768,-110
01:03:41,2009.78,34.12,3.41,3276.70,0.00,33.6079,33.4813,33.4450,33.3179,39892375,1442848,2232313,39879992.0000,1443565.7500,2224730.0000,-32768,-32768,-110
01:03:43,2009.78,34.12,3.40,3276.70,0.00,33.6114,33.4854,33.4450,33.3261,39892375,1442944,2235019,39881200.0000,1443502.3750,2225557.2500,-32768,-32768,-110
01:03:44,2004.34,34.13,3.41,3276.70,0.00,33.6249,33.4977,33.4450,33.3261,39893599,1442640,2242130,39881956.0000,1443457.1250,2226327.5000,-32768,-32768,-110
01:03:45,2009.78,34.15,3.40,3276.70,0.00,33.6333,33.5058,33.4691,33.3423,39893670,1442611,2244986,39882324.0000,1443430.7500,2226910.5000,-32768,-32768,-110
01:03:47,2009.78,34.15,3.40,3276.70,0.00,33.6379,33.5099,33.4734,33.3464,39895703,1442816,2235473,39882740.0000,1443430.7500,2227429.0000,-32768,-32768,-110
01:03:49,2009.78,34.16,3.41,3276.70,0.00,33.6461,33.5181,33.4820,33.3546,39896121,1442845,2235843,39883984.0000,1443354.3750,2227861.7500,-32768,-32768,-110
01:03:50,2009.78,34.17,3.41,3276.70,0.00,33.6541,33.5263,33.4901,33.3546,39895260,1442644,2235992,39884680.0000,1443307.8750,2228241.0000,-32768,-32768,-110
01:03:53,2009.78,34.18,3.40,3276.70,0.00,33.6541,33.5387,33.4901,33.3791,39895260,1442573,2235992,39886400.0000,1443224.2500,2229309.0000,-32768,-32768,-110
01:03:55,2009.78,34.18,3.41,3276.70,0.00,33.6786,33.5387,33.5180,33.3913,39900875,1442488,2238296,39887256.0000,1443181.5000,2229855.5000,-32768,-32768,-110
01:03:57,2009.78,34.20,3.41,3276.70,0.00,33.6907,33.5387,33.5180,33.3995,39900225,1442439,2246102,39888056.0000,1443181.5000,2231182.5000,-32768,-32768,-110
01:04:00,2009.78,34.21,3.40,3276.70,0.00,33.7042,33.5387,33.5407,33.3995,39905227,1442347,2240057,39889832.0000,1443038.3750,2231960.2500,-32768,-32768,-110
01:04:02,2009.78,34.23,3.40,3276.70,0.00,33.7042,33.5881,33.5407,33.4284,39908620,1442513,2241420,39891396.0000,1442975.8750,2233082.2500,-32768,-32768,-110
01:04:03,2009.78,34.23,3.41,3276.70,0.00,33.7264,33.5964,33.5625,33.4326,39908890,1442229,2241740,39892472.0000,1442932.0000,2233615.5000,-32768,-32768,-110
01:04:05,2009.78,34.25,3.41,3276.70,0.00,33.7309,33.6048,33.5712,33.4326,39910495,1442395,2235026,39893032.0000,1442915.2500,2233659.5000,-32768,-32768,-110
01:04:07,2009.78,34.25,3.41,3276.70,0.00,33.7444,33.6132,33.5712,33.4326,39910032,1442273,2245716,39894640.0000,1442872.8750,2234310.5000,-32768,-32768,-110
01:04:09,2009.78,34.27,3.41,3276.70,0.00,33.7444,33.6259,33.5712,33.4622,39912959,1442276,2244411,39895772.0000,1442822.3750,2235180.5000,-32768,-32768,-110
01:04:11,2009.78,34.28,3.41,3276.70,0.00,33.7622,33.6302,33.5712,33.4622,39914093,1442190,2245588,39896880.0000,1442802.5000,2235505.7500,-32768,-32768,-110
01:04:12,2009.78,34.29,3.41,3276.70,0.00,33.7750,33.6429,33.6125,33.4793,39913882,1442237,2245255,39897944.0000,1442802.5000,2236443.0000,-32768,-32768,-110
01:04:14,2009.78,34.30,3.41,3276.70,0.00,33.7798,33.6471,33.6170,33.4793,39915111,1442213,2247471,39899024.0000,1442736.1250,2236787.5000,-32768,-32768,-110
01:04:14,2009.78,34.30,3.41,3276.70,0.00,33.7891,33.6557,33.6252,33.4921,39916395,1442131,2246184,39899568.0000,1442717.1250,2237081.2500,-32768,-32768,-110
01:04:15,2009.78,34.31,3.41,3276.70,0.00,33.7927,33.6600,33.6296,33.4964,39916149,1442180,2246719,39900572.0000,1442683.7500,2237693.2500,-32768,-32768,-110
01:04:17,2009.78,34.31,3.41,3276.70,0.00,33.8025,33.6685,33.6390,33.5050,39913887,1441976,2254689,39900988.0000,1442683.7500,2238224.2500,-32768,-32768,-110
01:04:19,2009.78,34.32,3.41,3276.70,0.00,33.8063,33.6728,33.6432,33.5050,39913887,1442000,2248259,39902048.0000,1442683.7500,2239452.2500,-32768,-32768,-110
01:04:21,2009.78,34.33,3.41,3276.70,0.00,33.8063,33.6728,33.6561,33.5050,39918347,1442000,2248259,39904088.0000,1442529.3750,2240301.5000,-32768,-32768,-110
01:04:23,2009.78,34.34,3.41,3276.70,0.00,33.8329,33.6986,33.6691,33.5350,39918771,1441918,2248259,39905028.0000,1442479.2500,2241101.7500,-32768,-32768,-110
01:04:25,2009.78,34.36,3.41,3276.70,0.00,33.8329,33.7115,33.6691,33.5522,39924636,1442129,2241396,39906712.0000,1442431.5000,2241657.2500,-32768,-32768,-110
01:04:27,2009.78,34.36,3.41,3276.70,0.00,33.8540,33.7201,33.6901,33.5565,39924443,1441824,2250559,39907264.0000,1442431.5000,2241657.2500,-32768,-32768,-110
01:04:29,2009.78,34.38,3.41,3276.70,0.00,33.8626,33.7330,33.7028,33.5565,39924443,1441891,2251604,39908848.0000,1442431.5000,2243230.2500,-32768,-32768,-110
01:04:32,2009.78,34.39,3.41,3276.70,0.00,33.8626,33.7459,33.7028,33.5866,39929861,1441891,2254125,39911096.0000,1442287.2500,2244206.7500,-32768,-32768,-110
01:04:34,2009.78,34.40,3.41,3276.70,0.00,33.8626,33.7589,33.7028,33.5996,39932744,1441929,2255798,39912868.0000,1442247.2500,2244844.2500,-32768,-32768,-110
01:04:37,2009.78,34.41,3.41,3276.70,0.00,33.8626,33.7720,33.7028,33.6125,39933403,1441789,2260328,39914764.0000,1442211.0000,2244844.2500,-32768,-32768,-110
01:04:40,2009.78,34.43,3.41,3276.70,0.00,33.9196,33.7850,33.7028,33.6254,39933403,1441728,2256507,39917160.0000,1442211.0000,2247293.0000,-32768,-32768,-110
01:04:43,2009.78,34.44,3.41,3276.70,0.00,33.9196,33.8023,33.7723,33.6254,39937219,1441479,2256818,39919000.0000,1442102.6250,2248193.7500,-32768,-32768,-110
01:04:44,2009.78,34.46,3.42,3276.70,0.00,33.9496,33.8152,33.7839,33.6512,39936497,1441583,2258201,39920080.0000,1442065.1250,2248810.7500,-32768,-32768,-110
01:04:45,2009.78,34.46,3.41,3276.70,0.00,33.9536,33.8195,33.7876,33.6555,39938837,1441512,2257820,39920668.0000,1442047.7500,2249092.2500,-32768,-32768,-110
01:04:47,2009.78,34.46,3.41,3276.70,0.00,33.9613,33.8281,33.7953,33.6639,39939371,1441539,2258980,39921796.0000,1442014.8750,2249694.5000,-32768,-32768,-110
01:04:48,2009.78,34.47,3.41,3276.70,0.00,33.9704,33.8367,33.8031,33.6723,39939216,1441397,2261156,39922880.0000,1441977.6250,2250358.7500,-32768,-32768,-110
01:04:50,2009.78,34.48,3.41,3276.70,0.00,33.9742,33.8410,33.8071,33.6723,39939216,1441283,2260596,39923900.0000,1441937.1250,2251108.2500,-32768,-32768,-110
01:04:51,2009.78,34.49,3.41,3276.70,0.00,33.9825,33.8495,33.8204,33.6891,39938945,1441359,2261478,39924840.0000,1441902.0000,2251727.2500,-32768,-32768,-110
01:04:52,2009.78,34.49,3.42,3276.70,0.00,33.9913,33.8581,33.8248,33.6934,39940411,1441296,2262205,39925328.0000,1441883.1250,2252054.7500,-32768,-32768,-110
01:04:56,2009.78,34.50,3.42,3276.70,0.00,33.9913,33.8709,33.8248,33.7061,39943908,1441296,2262282,39927508.0000,1441806.8750,2252054.7500,-32768,-32768,-110
01:04:58,2009.78,34.51,3.42,3276.70,0.00,34.0169,33.8837,33.8520,33.7188,39946268,1441101,2262282,39927508.0000,1441746.1250,2254122.7500,-32768,-32768,-110
01:05:02,2009.78,34.53,3.41,3276.70,0.00,34.0169,33.9008,33.8520,33.7359,39946268,1441101,2265891,39927508.0000,1441652.5000,2255742.2500,-32768,-32768,-110
01:05:03,2009.78,34.53,3.42,3276.70,0.00,34.0489,33.9178,33.8841,33.7528,39948513,1441018,2266742,39932776.0000,1441616.3750,2256384.5000,-32768,-32768,-110
01:05:06,2009.78,34.57,3.42,3276.70,0.00,34.0489,33.9263,33.8841,33.7654,39951178,1441018,2266742,39934416.0000,1441563.5000,2257244.0000,-32768,-32768,-110
01:05:08,2009.78,34.57,3.41,3276.70,0.00,34.0693,33.9388,33.9038,33.7738,39949595,1440873,2267830,39935400.0000,1441522.8750,2257873.7500,-32768,-32768,-110
01:05:10,2009.78,34.59,3.41,3276.70,0.00,34.0693,33.9513,33.9145,33.7862,39952088,1440746,2268577,39936948.0000,1441461.6250,2258890.5000,-32768,-32768,-110
01:05:11,2009.78,34.60,3.41,3276.70,0.00,34.0889,33.9596,33.9223,33.7944,39954398,1440881,2265457,39937968.0000,1441424.1250,2259395.5000,-32768,-32768,-110
01:05:14,2009.78,34.60,3.42,3276.70,0.00,34.0960,33.9596,33.9223,33.8026,39954398,1440694,2269018,39939428.0000,1441357.5000,2260273.2500,-32768,-32768,-110
01:05:16,2009.78,34.62,3.42,3276.70,0.00,34.1091,33.9596,33.9411,33.8026,39953503,1440714,2271106,39940644.0000,1441288.8750,2261229.5000,-32768,-32768,-110
01:05:18,2009.78,34.63,3.42,3276.70,0.00,34.1198,33.9596,33.9527,33.8269,39956719,1440534,2274283,39941624.0000,1441248.8750,2261856.7500,-32768,-32768,-110
01:05:19,2004.34,34.64,3.42,3276.70,0.00,34.1240,33.9967,33.9569,33.8309,39955151,1440525,2271994,39942048.0000,1441226.2500,2262173.5000,-32768,-32768,-110
01:05:22,1982.62,34.65,3.42,3276.70,0.00,34.1240,34.0090,33.9569,33.8471,39955151,1440703,2271994,39944292.0000,1441133.5000,2263722.7500,-32768,-32768,-110
01:05:26,1950.04,34.66,3.42,3276.70,0.00,34.1451,34.0249,33.9569,33.8587,39955151,1441014,2273022,39944292.0000,1441133.5000,2263722.7500,-32768,-32768,-110
01:05:27,1939.18,34.67,3.40,3276.70,0.00,34.1457,34.0393,33.9752,33.8727,39952781,1441204,2273022,39946688.0000,1441123.3750,2265685.2500,-32768,-32768,-110
01:05:30,1922.88,34.67,3.39,3276.70,0.00,34.1410,34.0393,33.9678,33.8727,39950695,1441249,2275835,39947076.0000,1441132.6250,2266199.0000,-32768,-32768,-110
01:05:33,1901.16,34.69,3.38,3276.70,0.00,34.1343,34.0393,33.9586,33.8727,39949309,1441623,2274879,39947304.0000,1441165.8750,2266958.7500,-32768,-32768,-110
01:05:34,1879.44,34.70,3.37,3276.70,0.00,34.1286,34.0607,33.9573,33.8929,39947799,1441650,2271388,39947344.0000,1441197.1250,2266958.7500,-32768,-32768,-110
01:05:36,1841.43,34.70,3.37,3276.70,0.00,34.1255,34.0627,33.9573,33.8929,39943760,1441749,2271935,39947196.0000,1441197.1250,2266958.7500,-32768,-32768,-110
01:05:38,1819.70,34.70,3.37,3276.70,0.00,34.1255,34.0689,33.9573,33.9014,39942944,1442768,2270192,39946932.0000,1441376.5000,2268079.0000,-32768,-32768,-110
01:05:39,1808.84,34.70,3.37,3276.70,0.00,34.0970,34.0707,33.9226,33.9020,39940714,1442745,2269385,39946736.0000,1441419.3750,2268119.7500,-32768,-32768,-110
01:05:40,1797.98,34.70,3.31,3276.70,0.00,34.0923,34.0714,33.9173,33.9025,39938030,1442831,2269070,39946464.0000,1441513.5000,2268141.0000,-32768,-32768,-110
01:05:41,1797.98,34.70,3.31,3276.70,0.00,34.0829,34.0722,33.9092,33.9030,39932588,1442984,2271508,39945700.0000,1441559.5000,2268246.2500,-32768,-32768,-110
01:05:43,1787.12,34.69,3.29,3276.70,0.00,34.0781,34.0723,33.9054,33.9030,39933905,1443120,2271508,39945700.0000,1441661.3750,2268239.7500,-32768,-32768,-110
01:05:45,1759.97,34.69,3.28,3276.70,0.00,34.0781,34.0722,33.9054,33.9025,39931812,1443476,2266440,39944216.0000,1441772.0000,2268159.5000,-32768,-32768,-110
01:05:47,1721.95,34.69,3.27,3276.70,0.00,34.0781,34.0709,33.8866,33.9025,39931812,1444152,2267118,39943188.0000,1441956.5000,2268038.2500,-32768,-32768,-110
01:05:49,1711.09,34.69,3.25,3276.70,0.00,34.0457,34.0694,33.8772,33.9002,39934311,1444318,2265480,39942912.0000,1442030.3750,2267893.5000,-32768,-32768,-110
01:05:53,1673.07,34.69,3.25,3276.70,0.00,34.0316,34.0694,33.8606,33.9002,39928764,1444762,2265480,39940928.0000,1442393.7500,2267893.5000,-32768,-32768,-110
01:05:54,1667.64,34.68,3.21,3276.70,0.00,34.0144,34.0608,33.8498,33.8921,39927805,1444762,2265480,39940104.0000,1442541.0000,2267617.0000,-32768,-32768,-110
01:05:56,1656.78,34.68,3.21,3276.70,0.00,34.0144,34.0562,33.8498,33.8879,39925272,1445081,2263477,39938724.0000,1442771.6250,2267265.0000,-32768,-32768,-110
01:05:58,1640.49,34.68,3.21,3276.70,0.00,34.0094,34.0547,33.8453,33.8865,39925613,1444980,2260753,39938312.0000,1442840.6250,2267061.5000,-32768,-32768,-110
01:05:59,1624.20,34.68,3.20,3276.70,0.00,34.0132,34.0507,33.8480,33.8829,39930853,1445621,2262889,39937440.0000,1443073.5000,2266716.5000,-32768,-32768,-110
01:06:02,1602.48,34.68,3.19,3276.70,0.00,34.0153,34.0485,33.8480,33.8829,39926051,1446048,2254508,39936604.0000,1443333.6250,2265821.7500,-32768,-32768,-110
01:06:03,1597.05,34.67,3.18,3276.70,0.00,34.0141,34.0464,33.8458,33.8785,39928376,1445967,2264014,39936348.0000,1443415.8750,2265765.2500,-32768,-32768,-110
01:06:04,1591.62,34.67,3.16,3276.70,0.00,34.0130,34.0453,33.8441,33.8774,39928222,1446092,2262264,39935828.0000,1443582.3750,2265576.7500,-32768,-32768,-110
01:06:06,1591.62,34.66,3.16,3276.70,0.00,34.0116,34.0453,33.8441,33.8743,39928705,1446292,2260433,39935396.0000,1443826.6250,2265263.2500,-32768,-32768,-110
01:06:09,1580.75,34.66,3.15,3276.70,0.00,34.0167,34.0453,33.8497,33.8743,39932481,1446264,2274573,39934888.0000,1444052.1250,2265359.7500,-32768,-32768,-110
01:06:11,1580.75,34.65,3.15,3276.70,0.00,34.0314,34.0384,33.8605,33.8704,39935211,1446404,2263226,39934840.0000,1444191.3750,2265508.0000,-32768,-32768,-110
01:06:12,1580.75,34.65,3.15,3276.70,0.00,34.0420,34.0384,33.8695,33.8702,39937426,1446291,2263226,39934840.0000,1444382.7500,2265509.5000,-32768,-32768,-110
01:06:14,1580.75,34.65,3.16,3276.70,0.00,34.0529,34.0391,33.8807,33.8706,39940221,1446241,2263226,39935528.0000,1444504.2500,2265582.0000,-32768,-32768,-110
01:06:16,1580.75,34.65,3.16,3276.70,0.00,34.0631,34.0404,33.8928,33.8717,39948612,1446554,2266816,39936408.0000,1444629.3750,2265646.2500,-32768,-32768,-110
01:06:17,1580.75,34.64,3.16,3276.70,0.00,34.0752,34.0423,33.9059,33.8736,39953133,1446719,2257788,39936932.0000,1444694.6250,2265400.7500,-32768,-32768,-110
01:06:18,1580.75,34.64,3.16,3276.70,0.00,34.0820,34.0435,33.9128,33.8748,39954713,1446768,2269376,39938136.0000,1444821.1250,2265396.7500,-32768,-32768,-110
01:06:20,1569.89,34.64,3.16,3276.70,0.00,34.0920,34.0463,33.9271,33.8778,39958161,1446679,2267840,39938764.0000,1444821.1250,2265473.0000,-32768,-32768,-110
01:06:22,1553.60,34.64,3.16,3276.70,0.00,34.0920,34.0514,33.9430,33.8832,39966772,1446958,2267840,39941036.0000,1445057.3750,2265772.5000,-32768,-32768,-110
01:06:24,1553.60,34.64,3.15,3276.70,0.00,34.1138,34.0551,33.9504,33.8873,39969319,1447313,2272068,39942768.0000,1445057.3750,2266342.0000,-32768,-32768,-110
01:06:26,1548.17,34.63,3.15,3276.70,0.00,34.1194,34.0589,33.9504,33.8873,39973547,1447325,2272712,39945408.0000,1445381.7500,2266726.7500,-32768,-32768,-110
01:06:27,1542.74,34.63,3.15,3276.70,0.00,34.1254,34.0629,33.9616,33.8956,39974928,1447396,2273449,39947280.0000,1445502.5000,2267127.2500,-32768,-32768,-110
01:06:29,1526.45,34.63,3.15,3276.70,0.00,34.1254,34.0670,33.9616,33.9020,39979746,1447651,2281478,39949272.0000,1445634.1250,2267773.5000,-32768,-32768,-110
01:06:32,1510.16,34.63,3.14,3276.70,0.00,34.1351,34.0711,33.9715,33.9042,39979746,1447651,2274169,39949272.0000,1445841.6250,2267773.5000,-32768,-32768,-110
01:06:33,1504.72,34.63,3.13,3276.70,0.00,34.1403,34.0790,33.9761,33.9125,39984313,1448178,2275286,39954248.0000,1445978.8750,2269021.0000,-32768,-32768,-110
01:06:35,1510.16,34.63,3.13,3276.70,0.00,34.1436,34.0829,33.9795,33.9165,39982547,1448116,2275213,39956032.0000,1446111.8750,2269412.2500,-32768,-32768,-110
01:06:38,1504.72,34.62,3.13,3276.70,0.00,34.1436,34.0889,33.9795,33.9228,39982547,1448158,2275550,39959780.0000,1446357.2500,2270135.0000,-32768,-32768,-110
01:06:41,1493.86,34.62,3.13,3276.70,0.00,34.1436,34.0979,33.9795,33.9321,39993980,1448158,2275550,39963648.0000,1446577.1250,2270957.5000,-32768,-32768,-110
01:06:44,1515.59,34.63,3.13,3276.70,0.00,34.1436,34.1051,33.9795,33.9423,39993980,1448501,2278178,39966628.0000,1446743.8750,2271588.2500,-32768,-32768,-110
01:06:46,1537.31,34.63,3.13,3276.70,0.00,34.1972,34.1152,33.9795,33.9423,39971803,1446501,2277847,39968392.0000,1446807.1250,2272239.0000,-32768,-32768,-110
01:06:48,1553.60,34.64,3.15,3276.70,0.00,34.2036,34.1179,34.0414,33.9423,39971803,1446305,2277847,39969004.0000,1446757.7500,2272699.7500,-32768,-32768,-110
01:06:50,1569.89,34.64,3.16,3276.70,0.00,34.2171,34.1269,34.0414,33.9623,39971803,1445777,2283996,39969664.0000,1446702.0000,2273385.2500,-32768,-32768,-110
01:06:51,1580.75,34.65,3.16,3276.70,0.00,34.2396,34.1336,34.0769,33.9691,39978074,1445338,2280902,39970132.0000,1446624.8750,2273819.5000,-32768,-32768,-110
01:06:52,1591.62,34.65,3.18,3276.70,0.00,34.2474,34.1408,34.0916,33.9764,39978018,1445395,2280651,39970380.0000,1446586.5000,2273819.5000,-32768,-32768,-110
01:06:54,1602.48,34.65,3.18,3276.70,0.00,34.2710,34.1486,34.1055,33.9841,39979289,1445050,2282703,39970952.0000,1446497.5000,2274535.5000,-32768,-32768,-110
01:06:55,1613.34,34.65,3.19,3276.70,0.00,34.2780,34.1526,34.1123,33.9880,39981430,1445020,2282111,39971276.0000,1446451.2500,2274772.2500,-32768,-32768,-110
01:06:56,1618.77,34.65,3.19,3276.70,0.00,34.2850,34.1567,34.1198,33.9921,39984132,1444963,2282561,39971680.0000,1446404.7500,2275015.7500,-32768,-32768,-110
01:06:58,1635.06,34.65,3.19,3276.70,0.00,34.2984,34.1567,34.1404,33.9921,39992344,1445141,2285508,39973148.0000,1446404.7500,2276191.2500,-32768,-32768,-110
01:07:00,1645.92,34.65,3.19,3276.70,0.00,34.3169,34.1784,34.1532,34.0138,39997140,1445061,2285386,39974612.0000,1446210.1250,2276478.7500,-32768,-32768,-110
01:07:03,1667.64,34.65,3.19,3276.70,0.00,34.3169,34.1920,34.1697,34.0275,39997140,1444940,2294267,39977688.0000,1446062.6250,2276478.7500,-32768,-32768,-110
01:07:05,1694.80,34.66,3.15,3276.70,0.00,34.3497,34.2057,34.1697,34.0413,39997140,1444477,2291678,39979832.0000,1445939.2500,2279242.5000,-32768,-32768,-110
01:07:08,1721.95,34.66,3.15,3276.70,0.00,34.3497,34.2197,34.1697,34.0600,39997140,1443888,2290491,39981272.0000,1445778.2500,2280636.2500,-32768,-32768,-110
01:07:10,1732.81,34.67,3.15,3276.70,0.00,34.3846,34.2385,34.2198,34.0741,39998078,1444226,2292207,39982580.0000,1445778.2500,2281070.2500,-32768,-32768,-110
01:07:12,1743.67,34.67,3.14,3276.70,0.00,34.3927,34.2478,34.2288,34.0835,40010522,1444645,2292400,39984220.0000,1445558.6250,2282065.0000,-32768,-32768,-110
01:07:14,1765.40,34.67,3.14,3276.70,0.00,34.3927,34.2616,34.2288,34.0973,40012754,1444546,2293050,39987608.0000,1445450.3750,2283379.2500,-32768,-32768,-110
01:07:17,1787.12,34.68,3.14,3276.70,0.00,34.3927,34.2751,34.2288,34.1109,40012754,1444223,2293728,39989788.0000,1445355.8750,2284357.2500,-32768,-32768,-110
01:07:19,1803.41,34.68,3.13,3276.70,0.00,34.4209,34.2839,34.2582,34.1109,40014278,1444697,2283991,39991184.0000,1445307.7500,2284357.2500,-32768,-32768,-110
01:07:20,1808.84,34.68,3.12,3276.70,0.00,34.4273,34.2926,34.2643,34.1286,40018242,1444534,2283991,39992848.0000,1445261.6250,2285060.5000,-32768,-32768,-110
01:07:23,1830.56,34.68,3.13,3276.70,0.00,34.4367,34.2926,34.2735,34.1286,40020713,1444571,2295855,39995244.0000,1445190.3750,2285999.2500,-32768,-32768,-110
01:07:24,1846.86,34.69,3.11,3276.70,0.00,34.4421,34.3137,34.2797,34.1498,40019360,1444320,2296783,39995244.0000,1445131.0000,2286666.2500,-32768,-32768,-110
01:07:26,1879.44,34.69,3.09,3276.70,0.00,34.4488,34.3219,34.2797,34.1580,40019360,1443382,2302126,39997160.0000,1445035.2500,2287391.7500,-32768,-32768,-110
01:07:28,1901.16,34.69,3.09,3276.70,0.00,34.4600,34.3341,34.2965,34.1703,39990385,1442636,2302126,39996644.0000,1444824.0000,2288416.7500,-32768,-32768,-110
01:07:29,1912.02,34.69,3.15,3276.70,0.00,34.4671,34.3421,34.3040,34.1783,39988760,1442580,2295924,39996400.0000,1444753.8750,2288651.5000,-32768,-32768,-110
01:07:31,1928.32,34.69,3.16,3276.70,0.00,34.4708,34.3461,34.3070,34.1783,39988760,1442204,2290203,39995752.0000,1444606.0000,2288714.7500,-32768,-32768,-110
01:07:33,1939.18,34.69,3.19,3276.70,0.00,34.4801,34.3579,34.3159,34.1941,39981722,1442035,2290203,39994616.0000,1444378.1250,2289383.0000,-32768,-32768,-110
01:07:35,1955.47,34.69,3.20,3276.70,0.00,34.4839,34.3656,34.3205,34.2018,39994116,1442897,2290203,39994792.0000,1444295.3750,2289393.5000,-32768,-32768,-110
01:07:37,1982.62,34.69,3.20,3276.70,0.00,34.4839,34.3765,34.3269,34.2130,39994378,1442557,2290203,39994792.0000,1444137.5000,2290098.7500,-32768,-32768,-110
01:07:39,1998.91,34.68,3.22,3276.70,0.00,34.4932,34.3869,34.3327,34.2236,40002667,1442897,2290203,39995280.0000,1444009.7500,2290563.7500,-32768,-32768,-110
01:07:41,2015.21,34.68,3.22,3276.70,0.00,34.4959,34.3936,34.3360,34.2305,40002724,1442639,2298489,39995592.0000,1443922.3750,2291033.2500,-32768,-32768,-110
01:07:42,2020.64,34.67,3.21,3276.70,0.00,34.4981,34.3999,34.3396,34.2371,39996656,1442307,2305296,39995628.0000,1443871.8750,2291479.0000,-32768,-32768,-110
01:07:44,2036.93,34.67,3.21,3276.70,0.00,34.5014,34.4061,34.3424,34.2435,40001720,1442765,2305296,39996176.0000,1443770.5000,2292304.0000,-32768,-32768,-110
01:07:47,2064.08,34.67,3.19,3276.70,0.00,34.5040,34.4061,34.3457,34.2435,40006313,1443206,2302096,39996828.0000,1443770.5000,2292304.0000,-32768,-32768,-110
01:07:48,2074.94,34.66,3.19,3276.70,0.00,34.5061,34.4204,34.3473,34.2584,40007766,1443106,2302096,39997784.0000,1443673.0000,2293485.5000,-32768,-32768,-110
01:07:50,2096.67,34.66,3.16,3276.70,0.00,34.5080,34.4204,34.3500,34.2584,40003853,1442987,2299872,39998408.0000,1443621.2500,2293961.0000,-32768,-32768,-110
01:07:53,2118.39,34.65,3.16,3276.70,0.00,34.5080,34.4356,34.3500,34.2743,40003063,1443136,2297857,39998556.0000,1443579.5000,2293961.0000,-32768,-32768,-110
01:07:54,2129.25,34.64,3.20,3276.70,0.00,34.5124,34.4403,34.3552,34.2793,40018265,1443372,2293449,39999648.0000,1443573.0000,2294324.7500,-32768,-32768,-110
01:07:56,2140.11,34.64,3.20,3276.70,0.00,34.5123,34.4425,34.3552,34.2793,40014893,1443372,2298311,40001124.0000,1443542.1250,2294586.5000,-32768,-32768,-110
01:07:57,2150.97,34.64,3.21,3276.70,0.00,34.5127,34.4489,34.3552,34.2793,40015939,1443309,2299597,40001584.0000,1443534.8750,2294743.2500,-32768,-32768,-110
01:07:59,2161.83,34.64,3.21,3276.70,0.00,34.5122,34.4528,34.3558,34.2924,40020666,1443856,2299597,40003236.0000,1443552.6250,2295276.0000,-32768,-32768,-110
01:08:01,2183.56,34.64,3.20,3276.70,0.00,34.5109,34.4528,34.3553,34.2981,40024559,1444056,2299552,40005224.0000,1443597.0000,2295745.2500,-32768,-32768,-110
01:08:05,2205.28,34.62,3.20,3276.70,0.00,34.5109,34.4627,34.3553,34.3031,40024559,1444158,2299552,40005224.0000,1443684.6250,2296217.2500,-32768,-32768,-110
01:08:06,2210.71,34.61,3.20,3276.70,0.00,34.5109,34.4665,34.3505,34.3075,40034231,1444404,2299669,40009316.0000,1443707.1250,2296325.0000,-32768,-32768,-110
01:08:07,2221.57,34.60,3.21,3276.70,0.00,34.5042,34.4677,34.3497,34.3087,40039023,1444532,2299669,40011160.0000,1443760.7500,2296573.2500,-32768,-32768,-110
01:08:10,2227.00,34.60,3.21,3276.70,0.00,34.5042,34.4708,34.3497,34.3132,40039023,1444876,2298941,40014124.0000,1443888.0000,2296999.7500,-32768,-32768,-110
01:08:12,2210.71,34.59,3.21,3276.70,0.00,34.4933,34.4730,34.3497,34.3155,40047390,1445330,2300221,40017036.0000,1443963.8750,2297164.7500,-32768,-32768,-110
01:08:13,2205.28,34.58,3.19,3276.70,0.00,34.4847,34.4738,34.3311,34.3159,40047307,1445679,2299595,40017984.0000,1444017.3750,2297240.7500,-32768,-32768,-110
01:08:16,2194.42,34.58,3.19,3276.70,0.00,34.4793,34.4740,34.3311,34.3163,40047307,1445679,2300024,40021024.0000,1444228.1250,2297240.7500,-32768,-32768,-110
01:08:18,2188.99,34.57,3.19,3276.70,0.00,34.4536,34.4727,34.3311,34.3163,40048648,1446840,2295793,40023760.0000,1444461.7500,2297406.7500,-32768,-32768,-110
01:08:19,2172.69,34.56,3.17,3276.70,0.00,34.4397,34.4708,34.2884,34.3163,40045507,1446687,2295793,40025088.0000,1444606.0000,2297394.0000,-32768,-32768,-110
01:08:21,2161.83,34.55,3.17,3276.70,0.00,34.4162,34.4665,34.2650,34.3102,40046166,1447384,2295684,40026416.0000,1444768.6250,2297273.5000,-32768,-32768,-110
01:08:23,2150.97,34.54,3.15,3276.70,0.00,34.4079,34.4647,34.2650,34.3085,40046166,1447304,2293828,40027528.0000,1444932.3750,2297118.0000,-32768,-32768,-110
01:08:25,2140.11,34.53,3.14,3276.70,0.00,34.3790,34.4577,34.2312,34.3022,40034083,1447310,2290423,40028096.0000,1445075.6250,2296799.7500,-32768,-32768,-110
01:08:27,2118.39,34.53,3.14,3276.70,0.00,34.3590,34.4577,34.2132,34.3022,40037566,1447826,2288493,40029008.0000,1445075.6250,2296062.7500,-32768,-32768,-110
01:08:28,2102.10,34.50,3.09,3276.70,0.00,34.3285,34.4416,34.1861,34.2877,40042525,1448525,2289608,40029676.0000,1445506.7500,2295861.0000,-32768,-32768,-110
01:08:30,2080.37,34.49,3.09,3276.70,0.00,34.3177,34.4377,34.1761,34.2877,40042525,1448849,2290933,40030320.0000,1445506.7500,2295485.2500,-32768,-32768,-110
01:08:32,2064.08,34.48,3.08,3276.70,0.00,34.3177,34.4246,34.1761,34.2680,40032779,1449014,2284885,40030656.0000,1446002.3750,2294629.5000,-32768,-32768,-110
01:08:35,2047.79,34.48,3.09,3276.70,0.00,34.2470,34.4094,34.1084,34.2586,40030020,1449172,2284885,40030656.0000,1446002.3750,2293542.0000,-32768,-32768,-110
01:08:37,2026.07,34.45,3.09,3276.70,0.00,34.2470,34.3925,34.1084,34.2371,40028783,1449927,2279434,40030360.0000,1446609.3750,2292332.2500,-32768,-32768,-110
01:08:40,1993.48,34.45,3.09,3276.70,0.00,34.2470,34.3741,34.1084,34.2193,40018570,1449572,2276736,40029748.0000,1446897.7500,2292332.2500,-32768,-32768,-110
01:08:43,1971.76,34.43,3.02,3276.70,0.00,34.1502,34.3545,34.1084,34.2002,40020640,1450481,2272091,40029748.0000,1446897.7500,2292332.2500,-32768,-32768,-110
01:08:44,1955.47,34.41,3.01,3276.70,0.00,34.1218,34.3341,34.1084,34.1797,40016691,1450331,2273130,40027672.0000,1447478.0000,2288057.2500,-32768,-32768,-110
01:08:48,1928.32,34.41,3.02,3276.70,0.00,34.0950,34.3341,33.9355,34.1797,40005915,1450361,2269563,40025528.0000,1447816.7500,2285960.2500,-32768,-32768,-110
01:08:49,1922.88,34.38,3.03,3276.70,0.00,34.0675,34.2916,33.9189,34.1438,40004549,1450396,2269563,40024304.0000,1447980.0000,2284884.2500,-32768,-32768,-110
01:08:51,1912.02,34.37,3.03,3276.70,0.00,34.0456,34.2697,33.9189,34.1438,40005989,1450656,2265710,40023256.0000,1448140.5000,2283814.0000,-32768,-32768,-110
01:08:53,1895.73,34.37,3.03,3276.70,0.00,34.0355,34.2697,33.8860,34.1438,40005495,1450801,2264937,40021612.0000,1448375.0000,2282121.0000,-32768,-32768,-110
01:08:55,1868.58,34.34,3.01,3276.70,0.00,34.0224,34.2412,33.8740,34.1438,40004888,1450928,2267381,40020620.0000,1448375.0000,2282121.0000,-32768,-32768,-110
01:08:56,1852.29,34.33,3.02,3276.70,0.00,34.0091,34.2271,33.8613,34.0792,40003615,1451062,2267381,40019576.0000,1448685.3750,2280114.7500,-32768,-32768,-110
01:08:59,1841.43,34.32,3.02,3276.70,0.00,33.9865,34.2059,33.8388,34.0580,40005274,1451397,2267381,40018092.0000,1448685.3750,2278529.0000,-32768,-32768,-110
01:09:01,1830.56,34.31,3.01,3276.70,0.00,33.9714,34.1916,33.8239,34.0580,39991935,1450937,2261601,40018092.0000,1448685.3750,2277488.0000,-32768,-32768,-110
01:09:04,1803.41,34.29,3.01,3276.70,0.00,33.9714,34.1632,33.8239,34.0079,39991935,1450937,2258790,40014000.0000,1449306.5000,2275345.7500,-32768,-32768,-110
01:09:06,1781.69,34.28,3.02,3276.70,0.00,33.9279,34.1423,33.7725,33.9935,39991082,1450937,2259060,40011880.0000,1449497.8750,2273789.0000,-32768,-32768,-110
01:09:07,1770.83,34.27,3.02,3276.70,0.00,33.9119,34.1284,33.7591,33.9793,39987594,1450937,2255194,40011120.0000,1449560.8750,2273208.0000,-32768,-32768,-110
01:09:08,1765.40,34.26,3.02,3276.70,0.00,33.9036,34.1213,33.7515,33.9721,39988665,1451572,2255747,40009684.0000,1449560.8750,2272168.7500,-32768,-32768,-110
01:09:10,1749.10,34.25,3.02,3276.70,0.00,33.8830,34.1002,33.7515,33.9721,39981693,1451489,2254808,40008060.0000,1449796.8750,2271092.5000,-32768,-32768,-110
01:09:13,1721.95,34.24,3.02,3276.70,0.00,33.8713,34.1002,33.7087,33.9721,39985308,1452079,2254415,40005788.0000,1449978.0000,2269646.2500,-32768,-32768,-110
01:09:14,1705.66,34.23,3.02,3276.70,0.00,33.8502,34.0654,33.7087,33.9721,39981444,1452081,2253693,40004008.0000,1450180.2500,2268120.0000,-32768,-32768,-110
01:09:17,1683.94,34.22,3.02,3276.70,0.00,33.8375,34.0516,33.7087,33.8937,39981444,1452256,2251138,40001848.0000,1450371.7500,2266538.2500,-32768,-32768,-110
01:09:19,1667.64,34.21,3.01,3276.70,0.00,33.8162,34.0307,33.6608,33.8795,39979595,1452513,2246985,40001152.0000,1450438.7500,2265927.2500,-32768,-32768,-110
01:09:20,1662.21,34.20,3.01,3276.70,0.00,33.8048,34.0170,33.6502,33.8655,39974324,1452426,2248937,39999544.0000,1450560.3750,2264949.0000,-32768,-32768,-110
01:09:21,1645.92,34.20,3.01,3276.70,0.00,33.7991,34.0101,33.6440,33.8586,39974102,1452351,2248408,39998752.0000,1450616.3750,2264432.0000,-32768,-32768,-110
01:09:22,1629.63,34.19,3.01,3276.70,0.00,33.7870,33.9965,33.6296,33.8447,39968929,1452530,2247026,39996988.0000,1450731.2500,2263392.0000,-32768,-32768,-110
01:09:24,1613.34,34.18,3.01,3276.70,0.00,33.7733,33.9830,33.6145,33.8307,39967918,1452530,2246317,39994432.0000,1450905.8750,2261858.7500,-32768,-32768,-110
01:09:26,1602.48,34.17,3.00,3276.70,0.00,33.7603,33.9694,33.6042,33.8169,39970877,1453081,2245920,39993052.0000,1451045.2500,2260917.5000,-32768,-32768,-110
01:09:27,1591.62,34.17,3.00,3276.70,0.00,33.7445,33.9494,33.5859,33.7964,39980023,1453510,2245904,39992136.0000,1451194.1250,2259921.0000,-32768,-32768,-110
01:09:29,1586.18,34.16,2.98,3276.70,0.00,33.7399,33.9428,33.5812,33.7896,39982812,1453729,2245626,39991540.0000,1451354.7500,2259027.0000,-32768,-32768,-110
01:09:31,1580.75,34.16,3.00,3276.70,0.00,33.7321,33.9299,33.5759,33.7766,39980915,1453754,2245626,39990936.0000,1451499.8750,2258144.5000,-32768,-32768,-110
01:09:33,1564.46,34.16,2.98,3276.70,0.00,33.7255,33.9174,33.5759,33.7766,39977979,1453632,2241931,39990936.0000,1451499.8750,2258144.5000,-32768,-32768,-110
01:09:34,1553.60,34.14,2.97,3276.70,0.00,33.7185,33.8995,33.5603,33.7455,39972468,1453528,2239170,39989120.0000,1451748.2500,2256160.7500,-32768,-32768,-110
01:09:36,1548.17,34.14,2.97,3276.70,0.00,33.7172,33.8938,33.5603,33.7339,39979826,1454133,2242957,39988344.0000,1451879.8750,2255387.2500,-32768,-32768,-110
01:09:38,1537.31,34.14,2.97,3276.70,0.00,33.7106,33.8773,33.5526,33.7228,39979148,1454059,2241893,39987820.0000,1452016.7500,2254595.0000,-32768,-32768,-110
01:09:39,1531.88,34.14,2.96,3276.70,0.00,33.7087,33.8720,33.5508,33.7121,39980432,1454060,2240851,39987304.0000,1452146.7500,2253734.0000,-32768,-32768,-110
01:09:40,1521.02,34.13,2.97,3276.70,0.00,33.7051,33.8618,33.5479,33.7070,39974450,1453923,2242630,39986900.0000,1452202.2500,2253387.0000,-32768,-32768,-110
01:09:42,1515.59,34.13,2.96,3276.70,0.00,33.7036,33.8568,33.5454,33.7070,39974450,1453933,2242630,39986900.0000,1452202.2500,2253387.0000,-32768,-32768,-110
01:09:44,1510.16,34.13,2.96,3276.70,0.00,33.6975,33.8568,33.5354,33.7070,39965345,1453633,2240801,39983936.0000,1452495.6250,2251379.7500,-32768,-32768,-110
01:09:47,1504.72,34.13,2.96,3276.70,0.00,33.6951,33.8568,33.5348,33.7070,39965231,1453411,2240568,39982176.0000,1452579.6250,2251379.7500,-32768,-32768,-110
01:09:48,1504.72,34.12,2.97,3276.70,0.00,33.6977,33.8170,33.5348,33.7070,39964588,1453447,2241188,39981048.0000,1452633.8750,2249824.0000,-32768,-32768,-110
01:09:51,1493.86,34.13,2.96,3276.70,0.00,33.7005,33.8097,33.5408,33.6533,39964588,1453447,2237654,39981048.0000,1452686.0000,2249185.7500,-32768,-32768,-110
01:09:52,1493.86,34.13,2.96,3276.70,0.00,33.7030,33.7998,33.5441,33.6432,39965335,1453494,2240709,39979016.0000,1452736.5000,2248468.5000,-32768,-32768,-110
01:09:54,1499.29,34.13,2.96,3276.70,0.00,33.7070,33.7940,33.5487,33.6372,39964006,1453462,2240370,39978044.0000,1452778.5000,2248215.5000,-32768,-32768,-110
01:09:56,1521.02,34.13,2.97,3276.70,0.00,33.7112,33.7888,33.5539,33.6372,39967139,1453554,2242724,39977328.0000,1452778.5000,2247623.2500,-32768,-32768,-110
01:09:57,1537.31,34.13,2.98,3276.70,0.00,33.7200,33.7844,33.5615,33.6372,39958988,1452337,2241036,39976196.0000,1452839.5000,2247238.7500,-32768,-32768,-110
01:09:59,1548.17,34.14,2.98,3276.70,0.00,33.7328,33.7810,33.5748,33.6240,39953276,1452337,2241036,39974520.0000,1452759.1250,2246785.7500,-32768,-32768,-110
01:10:00,1553.60,34.14,3.00,3276.70,0.00,33.7459,33.7786,33.5748,33.6208,39937743,1450515,2241800,39972248.0000,1452622.2500,2246448.2500,-32768,-32768,-110
01:10:02,1559.03,34.14,3.00,3276.70,0.00,33.7597,33.7772,33.6023,33.6202,39943500,1450728,2242637,39971352.0000,1452563.1250,2246322.2500,-32768,-32768,-110
01:10:05,1575.32,34.14,3.00,3276.70,0.00,33.7795,33.7772,33.6023,33.6200,39943500,1451209,2244903,39969316.0000,1452337.1250,2246152.7500,-32768,-32768,-110
01:10:09,1602.48,34.14,3.03,3276.70,0.00,33.8022,33.7772,33.6521,33.6200,39972318,1451209,2244903,39969148.0000,1452162.8750,2246752.5000,-32768,-32768,-110
01:10:12,1651.35,34.15,3.03,3276.70,0.00,33.8022,33.7833,33.6521,33.6282,39972318,1449178,2249492,39969284.0000,1452162.8750,2246752.5000,-32768,-32768,-110
01:10:15,1678.51,34.17,3.08,3276.70,0.00,33.8022,33.7929,33.6521,33.6393,39914121,1446633,2244358,39963968.0000,1451399.8750,2246972.7500,-32768,-32768,-110
01:10:17,1694.80,34.17,3.09,3276.70,0.00,33.8814,33.7980,33.7281,33.6421,39912674,1446277,2244358,39960748.0000,1451080.3750,2247152.5000,-32768,-32768,-110
01:10:18,1711.09,34.18,3.09,3276.70,0.00,33.9054,33.8070,33.7514,33.6513,39905286,1445706,2244358,39957392.0000,1450748.5000,2247047.7500,-32768,-32768,-110
01:10:21,1721.95,34.18,3.11,3276.70,0.00,33.9198,33.8172,33.7720,33.6616,39916951,1445977,2253994,39953444.0000,1450315.2500,2247322.5000,-32768,-32768,-110
01:10:23,1743.67,34.20,3.11,3276.70,0.00,33.9387,33.8245,33.7843,33.6689,39918447,1445974,2249697,39951280.0000,1450044.2500,2247582.2500,-32768,-32768,-110
01:10:25,1776.26,34.21,3.10,3276.70,0.00,33.9447,33.8245,33.7963,33.6689,39919130,1445974,2254389,39948504.0000,1449507.5000,2247582.2500,-32768,-32768,-110
01:10:27,1797.98,34.23,3.13,3276.70,0.00,33.9704,33.8440,33.7963,33.6926,39919130,1443933,2260930,39944652.0000,1449178.6250,2249066.0000,-32768,-32768,-110
01:10:30,1819.70,34.24,3.14,3276.70,0.00,33.9903,33.8566,33.7963,33.6926,39912339,1443933,2260930,39941004.0000,1448726.3750,2249685.5000,-32768,-32768,-110
01:10:32,1841.43,34.26,3.15,3276.70,0.00,34.0020,33.8654,33.7963,33.7141,39912339,1444396,2259145,39939108.0000,1448726.3750,2251015.5000,-32768,-32768,-110
01:10:33,1857.72,34.27,3.14,3276.70,0.00,34.0171,33.8786,33.8603,33.7141,39927203,1444796,2259849,39938196.0000,1448113.1250,2251540.5000,-32768,-32768,-110
01:10:35,1874.01,34.28,3.15,3276.70,0.00,34.0269,33.8876,33.8704,33.7318,39926396,1444244,2262863,39937828.0000,1447992.2500,2251894.2500,-32768,-32768,-110
01:10:38,1912.02,34.28,3.15,3276.70,0.00,34.0269,33.9012,33.8704,33.7453,39926396,1442574,2259991,39932936.0000,1447375.0000,2252872.2500,-32768,-32768,-110
01:10:41,1944.61,34.28,3.19,3276.70,0.00,34.0269,33.9198,33.8704,33.7636,39926396,1442809,2261013,39928592.0000,1446816.2500,2253411.7500,-32768,-32768,-110
01:10:45,1988.05,34.32,3.17,3276.70,0.00,34.0269,33.9387,33.8704,33.7869,39926396,1442469,2261013,39928592.0000,1446816.2500,2254177.0000,-32768,-32768,-110
01:10:48,2004.34,34.34,3.19,3276.70,0.00,34.0269,33.9387,33.9460,33.7869,39902674,1442469,2261013,39928592.0000,1446816.2500,2255394.0000,-32768,-32768,-110
01:10:49,2009.78,34.36,3.20,3276.70,0.00,34.1171,33.9717,33.9589,33.7869,39897326,1442378,2263694,39919808.0000,1445549.6250,2255932.2500,-32768,-32768,-110
01:10:51,2004.34,34.36,3.20,3276.70,0.00,34.1206,33.9764,33.9656,33.7869,39904778,1442664,2263694,39919808.0000,1445549.6250,2257052.2500,-32768,-32768,-110
01:10:54,2004.34,34.37,3.19,3276.70,0.00,34.1206,33.9764,33.9708,33.7869,39925976,1444304,2263694,39919260.0000,1445256.2500,2258013.7500,-32768,-32768,-110
01:10:55,1998.91,34.38,3.19,3276.70,0.00,34.1289,34.0064,33.9720,33.8493,39926551,1444304,2263694,39920020.0000,1445173.8750,2259482.5000,-32768,-32768,-110
01:10:56,1998.91,34.39,3.15,3276.70,0.00,34.1288,34.0139,33.9729,33.8568,39928759,1444706,2269425,39920296.0000,1445159.2500,2259793.2500,-32768,-32768,-110
01:10:59,2004.34,34.39,3.15,3276.70,0.00,34.1293,34.0139,33.9731,33.8568,39933940,1444810,2269425,39921496.0000,1445130.3750,2261154.5000,-32768,-32768,-110
01:11:02,2009.78,34.40,3.16,3276.70,0.00,34.1293,34.0308,33.9731,33.8768,39933940,1445354,2268632,39923032.0000,1445137.2500,2261816.7500,-32768,-32768,-110
01:11:03,2009.78,34.41,3.16,3276.70,0.00,34.1311,34.0399,33.9698,33.8825,39939383,1445200,2270019,39924456.0000,1445144.8750,2262790.2500,-32768,-32768,-110
01:11:05,2009.78,34.42,3.16,3276.70,0.00,34.1310,34.0427,33.9693,33.8878,39936897,1445188,2268657,39924844.0000,1445146.2500,2262790.2500,-32768,-32768,-110
01:11:07,2009.78,34.42,3.17,3276.70,0.00,34.1311,34.0481,33.9687,33.8878,39936897,1445534,2263890,39925816.0000,1445146.2500,2263212.5000,-32768,-32768,-110
01:11:09,2015.21,34.43,3.17,3276.70,0.00,34.1305,34.0481,33.9686,33.8878,39947709,1445864,2268602,39927592.0000,1445218.0000,2263735.2500,-32768,-32768,-110
01:11:12,2015.21,34.44,3.17,3276.70,0.00,34.1305,34.0645,33.9686,33.9058,39947709,1446027,2270655,39930096.0000,1445303.0000,2263743.0000,-32768,-32768,-110
01:11:15,2015.21,34.45,3.17,3276.70,0.00,34.1305,34.0706,33.9686,33.9134,39961648,1446798,2262938,39932652.0000,1445303.0000,2264169.2500,-32768,-32768,-110
01:11:17,1998.91,34.46,3.17,3276.70,0.00,34.1305,34.0781,33.9727,33.9188,39959828,1446469,2262938,39932652.0000,1445509.8750,2264557.0000,-32768,-32768,-110
01:11:20,2004.34,34.47,3.17,3276.70,0.00,34.1305,34.0832,33.9727,33.9251,39959854,1446662,2270537,39938188.0000,1445656.7500,2265276.7500,-32768,-32768,-110
01:11:22,2004.34,34.47,3.16,3276.70,0.00,34.1345,34.0863,33.9715,33.9266,39963790,1446803,2270537,39939832.0000,1445656.7500,2266096.0000,-32768,-32768,-110
01:11:25,2004.34,34.48,3.16,3276.70,0.00,34.1345,34.0863,33.9711,33.9266,39965869,1446803,2269270,39943060.0000,1445866.8750,2266668.2500,-32768,-32768,-110
01:11:26,1998.91,34.49,3.16,3276.70,0.00,34.1371,34.0947,33.9729,33.9343,39964253,1446803,2269270,39944440.0000,1445911.5000,2267256.0000,-32768,-32768,-110
01:11:27,2004.34,34.49,3.16,3276.70,0.00,34.1398,34.0974,33.9747,33.9367,39966815,1446638,2280180,39945140.0000,1445961.2500,2267777.7500,-32768,-32768,-110
01:11:31,2004.34,34.50,3.16,3276.70,0.00,34.1398,34.1014,33.9747,33.9403,39966815,1446694,2272887,39945140.0000,1446061.1250,2268331.0000,-32768,-32768,-110
01:11:34,1998.91,34.52,3.16,3276.70,0.00,34.1398,34.1068,33.9747,33.9452,39966815,1447048,2272834,39945140.0000,1446170.2500,2268620.5000,-32768,-32768,-110
01:11:36,2004.34,34.53,3.15,3276.70,0.00,34.1543,34.1109,33.9891,33.9452,39981183,1447064,2272884,39953888.0000,1446228.8750,2268671.0000,-32768,-32768,-110
01:11:37,2004.34,34.54,3.15,3276.70,0.00,34.1583,34.1137,33.9934,33.9516,39982853,1447170,2274098,39954796.0000,1446258.2500,2268671.0000,-32768,-32768,-110
01:11:39,2004.34,34.54,3.15,3276.70,0.00,34.1627,34.1166,33.9934,33.9543,39979801,1447201,2263924,39956436.0000,1446313.7500,2268832.2500,-32768,-32768,-110
01:11:41,1998.91,34.55,3.15,3276.70,0.00,34.1627,34.1211,34.0044,33.9586,39981234,1446844,2274573,39958672.0000,1446379.7500,2269138.0000,-32768,-32768,-110
01:11:43,1998.91,34.56,3.15,3276.70,0.00,34.1729,34.1242,34.0084,33.9616,39980296,1446919,2277087,39960024.0000,1446379.7500,2269786.5000,-32768,-32768,-110
01:11:44,1998.91,34.56,3.15,3276.70,0.00,34.1750,34.1273,34.0126,33.9616,39983274,1447028,2275963,39961372.0000,1446444.5000,2269979.5000,-32768,-32768,-110
01:11:45,2004.34,34.57,3.15,3276.70,0.00,34.1822,34.1306,34.0172,33.9678,39989012,1447083,2276287,39962984.0000,1446483.6250,2270348.2500,-32768,-32768,-110
01:11:47,2004.34,34.58,3.15,3276.70,0.00,34.1822,34.1339,34.0220,33.9710,39986655,1446820,2282366,39964464.0000,1446506.5000,2271167.7500,-32768,-32768,-110
01:11:49,2004.34,34.58,3.16,3276.70,0.00,34.1891,34.1357,34.0240,33.9727,39986360,1446820,2282366,39965900.0000,1446532.1250,2271523.2500,-32768,-32768,-110
01:11:51,2004.34,34.59,3.16,3276.70,0.00,34.1938,34.1409,34.0309,33.9777,39988298,1446820,2284497,39967376.0000,1446534.6250,2271523.2500,-32768,-32768,-110
01:11:54,2004.34,34.60,3.16,3276.70,0.00,34.1938,34.1464,34.0379,33.9777,39988298,1446570,2276865,39969848.0000,1446535.6250,2272891.7500,-32768,-32768,-110
01:11:57,2004.34,34.61,3.16,3276.70,0.00,34.1938,34.1520,34.0379,33.9902,39988298,1446567,2276865,39972140.0000,1446521.1250,2273448.5000,-32768,-32768,-110
01:12:00,1998.91,34.61,3.16,3276.70,0.00,34.2230,34.1520,34.0379,33.9981,39988298,1446669,2279319,39975212.0000,1446556.0000,2273670.0000,-32768,-32768,-110
01:12:02,1998.91,34.64,3.16,3276.70,0.00,34.2315,34.1661,34.0664,34.0022,39999593,1446679,2280720,39976700.0000,1446556.0000,2273670.0000,-32768,-32768,-110
01:12:03,2004.34,34.65,3.16,3276.70,0.00,34.2397,34.1725,34.0752,34.0085,40000519,1446782,2273952,39978184.0000,1446580.0000,2274236.2500,-32768,-32768,-110
01:12:05,1998.91,34.65,3.15,3276.70,0.00,34.2427,34.1747,34.0778,34.0085,40003374,1446724,2282334,39979712.0000,1446584.8750,2274489.2500,-32768,-32768,-110
01:12:07,1998.91,34.66,3.15,3276.70,0.00,34.2513,34.1813,34.0868,34.0173,40006650,1446637,2284380,39981320.0000,1446591.0000,2275028.7500,-32768,-32768,-110
01:12:09,2004.34,34.67,3.16,3276.70,0.00,34.2545,34.1813,34.0868,34.0218,40006650,1446482,2282576,39983312.0000,1446578.0000,2275749.0000,-32768,-32768,-110
01:12:10,1998.91,34.69,3.18,3276.70,0.00,34.2631,34.1905,34.0983,34.0263,40006724,1446505,2282505,39983312.0000,1446560.0000,2276497.0000,-32768,-32768,-110
01:12:11,1998.91,34.69,3.18,3276.70,0.00,34.2668,34.1929,34.1014,34.0263,40003515,1446053,2291540,39985256.0000,1446544.1250,2276967.0000,-32768,-32768,-110
01:12:13,1998.91,34.70,3.18,3276.70,0.00,34.2752,34.2001,34.1014,34.0358,40006891,1446387,2283464,39986548.0000,1446527.8750,2277569.0000,-32768,-32768,-110
01:12:14,2004.34,34.70,3.18,3276.70,0.00,34.2782,34.2025,34.1129,34.0382,40006133,1446311,2283464,39987824.0000,1446521.1250,2277694.7500,-32768,-32768,-110
01:12:16,2004.34,34.72,3.16,3276.70,0.00,34.2841,34.2074,34.1129,34.0455,40006133,1446235,2285497,39989636.0000,1446495.6250,2278309.0000,-32768,-32768,-110
01:12:18,2004.34,34.72,3.18,3276.70,0.00,34.2841,34.2175,34.1312,34.0529,40009721,1446483,2275804,39990844.0000,1446487.1250,2278456.2500,-32768,-32768,-110
01:12:19,2004.34,34.74,3.18,3276.70,0.00,34.3006,34.2200,34.1343,34.0554,40012402,1446552,2277298,39991520.0000,1446489.1250,2278420.0000,-32768,-32768,-110
01:12:21,2004.34,34.74,3.18,3276.70,0.00,34.3042,34.2227,34.1378,34.0580,40014288,1446202,2285608,39992232.0000,1446489.1250,2278910.2500,-32768,-32768,-110
01:12:23,1998.91,34.75,3.18,3276.70,0.00,34.3108,34.2227,34.1486,34.0580,40012581,1445931,2286704,39994804.0000,1446424.3750,2279582.7500,-32768,-32768,-110
01:12:25,2004.34,34.76,3.18,3276.70,0.00,34.3213,34.2361,34.1558,34.0712,40013767,1445924,2286704,39996008.0000,1446393.1250,2280019.2500,-32768,-32768,-110
01:12:26,2004.34,34.76,3.18,3276.70,0.00,34.3282,34.2444,34.1663,34.0795,40016500,1445980,2297708,39997188.0000,1446367.0000,2280794.0000,-32768,-32768,-110
01:12:28,2004.34,34.76,3.19,3276.70,0.00,34.3357,34.2473,34.1697,34.0823,40017159,1445889,2295607,39997188.0000,1446367.0000,2281517.2500,-32768,-32768,-110
01:12:30,1998.91,34.79,3.19,3276.70,0.00,34.3431,34.2559,34.1808,34.0823,40013917,1445520,2288499,39999424.0000,1446289.3750,2281987.2500,-32768,-32768,-110
01:12:32,2004.34,34.80,3.19,3276.70,0.00,34.3544,34.2559,34.1808,34.0996,40018488,1445701,2290485,40001024.0000,1446229.0000,2282630.5000,-32768,-32768,-110
01:12:33,1998.91,34.81,3.19,3276.70,0.00,34.3621,34.2678,34.1954,34.1026,40018495,1445693,2291001,40001024.0000,1446196.6250,2283152.5000,-32768,-32768,-110
01:12:34,2004.34,34.82,3.19,3276.70,0.00,34.3694,34.2739,34.2027,34.1086,40018462,1445553,2290838,40002648.0000,1446176.5000,2283392.5000,-32768,-32768,-110
01:12:36,2004.34,34.82,3.19,3276.70,0.00,34.3732,34.2770,34.2062,34.1116,40017986,1445500,2290706,40003128.0000,1446155.3750,2283621.2500,-32768,-32768,-110
01:12:37,2004.34,34.83,3.19,3276.70,0.00,34.3817,34.2833,34.2144,34.1178,40024155,1445578,2292294,40004328.0000,1446155.3750,2283621.2500,-32768,-32768,-110
01:12:40,1998.91,34.83,3.19,3276.70,0.00,34.3817,34.2930,34.2144,34.1273,40024155,1445357,2294293,40006644.0000,1446042.3750,2285179.0000,-32768,-32768,-110
01:12:43,2004.34,34.85,3.19,3276.70,0.00,34.3817,34.3029,34.2144,34.1405,40024155,1445431,2294914,40008624.0000,1445963.3750,2286317.7500,-32768,-32768,-110
01:12:46,2004.34,34.86,3.19,3276.70,0.00,34.3817,34.3132,34.2534,34.1405,40024155,1445322,2296434,40008624.0000,1445922.3750,2286909.2500,-32768,-32768,-110
01:12:48,1998.91,34.88,3.20,3276.70,0.00,34.3817,34.3273,34.2714,34.1613,40030490,1445229,2296211,40008624.0000,1445841.1250,2288068.7500,-32768,-32768,-110
01:12:51,2004.34,34.89,3.20,3276.70,0.00,34.3817,34.3345,34.2714,34.1720,40030490,1445354,2296211,40008624.0000,1445841.1250,2288068.7500,-32768,-32768,-110
01:12:52,1998.91,34.91,3.19,3276.70,0.00,34.4649,34.3491,34.2978,34.1830,40034833,1444989,2299374,40016032.0000,1445747.7500,2289572.2500,-32768,-32768,-110
01:12:54,1998.91,34.92,3.19,3276.70,0.00,34.4695,34.3529,34.3023,34.1867,40032188,1444962,2299413,40016536.0000,1445723.1250,2289879.7500,-32768,-32768,-110
01:12:55,2004.34,34.92,3.20,3276.70,0.00,34.4786,34.3604,34.3114,34.1942,40037425,1445095,2301898,40018416.0000,1445665.1250,2290864.2500,-32768,-32768,-110
01:12:57,1998.91,34.93,3.20,3276.70,0.00,34.4786,34.3720,34.3114,34.2056,40041947,1445081,2301721,40019776.0000,1445607.8750,2291877.2500,-32768,-32768,-110
01:13:00,1998.91,34.94,3.20,3276.70,0.00,34.4786,34.3837,34.3114,34.2172,40038982,1444865,2302306,40021520.0000,1445560.7500,2292493.7500,-32768,-32768,-110
01:13:03,2004.34,34.94,3.20,3276.70,0.00,34.5151,34.3837,34.3518,34.2172,40043602,1444801,2304489,40023968.0000,1445461.6250,2292493.7500,-32768,-32768,-110
01:13:04,2004.34,34.97,3.20,3276.70,0.00,34.5279,34.4036,34.3608,34.2172,40040354,1444547,2303422,40025036.0000,1445409.0000,2294840.2500,-32768,-32768,-110
01:13:06,2004.34,34.98,3.19,3276.70,0.00,34.5366,34.4116,34.3695,34.2449,40039077,1444463,2302944,40025476.0000,1445379.5000,2294840.2500,-32768,-32768,-110
01:13:08,2004.34,34.99,3.20,3276.70,0.00,34.5366,34.4237,34.3695,34.2611,40039077,1444651,2300480,40027492.0000,1445279.5000,2296119.2500,-32768,-32768,-110
01:13:10,2004.34,35.01,3.20,3276.70,0.00,34.5596,34.4319,34.3920,34.2651,40043218,1444677,2299843,40027984.0000,1445232.6250,2296565.5000,-32768,-32768,-110
01:13:11,2004.34,35.02,3.20,3276.70,0.00,34.5692,34.4402,34.4012,34.2733,40046821,1444261,2307724,40029080.0000,1445202.2500,2296914.2500,-32768,-32768,-110
01:13:13,2004.34,35.03,3.20,3276.70,0.00,34.5692,34.4527,34.4148,34.2857,40046855,1444238,2308062,40030736.0000,1445124.3750,2296914.2500,-32768,-32768,-110
01:13:16,2004.34,35.04,3.20,3276.70,0.00,34.5692,34.4527,34.4284,34.2982,40050923,1444272,2308652,40032360.0000,1445043.2500,2296914.2500,-32768,-32768,-110
01:13:17,1998.91,35.06,3.20,3276.70,0.00,34.6011,34.4738,34.4377,34.3066,40051324,1443859,2320422,40033496.0000,1445043.2500,2300069.5000,-32768,-32768,-110
01:13:18,2004.34,35.07,3.20,3276.70,0.00,34.6101,34.4780,34.4377,34.3151,40048680,1443971,2310041,40034408.0000,1444915.1250,2300709.5000,-32768,-32768,-110
01:13:21,2004.34,35.08,3.20,3276.70,0.00,34.6186,34.4866,34.4377,34.3235,40048680,1443941,2310041,40034408.0000,1444827.3750,2301348.0000,-32768,-32768,-110
01:13:22,1998.91,35.09,3.21,3276.70,0.00,34.6324,34.4993,34.4645,34.3320,40049100,1443911,2310041,40036832.0000,1444772.2500,2301985.0000,-32768,-32768,-110
01:13:24,2004.34,35.10,3.21,3276.70,0.00,34.6369,34.5079,34.4735,34.3405,40052648,1443896,2312380,40036832.0000,1444744.8750,2302309.7500,-32768,-32768,-110
01:13:25,2004.34,35.11,3.20,3276.70,0.00,34.6512,34.5166,34.4828,34.3491,40055334,1444132,2301611,40038408.0000,1444704.8750,2302356.5000,-32768,-32768,-110
01:13:26,1998.91,35.12,3.21,3276.70,0.00,34.6560,34.5209,34.4872,34.3534,40053070,1443774,2313902,40038864.0000,1444675.7500,2302717.2500,-32768,-32768,-110
01:13:28,1998.91,35.12,3.21,3276.70,0.00,34.6608,34.5253,34.4918,34.3577,40053070,1443774,2314034,40039864.0000,1444617.3750,2303415.5000,-32768,-32768,-110
01:13:30,2004.34,35.13,3.20,3276.70,0.00,34.6755,34.5253,34.5059,34.3577,40057553,1443618,2315810,40041488.0000,1444617.3750,2304901.2500,-32768,-32768,-110
01:13:32,2004.34,35.15,3.21,3276.70,0.00,34.6896,34.5517,34.5199,34.3838,40054016,1443381,2315810,40042752.0000,1444439.6250,2305880.7500,-32768,-32768,-110
01:13:33,2004.34,35.15,3.20,3276.70,0.00,34.6988,34.5606,34.5293,34.3926,40060500,1443489,2316195,40043800.0000,1444380.5000,2306859.2500,-32768,-32768,-110
01:13:34,1998.91,35.16,3.21,3276.70,0.00,34.7033,34.5695,34.5386,34.4014,40059319,1443428,2316685,40044288.0000,1444350.7500,2307166.2500,-32768,-32768,-110
01:13:36,2004.34,35.17,3.21,3276.70,0.00,34.7125,34.5739,34.5386,34.4058,40062120,1443567,2318707,40045400.0000,1444297.2500,2307881.2500,-32768,-32768,-110
01:13:38,1998.91,35.18,3.21,3276.70,0.00,34.7220,34.5829,34.5523,34.4146,40063028,1443386,2318722,40045952.0000,1444268.7500,2308220.0000,-32768,-32768,-110
01:13:39,1998.91,35.20,3.21,3276.70,0.00,34.7319,34.5829,34.5523,34.4236,40065362,1443420,2318517,40047640.0000,1444191.1250,2309205.7500,-32768,-32768,-110
01:13:41,2004.34,35.20,3.21,3276.70,0.00,34.7319,34.6054,34.5761,34.4369,40066360,1443599,2309243,40048720.0000,1444149.5000,2309283.2500,-32768,-32768,-110
01:13:43,2004.34,35.22,3.21,3276.70,0.00,34.7512,34.6099,34.5809,34.4414,40068817,1443363,2321484,40049852.0000,1444094.1250,2310026.5000,-32768,-32768,-110
01:13:45,1998.91,35.22,3.21,3276.70,0.00,34.7512,34.6236,34.5949,34.4549,40064875,1443221,2322472,40050752.0000,1444036.8750,2310737.5000,-32768,-32768,-110
01:13:47,2004.34,35.24,3.22,3276.70,0.00,34.7756,34.6236,34.6097,34.4684,40069727,1443101,2324331,40050752.0000,1443962.7500,2311916.2500,-32768,-32768,-110
01:13:49,2004.34,35.26,3.22,3276.70,0.00,34.7900,34.6466,34.6187,34.4775,40065850,1442730,2331969,40053256.0000,1443895.1250,2312886.7500,-32768,-32768,-110
01:13:50,2004.34,35.26,3.22,3276.70,0.00,34.7995,34.6558,34.6286,34.4866,40071296,1442730,2325521,40054808.0000,1443799.8750,2314295.7500,-32768,-32768,-110
01:13:52,2004.34,35.28,3.22,3276.70,0.00,34.8091,34.6650,34.6430,34.5004,40067697,1442598,2323545,40055704.0000,1443799.8750,2314295.7500,-32768,-32768,-110
01:13:55,2004.34,35.29,3.23,3276.70,0.00,34.8091,34.6790,34.6430,34.5004,40074701,1442803,2326933,40057144.0000,1443631.6250,2315937.2500,-32768,-32768,-110
01:13:55,1998.91,35.30,3.22,3276.70,0.00,34.8334,34.6883,34.6622,34.5187,40075712,1442622,2326946,40057720.0000,1443600.1250,2316281.2500,-32768,-32768,-110
01:13:56,2004.34,35.31,3.22,3276.70,0.00,34.8380,34.6929,34.6666,34.5233,40071114,1442640,2317722,40058140.0000,1443570.1250,2316329.7500,-32768,-32768,-110
01:13:58,2004.34,35.31,3.22,3276.70,0.00,34.8480,34.7023,34.6766,34.5325,40072146,1442509,2328503,40058940.0000,1443511.0000,2316710.2500,-32768,-32768,-110
01:14:00,1998.91,35.32,3.22,3276.70,0.00,34.8480,34.7117,34.6857,34.5418,40076238,1442582,2328357,40060464.0000,1443427.8750,2317826.5000,-32768,-32768,-110
01:14:01,2004.34,35.33,3.22,3276.70,0.00,34.8675,34.7211,34.6961,34.5511,40074375,1442288,2327419,40060900.0000,1443392.2500,2318126.2500,-32768,-32768,-110
01:14:02,2004.34,35.35,3.23,3276.70,0.00,34.8721,34.7257,34.7001,34.5557,40074918,1442171,2329835,40061336.0000,1443354.1250,2318492.2500,-32768,-32768,-110
01:14:03,2004.34,35.35,3.22,3276.70,0.00,34.8770,34.7305,34.7049,34.5604,40077812,1442386,2330183,40061852.0000,1443323.8750,2318857.5000,-32768,-32768,-110
01:14:05,1998.91,35.37,3.22,3276.70,0.00,34.8868,34.7399,34.7152,34.5604,40078163,1442252,2339281,40063356.0000,1443227.5000,2320544.0000,-32768,-32768,-110
01:14:06,2004.34,35.38,3.22,3276.70,0.00,34.8964,34.7493,34.7241,34.5790,40077573,1442099,2330987,40063800.0000,1443192.2500,2320870.2500,-32768,-32768,-110
01:14:09,2004.34,35.38,3.22,3276.70,0.00,34.9111,34.7635,34.7390,34.5790,40084582,1442026,2330987,40066152.0000,1443071.5000,2322530.2500,-32768,-32768,-110
01:14:12,2004.34,35.40,3.23,3276.70,0.00,34.9260,34.7778,34.7390,34.6119,40085105,1442104,2334839,40067772.0000,1442995.1250,2322530.2500,-32768,-32768,-110
01:14:13,2004.34,35.42,3.22,3276.70,0.00,34.9407,34.7921,34.7688,34.6214,40086018,1442080,2326039,40068984.0000,1442942.3750,2323812.2500,-32768,-32768,-110
01:14:15,2004.34,35.43,3.22,3276.70,0.00,34.9461,34.7921,34.7688,34.6309,40083814,1441757,2336081,40069900.0000,1442942.3750,2324941.5000,-32768,-32768,-110
01:14:17,2004.34,35.44,3.22,3276.70,0.00,34.9607,34.8113,34.7688,34.6309,40088759,1441757,2336081,40072068.0000,1442760.7500,2326130.0000,-32768,-32768,-110
01:14:20,2004.34,35.45,3.23,3276.70,0.00,34.9607,34.8305,34.7688,34.6595,40088751,1441996,2338750,40073568.0000,1442677.7500,2326130.0000,-32768,-32768,-110
01:14:22,2004.34,35.48,3.23,3276.70,0.00,34.9907,34.8305,34.7688,34.6739,40093125,1441625,2339115,40074832.0000,1442621.1250,2328069.5000,-32768,-32768,-110
01:14:23,2004.34,35.49,3.22,3276.70,0.00,35.0005,34.8305,34.8291,34.6739,40093125,1441469,2339412,40075832.0000,1442548.1250,2328759.5000,-32768,-32768,-110
01:14:26,2004.34,35.49,3.23,3276.70,0.00,35.0163,34.8305,34.8439,34.6739,40092130,1441483,2341651,40077428.0000,1442468.8750,2329418.0000,-32768,-32768,-110
01:14:27,2004.34,35.52,3.23,3276.70,0.00,35.0316,34.8791,34.8589,34.7077,40093515,1441433,2342111,40078352.0000,1442403.5000,2330190.2500,-32768,-32768,-110
01:14:29,2004.34,35.53,3.23,3276.70,0.00,35.0366,34.8840,34.8645,34.7126,40096508,1441334,2352121,40078920.0000,1442370.0000,2330875.5000,-32768,-32768,-110
01:14:31,2004.34,35.53,3.23,3276.70,0.00,35.0517,34.8987,34.8796,34.7273,40095479,1441179,2344396,40080560.0000,1442370.0000,2332603.5000,-32768,-32768,-110
01:14:33,2004.34,35.53,3.23,3276.70,0.00,35.0622,34.8987,34.8950,34.7420,40097012,1441084,2346664,40080560.0000,1442173.2500,2333318.7500,-32768,-32768,-110
01:14:34,2004.34,35.57,3.23,3276.70,0.00,35.0723,34.9185,34.9001,34.7470,40101577,1441239,2346543,40082484.0000,1442112.1250,2334116.5000,-32768,-32768,-110
01:14:37,2004.34,35.57,3.23,3276.70,0.00,35.0723,34.9185,34.9105,34.7470,40099511,1441068,2350525,40083992.0000,1442048.7500,2335007.2500,-32768,-32768,-110
01:14:38,2004.34,35.59,3.23,3276.70,0.00,35.0982,34.9433,34.9261,34.7716,40104214,1441114,2348288,40085148.0000,1442048.7500,2336129.5000,-32768,-32768,-110
01:14:41,2004.34,35.60,3.24,3276.70,0.00,35.1089,34.9433,34.9417,34.7716,40103932,1440908,2351299,40087324.0000,1441857.6250,2336129.5000,-32768,-32768,-110
01:14:42,2004.34,35.62,3.23,3276.70,0.00,35.1242,34.9683,34.9517,34.7965,40103682,1440913,2349356,40087836.0000,1441828.1250,2337626.0000,-32768,-32768,-110
01:14:44,2004.34,35.63,3.23,3276.70,0.00,35.1295,34.9733,34.9569,34.8065,40105948,1440913,2349356,40088912.0000,1441761.3750,2338314.0000,-32768,-32768,-110
01:14:44,2004.34,35.64,3.23,3276.70,0.00,35.1397,34.9834,34.9675,34.8115,40106382,1440659,2347719,40089460.0000,1441726.8750,2338607.7500,-32768,-32768,-110
01:14:46,2004.34,35.64,3.23,3276.70,0.00,35.1448,34.9884,34.9675,34.8215,40106479,1440695,2351545,40090448.0000,1441659.8750,2338607.7500,-32768,-32768,-110
01:14:47,2004.34,35.66,3.24,3276.70,0.00,35.1607,35.0035,34.9886,34.8316,40111740,1440606,2352709,40091700.0000,1441598.6250,2340138.7500,-32768,-32768,-110
01:14:50,2004.34,35.67,3.24,3276.70,0.00,35.1607,35.0136,34.9886,34.8316,40110345,1440503,2352819,40093392.0000,1441502.1250,2341396.0000,-32768,-32768,-110
01:14:52,2004.34,35.68,3.24,3276.70,0.00,35.1868,35.0288,34.9886,34.8316,40114714,1440579,2353484,40095228.0000,1441419.7500,2342500.5000,-32768,-32768,-110
01:14:54,2004.34,35.70,3.23,3276.70,0.00,35.2029,35.0441,34.9886,34.8771,40115010,1440339,2355834,40096896.0000,1441321.3750,2343785.5000,-32768,-32768,-110
01:14:56,2004.34,35.71,3.23,3276.70,0.00,35.2029,35.0595,35.0466,34.8873,40118713,1440472,2354636,40098220.0000,1441270.5000,2344486.7500,-32768,-32768,-110
01:14:58,2004.34,35.73,3.24,3276.70,0.00,35.2029,35.0595,35.0516,34.8873,40117702,1440404,2357018,40099444.0000,1441216.2500,2345236.2500,-32768,-32768,-110
01:14:59,2004.34,35.74,3.24,3276.70,0.00,35.2395,35.0799,35.0675,34.9078,40120393,1440295,2358285,40100632.0000,1441161.7500,2346033.5000,-32768,-32768,-110
01:15:02,2004.34,35.75,3.24,3276.70,0.00,35.2395,35.0799,35.0726,34.9078,40119333,1440295,2358285,40102336.0000,1441075.1250,2347195.2500,-32768,-32768,-110
01:15:04,2004.34,35.77,3.24,3276.70,0.00,35.2395,35.1057,35.0726,34.9387,40126434,1440233,2360311,40104212.0000,1440998.7500,2348473.0000,-32768,-32768,-110
01:15:07,2004.34,35.78,3.24,3276.70,0.00,35.2395,35.1213,35.0726,34.9491,40126434,1440018,2361833,40106104.0000,1440913.6250,2349721.7500,-32768,-32768,-110
01:15:09,2004.34,35.80,3.23,3276.70,0.00,35.2988,35.1369,35.1263,34.9646,40128618,1440140,2361249,40107424.0000,1440862.8750,2350479.5000,-32768,-32768,-110
01:15:10,2004.34,35.81,3.24,3276.70,0.00,35.3045,35.1421,35.1263,34.9751,40127048,1439815,2363263,40108680.0000,1440801.8750,2351298.0000,-32768,-32768,-110
01:15:12,2004.34,35.82,3.24,3276.70,0.00,35.3045,35.1578,35.1481,34.9855,40125926,1439777,2364828,40109748.0000,1440738.3750,2352109.2500,-32768,-32768,-110
01:15:14,2004.34,35.84,3.24,3276.70,0.00,35.3311,35.1683,35.1588,34.9960,40132576,1439936,2364102,40111056.0000,1440684.0000,2352952.0000,-32768,-32768,-110
01:15:16,2004.34,35.85,3.25,3276.70,0.00,35.3423,35.1683,35.1588,35.0064,40132576,1439585,2366627,40112956.0000,1440593.3750,2354152.7500,-32768,-32768,-110
01:15:17,2004.34,35.86,3.24,3276.70,0.00,35.3585,35.1946,35.1854,35.0221,40135759,1439888,2367529,40114268.0000,1440542.6250,2354945.5000,-32768,-32768,-110
01:15:20,2004.34,35.87,3.24,3276.70,0.00,35.3585,35.2052,35.1969,35.0327,40135717,1439613,2368497,40116428.0000,1440466.0000,2354945.5000,-32768,-32768,-110
01:15:21,2004.34,35.89,3.24,3276.70,0.00,35.3803,35.2157,35.2075,35.0432,40136064,1439624,2366351,40117040.0000,1440466.0000,2356967.5000,-32768,-32768,-110
01:15:23,2004.34,35.90,3.26,3276.70,0.00,35.3913,35.2157,35.2241,35.0591,40143237,1439726,2371428,40119280.0000,1440367.8750,2357824.0000,-32768,-32768,-110
01:15:25,2004.34,35.91,3.24,3276.70,0.00,35.4077,35.2423,35.2241,35.0591,40140579,1439604,2371911,40120604.0000,1440295.8750,2359041.7500,-32768,-32768,-110
01:15:27,2004.34,35.93,3.26,3276.70,0.00,35.4184,35.2529,35.2457,35.0804,40142218,1439604,2371911,40122596.0000,1440237.6250,2359873.2500,-32768,-32768,-110
01:15:28,2004.34,35.94,3.24,3276.70,0.00,35.4296,35.2636,35.2570,35.0804,40144251,1439303,2373727,40123272.0000,1440177.6250,2360789.2500,-32768,-32768,-110
01:15:30,2004.34,35.95,3.24,3276.70,0.00,35.4296,35.2636,35.2680,35.0804,40146502,1439396,2374854,40125180.0000,1440129.1250,2361586.5000,-32768,-32768,-110
01:15:33,2004.34,35.96,3.26,3276.70,0.00,35.4518,35.2636,35.2846,35.0804,40145152,1439178,2374710,40127100.0000,1440050.7500,2362810.2500,-32768,-32768,-110
01:15:33,2004.34,35.98,3.26,3276.70,0.00,35.4684,35.3011,35.2953,35.1285,40145713,1439039,2379782,40127680.0000,1440019.1250,2363340.7500,-32768,-32768,-110
01:15:35,2004.34,35.99,3.26,3276.70,0.00,35.4738,35.3065,35.2953,35.1393,40151545,1439039,2377178,40129808.0000,1439947.7500,2364563.7500,-32768,-32768,-110
01:15:37,2004.34,36.01,3.24,3276.70,0.00,35.4905,35.3227,35.3178,35.1501,40153753,1439341,2375609,40130560.0000,1439947.7500,2365314.7500,-32768,-32768,-110
01:15:39,2004.34,36.02,3.24,3276.70,0.00,35.5019,35.3335,35.3290,35.1609,40151803,1439068,2378298,40131856.0000,1439876.0000,2365720.5000,-32768,-32768,-110
01:15:40,2004.34,36.03,3.26,3276.70,0.00,35.5126,35.3443,35.3401,35.1717,40156293,1439085,2379591,40133276.0000,1439876.0000,2367045.5000,-32768,-32768,-110
01:15:42,2004.34,36.04,3.26,3276.70,0.00,35.5241,35.3552,35.3514,35.1825,40154688,1438950,2377675,40134692.0000,1439774.0000,2367377.7500,-32768,-32768,-110
01:15:43,2009.78,36.06,3.25,3276.70,0.00,35.5354,35.3661,35.3618,35.1934,40156342,1438948,2381809,40135960.0000,1439719.1250,2368218.7500,-32768,-32768,-110
01:15:46,2004.34,36.06,3.25,3276.70,0.00,35.5354,35.3661,35.3789,35.1934,40162072,1438977,2383671,40138248.0000,1439719.1250,2368218.7500,-32768,-32768,-110
01:15:47,2004.34,36.09,3.25,3276.70,0.00,35.5627,35.3933,35.3903,35.2206,40160628,1438853,2383004,40139592.0000,1439593.3750,2370424.2500,-32768,-32768,-110
01:15:48,2004.34,36.09,3.25,3276.70,0.00,35.5681,35.3987,35.3956,35.2261,40160763,1438851,2384805,40140252.0000,1439593.3750,2371275.2500,-32768,-32768,-110
01:15:50,2004.34,36.10,3.26,3276.70,0.00,35.5800,35.4096,35.4067,35.2370,40164109,1438742,2388137,40140252.0000,1439496.0000,2372261.2500,-32768,-32768,-110
01:15:53,2004.34,36.11,3.26,3276.70,0.00,35.5800,35.4261,35.4067,35.2534,40167554,1438742,2388905,40144496.0000,1439421.8750,2373639.7500,-32768,-32768,-110
01:15:55,2004.34,36.13,3.25,3276.70,0.00,35.6080,35.4261,35.4067,35.2698,40167554,1438678,2388905,40146808.0000,1439354.2500,2374857.2500,-32768,-32768,-110
01:15:57,2004.34,36.15,3.25,3276.70,0.00,35.6304,35.4591,35.4575,35.2864,40171048,1438678,2391669,40148200.0000,1439294.0000,2374857.2500,-32768,-32768,-110
01:15:59,2009.78,36.16,3.25,3276.70,0.00,35.6417,35.4701,35.4575,35.3029,40171933,1438378,2389886,40148200.0000,1439294.0000,2377001.2500,-32768,-32768,-110
01:16:03,2004.34,36.18,3.26,3276.70,0.00,35.6417,35.4922,35.4575,35.3250,40171933,1438253,2391793,40153464.0000,1439094.1250,2379086.7500,-32768,-32768,-110
01:16:06,2004.34,36.18,3.26,3276.70,0.00,35.6816,35.4922,35.5142,35.3250,40176703,1438081,2391793,40153464.0000,1439094.1250,2379086.7500,-32768,-32768,-110
01:16:09,2004.34,36.23,3.26,3276.70,0.00,35.7103,35.5367,35.5142,35.3250,40179586,1438306,2386033,40159060.0000,1438885.8750,2382290.5000,-32768,-32768,-110
01:16:11,2004.34,36.25,3.25,3276.70,0.00,35.7216,35.5367,35.5541,35.3250,40185139,1438197,2397746,40161224.0000,1438826.0000,2383395.2500,-32768,-32768,-110
01:16:12,2004.34,36.27,3.26,3276.70,0.00,35.7386,35.5646,35.5653,35.3917,40186200,1438110,2397856,40162004.0000,1438803.6250,2384335.7500,-32768,-32768,-110
01:16:13,2004.34,36.27,3.26,3276.70,0.00,35.7445,35.5758,35.5768,35.4029,40185345,1437956,2396847,40163452.0000,1438754.2500,2384726.7500,-32768,-32768,-110
01:16:14,2004.34,36.28,3.25,3276.70,0.00,35.7559,35.5814,35.5824,35.4085,40186874,1437953,2399283,40164184.0000,1438729.1250,2385181.7500,-32768,-32768,-110
01:16:16,2004.34,36.29,3.25,3276.70,0.00,35.7614,35.5870,35.5941,35.4085,40193784,1437953,2409639,40166664.0000,1438645.3750,2386885.7500,-32768,-32768,-110
01:16:18,1998.91,36.29,3.26,3276.70,0.00,35.7792,35.6039,35.6054,35.4309,40188855,1437618,2402245,40168060.0000,1438590.3750,2388016.5000,-32768,-32768,-110
01:16:20,2004.34,36.32,3.25,3276.70,0.00,35.7904,35.6152,35.6054,35.4477,40188855,1437996,2402967,40169704.0000,1438549.7500,2389218.2500,-32768,-32768,-110
01:16:22,2004.34,36.32,3.26,3276.70,0.00,35.8134,35.6377,35.6396,35.4646,40193174,1437590,2403288,40171952.0000,1438470.8750,2389970.7500,-32768,-32768,-110
01:16:25,2004.34,36.35,3.25,3276.70,0.00,35.8134,35.6489,35.6509,35.4646,40193174,1437893,2396217,40174256.0000,1438470.8750,2389970.7500,-32768,-32768,-110
01:16:27,2004.34,36.38,3.25,3276.70,0.00,35.8419,35.6659,35.6682,35.4928,40198233,1437610,2406982,40176448.0000,1438340.8750,2392181.7500,-32768,-32768,-110
01:16:29,2004.34,36.39,3.25,3276.70,0.00,35.8589,35.6829,35.6682,35.4928,40201520,1437598,2414803,40177968.0000,1438297.2500,2393328.0000,-32768,-32768,-110
01:16:30,2004.34,36.40,3.25,3276.70,0.00,35.8650,35.6886,35.6914,35.4928,40202987,1437384,2407888,40179468.0000,1438244.7500,2394387.0000,-32768,-32768,-110
01:16:31,2004.34,36.41,3.25,3276.70,0.00,35.8764,35.6999,35.7029,35.4928,40203827,1437472,2409778,40180912.0000,1438195.3750,2395289.7500,-32768,-32768,-110
01:16:33,2004.34,36.43,3.26,3276.70,0.00,35.8882,35.7113,35.7029,35.4928,40206164,1437290,2417993,40182424.0000,1438136.8750,2396698.2500,-32768,-32768,-110
01:16:36,2009.78,36.44,3.26,3276.70,0.00,35.9056,35.7284,35.7317,35.5550,40207474,1437339,2411712,40183984.0000,1438136.8750,2396698.2500,-32768,-32768,-110
01:16:38,2004.34,36.46,3.26,3276.70,0.00,35.9056,35.7455,35.7317,35.5778,40213185,1437418,2413639,40187048.0000,1438136.8750,2399295.2500,-32768,-32768,-110
01:16:41,2004.34,36.48,3.26,3276.70,0.00,35.9400,35.7626,35.7317,35.5949,40213185,1437481,2413735,40187048.0000,1437933.5000,2400603.5000,-32768,-32768,-110
01:16:43,2004.34,36.50,3.25,3276.70,0.00,35.9577,35.7797,35.7837,35.6063,40217581,1437127,2415050,40191116.0000,1437933.5000,2401542.0000,-32768,-32768,-110
01:16:44,2004.34,36.51,3.25,3276.70,0.00,35.9692,35.7912,35.7952,35.6177,40215819,1437080,2415608,40192684.0000,1437859.2500,2401981.5000,-32768,-32768,-110
01:16:46,2004.34,36.52,3.25,3276.70,0.00,35.9750,35.7969,35.7952,35.6291,40220709,1437080,2418247,40195088.0000,1437764.8750,2403950.7500,-32768,-32768,-110
01:16:49,2004.34,36.54,3.25,3276.70,0.00,35.9750,35.8141,35.7952,35.6462,40220709,1436816,2415835,40195088.0000,1437681.2500,2405178.0000,-32768,-32768,-110
01:16:51,2004.34,36.56,3.26,3276.70,0.00,35.9750,35.8141,35.8409,35.6462,40224362,1436771,2415835,40199928.0000,1437609.2500,2406406.0000,-32768,-32768,-110
01:16:54,2004.34,36.57,3.26,3276.70,0.00,35.9750,35.8545,35.8409,35.6462,40226458,1436770,2414188,40202312.0000,1437609.2500,2407708.5000,-32768,-32768,-110
01:16:55,2009.78,36.60,3.25,3276.70,0.00,36.0514,35.8718,35.8761,35.6977,40227859,1436719,2422741,40203824.0000,1437483.8750,2408178.2500,-32768,-32768,-110
01:16:57,2004.34,36.60,3.26,3276.70,0.00,36.0573,35.8776,35.8816,35.6977,40227859,1436604,2422741,40206248.0000,1437410.7500,2409985.5000,-32768,-32768,-110
01:16:59,2004.34,36.62,3.26,3276.70,0.00,36.0753,35.8949,35.8989,35.7207,40232593,1436726,2425365,40207836.0000,1437363.1250,2409985.5000,-32768,-32768,-110
01:17:00,2004.34,36.64,3.25,3276.70,0.00,36.0868,35.9065,35.9106,35.7322,40233146,1436485,2426193,40208624.0000,1437335.7500,2411418.0000,-32768,-32768,-110
01:17:01,2004.34,36.64,3.25,3276.70,0.00,36.0927,35.9123,35.9162,35.7379,40231973,1436311,2432817,40209356.0000,1437303.7500,2412663.5000,-32768,-32768,-110
01:17:02,2004.34,36.65,3.25,3276.70,0.00,36.0988,35.9239,35.9281,35.7494,40234156,1436566,2426187,40210848.0000,1437251.7500,2413086.2500,-32768,-32768,-110
01:17:04,2004.34,36.66,3.25,3276.70,0.00,36.1107,35.9239,35.9339,35.7494,40236000,1436423,2429436,40212380.0000,1437202.8750,2413086.2500,-32768,-32768,-110
01:17:06,2004.34,36.68,3.25,3276.70,0.00,36.1288,35.9472,35.9514,35.7724,40238569,1436276,2419929,40213984.0000,1437150.6250,2414334.7500,-32768,-32768,-110
01:17:08,2004.34,36.68,3.25,3276.70,0.00,36.1462,35.9472,35.9689,35.7724,40242071,1436170,2435765,40217108.0000,1437049.5000,2416382.5000,-32768,-32768,-110
01:17:10,2004.34,36.71,3.25,3276.70,0.00,36.1462,35.9823,35.9873,35.8071,40244205,1436414,2432112,40218712.0000,1437005.2500,2417457.0000,-32768,-32768,-110
01:17:13,2004.34,36.73,3.26,3276.70,0.00,36.1462,35.9823,35.9989,35.8071,40244121,1436039,2433260,40220888.0000,1436918.3750,2417457.0000,-32768,-32768,-110
01:17:13,2004.34,36.75,3.25,3276.70,0.00,36.1880,36.0057,36.0112,35.8303,40244005,1436083,2441345,40221608.0000,1436892.2500,2419869.5000,-32768,-32768,-110
01:17:15,2009.78,36.75,3.26,3276.70,0.00,36.1941,36.0116,36.0175,35.8361,40245563,1436166,2434291,40222360.0000,1436869.5000,2420748.5000,-32768,-32768,-110
01:17:17,2004.34,36.77,3.25,3276.70,0.00,36.2059,36.0116,36.0350,35.8536,40249043,1436168,2423835,40224688.0000,1436792.0000,2420748.5000,-32768,-32768,-110
01:17:19,2004.34,36.78,3.25,3276.70,0.00,36.2241,36.0410,36.0473,35.8653,40249110,1436097,2423835,40224688.0000,1436728.6250,2422454.2500,-32768,-32768,-110
01:17:20,2004.34,36.79,3.25,3276.70,0.00,36.2241,36.0528,36.0591,35.8770,40252787,1436026,2437680,40227788.0000,1436706.6250,2422930.0000,-32768,-32768,-110
01:17:23,2009.78,36.81,3.25,3276.70,0.00,36.2484,36.0646,36.0777,35.8946,40252339,1435677,2438056,40227788.0000,1436706.6250,2422930.0000,-32768,-32768,-110
01:17:24,2004.34,36.83,3.25,3276.70,0.00,36.2666,36.0824,36.0896,35.9064,40256472,1435700,2439992,40231624.0000,1436564.6250,2425411.2500,-32768,-32768,-110
01:17:25,2004.34,36.84,3.24,3276.70,0.00,36.2726,36.0883,36.0957,35.9123,40257052,1435739,2439222,40232420.0000,1436538.8750,2425842.7500,-32768,-32768,-110
01:17:26,2009.78,36.85,3.25,3276.70,0.00,36.2850,36.1002,36.1078,35.9241,40258591,1435663,2442204,40233952.0000,1436485.2500,2426801.7500,-32768,-32768,-110
01:17:27,2004.34,36.86,3.25,3276.70,0.00,36.2909,36.1061,36.1138,35.9300,40259880,1435547,2442251,40234764.0000,1436485.2500,2426801.7500,-32768,-32768,-110
01:17:29,2004.34,36.86,3.25,3276.70,0.00,36.2909,36.1240,36.1321,35.9478,40262592,1435515,2443639,40237124.0000,1436373.1250,2428710.0000,-32768,-32768,-110
01:17:31,2004.34,36.88,3.25,3276.70,0.00,36.3152,36.1300,36.1386,35.9537,40264306,1435515,2443639,40238760.0000,1436321.3750,2429648.0000,-32768,-32768,-110
01:17:33,2004.34,36.89,3.25,3276.70,0.00,36.3277,36.1419,36.1500,35.9656,40261797,1435450,2443639,40240224.0000,1436321.3750,2431097.2500,-32768,-32768,-110
01:17:34,2004.34,36.91,3.25,3276.70,0.00,36.3458,36.1598,36.1686,35.9656,40267940,1435411,2446683,40241860.0000,1436215.5000,2431584.5000,-32768,-32768,-110
01:17:37,2004.34,36.92,3.25,3276.70,0.00,36.3583,36.1598,36.1811,35.9656,40266573,1435163,2447742,40244100.0000,1436129.3750,2433018.2500,-32768,-32768,-110
01:17:39,2004.34,36.94,3.25,3276.70,0.00,36.3583,36.1898,36.1991,36.0132,40268361,1435271,2448273,40246216.0000,1436049.8750,2433018.2500,-32768,-32768,-110
01:17:41,2009.78,36.96,3.25,3276.70,0.00,36.3889,36.2019,36.1991,36.0312,40268361,1435164,2449556,40247648.0000,1435996.3750,2435340.0000,-32768,-32768,-110
01:17:43,2004.34,36.97,3.25,3276.70,0.00,36.4075,36.2199,36.2298,36.0312,40268361,1435049,2452051,40249776.0000,1435918.0000,2436738.7500,-32768,-32768,-110
01:17:45,2004.34,36.98,3.25,3276.70,0.00,36.4195,36.2320,36.2425,36.0553,40268361,1434881,2452618,40250532.0000,1435885.6250,2437235.0000,-32768,-32768,-110
01:17:45,2009.78,37.01,3.25,3276.70,0.00,36.4319,36.2441,36.2550,36.0673,40274413,1434916,2452582,40251952.0000,1435824.2500,2438194.2500,-32768,-32768,-110
01:17:46,2004.34,37.01,3.25,3276.70,0.00,36.4381,36.2502,36.2608,36.0733,40275831,1434934,2452795,40252696.0000,1435796.5000,2438650.5000,-32768,-32768,-110
01:17:47,2009.78,37.02,3.25,3276.70,0.00,36.4442,36.2562,36.2671,36.0794,40277634,1434869,2453795,40254236.0000,1435740.5000,2439579.5000,-32768,-32768,-110
01:17:49,2004.34,37.03,3.25,3276.70,0.00,36.4570,36.2683,36.2797,36.0915,40277177,1434797,2453795,40254952.0000,1435740.5000,2440538.7500,-32768,-32768,-110
01:17:51,2004.34,37.04,3.25,3276.70,0.00,36.4753,36.2865,36.2978,36.1096,40280129,1434686,2453795,40257096.0000,1435621.6250,2441639.2500,-32768,-32768,-110
01:17:52,2004.34,37.06,3.25,3276.70,0.00,36.4818,36.2926,36.3045,36.1157,40281701,1434683,2456849,40257864.0000,1435564.6250,2442631.2500,-32768,-32768,-110
01:17:54,2004.34,37.07,3.25,3276.70,0.00,36.4945,36.3048,36.3171,36.1278,40283527,1434711,2459005,40259396.0000,1435538.0000,2443143.0000,-32768,-32768,-110
01:17:55,2004.34,37.08,3.25,3276.70,0.00,36.5066,36.3170,36.3293,36.1400,40281074,1434692,2459005,40261520.0000,1435458.7500,2444560.5000,-32768,-32768,-110
01:17:57,2004.34,37.09,3.24,3276.70,0.00,36.5191,36.3291,36.3418,36.1522,40281074,1434580,2460699,40262260.0000,1435431.2500,2445065.0000,-32768,-32768,-110
01:17:58,2009.78,37.10,3.24,3276.70,0.00,36.5253,36.3352,36.3479,36.1583,40287154,1434575,2461319,40263036.0000,1435404.5000,2445986.2500,-32768,-32768,-110
01:18:00,2009.78,37.11,3.24,3276.70,0.00,36.5316,36.3475,36.3606,36.1705,40288861,1434560,2458770,40264608.0000,1435404.5000,2445986.2500,-32768,-32768,-110
01:18:01,2004.34,37.13,3.25,3276.70,0.00,36.5503,36.3598,36.3729,36.1827,40287864,1434402,2463143,40266096.0000,1435404.5000,2447885.2500,-32768,-32768,-110
01:18:03,2004.34,37.14,3.25,3276.70,0.00,36.5503,36.3782,36.3916,36.2011,40292746,1434017,2472748,40268368.0000,1435194.1250,2449387.7500,-32768,-32768,-110
01:18:05,2009.78,37.16,3.24,3276.70,0.00,36.5753,36.3843,36.3980,36.2073,40292845,1434195,2464270,40269844.0000,1435135.3750,2450260.2500,-32768,-32768,-110
01:18:07,2004.34,37.17,3.24,3276.70,0.00,36.5753,36.4027,36.3980,36.2318,40294522,1434045,2472310,40272000.0000,1435038.8750,2451994.2500,-32768,-32768,-110
01:18:09,2004.34,37.17,3.25,3276.70,0.00,36.6128,36.4027,36.4358,36.2318,40297689,1434047,2467844,40274272.0000,1434955.1250,2453414.5000,-32768,-32768,-110
01:18:11,2009.78,37.21,3.24,3276.70,0.00,36.6252,36.4336,36.4484,36.2318,40298624,1434231,2456964,40275760.0000,1434908.8750,2453683.7500,-32768,-32768,-110
01:18:14,2009.78,37.21,3.24,3276.70,0.00,36.6252,36.4522,36.4484,36.2751,40298624,1433898,2471715,40278012.0000,1434826.5000,2455250.5000,-32768,-32768,-110
01:18:16,2009.78,37.24,3.24,3276.70,0.00,36.6252,36.4708,36.4484,36.3000,40298624,1433835,2472928,40280944.0000,1434725.1250,2456854.0000,-32768,-32768,-110
01:18:19,2004.34,37.26,3.24,3276.70,0.00,36.6252,36.4958,36.5133,36.3187,40303607,1433657,2478163,40282364.0000,1434662.7500,2456854.0000,-32768,-32768,-110
01:18:21,2004.34,37.28,3.24,3276.70,0.00,36.7043,36.5084,36.5270,36.3313,40307144,1433663,2474668,40283860.0000,1434662.7500,2456854.0000,-32768,-32768,-110
01:18:22,2004.34,37.30,3.24,3276.70,0.00,36.7230,36.5273,36.5466,36.3503,40307403,1433294,2486155,40285864.0000,1434499.7500,2461104.0000,-32768,-32768,-110
01:18:24,2004.34,37.31,3.24,3276.70,0.00,36.7364,36.5399,36.5466,36.3629,40310680,1433442,2476969,40287308.0000,1434426.3750,2462896.7500,-32768,-32768,-110
01:18:26,2004.34,37.33,3.24,3276.70,0.00,36.7432,36.5462,36.5666,36.3692,40311443,1433544,2478100,40288804.0000,1434369.7500,2463372.0000,-32768,-32768,-110
01:18:27,2004.34,37.34,3.24,3276.70,0.00,36.7558,36.5589,36.5798,36.3820,40312153,1433274,2480016,40289536.0000,1434335.5000,2463892.0000,-32768,-32768,-110
01:18:29,2004.34,37.36,3.24,3276.70,0.00,36.7688,36.5715,36.5798,36.3947,40312913,1433297,2481760,40291644.0000,1434237.1250,2465473.7500,-32768,-32768,-110
01:18:30,2004.34,37.37,3.24,3276.70,0.00,36.7824,36.5843,36.6060,36.4074,40314820,1433317,2480785,40292368.0000,1434208.3750,2465952.2500,-32768,-32768,-110
01:18:31,2004.34,37.37,3.24,3276.70,0.00,36.7893,36.5907,36.6126,36.4138,40315377,1433287,2470934,40293776.0000,1434208.3750,2466303.0000,-32768,-32768,-110
01:18:34,2009.78,37.39,3.24,3276.70,0.00,36.7893,36.6098,36.6126,36.4395,40316952,1433287,2470934,40296572.0000,1434027.3750,2468107.2500,-32768,-32768,-110
01:18:35,2009.78,37.41,3.23,3276.70,0.00,36.8288,36.6291,36.6524,36.4395,40317101,1433212,2474771,40297212.0000,1434002.0000,2468315.5000,-32768,-32768,-110
01:18:37,2009.78,37.42,3.23,3276.70,0.00,36.8349,36.6355,36.6587,36.4395,40320364,1432913,2485241,40298600.0000,1433933.5000,2469359.5000,-32768,-32768,-110
01:18:39,2009.78,37.43,3.23,3276.70,0.00,36.8553,36.6548,36.6786,36.4781,40322422,1432998,2485241,40300008.0000,1433933.5000,2471288.5000,-32768,-32768,-110
01:18:41,2009.78,37.45,3.24,3276.70,0.00,36.8679,36.6548,36.6919,36.4975,40323654,1432715,2488810,40302160.0000,1433781.6250,2471288.5000,-32768,-32768,-110
01:18:43,2009.78,37.46,3.24,3276.70,0.00,36.8679,36.6870,36.7112,36.5104,40326041,1432664,2495721,40304296.0000,1433681.0000,2474372.7500,-32768,-32768,-110
01:18:45,2004.34,37.48,3.23,3276.70,0.00,36.8679,36.7064,36.7312,36.5298,40327008,1432579,2495721,40305688.0000,1433616.7500,2475395.7500,-32768,-32768,-110
01:18:47,2009.78,37.49,3.23,3276.70,0.00,36.9208,36.7064,36.7312,36.5493,40329406,1432579,2483905,40307708.0000,1433523.5000,2476432.2500,-32768,-32768,-110
01:18:49,2009.78,37.52,3.24,3276.70,0.00,36.9338,36.7323,36.7581,36.5558,40330743,1432522,2493184,40308428.0000,1433492.1250,2476955.7500,-32768,-32768,-110
01:18:51,2004.34,37.52,3.24,3276.70,0.00,36.9535,36.7518,36.7773,36.5753,40333672,1432535,2491326,40310560.0000,1433399.0000,2478394.2500,-32768,-32768,-110
01:18:53,2009.78,37.54,3.23,3276.70,0.00,36.9668,36.7648,36.7904,36.5882,40332847,1432535,2491326,40310560.0000,1433399.0000,2479838.7500,-32768,-32768,-110
01:18:55,2004.34,37.56,3.23,3276.70,0.00,36.9668,36.7648,36.8095,36.5882,40335688,1431915,2509062,40314616.0000,1433193.2500,2482076.7500,-32768,-32768,-110
01:18:57,2004.34,37.58,3.23,3276.70,0.00,37.0055,36.8037,36.8291,36.6271,40339500,1432116,2500378,40316080.0000,1433128.3750,2483148.0000,-32768,-32768,-110
01:18:59,2009.78,37.58,3.23,3276.70,0.00,37.0055,36.8037,36.8421,36.6271,40340158,1432172,2491616,40318196.0000,1433038.7500,2484219.7500,-32768,-32768,-110
01:19:01,2009.78,37.61,3.23,3276.70,0.00,37.0321,36.8296,36.8553,36.6531,40340613,1432172,2504556,40319560.0000,1432961.2500,2485390.5000,-32768,-32768,-110
01:19:03,2009.78,37.63,3.24,3276.70,0.00,37.0321,36.8426,36.8553,36.6726,40340613,1431987,2503787,40321672.0000,1432961.2500,2486985.0000,-32768,-32768,-110
01:19:05,2004.34,37.65,3.24,3276.70,0.00,37.0713,36.8687,36.8947,36.6921,40344430,1431876,2505137,40323064.0000,1432808.6250,2488088.7500,-32768,-32768,-110
01:19:08,2004.34,37.66,3.23,3276.70,0.00,37.0713,36.8818,36.8947,36.7117,40344430,1431740,2505706,40325692.0000,1432670.7500,2490743.0000,-32768,-32768,-110
01:19:09,2004.34,37.68,3.23,3276.70,0.00,37.1043,36.9013,36.9279,36.7248,40347912,1431575,2506864,40325692.0000,1432670.7500,2491777.5000,-32768,-32768,-110
01:19:12,2009.78,37.71,3.23,3276.70,0.00,37.1043,36.9209,36.9483,36.7444,40348440,1431539,2506864,40328944.0000,1432505.2500,2492895.7500,-32768,-32768,-110
01:19:14,2009.78,37.72,3.23,3276.70,0.00,37.1378,36.9340,36.9483,36.7575,40351465,1431539,2506864,40330340.0000,1432431.7500,2493918.0000,-32768,-32768,-110
01:19:17,2004.34,37.72,3.23,3276.70,0.00,37.1577,36.9340,36.9483,36.7838,40351465,1431296,2512514,40333164.0000,1432316.8750,2495439.2500,-32768,-32768,-110
01:19:18,2004.34,37.76,3.23,3276.70,0.00,37.1782,36.9735,37.0027,36.7970,40356540,1431276,2512512,40333896.0000,1432284.3750,2495972.7500,-32768,-32768,-110
01:19:20,2004.34,37.77,3.23,3276.70,0.00,37.1916,36.9866,37.0162,36.8103,40357285,1431052,2512512,40333896.0000,1432170.2500,2497643.0000,-32768,-32768,-110
01:19:20,2004.34,37.78,3.23,3276.70,0.00,37.1982,36.9932,37.0300,36.8236,40356470,1431099,2516028,40336644.0000,1432136.7500,2498217.5000,-32768,-32768,-110
01:19:23,2004.34,37.80,3.23,3276.70,0.00,37.2117,37.0064,37.0300,36.8302,40356470,1430639,2524554,40337980.0000,1432055.2500,2499566.2500,-32768,-32768,-110
01:19:24,2009.78,37.81,3.23,3276.70,0.00,37.2322,37.0263,37.0573,36.8502,40362461,1431034,2516071,40339420.0000,1431985.1250,2500905.0000,-32768,-32768,-110
01:19:26,2009.78,37.81,3.23,3276.70,0.00,37.2455,37.0396,37.0714,36.8635,40360438,1430930,2518191,40340736.0000,1431985.1250,2500905.0000,-32768,-32768,-110
01:19:28,2004.34,37.84,3.23,3276.70,0.00,37.2598,37.0529,37.0852,36.8769,40363958,1430908,2521099,40342072.0000,1431860.5000,2502985.0000,-32768,-32768,-110
01:19:30,2004.34,37.85,3.23,3276.70,0.00,37.2731,37.0529,37.1061,36.8971,40365093,1430750,2520990,40342072.0000,1431768.8750,2504604.0000,-32768,-32768,-110
01:19:31,2004.34,37.86,3.22,3276.70,0.00,37.2938,37.0862,37.1198,36.9105,40366625,1430667,2521121,40345524.0000,1431704.0000,2505660.7500,-32768,-32768,-110
01:19:34,2009.78,37.88,3.23,3276.70,0.00,37.2938,37.0996,37.1334,36.9240,40368463,1430564,2523463,40346856.0000,1431633.3750,2506747.5000,-32768,-32768,-110
01:19:35,2009.78,37.90,3.23,3276.70,0.00,37.3208,37.1129,37.1474,36.9375,40370598,1430486,2523463,40348964.0000,1431534.2500,2508323.2500,-32768,-32768,-110
01:19:37,2004.34,37.90,3.23,3276.70,0.00,37.3343,37.1263,37.1474,36.9578,40370598,1430425,2525263,40351080.0000,1431430.3750,2509883.5000,-32768,-32768,-110
01:19:39,2009.78,37.92,3.22,3276.70,0.00,37.3554,37.1464,37.1815,36.9713,40372144,1430425,2529442,40352360.0000,1431359.5000,2511003.0000,-32768,-32768,-110
01:19:41,2009.78,37.94,3.22,3276.70,0.00,37.3554,37.1666,37.2023,36.9916,40375289,1430223,2528243,40353708.0000,1431291.1250,2512058.0000,-32768,-32768,-110
01:19:43,2009.78,37.96,3.22,3276.70,0.00,37.3899,37.1666,37.2157,37.0052,40375289,1430223,2533034,40355848.0000,1431189.8750,2513612.0000,-32768,-32768,-110
01:19:45,2009.78,37.98,3.23,3276.70,0.00,37.3899,37.2004,37.2365,37.0255,40379359,1430141,2531741,40357252.0000,1431126.3750,2514725.2500,-32768,-32768,-110
01:19:47,2009.78,37.98,3.22,3276.70,0.00,37.3899,37.2139,37.2365,37.0391,40382185,1430023,2533860,40359424.0000,1431029.5000,2516353.2500,-32768,-32768,-110
01:19:49,2004.34,37.98,3.22,3276.70,0.00,37.4381,37.2274,37.2642,37.0527,40380238,1429874,2534032,40360076.0000,1431029.5000,2516353.2500,-32768,-32768,-110
01:19:50,2004.34,38.02,3.22,3276.70,0.00,37.4523,37.2410,37.2642,37.0663,40379652,1429792,2537128,40361836.0000,1430882.3750,2518565.0000,-32768,-32768,-110
01:19:53,2004.34,38.03,3.22,3276.70,0.00,37.4523,37.2410,37.2977,37.0663,40383287,1429792,2535736,40363136.0000,1430882.3750,2520104.0000,-32768,-32768,-110
01:19:56,2004.34,38.06,3.22,3276.70,0.00,37.4523,37.2818,37.2977,37.1138,40383287,1429580,2538793,40366552.0000,1430647.8750,2522344.5000,-32768,-32768,-110
01:19:58,2004.34,38.08,3.22,3276.70,0.00,37.4523,37.2818,37.3378,37.1138,40388734,1429395,2540187,40366552.0000,1430647.8750,2523440.7500,-32768,-32768,-110
01:20:00,2004.34,38.10,3.22,3276.70,0.00,37.5339,37.3226,37.3586,37.1477,40386473,1429395,2540187,40369656.0000,1430465.8750,2524955.5000,-32768,-32768,-110
01:20:02,2004.34,38.11,3.22,3276.70,0.00,37.5339,37.3430,37.3799,37.1681,40389958,1429196,2543375,40370868.0000,1430391.1250,2526047.0000,-32768,-32768,-110
01:20:04,2009.78,38.13,3.22,3276.70,0.00,37.5339,37.3566,37.3799,37.1885,40395280,1429278,2545564,40372888.0000,1430289.8750,2527771.5000,-32768,-32768,-110
01:20:07,2004.34,38.16,3.22,3276.70,0.00,37.5339,37.3769,37.3799,37.2087,40395280,1429158,2546409,40374996.0000,1430191.3750,2529425.2500,-32768,-32768,-110
01:20:10,2009.78,38.19,3.21,3276.70,0.00,37.5339,37.4039,37.3799,37.2356,40394900,1429158,2548151,40377476.0000,1430012.2500,2532174.2500,-32768,-32768,-110
01:20:12,2009.78,38.21,3.21,3276.70,0.00,37.5339,37.4308,37.3799,37.2557,40398582,1428837,2550507,40379376.0000,1429943.6250,2533307.0000,-32768,-32768,-110
01:20:14,2009.78,38.22,3.21,3276.70,0.00,37.6454,37.4375,37.4695,37.2623,40399156,1428793,2550507,40380692.0000,1429875.2500,2534396.7500,-32768,-32768,-110
01:20:17,2009.78,38.22,3.22,3276.70,0.00,37.6650,37.4375,37.4958,37.2623,40403601,1428724,2553599,40383432.0000,1429738.5000,2536560.5000,-32768,-32768,-110
01:20:20,2004.34,38.26,3.21,3276.70,0.00,37.6847,37.4776,37.4958,37.3088,40403601,1428500,2554149,40383432.0000,1429630.0000,2538112.0000,-32768,-32768,-110
01:20:21,2009.78,38.28,3.21,3276.70,0.00,37.7114,37.5043,37.5359,37.3288,40403298,1428218,2554604,40386288.0000,1429547.7500,2539124.7500,-32768,-32768,-110
01:20:25,2009.78,38.29,3.21,3276.70,0.00,37.7114,37.5242,37.5359,37.3488,40403298,1428431,2554604,40386288.0000,1429547.7500,2541844.7500,-32768,-32768,-110
01:20:27,2009.78,38.33,3.21,3276.70,0.00,37.7582,37.5508,37.5817,37.3753,40411264,1428173,2554604,40390832.0000,1429290.6250,2542976.5000,-32768,-32768,-110
01:20:29,2009.78,38.33,3.21,3276.70,0.00,37.7705,37.5508,37.6005,37.3952,40412125,1428032,2561216,40390832.0000,1429189.7500,2544516.0000,-32768,-32768,-110
01:20:32,2009.78,38.37,3.20,3276.70,0.00,37.7705,37.5508,37.6139,37.3952,40413038,1427994,2561216,40394608.0000,1429082.0000,2544516.0000,-32768,-32768,-110
01:20:33,2009.78,38.39,3.21,3276.70,0.00,37.8092,37.6039,37.6337,37.4282,40416612,1427938,2565842,40395900.0000,1429082.0000,2547283.5000,-32768,-32768,-110
01:20:36,2009.78,38.41,3.21,3276.70,0.00,37.8092,37.6236,37.6337,37.4479,40416612,1427859,2566474,40398536.0000,1428875.0000,2549359.5000,-32768,-32768,-110
01:20:39,2009.78,38.43,3.21,3276.70,0.00,37.8411,37.6236,37.6721,37.4479,40418645,1427682,2566706,40400368.0000,1428875.0000,2549359.5000,-32768,-32768,-110
01:20:41,2009.78,38.45,3.21,3276.70,0.00,37.8605,37.6564,37.6721,37.4873,40418645,1427430,2569087,40402084.0000,1428650.2500,2552509.2500,-32768,-32768,-110
01:20:42,2009.78,38.47,3.21,3276.70,0.00,37.8802,37.6761,37.7041,37.5004,40422706,1427524,2569516,40402728.0000,1428615.0000,2553040.7500,-32768,-32768,-110
01:20:44,2004.34,38.48,3.21,3276.70,0.00,37.8925,37.6892,37.7238,37.5200,40425210,1427311,2569516,40404772.0000,1428507.6250,2554594.0000,-32768,-32768,-110
01:20:47,2009.78,38.48,3.21,3276.70,0.00,37.9125,37.7089,37.7373,37.5200,40426677,1427311,2569516,40406728.0000,1428403.0000,2556134.7500,-32768,-32768,-110
01:20:48,2009.78,38.51,3.20,3276.70,0.00,37.9252,37.7220,37.7496,37.5462,40426702,1427263,2575513,40406728.0000,1428403.0000,2556134.7500,-32768,-32768,-110
01:20:50,2004.34,38.52,3.20,3276.70,0.00,37.9388,37.7220,37.7496,37.5659,40427121,1426997,2573774,40409196.0000,1428253.6250,2556134.7500,-32768,-32768,-110
01:20:52,2009.78,38.53,3.20,3276.70,0.00,37.9388,37.7612,37.7893,37.5855,40430517,1427053,2575847,40411028.0000,1428149.1250,2559911.7500,-32768,-32768,-110
01:20:54,2009.78,38.55,3.21,3276.70,0.00,37.9388,37.7743,37.7893,37.6052,40433285,1427120,2575674,40412984.0000,1428054.6250,2561458.0000,-32768,-32768,-110
01:20:56,2009.78,38.57,3.21,3276.70,0.00,37.9912,37.7874,37.8150,37.6118,40433891,1426903,2578497,40414228.0000,1427983.5000,2562584.0000,-32768,-32768,-110
01:20:59,2004.34,38.59,3.20,3276.70,0.00,37.9912,37.8071,37.8150,37.6379,40431562,1426658,2576825,40415920.0000,1427870.0000,2564078.0000,-32768,-32768,-110
01:21:00,2009.78,38.61,3.20,3276.70,0.00,38.0234,37.8201,37.8464,37.6379,40437153,1426609,2581703,40417076.0000,1427790.0000,2565187.0000,-32768,-32768,-110
01:21:03,2009.78,38.63,3.20,3276.70,0.00,38.0234,37.8397,37.8464,37.6703,40440057,1426609,2581703,40419084.0000,1427691.6250,2566670.7500,-32768,-32768,-110
01:21:05,2009.78,38.63,3.20,3276.70,0.00,38.0234,37.8591,37.8464,37.6832,40438801,1426609,2584419,40420996.0000,1427588.8750,2568304.5000,-32768,-32768,-110
01:21:07,2009.78,38.67,3.20,3276.70,0.00,38.0726,37.8720,37.8464,37.7026,40438801,1426608,2583381,40422212.0000,1427490.1250,2569843.7500,-32768,-32768,-110
01:21:11,2009.78,38.67,3.20,3276.70,0.00,38.0726,37.8978,37.8464,37.7284,40438801,1426229,2586265,40425156.0000,1427348.8750,2571827.2500,-32768,-32768,-110
01:21:12,2004.34,38.72,3.20,3276.70,0.00,38.1173,37.9171,37.9400,37.7412,40444469,1426269,2588464,40425760.0000,1427315.1250,2572347.2500,-32768,-32768,-110
01:21:13,2009.78,38.73,3.20,3276.70,0.00,38.1295,37.9300,37.9528,37.7540,40448403,1426550,2582689,40427072.0000,1427263.1250,2573182.7500,-32768,-32768,-110
01:21:16,2009.78,38.74,3.20,3276.70,0.00,38.1295,37.9492,37.9528,37.7732,40449121,1426550,2590389,40429632.0000,1427140.3750,2574948.7500,-32768,-32768,-110
01:21:18,2009.78,38.76,3.20,3276.70,0.00,38.1609,37.9620,37.9848,37.7860,40447902,1425979,2591506,40430204.0000,1427140.3750,2575993.2500,-32768,-32768,-110
01:21:19,2009.78,38.78,3.20,3276.70,0.00,38.1801,37.9812,38.0031,37.8051,40450001,1425915,2595301,40431860.0000,1426994.0000,2577044.7500,-32768,-32768,-110
01:21:23,2009.78,38.79,3.19,3276.70,0.00,38.1801,37.9939,38.0031,37.8242,40450001,1425820,2593815,40434444.0000,1426857.2500,2579220.7500,-32768,-32768,-110
01:21:24,2009.78,38.81,3.19,3276.70,0.00,38.2112,38.0130,38.0348,37.8370,40456324,1425833,2597440,40435128.0000,1426857.2500,2580299.7500,-32768,-32768,-110
01:21:26,2009.78,38.83,3.19,3276.70,0.00,38.2232,38.0130,38.0532,37.8370,40457389,1425609,2597580,40437748.0000,1426688.1250,2581829.5000,-32768,-32768,-110
01:21:29,2009.78,38.83,3.19,3276.70,0.00,38.2418,38.0130,38.0711,37.8370,40457691,1425552,2600106,40439536.0000,1426580.2500,2583476.7500,-32768,-32768,-110
01:21:30,2004.34,38.86,3.20,3276.70,0.00,38.2602,38.0637,38.0838,37.8875,40459147,1425512,2601052,40439536.0000,1426546.8750,2584585.2500,-32768,-32768,-110
01:21:32,2004.34,38.87,3.19,3276.70,0.00,38.2666,38.0637,38.0966,37.9002,40459147,1425464,2602482,40441984.0000,1426442.0000,2585683.5000,-32768,-32768,-110
01:21:33,2009.78,38.89,3.19,3276.70,0.00,38.2847,38.0890,38.1083,37.9127,40464122,1425430,2602861,40442676.0000,1426410.3750,2586755.0000,-32768,-32768,-110
01:21:35,2009.78,38.90,3.19,3276.70,0.00,38.2847,38.1016,38.1083,37.9316,40465011,1425425,2602301,40444716.0000,1426318.0000,2587824.2500,-32768,-32768,-110
01:21:37,2009.78,38.91,3.19,3276.70,0.00,38.3087,38.1141,38.1321,37.9379,40465907,1425180,2605654,40446016.0000,1426251.0000,2587824.2500,-32768,-32768,-110
01:21:40,2004.34,38.93,3.20,3276.70,0.00,38.3281,38.1329,38.1321,37.9566,40465907,1425172,2606480,40446016.0000,1426119.6250,2591036.7500,-32768,-32768,-110
01:21:42,2009.78,38.94,3.19,3276.70,0.00,38.3281,38.1516,38.1321,37.9815,40465907,1425172,2608895,40450448.0000,1426026.8750,2592448.2500,-32768,-32768,-110
01:21:45,2009.78,38.96,3.19,3276.70,0.00,38.3281,38.1765,38.1321,38.0001,40471800,1424802,2609587,40451808.0000,1425957.5000,2593905.5000,-32768,-32768,-110
01:21:46,2009.78,38.98,3.19,3276.70,0.00,38.3754,38.1827,38.1991,38.0063,40472328,1424855,2609587,40453088.0000,1425889.3750,2594420.0000,-32768,-32768,-110
01:21:48,2004.34,39.00,3.19,3276.70,0.00,38.3936,38.2013,38.2175,38.0250,40472930,1424696,2602770,40454304.0000,1425821.1250,2594886.7500,-32768,-32768,-110
01:21:49,2009.78,39.01,3.19,3276.70,0.00,38.4064,38.2137,38.2296,38.0373,40472494,1424633,2612832,40455424.0000,1425745.2500,2595983.0000,-32768,-32768,-110
01:21:53,2009.78,39.01,3.19,3276.70,0.00,38.4187,38.2137,38.2472,38.0373,40478221,1424565,2614858,40457916.0000,1425745.2500,2598120.2500,-32768,-32768,-110
01:21:55,2009.78,39.05,3.19,3276.70,0.00,38.4423,38.2137,38.2653,38.0373,40479531,1424558,2611011,40459864.0000,1425522.0000,2598120.2500,-32768,-32768,-110
01:21:57,2009.78,39.07,3.18,3276.70,0.00,38.4600,38.2692,38.2834,38.0927,40481985,1424434,2611011,40459864.0000,1425456.6250,2600538.7500,-32768,-32768,-110
01:21:59,2009.78,39.08,3.18,3276.70,0.00,38.4600,38.2876,38.2834,38.1110,40481985,1424268,2619928,40463552.0000,1425331.8750,2602605.2500,-32768,-32768,-110
01:22:01,2009.78,39.11,3.18,3276.70,0.00,38.4896,38.2998,38.3131,38.1110,40483997,1424341,2619752,40464824.0000,1425267.5000,2603627.0000,-32768,-32768,-110
01:22:02,2009.78,39.11,3.20,3276.70,0.00,38.5011,38.3120,38.3252,38.1110,40484543,1424276,2620830,40465440.0000,1425236.5000,2604164.5000,-32768,-32768,-110
01:22:04,2009.78,39.12,3.20,3276.70,0.00,38.5011,38.3242,38.3252,38.1537,40488593,1424213,2624114,40467368.0000,1425144.7500,2605891.7500,-32768,-32768,-110
01:22:07,2009.78,39.14,3.18,3276.70,0.00,38.5011,38.3425,38.3550,38.1659,40489910,1424114,2622243,40469328.0000,1425056.6250,2607458.0000,-32768,-32768,-110
01:22:08,2009.78,39.16,3.18,3276.70,0.00,38.5504,38.3608,38.3736,38.1842,40488806,1423930,2624249,40470536.0000,1424988.6250,2608558.7500,-32768,-32768,-110
01:22:10,2009.78,39.16,3.18,3276.70,0.00,38.5565,38.3669,38.3797,38.1903,40489892,1423853,2624249,40471772.0000,1424920.1250,2609613.2500,-32768,-32768,-110
01:22:12,2009.78,39.19,3.18,3276.70,0.00,38.5565,38.3852,38.3975,38.2085,40491542,1423770,2627390,40473004.0000,1424821.5000,2611035.0000,-32768,-32768,-110
01:22:14,2009.78,39.19,3.18,3276.70,0.00,38.5855,38.3973,38.4086,38.2206,40496617,1423959,2624888,40474368.0000,1424821.5000,2611980.2500,-32768,-32768,-110
01:22:16,2009.78,39.22,3.18,3276.70,0.00,38.5971,38.4094,38.4203,38.2327,40498576,1423775,2627019,40475816.0000,1424701.5000,2612952.0000,-32768,-32768,-110
01:22:17,2009.78,39.23,3.18,3276.70,0.00,38.6093,38.4215,38.4334,38.2327,40497727,1423655,2627019,40477804.0000,1424638.1250,2613954.0000,-32768,-32768,-110
01:22:19,2009.78,39.24,3.18,3276.70,0.00,38.6280,38.4396,38.4508,38.2629,40495437,1423582,2626251,40478984.0000,1424574.0000,2614867.0000,-32768,-32768,-110
01:22:21,2009.78,39.24,3.18,3276.70,0.00,38.6401,38.4396,38.4629,38.2629,40499959,1423573,2632496,40480784.0000,1424477.1250,2616303.5000,-32768,-32768,-110
01:22:23,2009.78,39.27,3.18,3276.70,0.00,38.6526,38.4699,38.4811,38.2932,40499843,1423501,2632496,40481976.0000,1424418.3750,2617060.2500,-32768,-32768,-110
01:22:26,2009.78,39.29,3.18,3276.70,0.00,38.6526,38.4820,38.4934,38.3053,40503962,1423228,2634408,40483976.0000,1424418.3750,2617060.2500,-32768,-32768,-110
01:22:28,2009.78,39.31,3.18,3276.70,0.00,38.6883,38.5002,38.5111,38.3234,40504758,1423248,2634408,40485840.0000,1424218.0000,2619529.5000,-32768,-32768,-110
01:22:30,2009.78,39.32,3.18,3276.70,0.00,38.6883,38.5182,38.5111,38.3475,40506081,1423085,2637765,40487660.0000,1424120.0000,2621173.0000,-32768,-32768,-110
01:22:32,2004.34,39.34,3.18,3276.70,0.00,38.7173,38.5303,38.5463,38.3595,40509034,1423135,2637500,40488960.0000,1424120.0000,2622278.2500,-32768,-32768,-110
01:22:34,2009.78,39.36,3.18,3276.70,0.00,38.7354,38.5303,38.5579,38.3595,40512005,1422940,2640614,40490964.0000,1423963.3750,2623861.2500,-32768,-32768,-110
01:22:36,2009.78,39.38,3.18,3276.70,0.00,38.7354,38.5664,38.5757,38.3894,40514588,1422960,2636644,40492408.0000,1423963.3750,2623861.2500,-32768,-32768,-110
01:22:39,2009.78,39.39,3.17,3276.70,0.00,38.7354,38.5844,38.5757,38.4134,40513600,1422960,2636644,40495704.0000,1423742.7500,2627372.7500,-32768,-32768,-110
01:22:40,2009.78,39.41,3.18,3276.70,0.00,38.7850,38.5965,38.6066,38.4255,40517347,1422655,2643695,40496384.0000,1423708.7500,2627882.7500,-32768,-32768,-110
01:22:42,2009.78,39.42,3.19,3276.70,0.00,38.7971,38.6086,38.6178,38.4314,40516154,1422594,2643695,40497000.0000,1423674.0000,2628983.5000,-32768,-32768,-110
01:22:45,2009.78,39.43,3.17,3276.70,0.00,38.7971,38.6267,38.6178,38.4494,40516154,1422557,2646908,40499544.0000,1423550.6250,2630513.7500,-32768,-32768,-110
01:22:47,2009.78,39.43,3.17,3276.70,0.00,38.8315,38.6448,38.6529,38.4673,40520950,1422557,2651673,40501440.0000,1423550.6250,2630513.7500,-32768,-32768,-110
01:22:49,2009.78,39.47,3.17,3276.70,0.00,38.8498,38.6628,38.6705,38.4852,40522228,1422486,2649657,40502696.0000,1423391.7500,2633204.0000,-32768,-32768,-110
01:22:51,2009.78,39.50,3.19,3276.70,0.00,38.8618,38.6748,38.6825,38.4972,40523750,1422449,2649657,40504616.0000,1423300.8750,2633204.0000,-32768,-32768,-110
01:22:54,2009.78,39.51,3.19,3276.70,0.00,38.8618,38.6989,38.7059,38.5209,40523750,1422199,2652816,40507196.0000,1423169.3750,2636758.0000,-32768,-32768,-110
01:22:57,2009.78,39.51,3.17,3276.70,0.00,38.9043,38.6989,38.7236,38.5209,40530573,1422178,2652816,40509920.0000,1423169.3750,2638820.7500,-32768,-32768,-110
01:22:59,2009.78,39.56,3.17,3276.70,0.00,38.9210,38.7349,38.7405,38.5565,40530557,1421987,2656065,40510564.0000,1423019.3750,2638820.7500,-32768,-32768,-110
01:23:00,2009.78,39.57,3.17,3276.70,0.00,38.9331,38.7349,38.7522,38.5743,40532182,1421918,2656319,40512508.0000,1422921.8750,2640948.5000,-32768,-32768,-110
01:23:03,2009.78,39.58,3.17,3276.70,0.00,38.9331,38.7588,38.7522,38.5861,40532182,1421910,2653203,40514444.0000,1422921.8750,2642337.5000,-32768,-32768,-110
01:23:05,2009.78,39.61,3.17,3276.70,0.00,38.9690,38.7827,38.7882,38.6039,40537112,1421802,2658281,40515812.0000,1422771.2500,2643118.2500,-32768,-32768,-110
01:23:06,2009.78,39.61,3.17,3276.70,0.00,38.9751,38.7887,38.7882,38.6039,40538086,1421707,2660855,40517208.0000,1422705.1250,2644161.5000,-32768,-32768,-110
01:23:08,2004.34,39.62,3.17,3276.70,0.00,38.9751,38.8068,38.8139,38.6277,40539068,1421681,2655288,40517208.0000,1422705.1250,2645349.0000,-32768,-32768,-110
01:23:10,2009.78,39.62,3.17,3276.70,0.00,39.0126,38.8068,38.8314,38.6457,40542254,1421465,2663988,40520524.0000,1422549.5000,2646469.7500,-32768,-32768,-110
01:23:12,2004.34,39.66,3.17,3276.70,0.00,39.0245,38.8370,38.8437,38.6576,40541640,1421412,2663988,40522480.0000,1422447.8750,2648052.5000,-32768,-32768,-110
01:23:15,2009.78,39.67,3.17,3276.70,0.00,39.0357,38.8370,38.8610,38.6576,40543314,1421423,2665904,40524304.0000,1422357.3750,2648052.5000,-32768,-32768,-110
01:23:17,2009.78,39.69,3.17,3276.70,0.00,39.0357,38.8730,38.8785,38.6934,40546050,1421276,2667208,40525584.0000,1422291.1250,2650751.7500,-32768,-32768,-110
01:23:19,2009.78,39.71,3.17,3276.70,0.00,39.0357,38.8909,38.8968,38.6934,40546797,1421211,2673464,40527536.0000,1422196.3750,2652515.5000,-32768,-32768,-110
01:23:20,2009.78,39.72,3.17,3276.70,0.00,39.0829,38.8969,38.9023,38.6934,40547146,1421190,2668352,40528768.0000,1422131.6250,2653757.5000,-32768,-32768,-110
01:23:22,1998.91,39.73,3.18,3276.70,0.00,39.0951,38.9088,38.9143,38.6934,40548648,1421009,2669974,40529976.0000,1422131.6250,2653757.5000,-32768,-32768,-110
01:23:24,1982.62,39.75,3.16,3276.70,0.00,39.1068,38.9208,38.9260,38.6934,40552903,1421101,2680133,40531324.0000,1421998.7500,2656228.7500,-32768,-32768,-110
01:23:25,1977.19,39.76,3.16,3276.70,0.00,39.1161,38.9385,38.9381,38.7586,40557556,1421625,2671519,40532872.0000,1421969.8750,2657178.2500,-32768,-32768,-110
01:23:27,1966.33,39.77,3.15,3276.70,0.00,39.1229,38.9385,38.9441,38.7699,40557085,1421627,2682068,40534392.0000,1421951.0000,2658408.2500,-32768,-32768,-110
01:23:30,1944.61,39.78,3.15,3276.70,0.00,39.1284,38.9607,38.9441,38.7699,40555719,1421627,2672605,40534392.0000,1421951.0000,2660386.5000,-32768,-32768,-110
01:23:32,1944.61,39.78,3.13,3276.70,0.00,39.1368,38.9813,38.9569,38.8012,40552825,1422258,2673176,40537828.0000,1421968.3750,2661255.5000,-32768,-32768,-110
01:23:34,1933.75,39.80,3.13,3276.70,0.00,39.1368,38.9910,38.9569,38.8155,40549780,1422137,2674551,40538968.0000,1421977.2500,2662425.7500,-32768,-32768,-110
01:23:37,1917.45,39.82,3.13,3276.70,0.00,39.1368,39.0050,38.9675,38.8248,40549780,1422411,2675482,40540280.0000,1422007.3750,2663151.5000,-32768,-32768,-110
01:23:38,1906.59,39.83,3.12,3276.70,0.00,39.1566,39.0185,38.9745,38.8381,40556774,1422648,2676012,40541280.0000,1422043.5000,2663950.7500,-32768,-32768,-110
01:23:40,1901.16,39.83,3.10,3276.70,0.00,39.1587,39.0229,38.9745,38.8381,40556503,1422936,2666365,40542284.0000,1422097.0000,2664145.2500,-32768,-32768,-110
01:23:43,1884.87,39.84,3.09,3276.70,0.00,39.1587,39.0356,38.9745,38.8591,40553592,1422936,2666365,40543804.0000,1422180.1250,2664145.2500,-32768,-32768,-110
01:23:45,1868.58,39.86,3.09,3276.70,0.00,39.1739,39.0478,38.9934,38.8672,40558549,1423205,2666365,40543804.0000,1422180.1250,2664145.2500,-32768,-32768,-110
01:23:46,1852.29,39.86,3.08,3276.70,0.00,39.1773,39.0557,38.9955,38.8751,40558593,1423381,2677656,40545448.0000,1422301.8750,2666686.0000,-32768,-32768,-110
01:23:48,1846.86,39.86,3.07,3276.70,0.00,39.1819,39.0670,39.0002,38.8862,40559169,1423601,2676411,40546256.0000,1422379.8750,2667266.5000,-32768,-32768,-110
01:23:50,1830.56,39.87,3.06,3276.70,0.00,39.1819,39.0741,39.0002,38.8862,40558836,1423865,2678539,40547416.0000,1422510.7500,2668314.7500,-32768,-32768,-110
01:23:52,1819.70,39.88,3.06,3276.70,0.00,39.1864,39.0809,39.0038,38.9000,40558154,1423960,2679248,40548088.0000,1422510.7500,2669007.0000,-32768,-32768,-110
01:23:55,1803.41,39.89,3.04,3276.70,0.00,39.1864,39.0907,39.0038,38.9128,40558154,1424131,2683966,40549568.0000,1422510.7500,2670311.5000,-32768,-32768,-110
01:23:56,1792.55,39.89,3.02,3276.70,0.00,39.1989,39.1032,39.0195,38.9222,40564427,1424539,2679781,40550384.0000,1422896.1250,2671110.0000,-32768,-32768,-110
01:23:59,1781.69,39.90,3.02,3276.70,0.00,39.1989,39.1092,39.0195,38.9314,40562296,1424634,2685612,40551712.0000,1423058.7500,2672055.0000,-32768,-32768,-110
01:24:01,1759.97,39.91,3.02,3276.70,0.00,39.2088,39.1152,39.0195,38.9373,40562296,1425236,2680523,40553208.0000,1423236.1250,2673043.7500,-32768,-32768,-110
01:24:02,1754.53,39.92,3.00,3276.70,0.00,39.2155,39.1241,39.0319,38.9430,40568710,1425368,2680523,40553208.0000,1423302.7500,2673258.0000,-32768,-32768,-110
01:24:04,1749.10,39.92,3.00,3276.70,0.00,39.2155,39.1298,39.0319,38.9515,40568636,1425524,2681672,40554976.0000,1423489.0000,2674515.0000,-32768,-32768,-110
01:24:07,1727.38,39.92,2.99,3276.70,0.00,39.2232,39.1355,39.0397,38.9542,40571788,1425612,2681672,40556024.0000,1423489.0000,2674515.0000,-32768,-32768,-110
01:24:09,1716.52,39.93,2.99,3276.70,0.00,39.2232,39.1465,39.0497,38.9650,40575113,1426097,2683399,40557492.0000,1423889.7500,2674515.0000,-32768,-32768,-110
01:24:11,1705.66,39.93,2.97,3276.70,0.00,39.2356,39.1519,39.0533,38.9704,40572095,1425992,2682181,40558472.0000,1423955.5000,2676700.2500,-32768,-32768,-110
01:24:13,1694.80,39.93,2.96,3276.70,0.00,39.2386,39.1571,39.0548,38.9755,40574026,1426159,2683209,40559856.0000,1423955.5000,2676700.2500,-32768,-32768,-110
01:24:14,1683.94,39.94,2.95,3276.70,0.00,39.2427,39.1623,39.0603,38.9806,40574673,1426548,2685050,40560320.0000,1424234.6250,2677874.7500,-32768,-32768,-110
01:24:17,1673.07,39.94,2.95,3276.70,0.00,39.2427,39.1700,39.0603,38.9908,40574673,1426626,2685050,40562352.0000,1424574.0000,2679433.0000,-32768,-32768,-110
01:24:19,1673.07,39.95,2.95,3276.70,0.00,39.2606,39.1779,39.0780,38.9960,40577172,1426735,2692160,40563264.0000,1424707.6250,2680008.0000,-32768,-32768,-110
01:24:20,1651.35,39.95,2.94,3276.70,0.00,39.2680,39.1833,39.0865,38.9960,40579670,1426689,2692160,40564296.0000,1424835.3750,2680623.5000,-32768,-32768,-110
01:24:23,1635.06,39.96,2.94,3276.70,0.00,39.2680,39.1914,39.0865,39.0125,40582871,1426689,2695095,40566024.0000,1425059.7500,2681423.2500,-32768,-32768,-110
01:24:25,1629.63,39.97,2.91,3276.70,0.00,39.2813,39.1968,39.1011,39.0152,40584037,1427396,2686666,40567152.0000,1425059.7500,2682043.2500,-32768,-32768,-110
01:24:27,1607.91,39.97,2.90,3276.70,0.00,39.2813,39.2048,39.1011,39.0261,40584037,1427797,2698965,40569240.0000,1425507.2500,2683289.7500,-32768,-32768,-110
01:24:29,1602.48,39.97,2.89,3276.70,0.00,39.2929,39.2127,39.1118,39.0313,40587995,1428062,2687824,40569828.0000,1425587.0000,2683431.5000,-32768,-32768,-110
01:24:31,1597.05,39.98,2.89,3276.70,0.00,39.2980,39.2178,39.1179,39.0365,40589889,1428241,2688401,40571060.0000,1425748.7500,2683740.0000,-32768,-32768,-110
01:24:33,1580.75,39.98,2.88,3276.70,0.00,39.2980,39.2256,39.1179,39.0365,40591349,1428372,2689497,40573380.0000,1425748.7500,2683740.0000,-32768,-32768,-110
01:24:35,1569.89,39.98,2.87,3276.70,0.00,39.3164,39.2336,39.1179,39.0523,40594956,1428583,2698443,40574752.0000,1426222.1250,2685174.0000,-32768,-32768,-110
01:24:38,1559.03,39.98,2.87,3276.70,0.00,39.3164,39.2415,39.1179,39.0603,40600139,1429005,2691295,40576828.0000,1426448.1250,2686075.2500,-32768,-32768,-110
01:24:40,1515.59,39.98,2.85,3276.70,0.00,39.3281,39.2442,39.1179,39.0656,40600139,1429060,2691295,40579052.0000,1426448.1250,2687328.5000,-32768,-32768,-110
01:24:43,1493.86,39.98,2.85,3276.70,0.00,39.3281,39.2570,39.1500,39.0758,40607593,1430172,2693432,40581648.0000,1426448.1250,2687328.5000,-32768,-32768,-110
01:24:45,1488.43,39.98,2.85,3276.70,0.00,39.3270,39.2613,39.1459,39.0801,40605809,1430371,2693432,40581648.0000,1427300.5000,2688642.5000,-32768,-32768,-110
01:24:46,1493.86,39.98,2.79,3276.70,0.00,39.3241,39.2670,39.1459,39.0859,40604806,1430786,2693432,40585220.0000,1427520.3750,2688831.5000,-32768,-32768,-110
01:24:49,1510.16,39.98,2.81,3276.70,0.00,39.3248,39.2670,39.1459,39.0918,40585436,1429496,2690594,40585568.0000,1427712.5000,2688831.5000,-32768,-32768,-110
01:24:52,1537.31,39.98,2.81,3276.70,0.00,39.3369,39.2759,39.1459,39.0983,40585436,1428587,2695418,40586408.0000,1427899.7500,2689790.5000,-32768,-32768,-110
01:24:56,1548.17,39.98,2.83,3276.70,0.00,39.3715,39.2759,39.2042,39.0983,40603595,1428587,2703065,40587604.0000,1427946.0000,2690424.0000,-32768,-32768,-110
01:24:58,1564.46,39.98,2.83,3276.70,0.00,39.4068,39.3022,39.2414,39.1233,40622405,1428587,2703065,40590316.0000,1428012.5000,2691308.7500,-32768,-32768,-110
01:24:59,1575.32,39.97,2.83,3276.70,0.00,39.4312,39.3098,39.2596,39.1314,40624295,1428563,2705908,40592432.0000,1428057.7500,2691996.5000,-32768,-32768,-110
01:25:02,1597.05,39.97,2.83,3276.70,0.00,39.4312,39.3224,39.2596,39.1446,40622865,1428563,2705908,40596112.0000,1428045.1250,2693228.0000,-32768,-32768,-110
01:25:04,1607.91,39.98,2.81,3276.70,0.00,39.4750,39.3315,39.3042,39.1541,40621841,1427325,2707440,40596916.0000,1428022.6250,2693672.0000,-32768,-32768,-110
01:25:05,1618.77,39.98,2.81,3276.70,0.00,39.4919,39.3411,39.3218,39.1642,40628135,1427536,2705207,40598808.0000,1428022.6250,2694917.5000,-32768,-32768,-110
01:25:07,1629.63,39.98,2.79,3276.70,0.00,39.5004,39.3460,39.3302,39.1642,40632276,1427536,2712321,40601840.0000,1427947.6250,2694917.5000,-32768,-32768,-110
01:25:09,1635.06,39.98,2.79,3276.70,0.00,39.5232,39.3614,39.3542,39.1642,40632276,1427808,2705969,40604152.0000,1427931.2500,2696620.0000,-32768,-32768,-110
01:25:12,1662.21,39.97,2.78,3276.70,0.00,39.5232,39.3772,39.3542,39.2075,40632276,1428120,2704431,40609204.0000,1427931.2500,2696620.0000,-32768,-32768,-110
01:25:14,1683.94,39.97,2.78,3276.70,0.00,39.5668,39.3987,39.3998,39.2244,40652701,1428120,2704431,40611972.0000,1427939.0000,2698596.5000,-32768,-32768,-110
01:25:17,1705.66,39.96,2.78,3276.70,0.00,39.5668,39.4096,39.3998,39.2414,40639357,1427194,2705104,40611972.0000,1427939.0000,2699800.7500,-32768,-32768,-110
01:25:18,1716.52,39.96,2.77,3276.70,0.00,39.5973,39.4261,39.4311,39.2529,40635060,1426498,2711916,40616104.0000,1427802.3750,2700179.2500,-32768,-32768,-110
01:25:20,1732.81,39.96,2.79,3276.70,0.00,39.6140,39.4426,39.4475,39.2701,40641540,1427010,2704191,40618116.0000,1427802.3750,2701330.2500,-32768,-32768,-110
01:25:21,1738.24,39.96,2.83,3276.70,0.00,39.6183,39.4480,39.4521,39.2758,40643989,1427182,2715478,40619872.0000,1427673.0000,2701772.2500,-32768,-32768,-110
01:25:24,1759.97,39.96,2.85,3276.70,0.00,39.6267,39.4480,39.4616,39.2758,40655876,1427627,2710285,40621964.0000,1427661.6250,2702476.7500,-32768,-32768,-110
01:25:24,1765.40,39.95,2.85,3276.70,0.00,39.6378,39.4748,39.4740,39.3036,40657658,1427504,2717078,40624248.0000,1427661.2500,2703109.0000,-32768,-32768,-110
01:25:26,1787.12,39.95,2.85,3276.70,0.00,39.6423,39.4748,39.4778,39.3036,40652840,1427288,2717689,40626112.0000,1427640.0000,2703986.7500,-32768,-32768,-110
01:25:29,1803.41,39.95,2.87,3276.70,0.00,39.6423,39.4953,39.4778,39.3303,40649178,1427368,2719038,40628352.0000,1427609.8750,2705629.2500,-32768,-32768,-110
01:25:31,1825.13,39.95,2.90,3276.70,0.00,39.6652,39.4953,39.5074,39.3460,40649632,1427402,2717818,40630368.0000,1427597.3750,2706775.5000,-32768,-32768,-110
01:25:32,1830.56,39.93,2.93,3276.70,0.00,39.6730,39.5202,39.5117,39.3460,40650183,1427383,2720299,40631592.0000,1427584.2500,2707668.7500,-32768,-32768,-110
01:25:34,1846.86,39.93,2.93,3276.70,0.00,39.6808,39.5300,39.5199,39.3614,40651901,1427366,2720129,40632224.0000,1427577.3750,2708058.0000,-32768,-32768,-110
01:25:36,1863.15,39.93,2.95,3276.70,0.00,39.6863,39.5441,39.5274,39.3761,40662003,1427401,2729431,40634536.0000,1427561.1250,2709703.0000,-32768,-32768,-110
01:25:38,1874.01,39.93,2.95,3276.70,0.00,39.6863,39.5532,39.5329,39.3857,40667873,1427392,2721920,40637444.0000,1427561.6250,2710846.5000,-32768,-32768,-110
01:25:40,1890.30,39.92,2.96,3276.70,0.00,39.6863,39.5620,39.5329,39.3993,40666260,1427419,2724286,40639160.0000,1427556.6250,2711557.2500,-32768,-32768,-110
01:25:43,1912.02,39.92,2.95,3276.70,0.00,39.7023,39.5620,39.5433,39.4123,40668820,1427956,2723801,40641824.0000,1427580.7500,2711557.2500,-32768,-32768,-110
01:25:44,1922.88,39.92,2.94,3276.70,0.00,39.7064,39.5863,39.5460,39.4204,40672088,1427956,2723801,40644564.0000,1427647.5000,2713068.7500,-32768,-32768,-110
01:25:47,1950.04,39.90,2.94,3276.70,0.00,39.7086,39.5863,39.5493,39.4204,40674708,1428060,2725646,40647176.0000,1427706.3750,2714041.5000,-32768,-32768,-110
01:25:50,1977.19,39.90,2.94,3276.70,0.00,39.7135,39.5863,39.5542,39.4204,40648698,1426989,2725646,40647532.0000,1427653.1250,2714695.0000,-32768,-32768,-110
01:25:53,2004.34,39.89,2.96,3276.70,0.00,39.7135,39.6179,39.5542,39.4566,40648698,1426924,2722502,40647668.0000,1427653.1250,2715585.7500,-32768,-32768,-110
01:25:55,2031.50,39.89,2.96,3276.70,0.00,39.7135,39.6305,39.5636,39.4662,40657233,1427024,2723914,40648296.0000,1427533.2500,2715585.7500,-32768,-32768,-110
01:25:57,2053.22,39.88,2.96,3276.70,0.00,39.7278,39.6364,39.5636,39.4752,40639553,1426132,2721182,40648276.0000,1427533.2500,2716686.7500,-32768,-32768,-110
01:25:59,2074.94,39.88,2.96,3276.70,0.00,39.7278,39.6448,39.5715,39.4837,40641785,1426497,2721581,40647548.0000,1427345.1250,2716686.7500,-32768,-32768,-110
01:26:03,2112.96,39.88,2.96,3276.70,0.00,39.7278,39.6529,39.5715,39.4919,40641785,1425385,2719554,40645188.0000,1427142.6250,2717651.5000,-32768,-32768,-110
01:26:05,2134.68,39.87,2.96,3276.70,0.00,39.7372,39.6529,39.5771,39.4919,40617334,1425029,2719554,40642844.0000,1426955.0000,2717876.0000,-32768,-32768,-110
01:26:07,2150.97,39.87,2.97,3276.70,0.00,39.7395,39.6696,39.5789,39.5067,40620465,1425184,2720858,40641432.0000,1426955.0000,2717876.0000,-32768,-32768,-110
01:26:09,2161.83,39.87,2.97,3276.70,0.00,39.7395,39.6739,39.5789,39.5133,40632864,1425589,2721768,40640164.0000,1426716.6250,2718315.7500,-32768,-32768,-110
01:26:11,2183.56,39.86,2.96,3276.70,0.00,39.7395,39.6799,39.5789,39.5191,40634397,1425840,2718224,40639504.0000,1426624.1250,2718463.7500,-32768,-32768,-110
01:26:13,2194.42,39.86,2.94,3276.70,0.00,39.7378,39.6834,39.5761,39.5209,40635282,1426012,2721916,40639372.0000,1426605.0000,2718571.7500,-32768,-32768,-110
01:26:15,2210.71,39.86,2.94,3276.70,0.00,39.7378,39.6834,39.5712,39.5209,40640275,1426740,2721629,40639448.0000,1426611.8750,2719006.2500,-32768,-32768,-110
01:26:18,2221.57,39.86,2.90,3276.70,0.00,39.7309,39.6907,39.5712,39.5293,40640275,1427242,2721629,40639648.0000,1426648.6250,2719160.0000,-32768,-32768,-110
01:26:19,2227.00,39.87,2.85,3276.70,0.00,39.7242,39.6939,39.5712,39.5319,40653030,1427869,2723439,40640268.0000,1426712.5000,2719354.0000,-32768,-32768,-110
01:26:23,2194.42,39.87,2.87,3276.70,0.00,39.7242,39.6960,39.5712,39.5333,40653030,1428430,2721846,40642800.0000,1426712.5000,2719354.0000,-32768,-32768,-110
01:26:25,2178.13,39.87,2.82,3276.70,0.00,39.7242,39.6961,39.5712,39.5323,40667618,1429309,2720289,40645012.0000,1426712.5000,2719720.0000,-32768,-32768,-110
01:26:28,2167.26,39.86,2.75,3276.70,0.00,39.7242,39.6918,39.5712,39.5287,40664317,1429292,2716347,40647340.0000,1427384.1250,2719578.5000,-32768,-32768,-110
01:26:30,2150.97,39.86,2.71,3276.70,0.00,39.7242,39.6859,39.5712,39.5228,40656060,1429386,2716346,40647880.0000,1427565.8750,2719212.2500,-32768,-32768,-110
01:26:32,2134.68,39.86,2.69,3276.70,0.00,39.6127,39.6836,39.5712,39.5178,40656060,1429868,2715987,40648808.0000,1427701.3750,2718881.2500,-32768,-32768,-110
01:26:35,2107.53,39.86,2.70,3276.70,0.00,39.5854,39.6836,39.4124,39.5178,40654039,1429868,2715987,40649568.0000,1427990.2500,2717984.7500,-32768,-32768,-110
01:26:38,2069.51,39.84,2.64,3276.70,0.00,39.5854,39.6595,39.3837,39.4960,40654039,1430539,2707655,40649968.0000,1428211.5000,2717220.0000,-32768,-32768,-110
01:26:40,2053.22,39.83,2.66,3276.70,0.00,39.5238,39.6515,39.3837,39.4837,40650428,1430575,2702973,40650072.0000,1428211.5000,2716093.7500,-32768,-32768,-110
01:26:42,2031.50,39.82,2.73,3276.70,0.00,39.4934,39.6379,39.3298,39.4745,40643560,1430328,2703766,40649756.0000,1428480.3750,2715708.5000,-32768,-32768,-110
01:26:44,1998.91,39.81,2.72,3276.70,0.00,39.4934,39.6227,39.3298,39.4745,40638830,1429938,2701025,40648448.0000,1428659.3750,2714065.2500,-32768,-32768,-110
01:26:46,1982.62,39.81,2.73,3276.70,0.00,39.4346,39.6114,39.2760,39.4483,40630322,1429471,2697574,40647384.0000,1428711.3750,2713075.5000,-32768,-32768,-110
01:26:47,1971.76,39.81,2.73,3276.70,0.00,39.4025,39.5933,39.2442,39.4307,40637223,1429637,2697892,40646636.0000,1428768.0000,2712136.7500,-32768,-32768,-110
01:26:50,1939.18,39.81,2.72,3276.70,0.00,39.3925,39.5933,39.2246,39.4307,40637453,1429771,2693134,40645936.0000,1428768.0000,2712136.7500,-32768,-32768,-110
01:26:51,1922.88,39.80,2.72,3276.70,0.00,39.3613,39.5673,39.2073,39.4055,40637897,1429804,2693134,40645408.0000,1428915.7500,2709431.2500,-32768,-32768,-110
01:26:54,1895.73,39.80,2.72,3276.70,0.00,39.3341,39.5673,39.1762,39.4055,40623143,1429693,2689423,40643732.0000,1428981.0000,2707646.2500,-32768,-32768,-110
01:26:56,1863.15,39.79,2.75,3276.70,0.00,39.3341,39.5258,39.1762,39.3578,40623143,1429970,2685395,40641808.0000,1429091.5000,2705251.7500,-32768,-32768,-110
01:26:57,1846.86,39.78,2.73,3276.70,0.00,39.2893,39.5114,39.1323,39.3508,40616029,1429963,2684643,40640272.0000,1429118.7500,2704607.5000,-32768,-32768,-110
01:26:58,1835.99,39.77,2.75,3276.70,0.00,39.2717,39.4969,39.1131,39.3364,40616959,1430235,2685063,40639544.0000,1429153.6250,2703996.7500,-32768,-32768,-110
01:27:00,1825.13,39.77,2.75,3276.70,0.00,39.2610,39.4895,39.1015,39.3291,40616313,1430282,2685491,40638816.0000,1429153.6250,2702722.7500,-32768,-32768,-110
01:27:03,1787.12,39.77,2.76,3276.70,0.00,39.2610,39.4670,39.1015,39.3291,40609880,1430657,2679517,40635364.0000,1429351.6250,2700779.5000,-32768,-32768,-110
01:27:04,1776.26,39.75,2.75,3276.70,0.00,39.2142,39.4670,39.0460,39.2837,40607467,1430997,2675763,40633740.0000,1429351.6250,2700779.5000,-32768,-32768,-110
01:27:07,1754.53,39.75,2.75,3276.70,0.00,39.1879,39.4284,39.0316,39.2683,40601117,1430770,2676633,40631816.0000,1429351.6250,2697373.2500,-32768,-32768,-110
01:27:08,1743.67,39.73,2.75,3276.70,0.00,39.1619,39.4049,39.0107,39.2454,40604524,1431477,2673281,40629284.0000,1429688.0000,2696064.0000,-32768,-32768,-110
01:27:10,1721.95,39.72,2.75,3276.70,0.00,39.1504,39.3893,38.9996,39.2304,40602181,1431607,2674003,40627680.0000,1429688.0000,2696064.0000,-32768,-32768,-110
01:27:13,1700.23,39.72,2.75,3276.70,0.00,39.1412,39.3742,38.9996,39.2086,40602181,1432066,2671907,40624560.0000,1430046.3750,2692171.0000,-32768,-32768,-110
01:27:15,1689.37,39.70,2.75,3276.70,0.00,39.1296,39.3523,38.9773,39.1944,40603368,1432424,2671907,40623252.0000,1430196.5000,2690956.5000,-32768,-32768,-110
01:27:16,1673.07,39.69,2.73,3276.70,0.00,39.1232,39.3382,38.9694,39.1807,40601238,1432496,2671536,40623252.0000,1430343.5000,2689784.0000,-32768,-32768,-110
01:27:17,1662.21,39.69,2.71,3276.70,0.00,39.1191,39.3248,38.9653,39.1675,40601938,1432825,2672804,40621244.0000,1430343.5000,2689784.0000,-32768,-32768,-110
01:27:19,1656.78,39.69,2.71,3276.70,0.00,39.1169,39.3183,38.9631,39.1611,40601381,1433142,2670911,40620032.0000,1430343.5000,2689784.0000,-32768,-32768,-110
01:27:20,1645.92,39.68,2.71,3276.70,0.00,39.1135,39.3057,38.9631,39.1425,40603205,1433465,2671733,40618952.0000,1430756.2500,2689784.0000,-32768,-32768,-110
01:27:22,1645.92,39.68,2.70,3276.70,0.00,39.1110,39.2938,38.9557,39.1367,40603869,1433444,2670063,40617972.0000,1430756.2500,2689784.0000,-32768,-32768,-110
01:27:23,1640.49,39.68,2.70,3276.70,0.00,39.1077,39.2823,38.9523,39.1254,40599379,1433373,2670845,40617392.0000,1430998.3750,2685583.0000,-32768,-32768,-110
01:27:24,1635.06,39.68,2.70,3276.70,0.00,39.1078,39.2768,38.9516,39.1200,40600109,1433365,2668137,40616456.0000,1431146.2500,2684629.2500,-32768,-32768,-110
01:27:26,1607.91,39.68,2.68,3276.70,0.00,39.1117,39.2666,38.9515,39.1200,40600109,1433585,2668137,40616456.0000,1431300.2500,2684629.2500,-32768,-32768,-110
01:27:27,1597.05,39.67,2.68,3276.70,0.00,39.1132,39.2571,38.9515,39.1200,40608442,1434017,2668713,40615180.0000,1431461.1250,2682878.0000,-32768,-32768,-110
01:27:29,1580.75,39.67,2.67,3276.70,0.00,39.1094,39.2438,38.9468,39.0860,40610469,1434603,2670695,40614848.0000,1431461.1250,2681831.2500,-32768,-32768,-110
01:27:31,1564.46,39.66,2.66,3276.70,0.00,39.1025,39.2352,38.9403,39.0771,40610258,1434798,2669567,40614644.0000,1431838.8750,2681448.0000,-32768,-32768,-110
01:27:33,1553.60,39.66,2.65,3276.70,0.00,39.1025,39.2226,38.9330,39.0643,40610551,1435003,2670111,40614296.0000,1432120.0000,2681448.0000,-32768,-32768,-110
01:27:34,1548.17,39.66,2.64,3276.70,0.00,39.0863,39.2143,38.9282,39.0559,40608250,1435012,2670035,40613964.0000,1432296.8750,2679731.2500,-32768,-32768,-110
01:27:36,1531.88,39.66,2.64,3276.70,0.00,39.0830,39.2102,38.9264,39.0519,40608250,1435012,2669724,40613636.0000,1432486.1250,2679060.0000,-32768,-32768,-110
01:27:38,1521.02,39.65,2.62,3276.70,0.00,39.0767,39.2020,38.9264,39.0399,40609406,1435800,2667136,40613404.0000,1432685.1250,2678374.0000,-32768,-32768,-110
01:27:41,1493.86,39.65,2.62,3276.70,0.00,39.0767,39.1903,38.9264,39.0284,40609406,1436230,2667551,40613304.0000,1432984.5000,2677464.5000,-32768,-32768,-110
01:27:44,1488.43,39.65,2.61,3276.70,0.00,39.0767,39.1763,38.9264,39.0177,40609406,1436308,2671119,40613180.0000,1433379.8750,2676449.5000,-32768,-32768,-110
01:27:45,1493.86,39.64,2.60,3276.70,0.00,39.0700,39.1697,38.9093,39.0077,40610656,1436361,2668018,40613024.0000,1433565.5000,2675892.5000,-32768,-32768,-110
01:27:48,1504.72,39.65,2.61,3276.70,0.00,39.0731,39.1637,38.9093,39.0019,40610656,1435769,2670673,40612532.0000,1433776.8750,2675269.5000,-32768,-32768,-110
01:27:50,1526.45,39.65,2.61,3276.70,0.00,39.0849,39.1561,38.9093,38.9947,40610656,1435827,2668411,40612636.0000,1433958.2500,2674567.2500,-32768,-32768,-110
01:27:52,1548.17,39.66,2.62,3276.70,0.00,39.0849,39.1496,38.9093,38.9889,40603238,1434314,2668729,40612120.0000,1434021.0000,2674132.5000,-32768,-32768,-110
01:27:54,1564.46,39.67,2.65,3276.70,0.00,39.1329,39.1482,38.9681,38.9889,40609194,1434068,2668729,40612120.0000,1434021.0000,2673944.0000,-32768,-32768,-110
01:27:56,1580.75,39.68,2.65,3276.70,0.00,39.1627,39.1486,38.9981,38.9882,40615827,1433698,2676785,40612004.0000,1434012.8750,2673944.0000,-32768,-32768,-110
01:27:57,1591.62,39.68,2.66,3276.70,0.00,39.1826,39.1504,39.0178,38.9896,40620317,1433698,2676785,40612440.0000,1433986.8750,2674045.7500,-32768,-32768,-110
01:28:00,1613.34,39.69,2.66,3276.70,0.00,39.2030,39.1504,39.0376,38.9896,40617941,1432657,2679431,40613292.0000,1433911.2500,2674437.2500,-32768,-32768,-110
01:28:02,1635.06,39.70,2.65,3276.70,0.00,39.2030,39.1595,39.0376,39.0005,40608609,1431631,2679232,40612932.0000,1433732.1250,2674776.5000,-32768,-32768,-110
01:28:05,1667.64,39.72,2.69,3276.70,0.00,39.2030,39.1678,39.0376,39.0088,40608609,1431174,2682408,40612388.0000,1433441.1250,2675536.5000,-32768,-32768,-110
01:28:07,1694.80,39.74,2.69,3276.70,0.00,39.2030,39.1812,39.0376,39.0222,40626697,1431536,2684841,40613348.0000,1433262.5000,2676297.7500,-32768,-32768,-110
01:28:10,1727.38,39.76,2.69,3276.70,0.00,39.3083,39.1887,39.1405,39.0259,40620045,1431116,2686970,40613348.0000,1433104.2500,2676907.7500,-32768,-32768,-110
01:28:12,1743.67,39.76,2.71,3276.70,0.00,39.3382,39.2052,39.1706,39.0418,40585773,1428811,2684406,40611168.0000,1432729.1250,2677582.7500,-32768,-32768,-110
01:28:13,1754.53,39.78,2.71,3276.70,0.00,39.3516,39.2139,39.1839,39.0503,40591511,1428693,2688388,40609996.0000,1432484.3750,2677582.7500,-32768,-32768,-110
01:28:14,1759.97,39.79,2.72,3276.70,0.00,39.3645,39.2230,39.1957,39.0590,40603447,1429307,2689772,40609340.0000,1432278.2500,2678912.7500,-32768,-32768,-110
01:28:16,1770.83,39.80,2.72,3276.70,0.00,39.3699,39.2275,39.2014,39.0634,40611598,1429446,2689927,40609408.0000,1432278.2500,2679672.5000,-32768,-32768,-110
01:28:18,1787.12,39.80,2.70,3276.70,0.00,39.3813,39.2368,39.2123,39.0724,40618931,1429768,2692460,40609912.0000,1432278.2500,2680495.7500,-32768,-32768,-110
01:28:20,1803.41,39.83,2.66,3276.70,0.00,39.3813,39.2508,39.2269,39.0860,40627885,1429865,2694088,40611432.0000,1431841.7500,2681326.7500,-32768,-32768,-110
01:28:22,1825.13,39.84,2.67,3276.70,0.00,39.3813,39.2648,39.2406,39.0996,40631474,1429896,2694088,40611432.0000,1431617.5000,2682983.0000,-32768,-32768,-110
01:28:24,1846.86,39.85,2.69,3276.70,0.00,39.4221,39.2743,39.2406,39.1133,40634420,1429479,2696344,40615288.0000,1431497.5000,2683812.2500,-32768,-32768,-110
01:28:27,1884.87,39.85,2.71,3276.70,0.00,39.4221,39.2743,39.2705,39.1227,40625644,1428883,2696085,40615288.0000,1431254.7500,2684941.0000,-32768,-32768,-110
01:28:29,1906.59,39.88,2.72,3276.70,0.00,39.4538,39.2987,39.2705,39.1373,40625644,1427201,2694989,40614604.0000,1430909.8750,2685951.0000,-32768,-32768,-110
01:28:32,1933.75,39.90,2.73,3276.70,0.00,39.4538,39.3191,39.2705,39.1574,40625644,1427375,2700503,40611960.0000,1430471.6250,2687383.5000,-32768,-32768,-110
01:28:34,1944.61,39.92,2.73,3276.70,0.00,39.4538,39.3191,39.3261,39.1574,40614924,1428110,2702311,40611784.0000,1430311.7500,2688278.7500,-32768,-32768,-110
01:28:37,1966.33,39.93,2.70,3276.70,0.00,39.4538,39.3503,39.3261,39.1879,40623896,1428110,2703747,40613268.0000,1430087.3750,2688278.7500,-32768,-32768,-110
01:28:39,1982.62,39.95,2.71,3276.70,0.00,39.5265,39.3707,39.3552,39.2027,40635552,1428765,2703747,40614504.0000,1429963.0000,2691298.2500,-32768,-32768,-110
01:28:41,1993.48,39.95,2.72,3276.70,0.00,39.5334,39.3806,39.3626,39.2124,40640166,1428830,2707546,40616016.0000,1429927.6250,2691806.0000,-32768,-32768,-110
01:28:43,2009.78,39.97,2.70,3276.70,0.00,39.5406,39.3903,39.3626,39.2266,40640166,1428884,2704719,40619272.0000,1429792.7500,2693484.0000,-32768,-32768,-110
01:28:45,2020.64,39.98,2.70,3276.70,0.00,39.5515,39.4046,39.3798,39.2359,40647061,1428912,2704719,40620992.0000,1429738.8750,2694463.7500,-32768,-32768,-110
01:28:47,2031.50,39.98,2.71,3276.70,0.00,39.5609,39.4046,39.3929,39.2540,40649324,1429002,2705125,40623504.0000,1429667.0000,2695548.5000,-32768,-32768,-110
01:28:50,2009.78,40.00,2.71,3276.70,0.00,39.5609,39.4319,39.3929,39.2670,40662487,1429803,2711178,40626672.0000,1429657.3750,2695548.5000,-32768,-32768,-110
01:28:53,2009.78,40.00,2.72,3276.70,0.00,39.5609,39.4443,39.3929,39.2787,40662487,1430716,2711590,40631392.0000,1429762.8750,2698683.5000,-32768,-32768,-110
01:28:55,2009.78,40.00,2.72,3276.70,0.00,39.5634,39.4586,39.3929,39.2787,40664545,1430833,2710292,40634480.0000,1429852.2500,2699840.0000,-32768,-32768,-110
01:28:57,2004.34,40.02,2.73,3276.70,0.00,39.5623,39.4649,39.3927,39.2955,40666261,1430801,2713066,40635472.0000,1429881.8750,2700253.2500,-32768,-32768,-110
01:28:58,2004.34,40.02,2.73,3276.70,0.00,39.5615,39.4649,39.3934,39.3043,40670848,1431202,2711064,40638508.0000,1429997.6250,2701171.0000,-32768,-32768,-110
01:29:00,1998.91,40.03,2.72,3276.70,0.00,39.5624,39.4764,39.3942,39.3071,40670215,1431342,2709691,40639500.0000,1429997.6250,2701789.7500,-32768,-32768,-110
01:29:04,1998.91,40.03,2.71,3276.70,0.00,39.5624,39.4843,39.3942,39.3177,40670215,1431558,2710972,40643940.0000,1430251.2500,2701789.7500,-32768,-32768,-110
01:29:06,1998.91,40.03,2.72,3276.70,0.00,39.5624,39.4937,39.3942,39.3248,40670215,1431588,2711916,40646452.0000,1430374.8750,2703713.7500,-32768,-32768,-110
01:29:08,1998.91,40.03,2.72,3276.70,0.00,39.5691,39.5003,39.4005,39.3315,40674582,1431684,2711916,40646452.0000,1430374.8750,2704407.2500,-32768,-32768,-110
01:29:11,2004.34,40.04,2.72,3276.70,0.00,39.5691,39.5069,39.4005,39.3405,40676911,1431733,2712570,40651304.0000,1430597.5000,2705152.2500,-32768,-32768,-110
01:29:14,1998.91,40.05,2.72,3276.70,0.00,39.5691,39.5134,39.4005,39.3405,40679139,1431707,2712570,40653672.0000,1430694.7500,2705152.2500,-32768,-32768,-110
01:29:16,2004.34,40.05,2.72,3276.70,0.00,39.5854,39.5196,39.4005,39.3536,40679870,1431623,2716042,40656120.0000,1430789.8750,2706730.5000,-32768,-32768,-110
01:29:17,1998.91,40.06,2.71,3276.70,0.00,39.5917,39.5260,39.4259,39.3580,40684492,1431863,2714304,40657744.0000,1430852.7500,2706730.5000,-32768,-32768,-110
01:29:19,2004.34,40.06,2.71,3276.70,0.00,39.5940,39.5281,39.4279,39.3601,40685452,1431838,2715130,40659376.0000,1430852.7500,2707589.0000,-32768,-32768,-110
01:29:21,1998.91,40.07,2.71,3276.70,0.00,39.5940,39.5344,39.4279,39.3687,40686114,1431826,2716659,40661560.0000,1430989.2500,2708398.2500,-32768,-32768,-110
01:29:23,1998.91,40.08,2.72,3276.70,0.00,39.6077,39.5408,39.4402,39.3687,40686114,1431904,2711562,40663320.0000,1431047.2500,2708719.2500,-32768,-32768,-110
01:29:24,1998.91,40.08,2.72,3276.70,0.00,39.6104,39.5429,39.4430,39.3752,40691517,1431923,2712254,40664200.0000,1431074.6250,2709061.5000,-32768,-32768,-110
01:29:26,1998.91,40.09,2.72,3276.70,0.00,39.6141,39.5429,39.4475,39.3796,40691028,1431814,2715744,40665848.0000,1431123.5000,2709061.5000,-32768,-32768,-110
01:29:27,1998.91,40.09,2.71,3276.70,0.00,39.6187,39.5515,39.4515,39.3839,40695059,1431947,2717486,40667524.0000,1431167.8750,2709724.2500,-32768,-32768,-110
